duty_requested,duty_achieved,state_index,repeat,order_index,model,dtype,block_m,block_n,block_k,group_m,num_warps,num_stages,tiles,rows_per_expert,tokens,calls_per_burst,bursts,trials,ms_p50,ms_min,ms_stdev,samples,burst_ms,gap_ms,head_ms,tail_ms,within_burst_ok,sm_clock_load_mhz,sm_clock_start_mhz,sm_clock_end_mhz,clock_samples_mhz,clock_samples,clock_source,clock_level_ok,clock_level_side,clock_drift_ok,clock_drift_direction,reference_clock_mhz,power_w,mem_clock_mhz,host_bound,host_enqueue_ms,host_backlog_iters,warmup_ms,l2_flush,status,detail,instrument,clock_lock_mhz,prov_bandwidth,prov_bandwidth_source,prov_cuda_version,prov_driver_version,prov_git_dirty,prov_git_dirty_files,prov_git_sha,prov_gpu_name,prov_hostname,prov_instrument,prov_iters,prov_missing,prov_provenance_version,prov_python,prov_ridge,prov_ridge_source,prov_sglang,prov_target_ms,prov_torch,prov_triton,prov_utc,prov_vllm,prov_warmup_ms
0.25,0.24989970886377963,0,0,0,mixtral-8x7b,bf16,32,64,64,4,8,4,1,32,128,47,18,3,0.8525760173797607,0.8425279855728149,0.0030106853571366782,828,40.234670201937355,116.90836612025669,0.8523520231246948,0.852512001991272,True,1710.0,1710.0,1710.0,1710 1710 1710 1710 1710 1710 1710 1710 1710 1710 1710 1710 1710 1710 1710 1710 1710 1710,18,nvml,False,high,True,,1470.0,273.66,2619.0,False,14.923751999958768,30.717126076363318,201.02355164289474,True,ok,"LEVEL HIGH (recorded, never an exclusion here): loaded clock 1710 MHz against the 1470 MHz reference. At a duty cycle below 1.0 a HIGH reading is the experiment working, not a cell to drop.","scripts/clock_elasticity.py: bursts of N back-to-back fused_experts calls under one pinned tile, each call L2-flushed and bracketed by its own pre-primed event pair, the FIRST call of every burst discarded as a drained-queue launch, a host-side idle gap after each burst setting the sustained duty cycle, and the SM clock, board power and memory clock read through NVML with the burst still in flight; NOT timing.TIMING_BASIS; LOCK MODE: the SM clock locked per state with nvidia-smi -lgc F,F and read back per burst, one duty in every state, each measured burst's gap sized from that burst",1710,,,13.0,580.105.08,True,1,161f9ec19347efb7aa64ac4c645c527e0d2b46d6,NVIDIA GH200 480GB,192-222-51-98,"scripts/clock_elasticity.py: bursts of N back-to-back fused_experts calls under one pinned tile, each call L2-flushed and bracketed by its own pre-primed event pair, the FIRST call of every burst discarded as a drained-queue launch, a host-side idle gap after each burst setting the sustained duty cycle, and the SM clock, board power and memory clock read through NVML with the burst still in flight; NOT timing.TIMING_BASIS; LOCK MODE: the SM clock locked per state with nvidia-smi -lgc F,F and read back per burst, one duty in every state, each measured burst's gap sized from that burst",,bandwidth=not supplied by caller; bandwidth_source=not supplied by caller; iters=not supplied by caller; ridge=not supplied by caller; ridge_source=not supplied by caller; sglang=package not installed,1,3.12.14,,,,200.0,2.13.0,3.7.1,2026-09-27T08:00:24+00:00,0.27.1,200.0
0.25,0.2498957856365241,0,0,0,mixtral-8x7b,bf16,32,64,64,4,8,4,2,64,256,31,18,3,1.1698240041732788,1.1587200164794922,0.00912173412751151,540,36.47916975286272,106.85742053126158,1.170095980167389,1.172111988067627,True,1710.0,1710.0,1605.0,1710 1710 1635 1710 1605 1710 1710 1710 1710 1710 1695 1710 1710 1710 1710 1620 1710 1605,18,nvml,False,high,False,dropping,1470.0,298.868,2619.0,False,9.940970999650744,22.80622070671897,218.97356808185577,True,ok,"LEVEL HIGH (recorded, never an exclusion here): loaded clock 1710 MHz against the 1470 MHz reference. At a duty cycle below 1.0 a HIGH reading is the experiment working, not a cell to drop.; DRIFT failed, dropping: 1710 -> 1605 MHz over 18 bursts; this cell is EXCLUDED","scripts/clock_elasticity.py: bursts of N back-to-back fused_experts calls under one pinned tile, each call L2-flushed and bracketed by its own pre-primed event pair, the FIRST call of every burst discarded as a drained-queue launch, a host-side idle gap after each burst setting the sustained duty cycle, and the SM clock, board power and memory clock read through NVML with the burst still in flight; NOT timing.TIMING_BASIS; LOCK MODE: the SM clock locked per state with nvidia-smi -lgc F,F and read back per burst, one duty in every state, each measured burst's gap sized from that burst",1710,,,13.0,580.105.08,True,1,161f9ec19347efb7aa64ac4c645c527e0d2b46d6,NVIDIA GH200 480GB,192-222-51-98,"scripts/clock_elasticity.py: bursts of N back-to-back fused_experts calls under one pinned tile, each call L2-flushed and bracketed by its own pre-primed event pair, the FIRST call of every burst discarded as a drained-queue launch, a host-side idle gap after each burst setting the sustained duty cycle, and the SM clock, board power and memory clock read through NVML with the burst still in flight; NOT timing.TIMING_BASIS; LOCK MODE: the SM clock locked per state with nvidia-smi -lgc F,F and read back per burst, one duty in every state, each measured burst's gap sized from that burst",,bandwidth=not supplied by caller; bandwidth_source=not supplied by caller; iters=not supplied by caller; ridge=not supplied by caller; ridge_source=not supplied by caller; sglang=package not installed,1,3.12.14,,,,200.0,2.13.0,3.7.1,2026-09-27T08:00:24+00:00,0.27.1,200.0
0.25,0.24988215414099949,0,0,0,mixtral-8x7b,bf16,32,64,64,4,8,4,3,96,384,20,18,3,1.726095974445343,1.7087680101394653,0.015631409783244204,342,34.74613155259026,102.54518736775935,1.7281919717788696,1.732807993888855,True,1710.0,1710.0,1710.0,1710 1710 1605 1710 1710 1710 1710 1575 1710 1695 1710 1710 1710 1710 1710 1680 1710 1710,18,nvml,False,high,True,,1470.0,299.259,2619.0,False,6.44860249985868,16.202436437084543,244.061088681221,True,ok,"LEVEL HIGH (recorded, never an exclusion here): loaded clock 1710 MHz against the 1470 MHz reference. At a duty cycle below 1.0 a HIGH reading is the experiment working, not a cell to drop.","scripts/clock_elasticity.py: bursts of N back-to-back fused_experts calls under one pinned tile, each call L2-flushed and bracketed by its own pre-primed event pair, the FIRST call of every burst discarded as a drained-queue launch, a host-side idle gap after each burst setting the sustained duty cycle, and the SM clock, board power and memory clock read through NVML with the burst still in flight; NOT timing.TIMING_BASIS; LOCK MODE: the SM clock locked per state with nvidia-smi -lgc F,F and read back per burst, one duty in every state, each measured burst's gap sized from that burst",1710,,,13.0,580.105.08,True,1,161f9ec19347efb7aa64ac4c645c527e0d2b46d6,NVIDIA GH200 480GB,192-222-51-98,"scripts/clock_elasticity.py: bursts of N back-to-back fused_experts calls under one pinned tile, each call L2-flushed and bracketed by its own pre-primed event pair, the FIRST call of every burst discarded as a drained-queue launch, a host-side idle gap after each burst setting the sustained duty cycle, and the SM clock, board power and memory clock read through NVML with the burst still in flight; NOT timing.TIMING_BASIS; LOCK MODE: the SM clock locked per state with nvidia-smi -lgc F,F and read back per burst, one duty in every state, each measured burst's gap sized from that burst",,bandwidth=not supplied by caller; bandwidth_source=not supplied by caller; iters=not supplied by caller; ridge=not supplied by caller; ridge_source=not supplied by caller; sglang=package not installed,1,3.12.14,,,,200.0,2.13.0,3.7.1,2026-09-27T08:00:24+00:00,0.27.1,200.0
0.25,0.2498962208437944,0,0,0,mixtral-8x7b,bf16,32,64,64,4,8,4,4,128,512,17,18,3,2.239824056625366,2.2290239334106445,0.00646776078115569,288,38.292291548517014,113.45552500641861,2.247759997844696,2.2382800579071045,True,1710.0,1710.0,1710.0,1710 1710 1710 1680 1710 1710 1710 1710 1710 1710 1710 1710 1710 1710 1710 1710 1710 1710,18,nvml,False,high,True,,1470.0,283.76,2619.0,False,5.941557999904035,14.356690577684612,229.746239900589,True,ok,"LEVEL HIGH (recorded, never an exclusion here): loaded clock 1710 MHz against the 1470 MHz reference. At a duty cycle below 1.0 a HIGH reading is the experiment working, not a cell to drop.","scripts/clock_elasticity.py: bursts of N back-to-back fused_experts calls under one pinned tile, each call L2-flushed and bracketed by its own pre-primed event pair, the FIRST call of every burst discarded as a drained-queue launch, a host-side idle gap after each burst setting the sustained duty cycle, and the SM clock, board power and memory clock read through NVML with the burst still in flight; NOT timing.TIMING_BASIS; LOCK MODE: the SM clock locked per state with nvidia-smi -lgc F,F and read back per burst, one duty in every state, each measured burst's gap sized from that burst",1710,,,13.0,580.105.08,True,1,161f9ec19347efb7aa64ac4c645c527e0d2b46d6,NVIDIA GH200 480GB,192-222-51-98,"scripts/clock_elasticity.py: bursts of N back-to-back fused_experts calls under one pinned tile, each call L2-flushed and bracketed by its own pre-primed event pair, the FIRST call of every burst discarded as a drained-queue launch, a host-side idle gap after each burst setting the sustained duty cycle, and the SM clock, board power and memory clock read through NVML with the burst still in flight; NOT timing.TIMING_BASIS; LOCK MODE: the SM clock locked per state with nvidia-smi -lgc F,F and read back per burst, one duty in every state, each measured burst's gap sized from that burst",,bandwidth=not supplied by caller; bandwidth_source=not supplied by caller; iters=not supplied by caller; ridge=not supplied by caller; ridge_source=not supplied by caller; sglang=package not installed,1,3.12.14,,,,200.0,2.13.0,3.7.1,2026-09-27T08:00:24+00:00,0.27.1,200.0
0.25,0.24988574915258346,0,0,0,mixtral-8x7b,bf16,32,64,64,4,8,4,5,160,640,13,18,3,2.7930400371551514,2.7779200077056885,0.022669764283046203,216,36.576538602511086,108.50724014281877,2.797263979911804,2.791264057159424,True,1710.0,1710.0,1710.0,1710 1710 1710 1710 1710 1695 1710 1635 1710 1575 1710 1710 1710 1710 1710 1695 1710 1710,18,nvml,False,high,True,,1470.0,298.4555,2619.0,False,4.506328999468678,11.381782626610885,219.47206377983093,True,ok,"LEVEL HIGH (recorded, never an exclusion here): loaded clock 1710 MHz against the 1470 MHz reference. At a duty cycle below 1.0 a HIGH reading is the experiment working, not a cell to drop.","scripts/clock_elasticity.py: bursts of N back-to-back fused_experts calls under one pinned tile, each call L2-flushed and bracketed by its own pre-primed event pair, the FIRST call of every burst discarded as a drained-queue launch, a host-side idle gap after each burst setting the sustained duty cycle, and the SM clock, board power and memory clock read through NVML with the burst still in flight; NOT timing.TIMING_BASIS; LOCK MODE: the SM clock locked per state with nvidia-smi -lgc F,F and read back per burst, one duty in every state, each measured burst's gap sized from that burst",1710,,,13.0,580.105.08,True,1,161f9ec19347efb7aa64ac4c645c527e0d2b46d6,NVIDIA GH200 480GB,192-222-51-98,"scripts/clock_elasticity.py: bursts of N back-to-back fused_experts calls under one pinned tile, each call L2-flushed and bracketed by its own pre-primed event pair, the FIRST call of every burst discarded as a drained-queue launch, a host-side idle gap after each burst setting the sustained duty cycle, and the SM clock, board power and memory clock read through NVML with the burst still in flight; NOT timing.TIMING_BASIS; LOCK MODE: the SM clock locked per state with nvidia-smi -lgc F,F and read back per burst, one duty in every state, each measured burst's gap sized from that burst",,bandwidth=not supplied by caller; bandwidth_source=not supplied by caller; iters=not supplied by caller; ridge=not supplied by caller; ridge_source=not supplied by caller; sglang=package not installed,1,3.12.14,,,,200.0,2.13.0,3.7.1,2026-09-27T08:00:24+00:00,0.27.1,200.0
0.25,0.24988446562140545,0,0,0,mixtral-8x7b,bf16,32,64,64,4,8,4,6,192,768,11,18,3,3.3403199911117554,3.323712110519409,0.014862819330915543,180,36.98033607006073,109.97194122391375,3.3456960320472717,3.340672016143799,True,1710.0,1710.0,1710.0,1710 1710 1710 1710 1710 1710 1710 1710 1710 1710 1710 1710 1710 1710 1710 1710 1680 1710,18,nvml,False,high,True,,1470.0,293.1735,2619.0,False,3.7921785001344688,9.804995787546938,406.53859186172485,True,ok,"LEVEL HIGH (recorded, never an exclusion here): loaded clock 1710 MHz against the 1470 MHz reference. At a duty cycle below 1.0 a HIGH reading is the experiment working, not a cell to drop.","scripts/clock_elasticity.py: bursts of N back-to-back fused_experts calls under one pinned tile, each call L2-flushed and bracketed by its own pre-primed event pair, the FIRST call of every burst discarded as a drained-queue launch, a host-side idle gap after each burst setting the sustained duty cycle, and the SM clock, board power and memory clock read through NVML with the burst still in flight; NOT timing.TIMING_BASIS; LOCK MODE: the SM clock locked per state with nvidia-smi -lgc F,F and read back per burst, one duty in every state, each measured burst's gap sized from that burst",1710,,,13.0,580.105.08,True,1,161f9ec19347efb7aa64ac4c645c527e0d2b46d6,NVIDIA GH200 480GB,192-222-51-98,"scripts/clock_elasticity.py: bursts of N back-to-back fused_experts calls under one pinned tile, each call L2-flushed and bracketed by its own pre-primed event pair, the FIRST call of every burst discarded as a drained-queue launch, a host-side idle gap after each burst setting the sustained duty cycle, and the SM clock, board power and memory clock read through NVML with the burst still in flight; NOT timing.TIMING_BASIS; LOCK MODE: the SM clock locked per state with nvidia-smi -lgc F,F and read back per burst, one duty in every state, each measured burst's gap sized from that burst",,bandwidth=not supplied by caller; bandwidth_source=not supplied by caller; iters=not supplied by caller; ridge=not supplied by caller; ridge_source=not supplied by caller; sglang=package not installed,1,3.12.14,,,,200.0,2.13.0,3.7.1,2026-09-27T08:00:24+00:00,0.27.1,200.0
0.25,0.2498892796126148,0,0,0,mixtral-8x7b,bf16,32,64,64,4,8,4,7,224,896,9,18,3,3.8947359323501587,3.8794240951538086,0.01457272502020475,144,35.25434312555525,104.93863227058318,3.89874404668808,3.8957919478416443,True,1710.0,1710.0,1710.0,1710 1605 1710 1710 1710 1710 1665 1710 1710 1710 1710 1710 1710 1710 1710 1710 1710 1710,18,nvml,False,high,True,,1470.0,290.1345,2619.0,False,3.1185729999378964,8.077739313519714,211.46259117126465,True,ok,"LEVEL HIGH (recorded, never an exclusion here): loaded clock 1710 MHz against the 1470 MHz reference. At a duty cycle below 1.0 a HIGH reading is the experiment working, not a cell to drop.","scripts/clock_elasticity.py: bursts of N back-to-back fused_experts calls under one pinned tile, each call L2-flushed and bracketed by its own pre-primed event pair, the FIRST call of every burst discarded as a drained-queue launch, a host-side idle gap after each burst setting the sustained duty cycle, and the SM clock, board power and memory clock read through NVML with the burst still in flight; NOT timing.TIMING_BASIS; LOCK MODE: the SM clock locked per state with nvidia-smi -lgc F,F and read back per burst, one duty in every state, each measured burst's gap sized from that burst",1710,,,13.0,580.105.08,True,1,161f9ec19347efb7aa64ac4c645c527e0d2b46d6,NVIDIA GH200 480GB,192-222-51-98,"scripts/clock_elasticity.py: bursts of N back-to-back fused_experts calls under one pinned tile, each call L2-flushed and bracketed by its own pre-primed event pair, the FIRST call of every burst discarded as a drained-queue launch, a host-side idle gap after each burst setting the sustained duty cycle, and the SM clock, board power and memory clock read through NVML with the burst still in flight; NOT timing.TIMING_BASIS; LOCK MODE: the SM clock locked per state with nvidia-smi -lgc F,F and read back per burst, one duty in every state, each measured burst's gap sized from that burst",,bandwidth=not supplied by caller; bandwidth_source=not supplied by caller; iters=not supplied by caller; ridge=not supplied by caller; ridge_source=not supplied by caller; sglang=package not installed,1,3.12.14,,,,200.0,2.13.0,3.7.1,2026-09-27T08:00:24+00:00,0.27.1,200.0
0.25,0.24988801840920277,0,0,0,mixtral-8x7b,bf16,32,64,64,4,8,4,8,256,1024,8,18,3,4.439728021621704,4.427584171295166,0.007786634233537093,126,35.69798236423068,106.35312483545931,4.441120147705078,4.436287879943848,True,1710.0,1710.0,1710.0,1710 1680 1710 1710 1710 1710 1710 1710 1665 1710 1710 1710 1710 1710 1710 1665 1710 1710,18,nvml,False,high,True,,1470.0,278.3625,2619.0,False,2.77290499980154,7.340205400491565,214.2047028541565,True,ok,"LEVEL HIGH (recorded, never an exclusion here): loaded clock 1710 MHz against the 1470 MHz reference. At a duty cycle below 1.0 a HIGH reading is the experiment working, not a cell to drop.","scripts/clock_elasticity.py: bursts of N back-to-back fused_experts calls under one pinned tile, each call L2-flushed and bracketed by its own pre-primed event pair, the FIRST call of every burst discarded as a drained-queue launch, a host-side idle gap after each burst setting the sustained duty cycle, and the SM clock, board power and memory clock read through NVML with the burst still in flight; NOT timing.TIMING_BASIS; LOCK MODE: the SM clock locked per state with nvidia-smi -lgc F,F and read back per burst, one duty in every state, each measured burst's gap sized from that burst",1710,,,13.0,580.105.08,True,1,161f9ec19347efb7aa64ac4c645c527e0d2b46d6,NVIDIA GH200 480GB,192-222-51-98,"scripts/clock_elasticity.py: bursts of N back-to-back fused_experts calls under one pinned tile, each call L2-flushed and bracketed by its own pre-primed event pair, the FIRST call of every burst discarded as a drained-queue launch, a host-side idle gap after each burst setting the sustained duty cycle, and the SM clock, board power and memory clock read through NVML with the burst still in flight; NOT timing.TIMING_BASIS; LOCK MODE: the SM clock locked per state with nvidia-smi -lgc F,F and read back per burst, one duty in every state, each measured burst's gap sized from that burst",,bandwidth=not supplied by caller; bandwidth_source=not supplied by caller; iters=not supplied by caller; ridge=not supplied by caller; ridge_source=not supplied by caller; sglang=package not installed,1,3.12.14,,,,200.0,2.13.0,3.7.1,2026-09-27T08:00:24+00:00,0.27.1,200.0
0.25,0.24989453078291676,1,0,1,mixtral-8x7b,bf16,32,64,64,4,8,4,1,32,128,47,18,3,0.8599039912223816,0.850271999835968,0.0034127742560347203,828,40.57641952236494,117.85057114976371,0.8599199950695038,0.8602080047130585,True,1500.0,1500.0,1500.0,1500 1500 1500 1500 1500 1500 1500 1500 1500 1500 1500 1500 1500 1500 1500 1500 1500 1500,18,nvml,True,,True,,1470.0,243.7625,2619.0,False,15.065977999711322,30.82547488594538,202.8056953549385,True,ok,,"scripts/clock_elasticity.py: bursts of N back-to-back fused_experts calls under one pinned tile, each call L2-flushed and bracketed by its own pre-primed event pair, the FIRST call of every burst discarded as a drained-queue launch, a host-side idle gap after each burst setting the sustained duty cycle, and the SM clock, board power and memory clock read through NVML with the burst still in flight; NOT timing.TIMING_BASIS; LOCK MODE: the SM clock locked per state with nvidia-smi -lgc F,F and read back per burst, one duty in every state, each measured burst's gap sized from that burst",1500,,,13.0,580.105.08,True,1,161f9ec19347efb7aa64ac4c645c527e0d2b46d6,NVIDIA GH200 480GB,192-222-51-98,"scripts/clock_elasticity.py: bursts of N back-to-back fused_experts calls under one pinned tile, each call L2-flushed and bracketed by its own pre-primed event pair, the FIRST call of every burst discarded as a drained-queue launch, a host-side idle gap after each burst setting the sustained duty cycle, and the SM clock, board power and memory clock read through NVML with the burst still in flight; NOT timing.TIMING_BASIS; LOCK MODE: the SM clock locked per state with nvidia-smi -lgc F,F and read back per burst, one duty in every state, each measured burst's gap sized from that burst",,bandwidth=not supplied by caller; bandwidth_source=not supplied by caller; iters=not supplied by caller; ridge=not supplied by caller; ridge_source=not supplied by caller; sglang=package not installed,1,3.12.14,,,,200.0,2.13.0,3.7.1,2026-09-27T08:00:24+00:00,0.27.1,200.0
0.25,0.24989386245104292,1,0,1,mixtral-8x7b,bf16,32,64,64,4,8,4,2,64,256,31,18,3,1.3184800148010254,1.3054720163345337,0.005320907326838769,540,41.0677618516816,120.6602422964279,1.3207359910011292,1.31769597530365,True,1500.0,1500.0,1500.0,1500 1500 1500 1500 1500 1500 1500 1500 1500 1500 1500 1500 1500 1500 1500 1500 1500 1500,18,nvml,True,,True,,1470.0,243.8705,2619.0,False,10.055195500171976,23.225254746761667,205.81683206558228,True,ok,,"scripts/clock_elasticity.py: bursts of N back-to-back fused_experts calls under one pinned tile, each call L2-flushed and bracketed by its own pre-primed event pair, the FIRST call of every burst discarded as a drained-queue launch, a host-side idle gap after each burst setting the sustained duty cycle, and the SM clock, board power and memory clock read through NVML with the burst still in flight; NOT timing.TIMING_BASIS; LOCK MODE: the SM clock locked per state with nvidia-smi -lgc F,F and read back per burst, one duty in every state, each measured burst's gap sized from that burst",1500,,,13.0,580.105.08,True,1,161f9ec19347efb7aa64ac4c645c527e0d2b46d6,NVIDIA GH200 480GB,192-222-51-98,"scripts/clock_elasticity.py: bursts of N back-to-back fused_experts calls under one pinned tile, each call L2-flushed and bracketed by its own pre-primed event pair, the FIRST call of every burst discarded as a drained-queue launch, a host-side idle gap after each burst setting the sustained duty cycle, and the SM clock, board power and memory clock read through NVML with the burst still in flight; NOT timing.TIMING_BASIS; LOCK MODE: the SM clock locked per state with nvidia-smi -lgc F,F and read back per burst, one duty in every state, each measured burst's gap sized from that burst",,bandwidth=not supplied by caller; bandwidth_source=not supplied by caller; iters=not supplied by caller; ridge=not supplied by caller; ridge_source=not supplied by caller; sglang=package not installed,1,3.12.14,,,,200.0,2.13.0,3.7.1,2026-09-27T08:00:24+00:00,0.27.1,200.0
0.25,0.24989101276053455,1,0,1,mixtral-8x7b,bf16,32,64,64,4,8,4,3,96,384,20,18,3,1.9454879760742188,1.933087944984436,0.007655785261160868,342,39.11103643973669,115.6020118204433,1.948175996541977,1.941463977098465,True,1500.0,1500.0,1500.0,1500 1500 1500 1500 1500 1500 1500 1500 1500 1500 1500 1500 1500 1500 1500 1500 1500 1500,18,nvml,True,,True,,1470.0,245.33999999999997,2619.0,False,6.554203999712627,16.617776751420365,234.14492774009705,True,ok,,"scripts/clock_elasticity.py: bursts of N back-to-back fused_experts calls under one pinned tile, each call L2-flushed and bracketed by its own pre-primed event pair, the FIRST call of every burst discarded as a drained-queue launch, a host-side idle gap after each burst setting the sustained duty cycle, and the SM clock, board power and memory clock read through NVML with the burst still in flight; NOT timing.TIMING_BASIS; LOCK MODE: the SM clock locked per state with nvidia-smi -lgc F,F and read back per burst, one duty in every state, each measured burst's gap sized from that burst",1500,,,13.0,580.105.08,True,1,161f9ec19347efb7aa64ac4c645c527e0d2b46d6,NVIDIA GH200 480GB,192-222-51-98,"scripts/clock_elasticity.py: bursts of N back-to-back fused_experts calls under one pinned tile, each call L2-flushed and bracketed by its own pre-primed event pair, the FIRST call of every burst discarded as a drained-queue launch, a host-side idle gap after each burst setting the sustained duty cycle, and the SM clock, board power and memory clock read through NVML with the burst still in flight; NOT timing.TIMING_BASIS; LOCK MODE: the SM clock locked per state with nvidia-smi -lgc F,F and read back per burst, one duty in every state, each measured burst's gap sized from that burst",,bandwidth=not supplied by caller; bandwidth_source=not supplied by caller; iters=not supplied by caller; ridge=not supplied by caller; ridge_source=not supplied by caller; sglang=package not installed,1,3.12.14,,,,200.0,2.13.0,3.7.1,2026-09-27T08:00:24+00:00,0.27.1,200.0
0.25,0.24990065921767662,1,0,1,mixtral-8x7b,bf16,32,64,64,4,8,4,4,128,512,17,18,3,2.539776086807251,2.534816026687622,0.006107759068055846,288,43.40382752153609,128.734663600153,2.54312801361084,2.539023995399475,True,1500.0,1500.0,1500.0,1500 1500 1500 1500 1500 1500 1500 1500 1500 1500 1500 1500 1500 1500 1500 1500 1500 1500,18,nvml,True,,True,,1470.0,233.28300000000002,2619.0,False,5.934757999966678,14.604800240145437,217.03548765182495,True,ok,,"scripts/clock_elasticity.py: bursts of N back-to-back fused_experts calls under one pinned tile, each call L2-flushed and bracketed by its own pre-primed event pair, the FIRST call of every burst discarded as a drained-queue launch, a host-side idle gap after each burst setting the sustained duty cycle, and the SM clock, board power and memory clock read through NVML with the burst still in flight; NOT timing.TIMING_BASIS; LOCK MODE: the SM clock locked per state with nvidia-smi -lgc F,F and read back per burst, one duty in every state, each measured burst's gap sized from that burst",1500,,,13.0,580.105.08,True,1,161f9ec19347efb7aa64ac4c645c527e0d2b46d6,NVIDIA GH200 480GB,192-222-51-98,"scripts/clock_elasticity.py: bursts of N back-to-back fused_experts calls under one pinned tile, each call L2-flushed and bracketed by its own pre-primed event pair, the FIRST call of every burst discarded as a drained-queue launch, a host-side idle gap after each burst setting the sustained duty cycle, and the SM clock, board power and memory clock read through NVML with the burst still in flight; NOT timing.TIMING_BASIS; LOCK MODE: the SM clock locked per state with nvidia-smi -lgc F,F and read back per burst, one duty in every state, each measured burst's gap sized from that burst",,bandwidth=not supplied by caller; bandwidth_source=not supplied by caller; iters=not supplied by caller; ridge=not supplied by caller; ridge_source=not supplied by caller; sglang=package not installed,1,3.12.14,,,,200.0,2.13.0,3.7.1,2026-09-27T08:00:24+00:00,0.27.1,200.0
0.25,0.24990987810358012,1,0,1,mixtral-8x7b,bf16,32,64,64,4,8,4,5,160,640,13,18,3,3.163983941078186,3.155967950820923,0.007503029437490097,216,41.33652789062924,122.82348392774293,3.1648319959640503,3.161280035972595,True,1500.0,1500.0,1500.0,1500 1500 1500 1500 1500 1500 1500 1500 1500 1500 1500 1500 1500 1500 1500 1500 1500 1500,18,nvml,True,,True,,1470.0,240.26,2619.0,False,4.403384499710228,11.544864731272563,207.11561584472656,True,ok,,"scripts/clock_elasticity.py: bursts of N back-to-back fused_experts calls under one pinned tile, each call L2-flushed and bracketed by its own pre-primed event pair, the FIRST call of every burst discarded as a drained-queue launch, a host-side idle gap after each burst setting the sustained duty cycle, and the SM clock, board power and memory clock read through NVML with the burst still in flight; NOT timing.TIMING_BASIS; LOCK MODE: the SM clock locked per state with nvidia-smi -lgc F,F and read back per burst, one duty in every state, each measured burst's gap sized from that burst",1500,,,13.0,580.105.08,True,1,161f9ec19347efb7aa64ac4c645c527e0d2b46d6,NVIDIA GH200 480GB,192-222-51-98,"scripts/clock_elasticity.py: bursts of N back-to-back fused_experts calls under one pinned tile, each call L2-flushed and bracketed by its own pre-primed event pair, the FIRST call of every burst discarded as a drained-queue launch, a host-side idle gap after each burst setting the sustained duty cycle, and the SM clock, board power and memory clock read through NVML with the burst still in flight; NOT timing.TIMING_BASIS; LOCK MODE: the SM clock locked per state with nvidia-smi -lgc F,F and read back per burst, one duty in every state, each measured burst's gap sized from that burst",,bandwidth=not supplied by caller; bandwidth_source=not supplied by caller; iters=not supplied by caller; ridge=not supplied by caller; ridge_source=not supplied by caller; sglang=package not installed,1,3.12.14,,,,200.0,2.13.0,3.7.1,2026-09-27T08:00:24+00:00,0.27.1,200.0
0.25,0.24959275259969158,1,0,1,mixtral-8x7b,bf16,32,64,64,4,8,4,6,192,768,11,18,3,3.7864959239959717,3.7787840366363525,0.007915268423508712,180,41.87585246562958,124.65391248002561,3.789623975753784,3.7855039834976196,True,1500.0,1500.0,1500.0,1500 1500 1500 1500 1500 1500 1500 1500 1500 1500 1500 1500 1500 1500 1500 1500 1500 1500,18,nvml,True,,True,,1470.0,236.2735,2619.0,False,3.8715235004929127,9.938969270487748,209.25199961662292,True,ok,,"scripts/clock_elasticity.py: bursts of N back-to-back fused_experts calls under one pinned tile, each call L2-flushed and bracketed by its own pre-primed event pair, the FIRST call of every burst discarded as a drained-queue launch, a host-side idle gap after each burst setting the sustained duty cycle, and the SM clock, board power and memory clock read through NVML with the burst still in flight; NOT timing.TIMING_BASIS; LOCK MODE: the SM clock locked per state with nvidia-smi -lgc F,F and read back per burst, one duty in every state, each measured burst's gap sized from that burst",1500,,,13.0,580.105.08,True,1,161f9ec19347efb7aa64ac4c645c527e0d2b46d6,NVIDIA GH200 480GB,192-222-51-98,"scripts/clock_elasticity.py: bursts of N back-to-back fused_experts calls under one pinned tile, each call L2-flushed and bracketed by its own pre-primed event pair, the FIRST call of every burst discarded as a drained-queue launch, a host-side idle gap after each burst setting the sustained duty cycle, and the SM clock, board power and memory clock read through NVML with the burst still in flight; NOT timing.TIMING_BASIS; LOCK MODE: the SM clock locked per state with nvidia-smi -lgc F,F and read back per burst, one duty in every state, each measured burst's gap sized from that burst",,bandwidth=not supplied by caller; bandwidth_source=not supplied by caller; iters=not supplied by caller; ridge=not supplied by caller; ridge_source=not supplied by caller; sglang=package not installed,1,3.12.14,,,,200.0,2.13.0,3.7.1,2026-09-27T08:00:24+00:00,0.27.1,200.0
0.25,0.2498906073787129,1,0,1,mixtral-8x7b,bf16,32,64,64,4,8,4,7,224,896,9,18,3,4.418480157852173,4.410592079162598,0.012185406600181645,144,40.04955914285448,119.26605886891048,4.422216057777405,4.417976021766663,True,1500.0,1500.0,1500.0,1500 1500 1500 1500 1500 1500 1500 1500 1500 1500 1500 1500 1500 1500 1500 1500 1500 1500,18,nvml,True,,True,,1470.0,233.17849999999999,2619.0,False,3.356878999966284,8.222949580847246,200.10720109939575,True,ok,,"scripts/clock_elasticity.py: bursts of N back-to-back fused_experts calls under one pinned tile, each call L2-flushed and bracketed by its own pre-primed event pair, the FIRST call of every burst discarded as a drained-queue launch, a host-side idle gap after each burst setting the sustained duty cycle, and the SM clock, board power and memory clock read through NVML with the burst still in flight; NOT timing.TIMING_BASIS; LOCK MODE: the SM clock locked per state with nvidia-smi -lgc F,F and read back per burst, one duty in every state, each measured burst's gap sized from that burst",1500,,,13.0,580.105.08,True,1,161f9ec19347efb7aa64ac4c645c527e0d2b46d6,NVIDIA GH200 480GB,192-222-51-98,"scripts/clock_elasticity.py: bursts of N back-to-back fused_experts calls under one pinned tile, each call L2-flushed and bracketed by its own pre-primed event pair, the FIRST call of every burst discarded as a drained-queue launch, a host-side idle gap after each burst setting the sustained duty cycle, and the SM clock, board power and memory clock read through NVML with the burst still in flight; NOT timing.TIMING_BASIS; LOCK MODE: the SM clock locked per state with nvidia-smi -lgc F,F and read back per burst, one duty in every state, each measured burst's gap sized from that burst",,bandwidth=not supplied by caller; bandwidth_source=not supplied by caller; iters=not supplied by caller; ridge=not supplied by caller; ridge_source=not supplied by caller; sglang=package not installed,1,3.12.14,,,,200.0,2.13.0,3.7.1,2026-09-27T08:00:24+00:00,0.27.1,200.0
0.25,0.24989247955963292,1,0,1,mixtral-8x7b,bf16,32,64,64,4,8,4,8,256,1024,8,18,3,5.0437281131744385,5.035071849822998,0.011523205145894503,126,40.584140380223594,120.93192507270578,5.048511981964111,5.042224168777466,True,1500.0,1500.0,1500.0,1500 1500 1500 1500 1500 1500 1500 1500 1500 1500 1500 1500 1500 1500 1500 1500 1500 1500,18,nvml,True,,True,,1470.0,225.898,2619.0,False,2.927979000560299,7.382594404896317,202.67843341827393,True,ok,,"scripts/clock_elasticity.py: bursts of N back-to-back fused_experts calls under one pinned tile, each call L2-flushed and bracketed by its own pre-primed event pair, the FIRST call of every burst discarded as a drained-queue launch, a host-side idle gap after each burst setting the sustained duty cycle, and the SM clock, board power and memory clock read through NVML with the burst still in flight; NOT timing.TIMING_BASIS; LOCK MODE: the SM clock locked per state with nvidia-smi -lgc F,F and read back per burst, one duty in every state, each measured burst's gap sized from that burst",1500,,,13.0,580.105.08,True,1,161f9ec19347efb7aa64ac4c645c527e0d2b46d6,NVIDIA GH200 480GB,192-222-51-98,"scripts/clock_elasticity.py: bursts of N back-to-back fused_experts calls under one pinned tile, each call L2-flushed and bracketed by its own pre-primed event pair, the FIRST call of every burst discarded as a drained-queue launch, a host-side idle gap after each burst setting the sustained duty cycle, and the SM clock, board power and memory clock read through NVML with the burst still in flight; NOT timing.TIMING_BASIS; LOCK MODE: the SM clock locked per state with nvidia-smi -lgc F,F and read back per burst, one duty in every state, each measured burst's gap sized from that burst",,bandwidth=not supplied by caller; bandwidth_source=not supplied by caller; iters=not supplied by caller; ridge=not supplied by caller; ridge_source=not supplied by caller; sglang=package not installed,1,3.12.14,,,,200.0,2.13.0,3.7.1,2026-09-27T08:00:24+00:00,0.27.1,200.0
0.25,0.24989659140111298,2,0,2,mixtral-8x7b,bf16,32,64,64,4,8,4,1,32,128,47,18,3,0.8650879859924316,0.8549759984016418,0.0030821657983559764,828,40.83677687578731,118.60536814433361,0.8650879859924316,0.8650399744510651,True,1410.0,1410.0,1410.0,1410 1410 1410 1410 1410 1410 1410 1410 1410 1410 1410 1410 1410 1410 1410 1410 1410 1410,18,nvml,True,,True,,1470.0,224.4475,2619.0,False,15.207914500024344,29.249794338626586,203.99007987976074,True,ok,,"scripts/clock_elasticity.py: bursts of N back-to-back fused_experts calls under one pinned tile, each call L2-flushed and bracketed by its own pre-primed event pair, the FIRST call of every burst discarded as a drained-queue launch, a host-side idle gap after each burst setting the sustained duty cycle, and the SM clock, board power and memory clock read through NVML with the burst still in flight; NOT timing.TIMING_BASIS; LOCK MODE: the SM clock locked per state with nvidia-smi -lgc F,F and read back per burst, one duty in every state, each measured burst's gap sized from that burst",1410,,,13.0,580.105.08,True,1,161f9ec19347efb7aa64ac4c645c527e0d2b46d6,NVIDIA GH200 480GB,192-222-51-98,"scripts/clock_elasticity.py: bursts of N back-to-back fused_experts calls under one pinned tile, each call L2-flushed and bracketed by its own pre-primed event pair, the FIRST call of every burst discarded as a drained-queue launch, a host-side idle gap after each burst setting the sustained duty cycle, and the SM clock, board power and memory clock read through NVML with the burst still in flight; NOT timing.TIMING_BASIS; LOCK MODE: the SM clock locked per state with nvidia-smi -lgc F,F and read back per burst, one duty in every state, each measured burst's gap sized from that burst",,bandwidth=not supplied by caller; bandwidth_source=not supplied by caller; iters=not supplied by caller; ridge=not supplied by caller; ridge_source=not supplied by caller; sglang=package not installed,1,3.12.14,,,,200.0,2.13.0,3.7.1,2026-09-27T08:00:24+00:00,0.27.1,200.0
0.25,0.24989922545307214,2,0,2,mixtral-8x7b,bf16,32,64,64,4,8,4,2,64,256,31,18,3,1.4037120342254639,1.3929599523544312,0.007105604444397628,540,43.73678939210044,128.48962571489028,1.4028319716453552,1.4036320447921753,True,1410.0,1410.0,1410.0,1410 1410 1410 1410 1410 1410 1410 1410 1410 1410 1410 1410 1410 1410 1410 1410 1410 1410,18,nvml,True,,True,,1470.0,220.58499999999998,2619.0,False,10.086540000429522,23.6294000472886,218.44662415981293,True,ok,,"scripts/clock_elasticity.py: bursts of N back-to-back fused_experts calls under one pinned tile, each call L2-flushed and bracketed by its own pre-primed event pair, the FIRST call of every burst discarded as a drained-queue launch, a host-side idle gap after each burst setting the sustained duty cycle, and the SM clock, board power and memory clock read through NVML with the burst still in flight; NOT timing.TIMING_BASIS; LOCK MODE: the SM clock locked per state with nvidia-smi -lgc F,F and read back per burst, one duty in every state, each measured burst's gap sized from that burst",1410,,,13.0,580.105.08,True,1,161f9ec19347efb7aa64ac4c645c527e0d2b46d6,NVIDIA GH200 480GB,192-222-51-98,"scripts/clock_elasticity.py: bursts of N back-to-back fused_experts calls under one pinned tile, each call L2-flushed and bracketed by its own pre-primed event pair, the FIRST call of every burst discarded as a drained-queue launch, a host-side idle gap after each burst setting the sustained duty cycle, and the SM clock, board power and memory clock read through NVML with the burst still in flight; NOT timing.TIMING_BASIS; LOCK MODE: the SM clock locked per state with nvidia-smi -lgc F,F and read back per burst, one duty in every state, each measured burst's gap sized from that burst",,bandwidth=not supplied by caller; bandwidth_source=not supplied by caller; iters=not supplied by caller; ridge=not supplied by caller; ridge_source=not supplied by caller; sglang=package not installed,1,3.12.14,,,,200.0,2.13.0,3.7.1,2026-09-27T08:00:24+00:00,0.27.1,200.0
0.25,0.24989964077213342,2,0,2,mixtral-8x7b,bf16,32,64,64,4,8,4,3,96,384,20,18,3,2.074079990386963,2.0571839809417725,0.010905464386166009,342,41.685957219865585,123.15445359911973,2.076527953147888,2.0733759999275208,True,1410.0,1410.0,1410.0,1410 1410 1410 1410 1410 1410 1410 1410 1410 1410 1410 1410 1410 1410 1410 1410 1410 1410,18,nvml,True,,True,,1470.0,218.1575,2619.0,False,6.639260499923694,16.7851979730973,209.0228157043457,True,ok,,"scripts/clock_elasticity.py: bursts of N back-to-back fused_experts calls under one pinned tile, each call L2-flushed and bracketed by its own pre-primed event pair, the FIRST call of every burst discarded as a drained-queue launch, a host-side idle gap after each burst setting the sustained duty cycle, and the SM clock, board power and memory clock read through NVML with the burst still in flight; NOT timing.TIMING_BASIS; LOCK MODE: the SM clock locked per state with nvidia-smi -lgc F,F and read back per burst, one duty in every state, each measured burst's gap sized from that burst",1410,,,13.0,580.105.08,True,1,161f9ec19347efb7aa64ac4c645c527e0d2b46d6,NVIDIA GH200 480GB,192-222-51-98,"scripts/clock_elasticity.py: bursts of N back-to-back fused_experts calls under one pinned tile, each call L2-flushed and bracketed by its own pre-primed event pair, the FIRST call of every burst discarded as a drained-queue launch, a host-side idle gap after each burst setting the sustained duty cycle, and the SM clock, board power and memory clock read through NVML with the burst still in flight; NOT timing.TIMING_BASIS; LOCK MODE: the SM clock locked per state with nvidia-smi -lgc F,F and read back per burst, one duty in every state, each measured burst's gap sized from that burst",,bandwidth=not supplied by caller; bandwidth_source=not supplied by caller; iters=not supplied by caller; ridge=not supplied by caller; ridge_source=not supplied by caller; sglang=package not installed,1,3.12.14,,,,200.0,2.13.0,3.7.1,2026-09-27T08:00:24+00:00,0.27.1,200.0
0.25,0.2499077523495544,2,0,2,mixtral-8x7b,bf16,32,64,64,4,8,4,4,128,512,17,18,3,2.7023839950561523,2.696063995361328,0.007226453189216683,288,46.17035375701057,137.01531017875456,2.7036319971084595,2.6999679803848267,True,1410.0,1410.0,1410.0,1410 1410 1410 1410 1410 1410 1410 1410 1410 1410 1410 1410 1410 1410 1410 1410 1410 1410,18,nvml,True,,True,,1470.0,197.2515,2619.0,False,5.790357000023505,14.808303398356589,230.89152145385742,True,ok,,"scripts/clock_elasticity.py: bursts of N back-to-back fused_experts calls under one pinned tile, each call L2-flushed and bracketed by its own pre-primed event pair, the FIRST call of every burst discarded as a drained-queue launch, a host-side idle gap after each burst setting the sustained duty cycle, and the SM clock, board power and memory clock read through NVML with the burst still in flight; NOT timing.TIMING_BASIS; LOCK MODE: the SM clock locked per state with nvidia-smi -lgc F,F and read back per burst, one duty in every state, each measured burst's gap sized from that burst",1410,,,13.0,580.105.08,True,1,161f9ec19347efb7aa64ac4c645c527e0d2b46d6,NVIDIA GH200 480GB,192-222-51-98,"scripts/clock_elasticity.py: bursts of N back-to-back fused_experts calls under one pinned tile, each call L2-flushed and bracketed by its own pre-primed event pair, the FIRST call of every burst discarded as a drained-queue launch, a host-side idle gap after each burst setting the sustained duty cycle, and the SM clock, board power and memory clock read through NVML with the burst still in flight; NOT timing.TIMING_BASIS; LOCK MODE: the SM clock locked per state with nvidia-smi -lgc F,F and read back per burst, one duty in every state, each measured burst's gap sized from that burst",,bandwidth=not supplied by caller; bandwidth_source=not supplied by caller; iters=not supplied by caller; ridge=not supplied by caller; ridge_source=not supplied by caller; sglang=package not installed,1,3.12.14,,,,200.0,2.13.0,3.7.1,2026-09-27T08:00:24+00:00,0.27.1,200.0
0.25,0.24990023241243922,2,0,2,mixtral-8x7b,bf16,32,64,64,4,8,4,5,160,640,13,18,3,3.36187207698822,3.356703996658325,0.007731922886572422,216,43.97579734855228,130.69341237316257,3.3624000549316406,3.35971200466156,True,1410.0,1410.0,1410.0,1410 1410 1410 1410 1410 1410 1410 1410 1410 1410 1410 1410 1410 1410 1410 1410 1410 1410,18,nvml,True,,True,,1470.0,219.69400000000002,2619.0,False,4.681147000610508,11.584511132711219,219.94937586784363,True,ok,,"scripts/clock_elasticity.py: bursts of N back-to-back fused_experts calls under one pinned tile, each call L2-flushed and bracketed by its own pre-primed event pair, the FIRST call of every burst discarded as a drained-queue launch, a host-side idle gap after each burst setting the sustained duty cycle, and the SM clock, board power and memory clock read through NVML with the burst still in flight; NOT timing.TIMING_BASIS; LOCK MODE: the SM clock locked per state with nvidia-smi -lgc F,F and read back per burst, one duty in every state, each measured burst's gap sized from that burst",1410,,,13.0,580.105.08,True,1,161f9ec19347efb7aa64ac4c645c527e0d2b46d6,NVIDIA GH200 480GB,192-222-51-98,"scripts/clock_elasticity.py: bursts of N back-to-back fused_experts calls under one pinned tile, each call L2-flushed and bracketed by its own pre-primed event pair, the FIRST call of every burst discarded as a drained-queue launch, a host-side idle gap after each burst setting the sustained duty cycle, and the SM clock, board power and memory clock read through NVML with the burst still in flight; NOT timing.TIMING_BASIS; LOCK MODE: the SM clock locked per state with nvidia-smi -lgc F,F and read back per burst, one duty in every state, each measured burst's gap sized from that burst",,bandwidth=not supplied by caller; bandwidth_source=not supplied by caller; iters=not supplied by caller; ridge=not supplied by caller; ridge_source=not supplied by caller; sglang=package not installed,1,3.12.14,,,,200.0,2.13.0,3.7.1,2026-09-27T08:00:24+00:00,0.27.1,200.0
0.25,0.24990419054238178,2,0,2,mixtral-8x7b,bf16,32,64,64,4,8,4,6,192,768,11,18,3,4.024384021759033,4.018303871154785,0.007630722226925232,180,44.48950587378608,132.4316314058087,4.029744029045105,4.022415995597839,True,1410.0,1410.0,1410.0,1410 1410 1410 1410 1410 1410 1410 1410 1410 1410 1410 1410 1410 1410 1410 1410 1410 1410,18,nvml,True,,True,,1470.0,213.36200000000002,2619.0,False,3.8683549996676447,10.003378721759036,222.5098237991333,True,ok,,"scripts/clock_elasticity.py: bursts of N back-to-back fused_experts calls under one pinned tile, each call L2-flushed and bracketed by its own pre-primed event pair, the FIRST call of every burst discarded as a drained-queue launch, a host-side idle gap after each burst setting the sustained duty cycle, and the SM clock, board power and memory clock read through NVML with the burst still in flight; NOT timing.TIMING_BASIS; LOCK MODE: the SM clock locked per state with nvidia-smi -lgc F,F and read back per burst, one duty in every state, each measured burst's gap sized from that burst",1410,,,13.0,580.105.08,True,1,161f9ec19347efb7aa64ac4c645c527e0d2b46d6,NVIDIA GH200 480GB,192-222-51-98,"scripts/clock_elasticity.py: bursts of N back-to-back fused_experts calls under one pinned tile, each call L2-flushed and bracketed by its own pre-primed event pair, the FIRST call of every burst discarded as a drained-queue launch, a host-side idle gap after each burst setting the sustained duty cycle, and the SM clock, board power and memory clock read through NVML with the burst still in flight; NOT timing.TIMING_BASIS; LOCK MODE: the SM clock locked per state with nvidia-smi -lgc F,F and read back per burst, one duty in every state, each measured burst's gap sized from that burst",,bandwidth=not supplied by caller; bandwidth_source=not supplied by caller; iters=not supplied by caller; ridge=not supplied by caller; ridge_source=not supplied by caller; sglang=package not installed,1,3.12.14,,,,200.0,2.13.0,3.7.1,2026-09-27T08:00:24+00:00,0.27.1,200.0
0.25,0.2498993437010003,2,0,2,mixtral-8x7b,bf16,32,64,64,4,8,4,7,224,896,9,18,3,4.694383859634399,4.690112113952637,0.006623197270033389,144,42.4765972826216,126.56698092544322,4.694839954376221,4.693312048912048,True,1410.0,1410.0,1410.0,1410 1410 1410 1410 1410 1410 1410 1410 1410 1410 1410 1410 1410 1410 1410 1410 1410 1410,18,nvml,True,,True,,1470.0,211.803,2619.0,False,3.207645499969658,8.287891214727136,212.3569278717041,True,ok,,"scripts/clock_elasticity.py: bursts of N back-to-back fused_experts calls under one pinned tile, each call L2-flushed and bracketed by its own pre-primed event pair, the FIRST call of every burst discarded as a drained-queue launch, a host-side idle gap after each burst setting the sustained duty cycle, and the SM clock, board power and memory clock read through NVML with the burst still in flight; NOT timing.TIMING_BASIS; LOCK MODE: the SM clock locked per state with nvidia-smi -lgc F,F and read back per burst, one duty in every state, each measured burst's gap sized from that burst",1410,,,13.0,580.105.08,True,1,161f9ec19347efb7aa64ac4c645c527e0d2b46d6,NVIDIA GH200 480GB,192-222-51-98,"scripts/clock_elasticity.py: bursts of N back-to-back fused_experts calls under one pinned tile, each call L2-flushed and bracketed by its own pre-primed event pair, the FIRST call of every burst discarded as a drained-queue launch, a host-side idle gap after each burst setting the sustained duty cycle, and the SM clock, board power and memory clock read through NVML with the burst still in flight; NOT timing.TIMING_BASIS; LOCK MODE: the SM clock locked per state with nvidia-smi -lgc F,F and read back per burst, one duty in every state, each measured burst's gap sized from that burst",,bandwidth=not supplied by caller; bandwidth_source=not supplied by caller; iters=not supplied by caller; ridge=not supplied by caller; ridge_source=not supplied by caller; sglang=package not installed,1,3.12.14,,,,200.0,2.13.0,3.7.1,2026-09-27T08:00:24+00:00,0.27.1,200.0
0.25,0.24973391418271632,2,0,2,mixtral-8x7b,bf16,32,64,64,4,8,4,8,256,1024,8,18,3,5.363296031951904,5.351136207580566,0.012932007996576175,126,43.12376022338867,128.62560096041486,5.368607997894287,5.359567880630493,True,1410.0,1410.0,1410.0,1410 1410 1410 1410 1410 1410 1410 1410 1410 1410 1410 1410 1410 1410 1410 1410 1410 1410,18,nvml,True,,True,,1470.0,203.45100000000002,2619.0,False,2.8402499997355335,7.441163475583378,215.49964570999146,True,ok,,"scripts/clock_elasticity.py: bursts of N back-to-back fused_experts calls under one pinned tile, each call L2-flushed and bracketed by its own pre-primed event pair, the FIRST call of every burst discarded as a drained-queue launch, a host-side idle gap after each burst setting the sustained duty cycle, and the SM clock, board power and memory clock read through NVML with the burst still in flight; NOT timing.TIMING_BASIS; LOCK MODE: the SM clock locked per state with nvidia-smi -lgc F,F and read back per burst, one duty in every state, each measured burst's gap sized from that burst",1410,,,13.0,580.105.08,True,1,161f9ec19347efb7aa64ac4c645c527e0d2b46d6,NVIDIA GH200 480GB,192-222-51-98,"scripts/clock_elasticity.py: bursts of N back-to-back fused_experts calls under one pinned tile, each call L2-flushed and bracketed by its own pre-primed event pair, the FIRST call of every burst discarded as a drained-queue launch, a host-side idle gap after each burst setting the sustained duty cycle, and the SM clock, board power and memory clock read through NVML with the burst still in flight; NOT timing.TIMING_BASIS; LOCK MODE: the SM clock locked per state with nvidia-smi -lgc F,F and read back per burst, one duty in every state, each measured burst's gap sized from that burst",,bandwidth=not supplied by caller; bandwidth_source=not supplied by caller; iters=not supplied by caller; ridge=not supplied by caller; ridge_source=not supplied by caller; sglang=package not installed,1,3.12.14,,,,200.0,2.13.0,3.7.1,2026-09-27T08:00:24+00:00,0.27.1,200.0
0.25,0.24989536674841178,2,1,0,mixtral-8x7b,bf16,32,64,64,4,8,4,1,32,128,47,18,3,0.8653759956359863,0.85452800989151,0.00316692400867689,828,40.84379024306933,118.68751226435415,0.8650400042533875,0.8656159937381744,True,1410.0,1410.0,1410.0,1410 1410 1410 1410 1410 1410 1410 1410 1410 1410 1410 1410 1410 1410 1410 1410 1410 1410,18,nvml,True,,True,,1470.0,222.5935,2619.0,False,14.921800000138319,30.432108547954538,204.20707148313522,True,ok,,"scripts/clock_elasticity.py: bursts of N back-to-back fused_experts calls under one pinned tile, each call L2-flushed and bracketed by its own pre-primed event pair, the FIRST call of every burst discarded as a drained-queue launch, a host-side idle gap after each burst setting the sustained duty cycle, and the SM clock, board power and memory clock read through NVML with the burst still in flight; NOT timing.TIMING_BASIS; LOCK MODE: the SM clock locked per state with nvidia-smi -lgc F,F and read back per burst, one duty in every state, each measured burst's gap sized from that burst",1410,,,13.0,580.105.08,True,1,161f9ec19347efb7aa64ac4c645c527e0d2b46d6,NVIDIA GH200 480GB,192-222-51-98,"scripts/clock_elasticity.py: bursts of N back-to-back fused_experts calls under one pinned tile, each call L2-flushed and bracketed by its own pre-primed event pair, the FIRST call of every burst discarded as a drained-queue launch, a host-side idle gap after each burst setting the sustained duty cycle, and the SM clock, board power and memory clock read through NVML with the burst still in flight; NOT timing.TIMING_BASIS; LOCK MODE: the SM clock locked per state with nvidia-smi -lgc F,F and read back per burst, one duty in every state, each measured burst's gap sized from that burst",,bandwidth=not supplied by caller; bandwidth_source=not supplied by caller; iters=not supplied by caller; ridge=not supplied by caller; ridge_source=not supplied by caller; sglang=package not installed,1,3.12.14,,,,200.0,2.13.0,3.7.1,2026-09-27T08:00:24+00:00,0.27.1,200.0
0.25,0.2499019549195686,2,1,0,mixtral-8x7b,bf16,32,64,64,4,8,4,2,64,256,31,18,3,1.4042400121688843,1.3926719427108765,0.0082723333678499,540,43.74200705687205,128.41295371098022,1.4037280082702637,1.4038079977035522,True,1410.0,1410.0,1410.0,1410 1410 1410 1410 1410 1410 1410 1410 1410 1410 1410 1410 1410 1410 1410 1410 1410 1410,18,nvml,True,,True,,1470.0,221.233,2619.0,False,10.103771999638411,23.990668264968967,218.76915168762207,True,ok,,"scripts/clock_elasticity.py: bursts of N back-to-back fused_experts calls under one pinned tile, each call L2-flushed and bracketed by its own pre-primed event pair, the FIRST call of every burst discarded as a drained-queue launch, a host-side idle gap after each burst setting the sustained duty cycle, and the SM clock, board power and memory clock read through NVML with the burst still in flight; NOT timing.TIMING_BASIS; LOCK MODE: the SM clock locked per state with nvidia-smi -lgc F,F and read back per burst, one duty in every state, each measured burst's gap sized from that burst",1410,,,13.0,580.105.08,True,1,161f9ec19347efb7aa64ac4c645c527e0d2b46d6,NVIDIA GH200 480GB,192-222-51-98,"scripts/clock_elasticity.py: bursts of N back-to-back fused_experts calls under one pinned tile, each call L2-flushed and bracketed by its own pre-primed event pair, the FIRST call of every burst discarded as a drained-queue launch, a host-side idle gap after each burst setting the sustained duty cycle, and the SM clock, board power and memory clock read through NVML with the burst still in flight; NOT timing.TIMING_BASIS; LOCK MODE: the SM clock locked per state with nvidia-smi -lgc F,F and read back per burst, one duty in every state, each measured burst's gap sized from that burst",,bandwidth=not supplied by caller; bandwidth_source=not supplied by caller; iters=not supplied by caller; ridge=not supplied by caller; ridge_source=not supplied by caller; sglang=package not installed,1,3.12.14,,,,200.0,2.13.0,3.7.1,2026-09-27T08:00:24+00:00,0.27.1,200.0
0.25,0.24989548029286546,2,1,0,mixtral-8x7b,bf16,32,64,64,4,8,4,3,96,384,20,18,3,2.0760639905929565,2.051680088043213,0.012142039836218902,342,41.75625594456991,123.46582757112992,2.078495979309082,2.0729039907455444,True,1410.0,1410.0,1410.0,1410 1410 1410 1410 1410 1410 1410 1410 1410 1410 1410 1410 1410 1410 1410 1410 1410 1410,18,nvml,True,,True,,1470.0,216.64049999999997,2619.0,False,6.6436765000617015,16.83746676285059,208.4757115840912,True,ok,,"scripts/clock_elasticity.py: bursts of N back-to-back fused_experts calls under one pinned tile, each call L2-flushed and bracketed by its own pre-primed event pair, the FIRST call of every burst discarded as a drained-queue launch, a host-side idle gap after each burst setting the sustained duty cycle, and the SM clock, board power and memory clock read through NVML with the burst still in flight; NOT timing.TIMING_BASIS; LOCK MODE: the SM clock locked per state with nvidia-smi -lgc F,F and read back per burst, one duty in every state, each measured burst's gap sized from that burst",1410,,,13.0,580.105.08,True,1,161f9ec19347efb7aa64ac4c645c527e0d2b46d6,NVIDIA GH200 480GB,192-222-51-98,"scripts/clock_elasticity.py: bursts of N back-to-back fused_experts calls under one pinned tile, each call L2-flushed and bracketed by its own pre-primed event pair, the FIRST call of every burst discarded as a drained-queue launch, a host-side idle gap after each burst setting the sustained duty cycle, and the SM clock, board power and memory clock read through NVML with the burst still in flight; NOT timing.TIMING_BASIS; LOCK MODE: the SM clock locked per state with nvidia-smi -lgc F,F and read back per burst, one duty in every state, each measured burst's gap sized from that burst",,bandwidth=not supplied by caller; bandwidth_source=not supplied by caller; iters=not supplied by caller; ridge=not supplied by caller; ridge_source=not supplied by caller; sglang=package not installed,1,3.12.14,,,,200.0,2.13.0,3.7.1,2026-09-27T08:00:24+00:00,0.27.1,200.0
0.25,0.24990921263736868,2,1,0,mixtral-8x7b,bf16,32,64,64,4,8,4,4,128,512,17,18,3,2.70198392868042,2.6963839530944824,0.007557061027900565,288,46.179251604610016,136.99451065170797,2.702303946018219,2.7007680535316467,True,1410.0,1410.0,1410.0,1410 1410 1410 1410 1410 1410 1410 1410 1410 1410 1410 1410 1410 1410 1410 1410 1410 1410,18,nvml,True,,True,,1470.0,196.0335,2619.0,False,6.017223000071681,14.74257092426256,230.77686429023743,True,ok,,"scripts/clock_elasticity.py: bursts of N back-to-back fused_experts calls under one pinned tile, each call L2-flushed and bracketed by its own pre-primed event pair, the FIRST call of every burst discarded as a drained-queue launch, a host-side idle gap after each burst setting the sustained duty cycle, and the SM clock, board power and memory clock read through NVML with the burst still in flight; NOT timing.TIMING_BASIS; LOCK MODE: the SM clock locked per state with nvidia-smi -lgc F,F and read back per burst, one duty in every state, each measured burst's gap sized from that burst",1410,,,13.0,580.105.08,True,1,161f9ec19347efb7aa64ac4c645c527e0d2b46d6,NVIDIA GH200 480GB,192-222-51-98,"scripts/clock_elasticity.py: bursts of N back-to-back fused_experts calls under one pinned tile, each call L2-flushed and bracketed by its own pre-primed event pair, the FIRST call of every burst discarded as a drained-queue launch, a host-side idle gap after each burst setting the sustained duty cycle, and the SM clock, board power and memory clock read through NVML with the burst still in flight; NOT timing.TIMING_BASIS; LOCK MODE: the SM clock locked per state with nvidia-smi -lgc F,F and read back per burst, one duty in every state, each measured burst's gap sized from that burst",,bandwidth=not supplied by caller; bandwidth_source=not supplied by caller; iters=not supplied by caller; ridge=not supplied by caller; ridge_source=not supplied by caller; sglang=package not installed,1,3.12.14,,,,200.0,2.13.0,3.7.1,2026-09-27T08:00:24+00:00,0.27.1,200.0
0.25,0.24990110936711515,2,1,0,mixtral-8x7b,bf16,32,64,64,4,8,4,5,160,640,13,18,3,3.363695979118347,3.3563199043273926,0.008276758083417384,216,44.01771730846829,130.9010756603675,3.3696160316467285,3.3600480556488037,True,1410.0,1410.0,1410.0,1410 1410 1410 1410 1410 1410 1410 1410 1410 1410 1410 1410 1410 1410 1410 1410 1410 1410,18,nvml,True,,True,,1470.0,217.48000000000002,2619.0,False,4.636394000044675,11.515890092261344,220.09212851524353,True,ok,,"scripts/clock_elasticity.py: bursts of N back-to-back fused_experts calls under one pinned tile, each call L2-flushed and bracketed by its own pre-primed event pair, the FIRST call of every burst discarded as a drained-queue launch, a host-side idle gap after each burst setting the sustained duty cycle, and the SM clock, board power and memory clock read through NVML with the burst still in flight; NOT timing.TIMING_BASIS; LOCK MODE: the SM clock locked per state with nvidia-smi -lgc F,F and read back per burst, one duty in every state, each measured burst's gap sized from that burst",1410,,,13.0,580.105.08,True,1,161f9ec19347efb7aa64ac4c645c527e0d2b46d6,NVIDIA GH200 480GB,192-222-51-98,"scripts/clock_elasticity.py: bursts of N back-to-back fused_experts calls under one pinned tile, each call L2-flushed and bracketed by its own pre-primed event pair, the FIRST call of every burst discarded as a drained-queue launch, a host-side idle gap after each burst setting the sustained duty cycle, and the SM clock, board power and memory clock read through NVML with the burst still in flight; NOT timing.TIMING_BASIS; LOCK MODE: the SM clock locked per state with nvidia-smi -lgc F,F and read back per burst, one duty in every state, each measured burst's gap sized from that burst",,bandwidth=not supplied by caller; bandwidth_source=not supplied by caller; iters=not supplied by caller; ridge=not supplied by caller; ridge_source=not supplied by caller; sglang=package not installed,1,3.12.14,,,,200.0,2.13.0,3.7.1,2026-09-27T08:00:24+00:00,0.27.1,200.0
0.25,0.24990836650555212,2,1,0,mixtral-8x7b,bf16,32,64,64,4,8,4,6,192,768,11,18,3,4.027216196060181,4.018943786621094,0.009434440593747866,180,44.534515698750816,132.64142745040226,4.032232046127319,4.0229679346084595,True,1410.0,1410.0,1410.0,1410 1410 1410 1410 1410 1410 1410 1410 1410 1410 1410 1410 1410 1410 1410 1410 1410 1410,18,nvml,True,,True,,1470.0,210.9545,2619.0,False,3.8444194997282466,9.95484757640116,222.63203382492065,True,ok,,"scripts/clock_elasticity.py: bursts of N back-to-back fused_experts calls under one pinned tile, each call L2-flushed and bracketed by its own pre-primed event pair, the FIRST call of every burst discarded as a drained-queue launch, a host-side idle gap after each burst setting the sustained duty cycle, and the SM clock, board power and memory clock read through NVML with the burst still in flight; NOT timing.TIMING_BASIS; LOCK MODE: the SM clock locked per state with nvidia-smi -lgc F,F and read back per burst, one duty in every state, each measured burst's gap sized from that burst",1410,,,13.0,580.105.08,True,1,161f9ec19347efb7aa64ac4c645c527e0d2b46d6,NVIDIA GH200 480GB,192-222-51-98,"scripts/clock_elasticity.py: bursts of N back-to-back fused_experts calls under one pinned tile, each call L2-flushed and bracketed by its own pre-primed event pair, the FIRST call of every burst discarded as a drained-queue launch, a host-side idle gap after each burst setting the sustained duty cycle, and the SM clock, board power and memory clock read through NVML with the burst still in flight; NOT timing.TIMING_BASIS; LOCK MODE: the SM clock locked per state with nvidia-smi -lgc F,F and read back per burst, one duty in every state, each measured burst's gap sized from that burst",,bandwidth=not supplied by caller; bandwidth_source=not supplied by caller; iters=not supplied by caller; ridge=not supplied by caller; ridge_source=not supplied by caller; sglang=package not installed,1,3.12.14,,,,200.0,2.13.0,3.7.1,2026-09-27T08:00:24+00:00,0.27.1,200.0
0.25,0.2499060178641498,2,1,0,mixtral-8x7b,bf16,32,64,64,4,8,4,7,224,896,9,18,3,4.693871974945068,4.688960075378418,0.00592412689227063,144,42.46816902690463,126.59704450094067,4.694808006286621,4.693616032600403,True,1410.0,1410.0,1410.0,1410 1410 1410 1410 1410 1410 1410 1410 1410 1410 1410 1410 1410 1410 1410 1410 1410 1410,18,nvml,True,,True,,1470.0,209.4795,2619.0,False,3.331822500058479,8.229493703547957,212.23804759979248,True,ok,,"scripts/clock_elasticity.py: bursts of N back-to-back fused_experts calls under one pinned tile, each call L2-flushed and bracketed by its own pre-primed event pair, the FIRST call of every burst discarded as a drained-queue launch, a host-side idle gap after each burst setting the sustained duty cycle, and the SM clock, board power and memory clock read through NVML with the burst still in flight; NOT timing.TIMING_BASIS; LOCK MODE: the SM clock locked per state with nvidia-smi -lgc F,F and read back per burst, one duty in every state, each measured burst's gap sized from that burst",1410,,,13.0,580.105.08,True,1,161f9ec19347efb7aa64ac4c645c527e0d2b46d6,NVIDIA GH200 480GB,192-222-51-98,"scripts/clock_elasticity.py: bursts of N back-to-back fused_experts calls under one pinned tile, each call L2-flushed and bracketed by its own pre-primed event pair, the FIRST call of every burst discarded as a drained-queue launch, a host-side idle gap after each burst setting the sustained duty cycle, and the SM clock, board power and memory clock read through NVML with the burst still in flight; NOT timing.TIMING_BASIS; LOCK MODE: the SM clock locked per state with nvidia-smi -lgc F,F and read back per burst, one duty in every state, each measured burst's gap sized from that burst",,bandwidth=not supplied by caller; bandwidth_source=not supplied by caller; iters=not supplied by caller; ridge=not supplied by caller; ridge_source=not supplied by caller; sglang=package not installed,1,3.12.14,,,,200.0,2.13.0,3.7.1,2026-09-27T08:00:24+00:00,0.27.1,200.0
0.25,0.24990390795087286,2,1,0,mixtral-8x7b,bf16,32,64,64,4,8,4,8,256,1024,8,18,3,5.3646559715271,5.353119850158691,0.014463494926980305,126,43.136462132136025,128.64655946064525,5.366544008255005,5.365552186965942,True,1410.0,1410.0,1410.0,1410 1410 1410 1410 1410 1410 1410 1410 1410 1410 1410 1410 1410 1410 1410 1410 1410 1410,18,nvml,True,,True,,1470.0,204.692,2619.0,False,2.8916584997205064,7.430252810639877,215.4722237586975,True,ok,,"scripts/clock_elasticity.py: bursts of N back-to-back fused_experts calls under one pinned tile, each call L2-flushed and bracketed by its own pre-primed event pair, the FIRST call of every burst discarded as a drained-queue launch, a host-side idle gap after each burst setting the sustained duty cycle, and the SM clock, board power and memory clock read through NVML with the burst still in flight; NOT timing.TIMING_BASIS; LOCK MODE: the SM clock locked per state with nvidia-smi -lgc F,F and read back per burst, one duty in every state, each measured burst's gap sized from that burst",1410,,,13.0,580.105.08,True,1,161f9ec19347efb7aa64ac4c645c527e0d2b46d6,NVIDIA GH200 480GB,192-222-51-98,"scripts/clock_elasticity.py: bursts of N back-to-back fused_experts calls under one pinned tile, each call L2-flushed and bracketed by its own pre-primed event pair, the FIRST call of every burst discarded as a drained-queue launch, a host-side idle gap after each burst setting the sustained duty cycle, and the SM clock, board power and memory clock read through NVML with the burst still in flight; NOT timing.TIMING_BASIS; LOCK MODE: the SM clock locked per state with nvidia-smi -lgc F,F and read back per burst, one duty in every state, each measured burst's gap sized from that burst",,bandwidth=not supplied by caller; bandwidth_source=not supplied by caller; iters=not supplied by caller; ridge=not supplied by caller; ridge_source=not supplied by caller; sglang=package not installed,1,3.12.14,,,,200.0,2.13.0,3.7.1,2026-09-27T08:00:24+00:00,0.27.1,200.0
0.25,0.24989358730106373,1,1,1,mixtral-8x7b,bf16,32,64,64,4,8,4,1,32,128,47,18,3,0.8605440258979797,0.8518400192260742,0.0034061677982023583,828,40.64265065391859,118.07935422045558,0.8605760037899017,0.8607680201530457,True,1500.0,1500.0,1500.0,1500 1500 1500 1500 1500 1500 1500 1500 1500 1500 1500 1500 1500 1500 1500 1500 1500 1500,18,nvml,True,,True,,1470.0,244.0335,2619.0,False,15.22482649943413,29.07246117563171,202.99427211284637,True,ok,,"scripts/clock_elasticity.py: bursts of N back-to-back fused_experts calls under one pinned tile, each call L2-flushed and bracketed by its own pre-primed event pair, the FIRST call of every burst discarded as a drained-queue launch, a host-side idle gap after each burst setting the sustained duty cycle, and the SM clock, board power and memory clock read through NVML with the burst still in flight; NOT timing.TIMING_BASIS; LOCK MODE: the SM clock locked per state with nvidia-smi -lgc F,F and read back per burst, one duty in every state, each measured burst's gap sized from that burst",1500,,,13.0,580.105.08,True,1,161f9ec19347efb7aa64ac4c645c527e0d2b46d6,NVIDIA GH200 480GB,192-222-51-98,"scripts/clock_elasticity.py: bursts of N back-to-back fused_experts calls under one pinned tile, each call L2-flushed and bracketed by its own pre-primed event pair, the FIRST call of every burst discarded as a drained-queue launch, a host-side idle gap after each burst setting the sustained duty cycle, and the SM clock, board power and memory clock read through NVML with the burst still in flight; NOT timing.TIMING_BASIS; LOCK MODE: the SM clock locked per state with nvidia-smi -lgc F,F and read back per burst, one duty in every state, each measured burst's gap sized from that burst",,bandwidth=not supplied by caller; bandwidth_source=not supplied by caller; iters=not supplied by caller; ridge=not supplied by caller; ridge_source=not supplied by caller; sglang=package not installed,1,3.12.14,,,,200.0,2.13.0,3.7.1,2026-09-27T08:00:24+00:00,0.27.1,200.0
0.25,0.2498939845739256,1,1,1,mixtral-8x7b,bf16,32,64,64,4,8,4,2,64,256,31,18,3,1.3188480138778687,1.3083200454711914,0.006993229772698606,540,41.104442715644836,120.79659361023369,1.3219040036201477,1.3173760175704956,True,1500.0,1500.0,1500.0,1500 1500 1500 1500 1500 1500 1500 1500 1500 1500 1500 1500 1500 1500 1500 1500 1500 1500,18,nvml,True,,True,,1470.0,243.362,2619.0,False,9.97599500033175,23.565972618183523,205.59168004989624,True,ok,,"scripts/clock_elasticity.py: bursts of N back-to-back fused_experts calls under one pinned tile, each call L2-flushed and bracketed by its own pre-primed event pair, the FIRST call of every burst discarded as a drained-queue launch, a host-side idle gap after each burst setting the sustained duty cycle, and the SM clock, board power and memory clock read through NVML with the burst still in flight; NOT timing.TIMING_BASIS; LOCK MODE: the SM clock locked per state with nvidia-smi -lgc F,F and read back per burst, one duty in every state, each measured burst's gap sized from that burst",1500,,,13.0,580.105.08,True,1,161f9ec19347efb7aa64ac4c645c527e0d2b46d6,NVIDIA GH200 480GB,192-222-51-98,"scripts/clock_elasticity.py: bursts of N back-to-back fused_experts calls under one pinned tile, each call L2-flushed and bracketed by its own pre-primed event pair, the FIRST call of every burst discarded as a drained-queue launch, a host-side idle gap after each burst setting the sustained duty cycle, and the SM clock, board power and memory clock read through NVML with the burst still in flight; NOT timing.TIMING_BASIS; LOCK MODE: the SM clock locked per state with nvidia-smi -lgc F,F and read back per burst, one duty in every state, each measured burst's gap sized from that burst",,bandwidth=not supplied by caller; bandwidth_source=not supplied by caller; iters=not supplied by caller; ridge=not supplied by caller; ridge_source=not supplied by caller; sglang=package not installed,1,3.12.14,,,,200.0,2.13.0,3.7.1,2026-09-27T08:00:24+00:00,0.27.1,200.0
0.25,0.24989425235280574,1,1,1,mixtral-8x7b,bf16,32,64,64,4,8,4,3,96,384,20,18,3,1.9454560279846191,1.931615948677063,0.0081545048272219,342,39.11883912483851,115.61823599447598,1.9503119885921478,1.9437119960784912,True,1500.0,1500.0,1500.0,1500 1500 1500 1500 1500 1500 1500 1500 1500 1500 1500 1500 1500 1500 1500 1500 1500 1500,18,nvml,True,,True,,1470.0,243.089,2619.0,False,6.591164500150626,16.514854642200085,234.55267238616943,True,ok,,"scripts/clock_elasticity.py: bursts of N back-to-back fused_experts calls under one pinned tile, each call L2-flushed and bracketed by its own pre-primed event pair, the FIRST call of every burst discarded as a drained-queue launch, a host-side idle gap after each burst setting the sustained duty cycle, and the SM clock, board power and memory clock read through NVML with the burst still in flight; NOT timing.TIMING_BASIS; LOCK MODE: the SM clock locked per state with nvidia-smi -lgc F,F and read back per burst, one duty in every state, each measured burst's gap sized from that burst",1500,,,13.0,580.105.08,True,1,161f9ec19347efb7aa64ac4c645c527e0d2b46d6,NVIDIA GH200 480GB,192-222-51-98,"scripts/clock_elasticity.py: bursts of N back-to-back fused_experts calls under one pinned tile, each call L2-flushed and bracketed by its own pre-primed event pair, the FIRST call of every burst discarded as a drained-queue launch, a host-side idle gap after each burst setting the sustained duty cycle, and the SM clock, board power and memory clock read through NVML with the burst still in flight; NOT timing.TIMING_BASIS; LOCK MODE: the SM clock locked per state with nvidia-smi -lgc F,F and read back per burst, one duty in every state, each measured burst's gap sized from that burst",,bandwidth=not supplied by caller; bandwidth_source=not supplied by caller; iters=not supplied by caller; ridge=not supplied by caller; ridge_source=not supplied by caller; sglang=package not installed,1,3.12.14,,,,200.0,2.13.0,3.7.1,2026-09-27T08:00:24+00:00,0.27.1,200.0
0.25,0.24991027809055674,1,1,1,mixtral-8x7b,bf16,32,64,64,4,8,4,4,128,512,17,18,3,2.5400320291519165,2.5347840785980225,0.006304005308510334,288,43.39955004056295,128.76622922175014,2.5413039326667786,2.5389519929885864,True,1500.0,1500.0,1500.0,1500 1500 1500 1500 1500 1500 1500 1500 1500 1500 1500 1500 1500 1500 1500 1500 1500 1500,18,nvml,True,,True,,1470.0,231.975,2619.0,False,5.991238500428153,14.593460437959811,217.1295039653778,True,ok,,"scripts/clock_elasticity.py: bursts of N back-to-back fused_experts calls under one pinned tile, each call L2-flushed and bracketed by its own pre-primed event pair, the FIRST call of every burst discarded as a drained-queue launch, a host-side idle gap after each burst setting the sustained duty cycle, and the SM clock, board power and memory clock read through NVML with the burst still in flight; NOT timing.TIMING_BASIS; LOCK MODE: the SM clock locked per state with nvidia-smi -lgc F,F and read back per burst, one duty in every state, each measured burst's gap sized from that burst",1500,,,13.0,580.105.08,True,1,161f9ec19347efb7aa64ac4c645c527e0d2b46d6,NVIDIA GH200 480GB,192-222-51-98,"scripts/clock_elasticity.py: bursts of N back-to-back fused_experts calls under one pinned tile, each call L2-flushed and bracketed by its own pre-primed event pair, the FIRST call of every burst discarded as a drained-queue launch, a host-side idle gap after each burst setting the sustained duty cycle, and the SM clock, board power and memory clock read through NVML with the burst still in flight; NOT timing.TIMING_BASIS; LOCK MODE: the SM clock locked per state with nvidia-smi -lgc F,F and read back per burst, one duty in every state, each measured burst's gap sized from that burst",,bandwidth=not supplied by caller; bandwidth_source=not supplied by caller; iters=not supplied by caller; ridge=not supplied by caller; ridge_source=not supplied by caller; sglang=package not installed,1,3.12.14,,,,200.0,2.13.0,3.7.1,2026-09-27T08:00:24+00:00,0.27.1,200.0
0.25,0.24989505360564807,1,1,1,mixtral-8x7b,bf16,32,64,64,4,8,4,5,160,640,13,18,3,3.162368059158325,3.155679941177368,0.007290072170764118,216,41.361644519699944,122.92297212642734,3.162992000579834,3.161792039871216,True,1500.0,1500.0,1500.0,1500 1500 1500 1500 1500 1500 1500 1500 1500 1500 1500 1500 1500 1500 1500 1500 1500 1500,18,nvml,True,,True,,1470.0,240.691,2619.0,False,4.550633499547985,11.462997348514284,206.36015963554382,True,ok,,"scripts/clock_elasticity.py: bursts of N back-to-back fused_experts calls under one pinned tile, each call L2-flushed and bracketed by its own pre-primed event pair, the FIRST call of every burst discarded as a drained-queue launch, a host-side idle gap after each burst setting the sustained duty cycle, and the SM clock, board power and memory clock read through NVML with the burst still in flight; NOT timing.TIMING_BASIS; LOCK MODE: the SM clock locked per state with nvidia-smi -lgc F,F and read back per burst, one duty in every state, each measured burst's gap sized from that burst",1500,,,13.0,580.105.08,True,1,161f9ec19347efb7aa64ac4c645c527e0d2b46d6,NVIDIA GH200 480GB,192-222-51-98,"scripts/clock_elasticity.py: bursts of N back-to-back fused_experts calls under one pinned tile, each call L2-flushed and bracketed by its own pre-primed event pair, the FIRST call of every burst discarded as a drained-queue launch, a host-side idle gap after each burst setting the sustained duty cycle, and the SM clock, board power and memory clock read through NVML with the burst still in flight; NOT timing.TIMING_BASIS; LOCK MODE: the SM clock locked per state with nvidia-smi -lgc F,F and read back per burst, one duty in every state, each measured burst's gap sized from that burst",,bandwidth=not supplied by caller; bandwidth_source=not supplied by caller; iters=not supplied by caller; ridge=not supplied by caller; ridge_source=not supplied by caller; sglang=package not installed,1,3.12.14,,,,200.0,2.13.0,3.7.1,2026-09-27T08:00:24+00:00,0.27.1,200.0
0.25,0.24990283557708498,1,1,1,mixtral-8x7b,bf16,32,64,64,4,8,4,6,192,768,11,18,3,3.7923840284347534,3.779776096343994,0.009068354411790882,180,41.94739376174079,124.87693627090628,3.799791991710663,3.7870960235595703,True,1500.0,1500.0,1500.0,1500 1500 1500 1500 1500 1500 1500 1500 1500 1500 1500 1500 1500 1500 1500 1500 1500 1500,18,nvml,True,,True,,1470.0,234.251,2619.0,False,3.8653630003864237,9.93872603221082,209.53980779647827,True,ok,,"scripts/clock_elasticity.py: bursts of N back-to-back fused_experts calls under one pinned tile, each call L2-flushed and bracketed by its own pre-primed event pair, the FIRST call of every burst discarded as a drained-queue launch, a host-side idle gap after each burst setting the sustained duty cycle, and the SM clock, board power and memory clock read through NVML with the burst still in flight; NOT timing.TIMING_BASIS; LOCK MODE: the SM clock locked per state with nvidia-smi -lgc F,F and read back per burst, one duty in every state, each measured burst's gap sized from that burst",1500,,,13.0,580.105.08,True,1,161f9ec19347efb7aa64ac4c645c527e0d2b46d6,NVIDIA GH200 480GB,192-222-51-98,"scripts/clock_elasticity.py: bursts of N back-to-back fused_experts calls under one pinned tile, each call L2-flushed and bracketed by its own pre-primed event pair, the FIRST call of every burst discarded as a drained-queue launch, a host-side idle gap after each burst setting the sustained duty cycle, and the SM clock, board power and memory clock read through NVML with the burst still in flight; NOT timing.TIMING_BASIS; LOCK MODE: the SM clock locked per state with nvidia-smi -lgc F,F and read back per burst, one duty in every state, each measured burst's gap sized from that burst",,bandwidth=not supplied by caller; bandwidth_source=not supplied by caller; iters=not supplied by caller; ridge=not supplied by caller; ridge_source=not supplied by caller; sglang=package not installed,1,3.12.14,,,,200.0,2.13.0,3.7.1,2026-09-27T08:00:24+00:00,0.27.1,200.0
0.25,0.24989750849422057,1,1,1,mixtral-8x7b,bf16,32,64,64,4,8,4,7,224,896,9,18,3,4.419632196426392,4.411136150360107,0.011128263982921778,144,40.00373864173889,119.22906925216375,4.430528044700623,4.417871952056885,True,1500.0,1500.0,1500.0,1500 1500 1500 1500 1500 1500 1500 1500 1500 1500 1500 1500 1500 1500 1500 1500 1500 1500,18,nvml,True,,True,,1470.0,232.8845,2619.0,False,3.2181579999814858,8.223189726805373,200.12480068206787,True,ok,,"scripts/clock_elasticity.py: bursts of N back-to-back fused_experts calls under one pinned tile, each call L2-flushed and bracketed by its own pre-primed event pair, the FIRST call of every burst discarded as a drained-queue launch, a host-side idle gap after each burst setting the sustained duty cycle, and the SM clock, board power and memory clock read through NVML with the burst still in flight; NOT timing.TIMING_BASIS; LOCK MODE: the SM clock locked per state with nvidia-smi -lgc F,F and read back per burst, one duty in every state, each measured burst's gap sized from that burst",1500,,,13.0,580.105.08,True,1,161f9ec19347efb7aa64ac4c645c527e0d2b46d6,NVIDIA GH200 480GB,192-222-51-98,"scripts/clock_elasticity.py: bursts of N back-to-back fused_experts calls under one pinned tile, each call L2-flushed and bracketed by its own pre-primed event pair, the FIRST call of every burst discarded as a drained-queue launch, a host-side idle gap after each burst setting the sustained duty cycle, and the SM clock, board power and memory clock read through NVML with the burst still in flight; NOT timing.TIMING_BASIS; LOCK MODE: the SM clock locked per state with nvidia-smi -lgc F,F and read back per burst, one duty in every state, each measured burst's gap sized from that burst",,bandwidth=not supplied by caller; bandwidth_source=not supplied by caller; iters=not supplied by caller; ridge=not supplied by caller; ridge_source=not supplied by caller; sglang=package not installed,1,3.12.14,,,,200.0,2.13.0,3.7.1,2026-09-27T08:00:24+00:00,0.27.1,200.0
0.25,0.24989424275235006,1,1,1,mixtral-8x7b,bf16,32,64,64,4,8,4,8,256,1024,8,18,3,5.043855905532837,5.033664226531982,0.011070057096679907,126,40.565166287951996,120.92080747839645,5.049391984939575,5.042511940002441,True,1500.0,1500.0,1500.0,1500 1500 1500 1500 1500 1500 1500 1500 1500 1500 1500 1500 1500 1500 1500 1500 1500 1500,18,nvml,True,,True,,1470.0,225.1415,2619.0,False,2.8805859997191874,7.394566324272323,202.94451332092285,True,ok,,"scripts/clock_elasticity.py: bursts of N back-to-back fused_experts calls under one pinned tile, each call L2-flushed and bracketed by its own pre-primed event pair, the FIRST call of every burst discarded as a drained-queue launch, a host-side idle gap after each burst setting the sustained duty cycle, and the SM clock, board power and memory clock read through NVML with the burst still in flight; NOT timing.TIMING_BASIS; LOCK MODE: the SM clock locked per state with nvidia-smi -lgc F,F and read back per burst, one duty in every state, each measured burst's gap sized from that burst",1500,,,13.0,580.105.08,True,1,161f9ec19347efb7aa64ac4c645c527e0d2b46d6,NVIDIA GH200 480GB,192-222-51-98,"scripts/clock_elasticity.py: bursts of N back-to-back fused_experts calls under one pinned tile, each call L2-flushed and bracketed by its own pre-primed event pair, the FIRST call of every burst discarded as a drained-queue launch, a host-side idle gap after each burst setting the sustained duty cycle, and the SM clock, board power and memory clock read through NVML with the burst still in flight; NOT timing.TIMING_BASIS; LOCK MODE: the SM clock locked per state with nvidia-smi -lgc F,F and read back per burst, one duty in every state, each measured burst's gap sized from that burst",,bandwidth=not supplied by caller; bandwidth_source=not supplied by caller; iters=not supplied by caller; ridge=not supplied by caller; ridge_source=not supplied by caller; sglang=package not installed,1,3.12.14,,,,200.0,2.13.0,3.7.1,2026-09-27T08:00:24+00:00,0.27.1,200.0
0.25,0.24989608659375595,0,1,2,mixtral-8x7b,bf16,32,64,64,4,8,4,1,32,128,47,18,3,0.8525600135326385,0.8430079817771912,0.0030886679436184397,828,40.240302281247246,116.90817443347987,0.8528159856796265,0.8520959913730621,True,1710.0,1710.0,1710.0,1710 1710 1710 1710 1710 1710 1710 1710 1710 1710 1710 1710 1710 1710 1710 1710 1710 1710,18,nvml,False,high,True,,1470.0,273.37350000000004,2619.0,False,15.073754000241024,29.937337839163945,201.0914877653122,True,ok,"LEVEL HIGH (recorded, never an exclusion here): loaded clock 1710 MHz against the 1470 MHz reference. At a duty cycle below 1.0 a HIGH reading is the experiment working, not a cell to drop.","scripts/clock_elasticity.py: bursts of N back-to-back fused_experts calls under one pinned tile, each call L2-flushed and bracketed by its own pre-primed event pair, the FIRST call of every burst discarded as a drained-queue launch, a host-side idle gap after each burst setting the sustained duty cycle, and the SM clock, board power and memory clock read through NVML with the burst still in flight; NOT timing.TIMING_BASIS; LOCK MODE: the SM clock locked per state with nvidia-smi -lgc F,F and read back per burst, one duty in every state, each measured burst's gap sized from that burst",1710,,,13.0,580.105.08,True,1,161f9ec19347efb7aa64ac4c645c527e0d2b46d6,NVIDIA GH200 480GB,192-222-51-98,"scripts/clock_elasticity.py: bursts of N back-to-back fused_experts calls under one pinned tile, each call L2-flushed and bracketed by its own pre-primed event pair, the FIRST call of every burst discarded as a drained-queue launch, a host-side idle gap after each burst setting the sustained duty cycle, and the SM clock, board power and memory clock read through NVML with the burst still in flight; NOT timing.TIMING_BASIS; LOCK MODE: the SM clock locked per state with nvidia-smi -lgc F,F and read back per burst, one duty in every state, each measured burst's gap sized from that burst",,bandwidth=not supplied by caller; bandwidth_source=not supplied by caller; iters=not supplied by caller; ridge=not supplied by caller; ridge_source=not supplied by caller; sglang=package not installed,1,3.12.14,,,,200.0,2.13.0,3.7.1,2026-09-27T08:00:24+00:00,0.27.1,200.0
0.25,0.24988666990491487,0,1,2,mixtral-8x7b,bf16,32,64,64,4,8,4,2,64,256,31,18,3,1.1691359877586365,1.1582080125808716,0.01064124236192553,540,36.494691570599876,106.83450920638643,1.170192003250122,1.1705920100212097,True,1710.0,1710.0,1710.0,1710 1710 1710 1575 1710 1710 1710 1710 1710 1710 1710 1710 1710 1710 1620 1710 1710 1710,18,nvml,False,high,True,,1470.0,294.696,2619.0,False,9.98257100036426,22.467972643355232,219.19116747379303,True,ok,"LEVEL HIGH (recorded, never an exclusion here): loaded clock 1710 MHz against the 1470 MHz reference. At a duty cycle below 1.0 a HIGH reading is the experiment working, not a cell to drop.","scripts/clock_elasticity.py: bursts of N back-to-back fused_experts calls under one pinned tile, each call L2-flushed and bracketed by its own pre-primed event pair, the FIRST call of every burst discarded as a drained-queue launch, a host-side idle gap after each burst setting the sustained duty cycle, and the SM clock, board power and memory clock read through NVML with the burst still in flight; NOT timing.TIMING_BASIS; LOCK MODE: the SM clock locked per state with nvidia-smi -lgc F,F and read back per burst, one duty in every state, each measured burst's gap sized from that burst",1710,,,13.0,580.105.08,True,1,161f9ec19347efb7aa64ac4c645c527e0d2b46d6,NVIDIA GH200 480GB,192-222-51-98,"scripts/clock_elasticity.py: bursts of N back-to-back fused_experts calls under one pinned tile, each call L2-flushed and bracketed by its own pre-primed event pair, the FIRST call of every burst discarded as a drained-queue launch, a host-side idle gap after each burst setting the sustained duty cycle, and the SM clock, board power and memory clock read through NVML with the burst still in flight; NOT timing.TIMING_BASIS; LOCK MODE: the SM clock locked per state with nvidia-smi -lgc F,F and read back per burst, one duty in every state, each measured burst's gap sized from that burst",,bandwidth=not supplied by caller; bandwidth_source=not supplied by caller; iters=not supplied by caller; ridge=not supplied by caller; ridge_source=not supplied by caller; sglang=package not installed,1,3.12.14,,,,200.0,2.13.0,3.7.1,2026-09-27T08:00:24+00:00,0.27.1,200.0
0.25,0.24987539198328984,0,1,2,mixtral-8x7b,bf16,32,64,64,4,8,4,3,96,384,20,18,3,1.7244160175323486,1.7046079635620117,0.017015681146283452,342,34.74473949935701,102.38485181998841,1.7265360057353973,1.7282480001449585,True,1710.0,1710.0,1710.0,1710 1710 1710 1710 1710 1620 1710 1605 1710 1710 1575 1710 1695 1710 1710 1710 1710 1710,18,nvml,False,high,True,,1470.0,298.477,2619.0,False,6.5666995001265605,16.16085958298859,208.73443245887756,True,ok,"LEVEL HIGH (recorded, never an exclusion here): loaded clock 1710 MHz against the 1470 MHz reference. At a duty cycle below 1.0 a HIGH reading is the experiment working, not a cell to drop.","scripts/clock_elasticity.py: bursts of N back-to-back fused_experts calls under one pinned tile, each call L2-flushed and bracketed by its own pre-primed event pair, the FIRST call of every burst discarded as a drained-queue launch, a host-side idle gap after each burst setting the sustained duty cycle, and the SM clock, board power and memory clock read through NVML with the burst still in flight; NOT timing.TIMING_BASIS; LOCK MODE: the SM clock locked per state with nvidia-smi -lgc F,F and read back per burst, one duty in every state, each measured burst's gap sized from that burst",1710,,,13.0,580.105.08,True,1,161f9ec19347efb7aa64ac4c645c527e0d2b46d6,NVIDIA GH200 480GB,192-222-51-98,"scripts/clock_elasticity.py: bursts of N back-to-back fused_experts calls under one pinned tile, each call L2-flushed and bracketed by its own pre-primed event pair, the FIRST call of every burst discarded as a drained-queue launch, a host-side idle gap after each burst setting the sustained duty cycle, and the SM clock, board power and memory clock read through NVML with the burst still in flight; NOT timing.TIMING_BASIS; LOCK MODE: the SM clock locked per state with nvidia-smi -lgc F,F and read back per burst, one duty in every state, each measured burst's gap sized from that burst",,bandwidth=not supplied by caller; bandwidth_source=not supplied by caller; iters=not supplied by caller; ridge=not supplied by caller; ridge_source=not supplied by caller; sglang=package not installed,1,3.12.14,,,,200.0,2.13.0,3.7.1,2026-09-27T08:00:24+00:00,0.27.1,200.0
0.25,0.24989509455182807,0,1,2,mixtral-8x7b,bf16,32,64,64,4,8,4,4,128,512,17,18,3,2.2380480766296387,2.2285120487213135,0.0063096042648189,288,38.264650689231026,113.39439111326647,2.243175983428955,2.2363120317459106,True,1710.0,1710.0,1710.0,1710 1710 1710 1710 1710 1710 1710 1710 1710 1710 1710 1710 1710 1710 1710 1710 1710 1710,18,nvml,False,high,True,,1470.0,283.9425,2619.0,False,5.774452499736071,14.291295219611001,229.6470718383789,True,ok,"LEVEL HIGH (recorded, never an exclusion here): loaded clock 1710 MHz against the 1470 MHz reference. At a duty cycle below 1.0 a HIGH reading is the experiment working, not a cell to drop.","scripts/clock_elasticity.py: bursts of N back-to-back fused_experts calls under one pinned tile, each call L2-flushed and bracketed by its own pre-primed event pair, the FIRST call of every burst discarded as a drained-queue launch, a host-side idle gap after each burst setting the sustained duty cycle, and the SM clock, board power and memory clock read through NVML with the burst still in flight; NOT timing.TIMING_BASIS; LOCK MODE: the SM clock locked per state with nvidia-smi -lgc F,F and read back per burst, one duty in every state, each measured burst's gap sized from that burst",1710,,,13.0,580.105.08,True,1,161f9ec19347efb7aa64ac4c645c527e0d2b46d6,NVIDIA GH200 480GB,192-222-51-98,"scripts/clock_elasticity.py: bursts of N back-to-back fused_experts calls under one pinned tile, each call L2-flushed and bracketed by its own pre-primed event pair, the FIRST call of every burst discarded as a drained-queue launch, a host-side idle gap after each burst setting the sustained duty cycle, and the SM clock, board power and memory clock read through NVML with the burst still in flight; NOT timing.TIMING_BASIS; LOCK MODE: the SM clock locked per state with nvidia-smi -lgc F,F and read back per burst, one duty in every state, each measured burst's gap sized from that burst",,bandwidth=not supplied by caller; bandwidth_source=not supplied by caller; iters=not supplied by caller; ridge=not supplied by caller; ridge_source=not supplied by caller; sglang=package not installed,1,3.12.14,,,,200.0,2.13.0,3.7.1,2026-09-27T08:00:24+00:00,0.27.1,200.0
0.25,0.24989028521410747,0,1,2,mixtral-8x7b,bf16,32,64,64,4,8,4,5,160,640,13,18,3,2.791759967803955,2.7784318923950195,0.020323055247128203,216,36.55497255590227,108.51893639411355,2.7983840703964233,2.791759967803955,True,1710.0,1710.0,1710.0,1710 1710 1710 1605 1710 1710 1710 1710 1710 1710 1710 1710 1710 1710 1650 1710 1710 1710,18,nvml,False,high,True,,1470.0,294.3605,2619.0,False,4.449095999916608,11.241302116025826,218.8842556476593,True,ok,"LEVEL HIGH (recorded, never an exclusion here): loaded clock 1710 MHz against the 1470 MHz reference. At a duty cycle below 1.0 a HIGH reading is the experiment working, not a cell to drop.","scripts/clock_elasticity.py: bursts of N back-to-back fused_experts calls under one pinned tile, each call L2-flushed and bracketed by its own pre-primed event pair, the FIRST call of every burst discarded as a drained-queue launch, a host-side idle gap after each burst setting the sustained duty cycle, and the SM clock, board power and memory clock read through NVML with the burst still in flight; NOT timing.TIMING_BASIS; LOCK MODE: the SM clock locked per state with nvidia-smi -lgc F,F and read back per burst, one duty in every state, each measured burst's gap sized from that burst",1710,,,13.0,580.105.08,True,1,161f9ec19347efb7aa64ac4c645c527e0d2b46d6,NVIDIA GH200 480GB,192-222-51-98,"scripts/clock_elasticity.py: bursts of N back-to-back fused_experts calls under one pinned tile, each call L2-flushed and bracketed by its own pre-primed event pair, the FIRST call of every burst discarded as a drained-queue launch, a host-side idle gap after each burst setting the sustained duty cycle, and the SM clock, board power and memory clock read through NVML with the burst still in flight; NOT timing.TIMING_BASIS; LOCK MODE: the SM clock locked per state with nvidia-smi -lgc F,F and read back per burst, one duty in every state, each measured burst's gap sized from that burst",,bandwidth=not supplied by caller; bandwidth_source=not supplied by caller; iters=not supplied by caller; ridge=not supplied by caller; ridge_source=not supplied by caller; sglang=package not installed,1,3.12.14,,,,200.0,2.13.0,3.7.1,2026-09-27T08:00:24+00:00,0.27.1,200.0
0.25,0.24988332512270475,0,1,2,mixtral-8x7b,bf16,32,64,64,4,8,4,6,192,768,11,18,3,3.338144063949585,3.3248000144958496,0.014387689205757063,180,36.99691384368472,109.97531682954285,3.343344032764435,3.341095983982086,True,1710.0,1620.0,1710.0,1620 1710 1710 1710 1710 1710 1710 1710 1710 1710 1710 1710 1710 1710 1710 1710 1710 1710,18,nvml,False,high,False,settling upward,1470.0,289.58050000000003,2619.0,False,3.9836040004956885,9.778478881988617,221.99251198768616,True,ok,"LEVEL HIGH (recorded, never an exclusion here): loaded clock 1710 MHz against the 1470 MHz reference. At a duty cycle below 1.0 a HIGH reading is the experiment working, not a cell to drop.; DRIFT failed, settling upward: 1620 -> 1710 MHz over 18 bursts; this cell is EXCLUDED","scripts/clock_elasticity.py: bursts of N back-to-back fused_experts calls under one pinned tile, each call L2-flushed and bracketed by its own pre-primed event pair, the FIRST call of every burst discarded as a drained-queue launch, a host-side idle gap after each burst setting the sustained duty cycle, and the SM clock, board power and memory clock read through NVML with the burst still in flight; NOT timing.TIMING_BASIS; LOCK MODE: the SM clock locked per state with nvidia-smi -lgc F,F and read back per burst, one duty in every state, each measured burst's gap sized from that burst",1710,,,13.0,580.105.08,True,1,161f9ec19347efb7aa64ac4c645c527e0d2b46d6,NVIDIA GH200 480GB,192-222-51-98,"scripts/clock_elasticity.py: bursts of N back-to-back fused_experts calls under one pinned tile, each call L2-flushed and bracketed by its own pre-primed event pair, the FIRST call of every burst discarded as a drained-queue launch, a host-side idle gap after each burst setting the sustained duty cycle, and the SM clock, board power and memory clock read through NVML with the burst still in flight; NOT timing.TIMING_BASIS; LOCK MODE: the SM clock locked per state with nvidia-smi -lgc F,F and read back per burst, one duty in every state, each measured burst's gap sized from that burst",,bandwidth=not supplied by caller; bandwidth_source=not supplied by caller; iters=not supplied by caller; ridge=not supplied by caller; ridge_source=not supplied by caller; sglang=package not installed,1,3.12.14,,,,200.0,2.13.0,3.7.1,2026-09-27T08:00:24+00:00,0.27.1,200.0
0.25,0.24989065427575594,0,1,2,mixtral-8x7b,bf16,32,64,64,4,8,4,7,224,896,9,18,3,3.8926879167556763,3.8786559104919434,0.014642644600887657,144,35.258974273999534,104.96391154718368,3.896031975746155,3.8931280374526978,True,1710.0,1710.0,1710.0,1710 1710 1710 1710 1710 1650 1710 1710 1710 1710 1710 1710 1710 1710 1710 1710 1710 1710,18,nvml,False,high,True,,1470.0,280.8935,2619.0,False,3.157500500037713,8.140878633786675,211.6978554725647,True,ok,"LEVEL HIGH (recorded, never an exclusion here): loaded clock 1710 MHz against the 1470 MHz reference. At a duty cycle below 1.0 a HIGH reading is the experiment working, not a cell to drop.","scripts/clock_elasticity.py: bursts of N back-to-back fused_experts calls under one pinned tile, each call L2-flushed and bracketed by its own pre-primed event pair, the FIRST call of every burst discarded as a drained-queue launch, a host-side idle gap after each burst setting the sustained duty cycle, and the SM clock, board power and memory clock read through NVML with the burst still in flight; NOT timing.TIMING_BASIS; LOCK MODE: the SM clock locked per state with nvidia-smi -lgc F,F and read back per burst, one duty in every state, each measured burst's gap sized from that burst",1710,,,13.0,580.105.08,True,1,161f9ec19347efb7aa64ac4c645c527e0d2b46d6,NVIDIA GH200 480GB,192-222-51-98,"scripts/clock_elasticity.py: bursts of N back-to-back fused_experts calls under one pinned tile, each call L2-flushed and bracketed by its own pre-primed event pair, the FIRST call of every burst discarded as a drained-queue launch, a host-side idle gap after each burst setting the sustained duty cycle, and the SM clock, board power and memory clock read through NVML with the burst still in flight; NOT timing.TIMING_BASIS; LOCK MODE: the SM clock locked per state with nvidia-smi -lgc F,F and read back per burst, one duty in every state, each measured burst's gap sized from that burst",,bandwidth=not supplied by caller; bandwidth_source=not supplied by caller; iters=not supplied by caller; ridge=not supplied by caller; ridge_source=not supplied by caller; sglang=package not installed,1,3.12.14,,,,200.0,2.13.0,3.7.1,2026-09-27T08:00:24+00:00,0.27.1,200.0
0.25,0.2498831161705862,0,1,2,mixtral-8x7b,bf16,32,64,64,4,8,4,8,256,1024,8,18,3,4.436319828033447,4.426688194274902,0.006932649993991676,126,35.68716624048021,106.3198620273397,4.443264007568359,4.435535907745361,True,1710.0,1710.0,1710.0,1710 1710 1710 1710 1710 1710 1710 1710 1710 1710 1710 1710 1710 1710 1710 1710 1710 1710,18,nvml,False,high,True,,1470.0,280.276,2619.0,False,2.74845700005244,7.341646428864807,214.10006427764893,True,ok,"LEVEL HIGH (recorded, never an exclusion here): loaded clock 1710 MHz against the 1470 MHz reference. At a duty cycle below 1.0 a HIGH reading is the experiment working, not a cell to drop.","scripts/clock_elasticity.py: bursts of N back-to-back fused_experts calls under one pinned tile, each call L2-flushed and bracketed by its own pre-primed event pair, the FIRST call of every burst discarded as a drained-queue launch, a host-side idle gap after each burst setting the sustained duty cycle, and the SM clock, board power and memory clock read through NVML with the burst still in flight; NOT timing.TIMING_BASIS; LOCK MODE: the SM clock locked per state with nvidia-smi -lgc F,F and read back per burst, one duty in every state, each measured burst's gap sized from that burst",1710,,,13.0,580.105.08,True,1,161f9ec19347efb7aa64ac4c645c527e0d2b46d6,NVIDIA GH200 480GB,192-222-51-98,"scripts/clock_elasticity.py: bursts of N back-to-back fused_experts calls under one pinned tile, each call L2-flushed and bracketed by its own pre-primed event pair, the FIRST call of every burst discarded as a drained-queue launch, a host-side idle gap after each burst setting the sustained duty cycle, and the SM clock, board power and memory clock read through NVML with the burst still in flight; NOT timing.TIMING_BASIS; LOCK MODE: the SM clock locked per state with nvidia-smi -lgc F,F and read back per burst, one duty in every state, each measured burst's gap sized from that burst",,bandwidth=not supplied by caller; bandwidth_source=not supplied by caller; iters=not supplied by caller; ridge=not supplied by caller; ridge_source=not supplied by caller; sglang=package not installed,1,3.12.14,,,,200.0,2.13.0,3.7.1,2026-09-27T08:00:24+00:00,0.27.1,200.0
0.25,0.24990692689881797,0,2,0,mixtral-8x7b,bf16,32,64,64,4,8,4,1,32,128,47,18,3,0.8532640039920807,0.8445119857788086,0.003117147652586468,828,40.264814257621765,117.02142174895926,0.8529280126094818,0.8535520136356354,True,1710.0,1710.0,1710.0,1710 1710 1710 1710 1710 1710 1710 1710 1710 1710 1710 1710 1710 1710 1710 1710 1710 1710,18,nvml,False,high,True,,1470.0,272.64099999999996,2619.0,False,14.751974500086362,30.51768900979792,201.222815990448,True,ok,"LEVEL HIGH (recorded, never an exclusion here): loaded clock 1710 MHz against the 1470 MHz reference. At a duty cycle below 1.0 a HIGH reading is the experiment working, not a cell to drop.","scripts/clock_elasticity.py: bursts of N back-to-back fused_experts calls under one pinned tile, each call L2-flushed and bracketed by its own pre-primed event pair, the FIRST call of every burst discarded as a drained-queue launch, a host-side idle gap after each burst setting the sustained duty cycle, and the SM clock, board power and memory clock read through NVML with the burst still in flight; NOT timing.TIMING_BASIS; LOCK MODE: the SM clock locked per state with nvidia-smi -lgc F,F and read back per burst, one duty in every state, each measured burst's gap sized from that burst",1710,,,13.0,580.105.08,True,1,161f9ec19347efb7aa64ac4c645c527e0d2b46d6,NVIDIA GH200 480GB,192-222-51-98,"scripts/clock_elasticity.py: bursts of N back-to-back fused_experts calls under one pinned tile, each call L2-flushed and bracketed by its own pre-primed event pair, the FIRST call of every burst discarded as a drained-queue launch, a host-side idle gap after each burst setting the sustained duty cycle, and the SM clock, board power and memory clock read through NVML with the burst still in flight; NOT timing.TIMING_BASIS; LOCK MODE: the SM clock locked per state with nvidia-smi -lgc F,F and read back per burst, one duty in every state, each measured burst's gap sized from that burst",,bandwidth=not supplied by caller; bandwidth_source=not supplied by caller; iters=not supplied by caller; ridge=not supplied by caller; ridge_source=not supplied by caller; sglang=package not installed,1,3.12.14,,,,200.0,2.13.0,3.7.1,2026-09-27T08:00:24+00:00,0.27.1,200.0
0.25,0.24988362225781394,0,2,0,mixtral-8x7b,bf16,32,64,64,4,8,4,2,64,256,31,18,3,1.1710079908370972,1.1602239608764648,0.009184412666370463,540,36.54939551485909,107.05207599875575,1.1715359687805176,1.1704480051994324,True,1710.0,1710.0,1710.0,1710 1710 1710 1710 1710 1710 1710 1710 1710 1710 1710 1710 1710 1710 1650 1710 1710 1710,18,nvml,False,high,True,,1470.0,295.804,2619.0,False,10.138124999684806,22.288145355656802,219.2275207042694,True,ok,"LEVEL HIGH (recorded, never an exclusion here): loaded clock 1710 MHz against the 1470 MHz reference. At a duty cycle below 1.0 a HIGH reading is the experiment working, not a cell to drop.","scripts/clock_elasticity.py: bursts of N back-to-back fused_experts calls under one pinned tile, each call L2-flushed and bracketed by its own pre-primed event pair, the FIRST call of every burst discarded as a drained-queue launch, a host-side idle gap after each burst setting the sustained duty cycle, and the SM clock, board power and memory clock read through NVML with the burst still in flight; NOT timing.TIMING_BASIS; LOCK MODE: the SM clock locked per state with nvidia-smi -lgc F,F and read back per burst, one duty in every state, each measured burst's gap sized from that burst",1710,,,13.0,580.105.08,True,1,161f9ec19347efb7aa64ac4c645c527e0d2b46d6,NVIDIA GH200 480GB,192-222-51-98,"scripts/clock_elasticity.py: bursts of N back-to-back fused_experts calls under one pinned tile, each call L2-flushed and bracketed by its own pre-primed event pair, the FIRST call of every burst discarded as a drained-queue launch, a host-side idle gap after each burst setting the sustained duty cycle, and the SM clock, board power and memory clock read through NVML with the burst still in flight; NOT timing.TIMING_BASIS; LOCK MODE: the SM clock locked per state with nvidia-smi -lgc F,F and read back per burst, one duty in every state, each measured burst's gap sized from that burst",,bandwidth=not supplied by caller; bandwidth_source=not supplied by caller; iters=not supplied by caller; ridge=not supplied by caller; ridge_source=not supplied by caller; sglang=package not installed,1,3.12.14,,,,200.0,2.13.0,3.7.1,2026-09-27T08:00:24+00:00,0.27.1,200.0
0.25,0.24987890625900913,0,2,0,mixtral-8x7b,bf16,32,64,64,4,8,4,3,96,384,20,18,3,1.7279840111732483,1.7100160121917725,0.020666446800656373,342,34.852903167406716,102.8252838288754,1.7283679842948914,1.7606000304222107,True,1710.0,1710.0,1710.0,1710 1710 1710 1710 1710 1710 1710 1710 1710 1710 1710 1710 1710 1710 1710 1710 1710 1710,18,nvml,False,high,True,,1470.0,299.5565,2619.0,False,6.496923500435514,16.24025865800113,208.42268764972687,True,ok,"LEVEL HIGH (recorded, never an exclusion here): loaded clock 1710 MHz against the 1470 MHz reference. At a duty cycle below 1.0 a HIGH reading is the experiment working, not a cell to drop.","scripts/clock_elasticity.py: bursts of N back-to-back fused_experts calls under one pinned tile, each call L2-flushed and bracketed by its own pre-primed event pair, the FIRST call of every burst discarded as a drained-queue launch, a host-side idle gap after each burst setting the sustained duty cycle, and the SM clock, board power and memory clock read through NVML with the burst still in flight; NOT timing.TIMING_BASIS; LOCK MODE: the SM clock locked per state with nvidia-smi -lgc F,F and read back per burst, one duty in every state, each measured burst's gap sized from that burst",1710,,,13.0,580.105.08,True,1,161f9ec19347efb7aa64ac4c645c527e0d2b46d6,NVIDIA GH200 480GB,192-222-51-98,"scripts/clock_elasticity.py: bursts of N back-to-back fused_experts calls under one pinned tile, each call L2-flushed and bracketed by its own pre-primed event pair, the FIRST call of every burst discarded as a drained-queue launch, a host-side idle gap after each burst setting the sustained duty cycle, and the SM clock, board power and memory clock read through NVML with the burst still in flight; NOT timing.TIMING_BASIS; LOCK MODE: the SM clock locked per state with nvidia-smi -lgc F,F and read back per burst, one duty in every state, each measured burst's gap sized from that burst",,bandwidth=not supplied by caller; bandwidth_source=not supplied by caller; iters=not supplied by caller; ridge=not supplied by caller; ridge_source=not supplied by caller; sglang=package not installed,1,3.12.14,,,,200.0,2.13.0,3.7.1,2026-09-27T08:00:24+00:00,0.27.1,200.0
0.25,0.24989738352672464,0,2,0,mixtral-8x7b,bf16,32,64,64,4,8,4,4,128,512,17,18,3,2.240799903869629,2.2289280891418457,0.006367164535688218,288,38.28914127084944,113.42402118758037,2.2443679571151733,2.238376021385193,True,1710.0,1710.0,1710.0,1710 1710 1710 1710 1710 1710 1710 1710 1710 1710 1710 1710 1710 1710 1710 1710 1710 1710,18,nvml,False,high,True,,1470.0,280.06399999999996,2619.0,False,5.812053000227024,14.365889494339992,229.89200043678284,True,ok,"LEVEL HIGH (recorded, never an exclusion here): loaded clock 1710 MHz against the 1470 MHz reference. At a duty cycle below 1.0 a HIGH reading is the experiment working, not a cell to drop.","scripts/clock_elasticity.py: bursts of N back-to-back fused_experts calls under one pinned tile, each call L2-flushed and bracketed by its own pre-primed event pair, the FIRST call of every burst discarded as a drained-queue launch, a host-side idle gap after each burst setting the sustained duty cycle, and the SM clock, board power and memory clock read through NVML with the burst still in flight; NOT timing.TIMING_BASIS; LOCK MODE: the SM clock locked per state with nvidia-smi -lgc F,F and read back per burst, one duty in every state, each measured burst's gap sized from that burst",1710,,,13.0,580.105.08,True,1,161f9ec19347efb7aa64ac4c645c527e0d2b46d6,NVIDIA GH200 480GB,192-222-51-98,"scripts/clock_elasticity.py: bursts of N back-to-back fused_experts calls under one pinned tile, each call L2-flushed and bracketed by its own pre-primed event pair, the FIRST call of every burst discarded as a drained-queue launch, a host-side idle gap after each burst setting the sustained duty cycle, and the SM clock, board power and memory clock read through NVML with the burst still in flight; NOT timing.TIMING_BASIS; LOCK MODE: the SM clock locked per state with nvidia-smi -lgc F,F and read back per burst, one duty in every state, each measured burst's gap sized from that burst",,bandwidth=not supplied by caller; bandwidth_source=not supplied by caller; iters=not supplied by caller; ridge=not supplied by caller; ridge_source=not supplied by caller; sglang=package not installed,1,3.12.14,,,,200.0,2.13.0,3.7.1,2026-09-27T08:00:24+00:00,0.27.1,200.0
0.25,0.2498820853224247,0,2,0,mixtral-8x7b,bf16,32,64,64,4,8,4,5,160,640,13,18,3,2.7955840826034546,2.7771520614624023,0.0215907994828345,216,36.64985434214274,108.73538396837102,2.797871947288513,2.793007969856262,True,1710.0,1710.0,1710.0,1710 1710 1710 1710 1710 1710 1710 1710 1710 1695 1710 1710 1710 1710 1710 1710 1710 1710,18,nvml,False,high,True,,1470.0,297.594,2619.0,False,4.634409999653144,11.313703520915784,219.44719886779785,True,ok,"LEVEL HIGH (recorded, never an exclusion here): loaded clock 1710 MHz against the 1470 MHz reference. At a duty cycle below 1.0 a HIGH reading is the experiment working, not a cell to drop.","scripts/clock_elasticity.py: bursts of N back-to-back fused_experts calls under one pinned tile, each call L2-flushed and bracketed by its own pre-primed event pair, the FIRST call of every burst discarded as a drained-queue launch, a host-side idle gap after each burst setting the sustained duty cycle, and the SM clock, board power and memory clock read through NVML with the burst still in flight; NOT timing.TIMING_BASIS; LOCK MODE: the SM clock locked per state with nvidia-smi -lgc F,F and read back per burst, one duty in every state, each measured burst's gap sized from that burst",1710,,,13.0,580.105.08,True,1,161f9ec19347efb7aa64ac4c645c527e0d2b46d6,NVIDIA GH200 480GB,192-222-51-98,"scripts/clock_elasticity.py: bursts of N back-to-back fused_experts calls under one pinned tile, each call L2-flushed and bracketed by its own pre-primed event pair, the FIRST call of every burst discarded as a drained-queue launch, a host-side idle gap after each burst setting the sustained duty cycle, and the SM clock, board power and memory clock read through NVML with the burst still in flight; NOT timing.TIMING_BASIS; LOCK MODE: the SM clock locked per state with nvidia-smi -lgc F,F and read back per burst, one duty in every state, each measured burst's gap sized from that burst",,bandwidth=not supplied by caller; bandwidth_source=not supplied by caller; iters=not supplied by caller; ridge=not supplied by caller; ridge_source=not supplied by caller; sglang=package not installed,1,3.12.14,,,,200.0,2.13.0,3.7.1,2026-09-27T08:00:24+00:00,0.27.1,200.0
0.25,0.249881888781038,0,2,0,mixtral-8x7b,bf16,32,64,64,4,8,4,6,192,768,11,18,3,3.339344024658203,3.3269760608673096,0.013690357271545607,180,36.977274629804825,109.95792619129134,3.3441839814186096,3.340664029121399,True,1710.0,1710.0,1710.0,1710 1710 1710 1710 1710 1710 1710 1710 1710 1710 1710 1710 1710 1710 1710 1710 1710 1710,18,nvml,False,high,True,,1470.0,292.64750000000004,2619.0,False,3.910723499757296,9.802204345144041,221.79881525039673,True,ok,"LEVEL HIGH (recorded, never an exclusion here): loaded clock 1710 MHz against the 1470 MHz reference. At a duty cycle below 1.0 a HIGH reading is the experiment working, not a cell to drop.","scripts/clock_elasticity.py: bursts of N back-to-back fused_experts calls under one pinned tile, each call L2-flushed and bracketed by its own pre-primed event pair, the FIRST call of every burst discarded as a drained-queue launch, a host-side idle gap after each burst setting the sustained duty cycle, and the SM clock, board power and memory clock read through NVML with the burst still in flight; NOT timing.TIMING_BASIS; LOCK MODE: the SM clock locked per state with nvidia-smi -lgc F,F and read back per burst, one duty in every state, each measured burst's gap sized from that burst",1710,,,13.0,580.105.08,True,1,161f9ec19347efb7aa64ac4c645c527e0d2b46d6,NVIDIA GH200 480GB,192-222-51-98,"scripts/clock_elasticity.py: bursts of N back-to-back fused_experts calls under one pinned tile, each call L2-flushed and bracketed by its own pre-primed event pair, the FIRST call of every burst discarded as a drained-queue launch, a host-side idle gap after each burst setting the sustained duty cycle, and the SM clock, board power and memory clock read through NVML with the burst still in flight; NOT timing.TIMING_BASIS; LOCK MODE: the SM clock locked per state with nvidia-smi -lgc F,F and read back per burst, one duty in every state, each measured burst's gap sized from that burst",,bandwidth=not supplied by caller; bandwidth_source=not supplied by caller; iters=not supplied by caller; ridge=not supplied by caller; ridge_source=not supplied by caller; sglang=package not installed,1,3.12.14,,,,200.0,2.13.0,3.7.1,2026-09-27T08:00:24+00:00,0.27.1,200.0
0.25,0.24987785360783388,0,2,0,mixtral-8x7b,bf16,32,64,64,4,8,4,7,224,896,9,18,3,3.895151972770691,3.8763840198516846,0.015105519196052982,144,35.28256883886125,105.02947787986342,3.9013440012931824,3.8940640091896057,True,1710.0,1605.0,1620.0,1605 1710 1710 1710 1710 1710 1710 1710 1710 1710 1710 1710 1710 1710 1710 1710 1710 1620,18,nvml,False,high,True,,1470.0,288.50149999999996,2619.0,False,3.2450214998789306,8.129526617238964,211.69168066978455,True,ok,"LEVEL HIGH (recorded, never an exclusion here): loaded clock 1710 MHz against the 1470 MHz reference. At a duty cycle below 1.0 a HIGH reading is the experiment working, not a cell to drop.","scripts/clock_elasticity.py: bursts of N back-to-back fused_experts calls under one pinned tile, each call L2-flushed and bracketed by its own pre-primed event pair, the FIRST call of every burst discarded as a drained-queue launch, a host-side idle gap after each burst setting the sustained duty cycle, and the SM clock, board power and memory clock read through NVML with the burst still in flight; NOT timing.TIMING_BASIS; LOCK MODE: the SM clock locked per state with nvidia-smi -lgc F,F and read back per burst, one duty in every state, each measured burst's gap sized from that burst",1710,,,13.0,580.105.08,True,1,161f9ec19347efb7aa64ac4c645c527e0d2b46d6,NVIDIA GH200 480GB,192-222-51-98,"scripts/clock_elasticity.py: bursts of N back-to-back fused_experts calls under one pinned tile, each call L2-flushed and bracketed by its own pre-primed event pair, the FIRST call of every burst discarded as a drained-queue launch, a host-side idle gap after each burst setting the sustained duty cycle, and the SM clock, board power and memory clock read through NVML with the burst still in flight; NOT timing.TIMING_BASIS; LOCK MODE: the SM clock locked per state with nvidia-smi -lgc F,F and read back per burst, one duty in every state, each measured burst's gap sized from that burst",,bandwidth=not supplied by caller; bandwidth_source=not supplied by caller; iters=not supplied by caller; ridge=not supplied by caller; ridge_source=not supplied by caller; sglang=package not installed,1,3.12.14,,,,200.0,2.13.0,3.7.1,2026-09-27T08:00:24+00:00,0.27.1,200.0
0.25,0.24988147182424517,0,2,0,mixtral-8x7b,bf16,32,64,64,4,8,4,8,256,1024,8,18,3,4.4380481243133545,4.428319931030273,0.005813065571533582,126,35.70609760284424,106.43046617387516,4.439072132110596,4.435487985610962,True,1710.0,1665.0,1710.0,1665 1710 1710 1710 1710 1710 1710 1680 1710 1710 1710 1710 1710 1710 1680 1710 1710 1710,18,nvml,False,high,True,,1470.0,281.69849999999997,2619.0,False,2.858106000076077,7.319870881061504,214.22873497009277,True,ok,"LEVEL HIGH (recorded, never an exclusion here): loaded clock 1710 MHz against the 1470 MHz reference. At a duty cycle below 1.0 a HIGH reading is the experiment working, not a cell to drop.","scripts/clock_elasticity.py: bursts of N back-to-back fused_experts calls under one pinned tile, each call L2-flushed and bracketed by its own pre-primed event pair, the FIRST call of every burst discarded as a drained-queue launch, a host-side idle gap after each burst setting the sustained duty cycle, and the SM clock, board power and memory clock read through NVML with the burst still in flight; NOT timing.TIMING_BASIS; LOCK MODE: the SM clock locked per state with nvidia-smi -lgc F,F and read back per burst, one duty in every state, each measured burst's gap sized from that burst",1710,,,13.0,580.105.08,True,1,161f9ec19347efb7aa64ac4c645c527e0d2b46d6,NVIDIA GH200 480GB,192-222-51-98,"scripts/clock_elasticity.py: bursts of N back-to-back fused_experts calls under one pinned tile, each call L2-flushed and bracketed by its own pre-primed event pair, the FIRST call of every burst discarded as a drained-queue launch, a host-side idle gap after each burst setting the sustained duty cycle, and the SM clock, board power and memory clock read through NVML with the burst still in flight; NOT timing.TIMING_BASIS; LOCK MODE: the SM clock locked per state with nvidia-smi -lgc F,F and read back per burst, one duty in every state, each measured burst's gap sized from that burst",,bandwidth=not supplied by caller; bandwidth_source=not supplied by caller; iters=not supplied by caller; ridge=not supplied by caller; ridge_source=not supplied by caller; sglang=package not installed,1,3.12.14,,,,200.0,2.13.0,3.7.1,2026-09-27T08:00:24+00:00,0.27.1,200.0
0.25,0.24989553277976093,1,2,1,mixtral-8x7b,bf16,32,64,64,4,8,4,1,32,128,47,18,3,0.8592960238456726,0.8511360287666321,0.003322889587231922,828,40.573180490069916,117.88151557527453,0.8594079911708832,0.8590399920940399,True,1500.0,1500.0,1500.0,1500 1500 1500 1500 1500 1500 1500 1500 1500 1500 1500 1500 1500 1500 1500 1500 1500 1500,18,nvml,True,,True,,1470.0,245.3365,2619.0,False,15.202410500023689,30.37762632702049,202.78655970096588,True,ok,,"scripts/clock_elasticity.py: bursts of N back-to-back fused_experts calls under one pinned tile, each call L2-flushed and bracketed by its own pre-primed event pair, the FIRST call of every burst discarded as a drained-queue launch, a host-side idle gap after each burst setting the sustained duty cycle, and the SM clock, board power and memory clock read through NVML with the burst still in flight; NOT timing.TIMING_BASIS; LOCK MODE: the SM clock locked per state with nvidia-smi -lgc F,F and read back per burst, one duty in every state, each measured burst's gap sized from that burst",1500,,,13.0,580.105.08,True,1,161f9ec19347efb7aa64ac4c645c527e0d2b46d6,NVIDIA GH200 480GB,192-222-51-98,"scripts/clock_elasticity.py: bursts of N back-to-back fused_experts calls under one pinned tile, each call L2-flushed and bracketed by its own pre-primed event pair, the FIRST call of every burst discarded as a drained-queue launch, a host-side idle gap after each burst setting the sustained duty cycle, and the SM clock, board power and memory clock read through NVML with the burst still in flight; NOT timing.TIMING_BASIS; LOCK MODE: the SM clock locked per state with nvidia-smi -lgc F,F and read back per burst, one duty in every state, each measured burst's gap sized from that burst",,bandwidth=not supplied by caller; bandwidth_source=not supplied by caller; iters=not supplied by caller; ridge=not supplied by caller; ridge_source=not supplied by caller; sglang=package not installed,1,3.12.14,,,,200.0,2.13.0,3.7.1,2026-09-27T08:00:24+00:00,0.27.1,200.0
0.25,0.24989452951413915,1,2,1,mixtral-8x7b,bf16,32,64,64,4,8,4,2,64,256,31,18,3,1.319200038909912,1.304703950881958,0.005749672957866434,540,41.097996373971306,120.67077017865813,1.321407973766327,1.317471981048584,True,1500.0,1500.0,1500.0,1500 1500 1500 1500 1500 1500 1500 1500 1500 1500 1500 1500 1500 1500 1500 1500 1500 1500,18,nvml,True,,True,,1470.0,243.10750000000002,2619.0,False,9.948539000106393,23.442327890639177,205.76515126228333,True,ok,,"scripts/clock_elasticity.py: bursts of N back-to-back fused_experts calls under one pinned tile, each call L2-flushed and bracketed by its own pre-primed event pair, the FIRST call of every burst discarded as a drained-queue launch, a host-side idle gap after each burst setting the sustained duty cycle, and the SM clock, board power and memory clock read through NVML with the burst still in flight; NOT timing.TIMING_BASIS; LOCK MODE: the SM clock locked per state with nvidia-smi -lgc F,F and read back per burst, one duty in every state, each measured burst's gap sized from that burst",1500,,,13.0,580.105.08,True,1,161f9ec19347efb7aa64ac4c645c527e0d2b46d6,NVIDIA GH200 480GB,192-222-51-98,"scripts/clock_elasticity.py: bursts of N back-to-back fused_experts calls under one pinned tile, each call L2-flushed and bracketed by its own pre-primed event pair, the FIRST call of every burst discarded as a drained-queue launch, a host-side idle gap after each burst setting the sustained duty cycle, and the SM clock, board power and memory clock read through NVML with the burst still in flight; NOT timing.TIMING_BASIS; LOCK MODE: the SM clock locked per state with nvidia-smi -lgc F,F and read back per burst, one duty in every state, each measured burst's gap sized from that burst",,bandwidth=not supplied by caller; bandwidth_source=not supplied by caller; iters=not supplied by caller; ridge=not supplied by caller; ridge_source=not supplied by caller; sglang=package not installed,1,3.12.14,,,,200.0,2.13.0,3.7.1,2026-09-27T08:00:24+00:00,0.27.1,200.0
0.25,0.24989330996170714,1,2,1,mixtral-8x7b,bf16,32,64,64,4,8,4,3,96,384,20,18,3,1.9445599913597107,1.931391954421997,0.008117943934025616,342,39.08165330357022,115.5033875332956,1.9476400315761566,1.9420240223407745,True,1500.0,1500.0,1500.0,1500 1500 1500 1500 1500 1500 1500 1500 1500 1500 1500 1500 1500 1500 1500 1500 1500 1500,18,nvml,True,,True,,1470.0,242.597,2619.0,False,6.315338000149495,16.60251764773833,234.4191998243332,True,ok,,"scripts/clock_elasticity.py: bursts of N back-to-back fused_experts calls under one pinned tile, each call L2-flushed and bracketed by its own pre-primed event pair, the FIRST call of every burst discarded as a drained-queue launch, a host-side idle gap after each burst setting the sustained duty cycle, and the SM clock, board power and memory clock read through NVML with the burst still in flight; NOT timing.TIMING_BASIS; LOCK MODE: the SM clock locked per state with nvidia-smi -lgc F,F and read back per burst, one duty in every state, each measured burst's gap sized from that burst",1500,,,13.0,580.105.08,True,1,161f9ec19347efb7aa64ac4c645c527e0d2b46d6,NVIDIA GH200 480GB,192-222-51-98,"scripts/clock_elasticity.py: bursts of N back-to-back fused_experts calls under one pinned tile, each call L2-flushed and bracketed by its own pre-primed event pair, the FIRST call of every burst discarded as a drained-queue launch, a host-side idle gap after each burst setting the sustained duty cycle, and the SM clock, board power and memory clock read through NVML with the burst still in flight; NOT timing.TIMING_BASIS; LOCK MODE: the SM clock locked per state with nvidia-smi -lgc F,F and read back per burst, one duty in every state, each measured burst's gap sized from that burst",,bandwidth=not supplied by caller; bandwidth_source=not supplied by caller; iters=not supplied by caller; ridge=not supplied by caller; ridge_source=not supplied by caller; sglang=package not installed,1,3.12.14,,,,200.0,2.13.0,3.7.1,2026-09-27T08:00:24+00:00,0.27.1,200.0
0.25,0.24990421057991472,1,2,1,mixtral-8x7b,bf16,32,64,64,4,8,4,4,128,512,17,18,3,2.54150390625,2.535072088241577,0.006773337373588203,288,43.443397323290505,128.83179842654502,2.5440880060195923,2.539295971393585,True,1500.0,1500.0,1500.0,1500 1500 1500 1500 1500 1500 1500 1500 1500 1500 1500 1500 1500 1500 1500 1500 1500 1500,18,nvml,True,,True,,1470.0,232.28199999999998,2619.0,False,5.926502000420442,14.611378154688294,216.91628789901733,True,ok,,"scripts/clock_elasticity.py: bursts of N back-to-back fused_experts calls under one pinned tile, each call L2-flushed and bracketed by its own pre-primed event pair, the FIRST call of every burst discarded as a drained-queue launch, a host-side idle gap after each burst setting the sustained duty cycle, and the SM clock, board power and memory clock read through NVML with the burst still in flight; NOT timing.TIMING_BASIS; LOCK MODE: the SM clock locked per state with nvidia-smi -lgc F,F and read back per burst, one duty in every state, each measured burst's gap sized from that burst",1500,,,13.0,580.105.08,True,1,161f9ec19347efb7aa64ac4c645c527e0d2b46d6,NVIDIA GH200 480GB,192-222-51-98,"scripts/clock_elasticity.py: bursts of N back-to-back fused_experts calls under one pinned tile, each call L2-flushed and bracketed by its own pre-primed event pair, the FIRST call of every burst discarded as a drained-queue launch, a host-side idle gap after each burst setting the sustained duty cycle, and the SM clock, board power and memory clock read through NVML with the burst still in flight; NOT timing.TIMING_BASIS; LOCK MODE: the SM clock locked per state with nvidia-smi -lgc F,F and read back per burst, one duty in every state, each measured burst's gap sized from that burst",,bandwidth=not supplied by caller; bandwidth_source=not supplied by caller; iters=not supplied by caller; ridge=not supplied by caller; ridge_source=not supplied by caller; sglang=package not installed,1,3.12.14,,,,200.0,2.13.0,3.7.1,2026-09-27T08:00:24+00:00,0.27.1,200.0
0.25,0.24989866456513657,1,2,1,mixtral-8x7b,bf16,32,64,64,4,8,4,5,160,640,13,18,3,3.165552020072937,3.1570560932159424,0.007463498025902435,216,41.42826845910814,123.09458885444838,3.1713759899139404,3.162000060081482,True,1500.0,1500.0,1500.0,1500 1500 1500 1500 1500 1500 1500 1500 1500 1500 1500 1500 1500 1500 1500 1500 1500 1500,18,nvml,True,,True,,1470.0,240.1375,2619.0,False,4.552586000045267,11.482380868755909,206.6978883743286,True,ok,,"scripts/clock_elasticity.py: bursts of N back-to-back fused_experts calls under one pinned tile, each call L2-flushed and bracketed by its own pre-primed event pair, the FIRST call of every burst discarded as a drained-queue launch, a host-side idle gap after each burst setting the sustained duty cycle, and the SM clock, board power and memory clock read through NVML with the burst still in flight; NOT timing.TIMING_BASIS; LOCK MODE: the SM clock locked per state with nvidia-smi -lgc F,F and read back per burst, one duty in every state, each measured burst's gap sized from that burst",1500,,,13.0,580.105.08,True,1,161f9ec19347efb7aa64ac4c645c527e0d2b46d6,NVIDIA GH200 480GB,192-222-51-98,"scripts/clock_elasticity.py: bursts of N back-to-back fused_experts calls under one pinned tile, each call L2-flushed and bracketed by its own pre-primed event pair, the FIRST call of every burst discarded as a drained-queue launch, a host-side idle gap after each burst setting the sustained duty cycle, and the SM clock, board power and memory clock read through NVML with the burst still in flight; NOT timing.TIMING_BASIS; LOCK MODE: the SM clock locked per state with nvidia-smi -lgc F,F and read back per burst, one duty in every state, each measured burst's gap sized from that burst",,bandwidth=not supplied by caller; bandwidth_source=not supplied by caller; iters=not supplied by caller; ridge=not supplied by caller; ridge_source=not supplied by caller; sglang=package not installed,1,3.12.14,,,,200.0,2.13.0,3.7.1,2026-09-27T08:00:24+00:00,0.27.1,200.0
0.25,0.2498976130712906,1,2,1,mixtral-8x7b,bf16,32,64,64,4,8,4,6,192,768,11,18,3,3.7894400358200073,3.779871940612793,0.007612228720712585,180,41.91491734981537,124.70853604206059,3.796168029308319,3.7872000336647034,True,1500.0,1500.0,1500.0,1500 1500 1500 1500 1500 1500 1500 1500 1500 1500 1500 1500 1500 1500 1500 1500 1500 1500,18,nvml,True,,True,,1470.0,235.7625,2619.0,False,3.904915500243078,9.9238893290187,209.6772472858429,True,ok,,"scripts/clock_elasticity.py: bursts of N back-to-back fused_experts calls under one pinned tile, each call L2-flushed and bracketed by its own pre-primed event pair, the FIRST call of every burst discarded as a drained-queue launch, a host-side idle gap after each burst setting the sustained duty cycle, and the SM clock, board power and memory clock read through NVML with the burst still in flight; NOT timing.TIMING_BASIS; LOCK MODE: the SM clock locked per state with nvidia-smi -lgc F,F and read back per burst, one duty in every state, each measured burst's gap sized from that burst",1500,,,13.0,580.105.08,True,1,161f9ec19347efb7aa64ac4c645c527e0d2b46d6,NVIDIA GH200 480GB,192-222-51-98,"scripts/clock_elasticity.py: bursts of N back-to-back fused_experts calls under one pinned tile, each call L2-flushed and bracketed by its own pre-primed event pair, the FIRST call of every burst discarded as a drained-queue launch, a host-side idle gap after each burst setting the sustained duty cycle, and the SM clock, board power and memory clock read through NVML with the burst still in flight; NOT timing.TIMING_BASIS; LOCK MODE: the SM clock locked per state with nvidia-smi -lgc F,F and read back per burst, one duty in every state, each measured burst's gap sized from that burst",,bandwidth=not supplied by caller; bandwidth_source=not supplied by caller; iters=not supplied by caller; ridge=not supplied by caller; ridge_source=not supplied by caller; sglang=package not installed,1,3.12.14,,,,200.0,2.13.0,3.7.1,2026-09-27T08:00:24+00:00,0.27.1,200.0
0.25,0.24989530943467933,1,2,1,mixtral-8x7b,bf16,32,64,64,4,8,4,7,224,896,9,18,3,4.418031930923462,4.410016059875488,0.011618320829166551,144,39.982684426837494,119.08705265897879,4.425287961959839,4.418608069419861,True,1500.0,1500.0,1500.0,1500 1500 1500 1500 1500 1500 1500 1500 1500 1500 1500 1500 1500 1500 1500 1500 1500 1500,18,nvml,True,,True,,1470.0,232.8895,2619.0,False,3.122812499441352,8.266022741627639,239.8568000793457,True,ok,,"scripts/clock_elasticity.py: bursts of N back-to-back fused_experts calls under one pinned tile, each call L2-flushed and bracketed by its own pre-primed event pair, the FIRST call of every burst discarded as a drained-queue launch, a host-side idle gap after each burst setting the sustained duty cycle, and the SM clock, board power and memory clock read through NVML with the burst still in flight; NOT timing.TIMING_BASIS; LOCK MODE: the SM clock locked per state with nvidia-smi -lgc F,F and read back per burst, one duty in every state, each measured burst's gap sized from that burst",1500,,,13.0,580.105.08,True,1,161f9ec19347efb7aa64ac4c645c527e0d2b46d6,NVIDIA GH200 480GB,192-222-51-98,"scripts/clock_elasticity.py: bursts of N back-to-back fused_experts calls under one pinned tile, each call L2-flushed and bracketed by its own pre-primed event pair, the FIRST call of every burst discarded as a drained-queue launch, a host-side idle gap after each burst setting the sustained duty cycle, and the SM clock, board power and memory clock read through NVML with the burst still in flight; NOT timing.TIMING_BASIS; LOCK MODE: the SM clock locked per state with nvidia-smi -lgc F,F and read back per burst, one duty in every state, each measured burst's gap sized from that burst",,bandwidth=not supplied by caller; bandwidth_source=not supplied by caller; iters=not supplied by caller; ridge=not supplied by caller; ridge_source=not supplied by caller; sglang=package not installed,1,3.12.14,,,,200.0,2.13.0,3.7.1,2026-09-27T08:00:24+00:00,0.27.1,200.0
0.25,0.24989532252487764,1,2,1,mixtral-8x7b,bf16,32,64,64,4,8,4,8,256,1024,8,18,3,5.043712139129639,5.034783840179443,0.012367573137078572,126,40.5689423084259,121.02786134424605,5.044640064239502,5.043008089065552,True,1500.0,1500.0,1500.0,1500 1500 1500 1500 1500 1500 1500 1500 1500 1500 1500 1500 1500 1500 1500 1500 1500 1500,18,nvml,True,,True,,1470.0,226.804,2619.0,False,2.8525540001282934,7.392693148465711,203.13244915008545,True,ok,,"scripts/clock_elasticity.py: bursts of N back-to-back fused_experts calls under one pinned tile, each call L2-flushed and bracketed by its own pre-primed event pair, the FIRST call of every burst discarded as a drained-queue launch, a host-side idle gap after each burst setting the sustained duty cycle, and the SM clock, board power and memory clock read through NVML with the burst still in flight; NOT timing.TIMING_BASIS; LOCK MODE: the SM clock locked per state with nvidia-smi -lgc F,F and read back per burst, one duty in every state, each measured burst's gap sized from that burst",1500,,,13.0,580.105.08,True,1,161f9ec19347efb7aa64ac4c645c527e0d2b46d6,NVIDIA GH200 480GB,192-222-51-98,"scripts/clock_elasticity.py: bursts of N back-to-back fused_experts calls under one pinned tile, each call L2-flushed and bracketed by its own pre-primed event pair, the FIRST call of every burst discarded as a drained-queue launch, a host-side idle gap after each burst setting the sustained duty cycle, and the SM clock, board power and memory clock read through NVML with the burst still in flight; NOT timing.TIMING_BASIS; LOCK MODE: the SM clock locked per state with nvidia-smi -lgc F,F and read back per burst, one duty in every state, each measured burst's gap sized from that burst",,bandwidth=not supplied by caller; bandwidth_source=not supplied by caller; iters=not supplied by caller; ridge=not supplied by caller; ridge_source=not supplied by caller; sglang=package not installed,1,3.12.14,,,,200.0,2.13.0,3.7.1,2026-09-27T08:00:24+00:00,0.27.1,200.0
0.25,0.24989009365268874,2,2,2,mixtral-8x7b,bf16,32,64,64,4,8,4,1,32,128,47,18,3,0.8661440014839172,0.8576319813728333,0.002818493149723994,828,40.89937949180603,118.88490764500604,0.8657280206680298,0.8661440014839172,True,1410.0,1410.0,1410.0,1410 1410 1410 1410 1410 1410 1410 1410 1410 1410 1410 1410 1410 1410 1410 1410 1410 1410,18,nvml,True,,True,,1470.0,224.5375,2619.0,False,15.03677550044813,28.900948469457965,204.2919362783432,True,ok,,"scripts/clock_elasticity.py: bursts of N back-to-back fused_experts calls under one pinned tile, each call L2-flushed and bracketed by its own pre-primed event pair, the FIRST call of every burst discarded as a drained-queue launch, a host-side idle gap after each burst setting the sustained duty cycle, and the SM clock, board power and memory clock read through NVML with the burst still in flight; NOT timing.TIMING_BASIS; LOCK MODE: the SM clock locked per state with nvidia-smi -lgc F,F and read back per burst, one duty in every state, each measured burst's gap sized from that burst",1410,,,13.0,580.105.08,True,1,161f9ec19347efb7aa64ac4c645c527e0d2b46d6,NVIDIA GH200 480GB,192-222-51-98,"scripts/clock_elasticity.py: bursts of N back-to-back fused_experts calls under one pinned tile, each call L2-flushed and bracketed by its own pre-primed event pair, the FIRST call of every burst discarded as a drained-queue launch, a host-side idle gap after each burst setting the sustained duty cycle, and the SM clock, board power and memory clock read through NVML with the burst still in flight; NOT timing.TIMING_BASIS; LOCK MODE: the SM clock locked per state with nvidia-smi -lgc F,F and read back per burst, one duty in every state, each measured burst's gap sized from that burst",,bandwidth=not supplied by caller; bandwidth_source=not supplied by caller; iters=not supplied by caller; ridge=not supplied by caller; ridge_source=not supplied by caller; sglang=package not installed,1,3.12.14,,,,200.0,2.13.0,3.7.1,2026-09-27T08:00:24+00:00,0.27.1,200.0
0.25,0.24990200652895367,2,2,2,mixtral-8x7b,bf16,32,64,64,4,8,4,2,64,256,31,18,3,1.4062079787254333,1.3939839601516724,0.00775242348548414,540,43.80833423799939,128.6475823815017,1.405743956565857,1.4039520025253296,True,1410.0,1410.0,1410.0,1410 1410 1410 1410 1410 1410 1410 1410 1410 1410 1410 1410 1410 1410 1410 1410 1410 1410,18,nvml,True,,True,,1470.0,220.05599999999998,2619.0,False,10.080186499635602,24.03106022436874,219.12496042251587,True,ok,,"scripts/clock_elasticity.py: bursts of N back-to-back fused_experts calls under one pinned tile, each call L2-flushed and bracketed by its own pre-primed event pair, the FIRST call of every burst discarded as a drained-queue launch, a host-side idle gap after each burst setting the sustained duty cycle, and the SM clock, board power and memory clock read through NVML with the burst still in flight; NOT timing.TIMING_BASIS; LOCK MODE: the SM clock locked per state with nvidia-smi -lgc F,F and read back per burst, one duty in every state, each measured burst's gap sized from that burst",1410,,,13.0,580.105.08,True,1,161f9ec19347efb7aa64ac4c645c527e0d2b46d6,NVIDIA GH200 480GB,192-222-51-98,"scripts/clock_elasticity.py: bursts of N back-to-back fused_experts calls under one pinned tile, each call L2-flushed and bracketed by its own pre-primed event pair, the FIRST call of every burst discarded as a drained-queue launch, a host-side idle gap after each burst setting the sustained duty cycle, and the SM clock, board power and memory clock read through NVML with the burst still in flight; NOT timing.TIMING_BASIS; LOCK MODE: the SM clock locked per state with nvidia-smi -lgc F,F and read back per burst, one duty in every state, each measured burst's gap sized from that burst",,bandwidth=not supplied by caller; bandwidth_source=not supplied by caller; iters=not supplied by caller; ridge=not supplied by caller; ridge_source=not supplied by caller; sglang=package not installed,1,3.12.14,,,,200.0,2.13.0,3.7.1,2026-09-27T08:00:24+00:00,0.27.1,200.0
0.25,0.2498980354774332,2,2,2,mixtral-8x7b,bf16,32,64,64,4,8,4,3,96,384,20,18,3,2.0709919929504395,2.054368019104004,0.008516067118185623,342,41.60183466805352,123.12900096372323,2.0736640095710754,2.069984018802643,True,1410.0,1410.0,1410.0,1410 1410 1410 1410 1410 1410 1410 1410 1410 1410 1410 1410 1410 1410 1410 1410 1410 1410,18,nvml,True,,True,,1470.0,218.44150000000002,2619.0,False,6.507514499844547,16.67415082372642,208.01305627822876,True,ok,,"scripts/clock_elasticity.py: bursts of N back-to-back fused_experts calls under one pinned tile, each call L2-flushed and bracketed by its own pre-primed event pair, the FIRST call of every burst discarded as a drained-queue launch, a host-side idle gap after each burst setting the sustained duty cycle, and the SM clock, board power and memory clock read through NVML with the burst still in flight; NOT timing.TIMING_BASIS; LOCK MODE: the SM clock locked per state with nvidia-smi -lgc F,F and read back per burst, one duty in every state, each measured burst's gap sized from that burst",1410,,,13.0,580.105.08,True,1,161f9ec19347efb7aa64ac4c645c527e0d2b46d6,NVIDIA GH200 480GB,192-222-51-98,"scripts/clock_elasticity.py: bursts of N back-to-back fused_experts calls under one pinned tile, each call L2-flushed and bracketed by its own pre-primed event pair, the FIRST call of every burst discarded as a drained-queue launch, a host-side idle gap after each burst setting the sustained duty cycle, and the SM clock, board power and memory clock read through NVML with the burst still in flight; NOT timing.TIMING_BASIS; LOCK MODE: the SM clock locked per state with nvidia-smi -lgc F,F and read back per burst, one duty in every state, each measured burst's gap sized from that burst",,bandwidth=not supplied by caller; bandwidth_source=not supplied by caller; iters=not supplied by caller; ridge=not supplied by caller; ridge_source=not supplied by caller; sglang=package not installed,1,3.12.14,,,,200.0,2.13.0,3.7.1,2026-09-27T08:00:24+00:00,0.27.1,200.0
0.25,0.24991269225973672,2,2,2,mixtral-8x7b,bf16,32,64,64,4,8,4,4,128,512,17,18,3,2.7047520875930786,2.696863889694214,0.007516493541981858,288,46.20490315225389,137.0598103463417,2.7093200087547302,2.7000640630722046,True,1410.0,1410.0,1410.0,1410 1410 1410 1410 1410 1410 1410 1410 1410 1410 1410 1410 1410 1410 1410 1410 1410 1410,18,nvml,True,,True,,1470.0,194.9,2619.0,False,5.989382000279875,14.72962348193055,231.05219268798828,True,ok,,"scripts/clock_elasticity.py: bursts of N back-to-back fused_experts calls under one pinned tile, each call L2-flushed and bracketed by its own pre-primed event pair, the FIRST call of every burst discarded as a drained-queue launch, a host-side idle gap after each burst setting the sustained duty cycle, and the SM clock, board power and memory clock read through NVML with the burst still in flight; NOT timing.TIMING_BASIS; LOCK MODE: the SM clock locked per state with nvidia-smi -lgc F,F and read back per burst, one duty in every state, each measured burst's gap sized from that burst",1410,,,13.0,580.105.08,True,1,161f9ec19347efb7aa64ac4c645c527e0d2b46d6,NVIDIA GH200 480GB,192-222-51-98,"scripts/clock_elasticity.py: bursts of N back-to-back fused_experts calls under one pinned tile, each call L2-flushed and bracketed by its own pre-primed event pair, the FIRST call of every burst discarded as a drained-queue launch, a host-side idle gap after each burst setting the sustained duty cycle, and the SM clock, board power and memory clock read through NVML with the burst still in flight; NOT timing.TIMING_BASIS; LOCK MODE: the SM clock locked per state with nvidia-smi -lgc F,F and read back per burst, one duty in every state, each measured burst's gap sized from that burst",,bandwidth=not supplied by caller; bandwidth_source=not supplied by caller; iters=not supplied by caller; ridge=not supplied by caller; ridge_source=not supplied by caller; sglang=package not installed,1,3.12.14,,,,200.0,2.13.0,3.7.1,2026-09-27T08:00:24+00:00,0.27.1,200.0
0.25,0.24990431391645704,2,2,2,mixtral-8x7b,bf16,32,64,64,4,8,4,5,160,640,13,18,3,3.3610880374908447,3.3572158813476562,0.006818449269303534,216,43.93736175696055,130.63122456186466,3.3625599145889282,3.3597280979156494,True,1410.0,1410.0,1410.0,1410 1410 1410 1410 1410 1410 1410 1410 1410 1410 1410 1410 1410 1410 1410 1410 1410 1410,18,nvml,True,,True,,1470.0,218.4085,2619.0,False,4.395895500238112,11.61536835011218,220.03075098991394,True,ok,,"scripts/clock_elasticity.py: bursts of N back-to-back fused_experts calls under one pinned tile, each call L2-flushed and bracketed by its own pre-primed event pair, the FIRST call of every burst discarded as a drained-queue launch, a host-side idle gap after each burst setting the sustained duty cycle, and the SM clock, board power and memory clock read through NVML with the burst still in flight; NOT timing.TIMING_BASIS; LOCK MODE: the SM clock locked per state with nvidia-smi -lgc F,F and read back per burst, one duty in every state, each measured burst's gap sized from that burst",1410,,,13.0,580.105.08,True,1,161f9ec19347efb7aa64ac4c645c527e0d2b46d6,NVIDIA GH200 480GB,192-222-51-98,"scripts/clock_elasticity.py: bursts of N back-to-back fused_experts calls under one pinned tile, each call L2-flushed and bracketed by its own pre-primed event pair, the FIRST call of every burst discarded as a drained-queue launch, a host-side idle gap after each burst setting the sustained duty cycle, and the SM clock, board power and memory clock read through NVML with the burst still in flight; NOT timing.TIMING_BASIS; LOCK MODE: the SM clock locked per state with nvidia-smi -lgc F,F and read back per burst, one duty in every state, each measured burst's gap sized from that burst",,bandwidth=not supplied by caller; bandwidth_source=not supplied by caller; iters=not supplied by caller; ridge=not supplied by caller; ridge_source=not supplied by caller; sglang=package not installed,1,3.12.14,,,,200.0,2.13.0,3.7.1,2026-09-27T08:00:24+00:00,0.27.1,200.0
0.25,0.24990534741652115,2,2,2,mixtral-8x7b,bf16,32,64,64,4,8,4,6,192,768,11,18,3,4.025807857513428,4.018176078796387,0.008882127968906554,180,44.53830756081475,132.5823282894089,4.030840039253235,4.0245360136032104,True,1410.0,1410.0,1410.0,1410 1410 1410 1410 1410 1410 1410 1410 1410 1410 1410 1410 1410 1410 1410 1410 1410 1410,18,nvml,True,,True,,1470.0,211.372,2619.0,False,4.026724499908596,9.977448543296429,222.2820463180542,True,ok,,"scripts/clock_elasticity.py: bursts of N back-to-back fused_experts calls under one pinned tile, each call L2-flushed and bracketed by its own pre-primed event pair, the FIRST call of every burst discarded as a drained-queue launch, a host-side idle gap after each burst setting the sustained duty cycle, and the SM clock, board power and memory clock read through NVML with the burst still in flight; NOT timing.TIMING_BASIS; LOCK MODE: the SM clock locked per state with nvidia-smi -lgc F,F and read back per burst, one duty in every state, each measured burst's gap sized from that burst",1410,,,13.0,580.105.08,True,1,161f9ec19347efb7aa64ac4c645c527e0d2b46d6,NVIDIA GH200 480GB,192-222-51-98,"scripts/clock_elasticity.py: bursts of N back-to-back fused_experts calls under one pinned tile, each call L2-flushed and bracketed by its own pre-primed event pair, the FIRST call of every burst discarded as a drained-queue launch, a host-side idle gap after each burst setting the sustained duty cycle, and the SM clock, board power and memory clock read through NVML with the burst still in flight; NOT timing.TIMING_BASIS; LOCK MODE: the SM clock locked per state with nvidia-smi -lgc F,F and read back per burst, one duty in every state, each measured burst's gap sized from that burst",,bandwidth=not supplied by caller; bandwidth_source=not supplied by caller; iters=not supplied by caller; ridge=not supplied by caller; ridge_source=not supplied by caller; sglang=package not installed,1,3.12.14,,,,200.0,2.13.0,3.7.1,2026-09-27T08:00:24+00:00,0.27.1,200.0
0.25,0.249900306127572,2,2,2,mixtral-8x7b,bf16,32,64,64,4,8,4,7,224,896,9,18,3,4.698031902313232,4.689760208129883,0.007984013125360978,144,42.48951114548577,126.60616876483982,4.706192135810852,4.695575952529907,True,1410.0,1410.0,1410.0,1410 1410 1410 1410 1410 1410 1410 1410 1410 1410 1410 1410 1410 1410 1410 1410 1410 1410,18,nvml,True,,True,,1470.0,208.92149999999998,2619.0,False,3.1957085002431995,8.27467459888455,212.53081560134888,True,ok,,"scripts/clock_elasticity.py: bursts of N back-to-back fused_experts calls under one pinned tile, each call L2-flushed and bracketed by its own pre-primed event pair, the FIRST call of every burst discarded as a drained-queue launch, a host-side idle gap after each burst setting the sustained duty cycle, and the SM clock, board power and memory clock read through NVML with the burst still in flight; NOT timing.TIMING_BASIS; LOCK MODE: the SM clock locked per state with nvidia-smi -lgc F,F and read back per burst, one duty in every state, each measured burst's gap sized from that burst",1410,,,13.0,580.105.08,True,1,161f9ec19347efb7aa64ac4c645c527e0d2b46d6,NVIDIA GH200 480GB,192-222-51-98,"scripts/clock_elasticity.py: bursts of N back-to-back fused_experts calls under one pinned tile, each call L2-flushed and bracketed by its own pre-primed event pair, the FIRST call of every burst discarded as a drained-queue launch, a host-side idle gap after each burst setting the sustained duty cycle, and the SM clock, board power and memory clock read through NVML with the burst still in flight; NOT timing.TIMING_BASIS; LOCK MODE: the SM clock locked per state with nvidia-smi -lgc F,F and read back per burst, one duty in every state, each measured burst's gap sized from that burst",,bandwidth=not supplied by caller; bandwidth_source=not supplied by caller; iters=not supplied by caller; ridge=not supplied by caller; ridge_source=not supplied by caller; sglang=package not installed,1,3.12.14,,,,200.0,2.13.0,3.7.1,2026-09-27T08:00:24+00:00,0.27.1,200.0
0.25,0.24989846285743186,2,2,2,mixtral-8x7b,bf16,32,64,64,4,8,4,8,256,1024,8,18,3,5.361056089401245,5.351071834564209,0.010400663812490454,126,43.11687816513909,128.56382766947354,5.363039970397949,5.366896152496338,True,1410.0,1410.0,1410.0,1410 1410 1410 1410 1410 1410 1410 1410 1410 1410 1410 1410 1410 1410 1410 1410 1410 1410,18,nvml,True,,True,,1470.0,204.35,2619.0,False,2.9366350004238484,7.42359196592556,216.05155181884766,True,ok,,"scripts/clock_elasticity.py: bursts of N back-to-back fused_experts calls under one pinned tile, each call L2-flushed and bracketed by its own pre-primed event pair, the FIRST call of every burst discarded as a drained-queue launch, a host-side idle gap after each burst setting the sustained duty cycle, and the SM clock, board power and memory clock read through NVML with the burst still in flight; NOT timing.TIMING_BASIS; LOCK MODE: the SM clock locked per state with nvidia-smi -lgc F,F and read back per burst, one duty in every state, each measured burst's gap sized from that burst",1410,,,13.0,580.105.08,True,1,161f9ec19347efb7aa64ac4c645c527e0d2b46d6,NVIDIA GH200 480GB,192-222-51-98,"scripts/clock_elasticity.py: bursts of N back-to-back fused_experts calls under one pinned tile, each call L2-flushed and bracketed by its own pre-primed event pair, the FIRST call of every burst discarded as a drained-queue launch, a host-side idle gap after each burst setting the sustained duty cycle, and the SM clock, board power and memory clock read through NVML with the burst still in flight; NOT timing.TIMING_BASIS; LOCK MODE: the SM clock locked per state with nvidia-smi -lgc F,F and read back per burst, one duty in every state, each measured burst's gap sized from that burst",,bandwidth=not supplied by caller; bandwidth_source=not supplied by caller; iters=not supplied by caller; ridge=not supplied by caller; ridge_source=not supplied by caller; sglang=package not installed,1,3.12.14,,,,200.0,2.13.0,3.7.1,2026-09-27T08:00:24+00:00,0.27.1,200.0
0.25,0.2498972887186055,2,3,0,mixtral-8x7b,bf16,32,64,64,4,8,4,1,32,128,47,18,3,0.8661119937896729,0.8586239814758301,0.002971282888609563,828,40.87793952557776,118.69961172910189,0.8659360110759735,0.8659839928150177,True,1410.0,1410.0,1410.0,1410 1410 1410 1410 1410 1410 1410 1410 1410 1410 1410 1410 1410 1410 1410 1410 1410 1410,18,nvml,True,,True,,1470.0,224.4915,2619.0,False,14.845621999938885,30.34361131086771,204.4697920680046,True,ok,,"scripts/clock_elasticity.py: bursts of N back-to-back fused_experts calls under one pinned tile, each call L2-flushed and bracketed by its own pre-primed event pair, the FIRST call of every burst discarded as a drained-queue launch, a host-side idle gap after each burst setting the sustained duty cycle, and the SM clock, board power and memory clock read through NVML with the burst still in flight; NOT timing.TIMING_BASIS; LOCK MODE: the SM clock locked per state with nvidia-smi -lgc F,F and read back per burst, one duty in every state, each measured burst's gap sized from that burst",1410,,,13.0,580.105.08,True,1,161f9ec19347efb7aa64ac4c645c527e0d2b46d6,NVIDIA GH200 480GB,192-222-51-98,"scripts/clock_elasticity.py: bursts of N back-to-back fused_experts calls under one pinned tile, each call L2-flushed and bracketed by its own pre-primed event pair, the FIRST call of every burst discarded as a drained-queue launch, a host-side idle gap after each burst setting the sustained duty cycle, and the SM clock, board power and memory clock read through NVML with the burst still in flight; NOT timing.TIMING_BASIS; LOCK MODE: the SM clock locked per state with nvidia-smi -lgc F,F and read back per burst, one duty in every state, each measured burst's gap sized from that burst",,bandwidth=not supplied by caller; bandwidth_source=not supplied by caller; iters=not supplied by caller; ridge=not supplied by caller; ridge_source=not supplied by caller; sglang=package not installed,1,3.12.14,,,,200.0,2.13.0,3.7.1,2026-09-27T08:00:24+00:00,0.27.1,200.0
0.25,0.24973085954893331,2,3,0,mixtral-8x7b,bf16,32,64,64,4,8,4,2,64,256,31,18,3,1.4061279892921448,1.3905279636383057,0.007645791058350723,540,43.788207941585114,128.66073321146902,1.4061280488967896,1.4042399525642395,True,1410.0,1410.0,1410.0,1410 1410 1410 1410 1410 1410 1410 1410 1410 1410 1410 1410 1410 1410 1410 1410 1410 1410,18,nvml,True,,True,,1470.0,220.7665,2619.0,False,10.07908249994216,23.780402320833694,218.90313601493835,True,ok,,"scripts/clock_elasticity.py: bursts of N back-to-back fused_experts calls under one pinned tile, each call L2-flushed and bracketed by its own pre-primed event pair, the FIRST call of every burst discarded as a drained-queue launch, a host-side idle gap after each burst setting the sustained duty cycle, and the SM clock, board power and memory clock read through NVML with the burst still in flight; NOT timing.TIMING_BASIS; LOCK MODE: the SM clock locked per state with nvidia-smi -lgc F,F and read back per burst, one duty in every state, each measured burst's gap sized from that burst",1410,,,13.0,580.105.08,True,1,161f9ec19347efb7aa64ac4c645c527e0d2b46d6,NVIDIA GH200 480GB,192-222-51-98,"scripts/clock_elasticity.py: bursts of N back-to-back fused_experts calls under one pinned tile, each call L2-flushed and bracketed by its own pre-primed event pair, the FIRST call of every burst discarded as a drained-queue launch, a host-side idle gap after each burst setting the sustained duty cycle, and the SM clock, board power and memory clock read through NVML with the burst still in flight; NOT timing.TIMING_BASIS; LOCK MODE: the SM clock locked per state with nvidia-smi -lgc F,F and read back per burst, one duty in every state, each measured burst's gap sized from that burst",,bandwidth=not supplied by caller; bandwidth_source=not supplied by caller; iters=not supplied by caller; ridge=not supplied by caller; ridge_source=not supplied by caller; sglang=package not installed,1,3.12.14,,,,200.0,2.13.0,3.7.1,2026-09-27T08:00:24+00:00,0.27.1,200.0
0.25,0.24989763059346518,2,3,0,mixtral-8x7b,bf16,32,64,64,4,8,4,3,96,384,20,18,3,2.077359914779663,2.0591681003570557,0.012360997107644421,342,41.76418664720323,123.42499922471326,2.0876320004463196,2.072055995464325,True,1410.0,1410.0,1410.0,1410 1410 1410 1410 1410 1410 1410 1410 1410 1410 1410 1410 1410 1410 1410 1410 1410 1410,18,nvml,True,,True,,1470.0,217.619,2619.0,False,6.63503599980686,16.80578411293627,208.65036749839783,True,ok,,"scripts/clock_elasticity.py: bursts of N back-to-back fused_experts calls under one pinned tile, each call L2-flushed and bracketed by its own pre-primed event pair, the FIRST call of every burst discarded as a drained-queue launch, a host-side idle gap after each burst setting the sustained duty cycle, and the SM clock, board power and memory clock read through NVML with the burst still in flight; NOT timing.TIMING_BASIS; LOCK MODE: the SM clock locked per state with nvidia-smi -lgc F,F and read back per burst, one duty in every state, each measured burst's gap sized from that burst",1410,,,13.0,580.105.08,True,1,161f9ec19347efb7aa64ac4c645c527e0d2b46d6,NVIDIA GH200 480GB,192-222-51-98,"scripts/clock_elasticity.py: bursts of N back-to-back fused_experts calls under one pinned tile, each call L2-flushed and bracketed by its own pre-primed event pair, the FIRST call of every burst discarded as a drained-queue launch, a host-side idle gap after each burst setting the sustained duty cycle, and the SM clock, board power and memory clock read through NVML with the burst still in flight; NOT timing.TIMING_BASIS; LOCK MODE: the SM clock locked per state with nvidia-smi -lgc F,F and read back per burst, one duty in every state, each measured burst's gap sized from that burst",,bandwidth=not supplied by caller; bandwidth_source=not supplied by caller; iters=not supplied by caller; ridge=not supplied by caller; ridge_source=not supplied by caller; sglang=package not installed,1,3.12.14,,,,200.0,2.13.0,3.7.1,2026-09-27T08:00:24+00:00,0.27.1,200.0
0.25,0.24990927660765228,2,3,0,mixtral-8x7b,bf16,32,64,64,4,8,4,4,128,512,17,18,3,2.702768087387085,2.69596791267395,0.007148627685557987,288,46.22592000166575,137.16572861135137,2.704024016857147,2.7000799775123596,True,1410.0,1410.0,1410.0,1410 1410 1410 1410 1410 1410 1410 1410 1410 1410 1410 1410 1410 1410 1410 1410 1410 1410,18,nvml,True,,True,,1470.0,197.8875,2619.0,False,6.051942500107543,14.763189295242944,231.04975986480713,True,ok,,"scripts/clock_elasticity.py: bursts of N back-to-back fused_experts calls under one pinned tile, each call L2-flushed and bracketed by its own pre-primed event pair, the FIRST call of every burst discarded as a drained-queue launch, a host-side idle gap after each burst setting the sustained duty cycle, and the SM clock, board power and memory clock read through NVML with the burst still in flight; NOT timing.TIMING_BASIS; LOCK MODE: the SM clock locked per state with nvidia-smi -lgc F,F and read back per burst, one duty in every state, each measured burst's gap sized from that burst",1410,,,13.0,580.105.08,True,1,161f9ec19347efb7aa64ac4c645c527e0d2b46d6,NVIDIA GH200 480GB,192-222-51-98,"scripts/clock_elasticity.py: bursts of N back-to-back fused_experts calls under one pinned tile, each call L2-flushed and bracketed by its own pre-primed event pair, the FIRST call of every burst discarded as a drained-queue launch, a host-side idle gap after each burst setting the sustained duty cycle, and the SM clock, board power and memory clock read through NVML with the burst still in flight; NOT timing.TIMING_BASIS; LOCK MODE: the SM clock locked per state with nvidia-smi -lgc F,F and read back per burst, one duty in every state, each measured burst's gap sized from that burst",,bandwidth=not supplied by caller; bandwidth_source=not supplied by caller; iters=not supplied by caller; ridge=not supplied by caller; ridge_source=not supplied by caller; sglang=package not installed,1,3.12.14,,,,200.0,2.13.0,3.7.1,2026-09-27T08:00:24+00:00,0.27.1,200.0
0.25,0.24990120333052637,2,3,0,mixtral-8x7b,bf16,32,64,64,4,8,4,5,160,640,13,18,3,3.3623520135879517,3.3562240600585938,0.008681822939793972,216,44.02350048224131,130.85064936440176,3.374527931213379,3.3594720363616943,True,1410.0,1410.0,1410.0,1410 1410 1410 1410 1410 1410 1410 1410 1410 1410 1410 1410 1410 1410 1410 1410 1410 1410,18,nvml,True,,True,,1470.0,217.954,2619.0,False,4.7015145000841585,11.530969119011292,219.83977460861206,True,ok,,"scripts/clock_elasticity.py: bursts of N back-to-back fused_experts calls under one pinned tile, each call L2-flushed and bracketed by its own pre-primed event pair, the FIRST call of every burst discarded as a drained-queue launch, a host-side idle gap after each burst setting the sustained duty cycle, and the SM clock, board power and memory clock read through NVML with the burst still in flight; NOT timing.TIMING_BASIS; LOCK MODE: the SM clock locked per state with nvidia-smi -lgc F,F and read back per burst, one duty in every state, each measured burst's gap sized from that burst",1410,,,13.0,580.105.08,True,1,161f9ec19347efb7aa64ac4c645c527e0d2b46d6,NVIDIA GH200 480GB,192-222-51-98,"scripts/clock_elasticity.py: bursts of N back-to-back fused_experts calls under one pinned tile, each call L2-flushed and bracketed by its own pre-primed event pair, the FIRST call of every burst discarded as a drained-queue launch, a host-side idle gap after each burst setting the sustained duty cycle, and the SM clock, board power and memory clock read through NVML with the burst still in flight; NOT timing.TIMING_BASIS; LOCK MODE: the SM clock locked per state with nvidia-smi -lgc F,F and read back per burst, one duty in every state, each measured burst's gap sized from that burst",,bandwidth=not supplied by caller; bandwidth_source=not supplied by caller; iters=not supplied by caller; ridge=not supplied by caller; ridge_source=not supplied by caller; sglang=package not installed,1,3.12.14,,,,200.0,2.13.0,3.7.1,2026-09-27T08:00:24+00:00,0.27.1,200.0
0.25,0.24990478871507574,2,3,0,mixtral-8x7b,bf16,32,64,64,4,8,4,6,192,768,11,18,3,4.026160001754761,4.018815994262695,0.009033238609126226,180,44.52299186918471,132.4295725152624,4.028048038482666,4.0257041454315186,True,1410.0,1410.0,1410.0,1410 1410 1410 1410 1410 1410 1410 1410 1410 1410 1410 1410 1410 1410 1410 1410 1410 1410,18,nvml,True,,True,,1470.0,213.902,2619.0,False,3.8191709995771816,10.01532532558632,222.90271854400635,True,ok,,"scripts/clock_elasticity.py: bursts of N back-to-back fused_experts calls under one pinned tile, each call L2-flushed and bracketed by its own pre-primed event pair, the FIRST call of every burst discarded as a drained-queue launch, a host-side idle gap after each burst setting the sustained duty cycle, and the SM clock, board power and memory clock read through NVML with the burst still in flight; NOT timing.TIMING_BASIS; LOCK MODE: the SM clock locked per state with nvidia-smi -lgc F,F and read back per burst, one duty in every state, each measured burst's gap sized from that burst",1410,,,13.0,580.105.08,True,1,161f9ec19347efb7aa64ac4c645c527e0d2b46d6,NVIDIA GH200 480GB,192-222-51-98,"scripts/clock_elasticity.py: bursts of N back-to-back fused_experts calls under one pinned tile, each call L2-flushed and bracketed by its own pre-primed event pair, the FIRST call of every burst discarded as a drained-queue launch, a host-side idle gap after each burst setting the sustained duty cycle, and the SM clock, board power and memory clock read through NVML with the burst still in flight; NOT timing.TIMING_BASIS; LOCK MODE: the SM clock locked per state with nvidia-smi -lgc F,F and read back per burst, one duty in every state, each measured burst's gap sized from that burst",,bandwidth=not supplied by caller; bandwidth_source=not supplied by caller; iters=not supplied by caller; ridge=not supplied by caller; ridge_source=not supplied by caller; sglang=package not installed,1,3.12.14,,,,200.0,2.13.0,3.7.1,2026-09-27T08:00:24+00:00,0.27.1,200.0
0.25,0.24989982650910053,2,3,0,mixtral-8x7b,bf16,32,64,64,4,8,4,7,224,896,9,18,3,4.693487882614136,4.6902079582214355,0.006355432455976781,144,42.45261157883538,126.47785085120633,4.693975925445557,4.69323992729187,True,1410.0,1410.0,1410.0,1410 1410 1410 1410 1410 1410 1410 1410 1410 1410 1410 1410 1410 1410 1410 1410 1410 1410,18,nvml,True,,True,,1470.0,210.6445,2619.0,False,3.140364499813586,8.284124548717129,212.4142394065857,True,ok,,"scripts/clock_elasticity.py: bursts of N back-to-back fused_experts calls under one pinned tile, each call L2-flushed and bracketed by its own pre-primed event pair, the FIRST call of every burst discarded as a drained-queue launch, a host-side idle gap after each burst setting the sustained duty cycle, and the SM clock, board power and memory clock read through NVML with the burst still in flight; NOT timing.TIMING_BASIS; LOCK MODE: the SM clock locked per state with nvidia-smi -lgc F,F and read back per burst, one duty in every state, each measured burst's gap sized from that burst",1410,,,13.0,580.105.08,True,1,161f9ec19347efb7aa64ac4c645c527e0d2b46d6,NVIDIA GH200 480GB,192-222-51-98,"scripts/clock_elasticity.py: bursts of N back-to-back fused_experts calls under one pinned tile, each call L2-flushed and bracketed by its own pre-primed event pair, the FIRST call of every burst discarded as a drained-queue launch, a host-side idle gap after each burst setting the sustained duty cycle, and the SM clock, board power and memory clock read through NVML with the burst still in flight; NOT timing.TIMING_BASIS; LOCK MODE: the SM clock locked per state with nvidia-smi -lgc F,F and read back per burst, one duty in every state, each measured burst's gap sized from that burst",,bandwidth=not supplied by caller; bandwidth_source=not supplied by caller; iters=not supplied by caller; ridge=not supplied by caller; ridge_source=not supplied by caller; sglang=package not installed,1,3.12.14,,,,200.0,2.13.0,3.7.1,2026-09-27T08:00:24+00:00,0.27.1,200.0
0.25,0.24990288970815783,2,3,0,mixtral-8x7b,bf16,32,64,64,4,8,4,8,256,1024,8,18,3,5.365040063858032,5.351871967315674,0.014014869851379945,126,43.127546628316246,128.63721934096975,5.374783992767334,5.362175941467285,True,1410.0,1410.0,1410.0,1410 1410 1410 1410 1410 1410 1410 1410 1410 1410 1410 1410 1410 1410 1410 1410 1410 1410,18,nvml,True,,True,,1470.0,203.639,2619.0,False,2.864201999727811,7.413972600747524,215.46799993515015,True,ok,,"scripts/clock_elasticity.py: bursts of N back-to-back fused_experts calls under one pinned tile, each call L2-flushed and bracketed by its own pre-primed event pair, the FIRST call of every burst discarded as a drained-queue launch, a host-side idle gap after each burst setting the sustained duty cycle, and the SM clock, board power and memory clock read through NVML with the burst still in flight; NOT timing.TIMING_BASIS; LOCK MODE: the SM clock locked per state with nvidia-smi -lgc F,F and read back per burst, one duty in every state, each measured burst's gap sized from that burst",1410,,,13.0,580.105.08,True,1,161f9ec19347efb7aa64ac4c645c527e0d2b46d6,NVIDIA GH200 480GB,192-222-51-98,"scripts/clock_elasticity.py: bursts of N back-to-back fused_experts calls under one pinned tile, each call L2-flushed and bracketed by its own pre-primed event pair, the FIRST call of every burst discarded as a drained-queue launch, a host-side idle gap after each burst setting the sustained duty cycle, and the SM clock, board power and memory clock read through NVML with the burst still in flight; NOT timing.TIMING_BASIS; LOCK MODE: the SM clock locked per state with nvidia-smi -lgc F,F and read back per burst, one duty in every state, each measured burst's gap sized from that burst",,bandwidth=not supplied by caller; bandwidth_source=not supplied by caller; iters=not supplied by caller; ridge=not supplied by caller; ridge_source=not supplied by caller; sglang=package not installed,1,3.12.14,,,,200.0,2.13.0,3.7.1,2026-09-27T08:00:24+00:00,0.27.1,200.0
0.25,0.249896146636127,1,3,1,mixtral-8x7b,bf16,32,64,64,4,8,4,1,32,128,47,18,3,0.8594880104064941,0.8506559729576111,0.0031506376389962517,828,40.57113778260019,117.85089540846457,0.8597280085086823,0.859248012304306,True,1500.0,1500.0,1500.0,1500 1500 1500 1500 1500 1500 1500 1500 1500 1500 1500 1500 1500 1500 1500 1500 1500 1500,18,nvml,True,,True,,1470.0,243.122,2619.0,False,14.923014499800047,30.445701316392874,202.99843204021454,True,ok,,"scripts/clock_elasticity.py: bursts of N back-to-back fused_experts calls under one pinned tile, each call L2-flushed and bracketed by its own pre-primed event pair, the FIRST call of every burst discarded as a drained-queue launch, a host-side idle gap after each burst setting the sustained duty cycle, and the SM clock, board power and memory clock read through NVML with the burst still in flight; NOT timing.TIMING_BASIS; LOCK MODE: the SM clock locked per state with nvidia-smi -lgc F,F and read back per burst, one duty in every state, each measured burst's gap sized from that burst",1500,,,13.0,580.105.08,True,1,161f9ec19347efb7aa64ac4c645c527e0d2b46d6,NVIDIA GH200 480GB,192-222-51-98,"scripts/clock_elasticity.py: bursts of N back-to-back fused_experts calls under one pinned tile, each call L2-flushed and bracketed by its own pre-primed event pair, the FIRST call of every burst discarded as a drained-queue launch, a host-side idle gap after each burst setting the sustained duty cycle, and the SM clock, board power and memory clock read through NVML with the burst still in flight; NOT timing.TIMING_BASIS; LOCK MODE: the SM clock locked per state with nvidia-smi -lgc F,F and read back per burst, one duty in every state, each measured burst's gap sized from that burst",,bandwidth=not supplied by caller; bandwidth_source=not supplied by caller; iters=not supplied by caller; ridge=not supplied by caller; ridge_source=not supplied by caller; sglang=package not installed,1,3.12.14,,,,200.0,2.13.0,3.7.1,2026-09-27T08:00:24+00:00,0.27.1,200.0
0.25,0.24989711794189762,1,3,1,mixtral-8x7b,bf16,32,64,64,4,8,4,2,64,256,31,18,3,1.3209279775619507,1.3065279722213745,0.005731321815931122,540,41.12108610073725,120.77038945268578,1.3227999806404114,1.3198879957199097,True,1500.0,1500.0,1500.0,1500 1500 1500 1500 1500 1500 1500 1500 1500 1500 1500 1500 1500 1500 1500 1500 1500 1500,18,nvml,True,,True,,1470.0,243.99,2619.0,False,9.731335999731527,23.673699687032947,204.8623675107956,True,ok,,"scripts/clock_elasticity.py: bursts of N back-to-back fused_experts calls under one pinned tile, each call L2-flushed and bracketed by its own pre-primed event pair, the FIRST call of every burst discarded as a drained-queue launch, a host-side idle gap after each burst setting the sustained duty cycle, and the SM clock, board power and memory clock read through NVML with the burst still in flight; NOT timing.TIMING_BASIS; LOCK MODE: the SM clock locked per state with nvidia-smi -lgc F,F and read back per burst, one duty in every state, each measured burst's gap sized from that burst",1500,,,13.0,580.105.08,True,1,161f9ec19347efb7aa64ac4c645c527e0d2b46d6,NVIDIA GH200 480GB,192-222-51-98,"scripts/clock_elasticity.py: bursts of N back-to-back fused_experts calls under one pinned tile, each call L2-flushed and bracketed by its own pre-primed event pair, the FIRST call of every burst discarded as a drained-queue launch, a host-side idle gap after each burst setting the sustained duty cycle, and the SM clock, board power and memory clock read through NVML with the burst still in flight; NOT timing.TIMING_BASIS; LOCK MODE: the SM clock locked per state with nvidia-smi -lgc F,F and read back per burst, one duty in every state, each measured burst's gap sized from that burst",,bandwidth=not supplied by caller; bandwidth_source=not supplied by caller; iters=not supplied by caller; ridge=not supplied by caller; ridge_source=not supplied by caller; sglang=package not installed,1,3.12.14,,,,200.0,2.13.0,3.7.1,2026-09-27T08:00:24+00:00,0.27.1,200.0
0.25,0.2498982322631046,1,3,1,mixtral-8x7b,bf16,32,64,64,4,8,4,3,96,384,20,18,3,1.9470880031585693,1.932703971862793,0.007597486633200093,342,39.12721064355638,115.67379240219452,1.9507439732551575,1.9446400105953217,True,1500.0,1500.0,1500.0,1500 1500 1500 1500 1500 1500 1500 1500 1500 1500 1500 1500 1500 1500 1500 1500 1500 1500,18,nvml,True,,True,,1470.0,241.93200000000002,2619.0,False,6.353353500344383,16.590249009445024,235.3097277879715,True,ok,,"scripts/clock_elasticity.py: bursts of N back-to-back fused_experts calls under one pinned tile, each call L2-flushed and bracketed by its own pre-primed event pair, the FIRST call of every burst discarded as a drained-queue launch, a host-side idle gap after each burst setting the sustained duty cycle, and the SM clock, board power and memory clock read through NVML with the burst still in flight; NOT timing.TIMING_BASIS; LOCK MODE: the SM clock locked per state with nvidia-smi -lgc F,F and read back per burst, one duty in every state, each measured burst's gap sized from that burst",1500,,,13.0,580.105.08,True,1,161f9ec19347efb7aa64ac4c645c527e0d2b46d6,NVIDIA GH200 480GB,192-222-51-98,"scripts/clock_elasticity.py: bursts of N back-to-back fused_experts calls under one pinned tile, each call L2-flushed and bracketed by its own pre-primed event pair, the FIRST call of every burst discarded as a drained-queue launch, a host-side idle gap after each burst setting the sustained duty cycle, and the SM clock, board power and memory clock read through NVML with the burst still in flight; NOT timing.TIMING_BASIS; LOCK MODE: the SM clock locked per state with nvidia-smi -lgc F,F and read back per burst, one duty in every state, each measured burst's gap sized from that burst",,bandwidth=not supplied by caller; bandwidth_source=not supplied by caller; iters=not supplied by caller; ridge=not supplied by caller; ridge_source=not supplied by caller; sglang=package not installed,1,3.12.14,,,,200.0,2.13.0,3.7.1,2026-09-27T08:00:24+00:00,0.27.1,200.0
0.25,0.24989979069323906,1,3,1,mixtral-8x7b,bf16,32,64,64,4,8,4,4,128,512,17,18,3,2.5395359992980957,2.534111976623535,0.00575388767645089,288,43.426917380756805,128.81802658981178,2.541264057159424,2.5382159948349,True,1500.0,1500.0,1500.0,1500 1500 1500 1500 1500 1500 1500 1500 1500 1500 1500 1500 1500 1500 1500 1500 1500 1500,18,nvml,True,,True,,1470.0,232.341,2619.0,False,5.964758000118309,14.5810779205377,216.90665578842163,True,ok,,"scripts/clock_elasticity.py: bursts of N back-to-back fused_experts calls under one pinned tile, each call L2-flushed and bracketed by its own pre-primed event pair, the FIRST call of every burst discarded as a drained-queue launch, a host-side idle gap after each burst setting the sustained duty cycle, and the SM clock, board power and memory clock read through NVML with the burst still in flight; NOT timing.TIMING_BASIS; LOCK MODE: the SM clock locked per state with nvidia-smi -lgc F,F and read back per burst, one duty in every state, each measured burst's gap sized from that burst",1500,,,13.0,580.105.08,True,1,161f9ec19347efb7aa64ac4c645c527e0d2b46d6,NVIDIA GH200 480GB,192-222-51-98,"scripts/clock_elasticity.py: bursts of N back-to-back fused_experts calls under one pinned tile, each call L2-flushed and bracketed by its own pre-primed event pair, the FIRST call of every burst discarded as a drained-queue launch, a host-side idle gap after each burst setting the sustained duty cycle, and the SM clock, board power and memory clock read through NVML with the burst still in flight; NOT timing.TIMING_BASIS; LOCK MODE: the SM clock locked per state with nvidia-smi -lgc F,F and read back per burst, one duty in every state, each measured burst's gap sized from that burst",,bandwidth=not supplied by caller; bandwidth_source=not supplied by caller; iters=not supplied by caller; ridge=not supplied by caller; ridge_source=not supplied by caller; sglang=package not installed,1,3.12.14,,,,200.0,2.13.0,3.7.1,2026-09-27T08:00:24+00:00,0.27.1,200.0
0.25,0.2499023914982453,1,3,1,mixtral-8x7b,bf16,32,64,64,4,8,4,5,160,640,13,18,3,3.1636159420013428,3.155679941177368,0.007603467141509482,216,41.34215297963884,122.81147368314123,3.165872097015381,3.161855936050415,True,1500.0,1500.0,1500.0,1500 1500 1500 1500 1500 1500 1500 1500 1500 1500 1500 1500 1500 1500 1500 1500 1500 1500,18,nvml,True,,True,,1470.0,240.674,2619.0,False,4.49092000053497,11.5230292791925,206.62966322898865,True,ok,,"scripts/clock_elasticity.py: bursts of N back-to-back fused_experts calls under one pinned tile, each call L2-flushed and bracketed by its own pre-primed event pair, the FIRST call of every burst discarded as a drained-queue launch, a host-side idle gap after each burst setting the sustained duty cycle, and the SM clock, board power and memory clock read through NVML with the burst still in flight; NOT timing.TIMING_BASIS; LOCK MODE: the SM clock locked per state with nvidia-smi -lgc F,F and read back per burst, one duty in every state, each measured burst's gap sized from that burst",1500,,,13.0,580.105.08,True,1,161f9ec19347efb7aa64ac4c645c527e0d2b46d6,NVIDIA GH200 480GB,192-222-51-98,"scripts/clock_elasticity.py: bursts of N back-to-back fused_experts calls under one pinned tile, each call L2-flushed and bracketed by its own pre-primed event pair, the FIRST call of every burst discarded as a drained-queue launch, a host-side idle gap after each burst setting the sustained duty cycle, and the SM clock, board power and memory clock read through NVML with the burst still in flight; NOT timing.TIMING_BASIS; LOCK MODE: the SM clock locked per state with nvidia-smi -lgc F,F and read back per burst, one duty in every state, each measured burst's gap sized from that burst",,bandwidth=not supplied by caller; bandwidth_source=not supplied by caller; iters=not supplied by caller; ridge=not supplied by caller; ridge_source=not supplied by caller; sglang=package not installed,1,3.12.14,,,,200.0,2.13.0,3.7.1,2026-09-27T08:00:24+00:00,0.27.1,200.0
0.25,0.24990156801678723,1,3,1,mixtral-8x7b,bf16,32,64,64,4,8,4,6,192,768,11,18,3,3.7869919538497925,3.7793920040130615,0.005712718546060735,180,41.857928858862984,124.5560619368407,3.7890639901161194,3.7857360243797302,True,1500.0,1500.0,1500.0,1500 1500 1500 1500 1500 1500 1500 1500 1500 1500 1500 1500 1500 1500 1500 1500 1500 1500,18,nvml,True,,True,,1470.0,236.208,2619.0,False,3.743937999388436,9.913088128697018,210.31190395355225,True,ok,,"scripts/clock_elasticity.py: bursts of N back-to-back fused_experts calls under one pinned tile, each call L2-flushed and bracketed by its own pre-primed event pair, the FIRST call of every burst discarded as a drained-queue launch, a host-side idle gap after each burst setting the sustained duty cycle, and the SM clock, board power and memory clock read through NVML with the burst still in flight; NOT timing.TIMING_BASIS; LOCK MODE: the SM clock locked per state with nvidia-smi -lgc F,F and read back per burst, one duty in every state, each measured burst's gap sized from that burst",1500,,,13.0,580.105.08,True,1,161f9ec19347efb7aa64ac4c645c527e0d2b46d6,NVIDIA GH200 480GB,192-222-51-98,"scripts/clock_elasticity.py: bursts of N back-to-back fused_experts calls under one pinned tile, each call L2-flushed and bracketed by its own pre-primed event pair, the FIRST call of every burst discarded as a drained-queue launch, a host-side idle gap after each burst setting the sustained duty cycle, and the SM clock, board power and memory clock read through NVML with the burst still in flight; NOT timing.TIMING_BASIS; LOCK MODE: the SM clock locked per state with nvidia-smi -lgc F,F and read back per burst, one duty in every state, each measured burst's gap sized from that burst",,bandwidth=not supplied by caller; bandwidth_source=not supplied by caller; iters=not supplied by caller; ridge=not supplied by caller; ridge_source=not supplied by caller; sglang=package not installed,1,3.12.14,,,,200.0,2.13.0,3.7.1,2026-09-27T08:00:24+00:00,0.27.1,200.0
0.25,0.2498984381294547,1,3,1,mixtral-8x7b,bf16,32,64,64,4,8,4,7,224,896,9,18,3,4.419712066650391,4.411231994628906,0.013845506966457286,144,40.037342098024155,119.32958431228326,4.42573606967926,4.417952060699463,True,1500.0,1500.0,1500.0,1500 1500 1500 1500 1500 1500 1500 1500 1500 1500 1500 1500 1500 1500 1500 1500 1500 1500,18,nvml,True,,True,,1470.0,232.686,2619.0,False,3.235341000618064,8.232204754933411,200.00838470458984,True,ok,,"scripts/clock_elasticity.py: bursts of N back-to-back fused_experts calls under one pinned tile, each call L2-flushed and bracketed by its own pre-primed event pair, the FIRST call of every burst discarded as a drained-queue launch, a host-side idle gap after each burst setting the sustained duty cycle, and the SM clock, board power and memory clock read through NVML with the burst still in flight; NOT timing.TIMING_BASIS; LOCK MODE: the SM clock locked per state with nvidia-smi -lgc F,F and read back per burst, one duty in every state, each measured burst's gap sized from that burst",1500,,,13.0,580.105.08,True,1,161f9ec19347efb7aa64ac4c645c527e0d2b46d6,NVIDIA GH200 480GB,192-222-51-98,"scripts/clock_elasticity.py: bursts of N back-to-back fused_experts calls under one pinned tile, each call L2-flushed and bracketed by its own pre-primed event pair, the FIRST call of every burst discarded as a drained-queue launch, a host-side idle gap after each burst setting the sustained duty cycle, and the SM clock, board power and memory clock read through NVML with the burst still in flight; NOT timing.TIMING_BASIS; LOCK MODE: the SM clock locked per state with nvidia-smi -lgc F,F and read back per burst, one duty in every state, each measured burst's gap sized from that burst",,bandwidth=not supplied by caller; bandwidth_source=not supplied by caller; iters=not supplied by caller; ridge=not supplied by caller; ridge_source=not supplied by caller; sglang=package not installed,1,3.12.14,,,,200.0,2.13.0,3.7.1,2026-09-27T08:00:24+00:00,0.27.1,200.0
0.25,0.24989423888451215,1,3,1,mixtral-8x7b,bf16,32,64,64,4,8,4,8,256,1024,8,18,3,5.0449440479278564,5.034016132354736,0.013891511726705628,126,40.60335816277398,121.08378727634408,5.056399822235107,5.044111967086792,True,1500.0,1500.0,1500.0,1500 1500 1500 1500 1500 1500 1500 1500 1500 1500 1500 1500 1500 1500 1500 1500 1500 1500,18,nvml,True,,True,,1470.0,224.296,2619.0,False,2.932554499238904,7.385906021046079,202.90188884735107,True,ok,,"scripts/clock_elasticity.py: bursts of N back-to-back fused_experts calls under one pinned tile, each call L2-flushed and bracketed by its own pre-primed event pair, the FIRST call of every burst discarded as a drained-queue launch, a host-side idle gap after each burst setting the sustained duty cycle, and the SM clock, board power and memory clock read through NVML with the burst still in flight; NOT timing.TIMING_BASIS; LOCK MODE: the SM clock locked per state with nvidia-smi -lgc F,F and read back per burst, one duty in every state, each measured burst's gap sized from that burst",1500,,,13.0,580.105.08,True,1,161f9ec19347efb7aa64ac4c645c527e0d2b46d6,NVIDIA GH200 480GB,192-222-51-98,"scripts/clock_elasticity.py: bursts of N back-to-back fused_experts calls under one pinned tile, each call L2-flushed and bracketed by its own pre-primed event pair, the FIRST call of every burst discarded as a drained-queue launch, a host-side idle gap after each burst setting the sustained duty cycle, and the SM clock, board power and memory clock read through NVML with the burst still in flight; NOT timing.TIMING_BASIS; LOCK MODE: the SM clock locked per state with nvidia-smi -lgc F,F and read back per burst, one duty in every state, each measured burst's gap sized from that burst",,bandwidth=not supplied by caller; bandwidth_source=not supplied by caller; iters=not supplied by caller; ridge=not supplied by caller; ridge_source=not supplied by caller; sglang=package not installed,1,3.12.14,,,,200.0,2.13.0,3.7.1,2026-09-27T08:00:24+00:00,0.27.1,200.0
0.25,0.2498942531173104,0,3,2,mixtral-8x7b,bf16,32,64,64,4,8,4,1,32,128,47,18,3,0.853663980960846,0.8455359935760498,0.0028615390208656124,828,40.29646045631833,117.09193830443839,0.8537440001964569,0.8535360097885132,True,1710.0,1710.0,1710.0,1710 1710 1710 1710 1710 1710 1710 1710 1710 1710 1710 1710 1710 1710 1710 1710 1710 1710,18,nvml,False,high,True,,1470.0,274.19100000000003,2619.0,False,15.199353500975121,29.977631781106467,201.38819187879562,True,ok,"LEVEL HIGH (recorded, never an exclusion here): loaded clock 1710 MHz against the 1470 MHz reference. At a duty cycle below 1.0 a HIGH reading is the experiment working, not a cell to drop.","scripts/clock_elasticity.py: bursts of N back-to-back fused_experts calls under one pinned tile, each call L2-flushed and bracketed by its own pre-primed event pair, the FIRST call of every burst discarded as a drained-queue launch, a host-side idle gap after each burst setting the sustained duty cycle, and the SM clock, board power and memory clock read through NVML with the burst still in flight; NOT timing.TIMING_BASIS; LOCK MODE: the SM clock locked per state with nvidia-smi -lgc F,F and read back per burst, one duty in every state, each measured burst's gap sized from that burst",1710,,,13.0,580.105.08,True,1,161f9ec19347efb7aa64ac4c645c527e0d2b46d6,NVIDIA GH200 480GB,192-222-51-98,"scripts/clock_elasticity.py: bursts of N back-to-back fused_experts calls under one pinned tile, each call L2-flushed and bracketed by its own pre-primed event pair, the FIRST call of every burst discarded as a drained-queue launch, a host-side idle gap after each burst setting the sustained duty cycle, and the SM clock, board power and memory clock read through NVML with the burst still in flight; NOT timing.TIMING_BASIS; LOCK MODE: the SM clock locked per state with nvidia-smi -lgc F,F and read back per burst, one duty in every state, each measured burst's gap sized from that burst",,bandwidth=not supplied by caller; bandwidth_source=not supplied by caller; iters=not supplied by caller; ridge=not supplied by caller; ridge_source=not supplied by caller; sglang=package not installed,1,3.12.14,,,,200.0,2.13.0,3.7.1,2026-09-27T08:00:24+00:00,0.27.1,200.0
0.25,0.24988566883818572,0,3,2,mixtral-8x7b,bf16,32,64,64,4,8,4,2,64,256,31,18,3,1.1712640523910522,1.1599680185317993,0.009239369897985353,540,36.53100797865126,107.0733913954391,1.1720799803733826,1.170352041721344,True,1710.0,1710.0,1590.0,1710 1710 1620 1710 1575 1710 1710 1710 1695 1710 1710 1710 1710 1710 1710 1620 1710 1590,18,nvml,False,high,False,dropping,1470.0,295.9115,2619.0,False,9.787560499717074,22.58777026373371,219.29884803295135,True,ok,"LEVEL HIGH (recorded, never an exclusion here): loaded clock 1710 MHz against the 1470 MHz reference. At a duty cycle below 1.0 a HIGH reading is the experiment working, not a cell to drop.; DRIFT failed, dropping: 1710 -> 1590 MHz over 18 bursts; this cell is EXCLUDED","scripts/clock_elasticity.py: bursts of N back-to-back fused_experts calls under one pinned tile, each call L2-flushed and bracketed by its own pre-primed event pair, the FIRST call of every burst discarded as a drained-queue launch, a host-side idle gap after each burst setting the sustained duty cycle, and the SM clock, board power and memory clock read through NVML with the burst still in flight; NOT timing.TIMING_BASIS; LOCK MODE: the SM clock locked per state with nvidia-smi -lgc F,F and read back per burst, one duty in every state, each measured burst's gap sized from that burst",1710,,,13.0,580.105.08,True,1,161f9ec19347efb7aa64ac4c645c527e0d2b46d6,NVIDIA GH200 480GB,192-222-51-98,"scripts/clock_elasticity.py: bursts of N back-to-back fused_experts calls under one pinned tile, each call L2-flushed and bracketed by its own pre-primed event pair, the FIRST call of every burst discarded as a drained-queue launch, a host-side idle gap after each burst setting the sustained duty cycle, and the SM clock, board power and memory clock read through NVML with the burst still in flight; NOT timing.TIMING_BASIS; LOCK MODE: the SM clock locked per state with nvidia-smi -lgc F,F and read back per burst, one duty in every state, each measured burst's gap sized from that burst",,bandwidth=not supplied by caller; bandwidth_source=not supplied by caller; iters=not supplied by caller; ridge=not supplied by caller; ridge_source=not supplied by caller; sglang=package not installed,1,3.12.14,,,,200.0,2.13.0,3.7.1,2026-09-27T08:00:24+00:00,0.27.1,200.0
0.25,0.2498750630142653,0,3,2,mixtral-8x7b,bf16,32,64,64,4,8,4,3,96,384,20,18,3,1.7261919975280762,1.710976004600525,0.021038044689058785,342,34.79801426331202,102.66050283779623,1.7271599769592285,1.7285520136356354,True,1710.0,1710.0,1620.0,1710 1710 1620 1710 1710 1710 1710 1605 1710 1710 1710 1710 1590 1710 1695 1710 1710 1620,18,nvml,False,high,False,dropping,1470.0,299.32050000000004,2619.0,False,6.490283000857744,16.280742457519835,244.56918394565582,True,ok,"LEVEL HIGH (recorded, never an exclusion here): loaded clock 1710 MHz against the 1470 MHz reference. At a duty cycle below 1.0 a HIGH reading is the experiment working, not a cell to drop.; DRIFT failed, dropping: 1710 -> 1620 MHz over 18 bursts; this cell is EXCLUDED","scripts/clock_elasticity.py: bursts of N back-to-back fused_experts calls under one pinned tile, each call L2-flushed and bracketed by its own pre-primed event pair, the FIRST call of every burst discarded as a drained-queue launch, a host-side idle gap after each burst setting the sustained duty cycle, and the SM clock, board power and memory clock read through NVML with the burst still in flight; NOT timing.TIMING_BASIS; LOCK MODE: the SM clock locked per state with nvidia-smi -lgc F,F and read back per burst, one duty in every state, each measured burst's gap sized from that burst",1710,,,13.0,580.105.08,True,1,161f9ec19347efb7aa64ac4c645c527e0d2b46d6,NVIDIA GH200 480GB,192-222-51-98,"scripts/clock_elasticity.py: bursts of N back-to-back fused_experts calls under one pinned tile, each call L2-flushed and bracketed by its own pre-primed event pair, the FIRST call of every burst discarded as a drained-queue launch, a host-side idle gap after each burst setting the sustained duty cycle, and the SM clock, board power and memory clock read through NVML with the burst still in flight; NOT timing.TIMING_BASIS; LOCK MODE: the SM clock locked per state with nvidia-smi -lgc F,F and read back per burst, one duty in every state, each measured burst's gap sized from that burst",,bandwidth=not supplied by caller; bandwidth_source=not supplied by caller; iters=not supplied by caller; ridge=not supplied by caller; ridge_source=not supplied by caller; sglang=package not installed,1,3.12.14,,,,200.0,2.13.0,3.7.1,2026-09-27T08:00:24+00:00,0.27.1,200.0
0.25,0.2498850668853381,0,3,2,mixtral-8x7b,bf16,32,64,64,4,8,4,4,128,512,17,18,3,2.2400320768356323,2.2285759449005127,0.00591199646781318,288,38.30709330240885,113.4862666662375,2.244167983531952,2.2384960055351257,True,1710.0,1710.0,1710.0,1710 1680 1710 1710 1710 1710 1710 1710 1710 1710 1710 1710 1710 1710 1710 1710 1680 1710,18,nvml,False,high,True,,1470.0,281.937,2619.0,False,6.0246305001783185,14.322406160459977,229.97164726257324,True,ok,"LEVEL HIGH (recorded, never an exclusion here): loaded clock 1710 MHz against the 1470 MHz reference. At a duty cycle below 1.0 a HIGH reading is the experiment working, not a cell to drop.","scripts/clock_elasticity.py: bursts of N back-to-back fused_experts calls under one pinned tile, each call L2-flushed and bracketed by its own pre-primed event pair, the FIRST call of every burst discarded as a drained-queue launch, a host-side idle gap after each burst setting the sustained duty cycle, and the SM clock, board power and memory clock read through NVML with the burst still in flight; NOT timing.TIMING_BASIS; LOCK MODE: the SM clock locked per state with nvidia-smi -lgc F,F and read back per burst, one duty in every state, each measured burst's gap sized from that burst",1710,,,13.0,580.105.08,True,1,161f9ec19347efb7aa64ac4c645c527e0d2b46d6,NVIDIA GH200 480GB,192-222-51-98,"scripts/clock_elasticity.py: bursts of N back-to-back fused_experts calls under one pinned tile, each call L2-flushed and bracketed by its own pre-primed event pair, the FIRST call of every burst discarded as a drained-queue launch, a host-side idle gap after each burst setting the sustained duty cycle, and the SM clock, board power and memory clock read through NVML with the burst still in flight; NOT timing.TIMING_BASIS; LOCK MODE: the SM clock locked per state with nvidia-smi -lgc F,F and read back per burst, one duty in every state, each measured burst's gap sized from that burst",,bandwidth=not supplied by caller; bandwidth_source=not supplied by caller; iters=not supplied by caller; ridge=not supplied by caller; ridge_source=not supplied by caller; sglang=package not installed,1,3.12.14,,,,200.0,2.13.0,3.7.1,2026-09-27T08:00:24+00:00,0.27.1,200.0
0.25,0.2498809465806243,0,3,2,mixtral-8x7b,bf16,32,64,64,4,8,4,5,160,640,13,18,3,2.792527914047241,2.775712013244629,0.016555219656765117,216,36.54534570376078,108.50005992456136,2.7949119806289673,2.7906399965286255,True,1710.0,1710.0,1710.0,1710 1710 1710 1710 1710 1710 1710 1680 1710 1620 1710 1605 1710 1710 1710 1710 1710 1710,18,nvml,False,high,True,,1470.0,296.894,2619.0,False,4.451032500583096,11.354448956764527,219.29423999786377,True,ok,"LEVEL HIGH (recorded, never an exclusion here): loaded clock 1710 MHz against the 1470 MHz reference. At a duty cycle below 1.0 a HIGH reading is the experiment working, not a cell to drop.","scripts/clock_elasticity.py: bursts of N back-to-back fused_experts calls under one pinned tile, each call L2-flushed and bracketed by its own pre-primed event pair, the FIRST call of every burst discarded as a drained-queue launch, a host-side idle gap after each burst setting the sustained duty cycle, and the SM clock, board power and memory clock read through NVML with the burst still in flight; NOT timing.TIMING_BASIS; LOCK MODE: the SM clock locked per state with nvidia-smi -lgc F,F and read back per burst, one duty in every state, each measured burst's gap sized from that burst",1710,,,13.0,580.105.08,True,1,161f9ec19347efb7aa64ac4c645c527e0d2b46d6,NVIDIA GH200 480GB,192-222-51-98,"scripts/clock_elasticity.py: bursts of N back-to-back fused_experts calls under one pinned tile, each call L2-flushed and bracketed by its own pre-primed event pair, the FIRST call of every burst discarded as a drained-queue launch, a host-side idle gap after each burst setting the sustained duty cycle, and the SM clock, board power and memory clock read through NVML with the burst still in flight; NOT timing.TIMING_BASIS; LOCK MODE: the SM clock locked per state with nvidia-smi -lgc F,F and read back per burst, one duty in every state, each measured burst's gap sized from that burst",,bandwidth=not supplied by caller; bandwidth_source=not supplied by caller; iters=not supplied by caller; ridge=not supplied by caller; ridge_source=not supplied by caller; sglang=package not installed,1,3.12.14,,,,200.0,2.13.0,3.7.1,2026-09-27T08:00:24+00:00,0.27.1,200.0
0.25,0.24988570224451287,0,3,2,mixtral-8x7b,bf16,32,64,64,4,8,4,6,192,768,11,18,3,3.341423988342285,3.326495885848999,0.012896589217985331,180,37.02147384484609,110.06447415600996,3.3475279808044434,3.3404800295829773,True,1710.0,1680.0,1710.0,1680 1710 1710 1710 1635 1710 1635 1710 1710 1710 1695 1710 1710 1710 1710 1710 1710 1710,18,nvml,False,high,True,,1470.0,290.1945,2619.0,False,3.9378430001306697,9.7982131631825,222.02691173553467,True,ok,"LEVEL HIGH (recorded, never an exclusion here): loaded clock 1710 MHz against the 1470 MHz reference. At a duty cycle below 1.0 a HIGH reading is the experiment working, not a cell to drop.","scripts/clock_elasticity.py: bursts of N back-to-back fused_experts calls under one pinned tile, each call L2-flushed and bracketed by its own pre-primed event pair, the FIRST call of every burst discarded as a drained-queue launch, a host-side idle gap after each burst setting the sustained duty cycle, and the SM clock, board power and memory clock read through NVML with the burst still in flight; NOT timing.TIMING_BASIS; LOCK MODE: the SM clock locked per state with nvidia-smi -lgc F,F and read back per burst, one duty in every state, each measured burst's gap sized from that burst",1710,,,13.0,580.105.08,True,1,161f9ec19347efb7aa64ac4c645c527e0d2b46d6,NVIDIA GH200 480GB,192-222-51-98,"scripts/clock_elasticity.py: bursts of N back-to-back fused_experts calls under one pinned tile, each call L2-flushed and bracketed by its own pre-primed event pair, the FIRST call of every burst discarded as a drained-queue launch, a host-side idle gap after each burst setting the sustained duty cycle, and the SM clock, board power and memory clock read through NVML with the burst still in flight; NOT timing.TIMING_BASIS; LOCK MODE: the SM clock locked per state with nvidia-smi -lgc F,F and read back per burst, one duty in every state, each measured burst's gap sized from that burst",,bandwidth=not supplied by caller; bandwidth_source=not supplied by caller; iters=not supplied by caller; ridge=not supplied by caller; ridge_source=not supplied by caller; sglang=package not installed,1,3.12.14,,,,200.0,2.13.0,3.7.1,2026-09-27T08:00:24+00:00,0.27.1,200.0
0.25,0.24987809089104707,0,3,2,mixtral-8x7b,bf16,32,64,64,4,8,4,7,224,896,9,18,3,3.90067195892334,3.8835198879241943,0.015601266909506615,144,35.32549509737227,105.19868203352236,3.9031919836997986,3.8998719453811646,True,1710.0,1710.0,1710.0,1710 1710 1710 1710 1710 1710 1710 1710 1710 1620 1710 1710 1710 1710 1695 1710 1710 1710,18,nvml,False,high,True,,1470.0,284.90549999999996,2619.0,False,3.2250369995381334,8.116193736568931,211.9210557937622,True,ok,"LEVEL HIGH (recorded, never an exclusion here): loaded clock 1710 MHz against the 1470 MHz reference. At a duty cycle below 1.0 a HIGH reading is the experiment working, not a cell to drop.","scripts/clock_elasticity.py: bursts of N back-to-back fused_experts calls under one pinned tile, each call L2-flushed and bracketed by its own pre-primed event pair, the FIRST call of every burst discarded as a drained-queue launch, a host-side idle gap after each burst setting the sustained duty cycle, and the SM clock, board power and memory clock read through NVML with the burst still in flight; NOT timing.TIMING_BASIS; LOCK MODE: the SM clock locked per state with nvidia-smi -lgc F,F and read back per burst, one duty in every state, each measured burst's gap sized from that burst",1710,,,13.0,580.105.08,True,1,161f9ec19347efb7aa64ac4c645c527e0d2b46d6,NVIDIA GH200 480GB,192-222-51-98,"scripts/clock_elasticity.py: bursts of N back-to-back fused_experts calls under one pinned tile, each call L2-flushed and bracketed by its own pre-primed event pair, the FIRST call of every burst discarded as a drained-queue launch, a host-side idle gap after each burst setting the sustained duty cycle, and the SM clock, board power and memory clock read through NVML with the burst still in flight; NOT timing.TIMING_BASIS; LOCK MODE: the SM clock locked per state with nvidia-smi -lgc F,F and read back per burst, one duty in every state, each measured burst's gap sized from that burst",,bandwidth=not supplied by caller; bandwidth_source=not supplied by caller; iters=not supplied by caller; ridge=not supplied by caller; ridge_source=not supplied by caller; sglang=package not installed,1,3.12.14,,,,200.0,2.13.0,3.7.1,2026-09-27T08:00:24+00:00,0.27.1,200.0
0.25,0.24988702383585348,0,3,2,mixtral-8x7b,bf16,32,64,64,4,8,4,8,256,1024,8,18,3,4.438800096511841,4.42460823059082,0.00856051882850071,126,35.68437149789598,106.30848641426564,4.441871881484985,4.4369120597839355,True,1710.0,1710.0,1710.0,1710 1710 1710 1710 1695 1710 1710 1710 1710 1710 1710 1695 1710 1710 1710 1710 1710 1710,18,nvml,False,high,True,,1470.0,276.3435,2619.0,False,2.7226639995205915,7.358944297389246,214.3002552986145,True,ok,"LEVEL HIGH (recorded, never an exclusion here): loaded clock 1710 MHz against the 1470 MHz reference. At a duty cycle below 1.0 a HIGH reading is the experiment working, not a cell to drop.","scripts/clock_elasticity.py: bursts of N back-to-back fused_experts calls under one pinned tile, each call L2-flushed and bracketed by its own pre-primed event pair, the FIRST call of every burst discarded as a drained-queue launch, a host-side idle gap after each burst setting the sustained duty cycle, and the SM clock, board power and memory clock read through NVML with the burst still in flight; NOT timing.TIMING_BASIS; LOCK MODE: the SM clock locked per state with nvidia-smi -lgc F,F and read back per burst, one duty in every state, each measured burst's gap sized from that burst",1710,,,13.0,580.105.08,True,1,161f9ec19347efb7aa64ac4c645c527e0d2b46d6,NVIDIA GH200 480GB,192-222-51-98,"scripts/clock_elasticity.py: bursts of N back-to-back fused_experts calls under one pinned tile, each call L2-flushed and bracketed by its own pre-primed event pair, the FIRST call of every burst discarded as a drained-queue launch, a host-side idle gap after each burst setting the sustained duty cycle, and the SM clock, board power and memory clock read through NVML with the burst still in flight; NOT timing.TIMING_BASIS; LOCK MODE: the SM clock locked per state with nvidia-smi -lgc F,F and read back per burst, one duty in every state, each measured burst's gap sized from that burst",,bandwidth=not supplied by caller; bandwidth_source=not supplied by caller; iters=not supplied by caller; ridge=not supplied by caller; ridge_source=not supplied by caller; sglang=package not installed,1,3.12.14,,,,200.0,2.13.0,3.7.1,2026-09-27T08:00:24+00:00,0.27.1,200.0
0.25,0.2499023298074754,0,4,0,mixtral-8x7b,bf16,32,64,64,4,8,4,1,32,128,47,18,3,0.8525440096855164,0.8418880105018616,0.003172797202581683,828,40.23657778236601,116.90886714751105,0.8522079885005951,0.8525280058383942,True,1710.0,1710.0,1710.0,1710 1710 1710 1710 1710 1710 1710 1710 1710 1710 1710 1710 1710 1710 1710 1710 1710 1710,18,nvml,False,high,True,,1470.0,272.4465,2619.0,False,14.86528600071324,29.956492969012277,201.16396820545197,True,ok,"LEVEL HIGH (recorded, never an exclusion here): loaded clock 1710 MHz against the 1470 MHz reference. At a duty cycle below 1.0 a HIGH reading is the experiment working, not a cell to drop.","scripts/clock_elasticity.py: bursts of N back-to-back fused_experts calls under one pinned tile, each call L2-flushed and bracketed by its own pre-primed event pair, the FIRST call of every burst discarded as a drained-queue launch, a host-side idle gap after each burst setting the sustained duty cycle, and the SM clock, board power and memory clock read through NVML with the burst still in flight; NOT timing.TIMING_BASIS; LOCK MODE: the SM clock locked per state with nvidia-smi -lgc F,F and read back per burst, one duty in every state, each measured burst's gap sized from that burst",1710,,,13.0,580.105.08,True,1,161f9ec19347efb7aa64ac4c645c527e0d2b46d6,NVIDIA GH200 480GB,192-222-51-98,"scripts/clock_elasticity.py: bursts of N back-to-back fused_experts calls under one pinned tile, each call L2-flushed and bracketed by its own pre-primed event pair, the FIRST call of every burst discarded as a drained-queue launch, a host-side idle gap after each burst setting the sustained duty cycle, and the SM clock, board power and memory clock read through NVML with the burst still in flight; NOT timing.TIMING_BASIS; LOCK MODE: the SM clock locked per state with nvidia-smi -lgc F,F and read back per burst, one duty in every state, each measured burst's gap sized from that burst",,bandwidth=not supplied by caller; bandwidth_source=not supplied by caller; iters=not supplied by caller; ridge=not supplied by caller; ridge_source=not supplied by caller; sglang=package not installed,1,3.12.14,,,,200.0,2.13.0,3.7.1,2026-09-27T08:00:24+00:00,0.27.1,200.0
0.25,0.2498914472139641,0,4,0,mixtral-8x7b,bf16,32,64,64,4,8,4,2,64,256,31,18,3,1.1681439876556396,1.1544320583343506,0.00863825008904527,540,36.416664845413635,106.6179368009689,1.1690880060195923,1.1694079637527466,True,1710.0,1710.0,1710.0,1710 1710 1710 1650 1710 1590 1710 1710 1710 1710 1710 1710 1710 1710 1680 1710 1620 1710,18,nvml,False,high,True,,1470.0,297.899,2619.0,False,9.548085999995237,23.179532062076206,219.04406368732452,True,ok,"LEVEL HIGH (recorded, never an exclusion here): loaded clock 1710 MHz against the 1470 MHz reference. At a duty cycle below 1.0 a HIGH reading is the experiment working, not a cell to drop.","scripts/clock_elasticity.py: bursts of N back-to-back fused_experts calls under one pinned tile, each call L2-flushed and bracketed by its own pre-primed event pair, the FIRST call of every burst discarded as a drained-queue launch, a host-side idle gap after each burst setting the sustained duty cycle, and the SM clock, board power and memory clock read through NVML with the burst still in flight; NOT timing.TIMING_BASIS; LOCK MODE: the SM clock locked per state with nvidia-smi -lgc F,F and read back per burst, one duty in every state, each measured burst's gap sized from that burst",1710,,,13.0,580.105.08,True,1,161f9ec19347efb7aa64ac4c645c527e0d2b46d6,NVIDIA GH200 480GB,192-222-51-98,"scripts/clock_elasticity.py: bursts of N back-to-back fused_experts calls under one pinned tile, each call L2-flushed and bracketed by its own pre-primed event pair, the FIRST call of every burst discarded as a drained-queue launch, a host-side idle gap after each burst setting the sustained duty cycle, and the SM clock, board power and memory clock read through NVML with the burst still in flight; NOT timing.TIMING_BASIS; LOCK MODE: the SM clock locked per state with nvidia-smi -lgc F,F and read back per burst, one duty in every state, each measured burst's gap sized from that burst",,bandwidth=not supplied by caller; bandwidth_source=not supplied by caller; iters=not supplied by caller; ridge=not supplied by caller; ridge_source=not supplied by caller; sglang=package not installed,1,3.12.14,,,,200.0,2.13.0,3.7.1,2026-09-27T08:00:24+00:00,0.27.1,200.0
0.25,0.24988056321324256,0,4,0,mixtral-8x7b,bf16,32,64,64,4,8,4,3,96,384,20,18,3,1.7248000502586365,1.70687997341156,0.020282681562048023,342,34.7822257677714,102.74187879954115,1.7272480130195618,1.764119952917099,True,1710.0,1710.0,1575.0,1710 1710 1665 1710 1710 1710 1710 1650 1710 1710 1710 1710 1620 1710 1710 1710 1710 1575,18,nvml,False,high,False,dropping,1470.0,299.369,2619.0,False,6.5252589993178844,16.131610483740577,207.99689638614655,True,ok,"LEVEL HIGH (recorded, never an exclusion here): loaded clock 1710 MHz against the 1470 MHz reference. At a duty cycle below 1.0 a HIGH reading is the experiment working, not a cell to drop.; DRIFT failed, dropping: 1710 -> 1575 MHz over 18 bursts; this cell is EXCLUDED","scripts/clock_elasticity.py: bursts of N back-to-back fused_experts calls under one pinned tile, each call L2-flushed and bracketed by its own pre-primed event pair, the FIRST call of every burst discarded as a drained-queue launch, a host-side idle gap after each burst setting the sustained duty cycle, and the SM clock, board power and memory clock read through NVML with the burst still in flight; NOT timing.TIMING_BASIS; LOCK MODE: the SM clock locked per state with nvidia-smi -lgc F,F and read back per burst, one duty in every state, each measured burst's gap sized from that burst",1710,,,13.0,580.105.08,True,1,161f9ec19347efb7aa64ac4c645c527e0d2b46d6,NVIDIA GH200 480GB,192-222-51-98,"scripts/clock_elasticity.py: bursts of N back-to-back fused_experts calls under one pinned tile, each call L2-flushed and bracketed by its own pre-primed event pair, the FIRST call of every burst discarded as a drained-queue launch, a host-side idle gap after each burst setting the sustained duty cycle, and the SM clock, board power and memory clock read through NVML with the burst still in flight; NOT timing.TIMING_BASIS; LOCK MODE: the SM clock locked per state with nvidia-smi -lgc F,F and read back per burst, one duty in every state, each measured burst's gap sized from that burst",,bandwidth=not supplied by caller; bandwidth_source=not supplied by caller; iters=not supplied by caller; ridge=not supplied by caller; ridge_source=not supplied by caller; sglang=package not installed,1,3.12.14,,,,200.0,2.13.0,3.7.1,2026-09-27T08:00:24+00:00,0.27.1,200.0
0.25,0.2498993017236003,0,4,0,mixtral-8x7b,bf16,32,64,64,4,8,4,4,128,512,17,18,3,2.2400959730148315,2.2295680046081543,0.0063582486157012195,288,38.26275557941861,113.39965852155001,2.2472000122070312,2.235311985015869,True,1710.0,1710.0,1710.0,1710 1695 1710 1710 1710 1710 1710 1710 1710 1710 1710 1710 1710 1710 1710 1710 1695 1710,18,nvml,False,high,True,,1470.0,287.1835,2619.0,False,5.586402499830001,14.470638813540068,229.44607996940613,True,ok,"LEVEL HIGH (recorded, never an exclusion here): loaded clock 1710 MHz against the 1470 MHz reference. At a duty cycle below 1.0 a HIGH reading is the experiment working, not a cell to drop.","scripts/clock_elasticity.py: bursts of N back-to-back fused_experts calls under one pinned tile, each call L2-flushed and bracketed by its own pre-primed event pair, the FIRST call of every burst discarded as a drained-queue launch, a host-side idle gap after each burst setting the sustained duty cycle, and the SM clock, board power and memory clock read through NVML with the burst still in flight; NOT timing.TIMING_BASIS; LOCK MODE: the SM clock locked per state with nvidia-smi -lgc F,F and read back per burst, one duty in every state, each measured burst's gap sized from that burst",1710,,,13.0,580.105.08,True,1,161f9ec19347efb7aa64ac4c645c527e0d2b46d6,NVIDIA GH200 480GB,192-222-51-98,"scripts/clock_elasticity.py: bursts of N back-to-back fused_experts calls under one pinned tile, each call L2-flushed and bracketed by its own pre-primed event pair, the FIRST call of every burst discarded as a drained-queue launch, a host-side idle gap after each burst setting the sustained duty cycle, and the SM clock, board power and memory clock read through NVML with the burst still in flight; NOT timing.TIMING_BASIS; LOCK MODE: the SM clock locked per state with nvidia-smi -lgc F,F and read back per burst, one duty in every state, each measured burst's gap sized from that burst",,bandwidth=not supplied by caller; bandwidth_source=not supplied by caller; iters=not supplied by caller; ridge=not supplied by caller; ridge_source=not supplied by caller; sglang=package not installed,1,3.12.14,,,,200.0,2.13.0,3.7.1,2026-09-27T08:00:24+00:00,0.27.1,200.0
0.25,0.24988781521073625,0,4,0,mixtral-8x7b,bf16,32,64,64,4,8,4,5,160,640,13,18,3,2.7929760217666626,2.7778239250183105,0.01800413253625914,216,36.53725870450338,108.51425214807387,2.798959970474243,2.7942399978637695,True,1710.0,1710.0,1710.0,1710 1710 1710 1710 1710 1710 1710 1650 1710 1620 1710 1710 1710 1710 1710 1710 1710 1710,18,nvml,False,high,True,,1470.0,297.764,2619.0,False,4.340759000115213,11.47067628085606,219.3279047012329,True,ok,"LEVEL HIGH (recorded, never an exclusion here): loaded clock 1710 MHz against the 1470 MHz reference. At a duty cycle below 1.0 a HIGH reading is the experiment working, not a cell to drop.","scripts/clock_elasticity.py: bursts of N back-to-back fused_experts calls under one pinned tile, each call L2-flushed and bracketed by its own pre-primed event pair, the FIRST call of every burst discarded as a drained-queue launch, a host-side idle gap after each burst setting the sustained duty cycle, and the SM clock, board power and memory clock read through NVML with the burst still in flight; NOT timing.TIMING_BASIS; LOCK MODE: the SM clock locked per state with nvidia-smi -lgc F,F and read back per burst, one duty in every state, each measured burst's gap sized from that burst",1710,,,13.0,580.105.08,True,1,161f9ec19347efb7aa64ac4c645c527e0d2b46d6,NVIDIA GH200 480GB,192-222-51-98,"scripts/clock_elasticity.py: bursts of N back-to-back fused_experts calls under one pinned tile, each call L2-flushed and bracketed by its own pre-primed event pair, the FIRST call of every burst discarded as a drained-queue launch, a host-side idle gap after each burst setting the sustained duty cycle, and the SM clock, board power and memory clock read through NVML with the burst still in flight; NOT timing.TIMING_BASIS; LOCK MODE: the SM clock locked per state with nvidia-smi -lgc F,F and read back per burst, one duty in every state, each measured burst's gap sized from that burst",,bandwidth=not supplied by caller; bandwidth_source=not supplied by caller; iters=not supplied by caller; ridge=not supplied by caller; ridge_source=not supplied by caller; sglang=package not installed,1,3.12.14,,,,200.0,2.13.0,3.7.1,2026-09-27T08:00:24+00:00,0.27.1,200.0
0.25,0.2498918659069336,0,4,0,mixtral-8x7b,bf16,32,64,64,4,8,4,6,192,768,11,18,3,3.3404799699783325,3.3256640434265137,0.014738782182658788,180,36.96666129430135,109.96776869067254,3.3457600474357605,3.3424479961395264,True,1710.0,1710.0,1710.0,1710 1710 1710 1710 1710 1710 1710 1710 1710 1710 1710 1710 1710 1710 1710 1710 1680 1710,18,nvml,False,high,True,,1470.0,294.217,2619.0,False,3.8079545001892257,9.881377254793394,480.8612802028656,True,ok,"LEVEL HIGH (recorded, never an exclusion here): loaded clock 1710 MHz against the 1470 MHz reference. At a duty cycle below 1.0 a HIGH reading is the experiment working, not a cell to drop.","scripts/clock_elasticity.py: bursts of N back-to-back fused_experts calls under one pinned tile, each call L2-flushed and bracketed by its own pre-primed event pair, the FIRST call of every burst discarded as a drained-queue launch, a host-side idle gap after each burst setting the sustained duty cycle, and the SM clock, board power and memory clock read through NVML with the burst still in flight; NOT timing.TIMING_BASIS; LOCK MODE: the SM clock locked per state with nvidia-smi -lgc F,F and read back per burst, one duty in every state, each measured burst's gap sized from that burst",1710,,,13.0,580.105.08,True,1,161f9ec19347efb7aa64ac4c645c527e0d2b46d6,NVIDIA GH200 480GB,192-222-51-98,"scripts/clock_elasticity.py: bursts of N back-to-back fused_experts calls under one pinned tile, each call L2-flushed and bracketed by its own pre-primed event pair, the FIRST call of every burst discarded as a drained-queue launch, a host-side idle gap after each burst setting the sustained duty cycle, and the SM clock, board power and memory clock read through NVML with the burst still in flight; NOT timing.TIMING_BASIS; LOCK MODE: the SM clock locked per state with nvidia-smi -lgc F,F and read back per burst, one duty in every state, each measured burst's gap sized from that burst",,bandwidth=not supplied by caller; bandwidth_source=not supplied by caller; iters=not supplied by caller; ridge=not supplied by caller; ridge_source=not supplied by caller; sglang=package not installed,1,3.12.14,,,,200.0,2.13.0,3.7.1,2026-09-27T08:00:24+00:00,0.27.1,200.0
0.25,0.2498924029528655,0,4,0,mixtral-8x7b,bf16,32,64,64,4,8,4,7,224,896,9,18,3,3.8951200246810913,3.8755199909210205,0.01477400642074332,144,35.22980093955994,104.92061965163884,3.898407995700836,3.8969279527664185,True,1710.0,1710.0,1710.0,1710 1605 1710 1710 1710 1710 1620 1710 1710 1710 1710 1665 1710 1710 1710 1710 1710 1710,18,nvml,False,high,True,,1470.0,288.628,2619.0,False,3.0809235004198854,8.214070205248234,211.4731523990631,True,ok,"LEVEL HIGH (recorded, never an exclusion here): loaded clock 1710 MHz against the 1470 MHz reference. At a duty cycle below 1.0 a HIGH reading is the experiment working, not a cell to drop.","scripts/clock_elasticity.py: bursts of N back-to-back fused_experts calls under one pinned tile, each call L2-flushed and bracketed by its own pre-primed event pair, the FIRST call of every burst discarded as a drained-queue launch, a host-side idle gap after each burst setting the sustained duty cycle, and the SM clock, board power and memory clock read through NVML with the burst still in flight; NOT timing.TIMING_BASIS; LOCK MODE: the SM clock locked per state with nvidia-smi -lgc F,F and read back per burst, one duty in every state, each measured burst's gap sized from that burst",1710,,,13.0,580.105.08,True,1,161f9ec19347efb7aa64ac4c645c527e0d2b46d6,NVIDIA GH200 480GB,192-222-51-98,"scripts/clock_elasticity.py: bursts of N back-to-back fused_experts calls under one pinned tile, each call L2-flushed and bracketed by its own pre-primed event pair, the FIRST call of every burst discarded as a drained-queue launch, a host-side idle gap after each burst setting the sustained duty cycle, and the SM clock, board power and memory clock read through NVML with the burst still in flight; NOT timing.TIMING_BASIS; LOCK MODE: the SM clock locked per state with nvidia-smi -lgc F,F and read back per burst, one duty in every state, each measured burst's gap sized from that burst",,bandwidth=not supplied by caller; bandwidth_source=not supplied by caller; iters=not supplied by caller; ridge=not supplied by caller; ridge_source=not supplied by caller; sglang=package not installed,1,3.12.14,,,,200.0,2.13.0,3.7.1,2026-09-27T08:00:24+00:00,0.27.1,200.0
0.25,0.24989027195491456,0,4,0,mixtral-8x7b,bf16,32,64,64,4,8,4,8,256,1024,8,18,3,4.437072038650513,4.425824165344238,0.0063988130778482545,126,35.660551124148895,106.2777831128551,4.438400030136108,4.434079885482788,True,1710.0,1710.0,1710.0,1710 1710 1710 1710 1710 1710 1710 1710 1710 1710 1710 1710 1710 1710 1710 1710 1710 1710,18,nvml,False,high,True,,1470.0,280.10400000000004,2619.0,False,2.746440999544575,7.386657904822837,214.1059217453003,True,ok,"LEVEL HIGH (recorded, never an exclusion here): loaded clock 1710 MHz against the 1470 MHz reference. At a duty cycle below 1.0 a HIGH reading is the experiment working, not a cell to drop.","scripts/clock_elasticity.py: bursts of N back-to-back fused_experts calls under one pinned tile, each call L2-flushed and bracketed by its own pre-primed event pair, the FIRST call of every burst discarded as a drained-queue launch, a host-side idle gap after each burst setting the sustained duty cycle, and the SM clock, board power and memory clock read through NVML with the burst still in flight; NOT timing.TIMING_BASIS; LOCK MODE: the SM clock locked per state with nvidia-smi -lgc F,F and read back per burst, one duty in every state, each measured burst's gap sized from that burst",1710,,,13.0,580.105.08,True,1,161f9ec19347efb7aa64ac4c645c527e0d2b46d6,NVIDIA GH200 480GB,192-222-51-98,"scripts/clock_elasticity.py: bursts of N back-to-back fused_experts calls under one pinned tile, each call L2-flushed and bracketed by its own pre-primed event pair, the FIRST call of every burst discarded as a drained-queue launch, a host-side idle gap after each burst setting the sustained duty cycle, and the SM clock, board power and memory clock read through NVML with the burst still in flight; NOT timing.TIMING_BASIS; LOCK MODE: the SM clock locked per state with nvidia-smi -lgc F,F and read back per burst, one duty in every state, each measured burst's gap sized from that burst",,bandwidth=not supplied by caller; bandwidth_source=not supplied by caller; iters=not supplied by caller; ridge=not supplied by caller; ridge_source=not supplied by caller; sglang=package not installed,1,3.12.14,,,,200.0,2.13.0,3.7.1,2026-09-27T08:00:24+00:00,0.27.1,200.0
0.25,0.24990048392308475,1,4,1,mixtral-8x7b,bf16,32,64,64,4,8,4,1,32,128,47,18,3,0.8596479892730713,0.8504319787025452,0.003409035757287247,828,40.54604979024993,117.82206367688923,0.8594719767570496,0.8599039912223816,True,1500.0,1500.0,1500.0,1500 1500 1500 1500 1500 1500 1500 1500 1500 1500 1500 1500 1500 1500 1500 1500 1500 1500,18,nvml,True,,True,,1470.0,245.072,2619.0,False,14.526083000419021,31.238783970930612,202.78377586603165,True,ok,,"scripts/clock_elasticity.py: bursts of N back-to-back fused_experts calls under one pinned tile, each call L2-flushed and bracketed by its own pre-primed event pair, the FIRST call of every burst discarded as a drained-queue launch, a host-side idle gap after each burst setting the sustained duty cycle, and the SM clock, board power and memory clock read through NVML with the burst still in flight; NOT timing.TIMING_BASIS; LOCK MODE: the SM clock locked per state with nvidia-smi -lgc F,F and read back per burst, one duty in every state, each measured burst's gap sized from that burst",1500,,,13.0,580.105.08,True,1,161f9ec19347efb7aa64ac4c645c527e0d2b46d6,NVIDIA GH200 480GB,192-222-51-98,"scripts/clock_elasticity.py: bursts of N back-to-back fused_experts calls under one pinned tile, each call L2-flushed and bracketed by its own pre-primed event pair, the FIRST call of every burst discarded as a drained-queue launch, a host-side idle gap after each burst setting the sustained duty cycle, and the SM clock, board power and memory clock read through NVML with the burst still in flight; NOT timing.TIMING_BASIS; LOCK MODE: the SM clock locked per state with nvidia-smi -lgc F,F and read back per burst, one duty in every state, each measured burst's gap sized from that burst",,bandwidth=not supplied by caller; bandwidth_source=not supplied by caller; iters=not supplied by caller; ridge=not supplied by caller; ridge_source=not supplied by caller; sglang=package not installed,1,3.12.14,,,,200.0,2.13.0,3.7.1,2026-09-27T08:00:24+00:00,0.27.1,200.0
0.25,0.24990159214328245,1,4,1,mixtral-8x7b,bf16,32,64,64,4,8,4,2,64,256,31,18,3,1.3185919523239136,1.3063679933547974,0.005922054841211461,540,41.052988390127815,120.53130198938744,1.3195840120315552,1.3185919523239136,True,1500.0,1500.0,1500.0,1500 1500 1500 1500 1500 1500 1500 1500 1500 1500 1500 1500 1500 1500 1500 1500 1500 1500,18,nvml,True,,True,,1470.0,245.69,2619.0,False,9.901640999487427,23.852132087343644,205.01862502098083,True,ok,,"scripts/clock_elasticity.py: bursts of N back-to-back fused_experts calls under one pinned tile, each call L2-flushed and bracketed by its own pre-primed event pair, the FIRST call of every burst discarded as a drained-queue launch, a host-side idle gap after each burst setting the sustained duty cycle, and the SM clock, board power and memory clock read through NVML with the burst still in flight; NOT timing.TIMING_BASIS; LOCK MODE: the SM clock locked per state with nvidia-smi -lgc F,F and read back per burst, one duty in every state, each measured burst's gap sized from that burst",1500,,,13.0,580.105.08,True,1,161f9ec19347efb7aa64ac4c645c527e0d2b46d6,NVIDIA GH200 480GB,192-222-51-98,"scripts/clock_elasticity.py: bursts of N back-to-back fused_experts calls under one pinned tile, each call L2-flushed and bracketed by its own pre-primed event pair, the FIRST call of every burst discarded as a drained-queue launch, a host-side idle gap after each burst setting the sustained duty cycle, and the SM clock, board power and memory clock read through NVML with the burst still in flight; NOT timing.TIMING_BASIS; LOCK MODE: the SM clock locked per state with nvidia-smi -lgc F,F and read back per burst, one duty in every state, each measured burst's gap sized from that burst",,bandwidth=not supplied by caller; bandwidth_source=not supplied by caller; iters=not supplied by caller; ridge=not supplied by caller; ridge_source=not supplied by caller; sglang=package not installed,1,3.12.14,,,,200.0,2.13.0,3.7.1,2026-09-27T08:00:24+00:00,0.27.1,200.0
0.25,0.24989619214698866,1,4,1,mixtral-8x7b,bf16,32,64,64,4,8,4,3,96,384,20,18,3,1.9450079798698425,1.9316799640655518,0.00831759806124514,342,39.087823973761665,115.51556864085433,1.9482080340385437,1.9417200088500977,True,1500.0,1500.0,1500.0,1500 1500 1500 1500 1500 1500 1500 1500 1500 1500 1500 1500 1500 1500 1500 1500 1500 1500,18,nvml,True,,True,,1470.0,248.0285,2619.0,False,6.342888998915441,16.7097959814093,234.69247996807098,True,ok,,"scripts/clock_elasticity.py: bursts of N back-to-back fused_experts calls under one pinned tile, each call L2-flushed and bracketed by its own pre-primed event pair, the FIRST call of every burst discarded as a drained-queue launch, a host-side idle gap after each burst setting the sustained duty cycle, and the SM clock, board power and memory clock read through NVML with the burst still in flight; NOT timing.TIMING_BASIS; LOCK MODE: the SM clock locked per state with nvidia-smi -lgc F,F and read back per burst, one duty in every state, each measured burst's gap sized from that burst",1500,,,13.0,580.105.08,True,1,161f9ec19347efb7aa64ac4c645c527e0d2b46d6,NVIDIA GH200 480GB,192-222-51-98,"scripts/clock_elasticity.py: bursts of N back-to-back fused_experts calls under one pinned tile, each call L2-flushed and bracketed by its own pre-primed event pair, the FIRST call of every burst discarded as a drained-queue launch, a host-side idle gap after each burst setting the sustained duty cycle, and the SM clock, board power and memory clock read through NVML with the burst still in flight; NOT timing.TIMING_BASIS; LOCK MODE: the SM clock locked per state with nvidia-smi -lgc F,F and read back per burst, one duty in every state, each measured burst's gap sized from that burst",,bandwidth=not supplied by caller; bandwidth_source=not supplied by caller; iters=not supplied by caller; ridge=not supplied by caller; ridge_source=not supplied by caller; sglang=package not installed,1,3.12.14,,,,200.0,2.13.0,3.7.1,2026-09-27T08:00:24+00:00,0.27.1,200.0
0.25,0.2499086770981552,1,4,1,mixtral-8x7b,bf16,32,64,64,4,8,4,4,128,512,17,18,3,2.5426559448242188,2.5346879959106445,0.007963770630138497,288,43.44299556149377,128.92265138757648,2.5491600036621094,2.538408041000366,True,1500.0,1500.0,1500.0,1500 1500 1500 1500 1500 1500 1500 1500 1500 1500 1500 1500 1500 1500 1500 1500 1500 1500,18,nvml,True,,True,,1470.0,232.8275,2619.0,False,5.869108999831951,14.753502861654546,217.0908806324005,True,ok,,"scripts/clock_elasticity.py: bursts of N back-to-back fused_experts calls under one pinned tile, each call L2-flushed and bracketed by its own pre-primed event pair, the FIRST call of every burst discarded as a drained-queue launch, a host-side idle gap after each burst setting the sustained duty cycle, and the SM clock, board power and memory clock read through NVML with the burst still in flight; NOT timing.TIMING_BASIS; LOCK MODE: the SM clock locked per state with nvidia-smi -lgc F,F and read back per burst, one duty in every state, each measured burst's gap sized from that burst",1500,,,13.0,580.105.08,True,1,161f9ec19347efb7aa64ac4c645c527e0d2b46d6,NVIDIA GH200 480GB,192-222-51-98,"scripts/clock_elasticity.py: bursts of N back-to-back fused_experts calls under one pinned tile, each call L2-flushed and bracketed by its own pre-primed event pair, the FIRST call of every burst discarded as a drained-queue launch, a host-side idle gap after each burst setting the sustained duty cycle, and the SM clock, board power and memory clock read through NVML with the burst still in flight; NOT timing.TIMING_BASIS; LOCK MODE: the SM clock locked per state with nvidia-smi -lgc F,F and read back per burst, one duty in every state, each measured burst's gap sized from that burst",,bandwidth=not supplied by caller; bandwidth_source=not supplied by caller; iters=not supplied by caller; ridge=not supplied by caller; ridge_source=not supplied by caller; sglang=package not installed,1,3.12.14,,,,200.0,2.13.0,3.7.1,2026-09-27T08:00:24+00:00,0.27.1,200.0
0.25,0.24990151104828415,1,4,1,mixtral-8x7b,bf16,32,64,64,4,8,4,5,160,640,13,18,3,3.166159987449646,3.1571199893951416,0.007665420544032478,216,41.3726079861323,123.06588904882665,3.1724480390548706,3.1620479822158813,True,1500.0,1500.0,1500.0,1500 1500 1500 1500 1500 1500 1500 1500 1500 1500 1500 1500 1500 1500 1500 1500 1500 1500,18,nvml,True,,True,,1470.0,240.53750000000002,2619.0,False,4.515433000960911,11.571468773255404,207.08550333976746,True,ok,,"scripts/clock_elasticity.py: bursts of N back-to-back fused_experts calls under one pinned tile, each call L2-flushed and bracketed by its own pre-primed event pair, the FIRST call of every burst discarded as a drained-queue launch, a host-side idle gap after each burst setting the sustained duty cycle, and the SM clock, board power and memory clock read through NVML with the burst still in flight; NOT timing.TIMING_BASIS; LOCK MODE: the SM clock locked per state with nvidia-smi -lgc F,F and read back per burst, one duty in every state, each measured burst's gap sized from that burst",1500,,,13.0,580.105.08,True,1,161f9ec19347efb7aa64ac4c645c527e0d2b46d6,NVIDIA GH200 480GB,192-222-51-98,"scripts/clock_elasticity.py: bursts of N back-to-back fused_experts calls under one pinned tile, each call L2-flushed and bracketed by its own pre-primed event pair, the FIRST call of every burst discarded as a drained-queue launch, a host-side idle gap after each burst setting the sustained duty cycle, and the SM clock, board power and memory clock read through NVML with the burst still in flight; NOT timing.TIMING_BASIS; LOCK MODE: the SM clock locked per state with nvidia-smi -lgc F,F and read back per burst, one duty in every state, each measured burst's gap sized from that burst",,bandwidth=not supplied by caller; bandwidth_source=not supplied by caller; iters=not supplied by caller; ridge=not supplied by caller; ridge_source=not supplied by caller; sglang=package not installed,1,3.12.14,,,,200.0,2.13.0,3.7.1,2026-09-27T08:00:24+00:00,0.27.1,200.0
0.25,0.2499040358631403,1,4,1,mixtral-8x7b,bf16,32,64,64,4,8,4,6,192,768,11,18,3,3.788032054901123,3.7795519828796387,0.006660564640490699,180,41.86074132389493,124.600636607036,3.7906799912452698,3.790127992630005,True,1500.0,1500.0,1500.0,1500 1500 1500 1500 1500 1500 1500 1500 1500 1500 1500 1500 1500 1500 1500 1500 1500 1500,18,nvml,True,,True,,1470.0,235.467,2619.0,False,3.90064349903696,9.99043507407188,209.7761287689209,True,ok,,"scripts/clock_elasticity.py: bursts of N back-to-back fused_experts calls under one pinned tile, each call L2-flushed and bracketed by its own pre-primed event pair, the FIRST call of every burst discarded as a drained-queue launch, a host-side idle gap after each burst setting the sustained duty cycle, and the SM clock, board power and memory clock read through NVML with the burst still in flight; NOT timing.TIMING_BASIS; LOCK MODE: the SM clock locked per state with nvidia-smi -lgc F,F and read back per burst, one duty in every state, each measured burst's gap sized from that burst",1500,,,13.0,580.105.08,True,1,161f9ec19347efb7aa64ac4c645c527e0d2b46d6,NVIDIA GH200 480GB,192-222-51-98,"scripts/clock_elasticity.py: bursts of N back-to-back fused_experts calls under one pinned tile, each call L2-flushed and bracketed by its own pre-primed event pair, the FIRST call of every burst discarded as a drained-queue launch, a host-side idle gap after each burst setting the sustained duty cycle, and the SM clock, board power and memory clock read through NVML with the burst still in flight; NOT timing.TIMING_BASIS; LOCK MODE: the SM clock locked per state with nvidia-smi -lgc F,F and read back per burst, one duty in every state, each measured burst's gap sized from that burst",,bandwidth=not supplied by caller; bandwidth_source=not supplied by caller; iters=not supplied by caller; ridge=not supplied by caller; ridge_source=not supplied by caller; sglang=package not installed,1,3.12.14,,,,200.0,2.13.0,3.7.1,2026-09-27T08:00:24+00:00,0.27.1,200.0
0.25,0.2499018559024651,1,4,1,mixtral-8x7b,bf16,32,64,64,4,8,4,7,224,896,9,18,3,4.419071912765503,4.411712169647217,0.010087571642972675,144,39.98199468188815,119.14537717437634,4.419615983963013,4.419095993041992,True,1500.0,1500.0,1500.0,1500 1500 1500 1500 1500 1500 1500 1500 1500 1500 1500 1500 1500 1500 1500 1500 1500 1500,18,nvml,True,,True,,1470.0,233.84449999999998,2619.0,False,3.204732999620319,8.282421519584796,239.9808006286621,True,ok,,"scripts/clock_elasticity.py: bursts of N back-to-back fused_experts calls under one pinned tile, each call L2-flushed and bracketed by its own pre-primed event pair, the FIRST call of every burst discarded as a drained-queue launch, a host-side idle gap after each burst setting the sustained duty cycle, and the SM clock, board power and memory clock read through NVML with the burst still in flight; NOT timing.TIMING_BASIS; LOCK MODE: the SM clock locked per state with nvidia-smi -lgc F,F and read back per burst, one duty in every state, each measured burst's gap sized from that burst",1500,,,13.0,580.105.08,True,1,161f9ec19347efb7aa64ac4c645c527e0d2b46d6,NVIDIA GH200 480GB,192-222-51-98,"scripts/clock_elasticity.py: bursts of N back-to-back fused_experts calls under one pinned tile, each call L2-flushed and bracketed by its own pre-primed event pair, the FIRST call of every burst discarded as a drained-queue launch, a host-side idle gap after each burst setting the sustained duty cycle, and the SM clock, board power and memory clock read through NVML with the burst still in flight; NOT timing.TIMING_BASIS; LOCK MODE: the SM clock locked per state with nvidia-smi -lgc F,F and read back per burst, one duty in every state, each measured burst's gap sized from that burst",,bandwidth=not supplied by caller; bandwidth_source=not supplied by caller; iters=not supplied by caller; ridge=not supplied by caller; ridge_source=not supplied by caller; sglang=package not installed,1,3.12.14,,,,200.0,2.13.0,3.7.1,2026-09-27T08:00:24+00:00,0.27.1,200.0
0.25,0.24989728988176824,1,4,1,mixtral-8x7b,bf16,32,64,64,4,8,4,8,256,1024,8,18,3,5.042816162109375,5.033599853515625,0.012667748409316098,126,40.56997683313158,120.98362571836333,5.051087856292725,5.041311979293823,True,1500.0,1500.0,1500.0,1500 1500 1500 1500 1500 1500 1500 1500 1500 1500 1500 1500 1500 1500 1500 1500 1500 1500,18,nvml,True,,True,,1470.0,225.67950000000002,2619.0,False,2.8714974996546516,7.39197067032,202.84227228164673,True,ok,,"scripts/clock_elasticity.py: bursts of N back-to-back fused_experts calls under one pinned tile, each call L2-flushed and bracketed by its own pre-primed event pair, the FIRST call of every burst discarded as a drained-queue launch, a host-side idle gap after each burst setting the sustained duty cycle, and the SM clock, board power and memory clock read through NVML with the burst still in flight; NOT timing.TIMING_BASIS; LOCK MODE: the SM clock locked per state with nvidia-smi -lgc F,F and read back per burst, one duty in every state, each measured burst's gap sized from that burst",1500,,,13.0,580.105.08,True,1,161f9ec19347efb7aa64ac4c645c527e0d2b46d6,NVIDIA GH200 480GB,192-222-51-98,"scripts/clock_elasticity.py: bursts of N back-to-back fused_experts calls under one pinned tile, each call L2-flushed and bracketed by its own pre-primed event pair, the FIRST call of every burst discarded as a drained-queue launch, a host-side idle gap after each burst setting the sustained duty cycle, and the SM clock, board power and memory clock read through NVML with the burst still in flight; NOT timing.TIMING_BASIS; LOCK MODE: the SM clock locked per state with nvidia-smi -lgc F,F and read back per burst, one duty in every state, each measured burst's gap sized from that burst",,bandwidth=not supplied by caller; bandwidth_source=not supplied by caller; iters=not supplied by caller; ridge=not supplied by caller; ridge_source=not supplied by caller; sglang=package not installed,1,3.12.14,,,,200.0,2.13.0,3.7.1,2026-09-27T08:00:24+00:00,0.27.1,200.0
0.25,0.24990232639682144,2,4,2,mixtral-8x7b,bf16,32,64,64,4,8,4,1,32,128,47,18,3,0.8658559918403625,0.857088029384613,0.003161110839316433,828,40.84855644570457,118.69426887419831,0.8658719956874847,0.8654560148715973,True,1410.0,1410.0,1410.0,1410 1410 1410 1410 1410 1410 1410 1410 1410 1410 1410 1410 1410 1410 1410 1410 1410 1410,18,nvml,True,,True,,1470.0,222.9755,2619.0,False,14.773828999750549,30.49084902431545,204.2221759557724,True,ok,,"scripts/clock_elasticity.py: bursts of N back-to-back fused_experts calls under one pinned tile, each call L2-flushed and bracketed by its own pre-primed event pair, the FIRST call of every burst discarded as a drained-queue launch, a host-side idle gap after each burst setting the sustained duty cycle, and the SM clock, board power and memory clock read through NVML with the burst still in flight; NOT timing.TIMING_BASIS; LOCK MODE: the SM clock locked per state with nvidia-smi -lgc F,F and read back per burst, one duty in every state, each measured burst's gap sized from that burst",1410,,,13.0,580.105.08,True,1,161f9ec19347efb7aa64ac4c645c527e0d2b46d6,NVIDIA GH200 480GB,192-222-51-98,"scripts/clock_elasticity.py: bursts of N back-to-back fused_experts calls under one pinned tile, each call L2-flushed and bracketed by its own pre-primed event pair, the FIRST call of every burst discarded as a drained-queue launch, a host-side idle gap after each burst setting the sustained duty cycle, and the SM clock, board power and memory clock read through NVML with the burst still in flight; NOT timing.TIMING_BASIS; LOCK MODE: the SM clock locked per state with nvidia-smi -lgc F,F and read back per burst, one duty in every state, each measured burst's gap sized from that burst",,bandwidth=not supplied by caller; bandwidth_source=not supplied by caller; iters=not supplied by caller; ridge=not supplied by caller; ridge_source=not supplied by caller; sglang=package not installed,1,3.12.14,,,,200.0,2.13.0,3.7.1,2026-09-27T08:00:24+00:00,0.27.1,200.0
0.25,0.24990397920729904,2,4,2,mixtral-8x7b,bf16,32,64,64,4,8,4,2,64,256,31,18,3,1.406224012374878,1.3922560214996338,0.009167663906670606,540,43.78978847795062,128.56987024942646,1.4034239649772644,1.4043840169906616,True,1410.0,1410.0,1410.0,1410 1410 1410 1410 1410 1410 1410 1410 1410 1410 1410 1410 1410 1410 1410 1410 1410 1410,18,nvml,True,,True,,1470.0,220.20850000000002,2619.0,False,9.852200499153696,24.086509841425993,219.44095957279205,True,ok,,"scripts/clock_elasticity.py: bursts of N back-to-back fused_experts calls under one pinned tile, each call L2-flushed and bracketed by its own pre-primed event pair, the FIRST call of every burst discarded as a drained-queue launch, a host-side idle gap after each burst setting the sustained duty cycle, and the SM clock, board power and memory clock read through NVML with the burst still in flight; NOT timing.TIMING_BASIS; LOCK MODE: the SM clock locked per state with nvidia-smi -lgc F,F and read back per burst, one duty in every state, each measured burst's gap sized from that burst",1410,,,13.0,580.105.08,True,1,161f9ec19347efb7aa64ac4c645c527e0d2b46d6,NVIDIA GH200 480GB,192-222-51-98,"scripts/clock_elasticity.py: bursts of N back-to-back fused_experts calls under one pinned tile, each call L2-flushed and bracketed by its own pre-primed event pair, the FIRST call of every burst discarded as a drained-queue launch, a host-side idle gap after each burst setting the sustained duty cycle, and the SM clock, board power and memory clock read through NVML with the burst still in flight; NOT timing.TIMING_BASIS; LOCK MODE: the SM clock locked per state with nvidia-smi -lgc F,F and read back per burst, one duty in every state, each measured burst's gap sized from that burst",,bandwidth=not supplied by caller; bandwidth_source=not supplied by caller; iters=not supplied by caller; ridge=not supplied by caller; ridge_source=not supplied by caller; sglang=package not installed,1,3.12.14,,,,200.0,2.13.0,3.7.1,2026-09-27T08:00:24+00:00,0.27.1,200.0
0.25,0.24990137811163077,2,4,2,mixtral-8x7b,bf16,32,64,64,4,8,4,3,96,384,20,18,3,2.079456090927124,2.0530879497528076,0.012491730511682562,342,41.746561765670776,123.60284098582635,2.0921120047569275,2.0713759660720825,True,1410.0,1410.0,1410.0,1410 1410 1410 1410 1410 1410 1410 1410 1410 1410 1410 1410 1410 1410 1410 1410 1410 1410,18,nvml,True,,True,,1470.0,218.51049999999998,2619.0,False,6.243577000532241,17.02483619109711,208.94982385635376,True,ok,,"scripts/clock_elasticity.py: bursts of N back-to-back fused_experts calls under one pinned tile, each call L2-flushed and bracketed by its own pre-primed event pair, the FIRST call of every burst discarded as a drained-queue launch, a host-side idle gap after each burst setting the sustained duty cycle, and the SM clock, board power and memory clock read through NVML with the burst still in flight; NOT timing.TIMING_BASIS; LOCK MODE: the SM clock locked per state with nvidia-smi -lgc F,F and read back per burst, one duty in every state, each measured burst's gap sized from that burst",1410,,,13.0,580.105.08,True,1,161f9ec19347efb7aa64ac4c645c527e0d2b46d6,NVIDIA GH200 480GB,192-222-51-98,"scripts/clock_elasticity.py: bursts of N back-to-back fused_experts calls under one pinned tile, each call L2-flushed and bracketed by its own pre-primed event pair, the FIRST call of every burst discarded as a drained-queue launch, a host-side idle gap after each burst setting the sustained duty cycle, and the SM clock, board power and memory clock read through NVML with the burst still in flight; NOT timing.TIMING_BASIS; LOCK MODE: the SM clock locked per state with nvidia-smi -lgc F,F and read back per burst, one duty in every state, each measured burst's gap sized from that burst",,bandwidth=not supplied by caller; bandwidth_source=not supplied by caller; iters=not supplied by caller; ridge=not supplied by caller; ridge_source=not supplied by caller; sglang=package not installed,1,3.12.14,,,,200.0,2.13.0,3.7.1,2026-09-27T08:00:24+00:00,0.27.1,200.0
0.25,0.24991644119225506,2,4,2,mixtral-8x7b,bf16,32,64,64,4,8,4,4,128,512,17,18,3,2.701551914215088,2.6964480876922607,0.006979182224557985,288,46.15723911921183,136.94619514978694,2.7031200528144836,2.6994720101356506,True,1410.0,1410.0,1410.0,1410 1410 1410 1410 1410 1410 1410 1410 1410 1410 1410 1410 1410 1410 1410 1410 1410 1410,18,nvml,True,,True,,1470.0,194.9105,2619.0,False,5.753716000072018,14.720973449401601,230.5837757587433,True,ok,,"scripts/clock_elasticity.py: bursts of N back-to-back fused_experts calls under one pinned tile, each call L2-flushed and bracketed by its own pre-primed event pair, the FIRST call of every burst discarded as a drained-queue launch, a host-side idle gap after each burst setting the sustained duty cycle, and the SM clock, board power and memory clock read through NVML with the burst still in flight; NOT timing.TIMING_BASIS; LOCK MODE: the SM clock locked per state with nvidia-smi -lgc F,F and read back per burst, one duty in every state, each measured burst's gap sized from that burst",1410,,,13.0,580.105.08,True,1,161f9ec19347efb7aa64ac4c645c527e0d2b46d6,NVIDIA GH200 480GB,192-222-51-98,"scripts/clock_elasticity.py: bursts of N back-to-back fused_experts calls under one pinned tile, each call L2-flushed and bracketed by its own pre-primed event pair, the FIRST call of every burst discarded as a drained-queue launch, a host-side idle gap after each burst setting the sustained duty cycle, and the SM clock, board power and memory clock read through NVML with the burst still in flight; NOT timing.TIMING_BASIS; LOCK MODE: the SM clock locked per state with nvidia-smi -lgc F,F and read back per burst, one duty in every state, each measured burst's gap sized from that burst",,bandwidth=not supplied by caller; bandwidth_source=not supplied by caller; iters=not supplied by caller; ridge=not supplied by caller; ridge_source=not supplied by caller; sglang=package not installed,1,3.12.14,,,,200.0,2.13.0,3.7.1,2026-09-27T08:00:24+00:00,0.27.1,200.0
0.25,0.24991354816318267,2,4,2,mixtral-8x7b,bf16,32,64,64,4,8,4,5,160,640,13,18,3,3.361680030822754,3.356384038925171,0.007687293398734998,216,43.93241239918603,130.5825373082189,3.3621280193328857,3.359328031539917,True,1410.0,1410.0,1410.0,1410 1410 1410 1410 1410 1410 1410 1410 1410 1410 1410 1410 1410 1410 1410 1410 1410 1410,18,nvml,True,,True,,1470.0,217.33350000000002,2619.0,False,4.497096500927,11.614034594135475,219.85724782943726,True,ok,,"scripts/clock_elasticity.py: bursts of N back-to-back fused_experts calls under one pinned tile, each call L2-flushed and bracketed by its own pre-primed event pair, the FIRST call of every burst discarded as a drained-queue launch, a host-side idle gap after each burst setting the sustained duty cycle, and the SM clock, board power and memory clock read through NVML with the burst still in flight; NOT timing.TIMING_BASIS; LOCK MODE: the SM clock locked per state with nvidia-smi -lgc F,F and read back per burst, one duty in every state, each measured burst's gap sized from that burst",1410,,,13.0,580.105.08,True,1,161f9ec19347efb7aa64ac4c645c527e0d2b46d6,NVIDIA GH200 480GB,192-222-51-98,"scripts/clock_elasticity.py: bursts of N back-to-back fused_experts calls under one pinned tile, each call L2-flushed and bracketed by its own pre-primed event pair, the FIRST call of every burst discarded as a drained-queue launch, a host-side idle gap after each burst setting the sustained duty cycle, and the SM clock, board power and memory clock read through NVML with the burst still in flight; NOT timing.TIMING_BASIS; LOCK MODE: the SM clock locked per state with nvidia-smi -lgc F,F and read back per burst, one duty in every state, each measured burst's gap sized from that burst",,bandwidth=not supplied by caller; bandwidth_source=not supplied by caller; iters=not supplied by caller; ridge=not supplied by caller; ridge_source=not supplied by caller; sglang=package not installed,1,3.12.14,,,,200.0,2.13.0,3.7.1,2026-09-27T08:00:24+00:00,0.27.1,200.0
0.25,0.24990488162938607,2,4,2,mixtral-8x7b,bf16,32,64,64,4,8,4,6,192,768,11,18,3,4.026064157485962,4.019552230834961,0.009879212900237072,180,44.51934401194254,132.56491985400498,4.028672099113464,4.025976061820984,True,1410.0,1410.0,1410.0,1410 1410 1410 1410 1410 1410 1410 1410 1410 1410 1410 1410 1410 1410 1410 1410 1410 1410,18,nvml,True,,True,,1470.0,210.51299999999998,2619.0,False,3.847858500193979,9.995968900239758,222.63574361801147,True,ok,,"scripts/clock_elasticity.py: bursts of N back-to-back fused_experts calls under one pinned tile, each call L2-flushed and bracketed by its own pre-primed event pair, the FIRST call of every burst discarded as a drained-queue launch, a host-side idle gap after each burst setting the sustained duty cycle, and the SM clock, board power and memory clock read through NVML with the burst still in flight; NOT timing.TIMING_BASIS; LOCK MODE: the SM clock locked per state with nvidia-smi -lgc F,F and read back per burst, one duty in every state, each measured burst's gap sized from that burst",1410,,,13.0,580.105.08,True,1,161f9ec19347efb7aa64ac4c645c527e0d2b46d6,NVIDIA GH200 480GB,192-222-51-98,"scripts/clock_elasticity.py: bursts of N back-to-back fused_experts calls under one pinned tile, each call L2-flushed and bracketed by its own pre-primed event pair, the FIRST call of every burst discarded as a drained-queue launch, a host-side idle gap after each burst setting the sustained duty cycle, and the SM clock, board power and memory clock read through NVML with the burst still in flight; NOT timing.TIMING_BASIS; LOCK MODE: the SM clock locked per state with nvidia-smi -lgc F,F and read back per burst, one duty in every state, each measured burst's gap sized from that burst",,bandwidth=not supplied by caller; bandwidth_source=not supplied by caller; iters=not supplied by caller; ridge=not supplied by caller; ridge_source=not supplied by caller; sglang=package not installed,1,3.12.14,,,,200.0,2.13.0,3.7.1,2026-09-27T08:00:24+00:00,0.27.1,200.0
0.25,0.24990587293220867,2,4,2,mixtral-8x7b,bf16,32,64,64,4,8,4,7,224,896,9,18,3,4.7002880573272705,4.690720081329346,0.008729493406130818,144,42.48656887478299,126.71471580192156,4.708464026451111,4.6935120820999146,True,1410.0,1410.0,1410.0,1410 1410 1410 1410 1410 1410 1410 1410 1410 1410 1410 1410 1410 1410 1410 1410 1410 1410,18,nvml,True,,True,,1470.0,211.647,2619.0,False,3.0842355008644518,8.293331940376781,212.31753730773926,True,ok,,"scripts/clock_elasticity.py: bursts of N back-to-back fused_experts calls under one pinned tile, each call L2-flushed and bracketed by its own pre-primed event pair, the FIRST call of every burst discarded as a drained-queue launch, a host-side idle gap after each burst setting the sustained duty cycle, and the SM clock, board power and memory clock read through NVML with the burst still in flight; NOT timing.TIMING_BASIS; LOCK MODE: the SM clock locked per state with nvidia-smi -lgc F,F and read back per burst, one duty in every state, each measured burst's gap sized from that burst",1410,,,13.0,580.105.08,True,1,161f9ec19347efb7aa64ac4c645c527e0d2b46d6,NVIDIA GH200 480GB,192-222-51-98,"scripts/clock_elasticity.py: bursts of N back-to-back fused_experts calls under one pinned tile, each call L2-flushed and bracketed by its own pre-primed event pair, the FIRST call of every burst discarded as a drained-queue launch, a host-side idle gap after each burst setting the sustained duty cycle, and the SM clock, board power and memory clock read through NVML with the burst still in flight; NOT timing.TIMING_BASIS; LOCK MODE: the SM clock locked per state with nvidia-smi -lgc F,F and read back per burst, one duty in every state, each measured burst's gap sized from that burst",,bandwidth=not supplied by caller; bandwidth_source=not supplied by caller; iters=not supplied by caller; ridge=not supplied by caller; ridge_source=not supplied by caller; sglang=package not installed,1,3.12.14,,,,200.0,2.13.0,3.7.1,2026-09-27T08:00:24+00:00,0.27.1,200.0
0.25,0.2499047524974351,2,4,2,mixtral-8x7b,bf16,32,64,64,4,8,4,8,256,1024,8,18,3,5.368544101715088,5.351967811584473,0.015680598901848967,126,43.164737939834595,128.78480438850238,5.3767359256744385,5.359488010406494,True,1410.0,1410.0,1410.0,1410 1410 1410 1410 1410 1410 1410 1410 1410 1410 1410 1410 1410 1410 1410 1410 1410 1410,18,nvml,True,,True,,1470.0,202.75900000000001,2619.0,False,2.8592734997801017,7.431900794694471,215.63814449310303,True,ok,,"scripts/clock_elasticity.py: bursts of N back-to-back fused_experts calls under one pinned tile, each call L2-flushed and bracketed by its own pre-primed event pair, the FIRST call of every burst discarded as a drained-queue launch, a host-side idle gap after each burst setting the sustained duty cycle, and the SM clock, board power and memory clock read through NVML with the burst still in flight; NOT timing.TIMING_BASIS; LOCK MODE: the SM clock locked per state with nvidia-smi -lgc F,F and read back per burst, one duty in every state, each measured burst's gap sized from that burst",1410,,,13.0,580.105.08,True,1,161f9ec19347efb7aa64ac4c645c527e0d2b46d6,NVIDIA GH200 480GB,192-222-51-98,"scripts/clock_elasticity.py: bursts of N back-to-back fused_experts calls under one pinned tile, each call L2-flushed and bracketed by its own pre-primed event pair, the FIRST call of every burst discarded as a drained-queue launch, a host-side idle gap after each burst setting the sustained duty cycle, and the SM clock, board power and memory clock read through NVML with the burst still in flight; NOT timing.TIMING_BASIS; LOCK MODE: the SM clock locked per state with nvidia-smi -lgc F,F and read back per burst, one duty in every state, each measured burst's gap sized from that burst",,bandwidth=not supplied by caller; bandwidth_source=not supplied by caller; iters=not supplied by caller; ridge=not supplied by caller; ridge_source=not supplied by caller; sglang=package not installed,1,3.12.14,,,,200.0,2.13.0,3.7.1,2026-09-27T08:00:24+00:00,0.27.1,200.0
0.25,0.24989866399397367,2,5,0,mixtral-8x7b,bf16,32,64,64,4,8,4,1,32,128,47,18,3,0.8661440014839172,0.8580800294876099,0.00286861244557126,828,40.851457738214066,118.69751686311064,0.8661920130252838,0.865744024515152,True,1410.0,1410.0,1410.0,1410 1410 1410 1410 1410 1410 1410 1410 1410 1410 1410 1410 1410 1410 1410 1410 1410 1410,18,nvml,True,,True,,1470.0,223.982,2619.0,False,14.585427999918466,31.359468516799307,204.32102411985397,True,ok,,"scripts/clock_elasticity.py: bursts of N back-to-back fused_experts calls under one pinned tile, each call L2-flushed and bracketed by its own pre-primed event pair, the FIRST call of every burst discarded as a drained-queue launch, a host-side idle gap after each burst setting the sustained duty cycle, and the SM clock, board power and memory clock read through NVML with the burst still in flight; NOT timing.TIMING_BASIS; LOCK MODE: the SM clock locked per state with nvidia-smi -lgc F,F and read back per burst, one duty in every state, each measured burst's gap sized from that burst",1410,,,13.0,580.105.08,True,1,161f9ec19347efb7aa64ac4c645c527e0d2b46d6,NVIDIA GH200 480GB,192-222-51-98,"scripts/clock_elasticity.py: bursts of N back-to-back fused_experts calls under one pinned tile, each call L2-flushed and bracketed by its own pre-primed event pair, the FIRST call of every burst discarded as a drained-queue launch, a host-side idle gap after each burst setting the sustained duty cycle, and the SM clock, board power and memory clock read through NVML with the burst still in flight; NOT timing.TIMING_BASIS; LOCK MODE: the SM clock locked per state with nvidia-smi -lgc F,F and read back per burst, one duty in every state, each measured burst's gap sized from that burst",,bandwidth=not supplied by caller; bandwidth_source=not supplied by caller; iters=not supplied by caller; ridge=not supplied by caller; ridge_source=not supplied by caller; sglang=package not installed,1,3.12.14,,,,200.0,2.13.0,3.7.1,2026-09-27T08:00:24+00:00,0.27.1,200.0
0.25,0.24990811295921206,2,5,0,mixtral-8x7b,bf16,32,64,64,4,8,4,2,64,256,31,18,3,1.4059840440750122,1.3908799886703491,0.007480161557068266,540,43.758119106292725,128.63227080681827,1.40556800365448,1.4056960344314575,True,1410.0,1410.0,1410.0,1410 1410 1410 1410 1410 1410 1410 1410 1410 1410 1410 1410 1410 1410 1410 1410 1410 1410,18,nvml,True,,True,,1470.0,219.97000000000003,2619.0,False,9.711878999951296,24.27674974568558,218.60918378829956,True,ok,,"scripts/clock_elasticity.py: bursts of N back-to-back fused_experts calls under one pinned tile, each call L2-flushed and bracketed by its own pre-primed event pair, the FIRST call of every burst discarded as a drained-queue launch, a host-side idle gap after each burst setting the sustained duty cycle, and the SM clock, board power and memory clock read through NVML with the burst still in flight; NOT timing.TIMING_BASIS; LOCK MODE: the SM clock locked per state with nvidia-smi -lgc F,F and read back per burst, one duty in every state, each measured burst's gap sized from that burst",1410,,,13.0,580.105.08,True,1,161f9ec19347efb7aa64ac4c645c527e0d2b46d6,NVIDIA GH200 480GB,192-222-51-98,"scripts/clock_elasticity.py: bursts of N back-to-back fused_experts calls under one pinned tile, each call L2-flushed and bracketed by its own pre-primed event pair, the FIRST call of every burst discarded as a drained-queue launch, a host-side idle gap after each burst setting the sustained duty cycle, and the SM clock, board power and memory clock read through NVML with the burst still in flight; NOT timing.TIMING_BASIS; LOCK MODE: the SM clock locked per state with nvidia-smi -lgc F,F and read back per burst, one duty in every state, each measured burst's gap sized from that burst",,bandwidth=not supplied by caller; bandwidth_source=not supplied by caller; iters=not supplied by caller; ridge=not supplied by caller; ridge_source=not supplied by caller; sglang=package not installed,1,3.12.14,,,,200.0,2.13.0,3.7.1,2026-09-27T08:00:24+00:00,0.27.1,200.0
0.25,0.24989931723828152,2,5,0,mixtral-8x7b,bf16,32,64,64,4,8,4,3,96,384,20,18,3,2.0809760093688965,2.057152032852173,0.013344501380955493,342,41.80738139152527,123.91914346682461,2.087224006652832,2.068015992641449,True,1410.0,1410.0,1410.0,1410 1410 1410 1410 1410 1410 1410 1410 1410 1410 1410 1410 1410 1410 1410 1410 1410 1410,18,nvml,True,,True,,1470.0,218.04649999999998,2619.0,False,6.538507000186655,16.898936210819997,209.2164809703827,True,ok,,"scripts/clock_elasticity.py: bursts of N back-to-back fused_experts calls under one pinned tile, each call L2-flushed and bracketed by its own pre-primed event pair, the FIRST call of every burst discarded as a drained-queue launch, a host-side idle gap after each burst setting the sustained duty cycle, and the SM clock, board power and memory clock read through NVML with the burst still in flight; NOT timing.TIMING_BASIS; LOCK MODE: the SM clock locked per state with nvidia-smi -lgc F,F and read back per burst, one duty in every state, each measured burst's gap sized from that burst",1410,,,13.0,580.105.08,True,1,161f9ec19347efb7aa64ac4c645c527e0d2b46d6,NVIDIA GH200 480GB,192-222-51-98,"scripts/clock_elasticity.py: bursts of N back-to-back fused_experts calls under one pinned tile, each call L2-flushed and bracketed by its own pre-primed event pair, the FIRST call of every burst discarded as a drained-queue launch, a host-side idle gap after each burst setting the sustained duty cycle, and the SM clock, board power and memory clock read through NVML with the burst still in flight; NOT timing.TIMING_BASIS; LOCK MODE: the SM clock locked per state with nvidia-smi -lgc F,F and read back per burst, one duty in every state, each measured burst's gap sized from that burst",,bandwidth=not supplied by caller; bandwidth_source=not supplied by caller; iters=not supplied by caller; ridge=not supplied by caller; ridge_source=not supplied by caller; sglang=package not installed,1,3.12.14,,,,200.0,2.13.0,3.7.1,2026-09-27T08:00:24+00:00,0.27.1,200.0
0.25,0.24990646634663988,2,5,0,mixtral-8x7b,bf16,32,64,64,4,8,4,4,128,512,17,18,3,2.7038079500198364,2.6965761184692383,0.008031265361562382,288,46.21487290329404,137.13896154832037,2.7031520009040833,2.704367995262146,True,1410.0,1410.0,1410.0,1410 1410 1410 1410 1410 1410 1410 1410 1410 1410 1410 1410 1410 1410 1410 1410 1410 1410,18,nvml,True,,True,,1470.0,195.2385,2619.0,False,5.873013000382343,14.782983567279139,231.05014443397522,True,ok,,"scripts/clock_elasticity.py: bursts of N back-to-back fused_experts calls under one pinned tile, each call L2-flushed and bracketed by its own pre-primed event pair, the FIRST call of every burst discarded as a drained-queue launch, a host-side idle gap after each burst setting the sustained duty cycle, and the SM clock, board power and memory clock read through NVML with the burst still in flight; NOT timing.TIMING_BASIS; LOCK MODE: the SM clock locked per state with nvidia-smi -lgc F,F and read back per burst, one duty in every state, each measured burst's gap sized from that burst",1410,,,13.0,580.105.08,True,1,161f9ec19347efb7aa64ac4c645c527e0d2b46d6,NVIDIA GH200 480GB,192-222-51-98,"scripts/clock_elasticity.py: bursts of N back-to-back fused_experts calls under one pinned tile, each call L2-flushed and bracketed by its own pre-primed event pair, the FIRST call of every burst discarded as a drained-queue launch, a host-side idle gap after each burst setting the sustained duty cycle, and the SM clock, board power and memory clock read through NVML with the burst still in flight; NOT timing.TIMING_BASIS; LOCK MODE: the SM clock locked per state with nvidia-smi -lgc F,F and read back per burst, one duty in every state, each measured burst's gap sized from that burst",,bandwidth=not supplied by caller; bandwidth_source=not supplied by caller; iters=not supplied by caller; ridge=not supplied by caller; ridge_source=not supplied by caller; sglang=package not installed,1,3.12.14,,,,200.0,2.13.0,3.7.1,2026-09-27T08:00:24+00:00,0.27.1,200.0
0.25,0.2499041700345496,2,5,0,mixtral-8x7b,bf16,32,64,64,4,8,4,5,160,640,13,18,3,3.3618240356445312,3.3571200370788574,0.006881711127713263,216,43.956410659684074,130.68775340069988,3.363312005996704,3.3601760864257812,True,1410.0,1410.0,1410.0,1410 1410 1410 1410 1410 1410 1410 1410 1410 1410 1410 1410 1410 1410 1410 1410 1410 1410,18,nvml,True,,True,,1470.0,218.475,2619.0,False,4.553272500743333,11.57734572795013,219.83590388298035,True,ok,,"scripts/clock_elasticity.py: bursts of N back-to-back fused_experts calls under one pinned tile, each call L2-flushed and bracketed by its own pre-primed event pair, the FIRST call of every burst discarded as a drained-queue launch, a host-side idle gap after each burst setting the sustained duty cycle, and the SM clock, board power and memory clock read through NVML with the burst still in flight; NOT timing.TIMING_BASIS; LOCK MODE: the SM clock locked per state with nvidia-smi -lgc F,F and read back per burst, one duty in every state, each measured burst's gap sized from that burst",1410,,,13.0,580.105.08,True,1,161f9ec19347efb7aa64ac4c645c527e0d2b46d6,NVIDIA GH200 480GB,192-222-51-98,"scripts/clock_elasticity.py: bursts of N back-to-back fused_experts calls under one pinned tile, each call L2-flushed and bracketed by its own pre-primed event pair, the FIRST call of every burst discarded as a drained-queue launch, a host-side idle gap after each burst setting the sustained duty cycle, and the SM clock, board power and memory clock read through NVML with the burst still in flight; NOT timing.TIMING_BASIS; LOCK MODE: the SM clock locked per state with nvidia-smi -lgc F,F and read back per burst, one duty in every state, each measured burst's gap sized from that burst",,bandwidth=not supplied by caller; bandwidth_source=not supplied by caller; iters=not supplied by caller; ridge=not supplied by caller; ridge_source=not supplied by caller; sglang=package not installed,1,3.12.14,,,,200.0,2.13.0,3.7.1,2026-09-27T08:00:24+00:00,0.27.1,200.0
0.25,0.24990829831935624,2,5,0,mixtral-8x7b,bf16,32,64,64,4,8,4,6,192,768,11,18,3,4.025455951690674,4.018400192260742,0.009425661288446276,180,44.5219501124488,132.6054766999223,4.029904007911682,4.0261839628219604,True,1410.0,1410.0,1410.0,1410 1410 1410 1410 1410 1410 1410 1410 1410 1410 1410 1410 1410 1410 1410 1410 1410 1410,18,nvml,True,,True,,1470.0,211.9375,2619.0,False,3.7847860003239475,9.973596793337462,222.91369533538818,True,ok,,"scripts/clock_elasticity.py: bursts of N back-to-back fused_experts calls under one pinned tile, each call L2-flushed and bracketed by its own pre-primed event pair, the FIRST call of every burst discarded as a drained-queue launch, a host-side idle gap after each burst setting the sustained duty cycle, and the SM clock, board power and memory clock read through NVML with the burst still in flight; NOT timing.TIMING_BASIS; LOCK MODE: the SM clock locked per state with nvidia-smi -lgc F,F and read back per burst, one duty in every state, each measured burst's gap sized from that burst",1410,,,13.0,580.105.08,True,1,161f9ec19347efb7aa64ac4c645c527e0d2b46d6,NVIDIA GH200 480GB,192-222-51-98,"scripts/clock_elasticity.py: bursts of N back-to-back fused_experts calls under one pinned tile, each call L2-flushed and bracketed by its own pre-primed event pair, the FIRST call of every burst discarded as a drained-queue launch, a host-side idle gap after each burst setting the sustained duty cycle, and the SM clock, board power and memory clock read through NVML with the burst still in flight; NOT timing.TIMING_BASIS; LOCK MODE: the SM clock locked per state with nvidia-smi -lgc F,F and read back per burst, one duty in every state, each measured burst's gap sized from that burst",,bandwidth=not supplied by caller; bandwidth_source=not supplied by caller; iters=not supplied by caller; ridge=not supplied by caller; ridge_source=not supplied by caller; sglang=package not installed,1,3.12.14,,,,200.0,2.13.0,3.7.1,2026-09-27T08:00:24+00:00,0.27.1,200.0
0.25,0.24990535998223234,2,5,0,mixtral-8x7b,bf16,32,64,64,4,8,4,7,224,896,9,18,3,4.694752216339111,4.6900482177734375,0.009259981096999405,144,42.49981715944078,126.65781886643526,4.706736087799072,4.693096041679382,True,1410.0,1410.0,1410.0,1410 1410 1410 1410 1410 1410 1410 1410 1410 1410 1410 1410 1410 1410 1410 1410 1410 1410,18,nvml,True,,True,,1470.0,210.12,2619.0,False,3.2189410003411467,8.285319795104012,212.36684656143188,True,ok,,"scripts/clock_elasticity.py: bursts of N back-to-back fused_experts calls under one pinned tile, each call L2-flushed and bracketed by its own pre-primed event pair, the FIRST call of every burst discarded as a drained-queue launch, a host-side idle gap after each burst setting the sustained duty cycle, and the SM clock, board power and memory clock read through NVML with the burst still in flight; NOT timing.TIMING_BASIS; LOCK MODE: the SM clock locked per state with nvidia-smi -lgc F,F and read back per burst, one duty in every state, each measured burst's gap sized from that burst",1410,,,13.0,580.105.08,True,1,161f9ec19347efb7aa64ac4c645c527e0d2b46d6,NVIDIA GH200 480GB,192-222-51-98,"scripts/clock_elasticity.py: bursts of N back-to-back fused_experts calls under one pinned tile, each call L2-flushed and bracketed by its own pre-primed event pair, the FIRST call of every burst discarded as a drained-queue launch, a host-side idle gap after each burst setting the sustained duty cycle, and the SM clock, board power and memory clock read through NVML with the burst still in flight; NOT timing.TIMING_BASIS; LOCK MODE: the SM clock locked per state with nvidia-smi -lgc F,F and read back per burst, one duty in every state, each measured burst's gap sized from that burst",,bandwidth=not supplied by caller; bandwidth_source=not supplied by caller; iters=not supplied by caller; ridge=not supplied by caller; ridge_source=not supplied by caller; sglang=package not installed,1,3.12.14,,,,200.0,2.13.0,3.7.1,2026-09-27T08:00:24+00:00,0.27.1,200.0
0.25,0.249902677032713,2,5,0,mixtral-8x7b,bf16,32,64,64,4,8,4,8,256,1024,8,18,3,5.3617119789123535,5.3527679443359375,0.013312559738627631,126,43.10454045401679,128.5507904839469,5.362015962600708,5.3658881187438965,True,1410.0,1410.0,1410.0,1410 1410 1410 1410 1410 1410 1410 1410 1410 1410 1410 1410 1410 1410 1410 1410 1410 1410,18,nvml,True,,True,,1470.0,202.98399999999998,2619.0,False,2.8050174996678834,7.411368823063878,215.83603239059448,True,ok,,"scripts/clock_elasticity.py: bursts of N back-to-back fused_experts calls under one pinned tile, each call L2-flushed and bracketed by its own pre-primed event pair, the FIRST call of every burst discarded as a drained-queue launch, a host-side idle gap after each burst setting the sustained duty cycle, and the SM clock, board power and memory clock read through NVML with the burst still in flight; NOT timing.TIMING_BASIS; LOCK MODE: the SM clock locked per state with nvidia-smi -lgc F,F and read back per burst, one duty in every state, each measured burst's gap sized from that burst",1410,,,13.0,580.105.08,True,1,161f9ec19347efb7aa64ac4c645c527e0d2b46d6,NVIDIA GH200 480GB,192-222-51-98,"scripts/clock_elasticity.py: bursts of N back-to-back fused_experts calls under one pinned tile, each call L2-flushed and bracketed by its own pre-primed event pair, the FIRST call of every burst discarded as a drained-queue launch, a host-side idle gap after each burst setting the sustained duty cycle, and the SM clock, board power and memory clock read through NVML with the burst still in flight; NOT timing.TIMING_BASIS; LOCK MODE: the SM clock locked per state with nvidia-smi -lgc F,F and read back per burst, one duty in every state, each measured burst's gap sized from that burst",,bandwidth=not supplied by caller; bandwidth_source=not supplied by caller; iters=not supplied by caller; ridge=not supplied by caller; ridge_source=not supplied by caller; sglang=package not installed,1,3.12.14,,,,200.0,2.13.0,3.7.1,2026-09-27T08:00:24+00:00,0.27.1,200.0
0.25,0.24990345906102332,1,5,1,mixtral-8x7b,bf16,32,64,64,4,8,4,1,32,128,47,18,3,0.8594239950180054,0.8521599769592285,0.003255398491102443,828,40.573658718003166,117.8679519117286,0.8593279719352722,0.8600160181522369,True,1500.0,1500.0,1500.0,1500 1500 1500 1500 1500 1500 1500 1500 1500 1500 1500 1500 1500 1500 1500 1500 1500 1500,18,nvml,True,,True,,1470.0,243.37,2619.0,False,14.806709500589932,30.82939823547754,202.8261440396309,True,ok,,"scripts/clock_elasticity.py: bursts of N back-to-back fused_experts calls under one pinned tile, each call L2-flushed and bracketed by its own pre-primed event pair, the FIRST call of every burst discarded as a drained-queue launch, a host-side idle gap after each burst setting the sustained duty cycle, and the SM clock, board power and memory clock read through NVML with the burst still in flight; NOT timing.TIMING_BASIS; LOCK MODE: the SM clock locked per state with nvidia-smi -lgc F,F and read back per burst, one duty in every state, each measured burst's gap sized from that burst",1500,,,13.0,580.105.08,True,1,161f9ec19347efb7aa64ac4c645c527e0d2b46d6,NVIDIA GH200 480GB,192-222-51-98,"scripts/clock_elasticity.py: bursts of N back-to-back fused_experts calls under one pinned tile, each call L2-flushed and bracketed by its own pre-primed event pair, the FIRST call of every burst discarded as a drained-queue launch, a host-side idle gap after each burst setting the sustained duty cycle, and the SM clock, board power and memory clock read through NVML with the burst still in flight; NOT timing.TIMING_BASIS; LOCK MODE: the SM clock locked per state with nvidia-smi -lgc F,F and read back per burst, one duty in every state, each measured burst's gap sized from that burst",,bandwidth=not supplied by caller; bandwidth_source=not supplied by caller; iters=not supplied by caller; ridge=not supplied by caller; ridge_source=not supplied by caller; sglang=package not installed,1,3.12.14,,,,200.0,2.13.0,3.7.1,2026-09-27T08:00:24+00:00,0.27.1,200.0
0.25,0.24989780372586656,1,5,1,mixtral-8x7b,bf16,32,64,64,4,8,4,2,64,256,31,18,3,1.3173919916152954,1.3066240549087524,0.005765669531762268,540,41.02193598614799,120.507989762933,1.3204959630966187,1.3159199953079224,True,1500.0,1500.0,1500.0,1500 1500 1500 1500 1500 1500 1500 1500 1500 1500 1500 1500 1500 1500 1500 1500 1500 1500,18,nvml,True,,True,,1470.0,242.7955,2619.0,False,9.72495199948753,23.854796378612825,205.1151043176651,True,ok,,"scripts/clock_elasticity.py: bursts of N back-to-back fused_experts calls under one pinned tile, each call L2-flushed and bracketed by its own pre-primed event pair, the FIRST call of every burst discarded as a drained-queue launch, a host-side idle gap after each burst setting the sustained duty cycle, and the SM clock, board power and memory clock read through NVML with the burst still in flight; NOT timing.TIMING_BASIS; LOCK MODE: the SM clock locked per state with nvidia-smi -lgc F,F and read back per burst, one duty in every state, each measured burst's gap sized from that burst",1500,,,13.0,580.105.08,True,1,161f9ec19347efb7aa64ac4c645c527e0d2b46d6,NVIDIA GH200 480GB,192-222-51-98,"scripts/clock_elasticity.py: bursts of N back-to-back fused_experts calls under one pinned tile, each call L2-flushed and bracketed by its own pre-primed event pair, the FIRST call of every burst discarded as a drained-queue launch, a host-side idle gap after each burst setting the sustained duty cycle, and the SM clock, board power and memory clock read through NVML with the burst still in flight; NOT timing.TIMING_BASIS; LOCK MODE: the SM clock locked per state with nvidia-smi -lgc F,F and read back per burst, one duty in every state, each measured burst's gap sized from that burst",,bandwidth=not supplied by caller; bandwidth_source=not supplied by caller; iters=not supplied by caller; ridge=not supplied by caller; ridge_source=not supplied by caller; sglang=package not installed,1,3.12.14,,,,200.0,2.13.0,3.7.1,2026-09-27T08:00:24+00:00,0.27.1,200.0
0.25,0.24989405789696287,1,5,1,mixtral-8x7b,bf16,32,64,64,4,8,4,3,96,384,20,18,3,1.9446560144424438,1.9328960180282593,0.007249674717352809,342,39.06170129776001,115.5456165811338,1.9490160048007965,1.9418399930000305,True,1500.0,1500.0,1500.0,1500 1500 1500 1500 1500 1500 1500 1500 1500 1500 1500 1500 1500 1500 1500 1500 1500 1500,18,nvml,True,,True,,1470.0,246.542,2619.0,False,6.30039299994678,16.720055573346297,234.43411135673523,True,ok,,"scripts/clock_elasticity.py: bursts of N back-to-back fused_experts calls under one pinned tile, each call L2-flushed and bracketed by its own pre-primed event pair, the FIRST call of every burst discarded as a drained-queue launch, a host-side idle gap after each burst setting the sustained duty cycle, and the SM clock, board power and memory clock read through NVML with the burst still in flight; NOT timing.TIMING_BASIS; LOCK MODE: the SM clock locked per state with nvidia-smi -lgc F,F and read back per burst, one duty in every state, each measured burst's gap sized from that burst",1500,,,13.0,580.105.08,True,1,161f9ec19347efb7aa64ac4c645c527e0d2b46d6,NVIDIA GH200 480GB,192-222-51-98,"scripts/clock_elasticity.py: bursts of N back-to-back fused_experts calls under one pinned tile, each call L2-flushed and bracketed by its own pre-primed event pair, the FIRST call of every burst discarded as a drained-queue launch, a host-side idle gap after each burst setting the sustained duty cycle, and the SM clock, board power and memory clock read through NVML with the burst still in flight; NOT timing.TIMING_BASIS; LOCK MODE: the SM clock locked per state with nvidia-smi -lgc F,F and read back per burst, one duty in every state, each measured burst's gap sized from that burst",,bandwidth=not supplied by caller; bandwidth_source=not supplied by caller; iters=not supplied by caller; ridge=not supplied by caller; ridge_source=not supplied by caller; sglang=package not installed,1,3.12.14,,,,200.0,2.13.0,3.7.1,2026-09-27T08:00:24+00:00,0.27.1,200.0
0.25,0.24990098558273308,1,5,1,mixtral-8x7b,bf16,32,64,64,4,8,4,4,128,512,17,18,3,2.5428320169448853,2.5345919132232666,0.007560261571318096,288,43.46535289287567,128.94113145244773,2.5483359694480896,2.538304030895233,True,1500.0,1500.0,1500.0,1500 1500 1500 1500 1500 1500 1500 1500 1500 1500 1500 1500 1500 1500 1500 1500 1500 1500,18,nvml,True,,True,,1470.0,231.878,2619.0,False,5.900485000893241,14.645115151078826,216.97084712982178,True,ok,,"scripts/clock_elasticity.py: bursts of N back-to-back fused_experts calls under one pinned tile, each call L2-flushed and bracketed by its own pre-primed event pair, the FIRST call of every burst discarded as a drained-queue launch, a host-side idle gap after each burst setting the sustained duty cycle, and the SM clock, board power and memory clock read through NVML with the burst still in flight; NOT timing.TIMING_BASIS; LOCK MODE: the SM clock locked per state with nvidia-smi -lgc F,F and read back per burst, one duty in every state, each measured burst's gap sized from that burst",1500,,,13.0,580.105.08,True,1,161f9ec19347efb7aa64ac4c645c527e0d2b46d6,NVIDIA GH200 480GB,192-222-51-98,"scripts/clock_elasticity.py: bursts of N back-to-back fused_experts calls under one pinned tile, each call L2-flushed and bracketed by its own pre-primed event pair, the FIRST call of every burst discarded as a drained-queue launch, a host-side idle gap after each burst setting the sustained duty cycle, and the SM clock, board power and memory clock read through NVML with the burst still in flight; NOT timing.TIMING_BASIS; LOCK MODE: the SM clock locked per state with nvidia-smi -lgc F,F and read back per burst, one duty in every state, each measured burst's gap sized from that burst",,bandwidth=not supplied by caller; bandwidth_source=not supplied by caller; iters=not supplied by caller; ridge=not supplied by caller; ridge_source=not supplied by caller; sglang=package not installed,1,3.12.14,,,,200.0,2.13.0,3.7.1,2026-09-27T08:00:24+00:00,0.27.1,200.0
0.25,0.2498994575608165,1,5,1,mixtral-8x7b,bf16,32,64,64,4,8,4,5,160,640,13,18,3,3.1666719913482666,3.1558399200439453,0.0085839479308981,216,41.402814216083954,123.13857646239921,3.173680067062378,3.162719964981079,True,1500.0,1500.0,1500.0,1500 1500 1500 1500 1500 1500 1500 1500 1500 1500 1500 1500 1500 1500 1500 1500 1500 1500,18,nvml,True,,True,,1470.0,239.6905,2619.0,False,4.45356050022383,11.576947149617252,207.01888012886047,True,ok,,"scripts/clock_elasticity.py: bursts of N back-to-back fused_experts calls under one pinned tile, each call L2-flushed and bracketed by its own pre-primed event pair, the FIRST call of every burst discarded as a drained-queue launch, a host-side idle gap after each burst setting the sustained duty cycle, and the SM clock, board power and memory clock read through NVML with the burst still in flight; NOT timing.TIMING_BASIS; LOCK MODE: the SM clock locked per state with nvidia-smi -lgc F,F and read back per burst, one duty in every state, each measured burst's gap sized from that burst",1500,,,13.0,580.105.08,True,1,161f9ec19347efb7aa64ac4c645c527e0d2b46d6,NVIDIA GH200 480GB,192-222-51-98,"scripts/clock_elasticity.py: bursts of N back-to-back fused_experts calls under one pinned tile, each call L2-flushed and bracketed by its own pre-primed event pair, the FIRST call of every burst discarded as a drained-queue launch, a host-side idle gap after each burst setting the sustained duty cycle, and the SM clock, board power and memory clock read through NVML with the burst still in flight; NOT timing.TIMING_BASIS; LOCK MODE: the SM clock locked per state with nvidia-smi -lgc F,F and read back per burst, one duty in every state, each measured burst's gap sized from that burst",,bandwidth=not supplied by caller; bandwidth_source=not supplied by caller; iters=not supplied by caller; ridge=not supplied by caller; ridge_source=not supplied by caller; sglang=package not installed,1,3.12.14,,,,200.0,2.13.0,3.7.1,2026-09-27T08:00:24+00:00,0.27.1,200.0
0.25,0.24989424347650024,1,5,1,mixtral-8x7b,bf16,32,64,64,4,8,4,6,192,768,11,18,3,3.787760019302368,3.780319929122925,0.0071014373690038235,180,41.87989686595069,124.63153434962442,3.790183961391449,3.785975992679596,True,1500.0,1500.0,1500.0,1500 1500 1500 1500 1500 1500 1500 1500 1500 1500 1500 1500 1500 1500 1500 1500 1500 1500,18,nvml,True,,True,,1470.0,235.93349999999998,2619.0,False,3.863171000375587,9.938487708444152,209.6858880519867,True,ok,,"scripts/clock_elasticity.py: bursts of N back-to-back fused_experts calls under one pinned tile, each call L2-flushed and bracketed by its own pre-primed event pair, the FIRST call of every burst discarded as a drained-queue launch, a host-side idle gap after each burst setting the sustained duty cycle, and the SM clock, board power and memory clock read through NVML with the burst still in flight; NOT timing.TIMING_BASIS; LOCK MODE: the SM clock locked per state with nvidia-smi -lgc F,F and read back per burst, one duty in every state, each measured burst's gap sized from that burst",1500,,,13.0,580.105.08,True,1,161f9ec19347efb7aa64ac4c645c527e0d2b46d6,NVIDIA GH200 480GB,192-222-51-98,"scripts/clock_elasticity.py: bursts of N back-to-back fused_experts calls under one pinned tile, each call L2-flushed and bracketed by its own pre-primed event pair, the FIRST call of every burst discarded as a drained-queue launch, a host-side idle gap after each burst setting the sustained duty cycle, and the SM clock, board power and memory clock read through NVML with the burst still in flight; NOT timing.TIMING_BASIS; LOCK MODE: the SM clock locked per state with nvidia-smi -lgc F,F and read back per burst, one duty in every state, each measured burst's gap sized from that burst",,bandwidth=not supplied by caller; bandwidth_source=not supplied by caller; iters=not supplied by caller; ridge=not supplied by caller; ridge_source=not supplied by caller; sglang=package not installed,1,3.12.14,,,,200.0,2.13.0,3.7.1,2026-09-27T08:00:24+00:00,0.27.1,200.0
0.25,0.24990488025192537,1,5,1,mixtral-8x7b,bf16,32,64,64,4,8,4,7,224,896,9,18,3,4.4191200733184814,4.410431861877441,0.011419579359401619,144,39.99907194243537,119.15702324419544,4.42468798160553,4.416943907737732,True,1500.0,1500.0,1500.0,1500 1500 1500 1500 1500 1500 1500 1500 1500 1500 1500 1500 1500 1500 1500 1500 1500 1500,18,nvml,True,,True,,1470.0,232.7335,2619.0,False,3.130684500320058,8.258551329643383,239.79148769378662,True,ok,,"scripts/clock_elasticity.py: bursts of N back-to-back fused_experts calls under one pinned tile, each call L2-flushed and bracketed by its own pre-primed event pair, the FIRST call of every burst discarded as a drained-queue launch, a host-side idle gap after each burst setting the sustained duty cycle, and the SM clock, board power and memory clock read through NVML with the burst still in flight; NOT timing.TIMING_BASIS; LOCK MODE: the SM clock locked per state with nvidia-smi -lgc F,F and read back per burst, one duty in every state, each measured burst's gap sized from that burst",1500,,,13.0,580.105.08,True,1,161f9ec19347efb7aa64ac4c645c527e0d2b46d6,NVIDIA GH200 480GB,192-222-51-98,"scripts/clock_elasticity.py: bursts of N back-to-back fused_experts calls under one pinned tile, each call L2-flushed and bracketed by its own pre-primed event pair, the FIRST call of every burst discarded as a drained-queue launch, a host-side idle gap after each burst setting the sustained duty cycle, and the SM clock, board power and memory clock read through NVML with the burst still in flight; NOT timing.TIMING_BASIS; LOCK MODE: the SM clock locked per state with nvidia-smi -lgc F,F and read back per burst, one duty in every state, each measured burst's gap sized from that burst",,bandwidth=not supplied by caller; bandwidth_source=not supplied by caller; iters=not supplied by caller; ridge=not supplied by caller; ridge_source=not supplied by caller; sglang=package not installed,1,3.12.14,,,,200.0,2.13.0,3.7.1,2026-09-27T08:00:24+00:00,0.27.1,200.0
0.25,0.2498998629243258,1,5,1,mixtral-8x7b,bf16,32,64,64,4,8,4,8,256,1024,8,18,3,5.04535984992981,5.034143924713135,0.012118565342345471,126,40.56604782740275,120.9358026131813,5.047152042388916,5.043407917022705,True,1500.0,1500.0,1500.0,1500 1500 1500 1500 1500 1500 1500 1500 1500 1500 1500 1500 1500 1500 1500 1500 1500 1500,18,nvml,True,,True,,1470.0,224.98950000000002,2619.0,False,2.802202000566467,7.431294969075168,203.0033597946167,True,ok,,"scripts/clock_elasticity.py: bursts of N back-to-back fused_experts calls under one pinned tile, each call L2-flushed and bracketed by its own pre-primed event pair, the FIRST call of every burst discarded as a drained-queue launch, a host-side idle gap after each burst setting the sustained duty cycle, and the SM clock, board power and memory clock read through NVML with the burst still in flight; NOT timing.TIMING_BASIS; LOCK MODE: the SM clock locked per state with nvidia-smi -lgc F,F and read back per burst, one duty in every state, each measured burst's gap sized from that burst",1500,,,13.0,580.105.08,True,1,161f9ec19347efb7aa64ac4c645c527e0d2b46d6,NVIDIA GH200 480GB,192-222-51-98,"scripts/clock_elasticity.py: bursts of N back-to-back fused_experts calls under one pinned tile, each call L2-flushed and bracketed by its own pre-primed event pair, the FIRST call of every burst discarded as a drained-queue launch, a host-side idle gap after each burst setting the sustained duty cycle, and the SM clock, board power and memory clock read through NVML with the burst still in flight; NOT timing.TIMING_BASIS; LOCK MODE: the SM clock locked per state with nvidia-smi -lgc F,F and read back per burst, one duty in every state, each measured burst's gap sized from that burst",,bandwidth=not supplied by caller; bandwidth_source=not supplied by caller; iters=not supplied by caller; ridge=not supplied by caller; ridge_source=not supplied by caller; sglang=package not installed,1,3.12.14,,,,200.0,2.13.0,3.7.1,2026-09-27T08:00:24+00:00,0.27.1,200.0
0.25,0.24989395091357655,0,5,2,mixtral-8x7b,bf16,32,64,64,4,8,4,1,32,128,47,18,3,0.8526399731636047,0.843392014503479,0.0030791132088692215,828,40.22941332393222,116.8552029784405,0.8523040115833282,0.8521600067615509,True,1710.0,1710.0,1710.0,1710 1710 1710 1710 1710 1710 1710 1710 1710 1710 1710 1710 1710 1710 1710 1710 1710 1710,18,nvml,False,high,True,,1470.0,274.65049999999997,2619.0,False,14.939814999706869,29.98833786323852,201.08582377433777,True,ok,"LEVEL HIGH (recorded, never an exclusion here): loaded clock 1710 MHz against the 1470 MHz reference. At a duty cycle below 1.0 a HIGH reading is the experiment working, not a cell to drop.","scripts/clock_elasticity.py: bursts of N back-to-back fused_experts calls under one pinned tile, each call L2-flushed and bracketed by its own pre-primed event pair, the FIRST call of every burst discarded as a drained-queue launch, a host-side idle gap after each burst setting the sustained duty cycle, and the SM clock, board power and memory clock read through NVML with the burst still in flight; NOT timing.TIMING_BASIS; LOCK MODE: the SM clock locked per state with nvidia-smi -lgc F,F and read back per burst, one duty in every state, each measured burst's gap sized from that burst",1710,,,13.0,580.105.08,True,1,161f9ec19347efb7aa64ac4c645c527e0d2b46d6,NVIDIA GH200 480GB,192-222-51-98,"scripts/clock_elasticity.py: bursts of N back-to-back fused_experts calls under one pinned tile, each call L2-flushed and bracketed by its own pre-primed event pair, the FIRST call of every burst discarded as a drained-queue launch, a host-side idle gap after each burst setting the sustained duty cycle, and the SM clock, board power and memory clock read through NVML with the burst still in flight; NOT timing.TIMING_BASIS; LOCK MODE: the SM clock locked per state with nvidia-smi -lgc F,F and read back per burst, one duty in every state, each measured burst's gap sized from that burst",,bandwidth=not supplied by caller; bandwidth_source=not supplied by caller; iters=not supplied by caller; ridge=not supplied by caller; ridge_source=not supplied by caller; sglang=package not installed,1,3.12.14,,,,200.0,2.13.0,3.7.1,2026-09-27T08:00:24+00:00,0.27.1,200.0
0.25,0.24988908469543497,0,5,2,mixtral-8x7b,bf16,32,64,64,4,8,4,2,64,256,31,18,3,1.168768048286438,1.1578880548477173,0.00861218679164574,540,36.42360360092587,106.75313741723222,1.1686240434646606,1.1704800128936768,True,1710.0,1710.0,1710.0,1710 1710 1710 1710 1710 1710 1710 1710 1710 1710 1710 1710 1710 1710 1710 1710 1710 1710,18,nvml,False,high,True,,1470.0,297.467,2619.0,False,9.689159499430389,23.213536366613628,218.47663974761963,True,ok,"LEVEL HIGH (recorded, never an exclusion here): loaded clock 1710 MHz against the 1470 MHz reference. At a duty cycle below 1.0 a HIGH reading is the experiment working, not a cell to drop.","scripts/clock_elasticity.py: bursts of N back-to-back fused_experts calls under one pinned tile, each call L2-flushed and bracketed by its own pre-primed event pair, the FIRST call of every burst discarded as a drained-queue launch, a host-side idle gap after each burst setting the sustained duty cycle, and the SM clock, board power and memory clock read through NVML with the burst still in flight; NOT timing.TIMING_BASIS; LOCK MODE: the SM clock locked per state with nvidia-smi -lgc F,F and read back per burst, one duty in every state, each measured burst's gap sized from that burst",1710,,,13.0,580.105.08,True,1,161f9ec19347efb7aa64ac4c645c527e0d2b46d6,NVIDIA GH200 480GB,192-222-51-98,"scripts/clock_elasticity.py: bursts of N back-to-back fused_experts calls under one pinned tile, each call L2-flushed and bracketed by its own pre-primed event pair, the FIRST call of every burst discarded as a drained-queue launch, a host-side idle gap after each burst setting the sustained duty cycle, and the SM clock, board power and memory clock read through NVML with the burst still in flight; NOT timing.TIMING_BASIS; LOCK MODE: the SM clock locked per state with nvidia-smi -lgc F,F and read back per burst, one duty in every state, each measured burst's gap sized from that burst",,bandwidth=not supplied by caller; bandwidth_source=not supplied by caller; iters=not supplied by caller; ridge=not supplied by caller; ridge_source=not supplied by caller; sglang=package not installed,1,3.12.14,,,,200.0,2.13.0,3.7.1,2026-09-27T08:00:24+00:00,0.27.1,200.0
0.25,0.24989224563906243,0,5,2,mixtral-8x7b,bf16,32,64,64,4,8,4,3,96,384,20,18,3,1.7243840098381042,1.7064319849014282,0.01731709412346922,342,34.7226417462031,102.44440737221159,1.7271199822425842,1.727735996246338,True,1710.0,1710.0,1560.0,1710 1710 1710 1710 1710 1665 1710 1650 1710 1710 1710 1710 1710 1710 1695 1575 1710 1560,18,nvml,False,high,False,dropping,1470.0,300.2875,2619.0,False,6.317641000350704,16.40913506706255,242.52841639518738,True,ok,"LEVEL HIGH (recorded, never an exclusion here): loaded clock 1710 MHz against the 1470 MHz reference. At a duty cycle below 1.0 a HIGH reading is the experiment working, not a cell to drop.; DRIFT failed, dropping: 1710 -> 1560 MHz over 18 bursts; this cell is EXCLUDED","scripts/clock_elasticity.py: bursts of N back-to-back fused_experts calls under one pinned tile, each call L2-flushed and bracketed by its own pre-primed event pair, the FIRST call of every burst discarded as a drained-queue launch, a host-side idle gap after each burst setting the sustained duty cycle, and the SM clock, board power and memory clock read through NVML with the burst still in flight; NOT timing.TIMING_BASIS; LOCK MODE: the SM clock locked per state with nvidia-smi -lgc F,F and read back per burst, one duty in every state, each measured burst's gap sized from that burst",1710,,,13.0,580.105.08,True,1,161f9ec19347efb7aa64ac4c645c527e0d2b46d6,NVIDIA GH200 480GB,192-222-51-98,"scripts/clock_elasticity.py: bursts of N back-to-back fused_experts calls under one pinned tile, each call L2-flushed and bracketed by its own pre-primed event pair, the FIRST call of every burst discarded as a drained-queue launch, a host-side idle gap after each burst setting the sustained duty cycle, and the SM clock, board power and memory clock read through NVML with the burst still in flight; NOT timing.TIMING_BASIS; LOCK MODE: the SM clock locked per state with nvidia-smi -lgc F,F and read back per burst, one duty in every state, each measured burst's gap sized from that burst",,bandwidth=not supplied by caller; bandwidth_source=not supplied by caller; iters=not supplied by caller; ridge=not supplied by caller; ridge_source=not supplied by caller; sglang=package not installed,1,3.12.14,,,,200.0,2.13.0,3.7.1,2026-09-27T08:00:24+00:00,0.27.1,200.0
0.25,0.2498915802144868,0,5,2,mixtral-8x7b,bf16,32,64,64,4,8,4,4,128,512,17,18,3,2.2379040718078613,2.2275519371032715,0.006628177681300033,288,38.25945422384474,113.34842585145816,2.243016004562378,2.236191987991333,True,1710.0,1710.0,1710.0,1710 1695 1710 1710 1710 1710 1710 1695 1710 1710 1710 1710 1710 1710 1710 1710 1710 1710,18,nvml,False,high,True,,1470.0,282.49,2619.0,False,5.83435649969033,14.378824870536512,229.48607969284058,True,ok,"LEVEL HIGH (recorded, never an exclusion here): loaded clock 1710 MHz against the 1470 MHz reference. At a duty cycle below 1.0 a HIGH reading is the experiment working, not a cell to drop.","scripts/clock_elasticity.py: bursts of N back-to-back fused_experts calls under one pinned tile, each call L2-flushed and bracketed by its own pre-primed event pair, the FIRST call of every burst discarded as a drained-queue launch, a host-side idle gap after each burst setting the sustained duty cycle, and the SM clock, board power and memory clock read through NVML with the burst still in flight; NOT timing.TIMING_BASIS; LOCK MODE: the SM clock locked per state with nvidia-smi -lgc F,F and read back per burst, one duty in every state, each measured burst's gap sized from that burst",1710,,,13.0,580.105.08,True,1,161f9ec19347efb7aa64ac4c645c527e0d2b46d6,NVIDIA GH200 480GB,192-222-51-98,"scripts/clock_elasticity.py: bursts of N back-to-back fused_experts calls under one pinned tile, each call L2-flushed and bracketed by its own pre-primed event pair, the FIRST call of every burst discarded as a drained-queue launch, a host-side idle gap after each burst setting the sustained duty cycle, and the SM clock, board power and memory clock read through NVML with the burst still in flight; NOT timing.TIMING_BASIS; LOCK MODE: the SM clock locked per state with nvidia-smi -lgc F,F and read back per burst, one duty in every state, each measured burst's gap sized from that burst",,bandwidth=not supplied by caller; bandwidth_source=not supplied by caller; iters=not supplied by caller; ridge=not supplied by caller; ridge_source=not supplied by caller; sglang=package not installed,1,3.12.14,,,,200.0,2.13.0,3.7.1,2026-09-27T08:00:24+00:00,0.27.1,200.0
0.25,0.249892429887146,0,5,2,mixtral-8x7b,bf16,32,64,64,4,8,4,5,160,640,13,18,3,2.7910879850387573,2.776479959487915,0.017748330992067858,216,36.54043549961514,108.53151584684383,2.7946879863739014,2.789792060852051,True,1710.0,1710.0,1605.0,1710 1710 1710 1710 1710 1710 1710 1710 1635 1710 1710 1710 1710 1710 1620 1710 1710 1605,18,nvml,False,high,False,dropping,1470.0,293.96500000000003,2619.0,False,4.464488000849087,11.339224813431954,256.34291100502014,True,ok,"LEVEL HIGH (recorded, never an exclusion here): loaded clock 1710 MHz against the 1470 MHz reference. At a duty cycle below 1.0 a HIGH reading is the experiment working, not a cell to drop.; DRIFT failed, dropping: 1710 -> 1605 MHz over 18 bursts; this cell is EXCLUDED","scripts/clock_elasticity.py: bursts of N back-to-back fused_experts calls under one pinned tile, each call L2-flushed and bracketed by its own pre-primed event pair, the FIRST call of every burst discarded as a drained-queue launch, a host-side idle gap after each burst setting the sustained duty cycle, and the SM clock, board power and memory clock read through NVML with the burst still in flight; NOT timing.TIMING_BASIS; LOCK MODE: the SM clock locked per state with nvidia-smi -lgc F,F and read back per burst, one duty in every state, each measured burst's gap sized from that burst",1710,,,13.0,580.105.08,True,1,161f9ec19347efb7aa64ac4c645c527e0d2b46d6,NVIDIA GH200 480GB,192-222-51-98,"scripts/clock_elasticity.py: bursts of N back-to-back fused_experts calls under one pinned tile, each call L2-flushed and bracketed by its own pre-primed event pair, the FIRST call of every burst discarded as a drained-queue launch, a host-side idle gap after each burst setting the sustained duty cycle, and the SM clock, board power and memory clock read through NVML with the burst still in flight; NOT timing.TIMING_BASIS; LOCK MODE: the SM clock locked per state with nvidia-smi -lgc F,F and read back per burst, one duty in every state, each measured burst's gap sized from that burst",,bandwidth=not supplied by caller; bandwidth_source=not supplied by caller; iters=not supplied by caller; ridge=not supplied by caller; ridge_source=not supplied by caller; sglang=package not installed,1,3.12.14,,,,200.0,2.13.0,3.7.1,2026-09-27T08:00:24+00:00,0.27.1,200.0
0.25,0.24988607883850167,0,5,2,mixtral-8x7b,bf16,32,64,64,4,8,4,6,192,768,11,18,3,3.338159918785095,3.325472116470337,0.011687992874171377,180,36.9277546538247,109.82714657434553,3.342344045639038,3.3373600244522095,True,1710.0,1710.0,1710.0,1710 1620 1710 1710 1710 1710 1710 1665 1710 1710 1680 1710 1710 1710 1635 1710 1710 1710,18,nvml,False,high,True,,1470.0,291.4395,2619.0,False,3.7730259991803905,9.78349115425086,295.4377279281616,True,ok,"LEVEL HIGH (recorded, never an exclusion here): loaded clock 1710 MHz against the 1470 MHz reference. At a duty cycle below 1.0 a HIGH reading is the experiment working, not a cell to drop.","scripts/clock_elasticity.py: bursts of N back-to-back fused_experts calls under one pinned tile, each call L2-flushed and bracketed by its own pre-primed event pair, the FIRST call of every burst discarded as a drained-queue launch, a host-side idle gap after each burst setting the sustained duty cycle, and the SM clock, board power and memory clock read through NVML with the burst still in flight; NOT timing.TIMING_BASIS; LOCK MODE: the SM clock locked per state with nvidia-smi -lgc F,F and read back per burst, one duty in every state, each measured burst's gap sized from that burst",1710,,,13.0,580.105.08,True,1,161f9ec19347efb7aa64ac4c645c527e0d2b46d6,NVIDIA GH200 480GB,192-222-51-98,"scripts/clock_elasticity.py: bursts of N back-to-back fused_experts calls under one pinned tile, each call L2-flushed and bracketed by its own pre-primed event pair, the FIRST call of every burst discarded as a drained-queue launch, a host-side idle gap after each burst setting the sustained duty cycle, and the SM clock, board power and memory clock read through NVML with the burst still in flight; NOT timing.TIMING_BASIS; LOCK MODE: the SM clock locked per state with nvidia-smi -lgc F,F and read back per burst, one duty in every state, each measured burst's gap sized from that burst",,bandwidth=not supplied by caller; bandwidth_source=not supplied by caller; iters=not supplied by caller; ridge=not supplied by caller; ridge_source=not supplied by caller; sglang=package not installed,1,3.12.14,,,,200.0,2.13.0,3.7.1,2026-09-27T08:00:24+00:00,0.27.1,200.0
0.25,0.24988506363592156,0,5,2,mixtral-8x7b,bf16,32,64,64,4,8,4,7,224,896,9,18,3,3.8942079544067383,3.877376079559326,0.016814760702372023,144,35.258332477675545,105.00444280656666,3.895807981491089,3.8935279846191406,True,1710.0,1710.0,1710.0,1710 1710 1710 1710 1680 1710 1710 1710 1710 1710 1710 1710 1710 1605 1710 1710 1620 1710,18,nvml,False,high,True,,1470.0,288.2545,2619.0,False,3.090476000579656,8.154710827986975,211.55894422531128,True,ok,"LEVEL HIGH (recorded, never an exclusion here): loaded clock 1710 MHz against the 1470 MHz reference. At a duty cycle below 1.0 a HIGH reading is the experiment working, not a cell to drop.","scripts/clock_elasticity.py: bursts of N back-to-back fused_experts calls under one pinned tile, each call L2-flushed and bracketed by its own pre-primed event pair, the FIRST call of every burst discarded as a drained-queue launch, a host-side idle gap after each burst setting the sustained duty cycle, and the SM clock, board power and memory clock read through NVML with the burst still in flight; NOT timing.TIMING_BASIS; LOCK MODE: the SM clock locked per state with nvidia-smi -lgc F,F and read back per burst, one duty in every state, each measured burst's gap sized from that burst",1710,,,13.0,580.105.08,True,1,161f9ec19347efb7aa64ac4c645c527e0d2b46d6,NVIDIA GH200 480GB,192-222-51-98,"scripts/clock_elasticity.py: bursts of N back-to-back fused_experts calls under one pinned tile, each call L2-flushed and bracketed by its own pre-primed event pair, the FIRST call of every burst discarded as a drained-queue launch, a host-side idle gap after each burst setting the sustained duty cycle, and the SM clock, board power and memory clock read through NVML with the burst still in flight; NOT timing.TIMING_BASIS; LOCK MODE: the SM clock locked per state with nvidia-smi -lgc F,F and read back per burst, one duty in every state, each measured burst's gap sized from that burst",,bandwidth=not supplied by caller; bandwidth_source=not supplied by caller; iters=not supplied by caller; ridge=not supplied by caller; ridge_source=not supplied by caller; sglang=package not installed,1,3.12.14,,,,200.0,2.13.0,3.7.1,2026-09-27T08:00:24+00:00,0.27.1,200.0
0.25,0.2498853979032646,0,5,2,mixtral-8x7b,bf16,32,64,64,4,8,4,8,256,1024,8,18,3,4.438080072402954,4.427167892456055,0.006257682321366995,126,35.70754835340712,106.386694898727,4.443039894104004,4.438047885894775,True,1710.0,1710.0,1710.0,1710 1710 1710 1710 1710 1710 1710 1710 1710 1710 1710 1710 1710 1710 1710 1710 1710 1710,18,nvml,False,high,True,,1470.0,275.46500000000003,2619.0,False,2.825353999469371,7.323747317386888,214.05510425567627,True,ok,"LEVEL HIGH (recorded, never an exclusion here): loaded clock 1710 MHz against the 1470 MHz reference. At a duty cycle below 1.0 a HIGH reading is the experiment working, not a cell to drop.","scripts/clock_elasticity.py: bursts of N back-to-back fused_experts calls under one pinned tile, each call L2-flushed and bracketed by its own pre-primed event pair, the FIRST call of every burst discarded as a drained-queue launch, a host-side idle gap after each burst setting the sustained duty cycle, and the SM clock, board power and memory clock read through NVML with the burst still in flight; NOT timing.TIMING_BASIS; LOCK MODE: the SM clock locked per state with nvidia-smi -lgc F,F and read back per burst, one duty in every state, each measured burst's gap sized from that burst",1710,,,13.0,580.105.08,True,1,161f9ec19347efb7aa64ac4c645c527e0d2b46d6,NVIDIA GH200 480GB,192-222-51-98,"scripts/clock_elasticity.py: bursts of N back-to-back fused_experts calls under one pinned tile, each call L2-flushed and bracketed by its own pre-primed event pair, the FIRST call of every burst discarded as a drained-queue launch, a host-side idle gap after each burst setting the sustained duty cycle, and the SM clock, board power and memory clock read through NVML with the burst still in flight; NOT timing.TIMING_BASIS; LOCK MODE: the SM clock locked per state with nvidia-smi -lgc F,F and read back per burst, one duty in every state, each measured burst's gap sized from that burst",,bandwidth=not supplied by caller; bandwidth_source=not supplied by caller; iters=not supplied by caller; ridge=not supplied by caller; ridge_source=not supplied by caller; sglang=package not installed,1,3.12.14,,,,200.0,2.13.0,3.7.1,2026-09-27T08:00:24+00:00,0.27.1,200.0
0.25,0.249893427880696,0,6,0,mixtral-8x7b,bf16,32,64,64,4,8,4,1,32,128,47,18,3,0.852288007736206,0.8438079953193665,0.0030906902198916592,828,40.21170670787493,116.82270791376504,0.8527520000934601,0.8520800173282623,True,1710.0,1710.0,1710.0,1710 1710 1710 1710 1710 1710 1710 1710 1710 1710 1710 1710 1710 1710 1710 1710 1710 1710,18,nvml,False,high,True,,1470.0,273.57399999999996,2619.0,False,15.044071999909647,30.548775455391286,201.1880642771721,True,ok,"LEVEL HIGH (recorded, never an exclusion here): loaded clock 1710 MHz against the 1470 MHz reference. At a duty cycle below 1.0 a HIGH reading is the experiment working, not a cell to drop.","scripts/clock_elasticity.py: bursts of N back-to-back fused_experts calls under one pinned tile, each call L2-flushed and bracketed by its own pre-primed event pair, the FIRST call of every burst discarded as a drained-queue launch, a host-side idle gap after each burst setting the sustained duty cycle, and the SM clock, board power and memory clock read through NVML with the burst still in flight; NOT timing.TIMING_BASIS; LOCK MODE: the SM clock locked per state with nvidia-smi -lgc F,F and read back per burst, one duty in every state, each measured burst's gap sized from that burst",1710,,,13.0,580.105.08,True,1,161f9ec19347efb7aa64ac4c645c527e0d2b46d6,NVIDIA GH200 480GB,192-222-51-98,"scripts/clock_elasticity.py: bursts of N back-to-back fused_experts calls under one pinned tile, each call L2-flushed and bracketed by its own pre-primed event pair, the FIRST call of every burst discarded as a drained-queue launch, a host-side idle gap after each burst setting the sustained duty cycle, and the SM clock, board power and memory clock read through NVML with the burst still in flight; NOT timing.TIMING_BASIS; LOCK MODE: the SM clock locked per state with nvidia-smi -lgc F,F and read back per burst, one duty in every state, each measured burst's gap sized from that burst",,bandwidth=not supplied by caller; bandwidth_source=not supplied by caller; iters=not supplied by caller; ridge=not supplied by caller; ridge_source=not supplied by caller; sglang=package not installed,1,3.12.14,,,,200.0,2.13.0,3.7.1,2026-09-27T08:00:24+00:00,0.27.1,200.0
0.25,0.24989148413178544,0,6,0,mixtral-8x7b,bf16,32,64,64,4,8,4,2,64,256,31,18,3,1.1699199676513672,1.1544640064239502,0.008473262811887518,540,36.44494042131636,106.87254482462595,1.171679973602295,1.1723359823226929,True,1710.0,1710.0,1710.0,1710 1710 1710 1710 1710 1710 1710 1710 1710 1710 1710 1710 1710 1710 1710 1710 1710 1710,18,nvml,False,high,True,,1470.0,293.4815,2619.0,False,9.70501550091285,22.985738331533508,218.5413761138916,True,ok,"LEVEL HIGH (recorded, never an exclusion here): loaded clock 1710 MHz against the 1470 MHz reference. At a duty cycle below 1.0 a HIGH reading is the experiment working, not a cell to drop.","scripts/clock_elasticity.py: bursts of N back-to-back fused_experts calls under one pinned tile, each call L2-flushed and bracketed by its own pre-primed event pair, the FIRST call of every burst discarded as a drained-queue launch, a host-side idle gap after each burst setting the sustained duty cycle, and the SM clock, board power and memory clock read through NVML with the burst still in flight; NOT timing.TIMING_BASIS; LOCK MODE: the SM clock locked per state with nvidia-smi -lgc F,F and read back per burst, one duty in every state, each measured burst's gap sized from that burst",1710,,,13.0,580.105.08,True,1,161f9ec19347efb7aa64ac4c645c527e0d2b46d6,NVIDIA GH200 480GB,192-222-51-98,"scripts/clock_elasticity.py: bursts of N back-to-back fused_experts calls under one pinned tile, each call L2-flushed and bracketed by its own pre-primed event pair, the FIRST call of every burst discarded as a drained-queue launch, a host-side idle gap after each burst setting the sustained duty cycle, and the SM clock, board power and memory clock read through NVML with the burst still in flight; NOT timing.TIMING_BASIS; LOCK MODE: the SM clock locked per state with nvidia-smi -lgc F,F and read back per burst, one duty in every state, each measured burst's gap sized from that burst",,bandwidth=not supplied by caller; bandwidth_source=not supplied by caller; iters=not supplied by caller; ridge=not supplied by caller; ridge_source=not supplied by caller; sglang=package not installed,1,3.12.14,,,,200.0,2.13.0,3.7.1,2026-09-27T08:00:24+00:00,0.27.1,200.0
0.25,0.2498805630020199,0,6,0,mixtral-8x7b,bf16,32,64,64,4,8,4,3,96,384,20,18,3,1.7266879677772522,1.7117120027542114,0.014436023172554371,342,34.751959052350784,102.5379431715337,1.728192001581192,1.7275279760360718,True,1710.0,1710.0,1710.0,1710 1710 1710 1710 1710 1710 1710 1710 1710 1695 1710 1710 1680 1710 1710 1710 1710 1710,18,nvml,False,high,True,,1470.0,297.4655,2619.0,False,6.4358339996033465,16.22019638942095,209.26214396953583,True,ok,"LEVEL HIGH (recorded, never an exclusion here): loaded clock 1710 MHz against the 1470 MHz reference. At a duty cycle below 1.0 a HIGH reading is the experiment working, not a cell to drop.","scripts/clock_elasticity.py: bursts of N back-to-back fused_experts calls under one pinned tile, each call L2-flushed and bracketed by its own pre-primed event pair, the FIRST call of every burst discarded as a drained-queue launch, a host-side idle gap after each burst setting the sustained duty cycle, and the SM clock, board power and memory clock read through NVML with the burst still in flight; NOT timing.TIMING_BASIS; LOCK MODE: the SM clock locked per state with nvidia-smi -lgc F,F and read back per burst, one duty in every state, each measured burst's gap sized from that burst",1710,,,13.0,580.105.08,True,1,161f9ec19347efb7aa64ac4c645c527e0d2b46d6,NVIDIA GH200 480GB,192-222-51-98,"scripts/clock_elasticity.py: bursts of N back-to-back fused_experts calls under one pinned tile, each call L2-flushed and bracketed by its own pre-primed event pair, the FIRST call of every burst discarded as a drained-queue launch, a host-side idle gap after each burst setting the sustained duty cycle, and the SM clock, board power and memory clock read through NVML with the burst still in flight; NOT timing.TIMING_BASIS; LOCK MODE: the SM clock locked per state with nvidia-smi -lgc F,F and read back per burst, one duty in every state, each measured burst's gap sized from that burst",,bandwidth=not supplied by caller; bandwidth_source=not supplied by caller; iters=not supplied by caller; ridge=not supplied by caller; ridge_source=not supplied by caller; sglang=package not installed,1,3.12.14,,,,200.0,2.13.0,3.7.1,2026-09-27T08:00:24+00:00,0.27.1,200.0
0.25,0.24988851903114653,0,6,0,mixtral-8x7b,bf16,32,64,64,4,8,4,4,128,512,17,18,3,2.2388319969177246,2.2285759449005127,0.006075973213109511,288,38.2816444767846,113.40488882007048,2.2436400055885315,2.2366719841957092,True,1710.0,1710.0,1710.0,1710 1710 1710 1710 1710 1710 1710 1710 1710 1710 1710 1710 1710 1710 1710 1710 1710 1710,18,nvml,False,high,True,,1470.0,282.51800000000003,2619.0,False,5.92311000036716,14.350688933668533,229.35171151161194,True,ok,"LEVEL HIGH (recorded, never an exclusion here): loaded clock 1710 MHz against the 1470 MHz reference. At a duty cycle below 1.0 a HIGH reading is the experiment working, not a cell to drop.","scripts/clock_elasticity.py: bursts of N back-to-back fused_experts calls under one pinned tile, each call L2-flushed and bracketed by its own pre-primed event pair, the FIRST call of every burst discarded as a drained-queue launch, a host-side idle gap after each burst setting the sustained duty cycle, and the SM clock, board power and memory clock read through NVML with the burst still in flight; NOT timing.TIMING_BASIS; LOCK MODE: the SM clock locked per state with nvidia-smi -lgc F,F and read back per burst, one duty in every state, each measured burst's gap sized from that burst",1710,,,13.0,580.105.08,True,1,161f9ec19347efb7aa64ac4c645c527e0d2b46d6,NVIDIA GH200 480GB,192-222-51-98,"scripts/clock_elasticity.py: bursts of N back-to-back fused_experts calls under one pinned tile, each call L2-flushed and bracketed by its own pre-primed event pair, the FIRST call of every burst discarded as a drained-queue launch, a host-side idle gap after each burst setting the sustained duty cycle, and the SM clock, board power and memory clock read through NVML with the burst still in flight; NOT timing.TIMING_BASIS; LOCK MODE: the SM clock locked per state with nvidia-smi -lgc F,F and read back per burst, one duty in every state, each measured burst's gap sized from that burst",,bandwidth=not supplied by caller; bandwidth_source=not supplied by caller; iters=not supplied by caller; ridge=not supplied by caller; ridge_source=not supplied by caller; sglang=package not installed,1,3.12.14,,,,200.0,2.13.0,3.7.1,2026-09-27T08:00:24+00:00,0.27.1,200.0
0.25,0.24988285454144088,0,6,0,mixtral-8x7b,bf16,32,64,64,4,8,4,5,160,640,13,18,3,2.7921119928359985,2.7777600288391113,0.01724277839622561,216,36.560584995481705,108.49401208358177,2.792623996734619,2.791024088859558,True,1710.0,1710.0,1650.0,1710 1710 1710 1710 1710 1710 1710 1710 1710 1710 1710 1710 1710 1710 1710 1710 1710 1650,18,nvml,False,high,True,,1470.0,296.87149999999997,2619.0,False,4.547161000118649,11.344632797743916,219.29382371902466,True,ok,"LEVEL HIGH (recorded, never an exclusion here): loaded clock 1710 MHz against the 1470 MHz reference. At a duty cycle below 1.0 a HIGH reading is the experiment working, not a cell to drop.","scripts/clock_elasticity.py: bursts of N back-to-back fused_experts calls under one pinned tile, each call L2-flushed and bracketed by its own pre-primed event pair, the FIRST call of every burst discarded as a drained-queue launch, a host-side idle gap after each burst setting the sustained duty cycle, and the SM clock, board power and memory clock read through NVML with the burst still in flight; NOT timing.TIMING_BASIS; LOCK MODE: the SM clock locked per state with nvidia-smi -lgc F,F and read back per burst, one duty in every state, each measured burst's gap sized from that burst",1710,,,13.0,580.105.08,True,1,161f9ec19347efb7aa64ac4c645c527e0d2b46d6,NVIDIA GH200 480GB,192-222-51-98,"scripts/clock_elasticity.py: bursts of N back-to-back fused_experts calls under one pinned tile, each call L2-flushed and bracketed by its own pre-primed event pair, the FIRST call of every burst discarded as a drained-queue launch, a host-side idle gap after each burst setting the sustained duty cycle, and the SM clock, board power and memory clock read through NVML with the burst still in flight; NOT timing.TIMING_BASIS; LOCK MODE: the SM clock locked per state with nvidia-smi -lgc F,F and read back per burst, one duty in every state, each measured burst's gap sized from that burst",,bandwidth=not supplied by caller; bandwidth_source=not supplied by caller; iters=not supplied by caller; ridge=not supplied by caller; ridge_source=not supplied by caller; sglang=package not installed,1,3.12.14,,,,200.0,2.13.0,3.7.1,2026-09-27T08:00:24+00:00,0.27.1,200.0
0.25,0.24989148019219076,0,6,0,mixtral-8x7b,bf16,32,64,64,4,8,4,6,192,768,11,18,3,3.3397600650787354,3.324831962585449,0.011780427906120283,180,36.96297600534227,109.9542492415494,3.349087953567505,3.340056002140045,True,1710.0,1710.0,1710.0,1710 1710 1710 1710 1710 1710 1710 1710 1710 1710 1710 1710 1710 1710 1710 1710 1710 1710,18,nvml,False,high,True,,1470.0,289.4315,2619.0,False,3.7770580001961207,9.834291006190687,221.64652848243713,True,ok,"LEVEL HIGH (recorded, never an exclusion here): loaded clock 1710 MHz against the 1470 MHz reference. At a duty cycle below 1.0 a HIGH reading is the experiment working, not a cell to drop.","scripts/clock_elasticity.py: bursts of N back-to-back fused_experts calls under one pinned tile, each call L2-flushed and bracketed by its own pre-primed event pair, the FIRST call of every burst discarded as a drained-queue launch, a host-side idle gap after each burst setting the sustained duty cycle, and the SM clock, board power and memory clock read through NVML with the burst still in flight; NOT timing.TIMING_BASIS; LOCK MODE: the SM clock locked per state with nvidia-smi -lgc F,F and read back per burst, one duty in every state, each measured burst's gap sized from that burst",1710,,,13.0,580.105.08,True,1,161f9ec19347efb7aa64ac4c645c527e0d2b46d6,NVIDIA GH200 480GB,192-222-51-98,"scripts/clock_elasticity.py: bursts of N back-to-back fused_experts calls under one pinned tile, each call L2-flushed and bracketed by its own pre-primed event pair, the FIRST call of every burst discarded as a drained-queue launch, a host-side idle gap after each burst setting the sustained duty cycle, and the SM clock, board power and memory clock read through NVML with the burst still in flight; NOT timing.TIMING_BASIS; LOCK MODE: the SM clock locked per state with nvidia-smi -lgc F,F and read back per burst, one duty in every state, each measured burst's gap sized from that burst",,bandwidth=not supplied by caller; bandwidth_source=not supplied by caller; iters=not supplied by caller; ridge=not supplied by caller; ridge_source=not supplied by caller; sglang=package not installed,1,3.12.14,,,,200.0,2.13.0,3.7.1,2026-09-27T08:00:24+00:00,0.27.1,200.0
0.25,0.24988138661041115,0,6,0,mixtral-8x7b,bf16,32,64,64,4,8,4,7,224,896,9,18,3,3.898751974105835,3.8820159435272217,0.01004241362336744,144,35.281322691175674,105.01759414285333,3.9026399850845337,3.8965760469436646,True,1710.0,1710.0,1710.0,1710 1710 1710 1710 1710 1710 1710 1710 1710 1710 1710 1710 1710 1710 1710 1710 1710 1710,18,nvml,False,high,True,,1470.0,285.98400000000004,2619.0,False,3.136684500532283,8.137587119517132,211.66729736328125,True,ok,"LEVEL HIGH (recorded, never an exclusion here): loaded clock 1710 MHz against the 1470 MHz reference. At a duty cycle below 1.0 a HIGH reading is the experiment working, not a cell to drop.","scripts/clock_elasticity.py: bursts of N back-to-back fused_experts calls under one pinned tile, each call L2-flushed and bracketed by its own pre-primed event pair, the FIRST call of every burst discarded as a drained-queue launch, a host-side idle gap after each burst setting the sustained duty cycle, and the SM clock, board power and memory clock read through NVML with the burst still in flight; NOT timing.TIMING_BASIS; LOCK MODE: the SM clock locked per state with nvidia-smi -lgc F,F and read back per burst, one duty in every state, each measured burst's gap sized from that burst",1710,,,13.0,580.105.08,True,1,161f9ec19347efb7aa64ac4c645c527e0d2b46d6,NVIDIA GH200 480GB,192-222-51-98,"scripts/clock_elasticity.py: bursts of N back-to-back fused_experts calls under one pinned tile, each call L2-flushed and bracketed by its own pre-primed event pair, the FIRST call of every burst discarded as a drained-queue launch, a host-side idle gap after each burst setting the sustained duty cycle, and the SM clock, board power and memory clock read through NVML with the burst still in flight; NOT timing.TIMING_BASIS; LOCK MODE: the SM clock locked per state with nvidia-smi -lgc F,F and read back per burst, one duty in every state, each measured burst's gap sized from that burst",,bandwidth=not supplied by caller; bandwidth_source=not supplied by caller; iters=not supplied by caller; ridge=not supplied by caller; ridge_source=not supplied by caller; sglang=package not installed,1,3.12.14,,,,200.0,2.13.0,3.7.1,2026-09-27T08:00:24+00:00,0.27.1,200.0
0.25,0.24988524861236824,0,6,0,mixtral-8x7b,bf16,32,64,64,4,8,4,8,256,1024,8,18,3,4.439615964889526,4.426591873168945,0.008549584829873015,126,35.69872164726257,106.36083928729933,4.441712141036987,4.4361279010772705,True,1710.0,1710.0,1710.0,1710 1710 1710 1710 1710 1710 1710 1710 1710 1710 1710 1710 1710 1710 1710 1710 1710 1710,18,nvml,False,high,True,,1470.0,278.988,2619.0,False,2.7614485006779432,7.356962554266538,214.2084150314331,True,ok,"LEVEL HIGH (recorded, never an exclusion here): loaded clock 1710 MHz against the 1470 MHz reference. At a duty cycle below 1.0 a HIGH reading is the experiment working, not a cell to drop.","scripts/clock_elasticity.py: bursts of N back-to-back fused_experts calls under one pinned tile, each call L2-flushed and bracketed by its own pre-primed event pair, the FIRST call of every burst discarded as a drained-queue launch, a host-side idle gap after each burst setting the sustained duty cycle, and the SM clock, board power and memory clock read through NVML with the burst still in flight; NOT timing.TIMING_BASIS; LOCK MODE: the SM clock locked per state with nvidia-smi -lgc F,F and read back per burst, one duty in every state, each measured burst's gap sized from that burst",1710,,,13.0,580.105.08,True,1,161f9ec19347efb7aa64ac4c645c527e0d2b46d6,NVIDIA GH200 480GB,192-222-51-98,"scripts/clock_elasticity.py: bursts of N back-to-back fused_experts calls under one pinned tile, each call L2-flushed and bracketed by its own pre-primed event pair, the FIRST call of every burst discarded as a drained-queue launch, a host-side idle gap after each burst setting the sustained duty cycle, and the SM clock, board power and memory clock read through NVML with the burst still in flight; NOT timing.TIMING_BASIS; LOCK MODE: the SM clock locked per state with nvidia-smi -lgc F,F and read back per burst, one duty in every state, each measured burst's gap sized from that burst",,bandwidth=not supplied by caller; bandwidth_source=not supplied by caller; iters=not supplied by caller; ridge=not supplied by caller; ridge_source=not supplied by caller; sglang=package not installed,1,3.12.14,,,,200.0,2.13.0,3.7.1,2026-09-27T08:00:24+00:00,0.27.1,200.0
0.25,0.2498979392160934,1,6,1,mixtral-8x7b,bf16,32,64,64,4,8,4,1,32,128,47,18,3,0.8606880009174347,0.8521919846534729,0.0031360377627603353,828,40.616833809349274,118.050382630885,0.8603519797325134,0.8606399893760681,True,1500.0,1500.0,1500.0,1500 1500 1500 1500 1500 1500 1500 1500 1500 1500 1500 1500 1500 1500 1500 1500 1500 1500,18,nvml,True,,True,,1470.0,244.8475,2619.0,False,14.686356500533293,30.36473591636198,203.00304007530212,True,ok,,"scripts/clock_elasticity.py: bursts of N back-to-back fused_experts calls under one pinned tile, each call L2-flushed and bracketed by its own pre-primed event pair, the FIRST call of every burst discarded as a drained-queue launch, a host-side idle gap after each burst setting the sustained duty cycle, and the SM clock, board power and memory clock read through NVML with the burst still in flight; NOT timing.TIMING_BASIS; LOCK MODE: the SM clock locked per state with nvidia-smi -lgc F,F and read back per burst, one duty in every state, each measured burst's gap sized from that burst",1500,,,13.0,580.105.08,True,1,161f9ec19347efb7aa64ac4c645c527e0d2b46d6,NVIDIA GH200 480GB,192-222-51-98,"scripts/clock_elasticity.py: bursts of N back-to-back fused_experts calls under one pinned tile, each call L2-flushed and bracketed by its own pre-primed event pair, the FIRST call of every burst discarded as a drained-queue launch, a host-side idle gap after each burst setting the sustained duty cycle, and the SM clock, board power and memory clock read through NVML with the burst still in flight; NOT timing.TIMING_BASIS; LOCK MODE: the SM clock locked per state with nvidia-smi -lgc F,F and read back per burst, one duty in every state, each measured burst's gap sized from that burst",,bandwidth=not supplied by caller; bandwidth_source=not supplied by caller; iters=not supplied by caller; ridge=not supplied by caller; ridge_source=not supplied by caller; sglang=package not installed,1,3.12.14,,,,200.0,2.13.0,3.7.1,2026-09-27T08:00:24+00:00,0.27.1,200.0
0.25,0.2499001427429629,1,6,1,mixtral-8x7b,bf16,32,64,64,4,8,4,2,64,256,31,18,3,1.3209440112113953,1.3074239492416382,0.006023340263895926,540,41.13617059257295,120.79894941314706,1.3229599595069885,1.3193280100822449,True,1500.0,1500.0,1500.0,1500 1500 1500 1500 1500 1500 1500 1500 1500 1500 1500 1500 1500 1500 1500 1500 1500 1500,18,nvml,True,,True,,1470.0,244.351,2619.0,False,9.873080500256037,23.795870861836285,205.23699188232422,True,ok,,"scripts/clock_elasticity.py: bursts of N back-to-back fused_experts calls under one pinned tile, each call L2-flushed and bracketed by its own pre-primed event pair, the FIRST call of every burst discarded as a drained-queue launch, a host-side idle gap after each burst setting the sustained duty cycle, and the SM clock, board power and memory clock read through NVML with the burst still in flight; NOT timing.TIMING_BASIS; LOCK MODE: the SM clock locked per state with nvidia-smi -lgc F,F and read back per burst, one duty in every state, each measured burst's gap sized from that burst",1500,,,13.0,580.105.08,True,1,161f9ec19347efb7aa64ac4c645c527e0d2b46d6,NVIDIA GH200 480GB,192-222-51-98,"scripts/clock_elasticity.py: bursts of N back-to-back fused_experts calls under one pinned tile, each call L2-flushed and bracketed by its own pre-primed event pair, the FIRST call of every burst discarded as a drained-queue launch, a host-side idle gap after each burst setting the sustained duty cycle, and the SM clock, board power and memory clock read through NVML with the burst still in flight; NOT timing.TIMING_BASIS; LOCK MODE: the SM clock locked per state with nvidia-smi -lgc F,F and read back per burst, one duty in every state, each measured burst's gap sized from that burst",,bandwidth=not supplied by caller; bandwidth_source=not supplied by caller; iters=not supplied by caller; ridge=not supplied by caller; ridge_source=not supplied by caller; sglang=package not installed,1,3.12.14,,,,200.0,2.13.0,3.7.1,2026-09-27T08:00:24+00:00,0.27.1,200.0
0.25,0.24989727876970683,1,6,1,mixtral-8x7b,bf16,32,64,64,4,8,4,3,96,384,20,18,3,1.9478240013122559,1.9317439794540405,0.007497660132478688,342,39.13268441624112,115.72347085988442,1.9512159824371338,1.9446719884872437,True,1500.0,1500.0,1500.0,1500 1500 1500 1500 1500 1500 1500 1500 1500 1500 1500 1500 1500 1500 1500 1500 1500 1500,18,nvml,True,,True,,1470.0,241.0255,2619.0,False,6.482266500825062,16.67935334357194,235.09955143928528,True,ok,,"scripts/clock_elasticity.py: bursts of N back-to-back fused_experts calls under one pinned tile, each call L2-flushed and bracketed by its own pre-primed event pair, the FIRST call of every burst discarded as a drained-queue launch, a host-side idle gap after each burst setting the sustained duty cycle, and the SM clock, board power and memory clock read through NVML with the burst still in flight; NOT timing.TIMING_BASIS; LOCK MODE: the SM clock locked per state with nvidia-smi -lgc F,F and read back per burst, one duty in every state, each measured burst's gap sized from that burst",1500,,,13.0,580.105.08,True,1,161f9ec19347efb7aa64ac4c645c527e0d2b46d6,NVIDIA GH200 480GB,192-222-51-98,"scripts/clock_elasticity.py: bursts of N back-to-back fused_experts calls under one pinned tile, each call L2-flushed and bracketed by its own pre-primed event pair, the FIRST call of every burst discarded as a drained-queue launch, a host-side idle gap after each burst setting the sustained duty cycle, and the SM clock, board power and memory clock read through NVML with the burst still in flight; NOT timing.TIMING_BASIS; LOCK MODE: the SM clock locked per state with nvidia-smi -lgc F,F and read back per burst, one duty in every state, each measured burst's gap sized from that burst",,bandwidth=not supplied by caller; bandwidth_source=not supplied by caller; iters=not supplied by caller; ridge=not supplied by caller; ridge_source=not supplied by caller; sglang=package not installed,1,3.12.14,,,,200.0,2.13.0,3.7.1,2026-09-27T08:00:24+00:00,0.27.1,200.0
0.25,0.24990462581507464,1,6,1,mixtral-8x7b,bf16,32,64,64,4,8,4,4,128,512,17,18,3,2.541440010070801,2.534912109375,0.006111256864268419,288,43.401923682954575,128.6864281180533,2.5426000356674194,2.5406320095062256,True,1500.0,1500.0,1500.0,1500 1500 1500 1500 1500 1500 1500 1500 1500 1500 1500 1500 1500 1500 1500 1500 1500 1500,18,nvml,True,,True,,1470.0,233.1165,2619.0,False,5.801428999802738,14.656582646376012,216.77500796318054,True,ok,,"scripts/clock_elasticity.py: bursts of N back-to-back fused_experts calls under one pinned tile, each call L2-flushed and bracketed by its own pre-primed event pair, the FIRST call of every burst discarded as a drained-queue launch, a host-side idle gap after each burst setting the sustained duty cycle, and the SM clock, board power and memory clock read through NVML with the burst still in flight; NOT timing.TIMING_BASIS; LOCK MODE: the SM clock locked per state with nvidia-smi -lgc F,F and read back per burst, one duty in every state, each measured burst's gap sized from that burst",1500,,,13.0,580.105.08,True,1,161f9ec19347efb7aa64ac4c645c527e0d2b46d6,NVIDIA GH200 480GB,192-222-51-98,"scripts/clock_elasticity.py: bursts of N back-to-back fused_experts calls under one pinned tile, each call L2-flushed and bracketed by its own pre-primed event pair, the FIRST call of every burst discarded as a drained-queue launch, a host-side idle gap after each burst setting the sustained duty cycle, and the SM clock, board power and memory clock read through NVML with the burst still in flight; NOT timing.TIMING_BASIS; LOCK MODE: the SM clock locked per state with nvidia-smi -lgc F,F and read back per burst, one duty in every state, each measured burst's gap sized from that burst",,bandwidth=not supplied by caller; bandwidth_source=not supplied by caller; iters=not supplied by caller; ridge=not supplied by caller; ridge_source=not supplied by caller; sglang=package not installed,1,3.12.14,,,,200.0,2.13.0,3.7.1,2026-09-27T08:00:24+00:00,0.27.1,200.0
0.25,0.24989690355729804,1,6,1,mixtral-8x7b,bf16,32,64,64,4,8,4,5,160,640,13,18,3,3.163007974624634,3.156480073928833,0.004935655886136166,216,41.33167473475138,122.8781309438127,3.165727972984314,3.1615359783172607,True,1500.0,1500.0,1500.0,1500 1500 1500 1500 1500 1500 1500 1500 1500 1500 1500 1500 1500 1500 1500 1500 1500 1500,18,nvml,True,,True,,1470.0,240.7765,2619.0,False,4.44351199985249,11.509403769933597,206.76851201057434,True,ok,,"scripts/clock_elasticity.py: bursts of N back-to-back fused_experts calls under one pinned tile, each call L2-flushed and bracketed by its own pre-primed event pair, the FIRST call of every burst discarded as a drained-queue launch, a host-side idle gap after each burst setting the sustained duty cycle, and the SM clock, board power and memory clock read through NVML with the burst still in flight; NOT timing.TIMING_BASIS; LOCK MODE: the SM clock locked per state with nvidia-smi -lgc F,F and read back per burst, one duty in every state, each measured burst's gap sized from that burst",1500,,,13.0,580.105.08,True,1,161f9ec19347efb7aa64ac4c645c527e0d2b46d6,NVIDIA GH200 480GB,192-222-51-98,"scripts/clock_elasticity.py: bursts of N back-to-back fused_experts calls under one pinned tile, each call L2-flushed and bracketed by its own pre-primed event pair, the FIRST call of every burst discarded as a drained-queue launch, a host-side idle gap after each burst setting the sustained duty cycle, and the SM clock, board power and memory clock read through NVML with the burst still in flight; NOT timing.TIMING_BASIS; LOCK MODE: the SM clock locked per state with nvidia-smi -lgc F,F and read back per burst, one duty in every state, each measured burst's gap sized from that burst",,bandwidth=not supplied by caller; bandwidth_source=not supplied by caller; iters=not supplied by caller; ridge=not supplied by caller; ridge_source=not supplied by caller; sglang=package not installed,1,3.12.14,,,,200.0,2.13.0,3.7.1,2026-09-27T08:00:24+00:00,0.27.1,200.0
0.25,0.2499007905176522,1,6,1,mixtral-8x7b,bf16,32,64,64,4,8,4,6,192,768,11,18,3,3.79095995426178,3.7798399925231934,0.009218511456677809,180,41.912794629732765,124.79638218745094,3.79968798160553,3.785871982574463,True,1500.0,1500.0,1500.0,1500 1500 1500 1500 1500 1500 1500 1500 1500 1500 1500 1500 1500 1500 1500 1500 1500 1500,18,nvml,True,,True,,1470.0,236.9175,2619.0,False,3.8117305002742796,9.929719617354733,209.50844764709473,True,ok,,"scripts/clock_elasticity.py: bursts of N back-to-back fused_experts calls under one pinned tile, each call L2-flushed and bracketed by its own pre-primed event pair, the FIRST call of every burst discarded as a drained-queue launch, a host-side idle gap after each burst setting the sustained duty cycle, and the SM clock, board power and memory clock read through NVML with the burst still in flight; NOT timing.TIMING_BASIS; LOCK MODE: the SM clock locked per state with nvidia-smi -lgc F,F and read back per burst, one duty in every state, each measured burst's gap sized from that burst",1500,,,13.0,580.105.08,True,1,161f9ec19347efb7aa64ac4c645c527e0d2b46d6,NVIDIA GH200 480GB,192-222-51-98,"scripts/clock_elasticity.py: bursts of N back-to-back fused_experts calls under one pinned tile, each call L2-flushed and bracketed by its own pre-primed event pair, the FIRST call of every burst discarded as a drained-queue launch, a host-side idle gap after each burst setting the sustained duty cycle, and the SM clock, board power and memory clock read through NVML with the burst still in flight; NOT timing.TIMING_BASIS; LOCK MODE: the SM clock locked per state with nvidia-smi -lgc F,F and read back per burst, one duty in every state, each measured burst's gap sized from that burst",,bandwidth=not supplied by caller; bandwidth_source=not supplied by caller; iters=not supplied by caller; ridge=not supplied by caller; ridge_source=not supplied by caller; sglang=package not installed,1,3.12.14,,,,200.0,2.13.0,3.7.1,2026-09-27T08:00:24+00:00,0.27.1,200.0
0.25,0.24989522005671708,1,6,1,mixtral-8x7b,bf16,32,64,64,4,8,4,7,224,896,9,18,3,4.418720006942749,4.410943984985352,0.011353245357149485,144,39.99314133326212,119.16807808030717,4.425112009048462,4.418208003044128,True,1500.0,1500.0,1500.0,1500 1500 1500 1500 1500 1500 1500 1500 1500 1500 1500 1500 1500 1500 1500 1500 1500 1500,18,nvml,True,,True,,1470.0,233.41750000000002,2619.0,False,3.078091500356095,8.238564207824268,200.16121768951416,True,ok,,"scripts/clock_elasticity.py: bursts of N back-to-back fused_experts calls under one pinned tile, each call L2-flushed and bracketed by its own pre-primed event pair, the FIRST call of every burst discarded as a drained-queue launch, a host-side idle gap after each burst setting the sustained duty cycle, and the SM clock, board power and memory clock read through NVML with the burst still in flight; NOT timing.TIMING_BASIS; LOCK MODE: the SM clock locked per state with nvidia-smi -lgc F,F and read back per burst, one duty in every state, each measured burst's gap sized from that burst",1500,,,13.0,580.105.08,True,1,161f9ec19347efb7aa64ac4c645c527e0d2b46d6,NVIDIA GH200 480GB,192-222-51-98,"scripts/clock_elasticity.py: bursts of N back-to-back fused_experts calls under one pinned tile, each call L2-flushed and bracketed by its own pre-primed event pair, the FIRST call of every burst discarded as a drained-queue launch, a host-side idle gap after each burst setting the sustained duty cycle, and the SM clock, board power and memory clock read through NVML with the burst still in flight; NOT timing.TIMING_BASIS; LOCK MODE: the SM clock locked per state with nvidia-smi -lgc F,F and read back per burst, one duty in every state, each measured burst's gap sized from that burst",,bandwidth=not supplied by caller; bandwidth_source=not supplied by caller; iters=not supplied by caller; ridge=not supplied by caller; ridge_source=not supplied by caller; sglang=package not installed,1,3.12.14,,,,200.0,2.13.0,3.7.1,2026-09-27T08:00:24+00:00,0.27.1,200.0
0.25,0.24989757131593263,1,6,1,mixtral-8x7b,bf16,32,64,64,4,8,4,8,256,1024,8,18,3,5.043744087219238,5.033664226531982,0.012262231998289389,126,40.56179738044739,120.93874842386867,5.0423359870910645,5.045760154724121,True,1500.0,1500.0,1500.0,1500 1500 1500 1500 1500 1500 1500 1500 1500 1500 1500 1500 1500 1500 1500 1500 1500 1500,18,nvml,True,,True,,1470.0,225.3965,2619.0,False,2.7591130001383135,7.4030522456425905,202.8332805633545,True,ok,,"scripts/clock_elasticity.py: bursts of N back-to-back fused_experts calls under one pinned tile, each call L2-flushed and bracketed by its own pre-primed event pair, the FIRST call of every burst discarded as a drained-queue launch, a host-side idle gap after each burst setting the sustained duty cycle, and the SM clock, board power and memory clock read through NVML with the burst still in flight; NOT timing.TIMING_BASIS; LOCK MODE: the SM clock locked per state with nvidia-smi -lgc F,F and read back per burst, one duty in every state, each measured burst's gap sized from that burst",1500,,,13.0,580.105.08,True,1,161f9ec19347efb7aa64ac4c645c527e0d2b46d6,NVIDIA GH200 480GB,192-222-51-98,"scripts/clock_elasticity.py: bursts of N back-to-back fused_experts calls under one pinned tile, each call L2-flushed and bracketed by its own pre-primed event pair, the FIRST call of every burst discarded as a drained-queue launch, a host-side idle gap after each burst setting the sustained duty cycle, and the SM clock, board power and memory clock read through NVML with the burst still in flight; NOT timing.TIMING_BASIS; LOCK MODE: the SM clock locked per state with nvidia-smi -lgc F,F and read back per burst, one duty in every state, each measured burst's gap sized from that burst",,bandwidth=not supplied by caller; bandwidth_source=not supplied by caller; iters=not supplied by caller; ridge=not supplied by caller; ridge_source=not supplied by caller; sglang=package not installed,1,3.12.14,,,,200.0,2.13.0,3.7.1,2026-09-27T08:00:24+00:00,0.27.1,200.0
0.25,0.24989974287919198,2,6,2,mixtral-8x7b,bf16,32,64,64,4,8,4,1,32,128,47,18,3,0.8660479784011841,0.8580800294876099,0.002810806711557415,828,40.8842328886191,118.79972511819506,0.8659200072288513,0.866127997636795,True,1410.0,1410.0,1410.0,1410 1410 1410 1410 1410 1410 1410 1410 1410 1410 1410 1410 1410 1410 1410 1410 1410 1410,18,nvml,True,,True,,1470.0,224.212,2619.0,False,14.97923900024034,30.354572214486677,204.51590406894684,True,ok,,"scripts/clock_elasticity.py: bursts of N back-to-back fused_experts calls under one pinned tile, each call L2-flushed and bracketed by its own pre-primed event pair, the FIRST call of every burst discarded as a drained-queue launch, a host-side idle gap after each burst setting the sustained duty cycle, and the SM clock, board power and memory clock read through NVML with the burst still in flight; NOT timing.TIMING_BASIS; LOCK MODE: the SM clock locked per state with nvidia-smi -lgc F,F and read back per burst, one duty in every state, each measured burst's gap sized from that burst",1410,,,13.0,580.105.08,True,1,161f9ec19347efb7aa64ac4c645c527e0d2b46d6,NVIDIA GH200 480GB,192-222-51-98,"scripts/clock_elasticity.py: bursts of N back-to-back fused_experts calls under one pinned tile, each call L2-flushed and bracketed by its own pre-primed event pair, the FIRST call of every burst discarded as a drained-queue launch, a host-side idle gap after each burst setting the sustained duty cycle, and the SM clock, board power and memory clock read through NVML with the burst still in flight; NOT timing.TIMING_BASIS; LOCK MODE: the SM clock locked per state with nvidia-smi -lgc F,F and read back per burst, one duty in every state, each measured burst's gap sized from that burst",,bandwidth=not supplied by caller; bandwidth_source=not supplied by caller; iters=not supplied by caller; ridge=not supplied by caller; ridge_source=not supplied by caller; sglang=package not installed,1,3.12.14,,,,200.0,2.13.0,3.7.1,2026-09-27T08:00:24+00:00,0.27.1,200.0
0.25,0.24990318532782352,2,6,2,mixtral-8x7b,bf16,32,64,64,4,8,4,2,64,256,31,18,3,1.4031519889831543,1.388159990310669,0.007640800087005875,540,43.679381324185265,128.39102323321276,1.4036960005760193,1.4038400053977966,True,1410.0,1410.0,1410.0,1410 1410 1410 1410 1410 1410 1410 1410 1410 1410 1410 1410 1410 1410 1410 1410 1410 1410,18,nvml,True,,True,,1470.0,221.85000000000002,2619.0,False,9.770488000867772,24.226932624606054,218.7464954853058,True,ok,,"scripts/clock_elasticity.py: bursts of N back-to-back fused_experts calls under one pinned tile, each call L2-flushed and bracketed by its own pre-primed event pair, the FIRST call of every burst discarded as a drained-queue launch, a host-side idle gap after each burst setting the sustained duty cycle, and the SM clock, board power and memory clock read through NVML with the burst still in flight; NOT timing.TIMING_BASIS; LOCK MODE: the SM clock locked per state with nvidia-smi -lgc F,F and read back per burst, one duty in every state, each measured burst's gap sized from that burst",1410,,,13.0,580.105.08,True,1,161f9ec19347efb7aa64ac4c645c527e0d2b46d6,NVIDIA GH200 480GB,192-222-51-98,"scripts/clock_elasticity.py: bursts of N back-to-back fused_experts calls under one pinned tile, each call L2-flushed and bracketed by its own pre-primed event pair, the FIRST call of every burst discarded as a drained-queue launch, a host-side idle gap after each burst setting the sustained duty cycle, and the SM clock, board power and memory clock read through NVML with the burst still in flight; NOT timing.TIMING_BASIS; LOCK MODE: the SM clock locked per state with nvidia-smi -lgc F,F and read back per burst, one duty in every state, each measured burst's gap sized from that burst",,bandwidth=not supplied by caller; bandwidth_source=not supplied by caller; iters=not supplied by caller; ridge=not supplied by caller; ridge_source=not supplied by caller; sglang=package not installed,1,3.12.14,,,,200.0,2.13.0,3.7.1,2026-09-27T08:00:24+00:00,0.27.1,200.0
0.25,0.24989879033966694,2,6,2,mixtral-8x7b,bf16,32,64,64,4,8,4,3,96,384,20,18,3,2.073408007621765,2.0547521114349365,0.010454825987393926,342,41.63567631774478,123.13063317094203,2.0735679864883423,2.0717519521713257,True,1410.0,1410.0,1410.0,1410 1410 1410 1410 1410 1410 1410 1410 1410 1410 1410 1410 1410 1410 1410 1410 1410 1410,18,nvml,True,,True,,1470.0,218.3245,2619.0,False,6.318712999927811,16.864236065640558,207.97126388549805,True,ok,,"scripts/clock_elasticity.py: bursts of N back-to-back fused_experts calls under one pinned tile, each call L2-flushed and bracketed by its own pre-primed event pair, the FIRST call of every burst discarded as a drained-queue launch, a host-side idle gap after each burst setting the sustained duty cycle, and the SM clock, board power and memory clock read through NVML with the burst still in flight; NOT timing.TIMING_BASIS; LOCK MODE: the SM clock locked per state with nvidia-smi -lgc F,F and read back per burst, one duty in every state, each measured burst's gap sized from that burst",1410,,,13.0,580.105.08,True,1,161f9ec19347efb7aa64ac4c645c527e0d2b46d6,NVIDIA GH200 480GB,192-222-51-98,"scripts/clock_elasticity.py: bursts of N back-to-back fused_experts calls under one pinned tile, each call L2-flushed and bracketed by its own pre-primed event pair, the FIRST call of every burst discarded as a drained-queue launch, a host-side idle gap after each burst setting the sustained duty cycle, and the SM clock, board power and memory clock read through NVML with the burst still in flight; NOT timing.TIMING_BASIS; LOCK MODE: the SM clock locked per state with nvidia-smi -lgc F,F and read back per burst, one duty in every state, each measured burst's gap sized from that burst",,bandwidth=not supplied by caller; bandwidth_source=not supplied by caller; iters=not supplied by caller; ridge=not supplied by caller; ridge_source=not supplied by caller; sglang=package not installed,1,3.12.14,,,,200.0,2.13.0,3.7.1,2026-09-27T08:00:24+00:00,0.27.1,200.0
0.25,0.24991176547852303,2,6,2,mixtral-8x7b,bf16,32,64,64,4,8,4,4,128,512,17,18,3,2.701375961303711,2.695904016494751,0.007785097557881473,288,46.191130704349945,136.98193928542605,2.7031840085983276,2.6996160745620728,True,1410.0,1410.0,1410.0,1410 1410 1410 1410 1410 1410 1410 1410 1410 1410 1410 1410 1410 1410 1410 1410 1410 1410,18,nvml,True,,True,,1470.0,196.89,2619.0,False,5.777667999609548,14.799820750215988,230.72236824035645,True,ok,,"scripts/clock_elasticity.py: bursts of N back-to-back fused_experts calls under one pinned tile, each call L2-flushed and bracketed by its own pre-primed event pair, the FIRST call of every burst discarded as a drained-queue launch, a host-side idle gap after each burst setting the sustained duty cycle, and the SM clock, board power and memory clock read through NVML with the burst still in flight; NOT timing.TIMING_BASIS; LOCK MODE: the SM clock locked per state with nvidia-smi -lgc F,F and read back per burst, one duty in every state, each measured burst's gap sized from that burst",1410,,,13.0,580.105.08,True,1,161f9ec19347efb7aa64ac4c645c527e0d2b46d6,NVIDIA GH200 480GB,192-222-51-98,"scripts/clock_elasticity.py: bursts of N back-to-back fused_experts calls under one pinned tile, each call L2-flushed and bracketed by its own pre-primed event pair, the FIRST call of every burst discarded as a drained-queue launch, a host-side idle gap after each burst setting the sustained duty cycle, and the SM clock, board power and memory clock read through NVML with the burst still in flight; NOT timing.TIMING_BASIS; LOCK MODE: the SM clock locked per state with nvidia-smi -lgc F,F and read back per burst, one duty in every state, each measured burst's gap sized from that burst",,bandwidth=not supplied by caller; bandwidth_source=not supplied by caller; iters=not supplied by caller; ridge=not supplied by caller; ridge_source=not supplied by caller; sglang=package not installed,1,3.12.14,,,,200.0,2.13.0,3.7.1,2026-09-27T08:00:24+00:00,0.27.1,200.0
0.25,0.2499052063791938,2,6,2,mixtral-8x7b,bf16,32,64,64,4,8,4,5,160,640,13,18,3,3.3616479635238647,3.356544017791748,0.00706228459505789,216,43.94334050019582,130.594985928612,3.3625760078430176,3.3603519201278687,True,1410.0,1410.0,1410.0,1410 1410 1410 1410 1410 1410 1410 1410 1410 1410 1410 1410 1410 1410 1410 1410 1410 1410,18,nvml,True,,True,,1470.0,217.95049999999998,2619.0,False,4.492329000640893,11.626183476777294,219.53286385536194,True,ok,,"scripts/clock_elasticity.py: bursts of N back-to-back fused_experts calls under one pinned tile, each call L2-flushed and bracketed by its own pre-primed event pair, the FIRST call of every burst discarded as a drained-queue launch, a host-side idle gap after each burst setting the sustained duty cycle, and the SM clock, board power and memory clock read through NVML with the burst still in flight; NOT timing.TIMING_BASIS; LOCK MODE: the SM clock locked per state with nvidia-smi -lgc F,F and read back per burst, one duty in every state, each measured burst's gap sized from that burst",1410,,,13.0,580.105.08,True,1,161f9ec19347efb7aa64ac4c645c527e0d2b46d6,NVIDIA GH200 480GB,192-222-51-98,"scripts/clock_elasticity.py: bursts of N back-to-back fused_experts calls under one pinned tile, each call L2-flushed and bracketed by its own pre-primed event pair, the FIRST call of every burst discarded as a drained-queue launch, a host-side idle gap after each burst setting the sustained duty cycle, and the SM clock, board power and memory clock read through NVML with the burst still in flight; NOT timing.TIMING_BASIS; LOCK MODE: the SM clock locked per state with nvidia-smi -lgc F,F and read back per burst, one duty in every state, each measured burst's gap sized from that burst",,bandwidth=not supplied by caller; bandwidth_source=not supplied by caller; iters=not supplied by caller; ridge=not supplied by caller; ridge_source=not supplied by caller; sglang=package not installed,1,3.12.14,,,,200.0,2.13.0,3.7.1,2026-09-27T08:00:24+00:00,0.27.1,200.0
0.25,0.2499067852883744,2,6,2,mixtral-8x7b,bf16,32,64,64,4,8,4,6,192,768,11,18,3,4.026112079620361,4.019392013549805,0.009828525462435801,180,44.53503105375502,132.66192585769747,4.026799917221069,4.02455198764801,True,1410.0,1410.0,1410.0,1410 1410 1410 1410 1410 1410 1410 1410 1410 1410 1410 1410 1410 1410 1410 1410 1410 1410,18,nvml,True,,True,,1470.0,214.348,2619.0,False,3.740737999578414,10.033811256545498,222.61088132858276,True,ok,,"scripts/clock_elasticity.py: bursts of N back-to-back fused_experts calls under one pinned tile, each call L2-flushed and bracketed by its own pre-primed event pair, the FIRST call of every burst discarded as a drained-queue launch, a host-side idle gap after each burst setting the sustained duty cycle, and the SM clock, board power and memory clock read through NVML with the burst still in flight; NOT timing.TIMING_BASIS; LOCK MODE: the SM clock locked per state with nvidia-smi -lgc F,F and read back per burst, one duty in every state, each measured burst's gap sized from that burst",1410,,,13.0,580.105.08,True,1,161f9ec19347efb7aa64ac4c645c527e0d2b46d6,NVIDIA GH200 480GB,192-222-51-98,"scripts/clock_elasticity.py: bursts of N back-to-back fused_experts calls under one pinned tile, each call L2-flushed and bracketed by its own pre-primed event pair, the FIRST call of every burst discarded as a drained-queue launch, a host-side idle gap after each burst setting the sustained duty cycle, and the SM clock, board power and memory clock read through NVML with the burst still in flight; NOT timing.TIMING_BASIS; LOCK MODE: the SM clock locked per state with nvidia-smi -lgc F,F and read back per burst, one duty in every state, each measured burst's gap sized from that burst",,bandwidth=not supplied by caller; bandwidth_source=not supplied by caller; iters=not supplied by caller; ridge=not supplied by caller; ridge_source=not supplied by caller; sglang=package not installed,1,3.12.14,,,,200.0,2.13.0,3.7.1,2026-09-27T08:00:24+00:00,0.27.1,200.0
0.25,0.24989851965852286,2,6,2,mixtral-8x7b,bf16,32,64,64,4,8,4,7,224,896,9,18,3,4.695056200027466,4.690239906311035,0.008930261806491497,144,42.501464949713814,126.61986395533314,4.706552028656006,4.692880034446716,True,1410.0,1410.0,1410.0,1410 1410 1410 1410 1410 1410 1410 1410 1410 1410 1410 1410 1410 1410 1410 1410 1410 1410,18,nvml,True,,True,,1470.0,210.4305,2619.0,False,3.1042359996718005,8.284083020012169,212.25635051727295,True,ok,,"scripts/clock_elasticity.py: bursts of N back-to-back fused_experts calls under one pinned tile, each call L2-flushed and bracketed by its own pre-primed event pair, the FIRST call of every burst discarded as a drained-queue launch, a host-side idle gap after each burst setting the sustained duty cycle, and the SM clock, board power and memory clock read through NVML with the burst still in flight; NOT timing.TIMING_BASIS; LOCK MODE: the SM clock locked per state with nvidia-smi -lgc F,F and read back per burst, one duty in every state, each measured burst's gap sized from that burst",1410,,,13.0,580.105.08,True,1,161f9ec19347efb7aa64ac4c645c527e0d2b46d6,NVIDIA GH200 480GB,192-222-51-98,"scripts/clock_elasticity.py: bursts of N back-to-back fused_experts calls under one pinned tile, each call L2-flushed and bracketed by its own pre-primed event pair, the FIRST call of every burst discarded as a drained-queue launch, a host-side idle gap after each burst setting the sustained duty cycle, and the SM clock, board power and memory clock read through NVML with the burst still in flight; NOT timing.TIMING_BASIS; LOCK MODE: the SM clock locked per state with nvidia-smi -lgc F,F and read back per burst, one duty in every state, each measured burst's gap sized from that burst",,bandwidth=not supplied by caller; bandwidth_source=not supplied by caller; iters=not supplied by caller; ridge=not supplied by caller; ridge_source=not supplied by caller; sglang=package not installed,1,3.12.14,,,,200.0,2.13.0,3.7.1,2026-09-27T08:00:24+00:00,0.27.1,200.0
0.25,0.24990434930199487,2,6,2,mixtral-8x7b,bf16,32,64,64,4,8,4,8,256,1024,8,18,3,5.366640090942383,5.352223873138428,0.014188747856952351,126,43.15652624766032,128.75550498558002,5.377968072891235,5.35918402671814,True,1410.0,1410.0,1410.0,1410 1410 1410 1410 1410 1410 1410 1410 1410 1410 1410 1410 1410 1410 1410 1410 1410 1410,18,nvml,True,,True,,1470.0,202.966,2619.0,False,2.8185379997012205,7.428692658574068,215.81276893615723,True,ok,,"scripts/clock_elasticity.py: bursts of N back-to-back fused_experts calls under one pinned tile, each call L2-flushed and bracketed by its own pre-primed event pair, the FIRST call of every burst discarded as a drained-queue launch, a host-side idle gap after each burst setting the sustained duty cycle, and the SM clock, board power and memory clock read through NVML with the burst still in flight; NOT timing.TIMING_BASIS; LOCK MODE: the SM clock locked per state with nvidia-smi -lgc F,F and read back per burst, one duty in every state, each measured burst's gap sized from that burst",1410,,,13.0,580.105.08,True,1,161f9ec19347efb7aa64ac4c645c527e0d2b46d6,NVIDIA GH200 480GB,192-222-51-98,"scripts/clock_elasticity.py: bursts of N back-to-back fused_experts calls under one pinned tile, each call L2-flushed and bracketed by its own pre-primed event pair, the FIRST call of every burst discarded as a drained-queue launch, a host-side idle gap after each burst setting the sustained duty cycle, and the SM clock, board power and memory clock read through NVML with the burst still in flight; NOT timing.TIMING_BASIS; LOCK MODE: the SM clock locked per state with nvidia-smi -lgc F,F and read back per burst, one duty in every state, each measured burst's gap sized from that burst",,bandwidth=not supplied by caller; bandwidth_source=not supplied by caller; iters=not supplied by caller; ridge=not supplied by caller; ridge_source=not supplied by caller; sglang=package not installed,1,3.12.14,,,,200.0,2.13.0,3.7.1,2026-09-27T08:00:24+00:00,0.27.1,200.0
0.25,0.2498998450921505,2,7,0,mixtral-8x7b,bf16,32,64,64,4,8,4,1,32,128,47,18,3,0.8659840226173401,0.8583999872207642,0.0029363213613590802,828,40.86153240998586,118.72978574560695,0.8665920197963715,0.8656480014324188,True,1410.0,1410.0,1410.0,1410 1410 1410 1410 1410 1410 1410 1410 1410 1410 1410 1410 1410 1410 1410 1410 1410 1410,18,nvml,True,,True,,1470.0,224.649,2619.0,False,14.641605500401056,30.787471270502262,204.32070362567902,True,ok,,"scripts/clock_elasticity.py: bursts of N back-to-back fused_experts calls under one pinned tile, each call L2-flushed and bracketed by its own pre-primed event pair, the FIRST call of every burst discarded as a drained-queue launch, a host-side idle gap after each burst setting the sustained duty cycle, and the SM clock, board power and memory clock read through NVML with the burst still in flight; NOT timing.TIMING_BASIS; LOCK MODE: the SM clock locked per state with nvidia-smi -lgc F,F and read back per burst, one duty in every state, each measured burst's gap sized from that burst",1410,,,13.0,580.105.08,True,1,161f9ec19347efb7aa64ac4c645c527e0d2b46d6,NVIDIA GH200 480GB,192-222-51-98,"scripts/clock_elasticity.py: bursts of N back-to-back fused_experts calls under one pinned tile, each call L2-flushed and bracketed by its own pre-primed event pair, the FIRST call of every burst discarded as a drained-queue launch, a host-side idle gap after each burst setting the sustained duty cycle, and the SM clock, board power and memory clock read through NVML with the burst still in flight; NOT timing.TIMING_BASIS; LOCK MODE: the SM clock locked per state with nvidia-smi -lgc F,F and read back per burst, one duty in every state, each measured burst's gap sized from that burst",,bandwidth=not supplied by caller; bandwidth_source=not supplied by caller; iters=not supplied by caller; ridge=not supplied by caller; ridge_source=not supplied by caller; sglang=package not installed,1,3.12.14,,,,200.0,2.13.0,3.7.1,2026-09-27T08:00:24+00:00,0.27.1,200.0
0.25,0.24990614338379333,2,7,0,mixtral-8x7b,bf16,32,64,64,4,8,4,2,64,256,31,18,3,1.40447998046875,1.3906879425048828,0.007826331051706477,540,43.72587907976575,128.4613555431206,1.4064480066299438,1.4040160179138184,True,1410.0,1410.0,1410.0,1410 1410 1410 1410 1410 1410 1410 1410 1410 1410 1410 1410 1410 1410 1410 1410 1410 1410,18,nvml,True,,True,,1470.0,221.9,2619.0,False,9.88170599885052,23.965425520820144,218.77974379062653,True,ok,,"scripts/clock_elasticity.py: bursts of N back-to-back fused_experts calls under one pinned tile, each call L2-flushed and bracketed by its own pre-primed event pair, the FIRST call of every burst discarded as a drained-queue launch, a host-side idle gap after each burst setting the sustained duty cycle, and the SM clock, board power and memory clock read through NVML with the burst still in flight; NOT timing.TIMING_BASIS; LOCK MODE: the SM clock locked per state with nvidia-smi -lgc F,F and read back per burst, one duty in every state, each measured burst's gap sized from that burst",1410,,,13.0,580.105.08,True,1,161f9ec19347efb7aa64ac4c645c527e0d2b46d6,NVIDIA GH200 480GB,192-222-51-98,"scripts/clock_elasticity.py: bursts of N back-to-back fused_experts calls under one pinned tile, each call L2-flushed and bracketed by its own pre-primed event pair, the FIRST call of every burst discarded as a drained-queue launch, a host-side idle gap after each burst setting the sustained duty cycle, and the SM clock, board power and memory clock read through NVML with the burst still in flight; NOT timing.TIMING_BASIS; LOCK MODE: the SM clock locked per state with nvidia-smi -lgc F,F and read back per burst, one duty in every state, each measured burst's gap sized from that burst",,bandwidth=not supplied by caller; bandwidth_source=not supplied by caller; iters=not supplied by caller; ridge=not supplied by caller; ridge_source=not supplied by caller; sglang=package not installed,1,3.12.14,,,,200.0,2.13.0,3.7.1,2026-09-27T08:00:24+00:00,0.27.1,200.0
0.25,0.24989687082156142,2,7,0,mixtral-8x7b,bf16,32,64,64,4,8,4,3,96,384,20,18,3,2.0745279788970947,2.054527997970581,0.012386310446646205,342,41.6810915072759,123.24803865927244,2.082304060459137,2.0707600116729736,True,1410.0,1410.0,1410.0,1410 1410 1410 1410 1410 1410 1410 1410 1410 1410 1410 1410 1410 1410 1410 1410 1410 1410,18,nvml,True,,True,,1470.0,218.9625,2619.0,False,6.593788000827772,16.75065582669924,207.93452882766724,True,ok,,"scripts/clock_elasticity.py: bursts of N back-to-back fused_experts calls under one pinned tile, each call L2-flushed and bracketed by its own pre-primed event pair, the FIRST call of every burst discarded as a drained-queue launch, a host-side idle gap after each burst setting the sustained duty cycle, and the SM clock, board power and memory clock read through NVML with the burst still in flight; NOT timing.TIMING_BASIS; LOCK MODE: the SM clock locked per state with nvidia-smi -lgc F,F and read back per burst, one duty in every state, each measured burst's gap sized from that burst",1410,,,13.0,580.105.08,True,1,161f9ec19347efb7aa64ac4c645c527e0d2b46d6,NVIDIA GH200 480GB,192-222-51-98,"scripts/clock_elasticity.py: bursts of N back-to-back fused_experts calls under one pinned tile, each call L2-flushed and bracketed by its own pre-primed event pair, the FIRST call of every burst discarded as a drained-queue launch, a host-side idle gap after each burst setting the sustained duty cycle, and the SM clock, board power and memory clock read through NVML with the burst still in flight; NOT timing.TIMING_BASIS; LOCK MODE: the SM clock locked per state with nvidia-smi -lgc F,F and read back per burst, one duty in every state, each measured burst's gap sized from that burst",,bandwidth=not supplied by caller; bandwidth_source=not supplied by caller; iters=not supplied by caller; ridge=not supplied by caller; ridge_source=not supplied by caller; sglang=package not installed,1,3.12.14,,,,200.0,2.13.0,3.7.1,2026-09-27T08:00:24+00:00,0.27.1,200.0
0.25,0.2499083919506506,2,7,0,mixtral-8x7b,bf16,32,64,64,4,8,4,4,128,512,17,18,3,2.7012479305267334,2.6966400146484375,0.007521686909922691,288,46.212229185634186,137.08828500750678,2.702839970588684,2.700536012649536,True,1410.0,1410.0,1410.0,1410 1410 1410 1410 1410 1410 1410 1410 1410 1410 1410 1410 1410 1410 1410 1410 1410 1410,18,nvml,True,,True,,1470.0,195.29899999999998,2619.0,False,6.045078999704856,14.749982479077527,231.35030436515808,True,ok,,"scripts/clock_elasticity.py: bursts of N back-to-back fused_experts calls under one pinned tile, each call L2-flushed and bracketed by its own pre-primed event pair, the FIRST call of every burst discarded as a drained-queue launch, a host-side idle gap after each burst setting the sustained duty cycle, and the SM clock, board power and memory clock read through NVML with the burst still in flight; NOT timing.TIMING_BASIS; LOCK MODE: the SM clock locked per state with nvidia-smi -lgc F,F and read back per burst, one duty in every state, each measured burst's gap sized from that burst",1410,,,13.0,580.105.08,True,1,161f9ec19347efb7aa64ac4c645c527e0d2b46d6,NVIDIA GH200 480GB,192-222-51-98,"scripts/clock_elasticity.py: bursts of N back-to-back fused_experts calls under one pinned tile, each call L2-flushed and bracketed by its own pre-primed event pair, the FIRST call of every burst discarded as a drained-queue launch, a host-side idle gap after each burst setting the sustained duty cycle, and the SM clock, board power and memory clock read through NVML with the burst still in flight; NOT timing.TIMING_BASIS; LOCK MODE: the SM clock locked per state with nvidia-smi -lgc F,F and read back per burst, one duty in every state, each measured burst's gap sized from that burst",,bandwidth=not supplied by caller; bandwidth_source=not supplied by caller; iters=not supplied by caller; ridge=not supplied by caller; ridge_source=not supplied by caller; sglang=package not installed,1,3.12.14,,,,200.0,2.13.0,3.7.1,2026-09-27T08:00:24+00:00,0.27.1,200.0
0.25,0.24990611032074522,2,7,0,mixtral-8x7b,bf16,32,64,64,4,8,4,5,160,640,13,18,3,3.3657119274139404,3.35699200630188,0.008870992466947367,216,43.988860434956024,130.83253514204262,3.3784960508346558,3.3617600202560425,True,1410.0,1410.0,1410.0,1410 1410 1410 1410 1410 1410 1410 1410 1410 1410 1410 1410 1410 1410 1410 1410 1410 1410,18,nvml,True,,True,,1470.0,217.434,2619.0,False,4.471592499612598,11.646484619796732,220.00048112869263,True,ok,,"scripts/clock_elasticity.py: bursts of N back-to-back fused_experts calls under one pinned tile, each call L2-flushed and bracketed by its own pre-primed event pair, the FIRST call of every burst discarded as a drained-queue launch, a host-side idle gap after each burst setting the sustained duty cycle, and the SM clock, board power and memory clock read through NVML with the burst still in flight; NOT timing.TIMING_BASIS; LOCK MODE: the SM clock locked per state with nvidia-smi -lgc F,F and read back per burst, one duty in every state, each measured burst's gap sized from that burst",1410,,,13.0,580.105.08,True,1,161f9ec19347efb7aa64ac4c645c527e0d2b46d6,NVIDIA GH200 480GB,192-222-51-98,"scripts/clock_elasticity.py: bursts of N back-to-back fused_experts calls under one pinned tile, each call L2-flushed and bracketed by its own pre-primed event pair, the FIRST call of every burst discarded as a drained-queue launch, a host-side idle gap after each burst setting the sustained duty cycle, and the SM clock, board power and memory clock read through NVML with the burst still in flight; NOT timing.TIMING_BASIS; LOCK MODE: the SM clock locked per state with nvidia-smi -lgc F,F and read back per burst, one duty in every state, each measured burst's gap sized from that burst",,bandwidth=not supplied by caller; bandwidth_source=not supplied by caller; iters=not supplied by caller; ridge=not supplied by caller; ridge_source=not supplied by caller; sglang=package not installed,1,3.12.14,,,,200.0,2.13.0,3.7.1,2026-09-27T08:00:24+00:00,0.27.1,200.0
0.25,0.2499104477308623,2,7,0,mixtral-8x7b,bf16,32,64,64,4,8,4,6,192,768,11,18,3,4.025936126708984,4.0182719230651855,0.009512570987488618,180,44.513361904356216,132.5058444120223,4.030784010887146,4.0239280462265015,True,1410.0,1410.0,1410.0,1410 1410 1410 1410 1410 1410 1410 1410 1410 1410 1410 1410 1410 1410 1410 1410 1410 1410,18,nvml,True,,True,,1470.0,212.393,2619.0,False,3.8187384998309426,10.025955441415054,222.5401611328125,True,ok,,"scripts/clock_elasticity.py: bursts of N back-to-back fused_experts calls under one pinned tile, each call L2-flushed and bracketed by its own pre-primed event pair, the FIRST call of every burst discarded as a drained-queue launch, a host-side idle gap after each burst setting the sustained duty cycle, and the SM clock, board power and memory clock read through NVML with the burst still in flight; NOT timing.TIMING_BASIS; LOCK MODE: the SM clock locked per state with nvidia-smi -lgc F,F and read back per burst, one duty in every state, each measured burst's gap sized from that burst",1410,,,13.0,580.105.08,True,1,161f9ec19347efb7aa64ac4c645c527e0d2b46d6,NVIDIA GH200 480GB,192-222-51-98,"scripts/clock_elasticity.py: bursts of N back-to-back fused_experts calls under one pinned tile, each call L2-flushed and bracketed by its own pre-primed event pair, the FIRST call of every burst discarded as a drained-queue launch, a host-side idle gap after each burst setting the sustained duty cycle, and the SM clock, board power and memory clock read through NVML with the burst still in flight; NOT timing.TIMING_BASIS; LOCK MODE: the SM clock locked per state with nvidia-smi -lgc F,F and read back per burst, one duty in every state, each measured burst's gap sized from that burst",,bandwidth=not supplied by caller; bandwidth_source=not supplied by caller; iters=not supplied by caller; ridge=not supplied by caller; ridge_source=not supplied by caller; sglang=package not installed,1,3.12.14,,,,200.0,2.13.0,3.7.1,2026-09-27T08:00:24+00:00,0.27.1,200.0
0.25,0.24990279246143782,2,7,0,mixtral-8x7b,bf16,32,64,64,4,8,4,7,224,896,9,18,3,4.700976133346558,4.690271854400635,0.008966568774246808,144,42.49001404974196,126.73565371330187,4.707247972488403,4.698927998542786,True,1410.0,1410.0,1410.0,1410 1410 1410 1410 1410 1410 1410 1410 1410 1410 1410 1410 1410 1410 1410 1410 1410 1410,18,nvml,True,,True,,1470.0,212.58249999999998,2619.0,False,3.051562999644375,8.344631678722223,212.5106544494629,True,ok,,"scripts/clock_elasticity.py: bursts of N back-to-back fused_experts calls under one pinned tile, each call L2-flushed and bracketed by its own pre-primed event pair, the FIRST call of every burst discarded as a drained-queue launch, a host-side idle gap after each burst setting the sustained duty cycle, and the SM clock, board power and memory clock read through NVML with the burst still in flight; NOT timing.TIMING_BASIS; LOCK MODE: the SM clock locked per state with nvidia-smi -lgc F,F and read back per burst, one duty in every state, each measured burst's gap sized from that burst",1410,,,13.0,580.105.08,True,1,161f9ec19347efb7aa64ac4c645c527e0d2b46d6,NVIDIA GH200 480GB,192-222-51-98,"scripts/clock_elasticity.py: bursts of N back-to-back fused_experts calls under one pinned tile, each call L2-flushed and bracketed by its own pre-primed event pair, the FIRST call of every burst discarded as a drained-queue launch, a host-side idle gap after each burst setting the sustained duty cycle, and the SM clock, board power and memory clock read through NVML with the burst still in flight; NOT timing.TIMING_BASIS; LOCK MODE: the SM clock locked per state with nvidia-smi -lgc F,F and read back per burst, one duty in every state, each measured burst's gap sized from that burst",,bandwidth=not supplied by caller; bandwidth_source=not supplied by caller; iters=not supplied by caller; ridge=not supplied by caller; ridge_source=not supplied by caller; sglang=package not installed,1,3.12.14,,,,200.0,2.13.0,3.7.1,2026-09-27T08:00:24+00:00,0.27.1,200.0
0.25,0.24990130247365433,2,7,0,mixtral-8x7b,bf16,32,64,64,4,8,4,8,256,1024,8,18,3,5.3674399852752686,5.352735996246338,0.013925602780569856,126,43.13878406418694,128.7022900514494,5.376575946807861,5.3655359745025635,True,1410.0,1410.0,1410.0,1410 1410 1410 1410 1410 1410 1410 1410 1410 1410 1410 1410 1410 1410 1410 1410 1410 1410,18,nvml,True,,True,,1470.0,202.6655,2619.0,False,2.7842330009661964,7.43670483163212,215.57443141937256,True,ok,,"scripts/clock_elasticity.py: bursts of N back-to-back fused_experts calls under one pinned tile, each call L2-flushed and bracketed by its own pre-primed event pair, the FIRST call of every burst discarded as a drained-queue launch, a host-side idle gap after each burst setting the sustained duty cycle, and the SM clock, board power and memory clock read through NVML with the burst still in flight; NOT timing.TIMING_BASIS; LOCK MODE: the SM clock locked per state with nvidia-smi -lgc F,F and read back per burst, one duty in every state, each measured burst's gap sized from that burst",1410,,,13.0,580.105.08,True,1,161f9ec19347efb7aa64ac4c645c527e0d2b46d6,NVIDIA GH200 480GB,192-222-51-98,"scripts/clock_elasticity.py: bursts of N back-to-back fused_experts calls under one pinned tile, each call L2-flushed and bracketed by its own pre-primed event pair, the FIRST call of every burst discarded as a drained-queue launch, a host-side idle gap after each burst setting the sustained duty cycle, and the SM clock, board power and memory clock read through NVML with the burst still in flight; NOT timing.TIMING_BASIS; LOCK MODE: the SM clock locked per state with nvidia-smi -lgc F,F and read back per burst, one duty in every state, each measured burst's gap sized from that burst",,bandwidth=not supplied by caller; bandwidth_source=not supplied by caller; iters=not supplied by caller; ridge=not supplied by caller; ridge_source=not supplied by caller; sglang=package not installed,1,3.12.14,,,,200.0,2.13.0,3.7.1,2026-09-27T08:00:24+00:00,0.27.1,200.0
0.25,0.24989680391881086,1,7,1,mixtral-8x7b,bf16,32,64,64,4,8,4,1,32,128,47,18,3,0.859855979681015,0.850816011428833,0.0033521133524773666,828,40.559456000725426,117.80649240105411,0.8597120046615601,0.859391987323761,True,1500.0,1500.0,1500.0,1500 1500 1500 1500 1500 1500 1500 1500 1500 1500 1500 1500 1500 1500 1500 1500 1500 1500,18,nvml,True,,True,,1470.0,244.77249999999998,2619.0,False,14.68667750032182,30.943422851450315,202.82131230831146,True,ok,,"scripts/clock_elasticity.py: bursts of N back-to-back fused_experts calls under one pinned tile, each call L2-flushed and bracketed by its own pre-primed event pair, the FIRST call of every burst discarded as a drained-queue launch, a host-side idle gap after each burst setting the sustained duty cycle, and the SM clock, board power and memory clock read through NVML with the burst still in flight; NOT timing.TIMING_BASIS; LOCK MODE: the SM clock locked per state with nvidia-smi -lgc F,F and read back per burst, one duty in every state, each measured burst's gap sized from that burst",1500,,,13.0,580.105.08,True,1,161f9ec19347efb7aa64ac4c645c527e0d2b46d6,NVIDIA GH200 480GB,192-222-51-98,"scripts/clock_elasticity.py: bursts of N back-to-back fused_experts calls under one pinned tile, each call L2-flushed and bracketed by its own pre-primed event pair, the FIRST call of every burst discarded as a drained-queue launch, a host-side idle gap after each burst setting the sustained duty cycle, and the SM clock, board power and memory clock read through NVML with the burst still in flight; NOT timing.TIMING_BASIS; LOCK MODE: the SM clock locked per state with nvidia-smi -lgc F,F and read back per burst, one duty in every state, each measured burst's gap sized from that burst",,bandwidth=not supplied by caller; bandwidth_source=not supplied by caller; iters=not supplied by caller; ridge=not supplied by caller; ridge_source=not supplied by caller; sglang=package not installed,1,3.12.14,,,,200.0,2.13.0,3.7.1,2026-09-27T08:00:24+00:00,0.27.1,200.0
0.25,0.24959653095652154,1,7,1,mixtral-8x7b,bf16,32,64,64,4,8,4,2,64,256,31,18,3,1.3184319734573364,1.306175947189331,0.006442838199427851,540,41.03427026006911,120.50126771305075,1.3202239871025085,1.3186399936676025,True,1500.0,1500.0,1500.0,1500 1500 1500 1500 1500 1500 1500 1500 1500 1500 1500 1500 1500 1500 1500 1500 1500 1500,18,nvml,True,,True,,1470.0,243.404,2619.0,False,9.653768000134733,24.00085515521195,205.39430344104767,True,ok,,"scripts/clock_elasticity.py: bursts of N back-to-back fused_experts calls under one pinned tile, each call L2-flushed and bracketed by its own pre-primed event pair, the FIRST call of every burst discarded as a drained-queue launch, a host-side idle gap after each burst setting the sustained duty cycle, and the SM clock, board power and memory clock read through NVML with the burst still in flight; NOT timing.TIMING_BASIS; LOCK MODE: the SM clock locked per state with nvidia-smi -lgc F,F and read back per burst, one duty in every state, each measured burst's gap sized from that burst",1500,,,13.0,580.105.08,True,1,161f9ec19347efb7aa64ac4c645c527e0d2b46d6,NVIDIA GH200 480GB,192-222-51-98,"scripts/clock_elasticity.py: bursts of N back-to-back fused_experts calls under one pinned tile, each call L2-flushed and bracketed by its own pre-primed event pair, the FIRST call of every burst discarded as a drained-queue launch, a host-side idle gap after each burst setting the sustained duty cycle, and the SM clock, board power and memory clock read through NVML with the burst still in flight; NOT timing.TIMING_BASIS; LOCK MODE: the SM clock locked per state with nvidia-smi -lgc F,F and read back per burst, one duty in every state, each measured burst's gap sized from that burst",,bandwidth=not supplied by caller; bandwidth_source=not supplied by caller; iters=not supplied by caller; ridge=not supplied by caller; ridge_source=not supplied by caller; sglang=package not installed,1,3.12.14,,,,200.0,2.13.0,3.7.1,2026-09-27T08:00:24+00:00,0.27.1,200.0
0.25,0.24989413184854772,1,7,1,mixtral-8x7b,bf16,32,64,64,4,8,4,3,96,384,20,18,3,1.9460960030555725,1.9319039583206177,0.007597811658890876,342,39.08282316393323,115.61175782431383,1.9496639966964722,1.943672001361847,True,1500.0,1500.0,1500.0,1500 1500 1500 1500 1500 1500 1500 1500 1500 1500 1500 1500 1500 1500 1500 1500 1500 1500,18,nvml,True,,True,,1470.0,240.339,2619.0,False,6.290616999649501,16.724672406725293,234.41001689434052,True,ok,,"scripts/clock_elasticity.py: bursts of N back-to-back fused_experts calls under one pinned tile, each call L2-flushed and bracketed by its own pre-primed event pair, the FIRST call of every burst discarded as a drained-queue launch, a host-side idle gap after each burst setting the sustained duty cycle, and the SM clock, board power and memory clock read through NVML with the burst still in flight; NOT timing.TIMING_BASIS; LOCK MODE: the SM clock locked per state with nvidia-smi -lgc F,F and read back per burst, one duty in every state, each measured burst's gap sized from that burst",1500,,,13.0,580.105.08,True,1,161f9ec19347efb7aa64ac4c645c527e0d2b46d6,NVIDIA GH200 480GB,192-222-51-98,"scripts/clock_elasticity.py: bursts of N back-to-back fused_experts calls under one pinned tile, each call L2-flushed and bracketed by its own pre-primed event pair, the FIRST call of every burst discarded as a drained-queue launch, a host-side idle gap after each burst setting the sustained duty cycle, and the SM clock, board power and memory clock read through NVML with the burst still in flight; NOT timing.TIMING_BASIS; LOCK MODE: the SM clock locked per state with nvidia-smi -lgc F,F and read back per burst, one duty in every state, each measured burst's gap sized from that burst",,bandwidth=not supplied by caller; bandwidth_source=not supplied by caller; iters=not supplied by caller; ridge=not supplied by caller; ridge_source=not supplied by caller; sglang=package not installed,1,3.12.14,,,,200.0,2.13.0,3.7.1,2026-09-27T08:00:24+00:00,0.27.1,200.0
0.25,0.24990435405454434,1,7,1,mixtral-8x7b,bf16,32,64,64,4,8,4,4,128,512,17,18,3,2.5406399965286255,2.5346240997314453,0.006239483411743145,288,43.394316448105705,128.69538427955558,2.5429360270500183,2.5385279655456543,True,1500.0,1500.0,1500.0,1500 1500 1500 1500 1500 1500 1500 1500 1500 1500 1500 1500 1500 1500 1500 1500 1500 1500,18,nvml,True,,True,,1470.0,232.155,2619.0,False,5.718643499676546,14.762710989674215,216.87686419487,True,ok,,"scripts/clock_elasticity.py: bursts of N back-to-back fused_experts calls under one pinned tile, each call L2-flushed and bracketed by its own pre-primed event pair, the FIRST call of every burst discarded as a drained-queue launch, a host-side idle gap after each burst setting the sustained duty cycle, and the SM clock, board power and memory clock read through NVML with the burst still in flight; NOT timing.TIMING_BASIS; LOCK MODE: the SM clock locked per state with nvidia-smi -lgc F,F and read back per burst, one duty in every state, each measured burst's gap sized from that burst",1500,,,13.0,580.105.08,True,1,161f9ec19347efb7aa64ac4c645c527e0d2b46d6,NVIDIA GH200 480GB,192-222-51-98,"scripts/clock_elasticity.py: bursts of N back-to-back fused_experts calls under one pinned tile, each call L2-flushed and bracketed by its own pre-primed event pair, the FIRST call of every burst discarded as a drained-queue launch, a host-side idle gap after each burst setting the sustained duty cycle, and the SM clock, board power and memory clock read through NVML with the burst still in flight; NOT timing.TIMING_BASIS; LOCK MODE: the SM clock locked per state with nvidia-smi -lgc F,F and read back per burst, one duty in every state, each measured burst's gap sized from that burst",,bandwidth=not supplied by caller; bandwidth_source=not supplied by caller; iters=not supplied by caller; ridge=not supplied by caller; ridge_source=not supplied by caller; sglang=package not installed,1,3.12.14,,,,200.0,2.13.0,3.7.1,2026-09-27T08:00:24+00:00,0.27.1,200.0
0.25,0.2498996377713963,1,7,1,mixtral-8x7b,bf16,32,64,64,4,8,4,5,160,640,13,18,3,3.167296051979065,3.156480073928833,0.008836968447764057,216,41.43154848946465,123.16079750058998,3.1736479997634888,3.161936044692993,True,1500.0,1500.0,1500.0,1500 1500 1500 1500 1500 1500 1500 1500 1500 1500 1500 1500 1500 1500 1500 1500 1500 1500,18,nvml,True,,True,,1470.0,239.14999999999998,2619.0,False,4.582729500725691,11.46847771885797,206.97526383399963,True,ok,,"scripts/clock_elasticity.py: bursts of N back-to-back fused_experts calls under one pinned tile, each call L2-flushed and bracketed by its own pre-primed event pair, the FIRST call of every burst discarded as a drained-queue launch, a host-side idle gap after each burst setting the sustained duty cycle, and the SM clock, board power and memory clock read through NVML with the burst still in flight; NOT timing.TIMING_BASIS; LOCK MODE: the SM clock locked per state with nvidia-smi -lgc F,F and read back per burst, one duty in every state, each measured burst's gap sized from that burst",1500,,,13.0,580.105.08,True,1,161f9ec19347efb7aa64ac4c645c527e0d2b46d6,NVIDIA GH200 480GB,192-222-51-98,"scripts/clock_elasticity.py: bursts of N back-to-back fused_experts calls under one pinned tile, each call L2-flushed and bracketed by its own pre-primed event pair, the FIRST call of every burst discarded as a drained-queue launch, a host-side idle gap after each burst setting the sustained duty cycle, and the SM clock, board power and memory clock read through NVML with the burst still in flight; NOT timing.TIMING_BASIS; LOCK MODE: the SM clock locked per state with nvidia-smi -lgc F,F and read back per burst, one duty in every state, each measured burst's gap sized from that burst",,bandwidth=not supplied by caller; bandwidth_source=not supplied by caller; iters=not supplied by caller; ridge=not supplied by caller; ridge_source=not supplied by caller; sglang=package not installed,1,3.12.14,,,,200.0,2.13.0,3.7.1,2026-09-27T08:00:24+00:00,0.27.1,200.0
0.25,0.24989721181787444,1,7,1,mixtral-8x7b,bf16,32,64,64,4,8,4,6,192,768,11,18,3,3.7884479761123657,3.7807679176330566,0.006705027464167102,180,41.87554309103224,124.68397773664765,3.789784014225006,3.785696029663086,True,1500.0,1500.0,1500.0,1500 1500 1500 1500 1500 1500 1500 1500 1500 1500 1500 1500 1500 1500 1500 1500 1500 1500,18,nvml,True,,True,,1470.0,234.8485,2619.0,False,3.8193624995983555,9.973409432834158,209.38134336471558,True,ok,,"scripts/clock_elasticity.py: bursts of N back-to-back fused_experts calls under one pinned tile, each call L2-flushed and bracketed by its own pre-primed event pair, the FIRST call of every burst discarded as a drained-queue launch, a host-side idle gap after each burst setting the sustained duty cycle, and the SM clock, board power and memory clock read through NVML with the burst still in flight; NOT timing.TIMING_BASIS; LOCK MODE: the SM clock locked per state with nvidia-smi -lgc F,F and read back per burst, one duty in every state, each measured burst's gap sized from that burst",1500,,,13.0,580.105.08,True,1,161f9ec19347efb7aa64ac4c645c527e0d2b46d6,NVIDIA GH200 480GB,192-222-51-98,"scripts/clock_elasticity.py: bursts of N back-to-back fused_experts calls under one pinned tile, each call L2-flushed and bracketed by its own pre-primed event pair, the FIRST call of every burst discarded as a drained-queue launch, a host-side idle gap after each burst setting the sustained duty cycle, and the SM clock, board power and memory clock read through NVML with the burst still in flight; NOT timing.TIMING_BASIS; LOCK MODE: the SM clock locked per state with nvidia-smi -lgc F,F and read back per burst, one duty in every state, each measured burst's gap sized from that burst",,bandwidth=not supplied by caller; bandwidth_source=not supplied by caller; iters=not supplied by caller; ridge=not supplied by caller; ridge_source=not supplied by caller; sglang=package not installed,1,3.12.14,,,,200.0,2.13.0,3.7.1,2026-09-27T08:00:24+00:00,0.27.1,200.0
0.25,0.24989976805728303,1,7,1,mixtral-8x7b,bf16,32,64,64,4,8,4,7,224,896,9,18,3,4.419312000274658,4.410751819610596,0.009342943679231813,144,39.98571729660034,119.10177404406568,4.421447992324829,4.41809606552124,True,1500.0,1500.0,1500.0,1500 1500 1500 1500 1500 1500 1500 1500 1500 1500 1500 1500 1500 1500 1500 1500 1500 1500,18,nvml,True,,True,,1470.0,231.5075,2619.0,False,3.1461885000680923,8.252656931049351,239.74313735961914,True,ok,,"scripts/clock_elasticity.py: bursts of N back-to-back fused_experts calls under one pinned tile, each call L2-flushed and bracketed by its own pre-primed event pair, the FIRST call of every burst discarded as a drained-queue launch, a host-side idle gap after each burst setting the sustained duty cycle, and the SM clock, board power and memory clock read through NVML with the burst still in flight; NOT timing.TIMING_BASIS; LOCK MODE: the SM clock locked per state with nvidia-smi -lgc F,F and read back per burst, one duty in every state, each measured burst's gap sized from that burst",1500,,,13.0,580.105.08,True,1,161f9ec19347efb7aa64ac4c645c527e0d2b46d6,NVIDIA GH200 480GB,192-222-51-98,"scripts/clock_elasticity.py: bursts of N back-to-back fused_experts calls under one pinned tile, each call L2-flushed and bracketed by its own pre-primed event pair, the FIRST call of every burst discarded as a drained-queue launch, a host-side idle gap after each burst setting the sustained duty cycle, and the SM clock, board power and memory clock read through NVML with the burst still in flight; NOT timing.TIMING_BASIS; LOCK MODE: the SM clock locked per state with nvidia-smi -lgc F,F and read back per burst, one duty in every state, each measured burst's gap sized from that burst",,bandwidth=not supplied by caller; bandwidth_source=not supplied by caller; iters=not supplied by caller; ridge=not supplied by caller; ridge_source=not supplied by caller; sglang=package not installed,1,3.12.14,,,,200.0,2.13.0,3.7.1,2026-09-27T08:00:24+00:00,0.27.1,200.0
0.25,0.24989621417264066,1,7,1,mixtral-8x7b,bf16,32,64,64,4,8,4,8,256,1024,8,18,3,5.0465919971466064,5.034751892089844,0.012343408915371067,126,40.572170628441704,121.05106496978988,5.052911996841431,5.043056011199951,True,1500.0,1500.0,1500.0,1500 1500 1500 1500 1500 1500 1500 1500 1500 1500 1500 1500 1500 1500 1500 1500 1500 1500,18,nvml,True,,True,,1470.0,224.465,2619.0,False,2.7214960000492283,7.399140561703103,202.93302488327026,True,ok,,"scripts/clock_elasticity.py: bursts of N back-to-back fused_experts calls under one pinned tile, each call L2-flushed and bracketed by its own pre-primed event pair, the FIRST call of every burst discarded as a drained-queue launch, a host-side idle gap after each burst setting the sustained duty cycle, and the SM clock, board power and memory clock read through NVML with the burst still in flight; NOT timing.TIMING_BASIS; LOCK MODE: the SM clock locked per state with nvidia-smi -lgc F,F and read back per burst, one duty in every state, each measured burst's gap sized from that burst",1500,,,13.0,580.105.08,True,1,161f9ec19347efb7aa64ac4c645c527e0d2b46d6,NVIDIA GH200 480GB,192-222-51-98,"scripts/clock_elasticity.py: bursts of N back-to-back fused_experts calls under one pinned tile, each call L2-flushed and bracketed by its own pre-primed event pair, the FIRST call of every burst discarded as a drained-queue launch, a host-side idle gap after each burst setting the sustained duty cycle, and the SM clock, board power and memory clock read through NVML with the burst still in flight; NOT timing.TIMING_BASIS; LOCK MODE: the SM clock locked per state with nvidia-smi -lgc F,F and read back per burst, one duty in every state, each measured burst's gap sized from that burst",,bandwidth=not supplied by caller; bandwidth_source=not supplied by caller; iters=not supplied by caller; ridge=not supplied by caller; ridge_source=not supplied by caller; sglang=package not installed,1,3.12.14,,,,200.0,2.13.0,3.7.1,2026-09-27T08:00:24+00:00,0.27.1,200.0
0.25,0.24989810440406018,0,7,2,mixtral-8x7b,bf16,32,64,64,4,8,4,1,32,128,47,18,3,0.8524479866027832,0.8414720296859741,0.0031036812132015598,828,40.23181688123279,116.84977612023796,0.8528480231761932,0.8523679971694946,True,1710.0,1710.0,1710.0,1710 1710 1710 1710 1710 1710 1710 1710 1710 1710 1710 1710 1710 1710 1710 1710 1710 1710,18,nvml,False,high,True,,1470.0,273.3305,2619.0,False,14.711861500472878,30.503640815583378,201.06592005491257,True,ok,"LEVEL HIGH (recorded, never an exclusion here): loaded clock 1710 MHz against the 1470 MHz reference. At a duty cycle below 1.0 a HIGH reading is the experiment working, not a cell to drop.","scripts/clock_elasticity.py: bursts of N back-to-back fused_experts calls under one pinned tile, each call L2-flushed and bracketed by its own pre-primed event pair, the FIRST call of every burst discarded as a drained-queue launch, a host-side idle gap after each burst setting the sustained duty cycle, and the SM clock, board power and memory clock read through NVML with the burst still in flight; NOT timing.TIMING_BASIS; LOCK MODE: the SM clock locked per state with nvidia-smi -lgc F,F and read back per burst, one duty in every state, each measured burst's gap sized from that burst",1710,,,13.0,580.105.08,True,1,161f9ec19347efb7aa64ac4c645c527e0d2b46d6,NVIDIA GH200 480GB,192-222-51-98,"scripts/clock_elasticity.py: bursts of N back-to-back fused_experts calls under one pinned tile, each call L2-flushed and bracketed by its own pre-primed event pair, the FIRST call of every burst discarded as a drained-queue launch, a host-side idle gap after each burst setting the sustained duty cycle, and the SM clock, board power and memory clock read through NVML with the burst still in flight; NOT timing.TIMING_BASIS; LOCK MODE: the SM clock locked per state with nvidia-smi -lgc F,F and read back per burst, one duty in every state, each measured burst's gap sized from that burst",,bandwidth=not supplied by caller; bandwidth_source=not supplied by caller; iters=not supplied by caller; ridge=not supplied by caller; ridge_source=not supplied by caller; sglang=package not installed,1,3.12.14,,,,200.0,2.13.0,3.7.1,2026-09-27T08:00:24+00:00,0.27.1,200.0
0.25,0.2498909253166707,0,7,2,mixtral-8x7b,bf16,32,64,64,4,8,4,2,64,256,31,18,3,1.168895959854126,1.1565120220184326,0.00900548758654693,540,36.448008908165825,106.86366087129863,1.1698399782180786,1.1703519821166992,True,1710.0,1710.0,1710.0,1710 1710 1710 1710 1710 1710 1710 1710 1710 1710 1710 1710 1695 1710 1710 1710 1710 1710,18,nvml,False,high,True,,1470.0,297.6425,2619.0,False,9.871449500678864,22.977567989879994,219.25436758995056,True,ok,"LEVEL HIGH (recorded, never an exclusion here): loaded clock 1710 MHz against the 1470 MHz reference. At a duty cycle below 1.0 a HIGH reading is the experiment working, not a cell to drop.","scripts/clock_elasticity.py: bursts of N back-to-back fused_experts calls under one pinned tile, each call L2-flushed and bracketed by its own pre-primed event pair, the FIRST call of every burst discarded as a drained-queue launch, a host-side idle gap after each burst setting the sustained duty cycle, and the SM clock, board power and memory clock read through NVML with the burst still in flight; NOT timing.TIMING_BASIS; LOCK MODE: the SM clock locked per state with nvidia-smi -lgc F,F and read back per burst, one duty in every state, each measured burst's gap sized from that burst",1710,,,13.0,580.105.08,True,1,161f9ec19347efb7aa64ac4c645c527e0d2b46d6,NVIDIA GH200 480GB,192-222-51-98,"scripts/clock_elasticity.py: bursts of N back-to-back fused_experts calls under one pinned tile, each call L2-flushed and bracketed by its own pre-primed event pair, the FIRST call of every burst discarded as a drained-queue launch, a host-side idle gap after each burst setting the sustained duty cycle, and the SM clock, board power and memory clock read through NVML with the burst still in flight; NOT timing.TIMING_BASIS; LOCK MODE: the SM clock locked per state with nvidia-smi -lgc F,F and read back per burst, one duty in every state, each measured burst's gap sized from that burst",,bandwidth=not supplied by caller; bandwidth_source=not supplied by caller; iters=not supplied by caller; ridge=not supplied by caller; ridge_source=not supplied by caller; sglang=package not installed,1,3.12.14,,,,200.0,2.13.0,3.7.1,2026-09-27T08:00:24+00:00,0.27.1,200.0
0.25,0.24988828112598765,0,7,2,mixtral-8x7b,bf16,32,64,64,4,8,4,3,96,384,20,18,3,1.7257280349731445,1.7110719680786133,0.017115540624761796,342,34.74716801113553,102.6143090697442,1.7268800139427185,1.7351920306682587,True,1710.0,1710.0,1710.0,1710 1710 1710 1710 1710 1710 1710 1710 1710 1710 1605 1710 1710 1710 1710 1560 1710 1710,18,nvml,False,high,True,,1470.0,299.3685,2619.0,False,6.455755000388308,16.38892954999413,208.82966458797455,True,ok,"LEVEL HIGH (recorded, never an exclusion here): loaded clock 1710 MHz against the 1470 MHz reference. At a duty cycle below 1.0 a HIGH reading is the experiment working, not a cell to drop.","scripts/clock_elasticity.py: bursts of N back-to-back fused_experts calls under one pinned tile, each call L2-flushed and bracketed by its own pre-primed event pair, the FIRST call of every burst discarded as a drained-queue launch, a host-side idle gap after each burst setting the sustained duty cycle, and the SM clock, board power and memory clock read through NVML with the burst still in flight; NOT timing.TIMING_BASIS; LOCK MODE: the SM clock locked per state with nvidia-smi -lgc F,F and read back per burst, one duty in every state, each measured burst's gap sized from that burst",1710,,,13.0,580.105.08,True,1,161f9ec19347efb7aa64ac4c645c527e0d2b46d6,NVIDIA GH200 480GB,192-222-51-98,"scripts/clock_elasticity.py: bursts of N back-to-back fused_experts calls under one pinned tile, each call L2-flushed and bracketed by its own pre-primed event pair, the FIRST call of every burst discarded as a drained-queue launch, a host-side idle gap after each burst setting the sustained duty cycle, and the SM clock, board power and memory clock read through NVML with the burst still in flight; NOT timing.TIMING_BASIS; LOCK MODE: the SM clock locked per state with nvidia-smi -lgc F,F and read back per burst, one duty in every state, each measured burst's gap sized from that burst",,bandwidth=not supplied by caller; bandwidth_source=not supplied by caller; iters=not supplied by caller; ridge=not supplied by caller; ridge_source=not supplied by caller; sglang=package not installed,1,3.12.14,,,,200.0,2.13.0,3.7.1,2026-09-27T08:00:24+00:00,0.27.1,200.0
0.25,0.2498913022792203,0,7,2,mixtral-8x7b,bf16,32,64,64,4,8,4,4,128,512,17,18,3,2.2387999296188354,2.2285759449005127,0.0064294635148195245,288,38.277173333697846,113.37946326113888,2.244975984096527,2.236135959625244,True,1710.0,1710.0,1710.0,1710 1710 1710 1710 1710 1710 1710 1710 1710 1710 1710 1710 1710 1710 1710 1710 1710 1710,18,nvml,False,high,True,,1470.0,284.124,2619.0,False,5.7020039994313265,14.407020145658432,229.57743954658508,True,ok,"LEVEL HIGH (recorded, never an exclusion here): loaded clock 1710 MHz against the 1470 MHz reference. At a duty cycle below 1.0 a HIGH reading is the experiment working, not a cell to drop.","scripts/clock_elasticity.py: bursts of N back-to-back fused_experts calls under one pinned tile, each call L2-flushed and bracketed by its own pre-primed event pair, the FIRST call of every burst discarded as a drained-queue launch, a host-side idle gap after each burst setting the sustained duty cycle, and the SM clock, board power and memory clock read through NVML with the burst still in flight; NOT timing.TIMING_BASIS; LOCK MODE: the SM clock locked per state with nvidia-smi -lgc F,F and read back per burst, one duty in every state, each measured burst's gap sized from that burst",1710,,,13.0,580.105.08,True,1,161f9ec19347efb7aa64ac4c645c527e0d2b46d6,NVIDIA GH200 480GB,192-222-51-98,"scripts/clock_elasticity.py: bursts of N back-to-back fused_experts calls under one pinned tile, each call L2-flushed and bracketed by its own pre-primed event pair, the FIRST call of every burst discarded as a drained-queue launch, a host-side idle gap after each burst setting the sustained duty cycle, and the SM clock, board power and memory clock read through NVML with the burst still in flight; NOT timing.TIMING_BASIS; LOCK MODE: the SM clock locked per state with nvidia-smi -lgc F,F and read back per burst, one duty in every state, each measured burst's gap sized from that burst",,bandwidth=not supplied by caller; bandwidth_source=not supplied by caller; iters=not supplied by caller; ridge=not supplied by caller; ridge_source=not supplied by caller; sglang=package not installed,1,3.12.14,,,,200.0,2.13.0,3.7.1,2026-09-27T08:00:24+00:00,0.27.1,200.0
0.25,0.2498962609509989,0,7,2,mixtral-8x7b,bf16,32,64,64,4,8,4,5,160,640,13,18,3,2.793007969856262,2.7770559787750244,0.017552128446674822,216,36.55371741453806,108.48541724152892,2.8010239601135254,2.7895039319992065,True,1710.0,1710.0,1710.0,1710 1710 1710 1605 1710 1710 1710 1710 1710 1710 1710 1710 1710 1710 1710 1710 1620 1710,18,nvml,False,high,True,,1470.0,297.3695,2619.0,False,4.404248000355437,11.300001349423376,219.29964876174927,True,ok,"LEVEL HIGH (recorded, never an exclusion here): loaded clock 1710 MHz against the 1470 MHz reference. At a duty cycle below 1.0 a HIGH reading is the experiment working, not a cell to drop.","scripts/clock_elasticity.py: bursts of N back-to-back fused_experts calls under one pinned tile, each call L2-flushed and bracketed by its own pre-primed event pair, the FIRST call of every burst discarded as a drained-queue launch, a host-side idle gap after each burst setting the sustained duty cycle, and the SM clock, board power and memory clock read through NVML with the burst still in flight; NOT timing.TIMING_BASIS; LOCK MODE: the SM clock locked per state with nvidia-smi -lgc F,F and read back per burst, one duty in every state, each measured burst's gap sized from that burst",1710,,,13.0,580.105.08,True,1,161f9ec19347efb7aa64ac4c645c527e0d2b46d6,NVIDIA GH200 480GB,192-222-51-98,"scripts/clock_elasticity.py: bursts of N back-to-back fused_experts calls under one pinned tile, each call L2-flushed and bracketed by its own pre-primed event pair, the FIRST call of every burst discarded as a drained-queue launch, a host-side idle gap after each burst setting the sustained duty cycle, and the SM clock, board power and memory clock read through NVML with the burst still in flight; NOT timing.TIMING_BASIS; LOCK MODE: the SM clock locked per state with nvidia-smi -lgc F,F and read back per burst, one duty in every state, each measured burst's gap sized from that burst",,bandwidth=not supplied by caller; bandwidth_source=not supplied by caller; iters=not supplied by caller; ridge=not supplied by caller; ridge_source=not supplied by caller; sglang=package not installed,1,3.12.14,,,,200.0,2.13.0,3.7.1,2026-09-27T08:00:24+00:00,0.27.1,200.0
0.25,0.24988604355600896,0,7,2,mixtral-8x7b,bf16,32,64,64,4,8,4,6,192,768,11,18,3,3.339951992034912,3.3276801109313965,0.010914490800531878,180,36.959569692611694,109.93632690153026,3.3437039256095886,3.3440399765968323,True,1710.0,1665.0,1635.0,1665 1710 1710 1710 1710 1710 1710 1710 1710 1710 1710 1710 1710 1710 1710 1710 1710 1635,18,nvml,False,high,True,,1470.0,292.8345,2619.0,False,3.92977949923079,9.814367364609463,222.20652747154236,True,ok,"LEVEL HIGH (recorded, never an exclusion here): loaded clock 1710 MHz against the 1470 MHz reference. At a duty cycle below 1.0 a HIGH reading is the experiment working, not a cell to drop.","scripts/clock_elasticity.py: bursts of N back-to-back fused_experts calls under one pinned tile, each call L2-flushed and bracketed by its own pre-primed event pair, the FIRST call of every burst discarded as a drained-queue launch, a host-side idle gap after each burst setting the sustained duty cycle, and the SM clock, board power and memory clock read through NVML with the burst still in flight; NOT timing.TIMING_BASIS; LOCK MODE: the SM clock locked per state with nvidia-smi -lgc F,F and read back per burst, one duty in every state, each measured burst's gap sized from that burst",1710,,,13.0,580.105.08,True,1,161f9ec19347efb7aa64ac4c645c527e0d2b46d6,NVIDIA GH200 480GB,192-222-51-98,"scripts/clock_elasticity.py: bursts of N back-to-back fused_experts calls under one pinned tile, each call L2-flushed and bracketed by its own pre-primed event pair, the FIRST call of every burst discarded as a drained-queue launch, a host-side idle gap after each burst setting the sustained duty cycle, and the SM clock, board power and memory clock read through NVML with the burst still in flight; NOT timing.TIMING_BASIS; LOCK MODE: the SM clock locked per state with nvidia-smi -lgc F,F and read back per burst, one duty in every state, each measured burst's gap sized from that burst",,bandwidth=not supplied by caller; bandwidth_source=not supplied by caller; iters=not supplied by caller; ridge=not supplied by caller; ridge_source=not supplied by caller; sglang=package not installed,1,3.12.14,,,,200.0,2.13.0,3.7.1,2026-09-27T08:00:24+00:00,0.27.1,200.0
0.25,0.24988811055690288,0,7,2,mixtral-8x7b,bf16,32,64,64,4,8,4,7,224,896,9,18,3,3.8977439403533936,3.8789761066436768,0.012812332036974412,144,35.278705782360504,104.9899590467976,3.899199962615967,3.8976800441741943,True,1710.0,1620.0,1620.0,1620 1710 1710 1710 1710 1665 1710 1710 1710 1710 1710 1710 1710 1710 1710 1710 1710 1620,18,nvml,False,high,True,,1470.0,287.6885,2619.0,False,3.2268610011669807,8.134886613310252,211.34006571769714,True,ok,"LEVEL HIGH (recorded, never an exclusion here): loaded clock 1710 MHz against the 1470 MHz reference. At a duty cycle below 1.0 a HIGH reading is the experiment working, not a cell to drop.","scripts/clock_elasticity.py: bursts of N back-to-back fused_experts calls under one pinned tile, each call L2-flushed and bracketed by its own pre-primed event pair, the FIRST call of every burst discarded as a drained-queue launch, a host-side idle gap after each burst setting the sustained duty cycle, and the SM clock, board power and memory clock read through NVML with the burst still in flight; NOT timing.TIMING_BASIS; LOCK MODE: the SM clock locked per state with nvidia-smi -lgc F,F and read back per burst, one duty in every state, each measured burst's gap sized from that burst",1710,,,13.0,580.105.08,True,1,161f9ec19347efb7aa64ac4c645c527e0d2b46d6,NVIDIA GH200 480GB,192-222-51-98,"scripts/clock_elasticity.py: bursts of N back-to-back fused_experts calls under one pinned tile, each call L2-flushed and bracketed by its own pre-primed event pair, the FIRST call of every burst discarded as a drained-queue launch, a host-side idle gap after each burst setting the sustained duty cycle, and the SM clock, board power and memory clock read through NVML with the burst still in flight; NOT timing.TIMING_BASIS; LOCK MODE: the SM clock locked per state with nvidia-smi -lgc F,F and read back per burst, one duty in every state, each measured burst's gap sized from that burst",,bandwidth=not supplied by caller; bandwidth_source=not supplied by caller; iters=not supplied by caller; ridge=not supplied by caller; ridge_source=not supplied by caller; sglang=package not installed,1,3.12.14,,,,200.0,2.13.0,3.7.1,2026-09-27T08:00:24+00:00,0.27.1,200.0
0.25,0.24988511533453667,0,7,2,mixtral-8x7b,bf16,32,64,64,4,8,4,8,256,1024,8,18,3,4.437280178070068,4.425119876861572,0.007509582574039266,126,35.67261142200894,106.32421290460479,4.4444639682769775,4.433440208435059,True,1710.0,1680.0,1710.0,1680 1710 1710 1710 1710 1710 1710 1695 1710 1710 1710 1710 1710 1710 1710 1710 1710 1710,18,nvml,False,high,True,,1470.0,277.891,2619.0,False,2.7376729995012283,7.390069344957559,214.11302423477173,True,ok,"LEVEL HIGH (recorded, never an exclusion here): loaded clock 1710 MHz against the 1470 MHz reference. At a duty cycle below 1.0 a HIGH reading is the experiment working, not a cell to drop.","scripts/clock_elasticity.py: bursts of N back-to-back fused_experts calls under one pinned tile, each call L2-flushed and bracketed by its own pre-primed event pair, the FIRST call of every burst discarded as a drained-queue launch, a host-side idle gap after each burst setting the sustained duty cycle, and the SM clock, board power and memory clock read through NVML with the burst still in flight; NOT timing.TIMING_BASIS; LOCK MODE: the SM clock locked per state with nvidia-smi -lgc F,F and read back per burst, one duty in every state, each measured burst's gap sized from that burst",1710,,,13.0,580.105.08,True,1,161f9ec19347efb7aa64ac4c645c527e0d2b46d6,NVIDIA GH200 480GB,192-222-51-98,"scripts/clock_elasticity.py: bursts of N back-to-back fused_experts calls under one pinned tile, each call L2-flushed and bracketed by its own pre-primed event pair, the FIRST call of every burst discarded as a drained-queue launch, a host-side idle gap after each burst setting the sustained duty cycle, and the SM clock, board power and memory clock read through NVML with the burst still in flight; NOT timing.TIMING_BASIS; LOCK MODE: the SM clock locked per state with nvidia-smi -lgc F,F and read back per burst, one duty in every state, each measured burst's gap sized from that burst",,bandwidth=not supplied by caller; bandwidth_source=not supplied by caller; iters=not supplied by caller; ridge=not supplied by caller; ridge_source=not supplied by caller; sglang=package not installed,1,3.12.14,,,,200.0,2.13.0,3.7.1,2026-09-27T08:00:24+00:00,0.27.1,200.0
0.25,0.24989621492834327,0,8,0,mixtral-8x7b,bf16,32,64,64,4,8,4,1,32,128,47,18,3,0.853600025177002,0.8435840010643005,0.0030207540250741516,828,40.264810721079506,117.01220825946803,0.8529439866542816,0.853983998298645,True,1710.0,1710.0,1710.0,1710 1710 1710 1710 1710 1710 1710 1710 1710 1710 1710 1710 1710 1710 1710 1710 1710 1710,18,nvml,False,high,True,,1470.0,273.61850000000004,2619.0,False,15.115753500140272,29.370637366804594,201.30691224336624,True,ok,"LEVEL HIGH (recorded, never an exclusion here): loaded clock 1710 MHz against the 1470 MHz reference. At a duty cycle below 1.0 a HIGH reading is the experiment working, not a cell to drop.","scripts/clock_elasticity.py: bursts of N back-to-back fused_experts calls under one pinned tile, each call L2-flushed and bracketed by its own pre-primed event pair, the FIRST call of every burst discarded as a drained-queue launch, a host-side idle gap after each burst setting the sustained duty cycle, and the SM clock, board power and memory clock read through NVML with the burst still in flight; NOT timing.TIMING_BASIS; LOCK MODE: the SM clock locked per state with nvidia-smi -lgc F,F and read back per burst, one duty in every state, each measured burst's gap sized from that burst",1710,,,13.0,580.105.08,True,1,161f9ec19347efb7aa64ac4c645c527e0d2b46d6,NVIDIA GH200 480GB,192-222-51-98,"scripts/clock_elasticity.py: bursts of N back-to-back fused_experts calls under one pinned tile, each call L2-flushed and bracketed by its own pre-primed event pair, the FIRST call of every burst discarded as a drained-queue launch, a host-side idle gap after each burst setting the sustained duty cycle, and the SM clock, board power and memory clock read through NVML with the burst still in flight; NOT timing.TIMING_BASIS; LOCK MODE: the SM clock locked per state with nvidia-smi -lgc F,F and read back per burst, one duty in every state, each measured burst's gap sized from that burst",,bandwidth=not supplied by caller; bandwidth_source=not supplied by caller; iters=not supplied by caller; ridge=not supplied by caller; ridge_source=not supplied by caller; sglang=package not installed,1,3.12.14,,,,200.0,2.13.0,3.7.1,2026-09-27T08:00:24+00:00,0.27.1,200.0
0.25,0.24988299637465805,0,8,0,mixtral-8x7b,bf16,32,64,64,4,8,4,2,64,256,31,18,3,1.1711679697036743,1.1633599996566772,0.008719160189151032,540,36.51553067233827,106.9836294320412,1.171887993812561,1.1723199486732483,True,1710.0,1710.0,1710.0,1710 1710 1710 1710 1710 1710 1710 1710 1710 1710 1710 1710 1710 1710 1710 1710 1710 1710,18,nvml,False,high,True,,1470.0,294.0135,2619.0,False,9.86149700020178,22.826904314628052,219.2476156949997,True,ok,"LEVEL HIGH (recorded, never an exclusion here): loaded clock 1710 MHz against the 1470 MHz reference. At a duty cycle below 1.0 a HIGH reading is the experiment working, not a cell to drop.","scripts/clock_elasticity.py: bursts of N back-to-back fused_experts calls under one pinned tile, each call L2-flushed and bracketed by its own pre-primed event pair, the FIRST call of every burst discarded as a drained-queue launch, a host-side idle gap after each burst setting the sustained duty cycle, and the SM clock, board power and memory clock read through NVML with the burst still in flight; NOT timing.TIMING_BASIS; LOCK MODE: the SM clock locked per state with nvidia-smi -lgc F,F and read back per burst, one duty in every state, each measured burst's gap sized from that burst",1710,,,13.0,580.105.08,True,1,161f9ec19347efb7aa64ac4c645c527e0d2b46d6,NVIDIA GH200 480GB,192-222-51-98,"scripts/clock_elasticity.py: bursts of N back-to-back fused_experts calls under one pinned tile, each call L2-flushed and bracketed by its own pre-primed event pair, the FIRST call of every burst discarded as a drained-queue launch, a host-side idle gap after each burst setting the sustained duty cycle, and the SM clock, board power and memory clock read through NVML with the burst still in flight; NOT timing.TIMING_BASIS; LOCK MODE: the SM clock locked per state with nvidia-smi -lgc F,F and read back per burst, one duty in every state, each measured burst's gap sized from that burst",,bandwidth=not supplied by caller; bandwidth_source=not supplied by caller; iters=not supplied by caller; ridge=not supplied by caller; ridge_source=not supplied by caller; sglang=package not installed,1,3.12.14,,,,200.0,2.13.0,3.7.1,2026-09-27T08:00:24+00:00,0.27.1,200.0
0.25,0.24987409195873592,0,8,0,mixtral-8x7b,bf16,32,64,64,4,8,4,3,96,384,20,18,3,1.7266879677772522,1.714143991470337,0.025126054041108622,342,34.90568714009391,102.96105943733708,1.7283440232276917,1.7745759785175323,True,1710.0,1635.0,1605.0,1635 1710 1710 1710 1710 1620 1710 1710 1710 1710 1710 1710 1710 1710 1710 1620 1710 1605,18,nvml,False,high,True,,1470.0,300.61800000000005,2619.0,False,6.5221555005336995,16.156952828732088,209.21164774894714,True,ok,"LEVEL HIGH (recorded, never an exclusion here): loaded clock 1710 MHz against the 1470 MHz reference. At a duty cycle below 1.0 a HIGH reading is the experiment working, not a cell to drop.","scripts/clock_elasticity.py: bursts of N back-to-back fused_experts calls under one pinned tile, each call L2-flushed and bracketed by its own pre-primed event pair, the FIRST call of every burst discarded as a drained-queue launch, a host-side idle gap after each burst setting the sustained duty cycle, and the SM clock, board power and memory clock read through NVML with the burst still in flight; NOT timing.TIMING_BASIS; LOCK MODE: the SM clock locked per state with nvidia-smi -lgc F,F and read back per burst, one duty in every state, each measured burst's gap sized from that burst",1710,,,13.0,580.105.08,True,1,161f9ec19347efb7aa64ac4c645c527e0d2b46d6,NVIDIA GH200 480GB,192-222-51-98,"scripts/clock_elasticity.py: bursts of N back-to-back fused_experts calls under one pinned tile, each call L2-flushed and bracketed by its own pre-primed event pair, the FIRST call of every burst discarded as a drained-queue launch, a host-side idle gap after each burst setting the sustained duty cycle, and the SM clock, board power and memory clock read through NVML with the burst still in flight; NOT timing.TIMING_BASIS; LOCK MODE: the SM clock locked per state with nvidia-smi -lgc F,F and read back per burst, one duty in every state, each measured burst's gap sized from that burst",,bandwidth=not supplied by caller; bandwidth_source=not supplied by caller; iters=not supplied by caller; ridge=not supplied by caller; ridge_source=not supplied by caller; sglang=package not installed,1,3.12.14,,,,200.0,2.13.0,3.7.1,2026-09-27T08:00:24+00:00,0.27.1,200.0
0.25,0.2498885920046272,0,8,0,mixtral-8x7b,bf16,32,64,64,4,8,4,4,128,512,17,18,3,2.238479971885681,2.22761607170105,0.006383799027578857,288,38.26028450330099,113.32527119556471,2.2434720396995544,2.2364880442619324,True,1710.0,1710.0,1710.0,1710 1710 1710 1710 1710 1680 1710 1710 1710 1710 1710 1710 1710 1710 1710 1710 1710 1710,18,nvml,False,high,True,,1470.0,281.9045,2619.0,False,5.768852000073821,14.475037648801274,229.42224073410034,True,ok,"LEVEL HIGH (recorded, never an exclusion here): loaded clock 1710 MHz against the 1470 MHz reference. At a duty cycle below 1.0 a HIGH reading is the experiment working, not a cell to drop.","scripts/clock_elasticity.py: bursts of N back-to-back fused_experts calls under one pinned tile, each call L2-flushed and bracketed by its own pre-primed event pair, the FIRST call of every burst discarded as a drained-queue launch, a host-side idle gap after each burst setting the sustained duty cycle, and the SM clock, board power and memory clock read through NVML with the burst still in flight; NOT timing.TIMING_BASIS; LOCK MODE: the SM clock locked per state with nvidia-smi -lgc F,F and read back per burst, one duty in every state, each measured burst's gap sized from that burst",1710,,,13.0,580.105.08,True,1,161f9ec19347efb7aa64ac4c645c527e0d2b46d6,NVIDIA GH200 480GB,192-222-51-98,"scripts/clock_elasticity.py: bursts of N back-to-back fused_experts calls under one pinned tile, each call L2-flushed and bracketed by its own pre-primed event pair, the FIRST call of every burst discarded as a drained-queue launch, a host-side idle gap after each burst setting the sustained duty cycle, and the SM clock, board power and memory clock read through NVML with the burst still in flight; NOT timing.TIMING_BASIS; LOCK MODE: the SM clock locked per state with nvidia-smi -lgc F,F and read back per burst, one duty in every state, each measured burst's gap sized from that burst",,bandwidth=not supplied by caller; bandwidth_source=not supplied by caller; iters=not supplied by caller; ridge=not supplied by caller; ridge_source=not supplied by caller; sglang=package not installed,1,3.12.14,,,,200.0,2.13.0,3.7.1,2026-09-27T08:00:24+00:00,0.27.1,200.0
0.25,0.24988786955522455,0,8,0,mixtral-8x7b,bf16,32,64,64,4,8,4,5,160,640,13,18,3,2.7924000024795532,2.777631998062134,0.017984964487517376,216,36.51447468333774,108.38372054282081,2.796079993247986,2.7889599800109863,True,1710.0,1710.0,1710.0,1710 1710 1635 1710 1710 1605 1710 1710 1710 1710 1710 1710 1710 1710 1710 1710 1710 1710,18,nvml,False,high,True,,1470.0,293.8265,2619.0,False,4.330359000050521,11.468990932122178,219.50390481948853,True,ok,"LEVEL HIGH (recorded, never an exclusion here): loaded clock 1710 MHz against the 1470 MHz reference. At a duty cycle below 1.0 a HIGH reading is the experiment working, not a cell to drop.","scripts/clock_elasticity.py: bursts of N back-to-back fused_experts calls under one pinned tile, each call L2-flushed and bracketed by its own pre-primed event pair, the FIRST call of every burst discarded as a drained-queue launch, a host-side idle gap after each burst setting the sustained duty cycle, and the SM clock, board power and memory clock read through NVML with the burst still in flight; NOT timing.TIMING_BASIS; LOCK MODE: the SM clock locked per state with nvidia-smi -lgc F,F and read back per burst, one duty in every state, each measured burst's gap sized from that burst",1710,,,13.0,580.105.08,True,1,161f9ec19347efb7aa64ac4c645c527e0d2b46d6,NVIDIA GH200 480GB,192-222-51-98,"scripts/clock_elasticity.py: bursts of N back-to-back fused_experts calls under one pinned tile, each call L2-flushed and bracketed by its own pre-primed event pair, the FIRST call of every burst discarded as a drained-queue launch, a host-side idle gap after each burst setting the sustained duty cycle, and the SM clock, board power and memory clock read through NVML with the burst still in flight; NOT timing.TIMING_BASIS; LOCK MODE: the SM clock locked per state with nvidia-smi -lgc F,F and read back per burst, one duty in every state, each measured burst's gap sized from that burst",,bandwidth=not supplied by caller; bandwidth_source=not supplied by caller; iters=not supplied by caller; ridge=not supplied by caller; ridge_source=not supplied by caller; sglang=package not installed,1,3.12.14,,,,200.0,2.13.0,3.7.1,2026-09-27T08:00:24+00:00,0.27.1,200.0
0.25,0.2498869974242858,0,8,0,mixtral-8x7b,bf16,32,64,64,4,8,4,6,192,768,11,18,3,3.3398560285568237,3.3266239166259766,0.012515264024234871,180,36.947994642787506,109.84055171856744,3.344576060771942,3.339039921760559,True,1710.0,1695.0,1650.0,1695 1710 1710 1710 1710 1710 1710 1710 1710 1710 1710 1710 1710 1710 1710 1680 1710 1650,18,nvml,False,high,True,,1470.0,291.0355,2619.0,False,3.71033799910947,9.906556534976458,221.6040005683899,True,ok,"LEVEL HIGH (recorded, never an exclusion here): loaded clock 1710 MHz against the 1470 MHz reference. At a duty cycle below 1.0 a HIGH reading is the experiment working, not a cell to drop.","scripts/clock_elasticity.py: bursts of N back-to-back fused_experts calls under one pinned tile, each call L2-flushed and bracketed by its own pre-primed event pair, the FIRST call of every burst discarded as a drained-queue launch, a host-side idle gap after each burst setting the sustained duty cycle, and the SM clock, board power and memory clock read through NVML with the burst still in flight; NOT timing.TIMING_BASIS; LOCK MODE: the SM clock locked per state with nvidia-smi -lgc F,F and read back per burst, one duty in every state, each measured burst's gap sized from that burst",1710,,,13.0,580.105.08,True,1,161f9ec19347efb7aa64ac4c645c527e0d2b46d6,NVIDIA GH200 480GB,192-222-51-98,"scripts/clock_elasticity.py: bursts of N back-to-back fused_experts calls under one pinned tile, each call L2-flushed and bracketed by its own pre-primed event pair, the FIRST call of every burst discarded as a drained-queue launch, a host-side idle gap after each burst setting the sustained duty cycle, and the SM clock, board power and memory clock read through NVML with the burst still in flight; NOT timing.TIMING_BASIS; LOCK MODE: the SM clock locked per state with nvidia-smi -lgc F,F and read back per burst, one duty in every state, each measured burst's gap sized from that burst",,bandwidth=not supplied by caller; bandwidth_source=not supplied by caller; iters=not supplied by caller; ridge=not supplied by caller; ridge_source=not supplied by caller; sglang=package not installed,1,3.12.14,,,,200.0,2.13.0,3.7.1,2026-09-27T08:00:24+00:00,0.27.1,200.0
0.25,0.24988816551738746,0,8,0,mixtral-8x7b,bf16,32,64,64,4,8,4,7,224,896,9,18,3,3.8956639766693115,3.8788158893585205,0.017313238261736762,144,35.24960717889998,104.97232908567095,3.9024159908294678,3.894152045249939,True,1710.0,1620.0,1635.0,1620 1710 1710 1710 1710 1680 1710 1710 1710 1710 1710 1710 1590 1710 1710 1710 1710 1635,18,nvml,False,high,True,,1470.0,289.3365,2619.0,False,3.060283999730018,8.223940486401101,211.3293755054474,True,ok,"LEVEL HIGH (recorded, never an exclusion here): loaded clock 1710 MHz against the 1470 MHz reference. At a duty cycle below 1.0 a HIGH reading is the experiment working, not a cell to drop.","scripts/clock_elasticity.py: bursts of N back-to-back fused_experts calls under one pinned tile, each call L2-flushed and bracketed by its own pre-primed event pair, the FIRST call of every burst discarded as a drained-queue launch, a host-side idle gap after each burst setting the sustained duty cycle, and the SM clock, board power and memory clock read through NVML with the burst still in flight; NOT timing.TIMING_BASIS; LOCK MODE: the SM clock locked per state with nvidia-smi -lgc F,F and read back per burst, one duty in every state, each measured burst's gap sized from that burst",1710,,,13.0,580.105.08,True,1,161f9ec19347efb7aa64ac4c645c527e0d2b46d6,NVIDIA GH200 480GB,192-222-51-98,"scripts/clock_elasticity.py: bursts of N back-to-back fused_experts calls under one pinned tile, each call L2-flushed and bracketed by its own pre-primed event pair, the FIRST call of every burst discarded as a drained-queue launch, a host-side idle gap after each burst setting the sustained duty cycle, and the SM clock, board power and memory clock read through NVML with the burst still in flight; NOT timing.TIMING_BASIS; LOCK MODE: the SM clock locked per state with nvidia-smi -lgc F,F and read back per burst, one duty in every state, each measured burst's gap sized from that burst",,bandwidth=not supplied by caller; bandwidth_source=not supplied by caller; iters=not supplied by caller; ridge=not supplied by caller; ridge_source=not supplied by caller; sglang=package not installed,1,3.12.14,,,,200.0,2.13.0,3.7.1,2026-09-27T08:00:24+00:00,0.27.1,200.0
0.25,0.24987190677854956,0,8,0,mixtral-8x7b,bf16,32,64,64,4,8,4,8,256,1024,8,18,3,4.437647819519043,4.425407886505127,0.007698692619630302,126,35.69306124581231,106.34973141231603,4.441695928573608,4.433663845062256,True,1710.0,1680.0,1710.0,1680 1710 1710 1710 1710 1710 1710 1710 1710 1710 1710 1710 1710 1710 1710 1710 1710 1710,18,nvml,False,high,True,,1470.0,281.1345,2619.0,False,2.7812580001409515,7.3185046455978835,213.97926425933838,True,ok,"LEVEL HIGH (recorded, never an exclusion here): loaded clock 1710 MHz against the 1470 MHz reference. At a duty cycle below 1.0 a HIGH reading is the experiment working, not a cell to drop.","scripts/clock_elasticity.py: bursts of N back-to-back fused_experts calls under one pinned tile, each call L2-flushed and bracketed by its own pre-primed event pair, the FIRST call of every burst discarded as a drained-queue launch, a host-side idle gap after each burst setting the sustained duty cycle, and the SM clock, board power and memory clock read through NVML with the burst still in flight; NOT timing.TIMING_BASIS; LOCK MODE: the SM clock locked per state with nvidia-smi -lgc F,F and read back per burst, one duty in every state, each measured burst's gap sized from that burst",1710,,,13.0,580.105.08,True,1,161f9ec19347efb7aa64ac4c645c527e0d2b46d6,NVIDIA GH200 480GB,192-222-51-98,"scripts/clock_elasticity.py: bursts of N back-to-back fused_experts calls under one pinned tile, each call L2-flushed and bracketed by its own pre-primed event pair, the FIRST call of every burst discarded as a drained-queue launch, a host-side idle gap after each burst setting the sustained duty cycle, and the SM clock, board power and memory clock read through NVML with the burst still in flight; NOT timing.TIMING_BASIS; LOCK MODE: the SM clock locked per state with nvidia-smi -lgc F,F and read back per burst, one duty in every state, each measured burst's gap sized from that burst",,bandwidth=not supplied by caller; bandwidth_source=not supplied by caller; iters=not supplied by caller; ridge=not supplied by caller; ridge_source=not supplied by caller; sglang=package not installed,1,3.12.14,,,,200.0,2.13.0,3.7.1,2026-09-27T08:00:24+00:00,0.27.1,200.0
0.25,0.24989681785505954,1,8,1,mixtral-8x7b,bf16,32,64,64,4,8,4,1,32,128,47,18,3,0.8596960008144379,0.8519039750099182,0.0033606772104410516,828,40.572748455736374,117.85366098631494,0.8593440055847168,0.8592800199985504,True,1500.0,1500.0,1500.0,1500 1500 1500 1500 1500 1500 1500 1500 1500 1500 1500 1500 1500 1500 1500 1500 1500 1500,18,nvml,True,,True,,1470.0,245.25900000000001,2619.0,False,14.974008000535832,30.664281287161266,202.7193278670311,True,ok,,"scripts/clock_elasticity.py: bursts of N back-to-back fused_experts calls under one pinned tile, each call L2-flushed and bracketed by its own pre-primed event pair, the FIRST call of every burst discarded as a drained-queue launch, a host-side idle gap after each burst setting the sustained duty cycle, and the SM clock, board power and memory clock read through NVML with the burst still in flight; NOT timing.TIMING_BASIS; LOCK MODE: the SM clock locked per state with nvidia-smi -lgc F,F and read back per burst, one duty in every state, each measured burst's gap sized from that burst",1500,,,13.0,580.105.08,True,1,161f9ec19347efb7aa64ac4c645c527e0d2b46d6,NVIDIA GH200 480GB,192-222-51-98,"scripts/clock_elasticity.py: bursts of N back-to-back fused_experts calls under one pinned tile, each call L2-flushed and bracketed by its own pre-primed event pair, the FIRST call of every burst discarded as a drained-queue launch, a host-side idle gap after each burst setting the sustained duty cycle, and the SM clock, board power and memory clock read through NVML with the burst still in flight; NOT timing.TIMING_BASIS; LOCK MODE: the SM clock locked per state with nvidia-smi -lgc F,F and read back per burst, one duty in every state, each measured burst's gap sized from that burst",,bandwidth=not supplied by caller; bandwidth_source=not supplied by caller; iters=not supplied by caller; ridge=not supplied by caller; ridge_source=not supplied by caller; sglang=package not installed,1,3.12.14,,,,200.0,2.13.0,3.7.1,2026-09-27T08:00:24+00:00,0.27.1,200.0
0.25,0.2498960691203057,1,8,1,mixtral-8x7b,bf16,32,64,64,4,8,4,2,64,256,31,18,3,1.32014399766922,1.3072320222854614,0.005636199608258154,540,41.101813389195335,120.61158815395174,1.3224959969520569,1.3190879821777344,True,1500.0,1500.0,1500.0,1500 1500 1500 1500 1500 1500 1500 1500 1500 1500 1500 1500 1500 1500 1500 1500 1500 1500,18,nvml,True,,True,,1470.0,244.82350000000002,2619.0,False,9.854009500486427,23.435656088424885,205.15760004520416,True,ok,,"scripts/clock_elasticity.py: bursts of N back-to-back fused_experts calls under one pinned tile, each call L2-flushed and bracketed by its own pre-primed event pair, the FIRST call of every burst discarded as a drained-queue launch, a host-side idle gap after each burst setting the sustained duty cycle, and the SM clock, board power and memory clock read through NVML with the burst still in flight; NOT timing.TIMING_BASIS; LOCK MODE: the SM clock locked per state with nvidia-smi -lgc F,F and read back per burst, one duty in every state, each measured burst's gap sized from that burst",1500,,,13.0,580.105.08,True,1,161f9ec19347efb7aa64ac4c645c527e0d2b46d6,NVIDIA GH200 480GB,192-222-51-98,"scripts/clock_elasticity.py: bursts of N back-to-back fused_experts calls under one pinned tile, each call L2-flushed and bracketed by its own pre-primed event pair, the FIRST call of every burst discarded as a drained-queue launch, a host-side idle gap after each burst setting the sustained duty cycle, and the SM clock, board power and memory clock read through NVML with the burst still in flight; NOT timing.TIMING_BASIS; LOCK MODE: the SM clock locked per state with nvidia-smi -lgc F,F and read back per burst, one duty in every state, each measured burst's gap sized from that burst",,bandwidth=not supplied by caller; bandwidth_source=not supplied by caller; iters=not supplied by caller; ridge=not supplied by caller; ridge_source=not supplied by caller; sglang=package not installed,1,3.12.14,,,,200.0,2.13.0,3.7.1,2026-09-27T08:00:24+00:00,0.27.1,200.0
0.25,0.249886957705889,1,8,1,mixtral-8x7b,bf16,32,64,64,4,8,4,3,96,384,20,18,3,1.9452160000801086,1.9311039447784424,0.007357856835843686,342,39.119368897544014,115.70489300695773,1.9513039886951447,1.9430560171604156,True,1500.0,1500.0,1500.0,1500 1500 1500 1500 1500 1500 1500 1500 1500 1500 1500 1500 1500 1500 1500 1500 1500 1500,18,nvml,True,,True,,1470.0,243.964,2619.0,False,6.595020499844395,16.517034756084815,234.6680964231491,True,ok,,"scripts/clock_elasticity.py: bursts of N back-to-back fused_experts calls under one pinned tile, each call L2-flushed and bracketed by its own pre-primed event pair, the FIRST call of every burst discarded as a drained-queue launch, a host-side idle gap after each burst setting the sustained duty cycle, and the SM clock, board power and memory clock read through NVML with the burst still in flight; NOT timing.TIMING_BASIS; LOCK MODE: the SM clock locked per state with nvidia-smi -lgc F,F and read back per burst, one duty in every state, each measured burst's gap sized from that burst",1500,,,13.0,580.105.08,True,1,161f9ec19347efb7aa64ac4c645c527e0d2b46d6,NVIDIA GH200 480GB,192-222-51-98,"scripts/clock_elasticity.py: bursts of N back-to-back fused_experts calls under one pinned tile, each call L2-flushed and bracketed by its own pre-primed event pair, the FIRST call of every burst discarded as a drained-queue launch, a host-side idle gap after each burst setting the sustained duty cycle, and the SM clock, board power and memory clock read through NVML with the burst still in flight; NOT timing.TIMING_BASIS; LOCK MODE: the SM clock locked per state with nvidia-smi -lgc F,F and read back per burst, one duty in every state, each measured burst's gap sized from that burst",,bandwidth=not supplied by caller; bandwidth_source=not supplied by caller; iters=not supplied by caller; ridge=not supplied by caller; ridge_source=not supplied by caller; sglang=package not installed,1,3.12.14,,,,200.0,2.13.0,3.7.1,2026-09-27T08:00:24+00:00,0.27.1,200.0
0.25,0.24990814293987776,1,8,1,mixtral-8x7b,bf16,32,64,64,4,8,4,4,128,512,17,18,3,2.54094398021698,2.5343360900878906,0.007067101969574423,288,43.40519646803538,128.74952810243124,2.542423963546753,2.5382559299468994,True,1500.0,1500.0,1500.0,1500 1500 1500 1500 1500 1500 1500 1500 1500 1500 1500 1500 1500 1500 1500 1500 1500 1500,18,nvml,True,,True,,1470.0,232.309,2619.0,False,5.730995999329025,14.712119211395066,216.89142417907715,True,ok,,"scripts/clock_elasticity.py: bursts of N back-to-back fused_experts calls under one pinned tile, each call L2-flushed and bracketed by its own pre-primed event pair, the FIRST call of every burst discarded as a drained-queue launch, a host-side idle gap after each burst setting the sustained duty cycle, and the SM clock, board power and memory clock read through NVML with the burst still in flight; NOT timing.TIMING_BASIS; LOCK MODE: the SM clock locked per state with nvidia-smi -lgc F,F and read back per burst, one duty in every state, each measured burst's gap sized from that burst",1500,,,13.0,580.105.08,True,1,161f9ec19347efb7aa64ac4c645c527e0d2b46d6,NVIDIA GH200 480GB,192-222-51-98,"scripts/clock_elasticity.py: bursts of N back-to-back fused_experts calls under one pinned tile, each call L2-flushed and bracketed by its own pre-primed event pair, the FIRST call of every burst discarded as a drained-queue launch, a host-side idle gap after each burst setting the sustained duty cycle, and the SM clock, board power and memory clock read through NVML with the burst still in flight; NOT timing.TIMING_BASIS; LOCK MODE: the SM clock locked per state with nvidia-smi -lgc F,F and read back per burst, one duty in every state, each measured burst's gap sized from that burst",,bandwidth=not supplied by caller; bandwidth_source=not supplied by caller; iters=not supplied by caller; ridge=not supplied by caller; ridge_source=not supplied by caller; sglang=package not installed,1,3.12.14,,,,200.0,2.13.0,3.7.1,2026-09-27T08:00:24+00:00,0.27.1,200.0
0.25,0.24990099125801826,1,8,1,mixtral-8x7b,bf16,32,64,64,4,8,4,5,160,640,13,18,3,3.1664479970932007,3.1554880142211914,0.008897938162593926,216,41.39166575007968,123.03617415422924,3.1745439767837524,3.1630879640579224,True,1500.0,1500.0,1500.0,1500 1500 1500 1500 1500 1500 1500 1500 1500 1500 1500 1500 1500 1500 1500 1500 1500 1500,18,nvml,True,,True,,1470.0,240.285,2619.0,False,4.384247999951185,11.5726743611273,206.7530243396759,True,ok,,"scripts/clock_elasticity.py: bursts of N back-to-back fused_experts calls under one pinned tile, each call L2-flushed and bracketed by its own pre-primed event pair, the FIRST call of every burst discarded as a drained-queue launch, a host-side idle gap after each burst setting the sustained duty cycle, and the SM clock, board power and memory clock read through NVML with the burst still in flight; NOT timing.TIMING_BASIS; LOCK MODE: the SM clock locked per state with nvidia-smi -lgc F,F and read back per burst, one duty in every state, each measured burst's gap sized from that burst",1500,,,13.0,580.105.08,True,1,161f9ec19347efb7aa64ac4c645c527e0d2b46d6,NVIDIA GH200 480GB,192-222-51-98,"scripts/clock_elasticity.py: bursts of N back-to-back fused_experts calls under one pinned tile, each call L2-flushed and bracketed by its own pre-primed event pair, the FIRST call of every burst discarded as a drained-queue launch, a host-side idle gap after each burst setting the sustained duty cycle, and the SM clock, board power and memory clock read through NVML with the burst still in flight; NOT timing.TIMING_BASIS; LOCK MODE: the SM clock locked per state with nvidia-smi -lgc F,F and read back per burst, one duty in every state, each measured burst's gap sized from that burst",,bandwidth=not supplied by caller; bandwidth_source=not supplied by caller; iters=not supplied by caller; ridge=not supplied by caller; ridge_source=not supplied by caller; sglang=package not installed,1,3.12.14,,,,200.0,2.13.0,3.7.1,2026-09-27T08:00:24+00:00,0.27.1,200.0
0.25,0.24990697346091179,1,8,1,mixtral-8x7b,bf16,32,64,64,4,8,4,6,192,768,11,18,3,3.7927680015563965,3.7798080444335938,0.009564900210469324,180,41.924144016371834,124.85301825906936,3.800175964832306,3.7864720225334167,True,1500.0,1500.0,1500.0,1500 1500 1500 1500 1500 1500 1500 1500 1500 1500 1500 1500 1500 1500 1500 1500 1500 1500,18,nvml,True,,True,,1470.0,236.3375,2619.0,False,3.8453150000350433,9.998157917991236,209.5283203125,True,ok,,"scripts/clock_elasticity.py: bursts of N back-to-back fused_experts calls under one pinned tile, each call L2-flushed and bracketed by its own pre-primed event pair, the FIRST call of every burst discarded as a drained-queue launch, a host-side idle gap after each burst setting the sustained duty cycle, and the SM clock, board power and memory clock read through NVML with the burst still in flight; NOT timing.TIMING_BASIS; LOCK MODE: the SM clock locked per state with nvidia-smi -lgc F,F and read back per burst, one duty in every state, each measured burst's gap sized from that burst",1500,,,13.0,580.105.08,True,1,161f9ec19347efb7aa64ac4c645c527e0d2b46d6,NVIDIA GH200 480GB,192-222-51-98,"scripts/clock_elasticity.py: bursts of N back-to-back fused_experts calls under one pinned tile, each call L2-flushed and bracketed by its own pre-primed event pair, the FIRST call of every burst discarded as a drained-queue launch, a host-side idle gap after each burst setting the sustained duty cycle, and the SM clock, board power and memory clock read through NVML with the burst still in flight; NOT timing.TIMING_BASIS; LOCK MODE: the SM clock locked per state with nvidia-smi -lgc F,F and read back per burst, one duty in every state, each measured burst's gap sized from that burst",,bandwidth=not supplied by caller; bandwidth_source=not supplied by caller; iters=not supplied by caller; ridge=not supplied by caller; ridge_source=not supplied by caller; sglang=package not installed,1,3.12.14,,,,200.0,2.13.0,3.7.1,2026-09-27T08:00:24+00:00,0.27.1,200.0
0.25,0.2498967753106723,1,8,1,mixtral-8x7b,bf16,32,64,64,4,8,4,7,224,896,9,18,3,4.419408082962036,4.409311771392822,0.011282685992852357,144,39.99642146958245,119.1682374546799,4.425151944160461,4.420151948928833,True,1500.0,1500.0,1500.0,1500 1500 1500 1500 1500 1500 1500 1500 1500 1500 1500 1500 1500 1500 1500 1500 1500 1500,18,nvml,True,,True,,1470.0,233.085,2619.0,False,3.200157500032219,8.221525530015464,200.27820777893066,True,ok,,"scripts/clock_elasticity.py: bursts of N back-to-back fused_experts calls under one pinned tile, each call L2-flushed and bracketed by its own pre-primed event pair, the FIRST call of every burst discarded as a drained-queue launch, a host-side idle gap after each burst setting the sustained duty cycle, and the SM clock, board power and memory clock read through NVML with the burst still in flight; NOT timing.TIMING_BASIS; LOCK MODE: the SM clock locked per state with nvidia-smi -lgc F,F and read back per burst, one duty in every state, each measured burst's gap sized from that burst",1500,,,13.0,580.105.08,True,1,161f9ec19347efb7aa64ac4c645c527e0d2b46d6,NVIDIA GH200 480GB,192-222-51-98,"scripts/clock_elasticity.py: bursts of N back-to-back fused_experts calls under one pinned tile, each call L2-flushed and bracketed by its own pre-primed event pair, the FIRST call of every burst discarded as a drained-queue launch, a host-side idle gap after each burst setting the sustained duty cycle, and the SM clock, board power and memory clock read through NVML with the burst still in flight; NOT timing.TIMING_BASIS; LOCK MODE: the SM clock locked per state with nvidia-smi -lgc F,F and read back per burst, one duty in every state, each measured burst's gap sized from that burst",,bandwidth=not supplied by caller; bandwidth_source=not supplied by caller; iters=not supplied by caller; ridge=not supplied by caller; ridge_source=not supplied by caller; sglang=package not installed,1,3.12.14,,,,200.0,2.13.0,3.7.1,2026-09-27T08:00:24+00:00,0.27.1,200.0
0.25,0.24989727598948577,1,8,1,mixtral-8x7b,bf16,32,64,64,4,8,4,8,256,1024,8,18,3,5.044384002685547,5.034815788269043,0.01235464947723077,126,40.56930825445387,120.97607175524172,5.049055814743042,5.044384002685547,True,1500.0,1500.0,1500.0,1500 1500 1500 1500 1500 1500 1500 1500 1500 1500 1500 1500 1500 1500 1500 1500 1500 1500,18,nvml,True,,True,,1470.0,225.10750000000002,2619.0,False,2.780888999950548,7.400814614275592,203.0237112045288,True,ok,,"scripts/clock_elasticity.py: bursts of N back-to-back fused_experts calls under one pinned tile, each call L2-flushed and bracketed by its own pre-primed event pair, the FIRST call of every burst discarded as a drained-queue launch, a host-side idle gap after each burst setting the sustained duty cycle, and the SM clock, board power and memory clock read through NVML with the burst still in flight; NOT timing.TIMING_BASIS; LOCK MODE: the SM clock locked per state with nvidia-smi -lgc F,F and read back per burst, one duty in every state, each measured burst's gap sized from that burst",1500,,,13.0,580.105.08,True,1,161f9ec19347efb7aa64ac4c645c527e0d2b46d6,NVIDIA GH200 480GB,192-222-51-98,"scripts/clock_elasticity.py: bursts of N back-to-back fused_experts calls under one pinned tile, each call L2-flushed and bracketed by its own pre-primed event pair, the FIRST call of every burst discarded as a drained-queue launch, a host-side idle gap after each burst setting the sustained duty cycle, and the SM clock, board power and memory clock read through NVML with the burst still in flight; NOT timing.TIMING_BASIS; LOCK MODE: the SM clock locked per state with nvidia-smi -lgc F,F and read back per burst, one duty in every state, each measured burst's gap sized from that burst",,bandwidth=not supplied by caller; bandwidth_source=not supplied by caller; iters=not supplied by caller; ridge=not supplied by caller; ridge_source=not supplied by caller; sglang=package not installed,1,3.12.14,,,,200.0,2.13.0,3.7.1,2026-09-27T08:00:24+00:00,0.27.1,200.0
0.25,0.2498963631126485,2,8,2,mixtral-8x7b,bf16,32,64,64,4,8,4,1,32,128,47,18,3,0.865119993686676,0.8564800024032593,0.0031584419453794723,828,40.804887099398506,118.54333741759909,0.865088015794754,0.8650719821453094,True,1410.0,1410.0,1410.0,1410 1410 1410 1410 1410 1410 1410 1410 1410 1410 1410 1410 1410 1410 1410 1410 1410 1410,18,nvml,True,,True,,1470.0,224.43099999999998,2619.0,False,14.641204999861657,30.54895331750892,204.1362556219101,True,ok,,"scripts/clock_elasticity.py: bursts of N back-to-back fused_experts calls under one pinned tile, each call L2-flushed and bracketed by its own pre-primed event pair, the FIRST call of every burst discarded as a drained-queue launch, a host-side idle gap after each burst setting the sustained duty cycle, and the SM clock, board power and memory clock read through NVML with the burst still in flight; NOT timing.TIMING_BASIS; LOCK MODE: the SM clock locked per state with nvidia-smi -lgc F,F and read back per burst, one duty in every state, each measured burst's gap sized from that burst",1410,,,13.0,580.105.08,True,1,161f9ec19347efb7aa64ac4c645c527e0d2b46d6,NVIDIA GH200 480GB,192-222-51-98,"scripts/clock_elasticity.py: bursts of N back-to-back fused_experts calls under one pinned tile, each call L2-flushed and bracketed by its own pre-primed event pair, the FIRST call of every burst discarded as a drained-queue launch, a host-side idle gap after each burst setting the sustained duty cycle, and the SM clock, board power and memory clock read through NVML with the burst still in flight; NOT timing.TIMING_BASIS; LOCK MODE: the SM clock locked per state with nvidia-smi -lgc F,F and read back per burst, one duty in every state, each measured burst's gap sized from that burst",,bandwidth=not supplied by caller; bandwidth_source=not supplied by caller; iters=not supplied by caller; ridge=not supplied by caller; ridge_source=not supplied by caller; sglang=package not installed,1,3.12.14,,,,200.0,2.13.0,3.7.1,2026-09-27T08:00:24+00:00,0.27.1,200.0
0.25,0.24990338457634786,2,8,2,mixtral-8x7b,bf16,32,64,64,4,8,4,2,64,256,31,18,3,1.4060159921646118,1.3911679983139038,0.008989165834898673,540,43.77350577380922,128.47789898328483,1.4084479808807373,1.4016159772872925,True,1410.0,1410.0,1410.0,1410 1410 1410 1410 1410 1410 1410 1410 1410 1410 1410 1410 1410 1410 1410 1410 1410 1410,18,nvml,True,,True,,1470.0,221.188,2619.0,False,9.888889999274397,23.999783025618083,218.60096061229706,True,ok,,"scripts/clock_elasticity.py: bursts of N back-to-back fused_experts calls under one pinned tile, each call L2-flushed and bracketed by its own pre-primed event pair, the FIRST call of every burst discarded as a drained-queue launch, a host-side idle gap after each burst setting the sustained duty cycle, and the SM clock, board power and memory clock read through NVML with the burst still in flight; NOT timing.TIMING_BASIS; LOCK MODE: the SM clock locked per state with nvidia-smi -lgc F,F and read back per burst, one duty in every state, each measured burst's gap sized from that burst",1410,,,13.0,580.105.08,True,1,161f9ec19347efb7aa64ac4c645c527e0d2b46d6,NVIDIA GH200 480GB,192-222-51-98,"scripts/clock_elasticity.py: bursts of N back-to-back fused_experts calls under one pinned tile, each call L2-flushed and bracketed by its own pre-primed event pair, the FIRST call of every burst discarded as a drained-queue launch, a host-side idle gap after each burst setting the sustained duty cycle, and the SM clock, board power and memory clock read through NVML with the burst still in flight; NOT timing.TIMING_BASIS; LOCK MODE: the SM clock locked per state with nvidia-smi -lgc F,F and read back per burst, one duty in every state, each measured burst's gap sized from that burst",,bandwidth=not supplied by caller; bandwidth_source=not supplied by caller; iters=not supplied by caller; ridge=not supplied by caller; ridge_source=not supplied by caller; sglang=package not installed,1,3.12.14,,,,200.0,2.13.0,3.7.1,2026-09-27T08:00:24+00:00,0.27.1,200.0
0.25,0.2498979924653829,2,8,2,mixtral-8x7b,bf16,32,64,64,4,8,4,3,96,384,20,18,3,2.0778400897979736,2.0567359924316406,0.012442514331384344,342,41.741367061932884,123.50045272384158,2.0920559763908386,2.070215940475464,True,1410.0,1410.0,1410.0,1410 1410 1410 1410 1410 1410 1410 1410 1410 1410 1410 1410 1410 1410 1410 1410 1410 1410,18,nvml,True,,True,,1470.0,218.253,2619.0,False,6.418570000278123,16.797535180668767,208.7842571735382,True,ok,,"scripts/clock_elasticity.py: bursts of N back-to-back fused_experts calls under one pinned tile, each call L2-flushed and bracketed by its own pre-primed event pair, the FIRST call of every burst discarded as a drained-queue launch, a host-side idle gap after each burst setting the sustained duty cycle, and the SM clock, board power and memory clock read through NVML with the burst still in flight; NOT timing.TIMING_BASIS; LOCK MODE: the SM clock locked per state with nvidia-smi -lgc F,F and read back per burst, one duty in every state, each measured burst's gap sized from that burst",1410,,,13.0,580.105.08,True,1,161f9ec19347efb7aa64ac4c645c527e0d2b46d6,NVIDIA GH200 480GB,192-222-51-98,"scripts/clock_elasticity.py: bursts of N back-to-back fused_experts calls under one pinned tile, each call L2-flushed and bracketed by its own pre-primed event pair, the FIRST call of every burst discarded as a drained-queue launch, a host-side idle gap after each burst setting the sustained duty cycle, and the SM clock, board power and memory clock read through NVML with the burst still in flight; NOT timing.TIMING_BASIS; LOCK MODE: the SM clock locked per state with nvidia-smi -lgc F,F and read back per burst, one duty in every state, each measured burst's gap sized from that burst",,bandwidth=not supplied by caller; bandwidth_source=not supplied by caller; iters=not supplied by caller; ridge=not supplied by caller; ridge_source=not supplied by caller; sglang=package not installed,1,3.12.14,,,,200.0,2.13.0,3.7.1,2026-09-27T08:00:24+00:00,0.27.1,200.0
0.25,0.24990929332319553,2,8,2,mixtral-8x7b,bf16,32,64,64,4,8,4,4,128,512,17,18,3,2.7019200325012207,2.6968319416046143,0.00815237345091118,288,46.1618062125312,136.97092642803182,2.702959954738617,2.7026079893112183,True,1410.0,1410.0,1410.0,1410 1410 1410 1410 1410 1410 1410 1410 1410 1410 1410 1410 1410 1410 1410 1410 1410 1410,18,nvml,True,,True,,1470.0,197.5085,2619.0,False,5.67531499928009,14.827662437367561,231.26297616958618,True,ok,,"scripts/clock_elasticity.py: bursts of N back-to-back fused_experts calls under one pinned tile, each call L2-flushed and bracketed by its own pre-primed event pair, the FIRST call of every burst discarded as a drained-queue launch, a host-side idle gap after each burst setting the sustained duty cycle, and the SM clock, board power and memory clock read through NVML with the burst still in flight; NOT timing.TIMING_BASIS; LOCK MODE: the SM clock locked per state with nvidia-smi -lgc F,F and read back per burst, one duty in every state, each measured burst's gap sized from that burst",1410,,,13.0,580.105.08,True,1,161f9ec19347efb7aa64ac4c645c527e0d2b46d6,NVIDIA GH200 480GB,192-222-51-98,"scripts/clock_elasticity.py: bursts of N back-to-back fused_experts calls under one pinned tile, each call L2-flushed and bracketed by its own pre-primed event pair, the FIRST call of every burst discarded as a drained-queue launch, a host-side idle gap after each burst setting the sustained duty cycle, and the SM clock, board power and memory clock read through NVML with the burst still in flight; NOT timing.TIMING_BASIS; LOCK MODE: the SM clock locked per state with nvidia-smi -lgc F,F and read back per burst, one duty in every state, each measured burst's gap sized from that burst",,bandwidth=not supplied by caller; bandwidth_source=not supplied by caller; iters=not supplied by caller; ridge=not supplied by caller; ridge_source=not supplied by caller; sglang=package not installed,1,3.12.14,,,,200.0,2.13.0,3.7.1,2026-09-27T08:00:24+00:00,0.27.1,200.0
0.25,0.2499054502568365,2,8,2,mixtral-8x7b,bf16,32,64,64,4,8,4,5,160,640,13,18,3,3.362031936645508,3.3564159870147705,0.008144130061273288,216,43.96661509407891,130.64160623853238,3.3645600080490112,3.360383987426758,True,1410.0,1410.0,1410.0,1410 1410 1410 1410 1410 1410 1410 1410 1410 1410 1410 1410 1410 1410 1410 1410 1410 1410,18,nvml,True,,True,,1470.0,217.57999999999998,2619.0,False,4.4489050005722675,11.642487784615742,219.84790349006653,True,ok,,"scripts/clock_elasticity.py: bursts of N back-to-back fused_experts calls under one pinned tile, each call L2-flushed and bracketed by its own pre-primed event pair, the FIRST call of every burst discarded as a drained-queue launch, a host-side idle gap after each burst setting the sustained duty cycle, and the SM clock, board power and memory clock read through NVML with the burst still in flight; NOT timing.TIMING_BASIS; LOCK MODE: the SM clock locked per state with nvidia-smi -lgc F,F and read back per burst, one duty in every state, each measured burst's gap sized from that burst",1410,,,13.0,580.105.08,True,1,161f9ec19347efb7aa64ac4c645c527e0d2b46d6,NVIDIA GH200 480GB,192-222-51-98,"scripts/clock_elasticity.py: bursts of N back-to-back fused_experts calls under one pinned tile, each call L2-flushed and bracketed by its own pre-primed event pair, the FIRST call of every burst discarded as a drained-queue launch, a host-side idle gap after each burst setting the sustained duty cycle, and the SM clock, board power and memory clock read through NVML with the burst still in flight; NOT timing.TIMING_BASIS; LOCK MODE: the SM clock locked per state with nvidia-smi -lgc F,F and read back per burst, one duty in every state, each measured burst's gap sized from that burst",,bandwidth=not supplied by caller; bandwidth_source=not supplied by caller; iters=not supplied by caller; ridge=not supplied by caller; ridge_source=not supplied by caller; sglang=package not installed,1,3.12.14,,,,200.0,2.13.0,3.7.1,2026-09-27T08:00:24+00:00,0.27.1,200.0
0.25,0.2499072531916774,2,8,2,mixtral-8x7b,bf16,32,64,64,4,8,4,6,192,768,11,18,3,4.024640083312988,4.019455909729004,0.008917433112560656,180,44.51892450120714,132.58944237532705,4.029703974723816,4.0223599672317505,True,1410.0,1410.0,1410.0,1410 1410 1410 1410 1410 1410 1410 1410 1410 1410 1410 1410 1410 1410 1410 1410 1410 1410,18,nvml,True,,True,,1470.0,211.677,2619.0,False,3.6887050000586896,9.947054286107324,222.64854383468628,True,ok,,"scripts/clock_elasticity.py: bursts of N back-to-back fused_experts calls under one pinned tile, each call L2-flushed and bracketed by its own pre-primed event pair, the FIRST call of every burst discarded as a drained-queue launch, a host-side idle gap after each burst setting the sustained duty cycle, and the SM clock, board power and memory clock read through NVML with the burst still in flight; NOT timing.TIMING_BASIS; LOCK MODE: the SM clock locked per state with nvidia-smi -lgc F,F and read back per burst, one duty in every state, each measured burst's gap sized from that burst",1410,,,13.0,580.105.08,True,1,161f9ec19347efb7aa64ac4c645c527e0d2b46d6,NVIDIA GH200 480GB,192-222-51-98,"scripts/clock_elasticity.py: bursts of N back-to-back fused_experts calls under one pinned tile, each call L2-flushed and bracketed by its own pre-primed event pair, the FIRST call of every burst discarded as a drained-queue launch, a host-side idle gap after each burst setting the sustained duty cycle, and the SM clock, board power and memory clock read through NVML with the burst still in flight; NOT timing.TIMING_BASIS; LOCK MODE: the SM clock locked per state with nvidia-smi -lgc F,F and read back per burst, one duty in every state, each measured burst's gap sized from that burst",,bandwidth=not supplied by caller; bandwidth_source=not supplied by caller; iters=not supplied by caller; ridge=not supplied by caller; ridge_source=not supplied by caller; sglang=package not installed,1,3.12.14,,,,200.0,2.13.0,3.7.1,2026-09-27T08:00:24+00:00,0.27.1,200.0
0.25,0.24990596504408644,2,8,2,mixtral-8x7b,bf16,32,64,64,4,8,4,7,224,896,9,18,3,4.693392038345337,4.69052791595459,0.006979387732758452,144,42.426670259899566,126.45861442465683,4.6936880350112915,4.693615913391113,True,1410.0,1410.0,1410.0,1410 1410 1410 1410 1410 1410 1410 1410 1410 1410 1410 1410 1410 1410 1410 1410 1410 1410,18,nvml,True,,True,,1470.0,212.3915,2619.0,False,3.078411999013042,8.34698274541427,212.29420709609985,True,ok,,"scripts/clock_elasticity.py: bursts of N back-to-back fused_experts calls under one pinned tile, each call L2-flushed and bracketed by its own pre-primed event pair, the FIRST call of every burst discarded as a drained-queue launch, a host-side idle gap after each burst setting the sustained duty cycle, and the SM clock, board power and memory clock read through NVML with the burst still in flight; NOT timing.TIMING_BASIS; LOCK MODE: the SM clock locked per state with nvidia-smi -lgc F,F and read back per burst, one duty in every state, each measured burst's gap sized from that burst",1410,,,13.0,580.105.08,True,1,161f9ec19347efb7aa64ac4c645c527e0d2b46d6,NVIDIA GH200 480GB,192-222-51-98,"scripts/clock_elasticity.py: bursts of N back-to-back fused_experts calls under one pinned tile, each call L2-flushed and bracketed by its own pre-primed event pair, the FIRST call of every burst discarded as a drained-queue launch, a host-side idle gap after each burst setting the sustained duty cycle, and the SM clock, board power and memory clock read through NVML with the burst still in flight; NOT timing.TIMING_BASIS; LOCK MODE: the SM clock locked per state with nvidia-smi -lgc F,F and read back per burst, one duty in every state, each measured burst's gap sized from that burst",,bandwidth=not supplied by caller; bandwidth_source=not supplied by caller; iters=not supplied by caller; ridge=not supplied by caller; ridge_source=not supplied by caller; sglang=package not installed,1,3.12.14,,,,200.0,2.13.0,3.7.1,2026-09-27T08:00:24+00:00,0.27.1,200.0
0.25,0.24990456568140662,2,8,2,mixtral-8x7b,bf16,32,64,64,4,8,4,8,256,1024,8,18,3,5.365375995635986,5.353087902069092,0.01387173728999007,126,43.10284275478787,128.48921955564583,5.375040054321289,5.364991903305054,True,1410.0,1410.0,1410.0,1410 1410 1410 1410 1410 1410 1410 1410 1410 1410 1410 1410 1410 1410 1410 1410 1410 1410,18,nvml,True,,True,,1470.0,203.093,2619.0,False,2.7284884999971837,7.494144245201223,215.35689640045166,True,ok,,"scripts/clock_elasticity.py: bursts of N back-to-back fused_experts calls under one pinned tile, each call L2-flushed and bracketed by its own pre-primed event pair, the FIRST call of every burst discarded as a drained-queue launch, a host-side idle gap after each burst setting the sustained duty cycle, and the SM clock, board power and memory clock read through NVML with the burst still in flight; NOT timing.TIMING_BASIS; LOCK MODE: the SM clock locked per state with nvidia-smi -lgc F,F and read back per burst, one duty in every state, each measured burst's gap sized from that burst",1410,,,13.0,580.105.08,True,1,161f9ec19347efb7aa64ac4c645c527e0d2b46d6,NVIDIA GH200 480GB,192-222-51-98,"scripts/clock_elasticity.py: bursts of N back-to-back fused_experts calls under one pinned tile, each call L2-flushed and bracketed by its own pre-primed event pair, the FIRST call of every burst discarded as a drained-queue launch, a host-side idle gap after each burst setting the sustained duty cycle, and the SM clock, board power and memory clock read through NVML with the burst still in flight; NOT timing.TIMING_BASIS; LOCK MODE: the SM clock locked per state with nvidia-smi -lgc F,F and read back per burst, one duty in every state, each measured burst's gap sized from that burst",,bandwidth=not supplied by caller; bandwidth_source=not supplied by caller; iters=not supplied by caller; ridge=not supplied by caller; ridge_source=not supplied by caller; sglang=package not installed,1,3.12.14,,,,200.0,2.13.0,3.7.1,2026-09-27T08:00:24+00:00,0.27.1,200.0
0.25,0.2499026841387712,2,9,0,mixtral-8x7b,bf16,32,64,64,4,8,4,1,32,128,47,18,3,0.8649920225143433,0.8582080006599426,0.0029884795020207705,828,40.816878183020485,118.53589771227418,0.8647200167179108,0.8651039898395538,True,1410.0,1410.0,1410.0,1410 1410 1410 1410 1410 1410 1410 1410 1410 1410 1410 1410 1410 1410 1410 1410 1410 1410,18,nvml,True,,True,,1470.0,224.2935,2619.0,False,15.014712499578309,30.113085555840442,203.92143988609314,True,ok,,"scripts/clock_elasticity.py: bursts of N back-to-back fused_experts calls under one pinned tile, each call L2-flushed and bracketed by its own pre-primed event pair, the FIRST call of every burst discarded as a drained-queue launch, a host-side idle gap after each burst setting the sustained duty cycle, and the SM clock, board power and memory clock read through NVML with the burst still in flight; NOT timing.TIMING_BASIS; LOCK MODE: the SM clock locked per state with nvidia-smi -lgc F,F and read back per burst, one duty in every state, each measured burst's gap sized from that burst",1410,,,13.0,580.105.08,True,1,161f9ec19347efb7aa64ac4c645c527e0d2b46d6,NVIDIA GH200 480GB,192-222-51-98,"scripts/clock_elasticity.py: bursts of N back-to-back fused_experts calls under one pinned tile, each call L2-flushed and bracketed by its own pre-primed event pair, the FIRST call of every burst discarded as a drained-queue launch, a host-side idle gap after each burst setting the sustained duty cycle, and the SM clock, board power and memory clock read through NVML with the burst still in flight; NOT timing.TIMING_BASIS; LOCK MODE: the SM clock locked per state with nvidia-smi -lgc F,F and read back per burst, one duty in every state, each measured burst's gap sized from that burst",,bandwidth=not supplied by caller; bandwidth_source=not supplied by caller; iters=not supplied by caller; ridge=not supplied by caller; ridge_source=not supplied by caller; sglang=package not installed,1,3.12.14,,,,200.0,2.13.0,3.7.1,2026-09-27T08:00:24+00:00,0.27.1,200.0
0.25,0.24990701876472737,2,9,0,mixtral-8x7b,bf16,32,64,64,4,8,4,2,64,256,31,18,3,1.4053279757499695,1.390239953994751,0.00891800545622385,540,43.76470400889715,128.39977225111943,1.403376042842865,1.4050399661064148,True,1410.0,1410.0,1410.0,1410 1410 1410 1410 1410 1410 1410 1410 1410 1410 1410 1410 1410 1410 1410 1410 1410 1410,18,nvml,True,,True,,1470.0,220.90050000000002,2619.0,False,9.92482649962767,24.147178112005367,218.67641592025757,True,ok,,"scripts/clock_elasticity.py: bursts of N back-to-back fused_experts calls under one pinned tile, each call L2-flushed and bracketed by its own pre-primed event pair, the FIRST call of every burst discarded as a drained-queue launch, a host-side idle gap after each burst setting the sustained duty cycle, and the SM clock, board power and memory clock read through NVML with the burst still in flight; NOT timing.TIMING_BASIS; LOCK MODE: the SM clock locked per state with nvidia-smi -lgc F,F and read back per burst, one duty in every state, each measured burst's gap sized from that burst",1410,,,13.0,580.105.08,True,1,161f9ec19347efb7aa64ac4c645c527e0d2b46d6,NVIDIA GH200 480GB,192-222-51-98,"scripts/clock_elasticity.py: bursts of N back-to-back fused_experts calls under one pinned tile, each call L2-flushed and bracketed by its own pre-primed event pair, the FIRST call of every burst discarded as a drained-queue launch, a host-side idle gap after each burst setting the sustained duty cycle, and the SM clock, board power and memory clock read through NVML with the burst still in flight; NOT timing.TIMING_BASIS; LOCK MODE: the SM clock locked per state with nvidia-smi -lgc F,F and read back per burst, one duty in every state, each measured burst's gap sized from that burst",,bandwidth=not supplied by caller; bandwidth_source=not supplied by caller; iters=not supplied by caller; ridge=not supplied by caller; ridge_source=not supplied by caller; sglang=package not installed,1,3.12.14,,,,200.0,2.13.0,3.7.1,2026-09-27T08:00:24+00:00,0.27.1,200.0
0.25,0.2498977963794773,2,9,0,mixtral-8x7b,bf16,32,64,64,4,8,4,3,96,384,20,18,3,2.0800960063934326,2.0570240020751953,0.012819174653995683,342,41.79964609940847,123.69830841210934,2.088872015476227,2.068247973918915,True,1410.0,1410.0,1410.0,1410 1410 1410 1410 1410 1410 1410 1410 1410 1410 1410 1410 1410 1410 1410 1410 1410 1410,18,nvml,True,,True,,1470.0,216.935,2619.0,False,6.516186999760976,16.849538791210453,208.72588801383972,True,ok,,"scripts/clock_elasticity.py: bursts of N back-to-back fused_experts calls under one pinned tile, each call L2-flushed and bracketed by its own pre-primed event pair, the FIRST call of every burst discarded as a drained-queue launch, a host-side idle gap after each burst setting the sustained duty cycle, and the SM clock, board power and memory clock read through NVML with the burst still in flight; NOT timing.TIMING_BASIS; LOCK MODE: the SM clock locked per state with nvidia-smi -lgc F,F and read back per burst, one duty in every state, each measured burst's gap sized from that burst",1410,,,13.0,580.105.08,True,1,161f9ec19347efb7aa64ac4c645c527e0d2b46d6,NVIDIA GH200 480GB,192-222-51-98,"scripts/clock_elasticity.py: bursts of N back-to-back fused_experts calls under one pinned tile, each call L2-flushed and bracketed by its own pre-primed event pair, the FIRST call of every burst discarded as a drained-queue launch, a host-side idle gap after each burst setting the sustained duty cycle, and the SM clock, board power and memory clock read through NVML with the burst still in flight; NOT timing.TIMING_BASIS; LOCK MODE: the SM clock locked per state with nvidia-smi -lgc F,F and read back per burst, one duty in every state, each measured burst's gap sized from that burst",,bandwidth=not supplied by caller; bandwidth_source=not supplied by caller; iters=not supplied by caller; ridge=not supplied by caller; ridge_source=not supplied by caller; sglang=package not installed,1,3.12.14,,,,200.0,2.13.0,3.7.1,2026-09-27T08:00:24+00:00,0.27.1,200.0
0.25,0.2499060174931345,2,9,0,mixtral-8x7b,bf16,32,64,64,4,8,4,4,128,512,17,18,3,2.7024319171905518,2.696608066558838,0.00760478588992666,288,46.20398586326175,137.08248024789646,2.702751934528351,2.701207995414734,True,1410.0,1410.0,1410.0,1410 1410 1410 1410 1410 1410 1410 1410 1410 1410 1410 1410 1410 1410 1410 1410 1410 1410,18,nvml,True,,True,,1470.0,196.9835,2619.0,False,5.858516999978747,14.796417641329903,231.05040001869202,True,ok,,"scripts/clock_elasticity.py: bursts of N back-to-back fused_experts calls under one pinned tile, each call L2-flushed and bracketed by its own pre-primed event pair, the FIRST call of every burst discarded as a drained-queue launch, a host-side idle gap after each burst setting the sustained duty cycle, and the SM clock, board power and memory clock read through NVML with the burst still in flight; NOT timing.TIMING_BASIS; LOCK MODE: the SM clock locked per state with nvidia-smi -lgc F,F and read back per burst, one duty in every state, each measured burst's gap sized from that burst",1410,,,13.0,580.105.08,True,1,161f9ec19347efb7aa64ac4c645c527e0d2b46d6,NVIDIA GH200 480GB,192-222-51-98,"scripts/clock_elasticity.py: bursts of N back-to-back fused_experts calls under one pinned tile, each call L2-flushed and bracketed by its own pre-primed event pair, the FIRST call of every burst discarded as a drained-queue launch, a host-side idle gap after each burst setting the sustained duty cycle, and the SM clock, board power and memory clock read through NVML with the burst still in flight; NOT timing.TIMING_BASIS; LOCK MODE: the SM clock locked per state with nvidia-smi -lgc F,F and read back per burst, one duty in every state, each measured burst's gap sized from that burst",,bandwidth=not supplied by caller; bandwidth_source=not supplied by caller; iters=not supplied by caller; ridge=not supplied by caller; ridge_source=not supplied by caller; sglang=package not installed,1,3.12.14,,,,200.0,2.13.0,3.7.1,2026-09-27T08:00:24+00:00,0.27.1,200.0
0.25,0.24990774914040878,2,9,0,mixtral-8x7b,bf16,32,64,64,4,8,4,5,160,640,13,18,3,3.36409592628479,3.357503890991211,0.009335409460724316,216,43.991935915417145,130.83381325678056,3.377503991127014,3.359247922897339,True,1410.0,1410.0,1410.0,1410 1410 1410 1410 1410 1410 1410 1410 1410 1410 1410 1410 1410 1410 1410 1410 1410 1410,18,nvml,True,,True,,1470.0,216.9315,2619.0,False,4.482153000026301,11.579666437902153,219.7889280319214,True,ok,,"scripts/clock_elasticity.py: bursts of N back-to-back fused_experts calls under one pinned tile, each call L2-flushed and bracketed by its own pre-primed event pair, the FIRST call of every burst discarded as a drained-queue launch, a host-side idle gap after each burst setting the sustained duty cycle, and the SM clock, board power and memory clock read through NVML with the burst still in flight; NOT timing.TIMING_BASIS; LOCK MODE: the SM clock locked per state with nvidia-smi -lgc F,F and read back per burst, one duty in every state, each measured burst's gap sized from that burst",1410,,,13.0,580.105.08,True,1,161f9ec19347efb7aa64ac4c645c527e0d2b46d6,NVIDIA GH200 480GB,192-222-51-98,"scripts/clock_elasticity.py: bursts of N back-to-back fused_experts calls under one pinned tile, each call L2-flushed and bracketed by its own pre-primed event pair, the FIRST call of every burst discarded as a drained-queue launch, a host-side idle gap after each burst setting the sustained duty cycle, and the SM clock, board power and memory clock read through NVML with the burst still in flight; NOT timing.TIMING_BASIS; LOCK MODE: the SM clock locked per state with nvidia-smi -lgc F,F and read back per burst, one duty in every state, each measured burst's gap sized from that burst",,bandwidth=not supplied by caller; bandwidth_source=not supplied by caller; iters=not supplied by caller; ridge=not supplied by caller; ridge_source=not supplied by caller; sglang=package not installed,1,3.12.14,,,,200.0,2.13.0,3.7.1,2026-09-27T08:00:24+00:00,0.27.1,200.0
0.25,0.24990209271399955,2,9,0,mixtral-8x7b,bf16,32,64,64,4,8,4,6,192,768,11,18,3,4.024863958358765,4.018911838531494,0.009628388313192593,180,44.547710233264496,132.66664006112114,4.027544021606445,4.024176001548767,True,1410.0,1410.0,1410.0,1410 1410 1410 1410 1410 1410 1410 1410 1410 1410 1410 1410 1410 1410 1410 1410 1410 1410,18,nvml,True,,True,,1470.0,213.53949999999998,2619.0,False,3.8214590003917692,9.965961638149448,222.52444648742676,True,ok,,"scripts/clock_elasticity.py: bursts of N back-to-back fused_experts calls under one pinned tile, each call L2-flushed and bracketed by its own pre-primed event pair, the FIRST call of every burst discarded as a drained-queue launch, a host-side idle gap after each burst setting the sustained duty cycle, and the SM clock, board power and memory clock read through NVML with the burst still in flight; NOT timing.TIMING_BASIS; LOCK MODE: the SM clock locked per state with nvidia-smi -lgc F,F and read back per burst, one duty in every state, each measured burst's gap sized from that burst",1410,,,13.0,580.105.08,True,1,161f9ec19347efb7aa64ac4c645c527e0d2b46d6,NVIDIA GH200 480GB,192-222-51-98,"scripts/clock_elasticity.py: bursts of N back-to-back fused_experts calls under one pinned tile, each call L2-flushed and bracketed by its own pre-primed event pair, the FIRST call of every burst discarded as a drained-queue launch, a host-side idle gap after each burst setting the sustained duty cycle, and the SM clock, board power and memory clock read through NVML with the burst still in flight; NOT timing.TIMING_BASIS; LOCK MODE: the SM clock locked per state with nvidia-smi -lgc F,F and read back per burst, one duty in every state, each measured burst's gap sized from that burst",,bandwidth=not supplied by caller; bandwidth_source=not supplied by caller; iters=not supplied by caller; ridge=not supplied by caller; ridge_source=not supplied by caller; sglang=package not installed,1,3.12.14,,,,200.0,2.13.0,3.7.1,2026-09-27T08:00:24+00:00,0.27.1,200.0
0.25,0.2499018049946156,2,9,0,mixtral-8x7b,bf16,32,64,64,4,8,4,7,224,896,9,18,3,4.6940319538116455,4.690400123596191,0.006484579940578195,144,42.47588973575168,126.59438930648321,4.694720029830933,4.696048140525818,True,1410.0,1410.0,1410.0,1410 1410 1410 1410 1410 1410 1410 1410 1410 1410 1410 1410 1410 1410 1410 1410 1410 1410,18,nvml,True,,True,,1470.0,211.928,2619.0,False,3.1793090001883684,8.276846424141796,212.26895999908447,True,ok,,"scripts/clock_elasticity.py: bursts of N back-to-back fused_experts calls under one pinned tile, each call L2-flushed and bracketed by its own pre-primed event pair, the FIRST call of every burst discarded as a drained-queue launch, a host-side idle gap after each burst setting the sustained duty cycle, and the SM clock, board power and memory clock read through NVML with the burst still in flight; NOT timing.TIMING_BASIS; LOCK MODE: the SM clock locked per state with nvidia-smi -lgc F,F and read back per burst, one duty in every state, each measured burst's gap sized from that burst",1410,,,13.0,580.105.08,True,1,161f9ec19347efb7aa64ac4c645c527e0d2b46d6,NVIDIA GH200 480GB,192-222-51-98,"scripts/clock_elasticity.py: bursts of N back-to-back fused_experts calls under one pinned tile, each call L2-flushed and bracketed by its own pre-primed event pair, the FIRST call of every burst discarded as a drained-queue launch, a host-side idle gap after each burst setting the sustained duty cycle, and the SM clock, board power and memory clock read through NVML with the burst still in flight; NOT timing.TIMING_BASIS; LOCK MODE: the SM clock locked per state with nvidia-smi -lgc F,F and read back per burst, one duty in every state, each measured burst's gap sized from that burst",,bandwidth=not supplied by caller; bandwidth_source=not supplied by caller; iters=not supplied by caller; ridge=not supplied by caller; ridge_source=not supplied by caller; sglang=package not installed,1,3.12.14,,,,200.0,2.13.0,3.7.1,2026-09-27T08:00:24+00:00,0.27.1,200.0
0.25,0.24990411043612032,2,9,0,mixtral-8x7b,bf16,32,64,64,4,8,4,8,256,1024,8,18,3,5.361583948135376,5.352255821228027,0.013493977877282255,126,43.09783808390299,128.50809689608283,5.361823797225952,5.366016149520874,True,1410.0,1410.0,1410.0,1410 1410 1410 1410 1410 1410 1410 1410 1410 1410 1410 1410 1410 1410 1410 1410 1410 1410,18,nvml,True,,True,,1470.0,202.86950000000002,2619.0,False,2.8273214993532747,7.443537294735485,215.56281661987305,True,ok,,"scripts/clock_elasticity.py: bursts of N back-to-back fused_experts calls under one pinned tile, each call L2-flushed and bracketed by its own pre-primed event pair, the FIRST call of every burst discarded as a drained-queue launch, a host-side idle gap after each burst setting the sustained duty cycle, and the SM clock, board power and memory clock read through NVML with the burst still in flight; NOT timing.TIMING_BASIS; LOCK MODE: the SM clock locked per state with nvidia-smi -lgc F,F and read back per burst, one duty in every state, each measured burst's gap sized from that burst",1410,,,13.0,580.105.08,True,1,161f9ec19347efb7aa64ac4c645c527e0d2b46d6,NVIDIA GH200 480GB,192-222-51-98,"scripts/clock_elasticity.py: bursts of N back-to-back fused_experts calls under one pinned tile, each call L2-flushed and bracketed by its own pre-primed event pair, the FIRST call of every burst discarded as a drained-queue launch, a host-side idle gap after each burst setting the sustained duty cycle, and the SM clock, board power and memory clock read through NVML with the burst still in flight; NOT timing.TIMING_BASIS; LOCK MODE: the SM clock locked per state with nvidia-smi -lgc F,F and read back per burst, one duty in every state, each measured burst's gap sized from that burst",,bandwidth=not supplied by caller; bandwidth_source=not supplied by caller; iters=not supplied by caller; ridge=not supplied by caller; ridge_source=not supplied by caller; sglang=package not installed,1,3.12.14,,,,200.0,2.13.0,3.7.1,2026-09-27T08:00:24+00:00,0.27.1,200.0
0.25,0.2498945095980647,1,9,1,mixtral-8x7b,bf16,32,64,64,4,8,4,1,32,128,47,18,3,0.860480010509491,0.8512319922447205,0.003207261359503762,828,40.61848708656099,118.01694038118148,0.8603839874267578,0.8602719902992249,True,1500.0,1500.0,1500.0,1500 1500 1500 1500 1500 1500 1500 1500 1500 1500 1500 1500 1500 1500 1500 1500 1500 1500,18,nvml,True,,True,,1470.0,245.0555,2619.0,False,14.910310999766807,30.344494531134938,203.159648001194,True,ok,,"scripts/clock_elasticity.py: bursts of N back-to-back fused_experts calls under one pinned tile, each call L2-flushed and bracketed by its own pre-primed event pair, the FIRST call of every burst discarded as a drained-queue launch, a host-side idle gap after each burst setting the sustained duty cycle, and the SM clock, board power and memory clock read through NVML with the burst still in flight; NOT timing.TIMING_BASIS; LOCK MODE: the SM clock locked per state with nvidia-smi -lgc F,F and read back per burst, one duty in every state, each measured burst's gap sized from that burst",1500,,,13.0,580.105.08,True,1,161f9ec19347efb7aa64ac4c645c527e0d2b46d6,NVIDIA GH200 480GB,192-222-51-98,"scripts/clock_elasticity.py: bursts of N back-to-back fused_experts calls under one pinned tile, each call L2-flushed and bracketed by its own pre-primed event pair, the FIRST call of every burst discarded as a drained-queue launch, a host-side idle gap after each burst setting the sustained duty cycle, and the SM clock, board power and memory clock read through NVML with the burst still in flight; NOT timing.TIMING_BASIS; LOCK MODE: the SM clock locked per state with nvidia-smi -lgc F,F and read back per burst, one duty in every state, each measured burst's gap sized from that burst",,bandwidth=not supplied by caller; bandwidth_source=not supplied by caller; iters=not supplied by caller; ridge=not supplied by caller; ridge_source=not supplied by caller; sglang=package not installed,1,3.12.14,,,,200.0,2.13.0,3.7.1,2026-09-27T08:00:24+00:00,0.27.1,200.0
0.25,0.2499019359115134,1,9,1,mixtral-8x7b,bf16,32,64,64,4,8,4,2,64,256,31,18,3,1.3219040036201477,1.3078080415725708,0.006201236700038138,540,41.168074640962814,120.96289735459868,1.3248000144958496,1.3207200169563293,True,1500.0,1500.0,1500.0,1500 1500 1500 1500 1500 1500 1500 1500 1500 1500 1500 1500 1500 1500 1500 1500 1500 1500,18,nvml,True,,True,,1470.0,243.18,2619.0,False,9.911913999530952,23.60135108682201,205.78815984725952,True,ok,,"scripts/clock_elasticity.py: bursts of N back-to-back fused_experts calls under one pinned tile, each call L2-flushed and bracketed by its own pre-primed event pair, the FIRST call of every burst discarded as a drained-queue launch, a host-side idle gap after each burst setting the sustained duty cycle, and the SM clock, board power and memory clock read through NVML with the burst still in flight; NOT timing.TIMING_BASIS; LOCK MODE: the SM clock locked per state with nvidia-smi -lgc F,F and read back per burst, one duty in every state, each measured burst's gap sized from that burst",1500,,,13.0,580.105.08,True,1,161f9ec19347efb7aa64ac4c645c527e0d2b46d6,NVIDIA GH200 480GB,192-222-51-98,"scripts/clock_elasticity.py: bursts of N back-to-back fused_experts calls under one pinned tile, each call L2-flushed and bracketed by its own pre-primed event pair, the FIRST call of every burst discarded as a drained-queue launch, a host-side idle gap after each burst setting the sustained duty cycle, and the SM clock, board power and memory clock read through NVML with the burst still in flight; NOT timing.TIMING_BASIS; LOCK MODE: the SM clock locked per state with nvidia-smi -lgc F,F and read back per burst, one duty in every state, each measured burst's gap sized from that burst",,bandwidth=not supplied by caller; bandwidth_source=not supplied by caller; iters=not supplied by caller; ridge=not supplied by caller; ridge_source=not supplied by caller; sglang=package not installed,1,3.12.14,,,,200.0,2.13.0,3.7.1,2026-09-27T08:00:24+00:00,0.27.1,200.0
0.25,0.2498984003133945,1,9,1,mixtral-8x7b,bf16,32,64,64,4,8,4,3,96,384,20,18,3,1.9482879638671875,1.9337600469589233,0.008274478766147354,342,39.148607989152275,115.78270122854883,1.95209601521492,1.943880021572113,True,1500.0,1500.0,1500.0,1500 1500 1500 1500 1500 1500 1500 1500 1500 1500 1500 1500 1500 1500 1500 1500 1500 1500,18,nvml,True,,True,,1470.0,240.61399999999998,2619.0,False,6.203577000633231,16.762599137858974,235.09712064266205,True,ok,,"scripts/clock_elasticity.py: bursts of N back-to-back fused_experts calls under one pinned tile, each call L2-flushed and bracketed by its own pre-primed event pair, the FIRST call of every burst discarded as a drained-queue launch, a host-side idle gap after each burst setting the sustained duty cycle, and the SM clock, board power and memory clock read through NVML with the burst still in flight; NOT timing.TIMING_BASIS; LOCK MODE: the SM clock locked per state with nvidia-smi -lgc F,F and read back per burst, one duty in every state, each measured burst's gap sized from that burst",1500,,,13.0,580.105.08,True,1,161f9ec19347efb7aa64ac4c645c527e0d2b46d6,NVIDIA GH200 480GB,192-222-51-98,"scripts/clock_elasticity.py: bursts of N back-to-back fused_experts calls under one pinned tile, each call L2-flushed and bracketed by its own pre-primed event pair, the FIRST call of every burst discarded as a drained-queue launch, a host-side idle gap after each burst setting the sustained duty cycle, and the SM clock, board power and memory clock read through NVML with the burst still in flight; NOT timing.TIMING_BASIS; LOCK MODE: the SM clock locked per state with nvidia-smi -lgc F,F and read back per burst, one duty in every state, each measured burst's gap sized from that burst",,bandwidth=not supplied by caller; bandwidth_source=not supplied by caller; iters=not supplied by caller; ridge=not supplied by caller; ridge_source=not supplied by caller; sglang=package not installed,1,3.12.14,,,,200.0,2.13.0,3.7.1,2026-09-27T08:00:24+00:00,0.27.1,200.0
0.25,0.24990386761844322,1,9,1,mixtral-8x7b,bf16,32,64,64,4,8,4,4,128,512,17,18,3,2.5429279804229736,2.534656047821045,0.008463113194251692,288,43.459258675575256,128.89692050177837,2.548896014690399,2.539776027202606,True,1500.0,1500.0,1500.0,1500 1500 1500 1500 1500 1500 1500 1500 1500 1500 1500 1500 1500 1500 1500 1500 1500 1500,18,nvml,True,,True,,1470.0,230.728,2619.0,False,5.728980000640149,14.648924220870159,217.10412645339966,True,ok,,"scripts/clock_elasticity.py: bursts of N back-to-back fused_experts calls under one pinned tile, each call L2-flushed and bracketed by its own pre-primed event pair, the FIRST call of every burst discarded as a drained-queue launch, a host-side idle gap after each burst setting the sustained duty cycle, and the SM clock, board power and memory clock read through NVML with the burst still in flight; NOT timing.TIMING_BASIS; LOCK MODE: the SM clock locked per state with nvidia-smi -lgc F,F and read back per burst, one duty in every state, each measured burst's gap sized from that burst",1500,,,13.0,580.105.08,True,1,161f9ec19347efb7aa64ac4c645c527e0d2b46d6,NVIDIA GH200 480GB,192-222-51-98,"scripts/clock_elasticity.py: bursts of N back-to-back fused_experts calls under one pinned tile, each call L2-flushed and bracketed by its own pre-primed event pair, the FIRST call of every burst discarded as a drained-queue launch, a host-side idle gap after each burst setting the sustained duty cycle, and the SM clock, board power and memory clock read through NVML with the burst still in flight; NOT timing.TIMING_BASIS; LOCK MODE: the SM clock locked per state with nvidia-smi -lgc F,F and read back per burst, one duty in every state, each measured burst's gap sized from that burst",,bandwidth=not supplied by caller; bandwidth_source=not supplied by caller; iters=not supplied by caller; ridge=not supplied by caller; ridge_source=not supplied by caller; sglang=package not installed,1,3.12.14,,,,200.0,2.13.0,3.7.1,2026-09-27T08:00:24+00:00,0.27.1,200.0
0.25,0.24989554984402265,1,9,1,mixtral-8x7b,bf16,32,64,64,4,8,4,5,160,640,13,18,3,3.1675199270248413,3.1566720008850098,0.008320904879100645,216,41.41919284396701,123.17858906870242,3.173919916152954,3.162719964981079,True,1500.0,1500.0,1500.0,1500 1500 1500 1500 1500 1500 1500 1500 1500 1500 1500 1500 1500 1500 1500 1500 1500 1500,18,nvml,True,,True,,1470.0,238.621,2619.0,False,4.521449000094435,11.447077362534149,207.07097482681274,True,ok,,"scripts/clock_elasticity.py: bursts of N back-to-back fused_experts calls under one pinned tile, each call L2-flushed and bracketed by its own pre-primed event pair, the FIRST call of every burst discarded as a drained-queue launch, a host-side idle gap after each burst setting the sustained duty cycle, and the SM clock, board power and memory clock read through NVML with the burst still in flight; NOT timing.TIMING_BASIS; LOCK MODE: the SM clock locked per state with nvidia-smi -lgc F,F and read back per burst, one duty in every state, each measured burst's gap sized from that burst",1500,,,13.0,580.105.08,True,1,161f9ec19347efb7aa64ac4c645c527e0d2b46d6,NVIDIA GH200 480GB,192-222-51-98,"scripts/clock_elasticity.py: bursts of N back-to-back fused_experts calls under one pinned tile, each call L2-flushed and bracketed by its own pre-primed event pair, the FIRST call of every burst discarded as a drained-queue launch, a host-side idle gap after each burst setting the sustained duty cycle, and the SM clock, board power and memory clock read through NVML with the burst still in flight; NOT timing.TIMING_BASIS; LOCK MODE: the SM clock locked per state with nvidia-smi -lgc F,F and read back per burst, one duty in every state, each measured burst's gap sized from that burst",,bandwidth=not supplied by caller; bandwidth_source=not supplied by caller; iters=not supplied by caller; ridge=not supplied by caller; ridge_source=not supplied by caller; sglang=package not installed,1,3.12.14,,,,200.0,2.13.0,3.7.1,2026-09-27T08:00:24+00:00,0.27.1,200.0
0.25,0.2499074096704934,1,9,1,mixtral-8x7b,bf16,32,64,64,4,8,4,6,192,768,11,18,3,3.7915680408477783,3.7794559001922607,0.00874330919426494,180,41.90923194090525,124.79082603976713,3.797528028488159,3.7867760062217712,True,1500.0,1500.0,1500.0,1500 1500 1500 1500 1500 1500 1500 1500 1500 1500 1500 1500 1500 1500 1500 1500 1500 1500,18,nvml,True,,True,,1470.0,234.3145,2619.0,False,3.7191699993854854,9.984972364342047,209.65804886817932,True,ok,,"scripts/clock_elasticity.py: bursts of N back-to-back fused_experts calls under one pinned tile, each call L2-flushed and bracketed by its own pre-primed event pair, the FIRST call of every burst discarded as a drained-queue launch, a host-side idle gap after each burst setting the sustained duty cycle, and the SM clock, board power and memory clock read through NVML with the burst still in flight; NOT timing.TIMING_BASIS; LOCK MODE: the SM clock locked per state with nvidia-smi -lgc F,F and read back per burst, one duty in every state, each measured burst's gap sized from that burst",1500,,,13.0,580.105.08,True,1,161f9ec19347efb7aa64ac4c645c527e0d2b46d6,NVIDIA GH200 480GB,192-222-51-98,"scripts/clock_elasticity.py: bursts of N back-to-back fused_experts calls under one pinned tile, each call L2-flushed and bracketed by its own pre-primed event pair, the FIRST call of every burst discarded as a drained-queue launch, a host-side idle gap after each burst setting the sustained duty cycle, and the SM clock, board power and memory clock read through NVML with the burst still in flight; NOT timing.TIMING_BASIS; LOCK MODE: the SM clock locked per state with nvidia-smi -lgc F,F and read back per burst, one duty in every state, each measured burst's gap sized from that burst",,bandwidth=not supplied by caller; bandwidth_source=not supplied by caller; iters=not supplied by caller; ridge=not supplied by caller; ridge_source=not supplied by caller; sglang=package not installed,1,3.12.14,,,,200.0,2.13.0,3.7.1,2026-09-27T08:00:24+00:00,0.27.1,200.0
0.25,0.24958837065718037,1,9,1,mixtral-8x7b,bf16,32,64,64,4,8,4,7,224,896,9,18,3,4.419839859008789,4.410719871520996,0.01250001572331918,144,40.005479176839195,119.1393573808673,4.4251121282577515,4.416791915893555,True,1500.0,1500.0,1500.0,1500 1500 1500 1500 1500 1500 1500 1500 1500 1500 1500 1500 1500 1500 1500 1500 1500 1500,18,nvml,True,,True,,1470.0,231.20749999999998,2619.0,False,3.174141000272357,8.234612756734801,200.17056274414062,True,ok,,"scripts/clock_elasticity.py: bursts of N back-to-back fused_experts calls under one pinned tile, each call L2-flushed and bracketed by its own pre-primed event pair, the FIRST call of every burst discarded as a drained-queue launch, a host-side idle gap after each burst setting the sustained duty cycle, and the SM clock, board power and memory clock read through NVML with the burst still in flight; NOT timing.TIMING_BASIS; LOCK MODE: the SM clock locked per state with nvidia-smi -lgc F,F and read back per burst, one duty in every state, each measured burst's gap sized from that burst",1500,,,13.0,580.105.08,True,1,161f9ec19347efb7aa64ac4c645c527e0d2b46d6,NVIDIA GH200 480GB,192-222-51-98,"scripts/clock_elasticity.py: bursts of N back-to-back fused_experts calls under one pinned tile, each call L2-flushed and bracketed by its own pre-primed event pair, the FIRST call of every burst discarded as a drained-queue launch, a host-side idle gap after each burst setting the sustained duty cycle, and the SM clock, board power and memory clock read through NVML with the burst still in flight; NOT timing.TIMING_BASIS; LOCK MODE: the SM clock locked per state with nvidia-smi -lgc F,F and read back per burst, one duty in every state, each measured burst's gap sized from that burst",,bandwidth=not supplied by caller; bandwidth_source=not supplied by caller; iters=not supplied by caller; ridge=not supplied by caller; ridge_source=not supplied by caller; sglang=package not installed,1,3.12.14,,,,200.0,2.13.0,3.7.1,2026-09-27T08:00:24+00:00,0.27.1,200.0
0.25,0.2498962578563827,1,9,1,mixtral-8x7b,bf16,32,64,64,4,8,4,8,256,1024,8,18,3,5.046048164367676,5.034751892089844,0.010569198327755453,126,40.551742023891876,120.84104870822921,5.048943996429443,5.044368028640747,True,1500.0,1500.0,1500.0,1500 1500 1500 1500 1500 1500 1500 1500 1500 1500 1500 1500 1500 1500 1500 1500 1500 1500,18,nvml,True,,True,,1470.0,224.26850000000002,2619.0,False,2.734377000706445,7.419335173282996,202.976158618927,True,ok,,"scripts/clock_elasticity.py: bursts of N back-to-back fused_experts calls under one pinned tile, each call L2-flushed and bracketed by its own pre-primed event pair, the FIRST call of every burst discarded as a drained-queue launch, a host-side idle gap after each burst setting the sustained duty cycle, and the SM clock, board power and memory clock read through NVML with the burst still in flight; NOT timing.TIMING_BASIS; LOCK MODE: the SM clock locked per state with nvidia-smi -lgc F,F and read back per burst, one duty in every state, each measured burst's gap sized from that burst",1500,,,13.0,580.105.08,True,1,161f9ec19347efb7aa64ac4c645c527e0d2b46d6,NVIDIA GH200 480GB,192-222-51-98,"scripts/clock_elasticity.py: bursts of N back-to-back fused_experts calls under one pinned tile, each call L2-flushed and bracketed by its own pre-primed event pair, the FIRST call of every burst discarded as a drained-queue launch, a host-side idle gap after each burst setting the sustained duty cycle, and the SM clock, board power and memory clock read through NVML with the burst still in flight; NOT timing.TIMING_BASIS; LOCK MODE: the SM clock locked per state with nvidia-smi -lgc F,F and read back per burst, one duty in every state, each measured burst's gap sized from that burst",,bandwidth=not supplied by caller; bandwidth_source=not supplied by caller; iters=not supplied by caller; ridge=not supplied by caller; ridge_source=not supplied by caller; sglang=package not installed,1,3.12.14,,,,200.0,2.13.0,3.7.1,2026-09-27T08:00:24+00:00,0.27.1,200.0
0.25,0.2499024457815508,0,9,2,mixtral-8x7b,bf16,32,64,64,4,8,4,1,32,128,47,18,3,0.8526559770107269,0.8435519933700562,0.003051338601678427,828,40.22857243484921,116.84025591063255,0.8525440096855164,0.852512001991272,True,1710.0,1710.0,1710.0,1710 1710 1710 1710 1710 1710 1710 1710 1710 1710 1710 1710 1710 1710 1710 1710 1710 1710,18,nvml,False,high,True,,1470.0,274.1485,2619.0,False,14.866087500195135,30.669002461365935,201.03372752666473,True,ok,"LEVEL HIGH (recorded, never an exclusion here): loaded clock 1710 MHz against the 1470 MHz reference. At a duty cycle below 1.0 a HIGH reading is the experiment working, not a cell to drop.","scripts/clock_elasticity.py: bursts of N back-to-back fused_experts calls under one pinned tile, each call L2-flushed and bracketed by its own pre-primed event pair, the FIRST call of every burst discarded as a drained-queue launch, a host-side idle gap after each burst setting the sustained duty cycle, and the SM clock, board power and memory clock read through NVML with the burst still in flight; NOT timing.TIMING_BASIS; LOCK MODE: the SM clock locked per state with nvidia-smi -lgc F,F and read back per burst, one duty in every state, each measured burst's gap sized from that burst",1710,,,13.0,580.105.08,True,1,161f9ec19347efb7aa64ac4c645c527e0d2b46d6,NVIDIA GH200 480GB,192-222-51-98,"scripts/clock_elasticity.py: bursts of N back-to-back fused_experts calls under one pinned tile, each call L2-flushed and bracketed by its own pre-primed event pair, the FIRST call of every burst discarded as a drained-queue launch, a host-side idle gap after each burst setting the sustained duty cycle, and the SM clock, board power and memory clock read through NVML with the burst still in flight; NOT timing.TIMING_BASIS; LOCK MODE: the SM clock locked per state with nvidia-smi -lgc F,F and read back per burst, one duty in every state, each measured burst's gap sized from that burst",,bandwidth=not supplied by caller; bandwidth_source=not supplied by caller; iters=not supplied by caller; ridge=not supplied by caller; ridge_source=not supplied by caller; sglang=package not installed,1,3.12.14,,,,200.0,2.13.0,3.7.1,2026-09-27T08:00:24+00:00,0.27.1,200.0
0.25,0.2498845737085709,0,9,2,mixtral-8x7b,bf16,32,64,64,4,8,4,2,64,256,31,18,3,1.1687999963760376,1.1567039489746094,0.009343836487706694,540,36.46618140406079,106.7953740110388,1.1697759628295898,1.1700639724731445,True,1710.0,1710.0,1710.0,1710 1710 1710 1710 1710 1710 1710 1710 1680 1710 1620 1710 1605 1710 1710 1710 1710 1710,18,nvml,False,high,True,,1470.0,295.5985,2619.0,False,10.018122999099432,22.764462956937436,255.02278435230255,True,ok,"LEVEL HIGH (recorded, never an exclusion here): loaded clock 1710 MHz against the 1470 MHz reference. At a duty cycle below 1.0 a HIGH reading is the experiment working, not a cell to drop.","scripts/clock_elasticity.py: bursts of N back-to-back fused_experts calls under one pinned tile, each call L2-flushed and bracketed by its own pre-primed event pair, the FIRST call of every burst discarded as a drained-queue launch, a host-side idle gap after each burst setting the sustained duty cycle, and the SM clock, board power and memory clock read through NVML with the burst still in flight; NOT timing.TIMING_BASIS; LOCK MODE: the SM clock locked per state with nvidia-smi -lgc F,F and read back per burst, one duty in every state, each measured burst's gap sized from that burst",1710,,,13.0,580.105.08,True,1,161f9ec19347efb7aa64ac4c645c527e0d2b46d6,NVIDIA GH200 480GB,192-222-51-98,"scripts/clock_elasticity.py: bursts of N back-to-back fused_experts calls under one pinned tile, each call L2-flushed and bracketed by its own pre-primed event pair, the FIRST call of every burst discarded as a drained-queue launch, a host-side idle gap after each burst setting the sustained duty cycle, and the SM clock, board power and memory clock read through NVML with the burst still in flight; NOT timing.TIMING_BASIS; LOCK MODE: the SM clock locked per state with nvidia-smi -lgc F,F and read back per burst, one duty in every state, each measured burst's gap sized from that burst",,bandwidth=not supplied by caller; bandwidth_source=not supplied by caller; iters=not supplied by caller; ridge=not supplied by caller; ridge_source=not supplied by caller; sglang=package not installed,1,3.12.14,,,,200.0,2.13.0,3.7.1,2026-09-27T08:00:24+00:00,0.27.1,200.0
0.25,0.24988059029080512,0,9,2,mixtral-8x7b,bf16,32,64,64,4,8,4,3,96,384,20,18,3,1.7266239523887634,1.708672046661377,0.01794138643296775,342,34.789697759681275,102.79894796141889,1.7276880145072937,1.7571359872817993,True,1710.0,1680.0,1695.0,1680 1710 1710 1710 1710 1650 1710 1710 1710 1710 1620 1710 1710 1710 1710 1590 1710 1695,18,nvml,False,high,True,,1470.0,299.203,2619.0,False,6.462330999056576,16.321866566424237,208.63539254665375,True,ok,"LEVEL HIGH (recorded, never an exclusion here): loaded clock 1710 MHz against the 1470 MHz reference. At a duty cycle below 1.0 a HIGH reading is the experiment working, not a cell to drop.","scripts/clock_elasticity.py: bursts of N back-to-back fused_experts calls under one pinned tile, each call L2-flushed and bracketed by its own pre-primed event pair, the FIRST call of every burst discarded as a drained-queue launch, a host-side idle gap after each burst setting the sustained duty cycle, and the SM clock, board power and memory clock read through NVML with the burst still in flight; NOT timing.TIMING_BASIS; LOCK MODE: the SM clock locked per state with nvidia-smi -lgc F,F and read back per burst, one duty in every state, each measured burst's gap sized from that burst",1710,,,13.0,580.105.08,True,1,161f9ec19347efb7aa64ac4c645c527e0d2b46d6,NVIDIA GH200 480GB,192-222-51-98,"scripts/clock_elasticity.py: bursts of N back-to-back fused_experts calls under one pinned tile, each call L2-flushed and bracketed by its own pre-primed event pair, the FIRST call of every burst discarded as a drained-queue launch, a host-side idle gap after each burst setting the sustained duty cycle, and the SM clock, board power and memory clock read through NVML with the burst still in flight; NOT timing.TIMING_BASIS; LOCK MODE: the SM clock locked per state with nvidia-smi -lgc F,F and read back per burst, one duty in every state, each measured burst's gap sized from that burst",,bandwidth=not supplied by caller; bandwidth_source=not supplied by caller; iters=not supplied by caller; ridge=not supplied by caller; ridge_source=not supplied by caller; sglang=package not installed,1,3.12.14,,,,200.0,2.13.0,3.7.1,2026-09-27T08:00:24+00:00,0.27.1,200.0
0.25,0.24989793081582118,0,9,2,mixtral-8x7b,bf16,32,64,64,4,8,4,4,128,512,17,18,3,2.2405920028686523,2.2273919582366943,0.00634116479765865,288,38.27105595005883,113.41383070807933,2.246272027492523,2.237295985221863,True,1710.0,1710.0,1710.0,1710 1710 1710 1710 1710 1710 1710 1680 1710 1710 1710 1710 1710 1710 1710 1710 1710 1710,18,nvml,False,high,True,,1470.0,280.0715,2619.0,False,5.824532999213261,14.474456319449157,229.5394880771637,True,ok,"LEVEL HIGH (recorded, never an exclusion here): loaded clock 1710 MHz against the 1470 MHz reference. At a duty cycle below 1.0 a HIGH reading is the experiment working, not a cell to drop.","scripts/clock_elasticity.py: bursts of N back-to-back fused_experts calls under one pinned tile, each call L2-flushed and bracketed by its own pre-primed event pair, the FIRST call of every burst discarded as a drained-queue launch, a host-side idle gap after each burst setting the sustained duty cycle, and the SM clock, board power and memory clock read through NVML with the burst still in flight; NOT timing.TIMING_BASIS; LOCK MODE: the SM clock locked per state with nvidia-smi -lgc F,F and read back per burst, one duty in every state, each measured burst's gap sized from that burst",1710,,,13.0,580.105.08,True,1,161f9ec19347efb7aa64ac4c645c527e0d2b46d6,NVIDIA GH200 480GB,192-222-51-98,"scripts/clock_elasticity.py: bursts of N back-to-back fused_experts calls under one pinned tile, each call L2-flushed and bracketed by its own pre-primed event pair, the FIRST call of every burst discarded as a drained-queue launch, a host-side idle gap after each burst setting the sustained duty cycle, and the SM clock, board power and memory clock read through NVML with the burst still in flight; NOT timing.TIMING_BASIS; LOCK MODE: the SM clock locked per state with nvidia-smi -lgc F,F and read back per burst, one duty in every state, each measured burst's gap sized from that burst",,bandwidth=not supplied by caller; bandwidth_source=not supplied by caller; iters=not supplied by caller; ridge=not supplied by caller; ridge_source=not supplied by caller; sglang=package not installed,1,3.12.14,,,,200.0,2.13.0,3.7.1,2026-09-27T08:00:24+00:00,0.27.1,200.0
0.25,0.24988531663409874,0,9,2,mixtral-8x7b,bf16,32,64,64,4,8,4,5,160,640,13,18,3,2.7919520139694214,2.7750720977783203,0.017918205664366003,216,36.535409834649826,108.42077846926986,2.797200083732605,2.7918399572372437,True,1710.0,1710.0,1710.0,1710 1710 1710 1635 1710 1590 1710 1680 1710 1710 1710 1710 1710 1710 1710 1710 1635 1710,18,nvml,False,high,True,,1470.0,294.69849999999997,2619.0,False,4.349159999037511,11.335870380405305,219.47142338752747,True,ok,"LEVEL HIGH (recorded, never an exclusion here): loaded clock 1710 MHz against the 1470 MHz reference. At a duty cycle below 1.0 a HIGH reading is the experiment working, not a cell to drop.","scripts/clock_elasticity.py: bursts of N back-to-back fused_experts calls under one pinned tile, each call L2-flushed and bracketed by its own pre-primed event pair, the FIRST call of every burst discarded as a drained-queue launch, a host-side idle gap after each burst setting the sustained duty cycle, and the SM clock, board power and memory clock read through NVML with the burst still in flight; NOT timing.TIMING_BASIS; LOCK MODE: the SM clock locked per state with nvidia-smi -lgc F,F and read back per burst, one duty in every state, each measured burst's gap sized from that burst",1710,,,13.0,580.105.08,True,1,161f9ec19347efb7aa64ac4c645c527e0d2b46d6,NVIDIA GH200 480GB,192-222-51-98,"scripts/clock_elasticity.py: bursts of N back-to-back fused_experts calls under one pinned tile, each call L2-flushed and bracketed by its own pre-primed event pair, the FIRST call of every burst discarded as a drained-queue launch, a host-side idle gap after each burst setting the sustained duty cycle, and the SM clock, board power and memory clock read through NVML with the burst still in flight; NOT timing.TIMING_BASIS; LOCK MODE: the SM clock locked per state with nvidia-smi -lgc F,F and read back per burst, one duty in every state, each measured burst's gap sized from that burst",,bandwidth=not supplied by caller; bandwidth_source=not supplied by caller; iters=not supplied by caller; ridge=not supplied by caller; ridge_source=not supplied by caller; sglang=package not installed,1,3.12.14,,,,200.0,2.13.0,3.7.1,2026-09-27T08:00:24+00:00,0.27.1,200.0
0.25,0.24989100652700644,0,9,2,mixtral-8x7b,bf16,32,64,64,4,8,4,6,192,768,11,18,3,3.338592052459717,3.325279951095581,0.011247158560849634,180,36.948392828305565,109.89237542729825,3.3437039852142334,3.3374159932136536,True,1710.0,1710.0,1635.0,1710 1710 1650 1710 1710 1710 1710 1710 1710 1710 1710 1710 1710 1710 1710 1635 1710 1635,18,nvml,False,high,True,,1470.0,291.108,2619.0,False,3.830162999292952,9.802259835640807,221.75903916358948,True,ok,"LEVEL HIGH (recorded, never an exclusion here): loaded clock 1710 MHz against the 1470 MHz reference. At a duty cycle below 1.0 a HIGH reading is the experiment working, not a cell to drop.","scripts/clock_elasticity.py: bursts of N back-to-back fused_experts calls under one pinned tile, each call L2-flushed and bracketed by its own pre-primed event pair, the FIRST call of every burst discarded as a drained-queue launch, a host-side idle gap after each burst setting the sustained duty cycle, and the SM clock, board power and memory clock read through NVML with the burst still in flight; NOT timing.TIMING_BASIS; LOCK MODE: the SM clock locked per state with nvidia-smi -lgc F,F and read back per burst, one duty in every state, each measured burst's gap sized from that burst",1710,,,13.0,580.105.08,True,1,161f9ec19347efb7aa64ac4c645c527e0d2b46d6,NVIDIA GH200 480GB,192-222-51-98,"scripts/clock_elasticity.py: bursts of N back-to-back fused_experts calls under one pinned tile, each call L2-flushed and bracketed by its own pre-primed event pair, the FIRST call of every burst discarded as a drained-queue launch, a host-side idle gap after each burst setting the sustained duty cycle, and the SM clock, board power and memory clock read through NVML with the burst still in flight; NOT timing.TIMING_BASIS; LOCK MODE: the SM clock locked per state with nvidia-smi -lgc F,F and read back per burst, one duty in every state, each measured burst's gap sized from that burst",,bandwidth=not supplied by caller; bandwidth_source=not supplied by caller; iters=not supplied by caller; ridge=not supplied by caller; ridge_source=not supplied by caller; sglang=package not installed,1,3.12.14,,,,200.0,2.13.0,3.7.1,2026-09-27T08:00:24+00:00,0.27.1,200.0
0.25,0.2498825075401575,0,9,2,mixtral-8x7b,bf16,32,64,64,4,8,4,7,224,896,9,18,3,3.8942880630493164,3.878528118133545,0.015610309219658393,144,35.23778482278188,104.88416778201645,3.8974239826202393,3.8951359391212463,True,1710.0,1620.0,1605.0,1620 1710 1710 1710 1710 1635 1710 1680 1710 1710 1710 1710 1710 1710 1710 1710 1710 1605,18,nvml,False,high,True,,1470.0,281.073,2619.0,False,3.049500000088301,8.162787330078878,211.43449592590332,True,ok,"LEVEL HIGH (recorded, never an exclusion here): loaded clock 1710 MHz against the 1470 MHz reference. At a duty cycle below 1.0 a HIGH reading is the experiment working, not a cell to drop.","scripts/clock_elasticity.py: bursts of N back-to-back fused_experts calls under one pinned tile, each call L2-flushed and bracketed by its own pre-primed event pair, the FIRST call of every burst discarded as a drained-queue launch, a host-side idle gap after each burst setting the sustained duty cycle, and the SM clock, board power and memory clock read through NVML with the burst still in flight; NOT timing.TIMING_BASIS; LOCK MODE: the SM clock locked per state with nvidia-smi -lgc F,F and read back per burst, one duty in every state, each measured burst's gap sized from that burst",1710,,,13.0,580.105.08,True,1,161f9ec19347efb7aa64ac4c645c527e0d2b46d6,NVIDIA GH200 480GB,192-222-51-98,"scripts/clock_elasticity.py: bursts of N back-to-back fused_experts calls under one pinned tile, each call L2-flushed and bracketed by its own pre-primed event pair, the FIRST call of every burst discarded as a drained-queue launch, a host-side idle gap after each burst setting the sustained duty cycle, and the SM clock, board power and memory clock read through NVML with the burst still in flight; NOT timing.TIMING_BASIS; LOCK MODE: the SM clock locked per state with nvidia-smi -lgc F,F and read back per burst, one duty in every state, each measured burst's gap sized from that burst",,bandwidth=not supplied by caller; bandwidth_source=not supplied by caller; iters=not supplied by caller; ridge=not supplied by caller; ridge_source=not supplied by caller; sglang=package not installed,1,3.12.14,,,,200.0,2.13.0,3.7.1,2026-09-27T08:00:24+00:00,0.27.1,200.0
0.25,0.24989028593635731,0,9,2,mixtral-8x7b,bf16,32,64,64,4,8,4,8,256,1024,8,18,3,4.437759876251221,4.427648067474365,0.006920865769900924,126,35.67476095093621,106.31624531104899,4.441087961196899,4.434448003768921,True,1710.0,1710.0,1710.0,1710 1710 1710 1710 1710 1710 1710 1710 1710 1710 1710 1710 1710 1710 1710 1710 1710 1710,18,nvml,False,high,True,,1470.0,281.0285,2619.0,False,2.8109380009482265,7.367048281126663,214.10896110534668,True,ok,"LEVEL HIGH (recorded, never an exclusion here): loaded clock 1710 MHz against the 1470 MHz reference. At a duty cycle below 1.0 a HIGH reading is the experiment working, not a cell to drop.","scripts/clock_elasticity.py: bursts of N back-to-back fused_experts calls under one pinned tile, each call L2-flushed and bracketed by its own pre-primed event pair, the FIRST call of every burst discarded as a drained-queue launch, a host-side idle gap after each burst setting the sustained duty cycle, and the SM clock, board power and memory clock read through NVML with the burst still in flight; NOT timing.TIMING_BASIS; LOCK MODE: the SM clock locked per state with nvidia-smi -lgc F,F and read back per burst, one duty in every state, each measured burst's gap sized from that burst",1710,,,13.0,580.105.08,True,1,161f9ec19347efb7aa64ac4c645c527e0d2b46d6,NVIDIA GH200 480GB,192-222-51-98,"scripts/clock_elasticity.py: bursts of N back-to-back fused_experts calls under one pinned tile, each call L2-flushed and bracketed by its own pre-primed event pair, the FIRST call of every burst discarded as a drained-queue launch, a host-side idle gap after each burst setting the sustained duty cycle, and the SM clock, board power and memory clock read through NVML with the burst still in flight; NOT timing.TIMING_BASIS; LOCK MODE: the SM clock locked per state with nvidia-smi -lgc F,F and read back per burst, one duty in every state, each measured burst's gap sized from that burst",,bandwidth=not supplied by caller; bandwidth_source=not supplied by caller; iters=not supplied by caller; ridge=not supplied by caller; ridge_source=not supplied by caller; sglang=package not installed,1,3.12.14,,,,200.0,2.13.0,3.7.1,2026-09-27T08:00:24+00:00,0.27.1,200.0
0.25,0.24989867243303293,0,10,0,mixtral-8x7b,bf16,32,64,64,4,8,4,1,32,128,47,18,3,0.8534079790115356,0.8437759876251221,0.002991621718025368,828,40.23956619699796,116.93108813118306,0.8534079790115356,0.8532959818840027,True,1710.0,1710.0,1710.0,1710 1710 1710 1710 1710 1710 1710 1710 1710 1710 1710 1710 1710 1710 1710 1710 1710 1710,18,nvml,False,high,True,,1470.0,274.492,2619.0,False,14.477299499958463,31.4540949731498,201.44489639997482,True,ok,"LEVEL HIGH (recorded, never an exclusion here): loaded clock 1710 MHz against the 1470 MHz reference. At a duty cycle below 1.0 a HIGH reading is the experiment working, not a cell to drop.","scripts/clock_elasticity.py: bursts of N back-to-back fused_experts calls under one pinned tile, each call L2-flushed and bracketed by its own pre-primed event pair, the FIRST call of every burst discarded as a drained-queue launch, a host-side idle gap after each burst setting the sustained duty cycle, and the SM clock, board power and memory clock read through NVML with the burst still in flight; NOT timing.TIMING_BASIS; LOCK MODE: the SM clock locked per state with nvidia-smi -lgc F,F and read back per burst, one duty in every state, each measured burst's gap sized from that burst",1710,,,13.0,580.105.08,True,1,161f9ec19347efb7aa64ac4c645c527e0d2b46d6,NVIDIA GH200 480GB,192-222-51-98,"scripts/clock_elasticity.py: bursts of N back-to-back fused_experts calls under one pinned tile, each call L2-flushed and bracketed by its own pre-primed event pair, the FIRST call of every burst discarded as a drained-queue launch, a host-side idle gap after each burst setting the sustained duty cycle, and the SM clock, board power and memory clock read through NVML with the burst still in flight; NOT timing.TIMING_BASIS; LOCK MODE: the SM clock locked per state with nvidia-smi -lgc F,F and read back per burst, one duty in every state, each measured burst's gap sized from that burst",,bandwidth=not supplied by caller; bandwidth_source=not supplied by caller; iters=not supplied by caller; ridge=not supplied by caller; ridge_source=not supplied by caller; sglang=package not installed,1,3.12.14,,,,200.0,2.13.0,3.7.1,2026-09-27T08:00:24+00:00,0.27.1,200.0
0.25,0.24988646649336238,0,10,0,mixtral-8x7b,bf16,32,64,64,4,8,4,2,64,256,31,18,3,1.1711679697036743,1.1607359647750854,0.009010336277719227,540,36.52901686562432,107.08306894583075,1.1714079976081848,1.171999990940094,True,1710.0,1710.0,1680.0,1710 1710 1710 1710 1680 1710 1710 1710 1605 1710 1710 1710 1710 1710 1710 1710 1710 1680,18,nvml,False,high,True,,1470.0,298.3075,2619.0,False,9.958169999663369,22.73738716475706,218.69395196437836,True,ok,"LEVEL HIGH (recorded, never an exclusion here): loaded clock 1710 MHz against the 1470 MHz reference. At a duty cycle below 1.0 a HIGH reading is the experiment working, not a cell to drop.","scripts/clock_elasticity.py: bursts of N back-to-back fused_experts calls under one pinned tile, each call L2-flushed and bracketed by its own pre-primed event pair, the FIRST call of every burst discarded as a drained-queue launch, a host-side idle gap after each burst setting the sustained duty cycle, and the SM clock, board power and memory clock read through NVML with the burst still in flight; NOT timing.TIMING_BASIS; LOCK MODE: the SM clock locked per state with nvidia-smi -lgc F,F and read back per burst, one duty in every state, each measured burst's gap sized from that burst",1710,,,13.0,580.105.08,True,1,161f9ec19347efb7aa64ac4c645c527e0d2b46d6,NVIDIA GH200 480GB,192-222-51-98,"scripts/clock_elasticity.py: bursts of N back-to-back fused_experts calls under one pinned tile, each call L2-flushed and bracketed by its own pre-primed event pair, the FIRST call of every burst discarded as a drained-queue launch, a host-side idle gap after each burst setting the sustained duty cycle, and the SM clock, board power and memory clock read through NVML with the burst still in flight; NOT timing.TIMING_BASIS; LOCK MODE: the SM clock locked per state with nvidia-smi -lgc F,F and read back per burst, one duty in every state, each measured burst's gap sized from that burst",,bandwidth=not supplied by caller; bandwidth_source=not supplied by caller; iters=not supplied by caller; ridge=not supplied by caller; ridge_source=not supplied by caller; sglang=package not installed,1,3.12.14,,,,200.0,2.13.0,3.7.1,2026-09-27T08:00:24+00:00,0.27.1,200.0
0.25,0.24987909744351938,0,10,0,mixtral-8x7b,bf16,32,64,64,4,8,4,3,96,384,20,18,3,1.7310240268707275,1.7119040489196777,0.01571045579518867,342,34.86828266912036,102.91390856570797,1.7318879961967468,1.7625040113925934,True,1710.0,1545.0,1710.0,1545 1710 1710 1710 1710 1710 1710 1710 1680 1710 1710 1710 1710 1665 1710 1650 1710 1710,18,nvml,False,high,False,settling upward,1470.0,290.43899999999996,2619.0,False,6.302985500951763,16.3029744718339,208.42057645320892,True,ok,"LEVEL HIGH (recorded, never an exclusion here): loaded clock 1710 MHz against the 1470 MHz reference. At a duty cycle below 1.0 a HIGH reading is the experiment working, not a cell to drop.; DRIFT failed, settling upward: 1545 -> 1710 MHz over 18 bursts; this cell is EXCLUDED","scripts/clock_elasticity.py: bursts of N back-to-back fused_experts calls under one pinned tile, each call L2-flushed and bracketed by its own pre-primed event pair, the FIRST call of every burst discarded as a drained-queue launch, a host-side idle gap after each burst setting the sustained duty cycle, and the SM clock, board power and memory clock read through NVML with the burst still in flight; NOT timing.TIMING_BASIS; LOCK MODE: the SM clock locked per state with nvidia-smi -lgc F,F and read back per burst, one duty in every state, each measured burst's gap sized from that burst",1710,,,13.0,580.105.08,True,1,161f9ec19347efb7aa64ac4c645c527e0d2b46d6,NVIDIA GH200 480GB,192-222-51-98,"scripts/clock_elasticity.py: bursts of N back-to-back fused_experts calls under one pinned tile, each call L2-flushed and bracketed by its own pre-primed event pair, the FIRST call of every burst discarded as a drained-queue launch, a host-side idle gap after each burst setting the sustained duty cycle, and the SM clock, board power and memory clock read through NVML with the burst still in flight; NOT timing.TIMING_BASIS; LOCK MODE: the SM clock locked per state with nvidia-smi -lgc F,F and read back per burst, one duty in every state, each measured burst's gap sized from that burst",,bandwidth=not supplied by caller; bandwidth_source=not supplied by caller; iters=not supplied by caller; ridge=not supplied by caller; ridge_source=not supplied by caller; sglang=package not installed,1,3.12.14,,,,200.0,2.13.0,3.7.1,2026-09-27T08:00:24+00:00,0.27.1,200.0
0.25,0.24989444063142646,0,10,0,mixtral-8x7b,bf16,32,64,64,4,8,4,4,128,512,17,18,3,2.239199995994568,2.229504108428955,0.006474744568448673,288,38.26521786053976,113.39923879066919,2.24480801820755,2.238367974758148,True,1710.0,1710.0,1710.0,1710 1710 1710 1710 1710 1710 1710 1710 1710 1710 1710 1710 1710 1710 1710 1710 1710 1710,18,nvml,False,high,True,,1470.0,285.10749999999996,2619.0,False,5.655699501403433,14.51429354916406,229.48387241363525,True,ok,"LEVEL HIGH (recorded, never an exclusion here): loaded clock 1710 MHz against the 1470 MHz reference. At a duty cycle below 1.0 a HIGH reading is the experiment working, not a cell to drop.","scripts/clock_elasticity.py: bursts of N back-to-back fused_experts calls under one pinned tile, each call L2-flushed and bracketed by its own pre-primed event pair, the FIRST call of every burst discarded as a drained-queue launch, a host-side idle gap after each burst setting the sustained duty cycle, and the SM clock, board power and memory clock read through NVML with the burst still in flight; NOT timing.TIMING_BASIS; LOCK MODE: the SM clock locked per state with nvidia-smi -lgc F,F and read back per burst, one duty in every state, each measured burst's gap sized from that burst",1710,,,13.0,580.105.08,True,1,161f9ec19347efb7aa64ac4c645c527e0d2b46d6,NVIDIA GH200 480GB,192-222-51-98,"scripts/clock_elasticity.py: bursts of N back-to-back fused_experts calls under one pinned tile, each call L2-flushed and bracketed by its own pre-primed event pair, the FIRST call of every burst discarded as a drained-queue launch, a host-side idle gap after each burst setting the sustained duty cycle, and the SM clock, board power and memory clock read through NVML with the burst still in flight; NOT timing.TIMING_BASIS; LOCK MODE: the SM clock locked per state with nvidia-smi -lgc F,F and read back per burst, one duty in every state, each measured burst's gap sized from that burst",,bandwidth=not supplied by caller; bandwidth_source=not supplied by caller; iters=not supplied by caller; ridge=not supplied by caller; ridge_source=not supplied by caller; sglang=package not installed,1,3.12.14,,,,200.0,2.13.0,3.7.1,2026-09-27T08:00:24+00:00,0.27.1,200.0
0.25,0.2498836447100761,0,10,0,mixtral-8x7b,bf16,32,64,64,4,8,4,5,160,640,13,18,3,2.793519973754883,2.77673602104187,0.02035112259897168,216,36.59093858136071,108.61010555670508,2.7955520153045654,2.791327953338623,True,1710.0,1710.0,1710.0,1710 1710 1710 1575 1710 1710 1710 1710 1710 1710 1710 1710 1710 1710 1635 1710 1590 1710,18,nvml,False,high,True,,1470.0,296.5705,2619.0,False,4.481609000322351,11.296380054046525,219.5363838672638,True,ok,"LEVEL HIGH (recorded, never an exclusion here): loaded clock 1710 MHz against the 1470 MHz reference. At a duty cycle below 1.0 a HIGH reading is the experiment working, not a cell to drop.","scripts/clock_elasticity.py: bursts of N back-to-back fused_experts calls under one pinned tile, each call L2-flushed and bracketed by its own pre-primed event pair, the FIRST call of every burst discarded as a drained-queue launch, a host-side idle gap after each burst setting the sustained duty cycle, and the SM clock, board power and memory clock read through NVML with the burst still in flight; NOT timing.TIMING_BASIS; LOCK MODE: the SM clock locked per state with nvidia-smi -lgc F,F and read back per burst, one duty in every state, each measured burst's gap sized from that burst",1710,,,13.0,580.105.08,True,1,161f9ec19347efb7aa64ac4c645c527e0d2b46d6,NVIDIA GH200 480GB,192-222-51-98,"scripts/clock_elasticity.py: bursts of N back-to-back fused_experts calls under one pinned tile, each call L2-flushed and bracketed by its own pre-primed event pair, the FIRST call of every burst discarded as a drained-queue launch, a host-side idle gap after each burst setting the sustained duty cycle, and the SM clock, board power and memory clock read through NVML with the burst still in flight; NOT timing.TIMING_BASIS; LOCK MODE: the SM clock locked per state with nvidia-smi -lgc F,F and read back per burst, one duty in every state, each measured burst's gap sized from that burst",,bandwidth=not supplied by caller; bandwidth_source=not supplied by caller; iters=not supplied by caller; ridge=not supplied by caller; ridge_source=not supplied by caller; sglang=package not installed,1,3.12.14,,,,200.0,2.13.0,3.7.1,2026-09-27T08:00:24+00:00,0.27.1,200.0
0.25,0.24989070618810036,0,10,0,mixtral-8x7b,bf16,32,64,64,4,8,4,6,192,768,11,18,3,3.3407520055770874,3.326335906982422,0.01541166161157403,180,36.993957334094574,109.94320760131814,3.344319999217987,3.3452959656715393,True,1710.0,1710.0,1635.0,1710 1710 1710 1710 1710 1710 1710 1710 1710 1710 1710 1680 1710 1665 1710 1710 1710 1635,18,nvml,False,high,True,,1470.0,292.0385,2619.0,False,3.703121499711415,9.837735686147187,221.68998336791992,True,ok,"LEVEL HIGH (recorded, never an exclusion here): loaded clock 1710 MHz against the 1470 MHz reference. At a duty cycle below 1.0 a HIGH reading is the experiment working, not a cell to drop.","scripts/clock_elasticity.py: bursts of N back-to-back fused_experts calls under one pinned tile, each call L2-flushed and bracketed by its own pre-primed event pair, the FIRST call of every burst discarded as a drained-queue launch, a host-side idle gap after each burst setting the sustained duty cycle, and the SM clock, board power and memory clock read through NVML with the burst still in flight; NOT timing.TIMING_BASIS; LOCK MODE: the SM clock locked per state with nvidia-smi -lgc F,F and read back per burst, one duty in every state, each measured burst's gap sized from that burst",1710,,,13.0,580.105.08,True,1,161f9ec19347efb7aa64ac4c645c527e0d2b46d6,NVIDIA GH200 480GB,192-222-51-98,"scripts/clock_elasticity.py: bursts of N back-to-back fused_experts calls under one pinned tile, each call L2-flushed and bracketed by its own pre-primed event pair, the FIRST call of every burst discarded as a drained-queue launch, a host-side idle gap after each burst setting the sustained duty cycle, and the SM clock, board power and memory clock read through NVML with the burst still in flight; NOT timing.TIMING_BASIS; LOCK MODE: the SM clock locked per state with nvidia-smi -lgc F,F and read back per burst, one duty in every state, each measured burst's gap sized from that burst",,bandwidth=not supplied by caller; bandwidth_source=not supplied by caller; iters=not supplied by caller; ridge=not supplied by caller; ridge_source=not supplied by caller; sglang=package not installed,1,3.12.14,,,,200.0,2.13.0,3.7.1,2026-09-27T08:00:24+00:00,0.27.1,200.0
0.25,0.24988774893281138,0,10,0,mixtral-8x7b,bf16,32,64,64,4,8,4,7,224,896,9,18,3,3.89736008644104,3.880255937576294,0.013232905527969935,144,35.26557336913215,105.0303757792426,3.900783956050873,3.8986639976501465,True,1710.0,1605.0,1590.0,1605 1710 1710 1710 1710 1620 1710 1710 1710 1710 1680 1710 1710 1710 1710 1710 1710 1590,18,nvml,False,high,True,,1470.0,289.3775,2619.0,False,3.0713559999639983,8.223338005343159,211.47196793556213,True,ok,"LEVEL HIGH (recorded, never an exclusion here): loaded clock 1710 MHz against the 1470 MHz reference. At a duty cycle below 1.0 a HIGH reading is the experiment working, not a cell to drop.","scripts/clock_elasticity.py: bursts of N back-to-back fused_experts calls under one pinned tile, each call L2-flushed and bracketed by its own pre-primed event pair, the FIRST call of every burst discarded as a drained-queue launch, a host-side idle gap after each burst setting the sustained duty cycle, and the SM clock, board power and memory clock read through NVML with the burst still in flight; NOT timing.TIMING_BASIS; LOCK MODE: the SM clock locked per state with nvidia-smi -lgc F,F and read back per burst, one duty in every state, each measured burst's gap sized from that burst",1710,,,13.0,580.105.08,True,1,161f9ec19347efb7aa64ac4c645c527e0d2b46d6,NVIDIA GH200 480GB,192-222-51-98,"scripts/clock_elasticity.py: bursts of N back-to-back fused_experts calls under one pinned tile, each call L2-flushed and bracketed by its own pre-primed event pair, the FIRST call of every burst discarded as a drained-queue launch, a host-side idle gap after each burst setting the sustained duty cycle, and the SM clock, board power and memory clock read through NVML with the burst still in flight; NOT timing.TIMING_BASIS; LOCK MODE: the SM clock locked per state with nvidia-smi -lgc F,F and read back per burst, one duty in every state, each measured burst's gap sized from that burst",,bandwidth=not supplied by caller; bandwidth_source=not supplied by caller; iters=not supplied by caller; ridge=not supplied by caller; ridge_source=not supplied by caller; sglang=package not installed,1,3.12.14,,,,200.0,2.13.0,3.7.1,2026-09-27T08:00:24+00:00,0.27.1,200.0
0.25,0.24988186176515703,0,10,0,mixtral-8x7b,bf16,32,64,64,4,8,4,8,256,1024,8,18,3,4.4394237995147705,4.427328109741211,0.007559623183987363,126,35.68345771895515,106.33519086134038,4.443504095077515,4.4377758502960205,True,1710.0,1710.0,1710.0,1710 1710 1710 1710 1710 1710 1710 1710 1710 1710 1710 1710 1710 1710 1710 1710 1710 1710,18,nvml,False,high,True,,1470.0,278.14099999999996,2619.0,False,2.7114010008517653,7.33603806462426,213.98531246185303,True,ok,"LEVEL HIGH (recorded, never an exclusion here): loaded clock 1710 MHz against the 1470 MHz reference. At a duty cycle below 1.0 a HIGH reading is the experiment working, not a cell to drop.","scripts/clock_elasticity.py: bursts of N back-to-back fused_experts calls under one pinned tile, each call L2-flushed and bracketed by its own pre-primed event pair, the FIRST call of every burst discarded as a drained-queue launch, a host-side idle gap after each burst setting the sustained duty cycle, and the SM clock, board power and memory clock read through NVML with the burst still in flight; NOT timing.TIMING_BASIS; LOCK MODE: the SM clock locked per state with nvidia-smi -lgc F,F and read back per burst, one duty in every state, each measured burst's gap sized from that burst",1710,,,13.0,580.105.08,True,1,161f9ec19347efb7aa64ac4c645c527e0d2b46d6,NVIDIA GH200 480GB,192-222-51-98,"scripts/clock_elasticity.py: bursts of N back-to-back fused_experts calls under one pinned tile, each call L2-flushed and bracketed by its own pre-primed event pair, the FIRST call of every burst discarded as a drained-queue launch, a host-side idle gap after each burst setting the sustained duty cycle, and the SM clock, board power and memory clock read through NVML with the burst still in flight; NOT timing.TIMING_BASIS; LOCK MODE: the SM clock locked per state with nvidia-smi -lgc F,F and read back per burst, one duty in every state, each measured burst's gap sized from that burst",,bandwidth=not supplied by caller; bandwidth_source=not supplied by caller; iters=not supplied by caller; ridge=not supplied by caller; ridge_source=not supplied by caller; sglang=package not installed,1,3.12.14,,,,200.0,2.13.0,3.7.1,2026-09-27T08:00:24+00:00,0.27.1,200.0
0.25,0.24989687849599387,1,10,1,mixtral-8x7b,bf16,32,64,64,4,8,4,1,32,128,47,18,3,0.8594239950180054,0.8496000170707703,0.0032719368177622356,828,40.54219374722905,117.77714928492787,0.8593599796295166,0.8595840036869049,True,1500.0,1500.0,1500.0,1500 1500 1500 1500 1500 1500 1500 1500 1500 1500 1500 1500 1500 1500 1500 1500 1500 1500,18,nvml,True,,True,,1470.0,245.4385,2619.0,False,14.791749999858439,31.05351483539611,202.7995845079422,True,ok,,"scripts/clock_elasticity.py: bursts of N back-to-back fused_experts calls under one pinned tile, each call L2-flushed and bracketed by its own pre-primed event pair, the FIRST call of every burst discarded as a drained-queue launch, a host-side idle gap after each burst setting the sustained duty cycle, and the SM clock, board power and memory clock read through NVML with the burst still in flight; NOT timing.TIMING_BASIS; LOCK MODE: the SM clock locked per state with nvidia-smi -lgc F,F and read back per burst, one duty in every state, each measured burst's gap sized from that burst",1500,,,13.0,580.105.08,True,1,161f9ec19347efb7aa64ac4c645c527e0d2b46d6,NVIDIA GH200 480GB,192-222-51-98,"scripts/clock_elasticity.py: bursts of N back-to-back fused_experts calls under one pinned tile, each call L2-flushed and bracketed by its own pre-primed event pair, the FIRST call of every burst discarded as a drained-queue launch, a host-side idle gap after each burst setting the sustained duty cycle, and the SM clock, board power and memory clock read through NVML with the burst still in flight; NOT timing.TIMING_BASIS; LOCK MODE: the SM clock locked per state with nvidia-smi -lgc F,F and read back per burst, one duty in every state, each measured burst's gap sized from that burst",,bandwidth=not supplied by caller; bandwidth_source=not supplied by caller; iters=not supplied by caller; ridge=not supplied by caller; ridge_source=not supplied by caller; sglang=package not installed,1,3.12.14,,,,200.0,2.13.0,3.7.1,2026-09-27T08:00:24+00:00,0.27.1,200.0
0.25,0.24989730154428008,1,10,1,mixtral-8x7b,bf16,32,64,64,4,8,4,2,64,256,31,18,3,1.3192480206489563,1.3068159818649292,0.005807489668599313,540,41.0778738061587,120.5672839142062,1.3208160400390625,1.3177120089530945,True,1500.0,1500.0,1500.0,1500 1500 1500 1500 1500 1500 1500 1500 1500 1500 1500 1500 1500 1500 1500 1500 1500 1500,18,nvml,True,,True,,1470.0,243.9995,2619.0,False,9.6434795004825,23.878476792028565,205.58003199100494,True,ok,,"scripts/clock_elasticity.py: bursts of N back-to-back fused_experts calls under one pinned tile, each call L2-flushed and bracketed by its own pre-primed event pair, the FIRST call of every burst discarded as a drained-queue launch, a host-side idle gap after each burst setting the sustained duty cycle, and the SM clock, board power and memory clock read through NVML with the burst still in flight; NOT timing.TIMING_BASIS; LOCK MODE: the SM clock locked per state with nvidia-smi -lgc F,F and read back per burst, one duty in every state, each measured burst's gap sized from that burst",1500,,,13.0,580.105.08,True,1,161f9ec19347efb7aa64ac4c645c527e0d2b46d6,NVIDIA GH200 480GB,192-222-51-98,"scripts/clock_elasticity.py: bursts of N back-to-back fused_experts calls under one pinned tile, each call L2-flushed and bracketed by its own pre-primed event pair, the FIRST call of every burst discarded as a drained-queue launch, a host-side idle gap after each burst setting the sustained duty cycle, and the SM clock, board power and memory clock read through NVML with the burst still in flight; NOT timing.TIMING_BASIS; LOCK MODE: the SM clock locked per state with nvidia-smi -lgc F,F and read back per burst, one duty in every state, each measured burst's gap sized from that burst",,bandwidth=not supplied by caller; bandwidth_source=not supplied by caller; iters=not supplied by caller; ridge=not supplied by caller; ridge_source=not supplied by caller; sglang=package not installed,1,3.12.14,,,,200.0,2.13.0,3.7.1,2026-09-27T08:00:24+00:00,0.27.1,200.0
0.25,0.2498978538173274,1,10,1,mixtral-8x7b,bf16,32,64,64,4,8,4,3,96,384,20,18,3,1.946287989616394,1.9309760332107544,0.00863174388678434,342,39.11891375647651,115.62718088072869,1.9521519839763641,1.9442159831523895,True,1500.0,1500.0,1500.0,1500 1500 1500 1500 1500 1500 1500 1500 1500 1500 1500 1500 1500 1500 1500 1500 1500 1500,18,nvml,True,,True,,1470.0,248.0445,2619.0,False,6.641805000072054,16.665402579312612,234.60896003246307,True,ok,,"scripts/clock_elasticity.py: bursts of N back-to-back fused_experts calls under one pinned tile, each call L2-flushed and bracketed by its own pre-primed event pair, the FIRST call of every burst discarded as a drained-queue launch, a host-side idle gap after each burst setting the sustained duty cycle, and the SM clock, board power and memory clock read through NVML with the burst still in flight; NOT timing.TIMING_BASIS; LOCK MODE: the SM clock locked per state with nvidia-smi -lgc F,F and read back per burst, one duty in every state, each measured burst's gap sized from that burst",1500,,,13.0,580.105.08,True,1,161f9ec19347efb7aa64ac4c645c527e0d2b46d6,NVIDIA GH200 480GB,192-222-51-98,"scripts/clock_elasticity.py: bursts of N back-to-back fused_experts calls under one pinned tile, each call L2-flushed and bracketed by its own pre-primed event pair, the FIRST call of every burst discarded as a drained-queue launch, a host-side idle gap after each burst setting the sustained duty cycle, and the SM clock, board power and memory clock read through NVML with the burst still in flight; NOT timing.TIMING_BASIS; LOCK MODE: the SM clock locked per state with nvidia-smi -lgc F,F and read back per burst, one duty in every state, each measured burst's gap sized from that burst",,bandwidth=not supplied by caller; bandwidth_source=not supplied by caller; iters=not supplied by caller; ridge=not supplied by caller; ridge_source=not supplied by caller; sglang=package not installed,1,3.12.14,,,,200.0,2.13.0,3.7.1,2026-09-27T08:00:24+00:00,0.27.1,200.0
0.25,0.249904138118057,1,10,1,mixtral-8x7b,bf16,32,64,64,4,8,4,4,128,512,17,18,3,2.5410720109939575,2.5343360900878906,0.0069535580126832315,288,43.43339007430606,128.87125659688172,2.544863998889923,2.5382399559020996,True,1500.0,1500.0,1500.0,1500 1500 1500 1500 1500 1500 1500 1500 1500 1500 1500 1500 1500 1500 1500 1500 1500 1500,18,nvml,True,,True,,1470.0,232.309,2619.0,False,5.955334000645962,14.604660917656476,217.06838393211365,True,ok,,"scripts/clock_elasticity.py: bursts of N back-to-back fused_experts calls under one pinned tile, each call L2-flushed and bracketed by its own pre-primed event pair, the FIRST call of every burst discarded as a drained-queue launch, a host-side idle gap after each burst setting the sustained duty cycle, and the SM clock, board power and memory clock read through NVML with the burst still in flight; NOT timing.TIMING_BASIS; LOCK MODE: the SM clock locked per state with nvidia-smi -lgc F,F and read back per burst, one duty in every state, each measured burst's gap sized from that burst",1500,,,13.0,580.105.08,True,1,161f9ec19347efb7aa64ac4c645c527e0d2b46d6,NVIDIA GH200 480GB,192-222-51-98,"scripts/clock_elasticity.py: bursts of N back-to-back fused_experts calls under one pinned tile, each call L2-flushed and bracketed by its own pre-primed event pair, the FIRST call of every burst discarded as a drained-queue launch, a host-side idle gap after each burst setting the sustained duty cycle, and the SM clock, board power and memory clock read through NVML with the burst still in flight; NOT timing.TIMING_BASIS; LOCK MODE: the SM clock locked per state with nvidia-smi -lgc F,F and read back per burst, one duty in every state, each measured burst's gap sized from that burst",,bandwidth=not supplied by caller; bandwidth_source=not supplied by caller; iters=not supplied by caller; ridge=not supplied by caller; ridge_source=not supplied by caller; sglang=package not installed,1,3.12.14,,,,200.0,2.13.0,3.7.1,2026-09-27T08:00:24+00:00,0.27.1,200.0
0.25,0.24990001396496495,1,10,1,mixtral-8x7b,bf16,32,64,64,4,8,4,5,160,640,13,18,3,3.1636478900909424,3.155872106552124,0.007625088840004429,216,41.341191106372406,122.8791033521411,3.165135979652405,3.1625438928604126,True,1500.0,1500.0,1500.0,1500 1500 1500 1500 1500 1500 1500 1500 1500 1500 1500 1500 1500 1500 1500 1500 1500 1500,18,nvml,True,,True,,1470.0,240.704,2619.0,False,4.5972580010129604,11.50972870730739,207.06118392944336,True,ok,,"scripts/clock_elasticity.py: bursts of N back-to-back fused_experts calls under one pinned tile, each call L2-flushed and bracketed by its own pre-primed event pair, the FIRST call of every burst discarded as a drained-queue launch, a host-side idle gap after each burst setting the sustained duty cycle, and the SM clock, board power and memory clock read through NVML with the burst still in flight; NOT timing.TIMING_BASIS; LOCK MODE: the SM clock locked per state with nvidia-smi -lgc F,F and read back per burst, one duty in every state, each measured burst's gap sized from that burst",1500,,,13.0,580.105.08,True,1,161f9ec19347efb7aa64ac4c645c527e0d2b46d6,NVIDIA GH200 480GB,192-222-51-98,"scripts/clock_elasticity.py: bursts of N back-to-back fused_experts calls under one pinned tile, each call L2-flushed and bracketed by its own pre-primed event pair, the FIRST call of every burst discarded as a drained-queue launch, a host-side idle gap after each burst setting the sustained duty cycle, and the SM clock, board power and memory clock read through NVML with the burst still in flight; NOT timing.TIMING_BASIS; LOCK MODE: the SM clock locked per state with nvidia-smi -lgc F,F and read back per burst, one duty in every state, each measured burst's gap sized from that burst",,bandwidth=not supplied by caller; bandwidth_source=not supplied by caller; iters=not supplied by caller; ridge=not supplied by caller; ridge_source=not supplied by caller; sglang=package not installed,1,3.12.14,,,,200.0,2.13.0,3.7.1,2026-09-27T08:00:24+00:00,0.27.1,200.0
0.25,0.24989919883120776,1,10,1,mixtral-8x7b,bf16,32,64,64,4,8,4,6,192,768,11,18,3,3.7891520261764526,3.7789440155029297,0.009139781411730677,180,41.906483544243706,124.67089003753792,3.791599988937378,3.7863280177116394,True,1500.0,1500.0,1500.0,1500 1500 1500 1500 1500 1500 1500 1500 1500 1500 1500 1500 1500 1500 1500 1500 1500 1500,18,nvml,True,,True,,1470.0,236.65449999999998,2619.0,False,3.799939000600716,9.950678610769138,209.20937538146973,True,ok,,"scripts/clock_elasticity.py: bursts of N back-to-back fused_experts calls under one pinned tile, each call L2-flushed and bracketed by its own pre-primed event pair, the FIRST call of every burst discarded as a drained-queue launch, a host-side idle gap after each burst setting the sustained duty cycle, and the SM clock, board power and memory clock read through NVML with the burst still in flight; NOT timing.TIMING_BASIS; LOCK MODE: the SM clock locked per state with nvidia-smi -lgc F,F and read back per burst, one duty in every state, each measured burst's gap sized from that burst",1500,,,13.0,580.105.08,True,1,161f9ec19347efb7aa64ac4c645c527e0d2b46d6,NVIDIA GH200 480GB,192-222-51-98,"scripts/clock_elasticity.py: bursts of N back-to-back fused_experts calls under one pinned tile, each call L2-flushed and bracketed by its own pre-primed event pair, the FIRST call of every burst discarded as a drained-queue launch, a host-side idle gap after each burst setting the sustained duty cycle, and the SM clock, board power and memory clock read through NVML with the burst still in flight; NOT timing.TIMING_BASIS; LOCK MODE: the SM clock locked per state with nvidia-smi -lgc F,F and read back per burst, one duty in every state, each measured burst's gap sized from that burst",,bandwidth=not supplied by caller; bandwidth_source=not supplied by caller; iters=not supplied by caller; ridge=not supplied by caller; ridge_source=not supplied by caller; sglang=package not installed,1,3.12.14,,,,200.0,2.13.0,3.7.1,2026-09-27T08:00:24+00:00,0.27.1,200.0
0.25,0.2499044221683115,1,10,1,mixtral-8x7b,bf16,32,64,64,4,8,4,7,224,896,9,18,3,4.422640085220337,4.41161584854126,0.011854620562493109,144,40.01041971312629,119.2634550075527,4.424871921539307,4.421096086502075,True,1500.0,1500.0,1500.0,1500 1500 1500 1500 1500 1500 1500 1500 1500 1500 1500 1500 1500 1500 1500 1500 1500 1500,18,nvml,True,,True,,1470.0,232.977,2619.0,False,3.052427498914767,8.272099059453883,200.1034541130066,True,ok,,"scripts/clock_elasticity.py: bursts of N back-to-back fused_experts calls under one pinned tile, each call L2-flushed and bracketed by its own pre-primed event pair, the FIRST call of every burst discarded as a drained-queue launch, a host-side idle gap after each burst setting the sustained duty cycle, and the SM clock, board power and memory clock read through NVML with the burst still in flight; NOT timing.TIMING_BASIS; LOCK MODE: the SM clock locked per state with nvidia-smi -lgc F,F and read back per burst, one duty in every state, each measured burst's gap sized from that burst",1500,,,13.0,580.105.08,True,1,161f9ec19347efb7aa64ac4c645c527e0d2b46d6,NVIDIA GH200 480GB,192-222-51-98,"scripts/clock_elasticity.py: bursts of N back-to-back fused_experts calls under one pinned tile, each call L2-flushed and bracketed by its own pre-primed event pair, the FIRST call of every burst discarded as a drained-queue launch, a host-side idle gap after each burst setting the sustained duty cycle, and the SM clock, board power and memory clock read through NVML with the burst still in flight; NOT timing.TIMING_BASIS; LOCK MODE: the SM clock locked per state with nvidia-smi -lgc F,F and read back per burst, one duty in every state, each measured burst's gap sized from that burst",,bandwidth=not supplied by caller; bandwidth_source=not supplied by caller; iters=not supplied by caller; ridge=not supplied by caller; ridge_source=not supplied by caller; sglang=package not installed,1,3.12.14,,,,200.0,2.13.0,3.7.1,2026-09-27T08:00:24+00:00,0.27.1,200.0
0.25,0.2499042312314933,1,10,1,mixtral-8x7b,bf16,32,64,64,4,8,4,8,256,1024,8,18,3,5.045744180679321,5.034912109375,0.01240134991933087,126,40.546208222707115,120.83461953433289,5.049360036849976,5.043280124664307,True,1500.0,1500.0,1500.0,1500 1500 1500 1500 1500 1500 1500 1500 1500 1500 1500 1500 1500 1500 1500 1500 1500 1500,18,nvml,True,,True,,1470.0,225.30700000000002,2619.0,False,2.700712499972724,7.43125631155262,202.44121503829956,True,ok,,"scripts/clock_elasticity.py: bursts of N back-to-back fused_experts calls under one pinned tile, each call L2-flushed and bracketed by its own pre-primed event pair, the FIRST call of every burst discarded as a drained-queue launch, a host-side idle gap after each burst setting the sustained duty cycle, and the SM clock, board power and memory clock read through NVML with the burst still in flight; NOT timing.TIMING_BASIS; LOCK MODE: the SM clock locked per state with nvidia-smi -lgc F,F and read back per burst, one duty in every state, each measured burst's gap sized from that burst",1500,,,13.0,580.105.08,True,1,161f9ec19347efb7aa64ac4c645c527e0d2b46d6,NVIDIA GH200 480GB,192-222-51-98,"scripts/clock_elasticity.py: bursts of N back-to-back fused_experts calls under one pinned tile, each call L2-flushed and bracketed by its own pre-primed event pair, the FIRST call of every burst discarded as a drained-queue launch, a host-side idle gap after each burst setting the sustained duty cycle, and the SM clock, board power and memory clock read through NVML with the burst still in flight; NOT timing.TIMING_BASIS; LOCK MODE: the SM clock locked per state with nvidia-smi -lgc F,F and read back per burst, one duty in every state, each measured burst's gap sized from that burst",,bandwidth=not supplied by caller; bandwidth_source=not supplied by caller; iters=not supplied by caller; ridge=not supplied by caller; ridge_source=not supplied by caller; sglang=package not installed,1,3.12.14,,,,200.0,2.13.0,3.7.1,2026-09-27T08:00:24+00:00,0.27.1,200.0
0.25,0.24989620296004253,2,10,2,mixtral-8x7b,bf16,32,64,64,4,8,4,1,32,128,47,18,3,0.8650239706039429,0.8578879833221436,0.0030512269080107766,828,40.82156620422999,118.56410556766788,0.8647040128707886,0.8651840090751648,True,1410.0,1410.0,1410.0,1410 1410 1410 1410 1410 1410 1410 1410 1410 1410 1410 1410 1410 1410 1410 1410 1410 1410,18,nvml,True,,True,,1470.0,224.791,2619.0,False,15.260538499205722,30.61974054895457,204.03987228870392,True,ok,,"scripts/clock_elasticity.py: bursts of N back-to-back fused_experts calls under one pinned tile, each call L2-flushed and bracketed by its own pre-primed event pair, the FIRST call of every burst discarded as a drained-queue launch, a host-side idle gap after each burst setting the sustained duty cycle, and the SM clock, board power and memory clock read through NVML with the burst still in flight; NOT timing.TIMING_BASIS; LOCK MODE: the SM clock locked per state with nvidia-smi -lgc F,F and read back per burst, one duty in every state, each measured burst's gap sized from that burst",1410,,,13.0,580.105.08,True,1,161f9ec19347efb7aa64ac4c645c527e0d2b46d6,NVIDIA GH200 480GB,192-222-51-98,"scripts/clock_elasticity.py: bursts of N back-to-back fused_experts calls under one pinned tile, each call L2-flushed and bracketed by its own pre-primed event pair, the FIRST call of every burst discarded as a drained-queue launch, a host-side idle gap after each burst setting the sustained duty cycle, and the SM clock, board power and memory clock read through NVML with the burst still in flight; NOT timing.TIMING_BASIS; LOCK MODE: the SM clock locked per state with nvidia-smi -lgc F,F and read back per burst, one duty in every state, each measured burst's gap sized from that burst",,bandwidth=not supplied by caller; bandwidth_source=not supplied by caller; iters=not supplied by caller; ridge=not supplied by caller; ridge_source=not supplied by caller; sglang=package not installed,1,3.12.14,,,,200.0,2.13.0,3.7.1,2026-09-27T08:00:24+00:00,0.27.1,200.0
0.25,0.24990278817129322,2,10,2,mixtral-8x7b,bf16,32,64,64,4,8,4,2,64,256,31,18,3,1.4047840237617493,1.3920639753341675,0.007976661864065555,540,43.755742245250275,128.56765971712593,1.4027040004730225,1.4064000248908997,True,1410.0,1410.0,1410.0,1410 1410 1410 1410 1410 1410 1410 1410 1410 1410 1410 1410 1410 1410 1410 1410 1410 1410,18,nvml,True,,True,,1470.0,219.1925,2619.0,False,9.910474499520205,23.610945398392666,219.16463971138,True,ok,,"scripts/clock_elasticity.py: bursts of N back-to-back fused_experts calls under one pinned tile, each call L2-flushed and bracketed by its own pre-primed event pair, the FIRST call of every burst discarded as a drained-queue launch, a host-side idle gap after each burst setting the sustained duty cycle, and the SM clock, board power and memory clock read through NVML with the burst still in flight; NOT timing.TIMING_BASIS; LOCK MODE: the SM clock locked per state with nvidia-smi -lgc F,F and read back per burst, one duty in every state, each measured burst's gap sized from that burst",1410,,,13.0,580.105.08,True,1,161f9ec19347efb7aa64ac4c645c527e0d2b46d6,NVIDIA GH200 480GB,192-222-51-98,"scripts/clock_elasticity.py: bursts of N back-to-back fused_experts calls under one pinned tile, each call L2-flushed and bracketed by its own pre-primed event pair, the FIRST call of every burst discarded as a drained-queue launch, a host-side idle gap after each burst setting the sustained duty cycle, and the SM clock, board power and memory clock read through NVML with the burst still in flight; NOT timing.TIMING_BASIS; LOCK MODE: the SM clock locked per state with nvidia-smi -lgc F,F and read back per burst, one duty in every state, each measured burst's gap sized from that burst",,bandwidth=not supplied by caller; bandwidth_source=not supplied by caller; iters=not supplied by caller; ridge=not supplied by caller; ridge_source=not supplied by caller; sglang=package not installed,1,3.12.14,,,,200.0,2.13.0,3.7.1,2026-09-27T08:00:24+00:00,0.27.1,200.0
0.25,0.24989761995353044,2,10,2,mixtral-8x7b,bf16,32,64,64,4,8,4,3,96,384,20,18,3,2.0778560638427734,2.0548479557037354,0.012610819082639396,342,41.74885870350732,123.55405314193922,2.089128017425537,2.0709120631217957,True,1410.0,1410.0,1410.0,1410 1410 1410 1410 1410 1410 1410 1410 1410 1410 1410 1410 1410 1410 1410 1410 1410 1410,18,nvml,True,,True,,1470.0,217.59449999999998,2619.0,False,6.5558839987716055,16.857408803233316,208.80332803726196,True,ok,,"scripts/clock_elasticity.py: bursts of N back-to-back fused_experts calls under one pinned tile, each call L2-flushed and bracketed by its own pre-primed event pair, the FIRST call of every burst discarded as a drained-queue launch, a host-side idle gap after each burst setting the sustained duty cycle, and the SM clock, board power and memory clock read through NVML with the burst still in flight; NOT timing.TIMING_BASIS; LOCK MODE: the SM clock locked per state with nvidia-smi -lgc F,F and read back per burst, one duty in every state, each measured burst's gap sized from that burst",1410,,,13.0,580.105.08,True,1,161f9ec19347efb7aa64ac4c645c527e0d2b46d6,NVIDIA GH200 480GB,192-222-51-98,"scripts/clock_elasticity.py: bursts of N back-to-back fused_experts calls under one pinned tile, each call L2-flushed and bracketed by its own pre-primed event pair, the FIRST call of every burst discarded as a drained-queue launch, a host-side idle gap after each burst setting the sustained duty cycle, and the SM clock, board power and memory clock read through NVML with the burst still in flight; NOT timing.TIMING_BASIS; LOCK MODE: the SM clock locked per state with nvidia-smi -lgc F,F and read back per burst, one duty in every state, each measured burst's gap sized from that burst",,bandwidth=not supplied by caller; bandwidth_source=not supplied by caller; iters=not supplied by caller; ridge=not supplied by caller; ridge_source=not supplied by caller; sglang=package not installed,1,3.12.14,,,,200.0,2.13.0,3.7.1,2026-09-27T08:00:24+00:00,0.27.1,200.0
0.25,0.2499096315281527,2,10,2,mixtral-8x7b,bf16,32,64,64,4,8,4,4,128,512,17,18,3,2.7015680074691772,2.6965761184692383,0.007186052442002561,288,46.18541328112284,137.06318211861802,2.7058719992637634,2.6990399956703186,True,1410.0,1410.0,1410.0,1410 1410 1410 1410 1410 1410 1410 1410 1410 1410 1410 1410 1410 1410 1410 1410 1410 1410,18,nvml,True,,True,,1470.0,195.0075,2619.0,False,5.8399580002514995,14.803381645376056,230.94140887260437,True,ok,,"scripts/clock_elasticity.py: bursts of N back-to-back fused_experts calls under one pinned tile, each call L2-flushed and bracketed by its own pre-primed event pair, the FIRST call of every burst discarded as a drained-queue launch, a host-side idle gap after each burst setting the sustained duty cycle, and the SM clock, board power and memory clock read through NVML with the burst still in flight; NOT timing.TIMING_BASIS; LOCK MODE: the SM clock locked per state with nvidia-smi -lgc F,F and read back per burst, one duty in every state, each measured burst's gap sized from that burst",1410,,,13.0,580.105.08,True,1,161f9ec19347efb7aa64ac4c645c527e0d2b46d6,NVIDIA GH200 480GB,192-222-51-98,"scripts/clock_elasticity.py: bursts of N back-to-back fused_experts calls under one pinned tile, each call L2-flushed and bracketed by its own pre-primed event pair, the FIRST call of every burst discarded as a drained-queue launch, a host-side idle gap after each burst setting the sustained duty cycle, and the SM clock, board power and memory clock read through NVML with the burst still in flight; NOT timing.TIMING_BASIS; LOCK MODE: the SM clock locked per state with nvidia-smi -lgc F,F and read back per burst, one duty in every state, each measured burst's gap sized from that burst",,bandwidth=not supplied by caller; bandwidth_source=not supplied by caller; iters=not supplied by caller; ridge=not supplied by caller; ridge_source=not supplied by caller; sglang=package not installed,1,3.12.14,,,,200.0,2.13.0,3.7.1,2026-09-27T08:00:24+00:00,0.27.1,200.0
0.25,0.2499024910557838,2,10,2,mixtral-8x7b,bf16,32,64,64,4,8,4,5,160,640,13,18,3,3.36081600189209,3.356127977371216,0.007691897518179018,216,43.9353617562188,130.54792755792732,3.3626880645751953,3.360063910484314,True,1410.0,1410.0,1410.0,1410 1410 1410 1410 1410 1410 1410 1410 1410 1410 1410 1410 1410 1410 1410 1410 1410 1410,18,nvml,True,,True,,1470.0,217.39499999999998,2619.0,False,4.485913000280561,11.574466659570788,220.12195229530334,True,ok,,"scripts/clock_elasticity.py: bursts of N back-to-back fused_experts calls under one pinned tile, each call L2-flushed and bracketed by its own pre-primed event pair, the FIRST call of every burst discarded as a drained-queue launch, a host-side idle gap after each burst setting the sustained duty cycle, and the SM clock, board power and memory clock read through NVML with the burst still in flight; NOT timing.TIMING_BASIS; LOCK MODE: the SM clock locked per state with nvidia-smi -lgc F,F and read back per burst, one duty in every state, each measured burst's gap sized from that burst",1410,,,13.0,580.105.08,True,1,161f9ec19347efb7aa64ac4c645c527e0d2b46d6,NVIDIA GH200 480GB,192-222-51-98,"scripts/clock_elasticity.py: bursts of N back-to-back fused_experts calls under one pinned tile, each call L2-flushed and bracketed by its own pre-primed event pair, the FIRST call of every burst discarded as a drained-queue launch, a host-side idle gap after each burst setting the sustained duty cycle, and the SM clock, board power and memory clock read through NVML with the burst still in flight; NOT timing.TIMING_BASIS; LOCK MODE: the SM clock locked per state with nvidia-smi -lgc F,F and read back per burst, one duty in every state, each measured burst's gap sized from that burst",,bandwidth=not supplied by caller; bandwidth_source=not supplied by caller; iters=not supplied by caller; ridge=not supplied by caller; ridge_source=not supplied by caller; sglang=package not installed,1,3.12.14,,,,200.0,2.13.0,3.7.1,2026-09-27T08:00:24+00:00,0.27.1,200.0
0.25,0.24991021302889901,2,10,2,mixtral-8x7b,bf16,32,64,64,4,8,4,6,192,768,11,18,3,4.026479959487915,4.019392013549805,0.009841069442716321,180,44.51104712486267,132.50798634900275,4.032159924507141,4.02349591255188,True,1410.0,1410.0,1410.0,1410 1410 1410 1410 1410 1410 1410 1410 1410 1410 1410 1410 1410 1410 1410 1410 1410 1410,18,nvml,True,,True,,1470.0,208.5405,2619.0,False,3.717730000062147,9.998277054473176,222.4185585975647,True,ok,,"scripts/clock_elasticity.py: bursts of N back-to-back fused_experts calls under one pinned tile, each call L2-flushed and bracketed by its own pre-primed event pair, the FIRST call of every burst discarded as a drained-queue launch, a host-side idle gap after each burst setting the sustained duty cycle, and the SM clock, board power and memory clock read through NVML with the burst still in flight; NOT timing.TIMING_BASIS; LOCK MODE: the SM clock locked per state with nvidia-smi -lgc F,F and read back per burst, one duty in every state, each measured burst's gap sized from that burst",1410,,,13.0,580.105.08,True,1,161f9ec19347efb7aa64ac4c645c527e0d2b46d6,NVIDIA GH200 480GB,192-222-51-98,"scripts/clock_elasticity.py: bursts of N back-to-back fused_experts calls under one pinned tile, each call L2-flushed and bracketed by its own pre-primed event pair, the FIRST call of every burst discarded as a drained-queue launch, a host-side idle gap after each burst setting the sustained duty cycle, and the SM clock, board power and memory clock read through NVML with the burst still in flight; NOT timing.TIMING_BASIS; LOCK MODE: the SM clock locked per state with nvidia-smi -lgc F,F and read back per burst, one duty in every state, each measured burst's gap sized from that burst",,bandwidth=not supplied by caller; bandwidth_source=not supplied by caller; iters=not supplied by caller; ridge=not supplied by caller; ridge_source=not supplied by caller; sglang=package not installed,1,3.12.14,,,,200.0,2.13.0,3.7.1,2026-09-27T08:00:24+00:00,0.27.1,200.0
0.25,0.24990339621960514,2,10,2,mixtral-8x7b,bf16,32,64,64,4,8,4,7,224,896,9,18,3,4.6961281299591064,4.690911769866943,0.007991372661364347,144,42.47548977533976,126.63845619161293,4.707008004188538,4.693304181098938,True,1410.0,1410.0,1410.0,1410 1410 1410 1410 1410 1410 1410 1410 1410 1410 1410 1410 1410 1410 1410 1410 1410 1410,18,nvml,True,,True,,1470.0,210.6135,2619.0,False,3.0169400006343494,8.358242484445173,212.34665536880493,True,ok,,"scripts/clock_elasticity.py: bursts of N back-to-back fused_experts calls under one pinned tile, each call L2-flushed and bracketed by its own pre-primed event pair, the FIRST call of every burst discarded as a drained-queue launch, a host-side idle gap after each burst setting the sustained duty cycle, and the SM clock, board power and memory clock read through NVML with the burst still in flight; NOT timing.TIMING_BASIS; LOCK MODE: the SM clock locked per state with nvidia-smi -lgc F,F and read back per burst, one duty in every state, each measured burst's gap sized from that burst",1410,,,13.0,580.105.08,True,1,161f9ec19347efb7aa64ac4c645c527e0d2b46d6,NVIDIA GH200 480GB,192-222-51-98,"scripts/clock_elasticity.py: bursts of N back-to-back fused_experts calls under one pinned tile, each call L2-flushed and bracketed by its own pre-primed event pair, the FIRST call of every burst discarded as a drained-queue launch, a host-side idle gap after each burst setting the sustained duty cycle, and the SM clock, board power and memory clock read through NVML with the burst still in flight; NOT timing.TIMING_BASIS; LOCK MODE: the SM clock locked per state with nvidia-smi -lgc F,F and read back per burst, one duty in every state, each measured burst's gap sized from that burst",,bandwidth=not supplied by caller; bandwidth_source=not supplied by caller; iters=not supplied by caller; ridge=not supplied by caller; ridge_source=not supplied by caller; sglang=package not installed,1,3.12.14,,,,200.0,2.13.0,3.7.1,2026-09-27T08:00:24+00:00,0.27.1,200.0
0.25,0.24990136611930294,2,10,2,mixtral-8x7b,bf16,32,64,64,4,8,4,8,256,1024,8,18,3,5.367120027542114,5.352096080780029,0.013951597846870565,126,43.14206756485833,128.79073621410498,5.375407934188843,5.366176128387451,True,1410.0,1410.0,1410.0,1410 1410 1410 1410 1410 1410 1410 1410 1410 1410 1410 1410 1410 1410 1410 1410 1410 1410,18,nvml,True,,True,,1470.0,202.8675,2619.0,False,2.697177000300144,7.453664605656588,215.68732833862305,True,ok,,"scripts/clock_elasticity.py: bursts of N back-to-back fused_experts calls under one pinned tile, each call L2-flushed and bracketed by its own pre-primed event pair, the FIRST call of every burst discarded as a drained-queue launch, a host-side idle gap after each burst setting the sustained duty cycle, and the SM clock, board power and memory clock read through NVML with the burst still in flight; NOT timing.TIMING_BASIS; LOCK MODE: the SM clock locked per state with nvidia-smi -lgc F,F and read back per burst, one duty in every state, each measured burst's gap sized from that burst",1410,,,13.0,580.105.08,True,1,161f9ec19347efb7aa64ac4c645c527e0d2b46d6,NVIDIA GH200 480GB,192-222-51-98,"scripts/clock_elasticity.py: bursts of N back-to-back fused_experts calls under one pinned tile, each call L2-flushed and bracketed by its own pre-primed event pair, the FIRST call of every burst discarded as a drained-queue launch, a host-side idle gap after each burst setting the sustained duty cycle, and the SM clock, board power and memory clock read through NVML with the burst still in flight; NOT timing.TIMING_BASIS; LOCK MODE: the SM clock locked per state with nvidia-smi -lgc F,F and read back per burst, one duty in every state, each measured burst's gap sized from that burst",,bandwidth=not supplied by caller; bandwidth_source=not supplied by caller; iters=not supplied by caller; ridge=not supplied by caller; ridge_source=not supplied by caller; sglang=package not installed,1,3.12.14,,,,200.0,2.13.0,3.7.1,2026-09-27T08:00:24+00:00,0.27.1,200.0
0.25,0.24989485567562558,2,11,0,mixtral-8x7b,bf16,32,64,64,4,8,4,1,32,128,47,18,3,0.8650239706039429,0.8572160005569458,0.0029337481861020603,828,40.834970692793526,118.59340155239624,0.8650560081005096,0.8648639917373657,True,1410.0,1410.0,1410.0,1410 1410 1410 1410 1410 1410 1410 1410 1410 1410 1410 1410 1410 1410 1410 1410 1410 1410,18,nvml,True,,True,,1470.0,223.526,2619.0,False,15.177961999143008,30.507654444543732,204.01366341114044,True,ok,,"scripts/clock_elasticity.py: bursts of N back-to-back fused_experts calls under one pinned tile, each call L2-flushed and bracketed by its own pre-primed event pair, the FIRST call of every burst discarded as a drained-queue launch, a host-side idle gap after each burst setting the sustained duty cycle, and the SM clock, board power and memory clock read through NVML with the burst still in flight; NOT timing.TIMING_BASIS; LOCK MODE: the SM clock locked per state with nvidia-smi -lgc F,F and read back per burst, one duty in every state, each measured burst's gap sized from that burst",1410,,,13.0,580.105.08,True,1,161f9ec19347efb7aa64ac4c645c527e0d2b46d6,NVIDIA GH200 480GB,192-222-51-98,"scripts/clock_elasticity.py: bursts of N back-to-back fused_experts calls under one pinned tile, each call L2-flushed and bracketed by its own pre-primed event pair, the FIRST call of every burst discarded as a drained-queue launch, a host-side idle gap after each burst setting the sustained duty cycle, and the SM clock, board power and memory clock read through NVML with the burst still in flight; NOT timing.TIMING_BASIS; LOCK MODE: the SM clock locked per state with nvidia-smi -lgc F,F and read back per burst, one duty in every state, each measured burst's gap sized from that burst",,bandwidth=not supplied by caller; bandwidth_source=not supplied by caller; iters=not supplied by caller; ridge=not supplied by caller; ridge_source=not supplied by caller; sglang=package not installed,1,3.12.14,,,,200.0,2.13.0,3.7.1,2026-09-27T08:00:24+00:00,0.27.1,200.0
0.25,0.24991493427353953,2,11,0,mixtral-8x7b,bf16,32,64,64,4,8,4,2,64,256,31,18,3,1.4048160314559937,1.3925440311431885,0.007610432159462025,540,43.7245172990693,128.40615631764376,1.4058720469474792,1.4028159976005554,True,1410.0,1410.0,1410.0,1410 1410 1410 1410 1410 1410 1410 1410 1410 1410 1410 1410 1410 1410 1410 1410 1410 1410,18,nvml,True,,True,,1470.0,220.4535,2619.0,False,9.910346499964362,24.192722682385355,218.68521654605865,True,ok,,"scripts/clock_elasticity.py: bursts of N back-to-back fused_experts calls under one pinned tile, each call L2-flushed and bracketed by its own pre-primed event pair, the FIRST call of every burst discarded as a drained-queue launch, a host-side idle gap after each burst setting the sustained duty cycle, and the SM clock, board power and memory clock read through NVML with the burst still in flight; NOT timing.TIMING_BASIS; LOCK MODE: the SM clock locked per state with nvidia-smi -lgc F,F and read back per burst, one duty in every state, each measured burst's gap sized from that burst",1410,,,13.0,580.105.08,True,1,161f9ec19347efb7aa64ac4c645c527e0d2b46d6,NVIDIA GH200 480GB,192-222-51-98,"scripts/clock_elasticity.py: bursts of N back-to-back fused_experts calls under one pinned tile, each call L2-flushed and bracketed by its own pre-primed event pair, the FIRST call of every burst discarded as a drained-queue launch, a host-side idle gap after each burst setting the sustained duty cycle, and the SM clock, board power and memory clock read through NVML with the burst still in flight; NOT timing.TIMING_BASIS; LOCK MODE: the SM clock locked per state with nvidia-smi -lgc F,F and read back per burst, one duty in every state, each measured burst's gap sized from that burst",,bandwidth=not supplied by caller; bandwidth_source=not supplied by caller; iters=not supplied by caller; ridge=not supplied by caller; ridge_source=not supplied by caller; sglang=package not installed,1,3.12.14,,,,200.0,2.13.0,3.7.1,2026-09-27T08:00:24+00:00,0.27.1,200.0
0.25,0.24990160341562848,2,11,0,mixtral-8x7b,bf16,32,64,64,4,8,4,3,96,384,20,18,3,2.078943967819214,2.056607961654663,0.011295708741555043,342,41.75934396849738,123.55969882010686,2.082543969154358,2.07230406999588,True,1410.0,1410.0,1410.0,1410 1410 1410 1410 1410 1410 1410 1410 1410 1410 1410 1410 1410 1410 1410 1410 1410 1410,18,nvml,True,,True,,1470.0,217.0405,2619.0,False,6.504107000182557,16.90696356798611,207.47158312797546,True,ok,,"scripts/clock_elasticity.py: bursts of N back-to-back fused_experts calls under one pinned tile, each call L2-flushed and bracketed by its own pre-primed event pair, the FIRST call of every burst discarded as a drained-queue launch, a host-side idle gap after each burst setting the sustained duty cycle, and the SM clock, board power and memory clock read through NVML with the burst still in flight; NOT timing.TIMING_BASIS; LOCK MODE: the SM clock locked per state with nvidia-smi -lgc F,F and read back per burst, one duty in every state, each measured burst's gap sized from that burst",1410,,,13.0,580.105.08,True,1,161f9ec19347efb7aa64ac4c645c527e0d2b46d6,NVIDIA GH200 480GB,192-222-51-98,"scripts/clock_elasticity.py: bursts of N back-to-back fused_experts calls under one pinned tile, each call L2-flushed and bracketed by its own pre-primed event pair, the FIRST call of every burst discarded as a drained-queue launch, a host-side idle gap after each burst setting the sustained duty cycle, and the SM clock, board power and memory clock read through NVML with the burst still in flight; NOT timing.TIMING_BASIS; LOCK MODE: the SM clock locked per state with nvidia-smi -lgc F,F and read back per burst, one duty in every state, each measured burst's gap sized from that burst",,bandwidth=not supplied by caller; bandwidth_source=not supplied by caller; iters=not supplied by caller; ridge=not supplied by caller; ridge_source=not supplied by caller; sglang=package not installed,1,3.12.14,,,,200.0,2.13.0,3.7.1,2026-09-27T08:00:24+00:00,0.27.1,200.0
0.25,0.2499095173328567,2,11,0,mixtral-8x7b,bf16,32,64,64,4,8,4,4,128,512,17,18,3,2.701743960380554,2.6961278915405273,0.006954312795327248,288,46.15819376044803,136.91295922304565,2.7027040123939514,2.7001119256019592,True,1410.0,1410.0,1410.0,1410 1410 1410 1410 1410 1410 1410 1410 1410 1410 1410 1410 1410 1410 1410 1410 1410 1410,18,nvml,True,,True,,1470.0,194.249,2619.0,False,5.783028500445653,14.851457282455458,231.07148790359497,True,ok,,"scripts/clock_elasticity.py: bursts of N back-to-back fused_experts calls under one pinned tile, each call L2-flushed and bracketed by its own pre-primed event pair, the FIRST call of every burst discarded as a drained-queue launch, a host-side idle gap after each burst setting the sustained duty cycle, and the SM clock, board power and memory clock read through NVML with the burst still in flight; NOT timing.TIMING_BASIS; LOCK MODE: the SM clock locked per state with nvidia-smi -lgc F,F and read back per burst, one duty in every state, each measured burst's gap sized from that burst",1410,,,13.0,580.105.08,True,1,161f9ec19347efb7aa64ac4c645c527e0d2b46d6,NVIDIA GH200 480GB,192-222-51-98,"scripts/clock_elasticity.py: bursts of N back-to-back fused_experts calls under one pinned tile, each call L2-flushed and bracketed by its own pre-primed event pair, the FIRST call of every burst discarded as a drained-queue launch, a host-side idle gap after each burst setting the sustained duty cycle, and the SM clock, board power and memory clock read through NVML with the burst still in flight; NOT timing.TIMING_BASIS; LOCK MODE: the SM clock locked per state with nvidia-smi -lgc F,F and read back per burst, one duty in every state, each measured burst's gap sized from that burst",,bandwidth=not supplied by caller; bandwidth_source=not supplied by caller; iters=not supplied by caller; ridge=not supplied by caller; ridge_source=not supplied by caller; sglang=package not installed,1,3.12.14,,,,200.0,2.13.0,3.7.1,2026-09-27T08:00:24+00:00,0.27.1,200.0
0.25,0.24990293550580026,2,11,0,mixtral-8x7b,bf16,32,64,64,4,8,4,5,160,640,13,18,3,3.3614879846572876,3.3567678928375244,0.0074998860648481675,216,43.950256043010285,130.65850308066,3.362655997276306,3.359824061393738,True,1410.0,1410.0,1410.0,1410 1410 1410 1410 1410 1410 1410 1410 1410 1410 1410 1410 1410 1410 1410 1410 1410 1410,18,nvml,True,,True,,1470.0,217.361,2619.0,False,4.609242000697122,11.574408142005064,219.81964755058289,True,ok,,"scripts/clock_elasticity.py: bursts of N back-to-back fused_experts calls under one pinned tile, each call L2-flushed and bracketed by its own pre-primed event pair, the FIRST call of every burst discarded as a drained-queue launch, a host-side idle gap after each burst setting the sustained duty cycle, and the SM clock, board power and memory clock read through NVML with the burst still in flight; NOT timing.TIMING_BASIS; LOCK MODE: the SM clock locked per state with nvidia-smi -lgc F,F and read back per burst, one duty in every state, each measured burst's gap sized from that burst",1410,,,13.0,580.105.08,True,1,161f9ec19347efb7aa64ac4c645c527e0d2b46d6,NVIDIA GH200 480GB,192-222-51-98,"scripts/clock_elasticity.py: bursts of N back-to-back fused_experts calls under one pinned tile, each call L2-flushed and bracketed by its own pre-primed event pair, the FIRST call of every burst discarded as a drained-queue launch, a host-side idle gap after each burst setting the sustained duty cycle, and the SM clock, board power and memory clock read through NVML with the burst still in flight; NOT timing.TIMING_BASIS; LOCK MODE: the SM clock locked per state with nvidia-smi -lgc F,F and read back per burst, one duty in every state, each measured burst's gap sized from that burst",,bandwidth=not supplied by caller; bandwidth_source=not supplied by caller; iters=not supplied by caller; ridge=not supplied by caller; ridge_source=not supplied by caller; sglang=package not installed,1,3.12.14,,,,200.0,2.13.0,3.7.1,2026-09-27T08:00:24+00:00,0.27.1,200.0
0.25,0.24990217437739828,2,11,0,mixtral-8x7b,bf16,32,64,64,4,8,4,6,192,768,11,18,3,4.028111934661865,4.01913595199585,0.009161240547394384,180,44.553646167119346,132.5804013920933,4.031183958053589,4.023504018783569,True,1410.0,1410.0,1410.0,1410 1410 1410 1410 1410 1410 1410 1410 1410 1410 1410 1410 1410 1410 1410 1410 1410 1410,18,nvml,True,,True,,1470.0,213.5435,2619.0,False,3.878131000419671,9.954379234139255,222.40489673614502,True,ok,,"scripts/clock_elasticity.py: bursts of N back-to-back fused_experts calls under one pinned tile, each call L2-flushed and bracketed by its own pre-primed event pair, the FIRST call of every burst discarded as a drained-queue launch, a host-side idle gap after each burst setting the sustained duty cycle, and the SM clock, board power and memory clock read through NVML with the burst still in flight; NOT timing.TIMING_BASIS; LOCK MODE: the SM clock locked per state with nvidia-smi -lgc F,F and read back per burst, one duty in every state, each measured burst's gap sized from that burst",1410,,,13.0,580.105.08,True,1,161f9ec19347efb7aa64ac4c645c527e0d2b46d6,NVIDIA GH200 480GB,192-222-51-98,"scripts/clock_elasticity.py: bursts of N back-to-back fused_experts calls under one pinned tile, each call L2-flushed and bracketed by its own pre-primed event pair, the FIRST call of every burst discarded as a drained-queue launch, a host-side idle gap after each burst setting the sustained duty cycle, and the SM clock, board power and memory clock read through NVML with the burst still in flight; NOT timing.TIMING_BASIS; LOCK MODE: the SM clock locked per state with nvidia-smi -lgc F,F and read back per burst, one duty in every state, each measured burst's gap sized from that burst",,bandwidth=not supplied by caller; bandwidth_source=not supplied by caller; iters=not supplied by caller; ridge=not supplied by caller; ridge_source=not supplied by caller; sglang=package not installed,1,3.12.14,,,,200.0,2.13.0,3.7.1,2026-09-27T08:00:24+00:00,0.27.1,200.0
0.25,0.24990309265591773,2,11,0,mixtral-8x7b,bf16,32,64,64,4,8,4,7,224,896,9,18,3,4.695248126983643,4.69049596786499,0.008785613517232681,144,42.497671127319336,126.68323561348372,4.7066720724105835,4.692784070968628,True,1410.0,1410.0,1410.0,1410 1410 1410 1410 1410 1410 1410 1410 1410 1410 1410 1410 1410 1410 1410 1410 1410 1410,18,nvml,True,,True,,1470.0,209.858,2619.0,False,3.1241079996107146,8.293637955567368,212.27980709075928,True,ok,,"scripts/clock_elasticity.py: bursts of N back-to-back fused_experts calls under one pinned tile, each call L2-flushed and bracketed by its own pre-primed event pair, the FIRST call of every burst discarded as a drained-queue launch, a host-side idle gap after each burst setting the sustained duty cycle, and the SM clock, board power and memory clock read through NVML with the burst still in flight; NOT timing.TIMING_BASIS; LOCK MODE: the SM clock locked per state with nvidia-smi -lgc F,F and read back per burst, one duty in every state, each measured burst's gap sized from that burst",1410,,,13.0,580.105.08,True,1,161f9ec19347efb7aa64ac4c645c527e0d2b46d6,NVIDIA GH200 480GB,192-222-51-98,"scripts/clock_elasticity.py: bursts of N back-to-back fused_experts calls under one pinned tile, each call L2-flushed and bracketed by its own pre-primed event pair, the FIRST call of every burst discarded as a drained-queue launch, a host-side idle gap after each burst setting the sustained duty cycle, and the SM clock, board power and memory clock read through NVML with the burst still in flight; NOT timing.TIMING_BASIS; LOCK MODE: the SM clock locked per state with nvidia-smi -lgc F,F and read back per burst, one duty in every state, each measured burst's gap sized from that burst",,bandwidth=not supplied by caller; bandwidth_source=not supplied by caller; iters=not supplied by caller; ridge=not supplied by caller; ridge_source=not supplied by caller; sglang=package not installed,1,3.12.14,,,,200.0,2.13.0,3.7.1,2026-09-27T08:00:24+00:00,0.27.1,200.0
0.25,0.24990102032341382,2,11,0,mixtral-8x7b,bf16,32,64,64,4,8,4,8,256,1024,8,18,3,5.3646080493927,5.352672100067139,0.011688249097135096,126,43.12091562483046,128.5948654372187,5.3681440353393555,5.361680030822754,True,1410.0,1410.0,1410.0,1410 1410 1410 1410 1410 1410 1410 1410 1410 1410 1410 1410 1410 1410 1410 1410 1410 1410,18,nvml,True,,True,,1470.0,203.19549999999998,2619.0,False,2.821049500198569,7.390892891473132,215.84047937393188,True,ok,,"scripts/clock_elasticity.py: bursts of N back-to-back fused_experts calls under one pinned tile, each call L2-flushed and bracketed by its own pre-primed event pair, the FIRST call of every burst discarded as a drained-queue launch, a host-side idle gap after each burst setting the sustained duty cycle, and the SM clock, board power and memory clock read through NVML with the burst still in flight; NOT timing.TIMING_BASIS; LOCK MODE: the SM clock locked per state with nvidia-smi -lgc F,F and read back per burst, one duty in every state, each measured burst's gap sized from that burst",1410,,,13.0,580.105.08,True,1,161f9ec19347efb7aa64ac4c645c527e0d2b46d6,NVIDIA GH200 480GB,192-222-51-98,"scripts/clock_elasticity.py: bursts of N back-to-back fused_experts calls under one pinned tile, each call L2-flushed and bracketed by its own pre-primed event pair, the FIRST call of every burst discarded as a drained-queue launch, a host-side idle gap after each burst setting the sustained duty cycle, and the SM clock, board power and memory clock read through NVML with the burst still in flight; NOT timing.TIMING_BASIS; LOCK MODE: the SM clock locked per state with nvidia-smi -lgc F,F and read back per burst, one duty in every state, each measured burst's gap sized from that burst",,bandwidth=not supplied by caller; bandwidth_source=not supplied by caller; iters=not supplied by caller; ridge=not supplied by caller; ridge_source=not supplied by caller; sglang=package not installed,1,3.12.14,,,,200.0,2.13.0,3.7.1,2026-09-27T08:00:24+00:00,0.27.1,200.0
0.25,0.24990636251316134,1,11,1,mixtral-8x7b,bf16,32,64,64,4,8,4,1,32,128,47,18,3,0.8602880239486694,0.8517439961433411,0.0032508175737882452,828,40.61643554104699,118.04793006617547,0.8603200018405914,0.8600960075855255,True,1500.0,1500.0,1500.0,1500 1500 1500 1500 1500 1500 1500 1500 1500 1500 1500 1500 1500 1500 1500 1500 1500 1500,18,nvml,True,,True,,1470.0,243.084,2619.0,False,14.95221599998331,29.964219383676923,203.08665627241135,True,ok,,"scripts/clock_elasticity.py: bursts of N back-to-back fused_experts calls under one pinned tile, each call L2-flushed and bracketed by its own pre-primed event pair, the FIRST call of every burst discarded as a drained-queue launch, a host-side idle gap after each burst setting the sustained duty cycle, and the SM clock, board power and memory clock read through NVML with the burst still in flight; NOT timing.TIMING_BASIS; LOCK MODE: the SM clock locked per state with nvidia-smi -lgc F,F and read back per burst, one duty in every state, each measured burst's gap sized from that burst",1500,,,13.0,580.105.08,True,1,161f9ec19347efb7aa64ac4c645c527e0d2b46d6,NVIDIA GH200 480GB,192-222-51-98,"scripts/clock_elasticity.py: bursts of N back-to-back fused_experts calls under one pinned tile, each call L2-flushed and bracketed by its own pre-primed event pair, the FIRST call of every burst discarded as a drained-queue launch, a host-side idle gap after each burst setting the sustained duty cycle, and the SM clock, board power and memory clock read through NVML with the burst still in flight; NOT timing.TIMING_BASIS; LOCK MODE: the SM clock locked per state with nvidia-smi -lgc F,F and read back per burst, one duty in every state, each measured burst's gap sized from that burst",,bandwidth=not supplied by caller; bandwidth_source=not supplied by caller; iters=not supplied by caller; ridge=not supplied by caller; ridge_source=not supplied by caller; sglang=package not installed,1,3.12.14,,,,200.0,2.13.0,3.7.1,2026-09-27T08:00:24+00:00,0.27.1,200.0
0.25,0.2498981905448756,1,11,1,mixtral-8x7b,bf16,32,64,64,4,8,4,2,64,256,31,18,3,1.322928011417389,1.3109439611434937,0.005104899605208236,540,41.186887211269806,120.97340987469943,1.3246560096740723,1.320464015007019,True,1500.0,1500.0,1500.0,1500 1500 1500 1500 1500 1500 1500 1500 1500 1500 1500 1500 1500 1500 1500 1500 1500 1500,18,nvml,True,,True,,1470.0,242.414,2619.0,False,10.185724999246304,23.54572022444121,205.14303982257843,True,ok,,"scripts/clock_elasticity.py: bursts of N back-to-back fused_experts calls under one pinned tile, each call L2-flushed and bracketed by its own pre-primed event pair, the FIRST call of every burst discarded as a drained-queue launch, a host-side idle gap after each burst setting the sustained duty cycle, and the SM clock, board power and memory clock read through NVML with the burst still in flight; NOT timing.TIMING_BASIS; LOCK MODE: the SM clock locked per state with nvidia-smi -lgc F,F and read back per burst, one duty in every state, each measured burst's gap sized from that burst",1500,,,13.0,580.105.08,True,1,161f9ec19347efb7aa64ac4c645c527e0d2b46d6,NVIDIA GH200 480GB,192-222-51-98,"scripts/clock_elasticity.py: bursts of N back-to-back fused_experts calls under one pinned tile, each call L2-flushed and bracketed by its own pre-primed event pair, the FIRST call of every burst discarded as a drained-queue launch, a host-side idle gap after each burst setting the sustained duty cycle, and the SM clock, board power and memory clock read through NVML with the burst still in flight; NOT timing.TIMING_BASIS; LOCK MODE: the SM clock locked per state with nvidia-smi -lgc F,F and read back per burst, one duty in every state, each measured burst's gap sized from that burst",,bandwidth=not supplied by caller; bandwidth_source=not supplied by caller; iters=not supplied by caller; ridge=not supplied by caller; ridge_source=not supplied by caller; sglang=package not installed,1,3.12.14,,,,200.0,2.13.0,3.7.1,2026-09-27T08:00:24+00:00,0.27.1,200.0
0.25,0.24989628106618608,1,11,1,mixtral-8x7b,bf16,32,64,64,4,8,4,3,96,384,20,18,3,1.9496639966964722,1.9351680278778076,0.008205019557541457,342,39.205027520656586,115.85050650395715,1.9523119926452637,1.9479120075702667,True,1500.0,1500.0,1500.0,1500 1500 1500 1500 1500 1500 1500 1500 1500 1500 1500 1500 1500 1500 1500 1500 1500 1500,18,nvml,True,,True,,1470.0,239.627,2619.0,False,6.466619499406079,16.653417814999976,235.1682564020157,True,ok,,"scripts/clock_elasticity.py: bursts of N back-to-back fused_experts calls under one pinned tile, each call L2-flushed and bracketed by its own pre-primed event pair, the FIRST call of every burst discarded as a drained-queue launch, a host-side idle gap after each burst setting the sustained duty cycle, and the SM clock, board power and memory clock read through NVML with the burst still in flight; NOT timing.TIMING_BASIS; LOCK MODE: the SM clock locked per state with nvidia-smi -lgc F,F and read back per burst, one duty in every state, each measured burst's gap sized from that burst",1500,,,13.0,580.105.08,True,1,161f9ec19347efb7aa64ac4c645c527e0d2b46d6,NVIDIA GH200 480GB,192-222-51-98,"scripts/clock_elasticity.py: bursts of N back-to-back fused_experts calls under one pinned tile, each call L2-flushed and bracketed by its own pre-primed event pair, the FIRST call of every burst discarded as a drained-queue launch, a host-side idle gap after each burst setting the sustained duty cycle, and the SM clock, board power and memory clock read through NVML with the burst still in flight; NOT timing.TIMING_BASIS; LOCK MODE: the SM clock locked per state with nvidia-smi -lgc F,F and read back per burst, one duty in every state, each measured burst's gap sized from that burst",,bandwidth=not supplied by caller; bandwidth_source=not supplied by caller; iters=not supplied by caller; ridge=not supplied by caller; ridge_source=not supplied by caller; sglang=package not installed,1,3.12.14,,,,200.0,2.13.0,3.7.1,2026-09-27T08:00:24+00:00,0.27.1,200.0
0.25,0.2499051010209191,1,11,1,mixtral-8x7b,bf16,32,64,64,4,8,4,4,128,512,17,18,3,2.5434560775756836,2.535007953643799,0.008209427401787067,288,43.46032710870107,128.87390984933157,2.547864019870758,2.5403759479522705,True,1500.0,1500.0,1500.0,1500 1500 1500 1500 1500 1500 1500 1500 1500 1500 1500 1500 1500 1500 1500 1500 1500 1500,18,nvml,True,,True,,1470.0,231.9395,2619.0,False,5.90138149982522,14.581036130637555,217.19020700454712,True,ok,,"scripts/clock_elasticity.py: bursts of N back-to-back fused_experts calls under one pinned tile, each call L2-flushed and bracketed by its own pre-primed event pair, the FIRST call of every burst discarded as a drained-queue launch, a host-side idle gap after each burst setting the sustained duty cycle, and the SM clock, board power and memory clock read through NVML with the burst still in flight; NOT timing.TIMING_BASIS; LOCK MODE: the SM clock locked per state with nvidia-smi -lgc F,F and read back per burst, one duty in every state, each measured burst's gap sized from that burst",1500,,,13.0,580.105.08,True,1,161f9ec19347efb7aa64ac4c645c527e0d2b46d6,NVIDIA GH200 480GB,192-222-51-98,"scripts/clock_elasticity.py: bursts of N back-to-back fused_experts calls under one pinned tile, each call L2-flushed and bracketed by its own pre-primed event pair, the FIRST call of every burst discarded as a drained-queue launch, a host-side idle gap after each burst setting the sustained duty cycle, and the SM clock, board power and memory clock read through NVML with the burst still in flight; NOT timing.TIMING_BASIS; LOCK MODE: the SM clock locked per state with nvidia-smi -lgc F,F and read back per burst, one duty in every state, each measured burst's gap sized from that burst",,bandwidth=not supplied by caller; bandwidth_source=not supplied by caller; iters=not supplied by caller; ridge=not supplied by caller; ridge_source=not supplied by caller; sglang=package not installed,1,3.12.14,,,,200.0,2.13.0,3.7.1,2026-09-27T08:00:24+00:00,0.27.1,200.0
0.25,0.24990084140847718,1,11,1,mixtral-8x7b,bf16,32,64,64,4,8,4,5,160,640,13,18,3,3.165984034538269,3.1567680835723877,0.00811510644412679,216,41.39066305425432,122.9914515305645,3.17521595954895,3.1621599197387695,True,1500.0,1500.0,1500.0,1500 1500 1500 1500 1500 1500 1500 1500 1500 1500 1500 1500 1500 1500 1500 1500 1500 1500,18,nvml,True,,True,,1470.0,239.923,2619.0,False,4.3881524998141686,11.590162307187244,206.6433277130127,True,ok,,"scripts/clock_elasticity.py: bursts of N back-to-back fused_experts calls under one pinned tile, each call L2-flushed and bracketed by its own pre-primed event pair, the FIRST call of every burst discarded as a drained-queue launch, a host-side idle gap after each burst setting the sustained duty cycle, and the SM clock, board power and memory clock read through NVML with the burst still in flight; NOT timing.TIMING_BASIS; LOCK MODE: the SM clock locked per state with nvidia-smi -lgc F,F and read back per burst, one duty in every state, each measured burst's gap sized from that burst",1500,,,13.0,580.105.08,True,1,161f9ec19347efb7aa64ac4c645c527e0d2b46d6,NVIDIA GH200 480GB,192-222-51-98,"scripts/clock_elasticity.py: bursts of N back-to-back fused_experts calls under one pinned tile, each call L2-flushed and bracketed by its own pre-primed event pair, the FIRST call of every burst discarded as a drained-queue launch, a host-side idle gap after each burst setting the sustained duty cycle, and the SM clock, board power and memory clock read through NVML with the burst still in flight; NOT timing.TIMING_BASIS; LOCK MODE: the SM clock locked per state with nvidia-smi -lgc F,F and read back per burst, one duty in every state, each measured burst's gap sized from that burst",,bandwidth=not supplied by caller; bandwidth_source=not supplied by caller; iters=not supplied by caller; ridge=not supplied by caller; ridge_source=not supplied by caller; sglang=package not installed,1,3.12.14,,,,200.0,2.13.0,3.7.1,2026-09-27T08:00:24+00:00,0.27.1,200.0
0.25,0.24990527418715083,1,11,1,mixtral-8x7b,bf16,32,64,64,4,8,4,6,192,768,11,18,3,3.7885119915008545,3.780992031097412,0.00820379413615882,180,41.91128004921807,124.76845722383587,3.792479991912842,3.7875519394874573,True,1500.0,1500.0,1500.0,1500 1500 1500 1500 1500 1500 1500 1500 1500 1500 1500 1500 1500 1500 1500 1500 1500 1500,18,nvml,True,,True,,1470.0,234.5425,2619.0,False,3.7764499993500067,9.956648682003697,209.55267238616943,True,ok,,"scripts/clock_elasticity.py: bursts of N back-to-back fused_experts calls under one pinned tile, each call L2-flushed and bracketed by its own pre-primed event pair, the FIRST call of every burst discarded as a drained-queue launch, a host-side idle gap after each burst setting the sustained duty cycle, and the SM clock, board power and memory clock read through NVML with the burst still in flight; NOT timing.TIMING_BASIS; LOCK MODE: the SM clock locked per state with nvidia-smi -lgc F,F and read back per burst, one duty in every state, each measured burst's gap sized from that burst",1500,,,13.0,580.105.08,True,1,161f9ec19347efb7aa64ac4c645c527e0d2b46d6,NVIDIA GH200 480GB,192-222-51-98,"scripts/clock_elasticity.py: bursts of N back-to-back fused_experts calls under one pinned tile, each call L2-flushed and bracketed by its own pre-primed event pair, the FIRST call of every burst discarded as a drained-queue launch, a host-side idle gap after each burst setting the sustained duty cycle, and the SM clock, board power and memory clock read through NVML with the burst still in flight; NOT timing.TIMING_BASIS; LOCK MODE: the SM clock locked per state with nvidia-smi -lgc F,F and read back per burst, one duty in every state, each measured burst's gap sized from that burst",,bandwidth=not supplied by caller; bandwidth_source=not supplied by caller; iters=not supplied by caller; ridge=not supplied by caller; ridge_source=not supplied by caller; sglang=package not installed,1,3.12.14,,,,200.0,2.13.0,3.7.1,2026-09-27T08:00:24+00:00,0.27.1,200.0
0.25,0.24989676003743386,1,11,1,mixtral-8x7b,bf16,32,64,64,4,8,4,7,224,896,9,18,3,4.42084813117981,4.411488056182861,0.01046448234161533,144,39.97827386856079,119.11273199106654,4.423336029052734,4.419919967651367,True,1500.0,1500.0,1500.0,1500 1500 1500 1500 1500 1500 1500 1500 1500 1500 1500 1500 1500 1500 1500 1500 1500 1500,18,nvml,True,,True,,1470.0,232.1685,2619.0,False,3.0993880000096397,8.299217125405407,239.99785566329956,True,ok,,"scripts/clock_elasticity.py: bursts of N back-to-back fused_experts calls under one pinned tile, each call L2-flushed and bracketed by its own pre-primed event pair, the FIRST call of every burst discarded as a drained-queue launch, a host-side idle gap after each burst setting the sustained duty cycle, and the SM clock, board power and memory clock read through NVML with the burst still in flight; NOT timing.TIMING_BASIS; LOCK MODE: the SM clock locked per state with nvidia-smi -lgc F,F and read back per burst, one duty in every state, each measured burst's gap sized from that burst",1500,,,13.0,580.105.08,True,1,161f9ec19347efb7aa64ac4c645c527e0d2b46d6,NVIDIA GH200 480GB,192-222-51-98,"scripts/clock_elasticity.py: bursts of N back-to-back fused_experts calls under one pinned tile, each call L2-flushed and bracketed by its own pre-primed event pair, the FIRST call of every burst discarded as a drained-queue launch, a host-side idle gap after each burst setting the sustained duty cycle, and the SM clock, board power and memory clock read through NVML with the burst still in flight; NOT timing.TIMING_BASIS; LOCK MODE: the SM clock locked per state with nvidia-smi -lgc F,F and read back per burst, one duty in every state, each measured burst's gap sized from that burst",,bandwidth=not supplied by caller; bandwidth_source=not supplied by caller; iters=not supplied by caller; ridge=not supplied by caller; ridge_source=not supplied by caller; sglang=package not installed,1,3.12.14,,,,200.0,2.13.0,3.7.1,2026-09-27T08:00:24+00:00,0.27.1,200.0
0.25,0.24990077194151208,1,11,1,mixtral-8x7b,bf16,32,64,64,4,8,4,8,256,1024,8,18,3,5.044928073883057,5.034751892089844,0.01184012361305754,126,40.57163016001383,120.95435810927302,5.050112009048462,5.0441601276397705,True,1500.0,1500.0,1500.0,1500 1500 1500 1500 1500 1500 1500 1500 1500 1500 1500 1500 1500 1500 1500 1500 1500 1500,18,nvml,True,,True,,1470.0,224.88,2619.0,False,2.8551459990922012,7.407925573167416,202.9899821281433,True,ok,,"scripts/clock_elasticity.py: bursts of N back-to-back fused_experts calls under one pinned tile, each call L2-flushed and bracketed by its own pre-primed event pair, the FIRST call of every burst discarded as a drained-queue launch, a host-side idle gap after each burst setting the sustained duty cycle, and the SM clock, board power and memory clock read through NVML with the burst still in flight; NOT timing.TIMING_BASIS; LOCK MODE: the SM clock locked per state with nvidia-smi -lgc F,F and read back per burst, one duty in every state, each measured burst's gap sized from that burst",1500,,,13.0,580.105.08,True,1,161f9ec19347efb7aa64ac4c645c527e0d2b46d6,NVIDIA GH200 480GB,192-222-51-98,"scripts/clock_elasticity.py: bursts of N back-to-back fused_experts calls under one pinned tile, each call L2-flushed and bracketed by its own pre-primed event pair, the FIRST call of every burst discarded as a drained-queue launch, a host-side idle gap after each burst setting the sustained duty cycle, and the SM clock, board power and memory clock read through NVML with the burst still in flight; NOT timing.TIMING_BASIS; LOCK MODE: the SM clock locked per state with nvidia-smi -lgc F,F and read back per burst, one duty in every state, each measured burst's gap sized from that burst",,bandwidth=not supplied by caller; bandwidth_source=not supplied by caller; iters=not supplied by caller; ridge=not supplied by caller; ridge_source=not supplied by caller; sglang=package not installed,1,3.12.14,,,,200.0,2.13.0,3.7.1,2026-09-27T08:00:24+00:00,0.27.1,200.0
0.25,0.24989643789730875,0,11,2,mixtral-8x7b,bf16,32,64,64,4,8,4,1,32,128,47,18,3,0.8535680174827576,0.8441600203514099,0.00311321751340506,828,40.26140443483988,117.00494174665073,0.8534400165081024,0.8535520136356354,True,1710.0,1710.0,1710.0,1710 1710 1710 1710 1710 1710 1710 1710 1710 1710 1710 1710 1710 1710 1710 1710 1710 1710,18,nvml,False,high,True,,1470.0,273.61350000000004,2619.0,False,14.982248499109119,30.527298595989013,201.22127985954285,True,ok,"LEVEL HIGH (recorded, never an exclusion here): loaded clock 1710 MHz against the 1470 MHz reference. At a duty cycle below 1.0 a HIGH reading is the experiment working, not a cell to drop.","scripts/clock_elasticity.py: bursts of N back-to-back fused_experts calls under one pinned tile, each call L2-flushed and bracketed by its own pre-primed event pair, the FIRST call of every burst discarded as a drained-queue launch, a host-side idle gap after each burst setting the sustained duty cycle, and the SM clock, board power and memory clock read through NVML with the burst still in flight; NOT timing.TIMING_BASIS; LOCK MODE: the SM clock locked per state with nvidia-smi -lgc F,F and read back per burst, one duty in every state, each measured burst's gap sized from that burst",1710,,,13.0,580.105.08,True,1,161f9ec19347efb7aa64ac4c645c527e0d2b46d6,NVIDIA GH200 480GB,192-222-51-98,"scripts/clock_elasticity.py: bursts of N back-to-back fused_experts calls under one pinned tile, each call L2-flushed and bracketed by its own pre-primed event pair, the FIRST call of every burst discarded as a drained-queue launch, a host-side idle gap after each burst setting the sustained duty cycle, and the SM clock, board power and memory clock read through NVML with the burst still in flight; NOT timing.TIMING_BASIS; LOCK MODE: the SM clock locked per state with nvidia-smi -lgc F,F and read back per burst, one duty in every state, each measured burst's gap sized from that burst",,bandwidth=not supplied by caller; bandwidth_source=not supplied by caller; iters=not supplied by caller; ridge=not supplied by caller; ridge_source=not supplied by caller; sglang=package not installed,1,3.12.14,,,,200.0,2.13.0,3.7.1,2026-09-27T08:00:24+00:00,0.27.1,200.0
0.25,0.2498846871305198,0,11,2,mixtral-8x7b,bf16,32,64,64,4,8,4,2,64,256,31,18,3,1.1709120273590088,1.1585919857025146,0.008514008512797766,540,36.501594649420845,107.00458769636316,1.1713599562644958,1.172752022743225,True,1710.0,1620.0,1665.0,1620 1710 1710 1710 1710 1710 1620 1710 1710 1710 1710 1710 1710 1710 1710 1575 1710 1665,18,nvml,False,high,True,,1470.0,298.8325,2619.0,False,10.018427000431984,22.86622422020779,219.06431984901428,True,ok,"LEVEL HIGH (recorded, never an exclusion here): loaded clock 1710 MHz against the 1470 MHz reference. At a duty cycle below 1.0 a HIGH reading is the experiment working, not a cell to drop.","scripts/clock_elasticity.py: bursts of N back-to-back fused_experts calls under one pinned tile, each call L2-flushed and bracketed by its own pre-primed event pair, the FIRST call of every burst discarded as a drained-queue launch, a host-side idle gap after each burst setting the sustained duty cycle, and the SM clock, board power and memory clock read through NVML with the burst still in flight; NOT timing.TIMING_BASIS; LOCK MODE: the SM clock locked per state with nvidia-smi -lgc F,F and read back per burst, one duty in every state, each measured burst's gap sized from that burst",1710,,,13.0,580.105.08,True,1,161f9ec19347efb7aa64ac4c645c527e0d2b46d6,NVIDIA GH200 480GB,192-222-51-98,"scripts/clock_elasticity.py: bursts of N back-to-back fused_experts calls under one pinned tile, each call L2-flushed and bracketed by its own pre-primed event pair, the FIRST call of every burst discarded as a drained-queue launch, a host-side idle gap after each burst setting the sustained duty cycle, and the SM clock, board power and memory clock read through NVML with the burst still in flight; NOT timing.TIMING_BASIS; LOCK MODE: the SM clock locked per state with nvidia-smi -lgc F,F and read back per burst, one duty in every state, each measured burst's gap sized from that burst",,bandwidth=not supplied by caller; bandwidth_source=not supplied by caller; iters=not supplied by caller; ridge=not supplied by caller; ridge_source=not supplied by caller; sglang=package not installed,1,3.12.14,,,,200.0,2.13.0,3.7.1,2026-09-27T08:00:24+00:00,0.27.1,200.0
0.25,0.249884596414297,0,11,2,mixtral-8x7b,bf16,32,64,64,4,8,4,3,96,384,20,18,3,1.7252640128135681,1.7110400199890137,0.016760409904825423,342,34.7639982369211,102.69240333711059,1.7282080054283142,1.7478080093860626,True,1710.0,1710.0,1710.0,1710 1710 1710 1710 1710 1710 1710 1710 1710 1710 1710 1710 1710 1710 1710 1710 1710 1710,18,nvml,False,high,True,,1470.0,294.7175,2619.0,False,6.5278679994662525,16.239245640535028,312.94054412841797,True,ok,"LEVEL HIGH (recorded, never an exclusion here): loaded clock 1710 MHz against the 1470 MHz reference. At a duty cycle below 1.0 a HIGH reading is the experiment working, not a cell to drop.","scripts/clock_elasticity.py: bursts of N back-to-back fused_experts calls under one pinned tile, each call L2-flushed and bracketed by its own pre-primed event pair, the FIRST call of every burst discarded as a drained-queue launch, a host-side idle gap after each burst setting the sustained duty cycle, and the SM clock, board power and memory clock read through NVML with the burst still in flight; NOT timing.TIMING_BASIS; LOCK MODE: the SM clock locked per state with nvidia-smi -lgc F,F and read back per burst, one duty in every state, each measured burst's gap sized from that burst",1710,,,13.0,580.105.08,True,1,161f9ec19347efb7aa64ac4c645c527e0d2b46d6,NVIDIA GH200 480GB,192-222-51-98,"scripts/clock_elasticity.py: bursts of N back-to-back fused_experts calls under one pinned tile, each call L2-flushed and bracketed by its own pre-primed event pair, the FIRST call of every burst discarded as a drained-queue launch, a host-side idle gap after each burst setting the sustained duty cycle, and the SM clock, board power and memory clock read through NVML with the burst still in flight; NOT timing.TIMING_BASIS; LOCK MODE: the SM clock locked per state with nvidia-smi -lgc F,F and read back per burst, one duty in every state, each measured burst's gap sized from that burst",,bandwidth=not supplied by caller; bandwidth_source=not supplied by caller; iters=not supplied by caller; ridge=not supplied by caller; ridge_source=not supplied by caller; sglang=package not installed,1,3.12.14,,,,200.0,2.13.0,3.7.1,2026-09-27T08:00:24+00:00,0.27.1,200.0
0.25,0.24989070737314822,0,11,2,mixtral-8x7b,bf16,32,64,64,4,8,4,4,128,512,17,18,3,2.2408159971237183,2.2289600372314453,0.006197870169478679,288,38.27877514892154,113.43226260630036,2.244704008102417,2.238040030002594,True,1710.0,1710.0,1710.0,1710 1710 1710 1710 1710 1710 1710 1710 1710 1710 1710 1710 1710 1710 1710 1710 1710 1710,18,nvml,False,high,True,,1470.0,277.6315,2619.0,False,5.7189319995814,14.47160147302553,229.60137581825256,True,ok,"LEVEL HIGH (recorded, never an exclusion here): loaded clock 1710 MHz against the 1470 MHz reference. At a duty cycle below 1.0 a HIGH reading is the experiment working, not a cell to drop.","scripts/clock_elasticity.py: bursts of N back-to-back fused_experts calls under one pinned tile, each call L2-flushed and bracketed by its own pre-primed event pair, the FIRST call of every burst discarded as a drained-queue launch, a host-side idle gap after each burst setting the sustained duty cycle, and the SM clock, board power and memory clock read through NVML with the burst still in flight; NOT timing.TIMING_BASIS; LOCK MODE: the SM clock locked per state with nvidia-smi -lgc F,F and read back per burst, one duty in every state, each measured burst's gap sized from that burst",1710,,,13.0,580.105.08,True,1,161f9ec19347efb7aa64ac4c645c527e0d2b46d6,NVIDIA GH200 480GB,192-222-51-98,"scripts/clock_elasticity.py: bursts of N back-to-back fused_experts calls under one pinned tile, each call L2-flushed and bracketed by its own pre-primed event pair, the FIRST call of every burst discarded as a drained-queue launch, a host-side idle gap after each burst setting the sustained duty cycle, and the SM clock, board power and memory clock read through NVML with the burst still in flight; NOT timing.TIMING_BASIS; LOCK MODE: the SM clock locked per state with nvidia-smi -lgc F,F and read back per burst, one duty in every state, each measured burst's gap sized from that burst",,bandwidth=not supplied by caller; bandwidth_source=not supplied by caller; iters=not supplied by caller; ridge=not supplied by caller; ridge_source=not supplied by caller; sglang=package not installed,1,3.12.14,,,,200.0,2.13.0,3.7.1,2026-09-27T08:00:24+00:00,0.27.1,200.0
0.25,0.24988818170167684,0,11,2,mixtral-8x7b,bf16,32,64,64,4,8,4,5,160,640,13,18,3,2.7947839498519897,2.7763519287109375,0.01620866353104923,216,36.568561765882706,108.63477525472263,2.7985119819641113,2.7933120727539062,True,1710.0,1710.0,1710.0,1710 1710 1710 1710 1710 1710 1710 1710 1710 1710 1710 1710 1710 1710 1710 1710 1710 1710,18,nvml,False,high,True,,1470.0,298.069,2619.0,False,4.484920500544831,11.298208177626336,218.89964771270752,True,ok,"LEVEL HIGH (recorded, never an exclusion here): loaded clock 1710 MHz against the 1470 MHz reference. At a duty cycle below 1.0 a HIGH reading is the experiment working, not a cell to drop.","scripts/clock_elasticity.py: bursts of N back-to-back fused_experts calls under one pinned tile, each call L2-flushed and bracketed by its own pre-primed event pair, the FIRST call of every burst discarded as a drained-queue launch, a host-side idle gap after each burst setting the sustained duty cycle, and the SM clock, board power and memory clock read through NVML with the burst still in flight; NOT timing.TIMING_BASIS; LOCK MODE: the SM clock locked per state with nvidia-smi -lgc F,F and read back per burst, one duty in every state, each measured burst's gap sized from that burst",1710,,,13.0,580.105.08,True,1,161f9ec19347efb7aa64ac4c645c527e0d2b46d6,NVIDIA GH200 480GB,192-222-51-98,"scripts/clock_elasticity.py: bursts of N back-to-back fused_experts calls under one pinned tile, each call L2-flushed and bracketed by its own pre-primed event pair, the FIRST call of every burst discarded as a drained-queue launch, a host-side idle gap after each burst setting the sustained duty cycle, and the SM clock, board power and memory clock read through NVML with the burst still in flight; NOT timing.TIMING_BASIS; LOCK MODE: the SM clock locked per state with nvidia-smi -lgc F,F and read back per burst, one duty in every state, each measured burst's gap sized from that burst",,bandwidth=not supplied by caller; bandwidth_source=not supplied by caller; iters=not supplied by caller; ridge=not supplied by caller; ridge_source=not supplied by caller; sglang=package not installed,1,3.12.14,,,,200.0,2.13.0,3.7.1,2026-09-27T08:00:24+00:00,0.27.1,200.0
0.25,0.24988905133274456,0,11,2,mixtral-8x7b,bf16,32,64,64,4,8,4,6,192,768,11,18,3,3.340831995010376,3.327455997467041,0.009707890217065484,180,36.95559634102715,109.89634235814447,3.346448004245758,3.339344024658203,True,1710.0,1710.0,1710.0,1710 1710 1710 1710 1710 1710 1710 1710 1710 1710 1710 1710 1710 1710 1710 1710 1710 1710,18,nvml,False,high,True,,1470.0,291.94050000000004,2619.0,False,3.747314501197252,9.893872178255315,222.08230471611023,True,ok,"LEVEL HIGH (recorded, never an exclusion here): loaded clock 1710 MHz against the 1470 MHz reference. At a duty cycle below 1.0 a HIGH reading is the experiment working, not a cell to drop.","scripts/clock_elasticity.py: bursts of N back-to-back fused_experts calls under one pinned tile, each call L2-flushed and bracketed by its own pre-primed event pair, the FIRST call of every burst discarded as a drained-queue launch, a host-side idle gap after each burst setting the sustained duty cycle, and the SM clock, board power and memory clock read through NVML with the burst still in flight; NOT timing.TIMING_BASIS; LOCK MODE: the SM clock locked per state with nvidia-smi -lgc F,F and read back per burst, one duty in every state, each measured burst's gap sized from that burst",1710,,,13.0,580.105.08,True,1,161f9ec19347efb7aa64ac4c645c527e0d2b46d6,NVIDIA GH200 480GB,192-222-51-98,"scripts/clock_elasticity.py: bursts of N back-to-back fused_experts calls under one pinned tile, each call L2-flushed and bracketed by its own pre-primed event pair, the FIRST call of every burst discarded as a drained-queue launch, a host-side idle gap after each burst setting the sustained duty cycle, and the SM clock, board power and memory clock read through NVML with the burst still in flight; NOT timing.TIMING_BASIS; LOCK MODE: the SM clock locked per state with nvidia-smi -lgc F,F and read back per burst, one duty in every state, each measured burst's gap sized from that burst",,bandwidth=not supplied by caller; bandwidth_source=not supplied by caller; iters=not supplied by caller; ridge=not supplied by caller; ridge_source=not supplied by caller; sglang=package not installed,1,3.12.14,,,,200.0,2.13.0,3.7.1,2026-09-27T08:00:24+00:00,0.27.1,200.0
0.25,0.24988562963342437,0,11,2,mixtral-8x7b,bf16,32,64,64,4,8,4,7,224,896,9,18,3,3.8947200775146484,3.8838400840759277,0.009803415905326325,144,35.25495115915934,104.97333597545367,3.8993679881095886,3.8931440114974976,True,1710.0,1710.0,1710.0,1710 1710 1710 1710 1710 1710 1710 1710 1710 1710 1710 1710 1710 1620 1710 1710 1710 1710,18,nvml,False,high,True,,1470.0,284.59749999999997,2619.0,False,3.193437500158325,8.134977242483554,211.49558353424072,True,ok,"LEVEL HIGH (recorded, never an exclusion here): loaded clock 1710 MHz against the 1470 MHz reference. At a duty cycle below 1.0 a HIGH reading is the experiment working, not a cell to drop.","scripts/clock_elasticity.py: bursts of N back-to-back fused_experts calls under one pinned tile, each call L2-flushed and bracketed by its own pre-primed event pair, the FIRST call of every burst discarded as a drained-queue launch, a host-side idle gap after each burst setting the sustained duty cycle, and the SM clock, board power and memory clock read through NVML with the burst still in flight; NOT timing.TIMING_BASIS; LOCK MODE: the SM clock locked per state with nvidia-smi -lgc F,F and read back per burst, one duty in every state, each measured burst's gap sized from that burst",1710,,,13.0,580.105.08,True,1,161f9ec19347efb7aa64ac4c645c527e0d2b46d6,NVIDIA GH200 480GB,192-222-51-98,"scripts/clock_elasticity.py: bursts of N back-to-back fused_experts calls under one pinned tile, each call L2-flushed and bracketed by its own pre-primed event pair, the FIRST call of every burst discarded as a drained-queue launch, a host-side idle gap after each burst setting the sustained duty cycle, and the SM clock, board power and memory clock read through NVML with the burst still in flight; NOT timing.TIMING_BASIS; LOCK MODE: the SM clock locked per state with nvidia-smi -lgc F,F and read back per burst, one duty in every state, each measured burst's gap sized from that burst",,bandwidth=not supplied by caller; bandwidth_source=not supplied by caller; iters=not supplied by caller; ridge=not supplied by caller; ridge_source=not supplied by caller; sglang=package not installed,1,3.12.14,,,,200.0,2.13.0,3.7.1,2026-09-27T08:00:24+00:00,0.27.1,200.0
0.25,0.2498845932306281,0,11,2,mixtral-8x7b,bf16,32,64,64,4,8,4,8,256,1024,8,18,3,4.43889594078064,4.427008152008057,0.006115030674815007,126,35.6995484828949,106.3572198447655,4.438831806182861,4.437488079071045,True,1710.0,1710.0,1710.0,1710 1710 1710 1710 1710 1710 1710 1710 1710 1710 1710 1710 1710 1710 1710 1710 1710 1710,18,nvml,False,high,True,,1470.0,278.3705,2619.0,False,2.749545500591921,7.294034150560744,214.15625524520874,True,ok,"LEVEL HIGH (recorded, never an exclusion here): loaded clock 1710 MHz against the 1470 MHz reference. At a duty cycle below 1.0 a HIGH reading is the experiment working, not a cell to drop.","scripts/clock_elasticity.py: bursts of N back-to-back fused_experts calls under one pinned tile, each call L2-flushed and bracketed by its own pre-primed event pair, the FIRST call of every burst discarded as a drained-queue launch, a host-side idle gap after each burst setting the sustained duty cycle, and the SM clock, board power and memory clock read through NVML with the burst still in flight; NOT timing.TIMING_BASIS; LOCK MODE: the SM clock locked per state with nvidia-smi -lgc F,F and read back per burst, one duty in every state, each measured burst's gap sized from that burst",1710,,,13.0,580.105.08,True,1,161f9ec19347efb7aa64ac4c645c527e0d2b46d6,NVIDIA GH200 480GB,192-222-51-98,"scripts/clock_elasticity.py: bursts of N back-to-back fused_experts calls under one pinned tile, each call L2-flushed and bracketed by its own pre-primed event pair, the FIRST call of every burst discarded as a drained-queue launch, a host-side idle gap after each burst setting the sustained duty cycle, and the SM clock, board power and memory clock read through NVML with the burst still in flight; NOT timing.TIMING_BASIS; LOCK MODE: the SM clock locked per state with nvidia-smi -lgc F,F and read back per burst, one duty in every state, each measured burst's gap sized from that burst",,bandwidth=not supplied by caller; bandwidth_source=not supplied by caller; iters=not supplied by caller; ridge=not supplied by caller; ridge_source=not supplied by caller; sglang=package not installed,1,3.12.14,,,,200.0,2.13.0,3.7.1,2026-09-27T08:00:24+00:00,0.27.1,200.0
0.25,0.24989903379565281,0,12,0,mixtral-8x7b,bf16,32,64,64,4,8,4,1,32,128,47,18,3,0.8525440096855164,0.8433600068092346,0.002860148197692166,828,40.230261362261245,116.88161438015231,0.8523039817810059,0.8524959981441498,True,1710.0,1710.0,1710.0,1710 1710 1710 1710 1710 1710 1710 1710 1710 1710 1710 1710 1710 1710 1710 1710 1710 1710,18,nvml,False,high,True,,1470.0,271.92650000000003,2619.0,False,15.250634999574686,30.297047298650206,201.11468815803528,True,ok,"LEVEL HIGH (recorded, never an exclusion here): loaded clock 1710 MHz against the 1470 MHz reference. At a duty cycle below 1.0 a HIGH reading is the experiment working, not a cell to drop.","scripts/clock_elasticity.py: bursts of N back-to-back fused_experts calls under one pinned tile, each call L2-flushed and bracketed by its own pre-primed event pair, the FIRST call of every burst discarded as a drained-queue launch, a host-side idle gap after each burst setting the sustained duty cycle, and the SM clock, board power and memory clock read through NVML with the burst still in flight; NOT timing.TIMING_BASIS; LOCK MODE: the SM clock locked per state with nvidia-smi -lgc F,F and read back per burst, one duty in every state, each measured burst's gap sized from that burst",1710,,,13.0,580.105.08,True,1,161f9ec19347efb7aa64ac4c645c527e0d2b46d6,NVIDIA GH200 480GB,192-222-51-98,"scripts/clock_elasticity.py: bursts of N back-to-back fused_experts calls under one pinned tile, each call L2-flushed and bracketed by its own pre-primed event pair, the FIRST call of every burst discarded as a drained-queue launch, a host-side idle gap after each burst setting the sustained duty cycle, and the SM clock, board power and memory clock read through NVML with the burst still in flight; NOT timing.TIMING_BASIS; LOCK MODE: the SM clock locked per state with nvidia-smi -lgc F,F and read back per burst, one duty in every state, each measured burst's gap sized from that burst",,bandwidth=not supplied by caller; bandwidth_source=not supplied by caller; iters=not supplied by caller; ridge=not supplied by caller; ridge_source=not supplied by caller; sglang=package not installed,1,3.12.14,,,,200.0,2.13.0,3.7.1,2026-09-27T08:00:24+00:00,0.27.1,200.0
0.25,0.24988619085004493,0,12,0,mixtral-8x7b,bf16,32,64,64,4,8,4,2,64,256,31,18,3,1.1688319444656372,1.1569600105285645,0.008331051661113474,540,36.426391084988914,106.70953311103949,1.170479953289032,1.1694239974021912,True,1710.0,1710.0,1710.0,1710 1710 1710 1710 1695 1710 1710 1710 1710 1710 1710 1560 1710 1710 1710 1710 1710 1710,18,nvml,False,high,True,,1470.0,297.1295,2619.0,False,9.685384000476915,23.07755949245602,219.07222414016724,True,ok,"LEVEL HIGH (recorded, never an exclusion here): loaded clock 1710 MHz against the 1470 MHz reference. At a duty cycle below 1.0 a HIGH reading is the experiment working, not a cell to drop.","scripts/clock_elasticity.py: bursts of N back-to-back fused_experts calls under one pinned tile, each call L2-flushed and bracketed by its own pre-primed event pair, the FIRST call of every burst discarded as a drained-queue launch, a host-side idle gap after each burst setting the sustained duty cycle, and the SM clock, board power and memory clock read through NVML with the burst still in flight; NOT timing.TIMING_BASIS; LOCK MODE: the SM clock locked per state with nvidia-smi -lgc F,F and read back per burst, one duty in every state, each measured burst's gap sized from that burst",1710,,,13.0,580.105.08,True,1,161f9ec19347efb7aa64ac4c645c527e0d2b46d6,NVIDIA GH200 480GB,192-222-51-98,"scripts/clock_elasticity.py: bursts of N back-to-back fused_experts calls under one pinned tile, each call L2-flushed and bracketed by its own pre-primed event pair, the FIRST call of every burst discarded as a drained-queue launch, a host-side idle gap after each burst setting the sustained duty cycle, and the SM clock, board power and memory clock read through NVML with the burst still in flight; NOT timing.TIMING_BASIS; LOCK MODE: the SM clock locked per state with nvidia-smi -lgc F,F and read back per burst, one duty in every state, each measured burst's gap sized from that burst",,bandwidth=not supplied by caller; bandwidth_source=not supplied by caller; iters=not supplied by caller; ridge=not supplied by caller; ridge_source=not supplied by caller; sglang=package not installed,1,3.12.14,,,,200.0,2.13.0,3.7.1,2026-09-27T08:00:24+00:00,0.27.1,200.0
0.25,0.24954490626993053,0,12,0,mixtral-8x7b,bf16,32,64,64,4,8,4,3,96,384,20,18,3,1.7269760370254517,1.703935980796814,0.019627201179492026,342,34.82746311691072,102.84261088031053,1.7273040413856506,1.7632800340652466,True,1710.0,1710.0,1710.0,1710 1695 1710 1710 1710 1710 1710 1710 1710 1710 1710 1710 1710 1710 1710 1710 1710 1710,18,nvml,False,high,True,,1470.0,296.7985,2619.0,False,6.604540501029987,16.213550868559796,207.99020767211914,True,ok,"LEVEL HIGH (recorded, never an exclusion here): loaded clock 1710 MHz against the 1470 MHz reference. At a duty cycle below 1.0 a HIGH reading is the experiment working, not a cell to drop.","scripts/clock_elasticity.py: bursts of N back-to-back fused_experts calls under one pinned tile, each call L2-flushed and bracketed by its own pre-primed event pair, the FIRST call of every burst discarded as a drained-queue launch, a host-side idle gap after each burst setting the sustained duty cycle, and the SM clock, board power and memory clock read through NVML with the burst still in flight; NOT timing.TIMING_BASIS; LOCK MODE: the SM clock locked per state with nvidia-smi -lgc F,F and read back per burst, one duty in every state, each measured burst's gap sized from that burst",1710,,,13.0,580.105.08,True,1,161f9ec19347efb7aa64ac4c645c527e0d2b46d6,NVIDIA GH200 480GB,192-222-51-98,"scripts/clock_elasticity.py: bursts of N back-to-back fused_experts calls under one pinned tile, each call L2-flushed and bracketed by its own pre-primed event pair, the FIRST call of every burst discarded as a drained-queue launch, a host-side idle gap after each burst setting the sustained duty cycle, and the SM clock, board power and memory clock read through NVML with the burst still in flight; NOT timing.TIMING_BASIS; LOCK MODE: the SM clock locked per state with nvidia-smi -lgc F,F and read back per burst, one duty in every state, each measured burst's gap sized from that burst",,bandwidth=not supplied by caller; bandwidth_source=not supplied by caller; iters=not supplied by caller; ridge=not supplied by caller; ridge_source=not supplied by caller; sglang=package not installed,1,3.12.14,,,,200.0,2.13.0,3.7.1,2026-09-27T08:00:24+00:00,0.27.1,200.0
0.25,0.2498955262936808,0,12,0,mixtral-8x7b,bf16,32,64,64,4,8,4,4,128,512,17,18,3,2.238368034362793,2.2285120487213135,0.005689743940267536,288,38.251404378149246,113.33626060522512,2.2418959736824036,2.237496018409729,True,1710.0,1710.0,1710.0,1710 1710 1710 1710 1710 1710 1710 1710 1710 1710 1710 1710 1710 1710 1710 1710 1710 1710,18,nvml,False,high,True,,1470.0,286.99699999999996,2619.0,False,5.91579800038744,14.33843887553371,229.6497917175293,True,ok,"LEVEL HIGH (recorded, never an exclusion here): loaded clock 1710 MHz against the 1470 MHz reference. At a duty cycle below 1.0 a HIGH reading is the experiment working, not a cell to drop.","scripts/clock_elasticity.py: bursts of N back-to-back fused_experts calls under one pinned tile, each call L2-flushed and bracketed by its own pre-primed event pair, the FIRST call of every burst discarded as a drained-queue launch, a host-side idle gap after each burst setting the sustained duty cycle, and the SM clock, board power and memory clock read through NVML with the burst still in flight; NOT timing.TIMING_BASIS; LOCK MODE: the SM clock locked per state with nvidia-smi -lgc F,F and read back per burst, one duty in every state, each measured burst's gap sized from that burst",1710,,,13.0,580.105.08,True,1,161f9ec19347efb7aa64ac4c645c527e0d2b46d6,NVIDIA GH200 480GB,192-222-51-98,"scripts/clock_elasticity.py: bursts of N back-to-back fused_experts calls under one pinned tile, each call L2-flushed and bracketed by its own pre-primed event pair, the FIRST call of every burst discarded as a drained-queue launch, a host-side idle gap after each burst setting the sustained duty cycle, and the SM clock, board power and memory clock read through NVML with the burst still in flight; NOT timing.TIMING_BASIS; LOCK MODE: the SM clock locked per state with nvidia-smi -lgc F,F and read back per burst, one duty in every state, each measured burst's gap sized from that burst",,bandwidth=not supplied by caller; bandwidth_source=not supplied by caller; iters=not supplied by caller; ridge=not supplied by caller; ridge_source=not supplied by caller; sglang=package not installed,1,3.12.14,,,,200.0,2.13.0,3.7.1,2026-09-27T08:00:24+00:00,0.27.1,200.0
0.25,0.24988788510498844,0,12,0,mixtral-8x7b,bf16,32,64,64,4,8,4,5,160,640,13,18,3,2.792479991912842,2.7761919498443604,0.01738508707554221,216,36.559896813498604,108.50656870560488,2.7986398935317993,2.7922239303588867,True,1710.0,1710.0,1620.0,1710 1710 1590 1710 1710 1710 1710 1710 1710 1710 1710 1710 1710 1710 1710 1605 1710 1620,18,nvml,False,high,False,dropping,1470.0,294.342,2619.0,False,4.505369000071369,11.347768050576573,292.23606395721436,True,ok,"LEVEL HIGH (recorded, never an exclusion here): loaded clock 1710 MHz against the 1470 MHz reference. At a duty cycle below 1.0 a HIGH reading is the experiment working, not a cell to drop.; DRIFT failed, dropping: 1710 -> 1620 MHz over 18 bursts; this cell is EXCLUDED","scripts/clock_elasticity.py: bursts of N back-to-back fused_experts calls under one pinned tile, each call L2-flushed and bracketed by its own pre-primed event pair, the FIRST call of every burst discarded as a drained-queue launch, a host-side idle gap after each burst setting the sustained duty cycle, and the SM clock, board power and memory clock read through NVML with the burst still in flight; NOT timing.TIMING_BASIS; LOCK MODE: the SM clock locked per state with nvidia-smi -lgc F,F and read back per burst, one duty in every state, each measured burst's gap sized from that burst",1710,,,13.0,580.105.08,True,1,161f9ec19347efb7aa64ac4c645c527e0d2b46d6,NVIDIA GH200 480GB,192-222-51-98,"scripts/clock_elasticity.py: bursts of N back-to-back fused_experts calls under one pinned tile, each call L2-flushed and bracketed by its own pre-primed event pair, the FIRST call of every burst discarded as a drained-queue launch, a host-side idle gap after each burst setting the sustained duty cycle, and the SM clock, board power and memory clock read through NVML with the burst still in flight; NOT timing.TIMING_BASIS; LOCK MODE: the SM clock locked per state with nvidia-smi -lgc F,F and read back per burst, one duty in every state, each measured burst's gap sized from that burst",,bandwidth=not supplied by caller; bandwidth_source=not supplied by caller; iters=not supplied by caller; ridge=not supplied by caller; ridge_source=not supplied by caller; sglang=package not installed,1,3.12.14,,,,200.0,2.13.0,3.7.1,2026-09-27T08:00:24+00:00,0.27.1,200.0
0.25,0.2498884241865975,0,12,0,mixtral-8x7b,bf16,32,64,64,4,8,4,6,192,768,11,18,3,3.3394399881362915,3.3247039318084717,0.01530843705617062,180,36.95848894119263,109.88350929923763,3.343448042869568,3.3391679525375366,True,1710.0,1710.0,1710.0,1710 1710 1710 1710 1710 1710 1710 1710 1710 1710 1710 1710 1650 1710 1710 1710 1710 1710,18,nvml,False,high,True,,1470.0,288.3975,2619.0,False,3.893283999786945,9.798757997679102,221.70566368103027,True,ok,"LEVEL HIGH (recorded, never an exclusion here): loaded clock 1710 MHz against the 1470 MHz reference. At a duty cycle below 1.0 a HIGH reading is the experiment working, not a cell to drop.","scripts/clock_elasticity.py: bursts of N back-to-back fused_experts calls under one pinned tile, each call L2-flushed and bracketed by its own pre-primed event pair, the FIRST call of every burst discarded as a drained-queue launch, a host-side idle gap after each burst setting the sustained duty cycle, and the SM clock, board power and memory clock read through NVML with the burst still in flight; NOT timing.TIMING_BASIS; LOCK MODE: the SM clock locked per state with nvidia-smi -lgc F,F and read back per burst, one duty in every state, each measured burst's gap sized from that burst",1710,,,13.0,580.105.08,True,1,161f9ec19347efb7aa64ac4c645c527e0d2b46d6,NVIDIA GH200 480GB,192-222-51-98,"scripts/clock_elasticity.py: bursts of N back-to-back fused_experts calls under one pinned tile, each call L2-flushed and bracketed by its own pre-primed event pair, the FIRST call of every burst discarded as a drained-queue launch, a host-side idle gap after each burst setting the sustained duty cycle, and the SM clock, board power and memory clock read through NVML with the burst still in flight; NOT timing.TIMING_BASIS; LOCK MODE: the SM clock locked per state with nvidia-smi -lgc F,F and read back per burst, one duty in every state, each measured burst's gap sized from that burst",,bandwidth=not supplied by caller; bandwidth_source=not supplied by caller; iters=not supplied by caller; ridge=not supplied by caller; ridge_source=not supplied by caller; sglang=package not installed,1,3.12.14,,,,200.0,2.13.0,3.7.1,2026-09-27T08:00:24+00:00,0.27.1,200.0
0.25,0.24988594367669928,0,12,0,mixtral-8x7b,bf16,32,64,64,4,8,4,7,224,896,9,18,3,3.8957600593566895,3.8771519660949707,0.011648345139851624,144,35.258707563082375,105.02583179117937,3.9016560316085815,3.8952720165252686,True,1710.0,1710.0,1710.0,1710 1710 1680 1710 1710 1710 1710 1710 1710 1620 1710 1710 1710 1710 1620 1710 1710 1710,18,nvml,False,high,True,,1470.0,288.7135,2619.0,False,3.155085000798863,8.127298656576539,282.3520972728729,True,ok,"LEVEL HIGH (recorded, never an exclusion here): loaded clock 1710 MHz against the 1470 MHz reference. At a duty cycle below 1.0 a HIGH reading is the experiment working, not a cell to drop.","scripts/clock_elasticity.py: bursts of N back-to-back fused_experts calls under one pinned tile, each call L2-flushed and bracketed by its own pre-primed event pair, the FIRST call of every burst discarded as a drained-queue launch, a host-side idle gap after each burst setting the sustained duty cycle, and the SM clock, board power and memory clock read through NVML with the burst still in flight; NOT timing.TIMING_BASIS; LOCK MODE: the SM clock locked per state with nvidia-smi -lgc F,F and read back per burst, one duty in every state, each measured burst's gap sized from that burst",1710,,,13.0,580.105.08,True,1,161f9ec19347efb7aa64ac4c645c527e0d2b46d6,NVIDIA GH200 480GB,192-222-51-98,"scripts/clock_elasticity.py: bursts of N back-to-back fused_experts calls under one pinned tile, each call L2-flushed and bracketed by its own pre-primed event pair, the FIRST call of every burst discarded as a drained-queue launch, a host-side idle gap after each burst setting the sustained duty cycle, and the SM clock, board power and memory clock read through NVML with the burst still in flight; NOT timing.TIMING_BASIS; LOCK MODE: the SM clock locked per state with nvidia-smi -lgc F,F and read back per burst, one duty in every state, each measured burst's gap sized from that burst",,bandwidth=not supplied by caller; bandwidth_source=not supplied by caller; iters=not supplied by caller; ridge=not supplied by caller; ridge_source=not supplied by caller; sglang=package not installed,1,3.12.14,,,,200.0,2.13.0,3.7.1,2026-09-27T08:00:24+00:00,0.27.1,200.0
0.25,0.24988345231119052,0,12,0,mixtral-8x7b,bf16,32,64,64,4,8,4,8,256,1024,8,18,3,4.437456130981445,4.427264213562012,0.006406955428911491,126,35.69677334361606,106.32643561295845,4.442080020904541,4.434767961502075,True,1710.0,1710.0,1710.0,1710 1710 1710 1710 1710 1710 1710 1710 1710 1710 1710 1710 1710 1710 1710 1710 1710 1710,18,nvml,False,high,True,,1470.0,281.21299999999997,2619.0,False,2.8129379998063087,7.3080275774351255,214.09481620788574,True,ok,"LEVEL HIGH (recorded, never an exclusion here): loaded clock 1710 MHz against the 1470 MHz reference. At a duty cycle below 1.0 a HIGH reading is the experiment working, not a cell to drop.","scripts/clock_elasticity.py: bursts of N back-to-back fused_experts calls under one pinned tile, each call L2-flushed and bracketed by its own pre-primed event pair, the FIRST call of every burst discarded as a drained-queue launch, a host-side idle gap after each burst setting the sustained duty cycle, and the SM clock, board power and memory clock read through NVML with the burst still in flight; NOT timing.TIMING_BASIS; LOCK MODE: the SM clock locked per state with nvidia-smi -lgc F,F and read back per burst, one duty in every state, each measured burst's gap sized from that burst",1710,,,13.0,580.105.08,True,1,161f9ec19347efb7aa64ac4c645c527e0d2b46d6,NVIDIA GH200 480GB,192-222-51-98,"scripts/clock_elasticity.py: bursts of N back-to-back fused_experts calls under one pinned tile, each call L2-flushed and bracketed by its own pre-primed event pair, the FIRST call of every burst discarded as a drained-queue launch, a host-side idle gap after each burst setting the sustained duty cycle, and the SM clock, board power and memory clock read through NVML with the burst still in flight; NOT timing.TIMING_BASIS; LOCK MODE: the SM clock locked per state with nvidia-smi -lgc F,F and read back per burst, one duty in every state, each measured burst's gap sized from that burst",,bandwidth=not supplied by caller; bandwidth_source=not supplied by caller; iters=not supplied by caller; ridge=not supplied by caller; ridge_source=not supplied by caller; sglang=package not installed,1,3.12.14,,,,200.0,2.13.0,3.7.1,2026-09-27T08:00:24+00:00,0.27.1,200.0
0.25,0.24989846204095448,1,12,1,mixtral-8x7b,bf16,32,64,64,4,8,4,1,32,128,47,18,3,0.8606559932231903,0.8519999980926514,0.0033363450791556075,828,40.61942936314477,118.00228340303148,0.8607040047645569,0.8602719902992249,True,1500.0,1500.0,1500.0,1500 1500 1500 1500 1500 1500 1500 1500 1500 1500 1500 1500 1500 1500 1500 1500 1500 1500,18,nvml,True,,True,,1470.0,246.00400000000002,2619.0,False,14.925128500181017,30.289416970142366,203.1871356368065,True,ok,,"scripts/clock_elasticity.py: bursts of N back-to-back fused_experts calls under one pinned tile, each call L2-flushed and bracketed by its own pre-primed event pair, the FIRST call of every burst discarded as a drained-queue launch, a host-side idle gap after each burst setting the sustained duty cycle, and the SM clock, board power and memory clock read through NVML with the burst still in flight; NOT timing.TIMING_BASIS; LOCK MODE: the SM clock locked per state with nvidia-smi -lgc F,F and read back per burst, one duty in every state, each measured burst's gap sized from that burst",1500,,,13.0,580.105.08,True,1,161f9ec19347efb7aa64ac4c645c527e0d2b46d6,NVIDIA GH200 480GB,192-222-51-98,"scripts/clock_elasticity.py: bursts of N back-to-back fused_experts calls under one pinned tile, each call L2-flushed and bracketed by its own pre-primed event pair, the FIRST call of every burst discarded as a drained-queue launch, a host-side idle gap after each burst setting the sustained duty cycle, and the SM clock, board power and memory clock read through NVML with the burst still in flight; NOT timing.TIMING_BASIS; LOCK MODE: the SM clock locked per state with nvidia-smi -lgc F,F and read back per burst, one duty in every state, each measured burst's gap sized from that burst",,bandwidth=not supplied by caller; bandwidth_source=not supplied by caller; iters=not supplied by caller; ridge=not supplied by caller; ridge_source=not supplied by caller; sglang=package not installed,1,3.12.14,,,,200.0,2.13.0,3.7.1,2026-09-27T08:00:24+00:00,0.27.1,200.0
0.25,0.24989493009678615,1,12,1,mixtral-8x7b,bf16,32,64,64,4,8,4,2,64,256,31,18,3,1.3211520314216614,1.305408000946045,0.006549949642972103,540,41.14767642153634,120.84161792392115,1.323136031627655,1.3200640082359314,True,1500.0,1500.0,1500.0,1500 1500 1500 1500 1500 1500 1500 1500 1500 1500 1500 1500 1500 1500 1500 1500 1500 1500,18,nvml,True,,True,,1470.0,244.4875,2619.0,False,10.088156000165327,23.54905222952697,205.7397118806839,True,ok,,"scripts/clock_elasticity.py: bursts of N back-to-back fused_experts calls under one pinned tile, each call L2-flushed and bracketed by its own pre-primed event pair, the FIRST call of every burst discarded as a drained-queue launch, a host-side idle gap after each burst setting the sustained duty cycle, and the SM clock, board power and memory clock read through NVML with the burst still in flight; NOT timing.TIMING_BASIS; LOCK MODE: the SM clock locked per state with nvidia-smi -lgc F,F and read back per burst, one duty in every state, each measured burst's gap sized from that burst",1500,,,13.0,580.105.08,True,1,161f9ec19347efb7aa64ac4c645c527e0d2b46d6,NVIDIA GH200 480GB,192-222-51-98,"scripts/clock_elasticity.py: bursts of N back-to-back fused_experts calls under one pinned tile, each call L2-flushed and bracketed by its own pre-primed event pair, the FIRST call of every burst discarded as a drained-queue launch, a host-side idle gap after each burst setting the sustained duty cycle, and the SM clock, board power and memory clock read through NVML with the burst still in flight; NOT timing.TIMING_BASIS; LOCK MODE: the SM clock locked per state with nvidia-smi -lgc F,F and read back per burst, one duty in every state, each measured burst's gap sized from that burst",,bandwidth=not supplied by caller; bandwidth_source=not supplied by caller; iters=not supplied by caller; ridge=not supplied by caller; ridge_source=not supplied by caller; sglang=package not installed,1,3.12.14,,,,200.0,2.13.0,3.7.1,2026-09-27T08:00:24+00:00,0.27.1,200.0
0.25,0.24988732439910252,1,12,1,mixtral-8x7b,bf16,32,64,64,4,8,4,3,96,384,20,18,3,1.9476959705352783,1.9334399700164795,0.008034850434334011,342,39.14667373895645,115.72965905706951,1.9523680210113525,1.9444799721240997,True,1500.0,1500.0,1500.0,1500 1500 1500 1500 1500 1500 1500 1500 1500 1500 1500 1500 1500 1500 1500 1500 1500 1500,18,nvml,True,,True,,1470.0,241.09699999999998,2619.0,False,6.421882500035281,16.73395850723147,235.36729562282562,True,ok,,"scripts/clock_elasticity.py: bursts of N back-to-back fused_experts calls under one pinned tile, each call L2-flushed and bracketed by its own pre-primed event pair, the FIRST call of every burst discarded as a drained-queue launch, a host-side idle gap after each burst setting the sustained duty cycle, and the SM clock, board power and memory clock read through NVML with the burst still in flight; NOT timing.TIMING_BASIS; LOCK MODE: the SM clock locked per state with nvidia-smi -lgc F,F and read back per burst, one duty in every state, each measured burst's gap sized from that burst",1500,,,13.0,580.105.08,True,1,161f9ec19347efb7aa64ac4c645c527e0d2b46d6,NVIDIA GH200 480GB,192-222-51-98,"scripts/clock_elasticity.py: bursts of N back-to-back fused_experts calls under one pinned tile, each call L2-flushed and bracketed by its own pre-primed event pair, the FIRST call of every burst discarded as a drained-queue launch, a host-side idle gap after each burst setting the sustained duty cycle, and the SM clock, board power and memory clock read through NVML with the burst still in flight; NOT timing.TIMING_BASIS; LOCK MODE: the SM clock locked per state with nvidia-smi -lgc F,F and read back per burst, one duty in every state, each measured burst's gap sized from that burst",,bandwidth=not supplied by caller; bandwidth_source=not supplied by caller; iters=not supplied by caller; ridge=not supplied by caller; ridge_source=not supplied by caller; sglang=package not installed,1,3.12.14,,,,200.0,2.13.0,3.7.1,2026-09-27T08:00:24+00:00,0.27.1,200.0
0.25,0.24990467140352995,1,12,1,mixtral-8x7b,bf16,32,64,64,4,8,4,4,128,512,17,18,3,2.5396480560302734,2.534559965133667,0.006448144159026974,288,43.395448976092865,128.66860071846168,2.5427839756011963,2.5373679995536804,True,1500.0,1500.0,1500.0,1500 1500 1500 1500 1500 1500 1500 1500 1500 1500 1500 1500 1500 1500 1500 1500 1500 1500,18,nvml,True,,True,,1470.0,232.73000000000002,2619.0,False,5.80291650021536,14.75009085146616,216.92067217826843,True,ok,,"scripts/clock_elasticity.py: bursts of N back-to-back fused_experts calls under one pinned tile, each call L2-flushed and bracketed by its own pre-primed event pair, the FIRST call of every burst discarded as a drained-queue launch, a host-side idle gap after each burst setting the sustained duty cycle, and the SM clock, board power and memory clock read through NVML with the burst still in flight; NOT timing.TIMING_BASIS; LOCK MODE: the SM clock locked per state with nvidia-smi -lgc F,F and read back per burst, one duty in every state, each measured burst's gap sized from that burst",1500,,,13.0,580.105.08,True,1,161f9ec19347efb7aa64ac4c645c527e0d2b46d6,NVIDIA GH200 480GB,192-222-51-98,"scripts/clock_elasticity.py: bursts of N back-to-back fused_experts calls under one pinned tile, each call L2-flushed and bracketed by its own pre-primed event pair, the FIRST call of every burst discarded as a drained-queue launch, a host-side idle gap after each burst setting the sustained duty cycle, and the SM clock, board power and memory clock read through NVML with the burst still in flight; NOT timing.TIMING_BASIS; LOCK MODE: the SM clock locked per state with nvidia-smi -lgc F,F and read back per burst, one duty in every state, each measured burst's gap sized from that burst",,bandwidth=not supplied by caller; bandwidth_source=not supplied by caller; iters=not supplied by caller; ridge=not supplied by caller; ridge_source=not supplied by caller; sglang=package not installed,1,3.12.14,,,,200.0,2.13.0,3.7.1,2026-09-27T08:00:24+00:00,0.27.1,200.0
0.25,0.2498995301400254,1,12,1,mixtral-8x7b,bf16,32,64,64,4,8,4,5,160,640,13,18,3,3.1619359254837036,3.155616044998169,0.00663975822421518,216,41.363550225893654,122.88868422226369,3.1635520458221436,3.160399913787842,True,1500.0,1500.0,1500.0,1500 1500 1500 1500 1500 1500 1500 1500 1500 1500 1500 1500 1500 1500 1500 1500 1500 1500,18,nvml,True,,True,,1470.0,239.7375,2619.0,False,4.5796889999110135,11.446714521803585,206.38553619384766,True,ok,,"scripts/clock_elasticity.py: bursts of N back-to-back fused_experts calls under one pinned tile, each call L2-flushed and bracketed by its own pre-primed event pair, the FIRST call of every burst discarded as a drained-queue launch, a host-side idle gap after each burst setting the sustained duty cycle, and the SM clock, board power and memory clock read through NVML with the burst still in flight; NOT timing.TIMING_BASIS; LOCK MODE: the SM clock locked per state with nvidia-smi -lgc F,F and read back per burst, one duty in every state, each measured burst's gap sized from that burst",1500,,,13.0,580.105.08,True,1,161f9ec19347efb7aa64ac4c645c527e0d2b46d6,NVIDIA GH200 480GB,192-222-51-98,"scripts/clock_elasticity.py: bursts of N back-to-back fused_experts calls under one pinned tile, each call L2-flushed and bracketed by its own pre-primed event pair, the FIRST call of every burst discarded as a drained-queue launch, a host-side idle gap after each burst setting the sustained duty cycle, and the SM clock, board power and memory clock read through NVML with the burst still in flight; NOT timing.TIMING_BASIS; LOCK MODE: the SM clock locked per state with nvidia-smi -lgc F,F and read back per burst, one duty in every state, each measured burst's gap sized from that burst",,bandwidth=not supplied by caller; bandwidth_source=not supplied by caller; iters=not supplied by caller; ridge=not supplied by caller; ridge_source=not supplied by caller; sglang=package not installed,1,3.12.14,,,,200.0,2.13.0,3.7.1,2026-09-27T08:00:24+00:00,0.27.1,200.0
0.25,0.24989945834914024,1,12,1,mixtral-8x7b,bf16,32,64,64,4,8,4,6,192,768,11,18,3,3.788319945335388,3.780832052230835,0.009086848941791978,180,41.889635456932915,124.58280967883184,3.790000021457672,3.788711965084076,True,1500.0,1500.0,1500.0,1500 1500 1500 1500 1500 1500 1500 1500 1500 1500 1500 1500 1500 1500 1500 1500 1500 1500,18,nvml,True,,True,,1470.0,237.1745,2619.0,False,3.8624674998573028,9.945360594008818,209.4452474117279,True,ok,,"scripts/clock_elasticity.py: bursts of N back-to-back fused_experts calls under one pinned tile, each call L2-flushed and bracketed by its own pre-primed event pair, the FIRST call of every burst discarded as a drained-queue launch, a host-side idle gap after each burst setting the sustained duty cycle, and the SM clock, board power and memory clock read through NVML with the burst still in flight; NOT timing.TIMING_BASIS; LOCK MODE: the SM clock locked per state with nvidia-smi -lgc F,F and read back per burst, one duty in every state, each measured burst's gap sized from that burst",1500,,,13.0,580.105.08,True,1,161f9ec19347efb7aa64ac4c645c527e0d2b46d6,NVIDIA GH200 480GB,192-222-51-98,"scripts/clock_elasticity.py: bursts of N back-to-back fused_experts calls under one pinned tile, each call L2-flushed and bracketed by its own pre-primed event pair, the FIRST call of every burst discarded as a drained-queue launch, a host-side idle gap after each burst setting the sustained duty cycle, and the SM clock, board power and memory clock read through NVML with the burst still in flight; NOT timing.TIMING_BASIS; LOCK MODE: the SM clock locked per state with nvidia-smi -lgc F,F and read back per burst, one duty in every state, each measured burst's gap sized from that burst",,bandwidth=not supplied by caller; bandwidth_source=not supplied by caller; iters=not supplied by caller; ridge=not supplied by caller; ridge_source=not supplied by caller; sglang=package not installed,1,3.12.14,,,,200.0,2.13.0,3.7.1,2026-09-27T08:00:24+00:00,0.27.1,200.0
0.25,0.24989498155126966,1,12,1,mixtral-8x7b,bf16,32,64,64,4,8,4,7,224,896,9,18,3,4.4179840087890625,4.409855842590332,0.011131298633051616,144,39.989914655685425,119.10487559042666,4.4216800928115845,4.418936014175415,True,1500.0,1500.0,1500.0,1500 1500 1500 1500 1500 1500 1500 1500 1500 1500 1500 1500 1500 1500 1500 1500 1500 1500,18,nvml,True,,True,,1470.0,232.3775,2619.0,False,3.1695649986431818,8.22672976243179,240.03913688659668,True,ok,,"scripts/clock_elasticity.py: bursts of N back-to-back fused_experts calls under one pinned tile, each call L2-flushed and bracketed by its own pre-primed event pair, the FIRST call of every burst discarded as a drained-queue launch, a host-side idle gap after each burst setting the sustained duty cycle, and the SM clock, board power and memory clock read through NVML with the burst still in flight; NOT timing.TIMING_BASIS; LOCK MODE: the SM clock locked per state with nvidia-smi -lgc F,F and read back per burst, one duty in every state, each measured burst's gap sized from that burst",1500,,,13.0,580.105.08,True,1,161f9ec19347efb7aa64ac4c645c527e0d2b46d6,NVIDIA GH200 480GB,192-222-51-98,"scripts/clock_elasticity.py: bursts of N back-to-back fused_experts calls under one pinned tile, each call L2-flushed and bracketed by its own pre-primed event pair, the FIRST call of every burst discarded as a drained-queue launch, a host-side idle gap after each burst setting the sustained duty cycle, and the SM clock, board power and memory clock read through NVML with the burst still in flight; NOT timing.TIMING_BASIS; LOCK MODE: the SM clock locked per state with nvidia-smi -lgc F,F and read back per burst, one duty in every state, each measured burst's gap sized from that burst",,bandwidth=not supplied by caller; bandwidth_source=not supplied by caller; iters=not supplied by caller; ridge=not supplied by caller; ridge_source=not supplied by caller; sglang=package not installed,1,3.12.14,,,,200.0,2.13.0,3.7.1,2026-09-27T08:00:24+00:00,0.27.1,200.0
0.25,0.24989852971056128,1,12,1,mixtral-8x7b,bf16,32,64,64,4,8,4,8,256,1024,8,18,3,5.0447678565979,5.032864093780518,0.012742500340494914,126,40.57218135727776,120.9697672196562,5.052255868911743,5.045104026794434,True,1500.0,1500.0,1500.0,1500 1500 1500 1500 1500 1500 1500 1500 1500 1500 1500 1500 1500 1500 1500 1500 1500 1500,18,nvml,True,,True,,1470.0,225.347,2619.0,False,2.8235459994903067,7.3833853976562835,203.09168004989624,True,ok,,"scripts/clock_elasticity.py: bursts of N back-to-back fused_experts calls under one pinned tile, each call L2-flushed and bracketed by its own pre-primed event pair, the FIRST call of every burst discarded as a drained-queue launch, a host-side idle gap after each burst setting the sustained duty cycle, and the SM clock, board power and memory clock read through NVML with the burst still in flight; NOT timing.TIMING_BASIS; LOCK MODE: the SM clock locked per state with nvidia-smi -lgc F,F and read back per burst, one duty in every state, each measured burst's gap sized from that burst",1500,,,13.0,580.105.08,True,1,161f9ec19347efb7aa64ac4c645c527e0d2b46d6,NVIDIA GH200 480GB,192-222-51-98,"scripts/clock_elasticity.py: bursts of N back-to-back fused_experts calls under one pinned tile, each call L2-flushed and bracketed by its own pre-primed event pair, the FIRST call of every burst discarded as a drained-queue launch, a host-side idle gap after each burst setting the sustained duty cycle, and the SM clock, board power and memory clock read through NVML with the burst still in flight; NOT timing.TIMING_BASIS; LOCK MODE: the SM clock locked per state with nvidia-smi -lgc F,F and read back per burst, one duty in every state, each measured burst's gap sized from that burst",,bandwidth=not supplied by caller; bandwidth_source=not supplied by caller; iters=not supplied by caller; ridge=not supplied by caller; ridge_source=not supplied by caller; sglang=package not installed,1,3.12.14,,,,200.0,2.13.0,3.7.1,2026-09-27T08:00:24+00:00,0.27.1,200.0
0.25,0.24989669962157965,2,12,2,mixtral-8x7b,bf16,32,64,64,4,8,4,1,32,128,47,18,3,0.8648959994316101,0.8562560081481934,0.0030833743778624686,828,40.8044408791595,118.53261660110002,0.8650879859924316,0.8646880090236664,True,1410.0,1410.0,1410.0,1410 1410 1410 1410 1410 1410 1410 1410 1410 1410 1410 1410 1410 1410 1410 1410 1410 1410,18,nvml,True,,True,,1470.0,224.744,2619.0,False,14.90839199959737,30.71809777031443,204.01270431280136,True,ok,,"scripts/clock_elasticity.py: bursts of N back-to-back fused_experts calls under one pinned tile, each call L2-flushed and bracketed by its own pre-primed event pair, the FIRST call of every burst discarded as a drained-queue launch, a host-side idle gap after each burst setting the sustained duty cycle, and the SM clock, board power and memory clock read through NVML with the burst still in flight; NOT timing.TIMING_BASIS; LOCK MODE: the SM clock locked per state with nvidia-smi -lgc F,F and read back per burst, one duty in every state, each measured burst's gap sized from that burst",1410,,,13.0,580.105.08,True,1,161f9ec19347efb7aa64ac4c645c527e0d2b46d6,NVIDIA GH200 480GB,192-222-51-98,"scripts/clock_elasticity.py: bursts of N back-to-back fused_experts calls under one pinned tile, each call L2-flushed and bracketed by its own pre-primed event pair, the FIRST call of every burst discarded as a drained-queue launch, a host-side idle gap after each burst setting the sustained duty cycle, and the SM clock, board power and memory clock read through NVML with the burst still in flight; NOT timing.TIMING_BASIS; LOCK MODE: the SM clock locked per state with nvidia-smi -lgc F,F and read back per burst, one duty in every state, each measured burst's gap sized from that burst",,bandwidth=not supplied by caller; bandwidth_source=not supplied by caller; iters=not supplied by caller; ridge=not supplied by caller; ridge_source=not supplied by caller; sglang=package not installed,1,3.12.14,,,,200.0,2.13.0,3.7.1,2026-09-27T08:00:24+00:00,0.27.1,200.0
0.25,0.24990490196112922,2,12,2,mixtral-8x7b,bf16,32,64,64,4,8,4,2,64,256,31,18,3,1.4044640064239502,1.3856960535049438,0.008731684612454159,540,43.70338131984075,128.3819302877819,1.4046080112457275,1.4047199487686157,True,1410.0,1410.0,1410.0,1410 1410 1410 1410 1410 1410 1410 1410 1410 1410 1410 1410 1410 1410 1410 1410 1410 1410,18,nvml,True,,True,,1470.0,221.603,2619.0,False,9.664551998866955,24.311512530367462,218.76118409633636,True,ok,,"scripts/clock_elasticity.py: bursts of N back-to-back fused_experts calls under one pinned tile, each call L2-flushed and bracketed by its own pre-primed event pair, the FIRST call of every burst discarded as a drained-queue launch, a host-side idle gap after each burst setting the sustained duty cycle, and the SM clock, board power and memory clock read through NVML with the burst still in flight; NOT timing.TIMING_BASIS; LOCK MODE: the SM clock locked per state with nvidia-smi -lgc F,F and read back per burst, one duty in every state, each measured burst's gap sized from that burst",1410,,,13.0,580.105.08,True,1,161f9ec19347efb7aa64ac4c645c527e0d2b46d6,NVIDIA GH200 480GB,192-222-51-98,"scripts/clock_elasticity.py: bursts of N back-to-back fused_experts calls under one pinned tile, each call L2-flushed and bracketed by its own pre-primed event pair, the FIRST call of every burst discarded as a drained-queue launch, a host-side idle gap after each burst setting the sustained duty cycle, and the SM clock, board power and memory clock read through NVML with the burst still in flight; NOT timing.TIMING_BASIS; LOCK MODE: the SM clock locked per state with nvidia-smi -lgc F,F and read back per burst, one duty in every state, each measured burst's gap sized from that burst",,bandwidth=not supplied by caller; bandwidth_source=not supplied by caller; iters=not supplied by caller; ridge=not supplied by caller; ridge_source=not supplied by caller; sglang=package not installed,1,3.12.14,,,,200.0,2.13.0,3.7.1,2026-09-27T08:00:24+00:00,0.27.1,200.0
0.25,0.24989831036625618,2,12,2,mixtral-8x7b,bf16,32,64,64,4,8,4,3,96,384,20,18,3,2.069727897644043,2.0533759593963623,0.008845737737720755,342,41.570640087127686,122.99277436538978,2.0696160793304443,2.070240020751953,True,1410.0,1410.0,1410.0,1410 1410 1410 1410 1410 1410 1410 1410 1410 1410 1410 1410 1410 1410 1410 1410 1410 1410,18,nvml,True,,True,,1470.0,218.923,2619.0,False,6.333705500765063,16.886168120646552,207.5487995147705,True,ok,,"scripts/clock_elasticity.py: bursts of N back-to-back fused_experts calls under one pinned tile, each call L2-flushed and bracketed by its own pre-primed event pair, the FIRST call of every burst discarded as a drained-queue launch, a host-side idle gap after each burst setting the sustained duty cycle, and the SM clock, board power and memory clock read through NVML with the burst still in flight; NOT timing.TIMING_BASIS; LOCK MODE: the SM clock locked per state with nvidia-smi -lgc F,F and read back per burst, one duty in every state, each measured burst's gap sized from that burst",1410,,,13.0,580.105.08,True,1,161f9ec19347efb7aa64ac4c645c527e0d2b46d6,NVIDIA GH200 480GB,192-222-51-98,"scripts/clock_elasticity.py: bursts of N back-to-back fused_experts calls under one pinned tile, each call L2-flushed and bracketed by its own pre-primed event pair, the FIRST call of every burst discarded as a drained-queue launch, a host-side idle gap after each burst setting the sustained duty cycle, and the SM clock, board power and memory clock read through NVML with the burst still in flight; NOT timing.TIMING_BASIS; LOCK MODE: the SM clock locked per state with nvidia-smi -lgc F,F and read back per burst, one duty in every state, each measured burst's gap sized from that burst",,bandwidth=not supplied by caller; bandwidth_source=not supplied by caller; iters=not supplied by caller; ridge=not supplied by caller; ridge_source=not supplied by caller; sglang=package not installed,1,3.12.14,,,,200.0,2.13.0,3.7.1,2026-09-27T08:00:24+00:00,0.27.1,200.0
0.25,0.24991074361914542,2,12,2,mixtral-8x7b,bf16,32,64,64,4,8,4,4,128,512,17,18,3,2.7018558979034424,2.6966400146484375,0.0071409078728759305,288,46.16466845406426,137.00713252147398,2.7040239572525024,2.698815941810608,True,1410.0,1410.0,1410.0,1410 1410 1410 1410 1410 1410 1410 1410 1410 1410 1410 1410 1410 1410 1410 1410 1410 1410,18,nvml,True,,True,,1470.0,196.4085,2619.0,False,5.799765000119805,14.737349231560916,230.36809706687927,True,ok,,"scripts/clock_elasticity.py: bursts of N back-to-back fused_experts calls under one pinned tile, each call L2-flushed and bracketed by its own pre-primed event pair, the FIRST call of every burst discarded as a drained-queue launch, a host-side idle gap after each burst setting the sustained duty cycle, and the SM clock, board power and memory clock read through NVML with the burst still in flight; NOT timing.TIMING_BASIS; LOCK MODE: the SM clock locked per state with nvidia-smi -lgc F,F and read back per burst, one duty in every state, each measured burst's gap sized from that burst",1410,,,13.0,580.105.08,True,1,161f9ec19347efb7aa64ac4c645c527e0d2b46d6,NVIDIA GH200 480GB,192-222-51-98,"scripts/clock_elasticity.py: bursts of N back-to-back fused_experts calls under one pinned tile, each call L2-flushed and bracketed by its own pre-primed event pair, the FIRST call of every burst discarded as a drained-queue launch, a host-side idle gap after each burst setting the sustained duty cycle, and the SM clock, board power and memory clock read through NVML with the burst still in flight; NOT timing.TIMING_BASIS; LOCK MODE: the SM clock locked per state with nvidia-smi -lgc F,F and read back per burst, one duty in every state, each measured burst's gap sized from that burst",,bandwidth=not supplied by caller; bandwidth_source=not supplied by caller; iters=not supplied by caller; ridge=not supplied by caller; ridge_source=not supplied by caller; sglang=package not installed,1,3.12.14,,,,200.0,2.13.0,3.7.1,2026-09-27T08:00:24+00:00,0.27.1,200.0
0.25,0.24990559879752258,2,12,2,mixtral-8x7b,bf16,32,64,64,4,8,4,5,160,640,13,18,3,3.3609120845794678,3.3561599254608154,0.008650681562887992,216,43.932899514834084,130.62747772436705,3.362704038619995,3.3596320152282715,True,1410.0,1410.0,1410.0,1410 1410 1410 1410 1410 1410 1410 1410 1410 1410 1410 1410 1410 1410 1410 1410 1410 1410,18,nvml,True,,True,,1470.0,217.764,2619.0,False,4.430392499671143,11.580082739221664,219.8508791923523,True,ok,,"scripts/clock_elasticity.py: bursts of N back-to-back fused_experts calls under one pinned tile, each call L2-flushed and bracketed by its own pre-primed event pair, the FIRST call of every burst discarded as a drained-queue launch, a host-side idle gap after each burst setting the sustained duty cycle, and the SM clock, board power and memory clock read through NVML with the burst still in flight; NOT timing.TIMING_BASIS; LOCK MODE: the SM clock locked per state with nvidia-smi -lgc F,F and read back per burst, one duty in every state, each measured burst's gap sized from that burst",1410,,,13.0,580.105.08,True,1,161f9ec19347efb7aa64ac4c645c527e0d2b46d6,NVIDIA GH200 480GB,192-222-51-98,"scripts/clock_elasticity.py: bursts of N back-to-back fused_experts calls under one pinned tile, each call L2-flushed and bracketed by its own pre-primed event pair, the FIRST call of every burst discarded as a drained-queue launch, a host-side idle gap after each burst setting the sustained duty cycle, and the SM clock, board power and memory clock read through NVML with the burst still in flight; NOT timing.TIMING_BASIS; LOCK MODE: the SM clock locked per state with nvidia-smi -lgc F,F and read back per burst, one duty in every state, each measured burst's gap sized from that burst",,bandwidth=not supplied by caller; bandwidth_source=not supplied by caller; iters=not supplied by caller; ridge=not supplied by caller; ridge_source=not supplied by caller; sglang=package not installed,1,3.12.14,,,,200.0,2.13.0,3.7.1,2026-09-27T08:00:24+00:00,0.27.1,200.0
0.25,0.2499075203144557,2,12,2,mixtral-8x7b,bf16,32,64,64,4,8,4,6,192,768,11,18,3,4.025856018066406,4.0188798904418945,0.008159016514368395,180,44.50087997648451,132.482640157592,4.027144074440002,4.02564001083374,True,1410.0,1410.0,1410.0,1410 1410 1410 1410 1410 1410 1410 1410 1410 1410 1410 1410 1410 1410 1410 1410 1410 1410,18,nvml,True,,True,,1470.0,215.06099999999998,2619.0,False,3.7825304998477804,10.006856453139743,222.79235172271729,True,ok,,"scripts/clock_elasticity.py: bursts of N back-to-back fused_experts calls under one pinned tile, each call L2-flushed and bracketed by its own pre-primed event pair, the FIRST call of every burst discarded as a drained-queue launch, a host-side idle gap after each burst setting the sustained duty cycle, and the SM clock, board power and memory clock read through NVML with the burst still in flight; NOT timing.TIMING_BASIS; LOCK MODE: the SM clock locked per state with nvidia-smi -lgc F,F and read back per burst, one duty in every state, each measured burst's gap sized from that burst",1410,,,13.0,580.105.08,True,1,161f9ec19347efb7aa64ac4c645c527e0d2b46d6,NVIDIA GH200 480GB,192-222-51-98,"scripts/clock_elasticity.py: bursts of N back-to-back fused_experts calls under one pinned tile, each call L2-flushed and bracketed by its own pre-primed event pair, the FIRST call of every burst discarded as a drained-queue launch, a host-side idle gap after each burst setting the sustained duty cycle, and the SM clock, board power and memory clock read through NVML with the burst still in flight; NOT timing.TIMING_BASIS; LOCK MODE: the SM clock locked per state with nvidia-smi -lgc F,F and read back per burst, one duty in every state, each measured burst's gap sized from that burst",,bandwidth=not supplied by caller; bandwidth_source=not supplied by caller; iters=not supplied by caller; ridge=not supplied by caller; ridge_source=not supplied by caller; sglang=package not installed,1,3.12.14,,,,200.0,2.13.0,3.7.1,2026-09-27T08:00:24+00:00,0.27.1,200.0
0.25,0.24989747948054533,2,12,2,mixtral-8x7b,bf16,32,64,64,4,8,4,7,224,896,9,18,3,4.69483208656311,4.689055919647217,0.007691696789186387,144,42.51643398072984,126.73058123822555,4.70634388923645,4.693320035934448,True,1410.0,1410.0,1410.0,1410 1410 1410 1410 1410 1410 1410 1410 1410 1410 1410 1410 1410 1410 1410 1410 1410 1410,18,nvml,True,,True,,1470.0,210.8425,2619.0,False,3.179372501108446,8.234348957136175,212.6295371055603,True,ok,,"scripts/clock_elasticity.py: bursts of N back-to-back fused_experts calls under one pinned tile, each call L2-flushed and bracketed by its own pre-primed event pair, the FIRST call of every burst discarded as a drained-queue launch, a host-side idle gap after each burst setting the sustained duty cycle, and the SM clock, board power and memory clock read through NVML with the burst still in flight; NOT timing.TIMING_BASIS; LOCK MODE: the SM clock locked per state with nvidia-smi -lgc F,F and read back per burst, one duty in every state, each measured burst's gap sized from that burst",1410,,,13.0,580.105.08,True,1,161f9ec19347efb7aa64ac4c645c527e0d2b46d6,NVIDIA GH200 480GB,192-222-51-98,"scripts/clock_elasticity.py: bursts of N back-to-back fused_experts calls under one pinned tile, each call L2-flushed and bracketed by its own pre-primed event pair, the FIRST call of every burst discarded as a drained-queue launch, a host-side idle gap after each burst setting the sustained duty cycle, and the SM clock, board power and memory clock read through NVML with the burst still in flight; NOT timing.TIMING_BASIS; LOCK MODE: the SM clock locked per state with nvidia-smi -lgc F,F and read back per burst, one duty in every state, each measured burst's gap sized from that burst",,bandwidth=not supplied by caller; bandwidth_source=not supplied by caller; iters=not supplied by caller; ridge=not supplied by caller; ridge_source=not supplied by caller; sglang=package not installed,1,3.12.14,,,,200.0,2.13.0,3.7.1,2026-09-27T08:00:24+00:00,0.27.1,200.0
0.25,0.24990552951173503,2,12,2,mixtral-8x7b,bf16,32,64,64,4,8,4,8,256,1024,8,18,3,5.360560178756714,5.351136207580566,0.012676247105366889,126,43.12030755148994,128.596529266586,5.361968040466309,5.364799976348877,True,1410.0,1410.0,1410.0,1410 1410 1410 1410 1410 1410 1410 1410 1410 1410 1410 1410 1410 1410 1410 1410 1410 1410,18,nvml,True,,True,,1470.0,203.0805,2619.0,False,2.9022984999755863,7.428144610940968,215.72880172729492,True,ok,,"scripts/clock_elasticity.py: bursts of N back-to-back fused_experts calls under one pinned tile, each call L2-flushed and bracketed by its own pre-primed event pair, the FIRST call of every burst discarded as a drained-queue launch, a host-side idle gap after each burst setting the sustained duty cycle, and the SM clock, board power and memory clock read through NVML with the burst still in flight; NOT timing.TIMING_BASIS; LOCK MODE: the SM clock locked per state with nvidia-smi -lgc F,F and read back per burst, one duty in every state, each measured burst's gap sized from that burst",1410,,,13.0,580.105.08,True,1,161f9ec19347efb7aa64ac4c645c527e0d2b46d6,NVIDIA GH200 480GB,192-222-51-98,"scripts/clock_elasticity.py: bursts of N back-to-back fused_experts calls under one pinned tile, each call L2-flushed and bracketed by its own pre-primed event pair, the FIRST call of every burst discarded as a drained-queue launch, a host-side idle gap after each burst setting the sustained duty cycle, and the SM clock, board power and memory clock read through NVML with the burst still in flight; NOT timing.TIMING_BASIS; LOCK MODE: the SM clock locked per state with nvidia-smi -lgc F,F and read back per burst, one duty in every state, each measured burst's gap sized from that burst",,bandwidth=not supplied by caller; bandwidth_source=not supplied by caller; iters=not supplied by caller; ridge=not supplied by caller; ridge_source=not supplied by caller; sglang=package not installed,1,3.12.14,,,,200.0,2.13.0,3.7.1,2026-09-27T08:00:24+00:00,0.27.1,200.0
