arm,repeat,block_m,tiles,rows_per_expert,tokens,copies,experts_declared,ms_p50,ms_min,ms_stdev,iters,trials,warmup_ms,instrument,sm_clock_load_mhz,clock_level_ok,clock_level_side,clock_drift_ok,l2_flush,status,detail,duty,power_w,duty_achieved,calls_per_burst,gap_ms,head_ms,tail_ms,within_burst_ok,clock_samples_mhz,host_bound,prov_bandwidth,prov_bandwidth_source,prov_cuda_version,prov_driver_version,prov_git_dirty,prov_git_dirty_files,prov_git_sha,prov_gpu_name,prov_hostname,prov_instrument,prov_iters,prov_missing,prov_provenance_version,prov_python,prov_ridge,prov_ridge_source,prov_sglang,prov_target_ms,prov_torch,prov_triton,prov_utc,prov_vllm,prov_warmup_ms
native,0,32,1,32,128,1,8,0.7439039945602417,0.7326080203056335,0.004050363001524789,260,3,317.66188782453537,"scripts/clock_elasticity.py: bursts of N back-to-back fused_experts calls under one pinned tile, each call L2-flushed and bracketed by its own pre-primed event pair, the FIRST call of every burst discarded as a drained-queue launch, a host-side idle gap after each burst setting the sustained duty cycle, and the SM clock, board power and memory clock read through NVML with the burst still in flight; NOT timing.TIMING_BASIS",1965.0,False,high,True,True,ok,"LEVEL HIGH (recorded, never an exclusion here): loaded clock 1965 MHz against the 1470 MHz reference. At a duty cycle below 1.0 a HIGH reading is the experiment working, not a cell to drop.",0.25,300.967,0.24338808833363312,53,119.76388835906982,0.7434880137443542,0.7450879812240601,True,1965 1965 1920 1965 1965 1980 1965 1920 1950 1965 1935 1965 1965 1935 1965,False,4378.152248569231,"measured on this device: NVIDIA H200 (measured), 4378.2 GB/s (triad pattern)",13.0,580.159.04,True,1,33d28339d8e211bd7fb8caf92bd340b82ae40abb,NVIDIA H200,421a523e82cb,"scripts/clock_elasticity.py: bursts of N back-to-back fused_experts calls under one pinned tile, each call L2-flushed and bracketed by its own pre-primed event pair, the FIRST call of every burst discarded as a drained-queue launch, a host-side idle gap after each burst setting the sustained duty cycle, and the SM clock, board power and memory clock read through NVML with the burst still in flight; NOT timing.TIMING_BASIS | duty 0.25",,iters=supplied as None; sglang=package not installed,1,3.12.3,152.94071568154783,"measured on this device: NVIDIA H200 (measured), 669.6 TFLOP/s bf16 over 4378.2 GB/s (triad pattern); calibrated 2026-09-23 at 33d28339",,200.0,2.13.0,3.7.1,2026-09-23T20:01:03+00:00,0.27.1,300.0
shared,0,32,1,32,128,1,72,0.7423200011253357,0.7283840179443359,0.004087814994785312,260,3,358.1988158226013,"scripts/clock_elasticity.py: bursts of N back-to-back fused_experts calls under one pinned tile, each call L2-flushed and bracketed by its own pre-primed event pair, the FIRST call of every burst discarded as a drained-queue launch, a host-side idle gap after each burst setting the sustained duty cycle, and the SM clock, board power and memory clock read through NVML with the burst still in flight; NOT timing.TIMING_BASIS",1965.0,False,high,True,True,ok,"LEVEL HIGH (recorded, never an exclusion here): loaded clock 1965 MHz against the 1470 MHz reference. At a duty cycle below 1.0 a HIGH reading is the experiment working, not a cell to drop.",0.25,299.012,0.24390493404843594,53,119.23473706841469,0.7425600290298462,0.7428799867630005,True,1935 1965 1965 1905 1965 1950 1950 1965 1980 1935 1965 1950 1965 1965 1980,False,4378.152248569231,"measured on this device: NVIDIA H200 (measured), 4378.2 GB/s (triad pattern)",13.0,580.159.04,True,1,33d28339d8e211bd7fb8caf92bd340b82ae40abb,NVIDIA H200,421a523e82cb,"scripts/clock_elasticity.py: bursts of N back-to-back fused_experts calls under one pinned tile, each call L2-flushed and bracketed by its own pre-primed event pair, the FIRST call of every burst discarded as a drained-queue launch, a host-side idle gap after each burst setting the sustained duty cycle, and the SM clock, board power and memory clock read through NVML with the burst still in flight; NOT timing.TIMING_BASIS | duty 0.25",,iters=supplied as None; sglang=package not installed,1,3.12.3,152.94071568154783,"measured on this device: NVIDIA H200 (measured), 669.6 TFLOP/s bf16 over 4378.2 GB/s (triad pattern); calibrated 2026-09-23 at 33d28339",,200.0,2.13.0,3.7.1,2026-09-23T20:01:03+00:00,0.27.1,300.0
private,0,32,1,32,128,1,72,0.7427520155906677,0.7306240200996399,0.012858505243398337,260,3,397.2502088546753,"scripts/clock_elasticity.py: bursts of N back-to-back fused_experts calls under one pinned tile, each call L2-flushed and bracketed by its own pre-primed event pair, the FIRST call of every burst discarded as a drained-queue launch, a host-side idle gap after each burst setting the sustained duty cycle, and the SM clock, board power and memory clock read through NVML with the burst still in flight; NOT timing.TIMING_BASIS",1965.0,False,high,True,True,ok,"LEVEL HIGH (recorded, never an exclusion here): loaded clock 1965 MHz against the 1470 MHz reference. At a duty cycle below 1.0 a HIGH reading is the experiment working, not a cell to drop.",0.25,310.289,0.242735317601847,53,119.88091206550598,0.7429440021514893,0.7433279752731323,True,1935 1965 1965 1950 1950 1905 1950 1965 1965 1980 1965 1905 1965 1980 1890,False,4378.152248569231,"measured on this device: NVIDIA H200 (measured), 4378.2 GB/s (triad pattern)",13.0,580.159.04,True,1,33d28339d8e211bd7fb8caf92bd340b82ae40abb,NVIDIA H200,421a523e82cb,"scripts/clock_elasticity.py: bursts of N back-to-back fused_experts calls under one pinned tile, each call L2-flushed and bracketed by its own pre-primed event pair, the FIRST call of every burst discarded as a drained-queue launch, a host-side idle gap after each burst setting the sustained duty cycle, and the SM clock, board power and memory clock read through NVML with the burst still in flight; NOT timing.TIMING_BASIS | duty 0.25",,iters=supplied as None; sglang=package not installed,1,3.12.3,152.94071568154783,"measured on this device: NVIDIA H200 (measured), 669.6 TFLOP/s bf16 over 4378.2 GB/s (triad pattern); calibrated 2026-09-23 at 33d28339",,200.0,2.13.0,3.7.1,2026-09-23T20:01:03+00:00,0.27.1,300.0
native,0,32,2,64,256,1,8,1.1021440029144287,1.098688006401062,0.004323309169662162,155,3,323.96313512325287,"scripts/clock_elasticity.py: bursts of N back-to-back fused_experts calls under one pinned tile, each call L2-flushed and bracketed by its own pre-primed event pair, the FIRST call of every burst discarded as a drained-queue launch, a host-side idle gap after each burst setting the sustained duty cycle, and the SM clock, board power and memory clock read through NVML with the burst still in flight; NOT timing.TIMING_BASIS",1965.0,False,high,True,True,ok,"LEVEL HIGH (recorded, never an exclusion here): loaded clock 1965 MHz against the 1470 MHz reference. At a duty cycle below 1.0 a HIGH reading is the experiment working, not a cell to drop.",0.25,302.135,0.22363832849190993,32,121.185791015625,1.1018879413604736,1.1024320125579834,True,1905 1935 1965 1920 1965 1965 1950 1965 1935 1965 1920 1965 1965 1965 1965,False,4378.152248569231,"measured on this device: NVIDIA H200 (measured), 4378.2 GB/s (triad pattern)",13.0,580.159.04,True,1,33d28339d8e211bd7fb8caf92bd340b82ae40abb,NVIDIA H200,421a523e82cb,"scripts/clock_elasticity.py: bursts of N back-to-back fused_experts calls under one pinned tile, each call L2-flushed and bracketed by its own pre-primed event pair, the FIRST call of every burst discarded as a drained-queue launch, a host-side idle gap after each burst setting the sustained duty cycle, and the SM clock, board power and memory clock read through NVML with the burst still in flight; NOT timing.TIMING_BASIS | duty 0.25",,iters=supplied as None; sglang=package not installed,1,3.12.3,152.94071568154783,"measured on this device: NVIDIA H200 (measured), 669.6 TFLOP/s bf16 over 4378.2 GB/s (triad pattern); calibrated 2026-09-23 at 33d28339",,200.0,2.13.0,3.7.1,2026-09-23T20:01:03+00:00,0.27.1,300.0
shared,0,32,2,64,256,1,72,1.104383945465088,1.1009279489517212,0.010536181108420153,155,3,325.079488158226,"scripts/clock_elasticity.py: bursts of N back-to-back fused_experts calls under one pinned tile, each call L2-flushed and bracketed by its own pre-primed event pair, the FIRST call of every burst discarded as a drained-queue launch, a host-side idle gap after each burst setting the sustained duty cycle, and the SM clock, board power and memory clock read through NVML with the burst still in flight; NOT timing.TIMING_BASIS",1950.0,False,high,True,True,ok,"LEVEL HIGH (recorded, never an exclusion here): loaded clock 1950 MHz against the 1470 MHz reference. At a duty cycle below 1.0 a HIGH reading is the experiment working, not a cell to drop.",0.25,305.347,0.22531069666453796,32,120.30105972290039,1.1044800281524658,1.1044479608535767,True,1950 1890 1950 1965 1965 1965 1950 1965 1950 1965 1965 1950 1965 1905 1950,False,4378.152248569231,"measured on this device: NVIDIA H200 (measured), 4378.2 GB/s (triad pattern)",13.0,580.159.04,True,1,33d28339d8e211bd7fb8caf92bd340b82ae40abb,NVIDIA H200,421a523e82cb,"scripts/clock_elasticity.py: bursts of N back-to-back fused_experts calls under one pinned tile, each call L2-flushed and bracketed by its own pre-primed event pair, the FIRST call of every burst discarded as a drained-queue launch, a host-side idle gap after each burst setting the sustained duty cycle, and the SM clock, board power and memory clock read through NVML with the burst still in flight; NOT timing.TIMING_BASIS | duty 0.25",,iters=supplied as None; sglang=package not installed,1,3.12.3,152.94071568154783,"measured on this device: NVIDIA H200 (measured), 669.6 TFLOP/s bf16 over 4378.2 GB/s (triad pattern); calibrated 2026-09-23 at 33d28339",,200.0,2.13.0,3.7.1,2026-09-23T20:01:03+00:00,0.27.1,300.0
private,0,32,2,64,256,2,72,1.4348160028457642,1.4282879829406738,0.0030302870026579507,135,3,364.31100738048553,"scripts/clock_elasticity.py: bursts of N back-to-back fused_experts calls under one pinned tile, each call L2-flushed and bracketed by its own pre-primed event pair, the FIRST call of every burst discarded as a drained-queue launch, a host-side idle gap after each burst setting the sustained duty cycle, and the SM clock, board power and memory clock read through NVML with the burst still in flight; NOT timing.TIMING_BASIS",1950.0,False,high,True,True,ok,"LEVEL HIGH (recorded, never an exclusion here): loaded clock 1950 MHz against the 1470 MHz reference. At a duty cycle below 1.0 a HIGH reading is the experiment working, not a cell to drop.",0.25,315.123,0.2461594950634182,28,122.05670213699341,1.4355040192604065,1.4348160028457642,True,1890 1965 1965 1890 1950 1965 1965 1950 1965 1935 1965 1935 1935 1965 1935,False,4378.152248569231,"measured on this device: NVIDIA H200 (measured), 4378.2 GB/s (triad pattern)",13.0,580.159.04,True,1,33d28339d8e211bd7fb8caf92bd340b82ae40abb,NVIDIA H200,421a523e82cb,"scripts/clock_elasticity.py: bursts of N back-to-back fused_experts calls under one pinned tile, each call L2-flushed and bracketed by its own pre-primed event pair, the FIRST call of every burst discarded as a drained-queue launch, a host-side idle gap after each burst setting the sustained duty cycle, and the SM clock, board power and memory clock read through NVML with the burst still in flight; NOT timing.TIMING_BASIS | duty 0.25",,iters=supplied as None; sglang=package not installed,1,3.12.3,152.94071568154783,"measured on this device: NVIDIA H200 (measured), 669.6 TFLOP/s bf16 over 4378.2 GB/s (triad pattern); calibrated 2026-09-23 at 33d28339",,200.0,2.13.0,3.7.1,2026-09-23T20:01:03+00:00,0.27.1,300.0
native,0,32,3,96,384,1,8,1.6320960521697998,1.6285439729690552,0.01623711975218821,100,3,314.5126723051071,"scripts/clock_elasticity.py: bursts of N back-to-back fused_experts calls under one pinned tile, each call L2-flushed and bracketed by its own pre-primed event pair, the FIRST call of every burst discarded as a drained-queue launch, a host-side idle gap after each burst setting the sustained duty cycle, and the SM clock, board power and memory clock read through NVML with the burst still in flight; NOT timing.TIMING_BASIS",1950.0,False,high,True,True,ok,"LEVEL HIGH (recorded, never an exclusion here): loaded clock 1950 MHz against the 1470 MHz reference. At a duty cycle below 1.0 a HIGH reading is the experiment working, not a cell to drop.",0.25,317.654,0.2242745886664108,21,117.95112043619156,1.6321280002593994,1.6330879926681519,True,1860 1965 1950 1950 1845 1965 1815 1965 1965 1935 1965 1935 1965 1905 1950,False,4378.152248569231,"measured on this device: NVIDIA H200 (measured), 4378.2 GB/s (triad pattern)",13.0,580.159.04,True,1,33d28339d8e211bd7fb8caf92bd340b82ae40abb,NVIDIA H200,421a523e82cb,"scripts/clock_elasticity.py: bursts of N back-to-back fused_experts calls under one pinned tile, each call L2-flushed and bracketed by its own pre-primed event pair, the FIRST call of every burst discarded as a drained-queue launch, a host-side idle gap after each burst setting the sustained duty cycle, and the SM clock, board power and memory clock read through NVML with the burst still in flight; NOT timing.TIMING_BASIS | duty 0.25",,iters=supplied as None; sglang=package not installed,1,3.12.3,152.94071568154783,"measured on this device: NVIDIA H200 (measured), 669.6 TFLOP/s bf16 over 4378.2 GB/s (triad pattern); calibrated 2026-09-23 at 33d28339",,200.0,2.13.0,3.7.1,2026-09-23T20:01:03+00:00,0.27.1,300.0
shared,0,32,3,96,384,1,72,1.630560040473938,1.62716805934906,0.016998217628298805,100,3,315.56617617607117,"scripts/clock_elasticity.py: bursts of N back-to-back fused_experts calls under one pinned tile, each call L2-flushed and bracketed by its own pre-primed event pair, the FIRST call of every burst discarded as a drained-queue launch, a host-side idle gap after each burst setting the sustained duty cycle, and the SM clock, board power and memory clock read through NVML with the burst still in flight; NOT timing.TIMING_BASIS",1950.0,False,high,True,True,ok,"LEVEL HIGH (recorded, never an exclusion here): loaded clock 1950 MHz against the 1470 MHz reference. At a duty cycle below 1.0 a HIGH reading is the experiment working, not a cell to drop.",0.25,315.384,0.2242752448435523,21,118.3432309627533,1.6299200057983398,1.6312639713287354,True,1965 1935 1965 1965 1965 1905 1950 1965 1935 1755 1920 1965 1950 1965 1935,False,4378.152248569231,"measured on this device: NVIDIA H200 (measured), 4378.2 GB/s (triad pattern)",13.0,580.159.04,True,1,33d28339d8e211bd7fb8caf92bd340b82ae40abb,NVIDIA H200,421a523e82cb,"scripts/clock_elasticity.py: bursts of N back-to-back fused_experts calls under one pinned tile, each call L2-flushed and bracketed by its own pre-primed event pair, the FIRST call of every burst discarded as a drained-queue launch, a host-side idle gap after each burst setting the sustained duty cycle, and the SM clock, board power and memory clock read through NVML with the burst still in flight; NOT timing.TIMING_BASIS | duty 0.25",,iters=supplied as None; sglang=package not installed,1,3.12.3,152.94071568154783,"measured on this device: NVIDIA H200 (measured), 669.6 TFLOP/s bf16 over 4378.2 GB/s (triad pattern); calibrated 2026-09-23 at 33d28339",,200.0,2.13.0,3.7.1,2026-09-23T20:01:03+00:00,0.27.1,300.0
private,0,32,3,96,384,3,72,2.142672061920166,2.1353919506073,0.00425280008889259,90,3,410.23638463020325,"scripts/clock_elasticity.py: bursts of N back-to-back fused_experts calls under one pinned tile, each call L2-flushed and bracketed by its own pre-primed event pair, the FIRST call of every burst discarded as a drained-queue launch, a host-side idle gap after each burst setting the sustained duty cycle, and the SM clock, board power and memory clock read through NVML with the burst still in flight; NOT timing.TIMING_BASIS",1950.0,False,high,True,True,ok,"LEVEL HIGH (recorded, never an exclusion here): loaded clock 1950 MHz against the 1470 MHz reference. At a duty cycle below 1.0 a HIGH reading is the experiment working, not a cell to drop.",0.25,319.842,0.2476053340968988,19,122.97225594520569,2.1427199840545654,2.14520001411438,True,1875 1950 1965 1905 1950 1965 1950 1950 1800 1935 1965 1785 1935 1965 1920,False,4378.152248569231,"measured on this device: NVIDIA H200 (measured), 4378.2 GB/s (triad pattern)",13.0,580.159.04,True,1,33d28339d8e211bd7fb8caf92bd340b82ae40abb,NVIDIA H200,421a523e82cb,"scripts/clock_elasticity.py: bursts of N back-to-back fused_experts calls under one pinned tile, each call L2-flushed and bracketed by its own pre-primed event pair, the FIRST call of every burst discarded as a drained-queue launch, a host-side idle gap after each burst setting the sustained duty cycle, and the SM clock, board power and memory clock read through NVML with the burst still in flight; NOT timing.TIMING_BASIS | duty 0.25",,iters=supplied as None; sglang=package not installed,1,3.12.3,152.94071568154783,"measured on this device: NVIDIA H200 (measured), 669.6 TFLOP/s bf16 over 4378.2 GB/s (triad pattern); calibrated 2026-09-23 at 33d28339",,200.0,2.13.0,3.7.1,2026-09-23T20:01:03+00:00,0.27.1,300.0
native,0,32,4,128,512,1,8,2.137631893157959,2.1210238933563232,0.00917852018515636,85,3,427.52524733543396,"scripts/clock_elasticity.py: bursts of N back-to-back fused_experts calls under one pinned tile, each call L2-flushed and bracketed by its own pre-primed event pair, the FIRST call of every burst discarded as a drained-queue launch, a host-side idle gap after each burst setting the sustained duty cycle, and the SM clock, board power and memory clock read through NVML with the burst still in flight; NOT timing.TIMING_BASIS",1965.0,False,high,True,True,ok,"LEVEL HIGH (recorded, never an exclusion here): loaded clock 1965 MHz against the 1470 MHz reference. At a duty cycle below 1.0 a HIGH reading is the experiment working, not a cell to drop.",0.25,302.736,0.23800561171905493,18,122.56013345718384,2.137935996055603,2.1375679969787598,True,1950 1965 1965 1920 1965 1965 1950 1965 1965 1965 1965 1965 1965 1905 1965,False,4378.152248569231,"measured on this device: NVIDIA H200 (measured), 4378.2 GB/s (triad pattern)",13.0,580.159.04,True,1,33d28339d8e211bd7fb8caf92bd340b82ae40abb,NVIDIA H200,421a523e82cb,"scripts/clock_elasticity.py: bursts of N back-to-back fused_experts calls under one pinned tile, each call L2-flushed and bracketed by its own pre-primed event pair, the FIRST call of every burst discarded as a drained-queue launch, a host-side idle gap after each burst setting the sustained duty cycle, and the SM clock, board power and memory clock read through NVML with the burst still in flight; NOT timing.TIMING_BASIS | duty 0.25",,iters=supplied as None; sglang=package not installed,1,3.12.3,152.94071568154783,"measured on this device: NVIDIA H200 (measured), 669.6 TFLOP/s bf16 over 4378.2 GB/s (triad pattern); calibrated 2026-09-23 at 33d28339",,200.0,2.13.0,3.7.1,2026-09-23T20:01:03+00:00,0.27.1,300.0
shared,0,32,4,128,512,1,72,2.1488640308380127,2.146143913269043,0.00632915062746693,85,3,312.74278378486633,"scripts/clock_elasticity.py: bursts of N back-to-back fused_experts calls under one pinned tile, each call L2-flushed and bracketed by its own pre-primed event pair, the FIRST call of every burst discarded as a drained-queue launch, a host-side idle gap after each burst setting the sustained duty cycle, and the SM clock, board power and memory clock read through NVML with the burst still in flight; NOT timing.TIMING_BASIS",1965.0,False,high,True,True,ok,"LEVEL HIGH (recorded, never an exclusion here): loaded clock 1965 MHz against the 1470 MHz reference. At a duty cycle below 1.0 a HIGH reading is the experiment working, not a cell to drop.",0.25,302.161,0.24053402070136376,18,122.03308582305908,2.1492159366607666,2.1491039991378784,True,1965 1890 1950 1965 1950 1965 1965 1965 1965 1875 1950 1965 1950 1965 1965,False,4378.152248569231,"measured on this device: NVIDIA H200 (measured), 4378.2 GB/s (triad pattern)",13.0,580.159.04,True,1,33d28339d8e211bd7fb8caf92bd340b82ae40abb,NVIDIA H200,421a523e82cb,"scripts/clock_elasticity.py: bursts of N back-to-back fused_experts calls under one pinned tile, each call L2-flushed and bracketed by its own pre-primed event pair, the FIRST call of every burst discarded as a drained-queue launch, a host-side idle gap after each burst setting the sustained duty cycle, and the SM clock, board power and memory clock read through NVML with the burst still in flight; NOT timing.TIMING_BASIS | duty 0.25",,iters=supplied as None; sglang=package not installed,1,3.12.3,152.94071568154783,"measured on this device: NVIDIA H200 (measured), 669.6 TFLOP/s bf16 over 4378.2 GB/s (triad pattern); calibrated 2026-09-23 at 33d28339",,200.0,2.13.0,3.7.1,2026-09-23T20:01:03+00:00,0.27.1,300.0
private,0,32,4,128,512,4,72,2.84604811668396,2.839200019836426,0.0037358128542236534,65,3,643.3332803249359,"scripts/clock_elasticity.py: bursts of N back-to-back fused_experts calls under one pinned tile, each call L2-flushed and bracketed by its own pre-primed event pair, the FIRST call of every burst discarded as a drained-queue launch, a host-side idle gap after each burst setting the sustained duty cycle, and the SM clock, board power and memory clock read through NVML with the burst still in flight; NOT timing.TIMING_BASIS",1965.0,False,high,True,True,ok,"LEVEL HIGH (recorded, never an exclusion here): loaded clock 1965 MHz against the 1470 MHz reference. At a duty cycle below 1.0 a HIGH reading is the experiment working, not a cell to drop.",0.25,316.061,0.24854599939344796,14,120.35788822174072,2.8458878993988037,2.8467841148376465,True,1950 1965 1860 1950 1965 1935 1965 1905 1965 1965 1950 1965 1965 1920 1965,False,4378.152248569231,"measured on this device: NVIDIA H200 (measured), 4378.2 GB/s (triad pattern)",13.0,580.159.04,True,1,33d28339d8e211bd7fb8caf92bd340b82ae40abb,NVIDIA H200,421a523e82cb,"scripts/clock_elasticity.py: bursts of N back-to-back fused_experts calls under one pinned tile, each call L2-flushed and bracketed by its own pre-primed event pair, the FIRST call of every burst discarded as a drained-queue launch, a host-side idle gap after each burst setting the sustained duty cycle, and the SM clock, board power and memory clock read through NVML with the burst still in flight; NOT timing.TIMING_BASIS | duty 0.25",,iters=supplied as None; sglang=package not installed,1,3.12.3,152.94071568154783,"measured on this device: NVIDIA H200 (measured), 669.6 TFLOP/s bf16 over 4378.2 GB/s (triad pattern); calibrated 2026-09-23 at 33d28339",,200.0,2.13.0,3.7.1,2026-09-23T20:01:03+00:00,0.27.1,300.0
native,0,32,5,160,640,1,8,2.6619200706481934,2.6592960357666016,0.023940396048546995,60,3,389.0966377258301,"scripts/clock_elasticity.py: bursts of N back-to-back fused_experts calls under one pinned tile, each call L2-flushed and bracketed by its own pre-primed event pair, the FIRST call of every burst discarded as a drained-queue launch, a host-side idle gap after each burst setting the sustained duty cycle, and the SM clock, board power and memory clock read through NVML with the burst still in flight; NOT timing.TIMING_BASIS",1965.0,False,high,True,True,ok,"LEVEL HIGH (recorded, never an exclusion here): loaded clock 1965 MHz against the 1470 MHz reference. At a duty cycle below 1.0 a HIGH reading is the experiment working, not a cell to drop.",0.25,308.334,0.22686512607736212,13,118.35595142841339,2.661504030227661,2.662911891937256,True,1965 1920 1965 1950 1965 1890 1965 1905 1950 1965 1965 1965 1965 1965 1950,False,4378.152248569231,"measured on this device: NVIDIA H200 (measured), 4378.2 GB/s (triad pattern)",13.0,580.159.04,True,1,33d28339d8e211bd7fb8caf92bd340b82ae40abb,NVIDIA H200,421a523e82cb,"scripts/clock_elasticity.py: bursts of N back-to-back fused_experts calls under one pinned tile, each call L2-flushed and bracketed by its own pre-primed event pair, the FIRST call of every burst discarded as a drained-queue launch, a host-side idle gap after each burst setting the sustained duty cycle, and the SM clock, board power and memory clock read through NVML with the burst still in flight; NOT timing.TIMING_BASIS | duty 0.25",,iters=supplied as None; sglang=package not installed,1,3.12.3,152.94071568154783,"measured on this device: NVIDIA H200 (measured), 669.6 TFLOP/s bf16 over 4378.2 GB/s (triad pattern); calibrated 2026-09-23 at 33d28339",,200.0,2.13.0,3.7.1,2026-09-23T20:01:03+00:00,0.27.1,300.0
shared,0,32,5,160,640,1,72,2.655168056488037,2.651616096496582,0.04026825471054363,65,3,457.05423879623413,"scripts/clock_elasticity.py: bursts of N back-to-back fused_experts calls under one pinned tile, each call L2-flushed and bracketed by its own pre-primed event pair, the FIRST call of every burst discarded as a drained-queue launch, a host-side idle gap after each burst setting the sustained duty cycle, and the SM clock, board power and memory clock read through NVML with the burst still in flight; NOT timing.TIMING_BASIS",1965.0,False,high,True,True,ok,"LEVEL HIGH (recorded, never an exclusion here): loaded clock 1965 MHz against the 1470 MHz reference. At a duty cycle below 1.0 a HIGH reading is the experiment working, not a cell to drop.",0.25,307.792,0.2322861268826181,14,123.31334137916565,2.654752016067505,2.6565120220184326,True,1965 1950 1965 1920 1965 1890 1950 1965 1950 1965 1965 1920 1965 1965 1950,False,4378.152248569231,"measured on this device: NVIDIA H200 (measured), 4378.2 GB/s (triad pattern)",13.0,580.159.04,True,1,33d28339d8e211bd7fb8caf92bd340b82ae40abb,NVIDIA H200,421a523e82cb,"scripts/clock_elasticity.py: bursts of N back-to-back fused_experts calls under one pinned tile, each call L2-flushed and bracketed by its own pre-primed event pair, the FIRST call of every burst discarded as a drained-queue launch, a host-side idle gap after each burst setting the sustained duty cycle, and the SM clock, board power and memory clock read through NVML with the burst still in flight; NOT timing.TIMING_BASIS | duty 0.25",,iters=supplied as None; sglang=package not installed,1,3.12.3,152.94071568154783,"measured on this device: NVIDIA H200 (measured), 669.6 TFLOP/s bf16 over 4378.2 GB/s (triad pattern); calibrated 2026-09-23 at 33d28339",,200.0,2.13.0,3.7.1,2026-09-23T20:01:03+00:00,0.27.1,300.0
private,0,32,5,160,640,5,72,3.548367977142334,3.541696071624756,0.004310637163553422,50,3,552.1640322208405,"scripts/clock_elasticity.py: bursts of N back-to-back fused_experts calls under one pinned tile, each call L2-flushed and bracketed by its own pre-primed event pair, the FIRST call of every burst discarded as a drained-queue launch, a host-side idle gap after each burst setting the sustained duty cycle, and the SM clock, board power and memory clock read through NVML with the burst still in flight; NOT timing.TIMING_BASIS",1950.0,False,high,True,True,ok,"LEVEL HIGH (recorded, never an exclusion here): loaded clock 1950 MHz against the 1470 MHz reference. At a duty cycle below 1.0 a HIGH reading is the experiment working, not a cell to drop.",0.25,314.269,0.24735481916282856,11,118.6373770236969,3.548383951187134,3.5529919862747192,True,1965 1965 1950 1965 1920 1950 1965 1920 1965 1890 1950 1965 1935 1950 1890,False,4378.152248569231,"measured on this device: NVIDIA H200 (measured), 4378.2 GB/s (triad pattern)",13.0,580.159.04,True,1,33d28339d8e211bd7fb8caf92bd340b82ae40abb,NVIDIA H200,421a523e82cb,"scripts/clock_elasticity.py: bursts of N back-to-back fused_experts calls under one pinned tile, each call L2-flushed and bracketed by its own pre-primed event pair, the FIRST call of every burst discarded as a drained-queue launch, a host-side idle gap after each burst setting the sustained duty cycle, and the SM clock, board power and memory clock read through NVML with the burst still in flight; NOT timing.TIMING_BASIS | duty 0.25",,iters=supplied as None; sglang=package not installed,1,3.12.3,152.94071568154783,"measured on this device: NVIDIA H200 (measured), 669.6 TFLOP/s bf16 over 4378.2 GB/s (triad pattern); calibrated 2026-09-23 at 33d28339",,200.0,2.13.0,3.7.1,2026-09-23T20:01:03+00:00,0.27.1,300.0
native,0,32,6,192,768,1,8,3.1594879627227783,3.1353919506073,0.020199813250902064,55,3,312.2329933643341,"scripts/clock_elasticity.py: bursts of N back-to-back fused_experts calls under one pinned tile, each call L2-flushed and bracketed by its own pre-primed event pair, the FIRST call of every burst discarded as a drained-queue launch, a host-side idle gap after each burst setting the sustained duty cycle, and the SM clock, board power and memory clock read through NVML with the burst still in flight; NOT timing.TIMING_BASIS",1965.0,False,high,True,True,ok,"LEVEL HIGH (recorded, never an exclusion here): loaded clock 1965 MHz against the 1470 MHz reference. At a duty cycle below 1.0 a HIGH reading is the experiment working, not a cell to drop.",0.25,308.36,0.23679665137080771,12,122.19840002059937,3.1597920656204224,3.159615993499756,True,1920 1935 1905 1950 1965 1935 1965 1965 1980 1980 1980 1965 1965 1935 1935,False,4378.152248569231,"measured on this device: NVIDIA H200 (measured), 4378.2 GB/s (triad pattern)",13.0,580.159.04,True,1,33d28339d8e211bd7fb8caf92bd340b82ae40abb,NVIDIA H200,421a523e82cb,"scripts/clock_elasticity.py: bursts of N back-to-back fused_experts calls under one pinned tile, each call L2-flushed and bracketed by its own pre-primed event pair, the FIRST call of every burst discarded as a drained-queue launch, a host-side idle gap after each burst setting the sustained duty cycle, and the SM clock, board power and memory clock read through NVML with the burst still in flight; NOT timing.TIMING_BASIS | duty 0.25",,iters=supplied as None; sglang=package not installed,1,3.12.3,152.94071568154783,"measured on this device: NVIDIA H200 (measured), 669.6 TFLOP/s bf16 over 4378.2 GB/s (triad pattern); calibrated 2026-09-23 at 33d28339",,200.0,2.13.0,3.7.1,2026-09-23T20:01:03+00:00,0.27.1,300.0
shared,0,32,6,192,768,1,72,3.1730719804763794,3.169600009918213,0.028108389608107937,50,3,322.9164488315582,"scripts/clock_elasticity.py: bursts of N back-to-back fused_experts calls under one pinned tile, each call L2-flushed and bracketed by its own pre-primed event pair, the FIRST call of every burst discarded as a drained-queue launch, a host-side idle gap after each burst setting the sustained duty cycle, and the SM clock, board power and memory clock read through NVML with the burst still in flight; NOT timing.TIMING_BASIS",1965.0,False,high,True,True,ok,"LEVEL HIGH (recorded, never an exclusion here): loaded clock 1965 MHz against the 1470 MHz reference. At a duty cycle below 1.0 a HIGH reading is the experiment working, not a cell to drop.",0.25,316.715,0.23184700532045657,11,115.93876826763153,3.1749119758605957,3.173583984375,True,1920 1965 1905 1965 1965 1950 1965 1950 1965 1965 1845 1965 1965 1935 1965,False,4378.152248569231,"measured on this device: NVIDIA H200 (measured), 4378.2 GB/s (triad pattern)",13.0,580.159.04,True,1,33d28339d8e211bd7fb8caf92bd340b82ae40abb,NVIDIA H200,421a523e82cb,"scripts/clock_elasticity.py: bursts of N back-to-back fused_experts calls under one pinned tile, each call L2-flushed and bracketed by its own pre-primed event pair, the FIRST call of every burst discarded as a drained-queue launch, a host-side idle gap after each burst setting the sustained duty cycle, and the SM clock, board power and memory clock read through NVML with the burst still in flight; NOT timing.TIMING_BASIS | duty 0.25",,iters=supplied as None; sglang=package not installed,1,3.12.3,152.94071568154783,"measured on this device: NVIDIA H200 (measured), 669.6 TFLOP/s bf16 over 4378.2 GB/s (triad pattern); calibrated 2026-09-23 at 33d28339",,200.0,2.13.0,3.7.1,2026-09-23T20:01:03+00:00,0.27.1,300.0
private,0,32,6,192,768,6,72,4.255183935165405,4.249824047088623,0.004627519475332708,40,3,308.9686713218689,"scripts/clock_elasticity.py: bursts of N back-to-back fused_experts calls under one pinned tile, each call L2-flushed and bracketed by its own pre-primed event pair, the FIRST call of every burst discarded as a drained-queue launch, a host-side idle gap after each burst setting the sustained duty cycle, and the SM clock, board power and memory clock read through NVML with the burst still in flight; NOT timing.TIMING_BASIS",1950.0,False,high,True,True,ok,"LEVEL HIGH (recorded, never an exclusion here): loaded clock 1950 MHz against the 1470 MHz reference. At a duty cycle below 1.0 a HIGH reading is the experiment working, not a cell to drop.",0.25,316.789,0.24606101423871263,9,117.59126400947571,4.255983829498291,4.257152080535889,True,1935 1965 1875 1950 1965 1965 1965 1935 1965 1875 1950 1935 1950 1965 1920,False,4378.152248569231,"measured on this device: NVIDIA H200 (measured), 4378.2 GB/s (triad pattern)",13.0,580.159.04,True,1,33d28339d8e211bd7fb8caf92bd340b82ae40abb,NVIDIA H200,421a523e82cb,"scripts/clock_elasticity.py: bursts of N back-to-back fused_experts calls under one pinned tile, each call L2-flushed and bracketed by its own pre-primed event pair, the FIRST call of every burst discarded as a drained-queue launch, a host-side idle gap after each burst setting the sustained duty cycle, and the SM clock, board power and memory clock read through NVML with the burst still in flight; NOT timing.TIMING_BASIS | duty 0.25",,iters=supplied as None; sglang=package not installed,1,3.12.3,152.94071568154783,"measured on this device: NVIDIA H200 (measured), 669.6 TFLOP/s bf16 over 4378.2 GB/s (triad pattern); calibrated 2026-09-23 at 33d28339",,200.0,2.13.0,3.7.1,2026-09-23T20:01:03+00:00,0.27.1,300.0
shared,1,32,6,192,768,1,72,3.1964640617370605,3.193279981613159,0.030989307190550625,50,3,392.2704005241394,"scripts/clock_elasticity.py: bursts of N back-to-back fused_experts calls under one pinned tile, each call L2-flushed and bracketed by its own pre-primed event pair, the FIRST call of every burst discarded as a drained-queue launch, a host-side idle gap after each burst setting the sustained duty cycle, and the SM clock, board power and memory clock read through NVML with the burst still in flight; NOT timing.TIMING_BASIS",1950.0,False,high,True,True,ok,"LEVEL HIGH (recorded, never an exclusion here): loaded clock 1950 MHz against the 1470 MHz reference. At a duty cycle below 1.0 a HIGH reading is the experiment working, not a cell to drop.",0.25,317.441,0.23142710144633194,11,117.00585615634918,3.196768045425415,3.1978559494018555,True,1935 1920 1965 1815 1950 1965 1965 1965 1965 1965 1890 1950 1950 1950 1920,False,4378.152248569231,"measured on this device: NVIDIA H200 (measured), 4378.2 GB/s (triad pattern)",13.0,580.159.04,True,1,33d28339d8e211bd7fb8caf92bd340b82ae40abb,NVIDIA H200,421a523e82cb,"scripts/clock_elasticity.py: bursts of N back-to-back fused_experts calls under one pinned tile, each call L2-flushed and bracketed by its own pre-primed event pair, the FIRST call of every burst discarded as a drained-queue launch, a host-side idle gap after each burst setting the sustained duty cycle, and the SM clock, board power and memory clock read through NVML with the burst still in flight; NOT timing.TIMING_BASIS | duty 0.25",,iters=supplied as None; sglang=package not installed,1,3.12.3,152.94071568154783,"measured on this device: NVIDIA H200 (measured), 669.6 TFLOP/s bf16 over 4378.2 GB/s (triad pattern); calibrated 2026-09-23 at 33d28339",,200.0,2.13.0,3.7.1,2026-09-23T20:01:03+00:00,0.27.1,300.0
private,1,32,6,192,768,6,72,4.2570881843566895,4.2518720626831055,0.00464951805551282,40,3,656.9576630592346,"scripts/clock_elasticity.py: bursts of N back-to-back fused_experts calls under one pinned tile, each call L2-flushed and bracketed by its own pre-primed event pair, the FIRST call of every burst discarded as a drained-queue launch, a host-side idle gap after each burst setting the sustained duty cycle, and the SM clock, board power and memory clock read through NVML with the burst still in flight; NOT timing.TIMING_BASIS",1950.0,False,high,True,True,ok,"LEVEL HIGH (recorded, never an exclusion here): loaded clock 1950 MHz against the 1470 MHz reference. At a duty cycle below 1.0 a HIGH reading is the experiment working, not a cell to drop.",0.25,324.158,0.2468188597525584,9,117.01540875434875,4.257760047912598,4.258127927780151,True,1965 1890 1950 1785 1965 1965 1935 1965 1875 1965 1935 1950 1800 1920 1965,False,4378.152248569231,"measured on this device: NVIDIA H200 (measured), 4378.2 GB/s (triad pattern)",13.0,580.159.04,True,1,33d28339d8e211bd7fb8caf92bd340b82ae40abb,NVIDIA H200,421a523e82cb,"scripts/clock_elasticity.py: bursts of N back-to-back fused_experts calls under one pinned tile, each call L2-flushed and bracketed by its own pre-primed event pair, the FIRST call of every burst discarded as a drained-queue launch, a host-side idle gap after each burst setting the sustained duty cycle, and the SM clock, board power and memory clock read through NVML with the burst still in flight; NOT timing.TIMING_BASIS | duty 0.25",,iters=supplied as None; sglang=package not installed,1,3.12.3,152.94071568154783,"measured on this device: NVIDIA H200 (measured), 669.6 TFLOP/s bf16 over 4378.2 GB/s (triad pattern); calibrated 2026-09-23 at 33d28339",,200.0,2.13.0,3.7.1,2026-09-23T20:01:03+00:00,0.27.1,300.0
native,1,32,6,192,768,1,8,3.183583974838257,3.1794240474700928,0.0307957985052416,50,3,357.00588822364807,"scripts/clock_elasticity.py: bursts of N back-to-back fused_experts calls under one pinned tile, each call L2-flushed and bracketed by its own pre-primed event pair, the FIRST call of every burst discarded as a drained-queue launch, a host-side idle gap after each burst setting the sustained duty cycle, and the SM clock, board power and memory clock read through NVML with the burst still in flight; NOT timing.TIMING_BASIS",1950.0,False,high,True,True,ok,"LEVEL HIGH (recorded, never an exclusion here): loaded clock 1950 MHz against the 1470 MHz reference. At a duty cycle below 1.0 a HIGH reading is the experiment working, not a cell to drop.",0.25,309.9,0.22819464710149467,11,118.6827861070633,3.1842880249023438,3.1844639778137207,True,1935 1830 1950 1965 1950 1965 1935 1965 1920 1935 1965 1965 1965 1935 1965,False,4378.152248569231,"measured on this device: NVIDIA H200 (measured), 4378.2 GB/s (triad pattern)",13.0,580.159.04,True,1,33d28339d8e211bd7fb8caf92bd340b82ae40abb,NVIDIA H200,421a523e82cb,"scripts/clock_elasticity.py: bursts of N back-to-back fused_experts calls under one pinned tile, each call L2-flushed and bracketed by its own pre-primed event pair, the FIRST call of every burst discarded as a drained-queue launch, a host-side idle gap after each burst setting the sustained duty cycle, and the SM clock, board power and memory clock read through NVML with the burst still in flight; NOT timing.TIMING_BASIS | duty 0.25",,iters=supplied as None; sglang=package not installed,1,3.12.3,152.94071568154783,"measured on this device: NVIDIA H200 (measured), 669.6 TFLOP/s bf16 over 4378.2 GB/s (triad pattern); calibrated 2026-09-23 at 33d28339",,200.0,2.13.0,3.7.1,2026-09-23T20:01:03+00:00,0.27.1,300.0
shared,1,32,5,160,640,1,72,2.6549919843673706,2.6519041061401367,0.02047060874040639,60,3,319.0469117164612,"scripts/clock_elasticity.py: bursts of N back-to-back fused_experts calls under one pinned tile, each call L2-flushed and bracketed by its own pre-primed event pair, the FIRST call of every burst discarded as a drained-queue launch, a host-side idle gap after each burst setting the sustained duty cycle, and the SM clock, board power and memory clock read through NVML with the burst still in flight; NOT timing.TIMING_BASIS",1965.0,False,high,True,True,ok,"LEVEL HIGH (recorded, never an exclusion here): loaded clock 1965 MHz against the 1470 MHz reference. At a duty cycle below 1.0 a HIGH reading is the experiment working, not a cell to drop.",0.25,300.663,0.2235235193942099,13,119.9471504688263,2.654400110244751,2.6556479930877686,True,1965 1935 1965 1965 1950 1920 1950 1965 1965 1965 1935 1965 1965 1950 1920,False,4378.152248569231,"measured on this device: NVIDIA H200 (measured), 4378.2 GB/s (triad pattern)",13.0,580.159.04,True,1,33d28339d8e211bd7fb8caf92bd340b82ae40abb,NVIDIA H200,421a523e82cb,"scripts/clock_elasticity.py: bursts of N back-to-back fused_experts calls under one pinned tile, each call L2-flushed and bracketed by its own pre-primed event pair, the FIRST call of every burst discarded as a drained-queue launch, a host-side idle gap after each burst setting the sustained duty cycle, and the SM clock, board power and memory clock read through NVML with the burst still in flight; NOT timing.TIMING_BASIS | duty 0.25",,iters=supplied as None; sglang=package not installed,1,3.12.3,152.94071568154783,"measured on this device: NVIDIA H200 (measured), 669.6 TFLOP/s bf16 over 4378.2 GB/s (triad pattern); calibrated 2026-09-23 at 33d28339",,200.0,2.13.0,3.7.1,2026-09-23T20:01:03+00:00,0.27.1,300.0
private,1,32,5,160,640,5,72,3.5484639406204224,3.5430400371551514,0.00529820765971895,50,3,314.7505929470062,"scripts/clock_elasticity.py: bursts of N back-to-back fused_experts calls under one pinned tile, each call L2-flushed and bracketed by its own pre-primed event pair, the FIRST call of every burst discarded as a drained-queue launch, a host-side idle gap after each burst setting the sustained duty cycle, and the SM clock, board power and memory clock read through NVML with the burst still in flight; NOT timing.TIMING_BASIS",1950.0,False,high,True,True,ok,"LEVEL HIGH (recorded, never an exclusion here): loaded clock 1950 MHz against the 1470 MHz reference. At a duty cycle below 1.0 a HIGH reading is the experiment working, not a cell to drop.",0.25,317.329,0.24682880464336798,11,118.88448143005371,3.5479360818862915,3.5517280101776123,True,1965 1935 1950 1965 1935 1965 1905 1950 1785 1935 1965 1845 1950 1965 1905,False,4378.152248569231,"measured on this device: NVIDIA H200 (measured), 4378.2 GB/s (triad pattern)",13.0,580.159.04,True,1,33d28339d8e211bd7fb8caf92bd340b82ae40abb,NVIDIA H200,421a523e82cb,"scripts/clock_elasticity.py: bursts of N back-to-back fused_experts calls under one pinned tile, each call L2-flushed and bracketed by its own pre-primed event pair, the FIRST call of every burst discarded as a drained-queue launch, a host-side idle gap after each burst setting the sustained duty cycle, and the SM clock, board power and memory clock read through NVML with the burst still in flight; NOT timing.TIMING_BASIS | duty 0.25",,iters=supplied as None; sglang=package not installed,1,3.12.3,152.94071568154783,"measured on this device: NVIDIA H200 (measured), 669.6 TFLOP/s bf16 over 4378.2 GB/s (triad pattern); calibrated 2026-09-23 at 33d28339",,200.0,2.13.0,3.7.1,2026-09-23T20:01:03+00:00,0.27.1,300.0
native,1,32,5,160,640,1,8,2.6462080478668213,2.642047882080078,0.004996285900649504,65,3,341.89283084869385,"scripts/clock_elasticity.py: bursts of N back-to-back fused_experts calls under one pinned tile, each call L2-flushed and bracketed by its own pre-primed event pair, the FIRST call of every burst discarded as a drained-queue launch, a host-side idle gap after each burst setting the sustained duty cycle, and the SM clock, board power and memory clock read through NVML with the burst still in flight; NOT timing.TIMING_BASIS",1920.0,False,high,True,True,ok,"LEVEL HIGH (recorded, never an exclusion here): loaded clock 1920 MHz against the 1470 MHz reference. At a duty cycle below 1.0 a HIGH reading is the experiment working, not a cell to drop.",0.25,317.219,0.2332431312711919,14,121.75766158103943,2.645375967025757,2.647264003753662,True,1905 1965 1860 1920 1965 1935 1965 1815 1965 1965 1875 1920 1770 1920 1965,False,4378.152248569231,"measured on this device: NVIDIA H200 (measured), 4378.2 GB/s (triad pattern)",13.0,580.159.04,True,1,33d28339d8e211bd7fb8caf92bd340b82ae40abb,NVIDIA H200,421a523e82cb,"scripts/clock_elasticity.py: bursts of N back-to-back fused_experts calls under one pinned tile, each call L2-flushed and bracketed by its own pre-primed event pair, the FIRST call of every burst discarded as a drained-queue launch, a host-side idle gap after each burst setting the sustained duty cycle, and the SM clock, board power and memory clock read through NVML with the burst still in flight; NOT timing.TIMING_BASIS | duty 0.25",,iters=supplied as None; sglang=package not installed,1,3.12.3,152.94071568154783,"measured on this device: NVIDIA H200 (measured), 669.6 TFLOP/s bf16 over 4378.2 GB/s (triad pattern); calibrated 2026-09-23 at 33d28339",,200.0,2.13.0,3.7.1,2026-09-23T20:01:03+00:00,0.27.1,300.0
shared,1,32,4,128,512,1,72,2.133280038833618,2.12937593460083,0.009200300716307695,85,3,312.2236816883087,"scripts/clock_elasticity.py: bursts of N back-to-back fused_experts calls under one pinned tile, each call L2-flushed and bracketed by its own pre-primed event pair, the FIRST call of every burst discarded as a drained-queue launch, a host-side idle gap after each burst setting the sustained duty cycle, and the SM clock, board power and memory clock read through NVML with the burst still in flight; NOT timing.TIMING_BASIS",1965.0,False,high,True,True,ok,"LEVEL HIGH (recorded, never an exclusion here): loaded clock 1965 MHz against the 1470 MHz reference. At a duty cycle below 1.0 a HIGH reading is the experiment working, not a cell to drop.",0.25,308.127,0.24409962101079583,18,118.41465926170349,2.1336320638656616,2.1333439350128174,True,1965 1965 1935 1965 1965 1950 1965 1920 1965 1920 1965 1965 1965 1965 1950,False,4378.152248569231,"measured on this device: NVIDIA H200 (measured), 4378.2 GB/s (triad pattern)",13.0,580.159.04,True,1,33d28339d8e211bd7fb8caf92bd340b82ae40abb,NVIDIA H200,421a523e82cb,"scripts/clock_elasticity.py: bursts of N back-to-back fused_experts calls under one pinned tile, each call L2-flushed and bracketed by its own pre-primed event pair, the FIRST call of every burst discarded as a drained-queue launch, a host-side idle gap after each burst setting the sustained duty cycle, and the SM clock, board power and memory clock read through NVML with the burst still in flight; NOT timing.TIMING_BASIS | duty 0.25",,iters=supplied as None; sglang=package not installed,1,3.12.3,152.94071568154783,"measured on this device: NVIDIA H200 (measured), 669.6 TFLOP/s bf16 over 4378.2 GB/s (triad pattern); calibrated 2026-09-23 at 33d28339",,200.0,2.13.0,3.7.1,2026-09-23T20:01:03+00:00,0.27.1,300.0
private,1,32,4,128,512,4,72,2.8446080684661865,2.838848114013672,0.003846832732984689,65,3,524.6563515663147,"scripts/clock_elasticity.py: bursts of N back-to-back fused_experts calls under one pinned tile, each call L2-flushed and bracketed by its own pre-primed event pair, the FIRST call of every burst discarded as a drained-queue launch, a host-side idle gap after each burst setting the sustained duty cycle, and the SM clock, board power and memory clock read through NVML with the burst still in flight; NOT timing.TIMING_BASIS",1935.0,False,high,True,True,ok,"LEVEL HIGH (recorded, never an exclusion here): loaded clock 1935 MHz against the 1470 MHz reference. At a duty cycle below 1.0 a HIGH reading is the experiment working, not a cell to drop.",0.25,318.671,0.24718272218155832,14,121.41695952415466,2.845151901245117,2.8453760147094727,True,1935 1950 1800 1935 1965 1920 1965 1965 1860 1950 1800 1935 1965 1935 1965,False,4378.152248569231,"measured on this device: NVIDIA H200 (measured), 4378.2 GB/s (triad pattern)",13.0,580.159.04,True,1,33d28339d8e211bd7fb8caf92bd340b82ae40abb,NVIDIA H200,421a523e82cb,"scripts/clock_elasticity.py: bursts of N back-to-back fused_experts calls under one pinned tile, each call L2-flushed and bracketed by its own pre-primed event pair, the FIRST call of every burst discarded as a drained-queue launch, a host-side idle gap after each burst setting the sustained duty cycle, and the SM clock, board power and memory clock read through NVML with the burst still in flight; NOT timing.TIMING_BASIS | duty 0.25",,iters=supplied as None; sglang=package not installed,1,3.12.3,152.94071568154783,"measured on this device: NVIDIA H200 (measured), 669.6 TFLOP/s bf16 over 4378.2 GB/s (triad pattern); calibrated 2026-09-23 at 33d28339",,200.0,2.13.0,3.7.1,2026-09-23T20:01:03+00:00,0.27.1,300.0
native,1,32,4,128,512,1,8,2.1224639415740967,2.1185920238494873,0.00677235260808785,85,3,311.0392644405365,"scripts/clock_elasticity.py: bursts of N back-to-back fused_experts calls under one pinned tile, each call L2-flushed and bracketed by its own pre-primed event pair, the FIRST call of every burst discarded as a drained-queue launch, a host-side idle gap after each burst setting the sustained duty cycle, and the SM clock, board power and memory clock read through NVML with the burst still in flight; NOT timing.TIMING_BASIS",1965.0,False,high,True,True,ok,"LEVEL HIGH (recorded, never an exclusion here): loaded clock 1965 MHz against the 1470 MHz reference. At a duty cycle below 1.0 a HIGH reading is the experiment working, not a cell to drop.",0.25,304.734,0.23943151168438814,18,120.90297889709473,2.1229920387268066,2.1220160722732544,True,1965 1965 1965 1965 1980 1980 1980 1965 1965 1935 1965 1935 1965 1860 1950,False,4378.152248569231,"measured on this device: NVIDIA H200 (measured), 4378.2 GB/s (triad pattern)",13.0,580.159.04,True,1,33d28339d8e211bd7fb8caf92bd340b82ae40abb,NVIDIA H200,421a523e82cb,"scripts/clock_elasticity.py: bursts of N back-to-back fused_experts calls under one pinned tile, each call L2-flushed and bracketed by its own pre-primed event pair, the FIRST call of every burst discarded as a drained-queue launch, a host-side idle gap after each burst setting the sustained duty cycle, and the SM clock, board power and memory clock read through NVML with the burst still in flight; NOT timing.TIMING_BASIS | duty 0.25",,iters=supplied as None; sglang=package not installed,1,3.12.3,152.94071568154783,"measured on this device: NVIDIA H200 (measured), 669.6 TFLOP/s bf16 over 4378.2 GB/s (triad pattern); calibrated 2026-09-23 at 33d28339",,200.0,2.13.0,3.7.1,2026-09-23T20:01:03+00:00,0.27.1,300.0
shared,1,32,3,96,384,1,72,1.621999979019165,1.6175040006637573,0.019808629488291776,100,3,382.8791044950485,"scripts/clock_elasticity.py: bursts of N back-to-back fused_experts calls under one pinned tile, each call L2-flushed and bracketed by its own pre-primed event pair, the FIRST call of every burst discarded as a drained-queue launch, a host-side idle gap after each burst setting the sustained duty cycle, and the SM clock, board power and memory clock read through NVML with the burst still in flight; NOT timing.TIMING_BASIS",1950.0,False,high,True,True,ok,"LEVEL HIGH (recorded, never an exclusion here): loaded clock 1950 MHz against the 1470 MHz reference. At a duty cycle below 1.0 a HIGH reading is the experiment working, not a cell to drop.",0.25,318.916,0.22390407584357244,21,117.79689502716064,1.621567964553833,1.6242879629135132,True,1920 1965 1950 1965 1965 1965 1875 1950 1920 1950 1785 1965 1875 1920 1965,False,4378.152248569231,"measured on this device: NVIDIA H200 (measured), 4378.2 GB/s (triad pattern)",13.0,580.159.04,True,1,33d28339d8e211bd7fb8caf92bd340b82ae40abb,NVIDIA H200,421a523e82cb,"scripts/clock_elasticity.py: bursts of N back-to-back fused_experts calls under one pinned tile, each call L2-flushed and bracketed by its own pre-primed event pair, the FIRST call of every burst discarded as a drained-queue launch, a host-side idle gap after each burst setting the sustained duty cycle, and the SM clock, board power and memory clock read through NVML with the burst still in flight; NOT timing.TIMING_BASIS | duty 0.25",,iters=supplied as None; sglang=package not installed,1,3.12.3,152.94071568154783,"measured on this device: NVIDIA H200 (measured), 669.6 TFLOP/s bf16 over 4378.2 GB/s (triad pattern); calibrated 2026-09-23 at 33d28339",,200.0,2.13.0,3.7.1,2026-09-23T20:01:03+00:00,0.27.1,300.0
private,1,32,3,96,384,3,72,2.1418559551239014,2.1352639198303223,0.004255135274931604,90,3,329.02169728279114,"scripts/clock_elasticity.py: bursts of N back-to-back fused_experts calls under one pinned tile, each call L2-flushed and bracketed by its own pre-primed event pair, the FIRST call of every burst discarded as a drained-queue launch, a host-side idle gap after each burst setting the sustained duty cycle, and the SM clock, board power and memory clock read through NVML with the burst still in flight; NOT timing.TIMING_BASIS",1950.0,False,high,True,True,ok,"LEVEL HIGH (recorded, never an exclusion here): loaded clock 1950 MHz against the 1470 MHz reference. At a duty cycle below 1.0 a HIGH reading is the experiment working, not a cell to drop.",0.25,318.548,0.24747818939685007,19,123.20572972297668,2.1424479484558105,2.1441760063171387,True,1905 1965 1965 1890 1965 1965 1890 1950 1965 1860 1950 1965 1860 1950 1965,False,4378.152248569231,"measured on this device: NVIDIA H200 (measured), 4378.2 GB/s (triad pattern)",13.0,580.159.04,True,1,33d28339d8e211bd7fb8caf92bd340b82ae40abb,NVIDIA H200,421a523e82cb,"scripts/clock_elasticity.py: bursts of N back-to-back fused_experts calls under one pinned tile, each call L2-flushed and bracketed by its own pre-primed event pair, the FIRST call of every burst discarded as a drained-queue launch, a host-side idle gap after each burst setting the sustained duty cycle, and the SM clock, board power and memory clock read through NVML with the burst still in flight; NOT timing.TIMING_BASIS | duty 0.25",,iters=supplied as None; sglang=package not installed,1,3.12.3,152.94071568154783,"measured on this device: NVIDIA H200 (measured), 669.6 TFLOP/s bf16 over 4378.2 GB/s (triad pattern); calibrated 2026-09-23 at 33d28339",,200.0,2.13.0,3.7.1,2026-09-23T20:01:03+00:00,0.27.1,300.0
native,1,32,3,96,384,1,8,1.6240639686584473,1.6190719604492188,0.021282282740407294,105,3,331.0597128868103,"scripts/clock_elasticity.py: bursts of N back-to-back fused_experts calls under one pinned tile, each call L2-flushed and bracketed by its own pre-primed event pair, the FIRST call of every burst discarded as a drained-queue launch, a host-side idle gap after each burst setting the sustained duty cycle, and the SM clock, board power and memory clock read through NVML with the burst still in flight; NOT timing.TIMING_BASIS",1950.0,False,high,True,True,ok,"LEVEL HIGH (recorded, never an exclusion here): loaded clock 1950 MHz against the 1470 MHz reference. At a duty cycle below 1.0 a HIGH reading is the experiment working, not a cell to drop.",0.25,306.331,0.2273373687266998,22,121.25097799301147,1.6234560012817383,1.6243840456008911,True,1965 1965 1965 1950 1950 1965 1965 1950 1950 1965 1935 1920 1965 1935 1950,False,4378.152248569231,"measured on this device: NVIDIA H200 (measured), 4378.2 GB/s (triad pattern)",13.0,580.159.04,True,1,33d28339d8e211bd7fb8caf92bd340b82ae40abb,NVIDIA H200,421a523e82cb,"scripts/clock_elasticity.py: bursts of N back-to-back fused_experts calls under one pinned tile, each call L2-flushed and bracketed by its own pre-primed event pair, the FIRST call of every burst discarded as a drained-queue launch, a host-side idle gap after each burst setting the sustained duty cycle, and the SM clock, board power and memory clock read through NVML with the burst still in flight; NOT timing.TIMING_BASIS | duty 0.25",,iters=supplied as None; sglang=package not installed,1,3.12.3,152.94071568154783,"measured on this device: NVIDIA H200 (measured), 669.6 TFLOP/s bf16 over 4378.2 GB/s (triad pattern); calibrated 2026-09-23 at 33d28339",,200.0,2.13.0,3.7.1,2026-09-23T20:01:03+00:00,0.27.1,300.0
shared,1,32,2,64,256,1,72,1.0996479988098145,1.09552001953125,0.002620956460453505,160,3,332.26268887519836,"scripts/clock_elasticity.py: bursts of N back-to-back fused_experts calls under one pinned tile, each call L2-flushed and bracketed by its own pre-primed event pair, the FIRST call of every burst discarded as a drained-queue launch, a host-side idle gap after each burst setting the sustained duty cycle, and the SM clock, board power and memory clock read through NVML with the burst still in flight; NOT timing.TIMING_BASIS",1950.0,False,high,True,True,ok,"LEVEL HIGH (recorded, never an exclusion here): loaded clock 1950 MHz against the 1470 MHz reference. At a duty cycle below 1.0 a HIGH reading is the experiment working, not a cell to drop.",0.25,313.289,0.2286303803329017,33,121.00334447622299,1.0999360084533691,1.0994240045547485,True,1935 1920 1860 1950 1965 1965 1965 1875 1920 1965 1920 1965 1965 1950 1965,False,4378.152248569231,"measured on this device: NVIDIA H200 (measured), 4378.2 GB/s (triad pattern)",13.0,580.159.04,True,1,33d28339d8e211bd7fb8caf92bd340b82ae40abb,NVIDIA H200,421a523e82cb,"scripts/clock_elasticity.py: bursts of N back-to-back fused_experts calls under one pinned tile, each call L2-flushed and bracketed by its own pre-primed event pair, the FIRST call of every burst discarded as a drained-queue launch, a host-side idle gap after each burst setting the sustained duty cycle, and the SM clock, board power and memory clock read through NVML with the burst still in flight; NOT timing.TIMING_BASIS | duty 0.25",,iters=supplied as None; sglang=package not installed,1,3.12.3,152.94071568154783,"measured on this device: NVIDIA H200 (measured), 669.6 TFLOP/s bf16 over 4378.2 GB/s (triad pattern); calibrated 2026-09-23 at 33d28339",,200.0,2.13.0,3.7.1,2026-09-23T20:01:03+00:00,0.27.1,300.0
private,1,32,2,64,256,2,72,1.4343519806861877,1.4279680252075195,0.003221880029393123,130,3,314.1468163728714,"scripts/clock_elasticity.py: bursts of N back-to-back fused_experts calls under one pinned tile, each call L2-flushed and bracketed by its own pre-primed event pair, the FIRST call of every burst discarded as a drained-queue launch, a host-side idle gap after each burst setting the sustained duty cycle, and the SM clock, board power and memory clock read through NVML with the burst still in flight; NOT timing.TIMING_BASIS",1965.0,False,high,True,True,ok,"LEVEL HIGH (recorded, never an exclusion here): loaded clock 1965 MHz against the 1470 MHz reference. At a duty cycle below 1.0 a HIGH reading is the experiment working, not a cell to drop.",0.25,311.104,0.24409452864960088,27,118.8146892786026,1.433855950832367,1.4364960193634033,True,1935 1965 1920 1965 1965 1935 1965 1905 1965 1965 1950 1965 1920 1950 1965,False,4378.152248569231,"measured on this device: NVIDIA H200 (measured), 4378.2 GB/s (triad pattern)",13.0,580.159.04,True,1,33d28339d8e211bd7fb8caf92bd340b82ae40abb,NVIDIA H200,421a523e82cb,"scripts/clock_elasticity.py: bursts of N back-to-back fused_experts calls under one pinned tile, each call L2-flushed and bracketed by its own pre-primed event pair, the FIRST call of every burst discarded as a drained-queue launch, a host-side idle gap after each burst setting the sustained duty cycle, and the SM clock, board power and memory clock read through NVML with the burst still in flight; NOT timing.TIMING_BASIS | duty 0.25",,iters=supplied as None; sglang=package not installed,1,3.12.3,152.94071568154783,"measured on this device: NVIDIA H200 (measured), 669.6 TFLOP/s bf16 over 4378.2 GB/s (triad pattern); calibrated 2026-09-23 at 33d28339",,200.0,2.13.0,3.7.1,2026-09-23T20:01:03+00:00,0.27.1,300.0
native,1,32,2,64,256,1,8,1.0985599756240845,1.0940159559249878,0.012211734320144737,155,3,396.1230710744858,"scripts/clock_elasticity.py: bursts of N back-to-back fused_experts calls under one pinned tile, each call L2-flushed and bracketed by its own pre-primed event pair, the FIRST call of every burst discarded as a drained-queue launch, a host-side idle gap after each burst setting the sustained duty cycle, and the SM clock, board power and memory clock read through NVML with the burst still in flight; NOT timing.TIMING_BASIS",1965.0,False,high,True,True,ok,"LEVEL HIGH (recorded, never an exclusion here): loaded clock 1965 MHz against the 1470 MHz reference. At a duty cycle below 1.0 a HIGH reading is the experiment working, not a cell to drop.",0.25,302.561,0.2248636934650067,32,120.0629768371582,1.0979199409484863,1.100607991218567,True,1965 1965 1965 1965 1950 1965 1890 1950 1965 1965 1965 1965 1950 1905 1950,False,4378.152248569231,"measured on this device: NVIDIA H200 (measured), 4378.2 GB/s (triad pattern)",13.0,580.159.04,True,1,33d28339d8e211bd7fb8caf92bd340b82ae40abb,NVIDIA H200,421a523e82cb,"scripts/clock_elasticity.py: bursts of N back-to-back fused_experts calls under one pinned tile, each call L2-flushed and bracketed by its own pre-primed event pair, the FIRST call of every burst discarded as a drained-queue launch, a host-side idle gap after each burst setting the sustained duty cycle, and the SM clock, board power and memory clock read through NVML with the burst still in flight; NOT timing.TIMING_BASIS | duty 0.25",,iters=supplied as None; sglang=package not installed,1,3.12.3,152.94071568154783,"measured on this device: NVIDIA H200 (measured), 669.6 TFLOP/s bf16 over 4378.2 GB/s (triad pattern); calibrated 2026-09-23 at 33d28339",,200.0,2.13.0,3.7.1,2026-09-23T20:01:03+00:00,0.27.1,300.0
shared,1,32,1,32,128,1,72,0.7421920001506805,0.7300800085067749,0.004235206280329965,260,3,395.75030410289764,"scripts/clock_elasticity.py: bursts of N back-to-back fused_experts calls under one pinned tile, each call L2-flushed and bracketed by its own pre-primed event pair, the FIRST call of every burst discarded as a drained-queue launch, a host-side idle gap after each burst setting the sustained duty cycle, and the SM clock, board power and memory clock read through NVML with the burst still in flight; NOT timing.TIMING_BASIS",1965.0,False,high,True,True,ok,"LEVEL HIGH (recorded, never an exclusion here): loaded clock 1965 MHz against the 1470 MHz reference. At a duty cycle below 1.0 a HIGH reading is the experiment working, not a cell to drop.",0.25,301.751,0.2428311515605058,53,119.60870495438576,0.7416319847106934,0.7425280213356018,True,1920 1965 1890 1965 1965 1950 1935 1965 1935 1965 1965 1965 1965 1830 1950,False,4378.152248569231,"measured on this device: NVIDIA H200 (measured), 4378.2 GB/s (triad pattern)",13.0,580.159.04,True,1,33d28339d8e211bd7fb8caf92bd340b82ae40abb,NVIDIA H200,421a523e82cb,"scripts/clock_elasticity.py: bursts of N back-to-back fused_experts calls under one pinned tile, each call L2-flushed and bracketed by its own pre-primed event pair, the FIRST call of every burst discarded as a drained-queue launch, a host-side idle gap after each burst setting the sustained duty cycle, and the SM clock, board power and memory clock read through NVML with the burst still in flight; NOT timing.TIMING_BASIS | duty 0.25",,iters=supplied as None; sglang=package not installed,1,3.12.3,152.94071568154783,"measured on this device: NVIDIA H200 (measured), 669.6 TFLOP/s bf16 over 4378.2 GB/s (triad pattern); calibrated 2026-09-23 at 33d28339",,200.0,2.13.0,3.7.1,2026-09-23T20:01:03+00:00,0.27.1,300.0
private,1,32,1,32,128,1,72,0.7426239848136902,0.7308480143547058,0.008248185600761909,265,3,402.5158084630966,"scripts/clock_elasticity.py: bursts of N back-to-back fused_experts calls under one pinned tile, each call L2-flushed and bracketed by its own pre-primed event pair, the FIRST call of every burst discarded as a drained-queue launch, a host-side idle gap after each burst setting the sustained duty cycle, and the SM clock, board power and memory clock read through NVML with the burst still in flight; NOT timing.TIMING_BASIS",1965.0,False,high,False,True,ok,"LEVEL HIGH (recorded, never an exclusion here): loaded clock 1965 MHz against the 1470 MHz reference. At a duty cycle below 1.0 a HIGH reading is the experiment working, not a cell to drop.; DRIFT failed, dropping: 1965 -> 1830 MHz over 15 bursts; this cell is EXCLUDED",0.25,316.59,0.24492692283053835,54,120.45283126831055,0.7421119809150696,0.743071973323822,True,1965 1935 1965 1965 1965 1965 1965 1950 1965 1965 1950 1845 1965 1965 1830,False,4378.152248569231,"measured on this device: NVIDIA H200 (measured), 4378.2 GB/s (triad pattern)",13.0,580.159.04,True,1,33d28339d8e211bd7fb8caf92bd340b82ae40abb,NVIDIA H200,421a523e82cb,"scripts/clock_elasticity.py: bursts of N back-to-back fused_experts calls under one pinned tile, each call L2-flushed and bracketed by its own pre-primed event pair, the FIRST call of every burst discarded as a drained-queue launch, a host-side idle gap after each burst setting the sustained duty cycle, and the SM clock, board power and memory clock read through NVML with the burst still in flight; NOT timing.TIMING_BASIS | duty 0.25",,iters=supplied as None; sglang=package not installed,1,3.12.3,152.94071568154783,"measured on this device: NVIDIA H200 (measured), 669.6 TFLOP/s bf16 over 4378.2 GB/s (triad pattern); calibrated 2026-09-23 at 33d28339",,200.0,2.13.0,3.7.1,2026-09-23T20:01:03+00:00,0.27.1,300.0
native,1,32,1,32,128,1,8,0.7423999905586243,0.729312002658844,0.005076372724140815,265,3,322.84601575136185,"scripts/clock_elasticity.py: bursts of N back-to-back fused_experts calls under one pinned tile, each call L2-flushed and bracketed by its own pre-primed event pair, the FIRST call of every burst discarded as a drained-queue launch, a host-side idle gap after each burst setting the sustained duty cycle, and the SM clock, board power and memory clock read through NVML with the burst still in flight; NOT timing.TIMING_BASIS",1965.0,False,high,True,True,ok,"LEVEL HIGH (recorded, never an exclusion here): loaded clock 1965 MHz against the 1470 MHz reference. At a duty cycle below 1.0 a HIGH reading is the experiment working, not a cell to drop.",0.25,314.292,0.2449543101026244,54,120.50466924905777,0.7421119809150696,0.743071973323822,True,1950 1965 1965 1800 1965 1980 1935 1950 1965 1950 1965 1965 1920 1965 1980,False,4378.152248569231,"measured on this device: NVIDIA H200 (measured), 4378.2 GB/s (triad pattern)",13.0,580.159.04,True,1,33d28339d8e211bd7fb8caf92bd340b82ae40abb,NVIDIA H200,421a523e82cb,"scripts/clock_elasticity.py: bursts of N back-to-back fused_experts calls under one pinned tile, each call L2-flushed and bracketed by its own pre-primed event pair, the FIRST call of every burst discarded as a drained-queue launch, a host-side idle gap after each burst setting the sustained duty cycle, and the SM clock, board power and memory clock read through NVML with the burst still in flight; NOT timing.TIMING_BASIS | duty 0.25",,iters=supplied as None; sglang=package not installed,1,3.12.3,152.94071568154783,"measured on this device: NVIDIA H200 (measured), 669.6 TFLOP/s bf16 over 4378.2 GB/s (triad pattern); calibrated 2026-09-23 at 33d28339",,200.0,2.13.0,3.7.1,2026-09-23T20:01:03+00:00,0.27.1,300.0
private,2,32,1,32,128,1,72,0.7431039810180664,0.7302719950675964,0.012837399303207125,265,3,322.18111991882324,"scripts/clock_elasticity.py: bursts of N back-to-back fused_experts calls under one pinned tile, each call L2-flushed and bracketed by its own pre-primed event pair, the FIRST call of every burst discarded as a drained-queue launch, a host-side idle gap after each burst setting the sustained duty cycle, and the SM clock, board power and memory clock read through NVML with the burst still in flight; NOT timing.TIMING_BASIS",1965.0,False,high,True,True,ok,"LEVEL HIGH (recorded, never an exclusion here): loaded clock 1965 MHz against the 1470 MHz reference. At a duty cycle below 1.0 a HIGH reading is the experiment working, not a cell to drop.",0.25,309.44,0.2450776104951164,54,120.73535960912704,0.7427200078964233,0.7451199889183044,True,1965 1965 1965 1965 1965 1980 1965 1905 1950 1905 1950 1965 1965 1950 1965,False,4378.152248569231,"measured on this device: NVIDIA H200 (measured), 4378.2 GB/s (triad pattern)",13.0,580.159.04,True,1,33d28339d8e211bd7fb8caf92bd340b82ae40abb,NVIDIA H200,421a523e82cb,"scripts/clock_elasticity.py: bursts of N back-to-back fused_experts calls under one pinned tile, each call L2-flushed and bracketed by its own pre-primed event pair, the FIRST call of every burst discarded as a drained-queue launch, a host-side idle gap after each burst setting the sustained duty cycle, and the SM clock, board power and memory clock read through NVML with the burst still in flight; NOT timing.TIMING_BASIS | duty 0.25",,iters=supplied as None; sglang=package not installed,1,3.12.3,152.94071568154783,"measured on this device: NVIDIA H200 (measured), 669.6 TFLOP/s bf16 over 4378.2 GB/s (triad pattern); calibrated 2026-09-23 at 33d28339",,200.0,2.13.0,3.7.1,2026-09-23T20:01:03+00:00,0.27.1,300.0
native,2,32,1,32,128,1,8,0.7432800233364105,0.7327039837837219,0.003528616061682267,260,3,395.7504001259804,"scripts/clock_elasticity.py: bursts of N back-to-back fused_experts calls under one pinned tile, each call L2-flushed and bracketed by its own pre-primed event pair, the FIRST call of every burst discarded as a drained-queue launch, a host-side idle gap after each burst setting the sustained duty cycle, and the SM clock, board power and memory clock read through NVML with the burst still in flight; NOT timing.TIMING_BASIS",1965.0,False,high,True,True,ok,"LEVEL HIGH (recorded, never an exclusion here): loaded clock 1965 MHz against the 1470 MHz reference. At a duty cycle below 1.0 a HIGH reading is the experiment working, not a cell to drop.",0.25,307.416,0.24342225698627334,53,119.1838590502739,0.7433919906616211,0.7440639734268188,True,1980 1980 1980 1965 1815 1965 1965 1905 1965 1920 1965 1965 1935 1935 1965,False,4378.152248569231,"measured on this device: NVIDIA H200 (measured), 4378.2 GB/s (triad pattern)",13.0,580.159.04,True,1,33d28339d8e211bd7fb8caf92bd340b82ae40abb,NVIDIA H200,421a523e82cb,"scripts/clock_elasticity.py: bursts of N back-to-back fused_experts calls under one pinned tile, each call L2-flushed and bracketed by its own pre-primed event pair, the FIRST call of every burst discarded as a drained-queue launch, a host-side idle gap after each burst setting the sustained duty cycle, and the SM clock, board power and memory clock read through NVML with the burst still in flight; NOT timing.TIMING_BASIS | duty 0.25",,iters=supplied as None; sglang=package not installed,1,3.12.3,152.94071568154783,"measured on this device: NVIDIA H200 (measured), 669.6 TFLOP/s bf16 over 4378.2 GB/s (triad pattern); calibrated 2026-09-23 at 33d28339",,200.0,2.13.0,3.7.1,2026-09-23T20:01:03+00:00,0.27.1,300.0
shared,2,32,1,32,128,1,72,0.7432640194892883,0.7308480143547058,0.003582032882098168,260,3,316.7471998333931,"scripts/clock_elasticity.py: bursts of N back-to-back fused_experts calls under one pinned tile, each call L2-flushed and bracketed by its own pre-primed event pair, the FIRST call of every burst discarded as a drained-queue launch, a host-side idle gap after each burst setting the sustained duty cycle, and the SM clock, board power and memory clock read through NVML with the burst still in flight; NOT timing.TIMING_BASIS",1965.0,False,high,True,True,ok,"LEVEL HIGH (recorded, never an exclusion here): loaded clock 1965 MHz against the 1470 MHz reference. At a duty cycle below 1.0 a HIGH reading is the experiment working, not a cell to drop.",0.25,313.258,0.24177867694974967,53,120.14294546842575,0.7434239983558655,0.7437120079994202,True,1965 1890 1965 1860 1965 1965 1965 1950 1965 1920 1965 1965 1965 1950 1965,False,4378.152248569231,"measured on this device: NVIDIA H200 (measured), 4378.2 GB/s (triad pattern)",13.0,580.159.04,True,1,33d28339d8e211bd7fb8caf92bd340b82ae40abb,NVIDIA H200,421a523e82cb,"scripts/clock_elasticity.py: bursts of N back-to-back fused_experts calls under one pinned tile, each call L2-flushed and bracketed by its own pre-primed event pair, the FIRST call of every burst discarded as a drained-queue launch, a host-side idle gap after each burst setting the sustained duty cycle, and the SM clock, board power and memory clock read through NVML with the burst still in flight; NOT timing.TIMING_BASIS | duty 0.25",,iters=supplied as None; sglang=package not installed,1,3.12.3,152.94071568154783,"measured on this device: NVIDIA H200 (measured), 669.6 TFLOP/s bf16 over 4378.2 GB/s (triad pattern); calibrated 2026-09-23 at 33d28339",,200.0,2.13.0,3.7.1,2026-09-23T20:01:03+00:00,0.27.1,300.0
private,2,32,2,64,256,2,72,1.434399962425232,1.4278719425201416,0.003366368000454451,135,3,322.779967546463,"scripts/clock_elasticity.py: bursts of N back-to-back fused_experts calls under one pinned tile, each call L2-flushed and bracketed by its own pre-primed event pair, the FIRST call of every burst discarded as a drained-queue launch, a host-side idle gap after each burst setting the sustained duty cycle, and the SM clock, board power and memory clock read through NVML with the burst still in flight; NOT timing.TIMING_BASIS",1950.0,False,high,True,True,ok,"LEVEL HIGH (recorded, never an exclusion here): loaded clock 1950 MHz against the 1470 MHz reference. At a duty cycle below 1.0 a HIGH reading is the experiment working, not a cell to drop.",0.25,317.693,0.24566299879653397,28,122.00293922424316,1.4345920085906982,1.4366880059242249,True,1950 1965 1950 1935 1965 1920 1965 1965 1905 1950 1965 1920 1950 1965 1950,False,4378.152248569231,"measured on this device: NVIDIA H200 (measured), 4378.2 GB/s (triad pattern)",13.0,580.159.04,True,1,33d28339d8e211bd7fb8caf92bd340b82ae40abb,NVIDIA H200,421a523e82cb,"scripts/clock_elasticity.py: bursts of N back-to-back fused_experts calls under one pinned tile, each call L2-flushed and bracketed by its own pre-primed event pair, the FIRST call of every burst discarded as a drained-queue launch, a host-side idle gap after each burst setting the sustained duty cycle, and the SM clock, board power and memory clock read through NVML with the burst still in flight; NOT timing.TIMING_BASIS | duty 0.25",,iters=supplied as None; sglang=package not installed,1,3.12.3,152.94071568154783,"measured on this device: NVIDIA H200 (measured), 669.6 TFLOP/s bf16 over 4378.2 GB/s (triad pattern); calibrated 2026-09-23 at 33d28339",,200.0,2.13.0,3.7.1,2026-09-23T20:01:03+00:00,0.27.1,300.0
native,2,32,2,64,256,1,8,1.1048640012741089,1.101855993270874,0.011564778654890615,155,3,395.56729650497437,"scripts/clock_elasticity.py: bursts of N back-to-back fused_experts calls under one pinned tile, each call L2-flushed and bracketed by its own pre-primed event pair, the FIRST call of every burst discarded as a drained-queue launch, a host-side idle gap after each burst setting the sustained duty cycle, and the SM clock, board power and memory clock read through NVML with the burst still in flight; NOT timing.TIMING_BASIS",1965.0,False,high,True,True,ok,"LEVEL HIGH (recorded, never an exclusion here): loaded clock 1965 MHz against the 1470 MHz reference. At a duty cycle below 1.0 a HIGH reading is the experiment working, not a cell to drop.",0.25,311.418,0.22657055686987565,32,119.1306209564209,1.1049920320510864,1.1050560474395752,True,1950 1965 1905 1965 1800 1965 1965 1950 1965 1890 1950 1965 1965 1965 1950,False,4378.152248569231,"measured on this device: NVIDIA H200 (measured), 4378.2 GB/s (triad pattern)",13.0,580.159.04,True,1,33d28339d8e211bd7fb8caf92bd340b82ae40abb,NVIDIA H200,421a523e82cb,"scripts/clock_elasticity.py: bursts of N back-to-back fused_experts calls under one pinned tile, each call L2-flushed and bracketed by its own pre-primed event pair, the FIRST call of every burst discarded as a drained-queue launch, a host-side idle gap after each burst setting the sustained duty cycle, and the SM clock, board power and memory clock read through NVML with the burst still in flight; NOT timing.TIMING_BASIS | duty 0.25",,iters=supplied as None; sglang=package not installed,1,3.12.3,152.94071568154783,"measured on this device: NVIDIA H200 (measured), 669.6 TFLOP/s bf16 over 4378.2 GB/s (triad pattern); calibrated 2026-09-23 at 33d28339",,200.0,2.13.0,3.7.1,2026-09-23T20:01:03+00:00,0.27.1,300.0
shared,2,32,2,64,256,1,72,1.0997120141983032,1.0963200330734253,0.004137425425943535,155,3,322.852575302124,"scripts/clock_elasticity.py: bursts of N back-to-back fused_experts calls under one pinned tile, each call L2-flushed and bracketed by its own pre-primed event pair, the FIRST call of every burst discarded as a drained-queue launch, a host-side idle gap after each burst setting the sustained duty cycle, and the SM clock, board power and memory clock read through NVML with the burst still in flight; NOT timing.TIMING_BASIS",1965.0,False,high,True,True,ok,"LEVEL HIGH (recorded, never an exclusion here): loaded clock 1965 MHz against the 1470 MHz reference. At a duty cycle below 1.0 a HIGH reading is the experiment working, not a cell to drop.",0.25,310.522,0.22300303098374233,32,121.37472152709961,1.0996160507202148,1.0996479988098145,True,1905 1950 1965 1965 1965 1890 1920 1785 1920 1965 1965 1965 1965 1965 1965,False,4378.152248569231,"measured on this device: NVIDIA H200 (measured), 4378.2 GB/s (triad pattern)",13.0,580.159.04,True,1,33d28339d8e211bd7fb8caf92bd340b82ae40abb,NVIDIA H200,421a523e82cb,"scripts/clock_elasticity.py: bursts of N back-to-back fused_experts calls under one pinned tile, each call L2-flushed and bracketed by its own pre-primed event pair, the FIRST call of every burst discarded as a drained-queue launch, a host-side idle gap after each burst setting the sustained duty cycle, and the SM clock, board power and memory clock read through NVML with the burst still in flight; NOT timing.TIMING_BASIS | duty 0.25",,iters=supplied as None; sglang=package not installed,1,3.12.3,152.94071568154783,"measured on this device: NVIDIA H200 (measured), 669.6 TFLOP/s bf16 over 4378.2 GB/s (triad pattern); calibrated 2026-09-23 at 33d28339",,200.0,2.13.0,3.7.1,2026-09-23T20:01:03+00:00,0.27.1,300.0
private,2,32,3,96,384,3,72,2.141184091567993,2.134176015853882,0.0044513801464340945,85,3,660.155713558197,"scripts/clock_elasticity.py: bursts of N back-to-back fused_experts calls under one pinned tile, each call L2-flushed and bracketed by its own pre-primed event pair, the FIRST call of every burst discarded as a drained-queue launch, a host-side idle gap after each burst setting the sustained duty cycle, and the SM clock, board power and memory clock read through NVML with the burst still in flight; NOT timing.TIMING_BASIS",1950.0,False,high,True,True,ok,"LEVEL HIGH (recorded, never an exclusion here): loaded clock 1950 MHz against the 1470 MHz reference. At a duty cycle below 1.0 a HIGH reading is the experiment working, not a cell to drop.",0.25,324.134,0.24529493855928777,18,117.76233530044556,2.140879988670349,2.1444320678710938,True,1950 1965 1920 1950 1845 1935 1950 1890 1965 1950 1965 1860 1935 1965 1890,False,4378.152248569231,"measured on this device: NVIDIA H200 (measured), 4378.2 GB/s (triad pattern)",13.0,580.159.04,True,1,33d28339d8e211bd7fb8caf92bd340b82ae40abb,NVIDIA H200,421a523e82cb,"scripts/clock_elasticity.py: bursts of N back-to-back fused_experts calls under one pinned tile, each call L2-flushed and bracketed by its own pre-primed event pair, the FIRST call of every burst discarded as a drained-queue launch, a host-side idle gap after each burst setting the sustained duty cycle, and the SM clock, board power and memory clock read through NVML with the burst still in flight; NOT timing.TIMING_BASIS | duty 0.25",,iters=supplied as None; sglang=package not installed,1,3.12.3,152.94071568154783,"measured on this device: NVIDIA H200 (measured), 669.6 TFLOP/s bf16 over 4378.2 GB/s (triad pattern); calibrated 2026-09-23 at 33d28339",,200.0,2.13.0,3.7.1,2026-09-23T20:01:03+00:00,0.27.1,300.0
native,2,32,3,96,384,1,8,1.6306560039520264,1.6281280517578125,0.023289011811059367,105,3,691.1488950252533,"scripts/clock_elasticity.py: bursts of N back-to-back fused_experts calls under one pinned tile, each call L2-flushed and bracketed by its own pre-primed event pair, the FIRST call of every burst discarded as a drained-queue launch, a host-side idle gap after each burst setting the sustained duty cycle, and the SM clock, board power and memory clock read through NVML with the burst still in flight; NOT timing.TIMING_BASIS",1950.0,False,high,True,True,ok,"LEVEL HIGH (recorded, never an exclusion here): loaded clock 1950 MHz against the 1470 MHz reference. At a duty cycle below 1.0 a HIGH reading is the experiment working, not a cell to drop.",0.25,318.37,0.23065946408220697,22,119.20127892494202,1.6306240558624268,1.6317119598388672,True,1965 1875 1950 1965 1950 1965 1950 1950 1875 1950 1755 1965 1965 1935 1965,False,4378.152248569231,"measured on this device: NVIDIA H200 (measured), 4378.2 GB/s (triad pattern)",13.0,580.159.04,True,1,33d28339d8e211bd7fb8caf92bd340b82ae40abb,NVIDIA H200,421a523e82cb,"scripts/clock_elasticity.py: bursts of N back-to-back fused_experts calls under one pinned tile, each call L2-flushed and bracketed by its own pre-primed event pair, the FIRST call of every burst discarded as a drained-queue launch, a host-side idle gap after each burst setting the sustained duty cycle, and the SM clock, board power and memory clock read through NVML with the burst still in flight; NOT timing.TIMING_BASIS | duty 0.25",,iters=supplied as None; sglang=package not installed,1,3.12.3,152.94071568154783,"measured on this device: NVIDIA H200 (measured), 669.6 TFLOP/s bf16 over 4378.2 GB/s (triad pattern); calibrated 2026-09-23 at 33d28339",,200.0,2.13.0,3.7.1,2026-09-23T20:01:03+00:00,0.27.1,300.0
shared,2,32,3,96,384,1,72,1.6306560039520264,1.627295970916748,0.018198428227296497,100,3,522.0470081567764,"scripts/clock_elasticity.py: bursts of N back-to-back fused_experts calls under one pinned tile, each call L2-flushed and bracketed by its own pre-primed event pair, the FIRST call of every burst discarded as a drained-queue launch, a host-side idle gap after each burst setting the sustained duty cycle, and the SM clock, board power and memory clock read through NVML with the burst still in flight; NOT timing.TIMING_BASIS",1965.0,False,high,False,True,ok,"LEVEL HIGH (recorded, never an exclusion here): loaded clock 1965 MHz against the 1470 MHz reference. At a duty cycle below 1.0 a HIGH reading is the experiment working, not a cell to drop.; DRIFT failed, settling upward: 1755 -> 1935 MHz over 15 bursts; this cell is EXCLUDED",0.25,316.868,0.22486839762596308,21,117.79588866233826,1.6300480365753174,1.63155198097229,True,1755 1965 1965 1965 1965 1950 1965 1965 1965 1905 1950 1950 1950 1965 1935,False,4378.152248569231,"measured on this device: NVIDIA H200 (measured), 4378.2 GB/s (triad pattern)",13.0,580.159.04,True,1,33d28339d8e211bd7fb8caf92bd340b82ae40abb,NVIDIA H200,421a523e82cb,"scripts/clock_elasticity.py: bursts of N back-to-back fused_experts calls under one pinned tile, each call L2-flushed and bracketed by its own pre-primed event pair, the FIRST call of every burst discarded as a drained-queue launch, a host-side idle gap after each burst setting the sustained duty cycle, and the SM clock, board power and memory clock read through NVML with the burst still in flight; NOT timing.TIMING_BASIS | duty 0.25",,iters=supplied as None; sglang=package not installed,1,3.12.3,152.94071568154783,"measured on this device: NVIDIA H200 (measured), 669.6 TFLOP/s bf16 over 4378.2 GB/s (triad pattern); calibrated 2026-09-23 at 33d28339",,200.0,2.13.0,3.7.1,2026-09-23T20:01:03+00:00,0.27.1,300.0
private,2,32,4,128,512,4,72,2.8459839820861816,2.8390400409698486,0.004025112395586601,65,3,323.64831948280334,"scripts/clock_elasticity.py: bursts of N back-to-back fused_experts calls under one pinned tile, each call L2-flushed and bracketed by its own pre-primed event pair, the FIRST call of every burst discarded as a drained-queue launch, a host-side idle gap after each burst setting the sustained duty cycle, and the SM clock, board power and memory clock read through NVML with the burst still in flight; NOT timing.TIMING_BASIS",1950.0,False,high,True,True,ok,"LEVEL HIGH (recorded, never an exclusion here): loaded clock 1950 MHz against the 1470 MHz reference. At a duty cycle below 1.0 a HIGH reading is the experiment working, not a cell to drop.",0.25,317.27,0.24561511688664206,14,121.70726323127747,2.8466238975524902,2.8475840091705322,True,1950 1785 1935 1965 1920 1965 1950 1875 1965 1905 1965 1965 1860 1950 1965,False,4378.152248569231,"measured on this device: NVIDIA H200 (measured), 4378.2 GB/s (triad pattern)",13.0,580.159.04,True,1,33d28339d8e211bd7fb8caf92bd340b82ae40abb,NVIDIA H200,421a523e82cb,"scripts/clock_elasticity.py: bursts of N back-to-back fused_experts calls under one pinned tile, each call L2-flushed and bracketed by its own pre-primed event pair, the FIRST call of every burst discarded as a drained-queue launch, a host-side idle gap after each burst setting the sustained duty cycle, and the SM clock, board power and memory clock read through NVML with the burst still in flight; NOT timing.TIMING_BASIS | duty 0.25",,iters=supplied as None; sglang=package not installed,1,3.12.3,152.94071568154783,"measured on this device: NVIDIA H200 (measured), 669.6 TFLOP/s bf16 over 4378.2 GB/s (triad pattern); calibrated 2026-09-23 at 33d28339",,200.0,2.13.0,3.7.1,2026-09-23T20:01:03+00:00,0.27.1,300.0
native,2,32,4,128,512,1,8,2.137727975845337,2.1184959411621094,0.009424323826069924,80,3,330.7249917984009,"scripts/clock_elasticity.py: bursts of N back-to-back fused_experts calls under one pinned tile, each call L2-flushed and bracketed by its own pre-primed event pair, the FIRST call of every burst discarded as a drained-queue launch, a host-side idle gap after each burst setting the sustained duty cycle, and the SM clock, board power and memory clock read through NVML with the burst still in flight; NOT timing.TIMING_BASIS",1965.0,False,high,True,True,ok,"LEVEL HIGH (recorded, never an exclusion here): loaded clock 1965 MHz against the 1470 MHz reference. At a duty cycle below 1.0 a HIGH reading is the experiment working, not a cell to drop.",0.25,302.971,0.23476756103322022,17,117.74226951599121,2.138319969177246,2.1381120681762695,True,1965 1965 1980 1965 1965 1965 1965 1965 1965 1965 1965 1980 1965 1965 1965,False,4378.152248569231,"measured on this device: NVIDIA H200 (measured), 4378.2 GB/s (triad pattern)",13.0,580.159.04,True,1,33d28339d8e211bd7fb8caf92bd340b82ae40abb,NVIDIA H200,421a523e82cb,"scripts/clock_elasticity.py: bursts of N back-to-back fused_experts calls under one pinned tile, each call L2-flushed and bracketed by its own pre-primed event pair, the FIRST call of every burst discarded as a drained-queue launch, a host-side idle gap after each burst setting the sustained duty cycle, and the SM clock, board power and memory clock read through NVML with the burst still in flight; NOT timing.TIMING_BASIS | duty 0.25",,iters=supplied as None; sglang=package not installed,1,3.12.3,152.94071568154783,"measured on this device: NVIDIA H200 (measured), 669.6 TFLOP/s bf16 over 4378.2 GB/s (triad pattern); calibrated 2026-09-23 at 33d28339",,200.0,2.13.0,3.7.1,2026-09-23T20:01:03+00:00,0.27.1,300.0
shared,2,32,4,128,512,1,72,2.1490559577941895,2.145983934402466,0.006333633252467584,85,3,313.6147532463074,"scripts/clock_elasticity.py: bursts of N back-to-back fused_experts calls under one pinned tile, each call L2-flushed and bracketed by its own pre-primed event pair, the FIRST call of every burst discarded as a drained-queue launch, a host-side idle gap after each burst setting the sustained duty cycle, and the SM clock, board power and memory clock read through NVML with the burst still in flight; NOT timing.TIMING_BASIS",1965.0,False,high,True,True,ok,"LEVEL HIGH (recorded, never an exclusion here): loaded clock 1965 MHz against the 1470 MHz reference. At a duty cycle below 1.0 a HIGH reading is the experiment working, not a cell to drop.",0.25,302.908,0.23951444354137277,18,122.04173111915588,2.1489280462265015,2.149664044380188,True,1920 1965 1935 1965 1935 1965 1965 1965 1965 1965 1950 1965 1965 1965 1965,False,4378.152248569231,"measured on this device: NVIDIA H200 (measured), 4378.2 GB/s (triad pattern)",13.0,580.159.04,True,1,33d28339d8e211bd7fb8caf92bd340b82ae40abb,NVIDIA H200,421a523e82cb,"scripts/clock_elasticity.py: bursts of N back-to-back fused_experts calls under one pinned tile, each call L2-flushed and bracketed by its own pre-primed event pair, the FIRST call of every burst discarded as a drained-queue launch, a host-side idle gap after each burst setting the sustained duty cycle, and the SM clock, board power and memory clock read through NVML with the burst still in flight; NOT timing.TIMING_BASIS | duty 0.25",,iters=supplied as None; sglang=package not installed,1,3.12.3,152.94071568154783,"measured on this device: NVIDIA H200 (measured), 669.6 TFLOP/s bf16 over 4378.2 GB/s (triad pattern); calibrated 2026-09-23 at 33d28339",,200.0,2.13.0,3.7.1,2026-09-23T20:01:03+00:00,0.27.1,300.0
private,2,32,5,160,640,5,72,3.5503519773483276,3.54367995262146,0.005113822371705443,50,3,432.48089504241943,"scripts/clock_elasticity.py: bursts of N back-to-back fused_experts calls under one pinned tile, each call L2-flushed and bracketed by its own pre-primed event pair, the FIRST call of every burst discarded as a drained-queue launch, a host-side idle gap after each burst setting the sustained duty cycle, and the SM clock, board power and memory clock read through NVML with the burst still in flight; NOT timing.TIMING_BASIS",1965.0,False,high,True,True,ok,"LEVEL HIGH (recorded, never an exclusion here): loaded clock 1965 MHz against the 1470 MHz reference. At a duty cycle below 1.0 a HIGH reading is the experiment working, not a cell to drop.",0.25,315.022,0.24807597318099472,11,118.08984017372131,3.5506399869918823,3.5528799295425415,True,1965 1965 1935 1965 1905 1950 1965 1920 1965 1935 1965 1920 1965 1965 1920,False,4378.152248569231,"measured on this device: NVIDIA H200 (measured), 4378.2 GB/s (triad pattern)",13.0,580.159.04,True,1,33d28339d8e211bd7fb8caf92bd340b82ae40abb,NVIDIA H200,421a523e82cb,"scripts/clock_elasticity.py: bursts of N back-to-back fused_experts calls under one pinned tile, each call L2-flushed and bracketed by its own pre-primed event pair, the FIRST call of every burst discarded as a drained-queue launch, a host-side idle gap after each burst setting the sustained duty cycle, and the SM clock, board power and memory clock read through NVML with the burst still in flight; NOT timing.TIMING_BASIS | duty 0.25",,iters=supplied as None; sglang=package not installed,1,3.12.3,152.94071568154783,"measured on this device: NVIDIA H200 (measured), 669.6 TFLOP/s bf16 over 4378.2 GB/s (triad pattern); calibrated 2026-09-23 at 33d28339",,200.0,2.13.0,3.7.1,2026-09-23T20:01:03+00:00,0.27.1,300.0
native,2,32,5,160,640,1,8,2.6457279920578003,2.640320062637329,0.025768429873616813,60,3,317.22348713874817,"scripts/clock_elasticity.py: bursts of N back-to-back fused_experts calls under one pinned tile, each call L2-flushed and bracketed by its own pre-primed event pair, the FIRST call of every burst discarded as a drained-queue launch, a host-side idle gap after each burst setting the sustained duty cycle, and the SM clock, board power and memory clock read through NVML with the burst still in flight; NOT timing.TIMING_BASIS",1965.0,False,high,True,True,ok,"LEVEL HIGH (recorded, never an exclusion here): loaded clock 1965 MHz against the 1470 MHz reference. At a duty cycle below 1.0 a HIGH reading is the experiment working, not a cell to drop.",0.25,303.424,0.22342110851481561,13,119.40801501274109,2.6452159881591797,2.6466879844665527,True,1950 1950 1965 1965 1920 1965 1950 1950 1965 1965 1935 1950 1965 1965 1965,False,4378.152248569231,"measured on this device: NVIDIA H200 (measured), 4378.2 GB/s (triad pattern)",13.0,580.159.04,True,1,33d28339d8e211bd7fb8caf92bd340b82ae40abb,NVIDIA H200,421a523e82cb,"scripts/clock_elasticity.py: bursts of N back-to-back fused_experts calls under one pinned tile, each call L2-flushed and bracketed by its own pre-primed event pair, the FIRST call of every burst discarded as a drained-queue launch, a host-side idle gap after each burst setting the sustained duty cycle, and the SM clock, board power and memory clock read through NVML with the burst still in flight; NOT timing.TIMING_BASIS | duty 0.25",,iters=supplied as None; sglang=package not installed,1,3.12.3,152.94071568154783,"measured on this device: NVIDIA H200 (measured), 669.6 TFLOP/s bf16 over 4378.2 GB/s (triad pattern); calibrated 2026-09-23 at 33d28339",,200.0,2.13.0,3.7.1,2026-09-23T20:01:03+00:00,0.27.1,300.0
shared,2,32,5,160,640,1,72,2.6551520824432373,2.6525440216064453,0.02684471158392905,60,3,317.58451199531555,"scripts/clock_elasticity.py: bursts of N back-to-back fused_experts calls under one pinned tile, each call L2-flushed and bracketed by its own pre-primed event pair, the FIRST call of every burst discarded as a drained-queue launch, a host-side idle gap after each burst setting the sustained duty cycle, and the SM clock, board power and memory clock read through NVML with the burst still in flight; NOT timing.TIMING_BASIS",1965.0,False,high,True,True,ok,"LEVEL HIGH (recorded, never an exclusion here): loaded clock 1965 MHz against the 1470 MHz reference. At a duty cycle below 1.0 a HIGH reading is the experiment working, not a cell to drop.",0.25,307.941,0.2253518365323892,13,118.51881623268127,2.6546878814697266,2.656480073928833,True,1965 1950 1965 1965 1965 1935 1965 1965 1950 1890 1965 1935 1965 1965 1965,False,4378.152248569231,"measured on this device: NVIDIA H200 (measured), 4378.2 GB/s (triad pattern)",13.0,580.159.04,True,1,33d28339d8e211bd7fb8caf92bd340b82ae40abb,NVIDIA H200,421a523e82cb,"scripts/clock_elasticity.py: bursts of N back-to-back fused_experts calls under one pinned tile, each call L2-flushed and bracketed by its own pre-primed event pair, the FIRST call of every burst discarded as a drained-queue launch, a host-side idle gap after each burst setting the sustained duty cycle, and the SM clock, board power and memory clock read through NVML with the burst still in flight; NOT timing.TIMING_BASIS | duty 0.25",,iters=supplied as None; sglang=package not installed,1,3.12.3,152.94071568154783,"measured on this device: NVIDIA H200 (measured), 669.6 TFLOP/s bf16 over 4378.2 GB/s (triad pattern); calibrated 2026-09-23 at 33d28339",,200.0,2.13.0,3.7.1,2026-09-23T20:01:03+00:00,0.27.1,300.0
private,2,32,6,192,768,6,72,4.255856037139893,4.249311923980713,0.00438990400203262,40,3,308.0545291900635,"scripts/clock_elasticity.py: bursts of N back-to-back fused_experts calls under one pinned tile, each call L2-flushed and bracketed by its own pre-primed event pair, the FIRST call of every burst discarded as a drained-queue launch, a host-side idle gap after each burst setting the sustained duty cycle, and the SM clock, board power and memory clock read through NVML with the burst still in flight; NOT timing.TIMING_BASIS",1950.0,False,high,True,True,ok,"LEVEL HIGH (recorded, never an exclusion here): loaded clock 1950 MHz against the 1470 MHz reference. At a duty cycle below 1.0 a HIGH reading is the experiment working, not a cell to drop.",0.25,318.975,0.2460152078567096,9,117.11995053291321,4.256096124649048,4.255568027496338,True,1965 1920 1965 1950 1965 1905 1950 1965 1965 1965 1935 1965 1890 1950 1950,False,4378.152248569231,"measured on this device: NVIDIA H200 (measured), 4378.2 GB/s (triad pattern)",13.0,580.159.04,True,1,33d28339d8e211bd7fb8caf92bd340b82ae40abb,NVIDIA H200,421a523e82cb,"scripts/clock_elasticity.py: bursts of N back-to-back fused_experts calls under one pinned tile, each call L2-flushed and bracketed by its own pre-primed event pair, the FIRST call of every burst discarded as a drained-queue launch, a host-side idle gap after each burst setting the sustained duty cycle, and the SM clock, board power and memory clock read through NVML with the burst still in flight; NOT timing.TIMING_BASIS | duty 0.25",,iters=supplied as None; sglang=package not installed,1,3.12.3,152.94071568154783,"measured on this device: NVIDIA H200 (measured), 669.6 TFLOP/s bf16 over 4378.2 GB/s (triad pattern); calibrated 2026-09-23 at 33d28339",,200.0,2.13.0,3.7.1,2026-09-23T20:01:03+00:00,0.27.1,300.0
native,2,32,6,192,768,1,8,3.183583974838257,3.1807360649108887,0.02365452301921439,50,3,321.6146876811981,"scripts/clock_elasticity.py: bursts of N back-to-back fused_experts calls under one pinned tile, each call L2-flushed and bracketed by its own pre-primed event pair, the FIRST call of every burst discarded as a drained-queue launch, a host-side idle gap after each burst setting the sustained duty cycle, and the SM clock, board power and memory clock read through NVML with the burst still in flight; NOT timing.TIMING_BASIS",1965.0,False,high,True,True,ok,"LEVEL HIGH (recorded, never an exclusion here): loaded clock 1965 MHz against the 1470 MHz reference. At a duty cycle below 1.0 a HIGH reading is the experiment working, not a cell to drop.",0.25,297.758,0.2282387543095217,11,118.661661028862,3.1838399171829224,3.183519959449768,True,1935 1965 1965 1965 1965 1965 1965 1950 1965 1920 1965 1935 1965 1890 1965,False,4378.152248569231,"measured on this device: NVIDIA H200 (measured), 4378.2 GB/s (triad pattern)",13.0,580.159.04,True,1,33d28339d8e211bd7fb8caf92bd340b82ae40abb,NVIDIA H200,421a523e82cb,"scripts/clock_elasticity.py: bursts of N back-to-back fused_experts calls under one pinned tile, each call L2-flushed and bracketed by its own pre-primed event pair, the FIRST call of every burst discarded as a drained-queue launch, a host-side idle gap after each burst setting the sustained duty cycle, and the SM clock, board power and memory clock read through NVML with the burst still in flight; NOT timing.TIMING_BASIS | duty 0.25",,iters=supplied as None; sglang=package not installed,1,3.12.3,152.94071568154783,"measured on this device: NVIDIA H200 (measured), 669.6 TFLOP/s bf16 over 4378.2 GB/s (triad pattern); calibrated 2026-09-23 at 33d28339",,200.0,2.13.0,3.7.1,2026-09-23T20:01:03+00:00,0.27.1,300.0
shared,2,32,6,192,768,1,72,3.172544002532959,3.169408082962036,0.0328626570160154,50,3,356.4899516105652,"scripts/clock_elasticity.py: bursts of N back-to-back fused_experts calls under one pinned tile, each call L2-flushed and bracketed by its own pre-primed event pair, the FIRST call of every burst discarded as a drained-queue launch, a host-side idle gap after each burst setting the sustained duty cycle, and the SM clock, board power and memory clock read through NVML with the burst still in flight; NOT timing.TIMING_BASIS",1950.0,False,high,True,True,ok,"LEVEL HIGH (recorded, never an exclusion here): loaded clock 1950 MHz against the 1470 MHz reference. At a duty cycle below 1.0 a HIGH reading is the experiment working, not a cell to drop.",0.25,319.435,0.23136208854142856,11,116.0074110031128,3.1739519834518433,3.172592043876648,True,1965 1920 1965 1920 1935 1965 1950 1875 1965 1800 1965 1980 1920 1965 1935,False,4378.152248569231,"measured on this device: NVIDIA H200 (measured), 4378.2 GB/s (triad pattern)",13.0,580.159.04,True,1,33d28339d8e211bd7fb8caf92bd340b82ae40abb,NVIDIA H200,421a523e82cb,"scripts/clock_elasticity.py: bursts of N back-to-back fused_experts calls under one pinned tile, each call L2-flushed and bracketed by its own pre-primed event pair, the FIRST call of every burst discarded as a drained-queue launch, a host-side idle gap after each burst setting the sustained duty cycle, and the SM clock, board power and memory clock read through NVML with the burst still in flight; NOT timing.TIMING_BASIS | duty 0.25",,iters=supplied as None; sglang=package not installed,1,3.12.3,152.94071568154783,"measured on this device: NVIDIA H200 (measured), 669.6 TFLOP/s bf16 over 4378.2 GB/s (triad pattern); calibrated 2026-09-23 at 33d28339",,200.0,2.13.0,3.7.1,2026-09-23T20:01:03+00:00,0.27.1,300.0
native,3,32,6,192,768,1,8,3.161952018737793,3.1558079719543457,0.05295973398914765,55,3,538.7856311798096,"scripts/clock_elasticity.py: bursts of N back-to-back fused_experts calls under one pinned tile, each call L2-flushed and bracketed by its own pre-primed event pair, the FIRST call of every burst discarded as a drained-queue launch, a host-side idle gap after each burst setting the sustained duty cycle, and the SM clock, board power and memory clock read through NVML with the burst still in flight; NOT timing.TIMING_BASIS",1965.0,False,high,True,True,ok,"LEVEL HIGH (recorded, never an exclusion here): loaded clock 1965 MHz against the 1470 MHz reference. At a duty cycle below 1.0 a HIGH reading is the experiment working, not a cell to drop.",0.25,309.639,0.23337693272737822,12,124.83014488220215,3.164191961288452,3.184208035469055,True,1950 1965 1965 1935 1965 1920 1965 1965 1905 1965 1965 1965 1965 1965 1950,False,4378.152248569231,"measured on this device: NVIDIA H200 (measured), 4378.2 GB/s (triad pattern)",13.0,580.159.04,True,1,33d28339d8e211bd7fb8caf92bd340b82ae40abb,NVIDIA H200,421a523e82cb,"scripts/clock_elasticity.py: bursts of N back-to-back fused_experts calls under one pinned tile, each call L2-flushed and bracketed by its own pre-primed event pair, the FIRST call of every burst discarded as a drained-queue launch, a host-side idle gap after each burst setting the sustained duty cycle, and the SM clock, board power and memory clock read through NVML with the burst still in flight; NOT timing.TIMING_BASIS | duty 0.25",,iters=supplied as None; sglang=package not installed,1,3.12.3,152.94071568154783,"measured on this device: NVIDIA H200 (measured), 669.6 TFLOP/s bf16 over 4378.2 GB/s (triad pattern); calibrated 2026-09-23 at 33d28339",,200.0,2.13.0,3.7.1,2026-09-23T20:01:03+00:00,0.27.1,300.0
shared,3,32,6,192,768,1,72,3.1959359645843506,3.171679973602295,0.038800856202331827,55,3,312.0440311431885,"scripts/clock_elasticity.py: bursts of N back-to-back fused_experts calls under one pinned tile, each call L2-flushed and bracketed by its own pre-primed event pair, the FIRST call of every burst discarded as a drained-queue launch, a host-side idle gap after each burst setting the sustained duty cycle, and the SM clock, board power and memory clock read through NVML with the burst still in flight; NOT timing.TIMING_BASIS",1965.0,False,high,True,True,ok,"LEVEL HIGH (recorded, never an exclusion here): loaded clock 1965 MHz against the 1470 MHz reference. At a duty cycle below 1.0 a HIGH reading is the experiment working, not a cell to drop.",0.25,311.259,0.23590434004219288,12,124.2495346069336,3.1963040828704834,3.2095999717712402,True,1950 1965 1935 1965 1965 1965 1950 1875 1965 1965 1950 1920 1965 1935 1965,False,4378.152248569231,"measured on this device: NVIDIA H200 (measured), 4378.2 GB/s (triad pattern)",13.0,580.159.04,True,1,33d28339d8e211bd7fb8caf92bd340b82ae40abb,NVIDIA H200,421a523e82cb,"scripts/clock_elasticity.py: bursts of N back-to-back fused_experts calls under one pinned tile, each call L2-flushed and bracketed by its own pre-primed event pair, the FIRST call of every burst discarded as a drained-queue launch, a host-side idle gap after each burst setting the sustained duty cycle, and the SM clock, board power and memory clock read through NVML with the burst still in flight; NOT timing.TIMING_BASIS | duty 0.25",,iters=supplied as None; sglang=package not installed,1,3.12.3,152.94071568154783,"measured on this device: NVIDIA H200 (measured), 669.6 TFLOP/s bf16 over 4378.2 GB/s (triad pattern); calibrated 2026-09-23 at 33d28339",,200.0,2.13.0,3.7.1,2026-09-23T20:01:03+00:00,0.27.1,300.0
private,3,32,6,192,768,6,72,4.257007837295532,4.250688076019287,0.004595287566857029,40,3,654.9830102920532,"scripts/clock_elasticity.py: bursts of N back-to-back fused_experts calls under one pinned tile, each call L2-flushed and bracketed by its own pre-primed event pair, the FIRST call of every burst discarded as a drained-queue launch, a host-side idle gap after each burst setting the sustained duty cycle, and the SM clock, board power and memory clock read through NVML with the burst still in flight; NOT timing.TIMING_BASIS",1935.0,False,high,True,True,ok,"LEVEL HIGH (recorded, never an exclusion here): loaded clock 1935 MHz against the 1470 MHz reference. At a duty cycle below 1.0 a HIGH reading is the experiment working, not a cell to drop.",0.25,325.144,0.24811797726159984,9,115.88097596168518,4.257024049758911,4.258960008621216,True,1935 1965 1935 1965 1905 1920 1815 1965 1830 1935 1965 1950 1965 1875 1920,False,4378.152248569231,"measured on this device: NVIDIA H200 (measured), 4378.2 GB/s (triad pattern)",13.0,580.159.04,True,1,33d28339d8e211bd7fb8caf92bd340b82ae40abb,NVIDIA H200,421a523e82cb,"scripts/clock_elasticity.py: bursts of N back-to-back fused_experts calls under one pinned tile, each call L2-flushed and bracketed by its own pre-primed event pair, the FIRST call of every burst discarded as a drained-queue launch, a host-side idle gap after each burst setting the sustained duty cycle, and the SM clock, board power and memory clock read through NVML with the burst still in flight; NOT timing.TIMING_BASIS | duty 0.25",,iters=supplied as None; sglang=package not installed,1,3.12.3,152.94071568154783,"measured on this device: NVIDIA H200 (measured), 669.6 TFLOP/s bf16 over 4378.2 GB/s (triad pattern); calibrated 2026-09-23 at 33d28339",,200.0,2.13.0,3.7.1,2026-09-23T20:01:03+00:00,0.27.1,300.0
native,3,32,5,160,640,1,8,2.645792007446289,2.6418559551239014,0.030720149052381872,65,3,377.00438380241394,"scripts/clock_elasticity.py: bursts of N back-to-back fused_experts calls under one pinned tile, each call L2-flushed and bracketed by its own pre-primed event pair, the FIRST call of every burst discarded as a drained-queue launch, a host-side idle gap after each burst setting the sustained duty cycle, and the SM clock, board power and memory clock read through NVML with the burst still in flight; NOT timing.TIMING_BASIS",1950.0,False,high,True,True,ok,"LEVEL HIGH (recorded, never an exclusion here): loaded clock 1950 MHz against the 1470 MHz reference. At a duty cycle below 1.0 a HIGH reading is the experiment working, not a cell to drop.",0.25,309.497,0.22977538464160116,14,123.9759349822998,2.6455678939819336,2.6473278999328613,True,1965 1755 1920 1920 1890 1950 1965 1965 1950 1965 1920 1965 1965 1950 1965,False,4378.152248569231,"measured on this device: NVIDIA H200 (measured), 4378.2 GB/s (triad pattern)",13.0,580.159.04,True,1,33d28339d8e211bd7fb8caf92bd340b82ae40abb,NVIDIA H200,421a523e82cb,"scripts/clock_elasticity.py: bursts of N back-to-back fused_experts calls under one pinned tile, each call L2-flushed and bracketed by its own pre-primed event pair, the FIRST call of every burst discarded as a drained-queue launch, a host-side idle gap after each burst setting the sustained duty cycle, and the SM clock, board power and memory clock read through NVML with the burst still in flight; NOT timing.TIMING_BASIS | duty 0.25",,iters=supplied as None; sglang=package not installed,1,3.12.3,152.94071568154783,"measured on this device: NVIDIA H200 (measured), 669.6 TFLOP/s bf16 over 4378.2 GB/s (triad pattern); calibrated 2026-09-23 at 33d28339",,200.0,2.13.0,3.7.1,2026-09-23T20:01:03+00:00,0.27.1,300.0
shared,3,32,5,160,640,1,72,2.655456066131592,2.6519041061401367,0.04527026864821781,65,3,342.6271686553955,"scripts/clock_elasticity.py: bursts of N back-to-back fused_experts calls under one pinned tile, each call L2-flushed and bracketed by its own pre-primed event pair, the FIRST call of every burst discarded as a drained-queue launch, a host-side idle gap after each burst setting the sustained duty cycle, and the SM clock, board power and memory clock read through NVML with the burst still in flight; NOT timing.TIMING_BASIS",1965.0,False,high,True,True,ok,"LEVEL HIGH (recorded, never an exclusion here): loaded clock 1965 MHz against the 1470 MHz reference. At a duty cycle below 1.0 a HIGH reading is the experiment working, not a cell to drop.",0.25,309.931,0.23175154155823993,14,123.35030150413513,2.6546239852905273,2.676032066345215,True,1950 1965 1920 1965 1935 1965 1965 1890 1950 1965 1935 1965 1965 1965 1965,False,4378.152248569231,"measured on this device: NVIDIA H200 (measured), 4378.2 GB/s (triad pattern)",13.0,580.159.04,True,1,33d28339d8e211bd7fb8caf92bd340b82ae40abb,NVIDIA H200,421a523e82cb,"scripts/clock_elasticity.py: bursts of N back-to-back fused_experts calls under one pinned tile, each call L2-flushed and bracketed by its own pre-primed event pair, the FIRST call of every burst discarded as a drained-queue launch, a host-side idle gap after each burst setting the sustained duty cycle, and the SM clock, board power and memory clock read through NVML with the burst still in flight; NOT timing.TIMING_BASIS | duty 0.25",,iters=supplied as None; sglang=package not installed,1,3.12.3,152.94071568154783,"measured on this device: NVIDIA H200 (measured), 669.6 TFLOP/s bf16 over 4378.2 GB/s (triad pattern); calibrated 2026-09-23 at 33d28339",,200.0,2.13.0,3.7.1,2026-09-23T20:01:03+00:00,0.27.1,300.0
private,3,32,5,160,640,5,72,3.549296021461487,3.5415680408477783,0.003252663095164977,50,3,353.4054071903229,"scripts/clock_elasticity.py: bursts of N back-to-back fused_experts calls under one pinned tile, each call L2-flushed and bracketed by its own pre-primed event pair, the FIRST call of every burst discarded as a drained-queue launch, a host-side idle gap after each burst setting the sustained duty cycle, and the SM clock, board power and memory clock read through NVML with the burst still in flight; NOT timing.TIMING_BASIS",1965.0,False,high,True,True,ok,"LEVEL HIGH (recorded, never an exclusion here): loaded clock 1965 MHz against the 1470 MHz reference. At a duty cycle below 1.0 a HIGH reading is the experiment working, not a cell to drop.",0.25,319.41,0.24533895542629056,11,119.8591697216034,3.549359917640686,3.5507839918136597,True,1965 1890 1950 1965 1935 1965 1965 1950 1965 1935 1965 1905 1965 1965 1950,False,4378.152248569231,"measured on this device: NVIDIA H200 (measured), 4378.2 GB/s (triad pattern)",13.0,580.159.04,True,1,33d28339d8e211bd7fb8caf92bd340b82ae40abb,NVIDIA H200,421a523e82cb,"scripts/clock_elasticity.py: bursts of N back-to-back fused_experts calls under one pinned tile, each call L2-flushed and bracketed by its own pre-primed event pair, the FIRST call of every burst discarded as a drained-queue launch, a host-side idle gap after each burst setting the sustained duty cycle, and the SM clock, board power and memory clock read through NVML with the burst still in flight; NOT timing.TIMING_BASIS | duty 0.25",,iters=supplied as None; sglang=package not installed,1,3.12.3,152.94071568154783,"measured on this device: NVIDIA H200 (measured), 669.6 TFLOP/s bf16 over 4378.2 GB/s (triad pattern); calibrated 2026-09-23 at 33d28339",,200.0,2.13.0,3.7.1,2026-09-23T20:01:03+00:00,0.27.1,300.0
native,3,32,4,128,512,1,8,2.1226720809936523,2.1053121089935303,0.006393982453943887,80,3,331.16179394721985,"scripts/clock_elasticity.py: bursts of N back-to-back fused_experts calls under one pinned tile, each call L2-flushed and bracketed by its own pre-primed event pair, the FIRST call of every burst discarded as a drained-queue launch, a host-side idle gap after each burst setting the sustained duty cycle, and the SM clock, board power and memory clock read through NVML with the burst still in flight; NOT timing.TIMING_BASIS",1965.0,False,high,True,True,ok,"LEVEL HIGH (recorded, never an exclusion here): loaded clock 1965 MHz against the 1470 MHz reference. At a duty cycle below 1.0 a HIGH reading is the experiment working, not a cell to drop.",0.25,311.427,0.23439544554157962,17,117.24859392642975,2.1234560012817383,2.12225604057312,True,1980 1965 1950 1950 1965 1965 1935 1965 1965 1965 1890 1950 1965 1965 1965,False,4378.152248569231,"measured on this device: NVIDIA H200 (measured), 4378.2 GB/s (triad pattern)",13.0,580.159.04,True,1,33d28339d8e211bd7fb8caf92bd340b82ae40abb,NVIDIA H200,421a523e82cb,"scripts/clock_elasticity.py: bursts of N back-to-back fused_experts calls under one pinned tile, each call L2-flushed and bracketed by its own pre-primed event pair, the FIRST call of every burst discarded as a drained-queue launch, a host-side idle gap after each burst setting the sustained duty cycle, and the SM clock, board power and memory clock read through NVML with the burst still in flight; NOT timing.TIMING_BASIS | duty 0.25",,iters=supplied as None; sglang=package not installed,1,3.12.3,152.94071568154783,"measured on this device: NVIDIA H200 (measured), 669.6 TFLOP/s bf16 over 4378.2 GB/s (triad pattern); calibrated 2026-09-23 at 33d28339",,200.0,2.13.0,3.7.1,2026-09-23T20:01:03+00:00,0.27.1,300.0
shared,3,32,4,128,512,1,72,2.1333119869232178,2.129120111465454,0.008282809269094776,85,3,351.0306227207184,"scripts/clock_elasticity.py: bursts of N back-to-back fused_experts calls under one pinned tile, each call L2-flushed and bracketed by its own pre-primed event pair, the FIRST call of every burst discarded as a drained-queue launch, a host-side idle gap after each burst setting the sustained duty cycle, and the SM clock, board power and memory clock read through NVML with the burst still in flight; NOT timing.TIMING_BASIS",1965.0,False,high,True,True,ok,"LEVEL HIGH (recorded, never an exclusion here): loaded clock 1965 MHz against the 1470 MHz reference. At a duty cycle below 1.0 a HIGH reading is the experiment working, not a cell to drop.",0.25,302.892,0.2366778782015379,18,123.07593512535095,2.133104085922241,2.133407950401306,True,1965 1965 1965 1950 1965 1965 1965 1965 1980 1965 1965 1935 1965 1965 1950,False,4378.152248569231,"measured on this device: NVIDIA H200 (measured), 4378.2 GB/s (triad pattern)",13.0,580.159.04,True,1,33d28339d8e211bd7fb8caf92bd340b82ae40abb,NVIDIA H200,421a523e82cb,"scripts/clock_elasticity.py: bursts of N back-to-back fused_experts calls under one pinned tile, each call L2-flushed and bracketed by its own pre-primed event pair, the FIRST call of every burst discarded as a drained-queue launch, a host-side idle gap after each burst setting the sustained duty cycle, and the SM clock, board power and memory clock read through NVML with the burst still in flight; NOT timing.TIMING_BASIS | duty 0.25",,iters=supplied as None; sglang=package not installed,1,3.12.3,152.94071568154783,"measured on this device: NVIDIA H200 (measured), 669.6 TFLOP/s bf16 over 4378.2 GB/s (triad pattern); calibrated 2026-09-23 at 33d28339",,200.0,2.13.0,3.7.1,2026-09-23T20:01:03+00:00,0.27.1,300.0
private,3,32,4,128,512,4,72,2.8451199531555176,2.8384320735931396,0.003821866331759651,65,3,560.4864320755005,"scripts/clock_elasticity.py: bursts of N back-to-back fused_experts calls under one pinned tile, each call L2-flushed and bracketed by its own pre-primed event pair, the FIRST call of every burst discarded as a drained-queue launch, a host-side idle gap after each burst setting the sustained duty cycle, and the SM clock, board power and memory clock read through NVML with the burst still in flight; NOT timing.TIMING_BASIS",1965.0,False,high,True,True,ok,"LEVEL HIGH (recorded, never an exclusion here): loaded clock 1965 MHz against the 1470 MHz reference. At a duty cycle below 1.0 a HIGH reading is the experiment working, not a cell to drop.",0.25,320.749,0.24755190021255233,14,120.5406711101532,2.8450560569763184,2.8466880321502686,True,1965 1920 1965 1875 1950 1965 1935 1965 1905 1965 1965 1965 1965 1785 1920,False,4378.152248569231,"measured on this device: NVIDIA H200 (measured), 4378.2 GB/s (triad pattern)",13.0,580.159.04,True,1,33d28339d8e211bd7fb8caf92bd340b82ae40abb,NVIDIA H200,421a523e82cb,"scripts/clock_elasticity.py: bursts of N back-to-back fused_experts calls under one pinned tile, each call L2-flushed and bracketed by its own pre-primed event pair, the FIRST call of every burst discarded as a drained-queue launch, a host-side idle gap after each burst setting the sustained duty cycle, and the SM clock, board power and memory clock read through NVML with the burst still in flight; NOT timing.TIMING_BASIS | duty 0.25",,iters=supplied as None; sglang=package not installed,1,3.12.3,152.94071568154783,"measured on this device: NVIDIA H200 (measured), 669.6 TFLOP/s bf16 over 4378.2 GB/s (triad pattern); calibrated 2026-09-23 at 33d28339",,200.0,2.13.0,3.7.1,2026-09-23T20:01:03+00:00,0.27.1,300.0
native,3,32,3,96,384,1,8,1.623856008052826,1.6193920373916626,0.025344994191119925,100,3,452.45289504528046,"scripts/clock_elasticity.py: bursts of N back-to-back fused_experts calls under one pinned tile, each call L2-flushed and bracketed by its own pre-primed event pair, the FIRST call of every burst discarded as a drained-queue launch, a host-side idle gap after each burst setting the sustained duty cycle, and the SM clock, board power and memory clock read through NVML with the burst still in flight; NOT timing.TIMING_BASIS",1950.0,False,high,True,True,ok,"LEVEL HIGH (recorded, never an exclusion here): loaded clock 1950 MHz against the 1470 MHz reference. At a duty cycle below 1.0 a HIGH reading is the experiment working, not a cell to drop.",0.25,303.152,0.2231823682448204,21,118.98935848474503,1.6228159666061401,1.6255680322647095,True,1965 1845 1935 1905 1950 1965 1950 1965 1965 1965 1890 1950 1965 1950 1965,False,4378.152248569231,"measured on this device: NVIDIA H200 (measured), 4378.2 GB/s (triad pattern)",13.0,580.159.04,True,1,33d28339d8e211bd7fb8caf92bd340b82ae40abb,NVIDIA H200,421a523e82cb,"scripts/clock_elasticity.py: bursts of N back-to-back fused_experts calls under one pinned tile, each call L2-flushed and bracketed by its own pre-primed event pair, the FIRST call of every burst discarded as a drained-queue launch, a host-side idle gap after each burst setting the sustained duty cycle, and the SM clock, board power and memory clock read through NVML with the burst still in flight; NOT timing.TIMING_BASIS | duty 0.25",,iters=supplied as None; sglang=package not installed,1,3.12.3,152.94071568154783,"measured on this device: NVIDIA H200 (measured), 669.6 TFLOP/s bf16 over 4378.2 GB/s (triad pattern); calibrated 2026-09-23 at 33d28339",,200.0,2.13.0,3.7.1,2026-09-23T20:01:03+00:00,0.27.1,300.0
shared,3,32,3,96,384,1,72,1.6220319867134094,1.6182080507278442,0.015962931603322964,100,3,417.9169273376465,"scripts/clock_elasticity.py: bursts of N back-to-back fused_experts calls under one pinned tile, each call L2-flushed and bracketed by its own pre-primed event pair, the FIRST call of every burst discarded as a drained-queue launch, a host-side idle gap after each burst setting the sustained duty cycle, and the SM clock, board power and memory clock read through NVML with the burst still in flight; NOT timing.TIMING_BASIS",1950.0,False,high,True,True,ok,"LEVEL HIGH (recorded, never an exclusion here): loaded clock 1950 MHz against the 1470 MHz reference. At a duty cycle below 1.0 a HIGH reading is the experiment working, not a cell to drop.",0.25,309.755,0.22171135384845564,21,118.98028993606567,1.6201599836349487,1.6242560148239136,True,1965 1965 1920 1965 1950 1950 1860 1950 1965 1935 1965 1935 1965 1950 1920,False,4378.152248569231,"measured on this device: NVIDIA H200 (measured), 4378.2 GB/s (triad pattern)",13.0,580.159.04,True,1,33d28339d8e211bd7fb8caf92bd340b82ae40abb,NVIDIA H200,421a523e82cb,"scripts/clock_elasticity.py: bursts of N back-to-back fused_experts calls under one pinned tile, each call L2-flushed and bracketed by its own pre-primed event pair, the FIRST call of every burst discarded as a drained-queue launch, a host-side idle gap after each burst setting the sustained duty cycle, and the SM clock, board power and memory clock read through NVML with the burst still in flight; NOT timing.TIMING_BASIS | duty 0.25",,iters=supplied as None; sglang=package not installed,1,3.12.3,152.94071568154783,"measured on this device: NVIDIA H200 (measured), 669.6 TFLOP/s bf16 over 4378.2 GB/s (triad pattern); calibrated 2026-09-23 at 33d28339",,200.0,2.13.0,3.7.1,2026-09-23T20:01:03+00:00,0.27.1,300.0
private,3,32,3,96,384,3,72,2.140768051147461,2.132512092590332,0.004159076126202003,85,3,388.44451212882996,"scripts/clock_elasticity.py: bursts of N back-to-back fused_experts calls under one pinned tile, each call L2-flushed and bracketed by its own pre-primed event pair, the FIRST call of every burst discarded as a drained-queue launch, a host-side idle gap after each burst setting the sustained duty cycle, and the SM clock, board power and memory clock read through NVML with the burst still in flight; NOT timing.TIMING_BASIS",1965.0,False,high,True,True,ok,"LEVEL HIGH (recorded, never an exclusion here): loaded clock 1965 MHz against the 1470 MHz reference. At a duty cycle below 1.0 a HIGH reading is the experiment working, not a cell to drop.",0.25,317.017,0.24663949330378532,18,116.99251127243042,2.1402560472488403,2.1422719955444336,True,1965 1965 1935 1965 1890 1965 1950 1965 1965 1935 1965 1890 1965 1935 1965,False,4378.152248569231,"measured on this device: NVIDIA H200 (measured), 4378.2 GB/s (triad pattern)",13.0,580.159.04,True,1,33d28339d8e211bd7fb8caf92bd340b82ae40abb,NVIDIA H200,421a523e82cb,"scripts/clock_elasticity.py: bursts of N back-to-back fused_experts calls under one pinned tile, each call L2-flushed and bracketed by its own pre-primed event pair, the FIRST call of every burst discarded as a drained-queue launch, a host-side idle gap after each burst setting the sustained duty cycle, and the SM clock, board power and memory clock read through NVML with the burst still in flight; NOT timing.TIMING_BASIS | duty 0.25",,iters=supplied as None; sglang=package not installed,1,3.12.3,152.94071568154783,"measured on this device: NVIDIA H200 (measured), 669.6 TFLOP/s bf16 over 4378.2 GB/s (triad pattern); calibrated 2026-09-23 at 33d28339",,200.0,2.13.0,3.7.1,2026-09-23T20:01:03+00:00,0.27.1,300.0
native,3,32,2,64,256,1,8,1.0971519947052002,1.093727946281433,0.015800957910849758,155,3,395.1569279432297,"scripts/clock_elasticity.py: bursts of N back-to-back fused_experts calls under one pinned tile, each call L2-flushed and bracketed by its own pre-primed event pair, the FIRST call of every burst discarded as a drained-queue launch, a host-side idle gap after each burst setting the sustained duty cycle, and the SM clock, board power and memory clock read through NVML with the burst still in flight; NOT timing.TIMING_BASIS",1965.0,False,high,True,True,ok,"LEVEL HIGH (recorded, never an exclusion here): loaded clock 1965 MHz against the 1470 MHz reference. At a duty cycle below 1.0 a HIGH reading is the experiment working, not a cell to drop.",0.25,306.298,0.22486157855811395,32,119.95545959472656,1.0974080562591553,1.0981760025024414,True,1965 1965 1950 1950 1965 1950 1965 1920 1965 1965 1965 1965 1950 1965 1950,False,4378.152248569231,"measured on this device: NVIDIA H200 (measured), 4378.2 GB/s (triad pattern)",13.0,580.159.04,True,1,33d28339d8e211bd7fb8caf92bd340b82ae40abb,NVIDIA H200,421a523e82cb,"scripts/clock_elasticity.py: bursts of N back-to-back fused_experts calls under one pinned tile, each call L2-flushed and bracketed by its own pre-primed event pair, the FIRST call of every burst discarded as a drained-queue launch, a host-side idle gap after each burst setting the sustained duty cycle, and the SM clock, board power and memory clock read through NVML with the burst still in flight; NOT timing.TIMING_BASIS | duty 0.25",,iters=supplied as None; sglang=package not installed,1,3.12.3,152.94071568154783,"measured on this device: NVIDIA H200 (measured), 669.6 TFLOP/s bf16 over 4378.2 GB/s (triad pattern); calibrated 2026-09-23 at 33d28339",,200.0,2.13.0,3.7.1,2026-09-23T20:01:03+00:00,0.27.1,300.0
shared,3,32,2,64,256,1,72,1.0996479988098145,1.0953919887542725,0.01735716921542879,160,3,335.3535041809082,"scripts/clock_elasticity.py: bursts of N back-to-back fused_experts calls under one pinned tile, each call L2-flushed and bracketed by its own pre-primed event pair, the FIRST call of every burst discarded as a drained-queue launch, a host-side idle gap after each burst setting the sustained duty cycle, and the SM clock, board power and memory clock read through NVML with the burst still in flight; NOT timing.TIMING_BASIS",1965.0,False,high,True,True,ok,"LEVEL HIGH (recorded, never an exclusion here): loaded clock 1965 MHz against the 1470 MHz reference. At a duty cycle below 1.0 a HIGH reading is the experiment working, not a cell to drop.",0.25,308.05,0.23013629060283808,33,120.90988665819168,1.099120020866394,1.1158400177955627,True,1905 1950 1965 1965 1965 1965 1965 1965 1965 1965 1965 1965 1965 1965 1965,False,4378.152248569231,"measured on this device: NVIDIA H200 (measured), 4378.2 GB/s (triad pattern)",13.0,580.159.04,True,1,33d28339d8e211bd7fb8caf92bd340b82ae40abb,NVIDIA H200,421a523e82cb,"scripts/clock_elasticity.py: bursts of N back-to-back fused_experts calls under one pinned tile, each call L2-flushed and bracketed by its own pre-primed event pair, the FIRST call of every burst discarded as a drained-queue launch, a host-side idle gap after each burst setting the sustained duty cycle, and the SM clock, board power and memory clock read through NVML with the burst still in flight; NOT timing.TIMING_BASIS | duty 0.25",,iters=supplied as None; sglang=package not installed,1,3.12.3,152.94071568154783,"measured on this device: NVIDIA H200 (measured), 669.6 TFLOP/s bf16 over 4378.2 GB/s (triad pattern); calibrated 2026-09-23 at 33d28339",,200.0,2.13.0,3.7.1,2026-09-23T20:01:03+00:00,0.27.1,300.0
private,3,32,2,64,256,2,72,1.4340800046920776,1.4295680522918701,0.002800386620006055,135,3,323.5072317123413,"scripts/clock_elasticity.py: bursts of N back-to-back fused_experts calls under one pinned tile, each call L2-flushed and bracketed by its own pre-primed event pair, the FIRST call of every burst discarded as a drained-queue launch, a host-side idle gap after each burst setting the sustained duty cycle, and the SM clock, board power and memory clock read through NVML with the burst still in flight; NOT timing.TIMING_BASIS",1965.0,False,high,True,True,ok,"LEVEL HIGH (recorded, never an exclusion here): loaded clock 1965 MHz against the 1470 MHz reference. At a duty cycle below 1.0 a HIGH reading is the experiment working, not a cell to drop.",0.25,319.168,0.24638120044369355,28,121.5002875328064,1.4342399835586548,1.4348959922790527,True,1965 1935 1965 1965 1935 1965 1905 1965 1965 1890 1950 1965 1965 1965 1965,False,4378.152248569231,"measured on this device: NVIDIA H200 (measured), 4378.2 GB/s (triad pattern)",13.0,580.159.04,True,1,33d28339d8e211bd7fb8caf92bd340b82ae40abb,NVIDIA H200,421a523e82cb,"scripts/clock_elasticity.py: bursts of N back-to-back fused_experts calls under one pinned tile, each call L2-flushed and bracketed by its own pre-primed event pair, the FIRST call of every burst discarded as a drained-queue launch, a host-side idle gap after each burst setting the sustained duty cycle, and the SM clock, board power and memory clock read through NVML with the burst still in flight; NOT timing.TIMING_BASIS | duty 0.25",,iters=supplied as None; sglang=package not installed,1,3.12.3,152.94071568154783,"measured on this device: NVIDIA H200 (measured), 669.6 TFLOP/s bf16 over 4378.2 GB/s (triad pattern); calibrated 2026-09-23 at 33d28339",,200.0,2.13.0,3.7.1,2026-09-23T20:01:03+00:00,0.27.1,300.0
native,3,32,1,32,128,1,8,0.7440320253372192,0.7315199971199036,0.004257796532968916,265,3,363.29363256692886,"scripts/clock_elasticity.py: bursts of N back-to-back fused_experts calls under one pinned tile, each call L2-flushed and bracketed by its own pre-primed event pair, the FIRST call of every burst discarded as a drained-queue launch, a host-side idle gap after each burst setting the sustained duty cycle, and the SM clock, board power and memory clock read through NVML with the burst still in flight; NOT timing.TIMING_BASIS",1965.0,False,high,True,True,ok,"LEVEL HIGH (recorded, never an exclusion here): loaded clock 1965 MHz against the 1470 MHz reference. At a duty cycle below 1.0 a HIGH reading is the experiment working, not a cell to drop.",0.25,305.913,0.24520732194358216,54,120.42690986394882,0.7439680099487305,0.7447680234909058,True,1965 1950 1965 1920 1965 1965 1890 1965 1965 1965 1965 1965 1950 1965 1965,False,4378.152248569231,"measured on this device: NVIDIA H200 (measured), 4378.2 GB/s (triad pattern)",13.0,580.159.04,True,1,33d28339d8e211bd7fb8caf92bd340b82ae40abb,NVIDIA H200,421a523e82cb,"scripts/clock_elasticity.py: bursts of N back-to-back fused_experts calls under one pinned tile, each call L2-flushed and bracketed by its own pre-primed event pair, the FIRST call of every burst discarded as a drained-queue launch, a host-side idle gap after each burst setting the sustained duty cycle, and the SM clock, board power and memory clock read through NVML with the burst still in flight; NOT timing.TIMING_BASIS | duty 0.25",,iters=supplied as None; sglang=package not installed,1,3.12.3,152.94071568154783,"measured on this device: NVIDIA H200 (measured), 669.6 TFLOP/s bf16 over 4378.2 GB/s (triad pattern); calibrated 2026-09-23 at 33d28339",,200.0,2.13.0,3.7.1,2026-09-23T20:01:03+00:00,0.27.1,300.0
shared,3,32,1,32,128,1,72,0.7425280213356018,0.7283520102500916,0.004336352488557307,265,3,323.02704018354416,"scripts/clock_elasticity.py: bursts of N back-to-back fused_experts calls under one pinned tile, each call L2-flushed and bracketed by its own pre-primed event pair, the FIRST call of every burst discarded as a drained-queue launch, a host-side idle gap after each burst setting the sustained duty cycle, and the SM clock, board power and memory clock read through NVML with the burst still in flight; NOT timing.TIMING_BASIS",1965.0,False,high,False,True,ok,"LEVEL HIGH (recorded, never an exclusion here): loaded clock 1965 MHz against the 1470 MHz reference. At a duty cycle below 1.0 a HIGH reading is the experiment working, not a cell to drop.; DRIFT failed, settling upward: 1845 -> 1965 MHz over 15 bursts; this cell is EXCLUDED",0.25,323.371,0.2442388348671546,54,120.71203082799911,0.7420480251312256,0.7434880137443542,True,1845 1950 1965 1815 1935 1965 1935 1950 1965 1965 1980 1965 1965 1965 1965,False,4378.152248569231,"measured on this device: NVIDIA H200 (measured), 4378.2 GB/s (triad pattern)",13.0,580.159.04,True,1,33d28339d8e211bd7fb8caf92bd340b82ae40abb,NVIDIA H200,421a523e82cb,"scripts/clock_elasticity.py: bursts of N back-to-back fused_experts calls under one pinned tile, each call L2-flushed and bracketed by its own pre-primed event pair, the FIRST call of every burst discarded as a drained-queue launch, a host-side idle gap after each burst setting the sustained duty cycle, and the SM clock, board power and memory clock read through NVML with the burst still in flight; NOT timing.TIMING_BASIS | duty 0.25",,iters=supplied as None; sglang=package not installed,1,3.12.3,152.94071568154783,"measured on this device: NVIDIA H200 (measured), 669.6 TFLOP/s bf16 over 4378.2 GB/s (triad pattern); calibrated 2026-09-23 at 33d28339",,200.0,2.13.0,3.7.1,2026-09-23T20:01:03+00:00,0.27.1,300.0
private,3,32,1,32,128,1,72,0.7423359751701355,0.730239987373352,0.004318819223294683,260,3,316.37644869089127,"scripts/clock_elasticity.py: bursts of N back-to-back fused_experts calls under one pinned tile, each call L2-flushed and bracketed by its own pre-primed event pair, the FIRST call of every burst discarded as a drained-queue launch, a host-side idle gap after each burst setting the sustained duty cycle, and the SM clock, board power and memory clock read through NVML with the burst still in flight; NOT timing.TIMING_BASIS",1965.0,False,high,True,True,ok,"LEVEL HIGH (recorded, never an exclusion here): loaded clock 1965 MHz against the 1470 MHz reference. At a duty cycle below 1.0 a HIGH reading is the experiment working, not a cell to drop.",0.25,311.68,0.2422531627692142,53,119.82748943567276,0.7425600290298462,0.7431679964065552,True,1965 1965 1965 1950 1935 1965 1920 1965 1920 1965 1965 1815 1935 1965 1965,False,4378.152248569231,"measured on this device: NVIDIA H200 (measured), 4378.2 GB/s (triad pattern)",13.0,580.159.04,True,1,33d28339d8e211bd7fb8caf92bd340b82ae40abb,NVIDIA H200,421a523e82cb,"scripts/clock_elasticity.py: bursts of N back-to-back fused_experts calls under one pinned tile, each call L2-flushed and bracketed by its own pre-primed event pair, the FIRST call of every burst discarded as a drained-queue launch, a host-side idle gap after each burst setting the sustained duty cycle, and the SM clock, board power and memory clock read through NVML with the burst still in flight; NOT timing.TIMING_BASIS | duty 0.25",,iters=supplied as None; sglang=package not installed,1,3.12.3,152.94071568154783,"measured on this device: NVIDIA H200 (measured), 669.6 TFLOP/s bf16 over 4378.2 GB/s (triad pattern); calibrated 2026-09-23 at 33d28339",,200.0,2.13.0,3.7.1,2026-09-23T20:01:03+00:00,0.27.1,300.0
shared,4,32,1,32,128,1,72,0.7438719868659973,0.7314559817314148,0.0036516284051465865,260,3,316.5294718146324,"scripts/clock_elasticity.py: bursts of N back-to-back fused_experts calls under one pinned tile, each call L2-flushed and bracketed by its own pre-primed event pair, the FIRST call of every burst discarded as a drained-queue launch, a host-side idle gap after each burst setting the sustained duty cycle, and the SM clock, board power and memory clock read through NVML with the burst still in flight; NOT timing.TIMING_BASIS",1965.0,False,high,True,True,ok,"LEVEL HIGH (recorded, never an exclusion here): loaded clock 1965 MHz against the 1470 MHz reference. At a duty cycle below 1.0 a HIGH reading is the experiment working, not a cell to drop.",0.25,311.539,0.24277298657969074,53,119.58326357603073,0.7438399791717529,0.7438719868659973,True,1935 1965 1845 1965 1965 1920 1950 1965 1965 1965 1965 1950 1965 1830 1965,False,4378.152248569231,"measured on this device: NVIDIA H200 (measured), 4378.2 GB/s (triad pattern)",13.0,580.159.04,True,1,33d28339d8e211bd7fb8caf92bd340b82ae40abb,NVIDIA H200,421a523e82cb,"scripts/clock_elasticity.py: bursts of N back-to-back fused_experts calls under one pinned tile, each call L2-flushed and bracketed by its own pre-primed event pair, the FIRST call of every burst discarded as a drained-queue launch, a host-side idle gap after each burst setting the sustained duty cycle, and the SM clock, board power and memory clock read through NVML with the burst still in flight; NOT timing.TIMING_BASIS | duty 0.25",,iters=supplied as None; sglang=package not installed,1,3.12.3,152.94071568154783,"measured on this device: NVIDIA H200 (measured), 669.6 TFLOP/s bf16 over 4378.2 GB/s (triad pattern); calibrated 2026-09-23 at 33d28339",,200.0,2.13.0,3.7.1,2026-09-23T20:01:03+00:00,0.27.1,300.0
private,4,32,1,32,128,1,72,0.7434239983558655,0.7315199971199036,0.003705496068796741,265,3,323.7459844350815,"scripts/clock_elasticity.py: bursts of N back-to-back fused_experts calls under one pinned tile, each call L2-flushed and bracketed by its own pre-primed event pair, the FIRST call of every burst discarded as a drained-queue launch, a host-side idle gap after each burst setting the sustained duty cycle, and the SM clock, board power and memory clock read through NVML with the burst still in flight; NOT timing.TIMING_BASIS",1965.0,False,high,True,True,ok,"LEVEL HIGH (recorded, never an exclusion here): loaded clock 1965 MHz against the 1470 MHz reference. At a duty cycle below 1.0 a HIGH reading is the experiment working, not a cell to drop.",0.25,317.421,0.24389755337135682,54,121.04380935430527,0.7432960271835327,0.7444800138473511,True,1950 1965 1950 1965 1965 1950 1965 1980 1965 1935 1965 1935 1965 1965 1905,False,4378.152248569231,"measured on this device: NVIDIA H200 (measured), 4378.2 GB/s (triad pattern)",13.0,580.159.04,True,1,33d28339d8e211bd7fb8caf92bd340b82ae40abb,NVIDIA H200,421a523e82cb,"scripts/clock_elasticity.py: bursts of N back-to-back fused_experts calls under one pinned tile, each call L2-flushed and bracketed by its own pre-primed event pair, the FIRST call of every burst discarded as a drained-queue launch, a host-side idle gap after each burst setting the sustained duty cycle, and the SM clock, board power and memory clock read through NVML with the burst still in flight; NOT timing.TIMING_BASIS | duty 0.25",,iters=supplied as None; sglang=package not installed,1,3.12.3,152.94071568154783,"measured on this device: NVIDIA H200 (measured), 669.6 TFLOP/s bf16 over 4378.2 GB/s (triad pattern); calibrated 2026-09-23 at 33d28339",,200.0,2.13.0,3.7.1,2026-09-23T20:01:03+00:00,0.27.1,300.0
native,4,32,1,32,128,1,8,0.7433599829673767,0.7309759855270386,0.015307855515036077,260,3,318.31414449214935,"scripts/clock_elasticity.py: bursts of N back-to-back fused_experts calls under one pinned tile, each call L2-flushed and bracketed by its own pre-primed event pair, the FIRST call of every burst discarded as a drained-queue launch, a host-side idle gap after each burst setting the sustained duty cycle, and the SM clock, board power and memory clock read through NVML with the burst still in flight; NOT timing.TIMING_BASIS",1965.0,False,high,True,True,ok,"LEVEL HIGH (recorded, never an exclusion here): loaded clock 1965 MHz against the 1470 MHz reference. At a duty cycle below 1.0 a HIGH reading is the experiment working, not a cell to drop.",0.25,312.894,0.24201544094061214,53,120.62630322575569,0.7428159713745117,0.743552029132843,True,1920 1965 1935 1890 1950 1845 1965 1965 1815 1965 1980 1980 1965 1965 1920,False,4378.152248569231,"measured on this device: NVIDIA H200 (measured), 4378.2 GB/s (triad pattern)",13.0,580.159.04,True,1,33d28339d8e211bd7fb8caf92bd340b82ae40abb,NVIDIA H200,421a523e82cb,"scripts/clock_elasticity.py: bursts of N back-to-back fused_experts calls under one pinned tile, each call L2-flushed and bracketed by its own pre-primed event pair, the FIRST call of every burst discarded as a drained-queue launch, a host-side idle gap after each burst setting the sustained duty cycle, and the SM clock, board power and memory clock read through NVML with the burst still in flight; NOT timing.TIMING_BASIS | duty 0.25",,iters=supplied as None; sglang=package not installed,1,3.12.3,152.94071568154783,"measured on this device: NVIDIA H200 (measured), 669.6 TFLOP/s bf16 over 4378.2 GB/s (triad pattern); calibrated 2026-09-23 at 33d28339",,200.0,2.13.0,3.7.1,2026-09-23T20:01:03+00:00,0.27.1,300.0
shared,4,32,2,64,256,1,72,1.099392056465149,1.095263957977295,0.013340971325346054,155,3,430.2612155675888,"scripts/clock_elasticity.py: bursts of N back-to-back fused_experts calls under one pinned tile, each call L2-flushed and bracketed by its own pre-primed event pair, the FIRST call of every burst discarded as a drained-queue launch, a host-side idle gap after each burst setting the sustained duty cycle, and the SM clock, board power and memory clock read through NVML with the burst still in flight; NOT timing.TIMING_BASIS",1965.0,False,high,True,True,ok,"LEVEL HIGH (recorded, never an exclusion here): loaded clock 1965 MHz against the 1470 MHz reference. At a duty cycle below 1.0 a HIGH reading is the experiment working, not a cell to drop.",0.25,307.587,0.22573588883547363,32,119.62982940673828,1.0991679430007935,1.1000319719314575,True,1965 1920 1965 1965 1920 1965 1920 1965 1935 1965 1965 1935 1965 1875 1950,False,4378.152248569231,"measured on this device: NVIDIA H200 (measured), 4378.2 GB/s (triad pattern)",13.0,580.159.04,True,1,33d28339d8e211bd7fb8caf92bd340b82ae40abb,NVIDIA H200,421a523e82cb,"scripts/clock_elasticity.py: bursts of N back-to-back fused_experts calls under one pinned tile, each call L2-flushed and bracketed by its own pre-primed event pair, the FIRST call of every burst discarded as a drained-queue launch, a host-side idle gap after each burst setting the sustained duty cycle, and the SM clock, board power and memory clock read through NVML with the burst still in flight; NOT timing.TIMING_BASIS | duty 0.25",,iters=supplied as None; sglang=package not installed,1,3.12.3,152.94071568154783,"measured on this device: NVIDIA H200 (measured), 669.6 TFLOP/s bf16 over 4378.2 GB/s (triad pattern); calibrated 2026-09-23 at 33d28339",,200.0,2.13.0,3.7.1,2026-09-23T20:01:03+00:00,0.27.1,300.0
private,4,32,2,64,256,2,72,1.434048056602478,1.4271999597549438,0.0029644894998617647,135,3,444.7814396619797,"scripts/clock_elasticity.py: bursts of N back-to-back fused_experts calls under one pinned tile, each call L2-flushed and bracketed by its own pre-primed event pair, the FIRST call of every burst discarded as a drained-queue launch, a host-side idle gap after each burst setting the sustained duty cycle, and the SM clock, board power and memory clock read through NVML with the burst still in flight; NOT timing.TIMING_BASIS",1965.0,False,high,True,True,ok,"LEVEL HIGH (recorded, never an exclusion here): loaded clock 1965 MHz against the 1470 MHz reference. At a duty cycle below 1.0 a HIGH reading is the experiment working, not a cell to drop.",0.25,319.792,0.245489607893311,28,121.85241508483887,1.4339680075645447,1.4343199729919434,True,1965 1905 1965 1965 1875 1950 1965 1950 1965 1800 1935 1965 1935 1965 1965,False,4378.152248569231,"measured on this device: NVIDIA H200 (measured), 4378.2 GB/s (triad pattern)",13.0,580.159.04,True,1,33d28339d8e211bd7fb8caf92bd340b82ae40abb,NVIDIA H200,421a523e82cb,"scripts/clock_elasticity.py: bursts of N back-to-back fused_experts calls under one pinned tile, each call L2-flushed and bracketed by its own pre-primed event pair, the FIRST call of every burst discarded as a drained-queue launch, a host-side idle gap after each burst setting the sustained duty cycle, and the SM clock, board power and memory clock read through NVML with the burst still in flight; NOT timing.TIMING_BASIS | duty 0.25",,iters=supplied as None; sglang=package not installed,1,3.12.3,152.94071568154783,"measured on this device: NVIDIA H200 (measured), 669.6 TFLOP/s bf16 over 4378.2 GB/s (triad pattern); calibrated 2026-09-23 at 33d28339",,200.0,2.13.0,3.7.1,2026-09-23T20:01:03+00:00,0.27.1,300.0
native,4,32,2,64,256,1,8,1.0988800525665283,1.095296025276184,0.013296769925783108,160,3,333.73494279384613,"scripts/clock_elasticity.py: bursts of N back-to-back fused_experts calls under one pinned tile, each call L2-flushed and bracketed by its own pre-primed event pair, the FIRST call of every burst discarded as a drained-queue launch, a host-side idle gap after each burst setting the sustained duty cycle, and the SM clock, board power and memory clock read through NVML with the burst still in flight; NOT timing.TIMING_BASIS",1965.0,False,high,True,True,ok,"LEVEL HIGH (recorded, never an exclusion here): loaded clock 1965 MHz against the 1470 MHz reference. At a duty cycle below 1.0 a HIGH reading is the experiment working, not a cell to drop.",0.25,306.71,0.22906593548918114,33,120.82118493318558,1.0983200073242188,1.1241919994354248,True,1950 1965 1965 1965 1950 1965 1965 1950 1965 1950 1950 1965 1965 1965 1935,False,4378.152248569231,"measured on this device: NVIDIA H200 (measured), 4378.2 GB/s (triad pattern)",13.0,580.159.04,True,1,33d28339d8e211bd7fb8caf92bd340b82ae40abb,NVIDIA H200,421a523e82cb,"scripts/clock_elasticity.py: bursts of N back-to-back fused_experts calls under one pinned tile, each call L2-flushed and bracketed by its own pre-primed event pair, the FIRST call of every burst discarded as a drained-queue launch, a host-side idle gap after each burst setting the sustained duty cycle, and the SM clock, board power and memory clock read through NVML with the burst still in flight; NOT timing.TIMING_BASIS | duty 0.25",,iters=supplied as None; sglang=package not installed,1,3.12.3,152.94071568154783,"measured on this device: NVIDIA H200 (measured), 669.6 TFLOP/s bf16 over 4378.2 GB/s (triad pattern); calibrated 2026-09-23 at 33d28339",,200.0,2.13.0,3.7.1,2026-09-23T20:01:03+00:00,0.27.1,300.0
shared,4,32,3,96,384,1,72,1.6294080018997192,1.6178879737854004,0.020110070198032855,100,3,314.3234238624573,"scripts/clock_elasticity.py: bursts of N back-to-back fused_experts calls under one pinned tile, each call L2-flushed and bracketed by its own pre-primed event pair, the FIRST call of every burst discarded as a drained-queue launch, a host-side idle gap after each burst setting the sustained duty cycle, and the SM clock, board power and memory clock read through NVML with the burst still in flight; NOT timing.TIMING_BASIS",1950.0,False,high,False,True,ok,"LEVEL HIGH (recorded, never an exclusion here): loaded clock 1950 MHz against the 1470 MHz reference. At a duty cycle below 1.0 a HIGH reading is the experiment working, not a cell to drop.; DRIFT failed, settling upward: 1860 -> 1965 MHz over 15 bursts; this cell is EXCLUDED",0.25,323.123,0.22408007702824742,21,117.84729588031769,1.6293760538101196,1.6310080289840698,True,1860 1950 1920 1920 1965 1965 1785 1920 1965 1950 1965 1950 1965 1785 1965,False,4378.152248569231,"measured on this device: NVIDIA H200 (measured), 4378.2 GB/s (triad pattern)",13.0,580.159.04,True,1,33d28339d8e211bd7fb8caf92bd340b82ae40abb,NVIDIA H200,421a523e82cb,"scripts/clock_elasticity.py: bursts of N back-to-back fused_experts calls under one pinned tile, each call L2-flushed and bracketed by its own pre-primed event pair, the FIRST call of every burst discarded as a drained-queue launch, a host-side idle gap after each burst setting the sustained duty cycle, and the SM clock, board power and memory clock read through NVML with the burst still in flight; NOT timing.TIMING_BASIS | duty 0.25",,iters=supplied as None; sglang=package not installed,1,3.12.3,152.94071568154783,"measured on this device: NVIDIA H200 (measured), 669.6 TFLOP/s bf16 over 4378.2 GB/s (triad pattern); calibrated 2026-09-23 at 33d28339",,200.0,2.13.0,3.7.1,2026-09-23T20:01:03+00:00,0.27.1,300.0
private,4,32,3,96,384,3,72,2.1423360109329224,2.133824110031128,0.004079072956276381,90,3,368.9335045814514,"scripts/clock_elasticity.py: bursts of N back-to-back fused_experts calls under one pinned tile, each call L2-flushed and bracketed by its own pre-primed event pair, the FIRST call of every burst discarded as a drained-queue launch, a host-side idle gap after each burst setting the sustained duty cycle, and the SM clock, board power and memory clock read through NVML with the burst still in flight; NOT timing.TIMING_BASIS",1950.0,False,high,True,True,ok,"LEVEL HIGH (recorded, never an exclusion here): loaded clock 1950 MHz against the 1470 MHz reference. At a duty cycle below 1.0 a HIGH reading is the experiment working, not a cell to drop.",0.25,322.248,0.24737367309591982,19,123.23217558860779,2.142416000366211,2.1425600051879883,True,1935 1950 1965 1950 1950 1800 1935 1950 1785 1935 1965 1950 1935 1965 1845,False,4378.152248569231,"measured on this device: NVIDIA H200 (measured), 4378.2 GB/s (triad pattern)",13.0,580.159.04,True,1,33d28339d8e211bd7fb8caf92bd340b82ae40abb,NVIDIA H200,421a523e82cb,"scripts/clock_elasticity.py: bursts of N back-to-back fused_experts calls under one pinned tile, each call L2-flushed and bracketed by its own pre-primed event pair, the FIRST call of every burst discarded as a drained-queue launch, a host-side idle gap after each burst setting the sustained duty cycle, and the SM clock, board power and memory clock read through NVML with the burst still in flight; NOT timing.TIMING_BASIS | duty 0.25",,iters=supplied as None; sglang=package not installed,1,3.12.3,152.94071568154783,"measured on this device: NVIDIA H200 (measured), 669.6 TFLOP/s bf16 over 4378.2 GB/s (triad pattern); calibrated 2026-09-23 at 33d28339",,200.0,2.13.0,3.7.1,2026-09-23T20:01:03+00:00,0.27.1,300.0
native,4,32,3,96,384,1,8,1.6213600039482117,1.6156799793243408,0.022669334055634344,100,3,417.8496969938278,"scripts/clock_elasticity.py: bursts of N back-to-back fused_experts calls under one pinned tile, each call L2-flushed and bracketed by its own pre-primed event pair, the FIRST call of every burst discarded as a drained-queue launch, a host-side idle gap after each burst setting the sustained duty cycle, and the SM clock, board power and memory clock read through NVML with the burst still in flight; NOT timing.TIMING_BASIS",1950.0,False,high,True,True,ok,"LEVEL HIGH (recorded, never an exclusion here): loaded clock 1950 MHz against the 1470 MHz reference. At a duty cycle below 1.0 a HIGH reading is the experiment working, not a cell to drop.",0.25,302.56,0.22102065363881998,21,119.99231743812561,1.6207679510116577,1.6222399473190308,True,1950 1965 1890 1950 1920 1965 1800 1935 1935 1965 1965 1875 1950 1965 1965,False,4378.152248569231,"measured on this device: NVIDIA H200 (measured), 4378.2 GB/s (triad pattern)",13.0,580.159.04,True,1,33d28339d8e211bd7fb8caf92bd340b82ae40abb,NVIDIA H200,421a523e82cb,"scripts/clock_elasticity.py: bursts of N back-to-back fused_experts calls under one pinned tile, each call L2-flushed and bracketed by its own pre-primed event pair, the FIRST call of every burst discarded as a drained-queue launch, a host-side idle gap after each burst setting the sustained duty cycle, and the SM clock, board power and memory clock read through NVML with the burst still in flight; NOT timing.TIMING_BASIS | duty 0.25",,iters=supplied as None; sglang=package not installed,1,3.12.3,152.94071568154783,"measured on this device: NVIDIA H200 (measured), 669.6 TFLOP/s bf16 over 4378.2 GB/s (triad pattern); calibrated 2026-09-23 at 33d28339",,200.0,2.13.0,3.7.1,2026-09-23T20:01:03+00:00,0.27.1,300.0
shared,4,32,4,128,512,1,72,2.1337759494781494,2.129215955734253,0.00733665060544327,80,3,332.2504005432129,"scripts/clock_elasticity.py: bursts of N back-to-back fused_experts calls under one pinned tile, each call L2-flushed and bracketed by its own pre-primed event pair, the FIRST call of every burst discarded as a drained-queue launch, a host-side idle gap after each burst setting the sustained duty cycle, and the SM clock, board power and memory clock read through NVML with the burst still in flight; NOT timing.TIMING_BASIS",1965.0,False,high,True,True,ok,"LEVEL HIGH (recorded, never an exclusion here): loaded clock 1965 MHz against the 1470 MHz reference. At a duty cycle below 1.0 a HIGH reading is the experiment working, not a cell to drop.",0.25,296.819,0.23414894905289316,17,118.34610879421234,2.134656071662903,2.1334879398345947,True,1965 1965 1965 1965 1965 1965 1950 1965 1950 1965 1920 1950 1965 1965 1965,False,4378.152248569231,"measured on this device: NVIDIA H200 (measured), 4378.2 GB/s (triad pattern)",13.0,580.159.04,True,1,33d28339d8e211bd7fb8caf92bd340b82ae40abb,NVIDIA H200,421a523e82cb,"scripts/clock_elasticity.py: bursts of N back-to-back fused_experts calls under one pinned tile, each call L2-flushed and bracketed by its own pre-primed event pair, the FIRST call of every burst discarded as a drained-queue launch, a host-side idle gap after each burst setting the sustained duty cycle, and the SM clock, board power and memory clock read through NVML with the burst still in flight; NOT timing.TIMING_BASIS | duty 0.25",,iters=supplied as None; sglang=package not installed,1,3.12.3,152.94071568154783,"measured on this device: NVIDIA H200 (measured), 669.6 TFLOP/s bf16 over 4378.2 GB/s (triad pattern); calibrated 2026-09-23 at 33d28339",,200.0,2.13.0,3.7.1,2026-09-23T20:01:03+00:00,0.27.1,300.0
private,4,32,4,128,512,4,72,2.8455679416656494,2.8374080657958984,0.004157222362907527,65,3,320.95977568626404,"scripts/clock_elasticity.py: bursts of N back-to-back fused_experts calls under one pinned tile, each call L2-flushed and bracketed by its own pre-primed event pair, the FIRST call of every burst discarded as a drained-queue launch, a host-side idle gap after each burst setting the sustained duty cycle, and the SM clock, board power and memory clock read through NVML with the burst still in flight; NOT timing.TIMING_BASIS",1950.0,False,high,True,True,ok,"LEVEL HIGH (recorded, never an exclusion here): loaded clock 1950 MHz against the 1470 MHz reference. At a duty cycle below 1.0 a HIGH reading is the experiment working, not a cell to drop.",0.25,316.294,0.24636258491499868,14,121.28726363182068,2.8448638916015625,2.846143960952759,True,1950 1965 1965 1920 1965 1875 1950 1965 1950 1965 1965 1920 1965 1890 1950,False,4378.152248569231,"measured on this device: NVIDIA H200 (measured), 4378.2 GB/s (triad pattern)",13.0,580.159.04,True,1,33d28339d8e211bd7fb8caf92bd340b82ae40abb,NVIDIA H200,421a523e82cb,"scripts/clock_elasticity.py: bursts of N back-to-back fused_experts calls under one pinned tile, each call L2-flushed and bracketed by its own pre-primed event pair, the FIRST call of every burst discarded as a drained-queue launch, a host-side idle gap after each burst setting the sustained duty cycle, and the SM clock, board power and memory clock read through NVML with the burst still in flight; NOT timing.TIMING_BASIS | duty 0.25",,iters=supplied as None; sglang=package not installed,1,3.12.3,152.94071568154783,"measured on this device: NVIDIA H200 (measured), 669.6 TFLOP/s bf16 over 4378.2 GB/s (triad pattern); calibrated 2026-09-23 at 33d28339",,200.0,2.13.0,3.7.1,2026-09-23T20:01:03+00:00,0.27.1,300.0
native,4,32,4,128,512,1,8,2.123039960861206,2.1024320125579834,0.008138498204223441,80,3,330.0007998943329,"scripts/clock_elasticity.py: bursts of N back-to-back fused_experts calls under one pinned tile, each call L2-flushed and bracketed by its own pre-primed event pair, the FIRST call of every burst discarded as a drained-queue launch, a host-side idle gap after each burst setting the sustained duty cycle, and the SM clock, board power and memory clock read through NVML with the burst still in flight; NOT timing.TIMING_BASIS",1965.0,False,high,True,True,ok,"LEVEL HIGH (recorded, never an exclusion here): loaded clock 1965 MHz against the 1470 MHz reference. At a duty cycle below 1.0 a HIGH reading is the experiment working, not a cell to drop.",0.25,302.521,0.234279450066243,17,117.47380936145782,2.1240800619125366,2.1234079599380493,True,1965 1965 1965 1935 1965 1965 1965 1965 1965 1980 1965 1965 1935 1965 1965,False,4378.152248569231,"measured on this device: NVIDIA H200 (measured), 4378.2 GB/s (triad pattern)",13.0,580.159.04,True,1,33d28339d8e211bd7fb8caf92bd340b82ae40abb,NVIDIA H200,421a523e82cb,"scripts/clock_elasticity.py: bursts of N back-to-back fused_experts calls under one pinned tile, each call L2-flushed and bracketed by its own pre-primed event pair, the FIRST call of every burst discarded as a drained-queue launch, a host-side idle gap after each burst setting the sustained duty cycle, and the SM clock, board power and memory clock read through NVML with the burst still in flight; NOT timing.TIMING_BASIS | duty 0.25",,iters=supplied as None; sglang=package not installed,1,3.12.3,152.94071568154783,"measured on this device: NVIDIA H200 (measured), 669.6 TFLOP/s bf16 over 4378.2 GB/s (triad pattern); calibrated 2026-09-23 at 33d28339",,200.0,2.13.0,3.7.1,2026-09-23T20:01:03+00:00,0.27.1,300.0
shared,4,32,5,160,640,1,72,2.6558079719543457,2.6522879600524902,0.024900407910083067,60,3,352.8946557044983,"scripts/clock_elasticity.py: bursts of N back-to-back fused_experts calls under one pinned tile, each call L2-flushed and bracketed by its own pre-primed event pair, the FIRST call of every burst discarded as a drained-queue launch, a host-side idle gap after each burst setting the sustained duty cycle, and the SM clock, board power and memory clock read through NVML with the burst still in flight; NOT timing.TIMING_BASIS",1965.0,False,high,True,True,ok,"LEVEL HIGH (recorded, never an exclusion here): loaded clock 1965 MHz against the 1470 MHz reference. At a duty cycle below 1.0 a HIGH reading is the experiment working, not a cell to drop.",0.25,309.561,0.22499577692419584,13,118.84579181671143,2.655168056488037,2.656928062438965,True,1965 1890 1965 1920 1950 1965 1965 1965 1935 1965 1965 1950 1965 1965 1935,False,4378.152248569231,"measured on this device: NVIDIA H200 (measured), 4378.2 GB/s (triad pattern)",13.0,580.159.04,True,1,33d28339d8e211bd7fb8caf92bd340b82ae40abb,NVIDIA H200,421a523e82cb,"scripts/clock_elasticity.py: bursts of N back-to-back fused_experts calls under one pinned tile, each call L2-flushed and bracketed by its own pre-primed event pair, the FIRST call of every burst discarded as a drained-queue launch, a host-side idle gap after each burst setting the sustained duty cycle, and the SM clock, board power and memory clock read through NVML with the burst still in flight; NOT timing.TIMING_BASIS | duty 0.25",,iters=supplied as None; sglang=package not installed,1,3.12.3,152.94071568154783,"measured on this device: NVIDIA H200 (measured), 669.6 TFLOP/s bf16 over 4378.2 GB/s (triad pattern); calibrated 2026-09-23 at 33d28339",,200.0,2.13.0,3.7.1,2026-09-23T20:01:03+00:00,0.27.1,300.0
private,4,32,5,160,640,5,72,3.5483040809631348,3.542527914047241,0.002638624268048584,50,3,393.2745609283447,"scripts/clock_elasticity.py: bursts of N back-to-back fused_experts calls under one pinned tile, each call L2-flushed and bracketed by its own pre-primed event pair, the FIRST call of every burst discarded as a drained-queue launch, a host-side idle gap after each burst setting the sustained duty cycle, and the SM clock, board power and memory clock read through NVML with the burst still in flight; NOT timing.TIMING_BASIS",1935.0,False,high,False,True,ok,"LEVEL HIGH (recorded, never an exclusion here): loaded clock 1935 MHz against the 1470 MHz reference. At a duty cycle below 1.0 a HIGH reading is the experiment working, not a cell to drop.; DRIFT failed, dropping: 1935 -> 1710 MHz over 15 bursts; this cell is EXCLUDED",0.25,315.16,0.2456357307648262,11,119.65958297252655,3.548464059829712,3.548624038696289,True,1935 1965 1890 1950 1965 1920 1905 1890 1935 1965 1920 1965 1845 1950 1710,False,4378.152248569231,"measured on this device: NVIDIA H200 (measured), 4378.2 GB/s (triad pattern)",13.0,580.159.04,True,1,33d28339d8e211bd7fb8caf92bd340b82ae40abb,NVIDIA H200,421a523e82cb,"scripts/clock_elasticity.py: bursts of N back-to-back fused_experts calls under one pinned tile, each call L2-flushed and bracketed by its own pre-primed event pair, the FIRST call of every burst discarded as a drained-queue launch, a host-side idle gap after each burst setting the sustained duty cycle, and the SM clock, board power and memory clock read through NVML with the burst still in flight; NOT timing.TIMING_BASIS | duty 0.25",,iters=supplied as None; sglang=package not installed,1,3.12.3,152.94071568154783,"measured on this device: NVIDIA H200 (measured), 669.6 TFLOP/s bf16 over 4378.2 GB/s (triad pattern); calibrated 2026-09-23 at 33d28339",,200.0,2.13.0,3.7.1,2026-09-23T20:01:03+00:00,0.27.1,300.0
native,4,32,5,160,640,1,8,2.6473759412765503,2.6415679454803467,0.022921134054699352,60,3,386.8009281158447,"scripts/clock_elasticity.py: bursts of N back-to-back fused_experts calls under one pinned tile, each call L2-flushed and bracketed by its own pre-primed event pair, the FIRST call of every burst discarded as a drained-queue launch, a host-side idle gap after each burst setting the sustained duty cycle, and the SM clock, board power and memory clock read through NVML with the burst still in flight; NOT timing.TIMING_BASIS",1965.0,False,high,True,True,ok,"LEVEL HIGH (recorded, never an exclusion here): loaded clock 1965 MHz against the 1470 MHz reference. At a duty cycle below 1.0 a HIGH reading is the experiment working, not a cell to drop.",0.25,307.078,0.2260836343762841,13,117.80994915962219,2.646048069000244,2.6479039192199707,True,1950 1965 1965 1950 1965 1935 1950 1965 1965 1890 1965 1965 1965 1950 1950,False,4378.152248569231,"measured on this device: NVIDIA H200 (measured), 4378.2 GB/s (triad pattern)",13.0,580.159.04,True,1,33d28339d8e211bd7fb8caf92bd340b82ae40abb,NVIDIA H200,421a523e82cb,"scripts/clock_elasticity.py: bursts of N back-to-back fused_experts calls under one pinned tile, each call L2-flushed and bracketed by its own pre-primed event pair, the FIRST call of every burst discarded as a drained-queue launch, a host-side idle gap after each burst setting the sustained duty cycle, and the SM clock, board power and memory clock read through NVML with the burst still in flight; NOT timing.TIMING_BASIS | duty 0.25",,iters=supplied as None; sglang=package not installed,1,3.12.3,152.94071568154783,"measured on this device: NVIDIA H200 (measured), 669.6 TFLOP/s bf16 over 4378.2 GB/s (triad pattern); calibrated 2026-09-23 at 33d28339",,200.0,2.13.0,3.7.1,2026-09-23T20:01:03+00:00,0.27.1,300.0
shared,4,32,6,192,768,1,72,3.1962239742279053,3.1730239391326904,0.037841990155442554,50,3,393.06800079345703,"scripts/clock_elasticity.py: bursts of N back-to-back fused_experts calls under one pinned tile, each call L2-flushed and bracketed by its own pre-primed event pair, the FIRST call of every burst discarded as a drained-queue launch, a host-side idle gap after each burst setting the sustained duty cycle, and the SM clock, board power and memory clock read through NVML with the burst still in flight; NOT timing.TIMING_BASIS",1965.0,False,high,True,True,ok,"LEVEL HIGH (recorded, never an exclusion here): loaded clock 1965 MHz against the 1470 MHz reference. At a duty cycle below 1.0 a HIGH reading is the experiment working, not a cell to drop.",0.25,303.2,0.22785850492619905,11,119.16115307807922,3.197119951248169,3.1971359252929688,True,1965 1965 1950 1965 1965 1980 1905 1950 1965 1965 1965 1965 1965 1965 1965,False,4378.152248569231,"measured on this device: NVIDIA H200 (measured), 4378.2 GB/s (triad pattern)",13.0,580.159.04,True,1,33d28339d8e211bd7fb8caf92bd340b82ae40abb,NVIDIA H200,421a523e82cb,"scripts/clock_elasticity.py: bursts of N back-to-back fused_experts calls under one pinned tile, each call L2-flushed and bracketed by its own pre-primed event pair, the FIRST call of every burst discarded as a drained-queue launch, a host-side idle gap after each burst setting the sustained duty cycle, and the SM clock, board power and memory clock read through NVML with the burst still in flight; NOT timing.TIMING_BASIS | duty 0.25",,iters=supplied as None; sglang=package not installed,1,3.12.3,152.94071568154783,"measured on this device: NVIDIA H200 (measured), 669.6 TFLOP/s bf16 over 4378.2 GB/s (triad pattern); calibrated 2026-09-23 at 33d28339",,200.0,2.13.0,3.7.1,2026-09-23T20:01:03+00:00,0.27.1,300.0
private,4,32,6,192,768,6,72,4.2568159103393555,4.249695777893066,0.004286108992417312,40,3,424.2285752296448,"scripts/clock_elasticity.py: bursts of N back-to-back fused_experts calls under one pinned tile, each call L2-flushed and bracketed by its own pre-primed event pair, the FIRST call of every burst discarded as a drained-queue launch, a host-side idle gap after each burst setting the sustained duty cycle, and the SM clock, board power and memory clock read through NVML with the burst still in flight; NOT timing.TIMING_BASIS",1965.0,False,high,True,True,ok,"LEVEL HIGH (recorded, never an exclusion here): loaded clock 1965 MHz against the 1470 MHz reference. At a duty cycle below 1.0 a HIGH reading is the experiment working, not a cell to drop.",0.25,316.761,0.24718118969246108,9,116.41579341888428,4.25766396522522,4.257535934448242,True,1965 1890 1950 1905 1965 1965 1920 1965 1965 1965 1890 1950 1875 1965 1965,False,4378.152248569231,"measured on this device: NVIDIA H200 (measured), 4378.2 GB/s (triad pattern)",13.0,580.159.04,True,1,33d28339d8e211bd7fb8caf92bd340b82ae40abb,NVIDIA H200,421a523e82cb,"scripts/clock_elasticity.py: bursts of N back-to-back fused_experts calls under one pinned tile, each call L2-flushed and bracketed by its own pre-primed event pair, the FIRST call of every burst discarded as a drained-queue launch, a host-side idle gap after each burst setting the sustained duty cycle, and the SM clock, board power and memory clock read through NVML with the burst still in flight; NOT timing.TIMING_BASIS | duty 0.25",,iters=supplied as None; sglang=package not installed,1,3.12.3,152.94071568154783,"measured on this device: NVIDIA H200 (measured), 669.6 TFLOP/s bf16 over 4378.2 GB/s (triad pattern); calibrated 2026-09-23 at 33d28339",,200.0,2.13.0,3.7.1,2026-09-23T20:01:03+00:00,0.27.1,300.0
native,4,32,6,192,768,1,8,3.1635199785232544,3.1559360027313232,0.030052636929365377,50,3,319.53817534446716,"scripts/clock_elasticity.py: bursts of N back-to-back fused_experts calls under one pinned tile, each call L2-flushed and bracketed by its own pre-primed event pair, the FIRST call of every burst discarded as a drained-queue launch, a host-side idle gap after each burst setting the sustained duty cycle, and the SM clock, board power and memory clock read through NVML with the burst still in flight; NOT timing.TIMING_BASIS",1965.0,False,high,True,True,ok,"LEVEL HIGH (recorded, never an exclusion here): loaded clock 1965 MHz against the 1470 MHz reference. At a duty cycle below 1.0 a HIGH reading is the experiment working, not a cell to drop.",0.25,310.482,0.22989552533465013,11,116.70172584056854,3.1654880046844482,3.1607199907302856,True,1890 1965 1920 1965 1965 1965 1965 1950 1890 1965 1965 1950 1965 1950 1965,False,4378.152248569231,"measured on this device: NVIDIA H200 (measured), 4378.2 GB/s (triad pattern)",13.0,580.159.04,True,1,33d28339d8e211bd7fb8caf92bd340b82ae40abb,NVIDIA H200,421a523e82cb,"scripts/clock_elasticity.py: bursts of N back-to-back fused_experts calls under one pinned tile, each call L2-flushed and bracketed by its own pre-primed event pair, the FIRST call of every burst discarded as a drained-queue launch, a host-side idle gap after each burst setting the sustained duty cycle, and the SM clock, board power and memory clock read through NVML with the burst still in flight; NOT timing.TIMING_BASIS | duty 0.25",,iters=supplied as None; sglang=package not installed,1,3.12.3,152.94071568154783,"measured on this device: NVIDIA H200 (measured), 669.6 TFLOP/s bf16 over 4378.2 GB/s (triad pattern); calibrated 2026-09-23 at 33d28339",,200.0,2.13.0,3.7.1,2026-09-23T20:01:03+00:00,0.27.1,300.0
private,5,32,6,192,768,6,72,4.256208181381226,4.250080108642578,0.004058192909521194,40,3,347.22230434417725,"scripts/clock_elasticity.py: bursts of N back-to-back fused_experts calls under one pinned tile, each call L2-flushed and bracketed by its own pre-primed event pair, the FIRST call of every burst discarded as a drained-queue launch, a host-side idle gap after each burst setting the sustained duty cycle, and the SM clock, board power and memory clock read through NVML with the burst still in flight; NOT timing.TIMING_BASIS",1950.0,False,high,True,True,ok,"LEVEL HIGH (recorded, never an exclusion here): loaded clock 1950 MHz against the 1470 MHz reference. At a duty cycle below 1.0 a HIGH reading is the experiment working, not a cell to drop.",0.25,319.93,0.24636996855229917,9,116.9307324886322,4.256752014160156,4.2574238777160645,True,1965 1890 1950 1905 1965 1965 1935 1965 1905 1965 1935 1950 1770 1920 1965,False,4378.152248569231,"measured on this device: NVIDIA H200 (measured), 4378.2 GB/s (triad pattern)",13.0,580.159.04,True,1,33d28339d8e211bd7fb8caf92bd340b82ae40abb,NVIDIA H200,421a523e82cb,"scripts/clock_elasticity.py: bursts of N back-to-back fused_experts calls under one pinned tile, each call L2-flushed and bracketed by its own pre-primed event pair, the FIRST call of every burst discarded as a drained-queue launch, a host-side idle gap after each burst setting the sustained duty cycle, and the SM clock, board power and memory clock read through NVML with the burst still in flight; NOT timing.TIMING_BASIS | duty 0.25",,iters=supplied as None; sglang=package not installed,1,3.12.3,152.94071568154783,"measured on this device: NVIDIA H200 (measured), 669.6 TFLOP/s bf16 over 4378.2 GB/s (triad pattern); calibrated 2026-09-23 at 33d28339",,200.0,2.13.0,3.7.1,2026-09-23T20:01:03+00:00,0.27.1,300.0
native,5,32,6,192,768,1,8,3.182976007461548,3.1568961143493652,0.028088541829777578,50,3,496.36495995521545,"scripts/clock_elasticity.py: bursts of N back-to-back fused_experts calls under one pinned tile, each call L2-flushed and bracketed by its own pre-primed event pair, the FIRST call of every burst discarded as a drained-queue launch, a host-side idle gap after each burst setting the sustained duty cycle, and the SM clock, board power and memory clock read through NVML with the burst still in flight; NOT timing.TIMING_BASIS",1965.0,False,high,True,True,ok,"LEVEL HIGH (recorded, never an exclusion here): loaded clock 1965 MHz against the 1470 MHz reference. At a duty cycle below 1.0 a HIGH reading is the experiment working, not a cell to drop.",0.25,311.99,0.232580299874496,11,115.46620774269104,3.1832319498062134,3.183583974838257,True,1965 1935 1965 1950 1950 1950 1965 1965 1965 1875 1965 1965 1980 1905 1950,False,4378.152248569231,"measured on this device: NVIDIA H200 (measured), 4378.2 GB/s (triad pattern)",13.0,580.159.04,True,1,33d28339d8e211bd7fb8caf92bd340b82ae40abb,NVIDIA H200,421a523e82cb,"scripts/clock_elasticity.py: bursts of N back-to-back fused_experts calls under one pinned tile, each call L2-flushed and bracketed by its own pre-primed event pair, the FIRST call of every burst discarded as a drained-queue launch, a host-side idle gap after each burst setting the sustained duty cycle, and the SM clock, board power and memory clock read through NVML with the burst still in flight; NOT timing.TIMING_BASIS | duty 0.25",,iters=supplied as None; sglang=package not installed,1,3.12.3,152.94071568154783,"measured on this device: NVIDIA H200 (measured), 669.6 TFLOP/s bf16 over 4378.2 GB/s (triad pattern); calibrated 2026-09-23 at 33d28339",,200.0,2.13.0,3.7.1,2026-09-23T20:01:03+00:00,0.27.1,300.0
shared,5,32,6,192,768,1,72,3.184799909591675,3.1695680618286133,0.014824285928609002,55,3,351.7878727912903,"scripts/clock_elasticity.py: bursts of N back-to-back fused_experts calls under one pinned tile, each call L2-flushed and bracketed by its own pre-primed event pair, the FIRST call of every burst discarded as a drained-queue launch, a host-side idle gap after each burst setting the sustained duty cycle, and the SM clock, board power and memory clock read through NVML with the burst still in flight; NOT timing.TIMING_BASIS",1950.0,False,high,True,True,ok,"LEVEL HIGH (recorded, never an exclusion here): loaded clock 1950 MHz against the 1470 MHz reference. At a duty cycle below 1.0 a HIGH reading is the experiment working, not a cell to drop.",0.25,311.577,0.2337334535829109,12,124.93382406234741,3.183519959449768,3.1958240270614624,True,1860 1950 1965 1950 1965 1965 1965 1965 1965 1920 1950 1950 1950 1965 1875,False,4378.152248569231,"measured on this device: NVIDIA H200 (measured), 4378.2 GB/s (triad pattern)",13.0,580.159.04,True,1,33d28339d8e211bd7fb8caf92bd340b82ae40abb,NVIDIA H200,421a523e82cb,"scripts/clock_elasticity.py: bursts of N back-to-back fused_experts calls under one pinned tile, each call L2-flushed and bracketed by its own pre-primed event pair, the FIRST call of every burst discarded as a drained-queue launch, a host-side idle gap after each burst setting the sustained duty cycle, and the SM clock, board power and memory clock read through NVML with the burst still in flight; NOT timing.TIMING_BASIS | duty 0.25",,iters=supplied as None; sglang=package not installed,1,3.12.3,152.94071568154783,"measured on this device: NVIDIA H200 (measured), 669.6 TFLOP/s bf16 over 4378.2 GB/s (triad pattern); calibrated 2026-09-23 at 33d28339",,200.0,2.13.0,3.7.1,2026-09-23T20:01:03+00:00,0.27.1,300.0
private,5,32,5,160,640,5,72,3.549280047416687,3.5430400371551514,0.004469651840134605,50,3,392.5511691570282,"scripts/clock_elasticity.py: bursts of N back-to-back fused_experts calls under one pinned tile, each call L2-flushed and bracketed by its own pre-primed event pair, the FIRST call of every burst discarded as a drained-queue launch, a host-side idle gap after each burst setting the sustained duty cycle, and the SM clock, board power and memory clock read through NVML with the burst still in flight; NOT timing.TIMING_BASIS",1950.0,False,high,False,True,ok,"LEVEL HIGH (recorded, never an exclusion here): loaded clock 1950 MHz against the 1470 MHz reference. At a duty cycle below 1.0 a HIGH reading is the experiment working, not a cell to drop.; DRIFT failed, dropping: 1950 -> 1845 MHz over 15 bursts; this cell is EXCLUDED",0.25,322.414,0.24683630775899792,11,118.75776243209839,3.549456000328064,3.5498080253601074,True,1950 1965 1860 1950 1875 1935 1965 1875 1950 1785 1965 1950 1875 1950 1845,False,4378.152248569231,"measured on this device: NVIDIA H200 (measured), 4378.2 GB/s (triad pattern)",13.0,580.159.04,True,1,33d28339d8e211bd7fb8caf92bd340b82ae40abb,NVIDIA H200,421a523e82cb,"scripts/clock_elasticity.py: bursts of N back-to-back fused_experts calls under one pinned tile, each call L2-flushed and bracketed by its own pre-primed event pair, the FIRST call of every burst discarded as a drained-queue launch, a host-side idle gap after each burst setting the sustained duty cycle, and the SM clock, board power and memory clock read through NVML with the burst still in flight; NOT timing.TIMING_BASIS | duty 0.25",,iters=supplied as None; sglang=package not installed,1,3.12.3,152.94071568154783,"measured on this device: NVIDIA H200 (measured), 669.6 TFLOP/s bf16 over 4378.2 GB/s (triad pattern); calibrated 2026-09-23 at 33d28339",,200.0,2.13.0,3.7.1,2026-09-23T20:01:03+00:00,0.27.1,300.0
native,5,32,5,160,640,1,8,2.645792007446289,2.641727924346924,0.03130015591529498,65,3,414.51072096824646,"scripts/clock_elasticity.py: bursts of N back-to-back fused_experts calls under one pinned tile, each call L2-flushed and bracketed by its own pre-primed event pair, the FIRST call of every burst discarded as a drained-queue launch, a host-side idle gap after each burst setting the sustained duty cycle, and the SM clock, board power and memory clock read through NVML with the burst still in flight; NOT timing.TIMING_BASIS",1965.0,False,high,False,True,ok,"LEVEL HIGH (recorded, never an exclusion here): loaded clock 1965 MHz against the 1470 MHz reference. At a duty cycle below 1.0 a HIGH reading is the experiment working, not a cell to drop.; DRIFT failed, dropping: 1950 -> 1785 MHz over 15 bursts; this cell is EXCLUDED",0.25,311.426,0.23150383074273173,14,122.84832072257996,2.644831895828247,2.6482560634613037,True,1950 1965 1935 1965 1920 1965 1965 1965 1965 1965 1920 1965 1965 1950 1785,False,4378.152248569231,"measured on this device: NVIDIA H200 (measured), 4378.2 GB/s (triad pattern)",13.0,580.159.04,True,1,33d28339d8e211bd7fb8caf92bd340b82ae40abb,NVIDIA H200,421a523e82cb,"scripts/clock_elasticity.py: bursts of N back-to-back fused_experts calls under one pinned tile, each call L2-flushed and bracketed by its own pre-primed event pair, the FIRST call of every burst discarded as a drained-queue launch, a host-side idle gap after each burst setting the sustained duty cycle, and the SM clock, board power and memory clock read through NVML with the burst still in flight; NOT timing.TIMING_BASIS | duty 0.25",,iters=supplied as None; sglang=package not installed,1,3.12.3,152.94071568154783,"measured on this device: NVIDIA H200 (measured), 669.6 TFLOP/s bf16 over 4378.2 GB/s (triad pattern); calibrated 2026-09-23 at 33d28339",,200.0,2.13.0,3.7.1,2026-09-23T20:01:03+00:00,0.27.1,300.0
shared,5,32,5,160,640,1,72,2.655840039253235,2.6518399715423584,0.031695554629293736,60,3,351.3424322605133,"scripts/clock_elasticity.py: bursts of N back-to-back fused_experts calls under one pinned tile, each call L2-flushed and bracketed by its own pre-primed event pair, the FIRST call of every burst discarded as a drained-queue launch, a host-side idle gap after each burst setting the sustained duty cycle, and the SM clock, board power and memory clock read through NVML with the burst still in flight; NOT timing.TIMING_BASIS",1950.0,False,high,True,True,ok,"LEVEL HIGH (recorded, never an exclusion here): loaded clock 1950 MHz against the 1470 MHz reference. At a duty cycle below 1.0 a HIGH reading is the experiment working, not a cell to drop.",0.25,309.264,0.2249695736707975,13,119.0298707485199,2.6552960872650146,2.6570560932159424,True,1965 1845 1935 1965 1965 1965 1905 1950 1950 1950 1815 1920 1965 1950 1965,False,4378.152248569231,"measured on this device: NVIDIA H200 (measured), 4378.2 GB/s (triad pattern)",13.0,580.159.04,True,1,33d28339d8e211bd7fb8caf92bd340b82ae40abb,NVIDIA H200,421a523e82cb,"scripts/clock_elasticity.py: bursts of N back-to-back fused_experts calls under one pinned tile, each call L2-flushed and bracketed by its own pre-primed event pair, the FIRST call of every burst discarded as a drained-queue launch, a host-side idle gap after each burst setting the sustained duty cycle, and the SM clock, board power and memory clock read through NVML with the burst still in flight; NOT timing.TIMING_BASIS | duty 0.25",,iters=supplied as None; sglang=package not installed,1,3.12.3,152.94071568154783,"measured on this device: NVIDIA H200 (measured), 669.6 TFLOP/s bf16 over 4378.2 GB/s (triad pattern); calibrated 2026-09-23 at 33d28339",,200.0,2.13.0,3.7.1,2026-09-23T20:01:03+00:00,0.27.1,300.0
private,5,32,4,128,512,4,72,2.845247983932495,2.8383359909057617,0.004113015183210421,65,3,320.5768949985504,"scripts/clock_elasticity.py: bursts of N back-to-back fused_experts calls under one pinned tile, each call L2-flushed and bracketed by its own pre-primed event pair, the FIRST call of every burst discarded as a drained-queue launch, a host-side idle gap after each burst setting the sustained duty cycle, and the SM clock, board power and memory clock read through NVML with the burst still in flight; NOT timing.TIMING_BASIS",1935.0,False,high,False,True,ok,"LEVEL HIGH (recorded, never an exclusion here): loaded clock 1935 MHz against the 1470 MHz reference. At a duty cycle below 1.0 a HIGH reading is the experiment working, not a cell to drop.; DRIFT failed, settling upward: 1755 -> 1950 MHz over 15 bursts; this cell is EXCLUDED",0.25,318.601,0.2466422598772333,14,121.0809588432312,2.844575881958008,2.8471999168395996,True,1755 1920 1965 1890 1935 1965 1950 1965 1755 1920 1965 1875 1950 1830 1950,False,4378.152248569231,"measured on this device: NVIDIA H200 (measured), 4378.2 GB/s (triad pattern)",13.0,580.159.04,True,1,33d28339d8e211bd7fb8caf92bd340b82ae40abb,NVIDIA H200,421a523e82cb,"scripts/clock_elasticity.py: bursts of N back-to-back fused_experts calls under one pinned tile, each call L2-flushed and bracketed by its own pre-primed event pair, the FIRST call of every burst discarded as a drained-queue launch, a host-side idle gap after each burst setting the sustained duty cycle, and the SM clock, board power and memory clock read through NVML with the burst still in flight; NOT timing.TIMING_BASIS | duty 0.25",,iters=supplied as None; sglang=package not installed,1,3.12.3,152.94071568154783,"measured on this device: NVIDIA H200 (measured), 669.6 TFLOP/s bf16 over 4378.2 GB/s (triad pattern); calibrated 2026-09-23 at 33d28339",,200.0,2.13.0,3.7.1,2026-09-23T20:01:03+00:00,0.27.1,300.0
native,5,32,4,128,512,1,8,2.122879981994629,2.119488000869751,0.015903672264743537,85,3,347.76815962791443,"scripts/clock_elasticity.py: bursts of N back-to-back fused_experts calls under one pinned tile, each call L2-flushed and bracketed by its own pre-primed event pair, the FIRST call of every burst discarded as a drained-queue launch, a host-side idle gap after each burst setting the sustained duty cycle, and the SM clock, board power and memory clock read through NVML with the burst still in flight; NOT timing.TIMING_BASIS",1965.0,False,high,True,True,ok,"LEVEL HIGH (recorded, never an exclusion here): loaded clock 1965 MHz against the 1470 MHz reference. At a duty cycle below 1.0 a HIGH reading is the experiment working, not a cell to drop.",0.25,312.407,0.24142962574626353,18,119.54822301864624,2.123103976249695,2.1367039680480957,True,1965 1965 1965 1965 1965 1965 1965 1965 1965 1965 1950 1965 1950 1950 1890,False,4378.152248569231,"measured on this device: NVIDIA H200 (measured), 4378.2 GB/s (triad pattern)",13.0,580.159.04,True,1,33d28339d8e211bd7fb8caf92bd340b82ae40abb,NVIDIA H200,421a523e82cb,"scripts/clock_elasticity.py: bursts of N back-to-back fused_experts calls under one pinned tile, each call L2-flushed and bracketed by its own pre-primed event pair, the FIRST call of every burst discarded as a drained-queue launch, a host-side idle gap after each burst setting the sustained duty cycle, and the SM clock, board power and memory clock read through NVML with the burst still in flight; NOT timing.TIMING_BASIS | duty 0.25",,iters=supplied as None; sglang=package not installed,1,3.12.3,152.94071568154783,"measured on this device: NVIDIA H200 (measured), 669.6 TFLOP/s bf16 over 4378.2 GB/s (triad pattern); calibrated 2026-09-23 at 33d28339",,200.0,2.13.0,3.7.1,2026-09-23T20:01:03+00:00,0.27.1,300.0
shared,5,32,4,128,512,1,72,2.133824110031128,2.1301119327545166,0.00527608976419372,80,3,330.1704955101013,"scripts/clock_elasticity.py: bursts of N back-to-back fused_experts calls under one pinned tile, each call L2-flushed and bracketed by its own pre-primed event pair, the FIRST call of every burst discarded as a drained-queue launch, a host-side idle gap after each burst setting the sustained duty cycle, and the SM clock, board power and memory clock read through NVML with the burst still in flight; NOT timing.TIMING_BASIS",1965.0,False,high,True,True,ok,"LEVEL HIGH (recorded, never an exclusion here): loaded clock 1965 MHz against the 1470 MHz reference. At a duty cycle below 1.0 a HIGH reading is the experiment working, not a cell to drop.",0.25,308.16,0.2353519351893194,17,117.19391942024231,2.1351040601730347,2.133903980255127,True,1965 1965 1935 1965 1950 1965 1875 1965 1950 1950 1965 1965 1965 1935 1965,False,4378.152248569231,"measured on this device: NVIDIA H200 (measured), 4378.2 GB/s (triad pattern)",13.0,580.159.04,True,1,33d28339d8e211bd7fb8caf92bd340b82ae40abb,NVIDIA H200,421a523e82cb,"scripts/clock_elasticity.py: bursts of N back-to-back fused_experts calls under one pinned tile, each call L2-flushed and bracketed by its own pre-primed event pair, the FIRST call of every burst discarded as a drained-queue launch, a host-side idle gap after each burst setting the sustained duty cycle, and the SM clock, board power and memory clock read through NVML with the burst still in flight; NOT timing.TIMING_BASIS | duty 0.25",,iters=supplied as None; sglang=package not installed,1,3.12.3,152.94071568154783,"measured on this device: NVIDIA H200 (measured), 669.6 TFLOP/s bf16 over 4378.2 GB/s (triad pattern); calibrated 2026-09-23 at 33d28339",,200.0,2.13.0,3.7.1,2026-09-23T20:01:03+00:00,0.27.1,300.0
private,5,32,3,96,384,3,72,2.1410880088806152,2.1327359676361084,0.004332857670706864,85,3,310.13174319267273,"scripts/clock_elasticity.py: bursts of N back-to-back fused_experts calls under one pinned tile, each call L2-flushed and bracketed by its own pre-primed event pair, the FIRST call of every burst discarded as a drained-queue launch, a host-side idle gap after each burst setting the sustained duty cycle, and the SM clock, board power and memory clock read through NVML with the burst still in flight; NOT timing.TIMING_BASIS",1965.0,False,high,True,True,ok,"LEVEL HIGH (recorded, never an exclusion here): loaded clock 1965 MHz against the 1470 MHz reference. At a duty cycle below 1.0 a HIGH reading is the experiment working, not a cell to drop.",0.25,313.881,0.2445451328670583,18,118.21161389350891,2.140655994415283,2.1444960832595825,True,1965 1965 1950 1965 1920 1950 1965 1935 1965 1860 1965 1965 1965 1965 1950,False,4378.152248569231,"measured on this device: NVIDIA H200 (measured), 4378.2 GB/s (triad pattern)",13.0,580.159.04,True,1,33d28339d8e211bd7fb8caf92bd340b82ae40abb,NVIDIA H200,421a523e82cb,"scripts/clock_elasticity.py: bursts of N back-to-back fused_experts calls under one pinned tile, each call L2-flushed and bracketed by its own pre-primed event pair, the FIRST call of every burst discarded as a drained-queue launch, a host-side idle gap after each burst setting the sustained duty cycle, and the SM clock, board power and memory clock read through NVML with the burst still in flight; NOT timing.TIMING_BASIS | duty 0.25",,iters=supplied as None; sglang=package not installed,1,3.12.3,152.94071568154783,"measured on this device: NVIDIA H200 (measured), 669.6 TFLOP/s bf16 over 4378.2 GB/s (triad pattern); calibrated 2026-09-23 at 33d28339",,200.0,2.13.0,3.7.1,2026-09-23T20:01:03+00:00,0.27.1,300.0
native,5,32,3,96,384,1,8,1.6239039897918701,1.6185280084609985,0.02448280940213436,100,3,348.47929644584656,"scripts/clock_elasticity.py: bursts of N back-to-back fused_experts calls under one pinned tile, each call L2-flushed and bracketed by its own pre-primed event pair, the FIRST call of every burst discarded as a drained-queue launch, a host-side idle gap after each burst setting the sustained duty cycle, and the SM clock, board power and memory clock read through NVML with the burst still in flight; NOT timing.TIMING_BASIS",1965.0,False,high,True,True,ok,"LEVEL HIGH (recorded, never an exclusion here): loaded clock 1965 MHz against the 1470 MHz reference. At a duty cycle below 1.0 a HIGH reading is the experiment working, not a cell to drop.",0.25,301.514,0.22190724748071275,21,119.0931830406189,1.6226240396499634,1.624608039855957,True,1905 1950 1965 1950 1965 1920 1965 1935 1965 1875 1965 1965 1965 1965 1965,False,4378.152248569231,"measured on this device: NVIDIA H200 (measured), 4378.2 GB/s (triad pattern)",13.0,580.159.04,True,1,33d28339d8e211bd7fb8caf92bd340b82ae40abb,NVIDIA H200,421a523e82cb,"scripts/clock_elasticity.py: bursts of N back-to-back fused_experts calls under one pinned tile, each call L2-flushed and bracketed by its own pre-primed event pair, the FIRST call of every burst discarded as a drained-queue launch, a host-side idle gap after each burst setting the sustained duty cycle, and the SM clock, board power and memory clock read through NVML with the burst still in flight; NOT timing.TIMING_BASIS | duty 0.25",,iters=supplied as None; sglang=package not installed,1,3.12.3,152.94071568154783,"measured on this device: NVIDIA H200 (measured), 669.6 TFLOP/s bf16 over 4378.2 GB/s (triad pattern); calibrated 2026-09-23 at 33d28339",,200.0,2.13.0,3.7.1,2026-09-23T20:01:03+00:00,0.27.1,300.0
shared,5,32,3,96,384,1,72,1.6307200193405151,1.6274880170822144,0.01640842412105155,100,3,315.44729578495026,"scripts/clock_elasticity.py: bursts of N back-to-back fused_experts calls under one pinned tile, each call L2-flushed and bracketed by its own pre-primed event pair, the FIRST call of every burst discarded as a drained-queue launch, a host-side idle gap after each burst setting the sustained duty cycle, and the SM clock, board power and memory clock read through NVML with the burst still in flight; NOT timing.TIMING_BASIS",1965.0,False,high,True,True,ok,"LEVEL HIGH (recorded, never an exclusion here): loaded clock 1965 MHz against the 1470 MHz reference. At a duty cycle below 1.0 a HIGH reading is the experiment working, not a cell to drop.",0.25,303.45,0.2193372166428794,21,121.22812968492508,1.6302399635314941,1.632032036781311,True,1965 1965 1935 1965 1965 1965 1965 1965 1965 1950 1965 1905 1950 1965 1950,False,4378.152248569231,"measured on this device: NVIDIA H200 (measured), 4378.2 GB/s (triad pattern)",13.0,580.159.04,True,1,33d28339d8e211bd7fb8caf92bd340b82ae40abb,NVIDIA H200,421a523e82cb,"scripts/clock_elasticity.py: bursts of N back-to-back fused_experts calls under one pinned tile, each call L2-flushed and bracketed by its own pre-primed event pair, the FIRST call of every burst discarded as a drained-queue launch, a host-side idle gap after each burst setting the sustained duty cycle, and the SM clock, board power and memory clock read through NVML with the burst still in flight; NOT timing.TIMING_BASIS | duty 0.25",,iters=supplied as None; sglang=package not installed,1,3.12.3,152.94071568154783,"measured on this device: NVIDIA H200 (measured), 669.6 TFLOP/s bf16 over 4378.2 GB/s (triad pattern); calibrated 2026-09-23 at 33d28339",,200.0,2.13.0,3.7.1,2026-09-23T20:01:03+00:00,0.27.1,300.0
private,5,32,2,64,256,2,72,1.4349119663238525,1.4284160137176514,0.0027655491256991095,130,3,467.4900152683258,"scripts/clock_elasticity.py: bursts of N back-to-back fused_experts calls under one pinned tile, each call L2-flushed and bracketed by its own pre-primed event pair, the FIRST call of every burst discarded as a drained-queue launch, a host-side idle gap after each burst setting the sustained duty cycle, and the SM clock, board power and memory clock read through NVML with the burst still in flight; NOT timing.TIMING_BASIS",1950.0,False,high,True,True,ok,"LEVEL HIGH (recorded, never an exclusion here): loaded clock 1950 MHz against the 1470 MHz reference. At a duty cycle below 1.0 a HIGH reading is the experiment working, not a cell to drop.",0.25,310.585,0.2437433270997594,27,118.70841586589813,1.4346880316734314,1.43476802110672,True,1935 1965 1905 1950 1965 1935 1965 1875 1950 1965 1920 1965 1875 1965 1965,False,4378.152248569231,"measured on this device: NVIDIA H200 (measured), 4378.2 GB/s (triad pattern)",13.0,580.159.04,True,1,33d28339d8e211bd7fb8caf92bd340b82ae40abb,NVIDIA H200,421a523e82cb,"scripts/clock_elasticity.py: bursts of N back-to-back fused_experts calls under one pinned tile, each call L2-flushed and bracketed by its own pre-primed event pair, the FIRST call of every burst discarded as a drained-queue launch, a host-side idle gap after each burst setting the sustained duty cycle, and the SM clock, board power and memory clock read through NVML with the burst still in flight; NOT timing.TIMING_BASIS | duty 0.25",,iters=supplied as None; sglang=package not installed,1,3.12.3,152.94071568154783,"measured on this device: NVIDIA H200 (measured), 669.6 TFLOP/s bf16 over 4378.2 GB/s (triad pattern); calibrated 2026-09-23 at 33d28339",,200.0,2.13.0,3.7.1,2026-09-23T20:01:03+00:00,0.27.1,300.0
native,5,32,2,64,256,1,8,1.1019840240478516,1.0983359813690186,0.01611851320325468,155,3,323.7279999256134,"scripts/clock_elasticity.py: bursts of N back-to-back fused_experts calls under one pinned tile, each call L2-flushed and bracketed by its own pre-primed event pair, the FIRST call of every burst discarded as a drained-queue launch, a host-side idle gap after each burst setting the sustained duty cycle, and the SM clock, board power and memory clock read through NVML with the burst still in flight; NOT timing.TIMING_BASIS",1965.0,False,high,True,True,ok,"LEVEL HIGH (recorded, never an exclusion here): loaded clock 1965 MHz against the 1470 MHz reference. At a duty cycle below 1.0 a HIGH reading is the experiment working, not a cell to drop.",0.25,299.806,0.223393938844056,32,121.3363208770752,1.1017279624938965,1.1042239665985107,True,1965 1965 1965 1950 1935 1920 1965 1965 1935 1965 1905 1935 1965 1935 1965,False,4378.152248569231,"measured on this device: NVIDIA H200 (measured), 4378.2 GB/s (triad pattern)",13.0,580.159.04,True,1,33d28339d8e211bd7fb8caf92bd340b82ae40abb,NVIDIA H200,421a523e82cb,"scripts/clock_elasticity.py: bursts of N back-to-back fused_experts calls under one pinned tile, each call L2-flushed and bracketed by its own pre-primed event pair, the FIRST call of every burst discarded as a drained-queue launch, a host-side idle gap after each burst setting the sustained duty cycle, and the SM clock, board power and memory clock read through NVML with the burst still in flight; NOT timing.TIMING_BASIS | duty 0.25",,iters=supplied as None; sglang=package not installed,1,3.12.3,152.94071568154783,"measured on this device: NVIDIA H200 (measured), 669.6 TFLOP/s bf16 over 4378.2 GB/s (triad pattern); calibrated 2026-09-23 at 33d28339",,200.0,2.13.0,3.7.1,2026-09-23T20:01:03+00:00,0.27.1,300.0
shared,5,32,2,64,256,1,72,1.1003360152244568,1.0945279598236084,0.010509028394999375,160,3,408.60214352607727,"scripts/clock_elasticity.py: bursts of N back-to-back fused_experts calls under one pinned tile, each call L2-flushed and bracketed by its own pre-primed event pair, the FIRST call of every burst discarded as a drained-queue launch, a host-side idle gap after each burst setting the sustained duty cycle, and the SM clock, board power and memory clock read through NVML with the burst still in flight; NOT timing.TIMING_BASIS",1965.0,False,high,True,True,ok,"LEVEL HIGH (recorded, never an exclusion here): loaded clock 1965 MHz against the 1470 MHz reference. At a duty cycle below 1.0 a HIGH reading is the experiment working, not a cell to drop.",0.25,310.698,0.228665340763885,33,121.11422753334045,1.0995360016822815,1.1144800186157227,True,1950 1965 1965 1965 1965 1950 1965 1965 1965 1965 1965 1965 1965 1965 1965,False,4378.152248569231,"measured on this device: NVIDIA H200 (measured), 4378.2 GB/s (triad pattern)",13.0,580.159.04,True,1,33d28339d8e211bd7fb8caf92bd340b82ae40abb,NVIDIA H200,421a523e82cb,"scripts/clock_elasticity.py: bursts of N back-to-back fused_experts calls under one pinned tile, each call L2-flushed and bracketed by its own pre-primed event pair, the FIRST call of every burst discarded as a drained-queue launch, a host-side idle gap after each burst setting the sustained duty cycle, and the SM clock, board power and memory clock read through NVML with the burst still in flight; NOT timing.TIMING_BASIS | duty 0.25",,iters=supplied as None; sglang=package not installed,1,3.12.3,152.94071568154783,"measured on this device: NVIDIA H200 (measured), 669.6 TFLOP/s bf16 over 4378.2 GB/s (triad pattern); calibrated 2026-09-23 at 33d28339",,200.0,2.13.0,3.7.1,2026-09-23T20:01:03+00:00,0.27.1,300.0
private,5,32,1,32,128,1,72,0.7428159713745117,0.7288320064544678,0.004319105927128033,260,3,474.2346565723419,"scripts/clock_elasticity.py: bursts of N back-to-back fused_experts calls under one pinned tile, each call L2-flushed and bracketed by its own pre-primed event pair, the FIRST call of every burst discarded as a drained-queue launch, a host-side idle gap after each burst setting the sustained duty cycle, and the SM clock, board power and memory clock read through NVML with the burst still in flight; NOT timing.TIMING_BASIS",1965.0,False,high,True,True,ok,"LEVEL HIGH (recorded, never an exclusion here): loaded clock 1965 MHz against the 1470 MHz reference. At a duty cycle below 1.0 a HIGH reading is the experiment working, not a cell to drop.",0.25,311.135,0.24184773231699855,53,120.14802995324135,0.7418239712715149,0.744159996509552,True,1935 1950 1965 1965 1965 1815 1965 1980 1920 1965 1965 1920 1965 1965 1950,False,4378.152248569231,"measured on this device: NVIDIA H200 (measured), 4378.2 GB/s (triad pattern)",13.0,580.159.04,True,1,33d28339d8e211bd7fb8caf92bd340b82ae40abb,NVIDIA H200,421a523e82cb,"scripts/clock_elasticity.py: bursts of N back-to-back fused_experts calls under one pinned tile, each call L2-flushed and bracketed by its own pre-primed event pair, the FIRST call of every burst discarded as a drained-queue launch, a host-side idle gap after each burst setting the sustained duty cycle, and the SM clock, board power and memory clock read through NVML with the burst still in flight; NOT timing.TIMING_BASIS | duty 0.25",,iters=supplied as None; sglang=package not installed,1,3.12.3,152.94071568154783,"measured on this device: NVIDIA H200 (measured), 669.6 TFLOP/s bf16 over 4378.2 GB/s (triad pattern); calibrated 2026-09-23 at 33d28339",,200.0,2.13.0,3.7.1,2026-09-23T20:01:03+00:00,0.27.1,300.0
native,5,32,1,32,128,1,8,0.7431679964065552,0.730463981628418,0.004248501797107533,260,3,593.0526074767113,"scripts/clock_elasticity.py: bursts of N back-to-back fused_experts calls under one pinned tile, each call L2-flushed and bracketed by its own pre-primed event pair, the FIRST call of every burst discarded as a drained-queue launch, a host-side idle gap after each burst setting the sustained duty cycle, and the SM clock, board power and memory clock read through NVML with the burst still in flight; NOT timing.TIMING_BASIS",1965.0,False,high,False,True,ok,"LEVEL HIGH (recorded, never an exclusion here): loaded clock 1965 MHz against the 1470 MHz reference. At a duty cycle below 1.0 a HIGH reading is the experiment working, not a cell to drop.; DRIFT failed, settling upward: 1860 -> 1965 MHz over 15 bursts; this cell is EXCLUDED",0.25,322.269,0.24281971964864243,53,119.41790172457695,0.742464005947113,0.7443519830703735,True,1860 1965 1965 1920 1965 1965 1965 1965 1875 1950 1965 1920 1965 1965 1965,False,4378.152248569231,"measured on this device: NVIDIA H200 (measured), 4378.2 GB/s (triad pattern)",13.0,580.159.04,True,1,33d28339d8e211bd7fb8caf92bd340b82ae40abb,NVIDIA H200,421a523e82cb,"scripts/clock_elasticity.py: bursts of N back-to-back fused_experts calls under one pinned tile, each call L2-flushed and bracketed by its own pre-primed event pair, the FIRST call of every burst discarded as a drained-queue launch, a host-side idle gap after each burst setting the sustained duty cycle, and the SM clock, board power and memory clock read through NVML with the burst still in flight; NOT timing.TIMING_BASIS | duty 0.25",,iters=supplied as None; sglang=package not installed,1,3.12.3,152.94071568154783,"measured on this device: NVIDIA H200 (measured), 669.6 TFLOP/s bf16 over 4378.2 GB/s (triad pattern); calibrated 2026-09-23 at 33d28339",,200.0,2.13.0,3.7.1,2026-09-23T20:01:03+00:00,0.27.1,300.0
shared,5,32,1,32,128,1,72,0.7423679828643799,0.7300159931182861,0.004488061897405093,265,3,321.9838396310806,"scripts/clock_elasticity.py: bursts of N back-to-back fused_experts calls under one pinned tile, each call L2-flushed and bracketed by its own pre-primed event pair, the FIRST call of every burst discarded as a drained-queue launch, a host-side idle gap after each burst setting the sustained duty cycle, and the SM clock, board power and memory clock read through NVML with the burst still in flight; NOT timing.TIMING_BASIS",1965.0,False,high,True,True,ok,"LEVEL HIGH (recorded, never an exclusion here): loaded clock 1965 MHz against the 1470 MHz reference. At a duty cycle below 1.0 a HIGH reading is the experiment working, not a cell to drop.",0.25,312.223,0.24401623773513162,54,120.76905888319016,0.7417920231819153,0.7435839772224426,True,1905 1950 1860 1965 1965 1965 1950 1965 1965 1950 1965 1905 1965 1980 1920,False,4378.152248569231,"measured on this device: NVIDIA H200 (measured), 4378.2 GB/s (triad pattern)",13.0,580.159.04,True,1,33d28339d8e211bd7fb8caf92bd340b82ae40abb,NVIDIA H200,421a523e82cb,"scripts/clock_elasticity.py: bursts of N back-to-back fused_experts calls under one pinned tile, each call L2-flushed and bracketed by its own pre-primed event pair, the FIRST call of every burst discarded as a drained-queue launch, a host-side idle gap after each burst setting the sustained duty cycle, and the SM clock, board power and memory clock read through NVML with the burst still in flight; NOT timing.TIMING_BASIS | duty 0.25",,iters=supplied as None; sglang=package not installed,1,3.12.3,152.94071568154783,"measured on this device: NVIDIA H200 (measured), 669.6 TFLOP/s bf16 over 4378.2 GB/s (triad pattern); calibrated 2026-09-23 at 33d28339",,200.0,2.13.0,3.7.1,2026-09-23T20:01:03+00:00,0.27.1,300.0
native,6,32,1,32,128,1,8,0.7438719868659973,0.7319999933242798,0.0036136359339072476,260,3,514.3096319437027,"scripts/clock_elasticity.py: bursts of N back-to-back fused_experts calls under one pinned tile, each call L2-flushed and bracketed by its own pre-primed event pair, the FIRST call of every burst discarded as a drained-queue launch, a host-side idle gap after each burst setting the sustained duty cycle, and the SM clock, board power and memory clock read through NVML with the burst still in flight; NOT timing.TIMING_BASIS",1965.0,False,high,True,True,ok,"LEVEL HIGH (recorded, never an exclusion here): loaded clock 1965 MHz against the 1470 MHz reference. At a duty cycle below 1.0 a HIGH reading is the experiment working, not a cell to drop.",0.25,313.082,0.2424952896909487,53,119.72572866082191,0.7429119944572449,0.7444800138473511,True,1965 1980 1965 1935 1965 1965 1905 1965 1875 1950 1965 1815 1965 1965 1920,False,4378.152248569231,"measured on this device: NVIDIA H200 (measured), 4378.2 GB/s (triad pattern)",13.0,580.159.04,True,1,33d28339d8e211bd7fb8caf92bd340b82ae40abb,NVIDIA H200,421a523e82cb,"scripts/clock_elasticity.py: bursts of N back-to-back fused_experts calls under one pinned tile, each call L2-flushed and bracketed by its own pre-primed event pair, the FIRST call of every burst discarded as a drained-queue launch, a host-side idle gap after each burst setting the sustained duty cycle, and the SM clock, board power and memory clock read through NVML with the burst still in flight; NOT timing.TIMING_BASIS | duty 0.25",,iters=supplied as None; sglang=package not installed,1,3.12.3,152.94071568154783,"measured on this device: NVIDIA H200 (measured), 669.6 TFLOP/s bf16 over 4378.2 GB/s (triad pattern); calibrated 2026-09-23 at 33d28339",,200.0,2.13.0,3.7.1,2026-09-23T20:01:03+00:00,0.27.1,300.0
shared,6,32,1,32,128,1,72,0.7433759868144989,0.7312319874763489,0.003569015830945685,260,3,395.3052154779434,"scripts/clock_elasticity.py: bursts of N back-to-back fused_experts calls under one pinned tile, each call L2-flushed and bracketed by its own pre-primed event pair, the FIRST call of every burst discarded as a drained-queue launch, a host-side idle gap after each burst setting the sustained duty cycle, and the SM clock, board power and memory clock read through NVML with the burst still in flight; NOT timing.TIMING_BASIS",1965.0,False,high,True,True,ok,"LEVEL HIGH (recorded, never an exclusion here): loaded clock 1965 MHz against the 1470 MHz reference. At a duty cycle below 1.0 a HIGH reading is the experiment working, not a cell to drop.",0.25,308.381,0.24271729627130698,53,119.55528232455254,0.743008017539978,0.743615984916687,True,1980 1935 1965 1950 1965 1935 1965 1965 1935 1935 1965 1965 1965 1965 1905,False,4378.152248569231,"measured on this device: NVIDIA H200 (measured), 4378.2 GB/s (triad pattern)",13.0,580.159.04,True,1,33d28339d8e211bd7fb8caf92bd340b82ae40abb,NVIDIA H200,421a523e82cb,"scripts/clock_elasticity.py: bursts of N back-to-back fused_experts calls under one pinned tile, each call L2-flushed and bracketed by its own pre-primed event pair, the FIRST call of every burst discarded as a drained-queue launch, a host-side idle gap after each burst setting the sustained duty cycle, and the SM clock, board power and memory clock read through NVML with the burst still in flight; NOT timing.TIMING_BASIS | duty 0.25",,iters=supplied as None; sglang=package not installed,1,3.12.3,152.94071568154783,"measured on this device: NVIDIA H200 (measured), 669.6 TFLOP/s bf16 over 4378.2 GB/s (triad pattern); calibrated 2026-09-23 at 33d28339",,200.0,2.13.0,3.7.1,2026-09-23T20:01:03+00:00,0.27.1,300.0
private,6,32,1,32,128,1,72,0.7434880137443542,0.7300159931182861,0.010832342395780924,260,3,316.23359978199005,"scripts/clock_elasticity.py: bursts of N back-to-back fused_experts calls under one pinned tile, each call L2-flushed and bracketed by its own pre-primed event pair, the FIRST call of every burst discarded as a drained-queue launch, a host-side idle gap after each burst setting the sustained duty cycle, and the SM clock, board power and memory clock read through NVML with the burst still in flight; NOT timing.TIMING_BASIS",1965.0,False,high,True,True,ok,"LEVEL HIGH (recorded, never an exclusion here): loaded clock 1965 MHz against the 1470 MHz reference. At a duty cycle below 1.0 a HIGH reading is the experiment working, not a cell to drop.",0.25,306.979,0.24200637785745469,53,120.37699288129807,0.7429760098457336,0.7443519830703735,True,1980 1980 1830 1965 1965 1965 1935 1965 1920 1965 1830 1935 1965 1965 1950,False,4378.152248569231,"measured on this device: NVIDIA H200 (measured), 4378.2 GB/s (triad pattern)",13.0,580.159.04,True,1,33d28339d8e211bd7fb8caf92bd340b82ae40abb,NVIDIA H200,421a523e82cb,"scripts/clock_elasticity.py: bursts of N back-to-back fused_experts calls under one pinned tile, each call L2-flushed and bracketed by its own pre-primed event pair, the FIRST call of every burst discarded as a drained-queue launch, a host-side idle gap after each burst setting the sustained duty cycle, and the SM clock, board power and memory clock read through NVML with the burst still in flight; NOT timing.TIMING_BASIS | duty 0.25",,iters=supplied as None; sglang=package not installed,1,3.12.3,152.94071568154783,"measured on this device: NVIDIA H200 (measured), 669.6 TFLOP/s bf16 over 4378.2 GB/s (triad pattern); calibrated 2026-09-23 at 33d28339",,200.0,2.13.0,3.7.1,2026-09-23T20:01:03+00:00,0.27.1,300.0
native,6,32,2,64,256,1,8,1.0975680351257324,1.0928000211715698,0.0031992204516170706,160,3,335.1510080099106,"scripts/clock_elasticity.py: bursts of N back-to-back fused_experts calls under one pinned tile, each call L2-flushed and bracketed by its own pre-primed event pair, the FIRST call of every burst discarded as a drained-queue launch, a host-side idle gap after each burst setting the sustained duty cycle, and the SM clock, board power and memory clock read through NVML with the burst still in flight; NOT timing.TIMING_BASIS",1950.0,False,high,True,True,ok,"LEVEL HIGH (recorded, never an exclusion here): loaded clock 1950 MHz against the 1470 MHz reference. At a duty cycle below 1.0 a HIGH reading is the experiment working, not a cell to drop.",0.25,312.336,0.22789645361689495,33,121.3454881310463,1.0973599553108215,1.0981280207633972,True,1950 1965 1965 1935 1965 1890 1950 1965 1875 1950 1785 1965 1965 1890 1935,False,4378.152248569231,"measured on this device: NVIDIA H200 (measured), 4378.2 GB/s (triad pattern)",13.0,580.159.04,True,1,33d28339d8e211bd7fb8caf92bd340b82ae40abb,NVIDIA H200,421a523e82cb,"scripts/clock_elasticity.py: bursts of N back-to-back fused_experts calls under one pinned tile, each call L2-flushed and bracketed by its own pre-primed event pair, the FIRST call of every burst discarded as a drained-queue launch, a host-side idle gap after each burst setting the sustained duty cycle, and the SM clock, board power and memory clock read through NVML with the burst still in flight; NOT timing.TIMING_BASIS | duty 0.25",,iters=supplied as None; sglang=package not installed,1,3.12.3,152.94071568154783,"measured on this device: NVIDIA H200 (measured), 669.6 TFLOP/s bf16 over 4378.2 GB/s (triad pattern); calibrated 2026-09-23 at 33d28339",,200.0,2.13.0,3.7.1,2026-09-23T20:01:03+00:00,0.27.1,300.0
shared,6,32,2,64,256,1,72,1.0994559526443481,1.0959359407424927,0.016223909480139354,155,3,429.59619140625,"scripts/clock_elasticity.py: bursts of N back-to-back fused_experts calls under one pinned tile, each call L2-flushed and bracketed by its own pre-primed event pair, the FIRST call of every burst discarded as a drained-queue launch, a host-side idle gap after each burst setting the sustained duty cycle, and the SM clock, board power and memory clock read through NVML with the burst still in flight; NOT timing.TIMING_BASIS",1965.0,False,high,True,True,ok,"LEVEL HIGH (recorded, never an exclusion here): loaded clock 1965 MHz against the 1470 MHz reference. At a duty cycle below 1.0 a HIGH reading is the experiment working, not a cell to drop.",0.25,308.644,0.22349254996883403,32,121.22419738769531,1.0990400314331055,1.1000640392303467,True,1950 1800 1950 1965 1965 1965 1965 1965 1965 1950 1950 1920 1965 1965 1935,False,4378.152248569231,"measured on this device: NVIDIA H200 (measured), 4378.2 GB/s (triad pattern)",13.0,580.159.04,True,1,33d28339d8e211bd7fb8caf92bd340b82ae40abb,NVIDIA H200,421a523e82cb,"scripts/clock_elasticity.py: bursts of N back-to-back fused_experts calls under one pinned tile, each call L2-flushed and bracketed by its own pre-primed event pair, the FIRST call of every burst discarded as a drained-queue launch, a host-side idle gap after each burst setting the sustained duty cycle, and the SM clock, board power and memory clock read through NVML with the burst still in flight; NOT timing.TIMING_BASIS | duty 0.25",,iters=supplied as None; sglang=package not installed,1,3.12.3,152.94071568154783,"measured on this device: NVIDIA H200 (measured), 669.6 TFLOP/s bf16 over 4378.2 GB/s (triad pattern); calibrated 2026-09-23 at 33d28339",,200.0,2.13.0,3.7.1,2026-09-23T20:01:03+00:00,0.27.1,300.0
private,6,32,2,64,256,2,72,1.4342399835586548,1.4269440174102783,0.003153807790781638,135,3,525.3668476343155,"scripts/clock_elasticity.py: bursts of N back-to-back fused_experts calls under one pinned tile, each call L2-flushed and bracketed by its own pre-primed event pair, the FIRST call of every burst discarded as a drained-queue launch, a host-side idle gap after each burst setting the sustained duty cycle, and the SM clock, board power and memory clock read through NVML with the burst still in flight; NOT timing.TIMING_BASIS",1950.0,False,high,True,True,ok,"LEVEL HIGH (recorded, never an exclusion here): loaded clock 1950 MHz against the 1470 MHz reference. At a duty cycle below 1.0 a HIGH reading is the experiment working, not a cell to drop.",0.25,318.917,0.2452838551216711,28,122.07551765441895,1.4339359998703003,1.435551941394806,True,1890 1965 1965 1890 1950 1965 1950 1950 1800 1935 1965 1935 1935 1965 1920,False,4378.152248569231,"measured on this device: NVIDIA H200 (measured), 4378.2 GB/s (triad pattern)",13.0,580.159.04,True,1,33d28339d8e211bd7fb8caf92bd340b82ae40abb,NVIDIA H200,421a523e82cb,"scripts/clock_elasticity.py: bursts of N back-to-back fused_experts calls under one pinned tile, each call L2-flushed and bracketed by its own pre-primed event pair, the FIRST call of every burst discarded as a drained-queue launch, a host-side idle gap after each burst setting the sustained duty cycle, and the SM clock, board power and memory clock read through NVML with the burst still in flight; NOT timing.TIMING_BASIS | duty 0.25",,iters=supplied as None; sglang=package not installed,1,3.12.3,152.94071568154783,"measured on this device: NVIDIA H200 (measured), 669.6 TFLOP/s bf16 over 4378.2 GB/s (triad pattern); calibrated 2026-09-23 at 33d28339",,200.0,2.13.0,3.7.1,2026-09-23T20:01:03+00:00,0.27.1,300.0
native,6,32,3,96,384,1,8,1.6303999423980713,1.6275520324707031,0.025608054762591783,105,3,836.6085438728333,"scripts/clock_elasticity.py: bursts of N back-to-back fused_experts calls under one pinned tile, each call L2-flushed and bracketed by its own pre-primed event pair, the FIRST call of every burst discarded as a drained-queue launch, a host-side idle gap after each burst setting the sustained duty cycle, and the SM clock, board power and memory clock read through NVML with the burst still in flight; NOT timing.TIMING_BASIS",1950.0,False,high,False,True,ok,"LEVEL HIGH (recorded, never an exclusion here): loaded clock 1950 MHz against the 1470 MHz reference. At a duty cycle below 1.0 a HIGH reading is the experiment working, not a cell to drop.; DRIFT failed, settling upward: 1830 -> 1935 MHz over 15 bursts; this cell is EXCLUDED",0.25,313.085,0.2310654079571659,22,118.99852538108826,1.6296000480651855,1.632159948348999,True,1830 1965 1920 1950 1965 1920 1965 1890 1965 1920 1950 1785 1965 1965 1935,False,4378.152248569231,"measured on this device: NVIDIA H200 (measured), 4378.2 GB/s (triad pattern)",13.0,580.159.04,True,1,33d28339d8e211bd7fb8caf92bd340b82ae40abb,NVIDIA H200,421a523e82cb,"scripts/clock_elasticity.py: bursts of N back-to-back fused_experts calls under one pinned tile, each call L2-flushed and bracketed by its own pre-primed event pair, the FIRST call of every burst discarded as a drained-queue launch, a host-side idle gap after each burst setting the sustained duty cycle, and the SM clock, board power and memory clock read through NVML with the burst still in flight; NOT timing.TIMING_BASIS | duty 0.25",,iters=supplied as None; sglang=package not installed,1,3.12.3,152.94071568154783,"measured on this device: NVIDIA H200 (measured), 669.6 TFLOP/s bf16 over 4378.2 GB/s (triad pattern); calibrated 2026-09-23 at 33d28339",,200.0,2.13.0,3.7.1,2026-09-23T20:01:03+00:00,0.27.1,300.0
shared,6,32,3,96,384,1,72,1.6303839683532715,1.6269760131835938,0.01770450011215462,100,3,487.2993280887604,"scripts/clock_elasticity.py: bursts of N back-to-back fused_experts calls under one pinned tile, each call L2-flushed and bracketed by its own pre-primed event pair, the FIRST call of every burst discarded as a drained-queue launch, a host-side idle gap after each burst setting the sustained duty cycle, and the SM clock, board power and memory clock read through NVML with the burst still in flight; NOT timing.TIMING_BASIS",1965.0,False,high,True,True,ok,"LEVEL HIGH (recorded, never an exclusion here): loaded clock 1965 MHz against the 1470 MHz reference. At a duty cycle below 1.0 a HIGH reading is the experiment working, not a cell to drop.",0.25,314.973,0.22557425810165363,21,117.84024006128311,1.630303978919983,1.6308799982070923,True,1965 1965 1950 1965 1965 1950 1965 1965 1965 1920 1950 1965 1965 1965 1920,False,4378.152248569231,"measured on this device: NVIDIA H200 (measured), 4378.2 GB/s (triad pattern)",13.0,580.159.04,True,1,33d28339d8e211bd7fb8caf92bd340b82ae40abb,NVIDIA H200,421a523e82cb,"scripts/clock_elasticity.py: bursts of N back-to-back fused_experts calls under one pinned tile, each call L2-flushed and bracketed by its own pre-primed event pair, the FIRST call of every burst discarded as a drained-queue launch, a host-side idle gap after each burst setting the sustained duty cycle, and the SM clock, board power and memory clock read through NVML with the burst still in flight; NOT timing.TIMING_BASIS | duty 0.25",,iters=supplied as None; sglang=package not installed,1,3.12.3,152.94071568154783,"measured on this device: NVIDIA H200 (measured), 669.6 TFLOP/s bf16 over 4378.2 GB/s (triad pattern); calibrated 2026-09-23 at 33d28339",,200.0,2.13.0,3.7.1,2026-09-23T20:01:03+00:00,0.27.1,300.0
private,6,32,3,96,384,3,72,2.141792058944702,2.1319360733032227,0.004604446163205474,90,3,410.5585606098175,"scripts/clock_elasticity.py: bursts of N back-to-back fused_experts calls under one pinned tile, each call L2-flushed and bracketed by its own pre-primed event pair, the FIRST call of every burst discarded as a drained-queue launch, a host-side idle gap after each burst setting the sustained duty cycle, and the SM clock, board power and memory clock read through NVML with the burst still in flight; NOT timing.TIMING_BASIS",1950.0,False,high,True,True,ok,"LEVEL HIGH (recorded, never an exclusion here): loaded clock 1950 MHz against the 1470 MHz reference. At a duty cycle below 1.0 a HIGH reading is the experiment working, not a cell to drop.",0.25,320.385,0.24870649405680856,19,122.15328347682953,2.1412320137023926,2.14411199092865,True,1965 1965 1890 1950 1965 1860 1950 1965 1950 1950 1950 1935 1965 1965 1920,False,4378.152248569231,"measured on this device: NVIDIA H200 (measured), 4378.2 GB/s (triad pattern)",13.0,580.159.04,True,1,33d28339d8e211bd7fb8caf92bd340b82ae40abb,NVIDIA H200,421a523e82cb,"scripts/clock_elasticity.py: bursts of N back-to-back fused_experts calls under one pinned tile, each call L2-flushed and bracketed by its own pre-primed event pair, the FIRST call of every burst discarded as a drained-queue launch, a host-side idle gap after each burst setting the sustained duty cycle, and the SM clock, board power and memory clock read through NVML with the burst still in flight; NOT timing.TIMING_BASIS | duty 0.25",,iters=supplied as None; sglang=package not installed,1,3.12.3,152.94071568154783,"measured on this device: NVIDIA H200 (measured), 669.6 TFLOP/s bf16 over 4378.2 GB/s (triad pattern); calibrated 2026-09-23 at 33d28339",,200.0,2.13.0,3.7.1,2026-09-23T20:01:03+00:00,0.27.1,300.0
native,6,32,4,128,512,1,8,2.135456085205078,2.1188480854034424,0.010733477305589378,85,3,312.13862347602844,"scripts/clock_elasticity.py: bursts of N back-to-back fused_experts calls under one pinned tile, each call L2-flushed and bracketed by its own pre-primed event pair, the FIRST call of every burst discarded as a drained-queue launch, a host-side idle gap after each burst setting the sustained duty cycle, and the SM clock, board power and memory clock read through NVML with the burst still in flight; NOT timing.TIMING_BASIS",1965.0,False,high,True,True,ok,"LEVEL HIGH (recorded, never an exclusion here): loaded clock 1965 MHz against the 1470 MHz reference. At a duty cycle below 1.0 a HIGH reading is the experiment working, not a cell to drop.",0.25,300.481,0.23891496057223618,18,121.49308633804321,2.126752018928528,2.137328028678894,True,1965 1965 1965 1965 1965 1965 1965 1950 1965 1935 1965 1965 1965 1965 1965,False,4378.152248569231,"measured on this device: NVIDIA H200 (measured), 4378.2 GB/s (triad pattern)",13.0,580.159.04,True,1,33d28339d8e211bd7fb8caf92bd340b82ae40abb,NVIDIA H200,421a523e82cb,"scripts/clock_elasticity.py: bursts of N back-to-back fused_experts calls under one pinned tile, each call L2-flushed and bracketed by its own pre-primed event pair, the FIRST call of every burst discarded as a drained-queue launch, a host-side idle gap after each burst setting the sustained duty cycle, and the SM clock, board power and memory clock read through NVML with the burst still in flight; NOT timing.TIMING_BASIS | duty 0.25",,iters=supplied as None; sglang=package not installed,1,3.12.3,152.94071568154783,"measured on this device: NVIDIA H200 (measured), 669.6 TFLOP/s bf16 over 4378.2 GB/s (triad pattern); calibrated 2026-09-23 at 33d28339",,200.0,2.13.0,3.7.1,2026-09-23T20:01:03+00:00,0.27.1,300.0
shared,6,32,4,128,512,1,72,2.133120059967041,2.129728078842163,0.009356043596876671,85,3,311.4080648422241,"scripts/clock_elasticity.py: bursts of N back-to-back fused_experts calls under one pinned tile, each call L2-flushed and bracketed by its own pre-primed event pair, the FIRST call of every burst discarded as a drained-queue launch, a host-side idle gap after each burst setting the sustained duty cycle, and the SM clock, board power and memory clock read through NVML with the burst still in flight; NOT timing.TIMING_BASIS",1965.0,False,high,True,True,ok,"LEVEL HIGH (recorded, never an exclusion here): loaded clock 1965 MHz against the 1470 MHz reference. At a duty cycle below 1.0 a HIGH reading is the experiment working, not a cell to drop.",0.25,302.938,0.23709760690413037,18,123.01458764076233,2.133280038833618,2.1338720321655273,True,1950 1965 1965 1965 1950 1920 1965 1965 1950 1965 1965 1920 1965 1965 1965,False,4378.152248569231,"measured on this device: NVIDIA H200 (measured), 4378.2 GB/s (triad pattern)",13.0,580.159.04,True,1,33d28339d8e211bd7fb8caf92bd340b82ae40abb,NVIDIA H200,421a523e82cb,"scripts/clock_elasticity.py: bursts of N back-to-back fused_experts calls under one pinned tile, each call L2-flushed and bracketed by its own pre-primed event pair, the FIRST call of every burst discarded as a drained-queue launch, a host-side idle gap after each burst setting the sustained duty cycle, and the SM clock, board power and memory clock read through NVML with the burst still in flight; NOT timing.TIMING_BASIS | duty 0.25",,iters=supplied as None; sglang=package not installed,1,3.12.3,152.94071568154783,"measured on this device: NVIDIA H200 (measured), 669.6 TFLOP/s bf16 over 4378.2 GB/s (triad pattern); calibrated 2026-09-23 at 33d28339",,200.0,2.13.0,3.7.1,2026-09-23T20:01:03+00:00,0.27.1,300.0
private,6,32,4,128,512,4,72,2.844640016555786,2.838207960128784,0.004244410381266448,65,3,400.78780794143677,"scripts/clock_elasticity.py: bursts of N back-to-back fused_experts calls under one pinned tile, each call L2-flushed and bracketed by its own pre-primed event pair, the FIRST call of every burst discarded as a drained-queue launch, a host-side idle gap after each burst setting the sustained duty cycle, and the SM clock, board power and memory clock read through NVML with the burst still in flight; NOT timing.TIMING_BASIS",1950.0,False,high,True,True,ok,"LEVEL HIGH (recorded, never an exclusion here): loaded clock 1950 MHz against the 1470 MHz reference. At a duty cycle below 1.0 a HIGH reading is the experiment working, not a cell to drop.",0.25,315.97,0.24752011334811497,14,120.83231663703918,2.8443520069122314,2.846208095550537,True,1950 1965 1875 1965 1935 1950 1950 1875 1950 1965 1935 1965 1920 1965 1965,False,4378.152248569231,"measured on this device: NVIDIA H200 (measured), 4378.2 GB/s (triad pattern)",13.0,580.159.04,True,1,33d28339d8e211bd7fb8caf92bd340b82ae40abb,NVIDIA H200,421a523e82cb,"scripts/clock_elasticity.py: bursts of N back-to-back fused_experts calls under one pinned tile, each call L2-flushed and bracketed by its own pre-primed event pair, the FIRST call of every burst discarded as a drained-queue launch, a host-side idle gap after each burst setting the sustained duty cycle, and the SM clock, board power and memory clock read through NVML with the burst still in flight; NOT timing.TIMING_BASIS | duty 0.25",,iters=supplied as None; sglang=package not installed,1,3.12.3,152.94071568154783,"measured on this device: NVIDIA H200 (measured), 669.6 TFLOP/s bf16 over 4378.2 GB/s (triad pattern); calibrated 2026-09-23 at 33d28339",,200.0,2.13.0,3.7.1,2026-09-23T20:01:03+00:00,0.27.1,300.0
native,6,32,5,160,640,1,8,2.645375967025757,2.6404480934143066,0.024361704879808325,60,3,316.0079367160797,"scripts/clock_elasticity.py: bursts of N back-to-back fused_experts calls under one pinned tile, each call L2-flushed and bracketed by its own pre-primed event pair, the FIRST call of every burst discarded as a drained-queue launch, a host-side idle gap after each burst setting the sustained duty cycle, and the SM clock, board power and memory clock read through NVML with the burst still in flight; NOT timing.TIMING_BASIS",1965.0,False,high,True,True,ok,"LEVEL HIGH (recorded, never an exclusion here): loaded clock 1965 MHz against the 1470 MHz reference. At a duty cycle below 1.0 a HIGH reading is the experiment working, not a cell to drop.",0.25,311.26,0.22564726847934424,13,118.36094462871552,2.644864082336426,2.646912097930908,True,1845 1965 1965 1935 1965 1965 1935 1875 1965 1920 1950 1965 1965 1965 1935,False,4378.152248569231,"measured on this device: NVIDIA H200 (measured), 4378.2 GB/s (triad pattern)",13.0,580.159.04,True,1,33d28339d8e211bd7fb8caf92bd340b82ae40abb,NVIDIA H200,421a523e82cb,"scripts/clock_elasticity.py: bursts of N back-to-back fused_experts calls under one pinned tile, each call L2-flushed and bracketed by its own pre-primed event pair, the FIRST call of every burst discarded as a drained-queue launch, a host-side idle gap after each burst setting the sustained duty cycle, and the SM clock, board power and memory clock read through NVML with the burst still in flight; NOT timing.TIMING_BASIS | duty 0.25",,iters=supplied as None; sglang=package not installed,1,3.12.3,152.94071568154783,"measured on this device: NVIDIA H200 (measured), 669.6 TFLOP/s bf16 over 4378.2 GB/s (triad pattern); calibrated 2026-09-23 at 33d28339",,200.0,2.13.0,3.7.1,2026-09-23T20:01:03+00:00,0.27.1,300.0
shared,6,32,5,160,640,1,72,2.6559360027313232,2.6528000831604004,0.031622852032356374,60,3,317.85401487350464,"scripts/clock_elasticity.py: bursts of N back-to-back fused_experts calls under one pinned tile, each call L2-flushed and bracketed by its own pre-primed event pair, the FIRST call of every burst discarded as a drained-queue launch, a host-side idle gap after each burst setting the sustained duty cycle, and the SM clock, board power and memory clock read through NVML with the burst still in flight; NOT timing.TIMING_BASIS",1965.0,False,high,True,True,ok,"LEVEL HIGH (recorded, never an exclusion here): loaded clock 1965 MHz against the 1470 MHz reference. At a duty cycle below 1.0 a HIGH reading is the experiment working, not a cell to drop.",0.25,320.602,0.22971161768343204,13,116.25744044780731,2.6565120220184326,2.6567680835723877,True,1965 1965 1965 1965 1965 1935 1965 1935 1965 1950 1965 1950 1965 1890 1965,False,4378.152248569231,"measured on this device: NVIDIA H200 (measured), 4378.2 GB/s (triad pattern)",13.0,580.159.04,True,1,33d28339d8e211bd7fb8caf92bd340b82ae40abb,NVIDIA H200,421a523e82cb,"scripts/clock_elasticity.py: bursts of N back-to-back fused_experts calls under one pinned tile, each call L2-flushed and bracketed by its own pre-primed event pair, the FIRST call of every burst discarded as a drained-queue launch, a host-side idle gap after each burst setting the sustained duty cycle, and the SM clock, board power and memory clock read through NVML with the burst still in flight; NOT timing.TIMING_BASIS | duty 0.25",,iters=supplied as None; sglang=package not installed,1,3.12.3,152.94071568154783,"measured on this device: NVIDIA H200 (measured), 669.6 TFLOP/s bf16 over 4378.2 GB/s (triad pattern); calibrated 2026-09-23 at 33d28339",,200.0,2.13.0,3.7.1,2026-09-23T20:01:03+00:00,0.27.1,300.0
private,6,32,5,160,640,5,72,3.5490719079971313,3.54256010055542,0.004886197573005138,50,3,315.18918347358704,"scripts/clock_elasticity.py: bursts of N back-to-back fused_experts calls under one pinned tile, each call L2-flushed and bracketed by its own pre-primed event pair, the FIRST call of every burst discarded as a drained-queue launch, a host-side idle gap after each burst setting the sustained duty cycle, and the SM clock, board power and memory clock read through NVML with the burst still in flight; NOT timing.TIMING_BASIS",1935.0,False,high,True,True,ok,"LEVEL HIGH (recorded, never an exclusion here): loaded clock 1935 MHz against the 1470 MHz reference. At a duty cycle below 1.0 a HIGH reading is the experiment working, not a cell to drop.",0.25,315.917,0.24651666253460416,11,118.93780553340912,3.549280047416687,3.5529600381851196,True,1890 1965 1890 1950 1965 1935 1965 1875 1950 1965 1905 1965 1875 1935 1800,False,4378.152248569231,"measured on this device: NVIDIA H200 (measured), 4378.2 GB/s (triad pattern)",13.0,580.159.04,True,1,33d28339d8e211bd7fb8caf92bd340b82ae40abb,NVIDIA H200,421a523e82cb,"scripts/clock_elasticity.py: bursts of N back-to-back fused_experts calls under one pinned tile, each call L2-flushed and bracketed by its own pre-primed event pair, the FIRST call of every burst discarded as a drained-queue launch, a host-side idle gap after each burst setting the sustained duty cycle, and the SM clock, board power and memory clock read through NVML with the burst still in flight; NOT timing.TIMING_BASIS | duty 0.25",,iters=supplied as None; sglang=package not installed,1,3.12.3,152.94071568154783,"measured on this device: NVIDIA H200 (measured), 669.6 TFLOP/s bf16 over 4378.2 GB/s (triad pattern); calibrated 2026-09-23 at 33d28339",,200.0,2.13.0,3.7.1,2026-09-23T20:01:03+00:00,0.27.1,300.0
native,6,32,6,192,768,1,8,3.162559986114502,3.156064033508301,0.03169392281548246,50,3,321.0176639556885,"scripts/clock_elasticity.py: bursts of N back-to-back fused_experts calls under one pinned tile, each call L2-flushed and bracketed by its own pre-primed event pair, the FIRST call of every burst discarded as a drained-queue launch, a host-side idle gap after each burst setting the sustained duty cycle, and the SM clock, board power and memory clock read through NVML with the burst still in flight; NOT timing.TIMING_BASIS",1950.0,False,high,True,True,ok,"LEVEL HIGH (recorded, never an exclusion here): loaded clock 1950 MHz against the 1470 MHz reference. At a duty cycle below 1.0 a HIGH reading is the experiment working, not a cell to drop.",0.25,307.535,0.22527957706799553,11,119.85230505466461,3.1651519536972046,3.1641759872436523,True,1815 1965 1965 1950 1965 1905 1965 1935 1950 1800 1950 1965 1935 1965 1875,False,4378.152248569231,"measured on this device: NVIDIA H200 (measured), 4378.2 GB/s (triad pattern)",13.0,580.159.04,True,1,33d28339d8e211bd7fb8caf92bd340b82ae40abb,NVIDIA H200,421a523e82cb,"scripts/clock_elasticity.py: bursts of N back-to-back fused_experts calls under one pinned tile, each call L2-flushed and bracketed by its own pre-primed event pair, the FIRST call of every burst discarded as a drained-queue launch, a host-side idle gap after each burst setting the sustained duty cycle, and the SM clock, board power and memory clock read through NVML with the burst still in flight; NOT timing.TIMING_BASIS | duty 0.25",,iters=supplied as None; sglang=package not installed,1,3.12.3,152.94071568154783,"measured on this device: NVIDIA H200 (measured), 669.6 TFLOP/s bf16 over 4378.2 GB/s (triad pattern); calibrated 2026-09-23 at 33d28339",,200.0,2.13.0,3.7.1,2026-09-23T20:01:03+00:00,0.27.1,300.0
shared,6,32,6,192,768,1,72,3.196160078048706,3.1938560009002686,0.034612981967331743,55,3,311.8720326423645,"scripts/clock_elasticity.py: bursts of N back-to-back fused_experts calls under one pinned tile, each call L2-flushed and bracketed by its own pre-primed event pair, the FIRST call of every burst discarded as a drained-queue launch, a host-side idle gap after each burst setting the sustained duty cycle, and the SM clock, board power and memory clock read through NVML with the burst still in flight; NOT timing.TIMING_BASIS",1965.0,False,high,True,True,ok,"LEVEL HIGH (recorded, never an exclusion here): loaded clock 1965 MHz against the 1470 MHz reference. At a duty cycle below 1.0 a HIGH reading is the experiment working, not a cell to drop.",0.25,309.634,0.23904842590639688,12,122.05440187454224,3.197360038757324,3.195472002029419,True,1965 1965 1950 1965 1920 1965 1965 1875 1950 1965 1935 1965 1965 1965 1965,False,4378.152248569231,"measured on this device: NVIDIA H200 (measured), 4378.2 GB/s (triad pattern)",13.0,580.159.04,True,1,33d28339d8e211bd7fb8caf92bd340b82ae40abb,NVIDIA H200,421a523e82cb,"scripts/clock_elasticity.py: bursts of N back-to-back fused_experts calls under one pinned tile, each call L2-flushed and bracketed by its own pre-primed event pair, the FIRST call of every burst discarded as a drained-queue launch, a host-side idle gap after each burst setting the sustained duty cycle, and the SM clock, board power and memory clock read through NVML with the burst still in flight; NOT timing.TIMING_BASIS | duty 0.25",,iters=supplied as None; sglang=package not installed,1,3.12.3,152.94071568154783,"measured on this device: NVIDIA H200 (measured), 669.6 TFLOP/s bf16 over 4378.2 GB/s (triad pattern); calibrated 2026-09-23 at 33d28339",,200.0,2.13.0,3.7.1,2026-09-23T20:01:03+00:00,0.27.1,300.0
private,6,32,6,192,768,6,72,4.256927967071533,4.250175952911377,0.004788775125635203,40,3,308.52988719940186,"scripts/clock_elasticity.py: bursts of N back-to-back fused_experts calls under one pinned tile, each call L2-flushed and bracketed by its own pre-primed event pair, the FIRST call of every burst discarded as a drained-queue launch, a host-side idle gap after each burst setting the sustained duty cycle, and the SM clock, board power and memory clock read through NVML with the burst still in flight; NOT timing.TIMING_BASIS",1950.0,False,high,True,True,ok,"LEVEL HIGH (recorded, never an exclusion here): loaded clock 1950 MHz against the 1470 MHz reference. At a duty cycle below 1.0 a HIGH reading is the experiment working, not a cell to drop.",0.25,326.568,0.24638055825596591,9,117.08539509773254,4.2576799392700195,4.2594239711761475,True,1965 1845 1935 1965 1860 1965 1920 1950 1785 1905 1965 1950 1965 1890 1950,False,4378.152248569231,"measured on this device: NVIDIA H200 (measured), 4378.2 GB/s (triad pattern)",13.0,580.159.04,True,1,33d28339d8e211bd7fb8caf92bd340b82ae40abb,NVIDIA H200,421a523e82cb,"scripts/clock_elasticity.py: bursts of N back-to-back fused_experts calls under one pinned tile, each call L2-flushed and bracketed by its own pre-primed event pair, the FIRST call of every burst discarded as a drained-queue launch, a host-side idle gap after each burst setting the sustained duty cycle, and the SM clock, board power and memory clock read through NVML with the burst still in flight; NOT timing.TIMING_BASIS | duty 0.25",,iters=supplied as None; sglang=package not installed,1,3.12.3,152.94071568154783,"measured on this device: NVIDIA H200 (measured), 669.6 TFLOP/s bf16 over 4378.2 GB/s (triad pattern); calibrated 2026-09-23 at 33d28339",,200.0,2.13.0,3.7.1,2026-09-23T20:01:03+00:00,0.27.1,300.0
shared,7,32,6,192,768,1,72,3.1960480213165283,3.193664073944092,0.027236697826739063,50,3,499.7329921722412,"scripts/clock_elasticity.py: bursts of N back-to-back fused_experts calls under one pinned tile, each call L2-flushed and bracketed by its own pre-primed event pair, the FIRST call of every burst discarded as a drained-queue launch, a host-side idle gap after each burst setting the sustained duty cycle, and the SM clock, board power and memory clock read through NVML with the burst still in flight; NOT timing.TIMING_BASIS",1965.0,False,high,True,True,ok,"LEVEL HIGH (recorded, never an exclusion here): loaded clock 1965 MHz against the 1470 MHz reference. At a duty cycle below 1.0 a HIGH reading is the experiment working, not a cell to drop.",0.25,317.809,0.23437235439898735,11,114.87379288673401,3.1963679790496826,3.195855975151062,True,1965 1965 1935 1875 1935 1965 1935 1965 1935 1965 1860 1965 1965 1965 1965,False,4378.152248569231,"measured on this device: NVIDIA H200 (measured), 4378.2 GB/s (triad pattern)",13.0,580.159.04,True,1,33d28339d8e211bd7fb8caf92bd340b82ae40abb,NVIDIA H200,421a523e82cb,"scripts/clock_elasticity.py: bursts of N back-to-back fused_experts calls under one pinned tile, each call L2-flushed and bracketed by its own pre-primed event pair, the FIRST call of every burst discarded as a drained-queue launch, a host-side idle gap after each burst setting the sustained duty cycle, and the SM clock, board power and memory clock read through NVML with the burst still in flight; NOT timing.TIMING_BASIS | duty 0.25",,iters=supplied as None; sglang=package not installed,1,3.12.3,152.94071568154783,"measured on this device: NVIDIA H200 (measured), 669.6 TFLOP/s bf16 over 4378.2 GB/s (triad pattern); calibrated 2026-09-23 at 33d28339",,200.0,2.13.0,3.7.1,2026-09-23T20:01:03+00:00,0.27.1,300.0
private,7,32,6,192,768,6,72,4.256880044937134,4.250080108642578,0.004442639296531167,40,3,462.49264097213745,"scripts/clock_elasticity.py: bursts of N back-to-back fused_experts calls under one pinned tile, each call L2-flushed and bracketed by its own pre-primed event pair, the FIRST call of every burst discarded as a drained-queue launch, a host-side idle gap after each burst setting the sustained duty cycle, and the SM clock, board power and memory clock read through NVML with the burst still in flight; NOT timing.TIMING_BASIS",1950.0,False,high,True,True,ok,"LEVEL HIGH (recorded, never an exclusion here): loaded clock 1950 MHz against the 1470 MHz reference. At a duty cycle below 1.0 a HIGH reading is the experiment working, not a cell to drop.",0.25,322.111,0.2459568717281521,9,117.32558369636536,4.257279872894287,4.258575916290283,True,1965 1890 1950 1740 1965 1965 1935 1965 1875 1935 1965 1965 1845 1935 1965,False,4378.152248569231,"measured on this device: NVIDIA H200 (measured), 4378.2 GB/s (triad pattern)",13.0,580.159.04,True,1,33d28339d8e211bd7fb8caf92bd340b82ae40abb,NVIDIA H200,421a523e82cb,"scripts/clock_elasticity.py: bursts of N back-to-back fused_experts calls under one pinned tile, each call L2-flushed and bracketed by its own pre-primed event pair, the FIRST call of every burst discarded as a drained-queue launch, a host-side idle gap after each burst setting the sustained duty cycle, and the SM clock, board power and memory clock read through NVML with the burst still in flight; NOT timing.TIMING_BASIS | duty 0.25",,iters=supplied as None; sglang=package not installed,1,3.12.3,152.94071568154783,"measured on this device: NVIDIA H200 (measured), 669.6 TFLOP/s bf16 over 4378.2 GB/s (triad pattern); calibrated 2026-09-23 at 33d28339",,200.0,2.13.0,3.7.1,2026-09-23T20:01:03+00:00,0.27.1,300.0
native,7,32,6,192,768,1,8,3.1829280853271484,3.180351972579956,0.027887490727954968,50,3,425.9363520145416,"scripts/clock_elasticity.py: bursts of N back-to-back fused_experts calls under one pinned tile, each call L2-flushed and bracketed by its own pre-primed event pair, the FIRST call of every burst discarded as a drained-queue launch, a host-side idle gap after each burst setting the sustained duty cycle, and the SM clock, board power and memory clock read through NVML with the burst still in flight; NOT timing.TIMING_BASIS",1965.0,False,high,True,True,ok,"LEVEL HIGH (recorded, never an exclusion here): loaded clock 1965 MHz against the 1470 MHz reference. At a duty cycle below 1.0 a HIGH reading is the experiment working, not a cell to drop.",0.25,313.616,0.23045523844185656,11,116.97100961208344,3.183471918106079,3.1827999353408813,True,1935 1965 1950 1965 1965 1965 1920 1965 1950 1950 1965 1965 1800 1965 1965,False,4378.152248569231,"measured on this device: NVIDIA H200 (measured), 4378.2 GB/s (triad pattern)",13.0,580.159.04,True,1,33d28339d8e211bd7fb8caf92bd340b82ae40abb,NVIDIA H200,421a523e82cb,"scripts/clock_elasticity.py: bursts of N back-to-back fused_experts calls under one pinned tile, each call L2-flushed and bracketed by its own pre-primed event pair, the FIRST call of every burst discarded as a drained-queue launch, a host-side idle gap after each burst setting the sustained duty cycle, and the SM clock, board power and memory clock read through NVML with the burst still in flight; NOT timing.TIMING_BASIS | duty 0.25",,iters=supplied as None; sglang=package not installed,1,3.12.3,152.94071568154783,"measured on this device: NVIDIA H200 (measured), 669.6 TFLOP/s bf16 over 4378.2 GB/s (triad pattern); calibrated 2026-09-23 at 33d28339",,200.0,2.13.0,3.7.1,2026-09-23T20:01:03+00:00,0.27.1,300.0
shared,7,32,5,160,640,1,72,2.6735999584198,2.6705920696258545,0.023552843830815247,60,3,389.5811197757721,"scripts/clock_elasticity.py: bursts of N back-to-back fused_experts calls under one pinned tile, each call L2-flushed and bracketed by its own pre-primed event pair, the FIRST call of every burst discarded as a drained-queue launch, a host-side idle gap after each burst setting the sustained duty cycle, and the SM clock, board power and memory clock read through NVML with the burst still in flight; NOT timing.TIMING_BASIS",1965.0,False,high,False,True,ok,"LEVEL HIGH (recorded, never an exclusion here): loaded clock 1965 MHz against the 1470 MHz reference. At a duty cycle below 1.0 a HIGH reading is the experiment working, not a cell to drop.; DRIFT failed, settling upward: 1830 -> 1935 MHz over 15 bursts; this cell is EXCLUDED",0.25,320.728,0.23058684191696313,13,115.90238392353058,2.6732161045074463,2.673759937286377,True,1830 1965 1950 1965 1950 1965 1965 1965 1890 1965 1905 1965 1860 1965 1935,False,4378.152248569231,"measured on this device: NVIDIA H200 (measured), 4378.2 GB/s (triad pattern)",13.0,580.159.04,True,1,33d28339d8e211bd7fb8caf92bd340b82ae40abb,NVIDIA H200,421a523e82cb,"scripts/clock_elasticity.py: bursts of N back-to-back fused_experts calls under one pinned tile, each call L2-flushed and bracketed by its own pre-primed event pair, the FIRST call of every burst discarded as a drained-queue launch, a host-side idle gap after each burst setting the sustained duty cycle, and the SM clock, board power and memory clock read through NVML with the burst still in flight; NOT timing.TIMING_BASIS | duty 0.25",,iters=supplied as None; sglang=package not installed,1,3.12.3,152.94071568154783,"measured on this device: NVIDIA H200 (measured), 669.6 TFLOP/s bf16 over 4378.2 GB/s (triad pattern); calibrated 2026-09-23 at 33d28339",,200.0,2.13.0,3.7.1,2026-09-23T20:01:03+00:00,0.27.1,300.0
private,7,32,5,160,640,5,72,3.549903988838196,3.5437440872192383,0.005693379695776859,50,3,471.3259515762329,"scripts/clock_elasticity.py: bursts of N back-to-back fused_experts calls under one pinned tile, each call L2-flushed and bracketed by its own pre-primed event pair, the FIRST call of every burst discarded as a drained-queue launch, a host-side idle gap after each burst setting the sustained duty cycle, and the SM clock, board power and memory clock read through NVML with the burst still in flight; NOT timing.TIMING_BASIS",1935.0,False,high,True,True,ok,"LEVEL HIGH (recorded, never an exclusion here): loaded clock 1935 MHz against the 1470 MHz reference. At a duty cycle below 1.0 a HIGH reading is the experiment working, not a cell to drop.",0.25,329.445,0.2480322439856305,11,118.04073715209961,3.550528049468994,3.554111957550049,True,1965 1905 1935 1965 1905 1950 1800 1920 1965 1830 1965 1950 1965 1905 1935,False,4378.152248569231,"measured on this device: NVIDIA H200 (measured), 4378.2 GB/s (triad pattern)",13.0,580.159.04,True,1,33d28339d8e211bd7fb8caf92bd340b82ae40abb,NVIDIA H200,421a523e82cb,"scripts/clock_elasticity.py: bursts of N back-to-back fused_experts calls under one pinned tile, each call L2-flushed and bracketed by its own pre-primed event pair, the FIRST call of every burst discarded as a drained-queue launch, a host-side idle gap after each burst setting the sustained duty cycle, and the SM clock, board power and memory clock read through NVML with the burst still in flight; NOT timing.TIMING_BASIS | duty 0.25",,iters=supplied as None; sglang=package not installed,1,3.12.3,152.94071568154783,"measured on this device: NVIDIA H200 (measured), 669.6 TFLOP/s bf16 over 4378.2 GB/s (triad pattern); calibrated 2026-09-23 at 33d28339",,200.0,2.13.0,3.7.1,2026-09-23T20:01:03+00:00,0.27.1,300.0
native,7,32,5,160,640,1,8,2.661871910095215,2.659071922302246,0.021943641074954664,60,3,317.751104593277,"scripts/clock_elasticity.py: bursts of N back-to-back fused_experts calls under one pinned tile, each call L2-flushed and bracketed by its own pre-primed event pair, the FIRST call of every burst discarded as a drained-queue launch, a host-side idle gap after each burst setting the sustained duty cycle, and the SM clock, board power and memory clock read through NVML with the burst still in flight; NOT timing.TIMING_BASIS",1965.0,False,high,True,True,ok,"LEVEL HIGH (recorded, never an exclusion here): loaded clock 1965 MHz against the 1470 MHz reference. At a duty cycle below 1.0 a HIGH reading is the experiment working, not a cell to drop.",0.25,305.476,0.226151437338034,13,118.30665636062622,2.6613121032714844,2.662911891937256,True,1965 1905 1920 1965 1950 1800 1965 1965 1965 1965 1950 1965 1965 1965 1920,False,4378.152248569231,"measured on this device: NVIDIA H200 (measured), 4378.2 GB/s (triad pattern)",13.0,580.159.04,True,1,33d28339d8e211bd7fb8caf92bd340b82ae40abb,NVIDIA H200,421a523e82cb,"scripts/clock_elasticity.py: bursts of N back-to-back fused_experts calls under one pinned tile, each call L2-flushed and bracketed by its own pre-primed event pair, the FIRST call of every burst discarded as a drained-queue launch, a host-side idle gap after each burst setting the sustained duty cycle, and the SM clock, board power and memory clock read through NVML with the burst still in flight; NOT timing.TIMING_BASIS | duty 0.25",,iters=supplied as None; sglang=package not installed,1,3.12.3,152.94071568154783,"measured on this device: NVIDIA H200 (measured), 669.6 TFLOP/s bf16 over 4378.2 GB/s (triad pattern); calibrated 2026-09-23 at 33d28339",,200.0,2.13.0,3.7.1,2026-09-23T20:01:03+00:00,0.27.1,300.0
shared,7,32,4,128,512,1,72,2.1485440731048584,2.130239963531494,0.007160207300434149,80,3,333.15503883361816,"scripts/clock_elasticity.py: bursts of N back-to-back fused_experts calls under one pinned tile, each call L2-flushed and bracketed by its own pre-primed event pair, the FIRST call of every burst discarded as a drained-queue launch, a host-side idle gap after each burst setting the sustained duty cycle, and the SM clock, board power and memory clock read through NVML with the burst still in flight; NOT timing.TIMING_BASIS",1965.0,False,high,True,True,ok,"LEVEL HIGH (recorded, never an exclusion here): loaded clock 1965 MHz against the 1470 MHz reference. At a duty cycle below 1.0 a HIGH reading is the experiment working, not a cell to drop.",0.25,295.618,0.2374693492063544,17,117.37751948833466,2.1490079164505005,2.148591995239258,True,1950 1965 1965 1965 1965 1965 1965 1980 1980 1965 1965 1965 1965 1965 1965,False,4378.152248569231,"measured on this device: NVIDIA H200 (measured), 4378.2 GB/s (triad pattern)",13.0,580.159.04,True,1,33d28339d8e211bd7fb8caf92bd340b82ae40abb,NVIDIA H200,421a523e82cb,"scripts/clock_elasticity.py: bursts of N back-to-back fused_experts calls under one pinned tile, each call L2-flushed and bracketed by its own pre-primed event pair, the FIRST call of every burst discarded as a drained-queue launch, a host-side idle gap after each burst setting the sustained duty cycle, and the SM clock, board power and memory clock read through NVML with the burst still in flight; NOT timing.TIMING_BASIS | duty 0.25",,iters=supplied as None; sglang=package not installed,1,3.12.3,152.94071568154783,"measured on this device: NVIDIA H200 (measured), 669.6 TFLOP/s bf16 over 4378.2 GB/s (triad pattern); calibrated 2026-09-23 at 33d28339",,200.0,2.13.0,3.7.1,2026-09-23T20:01:03+00:00,0.27.1,300.0
private,7,32,4,128,512,4,72,2.8463680744171143,2.839776039123535,0.003602595769337218,65,3,440.63232016563416,"scripts/clock_elasticity.py: bursts of N back-to-back fused_experts calls under one pinned tile, each call L2-flushed and bracketed by its own pre-primed event pair, the FIRST call of every burst discarded as a drained-queue launch, a host-side idle gap after each burst setting the sustained duty cycle, and the SM clock, board power and memory clock read through NVML with the burst still in flight; NOT timing.TIMING_BASIS",1950.0,False,high,True,True,ok,"LEVEL HIGH (recorded, never an exclusion here): loaded clock 1950 MHz against the 1470 MHz reference. At a duty cycle below 1.0 a HIGH reading is the experiment working, not a cell to drop.",0.25,315.919,0.24605431500499536,14,121.67030310630798,2.846496105194092,2.8471360206604004,True,1950 1950 1965 1935 1965 1905 1965 1965 1860 1950 1965 1935 1965 1920 1965,False,4378.152248569231,"measured on this device: NVIDIA H200 (measured), 4378.2 GB/s (triad pattern)",13.0,580.159.04,True,1,33d28339d8e211bd7fb8caf92bd340b82ae40abb,NVIDIA H200,421a523e82cb,"scripts/clock_elasticity.py: bursts of N back-to-back fused_experts calls under one pinned tile, each call L2-flushed and bracketed by its own pre-primed event pair, the FIRST call of every burst discarded as a drained-queue launch, a host-side idle gap after each burst setting the sustained duty cycle, and the SM clock, board power and memory clock read through NVML with the burst still in flight; NOT timing.TIMING_BASIS | duty 0.25",,iters=supplied as None; sglang=package not installed,1,3.12.3,152.94071568154783,"measured on this device: NVIDIA H200 (measured), 669.6 TFLOP/s bf16 over 4378.2 GB/s (triad pattern); calibrated 2026-09-23 at 33d28339",,200.0,2.13.0,3.7.1,2026-09-23T20:01:03+00:00,0.27.1,300.0
native,7,32,4,128,512,1,8,2.122640013694763,2.1184959411621094,0.004963286152460998,80,3,330.5962245464325,"scripts/clock_elasticity.py: bursts of N back-to-back fused_experts calls under one pinned tile, each call L2-flushed and bracketed by its own pre-primed event pair, the FIRST call of every burst discarded as a drained-queue launch, a host-side idle gap after each burst setting the sustained duty cycle, and the SM clock, board power and memory clock read through NVML with the burst still in flight; NOT timing.TIMING_BASIS",1965.0,False,high,True,True,ok,"LEVEL HIGH (recorded, never an exclusion here): loaded clock 1965 MHz against the 1470 MHz reference. At a duty cycle below 1.0 a HIGH reading is the experiment working, not a cell to drop.",0.25,294.426,0.23360595901268694,17,117.77980542182922,2.123535990715027,2.1223039627075195,True,1965 1935 1965 1965 1965 1965 1950 1965 1950 1965 1920 1965 1965 1965 1965,False,4378.152248569231,"measured on this device: NVIDIA H200 (measured), 4378.2 GB/s (triad pattern)",13.0,580.159.04,True,1,33d28339d8e211bd7fb8caf92bd340b82ae40abb,NVIDIA H200,421a523e82cb,"scripts/clock_elasticity.py: bursts of N back-to-back fused_experts calls under one pinned tile, each call L2-flushed and bracketed by its own pre-primed event pair, the FIRST call of every burst discarded as a drained-queue launch, a host-side idle gap after each burst setting the sustained duty cycle, and the SM clock, board power and memory clock read through NVML with the burst still in flight; NOT timing.TIMING_BASIS | duty 0.25",,iters=supplied as None; sglang=package not installed,1,3.12.3,152.94071568154783,"measured on this device: NVIDIA H200 (measured), 669.6 TFLOP/s bf16 over 4378.2 GB/s (triad pattern); calibrated 2026-09-23 at 33d28339",,200.0,2.13.0,3.7.1,2026-09-23T20:01:03+00:00,0.27.1,300.0
shared,7,32,3,96,384,1,72,1.6222559809684753,1.6177279949188232,0.022122102704711696,100,3,314.134335398674,"scripts/clock_elasticity.py: bursts of N back-to-back fused_experts calls under one pinned tile, each call L2-flushed and bracketed by its own pre-primed event pair, the FIRST call of every burst discarded as a drained-queue launch, a host-side idle gap after each burst setting the sustained duty cycle, and the SM clock, board power and memory clock read through NVML with the burst still in flight; NOT timing.TIMING_BASIS",1950.0,False,high,True,True,ok,"LEVEL HIGH (recorded, never an exclusion here): loaded clock 1950 MHz against the 1470 MHz reference. At a duty cycle below 1.0 a HIGH reading is the experiment working, not a cell to drop.",0.25,303.78,0.22192709667161706,21,118.95911872386932,1.62118399143219,1.6239999532699585,True,1920 1950 1965 1965 1965 1935 1965 1935 1950 1920 1950 1965 1965 1965 1920,False,4378.152248569231,"measured on this device: NVIDIA H200 (measured), 4378.2 GB/s (triad pattern)",13.0,580.159.04,True,1,33d28339d8e211bd7fb8caf92bd340b82ae40abb,NVIDIA H200,421a523e82cb,"scripts/clock_elasticity.py: bursts of N back-to-back fused_experts calls under one pinned tile, each call L2-flushed and bracketed by its own pre-primed event pair, the FIRST call of every burst discarded as a drained-queue launch, a host-side idle gap after each burst setting the sustained duty cycle, and the SM clock, board power and memory clock read through NVML with the burst still in flight; NOT timing.TIMING_BASIS | duty 0.25",,iters=supplied as None; sglang=package not installed,1,3.12.3,152.94071568154783,"measured on this device: NVIDIA H200 (measured), 669.6 TFLOP/s bf16 over 4378.2 GB/s (triad pattern); calibrated 2026-09-23 at 33d28339",,200.0,2.13.0,3.7.1,2026-09-23T20:01:03+00:00,0.27.1,300.0
private,7,32,3,96,384,3,72,2.1408960819244385,2.1341118812561035,0.0039700495807949085,85,3,349.3330247402191,"scripts/clock_elasticity.py: bursts of N back-to-back fused_experts calls under one pinned tile, each call L2-flushed and bracketed by its own pre-primed event pair, the FIRST call of every burst discarded as a drained-queue launch, a host-side idle gap after each burst setting the sustained duty cycle, and the SM clock, board power and memory clock read through NVML with the burst still in flight; NOT timing.TIMING_BASIS",1965.0,False,high,True,True,ok,"LEVEL HIGH (recorded, never an exclusion here): loaded clock 1965 MHz against the 1470 MHz reference. At a duty cycle below 1.0 a HIGH reading is the experiment working, not a cell to drop.",0.25,313.101,0.24627793582490734,18,117.1549437046051,2.140463948249817,2.1415520906448364,True,1965 1935 1965 1965 1935 1965 1875 1965 1920 1965 1965 1935 1965 1875 1965,False,4378.152248569231,"measured on this device: NVIDIA H200 (measured), 4378.2 GB/s (triad pattern)",13.0,580.159.04,True,1,33d28339d8e211bd7fb8caf92bd340b82ae40abb,NVIDIA H200,421a523e82cb,"scripts/clock_elasticity.py: bursts of N back-to-back fused_experts calls under one pinned tile, each call L2-flushed and bracketed by its own pre-primed event pair, the FIRST call of every burst discarded as a drained-queue launch, a host-side idle gap after each burst setting the sustained duty cycle, and the SM clock, board power and memory clock read through NVML with the burst still in flight; NOT timing.TIMING_BASIS | duty 0.25",,iters=supplied as None; sglang=package not installed,1,3.12.3,152.94071568154783,"measured on this device: NVIDIA H200 (measured), 669.6 TFLOP/s bf16 over 4378.2 GB/s (triad pattern); calibrated 2026-09-23 at 33d28339",,200.0,2.13.0,3.7.1,2026-09-23T20:01:03+00:00,0.27.1,300.0
native,7,32,3,96,384,1,8,1.6324479579925537,1.6285760402679443,0.013304398258878743,100,3,419.3114881515503,"scripts/clock_elasticity.py: bursts of N back-to-back fused_experts calls under one pinned tile, each call L2-flushed and bracketed by its own pre-primed event pair, the FIRST call of every burst discarded as a drained-queue launch, a host-side idle gap after each burst setting the sustained duty cycle, and the SM clock, board power and memory clock read through NVML with the burst still in flight; NOT timing.TIMING_BASIS",1965.0,False,high,True,True,ok,"LEVEL HIGH (recorded, never an exclusion here): loaded clock 1965 MHz against the 1470 MHz reference. At a duty cycle below 1.0 a HIGH reading is the experiment working, not a cell to drop.",0.25,302.325,0.2243162748860688,21,117.93902152776718,1.631775975227356,1.633471965789795,True,1965 1965 1965 1965 1920 1965 1950 1965 1905 1965 1965 1965 1965 1965 1965,False,4378.152248569231,"measured on this device: NVIDIA H200 (measured), 4378.2 GB/s (triad pattern)",13.0,580.159.04,True,1,33d28339d8e211bd7fb8caf92bd340b82ae40abb,NVIDIA H200,421a523e82cb,"scripts/clock_elasticity.py: bursts of N back-to-back fused_experts calls under one pinned tile, each call L2-flushed and bracketed by its own pre-primed event pair, the FIRST call of every burst discarded as a drained-queue launch, a host-side idle gap after each burst setting the sustained duty cycle, and the SM clock, board power and memory clock read through NVML with the burst still in flight; NOT timing.TIMING_BASIS | duty 0.25",,iters=supplied as None; sglang=package not installed,1,3.12.3,152.94071568154783,"measured on this device: NVIDIA H200 (measured), 669.6 TFLOP/s bf16 over 4378.2 GB/s (triad pattern); calibrated 2026-09-23 at 33d28339",,200.0,2.13.0,3.7.1,2026-09-23T20:01:03+00:00,0.27.1,300.0
shared,7,32,2,64,256,1,72,1.0997120141983032,1.09552001953125,0.005127895497620599,155,3,467.6381758451462,"scripts/clock_elasticity.py: bursts of N back-to-back fused_experts calls under one pinned tile, each call L2-flushed and bracketed by its own pre-primed event pair, the FIRST call of every burst discarded as a drained-queue launch, a host-side idle gap after each burst setting the sustained duty cycle, and the SM clock, board power and memory clock read through NVML with the burst still in flight; NOT timing.TIMING_BASIS",1950.0,False,high,True,True,ok,"LEVEL HIGH (recorded, never an exclusion here): loaded clock 1950 MHz against the 1470 MHz reference. At a duty cycle below 1.0 a HIGH reading is the experiment working, not a cell to drop.",0.25,307.222,0.22288441960451133,32,121.58361053466797,1.1002240180969238,1.099519968032837,True,1950 1965 1965 1950 1965 1935 1965 1905 1950 1950 1935 1965 1875 1965 1965,False,4378.152248569231,"measured on this device: NVIDIA H200 (measured), 4378.2 GB/s (triad pattern)",13.0,580.159.04,True,1,33d28339d8e211bd7fb8caf92bd340b82ae40abb,NVIDIA H200,421a523e82cb,"scripts/clock_elasticity.py: bursts of N back-to-back fused_experts calls under one pinned tile, each call L2-flushed and bracketed by its own pre-primed event pair, the FIRST call of every burst discarded as a drained-queue launch, a host-side idle gap after each burst setting the sustained duty cycle, and the SM clock, board power and memory clock read through NVML with the burst still in flight; NOT timing.TIMING_BASIS | duty 0.25",,iters=supplied as None; sglang=package not installed,1,3.12.3,152.94071568154783,"measured on this device: NVIDIA H200 (measured), 669.6 TFLOP/s bf16 over 4378.2 GB/s (triad pattern); calibrated 2026-09-23 at 33d28339",,200.0,2.13.0,3.7.1,2026-09-23T20:01:03+00:00,0.27.1,300.0
private,7,32,2,64,256,2,72,1.4351040124893188,1.4294719696044922,0.0028356644105859657,135,3,364.6682879924774,"scripts/clock_elasticity.py: bursts of N back-to-back fused_experts calls under one pinned tile, each call L2-flushed and bracketed by its own pre-primed event pair, the FIRST call of every burst discarded as a drained-queue launch, a host-side idle gap after each burst setting the sustained duty cycle, and the SM clock, board power and memory clock read through NVML with the burst still in flight; NOT timing.TIMING_BASIS",1950.0,False,high,True,True,ok,"LEVEL HIGH (recorded, never an exclusion here): loaded clock 1950 MHz against the 1470 MHz reference. At a duty cycle below 1.0 a HIGH reading is the experiment working, not a cell to drop.",0.25,318.391,0.24577289074524666,28,122.07821130752563,1.4351199865341187,1.4360960125923157,True,1935 1965 1920 1965 1965 1905 1950 1965 1875 1950 1965 1950 1965 1965 1935,False,4378.152248569231,"measured on this device: NVIDIA H200 (measured), 4378.2 GB/s (triad pattern)",13.0,580.159.04,True,1,33d28339d8e211bd7fb8caf92bd340b82ae40abb,NVIDIA H200,421a523e82cb,"scripts/clock_elasticity.py: bursts of N back-to-back fused_experts calls under one pinned tile, each call L2-flushed and bracketed by its own pre-primed event pair, the FIRST call of every burst discarded as a drained-queue launch, a host-side idle gap after each burst setting the sustained duty cycle, and the SM clock, board power and memory clock read through NVML with the burst still in flight; NOT timing.TIMING_BASIS | duty 0.25",,iters=supplied as None; sglang=package not installed,1,3.12.3,152.94071568154783,"measured on this device: NVIDIA H200 (measured), 669.6 TFLOP/s bf16 over 4378.2 GB/s (triad pattern); calibrated 2026-09-23 at 33d28339",,200.0,2.13.0,3.7.1,2026-09-23T20:01:03+00:00,0.27.1,300.0
native,7,32,2,64,256,1,8,1.102239966392517,1.0983359813690186,0.007806369981348858,155,3,359.16803228855133,"scripts/clock_elasticity.py: bursts of N back-to-back fused_experts calls under one pinned tile, each call L2-flushed and bracketed by its own pre-primed event pair, the FIRST call of every burst discarded as a drained-queue launch, a host-side idle gap after each burst setting the sustained duty cycle, and the SM clock, board power and memory clock read through NVML with the burst still in flight; NOT timing.TIMING_BASIS",1965.0,False,high,True,True,ok,"LEVEL HIGH (recorded, never an exclusion here): loaded clock 1965 MHz against the 1470 MHz reference. At a duty cycle below 1.0 a HIGH reading is the experiment working, not a cell to drop.",0.25,307.137,0.22494862707309596,32,120.09983825683594,1.101631999015808,1.1021759510040283,True,1950 1965 1950 1965 1965 1965 1935 1950 1965 1935 1965 1965 1950 1965 1965,False,4378.152248569231,"measured on this device: NVIDIA H200 (measured), 4378.2 GB/s (triad pattern)",13.0,580.159.04,True,1,33d28339d8e211bd7fb8caf92bd340b82ae40abb,NVIDIA H200,421a523e82cb,"scripts/clock_elasticity.py: bursts of N back-to-back fused_experts calls under one pinned tile, each call L2-flushed and bracketed by its own pre-primed event pair, the FIRST call of every burst discarded as a drained-queue launch, a host-side idle gap after each burst setting the sustained duty cycle, and the SM clock, board power and memory clock read through NVML with the burst still in flight; NOT timing.TIMING_BASIS | duty 0.25",,iters=supplied as None; sglang=package not installed,1,3.12.3,152.94071568154783,"measured on this device: NVIDIA H200 (measured), 669.6 TFLOP/s bf16 over 4378.2 GB/s (triad pattern); calibrated 2026-09-23 at 33d28339",,200.0,2.13.0,3.7.1,2026-09-23T20:01:03+00:00,0.27.1,300.0
shared,7,32,1,32,128,1,72,0.7424319982528687,0.7303360104560852,0.004275170656068674,260,3,397.8874244093895,"scripts/clock_elasticity.py: bursts of N back-to-back fused_experts calls under one pinned tile, each call L2-flushed and bracketed by its own pre-primed event pair, the FIRST call of every burst discarded as a drained-queue launch, a host-side idle gap after each burst setting the sustained duty cycle, and the SM clock, board power and memory clock read through NVML with the burst still in flight; NOT timing.TIMING_BASIS",1965.0,False,high,True,True,ok,"LEVEL HIGH (recorded, never an exclusion here): loaded clock 1965 MHz against the 1470 MHz reference. At a duty cycle below 1.0 a HIGH reading is the experiment working, not a cell to drop.",0.25,297.031,0.24280322481441996,53,119.47641357779503,0.7423999905586243,0.7434239983558655,True,1920 1965 1935 1965 1965 1965 1980 1980 1950 1965 1965 1980 1980 1980 1935,False,4378.152248569231,"measured on this device: NVIDIA H200 (measured), 4378.2 GB/s (triad pattern)",13.0,580.159.04,True,1,33d28339d8e211bd7fb8caf92bd340b82ae40abb,NVIDIA H200,421a523e82cb,"scripts/clock_elasticity.py: bursts of N back-to-back fused_experts calls under one pinned tile, each call L2-flushed and bracketed by its own pre-primed event pair, the FIRST call of every burst discarded as a drained-queue launch, a host-side idle gap after each burst setting the sustained duty cycle, and the SM clock, board power and memory clock read through NVML with the burst still in flight; NOT timing.TIMING_BASIS | duty 0.25",,iters=supplied as None; sglang=package not installed,1,3.12.3,152.94071568154783,"measured on this device: NVIDIA H200 (measured), 669.6 TFLOP/s bf16 over 4378.2 GB/s (triad pattern); calibrated 2026-09-23 at 33d28339",,200.0,2.13.0,3.7.1,2026-09-23T20:01:03+00:00,0.27.1,300.0
private,7,32,1,32,128,1,72,0.7425280213356018,0.7311999797821045,0.003907757298047191,260,3,711.6891840696335,"scripts/clock_elasticity.py: bursts of N back-to-back fused_experts calls under one pinned tile, each call L2-flushed and bracketed by its own pre-primed event pair, the FIRST call of every burst discarded as a drained-queue launch, a host-side idle gap after each burst setting the sustained duty cycle, and the SM clock, board power and memory clock read through NVML with the burst still in flight; NOT timing.TIMING_BASIS",1965.0,False,high,True,True,ok,"LEVEL HIGH (recorded, never an exclusion here): loaded clock 1965 MHz against the 1470 MHz reference. At a duty cycle below 1.0 a HIGH reading is the experiment working, not a cell to drop.",0.25,310.429,0.24168512695489522,53,120.26759827136993,0.7425280213356018,0.7431039810180664,True,1905 1965 1965 1965 1980 1980 1950 1965 1920 1950 1965 1980 1980 1980 1980,False,4378.152248569231,"measured on this device: NVIDIA H200 (measured), 4378.2 GB/s (triad pattern)",13.0,580.159.04,True,1,33d28339d8e211bd7fb8caf92bd340b82ae40abb,NVIDIA H200,421a523e82cb,"scripts/clock_elasticity.py: bursts of N back-to-back fused_experts calls under one pinned tile, each call L2-flushed and bracketed by its own pre-primed event pair, the FIRST call of every burst discarded as a drained-queue launch, a host-side idle gap after each burst setting the sustained duty cycle, and the SM clock, board power and memory clock read through NVML with the burst still in flight; NOT timing.TIMING_BASIS | duty 0.25",,iters=supplied as None; sglang=package not installed,1,3.12.3,152.94071568154783,"measured on this device: NVIDIA H200 (measured), 669.6 TFLOP/s bf16 over 4378.2 GB/s (triad pattern); calibrated 2026-09-23 at 33d28339",,200.0,2.13.0,3.7.1,2026-09-23T20:01:03+00:00,0.27.1,300.0
native,7,32,1,32,128,1,8,0.7435200214385986,0.7300480008125305,0.004049816565774143,260,3,356.1431362628937,"scripts/clock_elasticity.py: bursts of N back-to-back fused_experts calls under one pinned tile, each call L2-flushed and bracketed by its own pre-primed event pair, the FIRST call of every burst discarded as a drained-queue launch, a host-side idle gap after each burst setting the sustained duty cycle, and the SM clock, board power and memory clock read through NVML with the burst still in flight; NOT timing.TIMING_BASIS",1965.0,False,high,True,True,ok,"LEVEL HIGH (recorded, never an exclusion here): loaded clock 1965 MHz against the 1470 MHz reference. At a duty cycle below 1.0 a HIGH reading is the experiment working, not a cell to drop.",0.25,308.75,0.24266905026484398,53,119.56545603275299,0.743615984916687,0.7437120079994202,True,1950 1905 1965 1980 1950 1950 1965 1965 1965 1860 1965 1965 1905 1965 1965,False,4378.152248569231,"measured on this device: NVIDIA H200 (measured), 4378.2 GB/s (triad pattern)",13.0,580.159.04,True,1,33d28339d8e211bd7fb8caf92bd340b82ae40abb,NVIDIA H200,421a523e82cb,"scripts/clock_elasticity.py: bursts of N back-to-back fused_experts calls under one pinned tile, each call L2-flushed and bracketed by its own pre-primed event pair, the FIRST call of every burst discarded as a drained-queue launch, a host-side idle gap after each burst setting the sustained duty cycle, and the SM clock, board power and memory clock read through NVML with the burst still in flight; NOT timing.TIMING_BASIS | duty 0.25",,iters=supplied as None; sglang=package not installed,1,3.12.3,152.94071568154783,"measured on this device: NVIDIA H200 (measured), 669.6 TFLOP/s bf16 over 4378.2 GB/s (triad pattern); calibrated 2026-09-23 at 33d28339",,200.0,2.13.0,3.7.1,2026-09-23T20:01:03+00:00,0.27.1,300.0
private,8,32,1,32,128,1,72,0.7441119849681854,0.7300800085067749,0.003595595403596369,260,3,356.98739218711853,"scripts/clock_elasticity.py: bursts of N back-to-back fused_experts calls under one pinned tile, each call L2-flushed and bracketed by its own pre-primed event pair, the FIRST call of every burst discarded as a drained-queue launch, a host-side idle gap after each burst setting the sustained duty cycle, and the SM clock, board power and memory clock read through NVML with the burst still in flight; NOT timing.TIMING_BASIS",1965.0,False,high,True,True,ok,"LEVEL HIGH (recorded, never an exclusion here): loaded clock 1965 MHz against the 1470 MHz reference. At a duty cycle below 1.0 a HIGH reading is the experiment working, not a cell to drop.",0.25,311.478,0.24302705741146113,53,119.65704309940338,0.744159996509552,0.7439039945602417,True,1920 1965 1965 1980 1980 1935 1935 1965 1950 1965 1875 1965 1965 1965 1935,False,4378.152248569231,"measured on this device: NVIDIA H200 (measured), 4378.2 GB/s (triad pattern)",13.0,580.159.04,True,1,33d28339d8e211bd7fb8caf92bd340b82ae40abb,NVIDIA H200,421a523e82cb,"scripts/clock_elasticity.py: bursts of N back-to-back fused_experts calls under one pinned tile, each call L2-flushed and bracketed by its own pre-primed event pair, the FIRST call of every burst discarded as a drained-queue launch, a host-side idle gap after each burst setting the sustained duty cycle, and the SM clock, board power and memory clock read through NVML with the burst still in flight; NOT timing.TIMING_BASIS | duty 0.25",,iters=supplied as None; sglang=package not installed,1,3.12.3,152.94071568154783,"measured on this device: NVIDIA H200 (measured), 669.6 TFLOP/s bf16 over 4378.2 GB/s (triad pattern); calibrated 2026-09-23 at 33d28339",,200.0,2.13.0,3.7.1,2026-09-23T20:01:03+00:00,0.27.1,300.0
native,8,32,1,32,128,1,8,0.7443199753761292,0.7332800030708313,0.0033432432891486582,260,3,357.2400327324867,"scripts/clock_elasticity.py: bursts of N back-to-back fused_experts calls under one pinned tile, each call L2-flushed and bracketed by its own pre-primed event pair, the FIRST call of every burst discarded as a drained-queue launch, a host-side idle gap after each burst setting the sustained duty cycle, and the SM clock, board power and memory clock read through NVML with the burst still in flight; NOT timing.TIMING_BASIS",1965.0,False,high,True,True,ok,"LEVEL HIGH (recorded, never an exclusion here): loaded clock 1965 MHz against the 1470 MHz reference. At a duty cycle below 1.0 a HIGH reading is the experiment working, not a cell to drop.",0.25,307.267,0.24203964841942693,53,120.18364977836609,0.7444480061531067,0.7453439831733704,True,1965 1950 1965 1965 1965 1965 1905 1950 1965 1965 1965 1980 1980 1980 1980,False,4378.152248569231,"measured on this device: NVIDIA H200 (measured), 4378.2 GB/s (triad pattern)",13.0,580.159.04,True,1,33d28339d8e211bd7fb8caf92bd340b82ae40abb,NVIDIA H200,421a523e82cb,"scripts/clock_elasticity.py: bursts of N back-to-back fused_experts calls under one pinned tile, each call L2-flushed and bracketed by its own pre-primed event pair, the FIRST call of every burst discarded as a drained-queue launch, a host-side idle gap after each burst setting the sustained duty cycle, and the SM clock, board power and memory clock read through NVML with the burst still in flight; NOT timing.TIMING_BASIS | duty 0.25",,iters=supplied as None; sglang=package not installed,1,3.12.3,152.94071568154783,"measured on this device: NVIDIA H200 (measured), 669.6 TFLOP/s bf16 over 4378.2 GB/s (triad pattern); calibrated 2026-09-23 at 33d28339",,200.0,2.13.0,3.7.1,2026-09-23T20:01:03+00:00,0.27.1,300.0
shared,8,32,1,32,128,1,72,0.7440959811210632,0.7292799949645996,0.004016573330547654,260,3,316.72335970401764,"scripts/clock_elasticity.py: bursts of N back-to-back fused_experts calls under one pinned tile, each call L2-flushed and bracketed by its own pre-primed event pair, the FIRST call of every burst discarded as a drained-queue launch, a host-side idle gap after each burst setting the sustained duty cycle, and the SM clock, board power and memory clock read through NVML with the burst still in flight; NOT timing.TIMING_BASIS",1950.0,False,high,False,True,ok,"LEVEL HIGH (recorded, never an exclusion here): loaded clock 1950 MHz against the 1470 MHz reference. At a duty cycle below 1.0 a HIGH reading is the experiment working, not a cell to drop.; DRIFT failed, oscillating: 1830 -> 1950 MHz over 15 bursts; this cell is EXCLUDED",0.25,318.065,0.24315243477900245,53,119.44843232631683,0.7433919906616211,0.7448639869689941,True,1830 1935 1965 1950 1965 1890 1920 1965 1965 1950 1965 1980 1980 1665 1950,False,4378.152248569231,"measured on this device: NVIDIA H200 (measured), 4378.2 GB/s (triad pattern)",13.0,580.159.04,True,1,33d28339d8e211bd7fb8caf92bd340b82ae40abb,NVIDIA H200,421a523e82cb,"scripts/clock_elasticity.py: bursts of N back-to-back fused_experts calls under one pinned tile, each call L2-flushed and bracketed by its own pre-primed event pair, the FIRST call of every burst discarded as a drained-queue launch, a host-side idle gap after each burst setting the sustained duty cycle, and the SM clock, board power and memory clock read through NVML with the burst still in flight; NOT timing.TIMING_BASIS | duty 0.25",,iters=supplied as None; sglang=package not installed,1,3.12.3,152.94071568154783,"measured on this device: NVIDIA H200 (measured), 669.6 TFLOP/s bf16 over 4378.2 GB/s (triad pattern); calibrated 2026-09-23 at 33d28339",,200.0,2.13.0,3.7.1,2026-09-23T20:01:03+00:00,0.27.1,300.0
private,8,32,2,64,256,2,72,1.4351040124893188,1.428928017616272,0.0030896116550908686,135,3,403.66956853866577,"scripts/clock_elasticity.py: bursts of N back-to-back fused_experts calls under one pinned tile, each call L2-flushed and bracketed by its own pre-primed event pair, the FIRST call of every burst discarded as a drained-queue launch, a host-side idle gap after each burst setting the sustained duty cycle, and the SM clock, board power and memory clock read through NVML with the burst still in flight; NOT timing.TIMING_BASIS",1950.0,False,high,True,True,ok,"LEVEL HIGH (recorded, never an exclusion here): loaded clock 1950 MHz against the 1470 MHz reference. At a duty cycle below 1.0 a HIGH reading is the experiment working, not a cell to drop.",0.25,318.334,0.24521187600342872,28,122.13196420669556,1.4349119663238525,1.4357759952545166,True,1950 1950 1800 1935 1965 1920 1935 1965 1920 1965 1965 1905 1950 1965 1935,False,4378.152248569231,"measured on this device: NVIDIA H200 (measured), 4378.2 GB/s (triad pattern)",13.0,580.159.04,True,1,33d28339d8e211bd7fb8caf92bd340b82ae40abb,NVIDIA H200,421a523e82cb,"scripts/clock_elasticity.py: bursts of N back-to-back fused_experts calls under one pinned tile, each call L2-flushed and bracketed by its own pre-primed event pair, the FIRST call of every burst discarded as a drained-queue launch, a host-side idle gap after each burst setting the sustained duty cycle, and the SM clock, board power and memory clock read through NVML with the burst still in flight; NOT timing.TIMING_BASIS | duty 0.25",,iters=supplied as None; sglang=package not installed,1,3.12.3,152.94071568154783,"measured on this device: NVIDIA H200 (measured), 669.6 TFLOP/s bf16 over 4378.2 GB/s (triad pattern); calibrated 2026-09-23 at 33d28339",,200.0,2.13.0,3.7.1,2026-09-23T20:01:03+00:00,0.27.1,300.0
native,8,32,2,64,256,1,8,1.1049920320510864,1.1016639471054077,0.014835806638979545,155,3,324.06368017196655,"scripts/clock_elasticity.py: bursts of N back-to-back fused_experts calls under one pinned tile, each call L2-flushed and bracketed by its own pre-primed event pair, the FIRST call of every burst discarded as a drained-queue launch, a host-side idle gap after each burst setting the sustained duty cycle, and the SM clock, board power and memory clock read through NVML with the burst still in flight; NOT timing.TIMING_BASIS",1965.0,False,high,True,True,ok,"LEVEL HIGH (recorded, never an exclusion here): loaded clock 1965 MHz against the 1470 MHz reference. At a duty cycle below 1.0 a HIGH reading is the experiment working, not a cell to drop.",0.25,305.567,0.2254115937657507,32,120.18892478942871,1.1048959493637085,1.1057599782943726,True,1965 1965 1950 1965 1905 1950 1965 1935 1965 1905 1965 1965 1965 1965 1950,False,4378.152248569231,"measured on this device: NVIDIA H200 (measured), 4378.2 GB/s (triad pattern)",13.0,580.159.04,True,1,33d28339d8e211bd7fb8caf92bd340b82ae40abb,NVIDIA H200,421a523e82cb,"scripts/clock_elasticity.py: bursts of N back-to-back fused_experts calls under one pinned tile, each call L2-flushed and bracketed by its own pre-primed event pair, the FIRST call of every burst discarded as a drained-queue launch, a host-side idle gap after each burst setting the sustained duty cycle, and the SM clock, board power and memory clock read through NVML with the burst still in flight; NOT timing.TIMING_BASIS | duty 0.25",,iters=supplied as None; sglang=package not installed,1,3.12.3,152.94071568154783,"measured on this device: NVIDIA H200 (measured), 669.6 TFLOP/s bf16 over 4378.2 GB/s (triad pattern); calibrated 2026-09-23 at 33d28339",,200.0,2.13.0,3.7.1,2026-09-23T20:01:03+00:00,0.27.1,300.0
shared,8,32,2,64,256,1,72,1.1046719551086426,1.1016000509262085,0.0030520986723402625,155,3,538.1993925571442,"scripts/clock_elasticity.py: bursts of N back-to-back fused_experts calls under one pinned tile, each call L2-flushed and bracketed by its own pre-primed event pair, the FIRST call of every burst discarded as a drained-queue launch, a host-side idle gap after each burst setting the sustained duty cycle, and the SM clock, board power and memory clock read through NVML with the burst still in flight; NOT timing.TIMING_BASIS",1950.0,False,high,True,True,ok,"LEVEL HIGH (recorded, never an exclusion here): loaded clock 1950 MHz against the 1470 MHz reference. At a duty cycle below 1.0 a HIGH reading is the experiment working, not a cell to drop.",0.25,309.704,0.22358337146683233,32,121.39315223693848,1.104640007019043,1.1046080589294434,True,1950 1965 1935 1965 1875 1950 1965 1920 1965 1860 1950 1965 1950 1965 1950,False,4378.152248569231,"measured on this device: NVIDIA H200 (measured), 4378.2 GB/s (triad pattern)",13.0,580.159.04,True,1,33d28339d8e211bd7fb8caf92bd340b82ae40abb,NVIDIA H200,421a523e82cb,"scripts/clock_elasticity.py: bursts of N back-to-back fused_experts calls under one pinned tile, each call L2-flushed and bracketed by its own pre-primed event pair, the FIRST call of every burst discarded as a drained-queue launch, a host-side idle gap after each burst setting the sustained duty cycle, and the SM clock, board power and memory clock read through NVML with the burst still in flight; NOT timing.TIMING_BASIS | duty 0.25",,iters=supplied as None; sglang=package not installed,1,3.12.3,152.94071568154783,"measured on this device: NVIDIA H200 (measured), 669.6 TFLOP/s bf16 over 4378.2 GB/s (triad pattern); calibrated 2026-09-23 at 33d28339",,200.0,2.13.0,3.7.1,2026-09-23T20:01:03+00:00,0.27.1,300.0
private,8,32,3,96,384,3,72,2.143199920654297,2.133568048477173,0.004261899752670653,85,3,349.15036845207214,"scripts/clock_elasticity.py: bursts of N back-to-back fused_experts calls under one pinned tile, each call L2-flushed and bracketed by its own pre-primed event pair, the FIRST call of every burst discarded as a drained-queue launch, a host-side idle gap after each burst setting the sustained duty cycle, and the SM clock, board power and memory clock read through NVML with the burst still in flight; NOT timing.TIMING_BASIS",1965.0,False,high,True,True,ok,"LEVEL HIGH (recorded, never an exclusion here): loaded clock 1965 MHz against the 1470 MHz reference. At a duty cycle below 1.0 a HIGH reading is the experiment working, not a cell to drop.",0.25,315.943,0.24583033428456985,18,117.72000360488892,2.143728017807007,2.1440800428390503,True,1950 1965 1905 1950 1965 1935 1965 1965 1965 1935 1965 1965 1950 1965 1875,False,4378.152248569231,"measured on this device: NVIDIA H200 (measured), 4378.2 GB/s (triad pattern)",13.0,580.159.04,True,1,33d28339d8e211bd7fb8caf92bd340b82ae40abb,NVIDIA H200,421a523e82cb,"scripts/clock_elasticity.py: bursts of N back-to-back fused_experts calls under one pinned tile, each call L2-flushed and bracketed by its own pre-primed event pair, the FIRST call of every burst discarded as a drained-queue launch, a host-side idle gap after each burst setting the sustained duty cycle, and the SM clock, board power and memory clock read through NVML with the burst still in flight; NOT timing.TIMING_BASIS | duty 0.25",,iters=supplied as None; sglang=package not installed,1,3.12.3,152.94071568154783,"measured on this device: NVIDIA H200 (measured), 669.6 TFLOP/s bf16 over 4378.2 GB/s (triad pattern); calibrated 2026-09-23 at 33d28339",,200.0,2.13.0,3.7.1,2026-09-23T20:01:03+00:00,0.27.1,300.0
native,8,32,3,96,384,1,8,1.6318720579147339,1.6284480094909668,0.02786826177609276,110,3,308.6290246248245,"scripts/clock_elasticity.py: bursts of N back-to-back fused_experts calls under one pinned tile, each call L2-flushed and bracketed by its own pre-primed event pair, the FIRST call of every burst discarded as a drained-queue launch, a host-side idle gap after each burst setting the sustained duty cycle, and the SM clock, board power and memory clock read through NVML with the burst still in flight; NOT timing.TIMING_BASIS",1950.0,False,high,True,True,ok,"LEVEL HIGH (recorded, never an exclusion here): loaded clock 1950 MHz against the 1470 MHz reference. At a duty cycle below 1.0 a HIGH reading is the experiment working, not a cell to drop.",0.25,313.39,0.23545049880644414,23,121.59456360340118,1.6316159963607788,1.632256031036377,True,1965 1965 1950 1965 1845 1935 1965 1920 1965 1875 1950 1965 1935 1950 1905,False,4378.152248569231,"measured on this device: NVIDIA H200 (measured), 4378.2 GB/s (triad pattern)",13.0,580.159.04,True,1,33d28339d8e211bd7fb8caf92bd340b82ae40abb,NVIDIA H200,421a523e82cb,"scripts/clock_elasticity.py: bursts of N back-to-back fused_experts calls under one pinned tile, each call L2-flushed and bracketed by its own pre-primed event pair, the FIRST call of every burst discarded as a drained-queue launch, a host-side idle gap after each burst setting the sustained duty cycle, and the SM clock, board power and memory clock read through NVML with the burst still in flight; NOT timing.TIMING_BASIS | duty 0.25",,iters=supplied as None; sglang=package not installed,1,3.12.3,152.94071568154783,"measured on this device: NVIDIA H200 (measured), 669.6 TFLOP/s bf16 over 4378.2 GB/s (triad pattern); calibrated 2026-09-23 at 33d28339",,200.0,2.13.0,3.7.1,2026-09-23T20:01:03+00:00,0.27.1,300.0
shared,8,32,3,96,384,1,72,1.622223973274231,1.617535948753357,0.01941014036619001,100,3,314.28159856796265,"scripts/clock_elasticity.py: bursts of N back-to-back fused_experts calls under one pinned tile, each call L2-flushed and bracketed by its own pre-primed event pair, the FIRST call of every burst discarded as a drained-queue launch, a host-side idle gap after each burst setting the sustained duty cycle, and the SM clock, board power and memory clock read through NVML with the burst still in flight; NOT timing.TIMING_BASIS",1965.0,False,high,True,True,ok,"LEVEL HIGH (recorded, never an exclusion here): loaded clock 1965 MHz against the 1470 MHz reference. At a duty cycle below 1.0 a HIGH reading is the experiment working, not a cell to drop.",0.25,312.32,0.22395765054654054,21,117.8110066652298,1.6210559606552124,1.624351978302002,True,1965 1965 1965 1965 1920 1965 1950 1965 1890 1965 1965 1935 1965 1950 1965,False,4378.152248569231,"measured on this device: NVIDIA H200 (measured), 4378.2 GB/s (triad pattern)",13.0,580.159.04,True,1,33d28339d8e211bd7fb8caf92bd340b82ae40abb,NVIDIA H200,421a523e82cb,"scripts/clock_elasticity.py: bursts of N back-to-back fused_experts calls under one pinned tile, each call L2-flushed and bracketed by its own pre-primed event pair, the FIRST call of every burst discarded as a drained-queue launch, a host-side idle gap after each burst setting the sustained duty cycle, and the SM clock, board power and memory clock read through NVML with the burst still in flight; NOT timing.TIMING_BASIS | duty 0.25",,iters=supplied as None; sglang=package not installed,1,3.12.3,152.94071568154783,"measured on this device: NVIDIA H200 (measured), 669.6 TFLOP/s bf16 over 4378.2 GB/s (triad pattern); calibrated 2026-09-23 at 33d28339",,200.0,2.13.0,3.7.1,2026-09-23T20:01:03+00:00,0.27.1,300.0
private,8,32,4,128,512,4,72,2.845088005065918,2.8377599716186523,0.004099821793361531,65,3,321.47075152397156,"scripts/clock_elasticity.py: bursts of N back-to-back fused_experts calls under one pinned tile, each call L2-flushed and bracketed by its own pre-primed event pair, the FIRST call of every burst discarded as a drained-queue launch, a host-side idle gap after each burst setting the sustained duty cycle, and the SM clock, board power and memory clock read through NVML with the burst still in flight; NOT timing.TIMING_BASIS",1950.0,False,high,True,True,ok,"LEVEL HIGH (recorded, never an exclusion here): loaded clock 1950 MHz against the 1470 MHz reference. At a duty cycle below 1.0 a HIGH reading is the experiment working, not a cell to drop.",0.25,316.264,0.24692840069193073,14,120.99561309814453,2.8448638916015625,2.8468480110168457,True,1950 1965 1725 1920 1965 1890 1950 1965 1920 1965 1905 1920 1965 1875 1950,False,4378.152248569231,"measured on this device: NVIDIA H200 (measured), 4378.2 GB/s (triad pattern)",13.0,580.159.04,True,1,33d28339d8e211bd7fb8caf92bd340b82ae40abb,NVIDIA H200,421a523e82cb,"scripts/clock_elasticity.py: bursts of N back-to-back fused_experts calls under one pinned tile, each call L2-flushed and bracketed by its own pre-primed event pair, the FIRST call of every burst discarded as a drained-queue launch, a host-side idle gap after each burst setting the sustained duty cycle, and the SM clock, board power and memory clock read through NVML with the burst still in flight; NOT timing.TIMING_BASIS | duty 0.25",,iters=supplied as None; sglang=package not installed,1,3.12.3,152.94071568154783,"measured on this device: NVIDIA H200 (measured), 669.6 TFLOP/s bf16 over 4378.2 GB/s (triad pattern); calibrated 2026-09-23 at 33d28339",,200.0,2.13.0,3.7.1,2026-09-23T20:01:03+00:00,0.27.1,300.0
native,8,32,4,128,512,1,8,2.13809597492218,2.119488000869751,0.007131743434736775,80,3,368.16092920303345,"scripts/clock_elasticity.py: bursts of N back-to-back fused_experts calls under one pinned tile, each call L2-flushed and bracketed by its own pre-primed event pair, the FIRST call of every burst discarded as a drained-queue launch, a host-side idle gap after each burst setting the sustained duty cycle, and the SM clock, board power and memory clock read through NVML with the burst still in flight; NOT timing.TIMING_BASIS",1965.0,False,high,True,True,ok,"LEVEL HIGH (recorded, never an exclusion here): loaded clock 1965 MHz against the 1470 MHz reference. At a duty cycle below 1.0 a HIGH reading is the experiment working, not a cell to drop.",0.25,306.75,0.2365319315001951,17,116.7565416097641,2.1386239528656006,2.138543963432312,True,1950 1965 1980 1965 1935 1965 1965 1965 1965 1965 1965 1965 1965 1965 1965,False,4378.152248569231,"measured on this device: NVIDIA H200 (measured), 4378.2 GB/s (triad pattern)",13.0,580.159.04,True,1,33d28339d8e211bd7fb8caf92bd340b82ae40abb,NVIDIA H200,421a523e82cb,"scripts/clock_elasticity.py: bursts of N back-to-back fused_experts calls under one pinned tile, each call L2-flushed and bracketed by its own pre-primed event pair, the FIRST call of every burst discarded as a drained-queue launch, a host-side idle gap after each burst setting the sustained duty cycle, and the SM clock, board power and memory clock read through NVML with the burst still in flight; NOT timing.TIMING_BASIS | duty 0.25",,iters=supplied as None; sglang=package not installed,1,3.12.3,152.94071568154783,"measured on this device: NVIDIA H200 (measured), 669.6 TFLOP/s bf16 over 4378.2 GB/s (triad pattern); calibrated 2026-09-23 at 33d28339",,200.0,2.13.0,3.7.1,2026-09-23T20:01:03+00:00,0.27.1,300.0
shared,8,32,4,128,512,1,72,2.132960081100464,2.1293439865112305,0.005441890859245277,80,3,331.56211042404175,"scripts/clock_elasticity.py: bursts of N back-to-back fused_experts calls under one pinned tile, each call L2-flushed and bracketed by its own pre-primed event pair, the FIRST call of every burst discarded as a drained-queue launch, a host-side idle gap after each burst setting the sustained duty cycle, and the SM clock, board power and memory clock read through NVML with the burst still in flight; NOT timing.TIMING_BASIS",1965.0,False,high,True,True,ok,"LEVEL HIGH (recorded, never an exclusion here): loaded clock 1965 MHz against the 1470 MHz reference. At a duty cycle below 1.0 a HIGH reading is the experiment working, not a cell to drop.",0.25,299.21,0.2354532760576735,17,117.31387138366699,2.13319993019104,2.1328319311141968,True,1935 1965 1965 1965 1965 1950 1965 1965 1965 1935 1965 1965 1965 1965 1950,False,4378.152248569231,"measured on this device: NVIDIA H200 (measured), 4378.2 GB/s (triad pattern)",13.0,580.159.04,True,1,33d28339d8e211bd7fb8caf92bd340b82ae40abb,NVIDIA H200,421a523e82cb,"scripts/clock_elasticity.py: bursts of N back-to-back fused_experts calls under one pinned tile, each call L2-flushed and bracketed by its own pre-primed event pair, the FIRST call of every burst discarded as a drained-queue launch, a host-side idle gap after each burst setting the sustained duty cycle, and the SM clock, board power and memory clock read through NVML with the burst still in flight; NOT timing.TIMING_BASIS | duty 0.25",,iters=supplied as None; sglang=package not installed,1,3.12.3,152.94071568154783,"measured on this device: NVIDIA H200 (measured), 669.6 TFLOP/s bf16 over 4378.2 GB/s (triad pattern); calibrated 2026-09-23 at 33d28339",,200.0,2.13.0,3.7.1,2026-09-23T20:01:03+00:00,0.27.1,300.0
private,8,32,5,160,640,5,72,3.5491039752960205,3.5421760082244873,0.005927748185355684,50,3,355.63427209854126,"scripts/clock_elasticity.py: bursts of N back-to-back fused_experts calls under one pinned tile, each call L2-flushed and bracketed by its own pre-primed event pair, the FIRST call of every burst discarded as a drained-queue launch, a host-side idle gap after each burst setting the sustained duty cycle, and the SM clock, board power and memory clock read through NVML with the burst still in flight; NOT timing.TIMING_BASIS",1965.0,False,high,True,True,ok,"LEVEL HIGH (recorded, never an exclusion here): loaded clock 1965 MHz against the 1470 MHz reference. At a duty cycle below 1.0 a HIGH reading is the experiment working, not a cell to drop.",0.25,315.318,0.2461348796454696,11,120.08568012714386,3.5474880933761597,3.5586079359054565,True,1905 1965 1965 1935 1965 1920 1935 1965 1950 1965 1935 1965 1965 1965 1965,False,4378.152248569231,"measured on this device: NVIDIA H200 (measured), 4378.2 GB/s (triad pattern)",13.0,580.159.04,True,1,33d28339d8e211bd7fb8caf92bd340b82ae40abb,NVIDIA H200,421a523e82cb,"scripts/clock_elasticity.py: bursts of N back-to-back fused_experts calls under one pinned tile, each call L2-flushed and bracketed by its own pre-primed event pair, the FIRST call of every burst discarded as a drained-queue launch, a host-side idle gap after each burst setting the sustained duty cycle, and the SM clock, board power and memory clock read through NVML with the burst still in flight; NOT timing.TIMING_BASIS | duty 0.25",,iters=supplied as None; sglang=package not installed,1,3.12.3,152.94071568154783,"measured on this device: NVIDIA H200 (measured), 669.6 TFLOP/s bf16 over 4378.2 GB/s (triad pattern); calibrated 2026-09-23 at 33d28339",,200.0,2.13.0,3.7.1,2026-09-23T20:01:03+00:00,0.27.1,300.0
native,8,32,5,160,640,1,8,2.645983934402466,2.640223979949951,0.030196990647769085,60,3,560.7741096019745,"scripts/clock_elasticity.py: bursts of N back-to-back fused_experts calls under one pinned tile, each call L2-flushed and bracketed by its own pre-primed event pair, the FIRST call of every burst discarded as a drained-queue launch, a host-side idle gap after each burst setting the sustained duty cycle, and the SM clock, board power and memory clock read through NVML with the burst still in flight; NOT timing.TIMING_BASIS",1965.0,False,high,True,True,ok,"LEVEL HIGH (recorded, never an exclusion here): loaded clock 1965 MHz against the 1470 MHz reference. At a duty cycle below 1.0 a HIGH reading is the experiment working, not a cell to drop.",0.25,319.13,0.2278637987523698,13,117.17659378051758,2.645375967025757,2.6476480960845947,True,1935 1965 1950 1950 1965 1965 1890 1965 1935 1935 1965 1965 1800 1965 1965,False,4378.152248569231,"measured on this device: NVIDIA H200 (measured), 4378.2 GB/s (triad pattern)",13.0,580.159.04,True,1,33d28339d8e211bd7fb8caf92bd340b82ae40abb,NVIDIA H200,421a523e82cb,"scripts/clock_elasticity.py: bursts of N back-to-back fused_experts calls under one pinned tile, each call L2-flushed and bracketed by its own pre-primed event pair, the FIRST call of every burst discarded as a drained-queue launch, a host-side idle gap after each burst setting the sustained duty cycle, and the SM clock, board power and memory clock read through NVML with the burst still in flight; NOT timing.TIMING_BASIS | duty 0.25",,iters=supplied as None; sglang=package not installed,1,3.12.3,152.94071568154783,"measured on this device: NVIDIA H200 (measured), 669.6 TFLOP/s bf16 over 4378.2 GB/s (triad pattern); calibrated 2026-09-23 at 33d28339",,200.0,2.13.0,3.7.1,2026-09-23T20:01:03+00:00,0.27.1,300.0
shared,8,32,5,160,640,1,72,2.655456066131592,2.651808023452759,0.023783814035966827,60,3,353.1106867790222,"scripts/clock_elasticity.py: bursts of N back-to-back fused_experts calls under one pinned tile, each call L2-flushed and bracketed by its own pre-primed event pair, the FIRST call of every burst discarded as a drained-queue launch, a host-side idle gap after each burst setting the sustained duty cycle, and the SM clock, board power and memory clock read through NVML with the burst still in flight; NOT timing.TIMING_BASIS",1950.0,False,high,True,True,ok,"LEVEL HIGH (recorded, never an exclusion here): loaded clock 1950 MHz against the 1470 MHz reference. At a duty cycle below 1.0 a HIGH reading is the experiment working, not a cell to drop.",0.25,319.598,0.22997354460082162,13,115.89739072322845,2.6555840969085693,2.6563520431518555,True,1965 1965 1785 1950 1965 1965 1830 1935 1965 1935 1965 1935 1965 1950 1950,False,4378.152248569231,"measured on this device: NVIDIA H200 (measured), 4378.2 GB/s (triad pattern)",13.0,580.159.04,True,1,33d28339d8e211bd7fb8caf92bd340b82ae40abb,NVIDIA H200,421a523e82cb,"scripts/clock_elasticity.py: bursts of N back-to-back fused_experts calls under one pinned tile, each call L2-flushed and bracketed by its own pre-primed event pair, the FIRST call of every burst discarded as a drained-queue launch, a host-side idle gap after each burst setting the sustained duty cycle, and the SM clock, board power and memory clock read through NVML with the burst still in flight; NOT timing.TIMING_BASIS | duty 0.25",,iters=supplied as None; sglang=package not installed,1,3.12.3,152.94071568154783,"measured on this device: NVIDIA H200 (measured), 669.6 TFLOP/s bf16 over 4378.2 GB/s (triad pattern); calibrated 2026-09-23 at 33d28339",,200.0,2.13.0,3.7.1,2026-09-23T20:01:03+00:00,0.27.1,300.0
private,8,32,6,192,768,6,72,4.2558557987213135,4.249919891357422,0.0052141272010950476,40,3,308.5545916557312,"scripts/clock_elasticity.py: bursts of N back-to-back fused_experts calls under one pinned tile, each call L2-flushed and bracketed by its own pre-primed event pair, the FIRST call of every burst discarded as a drained-queue launch, a host-side idle gap after each burst setting the sustained duty cycle, and the SM clock, board power and memory clock read through NVML with the burst still in flight; NOT timing.TIMING_BASIS",1950.0,False,high,True,True,ok,"LEVEL HIGH (recorded, never an exclusion here): loaded clock 1950 MHz against the 1470 MHz reference. At a duty cycle below 1.0 a HIGH reading is the experiment working, not a cell to drop.",0.25,328.127,0.24678762020343056,9,116.7272686958313,4.255887985229492,4.2571680545806885,True,1935 1965 1875 1965 1920 1950 1785 1920 1965 1920 1965 1875 1950 1965 1965,False,4378.152248569231,"measured on this device: NVIDIA H200 (measured), 4378.2 GB/s (triad pattern)",13.0,580.159.04,True,1,33d28339d8e211bd7fb8caf92bd340b82ae40abb,NVIDIA H200,421a523e82cb,"scripts/clock_elasticity.py: bursts of N back-to-back fused_experts calls under one pinned tile, each call L2-flushed and bracketed by its own pre-primed event pair, the FIRST call of every burst discarded as a drained-queue launch, a host-side idle gap after each burst setting the sustained duty cycle, and the SM clock, board power and memory clock read through NVML with the burst still in flight; NOT timing.TIMING_BASIS | duty 0.25",,iters=supplied as None; sglang=package not installed,1,3.12.3,152.94071568154783,"measured on this device: NVIDIA H200 (measured), 669.6 TFLOP/s bf16 over 4378.2 GB/s (triad pattern); calibrated 2026-09-23 at 33d28339",,200.0,2.13.0,3.7.1,2026-09-23T20:01:03+00:00,0.27.1,300.0
native,8,32,6,192,768,1,8,3.183232069015503,3.1579198837280273,0.010819988035340409,50,3,533.0478718280792,"scripts/clock_elasticity.py: bursts of N back-to-back fused_experts calls under one pinned tile, each call L2-flushed and bracketed by its own pre-primed event pair, the FIRST call of every burst discarded as a drained-queue launch, a host-side idle gap after each burst setting the sustained duty cycle, and the SM clock, board power and memory clock read through NVML with the burst still in flight; NOT timing.TIMING_BASIS",1965.0,False,high,True,True,ok,"LEVEL HIGH (recorded, never an exclusion here): loaded clock 1965 MHz against the 1470 MHz reference. At a duty cycle below 1.0 a HIGH reading is the experiment working, not a cell to drop.",0.25,309.528,0.23045121374385003,11,116.92718195915222,3.184127926826477,3.1832799911499023,True,1965 1965 1965 1890 1950 1965 1950 1935 1965 1905 1965 1965 1965 1980 1950,False,4378.152248569231,"measured on this device: NVIDIA H200 (measured), 4378.2 GB/s (triad pattern)",13.0,580.159.04,True,1,33d28339d8e211bd7fb8caf92bd340b82ae40abb,NVIDIA H200,421a523e82cb,"scripts/clock_elasticity.py: bursts of N back-to-back fused_experts calls under one pinned tile, each call L2-flushed and bracketed by its own pre-primed event pair, the FIRST call of every burst discarded as a drained-queue launch, a host-side idle gap after each burst setting the sustained duty cycle, and the SM clock, board power and memory clock read through NVML with the burst still in flight; NOT timing.TIMING_BASIS | duty 0.25",,iters=supplied as None; sglang=package not installed,1,3.12.3,152.94071568154783,"measured on this device: NVIDIA H200 (measured), 669.6 TFLOP/s bf16 over 4378.2 GB/s (triad pattern); calibrated 2026-09-23 at 33d28339",,200.0,2.13.0,3.7.1,2026-09-23T20:01:03+00:00,0.27.1,300.0
shared,8,32,6,192,768,1,72,3.1724159717559814,3.168992042541504,0.028301850458915763,55,3,311.51148772239685,"scripts/clock_elasticity.py: bursts of N back-to-back fused_experts calls under one pinned tile, each call L2-flushed and bracketed by its own pre-primed event pair, the FIRST call of every burst discarded as a drained-queue launch, a host-side idle gap after each burst setting the sustained duty cycle, and the SM clock, board power and memory clock read through NVML with the burst still in flight; NOT timing.TIMING_BASIS",1965.0,False,high,True,True,ok,"LEVEL HIGH (recorded, never an exclusion here): loaded clock 1965 MHz against the 1470 MHz reference. At a duty cycle below 1.0 a HIGH reading is the experiment working, not a cell to drop.",0.25,309.208,0.23717023051634278,12,123.32275199890137,3.173296093940735,3.1727839708328247,True,1935 1785 1920 1965 1935 1965 1965 1965 1950 1965 1965 1965 1905 1950 1965,False,4378.152248569231,"measured on this device: NVIDIA H200 (measured), 4378.2 GB/s (triad pattern)",13.0,580.159.04,True,1,33d28339d8e211bd7fb8caf92bd340b82ae40abb,NVIDIA H200,421a523e82cb,"scripts/clock_elasticity.py: bursts of N back-to-back fused_experts calls under one pinned tile, each call L2-flushed and bracketed by its own pre-primed event pair, the FIRST call of every burst discarded as a drained-queue launch, a host-side idle gap after each burst setting the sustained duty cycle, and the SM clock, board power and memory clock read through NVML with the burst still in flight; NOT timing.TIMING_BASIS | duty 0.25",,iters=supplied as None; sglang=package not installed,1,3.12.3,152.94071568154783,"measured on this device: NVIDIA H200 (measured), 669.6 TFLOP/s bf16 over 4378.2 GB/s (triad pattern); calibrated 2026-09-23 at 33d28339",,200.0,2.13.0,3.7.1,2026-09-23T20:01:03+00:00,0.27.1,300.0
