experiment  occupancy_vs_swizzle: is alpha set by CONCURRENCY or by PROGRAM ORDER?

## Predictions, registered before anything is measured

THE GRID, and the residency it computes to on the attached card:
    sm_90  228 KiB smem/SM  2048 threads/SM  32 blocks/SM  132 SMs  63 MB L2   [read off NVIDIA H200]
    L2 provenance: read off NVIDIA H200 (L2_cache_size)
    one CTA streams 1.31 MiB over its K loop, weighted over both GEMMs

    s2w4g1       warp                        32 KiB/CTA   6 blk/SM (smem   )      1040 MiB in flight  alpha_conc 0.942
    s2w8g1       occ/warp                    32 KiB/CTA   6 blk/SM (smem   )      1040 MiB in flight  alpha_conc 0.942
    s3w4g1       warp                        48 KiB/CTA   4 blk/SM (smem   )       693 MiB in flight  alpha_conc 0.913
    s3w8g1       occ/swz/warp                48 KiB/CTA   4 blk/SM (smem   )       693 MiB in flight  alpha_conc 0.913
    s3w8g8       swz                         48 KiB/CTA   4 blk/SM (smem   )       693 MiB in flight  alpha_conc 0.913
    s3w8g16      swz                         48 KiB/CTA   4 blk/SM (smem   )       693 MiB in flight  alpha_conc 0.913
    s3w8g64      swz                         48 KiB/CTA   4 blk/SM (smem   )       693 MiB in flight  alpha_conc 0.913
    s4w8g1       occ                         64 KiB/CTA   3 blk/SM (smem   )       520 MiB in flight  alpha_conc 0.885
    s5w8g1       occ                         80 KiB/CTA   2 blk/SM (smem   )       346 MiB in flight  alpha_conc 0.827

P1  CONCURRENCY. alpha rises with resident blocks per SM. The LRU
    caricature predicts a swing of +0.115 in alpha between the top and
    bottom rungs of the residency ladder above. The gate takes half of
    that, 0.058, floored at 3 sigma of the fitted alpha's own
    replicate spread, which is measured and not assumed. A FAIL means
    concurrency does not set alpha and the cross-card null was not
    saturation.
P2  PROGRAM ORDER. Reuse distance predicts alpha(G=64) / alpha(G=1) = 1/min(G, 8.5 tiles
    per expert) = 0.118; uncapped it would be 0.0156. The gate gives the
    predictor a factor of 2 and passes at 0.235. The published corpus
    sits at 0.69-0.78, so this is expected to FAIL, and a FAIL here is
    the interesting outcome: it says the standard predictor does not
    transfer to this regime.
P3  THE CONTROL. num_warps changes resident WARPS at fixed resident
    BLOCKS, so the concurrent data footprint is unchanged and P1's
    mechanism predicts NO movement. The gate is that the warp contrast
    is smaller than the occupancy contrast. A FAIL says the residency
    reading is confounded by something num_warps changes -- latency
    hiding, register pressure, scheduling -- and P1 cannot be read as
    a footprint effect.
P6  THE OTHER CONTROL, and the one this design usually cannot run.
    num_stages sets residency AND software-pipeline prefetch depth, so
    P1's axis carries two mechanisms. They come apart ONLY where two
    num_stages compute the SAME resident-block count, and after the
    BLOCK_M=256 reference prunes the ladder neither real card has such
    a pair: the H200 runs 2/3/4/5 stages at 6/4/3/2 blocks and the A100
    runs 2/3/4 at 4/3/2. So P6 is expected to report UNKNOWN on a pod,
    which counts AGAINST the run and is the honest accounting: the
    concurrency reading is not established, and CONCURRENCY may not be
    quoted without that clause. The self-test plants P6's PASS and FAIL
    branches on a card that does not exist and says so.
P4  THE NULL IS A RESULT. If P1 and P2 both FAIL the verdict is
    NEITHER (null), printed as such and not forced into a branch.
    It would retire both models at once and point at DRAM scheduling,
    the replacement policy or sector granularity instead.
P2b WHAT THIS DESIGN CAN READ AT ALL, checked against P2 before the run.
    The memory prefix runs n* = k(1-alpha)/(1-k alpha) treads with k = b ridge / 2BM = 2.389, so:
      floor      alpha < 0.140 leaves fewer than 3 treads above the compute branch
                 and the setting reports nothing;
      dead band  alpha in [0.356, 0.481] is DISCARDED by the fit, because the two
                 branches are then within 15% of each other and are one line.
    Taking a published alpha(1) near 0.93, P2's own prediction lands at 0.109,
    which is UNDER the floor, so a reuse-distance world shows up here as a collapse and not as a ratio.
    ROUTE TWO covers the case where a setting does fall in the dead band or under the
    floor: wide-G settings losing their memory branch while G=1 keeps its is scored as
    a PASS for P2, and the report says which route it took.
P5  THE LEVEL IS NOT PREDICTED, only the differences, and the differences are ATTENUATED.
    A B/(A+B) ladder fit returns alpha_fitted = (alpha_b + phi) / (1 + phi + delta) (EXA), and
    this grid pins BM, BN and K, so phi is common to every setting and a contrast reads
    (alpha_b(1) - alpha_b(2)) / (1 + phi + delta): the cache term's difference scaled, not the
    difference itself. The scaling is a BRACKET, 0.50 to 0.98 here at alpha_a = 1 to 0
    (alpha_a is unmeasured; delta only lowers it), and delta is per-setting, so a level
    difference alone can move a fitted alpha. The geometric terms do NOT cancel exactly; the
    sign and order of every contrast above survive the scaling and their magnitude is a lower
    bound on the alpha_b difference. No gate here is scored on an absolute alpha.

## The plan

model        mixtral-8x7b E=8 k=2 bf16
pinned       BLOCK_SIZE_N=64 BLOCK_SIZE_K=64; BLOCK_SIZE_M is 64 (subject) and 256 (reference)
subject      BLOCK_M=64 at rows 64..1024 (16 treads)
reference    BLOCK_M=256 at rows 256..1024 (4 treads), MEASURED PER SETTING because C depends on the achieved compute rate and both knobs move it
settings     9: s2w4g1, s2w8g1, s3w4g1, s3w8g1, s3w8g8, s3w8g16, s3w8g64, s4w8g1, s5w8g1
repeats      5 passes, settings shuffled inside each token count on the same tensors, so every contrast is paired
timing       moe.bench.timing.time_kernel [queue-deep/l2-flush/settled-warmup/clock-under-load/v4]: 300 ms of delivered warmup, 3 queue-deep trials of 400 ms each, L2 flush on, SM clock sampled under load
cells        900 timings
estimate     1342 s of GPU at the model's own timings, excluding compiles and allocation
roofline     ridge 152.897 Op/B, bandwidth 4374.7 GB/s (measured on this device: NVIDIA H200 (measured))
card         nvidia_h200
WRITES TO    /workspace/results/gaps-nvidia_h200/occupancy_vs_swizzle/nvidia_h200-dtypebf16-g1_8_16_64-modelmixtral_8x7b-n64-s2_3_4_5-settingsblock_k64_capabilityfrom-753c188f
             git check-ignore exited 128; path unverified (fatal: Invalid path '/workspace/results/gaps-nvidia_h200/occupancy_vs_swizzle': No such file or directory)
             cells.csv (one row per timing, flushed), CARD, inputs.json, report.txt, report.json, triton-cache/

MDE          0.0405 in alpha between two settings at 5 repeats each, two-sided 5% at 80% power
             assumed sigma 0.0228: s3-vs-s4 paired sd 0.0323 of alpha over 11 matched cells / sqrt(2); CONFOUNDS num_stages with rerun noise and both arms ran in one pod hour, so it is an upper bound on same-session rerun noise only
             P1's registered threshold is 0.058 (half the model's predicted swing of +0.115), which is ABOVE the MDE, so the design can see the effect it gates on.
             the sigma is ASSUMED and not measured here. scripts/replicate_noise_floor.py measures the real between-replicate spread; until it has run on a card every threshold on this page rests on an upper bound from another session.
reference clock: 1470 MHz, NVIDIA H200: median of the samples taken while the calibration's dense GEMM ran
override hook: vllm.model_executor.layers.fused_moe.override_config
  rep 1 T=   256 s4w8g1       BM= 64 n= 1     0.8066 ms (493 iters, clock 1522 MHz)
  ^ DRIFT failed, dropping: under-load clock went 1665 -> 1470 MHz over 26 samples (1665, 1665, 1485, 1485, 1470, 1470, 1485, 1485, 1440, 1440, 900, 900, 1305, 1305, 1425, 1425, 1455, 1455, 1455, 1455, 1470, 1470, 1485, 1485, 1470, 1470); the trials were not at one operating point and the median is a blend
  rep 1 T=   256 s3w8g16      BM= 64 n= 1     0.7938 ms (495 iters, clock 1470 MHz)
  ^ kept (LEVEL high is recorded, not excluded): LEVEL HIGH (recorded, not an exclusion): loaded clock 1710 MHz is over the 1545 MHz edge of the band around the 1470 MHz reference; the cell ran at 1.16x the issue rate the fixed compute roof assumed, so its fraction of that roof is inflated by the ratio; read roof_at_cell_clock_tflops
  rep 1 T=   256 s2w8g1       BM= 64 n= 1     0.8895 ms (449 iters, clock 1710 MHz)
  rep 1 T=   256 s3w8g1       BM= 64 n= 1     0.7797 ms (514 iters, clock 1470 MHz)
  rep 1 T=   256 s3w8g8       BM= 64 n= 1     0.7951 ms (499 iters, clock 1455 MHz)
  rep 1 T=   256 s3w4g1       BM= 64 n= 1     0.7669 ms (521 iters, clock 1485 MHz)
  ^ kept (LEVEL high is recorded, not excluded): LEVEL HIGH (recorded, not an exclusion): loaded clock 1695 MHz is over the 1545 MHz edge of the band around the 1470 MHz reference; the cell ran at 1.15x the issue rate the fixed compute roof assumed, so its fraction of that roof is inflated by the ratio; read roof_at_cell_clock_tflops
  rep 1 T=   256 s2w4g1       BM= 64 n= 1     0.8548 ms (468 iters, clock 1695 MHz)
  ^ DRIFT failed, dropping: under-load clock went 1665 -> 1470 MHz over 26 samples (1665, 1665, 1470, 1470, 1485, 1485, 1485, 1485, 1485, 1485, 735, 735, 1260, 1260, 1425, 1425, 1455, 1455, 1455, 1455, 1470, 1470, 1470, 1470, 1470, 1470); the trials were not at one operating point and the median is a blend
  rep 1 T=   256 s5w8g1       BM= 64 n= 1     0.7855 ms (508 iters, clock 1470 MHz)
  ^ DRIFT failed, dropping: under-load clock went 1560 -> 1455 MHz over 26 samples (1560, 1560, 1485, 1485, 1455, 1455, 1455, 1455, 1395, 1395, 930, 930, 1320, 1320, 1425, 1425, 1455, 1455, 1440, 1440, 1455, 1455, 1455, 1455, 1455, 1455); the trials were not at one operating point and the median is a blend
  rep 1 T=   256 s3w8g64      BM= 64 n= 1     0.7997 ms (496 iters, clock 1455 MHz)
  rep 1 T=   512 s3w4g1       BM= 64 n= 2     1.4578 ms (275 iters, clock 1410 MHz)
  ^ DRIFT failed, dropping: under-load clock went 1665 -> 1410 MHz over 24 samples (1665, 1665, 1440, 1440, 1470, 1470, 1425, 1425, 1485, 1485, 1380, 1380, 1470, 1470, 1470, 1470, 1440, 1440, 1545, 1545, 1500, 1500, 1410, 1410); the trials were not at one operating point and the median is a blend
  rep 1 T=   512 s2w4g1       BM= 64 n= 2     1.5629 ms (253 iters, clock 1470 MHz)
  rep 1 T=   512 s3w8g1       BM= 64 n= 2     1.5181 ms (262 iters, clock 1395 MHz)
  ^ LEVEL LOW (recorded, not an exclusion): loaded clock 1380 MHz is under the 1395 MHz edge of the band around the 1470 MHz reference; this tile draws more power under the same cap than the GEMM the roof was measured with, so its fixed-roof fraction is delivered throughput and its issue efficiency is 0.94x away, in roof_at_cell_clock_tflops; DRIFT failed, dropping: under-load clock went 1500 -> 1395 MHz over 24 samples (1500, 1500, 1380, 1380, 1275, 1275, 1365, 1365, 1440, 1440, 1125, 1125, 1395, 1395, 1380, 1380, 1305, 1305, 1350, 1350, 1395, 1395, 1395, 1395); the trials were not at one operating point and the median is a blend
  rep 1 T=   512 s5w8g1       BM= 64 n= 2     1.5303 ms (259 iters, clock 1380 MHz)
  rep 1 T=   512 s3w8g64      BM= 64 n= 2     1.3630 ms (292 iters, clock 1410 MHz)
  rep 1 T=   512 s2w8g1       BM= 64 n= 2     1.6661 ms (238 iters, clock 1485 MHz)
  rep 1 T=   512 s3w8g8       BM= 64 n= 2     1.3260 ms (301 iters, clock 1410 MHz)
  rep 1 T=   512 s3w8g16      BM= 64 n= 2     1.3469 ms (300 iters, clock 1410 MHz)
  ^ DRIFT failed, dropping: under-load clock went 1590 -> 1410 MHz over 25 samples (1590, 1590, 1320, 1320, 1425, 1425, 1380, 1380, 1365, 1365, 930, 930, 1335, 1335, 1365, 1365, 1395, 1395, 1395, 1395, 1410, 1410, 1410, 1410, 1410); the trials were not at one operating point and the median is a blend
  rep 1 T=   512 s4w8g1       BM= 64 n= 2     1.5045 ms (267 iters, clock 1395 MHz)
  rep 1 T=   768 s3w4g1       BM= 64 n= 3     2.1871 ms (182 iters, clock 1395 MHz)
  rep 1 T=   768 s2w4g1       BM= 64 n= 3     2.0739 ms (190 iters, clock 1418 MHz)
  ^ LEVEL LOW (recorded, not an exclusion): loaded clock 1365 MHz is under the 1395 MHz edge of the band around the 1470 MHz reference; this tile draws more power under the same cap than the GEMM the roof was measured with, so its fixed-roof fraction is delivered throughput and its issue efficiency is 0.93x away, in roof_at_cell_clock_tflops; DRIFT failed, settling upward: under-load clock went 1320 -> 1395 MHz over 24 samples (1320, 1350, 1350, 1365, 1365, 1365, 1365, 1380, 1380, 1395, 1395, 1380, 1380, 1380, 1380, 1380, 1380, 1320, 1320, 1365, 1365, 1350, 1350, 1395); the trials were not at one operating point and the median is a blend
  rep 1 T=   768 s3w8g1       BM= 64 n= 3     2.2767 ms (173 iters, clock 1365 MHz)
  ^ kept (LEVEL low is recorded, not excluded): LEVEL LOW (recorded, not an exclusion): loaded clock 1358 MHz is under the 1395 MHz edge of the band around the 1470 MHz reference; this tile draws more power under the same cap than the GEMM the roof was measured with, so its fixed-roof fraction is delivered throughput and its issue efficiency is 0.92x away, in roof_at_cell_clock_tflops
  rep 1 T=   768 s5w8g1       BM= 64 n= 3     2.2984 ms (175 iters, clock 1358 MHz)
  ^ DRIFT failed, dropping: under-load clock went 1575 -> 1425 MHz over 24 samples (1575, 1575, 1425, 1425, 1425, 1425, 1440, 1440, 1440, 1440, 1350, 1350, 1440, 1440, 1440, 1440, 1440, 1440, 1410, 1410, 1440, 1440, 1425, 1425); the trials were not at one operating point and the median is a blend
  rep 1 T=   768 s3w8g64      BM= 64 n= 3     1.9782 ms (200 iters, clock 1440 MHz)
  rep 1 T=   768 s3w8g16      BM= 64 n= 3     1.9216 ms (210 iters, clock 1470 MHz)
  ^ DRIFT failed, dropping: under-load clock went 1530 -> 1395 MHz over 24 samples (1530, 1530, 1410, 1410, 1410, 1410, 1410, 1410, 1410, 1410, 1305, 1305, 1395, 1395, 1290, 1290, 1365, 1365, 1140, 1140, 1365, 1365, 1395, 1395); the trials were not at one operating point and the median is a blend
  rep 1 T=   768 s4w8g1       BM= 64 n= 3     2.2645 ms (171 iters, clock 1395 MHz)
  ^ DRIFT failed, dropping: under-load clock went 1485 -> 1410 MHz over 25 samples (1485, 1485, 1410, 1410, 1380, 1380, 1380, 1380, 1410, 1410, 1200, 1200, 1410, 1410, 1425, 1425, 1455, 1455, 1470, 1470, 1425, 1425, 1410, 1410, 1410); the trials were not at one operating point and the median is a blend
  rep 1 T=   768 s3w8g8       BM= 64 n= 3     1.9757 ms (208 iters, clock 1410 MHz)
  ^ DRIFT failed, dropping: under-load clock went 1635 -> 1515 MHz over 24 samples (1635, 1635, 1485, 1485, 1485, 1485, 1500, 1500, 1485, 1485, 1230, 1230, 1455, 1455, 1470, 1470, 1470, 1470, 1500, 1500, 1500, 1500, 1515, 1515); the trials were not at one operating point and the median is a blend
  rep 1 T=   768 s2w8g1       BM= 64 n= 3     2.4475 ms (163 iters, clock 1485 MHz)
  ^ kept (LEVEL high is recorded, not excluded): LEVEL HIGH (recorded, not an exclusion): loaded clock 1680 MHz is over the 1545 MHz edge of the band around the 1470 MHz reference; the cell ran at 1.14x the issue rate the fixed compute roof assumed, so its fraction of that roof is inflated by the ratio; read roof_at_cell_clock_tflops
  rep 1 T=  1024 s3w8g64      BM=256 n= 1     2.0820 ms (194 iters, clock 1680 MHz)
  ^ kept (LEVEL high is recorded, not excluded): LEVEL HIGH (recorded, not an exclusion): loaded clock 1680 MHz is over the 1545 MHz edge of the band around the 1470 MHz reference; the cell ran at 1.14x the issue rate the fixed compute roof assumed, so its fraction of that roof is inflated by the ratio; read roof_at_cell_clock_tflops
  rep 1 T=  1024 s3w8g16      BM=256 n= 1     2.0834 ms (190 iters, clock 1680 MHz)
  ^ kept (LEVEL low is recorded, not excluded): LEVEL LOW (recorded, not an exclusion): loaded clock 1365 MHz is under the 1395 MHz edge of the band around the 1470 MHz reference; this tile draws more power under the same cap than the GEMM the roof was measured with, so its fixed-roof fraction is delivered throughput and its issue efficiency is 0.93x away, in roof_at_cell_clock_tflops
  rep 1 T=  1024 s5w8g1       BM= 64 n= 4     3.0371 ms (127 iters, clock 1365 MHz)
  rep 1 T=  1024 s2w4g1       BM= 64 n= 4     2.8059 ms (143 iters, clock 1455 MHz)
  ^ kept (LEVEL high is recorded, not excluded): LEVEL HIGH (recorded, not an exclusion): loaded clock 1695 MHz is over the 1545 MHz edge of the band around the 1470 MHz reference; the cell ran at 1.15x the issue rate the fixed compute roof assumed, so its fraction of that roof is inflated by the ratio; read roof_at_cell_clock_tflops
  rep 1 T=  1024 s5w8g1       BM=256 n= 1     1.9683 ms (204 iters, clock 1695 MHz)
  ^ kept (LEVEL low is recorded, not excluded): LEVEL LOW (recorded, not an exclusion): loaded clock 1365 MHz is under the 1395 MHz edge of the band around the 1470 MHz reference; this tile draws more power under the same cap than the GEMM the roof was measured with, so its fixed-roof fraction is delivered throughput and its issue efficiency is 0.93x away, in roof_at_cell_clock_tflops
  rep 1 T=  1024 s3w4g1       BM= 64 n= 4     2.9234 ms (134 iters, clock 1365 MHz)
  ^ LEVEL LOW (recorded, not an exclusion): loaded clock 1372 MHz is under the 1395 MHz edge of the band around the 1470 MHz reference; this tile draws more power under the same cap than the GEMM the roof was measured with, so its fixed-roof fraction is delivered throughput and its issue efficiency is 0.93x away, in roof_at_cell_clock_tflops; DRIFT failed, dropping: under-load clock went 1395 -> 1305 MHz over 24 samples (1395, 1395, 1365, 1365, 1305, 1305, 1290, 1290, 1305, 1215, 1215, 1275, 1275, 1380, 1380, 1395, 1395, 1380, 1380, 1395, 1395, 1395, 1395, 1305); the trials were not at one operating point and the median is a blend
  rep 1 T=  1024 s4w8g1       BM= 64 n= 4     3.0421 ms (130 iters, clock 1372 MHz)
  ^ kept (LEVEL high is recorded, not excluded): LEVEL HIGH (recorded, not an exclusion): loaded clock 1710 MHz is over the 1545 MHz edge of the band around the 1470 MHz reference; the cell ran at 1.16x the issue rate the fixed compute roof assumed, so its fraction of that roof is inflated by the ratio; read roof_at_cell_clock_tflops
  rep 1 T=  1024 s3w8g1       BM=256 n= 1     2.0276 ms (197 iters, clock 1710 MHz)
  ^ kept (LEVEL high is recorded, not excluded): LEVEL HIGH (recorded, not an exclusion): loaded clock 1800 MHz is over the 1545 MHz edge of the band around the 1470 MHz reference; the cell ran at 1.22x the issue rate the fixed compute roof assumed, so its fraction of that roof is inflated by the ratio; read roof_at_cell_clock_tflops
  rep 1 T=  1024 s2w8g1       BM=256 n= 1     2.2012 ms (182 iters, clock 1800 MHz)
  ^ kept (LEVEL high is recorded, not excluded): LEVEL HIGH (recorded, not an exclusion): loaded clock 1680 MHz is over the 1545 MHz edge of the band around the 1470 MHz reference; the cell ran at 1.14x the issue rate the fixed compute roof assumed, so its fraction of that roof is inflated by the ratio; read roof_at_cell_clock_tflops
  rep 1 T=  1024 s3w8g8       BM=256 n= 1     2.0715 ms (192 iters, clock 1680 MHz)
  rep 1 T=  1024 s3w8g64      BM= 64 n= 4     2.5746 ms (153 iters, clock 1462 MHz)
  ^ kept (LEVEL low is recorded, not excluded): LEVEL LOW (recorded, not an exclusion): loaded clock 1365 MHz is under the 1395 MHz edge of the band around the 1470 MHz reference; this tile draws more power under the same cap than the GEMM the roof was measured with, so its fixed-roof fraction is delivered throughput and its issue efficiency is 0.93x away, in roof_at_cell_clock_tflops
  rep 1 T=  1024 s3w8g1       BM= 64 n= 4     3.0326 ms (132 iters, clock 1365 MHz)
  ^ kept (LEVEL high is recorded, not excluded): LEVEL HIGH (recorded, not an exclusion): loaded clock 1800 MHz is over the 1545 MHz edge of the band around the 1470 MHz reference; the cell ran at 1.22x the issue rate the fixed compute roof assumed, so its fraction of that roof is inflated by the ratio; read roof_at_cell_clock_tflops
  rep 1 T=  1024 s3w4g1       BM=256 n= 1     2.1084 ms (190 iters, clock 1800 MHz)
  ^ kept (LEVEL high is recorded, not excluded): LEVEL HIGH (recorded, not an exclusion): loaded clock 1882 MHz is over the 1545 MHz edge of the band around the 1470 MHz reference; the cell ran at 1.28x the issue rate the fixed compute roof assumed, so its fraction of that roof is inflated by the ratio; read roof_at_cell_clock_tflops
  rep 1 T=  1024 s2w4g1       BM=256 n= 1     2.3026 ms (173 iters, clock 1882 MHz)
  rep 1 T=  1024 s3w8g8       BM= 64 n= 4     2.4483 ms (157 iters, clock 1470 MHz)
  ^ kept (LEVEL high is recorded, not excluded): LEVEL HIGH (recorded, not an exclusion): loaded clock 1710 MHz is over the 1545 MHz edge of the band around the 1470 MHz reference; the cell ran at 1.16x the issue rate the fixed compute roof assumed, so its fraction of that roof is inflated by the ratio; read roof_at_cell_clock_tflops
  rep 1 T=  1024 s4w8g1       BM=256 n= 1     1.9490 ms (210 iters, clock 1710 MHz)
  rep 1 T=  1024 s3w8g16      BM= 64 n= 4     2.4781 ms (162 iters, clock 1455 MHz)
  ^ DRIFT failed, dropping: under-load clock went 1575 -> 1485 MHz over 24 samples (1575, 1575, 1485, 1485, 1485, 1485, 1500, 1500, 1485, 1485, 1065, 1065, 1440, 1440, 1515, 1515, 1500, 1500, 1530, 1530, 1485, 1485, 1485, 1485); the trials were not at one operating point and the median is a blend
  rep 1 T=  1024 s2w8g1       BM= 64 n= 4     3.2740 ms (122 iters, clock 1485 MHz)
  rep 1 T=  1280 s3w4g1       BM= 64 n= 5     3.6469 ms (107 iters, clock 1395 MHz)
  rep 1 T=  1280 s3w8g8       BM= 64 n= 5     3.1747 ms (125 iters, clock 1455 MHz)
  rep 1 T=  1280 s5w8g1       BM= 64 n= 5     3.7647 ms (106 iters, clock 1395 MHz)
  ^ kept (LEVEL low is recorded, not excluded): LEVEL LOW (recorded, not an exclusion): loaded clock 1365 MHz is under the 1395 MHz edge of the band around the 1470 MHz reference; this tile draws more power under the same cap than the GEMM the roof was measured with, so its fixed-roof fraction is delivered throughput and its issue efficiency is 0.93x away, in roof_at_cell_clock_tflops
  rep 1 T=  1280 s3w8g1       BM= 64 n= 5     3.7960 ms (104 iters, clock 1365 MHz)
  rep 1 T=  1280 s2w4g1       BM= 64 n= 5     3.4774 ms (117 iters, clock 1440 MHz)
  ^ kept (LEVEL low is recorded, not excluded): LEVEL LOW (recorded, not an exclusion): loaded clock 1350 MHz is under the 1395 MHz edge of the band around the 1470 MHz reference; this tile draws more power under the same cap than the GEMM the roof was measured with, so its fixed-roof fraction is delivered throughput and its issue efficiency is 0.92x away, in roof_at_cell_clock_tflops
  rep 1 T=  1280 s4w8g1       BM= 64 n= 5     3.7858 ms (105 iters, clock 1350 MHz)
  rep 1 T=  1280 s3w8g16      BM= 64 n= 5     3.1434 ms (124 iters, clock 1470 MHz)
  rep 1 T=  1280 s3w8g64      BM= 64 n= 5     3.2204 ms (123 iters, clock 1455 MHz)
  rep 1 T=  1280 s2w8g1       BM= 64 n= 5     3.9785 ms (100 iters, clock 1455 MHz)
  rep 1 T=  1536 s3w4g1       BM= 64 n= 6     4.3880 ms (90 iters, clock 1395 MHz)
  ^ LEVEL LOW (recorded, not an exclusion): loaded clock 1365 MHz is under the 1395 MHz edge of the band around the 1470 MHz reference; this tile draws more power under the same cap than the GEMM the roof was measured with, so its fixed-roof fraction is delivered throughput and its issue efficiency is 0.93x away, in roof_at_cell_clock_tflops; DRIFT failed, oscillating: under-load clock went 1305 -> 1380 MHz over 24 samples (1305, 1395, 1395, 1380, 1380, 1365, 1365, 1380, 1380, 1365, 1365, 1065, 1065, 1350, 1350, 1380, 1380, 1305, 1305, 1305, 1305, 1350, 1350, 1380); the trials were not at one operating point and the median is a blend
  rep 1 T=  1536 s3w8g1       BM= 64 n= 6     4.5761 ms (86 iters, clock 1365 MHz)
  rep 1 T=  1536 s2w4g1       BM= 64 n= 6     4.1051 ms (97 iters, clock 1425 MHz)
  ^ kept (LEVEL low is recorded, not excluded): LEVEL LOW (recorded, not an exclusion): loaded clock 1388 MHz is under the 1395 MHz edge of the band around the 1470 MHz reference; this tile draws more power under the same cap than the GEMM the roof was measured with, so its fixed-roof fraction is delivered throughput and its issue efficiency is 0.94x away, in roof_at_cell_clock_tflops
  rep 1 T=  1536 s5w8g1       BM= 64 n= 6     4.5121 ms (88 iters, clock 1388 MHz)
  rep 1 T=  1536 s3w8g64      BM= 64 n= 6     3.8342 ms (105 iters, clock 1470 MHz)
  rep 1 T=  1536 s3w8g8       BM= 64 n= 6     3.7267 ms (106 iters, clock 1485 MHz)
  ^ kept (LEVEL low is recorded, not excluded): LEVEL LOW (recorded, not an exclusion): loaded clock 1365 MHz is under the 1395 MHz edge of the band around the 1470 MHz reference; this tile draws more power under the same cap than the GEMM the roof was measured with, so its fixed-roof fraction is delivered throughput and its issue efficiency is 0.93x away, in roof_at_cell_clock_tflops
  rep 1 T=  1536 s4w8g1       BM= 64 n= 6     4.5312 ms (87 iters, clock 1365 MHz)
  rep 1 T=  1536 s2w8g1       BM= 64 n= 6     4.8403 ms (82 iters, clock 1455 MHz)
  rep 1 T=  1536 s3w8g16      BM= 64 n= 6     3.7178 ms (106 iters, clock 1470 MHz)
  rep 1 T=  1792 s3w8g16      BM= 64 n= 7     4.3178 ms (93 iters, clock 1485 MHz)
  rep 1 T=  1792 s3w8g64      BM= 64 n= 7     4.5199 ms (90 iters, clock 1485 MHz)
  ^ kept (LEVEL low is recorded, not excluded): LEVEL LOW (recorded, not an exclusion): loaded clock 1328 MHz is under the 1395 MHz edge of the band around the 1470 MHz reference; this tile draws more power under the same cap than the GEMM the roof was measured with, so its fixed-roof fraction is delivered throughput and its issue efficiency is 0.90x away, in roof_at_cell_clock_tflops
  rep 1 T=  1792 s4w8g1       BM= 64 n= 7     5.2782 ms (75 iters, clock 1328 MHz)
  rep 1 T=  1792 s2w4g1       BM= 64 n= 7     4.5663 ms (86 iters, clock 1425 MHz)
  ^ kept (LEVEL low is recorded, not excluded): LEVEL LOW (recorded, not an exclusion): loaded clock 1365 MHz is under the 1395 MHz edge of the band around the 1470 MHz reference; this tile draws more power under the same cap than the GEMM the roof was measured with, so its fixed-roof fraction is delivered throughput and its issue efficiency is 0.93x away, in roof_at_cell_clock_tflops
  rep 1 T=  1792 s3w8g1       BM= 64 n= 7     5.2965 ms (75 iters, clock 1365 MHz)
  rep 1 T=  1792 s3w8g8       BM= 64 n= 7     4.3921 ms (89 iters, clock 1470 MHz)
  ^ kept (LEVEL low is recorded, not excluded): LEVEL LOW (recorded, not an exclusion): loaded clock 1365 MHz is under the 1395 MHz edge of the band around the 1470 MHz reference; this tile draws more power under the same cap than the GEMM the roof was measured with, so its fixed-roof fraction is delivered throughput and its issue efficiency is 0.93x away, in roof_at_cell_clock_tflops
  rep 1 T=  1792 s3w4g1       BM= 64 n= 7     5.1807 ms (76 iters, clock 1365 MHz)
  ^ kept (LEVEL low is recorded, not excluded): LEVEL LOW (recorded, not an exclusion): loaded clock 1380 MHz is under the 1395 MHz edge of the band around the 1470 MHz reference; this tile draws more power under the same cap than the GEMM the roof was measured with, so its fixed-roof fraction is delivered throughput and its issue efficiency is 0.94x away, in roof_at_cell_clock_tflops
  rep 1 T=  1792 s5w8g1       BM= 64 n= 7     5.2578 ms (75 iters, clock 1380 MHz)
  rep 1 T=  1792 s2w8g1       BM= 64 n= 7     5.6394 ms (69 iters, clock 1455 MHz)
  ^ kept (LEVEL high is recorded, not excluded): LEVEL HIGH (recorded, not an exclusion): loaded clock 1800 MHz is over the 1545 MHz edge of the band around the 1470 MHz reference; the cell ran at 1.22x the issue rate the fixed compute roof assumed, so its fraction of that roof is inflated by the ratio; read roof_at_cell_clock_tflops
  rep 1 T=  2048 s3w4g1       BM=256 n= 2     4.1749 ms (96 iters, clock 1800 MHz)
  ^ kept (LEVEL high is recorded, not excluded): LEVEL HIGH (recorded, not an exclusion): loaded clock 1665 MHz is over the 1545 MHz edge of the band around the 1470 MHz reference; the cell ran at 1.13x the issue rate the fixed compute roof assumed, so its fraction of that roof is inflated by the ratio; read roof_at_cell_clock_tflops
  rep 1 T=  2048 s5w8g1       BM=256 n= 2     3.9300 ms (100 iters, clock 1665 MHz)
  rep 1 T=  2048 s2w4g1       BM= 64 n= 8     5.4782 ms (72 iters, clock 1440 MHz)
  ^ kept (LEVEL high is recorded, not excluded): LEVEL HIGH (recorded, not an exclusion): loaded clock 1650 MHz is over the 1545 MHz edge of the band around the 1470 MHz reference; the cell ran at 1.12x the issue rate the fixed compute roof assumed, so its fraction of that roof is inflated by the ratio; read roof_at_cell_clock_tflops
  rep 1 T=  2048 s3w8g16      BM=256 n= 2     4.0260 ms (98 iters, clock 1650 MHz)
  ^ kept (LEVEL low is recorded, not excluded): LEVEL LOW (recorded, not an exclusion): loaded clock 1305 MHz is under the 1395 MHz edge of the band around the 1470 MHz reference; this tile draws more power under the same cap than the GEMM the roof was measured with, so its fixed-roof fraction is delivered throughput and its issue efficiency is 0.89x away, in roof_at_cell_clock_tflops
  rep 1 T=  2048 s4w8g1       BM= 64 n= 8     6.0253 ms (66 iters, clock 1305 MHz)
  ^ kept (LEVEL low is recorded, not excluded): LEVEL LOW (recorded, not an exclusion): loaded clock 1365 MHz is under the 1395 MHz edge of the band around the 1470 MHz reference; this tile draws more power under the same cap than the GEMM the roof was measured with, so its fixed-roof fraction is delivered throughput and its issue efficiency is 0.93x away, in roof_at_cell_clock_tflops
  rep 1 T=  2048 s5w8g1       BM= 64 n= 8     6.0325 ms (66 iters, clock 1365 MHz)
  rep 1 T=  2048 s2w8g1       BM= 64 n= 8     6.4554 ms (61 iters, clock 1440 MHz)
  ^ kept (LEVEL high is recorded, not excluded): LEVEL HIGH (recorded, not an exclusion): loaded clock 1680 MHz is over the 1545 MHz edge of the band around the 1470 MHz reference; the cell ran at 1.14x the issue rate the fixed compute roof assumed, so its fraction of that roof is inflated by the ratio; read roof_at_cell_clock_tflops
  rep 1 T=  2048 s4w8g1       BM=256 n= 2     3.8988 ms (102 iters, clock 1680 MHz)
  ^ kept (LEVEL high is recorded, not excluded): LEVEL HIGH (recorded, not an exclusion): loaded clock 1860 MHz is over the 1545 MHz edge of the band around the 1470 MHz reference; the cell ran at 1.27x the issue rate the fixed compute roof assumed, so its fraction of that roof is inflated by the ratio; read roof_at_cell_clock_tflops
  rep 1 T=  2048 s2w4g1       BM=256 n= 2     4.5451 ms (87 iters, clock 1860 MHz)
  ^ kept (LEVEL high is recorded, not excluded): LEVEL HIGH (recorded, not an exclusion): loaded clock 1650 MHz is over the 1545 MHz edge of the band around the 1470 MHz reference; the cell ran at 1.12x the issue rate the fixed compute roof assumed, so its fraction of that roof is inflated by the ratio; read roof_at_cell_clock_tflops
  rep 1 T=  2048 s3w8g1       BM=256 n= 2     4.0565 ms (96 iters, clock 1650 MHz)
  ^ kept (LEVEL low is recorded, not excluded): LEVEL LOW (recorded, not an exclusion): loaded clock 1380 MHz is under the 1395 MHz edge of the band around the 1470 MHz reference; this tile draws more power under the same cap than the GEMM the roof was measured with, so its fixed-roof fraction is delivered throughput and its issue efficiency is 0.94x away, in roof_at_cell_clock_tflops
  rep 1 T=  2048 s3w4g1       BM= 64 n= 8     5.9005 ms (67 iters, clock 1380 MHz)
  ^ kept (LEVEL high is recorded, not excluded): LEVEL HIGH (recorded, not an exclusion): loaded clock 1635 MHz is over the 1545 MHz edge of the band around the 1470 MHz reference; the cell ran at 1.11x the issue rate the fixed compute roof assumed, so its fraction of that roof is inflated by the ratio; read roof_at_cell_clock_tflops
  rep 1 T=  2048 s3w8g64      BM=256 n= 2     4.0687 ms (96 iters, clock 1635 MHz)
  rep 1 T=  2048 s3w8g8       BM= 64 n= 8     4.7254 ms (83 iters, clock 1485 MHz)
  ^ kept (LEVEL high is recorded, not excluded): LEVEL HIGH (recorded, not an exclusion): loaded clock 1695 MHz is over the 1545 MHz edge of the band around the 1470 MHz reference; the cell ran at 1.15x the issue rate the fixed compute roof assumed, so its fraction of that roof is inflated by the ratio; read roof_at_cell_clock_tflops
  rep 1 T=  2048 s3w8g8       BM=256 n= 2     3.9453 ms (100 iters, clock 1695 MHz)
  rep 1 T=  2048 s3w8g64      BM= 64 n= 8     5.1911 ms (76 iters, clock 1455 MHz)
  ^ kept (LEVEL low is recorded, not excluded): LEVEL LOW (recorded, not an exclusion): loaded clock 1358 MHz is under the 1395 MHz edge of the band around the 1470 MHz reference; this tile draws more power under the same cap than the GEMM the roof was measured with, so its fixed-roof fraction is delivered throughput and its issue efficiency is 0.92x away, in roof_at_cell_clock_tflops
  rep 1 T=  2048 s3w8g1       BM= 64 n= 8     6.0779 ms (65 iters, clock 1358 MHz)
  rep 1 T=  2048 s3w8g16      BM= 64 n= 8     4.7918 ms (83 iters, clock 1485 MHz)
  ^ kept (LEVEL high is recorded, not excluded): LEVEL HIGH (recorded, not an exclusion): loaded clock 1695 MHz is over the 1545 MHz edge of the band around the 1470 MHz reference; the cell ran at 1.15x the issue rate the fixed compute roof assumed, so its fraction of that roof is inflated by the ratio; read roof_at_cell_clock_tflops
  rep 1 T=  2048 s2w8g1       BM=256 n= 2     4.2712 ms (94 iters, clock 1695 MHz)
  rep 1 T=  2304 s2w8g1       BM= 64 n= 9     7.2380 ms (54 iters, clock 1470 MHz)
  rep 1 T=  2304 s3w8g64      BM= 64 n= 9     5.8531 ms (67 iters, clock 1470 MHz)
  ^ LEVEL LOW (recorded, not an exclusion): loaded clock 1305 MHz is under the 1395 MHz edge of the band around the 1470 MHz reference; this tile draws more power under the same cap than the GEMM the roof was measured with, so its fixed-roof fraction is delivered throughput and its issue efficiency is 0.89x away, in roof_at_cell_clock_tflops; DRIFT failed, dropping: under-load clock went 1365 -> 1275 MHz over 24 samples (1365, 1350, 1350, 1275, 1275, 1260, 1260, 1305, 1305, 1305, 1305, 1245, 1245, 1395, 1395, 1395, 1395, 1305, 1305, 1335, 1335, 1350, 1350, 1275); the trials were not at one operating point and the median is a blend
  rep 1 T=  2304 s4w8g1       BM= 64 n= 9     6.7951 ms (58 iters, clock 1305 MHz)
  ^ kept (LEVEL low is recorded, not excluded): LEVEL LOW (recorded, not an exclusion): loaded clock 1365 MHz is under the 1395 MHz edge of the band around the 1470 MHz reference; this tile draws more power under the same cap than the GEMM the roof was measured with, so its fixed-roof fraction is delivered throughput and its issue efficiency is 0.93x away, in roof_at_cell_clock_tflops
  rep 1 T=  2304 s3w8g1       BM= 64 n= 9     6.8472 ms (58 iters, clock 1365 MHz)
  ^ kept (LEVEL low is recorded, not excluded): LEVEL LOW (recorded, not an exclusion): loaded clock 1358 MHz is under the 1395 MHz edge of the band around the 1470 MHz reference; this tile draws more power under the same cap than the GEMM the roof was measured with, so its fixed-roof fraction is delivered throughput and its issue efficiency is 0.92x away, in roof_at_cell_clock_tflops
  rep 1 T=  2304 s5w8g1       BM= 64 n= 9     6.7780 ms (58 iters, clock 1358 MHz)
  rep 1 T=  2304 s3w8g16      BM= 64 n= 9     5.5229 ms (72 iters, clock 1485 MHz)
  rep 1 T=  2304 s3w8g8       BM= 64 n= 9     5.5852 ms (71 iters, clock 1485 MHz)
  rep 1 T=  2304 s2w4g1       BM= 64 n= 9     6.0211 ms (65 iters, clock 1410 MHz)
  ^ kept (LEVEL low is recorded, not excluded): LEVEL LOW (recorded, not an exclusion): loaded clock 1380 MHz is under the 1395 MHz edge of the band around the 1470 MHz reference; this tile draws more power under the same cap than the GEMM the roof was measured with, so its fixed-roof fraction is delivered throughput and its issue efficiency is 0.94x away, in roof_at_cell_clock_tflops
  rep 1 T=  2304 s3w4g1       BM= 64 n= 9     6.6951 ms (59 iters, clock 1380 MHz)
  rep 1 T=  2560 s3w8g16      BM= 64 n=10     6.0903 ms (65 iters, clock 1485 MHz)
  rep 1 T=  2560 s2w8g1       BM= 64 n=10     8.0332 ms (49 iters, clock 1455 MHz)
  ^ kept (LEVEL low is recorded, not excluded): LEVEL LOW (recorded, not an exclusion): loaded clock 1328 MHz is under the 1395 MHz edge of the band around the 1470 MHz reference; this tile draws more power under the same cap than the GEMM the roof was measured with, so its fixed-roof fraction is delivered throughput and its issue efficiency is 0.90x away, in roof_at_cell_clock_tflops
  rep 1 T=  2560 s4w8g1       BM= 64 n=10     7.5711 ms (52 iters, clock 1328 MHz)
  ^ kept (LEVEL low is recorded, not excluded): LEVEL LOW (recorded, not an exclusion): loaded clock 1328 MHz is under the 1395 MHz edge of the band around the 1470 MHz reference; this tile draws more power under the same cap than the GEMM the roof was measured with, so its fixed-roof fraction is delivered throughput and its issue efficiency is 0.90x away, in roof_at_cell_clock_tflops
  rep 1 T=  2560 s3w8g1       BM= 64 n=10     7.6372 ms (52 iters, clock 1328 MHz)
  rep 1 T=  2560 s3w8g8       BM= 64 n=10     6.1485 ms (64 iters, clock 1485 MHz)
  rep 1 T=  2560 s3w8g64      BM= 64 n=10     6.4119 ms (62 iters, clock 1455 MHz)
  rep 1 T=  2560 s2w4g1       BM= 64 n=10     6.9912 ms (57 iters, clock 1410 MHz)
  ^ kept (LEVEL low is recorded, not excluded): LEVEL LOW (recorded, not an exclusion): loaded clock 1388 MHz is under the 1395 MHz edge of the band around the 1470 MHz reference; this tile draws more power under the same cap than the GEMM the roof was measured with, so its fixed-roof fraction is delivered throughput and its issue efficiency is 0.94x away, in roof_at_cell_clock_tflops
  rep 1 T=  2560 s5w8g1       BM= 64 n=10     7.4621 ms (53 iters, clock 1388 MHz)
  ^ kept (LEVEL low is recorded, not excluded): LEVEL LOW (recorded, not an exclusion): loaded clock 1380 MHz is under the 1395 MHz edge of the band around the 1470 MHz reference; this tile draws more power under the same cap than the GEMM the roof was measured with, so its fixed-roof fraction is delivered throughput and its issue efficiency is 0.94x away, in roof_at_cell_clock_tflops
  rep 1 T=  2560 s3w4g1       BM= 64 n=10     7.4149 ms (53 iters, clock 1380 MHz)
  rep 1 T=  2816 s2w4g1       BM= 64 n=11     7.5548 ms (52 iters, clock 1418 MHz)
  rep 1 T=  2816 s3w8g16      BM= 64 n=11     6.7135 ms (59 iters, clock 1485 MHz)
  ^ kept (LEVEL low is recorded, not excluded): LEVEL LOW (recorded, not an exclusion): loaded clock 1380 MHz is under the 1395 MHz edge of the band around the 1470 MHz reference; this tile draws more power under the same cap than the GEMM the roof was measured with, so its fixed-roof fraction is delivered throughput and its issue efficiency is 0.94x away, in roof_at_cell_clock_tflops
  rep 1 T=  2816 s3w4g1       BM= 64 n=11     8.2157 ms (48 iters, clock 1380 MHz)
  ^ kept (LEVEL low is recorded, not excluded): LEVEL LOW (recorded, not an exclusion): loaded clock 1320 MHz is under the 1395 MHz edge of the band around the 1470 MHz reference; this tile draws more power under the same cap than the GEMM the roof was measured with, so its fixed-roof fraction is delivered throughput and its issue efficiency is 0.90x away, in roof_at_cell_clock_tflops
  rep 1 T=  2816 s4w8g1       BM= 64 n=11     8.3547 ms (47 iters, clock 1320 MHz)
  rep 1 T=  2816 s3w8g8       BM= 64 n=11     6.7721 ms (58 iters, clock 1485 MHz)
  rep 1 T=  2816 s2w8g1       BM= 64 n=11     8.8314 ms (44 iters, clock 1440 MHz)
  rep 1 T=  2816 s3w8g64      BM= 64 n=11     6.9437 ms (56 iters, clock 1470 MHz)
  ^ kept (LEVEL low is recorded, not excluded): LEVEL LOW (recorded, not an exclusion): loaded clock 1342 MHz is under the 1395 MHz edge of the band around the 1470 MHz reference; this tile draws more power under the same cap than the GEMM the roof was measured with, so its fixed-roof fraction is delivered throughput and its issue efficiency is 0.91x away, in roof_at_cell_clock_tflops
  rep 1 T=  2816 s3w8g1       BM= 64 n=11     8.4365 ms (47 iters, clock 1342 MHz)
  ^ kept (LEVEL low is recorded, not excluded): LEVEL LOW (recorded, not an exclusion): loaded clock 1372 MHz is under the 1395 MHz edge of the band around the 1470 MHz reference; this tile draws more power under the same cap than the GEMM the roof was measured with, so its fixed-roof fraction is delivered throughput and its issue efficiency is 0.93x away, in roof_at_cell_clock_tflops
  rep 1 T=  2816 s5w8g1       BM= 64 n=11     8.2551 ms (48 iters, clock 1372 MHz)
  ^ kept (LEVEL low is recorded, not excluded): LEVEL LOW (recorded, not an exclusion): loaded clock 1380 MHz is under the 1395 MHz edge of the band around the 1470 MHz reference; this tile draws more power under the same cap than the GEMM the roof was measured with, so its fixed-roof fraction is delivered throughput and its issue efficiency is 0.94x away, in roof_at_cell_clock_tflops
  rep 1 T=  3072 s3w8g1       BM= 64 n=12     9.1780 ms (43 iters, clock 1380 MHz)
  rep 1 T=  3072 s3w8g16      BM= 64 n=12     7.2849 ms (54 iters, clock 1500 MHz)
  ^ kept (LEVEL low is recorded, not excluded): LEVEL LOW (recorded, not an exclusion): loaded clock 1380 MHz is under the 1395 MHz edge of the band around the 1470 MHz reference; this tile draws more power under the same cap than the GEMM the roof was measured with, so its fixed-roof fraction is delivered throughput and its issue efficiency is 0.94x away, in roof_at_cell_clock_tflops
  rep 1 T=  3072 s3w4g1       BM= 64 n=12     8.9675 ms (42 iters, clock 1380 MHz)
  rep 1 T=  3072 s3w8g8       BM= 64 n=12     7.3300 ms (52 iters, clock 1485 MHz)
  rep 1 T=  3072 s2w8g1       BM= 64 n=12     9.6112 ms (41 iters, clock 1455 MHz)
  ^ DRIFT failed, oscillating: under-load clock went 1350 -> 1425 MHz over 23 samples (1350, 1410, 1410, 1425, 1425, 1425, 1425, 1425, 1425, 1440, 1440, 1170, 1170, 1350, 1440, 1440, 1395, 1395, 1380, 1380, 1410, 1410, 1425); the trials were not at one operating point and the median is a blend
  rep 1 T=  3072 s2w4g1       BM= 64 n=12     8.5545 ms (45 iters, clock 1410 MHz)
  ^ kept (LEVEL low is recorded, not excluded): LEVEL LOW (recorded, not an exclusion): loaded clock 1365 MHz is under the 1395 MHz edge of the band around the 1470 MHz reference; this tile draws more power under the same cap than the GEMM the roof was measured with, so its fixed-roof fraction is delivered throughput and its issue efficiency is 0.93x away, in roof_at_cell_clock_tflops
  rep 1 T=  3072 s5w8g1       BM= 64 n=12     9.0042 ms (44 iters, clock 1365 MHz)
  ^ kept (LEVEL high is recorded, not excluded): LEVEL HIGH (recorded, not an exclusion): loaded clock 1695 MHz is over the 1545 MHz edge of the band around the 1470 MHz reference; the cell ran at 1.15x the issue rate the fixed compute roof assumed, so its fraction of that roof is inflated by the ratio; read roof_at_cell_clock_tflops
  rep 1 T=  3072 s2w8g1       BM=256 n= 3     6.3792 ms (62 iters, clock 1695 MHz)
  ^ kept (LEVEL high is recorded, not excluded): LEVEL HIGH (recorded, not an exclusion): loaded clock 1635 MHz is over the 1545 MHz edge of the band around the 1470 MHz reference; the cell ran at 1.11x the issue rate the fixed compute roof assumed, so its fraction of that roof is inflated by the ratio; read roof_at_cell_clock_tflops
  rep 1 T=  3072 s3w8g64      BM=256 n= 3     6.0655 ms (65 iters, clock 1635 MHz)
  rep 1 T=  3072 s3w8g64      BM= 64 n=12     7.5954 ms (53 iters, clock 1455 MHz)
  ^ kept (LEVEL high is recorded, not excluded): LEVEL HIGH (recorded, not an exclusion): loaded clock 1650 MHz is over the 1545 MHz edge of the band around the 1470 MHz reference; the cell ran at 1.12x the issue rate the fixed compute roof assumed, so its fraction of that roof is inflated by the ratio; read roof_at_cell_clock_tflops
  rep 1 T=  3072 s3w8g1       BM=256 n= 3     6.0549 ms (66 iters, clock 1650 MHz)
  ^ kept (LEVEL high is recorded, not excluded): LEVEL HIGH (recorded, not an exclusion): loaded clock 1650 MHz is over the 1545 MHz edge of the band around the 1470 MHz reference; the cell ran at 1.12x the issue rate the fixed compute roof assumed, so its fraction of that roof is inflated by the ratio; read roof_at_cell_clock_tflops
  rep 1 T=  3072 s5w8g1       BM=256 n= 3     5.8849 ms (67 iters, clock 1650 MHz)
  ^ kept (LEVEL high is recorded, not excluded): LEVEL HIGH (recorded, not an exclusion): loaded clock 1695 MHz is over the 1545 MHz edge of the band around the 1470 MHz reference; the cell ran at 1.15x the issue rate the fixed compute roof assumed, so its fraction of that roof is inflated by the ratio; read roof_at_cell_clock_tflops
  rep 1 T=  3072 s3w8g8       BM=256 n= 3     5.8675 ms (67 iters, clock 1695 MHz)
  ^ kept (LEVEL high is recorded, not excluded): LEVEL HIGH (recorded, not an exclusion): loaded clock 1770 MHz is over the 1545 MHz edge of the band around the 1470 MHz reference; the cell ran at 1.20x the issue rate the fixed compute roof assumed, so its fraction of that roof is inflated by the ratio; read roof_at_cell_clock_tflops
  rep 1 T=  3072 s3w4g1       BM=256 n= 3     6.2859 ms (63 iters, clock 1770 MHz)
  ^ kept (LEVEL high is recorded, not excluded): LEVEL HIGH (recorded, not an exclusion): loaded clock 1845 MHz is over the 1545 MHz edge of the band around the 1470 MHz reference; the cell ran at 1.26x the issue rate the fixed compute roof assumed, so its fraction of that roof is inflated by the ratio; read roof_at_cell_clock_tflops
  rep 1 T=  3072 s2w4g1       BM=256 n= 3     6.7520 ms (59 iters, clock 1845 MHz)
  ^ kept (LEVEL high is recorded, not excluded): LEVEL HIGH (recorded, not an exclusion): loaded clock 1665 MHz is over the 1545 MHz edge of the band around the 1470 MHz reference; the cell ran at 1.13x the issue rate the fixed compute roof assumed, so its fraction of that roof is inflated by the ratio; read roof_at_cell_clock_tflops
  rep 1 T=  3072 s3w8g16      BM=256 n= 3     5.9579 ms (65 iters, clock 1665 MHz)
  ^ kept (LEVEL high is recorded, not excluded): LEVEL HIGH (recorded, not an exclusion): loaded clock 1665 MHz is over the 1545 MHz edge of the band around the 1470 MHz reference; the cell ran at 1.13x the issue rate the fixed compute roof assumed, so its fraction of that roof is inflated by the ratio; read roof_at_cell_clock_tflops
  rep 1 T=  3072 s4w8g1       BM=256 n= 3     5.8218 ms (69 iters, clock 1665 MHz)
  ^ kept (LEVEL low is recorded, not excluded): LEVEL LOW (recorded, not an exclusion): loaded clock 1305 MHz is under the 1395 MHz edge of the band around the 1470 MHz reference; this tile draws more power under the same cap than the GEMM the roof was measured with, so its fixed-roof fraction is delivered throughput and its issue efficiency is 0.89x away, in roof_at_cell_clock_tflops
  rep 1 T=  3072 s4w8g1       BM= 64 n=12     9.0798 ms (44 iters, clock 1305 MHz)
  rep 1 T=  3328 s2w8g1       BM= 64 n=13    10.4108 ms (38 iters, clock 1440 MHz)
  rep 1 T=  3328 s3w8g64      BM= 64 n=13     8.1973 ms (47 iters, clock 1470 MHz)
  ^ kept (LEVEL low is recorded, not excluded): LEVEL LOW (recorded, not an exclusion): loaded clock 1350 MHz is under the 1395 MHz edge of the band around the 1470 MHz reference; this tile draws more power under the same cap than the GEMM the roof was measured with, so its fixed-roof fraction is delivered throughput and its issue efficiency is 0.92x away, in roof_at_cell_clock_tflops
  rep 1 T=  3328 s5w8g1       BM= 64 n=13     9.8137 ms (40 iters, clock 1350 MHz)
  rep 1 T=  3328 s3w8g8       BM= 64 n=13     7.9758 ms (50 iters, clock 1500 MHz)
  rep 1 T=  3328 s2w4g1       BM= 64 n=13     9.1580 ms (44 iters, clock 1425 MHz)
  ^ kept (LEVEL low is recorded, not excluded): LEVEL LOW (recorded, not an exclusion): loaded clock 1320 MHz is under the 1395 MHz edge of the band around the 1470 MHz reference; this tile draws more power under the same cap than the GEMM the roof was measured with, so its fixed-roof fraction is delivered throughput and its issue efficiency is 0.90x away, in roof_at_cell_clock_tflops
  rep 1 T=  3328 s3w8g1       BM= 64 n=13     9.9871 ms (39 iters, clock 1320 MHz)
  ^ kept (LEVEL low is recorded, not excluded): LEVEL LOW (recorded, not an exclusion): loaded clock 1350 MHz is under the 1395 MHz edge of the band around the 1470 MHz reference; this tile draws more power under the same cap than the GEMM the roof was measured with, so its fixed-roof fraction is delivered throughput and its issue efficiency is 0.92x away, in roof_at_cell_clock_tflops
  rep 1 T=  3328 s4w8g1       BM= 64 n=13     9.8831 ms (40 iters, clock 1350 MHz)
  ^ LEVEL LOW (recorded, not an exclusion): loaded clock 1365 MHz is under the 1395 MHz edge of the band around the 1470 MHz reference; this tile draws more power under the same cap than the GEMM the roof was measured with, so its fixed-roof fraction is delivered throughput and its issue efficiency is 0.93x away, in roof_at_cell_clock_tflops; DRIFT failed, oscillating: under-load clock went 1290 -> 1380 MHz over 23 samples (1290, 1290, 1380, 1380, 1380, 1380, 1395, 1395, 1410, 1410, 1230, 1230, 1170, 1170, 1395, 1395, 1365, 1365, 1320, 1320, 1350, 1350, 1380); the trials were not at one operating point and the median is a blend
  rep 1 T=  3328 s3w4g1       BM= 64 n=13     9.7490 ms (40 iters, clock 1365 MHz)
  rep 1 T=  3328 s3w8g16      BM= 64 n=13     7.8568 ms (51 iters, clock 1508 MHz)
  rep 1 T=  3584 s3w4g1       BM= 64 n=14    10.3887 ms (38 iters, clock 1395 MHz)
  ^ kept (LEVEL low is recorded, not excluded): LEVEL LOW (recorded, not an exclusion): loaded clock 1350 MHz is under the 1395 MHz edge of the band around the 1470 MHz reference; this tile draws more power under the same cap than the GEMM the roof was measured with, so its fixed-roof fraction is delivered throughput and its issue efficiency is 0.92x away, in roof_at_cell_clock_tflops
  rep 1 T=  3584 s3w8g1       BM= 64 n=14    10.7610 ms (36 iters, clock 1350 MHz)
  rep 1 T=  3584 s3w8g8       BM= 64 n=14     8.5945 ms (46 iters, clock 1485 MHz)
  rep 1 T=  3584 s3w8g16      BM= 64 n=14     8.4777 ms (47 iters, clock 1485 MHz)
  ^ kept (LEVEL low is recorded, not excluded): LEVEL LOW (recorded, not an exclusion): loaded clock 1312 MHz is under the 1395 MHz edge of the band around the 1470 MHz reference; this tile draws more power under the same cap than the GEMM the roof was measured with, so its fixed-roof fraction is delivered throughput and its issue efficiency is 0.89x away, in roof_at_cell_clock_tflops
  rep 1 T=  3584 s4w8g1       BM= 64 n=14    10.6297 ms (38 iters, clock 1312 MHz)
  rep 1 T=  3584 s3w8g64      BM= 64 n=14     8.8674 ms (45 iters, clock 1470 MHz)
  ^ kept (LEVEL low is recorded, not excluded): LEVEL LOW (recorded, not an exclusion): loaded clock 1350 MHz is under the 1395 MHz edge of the band around the 1470 MHz reference; this tile draws more power under the same cap than the GEMM the roof was measured with, so its fixed-roof fraction is delivered throughput and its issue efficiency is 0.92x away, in roof_at_cell_clock_tflops
  rep 1 T=  3584 s5w8g1       BM= 64 n=14    10.5318 ms (37 iters, clock 1350 MHz)
  ^ DRIFT failed, dropping: under-load clock went 1545 -> 1440 MHz over 24 samples (1545, 1545, 1485, 1485, 1425, 1425, 1425, 1425, 1440, 1440, 1185, 1185, 1335, 1335, 1440, 1440, 1440, 1440, 1455, 1455, 1455, 1455, 1440, 1440); the trials were not at one operating point and the median is a blend
  rep 1 T=  3584 s2w8g1       BM= 64 n=14    11.2882 ms (35 iters, clock 1440 MHz)
  rep 1 T=  3584 s2w4g1       BM= 64 n=14     9.4984 ms (42 iters, clock 1410 MHz)
  ^ kept (LEVEL low is recorded, not excluded): LEVEL LOW (recorded, not an exclusion): loaded clock 1365 MHz is under the 1395 MHz edge of the band around the 1470 MHz reference; this tile draws more power under the same cap than the GEMM the roof was measured with, so its fixed-roof fraction is delivered throughput and its issue efficiency is 0.93x away, in roof_at_cell_clock_tflops
  rep 1 T=  3840 s3w8g1       BM= 64 n=15    11.5170 ms (35 iters, clock 1365 MHz)
  ^ LEVEL LOW (recorded, not an exclusion): loaded clock 1290 MHz is under the 1395 MHz edge of the band around the 1470 MHz reference; this tile draws more power under the same cap than the GEMM the roof was measured with, so its fixed-roof fraction is delivered throughput and its issue efficiency is 0.88x away, in roof_at_cell_clock_tflops; DRIFT failed, oscillating: under-load clock went 1275 -> 1350 MHz over 23 samples (1275, 1275, 1380, 1380, 1410, 1410, 1395, 1395, 1395, 1395, 1155, 1155, 1290, 1290, 1365, 1365, 1200, 1200, 1185, 1185, 1245, 1245, 1350); the trials were not at one operating point and the median is a blend
  rep 1 T=  3840 s3w4g1       BM= 64 n=15    11.3220 ms (34 iters, clock 1290 MHz)
  ^ kept (LEVEL low is recorded, not excluded): LEVEL LOW (recorded, not an exclusion): loaded clock 1358 MHz is under the 1395 MHz edge of the band around the 1470 MHz reference; this tile draws more power under the same cap than the GEMM the roof was measured with, so its fixed-roof fraction is delivered throughput and its issue efficiency is 0.92x away, in roof_at_cell_clock_tflops
  rep 1 T=  3840 s5w8g1       BM= 64 n=15    11.2972 ms (36 iters, clock 1358 MHz)
  ^ kept (LEVEL low is recorded, not excluded): LEVEL LOW (recorded, not an exclusion): loaded clock 1335 MHz is under the 1395 MHz edge of the band around the 1470 MHz reference; this tile draws more power under the same cap than the GEMM the roof was measured with, so its fixed-roof fraction is delivered throughput and its issue efficiency is 0.91x away, in roof_at_cell_clock_tflops
  rep 1 T=  3840 s4w8g1       BM= 64 n=15    11.4080 ms (35 iters, clock 1335 MHz)
  rep 1 T=  3840 s3w8g64      BM= 64 n=15     9.7048 ms (40 iters, clock 1440 MHz)
  rep 1 T=  3840 s3w8g8       BM= 64 n=15     9.2318 ms (43 iters, clock 1500 MHz)
  rep 1 T=  3840 s2w4g1       BM= 64 n=15    10.1208 ms (38 iters, clock 1410 MHz)
  rep 1 T=  3840 s2w8g1       BM= 64 n=15    12.0736 ms (32 iters, clock 1440 MHz)
  rep 1 T=  3840 s3w8g16      BM= 64 n=15     9.1532 ms (43 iters, clock 1500 MHz)
  ^ kept (LEVEL high is recorded, not excluded): LEVEL HIGH (recorded, not an exclusion): loaded clock 1680 MHz is over the 1545 MHz edge of the band around the 1470 MHz reference; the cell ran at 1.14x the issue rate the fixed compute roof assumed, so its fraction of that roof is inflated by the ratio; read roof_at_cell_clock_tflops
  rep 1 T=  4096 s3w8g1       BM=256 n= 4     8.0128 ms (50 iters, clock 1680 MHz)
  ^ kept (LEVEL high is recorded, not excluded): LEVEL HIGH (recorded, not an exclusion): loaded clock 1680 MHz is over the 1545 MHz edge of the band around the 1470 MHz reference; the cell ran at 1.14x the issue rate the fixed compute roof assumed, so its fraction of that roof is inflated by the ratio; read roof_at_cell_clock_tflops
  rep 1 T=  4096 s2w8g1       BM=256 n= 4     8.3481 ms (47 iters, clock 1680 MHz)
  ^ kept (LEVEL high is recorded, not excluded): LEVEL HIGH (recorded, not an exclusion): loaded clock 1755 MHz is over the 1545 MHz edge of the band around the 1470 MHz reference; the cell ran at 1.19x the issue rate the fixed compute roof assumed, so its fraction of that roof is inflated by the ratio; read roof_at_cell_clock_tflops
  rep 1 T=  4096 s3w4g1       BM=256 n= 4     8.3849 ms (48 iters, clock 1755 MHz)
  rep 1 T=  4096 s2w8g1       BM= 64 n=16    12.9223 ms (30 iters, clock 1425 MHz)
  ^ kept (LEVEL high is recorded, not excluded): LEVEL HIGH (recorded, not an exclusion): loaded clock 1635 MHz is over the 1545 MHz edge of the band around the 1470 MHz reference; the cell ran at 1.11x the issue rate the fixed compute roof assumed, so its fraction of that roof is inflated by the ratio; read roof_at_cell_clock_tflops
  rep 1 T=  4096 s3w8g64      BM=256 n= 4     8.1040 ms (50 iters, clock 1635 MHz)
  ^ kept (LEVEL high is recorded, not excluded): LEVEL HIGH (recorded, not an exclusion): loaded clock 1702 MHz is over the 1545 MHz edge of the band around the 1470 MHz reference; the cell ran at 1.16x the issue rate the fixed compute roof assumed, so its fraction of that roof is inflated by the ratio; read roof_at_cell_clock_tflops
  rep 1 T=  4096 s3w8g16      BM=256 n= 4     7.7795 ms (51 iters, clock 1702 MHz)
  rep 1 T=  4096 s3w8g64      BM= 64 n=16    10.1264 ms (40 iters, clock 1455 MHz)
  ^ kept (LEVEL low is recorded, not excluded): LEVEL LOW (recorded, not an exclusion): loaded clock 1380 MHz is under the 1395 MHz edge of the band around the 1470 MHz reference; this tile draws more power under the same cap than the GEMM the roof was measured with, so its fixed-roof fraction is delivered throughput and its issue efficiency is 0.94x away, in roof_at_cell_clock_tflops
  rep 1 T=  4096 s3w4g1       BM= 64 n=16    12.0194 ms (33 iters, clock 1380 MHz)
  ^ kept (LEVEL high is recorded, not excluded): LEVEL HIGH (recorded, not an exclusion): loaded clock 1650 MHz is over the 1545 MHz edge of the band around the 1470 MHz reference; the cell ran at 1.12x the issue rate the fixed compute roof assumed, so its fraction of that roof is inflated by the ratio; read roof_at_cell_clock_tflops
  rep 1 T=  4096 s5w8g1       BM=256 n= 4     7.8269 ms (50 iters, clock 1650 MHz)
  ^ kept (LEVEL high is recorded, not excluded): LEVEL HIGH (recorded, not an exclusion): loaded clock 1725 MHz is over the 1545 MHz edge of the band around the 1470 MHz reference; the cell ran at 1.17x the issue rate the fixed compute roof assumed, so its fraction of that roof is inflated by the ratio; read roof_at_cell_clock_tflops
  rep 1 T=  4096 s3w8g8       BM=256 n= 4     7.6026 ms (52 iters, clock 1725 MHz)
  ^ kept (LEVEL low is recorded, not excluded): LEVEL LOW (recorded, not an exclusion): loaded clock 1365 MHz is under the 1395 MHz edge of the band around the 1470 MHz reference; this tile draws more power under the same cap than the GEMM the roof was measured with, so its fixed-roof fraction is delivered throughput and its issue efficiency is 0.93x away, in roof_at_cell_clock_tflops
  rep 1 T=  4096 s5w8g1       BM= 64 n=16    12.0718 ms (33 iters, clock 1365 MHz)
  rep 1 T=  4096 s3w8g8       BM= 64 n=16     9.5658 ms (41 iters, clock 1500 MHz)
  ^ kept (LEVEL low is recorded, not excluded): LEVEL LOW (recorded, not an exclusion): loaded clock 1380 MHz is under the 1395 MHz edge of the band around the 1470 MHz reference; this tile draws more power under the same cap than the GEMM the roof was measured with, so its fixed-roof fraction is delivered throughput and its issue efficiency is 0.94x away, in roof_at_cell_clock_tflops
  rep 1 T=  4096 s2w4g1       BM= 64 n=16    10.8714 ms (35 iters, clock 1380 MHz)
  rep 1 T=  4096 s3w8g16      BM= 64 n=16     9.3517 ms (42 iters, clock 1530 MHz)
  ^ kept (LEVEL low is recorded, not excluded): LEVEL LOW (recorded, not an exclusion): loaded clock 1298 MHz is under the 1395 MHz edge of the band around the 1470 MHz reference; this tile draws more power under the same cap than the GEMM the roof was measured with, so its fixed-roof fraction is delivered throughput and its issue efficiency is 0.88x away, in roof_at_cell_clock_tflops
  rep 1 T=  4096 s4w8g1       BM= 64 n=16    12.1840 ms (33 iters, clock 1298 MHz)
  ^ kept (LEVEL high is recorded, not excluded): LEVEL HIGH (recorded, not an exclusion): loaded clock 1830 MHz is over the 1545 MHz edge of the band around the 1470 MHz reference; the cell ran at 1.24x the issue rate the fixed compute roof assumed, so its fraction of that roof is inflated by the ratio; read roof_at_cell_clock_tflops
  rep 1 T=  4096 s2w4g1       BM=256 n= 4     8.8809 ms (44 iters, clock 1830 MHz)
  ^ LEVEL LOW (recorded, not an exclusion): loaded clock 1290 MHz is under the 1395 MHz edge of the band around the 1470 MHz reference; this tile draws more power under the same cap than the GEMM the roof was measured with, so its fixed-roof fraction is delivered throughput and its issue efficiency is 0.88x away, in roof_at_cell_clock_tflops; DRIFT failed, settling upward: under-load clock went 1125 -> 1215 MHz over 23 samples (1125, 1125, 1200, 1200, 1275, 1275, 1335, 1335, 1365, 1365, 1380, 1380, 1290, 1290, 1395, 1395, 1365, 1365, 1200, 1200, 1170, 1170, 1215); the trials were not at one operating point and the median is a blend
  rep 1 T=  4096 s3w8g1       BM= 64 n=16    12.3617 ms (31 iters, clock 1290 MHz)
  ^ kept (LEVEL high is recorded, not excluded): LEVEL HIGH (recorded, not an exclusion): loaded clock 1665 MHz is over the 1545 MHz edge of the band around the 1470 MHz reference; the cell ran at 1.13x the issue rate the fixed compute roof assumed, so its fraction of that roof is inflated by the ratio; read roof_at_cell_clock_tflops
  rep 1 T=  4096 s4w8g1       BM=256 n= 4     7.7216 ms (52 iters, clock 1665 MHz)
  rep 2 T=   256 s3w8g16      BM= 64 n= 1     0.8140 ms (485 iters, clock 1425 MHz)
  rep 2 T=   256 s2w8g1       BM= 64 n= 1     0.9171 ms (438 iters, clock 1545 MHz)
  ^ DRIFT failed, dropping: under-load clock went 1710 -> 1440 MHz over 26 samples (1710, 1710, 1455, 1455, 1440, 1440, 1425, 1425, 1425, 1425, 885, 885, 1365, 1365, 1440, 1440, 1455, 1455, 1455, 1455, 1455, 1455, 1440, 1440, 1440, 1440); the trials were not at one operating point and the median is a blend
  rep 2 T=   256 s5w8g1       BM= 64 n= 1     0.7966 ms (501 iters, clock 1440 MHz)
  rep 2 T=   256 s3w8g64      BM= 64 n= 1     0.8096 ms (496 iters, clock 1425 MHz)
  ^ DRIFT failed, dropping: under-load clock went 1725 -> 1470 MHz over 26 samples (1725, 1725, 1455, 1455, 1485, 1485, 1485, 1485, 1485, 1485, 1080, 1080, 1365, 1365, 1500, 1500, 1485, 1485, 1470, 1470, 1485, 1485, 1455, 1455, 1470, 1470); the trials were not at one operating point and the median is a blend
  rep 2 T=   256 s4w8g1       BM= 64 n= 1     0.8501 ms (482 iters, clock 1485 MHz)
  rep 2 T=   256 s3w8g1       BM= 64 n= 1     0.7989 ms (496 iters, clock 1425 MHz)
  ^ DRIFT failed, dropping: under-load clock went 1695 -> 1410 MHz over 26 samples (1695, 1695, 1380, 1380, 1395, 1395, 1425, 1425, 1440, 1440, 975, 975, 1365, 1365, 1440, 1440, 1455, 1455, 1440, 1440, 1410, 1410, 1425, 1425, 1410, 1410); the trials were not at one operating point and the median is a blend
  rep 2 T=   256 s3w8g8       BM= 64 n= 1     0.8102 ms (497 iters, clock 1425 MHz)
  rep 2 T=   256 s2w4g1       BM= 64 n= 1     0.8708 ms (460 iters, clock 1545 MHz)
  ^ DRIFT failed, dropping: under-load clock went 1710 -> 1440 MHz over 26 samples (1710, 1710, 1440, 1440, 1440, 1440, 1455, 1455, 1455, 1455, 1065, 1065, 1410, 1410, 1440, 1440, 1440, 1440, 1440, 1440, 1455, 1455, 1455, 1455, 1440, 1440); the trials were not at one operating point and the median is a blend
  rep 2 T=   256 s3w4g1       BM= 64 n= 1     0.7767 ms (508 iters, clock 1440 MHz)
  ^ kept (LEVEL low is recorded, not excluded): LEVEL LOW (recorded, not an exclusion): loaded clock 1388 MHz is under the 1395 MHz edge of the band around the 1470 MHz reference; this tile draws more power under the same cap than the GEMM the roof was measured with, so its fixed-roof fraction is delivered throughput and its issue efficiency is 0.94x away, in roof_at_cell_clock_tflops
  rep 2 T=   512 s4w8g1       BM= 64 n= 2     1.5094 ms (262 iters, clock 1388 MHz)
  rep 2 T=   512 s2w4g1       BM= 64 n= 2     1.5457 ms (257 iters, clock 1530 MHz)
  ^ DRIFT failed, dropping: under-load clock went 1515 -> 1425 MHz over 25 samples (1515, 1515, 1410, 1410, 1440, 1440, 1440, 1440, 1410, 1410, 990, 990, 1395, 1395, 1440, 1440, 1425, 1425, 1425, 1425, 1425, 1425, 1425, 1425, 1425); the trials were not at one operating point and the median is a blend
  rep 2 T=   512 s3w8g64      BM= 64 n= 2     1.3512 ms (291 iters, clock 1425 MHz)
  ^ DRIFT failed, dropping: under-load clock went 1680 -> 1500 MHz over 25 samples (1680, 1680, 1500, 1500, 1500, 1500, 1515, 1515, 1530, 1530, 1230, 1230, 1455, 1455, 1500, 1500, 1500, 1500, 1500, 1500, 1515, 1515, 1500, 1500, 1500); the trials were not at one operating point and the median is a blend
  rep 2 T=   512 s2w8g1       BM= 64 n= 2     1.6564 ms (240 iters, clock 1500 MHz)
  rep 2 T=   512 s5w8g1       BM= 64 n= 2     1.5212 ms (260 iters, clock 1410 MHz)
  rep 2 T=   512 s3w8g16      BM= 64 n= 2     1.3424 ms (298 iters, clock 1410 MHz)
  rep 2 T=   512 s3w4g1       BM= 64 n= 2     1.4599 ms (273 iters, clock 1410 MHz)
  rep 2 T=   512 s3w8g8       BM= 64 n= 2     1.3046 ms (303 iters, clock 1425 MHz)
  ^ DRIFT failed, dropping: under-load clock went 1650 -> 1425 MHz over 25 samples (1650, 1650, 1350, 1350, 1350, 1350, 1395, 1395, 1425, 1425, 990, 990, 1380, 1380, 1425, 1425, 1395, 1395, 1365, 1365, 1395, 1395, 1425, 1425, 1425); the trials were not at one operating point and the median is a blend
  rep 2 T=   512 s3w8g1       BM= 64 n= 2     1.5180 ms (266 iters, clock 1395 MHz)
  ^ DRIFT failed, dropping: under-load clock went 1455 -> 1365 MHz over 24 samples (1455, 1455, 1380, 1380, 1395, 1395, 1380, 1380, 1410, 1410, 810, 810, 1305, 1305, 1410, 1410, 1410, 1410, 1410, 1410, 1395, 1395, 1365, 1365); the trials were not at one operating point and the median is a blend
  rep 2 T=   768 s3w8g1       BM= 64 n= 3     2.2531 ms (176 iters, clock 1395 MHz)
  rep 2 T=   768 s3w8g16      BM= 64 n= 3     1.9516 ms (201 iters, clock 1440 MHz)
  ^ LEVEL LOW (recorded, not an exclusion): loaded clock 1365 MHz is under the 1395 MHz edge of the band around the 1470 MHz reference; this tile draws more power under the same cap than the GEMM the roof was measured with, so its fixed-roof fraction is delivered throughput and its issue efficiency is 0.93x away, in roof_at_cell_clock_tflops; DRIFT failed, dropping: under-load clock went 1545 -> 1380 MHz over 24 samples (1545, 1545, 1305, 1305, 1320, 1320, 1335, 1335, 1350, 1350, 735, 735, 1320, 1320, 1410, 1410, 1410, 1410, 1395, 1395, 1395, 1395, 1380, 1380); the trials were not at one operating point and the median is a blend
  rep 2 T=   768 s5w8g1       BM= 64 n= 3     2.2806 ms (175 iters, clock 1365 MHz)
  ^ DRIFT failed, dropping: under-load clock went 1515 -> 1425 MHz over 24 samples (1515, 1515, 1425, 1425, 1425, 1425, 1410, 1410, 1440, 1440, 1275, 1275, 1425, 1425, 1410, 1410, 1410, 1410, 1410, 1410, 1425, 1425, 1425, 1425); the trials were not at one operating point and the median is a blend
  rep 2 T=   768 s3w8g8       BM= 64 n= 3     1.9556 ms (204 iters, clock 1425 MHz)
  ^ kept (LEVEL low is recorded, not excluded): LEVEL LOW (recorded, not an exclusion): loaded clock 1350 MHz is under the 1395 MHz edge of the band around the 1470 MHz reference; this tile draws more power under the same cap than the GEMM the roof was measured with, so its fixed-roof fraction is delivered throughput and its issue efficiency is 0.92x away, in roof_at_cell_clock_tflops
  rep 2 T=   768 s4w8g1       BM= 64 n= 3     2.2768 ms (175 iters, clock 1350 MHz)
  rep 2 T=   768 s2w8g1       BM= 64 n= 3     2.4498 ms (163 iters, clock 1485 MHz)
  rep 2 T=   768 s3w8g64      BM= 64 n= 3     1.9643 ms (202 iters, clock 1440 MHz)
  rep 2 T=   768 s3w4g1       BM= 64 n= 3     2.1663 ms (183 iters, clock 1410 MHz)
  rep 2 T=   768 s2w4g1       BM= 64 n= 3     2.0605 ms (194 iters, clock 1440 MHz)
  ^ kept (LEVEL high is recorded, not excluded): LEVEL HIGH (recorded, not an exclusion): loaded clock 1620 MHz is over the 1545 MHz edge of the band around the 1470 MHz reference; the cell ran at 1.10x the issue rate the fixed compute roof assumed, so its fraction of that roof is inflated by the ratio; read roof_at_cell_clock_tflops
  rep 2 T=  1024 s3w8g16      BM=256 n= 1     2.1195 ms (190 iters, clock 1620 MHz)
  rep 2 T=  1024 s3w8g64      BM= 64 n= 4     2.5687 ms (153 iters, clock 1448 MHz)
  rep 2 T=  1024 s2w8g1       BM= 64 n= 4     3.2767 ms (123 iters, clock 1485 MHz)
  ^ kept (LEVEL high is recorded, not excluded): LEVEL HIGH (recorded, not an exclusion): loaded clock 1770 MHz is over the 1545 MHz edge of the band around the 1470 MHz reference; the cell ran at 1.20x the issue rate the fixed compute roof assumed, so its fraction of that roof is inflated by the ratio; read roof_at_cell_clock_tflops
  rep 2 T=  1024 s2w8g1       BM=256 n= 1     2.2178 ms (180 iters, clock 1770 MHz)
  ^ kept (LEVEL low is recorded, not excluded): LEVEL LOW (recorded, not an exclusion): loaded clock 1380 MHz is under the 1395 MHz edge of the band around the 1470 MHz reference; this tile draws more power under the same cap than the GEMM the roof was measured with, so its fixed-roof fraction is delivered throughput and its issue efficiency is 0.94x away, in roof_at_cell_clock_tflops
  rep 2 T=  1024 s5w8g1       BM= 64 n= 4     3.0272 ms (130 iters, clock 1380 MHz)
  ^ kept (LEVEL high is recorded, not excluded): LEVEL HIGH (recorded, not an exclusion): loaded clock 1658 MHz is over the 1545 MHz edge of the band around the 1470 MHz reference; the cell ran at 1.13x the issue rate the fixed compute roof assumed, so its fraction of that roof is inflated by the ratio; read roof_at_cell_clock_tflops
  rep 2 T=  1024 s3w8g1       BM=256 n= 1     2.0682 ms (192 iters, clock 1658 MHz)
  ^ LEVEL HIGH (recorded, not an exclusion): loaded clock 1838 MHz is over the 1545 MHz edge of the band around the 1470 MHz reference; the cell ran at 1.25x the issue rate the fixed compute roof assumed, so its fraction of that roof is inflated by the ratio; read roof_at_cell_clock_tflops; DRIFT failed, dropping: under-load clock went 1935 -> 1785 MHz over 24 samples (1935, 1935, 1845, 1845, 1860, 1860, 1905, 1905, 1890, 1890, 1560, 1560, 1770, 1770, 1800, 1800, 1875, 1875, 1830, 1830, 1815, 1815, 1785, 1785); the trials were not at one operating point and the median is a blend
  rep 2 T=  1024 s2w4g1       BM=256 n= 1     2.3356 ms (172 iters, clock 1838 MHz)
  ^ LEVEL LOW (recorded, not an exclusion): loaded clock 1380 MHz is under the 1395 MHz edge of the band around the 1470 MHz reference; this tile draws more power under the same cap than the GEMM the roof was measured with, so its fixed-roof fraction is delivered throughput and its issue efficiency is 0.94x away, in roof_at_cell_clock_tflops; DRIFT failed, oscillating: under-load clock went 1260 -> 1365 MHz over 24 samples (1260, 1320, 1320, 1380, 1380, 1380, 1380, 1380, 1380, 1380, 1380, 1065, 1065, 1380, 1380, 1395, 1395, 1380, 1380, 1305, 1305, 1335, 1335, 1365); the trials were not at one operating point and the median is a blend
  rep 2 T=  1024 s4w8g1       BM= 64 n= 4     3.0412 ms (129 iters, clock 1380 MHz)
  ^ LEVEL HIGH (recorded, not an exclusion): loaded clock 1620 MHz is over the 1545 MHz edge of the band around the 1470 MHz reference; the cell ran at 1.10x the issue rate the fixed compute roof assumed, so its fraction of that roof is inflated by the ratio; read roof_at_cell_clock_tflops; DRIFT failed, dropping: under-load clock went 1755 -> 1650 MHz over 24 samples (1755, 1755, 1635, 1635, 1620, 1620, 1605, 1605, 1605, 1605, 1410, 1410, 1545, 1545, 1620, 1620, 1635, 1635, 1620, 1620, 1665, 1665, 1650, 1650); the trials were not at one operating point and the median is a blend
  rep 2 T=  1024 s3w8g64      BM=256 n= 1     2.1274 ms (188 iters, clock 1620 MHz)
  ^ kept (LEVEL high is recorded, not excluded): LEVEL HIGH (recorded, not an exclusion): loaded clock 1680 MHz is over the 1545 MHz edge of the band around the 1470 MHz reference; the cell ran at 1.14x the issue rate the fixed compute roof assumed, so its fraction of that roof is inflated by the ratio; read roof_at_cell_clock_tflops
  rep 2 T=  1024 s5w8g1       BM=256 n= 1     1.9891 ms (200 iters, clock 1680 MHz)
  rep 2 T=  1024 s3w4g1       BM= 64 n= 4     2.9026 ms (137 iters, clock 1395 MHz)
  rep 2 T=  1024 s3w8g8       BM= 64 n= 4     2.4361 ms (165 iters, clock 1485 MHz)
  ^ kept (LEVEL high is recorded, not excluded): LEVEL HIGH (recorded, not an exclusion): loaded clock 1635 MHz is over the 1545 MHz edge of the band around the 1470 MHz reference; the cell ran at 1.11x the issue rate the fixed compute roof assumed, so its fraction of that roof is inflated by the ratio; read roof_at_cell_clock_tflops
  rep 2 T=  1024 s3w8g8       BM=256 n= 1     2.0920 ms (190 iters, clock 1635 MHz)
  ^ kept (LEVEL low is recorded, not excluded): LEVEL LOW (recorded, not an exclusion): loaded clock 1380 MHz is under the 1395 MHz edge of the band around the 1470 MHz reference; this tile draws more power under the same cap than the GEMM the roof was measured with, so its fixed-roof fraction is delivered throughput and its issue efficiency is 0.94x away, in roof_at_cell_clock_tflops
  rep 2 T=  1024 s3w8g1       BM= 64 n= 4     3.0257 ms (134 iters, clock 1380 MHz)
  rep 2 T=  1024 s3w8g16      BM= 64 n= 4     2.4572 ms (161 iters, clock 1470 MHz)
  ^ kept (LEVEL high is recorded, not excluded): LEVEL HIGH (recorded, not an exclusion): loaded clock 1680 MHz is over the 1545 MHz edge of the band around the 1470 MHz reference; the cell ran at 1.14x the issue rate the fixed compute roof assumed, so its fraction of that roof is inflated by the ratio; read roof_at_cell_clock_tflops
  rep 2 T=  1024 s4w8g1       BM=256 n= 1     1.9826 ms (202 iters, clock 1680 MHz)
  rep 2 T=  1024 s2w4g1       BM= 64 n= 4     2.7904 ms (142 iters, clock 1440 MHz)
  ^ LEVEL HIGH (recorded, not an exclusion): loaded clock 1770 MHz is over the 1545 MHz edge of the band around the 1470 MHz reference; the cell ran at 1.20x the issue rate the fixed compute roof assumed, so its fraction of that roof is inflated by the ratio; read roof_at_cell_clock_tflops; DRIFT failed, dropping: under-load clock went 1890 -> 1770 MHz over 25 samples (1890, 1890, 1800, 1800, 1785, 1785, 1770, 1770, 1770, 1770, 1455, 1455, 1665, 1665, 1755, 1755, 1770, 1770, 1785, 1785, 1785, 1785, 1785, 1785, 1770); the trials were not at one operating point and the median is a blend
  rep 2 T=  1024 s3w4g1       BM=256 n= 1     2.1425 ms (188 iters, clock 1770 MHz)
  ^ kept (LEVEL low is recorded, not excluded): LEVEL LOW (recorded, not an exclusion): loaded clock 1365 MHz is under the 1395 MHz edge of the band around the 1470 MHz reference; this tile draws more power under the same cap than the GEMM the roof was measured with, so its fixed-roof fraction is delivered throughput and its issue efficiency is 0.93x away, in roof_at_cell_clock_tflops
  rep 2 T=  1280 s4w8g1       BM= 64 n= 5     3.7833 ms (106 iters, clock 1365 MHz)
  rep 2 T=  1280 s5w8g1       BM= 64 n= 5     3.7531 ms (106 iters, clock 1395 MHz)
  ^ kept (LEVEL low is recorded, not excluded): LEVEL LOW (recorded, not an exclusion): loaded clock 1380 MHz is under the 1395 MHz edge of the band around the 1470 MHz reference; this tile draws more power under the same cap than the GEMM the roof was measured with, so its fixed-roof fraction is delivered throughput and its issue efficiency is 0.94x away, in roof_at_cell_clock_tflops
  rep 2 T=  1280 s3w8g1       BM= 64 n= 5     3.7600 ms (104 iters, clock 1380 MHz)
  rep 2 T=  1280 s3w8g64      BM= 64 n= 5     3.2297 ms (124 iters, clock 1455 MHz)
  ^ DRIFT failed, dropping: under-load clock went 1590 -> 1470 MHz over 24 samples (1590, 1590, 1470, 1470, 1455, 1455, 1470, 1470, 1455, 1455, 1170, 1170, 1425, 1425, 1470, 1470, 1455, 1455, 1455, 1455, 1515, 1515, 1470, 1470); the trials were not at one operating point and the median is a blend
  rep 2 T=  1280 s2w8g1       BM= 64 n= 5     3.9830 ms (100 iters, clock 1462 MHz)
  rep 2 T=  1280 s3w4g1       BM= 64 n= 5     3.6566 ms (108 iters, clock 1395 MHz)
  rep 2 T=  1280 s3w8g8       BM= 64 n= 5     3.1700 ms (124 iters, clock 1455 MHz)
  rep 2 T=  1280 s2w4g1       BM= 64 n= 5     3.5057 ms (113 iters, clock 1455 MHz)
  rep 2 T=  1280 s3w8g16      BM= 64 n= 5     3.1475 ms (125 iters, clock 1470 MHz)
  rep 2 T=  1536 s2w4g1       BM= 64 n= 6     4.0992 ms (97 iters, clock 1440 MHz)
  ^ kept (LEVEL low is recorded, not excluded): LEVEL LOW (recorded, not an exclusion): loaded clock 1372 MHz is under the 1395 MHz edge of the band around the 1470 MHz reference; this tile draws more power under the same cap than the GEMM the roof was measured with, so its fixed-roof fraction is delivered throughput and its issue efficiency is 0.93x away, in roof_at_cell_clock_tflops
  rep 2 T=  1536 s3w8g1       BM= 64 n= 6     4.5625 ms (87 iters, clock 1372 MHz)
  ^ kept (LEVEL low is recorded, not excluded): LEVEL LOW (recorded, not an exclusion): loaded clock 1380 MHz is under the 1395 MHz edge of the band around the 1470 MHz reference; this tile draws more power under the same cap than the GEMM the roof was measured with, so its fixed-roof fraction is delivered throughput and its issue efficiency is 0.94x away, in roof_at_cell_clock_tflops
  rep 2 T=  1536 s3w4g1       BM= 64 n= 6     4.4212 ms (91 iters, clock 1380 MHz)
  rep 2 T=  1536 s2w8g1       BM= 64 n= 6     4.8397 ms (82 iters, clock 1455 MHz)
  rep 2 T=  1536 s3w8g64      BM= 64 n= 6     3.8771 ms (100 iters, clock 1455 MHz)
  ^ kept (LEVEL low is recorded, not excluded): LEVEL LOW (recorded, not an exclusion): loaded clock 1350 MHz is under the 1395 MHz edge of the band around the 1470 MHz reference; this tile draws more power under the same cap than the GEMM the roof was measured with, so its fixed-roof fraction is delivered throughput and its issue efficiency is 0.92x away, in roof_at_cell_clock_tflops
  rep 2 T=  1536 s4w8g1       BM= 64 n= 6     4.5392 ms (88 iters, clock 1350 MHz)
  ^ kept (LEVEL low is recorded, not excluded): LEVEL LOW (recorded, not an exclusion): loaded clock 1388 MHz is under the 1395 MHz edge of the band around the 1470 MHz reference; this tile draws more power under the same cap than the GEMM the roof was measured with, so its fixed-roof fraction is delivered throughput and its issue efficiency is 0.94x away, in roof_at_cell_clock_tflops
  rep 2 T=  1536 s5w8g1       BM= 64 n= 6     4.5228 ms (88 iters, clock 1388 MHz)
  rep 2 T=  1536 s3w8g16      BM= 64 n= 6     3.7137 ms (105 iters, clock 1470 MHz)
  rep 2 T=  1536 s3w8g8       BM= 64 n= 6     3.7538 ms (106 iters, clock 1470 MHz)
  rep 2 T=  1792 s2w8g1       BM= 64 n= 7     5.5805 ms (73 iters, clock 1485 MHz)
  ^ kept (LEVEL low is recorded, not excluded): LEVEL LOW (recorded, not an exclusion): loaded clock 1328 MHz is under the 1395 MHz edge of the band around the 1470 MHz reference; this tile draws more power under the same cap than the GEMM the roof was measured with, so its fixed-roof fraction is delivered throughput and its issue efficiency is 0.90x away, in roof_at_cell_clock_tflops
  rep 2 T=  1792 s3w8g1       BM= 64 n= 7     5.3237 ms (74 iters, clock 1328 MHz)
  ^ kept (LEVEL low is recorded, not excluded): LEVEL LOW (recorded, not an exclusion): loaded clock 1380 MHz is under the 1395 MHz edge of the band around the 1470 MHz reference; this tile draws more power under the same cap than the GEMM the roof was measured with, so its fixed-roof fraction is delivered throughput and its issue efficiency is 0.94x away, in roof_at_cell_clock_tflops
  rep 2 T=  1792 s3w4g1       BM= 64 n= 7     5.1871 ms (77 iters, clock 1380 MHz)
  rep 2 T=  1792 s3w8g8       BM= 64 n= 7     4.3962 ms (90 iters, clock 1470 MHz)
  rep 2 T=  1792 s2w4g1       BM= 64 n= 7     4.5713 ms (86 iters, clock 1425 MHz)
  rep 2 T=  1792 s3w8g16      BM= 64 n= 7     4.3367 ms (92 iters, clock 1478 MHz)
  ^ kept (LEVEL low is recorded, not excluded): LEVEL LOW (recorded, not an exclusion): loaded clock 1342 MHz is under the 1395 MHz edge of the band around the 1470 MHz reference; this tile draws more power under the same cap than the GEMM the roof was measured with, so its fixed-roof fraction is delivered throughput and its issue efficiency is 0.91x away, in roof_at_cell_clock_tflops
  rep 2 T=  1792 s4w8g1       BM= 64 n= 7     5.2845 ms (75 iters, clock 1342 MHz)
  ^ kept (LEVEL low is recorded, not excluded): LEVEL LOW (recorded, not an exclusion): loaded clock 1380 MHz is under the 1395 MHz edge of the band around the 1470 MHz reference; this tile draws more power under the same cap than the GEMM the roof was measured with, so its fixed-roof fraction is delivered throughput and its issue efficiency is 0.94x away, in roof_at_cell_clock_tflops
  rep 2 T=  1792 s5w8g1       BM= 64 n= 7     5.2709 ms (75 iters, clock 1380 MHz)
  rep 2 T=  1792 s3w8g64      BM= 64 n= 7     4.5644 ms (87 iters, clock 1470 MHz)
  ^ kept (LEVEL high is recorded, not excluded): LEVEL HIGH (recorded, not an exclusion): loaded clock 1852 MHz is over the 1545 MHz edge of the band around the 1470 MHz reference; the cell ran at 1.26x the issue rate the fixed compute roof assumed, so its fraction of that roof is inflated by the ratio; read roof_at_cell_clock_tflops
  rep 2 T=  2048 s2w4g1       BM=256 n= 2     4.5495 ms (87 iters, clock 1852 MHz)
  rep 2 T=  2048 s3w8g64      BM= 64 n= 8     5.1932 ms (75 iters, clock 1440 MHz)
  rep 2 T=  2048 s2w8g1       BM= 64 n= 8     6.4485 ms (62 iters, clock 1440 MHz)
  rep 2 T=  2048 s3w8g8       BM= 64 n= 8     4.7203 ms (84 iters, clock 1492 MHz)
  ^ kept (LEVEL low is recorded, not excluded): LEVEL LOW (recorded, not an exclusion): loaded clock 1380 MHz is under the 1395 MHz edge of the band around the 1470 MHz reference; this tile draws more power under the same cap than the GEMM the roof was measured with, so its fixed-roof fraction is delivered throughput and its issue efficiency is 0.94x away, in roof_at_cell_clock_tflops
  rep 2 T=  2048 s3w4g1       BM= 64 n= 8     5.9109 ms (67 iters, clock 1380 MHz)
  ^ kept (LEVEL low is recorded, not excluded): LEVEL LOW (recorded, not an exclusion): loaded clock 1372 MHz is under the 1395 MHz edge of the band around the 1470 MHz reference; this tile draws more power under the same cap than the GEMM the roof was measured with, so its fixed-roof fraction is delivered throughput and its issue efficiency is 0.93x away, in roof_at_cell_clock_tflops
  rep 2 T=  2048 s5w8g1       BM= 64 n= 8     6.0364 ms (67 iters, clock 1372 MHz)
  ^ kept (LEVEL low is recorded, not excluded): LEVEL LOW (recorded, not an exclusion): loaded clock 1335 MHz is under the 1395 MHz edge of the band around the 1470 MHz reference; this tile draws more power under the same cap than the GEMM the roof was measured with, so its fixed-roof fraction is delivered throughput and its issue efficiency is 0.91x away, in roof_at_cell_clock_tflops
  rep 2 T=  2048 s4w8g1       BM= 64 n= 8     6.0436 ms (65 iters, clock 1335 MHz)
  rep 2 T=  2048 s2w4g1       BM= 64 n= 8     5.4690 ms (72 iters, clock 1425 MHz)
  ^ LEVEL HIGH (recorded, not an exclusion): loaded clock 1650 MHz is over the 1545 MHz edge of the band around the 1470 MHz reference; the cell ran at 1.12x the issue rate the fixed compute roof assumed, so its fraction of that roof is inflated by the ratio; read roof_at_cell_clock_tflops; DRIFT failed, dropping: under-load clock went 1785 -> 1635 MHz over 24 samples (1785, 1785, 1695, 1695, 1620, 1620, 1620, 1620, 1650, 1650, 1410, 1410, 1575, 1575, 1650, 1650, 1665, 1665, 1695, 1695, 1650, 1650, 1635, 1635); the trials were not at one operating point and the median is a blend
  rep 2 T=  2048 s3w8g16      BM=256 n= 2     4.0270 ms (100 iters, clock 1650 MHz)
  ^ kept (LEVEL high is recorded, not excluded): LEVEL HIGH (recorded, not an exclusion): loaded clock 1695 MHz is over the 1545 MHz edge of the band around the 1470 MHz reference; the cell ran at 1.15x the issue rate the fixed compute roof assumed, so its fraction of that roof is inflated by the ratio; read roof_at_cell_clock_tflops
  rep 2 T=  2048 s3w8g8       BM=256 n= 2     3.9447 ms (100 iters, clock 1695 MHz)
  ^ kept (LEVEL high is recorded, not excluded): LEVEL HIGH (recorded, not an exclusion): loaded clock 1635 MHz is over the 1545 MHz edge of the band around the 1470 MHz reference; the cell ran at 1.11x the issue rate the fixed compute roof assumed, so its fraction of that roof is inflated by the ratio; read roof_at_cell_clock_tflops
  rep 2 T=  2048 s3w8g64      BM=256 n= 2     4.0696 ms (98 iters, clock 1635 MHz)
  ^ kept (LEVEL low is recorded, not excluded): LEVEL LOW (recorded, not an exclusion): loaded clock 1358 MHz is under the 1395 MHz edge of the band around the 1470 MHz reference; this tile draws more power under the same cap than the GEMM the roof was measured with, so its fixed-roof fraction is delivered throughput and its issue efficiency is 0.92x away, in roof_at_cell_clock_tflops
  rep 2 T=  2048 s3w8g1       BM= 64 n= 8     6.0682 ms (65 iters, clock 1358 MHz)
  ^ kept (LEVEL high is recorded, not excluded): LEVEL HIGH (recorded, not an exclusion): loaded clock 1680 MHz is over the 1545 MHz edge of the band around the 1470 MHz reference; the cell ran at 1.14x the issue rate the fixed compute roof assumed, so its fraction of that roof is inflated by the ratio; read roof_at_cell_clock_tflops
  rep 2 T=  2048 s4w8g1       BM=256 n= 2     3.8914 ms (103 iters, clock 1680 MHz)
  ^ kept (LEVEL high is recorded, not excluded): LEVEL HIGH (recorded, not an exclusion): loaded clock 1650 MHz is over the 1545 MHz edge of the band around the 1470 MHz reference; the cell ran at 1.12x the issue rate the fixed compute roof assumed, so its fraction of that roof is inflated by the ratio; read roof_at_cell_clock_tflops
  rep 2 T=  2048 s5w8g1       BM=256 n= 2     3.9163 ms (102 iters, clock 1650 MHz)
  ^ kept (LEVEL high is recorded, not excluded): LEVEL HIGH (recorded, not an exclusion): loaded clock 1695 MHz is over the 1545 MHz edge of the band around the 1470 MHz reference; the cell ran at 1.15x the issue rate the fixed compute roof assumed, so its fraction of that roof is inflated by the ratio; read roof_at_cell_clock_tflops
  rep 2 T=  2048 s2w8g1       BM=256 n= 2     4.2761 ms (93 iters, clock 1695 MHz)
  ^ kept (LEVEL high is recorded, not excluded): LEVEL HIGH (recorded, not an exclusion): loaded clock 1680 MHz is over the 1545 MHz edge of the band around the 1470 MHz reference; the cell ran at 1.14x the issue rate the fixed compute roof assumed, so its fraction of that roof is inflated by the ratio; read roof_at_cell_clock_tflops
  rep 2 T=  2048 s3w8g1       BM=256 n= 2     4.0310 ms (100 iters, clock 1680 MHz)
  ^ kept (LEVEL high is recorded, not excluded): LEVEL HIGH (recorded, not an exclusion): loaded clock 1770 MHz is over the 1545 MHz edge of the band around the 1470 MHz reference; the cell ran at 1.20x the issue rate the fixed compute roof assumed, so its fraction of that roof is inflated by the ratio; read roof_at_cell_clock_tflops
  rep 2 T=  2048 s3w4g1       BM=256 n= 2     4.2228 ms (94 iters, clock 1770 MHz)
  rep 2 T=  2048 s3w8g16      BM= 64 n= 8     4.8066 ms (81 iters, clock 1470 MHz)
  rep 2 T=  2304 s3w8g64      BM= 64 n= 9     5.7774 ms (69 iters, clock 1478 MHz)
  rep 2 T=  2304 s3w8g8       BM= 64 n= 9     5.5913 ms (70 iters, clock 1470 MHz)
  rep 2 T=  2304 s3w8g16      BM= 64 n= 9     5.5533 ms (72 iters, clock 1455 MHz)
  ^ kept (LEVEL low is recorded, not excluded): LEVEL LOW (recorded, not an exclusion): loaded clock 1350 MHz is under the 1395 MHz edge of the band around the 1470 MHz reference; this tile draws more power under the same cap than the GEMM the roof was measured with, so its fixed-roof fraction is delivered throughput and its issue efficiency is 0.92x away, in roof_at_cell_clock_tflops
  rep 2 T=  2304 s3w8g1       BM= 64 n= 9     6.8438 ms (58 iters, clock 1350 MHz)
  rep 2 T=  2304 s2w8g1       BM= 64 n= 9     7.2867 ms (54 iters, clock 1455 MHz)
  ^ kept (LEVEL low is recorded, not excluded): LEVEL LOW (recorded, not an exclusion): loaded clock 1365 MHz is under the 1395 MHz edge of the band around the 1470 MHz reference; this tile draws more power under the same cap than the GEMM the roof was measured with, so its fixed-roof fraction is delivered throughput and its issue efficiency is 0.93x away, in roof_at_cell_clock_tflops
  rep 2 T=  2304 s5w8g1       BM= 64 n= 9     6.7969 ms (58 iters, clock 1365 MHz)
  rep 2 T=  2304 s2w4g1       BM= 64 n= 9     6.0023 ms (67 iters, clock 1425 MHz)
  ^ kept (LEVEL low is recorded, not excluded): LEVEL LOW (recorded, not an exclusion): loaded clock 1335 MHz is under the 1395 MHz edge of the band around the 1470 MHz reference; this tile draws more power under the same cap than the GEMM the roof was measured with, so its fixed-roof fraction is delivered throughput and its issue efficiency is 0.91x away, in roof_at_cell_clock_tflops
  rep 2 T=  2304 s4w8g1       BM= 64 n= 9     6.8469 ms (59 iters, clock 1335 MHz)
  ^ kept (LEVEL low is recorded, not excluded): LEVEL LOW (recorded, not an exclusion): loaded clock 1380 MHz is under the 1395 MHz edge of the band around the 1470 MHz reference; this tile draws more power under the same cap than the GEMM the roof was measured with, so its fixed-roof fraction is delivered throughput and its issue efficiency is 0.94x away, in roof_at_cell_clock_tflops
  rep 2 T=  2304 s3w4g1       BM= 64 n= 9     6.7040 ms (59 iters, clock 1380 MHz)
  rep 2 T=  2560 s3w8g16      BM= 64 n=10     6.1018 ms (64 iters, clock 1485 MHz)
  rep 2 T=  2560 s3w8g64      BM= 64 n=10     6.2850 ms (64 iters, clock 1485 MHz)
  rep 2 T=  2560 s2w8g1       BM= 64 n=10     8.0413 ms (49 iters, clock 1455 MHz)
  rep 2 T=  2560 s3w8g8       BM= 64 n=10     6.1476 ms (66 iters, clock 1492 MHz)
  ^ kept (LEVEL low is recorded, not excluded): LEVEL LOW (recorded, not an exclusion): loaded clock 1380 MHz is under the 1395 MHz edge of the band around the 1470 MHz reference; this tile draws more power under the same cap than the GEMM the roof was measured with, so its fixed-roof fraction is delivered throughput and its issue efficiency is 0.94x away, in roof_at_cell_clock_tflops
  rep 2 T=  2560 s3w4g1       BM= 64 n=10     7.4311 ms (53 iters, clock 1380 MHz)
  ^ kept (LEVEL low is recorded, not excluded): LEVEL LOW (recorded, not an exclusion): loaded clock 1335 MHz is under the 1395 MHz edge of the band around the 1470 MHz reference; this tile draws more power under the same cap than the GEMM the roof was measured with, so its fixed-roof fraction is delivered throughput and its issue efficiency is 0.91x away, in roof_at_cell_clock_tflops
  rep 2 T=  2560 s3w8g1       BM= 64 n=10     7.6432 ms (51 iters, clock 1335 MHz)
  ^ kept (LEVEL low is recorded, not excluded): LEVEL LOW (recorded, not an exclusion): loaded clock 1320 MHz is under the 1395 MHz edge of the band around the 1470 MHz reference; this tile draws more power under the same cap than the GEMM the roof was measured with, so its fixed-roof fraction is delivered throughput and its issue efficiency is 0.90x away, in roof_at_cell_clock_tflops
  rep 2 T=  2560 s4w8g1       BM= 64 n=10     7.5844 ms (53 iters, clock 1320 MHz)
  rep 2 T=  2560 s2w4g1       BM= 64 n=10     6.9859 ms (57 iters, clock 1418 MHz)
  ^ kept (LEVEL low is recorded, not excluded): LEVEL LOW (recorded, not an exclusion): loaded clock 1358 MHz is under the 1395 MHz edge of the band around the 1470 MHz reference; this tile draws more power under the same cap than the GEMM the roof was measured with, so its fixed-roof fraction is delivered throughput and its issue efficiency is 0.92x away, in roof_at_cell_clock_tflops
  rep 2 T=  2560 s5w8g1       BM= 64 n=10     7.4925 ms (53 iters, clock 1358 MHz)
  ^ kept (LEVEL low is recorded, not excluded): LEVEL LOW (recorded, not an exclusion): loaded clock 1380 MHz is under the 1395 MHz edge of the band around the 1470 MHz reference; this tile draws more power under the same cap than the GEMM the roof was measured with, so its fixed-roof fraction is delivered throughput and its issue efficiency is 0.94x away, in roof_at_cell_clock_tflops
  rep 2 T=  2816 s3w4g1       BM= 64 n=11     8.1767 ms (49 iters, clock 1380 MHz)
  ^ kept (LEVEL low is recorded, not excluded): LEVEL LOW (recorded, not an exclusion): loaded clock 1335 MHz is under the 1395 MHz edge of the band around the 1470 MHz reference; this tile draws more power under the same cap than the GEMM the roof was measured with, so its fixed-roof fraction is delivered throughput and its issue efficiency is 0.91x away, in roof_at_cell_clock_tflops
  rep 2 T=  2816 s4w8g1       BM= 64 n=11     8.3346 ms (47 iters, clock 1335 MHz)
  ^ kept (LEVEL low is recorded, not excluded): LEVEL LOW (recorded, not an exclusion): loaded clock 1350 MHz is under the 1395 MHz edge of the band around the 1470 MHz reference; this tile draws more power under the same cap than the GEMM the roof was measured with, so its fixed-roof fraction is delivered throughput and its issue efficiency is 0.92x away, in roof_at_cell_clock_tflops
  rep 2 T=  2816 s5w8g1       BM= 64 n=11     8.2502 ms (48 iters, clock 1350 MHz)
  rep 2 T=  2816 s2w8g1       BM= 64 n=11     8.8338 ms (44 iters, clock 1440 MHz)
  rep 2 T=  2816 s2w4g1       BM= 64 n=11     7.6431 ms (53 iters, clock 1410 MHz)
  rep 2 T=  2816 s3w8g16      BM= 64 n=11     6.7289 ms (59 iters, clock 1478 MHz)
  rep 2 T=  2816 s3w8g8       BM= 64 n=11     6.7986 ms (58 iters, clock 1478 MHz)
  ^ kept (LEVEL low is recorded, not excluded): LEVEL LOW (recorded, not an exclusion): loaded clock 1342 MHz is under the 1395 MHz edge of the band around the 1470 MHz reference; this tile draws more power under the same cap than the GEMM the roof was measured with, so its fixed-roof fraction is delivered throughput and its issue efficiency is 0.91x away, in roof_at_cell_clock_tflops
  rep 2 T=  2816 s3w8g1       BM= 64 n=11     8.4374 ms (47 iters, clock 1342 MHz)
  rep 2 T=  2816 s3w8g64      BM= 64 n=11     6.9930 ms (57 iters, clock 1470 MHz)
  ^ kept (LEVEL high is recorded, not excluded): LEVEL HIGH (recorded, not an exclusion): loaded clock 1650 MHz is over the 1545 MHz edge of the band around the 1470 MHz reference; the cell ran at 1.12x the issue rate the fixed compute roof assumed, so its fraction of that roof is inflated by the ratio; read roof_at_cell_clock_tflops
  rep 2 T=  3072 s3w8g1       BM=256 n= 3     6.0526 ms (66 iters, clock 1650 MHz)
  ^ kept (LEVEL low is recorded, not excluded): LEVEL LOW (recorded, not an exclusion): loaded clock 1328 MHz is under the 1395 MHz edge of the band around the 1470 MHz reference; this tile draws more power under the same cap than the GEMM the roof was measured with, so its fixed-roof fraction is delivered throughput and its issue efficiency is 0.90x away, in roof_at_cell_clock_tflops
  rep 2 T=  3072 s3w8g1       BM= 64 n=12     9.2006 ms (43 iters, clock 1328 MHz)
  ^ kept (LEVEL high is recorded, not excluded): LEVEL HIGH (recorded, not an exclusion): loaded clock 1778 MHz is over the 1545 MHz edge of the band around the 1470 MHz reference; the cell ran at 1.21x the issue rate the fixed compute roof assumed, so its fraction of that roof is inflated by the ratio; read roof_at_cell_clock_tflops
  rep 2 T=  3072 s3w4g1       BM=256 n= 3     6.2391 ms (64 iters, clock 1778 MHz)
  rep 2 T=  3072 s2w8g1       BM= 64 n=12     9.7010 ms (39 iters, clock 1425 MHz)
  ^ kept (LEVEL high is recorded, not excluded): LEVEL HIGH (recorded, not an exclusion): loaded clock 1710 MHz is over the 1545 MHz edge of the band around the 1470 MHz reference; the cell ran at 1.16x the issue rate the fixed compute roof assumed, so its fraction of that roof is inflated by the ratio; read roof_at_cell_clock_tflops
  rep 2 T=  3072 s3w8g8       BM=256 n= 3     5.8181 ms (68 iters, clock 1710 MHz)
  ^ LEVEL LOW (recorded, not an exclusion): loaded clock 1365 MHz is under the 1395 MHz edge of the band around the 1470 MHz reference; this tile draws more power under the same cap than the GEMM the roof was measured with, so its fixed-roof fraction is delivered throughput and its issue efficiency is 0.93x away, in roof_at_cell_clock_tflops; DRIFT failed, settling upward: under-load clock went 1155 -> 1320 MHz over 23 samples (1155, 1335, 1335, 1365, 1365, 1395, 1395, 1410, 1410, 1410, 1410, 1125, 1125, 1365, 1365, 1380, 1380, 1260, 1260, 1230, 1230, 1320, 1320); the trials were not at one operating point and the median is a blend
  rep 2 T=  3072 s3w4g1       BM= 64 n=12     8.9890 ms (43 iters, clock 1365 MHz)
  rep 2 T=  3072 s3w8g64      BM= 64 n=12     7.5504 ms (54 iters, clock 1470 MHz)
  ^ kept (LEVEL low is recorded, not excluded): LEVEL LOW (recorded, not an exclusion): loaded clock 1320 MHz is under the 1395 MHz edge of the band around the 1470 MHz reference; this tile draws more power under the same cap than the GEMM the roof was measured with, so its fixed-roof fraction is delivered throughput and its issue efficiency is 0.90x away, in roof_at_cell_clock_tflops
  rep 2 T=  3072 s4w8g1       BM= 64 n=12     9.0710 ms (44 iters, clock 1320 MHz)
  ^ kept (LEVEL high is recorded, not excluded): LEVEL HIGH (recorded, not an exclusion): loaded clock 1815 MHz is over the 1545 MHz edge of the band around the 1470 MHz reference; the cell ran at 1.23x the issue rate the fixed compute roof assumed, so its fraction of that roof is inflated by the ratio; read roof_at_cell_clock_tflops
  rep 2 T=  3072 s2w4g1       BM=256 n= 3     6.8292 ms (59 iters, clock 1815 MHz)
  rep 2 T=  3072 s3w8g8       BM= 64 n=12     7.3241 ms (52 iters, clock 1485 MHz)
  ^ kept (LEVEL low is recorded, not excluded): LEVEL LOW (recorded, not an exclusion): loaded clock 1350 MHz is under the 1395 MHz edge of the band around the 1470 MHz reference; this tile draws more power under the same cap than the GEMM the roof was measured with, so its fixed-roof fraction is delivered throughput and its issue efficiency is 0.92x away, in roof_at_cell_clock_tflops
  rep 2 T=  3072 s5w8g1       BM= 64 n=12     9.0180 ms (43 iters, clock 1350 MHz)
  ^ kept (LEVEL high is recorded, not excluded): LEVEL HIGH (recorded, not an exclusion): loaded clock 1658 MHz is over the 1545 MHz edge of the band around the 1470 MHz reference; the cell ran at 1.13x the issue rate the fixed compute roof assumed, so its fraction of that roof is inflated by the ratio; read roof_at_cell_clock_tflops
  rep 2 T=  3072 s5w8g1       BM=256 n= 3     5.8406 ms (69 iters, clock 1658 MHz)
  ^ kept (LEVEL high is recorded, not excluded): LEVEL HIGH (recorded, not an exclusion): loaded clock 1665 MHz is over the 1545 MHz edge of the band around the 1470 MHz reference; the cell ran at 1.13x the issue rate the fixed compute roof assumed, so its fraction of that roof is inflated by the ratio; read roof_at_cell_clock_tflops
  rep 2 T=  3072 s3w8g16      BM=256 n= 3     5.9556 ms (66 iters, clock 1665 MHz)
  ^ kept (LEVEL high is recorded, not excluded): LEVEL HIGH (recorded, not an exclusion): loaded clock 1650 MHz is over the 1545 MHz edge of the band around the 1470 MHz reference; the cell ran at 1.12x the issue rate the fixed compute roof assumed, so its fraction of that roof is inflated by the ratio; read roof_at_cell_clock_tflops
  rep 2 T=  3072 s4w8g1       BM=256 n= 3     5.8225 ms (69 iters, clock 1650 MHz)
  ^ kept (LEVEL high is recorded, not excluded): LEVEL HIGH (recorded, not an exclusion): loaded clock 1688 MHz is over the 1545 MHz edge of the band around the 1470 MHz reference; the cell ran at 1.15x the issue rate the fixed compute roof assumed, so its fraction of that roof is inflated by the ratio; read roof_at_cell_clock_tflops
  rep 2 T=  3072 s2w8g1       BM=256 n= 3     6.3781 ms (62 iters, clock 1688 MHz)
  rep 2 T=  3072 s2w4g1       BM= 64 n=12     8.5423 ms (46 iters, clock 1410 MHz)
  rep 2 T=  3072 s3w8g16      BM= 64 n=12     7.2929 ms (54 iters, clock 1485 MHz)
  ^ kept (LEVEL high is recorded, not excluded): LEVEL HIGH (recorded, not an exclusion): loaded clock 1650 MHz is over the 1545 MHz edge of the band around the 1470 MHz reference; the cell ran at 1.12x the issue rate the fixed compute roof assumed, so its fraction of that roof is inflated by the ratio; read roof_at_cell_clock_tflops
  rep 2 T=  3072 s3w8g64      BM=256 n= 3     6.0182 ms (67 iters, clock 1650 MHz)
  rep 2 T=  3328 s3w8g16      BM= 64 n=13     7.9003 ms (50 iters, clock 1492 MHz)
  ^ LEVEL LOW (recorded, not an exclusion): loaded clock 1380 MHz is under the 1395 MHz edge of the band around the 1470 MHz reference; this tile draws more power under the same cap than the GEMM the roof was measured with, so its fixed-roof fraction is delivered throughput and its issue efficiency is 0.94x away, in roof_at_cell_clock_tflops; DRIFT failed, oscillating: under-load clock went 1275 -> 1380 MHz over 23 samples (1275, 1380, 1380, 1380, 1380, 1380, 1380, 1380, 1380, 1395, 1395, 990, 990, 1335, 1335, 1380, 1380, 1305, 1305, 1335, 1335, 1380, 1380); the trials were not at one operating point and the median is a blend
  rep 2 T=  3328 s3w4g1       BM= 64 n=13     9.7691 ms (40 iters, clock 1380 MHz)
  ^ kept (LEVEL low is recorded, not excluded): LEVEL LOW (recorded, not an exclusion): loaded clock 1365 MHz is under the 1395 MHz edge of the band around the 1470 MHz reference; this tile draws more power under the same cap than the GEMM the roof was measured with, so its fixed-roof fraction is delivered throughput and its issue efficiency is 0.93x away, in roof_at_cell_clock_tflops
  rep 2 T=  3328 s5w8g1       BM= 64 n=13     9.8052 ms (40 iters, clock 1365 MHz)
  rep 2 T=  3328 s3w8g8       BM= 64 n=13     8.0023 ms (49 iters, clock 1485 MHz)
  rep 2 T=  3328 s2w4g1       BM= 64 n=13     9.1952 ms (43 iters, clock 1425 MHz)
  ^ LEVEL LOW (recorded, not an exclusion): loaded clock 1305 MHz is under the 1395 MHz edge of the band around the 1470 MHz reference; this tile draws more power under the same cap than the GEMM the roof was measured with, so its fixed-roof fraction is delivered throughput and its issue efficiency is 0.89x away, in roof_at_cell_clock_tflops; DRIFT failed, oscillating: under-load clock went 1245 -> 1335 MHz over 23 samples (1245, 1245, 1335, 1335, 1365, 1365, 1380, 1380, 1320, 1320, 945, 945, 1245, 1245, 1395, 1395, 1305, 1305, 1230, 1230, 1290, 1290, 1335); the trials were not at one operating point and the median is a blend
  rep 2 T=  3328 s3w8g1       BM= 64 n=13     9.9821 ms (39 iters, clock 1305 MHz)
  rep 2 T=  3328 s3w8g64      BM= 64 n=13     8.2512 ms (49 iters, clock 1470 MHz)
  ^ kept (LEVEL low is recorded, not excluded): LEVEL LOW (recorded, not an exclusion): loaded clock 1305 MHz is under the 1395 MHz edge of the band around the 1470 MHz reference; this tile draws more power under the same cap than the GEMM the roof was measured with, so its fixed-roof fraction is delivered throughput and its issue efficiency is 0.89x away, in roof_at_cell_clock_tflops
  rep 2 T=  3328 s4w8g1       BM= 64 n=13     9.8541 ms (40 iters, clock 1305 MHz)
  rep 2 T=  3328 s2w8g1       BM= 64 n=13    10.4226 ms (38 iters, clock 1455 MHz)
  rep 2 T=  3584 s3w8g64      BM= 64 n=14     8.8648 ms (44 iters, clock 1470 MHz)
  ^ kept (LEVEL low is recorded, not excluded): LEVEL LOW (recorded, not an exclusion): loaded clock 1305 MHz is under the 1395 MHz edge of the band around the 1470 MHz reference; this tile draws more power under the same cap than the GEMM the roof was measured with, so its fixed-roof fraction is delivered throughput and its issue efficiency is 0.89x away, in roof_at_cell_clock_tflops
  rep 2 T=  3584 s3w8g1       BM= 64 n=14    10.7642 ms (36 iters, clock 1305 MHz)
  rep 2 T=  3584 s2w4g1       BM= 64 n=14     9.5004 ms (40 iters, clock 1410 MHz)
  ^ kept (LEVEL low is recorded, not excluded): LEVEL LOW (recorded, not an exclusion): loaded clock 1365 MHz is under the 1395 MHz edge of the band around the 1470 MHz reference; this tile draws more power under the same cap than the GEMM the roof was measured with, so its fixed-roof fraction is delivered throughput and its issue efficiency is 0.93x away, in roof_at_cell_clock_tflops
  rep 2 T=  3584 s3w4g1       BM= 64 n=14    10.4994 ms (37 iters, clock 1365 MHz)
  ^ kept (LEVEL low is recorded, not excluded): LEVEL LOW (recorded, not an exclusion): loaded clock 1350 MHz is under the 1395 MHz edge of the band around the 1470 MHz reference; this tile draws more power under the same cap than the GEMM the roof was measured with, so its fixed-roof fraction is delivered throughput and its issue efficiency is 0.92x away, in roof_at_cell_clock_tflops
  rep 2 T=  3584 s4w8g1       BM= 64 n=14    10.6402 ms (37 iters, clock 1350 MHz)
  rep 2 T=  3584 s3w8g16      BM= 64 n=14     8.4924 ms (45 iters, clock 1500 MHz)
  ^ kept (LEVEL low is recorded, not excluded): LEVEL LOW (recorded, not an exclusion): loaded clock 1350 MHz is under the 1395 MHz edge of the band around the 1470 MHz reference; this tile draws more power under the same cap than the GEMM the roof was measured with, so its fixed-roof fraction is delivered throughput and its issue efficiency is 0.92x away, in roof_at_cell_clock_tflops
  rep 2 T=  3584 s5w8g1       BM= 64 n=14    10.5269 ms (37 iters, clock 1350 MHz)
  rep 2 T=  3584 s3w8g8       BM= 64 n=14     8.5709 ms (46 iters, clock 1500 MHz)
  rep 2 T=  3584 s2w8g1       BM= 64 n=14    11.3057 ms (34 iters, clock 1440 MHz)
  rep 2 T=  3840 s3w8g16      BM= 64 n=15     9.0528 ms (44 iters, clock 1515 MHz)
  ^ kept (LEVEL low is recorded, not excluded): LEVEL LOW (recorded, not an exclusion): loaded clock 1350 MHz is under the 1395 MHz edge of the band around the 1470 MHz reference; this tile draws more power under the same cap than the GEMM the roof was measured with, so its fixed-roof fraction is delivered throughput and its issue efficiency is 0.92x away, in roof_at_cell_clock_tflops
  rep 2 T=  3840 s5w8g1       BM= 64 n=15    11.2983 ms (34 iters, clock 1350 MHz)
  ^ kept (LEVEL low is recorded, not excluded): LEVEL LOW (recorded, not an exclusion): loaded clock 1312 MHz is under the 1395 MHz edge of the band around the 1470 MHz reference; this tile draws more power under the same cap than the GEMM the roof was measured with, so its fixed-roof fraction is delivered throughput and its issue efficiency is 0.89x away, in roof_at_cell_clock_tflops
  rep 2 T=  3840 s3w8g1       BM= 64 n=15    11.5439 ms (35 iters, clock 1312 MHz)
  ^ LEVEL LOW (recorded, not an exclusion): loaded clock 1365 MHz is under the 1395 MHz edge of the band around the 1470 MHz reference; this tile draws more power under the same cap than the GEMM the roof was measured with, so its fixed-roof fraction is delivered throughput and its issue efficiency is 0.93x away, in roof_at_cell_clock_tflops; DRIFT failed, oscillating: under-load clock went 1305 -> 1380 MHz over 23 samples (1305, 1305, 1365, 1365, 1395, 1395, 1395, 1395, 1380, 1380, 1170, 1170, 1155, 1155, 1350, 1350, 1365, 1365, 1275, 1275, 1365, 1365, 1380); the trials were not at one operating point and the median is a blend
  rep 2 T=  3840 s3w4g1       BM= 64 n=15    11.2724 ms (34 iters, clock 1365 MHz)
  rep 2 T=  3840 s2w8g1       BM= 64 n=15    12.1348 ms (32 iters, clock 1425 MHz)
  rep 2 T=  3840 s3w8g64      BM= 64 n=15     9.6359 ms (40 iters, clock 1455 MHz)
  ^ kept (LEVEL low is recorded, not excluded): LEVEL LOW (recorded, not an exclusion): loaded clock 1328 MHz is under the 1395 MHz edge of the band around the 1470 MHz reference; this tile draws more power under the same cap than the GEMM the roof was measured with, so its fixed-roof fraction is delivered throughput and its issue efficiency is 0.90x away, in roof_at_cell_clock_tflops
  rep 2 T=  3840 s4w8g1       BM= 64 n=15    11.4203 ms (35 iters, clock 1328 MHz)
  rep 2 T=  3840 s2w4g1       BM= 64 n=15    10.1056 ms (39 iters, clock 1410 MHz)
  rep 2 T=  3840 s3w8g8       BM= 64 n=15     9.2630 ms (42 iters, clock 1485 MHz)
  ^ kept (LEVEL low is recorded, not excluded): LEVEL LOW (recorded, not an exclusion): loaded clock 1335 MHz is under the 1395 MHz edge of the band around the 1470 MHz reference; this tile draws more power under the same cap than the GEMM the roof was measured with, so its fixed-roof fraction is delivered throughput and its issue efficiency is 0.91x away, in roof_at_cell_clock_tflops
  rep 2 T=  4096 s4w8g1       BM= 64 n=16    12.2011 ms (32 iters, clock 1335 MHz)
  ^ kept (LEVEL high is recorded, not excluded): LEVEL HIGH (recorded, not an exclusion): loaded clock 1725 MHz is over the 1545 MHz edge of the band around the 1470 MHz reference; the cell ran at 1.17x the issue rate the fixed compute roof assumed, so its fraction of that roof is inflated by the ratio; read roof_at_cell_clock_tflops
  rep 2 T=  4096 s3w8g8       BM=256 n= 4     7.5979 ms (51 iters, clock 1725 MHz)
  rep 2 T=  4096 s2w4g1       BM= 64 n=16    10.8747 ms (36 iters, clock 1395 MHz)
  rep 2 T=  4096 s3w8g64      BM= 64 n=16    10.1074 ms (39 iters, clock 1470 MHz)
  ^ kept (LEVEL low is recorded, not excluded): LEVEL LOW (recorded, not an exclusion): loaded clock 1365 MHz is under the 1395 MHz edge of the band around the 1470 MHz reference; this tile draws more power under the same cap than the GEMM the roof was measured with, so its fixed-roof fraction is delivered throughput and its issue efficiency is 0.93x away, in roof_at_cell_clock_tflops
  rep 2 T=  4096 s3w4g1       BM= 64 n=16    12.0705 ms (33 iters, clock 1365 MHz)
  ^ kept (LEVEL high is recorded, not excluded): LEVEL HIGH (recorded, not an exclusion): loaded clock 1680 MHz is over the 1545 MHz edge of the band around the 1470 MHz reference; the cell ran at 1.14x the issue rate the fixed compute roof assumed, so its fraction of that roof is inflated by the ratio; read roof_at_cell_clock_tflops
  rep 2 T=  4096 s2w8g1       BM=256 n= 4     8.3428 ms (47 iters, clock 1680 MHz)
  ^ kept (LEVEL low is recorded, not excluded): LEVEL LOW (recorded, not an exclusion): loaded clock 1358 MHz is under the 1395 MHz edge of the band around the 1470 MHz reference; this tile draws more power under the same cap than the GEMM the roof was measured with, so its fixed-roof fraction is delivered throughput and its issue efficiency is 0.92x away, in roof_at_cell_clock_tflops
  rep 2 T=  4096 s5w8g1       BM= 64 n=16    12.0460 ms (33 iters, clock 1358 MHz)
  rep 2 T=  4096 s2w8g1       BM= 64 n=16    12.8711 ms (30 iters, clock 1440 MHz)
  rep 2 T=  4096 s3w8g8       BM= 64 n=16     9.5882 ms (40 iters, clock 1500 MHz)
  ^ kept (LEVEL high is recorded, not excluded): LEVEL HIGH (recorded, not an exclusion): loaded clock 1778 MHz is over the 1545 MHz edge of the band around the 1470 MHz reference; the cell ran at 1.21x the issue rate the fixed compute roof assumed, so its fraction of that roof is inflated by the ratio; read roof_at_cell_clock_tflops
  rep 2 T=  4096 s3w4g1       BM=256 n= 4     8.3398 ms (47 iters, clock 1778 MHz)
  ^ kept (LEVEL low is recorded, not excluded): LEVEL LOW (recorded, not an exclusion): loaded clock 1275 MHz is under the 1395 MHz edge of the band around the 1470 MHz reference; this tile draws more power under the same cap than the GEMM the roof was measured with, so its fixed-roof fraction is delivered throughput and its issue efficiency is 0.87x away, in roof_at_cell_clock_tflops
  rep 2 T=  4096 s3w8g1       BM= 64 n=16    12.3281 ms (31 iters, clock 1275 MHz)
  ^ kept (LEVEL high is recorded, not excluded): LEVEL HIGH (recorded, not an exclusion): loaded clock 1635 MHz is over the 1545 MHz edge of the band around the 1470 MHz reference; the cell ran at 1.11x the issue rate the fixed compute roof assumed, so its fraction of that roof is inflated by the ratio; read roof_at_cell_clock_tflops
  rep 2 T=  4096 s3w8g64      BM=256 n= 4     8.0851 ms (50 iters, clock 1635 MHz)
  ^ kept (LEVEL high is recorded, not excluded): LEVEL HIGH (recorded, not an exclusion): loaded clock 1658 MHz is over the 1545 MHz edge of the band around the 1470 MHz reference; the cell ran at 1.13x the issue rate the fixed compute roof assumed, so its fraction of that roof is inflated by the ratio; read roof_at_cell_clock_tflops
  rep 2 T=  4096 s3w8g1       BM=256 n= 4     8.0632 ms (49 iters, clock 1658 MHz)
  rep 2 T=  4096 s3w8g16      BM= 64 n=16     9.3264 ms (42 iters, clock 1530 MHz)
  ^ kept (LEVEL high is recorded, not excluded): LEVEL HIGH (recorded, not an exclusion): loaded clock 1658 MHz is over the 1545 MHz edge of the band around the 1470 MHz reference; the cell ran at 1.13x the issue rate the fixed compute roof assumed, so its fraction of that roof is inflated by the ratio; read roof_at_cell_clock_tflops
  rep 2 T=  4096 s5w8g1       BM=256 n= 4     7.7650 ms (51 iters, clock 1658 MHz)
  ^ kept (LEVEL high is recorded, not excluded): LEVEL HIGH (recorded, not an exclusion): loaded clock 1665 MHz is over the 1545 MHz edge of the band around the 1470 MHz reference; the cell ran at 1.13x the issue rate the fixed compute roof assumed, so its fraction of that roof is inflated by the ratio; read roof_at_cell_clock_tflops
  rep 2 T=  4096 s4w8g1       BM=256 n= 4     7.7418 ms (51 iters, clock 1665 MHz)
  ^ kept (LEVEL high is recorded, not excluded): LEVEL HIGH (recorded, not an exclusion): loaded clock 1815 MHz is over the 1545 MHz edge of the band around the 1470 MHz reference; the cell ran at 1.23x the issue rate the fixed compute roof assumed, so its fraction of that roof is inflated by the ratio; read roof_at_cell_clock_tflops
  rep 2 T=  4096 s2w4g1       BM=256 n= 4     8.9129 ms (45 iters, clock 1815 MHz)
  ^ kept (LEVEL high is recorded, not excluded): LEVEL HIGH (recorded, not an exclusion): loaded clock 1695 MHz is over the 1545 MHz edge of the band around the 1470 MHz reference; the cell ran at 1.15x the issue rate the fixed compute roof assumed, so its fraction of that roof is inflated by the ratio; read roof_at_cell_clock_tflops
  rep 2 T=  4096 s3w8g16      BM=256 n= 4     7.7818 ms (50 iters, clock 1695 MHz)
  ^ DRIFT failed, dropping: under-load clock went 1695 -> 1470 MHz over 26 samples (1695, 1695, 1470, 1470, 1470, 1470, 1455, 1455, 1485, 1485, 990, 990, 1395, 1395, 1485, 1485, 1515, 1515, 1470, 1470, 1455, 1455, 1470, 1470, 1470, 1470); the trials were not at one operating point and the median is a blend
  rep 3 T=   256 s4w8g1       BM= 64 n= 1     0.8499 ms (475 iters, clock 1470 MHz)
  rep 3 T=   256 s3w8g1       BM= 64 n= 1     0.7923 ms (509 iters, clock 1425 MHz)
  ^ LEVEL HIGH (recorded, not an exclusion): loaded clock 1605 MHz is over the 1545 MHz edge of the band around the 1470 MHz reference; the cell ran at 1.09x the issue rate the fixed compute roof assumed, so its fraction of that roof is inflated by the ratio; read roof_at_cell_clock_tflops; DRIFT failed, dropping: under-load clock went 1785 -> 1635 MHz over 25 samples (1785, 1785, 1590, 1590, 1620, 1620, 1605, 1605, 1605, 1605, 1230, 1230, 1470, 1470, 1560, 1560, 1605, 1605, 1545, 1545, 1605, 1605, 1620, 1620, 1635); the trials were not at one operating point and the median is a blend
  rep 3 T=   256 s2w8g1       BM= 64 n= 1     0.9042 ms (436 iters, clock 1605 MHz)
  ^ kept (LEVEL high is recorded, not excluded): LEVEL HIGH (recorded, not an exclusion): loaded clock 1575 MHz is over the 1545 MHz edge of the band around the 1470 MHz reference; the cell ran at 1.07x the issue rate the fixed compute roof assumed, so its fraction of that roof is inflated by the ratio; read roof_at_cell_clock_tflops
  rep 3 T=   256 s2w4g1       BM= 64 n= 1     0.8667 ms (458 iters, clock 1575 MHz)
  rep 3 T=   256 s3w8g16      BM= 64 n= 1     0.8078 ms (492 iters, clock 1425 MHz)
  ^ DRIFT failed, dropping: under-load clock went 1575 -> 1440 MHz over 26 samples (1575, 1575, 1410, 1410, 1425, 1425, 1440, 1440, 1440, 1440, 1035, 1035, 1395, 1395, 1440, 1440, 1425, 1425, 1425, 1425, 1425, 1425, 1425, 1425, 1440, 1440); the trials were not at one operating point and the median is a blend
  rep 3 T=   256 s3w8g64      BM= 64 n= 1     0.8097 ms (489 iters, clock 1425 MHz)
  rep 3 T=   256 s5w8g1       BM= 64 n= 1     0.7970 ms (503 iters, clock 1440 MHz)
  ^ DRIFT failed, dropping: under-load clock went 1545 -> 1440 MHz over 26 samples (1545, 1545, 1440, 1440, 1425, 1425, 1425, 1425, 1440, 1440, 945, 945, 1380, 1380, 1440, 1440, 1425, 1425, 1455, 1455, 1440, 1440, 1440, 1440, 1440, 1440); the trials were not at one operating point and the median is a blend
  rep 3 T=   256 s3w8g8       BM= 64 n= 1     0.7998 ms (499 iters, clock 1440 MHz)
  rep 3 T=   256 s3w4g1       BM= 64 n= 1     0.7757 ms (518 iters, clock 1440 MHz)
  rep 3 T=   512 s5w8g1       BM= 64 n= 2     1.5123 ms (270 iters, clock 1410 MHz)
  rep 3 T=   512 s3w8g1       BM= 64 n= 2     1.5059 ms (263 iters, clock 1395 MHz)
  rep 3 T=   512 s3w8g16      BM= 64 n= 2     1.3293 ms (301 iters, clock 1425 MHz)
  rep 3 T=   512 s3w4g1       BM= 64 n= 2     1.4630 ms (272 iters, clock 1410 MHz)
  ^ DRIFT failed, dropping: under-load clock went 1440 -> 1365 MHz over 25 samples (1440, 1440, 1410, 1410, 1410, 1410, 1410, 1410, 1365, 1365, 780, 780, 1335, 1335, 1395, 1395, 1410, 1410, 1395, 1395, 1410, 1410, 1395, 1395, 1365); the trials were not at one operating point and the median is a blend
  rep 3 T=   512 s4w8g1       BM= 64 n= 2     1.5008 ms (270 iters, clock 1395 MHz)
  rep 3 T=   512 s3w8g64      BM= 64 n= 2     1.3536 ms (294 iters, clock 1425 MHz)
  rep 3 T=   512 s2w8g1       BM= 64 n= 2     1.6570 ms (239 iters, clock 1500 MHz)
  ^ DRIFT failed, dropping: under-load clock went 1560 -> 1425 MHz over 25 samples (1560, 1560, 1410, 1410, 1410, 1410, 1425, 1425, 1425, 1425, 1035, 1035, 1380, 1380, 1425, 1425, 1425, 1425, 1410, 1410, 1425, 1425, 1425, 1425, 1425); the trials were not at one operating point and the median is a blend
  rep 3 T=   512 s3w8g8       BM= 64 n= 2     1.3080 ms (301 iters, clock 1425 MHz)
  rep 3 T=   512 s2w4g1       BM= 64 n= 2     1.5547 ms (262 iters, clock 1530 MHz)
  rep 3 T=   768 s3w8g64      BM= 64 n= 3     1.9595 ms (202 iters, clock 1455 MHz)
  ^ DRIFT failed, dropping: under-load clock went 1560 -> 1425 MHz over 25 samples (1560, 1560, 1425, 1425, 1440, 1440, 1425, 1425, 1455, 1455, 1245, 1245, 1425, 1425, 1410, 1410, 1410, 1410, 1425, 1425, 1455, 1455, 1440, 1440, 1425); the trials were not at one operating point and the median is a blend
  rep 3 T=   768 s3w8g8       BM= 64 n= 3     1.9420 ms (206 iters, clock 1425 MHz)
  rep 3 T=   768 s3w8g16      BM= 64 n= 3     1.9480 ms (209 iters, clock 1455 MHz)
  ^ DRIFT failed, dropping: under-load clock went 1635 -> 1485 MHz over 24 samples (1635, 1635, 1485, 1485, 1500, 1500, 1515, 1515, 1500, 1500, 1320, 1320, 1530, 1530, 1470, 1470, 1455, 1455, 1470, 1470, 1500, 1500, 1485, 1485); the trials were not at one operating point and the median is a blend
  rep 3 T=   768 s2w8g1       BM= 64 n= 3     2.4510 ms (162 iters, clock 1492 MHz)
  ^ kept (LEVEL low is recorded, not excluded): LEVEL LOW (recorded, not an exclusion): loaded clock 1380 MHz is under the 1395 MHz edge of the band around the 1470 MHz reference; this tile draws more power under the same cap than the GEMM the roof was measured with, so its fixed-roof fraction is delivered throughput and its issue efficiency is 0.94x away, in roof_at_cell_clock_tflops
  rep 3 T=   768 s3w8g1       BM= 64 n= 3     2.2766 ms (176 iters, clock 1380 MHz)
  rep 3 T=   768 s2w4g1       BM= 64 n= 3     2.0595 ms (194 iters, clock 1425 MHz)
  ^ kept (LEVEL low is recorded, not excluded): LEVEL LOW (recorded, not an exclusion): loaded clock 1380 MHz is under the 1395 MHz edge of the band around the 1470 MHz reference; this tile draws more power under the same cap than the GEMM the roof was measured with, so its fixed-roof fraction is delivered throughput and its issue efficiency is 0.94x away, in roof_at_cell_clock_tflops
  rep 3 T=   768 s4w8g1       BM= 64 n= 3     2.2692 ms (175 iters, clock 1380 MHz)
  rep 3 T=   768 s3w4g1       BM= 64 n= 3     2.1727 ms (183 iters, clock 1395 MHz)
  rep 3 T=   768 s5w8g1       BM= 64 n= 3     2.2785 ms (178 iters, clock 1395 MHz)
  ^ kept (LEVEL high is recorded, not excluded): LEVEL HIGH (recorded, not an exclusion): loaded clock 1635 MHz is over the 1545 MHz edge of the band around the 1470 MHz reference; the cell ran at 1.11x the issue rate the fixed compute roof assumed, so its fraction of that roof is inflated by the ratio; read roof_at_cell_clock_tflops
  rep 3 T=  1024 s3w8g16      BM=256 n= 1     2.1067 ms (189 iters, clock 1635 MHz)
  rep 3 T=  1024 s3w8g16      BM= 64 n= 4     2.4808 ms (159 iters, clock 1455 MHz)
  ^ DRIFT failed, dropping: under-load clock went 1575 -> 1485 MHz over 24 samples (1575, 1575, 1500, 1500, 1455, 1455, 1470, 1470, 1470, 1470, 1260, 1260, 1425, 1425, 1485, 1485, 1455, 1455, 1470, 1470, 1485, 1485, 1485, 1485); the trials were not at one operating point and the median is a blend
  rep 3 T=  1024 s3w8g8       BM= 64 n= 4     2.4400 ms (162 iters, clock 1470 MHz)
  rep 3 T=  1024 s2w4g1       BM= 64 n= 4     2.8009 ms (143 iters, clock 1440 MHz)
  rep 3 T=  1024 s3w8g64      BM= 64 n= 4     2.5696 ms (154 iters, clock 1448 MHz)
  ^ kept (LEVEL high is recorded, not excluded): LEVEL HIGH (recorded, not an exclusion): loaded clock 1695 MHz is over the 1545 MHz edge of the band around the 1470 MHz reference; the cell ran at 1.15x the issue rate the fixed compute roof assumed, so its fraction of that roof is inflated by the ratio; read roof_at_cell_clock_tflops
  rep 3 T=  1024 s4w8g1       BM=256 n= 1     1.9789 ms (205 iters, clock 1695 MHz)
  ^ kept (LEVEL high is recorded, not excluded): LEVEL HIGH (recorded, not an exclusion): loaded clock 1725 MHz is over the 1545 MHz edge of the band around the 1470 MHz reference; the cell ran at 1.17x the issue rate the fixed compute roof assumed, so its fraction of that roof is inflated by the ratio; read roof_at_cell_clock_tflops
  rep 3 T=  1024 s2w8g1       BM=256 n= 1     2.2342 ms (176 iters, clock 1725 MHz)
  ^ kept (LEVEL high is recorded, not excluded): LEVEL HIGH (recorded, not an exclusion): loaded clock 1658 MHz is over the 1545 MHz edge of the band around the 1470 MHz reference; the cell ran at 1.13x the issue rate the fixed compute roof assumed, so its fraction of that roof is inflated by the ratio; read roof_at_cell_clock_tflops
  rep 3 T=  1024 s3w8g1       BM=256 n= 1     2.0689 ms (192 iters, clock 1658 MHz)
  ^ kept (LEVEL high is recorded, not excluded): LEVEL HIGH (recorded, not an exclusion): loaded clock 1620 MHz is over the 1545 MHz edge of the band around the 1470 MHz reference; the cell ran at 1.10x the issue rate the fixed compute roof assumed, so its fraction of that roof is inflated by the ratio; read roof_at_cell_clock_tflops
  rep 3 T=  1024 s3w8g8       BM=256 n= 1     2.1122 ms (187 iters, clock 1620 MHz)
  ^ kept (LEVEL high is recorded, not excluded): LEVEL HIGH (recorded, not an exclusion): loaded clock 1868 MHz is over the 1545 MHz edge of the band around the 1470 MHz reference; the cell ran at 1.27x the issue rate the fixed compute roof assumed, so its fraction of that roof is inflated by the ratio; read roof_at_cell_clock_tflops
  rep 3 T=  1024 s2w4g1       BM=256 n= 1     2.3259 ms (171 iters, clock 1868 MHz)
  ^ kept (LEVEL high is recorded, not excluded): LEVEL HIGH (recorded, not an exclusion): loaded clock 1620 MHz is over the 1545 MHz edge of the band around the 1470 MHz reference; the cell ran at 1.10x the issue rate the fixed compute roof assumed, so its fraction of that roof is inflated by the ratio; read roof_at_cell_clock_tflops
  rep 3 T=  1024 s3w8g64      BM=256 n= 1     2.1228 ms (186 iters, clock 1620 MHz)
  ^ kept (LEVEL low is recorded, not excluded): LEVEL LOW (recorded, not an exclusion): loaded clock 1380 MHz is under the 1395 MHz edge of the band around the 1470 MHz reference; this tile draws more power under the same cap than the GEMM the roof was measured with, so its fixed-roof fraction is delivered throughput and its issue efficiency is 0.94x away, in roof_at_cell_clock_tflops
  rep 3 T=  1024 s4w8g1       BM= 64 n= 4     3.0382 ms (130 iters, clock 1380 MHz)
  ^ kept (LEVEL high is recorded, not excluded): LEVEL HIGH (recorded, not an exclusion): loaded clock 1680 MHz is over the 1545 MHz edge of the band around the 1470 MHz reference; the cell ran at 1.14x the issue rate the fixed compute roof assumed, so its fraction of that roof is inflated by the ratio; read roof_at_cell_clock_tflops
  rep 3 T=  1024 s5w8g1       BM=256 n= 1     1.9870 ms (202 iters, clock 1680 MHz)
  ^ kept (LEVEL low is recorded, not excluded): LEVEL LOW (recorded, not an exclusion): loaded clock 1380 MHz is under the 1395 MHz edge of the band around the 1470 MHz reference; this tile draws more power under the same cap than the GEMM the roof was measured with, so its fixed-roof fraction is delivered throughput and its issue efficiency is 0.94x away, in roof_at_cell_clock_tflops
  rep 3 T=  1024 s3w8g1       BM= 64 n= 4     3.0214 ms (130 iters, clock 1380 MHz)
  rep 3 T=  1024 s3w4g1       BM= 64 n= 4     2.9167 ms (137 iters, clock 1395 MHz)
  rep 3 T=  1024 s2w8g1       BM= 64 n= 4     3.2786 ms (121 iters, clock 1470 MHz)
  ^ kept (LEVEL low is recorded, not excluded): LEVEL LOW (recorded, not an exclusion): loaded clock 1380 MHz is under the 1395 MHz edge of the band around the 1470 MHz reference; this tile draws more power under the same cap than the GEMM the roof was measured with, so its fixed-roof fraction is delivered throughput and its issue efficiency is 0.94x away, in roof_at_cell_clock_tflops
  rep 3 T=  1024 s5w8g1       BM= 64 n= 4     3.0184 ms (130 iters, clock 1380 MHz)
  ^ kept (LEVEL high is recorded, not excluded): LEVEL HIGH (recorded, not an exclusion): loaded clock 1770 MHz is over the 1545 MHz edge of the band around the 1470 MHz reference; the cell ran at 1.20x the issue rate the fixed compute roof assumed, so its fraction of that roof is inflated by the ratio; read roof_at_cell_clock_tflops
  rep 3 T=  1024 s3w4g1       BM=256 n= 1     2.1528 ms (189 iters, clock 1770 MHz)
  rep 3 T=  1280 s3w8g8       BM= 64 n= 5     3.1824 ms (123 iters, clock 1455 MHz)
  ^ kept (LEVEL low is recorded, not excluded): LEVEL LOW (recorded, not an exclusion): loaded clock 1380 MHz is under the 1395 MHz edge of the band around the 1470 MHz reference; this tile draws more power under the same cap than the GEMM the roof was measured with, so its fixed-roof fraction is delivered throughput and its issue efficiency is 0.94x away, in roof_at_cell_clock_tflops
  rep 3 T=  1280 s3w8g1       BM= 64 n= 5     3.7883 ms (108 iters, clock 1380 MHz)
  ^ kept (LEVEL low is recorded, not excluded): LEVEL LOW (recorded, not an exclusion): loaded clock 1365 MHz is under the 1395 MHz edge of the band around the 1470 MHz reference; this tile draws more power under the same cap than the GEMM the roof was measured with, so its fixed-roof fraction is delivered throughput and its issue efficiency is 0.93x away, in roof_at_cell_clock_tflops
  rep 3 T=  1280 s5w8g1       BM= 64 n= 5     3.7758 ms (104 iters, clock 1365 MHz)
  rep 3 T=  1280 s2w8g1       BM= 64 n= 5     3.9931 ms (100 iters, clock 1470 MHz)
  rep 3 T=  1280 s3w8g16      BM= 64 n= 5     3.1519 ms (124 iters, clock 1455 MHz)
  ^ kept (LEVEL low is recorded, not excluded): LEVEL LOW (recorded, not an exclusion): loaded clock 1380 MHz is under the 1395 MHz edge of the band around the 1470 MHz reference; this tile draws more power under the same cap than the GEMM the roof was measured with, so its fixed-roof fraction is delivered throughput and its issue efficiency is 0.94x away, in roof_at_cell_clock_tflops
  rep 3 T=  1280 s3w4g1       BM= 64 n= 5     3.6819 ms (112 iters, clock 1380 MHz)
  rep 3 T=  1280 s2w4g1       BM= 64 n= 5     3.4858 ms (114 iters, clock 1440 MHz)
  rep 3 T=  1280 s3w8g64      BM= 64 n= 5     3.2391 ms (122 iters, clock 1455 MHz)
  ^ LEVEL LOW (recorded, not an exclusion): loaded clock 1372 MHz is under the 1395 MHz edge of the band around the 1470 MHz reference; this tile draws more power under the same cap than the GEMM the roof was measured with, so its fixed-roof fraction is delivered throughput and its issue efficiency is 0.93x away, in roof_at_cell_clock_tflops; DRIFT failed, dropping: under-load clock went 1425 -> 1350 MHz over 24 samples (1425, 1425, 1365, 1365, 1365, 1365, 1335, 1335, 1365, 1365, 735, 735, 1380, 1380, 1410, 1410, 1380, 1380, 1380, 1380, 1380, 1380, 1350, 1350); the trials were not at one operating point and the median is a blend
  rep 3 T=  1280 s4w8g1       BM= 64 n= 5     3.7895 ms (105 iters, clock 1372 MHz)
  ^ kept (LEVEL low is recorded, not excluded): LEVEL LOW (recorded, not an exclusion): loaded clock 1380 MHz is under the 1395 MHz edge of the band around the 1470 MHz reference; this tile draws more power under the same cap than the GEMM the roof was measured with, so its fixed-roof fraction is delivered throughput and its issue efficiency is 0.94x away, in roof_at_cell_clock_tflops
  rep 3 T=  1536 s3w4g1       BM= 64 n= 6     4.4036 ms (90 iters, clock 1380 MHz)
  ^ kept (LEVEL low is recorded, not excluded): LEVEL LOW (recorded, not an exclusion): loaded clock 1372 MHz is under the 1395 MHz edge of the band around the 1470 MHz reference; this tile draws more power under the same cap than the GEMM the roof was measured with, so its fixed-roof fraction is delivered throughput and its issue efficiency is 0.93x away, in roof_at_cell_clock_tflops
  rep 3 T=  1536 s3w8g1       BM= 64 n= 6     4.5736 ms (87 iters, clock 1372 MHz)
  rep 3 T=  1536 s3w8g16      BM= 64 n= 6     3.7046 ms (107 iters, clock 1485 MHz)
  rep 3 T=  1536 s3w8g8       BM= 64 n= 6     3.7535 ms (106 iters, clock 1470 MHz)
  ^ kept (LEVEL low is recorded, not excluded): LEVEL LOW (recorded, not an exclusion): loaded clock 1380 MHz is under the 1395 MHz edge of the band around the 1470 MHz reference; this tile draws more power under the same cap than the GEMM the roof was measured with, so its fixed-roof fraction is delivered throughput and its issue efficiency is 0.94x away, in roof_at_cell_clock_tflops
  rep 3 T=  1536 s4w8g1       BM= 64 n= 6     4.5351 ms (87 iters, clock 1380 MHz)
  ^ DRIFT failed, dropping: under-load clock went 1515 -> 1425 MHz over 24 samples (1515, 1515, 1425, 1425, 1455, 1455, 1455, 1455, 1455, 1455, 945, 945, 1365, 1365, 1425, 1425, 1425, 1425, 1425, 1425, 1440, 1440, 1425, 1425); the trials were not at one operating point and the median is a blend
  rep 3 T=  1536 s2w4g1       BM= 64 n= 6     4.1054 ms (96 iters, clock 1425 MHz)
  rep 3 T=  1536 s3w8g64      BM= 64 n= 6     3.8734 ms (103 iters, clock 1462 MHz)
  ^ kept (LEVEL low is recorded, not excluded): LEVEL LOW (recorded, not an exclusion): loaded clock 1380 MHz is under the 1395 MHz edge of the band around the 1470 MHz reference; this tile draws more power under the same cap than the GEMM the roof was measured with, so its fixed-roof fraction is delivered throughput and its issue efficiency is 0.94x away, in roof_at_cell_clock_tflops
  rep 3 T=  1536 s5w8g1       BM= 64 n= 6     4.5379 ms (88 iters, clock 1380 MHz)
  rep 3 T=  1536 s2w8g1       BM= 64 n= 6     4.8280 ms (83 iters, clock 1455 MHz)
  ^ kept (LEVEL low is recorded, not excluded): LEVEL LOW (recorded, not an exclusion): loaded clock 1380 MHz is under the 1395 MHz edge of the band around the 1470 MHz reference; this tile draws more power under the same cap than the GEMM the roof was measured with, so its fixed-roof fraction is delivered throughput and its issue efficiency is 0.94x away, in roof_at_cell_clock_tflops
  rep 3 T=  1792 s5w8g1       BM= 64 n= 7     5.2423 ms (76 iters, clock 1380 MHz)
  rep 3 T=  1792 s3w8g64      BM= 64 n= 7     4.5628 ms (86 iters, clock 1470 MHz)
  ^ kept (LEVEL low is recorded, not excluded): LEVEL LOW (recorded, not an exclusion): loaded clock 1342 MHz is under the 1395 MHz edge of the band around the 1470 MHz reference; this tile draws more power under the same cap than the GEMM the roof was measured with, so its fixed-roof fraction is delivered throughput and its issue efficiency is 0.91x away, in roof_at_cell_clock_tflops
  rep 3 T=  1792 s4w8g1       BM= 64 n= 7     5.2882 ms (75 iters, clock 1342 MHz)
  ^ kept (LEVEL low is recorded, not excluded): LEVEL LOW (recorded, not an exclusion): loaded clock 1388 MHz is under the 1395 MHz edge of the band around the 1470 MHz reference; this tile draws more power under the same cap than the GEMM the roof was measured with, so its fixed-roof fraction is delivered throughput and its issue efficiency is 0.94x away, in roof_at_cell_clock_tflops
  rep 3 T=  1792 s3w4g1       BM= 64 n= 7     5.1394 ms (77 iters, clock 1388 MHz)
  rep 3 T=  1792 s3w8g16      BM= 64 n= 7     4.3369 ms (92 iters, clock 1478 MHz)
  rep 3 T=  1792 s3w8g8       BM= 64 n= 7     4.3921 ms (91 iters, clock 1485 MHz)
  ^ kept (LEVEL low is recorded, not excluded): LEVEL LOW (recorded, not an exclusion): loaded clock 1358 MHz is under the 1395 MHz edge of the band around the 1470 MHz reference; this tile draws more power under the same cap than the GEMM the roof was measured with, so its fixed-roof fraction is delivered throughput and its issue efficiency is 0.92x away, in roof_at_cell_clock_tflops
  rep 3 T=  1792 s3w8g1       BM= 64 n= 7     5.3030 ms (75 iters, clock 1358 MHz)
  rep 3 T=  1792 s2w8g1       BM= 64 n= 7     5.6463 ms (70 iters, clock 1455 MHz)
  rep 3 T=  1792 s2w4g1       BM= 64 n= 7     4.5631 ms (87 iters, clock 1425 MHz)
  ^ kept (LEVEL high is recorded, not excluded): LEVEL HIGH (recorded, not an exclusion): loaded clock 1860 MHz is over the 1545 MHz edge of the band around the 1470 MHz reference; the cell ran at 1.27x the issue rate the fixed compute roof assumed, so its fraction of that roof is inflated by the ratio; read roof_at_cell_clock_tflops
  rep 3 T=  2048 s2w4g1       BM=256 n= 2     4.5444 ms (88 iters, clock 1860 MHz)
  rep 3 T=  2048 s3w8g64      BM= 64 n= 8     5.1818 ms (76 iters, clock 1440 MHz)
  rep 3 T=  2048 s3w8g16      BM= 64 n= 8     4.7571 ms (86 iters, clock 1500 MHz)
  rep 3 T=  2048 s3w8g8       BM= 64 n= 8     4.6992 ms (84 iters, clock 1515 MHz)
  ^ kept (LEVEL high is recorded, not excluded): LEVEL HIGH (recorded, not an exclusion): loaded clock 1658 MHz is over the 1545 MHz edge of the band around the 1470 MHz reference; the cell ran at 1.13x the issue rate the fixed compute roof assumed, so its fraction of that roof is inflated by the ratio; read roof_at_cell_clock_tflops
  rep 3 T=  2048 s3w8g1       BM=256 n= 2     4.0442 ms (98 iters, clock 1658 MHz)
  ^ kept (LEVEL high is recorded, not excluded): LEVEL HIGH (recorded, not an exclusion): loaded clock 1650 MHz is over the 1545 MHz edge of the band around the 1470 MHz reference; the cell ran at 1.12x the issue rate the fixed compute roof assumed, so its fraction of that roof is inflated by the ratio; read roof_at_cell_clock_tflops
  rep 3 T=  2048 s3w8g16      BM=256 n= 2     4.0362 ms (99 iters, clock 1650 MHz)
  rep 3 T=  2048 s2w4g1       BM= 64 n= 8     5.4659 ms (72 iters, clock 1425 MHz)
  ^ kept (LEVEL low is recorded, not excluded): LEVEL LOW (recorded, not an exclusion): loaded clock 1335 MHz is under the 1395 MHz edge of the band around the 1470 MHz reference; this tile draws more power under the same cap than the GEMM the roof was measured with, so its fixed-roof fraction is delivered throughput and its issue efficiency is 0.91x away, in roof_at_cell_clock_tflops
  rep 3 T=  2048 s4w8g1       BM= 64 n= 8     6.0518 ms (66 iters, clock 1335 MHz)
  ^ kept (LEVEL low is recorded, not excluded): LEVEL LOW (recorded, not an exclusion): loaded clock 1380 MHz is under the 1395 MHz edge of the band around the 1470 MHz reference; this tile draws more power under the same cap than the GEMM the roof was measured with, so its fixed-roof fraction is delivered throughput and its issue efficiency is 0.94x away, in roof_at_cell_clock_tflops
  rep 3 T=  2048 s5w8g1       BM= 64 n= 8     6.0270 ms (66 iters, clock 1380 MHz)
  ^ kept (LEVEL high is recorded, not excluded): LEVEL HIGH (recorded, not an exclusion): loaded clock 1665 MHz is over the 1545 MHz edge of the band around the 1470 MHz reference; the cell ran at 1.13x the issue rate the fixed compute roof assumed, so its fraction of that roof is inflated by the ratio; read roof_at_cell_clock_tflops
  rep 3 T=  2048 s5w8g1       BM=256 n= 2     3.9163 ms (102 iters, clock 1665 MHz)
  ^ kept (LEVEL high is recorded, not excluded): LEVEL HIGH (recorded, not an exclusion): loaded clock 1680 MHz is over the 1545 MHz edge of the band around the 1470 MHz reference; the cell ran at 1.14x the issue rate the fixed compute roof assumed, so its fraction of that roof is inflated by the ratio; read roof_at_cell_clock_tflops
  rep 3 T=  2048 s4w8g1       BM=256 n= 2     3.8924 ms (102 iters, clock 1680 MHz)
  ^ kept (LEVEL high is recorded, not excluded): LEVEL HIGH (recorded, not an exclusion): loaded clock 1680 MHz is over the 1545 MHz edge of the band around the 1470 MHz reference; the cell ran at 1.14x the issue rate the fixed compute roof assumed, so its fraction of that roof is inflated by the ratio; read roof_at_cell_clock_tflops
  rep 3 T=  2048 s3w8g8       BM=256 n= 2     3.9535 ms (100 iters, clock 1680 MHz)
  ^ kept (LEVEL low is recorded, not excluded): LEVEL LOW (recorded, not an exclusion): loaded clock 1380 MHz is under the 1395 MHz edge of the band around the 1470 MHz reference; this tile draws more power under the same cap than the GEMM the roof was measured with, so its fixed-roof fraction is delivered throughput and its issue efficiency is 0.94x away, in roof_at_cell_clock_tflops
  rep 3 T=  2048 s3w4g1       BM= 64 n= 8     5.8997 ms (67 iters, clock 1380 MHz)
  ^ kept (LEVEL high is recorded, not excluded): LEVEL HIGH (recorded, not an exclusion): loaded clock 1695 MHz is over the 1545 MHz edge of the band around the 1470 MHz reference; the cell ran at 1.15x the issue rate the fixed compute roof assumed, so its fraction of that roof is inflated by the ratio; read roof_at_cell_clock_tflops
  rep 3 T=  2048 s2w8g1       BM=256 n= 2     4.2658 ms (91 iters, clock 1695 MHz)
  ^ kept (LEVEL high is recorded, not excluded): LEVEL HIGH (recorded, not an exclusion): loaded clock 1762 MHz is over the 1545 MHz edge of the band around the 1470 MHz reference; the cell ran at 1.20x the issue rate the fixed compute roof assumed, so its fraction of that roof is inflated by the ratio; read roof_at_cell_clock_tflops
  rep 3 T=  2048 s3w4g1       BM=256 n= 2     4.2210 ms (95 iters, clock 1762 MHz)
  rep 3 T=  2048 s2w8g1       BM= 64 n= 8     6.4567 ms (61 iters, clock 1440 MHz)
  ^ LEVEL HIGH (recorded, not an exclusion): loaded clock 1635 MHz is over the 1545 MHz edge of the band around the 1470 MHz reference; the cell ran at 1.11x the issue rate the fixed compute roof assumed, so its fraction of that roof is inflated by the ratio; read roof_at_cell_clock_tflops; DRIFT failed, dropping: under-load clock went 1725 -> 1635 MHz over 24 samples (1725, 1725, 1650, 1650, 1620, 1620, 1635, 1635, 1620, 1620, 1380, 1380, 1575, 1575, 1650, 1650, 1650, 1650, 1665, 1665, 1635, 1635, 1635, 1635); the trials were not at one operating point and the median is a blend
  rep 3 T=  2048 s3w8g64      BM=256 n= 2     4.0691 ms (99 iters, clock 1635 MHz)
  ^ kept (LEVEL low is recorded, not excluded): LEVEL LOW (recorded, not an exclusion): loaded clock 1358 MHz is under the 1395 MHz edge of the band around the 1470 MHz reference; this tile draws more power under the same cap than the GEMM the roof was measured with, so its fixed-roof fraction is delivered throughput and its issue efficiency is 0.92x away, in roof_at_cell_clock_tflops
  rep 3 T=  2048 s3w8g1       BM= 64 n= 8     6.0694 ms (65 iters, clock 1358 MHz)
  rep 3 T=  2304 s3w8g8       BM= 64 n= 9     5.5770 ms (72 iters, clock 1485 MHz)
  rep 3 T=  2304 s3w8g16      BM= 64 n= 9     5.5110 ms (72 iters, clock 1485 MHz)
  rep 3 T=  2304 s3w8g64      BM= 64 n= 9     5.8830 ms (67 iters, clock 1455 MHz)
  rep 3 T=  2304 s2w4g1       BM= 64 n= 9     5.9832 ms (66 iters, clock 1410 MHz)
  ^ kept (LEVEL low is recorded, not excluded): LEVEL LOW (recorded, not an exclusion): loaded clock 1372 MHz is under the 1395 MHz edge of the band around the 1470 MHz reference; this tile draws more power under the same cap than the GEMM the roof was measured with, so its fixed-roof fraction is delivered throughput and its issue efficiency is 0.93x away, in roof_at_cell_clock_tflops
  rep 3 T=  2304 s5w8g1       BM= 64 n= 9     6.7562 ms (59 iters, clock 1372 MHz)
  ^ kept (LEVEL low is recorded, not excluded): LEVEL LOW (recorded, not an exclusion): loaded clock 1380 MHz is under the 1395 MHz edge of the band around the 1470 MHz reference; this tile draws more power under the same cap than the GEMM the roof was measured with, so its fixed-roof fraction is delivered throughput and its issue efficiency is 0.94x away, in roof_at_cell_clock_tflops
  rep 3 T=  2304 s3w4g1       BM= 64 n= 9     6.6975 ms (59 iters, clock 1380 MHz)
  ^ kept (LEVEL low is recorded, not excluded): LEVEL LOW (recorded, not an exclusion): loaded clock 1320 MHz is under the 1395 MHz edge of the band around the 1470 MHz reference; this tile draws more power under the same cap than the GEMM the roof was measured with, so its fixed-roof fraction is delivered throughput and its issue efficiency is 0.90x away, in roof_at_cell_clock_tflops
  rep 3 T=  2304 s3w8g1       BM= 64 n= 9     6.8504 ms (58 iters, clock 1320 MHz)
  ^ kept (LEVEL low is recorded, not excluded): LEVEL LOW (recorded, not an exclusion): loaded clock 1350 MHz is under the 1395 MHz edge of the band around the 1470 MHz reference; this tile draws more power under the same cap than the GEMM the roof was measured with, so its fixed-roof fraction is delivered throughput and its issue efficiency is 0.92x away, in roof_at_cell_clock_tflops
  rep 3 T=  2304 s4w8g1       BM= 64 n= 9     6.8157 ms (59 iters, clock 1350 MHz)
  rep 3 T=  2304 s2w8g1       BM= 64 n= 9     7.2947 ms (54 iters, clock 1440 MHz)
  rep 3 T=  2560 s3w8g8       BM= 64 n=10     6.1447 ms (65 iters, clock 1485 MHz)
  rep 3 T=  2560 s3w8g16      BM= 64 n=10     6.0844 ms (65 iters, clock 1485 MHz)
  rep 3 T=  2560 s2w4g1       BM= 64 n=10     7.0154 ms (56 iters, clock 1425 MHz)
  ^ kept (LEVEL low is recorded, not excluded): LEVEL LOW (recorded, not an exclusion): loaded clock 1365 MHz is under the 1395 MHz edge of the band around the 1470 MHz reference; this tile draws more power under the same cap than the GEMM the roof was measured with, so its fixed-roof fraction is delivered throughput and its issue efficiency is 0.93x away, in roof_at_cell_clock_tflops
  rep 3 T=  2560 s5w8g1       BM= 64 n=10     7.4858 ms (53 iters, clock 1365 MHz)
  ^ kept (LEVEL low is recorded, not excluded): LEVEL LOW (recorded, not an exclusion): loaded clock 1365 MHz is under the 1395 MHz edge of the band around the 1470 MHz reference; this tile draws more power under the same cap than the GEMM the roof was measured with, so its fixed-roof fraction is delivered throughput and its issue efficiency is 0.93x away, in roof_at_cell_clock_tflops
  rep 3 T=  2560 s3w4g1       BM= 64 n=10     7.4681 ms (53 iters, clock 1365 MHz)
  rep 3 T=  2560 s3w8g64      BM= 64 n=10     6.3985 ms (63 iters, clock 1470 MHz)
  ^ kept (LEVEL low is recorded, not excluded): LEVEL LOW (recorded, not an exclusion): loaded clock 1335 MHz is under the 1395 MHz edge of the band around the 1470 MHz reference; this tile draws more power under the same cap than the GEMM the roof was measured with, so its fixed-roof fraction is delivered throughput and its issue efficiency is 0.91x away, in roof_at_cell_clock_tflops
  rep 3 T=  2560 s4w8g1       BM= 64 n=10     7.5918 ms (52 iters, clock 1335 MHz)
  ^ kept (LEVEL low is recorded, not excluded): LEVEL LOW (recorded, not an exclusion): loaded clock 1335 MHz is under the 1395 MHz edge of the band around the 1470 MHz reference; this tile draws more power under the same cap than the GEMM the roof was measured with, so its fixed-roof fraction is delivered throughput and its issue efficiency is 0.91x away, in roof_at_cell_clock_tflops
  rep 3 T=  2560 s3w8g1       BM= 64 n=10     7.6432 ms (52 iters, clock 1335 MHz)
  rep 3 T=  2560 s2w8g1       BM= 64 n=10     8.0354 ms (49 iters, clock 1455 MHz)
  rep 3 T=  2816 s2w4g1       BM= 64 n=11     7.5715 ms (54 iters, clock 1425 MHz)
  rep 3 T=  2816 s2w8g1       BM= 64 n=11     8.8164 ms (45 iters, clock 1440 MHz)
  ^ kept (LEVEL low is recorded, not excluded): LEVEL LOW (recorded, not an exclusion): loaded clock 1365 MHz is under the 1395 MHz edge of the band around the 1470 MHz reference; this tile draws more power under the same cap than the GEMM the roof was measured with, so its fixed-roof fraction is delivered throughput and its issue efficiency is 0.93x away, in roof_at_cell_clock_tflops
  rep 3 T=  2816 s5w8g1       BM= 64 n=11     8.2538 ms (48 iters, clock 1365 MHz)
  rep 3 T=  2816 s3w8g8       BM= 64 n=11     6.7749 ms (59 iters, clock 1485 MHz)
  ^ kept (LEVEL low is recorded, not excluded): LEVEL LOW (recorded, not an exclusion): loaded clock 1358 MHz is under the 1395 MHz edge of the band around the 1470 MHz reference; this tile draws more power under the same cap than the GEMM the roof was measured with, so its fixed-roof fraction is delivered throughput and its issue efficiency is 0.92x away, in roof_at_cell_clock_tflops
  rep 3 T=  2816 s3w8g1       BM= 64 n=11     8.4226 ms (44 iters, clock 1358 MHz)
  ^ kept (LEVEL low is recorded, not excluded): LEVEL LOW (recorded, not an exclusion): loaded clock 1328 MHz is under the 1395 MHz edge of the band around the 1470 MHz reference; this tile draws more power under the same cap than the GEMM the roof was measured with, so its fixed-roof fraction is delivered throughput and its issue efficiency is 0.90x away, in roof_at_cell_clock_tflops
  rep 3 T=  2816 s4w8g1       BM= 64 n=11     8.3510 ms (48 iters, clock 1328 MHz)
  rep 3 T=  2816 s3w8g16      BM= 64 n=11     6.7034 ms (59 iters, clock 1485 MHz)
  rep 3 T=  2816 s3w8g64      BM= 64 n=11     7.0057 ms (57 iters, clock 1470 MHz)
  ^ kept (LEVEL low is recorded, not excluded): LEVEL LOW (recorded, not an exclusion): loaded clock 1380 MHz is under the 1395 MHz edge of the band around the 1470 MHz reference; this tile draws more power under the same cap than the GEMM the roof was measured with, so its fixed-roof fraction is delivered throughput and its issue efficiency is 0.94x away, in roof_at_cell_clock_tflops
  rep 3 T=  2816 s3w4g1       BM= 64 n=11     8.2147 ms (47 iters, clock 1380 MHz)
  ^ kept (LEVEL high is recorded, not excluded): LEVEL HIGH (recorded, not an exclusion): loaded clock 1680 MHz is over the 1545 MHz edge of the band around the 1470 MHz reference; the cell ran at 1.14x the issue rate the fixed compute roof assumed, so its fraction of that roof is inflated by the ratio; read roof_at_cell_clock_tflops
  rep 3 T=  3072 s3w8g1       BM=256 n= 3     5.9963 ms (67 iters, clock 1680 MHz)
  ^ LEVEL LOW (recorded, not an exclusion): loaded clock 1350 MHz is under the 1395 MHz edge of the band around the 1470 MHz reference; this tile draws more power under the same cap than the GEMM the roof was measured with, so its fixed-roof fraction is delivered throughput and its issue efficiency is 0.92x away, in roof_at_cell_clock_tflops; DRIFT failed, oscillating: under-load clock went 1260 -> 1335 MHz over 23 samples (1260, 1350, 1350, 1365, 1365, 1380, 1380, 1395, 1395, 1395, 1395, 1080, 1080, 1365, 1365, 1350, 1350, 1305, 1305, 1305, 1305, 1335, 1335); the trials were not at one operating point and the median is a blend
  rep 3 T=  3072 s5w8g1       BM= 64 n=12     9.0246 ms (43 iters, clock 1350 MHz)
  rep 3 T=  3072 s3w8g64      BM= 64 n=12     7.6803 ms (51 iters, clock 1455 MHz)
  ^ kept (LEVEL low is recorded, not excluded): LEVEL LOW (recorded, not an exclusion): loaded clock 1335 MHz is under the 1395 MHz edge of the band around the 1470 MHz reference; this tile draws more power under the same cap than the GEMM the roof was measured with, so its fixed-roof fraction is delivered throughput and its issue efficiency is 0.91x away, in roof_at_cell_clock_tflops
  rep 3 T=  3072 s4w8g1       BM= 64 n=12     9.1084 ms (43 iters, clock 1335 MHz)
  rep 3 T=  3072 s2w8g1       BM= 64 n=12     9.6081 ms (41 iters, clock 1440 MHz)
  ^ kept (LEVEL high is recorded, not excluded): LEVEL HIGH (recorded, not an exclusion): loaded clock 1830 MHz is over the 1545 MHz edge of the band around the 1470 MHz reference; the cell ran at 1.24x the issue rate the fixed compute roof assumed, so its fraction of that roof is inflated by the ratio; read roof_at_cell_clock_tflops
  rep 3 T=  3072 s2w4g1       BM=256 n= 3     6.7803 ms (59 iters, clock 1830 MHz)
  ^ kept (LEVEL low is recorded, not excluded): LEVEL LOW (recorded, not an exclusion): loaded clock 1380 MHz is under the 1395 MHz edge of the band around the 1470 MHz reference; this tile draws more power under the same cap than the GEMM the roof was measured with, so its fixed-roof fraction is delivered throughput and its issue efficiency is 0.94x away, in roof_at_cell_clock_tflops
  rep 3 T=  3072 s3w4g1       BM= 64 n=12     8.9624 ms (44 iters, clock 1380 MHz)
  ^ kept (LEVEL high is recorded, not excluded): LEVEL HIGH (recorded, not an exclusion): loaded clock 1665 MHz is over the 1545 MHz edge of the band around the 1470 MHz reference; the cell ran at 1.13x the issue rate the fixed compute roof assumed, so its fraction of that roof is inflated by the ratio; read roof_at_cell_clock_tflops
  rep 3 T=  3072 s3w8g16      BM=256 n= 3     5.9498 ms (66 iters, clock 1665 MHz)
  ^ kept (LEVEL high is recorded, not excluded): LEVEL HIGH (recorded, not an exclusion): loaded clock 1642 MHz is over the 1545 MHz edge of the band around the 1470 MHz reference; the cell ran at 1.12x the issue rate the fixed compute roof assumed, so its fraction of that roof is inflated by the ratio; read roof_at_cell_clock_tflops
  rep 3 T=  3072 s3w8g64      BM=256 n= 3     6.0617 ms (66 iters, clock 1642 MHz)
  rep 3 T=  3072 s3w8g16      BM= 64 n=12     7.2625 ms (54 iters, clock 1500 MHz)
  ^ kept (LEVEL high is recorded, not excluded): LEVEL HIGH (recorded, not an exclusion): loaded clock 1770 MHz is over the 1545 MHz edge of the band around the 1470 MHz reference; the cell ran at 1.20x the issue rate the fixed compute roof assumed, so its fraction of that roof is inflated by the ratio; read roof_at_cell_clock_tflops
  rep 3 T=  3072 s3w4g1       BM=256 n= 3     6.2930 ms (63 iters, clock 1770 MHz)
  rep 3 T=  3072 s2w4g1       BM= 64 n=12     8.5638 ms (46 iters, clock 1410 MHz)
  ^ kept (LEVEL high is recorded, not excluded): LEVEL HIGH (recorded, not an exclusion): loaded clock 1695 MHz is over the 1545 MHz edge of the band around the 1470 MHz reference; the cell ran at 1.15x the issue rate the fixed compute roof assumed, so its fraction of that roof is inflated by the ratio; read roof_at_cell_clock_tflops
  rep 3 T=  3072 s2w8g1       BM=256 n= 3     6.3885 ms (62 iters, clock 1695 MHz)
  ^ kept (LEVEL high is recorded, not excluded): LEVEL HIGH (recorded, not an exclusion): loaded clock 1680 MHz is over the 1545 MHz edge of the band around the 1470 MHz reference; the cell ran at 1.14x the issue rate the fixed compute roof assumed, so its fraction of that roof is inflated by the ratio; read roof_at_cell_clock_tflops
  rep 3 T=  3072 s3w8g8       BM=256 n= 3     5.9092 ms (67 iters, clock 1680 MHz)
  rep 3 T=  3072 s3w8g8       BM= 64 n=12     7.3279 ms (54 iters, clock 1485 MHz)
  ^ kept (LEVEL low is recorded, not excluded): LEVEL LOW (recorded, not an exclusion): loaded clock 1335 MHz is under the 1395 MHz edge of the band around the 1470 MHz reference; this tile draws more power under the same cap than the GEMM the roof was measured with, so its fixed-roof fraction is delivered throughput and its issue efficiency is 0.91x away, in roof_at_cell_clock_tflops
  rep 3 T=  3072 s3w8g1       BM= 64 n=12     9.2022 ms (43 iters, clock 1335 MHz)
  ^ kept (LEVEL high is recorded, not excluded): LEVEL HIGH (recorded, not an exclusion): loaded clock 1650 MHz is over the 1545 MHz edge of the band around the 1470 MHz reference; the cell ran at 1.12x the issue rate the fixed compute roof assumed, so its fraction of that roof is inflated by the ratio; read roof_at_cell_clock_tflops
  rep 3 T=  3072 s5w8g1       BM=256 n= 3     5.8752 ms (69 iters, clock 1650 MHz)
  ^ kept (LEVEL high is recorded, not excluded): LEVEL HIGH (recorded, not an exclusion): loaded clock 1650 MHz is over the 1545 MHz edge of the band around the 1470 MHz reference; the cell ran at 1.12x the issue rate the fixed compute roof assumed, so its fraction of that roof is inflated by the ratio; read roof_at_cell_clock_tflops
  rep 3 T=  3072 s4w8g1       BM=256 n= 3     5.8636 ms (68 iters, clock 1650 MHz)
  ^ kept (LEVEL low is recorded, not excluded): LEVEL LOW (recorded, not an exclusion): loaded clock 1365 MHz is under the 1395 MHz edge of the band around the 1470 MHz reference; this tile draws more power under the same cap than the GEMM the roof was measured with, so its fixed-roof fraction is delivered throughput and its issue efficiency is 0.93x away, in roof_at_cell_clock_tflops
  rep 3 T=  3328 s5w8g1       BM= 64 n=13     9.7364 ms (40 iters, clock 1365 MHz)
  ^ LEVEL LOW (recorded, not an exclusion): loaded clock 1365 MHz is under the 1395 MHz edge of the band around the 1470 MHz reference; this tile draws more power under the same cap than the GEMM the roof was measured with, so its fixed-roof fraction is delivered throughput and its issue efficiency is 0.93x away, in roof_at_cell_clock_tflops; DRIFT failed, oscillating: under-load clock went 1260 -> 1350 MHz over 23 samples (1260, 1365, 1365, 1395, 1395, 1395, 1395, 1410, 1410, 1395, 1395, 1065, 1065, 1365, 1365, 1380, 1380, 1350, 1350, 1305, 1305, 1350, 1350); the trials were not at one operating point and the median is a blend
  rep 3 T=  3328 s3w4g1       BM= 64 n=13     9.7699 ms (40 iters, clock 1365 MHz)
  ^ kept (LEVEL low is recorded, not excluded): LEVEL LOW (recorded, not an exclusion): loaded clock 1335 MHz is under the 1395 MHz edge of the band around the 1470 MHz reference; this tile draws more power under the same cap than the GEMM the roof was measured with, so its fixed-roof fraction is delivered throughput and its issue efficiency is 0.91x away, in roof_at_cell_clock_tflops
  rep 3 T=  3328 s3w8g1       BM= 64 n=13     9.9898 ms (39 iters, clock 1335 MHz)
  rep 3 T=  3328 s3w8g16      BM= 64 n=13     7.9224 ms (50 iters, clock 1500 MHz)
  rep 3 T=  3328 s3w8g8       BM= 64 n=13     8.0259 ms (50 iters, clock 1485 MHz)
  rep 3 T=  3328 s2w4g1       BM= 64 n=13     9.2395 ms (43 iters, clock 1418 MHz)
  rep 3 T=  3328 s3w8g64      BM= 64 n=13     8.2271 ms (48 iters, clock 1455 MHz)
  rep 3 T=  3328 s2w8g1       BM= 64 n=13    10.4277 ms (38 iters, clock 1440 MHz)
  ^ kept (LEVEL low is recorded, not excluded): LEVEL LOW (recorded, not an exclusion): loaded clock 1320 MHz is under the 1395 MHz edge of the band around the 1470 MHz reference; this tile draws more power under the same cap than the GEMM the roof was measured with, so its fixed-roof fraction is delivered throughput and its issue efficiency is 0.90x away, in roof_at_cell_clock_tflops
  rep 3 T=  3328 s4w8g1       BM= 64 n=13     9.8822 ms (40 iters, clock 1320 MHz)
  rep 3 T=  3584 s2w8g1       BM= 64 n=14    11.2501 ms (35 iters, clock 1440 MHz)
  rep 3 T=  3584 s3w8g8       BM= 64 n=14     8.5833 ms (45 iters, clock 1485 MHz)
  rep 3 T=  3584 s3w8g16      BM= 64 n=14     8.5255 ms (47 iters, clock 1485 MHz)
  rep 3 T=  3584 s3w8g64      BM= 64 n=14     8.7871 ms (46 iters, clock 1478 MHz)
  ^ LEVEL LOW (recorded, not an exclusion): loaded clock 1320 MHz is under the 1395 MHz edge of the band around the 1470 MHz reference; this tile draws more power under the same cap than the GEMM the roof was measured with, so its fixed-roof fraction is delivered throughput and its issue efficiency is 0.90x away, in roof_at_cell_clock_tflops; DRIFT failed, oscillating: under-load clock went 1260 -> 1335 MHz over 24 samples (1260, 1320, 1320, 1350, 1350, 1380, 1380, 1380, 1380, 1365, 1365, 1155, 1155, 1365, 1365, 1320, 1320, 1215, 1215, 1245, 1245, 1290, 1290, 1335); the trials were not at one operating point and the median is a blend
  rep 3 T=  3584 s3w8g1       BM= 64 n=14    10.7690 ms (37 iters, clock 1320 MHz)
  ^ LEVEL LOW (recorded, not an exclusion): loaded clock 1320 MHz is under the 1395 MHz edge of the band around the 1470 MHz reference; this tile draws more power under the same cap than the GEMM the roof was measured with, so its fixed-roof fraction is delivered throughput and its issue efficiency is 0.90x away, in roof_at_cell_clock_tflops; DRIFT failed, dropping: under-load clock went 1395 -> 1305 MHz over 24 samples (1395, 1380, 1380, 1320, 1320, 1260, 1260, 1275, 1275, 1275, 1275, 1020, 1020, 1275, 1275, 1365, 1365, 1395, 1395, 1380, 1380, 1380, 1380, 1305); the trials were not at one operating point and the median is a blend
  rep 3 T=  3584 s4w8g1       BM= 64 n=14    10.6218 ms (37 iters, clock 1320 MHz)
  ^ kept (LEVEL low is recorded, not excluded): LEVEL LOW (recorded, not an exclusion): loaded clock 1365 MHz is under the 1395 MHz edge of the band around the 1470 MHz reference; this tile draws more power under the same cap than the GEMM the roof was measured with, so its fixed-roof fraction is delivered throughput and its issue efficiency is 0.93x away, in roof_at_cell_clock_tflops
  rep 3 T=  3584 s5w8g1       BM= 64 n=14    10.5395 ms (37 iters, clock 1365 MHz)
  rep 3 T=  3584 s2w4g1       BM= 64 n=14     9.5975 ms (43 iters, clock 1410 MHz)
  rep 3 T=  3584 s3w4g1       BM= 64 n=14    10.4823 ms (38 iters, clock 1395 MHz)
  rep 3 T=  3840 s2w8g1       BM= 64 n=15    12.0371 ms (33 iters, clock 1455 MHz)
  ^ kept (LEVEL low is recorded, not excluded): LEVEL LOW (recorded, not an exclusion): loaded clock 1365 MHz is under the 1395 MHz edge of the band around the 1470 MHz reference; this tile draws more power under the same cap than the GEMM the roof was measured with, so its fixed-roof fraction is delivered throughput and its issue efficiency is 0.93x away, in roof_at_cell_clock_tflops
  rep 3 T=  3840 s5w8g1       BM= 64 n=15    11.3122 ms (34 iters, clock 1365 MHz)
  ^ kept (LEVEL low is recorded, not excluded): LEVEL LOW (recorded, not an exclusion): loaded clock 1350 MHz is under the 1395 MHz edge of the band around the 1470 MHz reference; this tile draws more power under the same cap than the GEMM the roof was measured with, so its fixed-roof fraction is delivered throughput and its issue efficiency is 0.92x away, in roof_at_cell_clock_tflops
  rep 3 T=  3840 s3w4g1       BM= 64 n=15    11.3285 ms (35 iters, clock 1350 MHz)
  rep 3 T=  3840 s2w4g1       BM= 64 n=15    10.0877 ms (39 iters, clock 1418 MHz)
  rep 3 T=  3840 s3w8g64      BM= 64 n=15     9.6462 ms (41 iters, clock 1470 MHz)
  ^ kept (LEVEL low is recorded, not excluded): LEVEL LOW (recorded, not an exclusion): loaded clock 1350 MHz is under the 1395 MHz edge of the band around the 1470 MHz reference; this tile draws more power under the same cap than the GEMM the roof was measured with, so its fixed-roof fraction is delivered throughput and its issue efficiency is 0.92x away, in roof_at_cell_clock_tflops
  rep 3 T=  3840 s3w8g1       BM= 64 n=15    11.5485 ms (34 iters, clock 1350 MHz)
  rep 3 T=  3840 s3w8g8       BM= 64 n=15     9.2217 ms (42 iters, clock 1500 MHz)
  rep 3 T=  3840 s3w8g16      BM= 64 n=15     9.1002 ms (43 iters, clock 1500 MHz)
  ^ LEVEL LOW (recorded, not an exclusion): loaded clock 1342 MHz is under the 1395 MHz edge of the band around the 1470 MHz reference; this tile draws more power under the same cap than the GEMM the roof was measured with, so its fixed-roof fraction is delivered throughput and its issue efficiency is 0.91x away, in roof_at_cell_clock_tflops; DRIFT failed, oscillating: under-load clock went 1245 -> 1335 MHz over 24 samples (1245, 1335, 1335, 1350, 1350, 1380, 1380, 1380, 1380, 1350, 1350, 1125, 1125, 1350, 1350, 1365, 1365, 1305, 1305, 1275, 1275, 1305, 1305, 1335); the trials were not at one operating point and the median is a blend
  rep 3 T=  3840 s4w8g1       BM= 64 n=15    11.4185 ms (35 iters, clock 1342 MHz)
  ^ kept (LEVEL high is recorded, not excluded): LEVEL HIGH (recorded, not an exclusion): loaded clock 1785 MHz is over the 1545 MHz edge of the band around the 1470 MHz reference; the cell ran at 1.21x the issue rate the fixed compute roof assumed, so its fraction of that roof is inflated by the ratio; read roof_at_cell_clock_tflops
  rep 3 T=  4096 s3w4g1       BM=256 n= 4     8.2897 ms (48 iters, clock 1785 MHz)
  ^ kept (LEVEL high is recorded, not excluded): LEVEL HIGH (recorded, not an exclusion): loaded clock 1620 MHz is over the 1545 MHz edge of the band around the 1470 MHz reference; the cell ran at 1.10x the issue rate the fixed compute roof assumed, so its fraction of that roof is inflated by the ratio; read roof_at_cell_clock_tflops
  rep 3 T=  4096 s5w8g1       BM=256 n= 4     7.9494 ms (49 iters, clock 1620 MHz)
  rep 3 T=  4096 s2w4g1       BM= 64 n=16    10.8304 ms (37 iters, clock 1410 MHz)
  ^ kept (LEVEL high is recorded, not excluded): LEVEL HIGH (recorded, not an exclusion): loaded clock 1830 MHz is over the 1545 MHz edge of the band around the 1470 MHz reference; the cell ran at 1.24x the issue rate the fixed compute roof assumed, so its fraction of that roof is inflated by the ratio; read roof_at_cell_clock_tflops
  rep 3 T=  4096 s2w4g1       BM=256 n= 4     8.8888 ms (45 iters, clock 1830 MHz)
  ^ kept (LEVEL high is recorded, not excluded): LEVEL HIGH (recorded, not an exclusion): loaded clock 1695 MHz is over the 1545 MHz edge of the band around the 1470 MHz reference; the cell ran at 1.15x the issue rate the fixed compute roof assumed, so its fraction of that roof is inflated by the ratio; read roof_at_cell_clock_tflops
  rep 3 T=  4096 s3w8g16      BM=256 n= 4     7.7841 ms (50 iters, clock 1695 MHz)
  ^ kept (LEVEL high is recorded, not excluded): LEVEL HIGH (recorded, not an exclusion): loaded clock 1658 MHz is over the 1545 MHz edge of the band around the 1470 MHz reference; the cell ran at 1.13x the issue rate the fixed compute roof assumed, so its fraction of that roof is inflated by the ratio; read roof_at_cell_clock_tflops
  rep 3 T=  4096 s4w8g1       BM=256 n= 4     7.7384 ms (51 iters, clock 1658 MHz)
  rep 3 T=  4096 s3w8g16      BM= 64 n=16     9.3709 ms (42 iters, clock 1515 MHz)
  ^ LEVEL HIGH (recorded, not an exclusion): loaded clock 1635 MHz is over the 1545 MHz edge of the band around the 1470 MHz reference; the cell ran at 1.11x the issue rate the fixed compute roof assumed, so its fraction of that roof is inflated by the ratio; read roof_at_cell_clock_tflops; DRIFT failed, dropping: under-load clock went 1725 -> 1635 MHz over 24 samples (1725, 1725, 1635, 1635, 1635, 1635, 1635, 1635, 1620, 1620, 1365, 1365, 1560, 1560, 1635, 1635, 1665, 1665, 1680, 1680, 1695, 1695, 1635, 1635); the trials were not at one operating point and the median is a blend
  rep 3 T=  4096 s3w8g1       BM=256 n= 4     8.1162 ms (50 iters, clock 1635 MHz)
  ^ kept (LEVEL low is recorded, not excluded): LEVEL LOW (recorded, not an exclusion): loaded clock 1335 MHz is under the 1395 MHz edge of the band around the 1470 MHz reference; this tile draws more power under the same cap than the GEMM the roof was measured with, so its fixed-roof fraction is delivered throughput and its issue efficiency is 0.91x away, in roof_at_cell_clock_tflops
  rep 3 T=  4096 s3w8g1       BM= 64 n=16    12.3418 ms (31 iters, clock 1335 MHz)
  ^ kept (LEVEL high is recorded, not excluded): LEVEL HIGH (recorded, not an exclusion): loaded clock 1740 MHz is over the 1545 MHz edge of the band around the 1470 MHz reference; the cell ran at 1.18x the issue rate the fixed compute roof assumed, so its fraction of that roof is inflated by the ratio; read roof_at_cell_clock_tflops
  rep 3 T=  4096 s3w8g8       BM=256 n= 4     7.5539 ms (53 iters, clock 1740 MHz)
  rep 3 T=  4096 s3w8g8       BM= 64 n=16     9.5909 ms (40 iters, clock 1500 MHz)
  ^ kept (LEVEL low is recorded, not excluded): LEVEL LOW (recorded, not an exclusion): loaded clock 1380 MHz is under the 1395 MHz edge of the band around the 1470 MHz reference; this tile draws more power under the same cap than the GEMM the roof was measured with, so its fixed-roof fraction is delivered throughput and its issue efficiency is 0.94x away, in roof_at_cell_clock_tflops
  rep 3 T=  4096 s3w4g1       BM= 64 n=16    12.0389 ms (33 iters, clock 1380 MHz)
  ^ kept (LEVEL high is recorded, not excluded): LEVEL HIGH (recorded, not an exclusion): loaded clock 1695 MHz is over the 1545 MHz edge of the band around the 1470 MHz reference; the cell ran at 1.15x the issue rate the fixed compute roof assumed, so its fraction of that roof is inflated by the ratio; read roof_at_cell_clock_tflops
  rep 3 T=  4096 s2w8g1       BM=256 n= 4     8.3081 ms (47 iters, clock 1695 MHz)
  rep 3 T=  4096 s3w8g64      BM= 64 n=16    10.0953 ms (39 iters, clock 1470 MHz)
  ^ kept (LEVEL low is recorded, not excluded): LEVEL LOW (recorded, not an exclusion): loaded clock 1305 MHz is under the 1395 MHz edge of the band around the 1470 MHz reference; this tile draws more power under the same cap than the GEMM the roof was measured with, so its fixed-roof fraction is delivered throughput and its issue efficiency is 0.89x away, in roof_at_cell_clock_tflops
  rep 3 T=  4096 s4w8g1       BM= 64 n=16    12.1583 ms (33 iters, clock 1305 MHz)
  ^ kept (LEVEL high is recorded, not excluded): LEVEL HIGH (recorded, not an exclusion): loaded clock 1635 MHz is over the 1545 MHz edge of the band around the 1470 MHz reference; the cell ran at 1.11x the issue rate the fixed compute roof assumed, so its fraction of that roof is inflated by the ratio; read roof_at_cell_clock_tflops
  rep 3 T=  4096 s3w8g64      BM=256 n= 4     8.0987 ms (49 iters, clock 1635 MHz)
  rep 3 T=  4096 s2w8g1       BM= 64 n=16    12.9110 ms (30 iters, clock 1425 MHz)
  ^ kept (LEVEL low is recorded, not excluded): LEVEL LOW (recorded, not an exclusion): loaded clock 1365 MHz is under the 1395 MHz edge of the band around the 1470 MHz reference; this tile draws more power under the same cap than the GEMM the roof was measured with, so its fixed-roof fraction is delivered throughput and its issue efficiency is 0.93x away, in roof_at_cell_clock_tflops
  rep 3 T=  4096 s5w8g1       BM= 64 n=16    12.0354 ms (33 iters, clock 1365 MHz)
  rep 4 T=   256 s3w8g1       BM= 64 n= 1     0.7923 ms (505 iters, clock 1425 MHz)
  ^ LEVEL HIGH (recorded, not an exclusion): loaded clock 1590 MHz is over the 1545 MHz edge of the band around the 1470 MHz reference; the cell ran at 1.08x the issue rate the fixed compute roof assumed, so its fraction of that roof is inflated by the ratio; read roof_at_cell_clock_tflops; DRIFT failed, dropping: under-load clock went 1755 -> 1590 MHz over 25 samples (1755, 1755, 1590, 1590, 1590, 1590, 1590, 1590, 1590, 1590, 1305, 1305, 1500, 1500, 1575, 1575, 1605, 1605, 1590, 1590, 1590, 1590, 1605, 1605, 1590); the trials were not at one operating point and the median is a blend
  rep 4 T=   256 s2w8g1       BM= 64 n= 1     0.9067 ms (437 iters, clock 1590 MHz)
  ^ kept (LEVEL high is recorded, not excluded): LEVEL HIGH (recorded, not an exclusion): loaded clock 1605 MHz is over the 1545 MHz edge of the band around the 1470 MHz reference; the cell ran at 1.09x the issue rate the fixed compute roof assumed, so its fraction of that roof is inflated by the ratio; read roof_at_cell_clock_tflops
  rep 4 T=   256 s2w4g1       BM= 64 n= 1     0.8661 ms (460 iters, clock 1605 MHz)
  rep 4 T=   256 s3w8g16      BM= 64 n= 1     0.8116 ms (489 iters, clock 1418 MHz)
  ^ DRIFT failed, dropping: under-load clock went 1710 -> 1425 MHz over 26 samples (1710, 1710, 1425, 1425, 1425, 1425, 1425, 1425, 1440, 1440, 1140, 1140, 1395, 1395, 1440, 1440, 1455, 1455, 1470, 1470, 1425, 1425, 1425, 1425, 1425, 1425); the trials were not at one operating point and the median is a blend
  rep 4 T=   256 s5w8g1       BM= 64 n= 1     0.7981 ms (495 iters, clock 1425 MHz)
  rep 4 T=   256 s3w8g64      BM= 64 n= 1     0.8058 ms (494 iters, clock 1425 MHz)
  ^ DRIFT failed, dropping: under-load clock went 1605 -> 1485 MHz over 25 samples (1605, 1605, 1455, 1455, 1500, 1500, 1455, 1455, 1470, 1470, 1245, 1245, 1455, 1455, 1455, 1455, 1470, 1470, 1455, 1455, 1500, 1500, 1485, 1485, 1485); the trials were not at one operating point and the median is a blend
  rep 4 T=   256 s4w8g1       BM= 64 n= 1     0.8507 ms (474 iters, clock 1470 MHz)
  rep 4 T=   256 s3w8g8       BM= 64 n= 1     0.8054 ms (501 iters, clock 1425 MHz)
  ^ DRIFT failed, dropping: under-load clock went 1620 -> 1440 MHz over 26 samples (1620, 1620, 1455, 1455, 1440, 1440, 1440, 1440, 1440, 1440, 1095, 1095, 1395, 1395, 1425, 1425, 1425, 1425, 1455, 1455, 1455, 1455, 1440, 1440, 1440, 1440); the trials were not at one operating point and the median is a blend
  rep 4 T=   256 s3w4g1       BM= 64 n= 1     0.7773 ms (514 iters, clock 1440 MHz)
  rep 4 T=   512 s2w8g1       BM= 64 n= 2     1.6600 ms (242 iters, clock 1500 MHz)
  rep 4 T=   512 s3w4g1       BM= 64 n= 2     1.4588 ms (273 iters, clock 1410 MHz)
  rep 4 T=   512 s2w4g1       BM= 64 n= 2     1.5542 ms (258 iters, clock 1515 MHz)
  ^ DRIFT failed, dropping: under-load clock went 1605 -> 1425 MHz over 25 samples (1605, 1605, 1395, 1395, 1365, 1365, 1410, 1410, 1380, 1380, 795, 795, 1350, 1350, 1410, 1410, 1395, 1395, 1425, 1425, 1425, 1425, 1290, 1290, 1425); the trials were not at one operating point and the median is a blend
  rep 4 T=   512 s4w8g1       BM= 64 n= 2     1.4972 ms (269 iters, clock 1395 MHz)
  rep 4 T=   512 s3w8g16      BM= 64 n= 2     1.3291 ms (300 iters, clock 1425 MHz)
  rep 4 T=   512 s3w8g1       BM= 64 n= 2     1.4965 ms (266 iters, clock 1410 MHz)
  rep 4 T=   512 s3w8g64      BM= 64 n= 2     1.3558 ms (295 iters, clock 1425 MHz)
  rep 4 T=   512 s5w8g1       BM= 64 n= 2     1.5155 ms (269 iters, clock 1410 MHz)
  rep 4 T=   512 s3w8g8       BM= 64 n= 2     1.3062 ms (307 iters, clock 1425 MHz)
  rep 4 T=   768 s3w8g8       BM= 64 n= 3     1.9455 ms (205 iters, clock 1425 MHz)
  rep 4 T=   768 s2w8g1       BM= 64 n= 3     2.4528 ms (164 iters, clock 1485 MHz)
  ^ LEVEL LOW (recorded, not an exclusion): loaded clock 1358 MHz is under the 1395 MHz edge of the band around the 1470 MHz reference; this tile draws more power under the same cap than the GEMM the roof was measured with, so its fixed-roof fraction is delivered throughput and its issue efficiency is 0.92x away, in roof_at_cell_clock_tflops; DRIFT failed, dropping: under-load clock went 1440 -> 1350 MHz over 24 samples (1440, 1440, 1320, 1320, 1350, 1350, 1365, 1365, 1380, 1380, 960, 960, 1350, 1350, 1380, 1380, 1395, 1395, 1350, 1350, 1380, 1380, 1350, 1350); the trials were not at one operating point and the median is a blend
  rep 4 T=   768 s4w8g1       BM= 64 n= 3     2.2750 ms (174 iters, clock 1358 MHz)
  rep 4 T=   768 s2w4g1       BM= 64 n= 3     2.0589 ms (193 iters, clock 1425 MHz)
  rep 4 T=   768 s3w8g64      BM= 64 n= 3     1.9644 ms (202 iters, clock 1440 MHz)
  rep 4 T=   768 s3w8g16      BM= 64 n= 3     1.9570 ms (204 iters, clock 1440 MHz)
  rep 4 T=   768 s5w8g1       BM= 64 n= 3     2.2781 ms (173 iters, clock 1395 MHz)
  ^ DRIFT failed, dropping: under-load clock went 1485 -> 1395 MHz over 24 samples (1485, 1485, 1395, 1395, 1395, 1395, 1395, 1395, 1395, 1395, 1005, 1005, 1290, 1290, 1395, 1395, 1395, 1395, 1380, 1380, 1410, 1410, 1395, 1395); the trials were not at one operating point and the median is a blend
  rep 4 T=   768 s3w8g1       BM= 64 n= 3     2.2553 ms (177 iters, clock 1395 MHz)
  rep 4 T=   768 s3w4g1       BM= 64 n= 3     2.1749 ms (181 iters, clock 1410 MHz)
  rep 4 T=  1024 s3w8g64      BM= 64 n= 4     2.5628 ms (157 iters, clock 1455 MHz)
  ^ kept (LEVEL high is recorded, not excluded): LEVEL HIGH (recorded, not an exclusion): loaded clock 1695 MHz is over the 1545 MHz edge of the band around the 1470 MHz reference; the cell ran at 1.15x the issue rate the fixed compute roof assumed, so its fraction of that roof is inflated by the ratio; read roof_at_cell_clock_tflops
  rep 4 T=  1024 s3w8g1       BM=256 n= 1     2.0473 ms (193 iters, clock 1695 MHz)
  rep 4 T=  1024 s3w8g16      BM= 64 n= 4     2.4577 ms (160 iters, clock 1455 MHz)
  rep 4 T=  1024 s3w8g8       BM= 64 n= 4     2.4397 ms (164 iters, clock 1470 MHz)
  ^ kept (LEVEL high is recorded, not excluded): LEVEL HIGH (recorded, not an exclusion): loaded clock 1740 MHz is over the 1545 MHz edge of the band around the 1470 MHz reference; the cell ran at 1.18x the issue rate the fixed compute roof assumed, so its fraction of that roof is inflated by the ratio; read roof_at_cell_clock_tflops
  rep 4 T=  1024 s2w8g1       BM=256 n= 1     2.2284 ms (181 iters, clock 1740 MHz)
  ^ kept (LEVEL low is recorded, not excluded): LEVEL LOW (recorded, not an exclusion): loaded clock 1380 MHz is under the 1395 MHz edge of the band around the 1470 MHz reference; this tile draws more power under the same cap than the GEMM the roof was measured with, so its fixed-roof fraction is delivered throughput and its issue efficiency is 0.94x away, in roof_at_cell_clock_tflops
  rep 4 T=  1024 s5w8g1       BM= 64 n= 4     3.0198 ms (132 iters, clock 1380 MHz)
  rep 4 T=  1024 s2w4g1       BM= 64 n= 4     2.8001 ms (142 iters, clock 1455 MHz)
  ^ kept (LEVEL low is recorded, not excluded): LEVEL LOW (recorded, not an exclusion): loaded clock 1380 MHz is under the 1395 MHz edge of the band around the 1470 MHz reference; this tile draws more power under the same cap than the GEMM the roof was measured with, so its fixed-roof fraction is delivered throughput and its issue efficiency is 0.94x away, in roof_at_cell_clock_tflops
  rep 4 T=  1024 s3w8g1       BM= 64 n= 4     3.0241 ms (132 iters, clock 1380 MHz)
  ^ kept (LEVEL high is recorded, not excluded): LEVEL HIGH (recorded, not an exclusion): loaded clock 1770 MHz is over the 1545 MHz edge of the band around the 1470 MHz reference; the cell ran at 1.20x the issue rate the fixed compute roof assumed, so its fraction of that roof is inflated by the ratio; read roof_at_cell_clock_tflops
  rep 4 T=  1024 s3w4g1       BM=256 n= 1     2.1468 ms (188 iters, clock 1770 MHz)
  rep 4 T=  1024 s2w8g1       BM= 64 n= 4     3.2828 ms (122 iters, clock 1478 MHz)
  ^ LEVEL HIGH (recorded, not an exclusion): loaded clock 1845 MHz is over the 1545 MHz edge of the band around the 1470 MHz reference; the cell ran at 1.26x the issue rate the fixed compute roof assumed, so its fraction of that roof is inflated by the ratio; read roof_at_cell_clock_tflops; DRIFT failed, dropping: under-load clock went 1905 -> 1800 MHz over 25 samples (1905, 1860, 1860, 1800, 1800, 1875, 1875, 1830, 1830, 1860, 1860, 1575, 1575, 1770, 1770, 1845, 1845, 1905, 1905, 1830, 1830, 1860, 1860, 1800, 1800); the trials were not at one operating point and the median is a blend
  rep 4 T=  1024 s2w4g1       BM=256 n= 1     2.3326 ms (173 iters, clock 1845 MHz)
  ^ kept (LEVEL high is recorded, not excluded): LEVEL HIGH (recorded, not an exclusion): loaded clock 1605 MHz is over the 1545 MHz edge of the band around the 1470 MHz reference; the cell ran at 1.09x the issue rate the fixed compute roof assumed, so its fraction of that roof is inflated by the ratio; read roof_at_cell_clock_tflops
  rep 4 T=  1024 s3w8g16      BM=256 n= 1     2.1342 ms (183 iters, clock 1605 MHz)
  ^ kept (LEVEL high is recorded, not excluded): LEVEL HIGH (recorded, not an exclusion): loaded clock 1620 MHz is over the 1545 MHz edge of the band around the 1470 MHz reference; the cell ran at 1.10x the issue rate the fixed compute roof assumed, so its fraction of that roof is inflated by the ratio; read roof_at_cell_clock_tflops
  rep 4 T=  1024 s3w8g8       BM=256 n= 1     2.1095 ms (189 iters, clock 1620 MHz)
  ^ kept (LEVEL high is recorded, not excluded): LEVEL HIGH (recorded, not an exclusion): loaded clock 1680 MHz is over the 1545 MHz edge of the band around the 1470 MHz reference; the cell ran at 1.14x the issue rate the fixed compute roof assumed, so its fraction of that roof is inflated by the ratio; read roof_at_cell_clock_tflops
  rep 4 T=  1024 s5w8g1       BM=256 n= 1     1.9864 ms (201 iters, clock 1680 MHz)
  ^ kept (LEVEL low is recorded, not excluded): LEVEL LOW (recorded, not an exclusion): loaded clock 1372 MHz is under the 1395 MHz edge of the band around the 1470 MHz reference; this tile draws more power under the same cap than the GEMM the roof was measured with, so its fixed-roof fraction is delivered throughput and its issue efficiency is 0.93x away, in roof_at_cell_clock_tflops
  rep 4 T=  1024 s4w8g1       BM= 64 n= 4     3.0500 ms (130 iters, clock 1372 MHz)
  ^ kept (LEVEL high is recorded, not excluded): LEVEL HIGH (recorded, not an exclusion): loaded clock 1695 MHz is over the 1545 MHz edge of the band around the 1470 MHz reference; the cell ran at 1.15x the issue rate the fixed compute roof assumed, so its fraction of that roof is inflated by the ratio; read roof_at_cell_clock_tflops
  rep 4 T=  1024 s4w8g1       BM=256 n= 1     1.9832 ms (204 iters, clock 1695 MHz)
  rep 4 T=  1024 s3w4g1       BM= 64 n= 4     2.9046 ms (137 iters, clock 1395 MHz)
  ^ LEVEL HIGH (recorded, not an exclusion): loaded clock 1620 MHz is over the 1545 MHz edge of the band around the 1470 MHz reference; the cell ran at 1.10x the issue rate the fixed compute roof assumed, so its fraction of that roof is inflated by the ratio; read roof_at_cell_clock_tflops; DRIFT failed, dropping: under-load clock went 1770 -> 1635 MHz over 25 samples (1770, 1770, 1620, 1620, 1605, 1605, 1605, 1605, 1635, 1635, 1320, 1320, 1560, 1560, 1605, 1605, 1635, 1635, 1635, 1635, 1635, 1635, 1620, 1620, 1635); the trials were not at one operating point and the median is a blend
  rep 4 T=  1024 s3w8g64      BM=256 n= 1     2.1223 ms (189 iters, clock 1620 MHz)
  rep 4 T=  1280 s3w8g16      BM= 64 n= 5     3.1543 ms (126 iters, clock 1470 MHz)
  ^ kept (LEVEL low is recorded, not excluded): LEVEL LOW (recorded, not an exclusion): loaded clock 1388 MHz is under the 1395 MHz edge of the band around the 1470 MHz reference; this tile draws more power under the same cap than the GEMM the roof was measured with, so its fixed-roof fraction is delivered throughput and its issue efficiency is 0.94x away, in roof_at_cell_clock_tflops
  rep 4 T=  1280 s3w8g1       BM= 64 n= 5     3.7626 ms (106 iters, clock 1388 MHz)
  ^ DRIFT failed, oscillating: under-load clock went 1320 -> 1395 MHz over 24 samples (1320, 1395, 1395, 1395, 1395, 1395, 1395, 1410, 1410, 1395, 1395, 945, 945, 1365, 1365, 1395, 1395, 1395, 1395, 1365, 1365, 1380, 1380, 1395); the trials were not at one operating point and the median is a blend
  rep 4 T=  1280 s3w4g1       BM= 64 n= 5     3.6532 ms (107 iters, clock 1395 MHz)
  rep 4 T=  1280 s3w8g8       BM= 64 n= 5     3.1752 ms (124 iters, clock 1455 MHz)
  rep 4 T=  1280 s2w4g1       BM= 64 n= 5     3.5014 ms (111 iters, clock 1440 MHz)
  ^ kept (LEVEL low is recorded, not excluded): LEVEL LOW (recorded, not an exclusion): loaded clock 1380 MHz is under the 1395 MHz edge of the band around the 1470 MHz reference; this tile draws more power under the same cap than the GEMM the roof was measured with, so its fixed-roof fraction is delivered throughput and its issue efficiency is 0.94x away, in roof_at_cell_clock_tflops
  rep 4 T=  1280 s5w8g1       BM= 64 n= 5     3.7742 ms (104 iters, clock 1380 MHz)
  rep 4 T=  1280 s3w8g64      BM= 64 n= 5     3.2247 ms (123 iters, clock 1455 MHz)
  ^ kept (LEVEL low is recorded, not excluded): LEVEL LOW (recorded, not an exclusion): loaded clock 1358 MHz is under the 1395 MHz edge of the band around the 1470 MHz reference; this tile draws more power under the same cap than the GEMM the roof was measured with, so its fixed-roof fraction is delivered throughput and its issue efficiency is 0.92x away, in roof_at_cell_clock_tflops
  rep 4 T=  1280 s4w8g1       BM= 64 n= 5     3.7933 ms (104 iters, clock 1358 MHz)
  rep 4 T=  1280 s2w8g1       BM= 64 n= 5     3.9834 ms (101 iters, clock 1470 MHz)
  rep 4 T=  1536 s2w4g1       BM= 64 n= 6     4.0969 ms (97 iters, clock 1440 MHz)
  rep 4 T=  1536 s3w8g64      BM= 64 n= 6     3.8773 ms (104 iters, clock 1462 MHz)
  ^ kept (LEVEL low is recorded, not excluded): LEVEL LOW (recorded, not an exclusion): loaded clock 1372 MHz is under the 1395 MHz edge of the band around the 1470 MHz reference; this tile draws more power under the same cap than the GEMM the roof was measured with, so its fixed-roof fraction is delivered throughput and its issue efficiency is 0.93x away, in roof_at_cell_clock_tflops
  rep 4 T=  1536 s3w8g1       BM= 64 n= 6     4.5738 ms (87 iters, clock 1372 MHz)
  ^ kept (LEVEL low is recorded, not excluded): LEVEL LOW (recorded, not an exclusion): loaded clock 1365 MHz is under the 1395 MHz edge of the band around the 1470 MHz reference; this tile draws more power under the same cap than the GEMM the roof was measured with, so its fixed-roof fraction is delivered throughput and its issue efficiency is 0.93x away, in roof_at_cell_clock_tflops
  rep 4 T=  1536 s4w8g1       BM= 64 n= 6     4.5387 ms (87 iters, clock 1365 MHz)
  rep 4 T=  1536 s3w4g1       BM= 64 n= 6     4.4054 ms (91 iters, clock 1395 MHz)
  rep 4 T=  1536 s3w8g8       BM= 64 n= 6     3.7618 ms (106 iters, clock 1470 MHz)
  ^ kept (LEVEL low is recorded, not excluded): LEVEL LOW (recorded, not an exclusion): loaded clock 1380 MHz is under the 1395 MHz edge of the band around the 1470 MHz reference; this tile draws more power under the same cap than the GEMM the roof was measured with, so its fixed-roof fraction is delivered throughput and its issue efficiency is 0.94x away, in roof_at_cell_clock_tflops
  rep 4 T=  1536 s5w8g1       BM= 64 n= 6     4.5511 ms (88 iters, clock 1380 MHz)
  rep 4 T=  1536 s2w8g1       BM= 64 n= 6     4.8267 ms (82 iters, clock 1470 MHz)
  rep 4 T=  1536 s3w8g16      BM= 64 n= 6     3.7234 ms (105 iters, clock 1470 MHz)
  ^ kept (LEVEL low is recorded, not excluded): LEVEL LOW (recorded, not an exclusion): loaded clock 1380 MHz is under the 1395 MHz edge of the band around the 1470 MHz reference; this tile draws more power under the same cap than the GEMM the roof was measured with, so its fixed-roof fraction is delivered throughput and its issue efficiency is 0.94x away, in roof_at_cell_clock_tflops
  rep 4 T=  1792 s5w8g1       BM= 64 n= 7     5.2804 ms (77 iters, clock 1380 MHz)
  ^ kept (LEVEL low is recorded, not excluded): LEVEL LOW (recorded, not an exclusion): loaded clock 1365 MHz is under the 1395 MHz edge of the band around the 1470 MHz reference; this tile draws more power under the same cap than the GEMM the roof was measured with, so its fixed-roof fraction is delivered throughput and its issue efficiency is 0.93x away, in roof_at_cell_clock_tflops
  rep 4 T=  1792 s4w8g1       BM= 64 n= 7     5.2835 ms (75 iters, clock 1365 MHz)
  rep 4 T=  1792 s3w8g64      BM= 64 n= 7     4.5666 ms (87 iters, clock 1462 MHz)
  ^ kept (LEVEL low is recorded, not excluded): LEVEL LOW (recorded, not an exclusion): loaded clock 1365 MHz is under the 1395 MHz edge of the band around the 1470 MHz reference; this tile draws more power under the same cap than the GEMM the roof was measured with, so its fixed-roof fraction is delivered throughput and its issue efficiency is 0.93x away, in roof_at_cell_clock_tflops
  rep 4 T=  1792 s3w4g1       BM= 64 n= 7     5.1741 ms (76 iters, clock 1365 MHz)
  ^ kept (LEVEL low is recorded, not excluded): LEVEL LOW (recorded, not an exclusion): loaded clock 1365 MHz is under the 1395 MHz edge of the band around the 1470 MHz reference; this tile draws more power under the same cap than the GEMM the roof was measured with, so its fixed-roof fraction is delivered throughput and its issue efficiency is 0.93x away, in roof_at_cell_clock_tflops
  rep 4 T=  1792 s3w8g1       BM= 64 n= 7     5.3033 ms (75 iters, clock 1365 MHz)
  rep 4 T=  1792 s3w8g16      BM= 64 n= 7     4.3237 ms (92 iters, clock 1485 MHz)
  rep 4 T=  1792 s3w8g8       BM= 64 n= 7     4.4083 ms (90 iters, clock 1470 MHz)
  rep 4 T=  1792 s2w4g1       BM= 64 n= 7     4.5561 ms (87 iters, clock 1425 MHz)
  rep 4 T=  1792 s2w8g1       BM= 64 n= 7     5.6371 ms (70 iters, clock 1455 MHz)
  ^ kept (LEVEL high is recorded, not excluded): LEVEL HIGH (recorded, not an exclusion): loaded clock 1635 MHz is over the 1545 MHz edge of the band around the 1470 MHz reference; the cell ran at 1.11x the issue rate the fixed compute roof assumed, so its fraction of that roof is inflated by the ratio; read roof_at_cell_clock_tflops
  rep 4 T=  2048 s3w8g64      BM=256 n= 2     4.0359 ms (99 iters, clock 1635 MHz)
  ^ LEVEL LOW (recorded, not an exclusion): loaded clock 1320 MHz is under the 1395 MHz edge of the band around the 1470 MHz reference; this tile draws more power under the same cap than the GEMM the roof was measured with, so its fixed-roof fraction is delivered throughput and its issue efficiency is 0.90x away, in roof_at_cell_clock_tflops; DRIFT failed, oscillating: under-load clock went 1200 -> 1305 MHz over 23 samples (1200, 1305, 1305, 1350, 1350, 1380, 1380, 1380, 1380, 1380, 1380, 1080, 1080, 1320, 1320, 1350, 1350, 1275, 1275, 1245, 1245, 1305, 1305); the trials were not at one operating point and the median is a blend
  rep 4 T=  2048 s4w8g1       BM= 64 n= 8     6.0441 ms (65 iters, clock 1320 MHz)
  ^ LEVEL HIGH (recorded, not an exclusion): loaded clock 1658 MHz is over the 1545 MHz edge of the band around the 1470 MHz reference; the cell ran at 1.13x the issue rate the fixed compute roof assumed, so its fraction of that roof is inflated by the ratio; read roof_at_cell_clock_tflops; DRIFT failed, dropping: under-load clock went 1740 -> 1650 MHz over 24 samples (1740, 1740, 1665, 1665, 1650, 1650, 1635, 1635, 1635, 1635, 1380, 1380, 1590, 1590, 1665, 1665, 1680, 1680, 1710, 1710, 1695, 1695, 1650, 1650); the trials were not at one operating point and the median is a blend
  rep 4 T=  2048 s3w8g1       BM=256 n= 2     4.0435 ms (99 iters, clock 1658 MHz)
  rep 4 T=  2048 s2w8g1       BM= 64 n= 8     6.4516 ms (61 iters, clock 1448 MHz)
  ^ kept (LEVEL high is recorded, not excluded): LEVEL HIGH (recorded, not an exclusion): loaded clock 1762 MHz is over the 1545 MHz edge of the band around the 1470 MHz reference; the cell ran at 1.20x the issue rate the fixed compute roof assumed, so its fraction of that roof is inflated by the ratio; read roof_at_cell_clock_tflops
  rep 4 T=  2048 s3w4g1       BM=256 n= 2     4.2232 ms (96 iters, clock 1762 MHz)
  ^ kept (LEVEL high is recorded, not excluded): LEVEL HIGH (recorded, not an exclusion): loaded clock 1658 MHz is over the 1545 MHz edge of the band around the 1470 MHz reference; the cell ran at 1.13x the issue rate the fixed compute roof assumed, so its fraction of that roof is inflated by the ratio; read roof_at_cell_clock_tflops
  rep 4 T=  2048 s5w8g1       BM=256 n= 2     3.9118 ms (100 iters, clock 1658 MHz)
  ^ kept (LEVEL low is recorded, not excluded): LEVEL LOW (recorded, not an exclusion): loaded clock 1328 MHz is under the 1395 MHz edge of the band around the 1470 MHz reference; this tile draws more power under the same cap than the GEMM the roof was measured with, so its fixed-roof fraction is delivered throughput and its issue efficiency is 0.90x away, in roof_at_cell_clock_tflops
  rep 4 T=  2048 s3w8g1       BM= 64 n= 8     6.0786 ms (65 iters, clock 1328 MHz)
  rep 4 T=  2048 s2w4g1       BM= 64 n= 8     5.4643 ms (72 iters, clock 1425 MHz)
  ^ kept (LEVEL high is recorded, not excluded): LEVEL HIGH (recorded, not an exclusion): loaded clock 1680 MHz is over the 1545 MHz edge of the band around the 1470 MHz reference; the cell ran at 1.14x the issue rate the fixed compute roof assumed, so its fraction of that roof is inflated by the ratio; read roof_at_cell_clock_tflops
  rep 4 T=  2048 s2w8g1       BM=256 n= 2     4.2758 ms (92 iters, clock 1680 MHz)
  rep 4 T=  2048 s3w8g8       BM= 64 n= 8     4.6976 ms (84 iters, clock 1515 MHz)
  ^ kept (LEVEL high is recorded, not excluded): LEVEL HIGH (recorded, not an exclusion): loaded clock 1845 MHz is over the 1545 MHz edge of the band around the 1470 MHz reference; the cell ran at 1.26x the issue rate the fixed compute roof assumed, so its fraction of that roof is inflated by the ratio; read roof_at_cell_clock_tflops
  rep 4 T=  2048 s2w4g1       BM=256 n= 2     4.5616 ms (87 iters, clock 1845 MHz)
  rep 4 T=  2048 s3w8g16      BM= 64 n= 8     4.7888 ms (81 iters, clock 1500 MHz)
  ^ kept (LEVEL high is recorded, not excluded): LEVEL HIGH (recorded, not an exclusion): loaded clock 1628 MHz is over the 1545 MHz edge of the band around the 1470 MHz reference; the cell ran at 1.11x the issue rate the fixed compute roof assumed, so its fraction of that roof is inflated by the ratio; read roof_at_cell_clock_tflops
  rep 4 T=  2048 s3w8g16      BM=256 n= 2     4.0589 ms (99 iters, clock 1628 MHz)
  ^ kept (LEVEL low is recorded, not excluded): LEVEL LOW (recorded, not an exclusion): loaded clock 1365 MHz is under the 1395 MHz edge of the band around the 1470 MHz reference; this tile draws more power under the same cap than the GEMM the roof was measured with, so its fixed-roof fraction is delivered throughput and its issue efficiency is 0.93x away, in roof_at_cell_clock_tflops
  rep 4 T=  2048 s5w8g1       BM= 64 n= 8     6.0426 ms (66 iters, clock 1365 MHz)
  ^ kept (LEVEL high is recorded, not excluded): LEVEL HIGH (recorded, not an exclusion): loaded clock 1695 MHz is over the 1545 MHz edge of the band around the 1470 MHz reference; the cell ran at 1.15x the issue rate the fixed compute roof assumed, so its fraction of that roof is inflated by the ratio; read roof_at_cell_clock_tflops
  rep 4 T=  2048 s4w8g1       BM=256 n= 2     3.8771 ms (104 iters, clock 1695 MHz)
  rep 4 T=  2048 s3w8g64      BM= 64 n= 8     5.1673 ms (75 iters, clock 1455 MHz)
  ^ kept (LEVEL low is recorded, not excluded): LEVEL LOW (recorded, not an exclusion): loaded clock 1380 MHz is under the 1395 MHz edge of the band around the 1470 MHz reference; this tile draws more power under the same cap than the GEMM the roof was measured with, so its fixed-roof fraction is delivered throughput and its issue efficiency is 0.94x away, in roof_at_cell_clock_tflops
  rep 4 T=  2048 s3w4g1       BM= 64 n= 8     5.9171 ms (67 iters, clock 1380 MHz)
  ^ kept (LEVEL high is recorded, not excluded): LEVEL HIGH (recorded, not an exclusion): loaded clock 1695 MHz is over the 1545 MHz edge of the band around the 1470 MHz reference; the cell ran at 1.15x the issue rate the fixed compute roof assumed, so its fraction of that roof is inflated by the ratio; read roof_at_cell_clock_tflops
  rep 4 T=  2048 s3w8g8       BM=256 n= 2     3.9429 ms (100 iters, clock 1695 MHz)
  ^ kept (LEVEL low is recorded, not excluded): LEVEL LOW (recorded, not an exclusion): loaded clock 1350 MHz is under the 1395 MHz edge of the band around the 1470 MHz reference; this tile draws more power under the same cap than the GEMM the roof was measured with, so its fixed-roof fraction is delivered throughput and its issue efficiency is 0.92x away, in roof_at_cell_clock_tflops
  rep 4 T=  2304 s4w8g1       BM= 64 n= 9     6.8275 ms (58 iters, clock 1350 MHz)
  rep 4 T=  2304 s3w8g8       BM= 64 n= 9     5.5744 ms (70 iters, clock 1470 MHz)
  ^ kept (LEVEL low is recorded, not excluded): LEVEL LOW (recorded, not an exclusion): loaded clock 1365 MHz is under the 1395 MHz edge of the band around the 1470 MHz reference; this tile draws more power under the same cap than the GEMM the roof was measured with, so its fixed-roof fraction is delivered throughput and its issue efficiency is 0.93x away, in roof_at_cell_clock_tflops
  rep 4 T=  2304 s5w8g1       BM= 64 n= 9     6.7672 ms (58 iters, clock 1365 MHz)
  rep 4 T=  2304 s3w4g1       BM= 64 n= 9     6.6907 ms (59 iters, clock 1395 MHz)
  ^ kept (LEVEL low is recorded, not excluded): LEVEL LOW (recorded, not an exclusion): loaded clock 1335 MHz is under the 1395 MHz edge of the band around the 1470 MHz reference; this tile draws more power under the same cap than the GEMM the roof was measured with, so its fixed-roof fraction is delivered throughput and its issue efficiency is 0.91x away, in roof_at_cell_clock_tflops
  rep 4 T=  2304 s3w8g1       BM= 64 n= 9     6.8490 ms (58 iters, clock 1335 MHz)
  rep 4 T=  2304 s3w8g64      BM= 64 n= 9     5.8329 ms (68 iters, clock 1470 MHz)
  rep 4 T=  2304 s2w4g1       BM= 64 n= 9     6.0045 ms (65 iters, clock 1425 MHz)
  rep 4 T=  2304 s2w8g1       BM= 64 n= 9     7.2916 ms (54 iters, clock 1448 MHz)
  rep 4 T=  2304 s3w8g16      BM= 64 n= 9     5.5103 ms (72 iters, clock 1485 MHz)
  rep 4 T=  2560 s2w4g1       BM= 64 n=10     6.9492 ms (57 iters, clock 1425 MHz)
  ^ kept (LEVEL low is recorded, not excluded): LEVEL LOW (recorded, not an exclusion): loaded clock 1320 MHz is under the 1395 MHz edge of the band around the 1470 MHz reference; this tile draws more power under the same cap than the GEMM the roof was measured with, so its fixed-roof fraction is delivered throughput and its issue efficiency is 0.90x away, in roof_at_cell_clock_tflops
  rep 4 T=  2560 s4w8g1       BM= 64 n=10     7.5579 ms (52 iters, clock 1320 MHz)
  ^ kept (LEVEL low is recorded, not excluded): LEVEL LOW (recorded, not an exclusion): loaded clock 1372 MHz is under the 1395 MHz edge of the band around the 1470 MHz reference; this tile draws more power under the same cap than the GEMM the roof was measured with, so its fixed-roof fraction is delivered throughput and its issue efficiency is 0.93x away, in roof_at_cell_clock_tflops
  rep 4 T=  2560 s3w4g1       BM= 64 n=10     7.4603 ms (53 iters, clock 1372 MHz)
  ^ kept (LEVEL low is recorded, not excluded): LEVEL LOW (recorded, not an exclusion): loaded clock 1350 MHz is under the 1395 MHz edge of the band around the 1470 MHz reference; this tile draws more power under the same cap than the GEMM the roof was measured with, so its fixed-roof fraction is delivered throughput and its issue efficiency is 0.92x away, in roof_at_cell_clock_tflops
  rep 4 T=  2560 s5w8g1       BM= 64 n=10     7.4990 ms (52 iters, clock 1350 MHz)
  rep 4 T=  2560 s3w8g8       BM= 64 n=10     6.1406 ms (65 iters, clock 1485 MHz)
  rep 4 T=  2560 s3w8g16      BM= 64 n=10     6.1029 ms (64 iters, clock 1485 MHz)
  rep 4 T=  2560 s3w8g64      BM= 64 n=10     6.4030 ms (61 iters, clock 1470 MHz)
  rep 4 T=  2560 s2w8g1       BM= 64 n=10     8.0196 ms (49 iters, clock 1455 MHz)
  ^ kept (LEVEL low is recorded, not excluded): LEVEL LOW (recorded, not an exclusion): loaded clock 1365 MHz is under the 1395 MHz edge of the band around the 1470 MHz reference; this tile draws more power under the same cap than the GEMM the roof was measured with, so its fixed-roof fraction is delivered throughput and its issue efficiency is 0.93x away, in roof_at_cell_clock_tflops
  rep 4 T=  2560 s3w8g1       BM= 64 n=10     7.6111 ms (52 iters, clock 1365 MHz)
  ^ kept (LEVEL low is recorded, not excluded): LEVEL LOW (recorded, not an exclusion): loaded clock 1350 MHz is under the 1395 MHz edge of the band around the 1470 MHz reference; this tile draws more power under the same cap than the GEMM the roof was measured with, so its fixed-roof fraction is delivered throughput and its issue efficiency is 0.92x away, in roof_at_cell_clock_tflops
  rep 4 T=  2816 s4w8g1       BM= 64 n=11     8.3639 ms (47 iters, clock 1350 MHz)
  ^ kept (LEVEL low is recorded, not excluded): LEVEL LOW (recorded, not an exclusion): loaded clock 1350 MHz is under the 1395 MHz edge of the band around the 1470 MHz reference; this tile draws more power under the same cap than the GEMM the roof was measured with, so its fixed-roof fraction is delivered throughput and its issue efficiency is 0.92x away, in roof_at_cell_clock_tflops
  rep 4 T=  2816 s5w8g1       BM= 64 n=11     8.2502 ms (48 iters, clock 1350 MHz)
  rep 4 T=  2816 s3w8g16      BM= 64 n=11     6.7055 ms (59 iters, clock 1485 MHz)
  rep 4 T=  2816 s2w4g1       BM= 64 n=11     7.6379 ms (52 iters, clock 1410 MHz)
  rep 4 T=  2816 s3w8g64      BM= 64 n=11     6.9679 ms (57 iters, clock 1470 MHz)
  rep 4 T=  2816 s3w8g8       BM= 64 n=11     6.8050 ms (58 iters, clock 1470 MHz)
  ^ LEVEL LOW (recorded, not an exclusion): loaded clock 1335 MHz is under the 1395 MHz edge of the band around the 1470 MHz reference; this tile draws more power under the same cap than the GEMM the roof was measured with, so its fixed-roof fraction is delivered throughput and its issue efficiency is 0.91x away, in roof_at_cell_clock_tflops; DRIFT failed, oscillating: under-load clock went 1275 -> 1365 MHz over 24 samples (1275, 1365, 1365, 1365, 1365, 1365, 1365, 1335, 1335, 1320, 1320, 825, 825, 1320, 1320, 1380, 1380, 1365, 1365, 1305, 1305, 1335, 1335, 1365); the trials were not at one operating point and the median is a blend
  rep 4 T=  2816 s3w8g1       BM= 64 n=11     8.4277 ms (47 iters, clock 1335 MHz)
  ^ kept (LEVEL low is recorded, not excluded): LEVEL LOW (recorded, not an exclusion): loaded clock 1380 MHz is under the 1395 MHz edge of the band around the 1470 MHz reference; this tile draws more power under the same cap than the GEMM the roof was measured with, so its fixed-roof fraction is delivered throughput and its issue efficiency is 0.94x away, in roof_at_cell_clock_tflops
  rep 4 T=  2816 s3w4g1       BM= 64 n=11     8.2145 ms (48 iters, clock 1380 MHz)
  rep 4 T=  2816 s2w8g1       BM= 64 n=11     8.8084 ms (45 iters, clock 1448 MHz)
  rep 4 T=  3072 s3w4g1       BM= 64 n=12     8.8957 ms (44 iters, clock 1395 MHz)
  rep 4 T=  3072 s3w8g8       BM= 64 n=12     7.2846 ms (54 iters, clock 1500 MHz)
  ^ kept (LEVEL high is recorded, not excluded): LEVEL HIGH (recorded, not an exclusion): loaded clock 1838 MHz is over the 1545 MHz edge of the band around the 1470 MHz reference; the cell ran at 1.25x the issue rate the fixed compute roof assumed, so its fraction of that roof is inflated by the ratio; read roof_at_cell_clock_tflops
  rep 4 T=  3072 s2w4g1       BM=256 n= 3     6.7698 ms (59 iters, clock 1838 MHz)
  rep 4 T=  3072 s3w8g16      BM= 64 n=12     7.3296 ms (53 iters, clock 1485 MHz)
  ^ kept (LEVEL high is recorded, not excluded): LEVEL HIGH (recorded, not an exclusion): loaded clock 1755 MHz is over the 1545 MHz edge of the band around the 1470 MHz reference; the cell ran at 1.19x the issue rate the fixed compute roof assumed, so its fraction of that roof is inflated by the ratio; read roof_at_cell_clock_tflops
  rep 4 T=  3072 s3w4g1       BM=256 n= 3     6.2885 ms (64 iters, clock 1755 MHz)
  ^ kept (LEVEL high is recorded, not excluded): LEVEL HIGH (recorded, not an exclusion): loaded clock 1635 MHz is over the 1545 MHz edge of the band around the 1470 MHz reference; the cell ran at 1.11x the issue rate the fixed compute roof assumed, so its fraction of that roof is inflated by the ratio; read roof_at_cell_clock_tflops
  rep 4 T=  3072 s4w8g1       BM=256 n= 3     5.8699 ms (66 iters, clock 1635 MHz)
  ^ kept (LEVEL low is recorded, not excluded): LEVEL LOW (recorded, not an exclusion): loaded clock 1350 MHz is under the 1395 MHz edge of the band around the 1470 MHz reference; this tile draws more power under the same cap than the GEMM the roof was measured with, so its fixed-roof fraction is delivered throughput and its issue efficiency is 0.92x away, in roof_at_cell_clock_tflops
  rep 4 T=  3072 s5w8g1       BM= 64 n=12     9.0290 ms (44 iters, clock 1350 MHz)
  ^ kept (LEVEL low is recorded, not excluded): LEVEL LOW (recorded, not an exclusion): loaded clock 1320 MHz is under the 1395 MHz edge of the band around the 1470 MHz reference; this tile draws more power under the same cap than the GEMM the roof was measured with, so its fixed-roof fraction is delivered throughput and its issue efficiency is 0.90x away, in roof_at_cell_clock_tflops
  rep 4 T=  3072 s4w8g1       BM= 64 n=12     9.0938 ms (43 iters, clock 1320 MHz)
  ^ kept (LEVEL high is recorded, not excluded): LEVEL HIGH (recorded, not an exclusion): loaded clock 1695 MHz is over the 1545 MHz edge of the band around the 1470 MHz reference; the cell ran at 1.15x the issue rate the fixed compute roof assumed, so its fraction of that roof is inflated by the ratio; read roof_at_cell_clock_tflops
  rep 4 T=  3072 s3w8g8       BM=256 n= 3     5.8681 ms (69 iters, clock 1695 MHz)
  ^ kept (LEVEL low is recorded, not excluded): LEVEL LOW (recorded, not an exclusion): loaded clock 1328 MHz is under the 1395 MHz edge of the band around the 1470 MHz reference; this tile draws more power under the same cap than the GEMM the roof was measured with, so its fixed-roof fraction is delivered throughput and its issue efficiency is 0.90x away, in roof_at_cell_clock_tflops
  rep 4 T=  3072 s3w8g1       BM= 64 n=12     9.2002 ms (43 iters, clock 1328 MHz)
  ^ kept (LEVEL high is recorded, not excluded): LEVEL HIGH (recorded, not an exclusion): loaded clock 1650 MHz is over the 1545 MHz edge of the band around the 1470 MHz reference; the cell ran at 1.12x the issue rate the fixed compute roof assumed, so its fraction of that roof is inflated by the ratio; read roof_at_cell_clock_tflops
  rep 4 T=  3072 s3w8g1       BM=256 n= 3     6.0728 ms (66 iters, clock 1650 MHz)
  rep 4 T=  3072 s2w4g1       BM= 64 n=12     8.4762 ms (47 iters, clock 1425 MHz)
  ^ kept (LEVEL high is recorded, not excluded): LEVEL HIGH (recorded, not an exclusion): loaded clock 1680 MHz is over the 1545 MHz edge of the band around the 1470 MHz reference; the cell ran at 1.14x the issue rate the fixed compute roof assumed, so its fraction of that roof is inflated by the ratio; read roof_at_cell_clock_tflops
  rep 4 T=  3072 s3w8g16      BM=256 n= 3     5.9532 ms (67 iters, clock 1680 MHz)
  ^ kept (LEVEL high is recorded, not excluded): LEVEL HIGH (recorded, not an exclusion): loaded clock 1650 MHz is over the 1545 MHz edge of the band around the 1470 MHz reference; the cell ran at 1.12x the issue rate the fixed compute roof assumed, so its fraction of that roof is inflated by the ratio; read roof_at_cell_clock_tflops
  rep 4 T=  3072 s5w8g1       BM=256 n= 3     5.9300 ms (65 iters, clock 1650 MHz)
  rep 4 T=  3072 s3w8g64      BM= 64 n=12     7.6224 ms (52 iters, clock 1455 MHz)
  ^ kept (LEVEL high is recorded, not excluded): LEVEL HIGH (recorded, not an exclusion): loaded clock 1650 MHz is over the 1545 MHz edge of the band around the 1470 MHz reference; the cell ran at 1.12x the issue rate the fixed compute roof assumed, so its fraction of that roof is inflated by the ratio; read roof_at_cell_clock_tflops
  rep 4 T=  3072 s3w8g64      BM=256 n= 3     6.0374 ms (64 iters, clock 1650 MHz)
  ^ kept (LEVEL high is recorded, not excluded): LEVEL HIGH (recorded, not an exclusion): loaded clock 1680 MHz is over the 1545 MHz edge of the band around the 1470 MHz reference; the cell ran at 1.14x the issue rate the fixed compute roof assumed, so its fraction of that roof is inflated by the ratio; read roof_at_cell_clock_tflops
  rep 4 T=  3072 s2w8g1       BM=256 n= 3     6.3983 ms (63 iters, clock 1680 MHz)
  rep 4 T=  3072 s2w8g1       BM= 64 n=12     9.6285 ms (41 iters, clock 1448 MHz)
  ^ kept (LEVEL low is recorded, not excluded): LEVEL LOW (recorded, not an exclusion): loaded clock 1380 MHz is under the 1395 MHz edge of the band around the 1470 MHz reference; this tile draws more power under the same cap than the GEMM the roof was measured with, so its fixed-roof fraction is delivered throughput and its issue efficiency is 0.94x away, in roof_at_cell_clock_tflops
  rep 4 T=  3328 s5w8g1       BM= 64 n=13     9.7276 ms (41 iters, clock 1380 MHz)
  ^ kept (LEVEL low is recorded, not excluded): LEVEL LOW (recorded, not an exclusion): loaded clock 1358 MHz is under the 1395 MHz edge of the band around the 1470 MHz reference; this tile draws more power under the same cap than the GEMM the roof was measured with, so its fixed-roof fraction is delivered throughput and its issue efficiency is 0.92x away, in roof_at_cell_clock_tflops
  rep 4 T=  3328 s3w8g1       BM= 64 n=13     9.9593 ms (40 iters, clock 1358 MHz)
  rep 4 T=  3328 s3w8g64      BM= 64 n=13     8.2989 ms (47 iters, clock 1455 MHz)
  rep 4 T=  3328 s3w8g8       BM= 64 n=13     8.0203 ms (50 iters, clock 1485 MHz)
  ^ kept (LEVEL low is recorded, not excluded): LEVEL LOW (recorded, not an exclusion): loaded clock 1380 MHz is under the 1395 MHz edge of the band around the 1470 MHz reference; this tile draws more power under the same cap than the GEMM the roof was measured with, so its fixed-roof fraction is delivered throughput and its issue efficiency is 0.94x away, in roof_at_cell_clock_tflops
  rep 4 T=  3328 s3w4g1       BM= 64 n=13     9.7404 ms (40 iters, clock 1380 MHz)
  rep 4 T=  3328 s2w4g1       BM= 64 n=13     9.2496 ms (42 iters, clock 1410 MHz)
  ^ kept (LEVEL low is recorded, not excluded): LEVEL LOW (recorded, not an exclusion): loaded clock 1342 MHz is under the 1395 MHz edge of the band around the 1470 MHz reference; this tile draws more power under the same cap than the GEMM the roof was measured with, so its fixed-roof fraction is delivered throughput and its issue efficiency is 0.91x away, in roof_at_cell_clock_tflops
  rep 4 T=  3328 s4w8g1       BM= 64 n=13     9.8551 ms (40 iters, clock 1342 MHz)
  rep 4 T=  3328 s3w8g16      BM= 64 n=13     7.9391 ms (49 iters, clock 1485 MHz)
  rep 4 T=  3328 s2w8g1       BM= 64 n=13    10.4573 ms (38 iters, clock 1440 MHz)
  ^ kept (LEVEL low is recorded, not excluded): LEVEL LOW (recorded, not an exclusion): loaded clock 1380 MHz is under the 1395 MHz edge of the band around the 1470 MHz reference; this tile draws more power under the same cap than the GEMM the roof was measured with, so its fixed-roof fraction is delivered throughput and its issue efficiency is 0.94x away, in roof_at_cell_clock_tflops
  rep 4 T=  3584 s5w8g1       BM= 64 n=14    10.5091 ms (37 iters, clock 1380 MHz)
  ^ kept (LEVEL low is recorded, not excluded): LEVEL LOW (recorded, not an exclusion): loaded clock 1380 MHz is under the 1395 MHz edge of the band around the 1470 MHz reference; this tile draws more power under the same cap than the GEMM the roof was measured with, so its fixed-roof fraction is delivered throughput and its issue efficiency is 0.94x away, in roof_at_cell_clock_tflops
  rep 4 T=  3584 s3w4g1       BM= 64 n=14    10.4711 ms (38 iters, clock 1380 MHz)
  rep 4 T=  3584 s3w8g64      BM= 64 n=14     8.9014 ms (44 iters, clock 1470 MHz)
  ^ kept (LEVEL low is recorded, not excluded): LEVEL LOW (recorded, not an exclusion): loaded clock 1328 MHz is under the 1395 MHz edge of the band around the 1470 MHz reference; this tile draws more power under the same cap than the GEMM the roof was measured with, so its fixed-roof fraction is delivered throughput and its issue efficiency is 0.90x away, in roof_at_cell_clock_tflops
  rep 4 T=  3584 s4w8g1       BM= 64 n=14    10.6605 ms (37 iters, clock 1328 MHz)
  rep 4 T=  3584 s2w8g1       BM= 64 n=14    11.2921 ms (34 iters, clock 1440 MHz)
  rep 4 T=  3584 s3w8g8       BM= 64 n=14     8.6017 ms (46 iters, clock 1485 MHz)
  rep 4 T=  3584 s2w4g1       BM= 64 n=14     9.5873 ms (41 iters, clock 1410 MHz)
  rep 4 T=  3584 s3w8g16      BM= 64 n=14     8.5107 ms (47 iters, clock 1485 MHz)
  ^ LEVEL LOW (recorded, not an exclusion): loaded clock 1320 MHz is under the 1395 MHz edge of the band around the 1470 MHz reference; this tile draws more power under the same cap than the GEMM the roof was measured with, so its fixed-roof fraction is delivered throughput and its issue efficiency is 0.90x away, in roof_at_cell_clock_tflops; DRIFT failed, settling upward: under-load clock went 1170 -> 1305 MHz over 23 samples (1170, 1320, 1320, 1365, 1365, 1380, 1380, 1380, 1380, 1350, 1350, 1200, 1200, 1380, 1380, 1305, 1305, 1200, 1200, 1215, 1215, 1305, 1305); the trials were not at one operating point and the median is a blend
  rep 4 T=  3584 s3w8g1       BM= 64 n=14    10.7551 ms (36 iters, clock 1320 MHz)
  ^ kept (LEVEL low is recorded, not excluded): LEVEL LOW (recorded, not an exclusion): loaded clock 1350 MHz is under the 1395 MHz edge of the band around the 1470 MHz reference; this tile draws more power under the same cap than the GEMM the roof was measured with, so its fixed-roof fraction is delivered throughput and its issue efficiency is 0.92x away, in roof_at_cell_clock_tflops
  rep 4 T=  3840 s3w8g1       BM= 64 n=15    11.5347 ms (34 iters, clock 1350 MHz)
  rep 4 T=  3840 s3w8g16      BM= 64 n=15     9.1084 ms (43 iters, clock 1500 MHz)
  rep 4 T=  3840 s3w8g8       BM= 64 n=15     9.2668 ms (43 iters, clock 1492 MHz)
  ^ kept (LEVEL low is recorded, not excluded): LEVEL LOW (recorded, not an exclusion): loaded clock 1365 MHz is under the 1395 MHz edge of the band around the 1470 MHz reference; this tile draws more power under the same cap than the GEMM the roof was measured with, so its fixed-roof fraction is delivered throughput and its issue efficiency is 0.93x away, in roof_at_cell_clock_tflops
  rep 4 T=  3840 s5w8g1       BM= 64 n=15    11.3344 ms (34 iters, clock 1365 MHz)
  ^ kept (LEVEL low is recorded, not excluded): LEVEL LOW (recorded, not an exclusion): loaded clock 1320 MHz is under the 1395 MHz edge of the band around the 1470 MHz reference; this tile draws more power under the same cap than the GEMM the roof was measured with, so its fixed-roof fraction is delivered throughput and its issue efficiency is 0.90x away, in roof_at_cell_clock_tflops
  rep 4 T=  3840 s4w8g1       BM= 64 n=15    11.4266 ms (34 iters, clock 1320 MHz)
  rep 4 T=  3840 s3w8g64      BM= 64 n=15     9.6264 ms (41 iters, clock 1455 MHz)
  ^ kept (LEVEL low is recorded, not excluded): LEVEL LOW (recorded, not an exclusion): loaded clock 1350 MHz is under the 1395 MHz edge of the band around the 1470 MHz reference; this tile draws more power under the same cap than the GEMM the roof was measured with, so its fixed-roof fraction is delivered throughput and its issue efficiency is 0.92x away, in roof_at_cell_clock_tflops
  rep 4 T=  3840 s3w4g1       BM= 64 n=15    11.2664 ms (35 iters, clock 1350 MHz)
  rep 4 T=  3840 s2w4g1       BM= 64 n=15    10.0813 ms (39 iters, clock 1410 MHz)
  rep 4 T=  3840 s2w8g1       BM= 64 n=15    12.0774 ms (33 iters, clock 1440 MHz)
  ^ kept (LEVEL high is recorded, not excluded): LEVEL HIGH (recorded, not an exclusion): loaded clock 1838 MHz is over the 1545 MHz edge of the band around the 1470 MHz reference; the cell ran at 1.25x the issue rate the fixed compute roof assumed, so its fraction of that roof is inflated by the ratio; read roof_at_cell_clock_tflops
  rep 4 T=  4096 s2w4g1       BM=256 n= 4     8.8579 ms (45 iters, clock 1838 MHz)
  ^ kept (LEVEL low is recorded, not excluded): LEVEL LOW (recorded, not an exclusion): loaded clock 1320 MHz is under the 1395 MHz edge of the band around the 1470 MHz reference; this tile draws more power under the same cap than the GEMM the roof was measured with, so its fixed-roof fraction is delivered throughput and its issue efficiency is 0.90x away, in roof_at_cell_clock_tflops
  rep 4 T=  4096 s3w8g1       BM= 64 n=16    12.3319 ms (32 iters, clock 1320 MHz)
  ^ kept (LEVEL high is recorded, not excluded): LEVEL HIGH (recorded, not an exclusion): loaded clock 1560 MHz is over the 1545 MHz edge of the band around the 1470 MHz reference; the cell ran at 1.06x the issue rate the fixed compute roof assumed, so its fraction of that roof is inflated by the ratio; read roof_at_cell_clock_tflops
  rep 4 T=  4096 s3w8g16      BM= 64 n=16     9.3089 ms (42 iters, clock 1560 MHz)
  rep 4 T=  4096 s3w8g64      BM= 64 n=16    10.1022 ms (38 iters, clock 1470 MHz)
  ^ kept (LEVEL high is recorded, not excluded): LEVEL HIGH (recorded, not an exclusion): loaded clock 1642 MHz is over the 1545 MHz edge of the band around the 1470 MHz reference; the cell ran at 1.12x the issue rate the fixed compute roof assumed, so its fraction of that roof is inflated by the ratio; read roof_at_cell_clock_tflops
  rep 4 T=  4096 s3w8g1       BM=256 n= 4     8.0679 ms (49 iters, clock 1642 MHz)
  ^ kept (LEVEL high is recorded, not excluded): LEVEL HIGH (recorded, not an exclusion): loaded clock 1620 MHz is over the 1545 MHz edge of the band around the 1470 MHz reference; the cell ran at 1.10x the issue rate the fixed compute roof assumed, so its fraction of that roof is inflated by the ratio; read roof_at_cell_clock_tflops
  rep 4 T=  4096 s3w8g64      BM=256 n= 4     8.1592 ms (48 iters, clock 1620 MHz)
  ^ kept (LEVEL high is recorded, not excluded): LEVEL HIGH (recorded, not an exclusion): loaded clock 1710 MHz is over the 1545 MHz edge of the band around the 1470 MHz reference; the cell ran at 1.16x the issue rate the fixed compute roof assumed, so its fraction of that roof is inflated by the ratio; read roof_at_cell_clock_tflops
  rep 4 T=  4096 s3w8g8       BM=256 n= 4     7.6539 ms (52 iters, clock 1710 MHz)
  rep 4 T=  4096 s3w8g8       BM= 64 n=16     9.5522 ms (41 iters, clock 1500 MHz)
  ^ kept (LEVEL high is recorded, not excluded): LEVEL HIGH (recorded, not an exclusion): loaded clock 1650 MHz is over the 1545 MHz edge of the band around the 1470 MHz reference; the cell ran at 1.12x the issue rate the fixed compute roof assumed, so its fraction of that roof is inflated by the ratio; read roof_at_cell_clock_tflops
  rep 4 T=  4096 s5w8g1       BM=256 n= 4     7.8125 ms (50 iters, clock 1650 MHz)
  ^ kept (LEVEL low is recorded, not excluded): LEVEL LOW (recorded, not an exclusion): loaded clock 1350 MHz is under the 1395 MHz edge of the band around the 1470 MHz reference; this tile draws more power under the same cap than the GEMM the roof was measured with, so its fixed-roof fraction is delivered throughput and its issue efficiency is 0.92x away, in roof_at_cell_clock_tflops
  rep 4 T=  4096 s5w8g1       BM= 64 n=16    12.0441 ms (33 iters, clock 1350 MHz)
  rep 4 T=  4096 s2w4g1       BM= 64 n=16    10.7607 ms (38 iters, clock 1410 MHz)
  rep 4 T=  4096 s2w8g1       BM= 64 n=16    12.8656 ms (30 iters, clock 1425 MHz)
  ^ LEVEL LOW (recorded, not an exclusion): loaded clock 1320 MHz is under the 1395 MHz edge of the band around the 1470 MHz reference; this tile draws more power under the same cap than the GEMM the roof was measured with, so its fixed-roof fraction is delivered throughput and its issue efficiency is 0.90x away, in roof_at_cell_clock_tflops; DRIFT failed, settling upward: under-load clock went 1275 -> 1350 MHz over 23 samples (1275, 1275, 1335, 1335, 1275, 1275, 1305, 1305, 1320, 1320, 1230, 1230, 1245, 1245, 1410, 1410, 1395, 1395, 1350, 1350, 1350, 1350, 1350); the trials were not at one operating point and the median is a blend
  rep 4 T=  4096 s3w4g1       BM= 64 n=16    12.1318 ms (32 iters, clock 1320 MHz)
  ^ kept (LEVEL high is recorded, not excluded): LEVEL HIGH (recorded, not an exclusion): loaded clock 1718 MHz is over the 1545 MHz edge of the band around the 1470 MHz reference; the cell ran at 1.17x the issue rate the fixed compute roof assumed, so its fraction of that roof is inflated by the ratio; read roof_at_cell_clock_tflops
  rep 4 T=  4096 s3w8g16      BM=256 n= 4     7.7026 ms (52 iters, clock 1718 MHz)
  ^ kept (LEVEL high is recorded, not excluded): LEVEL HIGH (recorded, not an exclusion): loaded clock 1740 MHz is over the 1545 MHz edge of the band around the 1470 MHz reference; the cell ran at 1.18x the issue rate the fixed compute roof assumed, so its fraction of that roof is inflated by the ratio; read roof_at_cell_clock_tflops
  rep 4 T=  4096 s3w4g1       BM=256 n= 4     8.4403 ms (46 iters, clock 1740 MHz)
  ^ kept (LEVEL high is recorded, not excluded): LEVEL HIGH (recorded, not an exclusion): loaded clock 1665 MHz is over the 1545 MHz edge of the band around the 1470 MHz reference; the cell ran at 1.13x the issue rate the fixed compute roof assumed, so its fraction of that roof is inflated by the ratio; read roof_at_cell_clock_tflops
  rep 4 T=  4096 s4w8g1       BM=256 n= 4     7.7369 ms (52 iters, clock 1665 MHz)
  ^ kept (LEVEL high is recorded, not excluded): LEVEL HIGH (recorded, not an exclusion): loaded clock 1680 MHz is over the 1545 MHz edge of the band around the 1470 MHz reference; the cell ran at 1.14x the issue rate the fixed compute roof assumed, so its fraction of that roof is inflated by the ratio; read roof_at_cell_clock_tflops
  rep 4 T=  4096 s2w8g1       BM=256 n= 4     8.3412 ms (47 iters, clock 1680 MHz)
  ^ kept (LEVEL low is recorded, not excluded): LEVEL LOW (recorded, not an exclusion): loaded clock 1282 MHz is under the 1395 MHz edge of the band around the 1470 MHz reference; this tile draws more power under the same cap than the GEMM the roof was measured with, so its fixed-roof fraction is delivered throughput and its issue efficiency is 0.87x away, in roof_at_cell_clock_tflops
  rep 4 T=  4096 s4w8g1       BM= 64 n=16    12.1687 ms (33 iters, clock 1282 MHz)
  rep 5 T=   256 s3w4g1       BM= 64 n= 1     0.7769 ms (518 iters, clock 1455 MHz)
  rep 5 T=   256 s3w8g16      BM= 64 n= 1     0.8042 ms (484 iters, clock 1425 MHz)
  ^ LEVEL HIGH (recorded, not an exclusion): loaded clock 1590 MHz is over the 1545 MHz edge of the band around the 1470 MHz reference; the cell ran at 1.08x the issue rate the fixed compute roof assumed, so its fraction of that roof is inflated by the ratio; read roof_at_cell_clock_tflops; DRIFT failed, dropping: under-load clock went 1710 -> 1590 MHz over 25 samples (1710, 1710, 1605, 1605, 1605, 1605, 1605, 1605, 1530, 1530, 1275, 1275, 1515, 1515, 1590, 1590, 1620, 1620, 1620, 1620, 1575, 1575, 1590, 1590, 1590); the trials were not at one operating point and the median is a blend
  rep 5 T=   256 s2w4g1       BM= 64 n= 1     0.8661 ms (456 iters, clock 1590 MHz)
  rep 5 T=   256 s4w8g1       BM= 64 n= 1     0.8480 ms (490 iters, clock 1470 MHz)
  ^ DRIFT failed, dropping: under-load clock went 1560 -> 1440 MHz over 26 samples (1560, 1560, 1440, 1440, 1440, 1440, 1425, 1425, 1425, 1425, 990, 990, 1380, 1380, 1425, 1425, 1425, 1425, 1440, 1440, 1440, 1440, 1440, 1440, 1440, 1440); the trials were not at one operating point and the median is a blend
  rep 5 T=   256 s3w8g64      BM= 64 n= 1     0.8036 ms (497 iters, clock 1440 MHz)
  rep 5 T=   256 s3w8g1       BM= 64 n= 1     0.7923 ms (504 iters, clock 1432 MHz)
  rep 5 T=   256 s5w8g1       BM= 64 n= 1     0.7955 ms (502 iters, clock 1440 MHz)
  rep 5 T=   256 s3w8g8       BM= 64 n= 1     0.8042 ms (500 iters, clock 1425 MHz)
  ^ kept (LEVEL high is recorded, not excluded): LEVEL HIGH (recorded, not an exclusion): loaded clock 1605 MHz is over the 1545 MHz edge of the band around the 1470 MHz reference; the cell ran at 1.09x the issue rate the fixed compute roof assumed, so its fraction of that roof is inflated by the ratio; read roof_at_cell_clock_tflops
  rep 5 T=   256 s2w8g1       BM= 64 n= 1     0.9035 ms (444 iters, clock 1605 MHz)
  ^ DRIFT failed, dropping: under-load clock went 1515 -> 1410 MHz over 25 samples (1515, 1515, 1425, 1425, 1395, 1395, 1365, 1365, 1410, 1410, 1035, 1035, 1380, 1380, 1410, 1410, 1395, 1395, 1395, 1395, 1410, 1410, 1410, 1410, 1410); the trials were not at one operating point and the median is a blend
  rep 5 T=   512 s4w8g1       BM= 64 n= 2     1.4951 ms (269 iters, clock 1410 MHz)
  rep 5 T=   512 s2w4g1       BM= 64 n= 2     1.5570 ms (251 iters, clock 1500 MHz)
  rep 5 T=   512 s3w8g16      BM= 64 n= 2     1.3217 ms (303 iters, clock 1440 MHz)
  ^ DRIFT failed, dropping: under-load clock went 1590 -> 1425 MHz over 25 samples (1590, 1590, 1425, 1425, 1440, 1440, 1440, 1440, 1425, 1425, 1230, 1230, 1425, 1425, 1395, 1395, 1380, 1380, 1380, 1380, 1410, 1410, 1425, 1425, 1425); the trials were not at one operating point and the median is a blend
  rep 5 T=   512 s3w8g8       BM= 64 n= 2     1.3083 ms (300 iters, clock 1425 MHz)
  rep 5 T=   512 s3w4g1       BM= 64 n= 2     1.4669 ms (274 iters, clock 1395 MHz)
  rep 5 T=   512 s3w8g64      BM= 64 n= 2     1.3488 ms (298 iters, clock 1425 MHz)
  rep 5 T=   512 s2w8g1       BM= 64 n= 2     1.6577 ms (238 iters, clock 1500 MHz)
  rep 5 T=   512 s3w8g1       BM= 64 n= 2     1.5013 ms (262 iters, clock 1410 MHz)
  rep 5 T=   512 s5w8g1       BM= 64 n= 2     1.5160 ms (268 iters, clock 1395 MHz)
  rep 5 T=   768 s3w8g8       BM= 64 n= 3     1.9380 ms (205 iters, clock 1425 MHz)
  ^ DRIFT failed, dropping: under-load clock went 1485 -> 1380 MHz over 25 samples (1485, 1485, 1395, 1395, 1395, 1395, 1395, 1395, 1395, 1395, 945, 945, 1380, 1380, 1425, 1425, 1380, 1380, 1395, 1395, 1380, 1380, 1380, 1380, 1380); the trials were not at one operating point and the median is a blend
  rep 5 T=   768 s5w8g1       BM= 64 n= 3     2.2771 ms (176 iters, clock 1395 MHz)
  rep 5 T=   768 s3w8g64      BM= 64 n= 3     1.9703 ms (203 iters, clock 1440 MHz)
  rep 5 T=   768 s2w8g1       BM= 64 n= 3     2.4423 ms (164 iters, clock 1500 MHz)
  rep 5 T=   768 s3w8g16      BM= 64 n= 3     1.9507 ms (203 iters, clock 1440 MHz)
  ^ kept (LEVEL low is recorded, not excluded): LEVEL LOW (recorded, not an exclusion): loaded clock 1380 MHz is under the 1395 MHz edge of the band around the 1470 MHz reference; this tile draws more power under the same cap than the GEMM the roof was measured with, so its fixed-roof fraction is delivered throughput and its issue efficiency is 0.94x away, in roof_at_cell_clock_tflops
  rep 5 T=   768 s4w8g1       BM= 64 n= 3     2.2744 ms (175 iters, clock 1380 MHz)
  rep 5 T=   768 s3w8g1       BM= 64 n= 3     2.2571 ms (176 iters, clock 1395 MHz)
  rep 5 T=   768 s2w4g1       BM= 64 n= 3     2.0598 ms (193 iters, clock 1425 MHz)
  rep 5 T=   768 s3w4g1       BM= 64 n= 3     2.1678 ms (182 iters, clock 1410 MHz)
  rep 5 T=  1024 s3w8g8       BM= 64 n= 4     2.4417 ms (165 iters, clock 1470 MHz)
  ^ kept (LEVEL low is recorded, not excluded): LEVEL LOW (recorded, not an exclusion): loaded clock 1380 MHz is under the 1395 MHz edge of the band around the 1470 MHz reference; this tile draws more power under the same cap than the GEMM the roof was measured with, so its fixed-roof fraction is delivered throughput and its issue efficiency is 0.94x away, in roof_at_cell_clock_tflops
  rep 5 T=  1024 s5w8g1       BM= 64 n= 4     3.0137 ms (133 iters, clock 1380 MHz)
  ^ kept (LEVEL low is recorded, not excluded): LEVEL LOW (recorded, not an exclusion): loaded clock 1388 MHz is under the 1395 MHz edge of the band around the 1470 MHz reference; this tile draws more power under the same cap than the GEMM the roof was measured with, so its fixed-roof fraction is delivered throughput and its issue efficiency is 0.94x away, in roof_at_cell_clock_tflops
  rep 5 T=  1024 s4w8g1       BM= 64 n= 4     3.0409 ms (131 iters, clock 1388 MHz)
  rep 5 T=  1024 s2w4g1       BM= 64 n= 4     2.8034 ms (143 iters, clock 1440 MHz)
  rep 5 T=  1024 s3w8g64      BM= 64 n= 4     2.5682 ms (153 iters, clock 1455 MHz)
  rep 5 T=  1024 s2w8g1       BM= 64 n= 4     3.2802 ms (122 iters, clock 1470 MHz)
  ^ kept (LEVEL high is recorded, not excluded): LEVEL HIGH (recorded, not an exclusion): loaded clock 1628 MHz is over the 1545 MHz edge of the band around the 1470 MHz reference; the cell ran at 1.11x the issue rate the fixed compute roof assumed, so its fraction of that roof is inflated by the ratio; read roof_at_cell_clock_tflops
  rep 5 T=  1024 s3w8g16      BM=256 n= 1     2.1231 ms (187 iters, clock 1628 MHz)
  ^ kept (LEVEL high is recorded, not excluded): LEVEL HIGH (recorded, not an exclusion): loaded clock 1680 MHz is over the 1545 MHz edge of the band around the 1470 MHz reference; the cell ran at 1.14x the issue rate the fixed compute roof assumed, so its fraction of that roof is inflated by the ratio; read roof_at_cell_clock_tflops
  rep 5 T=  1024 s3w8g1       BM=256 n= 1     2.0594 ms (193 iters, clock 1680 MHz)
  ^ kept (LEVEL high is recorded, not excluded): LEVEL HIGH (recorded, not an exclusion): loaded clock 1740 MHz is over the 1545 MHz edge of the band around the 1470 MHz reference; the cell ran at 1.18x the issue rate the fixed compute roof assumed, so its fraction of that roof is inflated by the ratio; read roof_at_cell_clock_tflops
  rep 5 T=  1024 s2w8g1       BM=256 n= 1     2.2294 ms (178 iters, clock 1740 MHz)
  ^ kept (LEVEL high is recorded, not excluded): LEVEL HIGH (recorded, not an exclusion): loaded clock 1875 MHz is over the 1545 MHz edge of the band around the 1470 MHz reference; the cell ran at 1.28x the issue rate the fixed compute roof assumed, so its fraction of that roof is inflated by the ratio; read roof_at_cell_clock_tflops
  rep 5 T=  1024 s2w4g1       BM=256 n= 1     2.3139 ms (173 iters, clock 1875 MHz)
  ^ kept (LEVEL high is recorded, not excluded): LEVEL HIGH (recorded, not an exclusion): loaded clock 1770 MHz is over the 1545 MHz edge of the band around the 1470 MHz reference; the cell ran at 1.20x the issue rate the fixed compute roof assumed, so its fraction of that roof is inflated by the ratio; read roof_at_cell_clock_tflops
  rep 5 T=  1024 s3w4g1       BM=256 n= 1     2.1472 ms (186 iters, clock 1770 MHz)
  rep 5 T=  1024 s3w8g16      BM= 64 n= 4     2.4789 ms (162 iters, clock 1455 MHz)
  ^ kept (LEVEL high is recorded, not excluded): LEVEL HIGH (recorded, not an exclusion): loaded clock 1695 MHz is over the 1545 MHz edge of the band around the 1470 MHz reference; the cell ran at 1.15x the issue rate the fixed compute roof assumed, so its fraction of that roof is inflated by the ratio; read roof_at_cell_clock_tflops
  rep 5 T=  1024 s4w8g1       BM=256 n= 1     1.9708 ms (204 iters, clock 1695 MHz)
  ^ kept (LEVEL low is recorded, not excluded): LEVEL LOW (recorded, not an exclusion): loaded clock 1380 MHz is under the 1395 MHz edge of the band around the 1470 MHz reference; this tile draws more power under the same cap than the GEMM the roof was measured with, so its fixed-roof fraction is delivered throughput and its issue efficiency is 0.94x away, in roof_at_cell_clock_tflops
  rep 5 T=  1024 s3w8g1       BM= 64 n= 4     3.0200 ms (131 iters, clock 1380 MHz)
  ^ LEVEL HIGH (recorded, not an exclusion): loaded clock 1620 MHz is over the 1545 MHz edge of the band around the 1470 MHz reference; the cell ran at 1.10x the issue rate the fixed compute roof assumed, so its fraction of that roof is inflated by the ratio; read roof_at_cell_clock_tflops; DRIFT failed, dropping: under-load clock went 1710 -> 1620 MHz over 24 samples (1710, 1710, 1605, 1605, 1635, 1635, 1620, 1620, 1605, 1605, 1440, 1440, 1560, 1560, 1650, 1650, 1620, 1620, 1605, 1605, 1620, 1620, 1620, 1620); the trials were not at one operating point and the median is a blend
  rep 5 T=  1024 s3w8g8       BM=256 n= 1     2.1108 ms (188 iters, clock 1620 MHz)
  rep 5 T=  1024 s3w4g1       BM= 64 n= 4     2.9164 ms (136 iters, clock 1395 MHz)
  ^ kept (LEVEL high is recorded, not excluded): LEVEL HIGH (recorded, not an exclusion): loaded clock 1635 MHz is over the 1545 MHz edge of the band around the 1470 MHz reference; the cell ran at 1.11x the issue rate the fixed compute roof assumed, so its fraction of that roof is inflated by the ratio; read roof_at_cell_clock_tflops
  rep 5 T=  1024 s3w8g64      BM=256 n= 1     2.1092 ms (188 iters, clock 1635 MHz)
  ^ kept (LEVEL high is recorded, not excluded): LEVEL HIGH (recorded, not an exclusion): loaded clock 1680 MHz is over the 1545 MHz edge of the band around the 1470 MHz reference; the cell ran at 1.14x the issue rate the fixed compute roof assumed, so its fraction of that roof is inflated by the ratio; read roof_at_cell_clock_tflops
  rep 5 T=  1024 s5w8g1       BM=256 n= 1     1.9912 ms (198 iters, clock 1680 MHz)
  ^ kept (LEVEL low is recorded, not excluded): LEVEL LOW (recorded, not an exclusion): loaded clock 1380 MHz is under the 1395 MHz edge of the band around the 1470 MHz reference; this tile draws more power under the same cap than the GEMM the roof was measured with, so its fixed-roof fraction is delivered throughput and its issue efficiency is 0.94x away, in roof_at_cell_clock_tflops
  rep 5 T=  1280 s5w8g1       BM= 64 n= 5     3.7788 ms (106 iters, clock 1380 MHz)
  ^ kept (LEVEL low is recorded, not excluded): LEVEL LOW (recorded, not an exclusion): loaded clock 1372 MHz is under the 1395 MHz edge of the band around the 1470 MHz reference; this tile draws more power under the same cap than the GEMM the roof was measured with, so its fixed-roof fraction is delivered throughput and its issue efficiency is 0.93x away, in roof_at_cell_clock_tflops
  rep 5 T=  1280 s4w8g1       BM= 64 n= 5     3.7851 ms (105 iters, clock 1372 MHz)
  rep 5 T=  1280 s3w8g8       BM= 64 n= 5     3.1764 ms (125 iters, clock 1455 MHz)
  rep 5 T=  1280 s2w8g1       BM= 64 n= 5     3.9793 ms (100 iters, clock 1478 MHz)
  ^ kept (LEVEL low is recorded, not excluded): LEVEL LOW (recorded, not an exclusion): loaded clock 1380 MHz is under the 1395 MHz edge of the band around the 1470 MHz reference; this tile draws more power under the same cap than the GEMM the roof was measured with, so its fixed-roof fraction is delivered throughput and its issue efficiency is 0.94x away, in roof_at_cell_clock_tflops
  rep 5 T=  1280 s3w8g1       BM= 64 n= 5     3.7647 ms (105 iters, clock 1380 MHz)
  rep 5 T=  1280 s3w4g1       BM= 64 n= 5     3.6489 ms (110 iters, clock 1395 MHz)
  rep 5 T=  1280 s3w8g16      BM= 64 n= 5     3.1442 ms (127 iters, clock 1478 MHz)
  rep 5 T=  1280 s3w8g64      BM= 64 n= 5     3.2234 ms (123 iters, clock 1455 MHz)
  rep 5 T=  1280 s2w4g1       BM= 64 n= 5     3.5073 ms (116 iters, clock 1440 MHz)
  rep 5 T=  1536 s3w8g64      BM= 64 n= 6     3.8833 ms (103 iters, clock 1455 MHz)
  ^ kept (LEVEL low is recorded, not excluded): LEVEL LOW (recorded, not an exclusion): loaded clock 1380 MHz is under the 1395 MHz edge of the band around the 1470 MHz reference; this tile draws more power under the same cap than the GEMM the roof was measured with, so its fixed-roof fraction is delivered throughput and its issue efficiency is 0.94x away, in roof_at_cell_clock_tflops
  rep 5 T=  1536 s3w8g1       BM= 64 n= 6     4.5694 ms (86 iters, clock 1380 MHz)
  rep 5 T=  1536 s3w8g8       BM= 64 n= 6     3.7547 ms (106 iters, clock 1470 MHz)
  rep 5 T=  1536 s3w8g16      BM= 64 n= 6     3.7198 ms (108 iters, clock 1470 MHz)
  rep 5 T=  1536 s3w4g1       BM= 64 n= 6     4.3966 ms (90 iters, clock 1395 MHz)
  ^ DRIFT failed, dropping: under-load clock went 1545 -> 1455 MHz over 25 samples (1545, 1545, 1455, 1455, 1470, 1470, 1470, 1470, 1455, 1455, 795, 795, 1290, 1290, 1425, 1425, 1440, 1440, 1455, 1455, 1455, 1455, 1455, 1455, 1455); the trials were not at one operating point and the median is a blend
  rep 5 T=  1536 s2w4g1       BM= 64 n= 6     4.0664 ms (99 iters, clock 1455 MHz)
  ^ kept (LEVEL low is recorded, not excluded): LEVEL LOW (recorded, not an exclusion): loaded clock 1380 MHz is under the 1395 MHz edge of the band around the 1470 MHz reference; this tile draws more power under the same cap than the GEMM the roof was measured with, so its fixed-roof fraction is delivered throughput and its issue efficiency is 0.94x away, in roof_at_cell_clock_tflops
  rep 5 T=  1536 s5w8g1       BM= 64 n= 6     4.5513 ms (87 iters, clock 1380 MHz)
  rep 5 T=  1536 s2w8g1       BM= 64 n= 6     4.8377 ms (82 iters, clock 1455 MHz)
  ^ kept (LEVEL low is recorded, not excluded): LEVEL LOW (recorded, not an exclusion): loaded clock 1365 MHz is under the 1395 MHz edge of the band around the 1470 MHz reference; this tile draws more power under the same cap than the GEMM the roof was measured with, so its fixed-roof fraction is delivered throughput and its issue efficiency is 0.93x away, in roof_at_cell_clock_tflops
  rep 5 T=  1536 s4w8g1       BM= 64 n= 6     4.5341 ms (87 iters, clock 1365 MHz)
  rep 5 T=  1792 s3w4g1       BM= 64 n= 7     5.1431 ms (78 iters, clock 1395 MHz)
  rep 5 T=  1792 s3w8g8       BM= 64 n= 7     4.3817 ms (90 iters, clock 1478 MHz)
  rep 5 T=  1792 s2w4g1       BM= 64 n= 7     4.5768 ms (88 iters, clock 1425 MHz)
  ^ kept (LEVEL low is recorded, not excluded): LEVEL LOW (recorded, not an exclusion): loaded clock 1380 MHz is under the 1395 MHz edge of the band around the 1470 MHz reference; this tile draws more power under the same cap than the GEMM the roof was measured with, so its fixed-roof fraction is delivered throughput and its issue efficiency is 0.94x away, in roof_at_cell_clock_tflops
  rep 5 T=  1792 s5w8g1       BM= 64 n= 7     5.2618 ms (76 iters, clock 1380 MHz)
  rep 5 T=  1792 s3w8g16      BM= 64 n= 7     4.3316 ms (93 iters, clock 1478 MHz)
  ^ kept (LEVEL low is recorded, not excluded): LEVEL LOW (recorded, not an exclusion): loaded clock 1365 MHz is under the 1395 MHz edge of the band around the 1470 MHz reference; this tile draws more power under the same cap than the GEMM the roof was measured with, so its fixed-roof fraction is delivered throughput and its issue efficiency is 0.93x away, in roof_at_cell_clock_tflops
  rep 5 T=  1792 s3w8g1       BM= 64 n= 7     5.3057 ms (74 iters, clock 1365 MHz)
  ^ DRIFT failed, dropping: under-load clock went 1530 -> 1440 MHz over 24 samples (1530, 1530, 1500, 1500, 1455, 1455, 1455, 1455, 1470, 1470, 1125, 1125, 1410, 1410, 1455, 1455, 1440, 1440, 1470, 1470, 1485, 1485, 1440, 1440); the trials were not at one operating point and the median is a blend
  rep 5 T=  1792 s2w8g1       BM= 64 n= 7     5.6302 ms (71 iters, clock 1455 MHz)
  rep 5 T=  1792 s3w8g64      BM= 64 n= 7     4.5741 ms (86 iters, clock 1455 MHz)
  ^ kept (LEVEL low is recorded, not excluded): LEVEL LOW (recorded, not an exclusion): loaded clock 1350 MHz is under the 1395 MHz edge of the band around the 1470 MHz reference; this tile draws more power under the same cap than the GEMM the roof was measured with, so its fixed-roof fraction is delivered throughput and its issue efficiency is 0.92x away, in roof_at_cell_clock_tflops
  rep 5 T=  1792 s4w8g1       BM= 64 n= 7     5.2883 ms (75 iters, clock 1350 MHz)
  ^ kept (LEVEL high is recorded, not excluded): LEVEL HIGH (recorded, not an exclusion): loaded clock 1665 MHz is over the 1545 MHz edge of the band around the 1470 MHz reference; the cell ran at 1.13x the issue rate the fixed compute roof assumed, so its fraction of that roof is inflated by the ratio; read roof_at_cell_clock_tflops
  rep 5 T=  2048 s3w8g16      BM=256 n= 2     4.0093 ms (99 iters, clock 1665 MHz)
  rep 5 T=  2048 s2w8g1       BM= 64 n= 8     6.4491 ms (60 iters, clock 1440 MHz)
  ^ kept (LEVEL low is recorded, not excluded): LEVEL LOW (recorded, not an exclusion): loaded clock 1342 MHz is under the 1395 MHz edge of the band around the 1470 MHz reference; this tile draws more power under the same cap than the GEMM the roof was measured with, so its fixed-roof fraction is delivered throughput and its issue efficiency is 0.91x away, in roof_at_cell_clock_tflops
  rep 5 T=  2048 s3w8g1       BM= 64 n= 8     6.0786 ms (65 iters, clock 1342 MHz)
  ^ kept (LEVEL high is recorded, not excluded): LEVEL HIGH (recorded, not an exclusion): loaded clock 1672 MHz is over the 1545 MHz edge of the band around the 1470 MHz reference; the cell ran at 1.14x the issue rate the fixed compute roof assumed, so its fraction of that roof is inflated by the ratio; read roof_at_cell_clock_tflops
  rep 5 T=  2048 s3w8g8       BM=256 n= 2     3.9695 ms (100 iters, clock 1672 MHz)
  rep 5 T=  2048 s3w8g8       BM= 64 n= 8     4.7060 ms (83 iters, clock 1530 MHz)
  ^ kept (LEVEL low is recorded, not excluded): LEVEL LOW (recorded, not an exclusion): loaded clock 1335 MHz is under the 1395 MHz edge of the band around the 1470 MHz reference; this tile draws more power under the same cap than the GEMM the roof was measured with, so its fixed-roof fraction is delivered throughput and its issue efficiency is 0.91x away, in roof_at_cell_clock_tflops
  rep 5 T=  2048 s4w8g1       BM= 64 n= 8     6.0365 ms (65 iters, clock 1335 MHz)
  rep 5 T=  2048 s2w4g1       BM= 64 n= 8     5.4909 ms (73 iters, clock 1425 MHz)
  ^ kept (LEVEL high is recorded, not excluded): LEVEL HIGH (recorded, not an exclusion): loaded clock 1680 MHz is over the 1545 MHz edge of the band around the 1470 MHz reference; the cell ran at 1.14x the issue rate the fixed compute roof assumed, so its fraction of that roof is inflated by the ratio; read roof_at_cell_clock_tflops
  rep 5 T=  2048 s4w8g1       BM=256 n= 2     3.8914 ms (103 iters, clock 1680 MHz)
  ^ kept (LEVEL high is recorded, not excluded): LEVEL HIGH (recorded, not an exclusion): loaded clock 1695 MHz is over the 1545 MHz edge of the band around the 1470 MHz reference; the cell ran at 1.15x the issue rate the fixed compute roof assumed, so its fraction of that roof is inflated by the ratio; read roof_at_cell_clock_tflops
  rep 5 T=  2048 s2w8g1       BM=256 n= 2     4.2562 ms (93 iters, clock 1695 MHz)
  ^ kept (LEVEL high is recorded, not excluded): LEVEL HIGH (recorded, not an exclusion): loaded clock 1642 MHz is over the 1545 MHz edge of the band around the 1470 MHz reference; the cell ran at 1.12x the issue rate the fixed compute roof assumed, so its fraction of that roof is inflated by the ratio; read roof_at_cell_clock_tflops
  rep 5 T=  2048 s3w8g64      BM=256 n= 2     4.0436 ms (98 iters, clock 1642 MHz)
  ^ kept (LEVEL high is recorded, not excluded): LEVEL HIGH (recorded, not an exclusion): loaded clock 1845 MHz is over the 1545 MHz edge of the band around the 1470 MHz reference; the cell ran at 1.26x the issue rate the fixed compute roof assumed, so its fraction of that roof is inflated by the ratio; read roof_at_cell_clock_tflops
  rep 5 T=  2048 s2w4g1       BM=256 n= 2     4.5644 ms (87 iters, clock 1845 MHz)
  rep 5 T=  2048 s3w8g64      BM= 64 n= 8     5.1636 ms (76 iters, clock 1455 MHz)
  ^ kept (LEVEL high is recorded, not excluded): LEVEL HIGH (recorded, not an exclusion): loaded clock 1680 MHz is over the 1545 MHz edge of the band around the 1470 MHz reference; the cell ran at 1.14x the issue rate the fixed compute roof assumed, so its fraction of that roof is inflated by the ratio; read roof_at_cell_clock_tflops
  rep 5 T=  2048 s5w8g1       BM=256 n= 2     3.9005 ms (104 iters, clock 1680 MHz)
  ^ kept (LEVEL high is recorded, not excluded): LEVEL HIGH (recorded, not an exclusion): loaded clock 1665 MHz is over the 1545 MHz edge of the band around the 1470 MHz reference; the cell ran at 1.13x the issue rate the fixed compute roof assumed, so its fraction of that roof is inflated by the ratio; read roof_at_cell_clock_tflops
  rep 5 T=  2048 s3w8g1       BM=256 n= 2     4.0374 ms (97 iters, clock 1665 MHz)
  ^ kept (LEVEL high is recorded, not excluded): LEVEL HIGH (recorded, not an exclusion): loaded clock 1770 MHz is over the 1545 MHz edge of the band around the 1470 MHz reference; the cell ran at 1.20x the issue rate the fixed compute roof assumed, so its fraction of that roof is inflated by the ratio; read roof_at_cell_clock_tflops
  rep 5 T=  2048 s3w4g1       BM=256 n= 2     4.2111 ms (96 iters, clock 1770 MHz)
  ^ kept (LEVEL low is recorded, not excluded): LEVEL LOW (recorded, not an exclusion): loaded clock 1380 MHz is under the 1395 MHz edge of the band around the 1470 MHz reference; this tile draws more power under the same cap than the GEMM the roof was measured with, so its fixed-roof fraction is delivered throughput and its issue efficiency is 0.94x away, in roof_at_cell_clock_tflops
  rep 5 T=  2048 s3w4g1       BM= 64 n= 8     5.8878 ms (67 iters, clock 1380 MHz)
  ^ kept (LEVEL low is recorded, not excluded): LEVEL LOW (recorded, not an exclusion): loaded clock 1380 MHz is under the 1395 MHz edge of the band around the 1470 MHz reference; this tile draws more power under the same cap than the GEMM the roof was measured with, so its fixed-roof fraction is delivered throughput and its issue efficiency is 0.94x away, in roof_at_cell_clock_tflops
  rep 5 T=  2048 s5w8g1       BM= 64 n= 8     6.0365 ms (65 iters, clock 1380 MHz)
  rep 5 T=  2048 s3w8g16      BM= 64 n= 8     4.7887 ms (83 iters, clock 1485 MHz)
  rep 5 T=  2304 s2w4g1       BM= 64 n= 9     5.9217 ms (67 iters, clock 1432 MHz)
  ^ kept (LEVEL low is recorded, not excluded): LEVEL LOW (recorded, not an exclusion): loaded clock 1365 MHz is under the 1395 MHz edge of the band around the 1470 MHz reference; this tile draws more power under the same cap than the GEMM the roof was measured with, so its fixed-roof fraction is delivered throughput and its issue efficiency is 0.93x away, in roof_at_cell_clock_tflops
  rep 5 T=  2304 s5w8g1       BM= 64 n= 9     6.7831 ms (58 iters, clock 1365 MHz)
  ^ kept (LEVEL low is recorded, not excluded): LEVEL LOW (recorded, not an exclusion): loaded clock 1342 MHz is under the 1395 MHz edge of the band around the 1470 MHz reference; this tile draws more power under the same cap than the GEMM the roof was measured with, so its fixed-roof fraction is delivered throughput and its issue efficiency is 0.91x away, in roof_at_cell_clock_tflops
  rep 5 T=  2304 s3w8g1       BM= 64 n= 9     6.8496 ms (58 iters, clock 1342 MHz)
  ^ LEVEL LOW (recorded, not an exclusion): loaded clock 1312 MHz is under the 1395 MHz edge of the band around the 1470 MHz reference; this tile draws more power under the same cap than the GEMM the roof was measured with, so its fixed-roof fraction is delivered throughput and its issue efficiency is 0.89x away, in roof_at_cell_clock_tflops; DRIFT failed, oscillating: under-load clock went 1275 -> 1350 MHz over 24 samples (1275, 1275, 1350, 1350, 1380, 1380, 1380, 1380, 1380, 1380, 1050, 1050, 1245, 1245, 1350, 1350, 1275, 1275, 1230, 1230, 1260, 1260, 1350, 1350); the trials were not at one operating point and the median is a blend
  rep 5 T=  2304 s4w8g1       BM= 64 n= 9     6.8184 ms (58 iters, clock 1312 MHz)
  ^ kept (LEVEL low is recorded, not excluded): LEVEL LOW (recorded, not an exclusion): loaded clock 1365 MHz is under the 1395 MHz edge of the band around the 1470 MHz reference; this tile draws more power under the same cap than the GEMM the roof was measured with, so its fixed-roof fraction is delivered throughput and its issue efficiency is 0.93x away, in roof_at_cell_clock_tflops
  rep 5 T=  2304 s3w4g1       BM= 64 n= 9     6.7178 ms (58 iters, clock 1365 MHz)
  rep 5 T=  2304 s3w8g16      BM= 64 n= 9     5.5097 ms (71 iters, clock 1485 MHz)
  rep 5 T=  2304 s3w8g64      BM= 64 n= 9     5.8742 ms (69 iters, clock 1462 MHz)
  rep 5 T=  2304 s2w8g1       BM= 64 n= 9     7.2891 ms (54 iters, clock 1440 MHz)
  rep 5 T=  2304 s3w8g8       BM= 64 n= 9     5.6238 ms (69 iters, clock 1470 MHz)
  rep 5 T=  2560 s3w4g1       BM= 64 n=10     7.3875 ms (54 iters, clock 1395 MHz)
  rep 5 T=  2560 s2w4g1       BM= 64 n=10     6.9645 ms (57 iters, clock 1425 MHz)
  rep 5 T=  2560 s3w8g16      BM= 64 n=10     6.1469 ms (65 iters, clock 1470 MHz)
  ^ kept (LEVEL low is recorded, not excluded): LEVEL LOW (recorded, not an exclusion): loaded clock 1350 MHz is under the 1395 MHz edge of the band around the 1470 MHz reference; this tile draws more power under the same cap than the GEMM the roof was measured with, so its fixed-roof fraction is delivered throughput and its issue efficiency is 0.92x away, in roof_at_cell_clock_tflops
  rep 5 T=  2560 s3w8g1       BM= 64 n=10     7.6403 ms (52 iters, clock 1350 MHz)
  rep 5 T=  2560 s3w8g8       BM= 64 n=10     6.1534 ms (64 iters, clock 1485 MHz)
  ^ kept (LEVEL low is recorded, not excluded): LEVEL LOW (recorded, not an exclusion): loaded clock 1365 MHz is under the 1395 MHz edge of the band around the 1470 MHz reference; this tile draws more power under the same cap than the GEMM the roof was measured with, so its fixed-roof fraction is delivered throughput and its issue efficiency is 0.93x away, in roof_at_cell_clock_tflops
  rep 5 T=  2560 s5w8g1       BM= 64 n=10     7.5153 ms (52 iters, clock 1365 MHz)
  rep 5 T=  2560 s3w8g64      BM= 64 n=10     6.4174 ms (61 iters, clock 1455 MHz)
  ^ kept (LEVEL low is recorded, not excluded): LEVEL LOW (recorded, not an exclusion): loaded clock 1320 MHz is under the 1395 MHz edge of the band around the 1470 MHz reference; this tile draws more power under the same cap than the GEMM the roof was measured with, so its fixed-roof fraction is delivered throughput and its issue efficiency is 0.90x away, in roof_at_cell_clock_tflops
  rep 5 T=  2560 s4w8g1       BM= 64 n=10     7.5498 ms (53 iters, clock 1320 MHz)
  rep 5 T=  2560 s2w8g1       BM= 64 n=10     8.0346 ms (49 iters, clock 1440 MHz)
  ^ kept (LEVEL low is recorded, not excluded): LEVEL LOW (recorded, not an exclusion): loaded clock 1335 MHz is under the 1395 MHz edge of the band around the 1470 MHz reference; this tile draws more power under the same cap than the GEMM the roof was measured with, so its fixed-roof fraction is delivered throughput and its issue efficiency is 0.91x away, in roof_at_cell_clock_tflops
  rep 5 T=  2816 s4w8g1       BM= 64 n=11     8.3640 ms (47 iters, clock 1335 MHz)
  ^ kept (LEVEL low is recorded, not excluded): LEVEL LOW (recorded, not an exclusion): loaded clock 1335 MHz is under the 1395 MHz edge of the band around the 1470 MHz reference; this tile draws more power under the same cap than the GEMM the roof was measured with, so its fixed-roof fraction is delivered throughput and its issue efficiency is 0.91x away, in roof_at_cell_clock_tflops
  rep 5 T=  2816 s3w8g1       BM= 64 n=11     8.4322 ms (47 iters, clock 1335 MHz)
  ^ kept (LEVEL low is recorded, not excluded): LEVEL LOW (recorded, not an exclusion): loaded clock 1350 MHz is under the 1395 MHz edge of the band around the 1470 MHz reference; this tile draws more power under the same cap than the GEMM the roof was measured with, so its fixed-roof fraction is delivered throughput and its issue efficiency is 0.92x away, in roof_at_cell_clock_tflops
  rep 5 T=  2816 s5w8g1       BM= 64 n=11     8.2604 ms (47 iters, clock 1350 MHz)
  ^ LEVEL LOW (recorded, not an exclusion): loaded clock 1350 MHz is under the 1395 MHz edge of the band around the 1470 MHz reference; this tile draws more power under the same cap than the GEMM the roof was measured with, so its fixed-roof fraction is delivered throughput and its issue efficiency is 0.92x away, in roof_at_cell_clock_tflops; DRIFT failed, oscillating: under-load clock went 1275 -> 1350 MHz over 23 samples (1275, 1275, 1350, 1350, 1395, 1395, 1380, 1380, 1395, 1395, 1230, 1230, 1155, 1155, 1410, 1410, 1365, 1365, 1335, 1335, 1320, 1320, 1350); the trials were not at one operating point and the median is a blend
  rep 5 T=  2816 s3w4g1       BM= 64 n=11     8.2269 ms (47 iters, clock 1350 MHz)
  rep 5 T=  2816 s3w8g64      BM= 64 n=11     6.9599 ms (57 iters, clock 1455 MHz)
  rep 5 T=  2816 s2w4g1       BM= 64 n=11     7.6303 ms (51 iters, clock 1410 MHz)
  rep 5 T=  2816 s3w8g16      BM= 64 n=11     6.7241 ms (59 iters, clock 1485 MHz)
  rep 5 T=  2816 s3w8g8       BM= 64 n=11     6.8033 ms (58 iters, clock 1485 MHz)
  rep 5 T=  2816 s2w8g1       BM= 64 n=11     8.8337 ms (46 iters, clock 1448 MHz)
  ^ kept (LEVEL high is recorded, not excluded): LEVEL HIGH (recorded, not an exclusion): loaded clock 1695 MHz is over the 1545 MHz edge of the band around the 1470 MHz reference; the cell ran at 1.15x the issue rate the fixed compute roof assumed, so its fraction of that roof is inflated by the ratio; read roof_at_cell_clock_tflops
  rep 5 T=  3072 s4w8g1       BM=256 n= 3     5.7661 ms (69 iters, clock 1695 MHz)
  ^ kept (LEVEL high is recorded, not excluded): LEVEL HIGH (recorded, not an exclusion): loaded clock 1672 MHz is over the 1545 MHz edge of the band around the 1470 MHz reference; the cell ran at 1.14x the issue rate the fixed compute roof assumed, so its fraction of that roof is inflated by the ratio; read roof_at_cell_clock_tflops
  rep 5 T=  3072 s3w8g16      BM=256 n= 3     5.9543 ms (66 iters, clock 1672 MHz)
  ^ LEVEL LOW (recorded, not an exclusion): loaded clock 1305 MHz is under the 1395 MHz edge of the band around the 1470 MHz reference; this tile draws more power under the same cap than the GEMM the roof was measured with, so its fixed-roof fraction is delivered throughput and its issue efficiency is 0.89x away, in roof_at_cell_clock_tflops; DRIFT failed, oscillating: under-load clock went 1260 -> 1335 MHz over 24 samples (1260, 1260, 1335, 1335, 1305, 1305, 1275, 1275, 1275, 1275, 1185, 1185, 1230, 1230, 1365, 1365, 1380, 1380, 1305, 1305, 1305, 1305, 1335, 1335); the trials were not at one operating point and the median is a blend
  rep 5 T=  3072 s3w8g1       BM= 64 n=12     9.2069 ms (43 iters, clock 1305 MHz)
  ^ kept (LEVEL high is recorded, not excluded): LEVEL HIGH (recorded, not an exclusion): loaded clock 1650 MHz is over the 1545 MHz edge of the band around the 1470 MHz reference; the cell ran at 1.12x the issue rate the fixed compute roof assumed, so its fraction of that roof is inflated by the ratio; read roof_at_cell_clock_tflops
  rep 5 T=  3072 s3w8g64      BM=256 n= 3     6.0289 ms (66 iters, clock 1650 MHz)
  ^ kept (LEVEL high is recorded, not excluded): LEVEL HIGH (recorded, not an exclusion): loaded clock 1650 MHz is over the 1545 MHz edge of the band around the 1470 MHz reference; the cell ran at 1.12x the issue rate the fixed compute roof assumed, so its fraction of that roof is inflated by the ratio; read roof_at_cell_clock_tflops
  rep 5 T=  3072 s5w8g1       BM=256 n= 3     5.8866 ms (66 iters, clock 1650 MHz)
  rep 5 T=  3072 s2w8g1       BM= 64 n=12     9.6638 ms (41 iters, clock 1440 MHz)
  ^ kept (LEVEL high is recorded, not excluded): LEVEL HIGH (recorded, not an exclusion): loaded clock 1658 MHz is over the 1545 MHz edge of the band around the 1470 MHz reference; the cell ran at 1.13x the issue rate the fixed compute roof assumed, so its fraction of that roof is inflated by the ratio; read roof_at_cell_clock_tflops
  rep 5 T=  3072 s3w8g1       BM=256 n= 3     6.0571 ms (65 iters, clock 1658 MHz)
  rep 5 T=  3072 s2w4g1       BM= 64 n=12     8.5354 ms (47 iters, clock 1418 MHz)
  ^ kept (LEVEL high is recorded, not excluded): LEVEL HIGH (recorded, not an exclusion): loaded clock 1822 MHz is over the 1545 MHz edge of the band around the 1470 MHz reference; the cell ran at 1.24x the issue rate the fixed compute roof assumed, so its fraction of that roof is inflated by the ratio; read roof_at_cell_clock_tflops
  rep 5 T=  3072 s2w4g1       BM=256 n= 3     6.7824 ms (59 iters, clock 1822 MHz)
  ^ kept (LEVEL high is recorded, not excluded): LEVEL HIGH (recorded, not an exclusion): loaded clock 1688 MHz is over the 1545 MHz edge of the band around the 1470 MHz reference; the cell ran at 1.15x the issue rate the fixed compute roof assumed, so its fraction of that roof is inflated by the ratio; read roof_at_cell_clock_tflops
  rep 5 T=  3072 s3w8g8       BM=256 n= 3     5.9073 ms (67 iters, clock 1688 MHz)
  ^ kept (LEVEL low is recorded, not excluded): LEVEL LOW (recorded, not an exclusion): loaded clock 1372 MHz is under the 1395 MHz edge of the band around the 1470 MHz reference; this tile draws more power under the same cap than the GEMM the roof was measured with, so its fixed-roof fraction is delivered throughput and its issue efficiency is 0.93x away, in roof_at_cell_clock_tflops
  rep 5 T=  3072 s5w8g1       BM= 64 n=12     9.0268 ms (44 iters, clock 1372 MHz)
  rep 5 T=  3072 s3w8g16      BM= 64 n=12     7.2411 ms (54 iters, clock 1500 MHz)
  rep 5 T=  3072 s3w8g64      BM= 64 n=12     7.6204 ms (51 iters, clock 1470 MHz)
  ^ kept (LEVEL low is recorded, not excluded): LEVEL LOW (recorded, not an exclusion): loaded clock 1372 MHz is under the 1395 MHz edge of the band around the 1470 MHz reference; this tile draws more power under the same cap than the GEMM the roof was measured with, so its fixed-roof fraction is delivered throughput and its issue efficiency is 0.93x away, in roof_at_cell_clock_tflops
  rep 5 T=  3072 s3w4g1       BM= 64 n=12     8.9732 ms (44 iters, clock 1372 MHz)
  ^ kept (LEVEL high is recorded, not excluded): LEVEL HIGH (recorded, not an exclusion): loaded clock 1770 MHz is over the 1545 MHz edge of the band around the 1470 MHz reference; the cell ran at 1.20x the issue rate the fixed compute roof assumed, so its fraction of that roof is inflated by the ratio; read roof_at_cell_clock_tflops
  rep 5 T=  3072 s3w4g1       BM=256 n= 3     6.2828 ms (64 iters, clock 1770 MHz)
  rep 5 T=  3072 s3w8g8       BM= 64 n=12     7.3187 ms (54 iters, clock 1485 MHz)
  ^ kept (LEVEL high is recorded, not excluded): LEVEL HIGH (recorded, not an exclusion): loaded clock 1680 MHz is over the 1545 MHz edge of the band around the 1470 MHz reference; the cell ran at 1.14x the issue rate the fixed compute roof assumed, so its fraction of that roof is inflated by the ratio; read roof_at_cell_clock_tflops
  rep 5 T=  3072 s2w8g1       BM=256 n= 3     6.4031 ms (62 iters, clock 1680 MHz)
  ^ kept (LEVEL low is recorded, not excluded): LEVEL LOW (recorded, not an exclusion): loaded clock 1305 MHz is under the 1395 MHz edge of the band around the 1470 MHz reference; this tile draws more power under the same cap than the GEMM the roof was measured with, so its fixed-roof fraction is delivered throughput and its issue efficiency is 0.89x away, in roof_at_cell_clock_tflops
  rep 5 T=  3072 s4w8g1       BM= 64 n=12     9.0620 ms (44 iters, clock 1305 MHz)
  rep 5 T=  3328 s3w8g64      BM= 64 n=13     8.2053 ms (50 iters, clock 1470 MHz)
  rep 5 T=  3328 s2w4g1       BM= 64 n=13     9.2092 ms (43 iters, clock 1425 MHz)
  rep 5 T=  3328 s3w8g8       BM= 64 n=13     8.0479 ms (48 iters, clock 1470 MHz)
  ^ kept (LEVEL low is recorded, not excluded): LEVEL LOW (recorded, not an exclusion): loaded clock 1342 MHz is under the 1395 MHz edge of the band around the 1470 MHz reference; this tile draws more power under the same cap than the GEMM the roof was measured with, so its fixed-roof fraction is delivered throughput and its issue efficiency is 0.91x away, in roof_at_cell_clock_tflops
  rep 5 T=  3328 s4w8g1       BM= 64 n=13     9.8769 ms (40 iters, clock 1342 MHz)
  rep 5 T=  3328 s3w8g16      BM= 64 n=13     7.9132 ms (50 iters, clock 1500 MHz)
  ^ kept (LEVEL low is recorded, not excluded): LEVEL LOW (recorded, not an exclusion): loaded clock 1365 MHz is under the 1395 MHz edge of the band around the 1470 MHz reference; this tile draws more power under the same cap than the GEMM the roof was measured with, so its fixed-roof fraction is delivered throughput and its issue efficiency is 0.93x away, in roof_at_cell_clock_tflops
  rep 5 T=  3328 s5w8g1       BM= 64 n=13     9.7630 ms (40 iters, clock 1365 MHz)
  ^ LEVEL LOW (recorded, not an exclusion): loaded clock 1335 MHz is under the 1395 MHz edge of the band around the 1470 MHz reference; this tile draws more power under the same cap than the GEMM the roof was measured with, so its fixed-roof fraction is delivered throughput and its issue efficiency is 0.91x away, in roof_at_cell_clock_tflops; DRIFT failed, oscillating: under-load clock went 1260 -> 1335 MHz over 23 samples (1260, 1335, 1335, 1335, 1335, 1320, 1320, 1320, 1320, 1305, 1305, 1035, 1035, 1290, 1290, 1350, 1350, 1365, 1365, 1335, 1335, 1335, 1335); the trials were not at one operating point and the median is a blend
  rep 5 T=  3328 s3w8g1       BM= 64 n=13     9.9825 ms (39 iters, clock 1335 MHz)
  rep 5 T=  3328 s2w8g1       BM= 64 n=13    10.4249 ms (38 iters, clock 1440 MHz)
  ^ kept (LEVEL low is recorded, not excluded): LEVEL LOW (recorded, not an exclusion): loaded clock 1380 MHz is under the 1395 MHz edge of the band around the 1470 MHz reference; this tile draws more power under the same cap than the GEMM the roof was measured with, so its fixed-roof fraction is delivered throughput and its issue efficiency is 0.94x away, in roof_at_cell_clock_tflops
  rep 5 T=  3328 s3w4g1       BM= 64 n=13     9.7552 ms (40 iters, clock 1380 MHz)
  rep 5 T=  3584 s2w4g1       BM= 64 n=14     9.3606 ms (43 iters, clock 1425 MHz)
  ^ kept (LEVEL low is recorded, not excluded): LEVEL LOW (recorded, not an exclusion): loaded clock 1320 MHz is under the 1395 MHz edge of the band around the 1470 MHz reference; this tile draws more power under the same cap than the GEMM the roof was measured with, so its fixed-roof fraction is delivered throughput and its issue efficiency is 0.90x away, in roof_at_cell_clock_tflops
  rep 5 T=  3584 s4w8g1       BM= 64 n=14    10.6339 ms (37 iters, clock 1320 MHz)
  ^ kept (LEVEL low is recorded, not excluded): LEVEL LOW (recorded, not an exclusion): loaded clock 1350 MHz is under the 1395 MHz edge of the band around the 1470 MHz reference; this tile draws more power under the same cap than the GEMM the roof was measured with, so its fixed-roof fraction is delivered throughput and its issue efficiency is 0.92x away, in roof_at_cell_clock_tflops
  rep 5 T=  3584 s3w4g1       BM= 64 n=14    10.5261 ms (37 iters, clock 1350 MHz)
  ^ DRIFT failed, dropping: under-load clock went 1620 -> 1455 MHz over 23 samples (1620, 1620, 1455, 1455, 1470, 1470, 1470, 1470, 1485, 1485, 1245, 1245, 1395, 1395, 1470, 1470, 1455, 1455, 1455, 1455, 1485, 1485, 1455); the trials were not at one operating point and the median is a blend
  rep 5 T=  3584 s3w8g64      BM= 64 n=14     8.9186 ms (44 iters, clock 1470 MHz)
  rep 5 T=  3584 s3w8g8       BM= 64 n=14     8.5271 ms (47 iters, clock 1500 MHz)
  rep 5 T=  3584 s3w8g16      BM= 64 n=14     8.4787 ms (46 iters, clock 1500 MHz)
  ^ kept (LEVEL low is recorded, not excluded): LEVEL LOW (recorded, not an exclusion): loaded clock 1335 MHz is under the 1395 MHz edge of the band around the 1470 MHz reference; this tile draws more power under the same cap than the GEMM the roof was measured with, so its fixed-roof fraction is delivered throughput and its issue efficiency is 0.91x away, in roof_at_cell_clock_tflops
  rep 5 T=  3584 s3w8g1       BM= 64 n=14    10.7511 ms (37 iters, clock 1335 MHz)
  rep 5 T=  3584 s2w8g1       BM= 64 n=14    11.2328 ms (35 iters, clock 1440 MHz)
  ^ kept (LEVEL low is recorded, not excluded): LEVEL LOW (recorded, not an exclusion): loaded clock 1350 MHz is under the 1395 MHz edge of the band around the 1470 MHz reference; this tile draws more power under the same cap than the GEMM the roof was measured with, so its fixed-roof fraction is delivered throughput and its issue efficiency is 0.92x away, in roof_at_cell_clock_tflops
  rep 5 T=  3584 s5w8g1       BM= 64 n=14    10.5162 ms (37 iters, clock 1350 MHz)
  ^ kept (LEVEL low is recorded, not excluded): LEVEL LOW (recorded, not an exclusion): loaded clock 1372 MHz is under the 1395 MHz edge of the band around the 1470 MHz reference; this tile draws more power under the same cap than the GEMM the roof was measured with, so its fixed-roof fraction is delivered throughput and its issue efficiency is 0.93x away, in roof_at_cell_clock_tflops
  rep 5 T=  3840 s3w8g1       BM= 64 n=15    11.4751 ms (35 iters, clock 1372 MHz)
  rep 5 T=  3840 s3w8g64      BM= 64 n=15     9.5908 ms (40 iters, clock 1455 MHz)
  rep 5 T=  3840 s2w4g1       BM= 64 n=15    10.1513 ms (39 iters, clock 1410 MHz)
  rep 5 T=  3840 s3w8g16      BM= 64 n=15     9.1458 ms (43 iters, clock 1500 MHz)
  rep 5 T=  3840 s2w8g1       BM= 64 n=15    12.1224 ms (32 iters, clock 1425 MHz)
  ^ kept (LEVEL low is recorded, not excluded): LEVEL LOW (recorded, not an exclusion): loaded clock 1350 MHz is under the 1395 MHz edge of the band around the 1470 MHz reference; this tile draws more power under the same cap than the GEMM the roof was measured with, so its fixed-roof fraction is delivered throughput and its issue efficiency is 0.92x away, in roof_at_cell_clock_tflops
  rep 5 T=  3840 s5w8g1       BM= 64 n=15    11.2671 ms (35 iters, clock 1350 MHz)
  ^ kept (LEVEL low is recorded, not excluded): LEVEL LOW (recorded, not an exclusion): loaded clock 1335 MHz is under the 1395 MHz edge of the band around the 1470 MHz reference; this tile draws more power under the same cap than the GEMM the roof was measured with, so its fixed-roof fraction is delivered throughput and its issue efficiency is 0.91x away, in roof_at_cell_clock_tflops
  rep 5 T=  3840 s3w4g1       BM= 64 n=15    11.3254 ms (35 iters, clock 1335 MHz)
  ^ kept (LEVEL low is recorded, not excluded): LEVEL LOW (recorded, not an exclusion): loaded clock 1320 MHz is under the 1395 MHz edge of the band around the 1470 MHz reference; this tile draws more power under the same cap than the GEMM the roof was measured with, so its fixed-roof fraction is delivered throughput and its issue efficiency is 0.90x away, in roof_at_cell_clock_tflops
  rep 5 T=  3840 s4w8g1       BM= 64 n=15    11.3557 ms (34 iters, clock 1320 MHz)
  rep 5 T=  3840 s3w8g8       BM= 64 n=15     9.2864 ms (42 iters, clock 1485 MHz)
  ^ kept (LEVEL low is recorded, not excluded): LEVEL LOW (recorded, not an exclusion): loaded clock 1372 MHz is under the 1395 MHz edge of the band around the 1470 MHz reference; this tile draws more power under the same cap than the GEMM the roof was measured with, so its fixed-roof fraction is delivered throughput and its issue efficiency is 0.93x away, in roof_at_cell_clock_tflops
  rep 5 T=  4096 s5w8g1       BM= 64 n=16    12.0294 ms (33 iters, clock 1372 MHz)
  rep 5 T=  4096 s2w4g1       BM= 64 n=16    10.8135 ms (36 iters, clock 1395 MHz)
  ^ kept (LEVEL high is recorded, not excluded): LEVEL HIGH (recorded, not an exclusion): loaded clock 1822 MHz is over the 1545 MHz edge of the band around the 1470 MHz reference; the cell ran at 1.24x the issue rate the fixed compute roof assumed, so its fraction of that roof is inflated by the ratio; read roof_at_cell_clock_tflops
  rep 5 T=  4096 s2w4g1       BM=256 n= 4     8.9053 ms (45 iters, clock 1822 MHz)
  ^ kept (LEVEL high is recorded, not excluded): LEVEL HIGH (recorded, not an exclusion): loaded clock 1635 MHz is over the 1545 MHz edge of the band around the 1470 MHz reference; the cell ran at 1.11x the issue rate the fixed compute roof assumed, so its fraction of that roof is inflated by the ratio; read roof_at_cell_clock_tflops
  rep 5 T=  4096 s4w8g1       BM=256 n= 4     7.8051 ms (50 iters, clock 1635 MHz)
  ^ kept (LEVEL high is recorded, not excluded): LEVEL HIGH (recorded, not an exclusion): loaded clock 1695 MHz is over the 1545 MHz edge of the band around the 1470 MHz reference; the cell ran at 1.15x the issue rate the fixed compute roof assumed, so its fraction of that roof is inflated by the ratio; read roof_at_cell_clock_tflops
  rep 5 T=  4096 s3w8g16      BM=256 n= 4     7.7841 ms (51 iters, clock 1695 MHz)
  ^ kept (LEVEL high is recorded, not excluded): LEVEL HIGH (recorded, not an exclusion): loaded clock 1620 MHz is over the 1545 MHz edge of the band around the 1470 MHz reference; the cell ran at 1.10x the issue rate the fixed compute roof assumed, so its fraction of that roof is inflated by the ratio; read roof_at_cell_clock_tflops
  rep 5 T=  4096 s3w8g64      BM=256 n= 4     8.1580 ms (47 iters, clock 1620 MHz)
  ^ kept (LEVEL high is recorded, not excluded): LEVEL HIGH (recorded, not an exclusion): loaded clock 1725 MHz is over the 1545 MHz edge of the band around the 1470 MHz reference; the cell ran at 1.17x the issue rate the fixed compute roof assumed, so its fraction of that roof is inflated by the ratio; read roof_at_cell_clock_tflops
  rep 5 T=  4096 s3w8g8       BM=256 n= 4     7.5868 ms (52 iters, clock 1725 MHz)
  ^ kept (LEVEL high is recorded, not excluded): LEVEL HIGH (recorded, not an exclusion): loaded clock 1665 MHz is over the 1545 MHz edge of the band around the 1470 MHz reference; the cell ran at 1.13x the issue rate the fixed compute roof assumed, so its fraction of that roof is inflated by the ratio; read roof_at_cell_clock_tflops
  rep 5 T=  4096 s2w8g1       BM=256 n= 4     8.3455 ms (47 iters, clock 1665 MHz)
  ^ kept (LEVEL low is recorded, not excluded): LEVEL LOW (recorded, not an exclusion): loaded clock 1320 MHz is under the 1395 MHz edge of the band around the 1470 MHz reference; this tile draws more power under the same cap than the GEMM the roof was measured with, so its fixed-roof fraction is delivered throughput and its issue efficiency is 0.90x away, in roof_at_cell_clock_tflops
  rep 5 T=  4096 s3w8g1       BM= 64 n=16    12.3333 ms (32 iters, clock 1320 MHz)
  ^ kept (LEVEL high is recorded, not excluded): LEVEL HIGH (recorded, not an exclusion): loaded clock 1635 MHz is over the 1545 MHz edge of the band around the 1470 MHz reference; the cell ran at 1.11x the issue rate the fixed compute roof assumed, so its fraction of that roof is inflated by the ratio; read roof_at_cell_clock_tflops
  rep 5 T=  4096 s3w8g1       BM=256 n= 4     8.1241 ms (49 iters, clock 1635 MHz)
  ^ kept (LEVEL high is recorded, not excluded): LEVEL HIGH (recorded, not an exclusion): loaded clock 1740 MHz is over the 1545 MHz edge of the band around the 1470 MHz reference; the cell ran at 1.18x the issue rate the fixed compute roof assumed, so its fraction of that roof is inflated by the ratio; read roof_at_cell_clock_tflops
  rep 5 T=  4096 s3w4g1       BM=256 n= 4     8.4550 ms (47 iters, clock 1740 MHz)
  ^ kept (LEVEL low is recorded, not excluded): LEVEL LOW (recorded, not an exclusion): loaded clock 1365 MHz is under the 1395 MHz edge of the band around the 1470 MHz reference; this tile draws more power under the same cap than the GEMM the roof was measured with, so its fixed-roof fraction is delivered throughput and its issue efficiency is 0.93x away, in roof_at_cell_clock_tflops
  rep 5 T=  4096 s3w4g1       BM= 64 n=16    12.1061 ms (33 iters, clock 1365 MHz)
  rep 5 T=  4096 s3w8g16      BM= 64 n=16     9.3636 ms (42 iters, clock 1530 MHz)
  rep 5 T=  4096 s3w8g8       BM= 64 n=16     9.5704 ms (42 iters, clock 1500 MHz)
  rep 5 T=  4096 s2w8g1       BM= 64 n=16    12.8750 ms (30 iters, clock 1440 MHz)
  ^ kept (LEVEL low is recorded, not excluded): LEVEL LOW (recorded, not an exclusion): loaded clock 1305 MHz is under the 1395 MHz edge of the band around the 1470 MHz reference; this tile draws more power under the same cap than the GEMM the roof was measured with, so its fixed-roof fraction is delivered throughput and its issue efficiency is 0.89x away, in roof_at_cell_clock_tflops
  rep 5 T=  4096 s4w8g1       BM= 64 n=16    12.1844 ms (33 iters, clock 1305 MHz)
  ^ kept (LEVEL high is recorded, not excluded): LEVEL HIGH (recorded, not an exclusion): loaded clock 1665 MHz is over the 1545 MHz edge of the band around the 1470 MHz reference; the cell ran at 1.13x the issue rate the fixed compute roof assumed, so its fraction of that roof is inflated by the ratio; read roof_at_cell_clock_tflops
  rep 5 T=  4096 s5w8g1       BM=256 n= 4     7.8229 ms (51 iters, clock 1665 MHz)
  rep 5 T=  4096 s3w8g64      BM= 64 n=16     9.9926 ms (38 iters, clock 1485 MHz)

measured in 1508 s

## What each setting measured

setting      arms                      blk/SM  MiB flight   pred  treads  mem   alpha    corr   sigma  spread  reference
s5w8g1       occ                            2         346  0.827      16   16   0.969  0.953 0.0058  0.24%  BM=256
s4w8g1       occ                            3         520  0.885      16   16   0.999  0.983 0.0093  0.14%  BM=256
s3w4g1       warp                           4         693  0.913      16   16   1.139  1.121 0.0139  0.31%  BM=256
s3w8g1       occ/swz/warp                   4         693  0.913      16   16   1.081  1.064 0.0045  0.13%  BM=256
s3w8g16      swz                            4         693  0.913      16   16   0.758  0.743 0.0078  0.34%  BM=256
s3w8g64      swz                            4         693  0.913      16   16   0.838  0.822 0.0121  0.43%  BM=256
s3w8g8       swz                            4         693  0.913      16   16   0.820  0.804 0.0050  0.25%  BM=256
s2w4g1       warp                           6        1040  0.942      16   16   0.875  0.860 0.0058  0.35%  BM=256
s2w8g1       occ/warp                       6        1040  0.942      16   16   0.939  0.925 0.0067  0.16%  BM=256
  s5w8g1       w 1.1642 weight-streams/M-tile at 4374.7 GB/s (measured on this device: NVIDIA H200 (measured); 2.8186 GB in 0.6443 ms, mixtral-8x7b bf16); D > A, so alpha-hi is above 1 by arithmetic
  s4w8g1       w 1.1782 weight-streams/M-tile at 4374.7 GB/s (measured on this device: NVIDIA H200 (measured); 2.8186 GB in 0.6443 ms, mixtral-8x7b bf16); D > A, so alpha-hi is above 1 by arithmetic
  s3w4g1       w 1.1741 weight-streams/M-tile at 4374.7 GB/s (measured on this device: NVIDIA H200 (measured); 2.8186 GB in 0.6443 ms, mixtral-8x7b bf16); D > A, so alpha-hi is above 1 by arithmetic
  s3w8g1       w 1.1978 weight-streams/M-tile at 4374.7 GB/s (measured on this device: NVIDIA H200 (measured); 2.8186 GB in 0.6443 ms, mixtral-8x7b bf16); D > A, so alpha-hi is above 1 by arithmetic
  s3w8g16      w 0.9133 weight-streams/M-tile at 4374.7 GB/s (measured on this device: NVIDIA H200 (measured); 2.8186 GB in 0.6443 ms, mixtral-8x7b bf16); D > A, so alpha-hi is above 1 by arithmetic
  s3w8g64      w 0.9732 weight-streams/M-tile at 4374.7 GB/s (measured on this device: NVIDIA H200 (measured); 2.8186 GB in 0.6443 ms, mixtral-8x7b bf16)
  s3w8g8       w 0.9325 weight-streams/M-tile at 4374.7 GB/s (measured on this device: NVIDIA H200 (measured); 2.8186 GB in 0.6443 ms, mixtral-8x7b bf16); D > A, so alpha-hi is above 1 by arithmetic
  s2w4g1       w 1.0520 weight-streams/M-tile at 4374.7 GB/s (measured on this device: NVIDIA H200 (measured); 2.8186 GB in 0.6443 ms, mixtral-8x7b bf16); D > A, so alpha-hi is above 1 by arithmetic
  s2w8g1       w 1.2418 weight-streams/M-tile at 4374.7 GB/s (measured on this device: NVIDIA H200 (measured); 2.8186 GB in 0.6443 ms, mixtral-8x7b bf16); D > A, so alpha-hi is above 1 by arithmetic

## The four contrasts

  occupancy      2 blocks/SM    0.953  ->  6 blocks/SM    0.925   swing -0.028   ratio 0.970
  swizzle        G=1            1.064  ->  G=64           0.822   swing -0.242   ratio 0.772
  warp-control   s2 w4          0.860  ->  s2 w8          0.925   swing +0.065   ratio 1.076
  depth-control  NOT FORMED (0 usable levels)

  residency ladder, blocks/SM -> the num_stages that reach it: 2: [5], 3: [4], 4: [3], 6: [2]
  the depth-control contrast is the ONLY place pipeline depth comes apart from residency, and it needs one of those rows to hold two num_stages.
  it does not on this card, so P1's residency reading carries an unremoved latency-hiding confound.

## Verdict

  NEITHER (null)

  a null, and it is a result. Neither concurrency nor program order moves
  the re-read fraction by more than this design can resolve, which retires
  both models at once and points at DRAM scheduling, the replacement policy
  or sector granularity instead. The design's resolution is V6's spread and
  P1's applied threshold; quote both whenever this verdict is quoted. A null
  here retires the FOOTPRINT and the ORDER models; it does not retire
  pipeline depth, which this design never varied on its own. READ P6 BEFORE
  QUOTING THIS. num_stages moves resident blocks AND software-pipeline
  prefetch depth together, so the residency axis carries a latency-hiding
  mechanism as well as a footprint one. P6 separates them only where two
  num_stages compute the same residency, which is an A100 property and not
  an H200 one; where P6 is UNKNOWN the separation was not made and this
  verdict must be quoted with that clause attached.

  NOT CHECKED: V9 compiled shared memory returned UNKNOWN, which is weaker than a PASS and is not a FAIL. Each says what a reader may still quote.

## Gates

RESULT: VALIDITY V1_card_provenance PASS [VALIDITY] the residency ladder and the L2 come from the ATTACHED card | gate no HYPOTHESIS value reaches a measured run | saw limits: read off NVIDIA H200; L2: read off NVIDIA H200 (L2_cache_size)
[PASS] VALIDITY V1 card provenance  the residency ladder and the L2 come from the ATTACHED card
         gate: no HYPOTHESIS value reaches a measured run
         saw:  limits: read off NVIDIA H200; L2: read off NVIDIA H200 (L2_cache_size)
         A hardcoded band from another machine has reached seven published reports in this repo once already.
RESULT: VALIDITY V2_residency_swept PASS [VALIDITY] the occupancy arm actually moved resident blocks per SM | gate >= 3 distinct levels spanning >= 2.0x | saw levels [2, 3, 4, 6], span 3.00x
[PASS] VALIDITY V2 residency swept  the occupancy arm actually moved resident blocks per SM
         gate: >= 3 distinct levels spanning >= 2.0x
         saw:  levels [2, 3, 4, 6], span 3.00x
         per-CTA shared memory across the arm: s2w8g1 32 KiB, s3w8g1 48 KiB, s4w8g1 64 KiB, s5w8g1 80 KiB
         the L2 they are compared against is 63 MB (read off NVIDIA H200 (L2_cache_size))
RESULT: VALIDITY V3_geometry_pinned PASS [VALIDITY] BLOCK_M, BLOCK_SIZE_N and BLOCK_SIZE_K are the same at every setting | gate block sizes measured are exactly {64, 256} at BLOCK_SIZE_N=64, BLOCK_SIZE_K=64 | saw block sizes in the CSV: [64, 256]
[PASS] VALIDITY V3 geometry pinned  BLOCK_M, BLOCK_SIZE_N and BLOCK_SIZE_K are the same at every setting
         gate: block sizes measured are exactly {64, 256} at BLOCK_SIZE_N=64, BLOCK_SIZE_K=64
         saw:  block sizes in the CSV: [64, 256]
RESULT: VALIDITY V4_compute_reference PASS [VALIDITY] every setting qualified its own BLOCK_M=256 ladder as a compute branch | gate no refusals and no missing references | saw refused: none; absent: none
[PASS] VALIDITY V4 compute reference  every setting qualified its own BLOCK_M=256 ladder as a compute branch
         gate: no refusals and no missing references
         saw:  refused: none; absent: none
RESULT: VALIDITY V5_alpha_identifiable PASS [VALIDITY] enough settings measured alpha over enough memory-bound treads | gate >= 3 settings with >= 3 memory-bound treads and a fitted alpha | saw 9 of 9 settings usable: s2w4g1:16, s2w8g1:16, s3w4g1:16, s3w8g1:16, s3w8g8:16, s3w8g16:16, s3w8g64:16, s4w8g1:16, s5w8g1:16
[PASS] VALIDITY V5 alpha identifiable  enough settings measured alpha over enough memory-bound treads
         gate: >= 3 settings with >= 3 memory-bound treads and a fitted alpha
         saw:  9 of 9 settings usable: s2w4g1:16, s2w8g1:16, s3w4g1:16, s3w8g1:16, s3w8g8:16, s3w8g16:16, s3w8g64:16, s4w8g1:16, s5w8g1:16
RESULT: VALIDITY V6_replication PASS [VALIDITY] a setting's treads reproduce between repeats | gate worst per-setting median relative spread <= 2.0% | saw worst 0.43% over 9 settings
[PASS] VALIDITY V6 replication  a setting's treads reproduce between repeats
         gate: worst per-setting median relative spread <= 2.0%
         saw:  worst 0.43% over 9 settings
RESULT: VALIDITY V7_override_applied PASS [VALIDITY] every setting recompiled, so num_stages, num_warps and GROUP_SIZE_M reached the kernel | gate >= 1 fresh Triton artefact per setting and > 0 timings executed | saw 900 timings; artefacts s2w4g1:32, s2w8g1:32, s3w4g1:32, s3w8g1:32, s3w8g16:32, s3w8g64:32, s3w8g8:32, s4w8g1:33, s5w8g1:32
[PASS] VALIDITY V7 override applied  every setting recompiled, so num_stages, num_warps and GROUP_SIZE_M reached the kernel
         gate: >= 1 fresh Triton artefact per setting and > 0 timings executed
         saw:  900 timings; artefacts s2w4g1:32, s2w8g1:32, s3w4g1:32, s3w8g1:32, s3w8g16:32, s3w8g64:32, s3w8g8:32, s4w8g1:33, s5w8g1:32
RESULT: VALIDITY V8_non-vacuity PASS [VALIDITY] this report examined real treads and formed real contrasts | gate > 0 treads, > 0 per-repeat fits, and >= 2 of the 3 contrasts formed | saw 144 treads, 45 per-repeat alphas, contrasts formed: ['occupancy', 'swizzle', 'warp-control']
[PASS] VALIDITY V8 non-vacuity  this report examined real treads and formed real contrasts
         gate: > 0 treads, > 0 per-repeat fits, and >= 2 of the 3 contrasts formed
         saw:  144 treads, 45 per-repeat alphas, contrasts formed: ['occupancy', 'swizzle', 'warp-control']
RESULT: VALIDITY V9_compiled_shared_memory UNKNOWN [VALIDITY] Triton allocated the shared memory the residency model assumed | gate every setting within 10% of num_stages (BM BK + BK BN) b, and zero register spills | saw not probed: vLLM exposes no fused_moe_kernel with a Triton cache under either known path, so the compiled shared memory could not be read
[UNKNOWN] VALIDITY V9 compiled shared memory  Triton allocated the shared memory the residency model assumed
         gate: every setting within 10% of num_stages (BM BK + BK BN) b, and zero register spills
         saw:  not probed: vLLM exposes no fused_moe_kernel with a Triton cache under either known path, so the compiled shared memory could not be read
         a FAIL here invalidates: nothing on its own, but it leaves the residency column a COMPUTED UPPER BOUND rather than a checked one: the register limit is not modelled and can only lower residency, so a report under a not-probed V9 may quote the ladder's ORDER and not its values
RESULT: VALIDITY V10_one_instrument PASS [VALIDITY] every cell was timed by the instrument the roof was measured with | gate every row stamps instrument == 'queue-deep/l2-flush/settled-warmup/clock-under-load/v4' | saw instruments seen: 'queue-deep/l2-flush/settled-warmup/clock-under-load/v4'
[PASS] VALIDITY V10 one instrument  every cell was timed by the instrument the roof was measured with
         gate: every row stamps instrument == 'queue-deep/l2-flush/settled-warmup/clock-under-load/v4'
         saw:  instruments seen: 'queue-deep/l2-flush/settled-warmup/clock-under-load/v4'
         900 timed rows; 415 steady at the roof's clock, 223 steady below it (LEVEL low, kept, side recorded), 176 steady above it (LEVEL high, kept, side recorded), all scored against the fixed roof; 86 drifting within a cell (excluded, and not in the counts before it); 0 steady with no clock determined at all
         the 86 drifted rows by side: 44 level, 29 LOW, 13 HIGH, 0 with LEVEL not determined; a row whose clock moved is not steady at any side
         clock_level_ok is None means NOT DETERMINED and never 'fine'; a filter that read it as True would re-admit the rows this column exists to flag
RESULT: CLAIM P1_occupancy FAIL [CLAIM] alpha rises with resident blocks per SM | gate swing >= 0.058 in alpha between 2 blocks/SM and 6 blocks/SM, and every step rising | saw alpha 0.953 -> 0.925, swing -0.028
[FAIL] CLAIM    P1 occupancy  alpha rises with resident blocks per SM
         gate: swing >= 0.058 in alpha between 2 blocks/SM and 6 blocks/SM, and every step rising
         saw:  alpha 0.953 -> 0.925, swing -0.028
         model predicted +0.115 across this ladder; registered gate was half of it, 0.058
         noise floor 3 x 0.0066 -> threshold applied 0.058
         direction: 2 of 3 steps rise with residency
RESULT: CLAIM P2_program_order FAIL [CLAIM] alpha falls as 1/GROUP_SIZE_M | gate alpha(G=64) / alpha(G=1) <= 0.235, which is 2x the prediction | saw alpha 1.064 -> 0.822, ratio 0.772
[FAIL] CLAIM    P2 program order  alpha falls as 1/GROUP_SIZE_M
         gate: alpha(G=64) / alpha(G=1) <= 0.235, which is 2x the prediction
         saw:  alpha 1.064 -> 0.822, ratio 0.772
         reuse distance predicts 0.118 with the tiles-per-expert cap (8.5 tiles, a median over the ladder and not a threshold)
         uncapped it predicts 0.0156, which is the 40x gap this experiment starts from
         route two: this design reads alpha only above 0.140 and outside [0.356, 0.481], so a collapse at wide G is the same claim
RESULT: CLAIM P3_warp_control UNKNOWN [CLAIM] alpha tracks resident BLOCKS, not resident WARPS | gate |warp swing| < |occupancy swing|, and only where the occupancy swing cleared its own threshold of 0.058 | saw occupancy swing -0.028 did not clear 0.058, so the warp swing +0.065 has nothing to be smaller than: two noise measurements compared would pass half the time
[UNKNOWN] CLAIM    P3 warp control  alpha tracks resident BLOCKS, not resident WARPS
         gate: |warp swing| < |occupancy swing|, and only where the occupancy swing cleared its own threshold of 0.058
         saw:  occupancy swing -0.028 did not clear 0.058, so the warp swing +0.065 has nothing to be smaller than: two noise measurements compared would pass half the time
         This gate is a CONTROL on P1 and is only readable when P1 moved.
RESULT: CLAIM P6_depth_control UNKNOWN [CLAIM] alpha tracks resident BLOCKS, not pipeline DEPTH | gate the pure num_stages contrast at fixed residency is smaller than the occupancy contrast | saw no two num_stages settings computed the same resident-block count, so the pure pipeline-depth effect was not measured and the confound in P1 is UNREMOVED on this card
[UNKNOWN] CLAIM    P6 depth control  alpha tracks resident BLOCKS, not pipeline DEPTH
         gate: the pure num_stages contrast at fixed residency is smaller than the occupancy contrast
         saw:  no two num_stages settings computed the same resident-block count, so the pure pipeline-depth effect was not measured and the confound in P1 is UNREMOVED on this card
         a FAIL here invalidates: P1's reading as a footprint effect: alpha moving with the ladder is equally consistent with latency hiding, and this run cannot say which
         residency ladder (blocks/SM -> num_stages that reach it): 2: [5], 3: [4], 4: [3], 6: [2]
         num_stages moves residency AND software-pipeline prefetch depth. This gate is the only place they come apart, and it needs two stage settings at ONE resident-block count.
         Not formable on an H200 with the default ladder (6/4/3/2 blocks at 2/3/4/5 stages); formable on an A100, where 4 and 5 stages both give 2. Extending the ladder cannot help: at 6 stages the BLOCK_M=256 reference exceeds both cards' per-CTA shared memory.

9 PASS, 2 FAIL, 3 UNKNOWN
cells    /workspace/results/gaps-nvidia_h200/occupancy_vs_swizzle/nvidia_h200-dtypebf16-g1_8_16_64-modelmixtral_8x7b-n64-s2_3_4_5-settingsblock_k64_capabilityfrom-753c188f/cells.csv
         git check-ignore exited 128; path unverified (fatal: /workspace/results/gaps-nvidia_h200/occupancy_vs_swizzle/nvidia_h200-dtypebf16-g1_8_16_64-modelmixtral_8x7b-n64-s2_3_4_5-settingsblock_k64_capabilityfrom-753c188f/cells.csv: '/workspace/results/gaps-nvidia_h200/occupancy_vs_swizzle/nvidia_h200-dtypebf16-g1_8_16_64-modelmixtral_8x7b-n64-s2_3_4_5-settingsblock_k64_capabilityfrom-753c188f/cells.csv' is outside repository at '/workspace/moe-kernels')
inputs   /workspace/results/gaps-nvidia_h200/occupancy_vs_swizzle/nvidia_h200-dtypebf16-g1_8_16_64-modelmixtral_8x7b-n64-s2_3_4_5-settingsblock_k64_capabilityfrom-753c188f/inputs.json
         git check-ignore exited 128; path unverified (fatal: /workspace/results/gaps-nvidia_h200/occupancy_vs_swizzle/nvidia_h200-dtypebf16-g1_8_16_64-modelmixtral_8x7b-n64-s2_3_4_5-settingsblock_k64_capabilityfrom-753c188f/inputs.json: '/workspace/results/gaps-nvidia_h200/occupancy_vs_swizzle/nvidia_h200-dtypebf16-g1_8_16_64-modelmixtral_8x7b-n64-s2_3_4_5-settingsblock_k64_capabilityfrom-753c188f/inputs.json' is outside repository at '/workspace/moe-kernels')
report   /workspace/results/gaps-nvidia_h200/occupancy_vs_swizzle/nvidia_h200-dtypebf16-g1_8_16_64-modelmixtral_8x7b-n64-s2_3_4_5-settingsblock_k64_capabilityfrom-753c188f/report.txt
         git check-ignore exited 128; path unverified (fatal: /workspace/results/gaps-nvidia_h200/occupancy_vs_swizzle/nvidia_h200-dtypebf16-g1_8_16_64-modelmixtral_8x7b-n64-s2_3_4_5-settingsblock_k64_capabilityfrom-753c188f/report.txt: '/workspace/results/gaps-nvidia_h200/occupancy_vs_swizzle/nvidia_h200-dtypebf16-g1_8_16_64-modelmixtral_8x7b-n64-s2_3_4_5-settingsblock_k64_capabilityfrom-753c188f/report.txt' is outside repository at '/workspace/moe-kernels')
json     /workspace/results/gaps-nvidia_h200/occupancy_vs_swizzle/nvidia_h200-dtypebf16-g1_8_16_64-modelmixtral_8x7b-n64-s2_3_4_5-settingsblock_k64_capabilityfrom-753c188f/report.json
         git check-ignore exited 128; path unverified (fatal: /workspace/results/gaps-nvidia_h200/occupancy_vs_swizzle/nvidia_h200-dtypebf16-g1_8_16_64-modelmixtral_8x7b-n64-s2_3_4_5-settingsblock_k64_capabilityfrom-753c188f/report.json: '/workspace/results/gaps-nvidia_h200/occupancy_vs_swizzle/nvidia_h200-dtypebf16-g1_8_16_64-modelmixtral_8x7b-n64-s2_3_4_5-settingsblock_k64_capabilityfrom-753c188f/report.json' is outside repository at '/workspace/moe-kernels')

exit     3 INVALID: measured; a VALIDITY gate failed after measuring; nothing quotable
