CARD NVIDIA GH200 480GB (nvidia_gh200_480gb, board d663f7, sm_90, 132 SMs, 60 MiB L2): every number here is THIS card's; one of the study's four cards: the primary card.
ALPHA(G) OVER 8 PAGES, one card, one commit, one vLLM, one design, counted at an nvidia-smi lock of 1710 MHz (ncu --clock-control none)
  alpha lo/hi: the least and greatest OLS slope over SHARED's weight-only q, lowest call of SHARED or NATIVE less e to the highest,
  e PRIVATE's excess over n at its highest call; slope: q_S's K-call means', every activation re-read counted as a weight re-read
     G  alpha lo  alpha hi    slope       w1       w2    resid    ratio     diff  exit
     1   -0.0095   -0.0095  -0.0095  -0.0142   0.0000    0.37%   0.0061  -0.0056  3 INVALID: measured; a VALIDITY gate failed after measuring; nothing quotable
     2   -0.0092   -0.0092  -0.0092  -0.0138   0.0001    0.22%   0.0064  -0.0046  3 INVALID: measured; a VALIDITY gate failed after measuring; nothing quotable
     3   -0.0094   -0.0093  -0.0094  -0.0141   0.0000    0.34%   0.0062  -0.0041  3 INVALID: measured; a VALIDITY gate failed after measuring; nothing quotable
     4   -0.0092   -0.0092  -0.0092  -0.0138   0.0000    0.17%   0.0064  -0.0031  3 INVALID: measured; a VALIDITY gate failed after measuring; nothing quotable
     8   -0.0099   -0.0097  -0.0098  -0.0146  -0.0000    1.81%   0.0058  -0.0021  3 INVALID: measured; a VALIDITY gate failed after measuring; nothing quotable
    16   -0.0089   -0.0086  -0.0088  -0.0129  -0.0006    5.03%   0.0068  -0.0011  3 INVALID: measured; a VALIDITY gate failed after measuring; nothing quotable
    32    0.0049    0.0052   0.0050   0.0064   0.0023   11.40%   0.0205   0.0111  3 INVALID: measured; a VALIDITY gate failed after measuring; nothing quotable
    64   -0.0023    0.0023   0.0012  -0.0025   0.0086    8.03%   0.0165  -0.0012  3 INVALID: measured; a VALIDITY gate failed after measuring; nothing quotable

  q per (G, arm, GEMM) beside the group model:
  G=1  shared  total   0.9913   0.9882   0.9753   0.9658   0.9554   0.9460   0.9366   0.9277   0.9186
  G=1  shared  w1      0.9867   0.9819   0.9626   0.9485   0.9329   0.9186   0.9046   0.8912   0.8776
  G=1  shared  w2      1.0003   1.0007   1.0006   1.0004   1.0004   1.0006   1.0007   1.0007   1.0007
  G=1  native  total   0.9913   0.9884   0.9754   0.9658   0.9554   0.9460   0.9366   0.9277   0.9186
  G=1  native  w1      0.9868   0.9822   0.9626   0.9485   0.9329   0.9187   0.9047   0.8912   0.8776
  G=1  native  w2      1.0003   1.0007   1.0008   1.0004   1.0005   1.0005   1.0006   1.0007   1.0007
  G=1  private total   0.9913   1.9827   2.9755   3.9681   4.9630   5.9585   6.9576   7.9582   8.9630
  G=1  private w1      0.9868   1.9739   2.9629   3.9518   4.9441   5.9374   6.9359   7.9366   8.9437
  G=1  private w2      1.0003   2.0004   3.0005   4.0006   5.0008   6.0008   7.0010   8.0013   9.0017
  G=1  e       total   0.0000   0.0000   0.0000   0.0000   0.0000   0.0000   0.0000   0.0000   0.0000
  G=1  e       w1      0.0000   0.0000   0.0000   0.0000   0.0000   0.0000   0.0000   0.0000   0.0000
  G=1  e       w2      0.0003   0.0004   0.0006   0.0006   0.0008   0.0009   0.0010   0.0013   0.0018
  G=1  model           1.0000   2.0000   3.0000   4.0000   5.0000   6.0000   7.0000   8.0000   9.0000
  G=2  shared  total   0.9913   0.9820   0.9757   0.9641   0.9548   0.9457   0.9369   0.9275   0.9185
  G=2  shared  w1      0.9867   0.9729   0.9634   0.9459   0.9319   0.9183   0.9050   0.8909   0.8774
  G=2  shared  w2      1.0004   1.0003   1.0003   1.0004   1.0006   1.0005   1.0007   1.0007   1.0007
  G=2  native  total   0.9913   0.9820   0.9756   0.9641   0.9548   0.9457   0.9369   0.9274   0.9185
  G=2  native  w1      0.9868   0.9729   0.9633   0.9459   0.9320   0.9182   0.9050   0.8909   0.8774
  G=2  native  w2      1.0005   1.0002   1.0003   1.0004   1.0004   1.0006   1.0006   1.0006   1.0007
  G=2  private total   0.9913   1.9825   2.9748   3.9667   4.9611   5.9562   6.9542   7.9534   8.9579
  G=2  private w1      0.9868   1.9735   2.9619   3.9497   4.9413   5.9338   6.9308   7.9293   8.9360
  G=2  private w2      1.0004   2.0006   3.0006   4.0007   5.0008   6.0009   7.0010   8.0015   9.0017
  G=2  e       total   0.0000   0.0000   0.0000   0.0000   0.0000   0.0000   0.0000   0.0000   0.0000
  G=2  e       w1      0.0000   0.0000   0.0000   0.0000   0.0000   0.0000   0.0000   0.0000   0.0000
  G=2  e       w2      0.0005   0.0006   0.0007   0.0008   0.0009   0.0009   0.0011   0.0017   0.0018
  G=2  model           1.0000   1.0000   2.0000   2.0000   3.0000   3.0000   4.0000   4.0000   5.0000
  G=3  shared  total   0.9914   0.9869   0.9729   0.9649   0.9550   0.9456   0.9366   0.9275   0.9184
  G=3  shared  w1      0.9868   0.9803   0.9592   0.9472   0.9322   0.9182   0.9046   0.8909   0.8773
  G=3  shared  w2      1.0005   1.0003   1.0003   1.0004   1.0006   1.0005   1.0006   1.0006   1.0007
  G=3  native  total   0.9914   0.9869   0.9729   0.9650   0.9549   0.9457   0.9366   0.9275   0.9184
  G=3  native  w1      0.9868   0.9802   0.9592   0.9473   0.9322   0.9183   0.9045   0.8909   0.8772
  G=3  native  w2      1.0005   1.0003   1.0003   1.0004   1.0004   1.0005   1.0006   1.0006   1.0007
  G=3  private total   0.9914   1.9826   2.9740   3.9667   4.9600   5.9540   6.9517   7.9493   8.9516
  G=3  private w1      0.9869   1.9736   2.9606   3.9496   4.9396   5.9306   6.9269   7.9232   8.9266
  G=3  private w2      1.0005   2.0006   3.0007   4.0008   5.0009   6.0009   7.0013   8.0015   9.0016
  G=3  e       total   0.0000   0.0000   0.0000   0.0000   0.0000   0.0000   0.0000   0.0000   0.0000
  G=3  e       w1      0.0000   0.0000   0.0000   0.0000   0.0000   0.0000   0.0000   0.0000   0.0000
  G=3  e       w2      0.0006   0.0006   0.0007   0.0009   0.0011   0.0009   0.0014   0.0016   0.0018
  G=3  model           1.0000   1.3281   1.0000   2.0000   2.3281   2.0000   3.0000   3.3281   3.0000
  G=4  shared  total   0.9914   0.9820   0.9750   0.9638   0.9547   0.9456   0.9366   0.9274   0.9184
  G=4  shared  w1      0.9867   0.9729   0.9624   0.9455   0.9318   0.9182   0.9046   0.8908   0.8773
  G=4  shared  w2      1.0007   1.0003   1.0004   1.0004   1.0005   1.0005   1.0006   1.0007   1.0007
  G=4  native  total   0.9914   0.9820   0.9750   0.9638   0.9547   0.9456   0.9366   0.9274   0.9184
  G=4  native  w1      0.9867   0.9729   0.9623   0.9455   0.9318   0.9181   0.9046   0.8908   0.8773
  G=4  native  w2      1.0007   1.0002   1.0003   1.0003   1.0004   1.0005   1.0006   1.0006   1.0007
  G=4  private total   0.9914   1.9827   2.9741   3.9655   4.9587   5.9527   6.9483   7.9440   8.9458
  G=4  private w1      0.9867   1.9736   2.9606   3.9477   4.9376   5.9285   6.9219   7.9152   8.9178
  G=4  private w2      1.0007   2.0009   3.0009   4.0011   5.0010   6.0013   7.0013   8.0016   9.0018
  G=4  e       total   0.0000   0.0000   0.0000   0.0000   0.0000   0.0000   0.0000   0.0000   0.0000
  G=4  e       w1      0.0000   0.0000   0.0000   0.0000   0.0000   0.0000   0.0000   0.0000   0.0000
  G=4  e       w2      0.0007   0.0009   0.0010   0.0011   0.0011   0.0015   0.0015   0.0017   0.0019
  G=4  model           1.0000   1.0000   1.5000   1.0000   2.0000   2.0000   2.5000   2.0000   3.0000
  G=8  shared  total   0.9917   0.9820   0.9955   0.9638   0.9579   0.9465   0.9375   0.9274   0.9196
  G=8  shared  w1      0.9867   0.9729   0.9929   0.9455   0.9366   0.9194   0.9060   0.8908   0.8791
  G=8  shared  w2      1.0017   1.0003   1.0005   1.0004   1.0006   1.0005   1.0005   1.0006   1.0008
  G=8  native  total   0.9917   0.9820   0.9956   0.9638   0.9578   0.9464   0.9375   0.9274   0.9195
  G=8  native  w1      0.9867   0.9729   0.9932   0.9455   0.9364   0.9193   0.9059   0.8909   0.8789
  G=8  native  w2      1.0017   1.0003   1.0006   1.0004   1.0005   1.0005   1.0006   1.0006   1.0007
  G=8  private total   0.9917   1.9829   2.9743   3.9658   4.9578   5.9499   6.9428   7.9347   8.9331
  G=8  private w1      0.9867   1.9736   2.9606   3.9479   4.9359   5.9240   6.9132   7.9010   8.8986
  G=8  private w2      1.0017   2.0015   3.0016   4.0018   5.0018   6.0019   7.0020   8.0021   9.0023
  G=8  e       total   0.0000   0.0000   0.0000   0.0000   0.0000   0.0000   0.0000   0.0000   0.0000
  G=8  e       w1      0.0000   0.0000   0.0000   0.0000   0.0000   0.0000   0.0000   0.0000   0.0000
  G=8  e       w2      0.0018   0.0015   0.0017   0.0019   0.0018   0.0021   0.0023   0.0021   0.0025
  G=8  model           1.0000   1.0000   1.2500   1.0000   1.5000   1.5000   1.7500   1.0000   2.0000
  G=16 shared  total   0.9925   0.9820   1.0523   0.9638   1.0264   0.9818   0.9733   0.9275   0.9367
  G=16 shared  w1      0.9871   0.9729   1.0707   0.9455   1.0383   0.9721   0.9595   0.8909   0.9046
  G=16 shared  w2      1.0033   1.0003   1.0154   1.0004   1.0025   1.0012   1.0011   1.0007   1.0008
  G=16 native  total   0.9925   0.9820   1.0528   0.9638   1.0299   0.9833   0.9717   0.9274   0.9382
  G=16 native  w1      0.9871   0.9729   1.0710   0.9455   1.0435   0.9743   0.9571   0.8908   0.9070
  G=16 native  w2      1.0034   1.0003   1.0163   1.0004   1.0026   1.0013   1.0010   1.0006   1.0007
  G=16 private total   0.9925   1.9838   2.9760   3.9665   4.9601   5.9503   6.9447   7.9356   8.9326
  G=16 private w1      0.9871   1.9736   2.9622   3.9477   4.9383   5.9235   6.9150   7.9012   8.8968
  G=16 private w2      1.0033   2.0042   3.0037   4.0040   5.0037   6.0039   7.0041   8.0043   9.0041
  G=16 e       total   0.0000   0.0000   0.0000   0.0000   0.0000   0.0000   0.0000   0.0000   0.0000
  G=16 e       w1      0.0000   0.0000   0.0000   0.0000   0.0000   0.0000   0.0000   0.0000   0.0000
  G=16 e       w2      0.0034   0.0045   0.0038   0.0041   0.0038   0.0041   0.0043   0.0044   0.0042
  G=16 model           1.0000   1.0000   1.1250   1.0000   1.2500   1.2500   1.3750   1.0000   1.5000
  G=32 shared  total   0.9948   0.9822   1.0349   0.9638   1.0651   1.0476   1.0773   0.9274   1.0692
  G=32 shared  w1      0.9879   0.9731   1.0220   0.9454   1.0566   1.0420   1.0867   0.8908   1.0892
  G=32 shared  w2      1.0086   1.0005   1.0607   1.0004   1.0821   1.0589   1.0584   1.0007   1.0290
  G=32 native  total   0.9949   0.9822   1.0348   0.9638   1.0650   1.0476   1.0767   0.9274   1.0687
  G=32 native  w1      0.9880   0.9731   1.0219   0.9455   1.0565   1.0418   1.0863   0.8908   1.0885
  G=32 native  w2      1.0087   1.0006   1.0605   1.0004   1.0819   1.0593   1.0575   1.0006   1.0291
  G=32 private total   0.9948   1.9879   2.9816   3.9720   4.9694   5.9608   6.9588   7.9439   8.9515
  G=32 private w1      0.9879   1.9749   2.9649   3.9480   4.9442   5.9302   6.9257   7.9021   8.9129
  G=32 private w2      1.0085   2.0139   3.0150   4.0199   5.0198   6.0219   7.0249   8.0275   9.0288
  G=32 e       total   0.0000   0.0000   0.0000   0.0000   0.0000   0.0000   0.0000   0.0000   0.0000
  G=32 e       w1      0.0000   0.0000   0.0000   0.0000   0.0000   0.0000   0.0000   0.0000   0.0000
  G=32 e       w2      0.0085   0.0141   0.0153   0.0205   0.0200   0.0230   0.0257   0.0282   0.0297
  G=32 model           1.0000   1.0000   1.0625   1.0000   1.1250   1.1250   1.1875   1.0000   1.2500
  G=64 shared  total   1.0044   0.9852   1.0059   0.9643   1.0180   1.0083   1.0306   0.9275   1.0422
  G=64 shared  w1      0.9908   0.9736   0.9910   0.9455   0.9949   0.9807   0.9985   0.8908   1.0023
  G=64 shared  w2      1.0318   1.0085   1.0356   1.0019   1.0643   1.0635   1.0946   1.0010   1.1220
  G=64 native  total   1.0044   0.9852   1.0057   0.9643   1.0181   1.0084   1.0305   0.9275   1.0423
  G=64 native  w1      0.9906   0.9736   0.9909   0.9455   0.9949   0.9807   0.9985   0.8908   1.0023
  G=64 native  w2      1.0319   1.0085   1.0352   1.0020   1.0644   1.0636   1.0946   1.0010   1.1221
  G=64 private total   1.0045   2.0065   3.0079   4.0046   5.0149   6.0121   7.0225   8.0003   9.0352
  G=64 private w1      0.9907   1.9811   2.9745   3.9565   4.9623   5.9481   6.9506   7.9023   8.9497
  G=64 private w2      1.0321   2.0572   3.0747   4.1007   5.1202   6.1401   7.1661   8.1962   9.2061
  G=64 e       total   0.0045   0.0067   0.0087   0.0054   0.0157   0.0123   0.0228   0.0009   0.0361
  G=64 e       w1      0.0000   0.0000   0.0000   0.0000   0.0000   0.0000   0.0000   0.0000   0.0000
  G=64 e       w2      0.0324   0.0579   0.0752   0.1022   0.1213   0.1409   0.1673   0.1975   0.2075
  G=64 model           1.0000   1.0000   1.0312   1.0000   1.0625   1.0625   1.0938   1.0000   1.1250

PAGE /home/ubuntu/moe/results/2026-09-29-nvidia_gh200_480gb-r3-counters/lock1710/r3c-g1.json  G=1
  NOT ASKED  C1 at G=1: the co-residency window 660 is not below num_pid_n(w1) = 32, so a full w1 re-read is not predicted
RESULT: VALIDITY g1.V0 PASS the page names the live card it was measured on: CARD NVIDIA GH200 480GB (nvidia_gh200_480gb, board d663f7, sm_90, 132 SMs, 60 MiB L2): every number here is THI
GATE g1.V0 VALIDITY PASS   the page names the live card it was measured on
              measured CARD NVIDIA GH200 480GB (nvidia_gh200_480gb, board d663f7, sm_90, 132 SMs, 60 MiB L2): every number here is THIS card's; one of the study's four cards: the primary card.   gate a card block with ['name', 'uuid', 'sm_count', 'l2_bytes', 'capability', 'driver']
RESULT: VALIDITY g1.V1 PASS every launch is attributed: exact count, every grid equal to the child's, and a census that measured GEMMS_PER_CALL: 162 launches over 27 cells, every grid matc
GATE g1.V1 VALIDITY PASS   every launch is attributed: exact count, every grid equal to the child's, and a census that measured GEMMS_PER_CALL
              measured 162 launches over 27 cells, every grid matched   gate exact count; grids equal; census GEMMS_PER_CALL = 2
RESULT: VALIDITY g1.V2 PASS every STRICT metric is a number on every launch: 5 fields x 54 GEMM cells
GATE g1.V2 VALIDITY PASS   every STRICT metric is a number on every launch
              measured 5 fields x 54 GEMM cells   gate no missing value, never a 0.0 default
RESULT: VALIDITY g1.V3 PASS at n=1 each cell's K calls read the same bytes: worst gated (max - min) / median 0.0059%
GATE g1.V3 VALIDITY PASS   at n=1 each cell's K calls read the same bytes
              measured worst gated (max - min) / median 0.0059%   gate <= 1% per call and per GEMM in every n=1 cell, and in every cell whose page carries no per-GEMM call list
              deeper treads, not gated, spread up to 0.0272% (shared/7): re-reads L2 catches or misses with the order tiles run in, carried into SHARED's bracket as its farthest calls
RESULT: VALIDITY g1.V4 PASS at n=1 the arms are one call and each reads one weight set: |R_S(1)/R_P(1) - 1| = 0.0014% against 0.5000%; q(1) native 0.9913, shared 0.9913, private 0.9913
GATE g1.V4 VALIDITY PASS   at n=1 the arms are one call and each reads one weight set
              measured |R_S(1)/R_P(1) - 1| = 0.0014% against 0.5000%; q(1) native 0.9913, shared 0.9913, private 0.9913   gate <= max(0.5%, 3 x the repeat spread); q(1) in [0.97, 1.03]
              at n=1 SHARED and PRIVATE route every tile to copy 0: they are the same call, so their bytes must agree
RESULT: VALIDITY g1.V5 PASS the PRIVATE arm re-reads the whole weight set per tile: every q_P(n)/n in [0.97, 1.5]; slope 0.9961
GATE g1.V5 VALIDITY PASS   the PRIVATE arm re-reads the whole weight set per tile
              measured every q_P(n)/n in [0.97, 1.5]; slope 0.9961   gate 0.97 n <= q_P(n) <= 1.5 n per GEMM; slope of q_P,total in [0.97, 1.5]
              PRIVATE's excess over n is activation re-read, and a full thrash adds at most 0.4844 of W_w1, 0.4844 of W_w2 per tread ((BM/BN)(1 - 1/num_pid_n)), inside the ceiling: V5 cannot tell a thrash from a sound page, and C6 reads it
RESULT: VALIDITY g1.V6 PASS the arms request the same L2 read sectors: 20 comparisons held; nearest its tolerance 0.3528% of 1.3% at n=6 w1 (NATIVE against SHARED)
GATE g1.V6 VALIDITY PASS   the arms request the same L2 read sectors
              measured 20 comparisons held; nearest its tolerance 0.3528% of 1.3% at n=6 w1 (NATIVE against SHARED)   gate max/min - 1 <= 0.5% over the three arms at every (n, GEMM) on a card that counts every load; on one that coalesces L2 reads (compute capability 9.0 and up) SHARED against PRIVATE at n=1 within 0.5%, and NATIVE against SHARED where their live pids agree within 1.3% at every tread
              compute capability 9.0, at or above Hopper's 9.0: an L2 Request Coalescer can merge reads of one sector before the L2 counts them, most likely what put this count below the loads on the GH200 and the H100 (no counter on this page sits before it), so V6 holds two pairs: SHARED against PRIVATE at n=1, one call (both route every tile to copy 0), within 0.5%, and NATIVE against SHARED where NATIVE's grid gives every live tile SHARED's pid, the same tiles under another declaration, within 1.3% at every tread
              not held: PRIVATE at n >= 2 (its tiles read their own copies); their loads there rest on V5, V7 and V9 until a page carries a load count taken before the coalescer (docs/COUNTERS.md 6.8)
              not gated: over the three arms at every tread the widest gap is 5.0335% at n=9 w2
RESULT: VALIDITY g1.V7 PASS NATIVE and SHARED read the same DRAM bytes: every (n, GEMM) within tolerance
GATE g1.V7 VALIDITY PASS   NATIVE and SHARED read the same DRAM bytes
              measured every (n, GEMM) within tolerance   gate |R_N/R_S - 1| <= max(1%, 3 x that GEMM's own repeat spread in either cell), and the two arms' calls no more than 1% apart where the page lists them
RESULT: VALIDITY g1.V8 PASS the DRAM counter and the L2 counters agree: every GEMM cell's DRAM bytes within tolerance of 32 x fill sectors
GATE g1.V8 VALIDITY PASS   the DRAM counter and the L2 counters agree
              measured every GEMM cell's DRAM bytes within tolerance of 32 x fill sectors   gate |dram_bytes_read / (32 x lts__d_sectors_fill_device) - 1| <= 2%
RESULT: VALIDITY g1.V9 PASS the private arm allocated and READ distinct weight copies: 5 of 5 parts
GATE g1.V9 VALIDITY PASS   the private arm allocated and READ distinct weight copies
              measured 5 of 5 parts   gate all 5 parts of the proof
              PASS     addresses: the n copies occupy disjoint contiguous address ranges spanning exactly n x the weight set, in both w1 and w2
                       9 copies x 64 experts span 7247757312 bytes against 7247757312 predicted; slot = expert x 9 + copy at every slot: True; native view is every 9th slot of the same storage: True
              PASS     sentinels: a distinct value written into each copy reads back from that copy and from no other, and the original bytes are restored before anything else reads them
                       wrote 9 distinct values, read back 9 distinct, and restored the original bytes: True
              PASS     kernel_read: zeroing ONE copy c at a time, for every c >= 1, changes EXACTLY the private output rows of the tokens routed to copy c and no others, so every tile reads its own copy and no tile reads another's
                       every copy c >= 1, zeroed alone, changed exactly the tokens routed to it | c=1: 256 rows changed, 256 routed, exact=True, shared unchanged=True, restored=True; c=2: 256 rows changed, 256 routed, exact=True, shared unchanged=True, restored=True; c=3: 256 rows changed, 256 routed, exact=True, shared unchanged=True, restored=True; c=4: 256 rows changed, 256 routed, exact=True, shared unchanged=True, restored=True; c=5: 256 rows changed, 256 routed, exact=True, shared unchanged=True, restored=True; c=6: 256 rows changed, 256 routed, exact=True, shared unchanged=True, restored=True; c=7: 256 rows changed, 256 routed, exact=True, shared unchanged=True, restored=True; c=8: 256 rows changed, 256 routed, exact=True, shared unchanged=True, restored=True
              PASS     shared_blind: each of those zeroings leaves the shared arm's output bitwise unchanged, and restoring the copy restores the private output bitwise, so the changes above are the private mapping and not a corruption
                       the shared output was bitwise unchanged by every zeroing, every restore put the private output back bitwise, and zeroing a never-read copy moved neither output
              PASS     same_layer: with nothing zeroed, the private arm's output is bitwise equal to the shared arm's, so the relabelling computes the same layer
                       private output is bitwise equal to shared; native output is bitwise equal to shared (recorded, not scored: native runs a different launch grid)
RESULT: VALIDITY g1.V10 FAIL every cell and GEMM ran at the nvidia-smi lock of 1710 MHz, by its own counters' clock: off the lock: w1 fitted 1688 MHz; w2 fitted 1668 MHz; native/3 w2 1658 M
GATE g1.V10 VALIDITY FAIL   every cell and GEMM ran at the nvidia-smi lock of 1710 MHz, by its own counters' clock
              measured off the lock: w1 fitted 1688 MHz; w2 fitted 1668 MHz; native/3 w2 1658 MHz; native/4 w2 1662 MHz; and 9 more (fit: w1 1688.2 MHz + 10.8 us over 27 cells; w2 1668.1 MHz + 4.2 us over 27 cells)   gate each GEMM's duration = t0 + sm__cycles_elapsed.avg / f over its cells, |f - 1710| <= 15 MHz (one step), 0 <= t0 <= 50 us, and no cell over 3 steps off the lock's line
              a FAIL here invalidates: every byte on the page as a reading at 1710 MHz, the clock the timed pages it is compared with ran at; its bytes stand only as readings at the clocks its cells name
RESULT: CLAIM g1.C2 PASS SHARED's w2 weight reads never exceed the group model's count: n=1 [0.9999, 1.0003]/1.0000, n=2 [1.0002, 1.0007]/2.0000, n=3 [0.9999, 1.0009]/3.0000, n=4 [0.999
GATE g1.C2 CLAIM    PASS   SHARED's w2 weight reads never exceed the group model's count
              measured n=1 [0.9999, 1.0003]/1.0000, n=2 [1.0002, 1.0007]/2.0000, n=3 [0.9999, 1.0009]/3.0000, n=4 [0.9997, 1.0006]/4.0000, n=5 [0.9996, 1.0006]/5.0000, n=6 [0.9996, 1.0007]/6.0000, n=7 [0.9995, 1.0008]/7.0000, n=8 [0.9993, 1.0008]/8.0000, n=9 [0.9989, 1.0008]/9.0000   gate q_S,w2(n) <= 1.05 x group_reads at every n, scored on both edges of SHARED's weight-only bracket, its lowest call (NATIVE pooled) less e to its highest, e PRIVATE's excess over n; UNKNOWN where the edges disagree
              w2 column passes not held by this card's 60 MiB L2: SHARED at n=none, PRIVATE at n=none (r3_exposure; a floor on the reuse distance, so a cell not named is not thereby safe)
RESULT: CLAIM g1.C3 FAIL at G=1, w2 is re-read less than w1: alpha_w2 [-0.0002, 0.0001] against alpha_w1 [-0.0143, -0.0142]
GATE g1.C3 CLAIM    FAIL   at G=1, w2 is re-read less than w1
              measured alpha_w2 [-0.0002, 0.0001] against alpha_w1 [-0.0143, -0.0142]   gate alpha_w2 < alpha_w1 on every slope the two weight-only brackets allow; UNKNOWN where the brackets overlap
              a FAIL here invalidates: the co-residency reading of G=1's reuse: w1 has 2F/H = 7x more N-tiles per M-row than w2, so fewer of an expert's M-tiles are in flight together on w1
RESULT: CLAIM g1.C6 PASS PRIVATE reads no more than one weight set per tile: n=1 -0.0087, n=2 -0.0086, n=3 -0.0082, n=4 -0.0080, n=5 -0.0074, n=6 -0.0069, n=7 -0.0061, n=8 -0.0052, n=9
GATE g1.C6 CLAIM    PASS   PRIVATE reads no more than one weight set per tile
              measured n=1 -0.0087, n=2 -0.0086, n=3 -0.0082, n=4 -0.0080, n=5 -0.0074, n=6 -0.0069, n=7 -0.0061, n=8 -0.0052, n=9 -0.0041  (q_P/n - 1; w1 -0.0132, -0.0131, -0.0124, -0.0120, -0.0112, -0.0104, -0.0092, -0.0079, -0.0063; w2 +0.0003, +0.0002, +0.0002, +0.0001, +0.0002, +0.0001, +0.0001, +0.0002, +0.0002)   gate q_P,total(n) <= 1.03 n at every n, on PRIVATE's lowest and highest call; UNKNOWN where they straddle it
              w1 column passes not held by this card's 60 MiB L2: SHARED at n=none, PRIVATE at n=none (r3_exposure; a floor on the reuse distance, so a cell not named is not thereby safe)
              w2 column passes not held by this card's 60 MiB L2: SHARED at n=none, PRIVATE at n=none (r3_exposure; a floor on the reuse distance, so a cell not named is not thereby safe)

PAGE /home/ubuntu/moe/results/2026-09-29-nvidia_gh200_480gb-r3-counters/lock1710/r3c-g2.json  G=2
RESULT: VALIDITY g2.V0 PASS the page names the live card it was measured on: CARD NVIDIA GH200 480GB (nvidia_gh200_480gb, board d663f7, sm_90, 132 SMs, 60 MiB L2): every number here is THI
GATE g2.V0 VALIDITY PASS   the page names the live card it was measured on
              measured CARD NVIDIA GH200 480GB (nvidia_gh200_480gb, board d663f7, sm_90, 132 SMs, 60 MiB L2): every number here is THIS card's; one of the study's four cards: the primary card.   gate a card block with ['name', 'uuid', 'sm_count', 'l2_bytes', 'capability', 'driver']
RESULT: VALIDITY g2.V1 PASS every launch is attributed: exact count, every grid equal to the child's, and a census that measured GEMMS_PER_CALL: 162 launches over 27 cells, every grid matc
GATE g2.V1 VALIDITY PASS   every launch is attributed: exact count, every grid equal to the child's, and a census that measured GEMMS_PER_CALL
              measured 162 launches over 27 cells, every grid matched   gate exact count; grids equal; census GEMMS_PER_CALL = 2
RESULT: VALIDITY g2.V2 PASS every STRICT metric is a number on every launch: 5 fields x 54 GEMM cells
GATE g2.V2 VALIDITY PASS   every STRICT metric is a number on every launch
              measured 5 fields x 54 GEMM cells   gate no missing value, never a 0.0 default
RESULT: VALIDITY g2.V3 PASS at n=1 each cell's K calls read the same bytes: worst gated (max - min) / median 0.0116%
GATE g2.V3 VALIDITY PASS   at n=1 each cell's K calls read the same bytes
              measured worst gated (max - min) / median 0.0116%   gate <= 1% per call and per GEMM in every n=1 cell, and in every cell whose page carries no per-GEMM call list
              deeper treads, not gated, spread up to 0.0313% (shared/5): re-reads L2 catches or misses with the order tiles run in, carried into SHARED's bracket as its farthest calls
RESULT: VALIDITY g2.V4 PASS at n=1 the arms are one call and each reads one weight set: |R_S(1)/R_P(1) - 1| = 0.0001% against 0.5000%; q(1) native 0.9913, shared 0.9913, private 0.9913
GATE g2.V4 VALIDITY PASS   at n=1 the arms are one call and each reads one weight set
              measured |R_S(1)/R_P(1) - 1| = 0.0001% against 0.5000%; q(1) native 0.9913, shared 0.9913, private 0.9913   gate <= max(0.5%, 3 x the repeat spread); q(1) in [0.97, 1.03]
              at n=1 SHARED and PRIVATE route every tile to copy 0: they are the same call, so their bytes must agree
RESULT: VALIDITY g2.V5 PASS the PRIVATE arm re-reads the whole weight set per tile: every q_P(n)/n in [0.97, 1.5]; slope 0.9955
GATE g2.V5 VALIDITY PASS   the PRIVATE arm re-reads the whole weight set per tile
              measured every q_P(n)/n in [0.97, 1.5]; slope 0.9955   gate 0.97 n <= q_P(n) <= 1.5 n per GEMM; slope of q_P,total in [0.97, 1.5]
              PRIVATE's excess over n is activation re-read, and a full thrash adds at most 0.4844 of W_w1, 0.4844 of W_w2 per tread ((BM/BN)(1 - 1/num_pid_n)), inside the ceiling: V5 cannot tell a thrash from a sound page, and C6 reads it
RESULT: VALIDITY g2.V6 PASS the arms request the same L2 read sectors: 20 comparisons held; nearest its tolerance 0.5970% of 1.3% at n=2 w2 (NATIVE against SHARED)
GATE g2.V6 VALIDITY PASS   the arms request the same L2 read sectors
              measured 20 comparisons held; nearest its tolerance 0.5970% of 1.3% at n=2 w2 (NATIVE against SHARED)   gate max/min - 1 <= 0.5% over the three arms at every (n, GEMM) on a card that counts every load; on one that coalesces L2 reads (compute capability 9.0 and up) SHARED against PRIVATE at n=1 within 0.5%, and NATIVE against SHARED where their live pids agree within 1.3% at every tread
              compute capability 9.0, at or above Hopper's 9.0: an L2 Request Coalescer can merge reads of one sector before the L2 counts them, most likely what put this count below the loads on the GH200 and the H100 (no counter on this page sits before it), so V6 holds two pairs: SHARED against PRIVATE at n=1, one call (both route every tile to copy 0), within 0.5%, and NATIVE against SHARED where NATIVE's grid gives every live tile SHARED's pid, the same tiles under another declaration, within 1.3% at every tread
              not held: PRIVATE at n >= 2 (its tiles read their own copies); their loads there rest on V5, V7 and V9 until a page carries a load count taken before the coalescer (docs/COUNTERS.md 6.8)
              not gated: over the three arms at every tread the widest gap is 9.1702% at n=2 w1
RESULT: VALIDITY g2.V7 PASS NATIVE and SHARED read the same DRAM bytes: every (n, GEMM) within tolerance
GATE g2.V7 VALIDITY PASS   NATIVE and SHARED read the same DRAM bytes
              measured every (n, GEMM) within tolerance   gate |R_N/R_S - 1| <= max(1%, 3 x that GEMM's own repeat spread in either cell), and the two arms' calls no more than 1% apart where the page lists them
RESULT: VALIDITY g2.V8 PASS the DRAM counter and the L2 counters agree: every GEMM cell's DRAM bytes within tolerance of 32 x fill sectors
GATE g2.V8 VALIDITY PASS   the DRAM counter and the L2 counters agree
              measured every GEMM cell's DRAM bytes within tolerance of 32 x fill sectors   gate |dram_bytes_read / (32 x lts__d_sectors_fill_device) - 1| <= 2%
RESULT: VALIDITY g2.V9 PASS the private arm allocated and READ distinct weight copies: 5 of 5 parts
GATE g2.V9 VALIDITY PASS   the private arm allocated and READ distinct weight copies
              measured 5 of 5 parts   gate all 5 parts of the proof
              PASS     addresses: the n copies occupy disjoint contiguous address ranges spanning exactly n x the weight set, in both w1 and w2
                       9 copies x 64 experts span 7247757312 bytes against 7247757312 predicted; slot = expert x 9 + copy at every slot: True; native view is every 9th slot of the same storage: True
              PASS     sentinels: a distinct value written into each copy reads back from that copy and from no other, and the original bytes are restored before anything else reads them
                       wrote 9 distinct values, read back 9 distinct, and restored the original bytes: True
              PASS     kernel_read: zeroing ONE copy c at a time, for every c >= 1, changes EXACTLY the private output rows of the tokens routed to copy c and no others, so every tile reads its own copy and no tile reads another's
                       every copy c >= 1, zeroed alone, changed exactly the tokens routed to it | c=1: 256 rows changed, 256 routed, exact=True, shared unchanged=True, restored=True; c=2: 256 rows changed, 256 routed, exact=True, shared unchanged=True, restored=True; c=3: 256 rows changed, 256 routed, exact=True, shared unchanged=True, restored=True; c=4: 256 rows changed, 256 routed, exact=True, shared unchanged=True, restored=True; c=5: 256 rows changed, 256 routed, exact=True, shared unchanged=True, restored=True; c=6: 256 rows changed, 256 routed, exact=True, shared unchanged=True, restored=True; c=7: 256 rows changed, 256 routed, exact=True, shared unchanged=True, restored=True; c=8: 256 rows changed, 256 routed, exact=True, shared unchanged=True, restored=True
              PASS     shared_blind: each of those zeroings leaves the shared arm's output bitwise unchanged, and restoring the copy restores the private output bitwise, so the changes above are the private mapping and not a corruption
                       the shared output was bitwise unchanged by every zeroing, every restore put the private output back bitwise, and zeroing a never-read copy moved neither output
              PASS     same_layer: with nothing zeroed, the private arm's output is bitwise equal to the shared arm's, so the relabelling computes the same layer
                       private output is bitwise equal to shared; native output is bitwise equal to shared (recorded, not scored: native runs a different launch grid)
RESULT: VALIDITY g2.V10 FAIL every cell and GEMM ran at the nvidia-smi lock of 1710 MHz, by its own counters' clock: off the lock: w1 fitted 1687 MHz; w2 fitted 1665 MHz; native/3 w2 1663 M
GATE g2.V10 VALIDITY FAIL   every cell and GEMM ran at the nvidia-smi lock of 1710 MHz, by its own counters' clock
              measured off the lock: w1 fitted 1687 MHz; w2 fitted 1665 MHz; native/3 w2 1663 MHz; native/4 w2 1661 MHz; and 13 more (fit: w1 1686.7 MHz + 9.9 us over 27 cells; w2 1665.4 MHz + 3.7 us over 27 cells)   gate each GEMM's duration = t0 + sm__cycles_elapsed.avg / f over its cells, |f - 1710| <= 15 MHz (one step), 0 <= t0 <= 50 us, and no cell over 3 steps off the lock's line
              a FAIL here invalidates: every byte on the page as a reading at 1710 MHz, the clock the timed pages it is compared with ran at; its bytes stand only as readings at the clocks its cells name
RESULT: CLAIM g2.C1 FAIL SHARED's w1 weight reads are what the group model counts: n=1 [0.9867, 0.9868]/1.0000, n=2 [0.9729, 0.9730]/1.0000, n=3 [0.9632, 0.9635]/2.0000, n=4 [0.9459, 0.
GATE g2.C1 CLAIM    FAIL   SHARED's w1 weight reads are what the group model counts
              measured n=1 [0.9867, 0.9868]/1.0000, n=2 [0.9729, 0.9730]/1.0000, n=3 [0.9632, 0.9635]/2.0000, n=4 [0.9459, 0.9460]/2.0000, n=5 [0.9319, 0.9320]/3.0000, n=6 [0.9182, 0.9183]/3.0000, n=7 [0.9049, 0.9051]/4.0000, n=8 [0.8909, 0.8910]/4.0000, n=9 [0.8773, 0.8774]/5.0000   gate |q_S,w1(n) - group_reads| <= 5% x group_reads at every n, scored on both edges of SHARED's weight-only bracket, its lowest call (NATIVE pooled) less e to its highest, e PRIVATE's excess over n; UNKNOWN where the edges disagree
              a FAIL here invalidates: the pid-order reuse model: w1 has 2F/BN N-tiles per M-row, far more than the CTAs in flight, so nothing is shared across groups
              w1 column passes not held by this card's 60 MiB L2: SHARED at n=none, PRIVATE at n=none (r3_exposure; a floor on the reuse distance, so a cell not named is not thereby safe)
RESULT: CLAIM g2.C2 PASS SHARED's w2 weight reads never exceed the group model's count: n=1 [0.9999, 1.0005]/1.0000, n=2 [0.9996, 1.0003]/1.0000, n=3 [0.9996, 1.0004]/2.0000, n=4 [0.999
GATE g2.C2 CLAIM    PASS   SHARED's w2 weight reads never exceed the group model's count
              measured n=1 [0.9999, 1.0005]/1.0000, n=2 [0.9996, 1.0003]/1.0000, n=3 [0.9996, 1.0004]/2.0000, n=4 [0.9996, 1.0005]/2.0000, n=5 [0.9995, 1.0008]/3.0000, n=6 [0.9995, 1.0006]/3.0000, n=7 [0.9994, 1.0007]/4.0000, n=8 [0.9989, 1.0008]/4.0000, n=9 [0.9988, 1.0008]/5.0000   gate q_S,w2(n) <= 1.05 x group_reads at every n, scored on both edges of SHARED's weight-only bracket, its lowest call (NATIVE pooled) less e to its highest, e PRIVATE's excess over n; UNKNOWN where the edges disagree
              w2 column passes not held by this card's 60 MiB L2: SHARED at n=none, PRIVATE at n=none (r3_exposure; a floor on the reuse distance, so a cell not named is not thereby safe)
RESULT: CLAIM g2.C6 PASS PRIVATE reads no more than one weight set per tile: n=1 -0.0087, n=2 -0.0087, n=3 -0.0084, n=4 -0.0083, n=5 -0.0078, n=6 -0.0073, n=7 -0.0065, n=8 -0.0058, n=9
GATE g2.C6 CLAIM    PASS   PRIVATE reads no more than one weight set per tile
              measured n=1 -0.0087, n=2 -0.0087, n=3 -0.0084, n=4 -0.0083, n=5 -0.0078, n=6 -0.0073, n=7 -0.0065, n=8 -0.0058, n=9 -0.0047  (q_P/n - 1; w1 -0.0132, -0.0133, -0.0127, -0.0126, -0.0117, -0.0110, -0.0099, -0.0088, -0.0071; w2 +0.0004, +0.0003, +0.0002, +0.0002, +0.0002, +0.0001, +0.0001, +0.0002, +0.0002)   gate q_P,total(n) <= 1.03 n at every n, on PRIVATE's lowest and highest call; UNKNOWN where they straddle it
              w1 column passes not held by this card's 60 MiB L2: SHARED at n=none, PRIVATE at n=none (r3_exposure; a floor on the reuse distance, so a cell not named is not thereby safe)
              w2 column passes not held by this card's 60 MiB L2: SHARED at n=none, PRIVATE at n=none (r3_exposure; a floor on the reuse distance, so a cell not named is not thereby safe)

PAGE /home/ubuntu/moe/results/2026-09-29-nvidia_gh200_480gb-r3-counters/lock1710/r3c-g3.json  G=3
RESULT: VALIDITY g3.V0 PASS the page names the live card it was measured on: CARD NVIDIA GH200 480GB (nvidia_gh200_480gb, board d663f7, sm_90, 132 SMs, 60 MiB L2): every number here is THI
GATE g3.V0 VALIDITY PASS   the page names the live card it was measured on
              measured CARD NVIDIA GH200 480GB (nvidia_gh200_480gb, board d663f7, sm_90, 132 SMs, 60 MiB L2): every number here is THIS card's; one of the study's four cards: the primary card.   gate a card block with ['name', 'uuid', 'sm_count', 'l2_bytes', 'capability', 'driver']
RESULT: VALIDITY g3.V1 PASS every launch is attributed: exact count, every grid equal to the child's, and a census that measured GEMMS_PER_CALL: 162 launches over 27 cells, every grid matc
GATE g3.V1 VALIDITY PASS   every launch is attributed: exact count, every grid equal to the child's, and a census that measured GEMMS_PER_CALL
              measured 162 launches over 27 cells, every grid matched   gate exact count; grids equal; census GEMMS_PER_CALL = 2
RESULT: VALIDITY g3.V2 PASS every STRICT metric is a number on every launch: 5 fields x 54 GEMM cells
GATE g3.V2 VALIDITY PASS   every STRICT metric is a number on every launch
              measured 5 fields x 54 GEMM cells   gate no missing value, never a 0.0 default
RESULT: VALIDITY g3.V3 PASS at n=1 each cell's K calls read the same bytes: worst gated (max - min) / median 0.0160%
GATE g3.V3 VALIDITY PASS   at n=1 each cell's K calls read the same bytes
              measured worst gated (max - min) / median 0.0160%   gate <= 1% per call and per GEMM in every n=1 cell, and in every cell whose page carries no per-GEMM call list
              deeper treads, not gated, spread up to 0.0388% (shared/2): re-reads L2 catches or misses with the order tiles run in, carried into SHARED's bracket as its farthest calls
RESULT: VALIDITY g3.V4 PASS at n=1 the arms are one call and each reads one weight set: |R_S(1)/R_P(1) - 1| = 0.0019% against 0.5000%; q(1) native 0.9914, shared 0.9914, private 0.9914
GATE g3.V4 VALIDITY PASS   at n=1 the arms are one call and each reads one weight set
              measured |R_S(1)/R_P(1) - 1| = 0.0019% against 0.5000%; q(1) native 0.9914, shared 0.9914, private 0.9914   gate <= max(0.5%, 3 x the repeat spread); q(1) in [0.97, 1.03]
              at n=1 SHARED and PRIVATE route every tile to copy 0: they are the same call, so their bytes must agree
RESULT: VALIDITY g3.V5 PASS the PRIVATE arm re-reads the whole weight set per tile: every q_P(n)/n in [0.97, 1.5]; slope 0.9947
GATE g3.V5 VALIDITY PASS   the PRIVATE arm re-reads the whole weight set per tile
              measured every q_P(n)/n in [0.97, 1.5]; slope 0.9947   gate 0.97 n <= q_P(n) <= 1.5 n per GEMM; slope of q_P,total in [0.97, 1.5]
              PRIVATE's excess over n is activation re-read, and a full thrash adds at most 0.4844 of W_w1, 0.4844 of W_w2 per tread ((BM/BN)(1 - 1/num_pid_n)), inside the ceiling: V5 cannot tell a thrash from a sound page, and C6 reads it
RESULT: VALIDITY g3.V6 PASS the arms request the same L2 read sectors: 20 comparisons held; nearest its tolerance 0.6472% of 1.3% at n=3 w1 (NATIVE against SHARED)
GATE g3.V6 VALIDITY PASS   the arms request the same L2 read sectors
              measured 20 comparisons held; nearest its tolerance 0.6472% of 1.3% at n=3 w1 (NATIVE against SHARED)   gate max/min - 1 <= 0.5% over the three arms at every (n, GEMM) on a card that counts every load; on one that coalesces L2 reads (compute capability 9.0 and up) SHARED against PRIVATE at n=1 within 0.5%, and NATIVE against SHARED where their live pids agree within 1.3% at every tread
              compute capability 9.0, at or above Hopper's 9.0: an L2 Request Coalescer can merge reads of one sector before the L2 counts them, most likely what put this count below the loads on the GH200 and the H100 (no counter on this page sits before it), so V6 holds two pairs: SHARED against PRIVATE at n=1, one call (both route every tile to copy 0), within 0.5%, and NATIVE against SHARED where NATIVE's grid gives every live tile SHARED's pid, the same tiles under another declaration, within 1.3% at every tread
              not held: PRIVATE at n >= 2 (its tiles read their own copies); their loads there rest on V5, V7 and V9 until a page carries a load count taken before the coalescer (docs/COUNTERS.md 6.8)
              not gated: over the three arms at every tread the widest gap is 9.3906% at n=3 w1
RESULT: VALIDITY g3.V7 PASS NATIVE and SHARED read the same DRAM bytes: every (n, GEMM) within tolerance
GATE g3.V7 VALIDITY PASS   NATIVE and SHARED read the same DRAM bytes
              measured every (n, GEMM) within tolerance   gate |R_N/R_S - 1| <= max(1%, 3 x that GEMM's own repeat spread in either cell), and the two arms' calls no more than 1% apart where the page lists them
RESULT: VALIDITY g3.V8 PASS the DRAM counter and the L2 counters agree: every GEMM cell's DRAM bytes within tolerance of 32 x fill sectors
GATE g3.V8 VALIDITY PASS   the DRAM counter and the L2 counters agree
              measured every GEMM cell's DRAM bytes within tolerance of 32 x fill sectors   gate |dram_bytes_read / (32 x lts__d_sectors_fill_device) - 1| <= 2%
RESULT: VALIDITY g3.V9 PASS the private arm allocated and READ distinct weight copies: 5 of 5 parts
GATE g3.V9 VALIDITY PASS   the private arm allocated and READ distinct weight copies
              measured 5 of 5 parts   gate all 5 parts of the proof
              PASS     addresses: the n copies occupy disjoint contiguous address ranges spanning exactly n x the weight set, in both w1 and w2
                       9 copies x 64 experts span 7247757312 bytes against 7247757312 predicted; slot = expert x 9 + copy at every slot: True; native view is every 9th slot of the same storage: True
              PASS     sentinels: a distinct value written into each copy reads back from that copy and from no other, and the original bytes are restored before anything else reads them
                       wrote 9 distinct values, read back 9 distinct, and restored the original bytes: True
              PASS     kernel_read: zeroing ONE copy c at a time, for every c >= 1, changes EXACTLY the private output rows of the tokens routed to copy c and no others, so every tile reads its own copy and no tile reads another's
                       every copy c >= 1, zeroed alone, changed exactly the tokens routed to it | c=1: 256 rows changed, 256 routed, exact=True, shared unchanged=True, restored=True; c=2: 256 rows changed, 256 routed, exact=True, shared unchanged=True, restored=True; c=3: 256 rows changed, 256 routed, exact=True, shared unchanged=True, restored=True; c=4: 256 rows changed, 256 routed, exact=True, shared unchanged=True, restored=True; c=5: 256 rows changed, 256 routed, exact=True, shared unchanged=True, restored=True; c=6: 256 rows changed, 256 routed, exact=True, shared unchanged=True, restored=True; c=7: 256 rows changed, 256 routed, exact=True, shared unchanged=True, restored=True; c=8: 256 rows changed, 256 routed, exact=True, shared unchanged=True, restored=True
              PASS     shared_blind: each of those zeroings leaves the shared arm's output bitwise unchanged, and restoring the copy restores the private output bitwise, so the changes above are the private mapping and not a corruption
                       the shared output was bitwise unchanged by every zeroing, every restore put the private output back bitwise, and zeroing a never-read copy moved neither output
              PASS     same_layer: with nothing zeroed, the private arm's output is bitwise equal to the shared arm's, so the relabelling computes the same layer
                       private output is bitwise equal to shared; native output is bitwise equal to shared (recorded, not scored: native runs a different launch grid)
RESULT: VALIDITY g3.V10 FAIL every cell and GEMM ran at the nvidia-smi lock of 1710 MHz, by its own counters' clock: off the lock: w1 fitted 1686 MHz; w2 fitted 1667 MHz; native/3 w2 1657 M
GATE g3.V10 VALIDITY FAIL   every cell and GEMM ran at the nvidia-smi lock of 1710 MHz, by its own counters' clock
              measured off the lock: w1 fitted 1686 MHz; w2 fitted 1667 MHz; native/3 w2 1657 MHz; native/4 w2 1659 MHz; and 12 more (fit: w1 1685.7 MHz + 9.5 us over 27 cells; w2 1666.6 MHz + 3.7 us over 27 cells)   gate each GEMM's duration = t0 + sm__cycles_elapsed.avg / f over its cells, |f - 1710| <= 15 MHz (one step), 0 <= t0 <= 50 us, and no cell over 3 steps off the lock's line
              a FAIL here invalidates: every byte on the page as a reading at 1710 MHz, the clock the timed pages it is compared with ran at; its bytes stand only as readings at the clocks its cells name
RESULT: CLAIM g3.C1 FAIL SHARED's w1 weight reads are what the group model counts: n=1 [0.9868, 0.9869]/1.0000, n=2 [0.9801, 0.9805]/1.3281, n=3 [0.9592, 0.9592]/1.0000, n=4 [0.9471, 0.
GATE g3.C1 CLAIM    FAIL   SHARED's w1 weight reads are what the group model counts
              measured n=1 [0.9868, 0.9869]/1.0000, n=2 [0.9801, 0.9805]/1.3281, n=3 [0.9592, 0.9592]/1.0000, n=4 [0.9471, 0.9475]/2.0000, n=5 [0.9321, 0.9323]/2.3281, n=6 [0.9182, 0.9184]/2.0000, n=7 [0.9045, 0.9046]/3.0000, n=8 [0.8909, 0.8910]/3.3281, n=9 [0.8772, 0.8775]/3.0000   gate |q_S,w1(n) - group_reads| <= 5% x group_reads at every n, scored on both edges of SHARED's weight-only bracket, its lowest call (NATIVE pooled) less e to its highest, e PRIVATE's excess over n; UNKNOWN where the edges disagree
              a FAIL here invalidates: the pid-order reuse model: w1 has 2F/BN N-tiles per M-row, far more than the CTAs in flight, so nothing is shared across groups
              w1 column passes not held by this card's 60 MiB L2: SHARED at n=none, PRIVATE at n=none (r3_exposure; a floor on the reuse distance, so a cell not named is not thereby safe)
RESULT: CLAIM g3.C2 PASS SHARED's w2 weight reads never exceed the group model's count: n=1 [0.9999, 1.0006]/1.0000, n=2 [0.9997, 1.0003]/1.3281, n=3 [0.9996, 1.0003]/1.0000, n=4 [0.999
GATE g3.C2 CLAIM    PASS   SHARED's w2 weight reads never exceed the group model's count
              measured n=1 [0.9999, 1.0006]/1.0000, n=2 [0.9997, 1.0003]/1.3281, n=3 [0.9996, 1.0003]/1.0000, n=4 [0.9995, 1.0005]/2.0000, n=5 [0.9994, 1.0006]/2.3281, n=6 [0.9995, 1.0006]/2.0000, n=7 [0.9991, 1.0007]/3.0000, n=8 [0.9990, 1.0007]/3.3281, n=9 [0.9989, 1.0007]/3.0000   gate q_S,w2(n) <= 1.05 x group_reads at every n, scored on both edges of SHARED's weight-only bracket, its lowest call (NATIVE pooled) less e to its highest, e PRIVATE's excess over n; UNKNOWN where the edges disagree
              w2 column passes not held by this card's 60 MiB L2: SHARED at n=none, PRIVATE at n=none (r3_exposure; a floor on the reuse distance, so a cell not named is not thereby safe)
RESULT: CLAIM g3.C6 PASS PRIVATE reads no more than one weight set per tile: n=1 -0.0086, n=2 -0.0087, n=3 -0.0087, n=4 -0.0083, n=5 -0.0080, n=6 -0.0077, n=7 -0.0069, n=8 -0.0063, n=9
GATE g3.C6 CLAIM    PASS   PRIVATE reads no more than one weight set per tile
              measured n=1 -0.0086, n=2 -0.0087, n=3 -0.0087, n=4 -0.0083, n=5 -0.0080, n=6 -0.0077, n=7 -0.0069, n=8 -0.0063, n=9 -0.0054  (q_P/n - 1; w1 -0.0131, -0.0132, -0.0131, -0.0126, -0.0121, -0.0116, -0.0104, -0.0096, -0.0082; w2 +0.0005, +0.0003, +0.0002, +0.0002, +0.0002, +0.0002, +0.0002, +0.0002, +0.0002)   gate q_P,total(n) <= 1.03 n at every n, on PRIVATE's lowest and highest call; UNKNOWN where they straddle it
              w1 column passes not held by this card's 60 MiB L2: SHARED at n=none, PRIVATE at n=none (r3_exposure; a floor on the reuse distance, so a cell not named is not thereby safe)
              w2 column passes not held by this card's 60 MiB L2: SHARED at n=none, PRIVATE at n=none (r3_exposure; a floor on the reuse distance, so a cell not named is not thereby safe)

PAGE /home/ubuntu/moe/results/2026-09-29-nvidia_gh200_480gb-r3-counters/lock1710/r3c-g4.json  G=4
RESULT: VALIDITY g4.V0 PASS the page names the live card it was measured on: CARD NVIDIA GH200 480GB (nvidia_gh200_480gb, board d663f7, sm_90, 132 SMs, 60 MiB L2): every number here is THI
GATE g4.V0 VALIDITY PASS   the page names the live card it was measured on
              measured CARD NVIDIA GH200 480GB (nvidia_gh200_480gb, board d663f7, sm_90, 132 SMs, 60 MiB L2): every number here is THIS card's; one of the study's four cards: the primary card.   gate a card block with ['name', 'uuid', 'sm_count', 'l2_bytes', 'capability', 'driver']
RESULT: VALIDITY g4.V1 PASS every launch is attributed: exact count, every grid equal to the child's, and a census that measured GEMMS_PER_CALL: 162 launches over 27 cells, every grid matc
GATE g4.V1 VALIDITY PASS   every launch is attributed: exact count, every grid equal to the child's, and a census that measured GEMMS_PER_CALL
              measured 162 launches over 27 cells, every grid matched   gate exact count; grids equal; census GEMMS_PER_CALL = 2
RESULT: VALIDITY g4.V2 PASS every STRICT metric is a number on every launch: 5 fields x 54 GEMM cells
GATE g4.V2 VALIDITY PASS   every STRICT metric is a number on every launch
              measured 5 fields x 54 GEMM cells   gate no missing value, never a 0.0 default
RESULT: VALIDITY g4.V3 PASS at n=1 each cell's K calls read the same bytes: worst gated (max - min) / median 0.0104%
GATE g4.V3 VALIDITY PASS   at n=1 each cell's K calls read the same bytes
              measured worst gated (max - min) / median 0.0104%   gate <= 1% per call and per GEMM in every n=1 cell, and in every cell whose page carries no per-GEMM call list
              deeper treads, not gated, spread up to 0.0210% (shared/5): re-reads L2 catches or misses with the order tiles run in, carried into SHARED's bracket as its farthest calls
RESULT: VALIDITY g4.V4 PASS at n=1 the arms are one call and each reads one weight set: |R_S(1)/R_P(1) - 1| = 0.0021% against 0.5000%; q(1) native 0.9914, shared 0.9914, private 0.9914
GATE g4.V4 VALIDITY PASS   at n=1 the arms are one call and each reads one weight set
              measured |R_S(1)/R_P(1) - 1| = 0.0021% against 0.5000%; q(1) native 0.9914, shared 0.9914, private 0.9914   gate <= max(0.5%, 3 x the repeat spread); q(1) in [0.97, 1.03]
              at n=1 SHARED and PRIVATE route every tile to copy 0: they are the same call, so their bytes must agree
RESULT: VALIDITY g4.V5 PASS the PRIVATE arm re-reads the whole weight set per tile: every q_P(n)/n in [0.97, 1.5]; slope 0.9940
GATE g4.V5 VALIDITY PASS   the PRIVATE arm re-reads the whole weight set per tile
              measured every q_P(n)/n in [0.97, 1.5]; slope 0.9940   gate 0.97 n <= q_P(n) <= 1.5 n per GEMM; slope of q_P,total in [0.97, 1.5]
              PRIVATE's excess over n is activation re-read, and a full thrash adds at most 0.4844 of W_w1, 0.4844 of W_w2 per tread ((BM/BN)(1 - 1/num_pid_n)), inside the ceiling: V5 cannot tell a thrash from a sound page, and C6 reads it
RESULT: VALIDITY g4.V6 PASS the arms request the same L2 read sectors: 20 comparisons held; nearest its tolerance 0.2795% of 0.5% at n=1 w1 (SHARED against PRIVATE)
GATE g4.V6 VALIDITY PASS   the arms request the same L2 read sectors
              measured 20 comparisons held; nearest its tolerance 0.2795% of 0.5% at n=1 w1 (SHARED against PRIVATE)   gate max/min - 1 <= 0.5% over the three arms at every (n, GEMM) on a card that counts every load; on one that coalesces L2 reads (compute capability 9.0 and up) SHARED against PRIVATE at n=1 within 0.5%, and NATIVE against SHARED where their live pids agree within 1.3% at every tread
              compute capability 9.0, at or above Hopper's 9.0: an L2 Request Coalescer can merge reads of one sector before the L2 counts them, most likely what put this count below the loads on the GH200 and the H100 (no counter on this page sits before it), so V6 holds two pairs: SHARED against PRIVATE at n=1, one call (both route every tile to copy 0), within 0.5%, and NATIVE against SHARED where NATIVE's grid gives every live tile SHARED's pid, the same tiles under another declaration, within 1.3% at every tread
              not held: PRIVATE at n >= 2 (its tiles read their own copies); their loads there rest on V5, V7 and V9 until a page carries a load count taken before the coalescer (docs/COUNTERS.md 6.8)
              not gated: over the three arms at every tread the widest gap is 10.4718% at n=4 w1
RESULT: VALIDITY g4.V7 PASS NATIVE and SHARED read the same DRAM bytes: every (n, GEMM) within tolerance
GATE g4.V7 VALIDITY PASS   NATIVE and SHARED read the same DRAM bytes
              measured every (n, GEMM) within tolerance   gate |R_N/R_S - 1| <= max(1%, 3 x that GEMM's own repeat spread in either cell), and the two arms' calls no more than 1% apart where the page lists them
RESULT: VALIDITY g4.V8 PASS the DRAM counter and the L2 counters agree: every GEMM cell's DRAM bytes within tolerance of 32 x fill sectors
GATE g4.V8 VALIDITY PASS   the DRAM counter and the L2 counters agree
              measured every GEMM cell's DRAM bytes within tolerance of 32 x fill sectors   gate |dram_bytes_read / (32 x lts__d_sectors_fill_device) - 1| <= 2%
RESULT: VALIDITY g4.V9 PASS the private arm allocated and READ distinct weight copies: 5 of 5 parts
GATE g4.V9 VALIDITY PASS   the private arm allocated and READ distinct weight copies
              measured 5 of 5 parts   gate all 5 parts of the proof
              PASS     addresses: the n copies occupy disjoint contiguous address ranges spanning exactly n x the weight set, in both w1 and w2
                       9 copies x 64 experts span 7247757312 bytes against 7247757312 predicted; slot = expert x 9 + copy at every slot: True; native view is every 9th slot of the same storage: True
              PASS     sentinels: a distinct value written into each copy reads back from that copy and from no other, and the original bytes are restored before anything else reads them
                       wrote 9 distinct values, read back 9 distinct, and restored the original bytes: True
              PASS     kernel_read: zeroing ONE copy c at a time, for every c >= 1, changes EXACTLY the private output rows of the tokens routed to copy c and no others, so every tile reads its own copy and no tile reads another's
                       every copy c >= 1, zeroed alone, changed exactly the tokens routed to it | c=1: 256 rows changed, 256 routed, exact=True, shared unchanged=True, restored=True; c=2: 256 rows changed, 256 routed, exact=True, shared unchanged=True, restored=True; c=3: 256 rows changed, 256 routed, exact=True, shared unchanged=True, restored=True; c=4: 256 rows changed, 256 routed, exact=True, shared unchanged=True, restored=True; c=5: 256 rows changed, 256 routed, exact=True, shared unchanged=True, restored=True; c=6: 256 rows changed, 256 routed, exact=True, shared unchanged=True, restored=True; c=7: 256 rows changed, 256 routed, exact=True, shared unchanged=True, restored=True; c=8: 256 rows changed, 256 routed, exact=True, shared unchanged=True, restored=True
              PASS     shared_blind: each of those zeroings leaves the shared arm's output bitwise unchanged, and restoring the copy restores the private output bitwise, so the changes above are the private mapping and not a corruption
                       the shared output was bitwise unchanged by every zeroing, every restore put the private output back bitwise, and zeroing a never-read copy moved neither output
              PASS     same_layer: with nothing zeroed, the private arm's output is bitwise equal to the shared arm's, so the relabelling computes the same layer
                       private output is bitwise equal to shared; native output is bitwise equal to shared (recorded, not scored: native runs a different launch grid)
RESULT: VALIDITY g4.V10 FAIL every cell and GEMM ran at the nvidia-smi lock of 1710 MHz, by its own counters' clock: off the lock: w1 fitted 1684 MHz; private/3 w1 1663 MHz; w2 fitted 1665
GATE g4.V10 VALIDITY FAIL   every cell and GEMM ran at the nvidia-smi lock of 1710 MHz, by its own counters' clock
              measured off the lock: w1 fitted 1684 MHz; private/3 w1 1663 MHz; w2 fitted 1665 MHz; native/3 w2 1660 MHz; and 14 more (fit: w1 1684.5 MHz + 9.4 us over 27 cells; w2 1665.0 MHz + 3.5 us over 27 cells)   gate each GEMM's duration = t0 + sm__cycles_elapsed.avg / f over its cells, |f - 1710| <= 15 MHz (one step), 0 <= t0 <= 50 us, and no cell over 3 steps off the lock's line
              a FAIL here invalidates: every byte on the page as a reading at 1710 MHz, the clock the timed pages it is compared with ran at; its bytes stand only as readings at the clocks its cells name
RESULT: CLAIM g4.C1 FAIL SHARED's w1 weight reads are what the group model counts: n=1 [0.9867, 0.9867]/1.0000, n=2 [0.9729, 0.9729]/1.0000, n=3 [0.9622, 0.9625]/1.5000, n=4 [0.9454, 0.
GATE g4.C1 CLAIM    FAIL   SHARED's w1 weight reads are what the group model counts
              measured n=1 [0.9867, 0.9867]/1.0000, n=2 [0.9729, 0.9729]/1.0000, n=3 [0.9622, 0.9625]/1.5000, n=4 [0.9454, 0.9455]/1.0000, n=5 [0.9318, 0.9319]/2.0000, n=6 [0.9181, 0.9182]/2.0000, n=7 [0.9046, 0.9047]/2.5000, n=8 [0.8908, 0.8909]/2.0000, n=9 [0.8772, 0.8773]/3.0000   gate |q_S,w1(n) - group_reads| <= 5% x group_reads at every n, scored on both edges of SHARED's weight-only bracket, its lowest call (NATIVE pooled) less e to its highest, e PRIVATE's excess over n; UNKNOWN where the edges disagree
              a FAIL here invalidates: the pid-order reuse model: w1 has 2F/BN N-tiles per M-row, far more than the CTAs in flight, so nothing is shared across groups
              w1 column passes not held by this card's 60 MiB L2: SHARED at n=none, PRIVATE at n=none (r3_exposure; a floor on the reuse distance, so a cell not named is not thereby safe)
RESULT: CLAIM g4.C2 PASS SHARED's w2 weight reads never exceed the group model's count: n=1 [0.9999, 1.0008]/1.0000, n=2 [0.9993, 1.0003]/1.0000, n=3 [0.9994, 1.0004]/1.5000, n=4 [0.999
GATE g4.C2 CLAIM    PASS   SHARED's w2 weight reads never exceed the group model's count
              measured n=1 [0.9999, 1.0008]/1.0000, n=2 [0.9993, 1.0003]/1.0000, n=3 [0.9994, 1.0004]/1.5000, n=4 [0.9992, 1.0006]/1.0000, n=5 [0.9993, 1.0006]/2.0000, n=6 [0.9990, 1.0005]/2.0000, n=7 [0.9991, 1.0007]/2.5000, n=8 [0.9989, 1.0007]/2.0000, n=9 [0.9988, 1.0008]/3.0000   gate q_S,w2(n) <= 1.05 x group_reads at every n, scored on both edges of SHARED's weight-only bracket, its lowest call (NATIVE pooled) less e to its highest, e PRIVATE's excess over n; UNKNOWN where the edges disagree
              w2 column passes not held by this card's 60 MiB L2: SHARED at n=none, PRIVATE at n=none (r3_exposure; a floor on the reuse distance, so a cell not named is not thereby safe)
RESULT: CLAIM g4.C6 PASS PRIVATE reads no more than one weight set per tile: n=1 -0.0086, n=2 -0.0087, n=3 -0.0086, n=4 -0.0086, n=5 -0.0083, n=6 -0.0079, n=7 -0.0074, n=8 -0.0070, n=9
GATE g4.C6 CLAIM    PASS   PRIVATE reads no more than one weight set per tile
              measured n=1 -0.0086, n=2 -0.0087, n=3 -0.0086, n=4 -0.0086, n=5 -0.0083, n=6 -0.0079, n=7 -0.0074, n=8 -0.0070, n=9 -0.0060  (q_P/n - 1; w1 -0.0133, -0.0132, -0.0131, -0.0131, -0.0125, -0.0119, -0.0112, -0.0106, -0.0091; w2 +0.0007, +0.0005, +0.0003, +0.0003, +0.0002, +0.0002, +0.0002, +0.0002, +0.0002)   gate q_P,total(n) <= 1.03 n at every n, on PRIVATE's lowest and highest call; UNKNOWN where they straddle it
              w1 column passes not held by this card's 60 MiB L2: SHARED at n=none, PRIVATE at n=none (r3_exposure; a floor on the reuse distance, so a cell not named is not thereby safe)
              w2 column passes not held by this card's 60 MiB L2: SHARED at n=none, PRIVATE at n=none (r3_exposure; a floor on the reuse distance, so a cell not named is not thereby safe)

PAGE /home/ubuntu/moe/results/2026-09-29-nvidia_gh200_480gb-r3-counters/lock1710/r3c-g8.json  G=8
RESULT: VALIDITY g8.V0 PASS the page names the live card it was measured on: CARD NVIDIA GH200 480GB (nvidia_gh200_480gb, board d663f7, sm_90, 132 SMs, 60 MiB L2): every number here is THI
GATE g8.V0 VALIDITY PASS   the page names the live card it was measured on
              measured CARD NVIDIA GH200 480GB (nvidia_gh200_480gb, board d663f7, sm_90, 132 SMs, 60 MiB L2): every number here is THIS card's; one of the study's four cards: the primary card.   gate a card block with ['name', 'uuid', 'sm_count', 'l2_bytes', 'capability', 'driver']
RESULT: VALIDITY g8.V1 PASS every launch is attributed: exact count, every grid equal to the child's, and a census that measured GEMMS_PER_CALL: 162 launches over 27 cells, every grid matc
GATE g8.V1 VALIDITY PASS   every launch is attributed: exact count, every grid equal to the child's, and a census that measured GEMMS_PER_CALL
              measured 162 launches over 27 cells, every grid matched   gate exact count; grids equal; census GEMMS_PER_CALL = 2
RESULT: VALIDITY g8.V2 PASS every STRICT metric is a number on every launch: 5 fields x 54 GEMM cells
GATE g8.V2 VALIDITY PASS   every STRICT metric is a number on every launch
              measured 5 fields x 54 GEMM cells   gate no missing value, never a 0.0 default
RESULT: VALIDITY g8.V3 PASS at n=1 each cell's K calls read the same bytes: worst gated (max - min) / median 0.0363%
GATE g8.V3 VALIDITY PASS   at n=1 each cell's K calls read the same bytes
              measured worst gated (max - min) / median 0.0363%   gate <= 1% per call and per GEMM in every n=1 cell, and in every cell whose page carries no per-GEMM call list
              deeper treads, not gated, spread up to 0.3787% (native/3): re-reads L2 catches or misses with the order tiles run in, carried into SHARED's bracket as its farthest calls
RESULT: VALIDITY g8.V4 PASS at n=1 the arms are one call and each reads one weight set: |R_S(1)/R_P(1) - 1| = 0.0007% against 0.5000%; q(1) native 0.9917, shared 0.9917, private 0.9917
GATE g8.V4 VALIDITY PASS   at n=1 the arms are one call and each reads one weight set
              measured |R_S(1)/R_P(1) - 1| = 0.0007% against 0.5000%; q(1) native 0.9917, shared 0.9917, private 0.9917   gate <= max(0.5%, 3 x the repeat spread); q(1) in [0.97, 1.03]
              at n=1 SHARED and PRIVATE route every tile to copy 0: they are the same call, so their bytes must agree
RESULT: VALIDITY g8.V5 PASS the PRIVATE arm re-reads the whole weight set per tile: every q_P(n)/n in [0.97, 1.5]; slope 0.9924
GATE g8.V5 VALIDITY PASS   the PRIVATE arm re-reads the whole weight set per tile
              measured every q_P(n)/n in [0.97, 1.5]; slope 0.9924   gate 0.97 n <= q_P(n) <= 1.5 n per GEMM; slope of q_P,total in [0.97, 1.5]
              PRIVATE's excess over n is activation re-read, and a full thrash adds at most 0.4844 of W_w1, 0.4844 of W_w2 per tread ((BM/BN)(1 - 1/num_pid_n)), inside the ceiling: V5 cannot tell a thrash from a sound page, and C6 reads it
RESULT: VALIDITY g8.V6 PASS the arms request the same L2 read sectors: 20 comparisons held; nearest its tolerance 0.5364% of 1.3% at n=7 w1 (NATIVE against SHARED)
GATE g8.V6 VALIDITY PASS   the arms request the same L2 read sectors
              measured 20 comparisons held; nearest its tolerance 0.5364% of 1.3% at n=7 w1 (NATIVE against SHARED)   gate max/min - 1 <= 0.5% over the three arms at every (n, GEMM) on a card that counts every load; on one that coalesces L2 reads (compute capability 9.0 and up) SHARED against PRIVATE at n=1 within 0.5%, and NATIVE against SHARED where their live pids agree within 1.3% at every tread
              compute capability 9.0, at or above Hopper's 9.0: an L2 Request Coalescer can merge reads of one sector before the L2 counts them, most likely what put this count below the loads on the GH200 and the H100 (no counter on this page sits before it), so V6 holds two pairs: SHARED against PRIVATE at n=1, one call (both route every tile to copy 0), within 0.5%, and NATIVE against SHARED where NATIVE's grid gives every live tile SHARED's pid, the same tiles under another declaration, within 1.3% at every tread
              not held: PRIVATE at n >= 2 (its tiles read their own copies); their loads there rest on V5, V7 and V9 until a page carries a load count taken before the coalescer (docs/COUNTERS.md 6.8)
              not gated: over the three arms at every tread the widest gap is 11.1427% at n=8 w1
RESULT: VALIDITY g8.V7 PASS NATIVE and SHARED read the same DRAM bytes: every (n, GEMM) within tolerance
GATE g8.V7 VALIDITY PASS   NATIVE and SHARED read the same DRAM bytes
              measured every (n, GEMM) within tolerance   gate |R_N/R_S - 1| <= max(1%, 3 x that GEMM's own repeat spread in either cell), and the two arms' calls no more than 1% apart where the page lists them
RESULT: VALIDITY g8.V8 PASS the DRAM counter and the L2 counters agree: every GEMM cell's DRAM bytes within tolerance of 32 x fill sectors
GATE g8.V8 VALIDITY PASS   the DRAM counter and the L2 counters agree
              measured every GEMM cell's DRAM bytes within tolerance of 32 x fill sectors   gate |dram_bytes_read / (32 x lts__d_sectors_fill_device) - 1| <= 2%
RESULT: VALIDITY g8.V9 PASS the private arm allocated and READ distinct weight copies: 5 of 5 parts
GATE g8.V9 VALIDITY PASS   the private arm allocated and READ distinct weight copies
              measured 5 of 5 parts   gate all 5 parts of the proof
              PASS     addresses: the n copies occupy disjoint contiguous address ranges spanning exactly n x the weight set, in both w1 and w2
                       9 copies x 64 experts span 7247757312 bytes against 7247757312 predicted; slot = expert x 9 + copy at every slot: True; native view is every 9th slot of the same storage: True
              PASS     sentinels: a distinct value written into each copy reads back from that copy and from no other, and the original bytes are restored before anything else reads them
                       wrote 9 distinct values, read back 9 distinct, and restored the original bytes: True
              PASS     kernel_read: zeroing ONE copy c at a time, for every c >= 1, changes EXACTLY the private output rows of the tokens routed to copy c and no others, so every tile reads its own copy and no tile reads another's
                       every copy c >= 1, zeroed alone, changed exactly the tokens routed to it | c=1: 256 rows changed, 256 routed, exact=True, shared unchanged=True, restored=True; c=2: 256 rows changed, 256 routed, exact=True, shared unchanged=True, restored=True; c=3: 256 rows changed, 256 routed, exact=True, shared unchanged=True, restored=True; c=4: 256 rows changed, 256 routed, exact=True, shared unchanged=True, restored=True; c=5: 256 rows changed, 256 routed, exact=True, shared unchanged=True, restored=True; c=6: 256 rows changed, 256 routed, exact=True, shared unchanged=True, restored=True; c=7: 256 rows changed, 256 routed, exact=True, shared unchanged=True, restored=True; c=8: 256 rows changed, 256 routed, exact=True, shared unchanged=True, restored=True
              PASS     shared_blind: each of those zeroings leaves the shared arm's output bitwise unchanged, and restoring the copy restores the private output bitwise, so the changes above are the private mapping and not a corruption
                       the shared output was bitwise unchanged by every zeroing, every restore put the private output back bitwise, and zeroing a never-read copy moved neither output
              PASS     same_layer: with nothing zeroed, the private arm's output is bitwise equal to the shared arm's, so the relabelling computes the same layer
                       private output is bitwise equal to shared; native output is bitwise equal to shared (recorded, not scored: native runs a different launch grid)
RESULT: VALIDITY g8.V10 FAIL every cell and GEMM ran at the nvidia-smi lock of 1710 MHz, by its own counters' clock: off the lock: w1 fitted 1687 MHz; w2 fitted 1666 MHz; native/3 w2 1653 M
GATE g8.V10 VALIDITY FAIL   every cell and GEMM ran at the nvidia-smi lock of 1710 MHz, by its own counters' clock
              measured off the lock: w1 fitted 1687 MHz; w2 fitted 1666 MHz; native/3 w2 1653 MHz; native/4 w2 1662 MHz; and 13 more (fit: w1 1687.3 MHz + 10.0 us over 27 cells; w2 1665.8 MHz + 3.7 us over 27 cells)   gate each GEMM's duration = t0 + sm__cycles_elapsed.avg / f over its cells, |f - 1710| <= 15 MHz (one step), 0 <= t0 <= 50 us, and no cell over 3 steps off the lock's line
              a FAIL here invalidates: every byte on the page as a reading at 1710 MHz, the clock the timed pages it is compared with ran at; its bytes stand only as readings at the clocks its cells name
RESULT: CLAIM g8.C1 FAIL SHARED's w1 weight reads are what the group model counts: n=1 [0.9867, 0.9867]/1.0000, n=2 [0.9729, 0.9729]/1.0000, n=3 [0.9919, 0.9958]/1.2500, n=4 [0.9454, 0.
GATE g8.C1 CLAIM    FAIL   SHARED's w1 weight reads are what the group model counts
              measured n=1 [0.9867, 0.9867]/1.0000, n=2 [0.9729, 0.9729]/1.0000, n=3 [0.9919, 0.9958]/1.2500, n=4 [0.9454, 0.9455]/1.0000, n=5 [0.9356, 0.9370]/1.5000, n=6 [0.9193, 0.9195]/1.5000, n=7 [0.9058, 0.9063]/1.7500, n=8 [0.8908, 0.8909]/1.0000, n=9 [0.8785, 0.8797]/2.0000   gate |q_S,w1(n) - group_reads| <= 5% x group_reads at every n, scored on both edges of SHARED's weight-only bracket, its lowest call (NATIVE pooled) less e to its highest, e PRIVATE's excess over n; UNKNOWN where the edges disagree
              a FAIL here invalidates: the pid-order reuse model: w1 has 2F/BN N-tiles per M-row, far more than the CTAs in flight, so nothing is shared across groups
              w1 column passes not held by this card's 60 MiB L2: SHARED at n=none, PRIVATE at n=none (r3_exposure; a floor on the reuse distance, so a cell not named is not thereby safe)
RESULT: CLAIM g8.C2 PASS SHARED's w2 weight reads never exceed the group model's count: n=1 [0.9996, 1.0018]/1.0000, n=2 [0.9987, 1.0003]/1.0000, n=3 [0.9988, 1.0006]/1.2500, n=4 [0.998
GATE g8.C2 CLAIM    PASS   SHARED's w2 weight reads never exceed the group model's count
              measured n=1 [0.9996, 1.0018]/1.0000, n=2 [0.9987, 1.0003]/1.0000, n=3 [0.9988, 1.0006]/1.2500, n=4 [0.9985, 1.0004]/1.0000, n=5 [0.9986, 1.0008]/1.5000, n=6 [0.9984, 1.0006]/1.5000, n=7 [0.9982, 1.0007]/1.7500, n=8 [0.9985, 1.0007]/1.0000, n=9 [0.9981, 1.0008]/2.0000   gate q_S,w2(n) <= 1.05 x group_reads at every n, scored on both edges of SHARED's weight-only bracket, its lowest call (NATIVE pooled) less e to its highest, e PRIVATE's excess over n; UNKNOWN where the edges disagree
              w2 column passes not held by this card's 60 MiB L2: SHARED at n=none, PRIVATE at n=none (r3_exposure; a floor on the reuse distance, so a cell not named is not thereby safe)
RESULT: CLAIM g8.C6 PASS PRIVATE reads no more than one weight set per tile: n=1 -0.0083, n=2 -0.0085, n=3 -0.0086, n=4 -0.0085, n=5 -0.0084, n=6 -0.0083, n=7 -0.0082, n=8 -0.0082, n=9
GATE g8.C6 CLAIM    PASS   PRIVATE reads no more than one weight set per tile
              measured n=1 -0.0083, n=2 -0.0085, n=3 -0.0086, n=4 -0.0085, n=5 -0.0084, n=6 -0.0083, n=7 -0.0082, n=8 -0.0082, n=9 -0.0074  (q_P/n - 1; w1 -0.0133, -0.0132, -0.0131, -0.0130, -0.0128, -0.0127, -0.0124, -0.0124, -0.0113; w2 +0.0017, +0.0008, +0.0005, +0.0005, +0.0004, +0.0003, +0.0003, +0.0003, +0.0003)   gate q_P,total(n) <= 1.03 n at every n, on PRIVATE's lowest and highest call; UNKNOWN where they straddle it
              w1 column passes not held by this card's 60 MiB L2: SHARED at n=none, PRIVATE at n=none (r3_exposure; a floor on the reuse distance, so a cell not named is not thereby safe)
              w2 column passes not held by this card's 60 MiB L2: SHARED at n=none, PRIVATE at n=none (r3_exposure; a floor on the reuse distance, so a cell not named is not thereby safe)

PAGE /home/ubuntu/moe/results/2026-09-29-nvidia_gh200_480gb-r3-counters/lock1710/r3c-g16.json  G=16
RESULT: VALIDITY g16.V0 PASS the page names the live card it was measured on: CARD NVIDIA GH200 480GB (nvidia_gh200_480gb, board d663f7, sm_90, 132 SMs, 60 MiB L2): every number here is THI
GATE g16.V0 VALIDITY PASS   the page names the live card it was measured on
              measured CARD NVIDIA GH200 480GB (nvidia_gh200_480gb, board d663f7, sm_90, 132 SMs, 60 MiB L2): every number here is THIS card's; one of the study's four cards: the primary card.   gate a card block with ['name', 'uuid', 'sm_count', 'l2_bytes', 'capability', 'driver']
RESULT: VALIDITY g16.V1 PASS every launch is attributed: exact count, every grid equal to the child's, and a census that measured GEMMS_PER_CALL: 162 launches over 27 cells, every grid matc
GATE g16.V1 VALIDITY PASS   every launch is attributed: exact count, every grid equal to the child's, and a census that measured GEMMS_PER_CALL
              measured 162 launches over 27 cells, every grid matched   gate exact count; grids equal; census GEMMS_PER_CALL = 2
RESULT: VALIDITY g16.V2 PASS every STRICT metric is a number on every launch: 5 fields x 54 GEMM cells
GATE g16.V2 VALIDITY PASS   every STRICT metric is a number on every launch
              measured 5 fields x 54 GEMM cells   gate no missing value, never a 0.0 default
RESULT: VALIDITY g16.V3 PASS at n=1 each cell's K calls read the same bytes: worst gated (max - min) / median 0.0695%
GATE g16.V3 VALIDITY PASS   at n=1 each cell's K calls read the same bytes
              measured worst gated (max - min) / median 0.0695%   gate <= 1% per call and per GEMM in every n=1 cell, and in every cell whose page carries no per-GEMM call list
              deeper treads, not gated, spread up to 0.6866% (native/6): re-reads L2 catches or misses with the order tiles run in, carried into SHARED's bracket as its farthest calls
RESULT: VALIDITY g16.V4 PASS at n=1 the arms are one call and each reads one weight set: |R_S(1)/R_P(1) - 1| = 0.0004% against 0.5000%; q(1) native 0.9925, shared 0.9925, private 0.9925
GATE g16.V4 VALIDITY PASS   at n=1 the arms are one call and each reads one weight set
              measured |R_S(1)/R_P(1) - 1| = 0.0004% against 0.5000%; q(1) native 0.9925, shared 0.9925, private 0.9925   gate <= max(0.5%, 3 x the repeat spread); q(1) in [0.97, 1.03]
              at n=1 SHARED and PRIVATE route every tile to copy 0: they are the same call, so their bytes must agree
RESULT: VALIDITY g16.V5 PASS the PRIVATE arm re-reads the whole weight set per tile: every q_P(n)/n in [0.97, 1.5]; slope 0.9923
GATE g16.V5 VALIDITY PASS   the PRIVATE arm re-reads the whole weight set per tile
              measured every q_P(n)/n in [0.97, 1.5]; slope 0.9923   gate 0.97 n <= q_P(n) <= 1.5 n per GEMM; slope of q_P,total in [0.97, 1.5]
              PRIVATE's excess over n is activation re-read, and a full thrash adds at most 0.4844 of W_w1, 0.4844 of W_w2 per tread ((BM/BN)(1 - 1/num_pid_n)), inside the ceiling: V5 cannot tell a thrash from a sound page, and C6 reads it
RESULT: VALIDITY g16.V6 PASS the arms request the same L2 read sectors: 20 comparisons held; nearest its tolerance 0.4798% of 1.3% at n=5 w2 (NATIVE against SHARED)
GATE g16.V6 VALIDITY PASS   the arms request the same L2 read sectors
              measured 20 comparisons held; nearest its tolerance 0.4798% of 1.3% at n=5 w2 (NATIVE against SHARED)   gate max/min - 1 <= 0.5% over the three arms at every (n, GEMM) on a card that counts every load; on one that coalesces L2 reads (compute capability 9.0 and up) SHARED against PRIVATE at n=1 within 0.5%, and NATIVE against SHARED where their live pids agree within 1.3% at every tread
              compute capability 9.0, at or above Hopper's 9.0: an L2 Request Coalescer can merge reads of one sector before the L2 counts them, most likely what put this count below the loads on the GH200 and the H100 (no counter on this page sits before it), so V6 holds two pairs: SHARED against PRIVATE at n=1, one call (both route every tile to copy 0), within 0.5%, and NATIVE against SHARED where NATIVE's grid gives every live tile SHARED's pid, the same tiles under another declaration, within 1.3% at every tread
              not held: PRIVATE at n >= 2 (its tiles read their own copies); their loads there rest on V5, V7 and V9 until a page carries a load count taken before the coalescer (docs/COUNTERS.md 6.8)
              not gated: over the three arms at every tread the widest gap is 11.2975% at n=8 w1
RESULT: VALIDITY g16.V7 PASS NATIVE and SHARED read the same DRAM bytes: every (n, GEMM) within tolerance
GATE g16.V7 VALIDITY PASS   NATIVE and SHARED read the same DRAM bytes
              measured every (n, GEMM) within tolerance   gate |R_N/R_S - 1| <= max(1%, 3 x that GEMM's own repeat spread in either cell), and the two arms' calls no more than 1% apart where the page lists them
RESULT: VALIDITY g16.V8 PASS the DRAM counter and the L2 counters agree: every GEMM cell's DRAM bytes within tolerance of 32 x fill sectors
GATE g16.V8 VALIDITY PASS   the DRAM counter and the L2 counters agree
              measured every GEMM cell's DRAM bytes within tolerance of 32 x fill sectors   gate |dram_bytes_read / (32 x lts__d_sectors_fill_device) - 1| <= 2%
RESULT: VALIDITY g16.V9 PASS the private arm allocated and READ distinct weight copies: 5 of 5 parts
GATE g16.V9 VALIDITY PASS   the private arm allocated and READ distinct weight copies
              measured 5 of 5 parts   gate all 5 parts of the proof
              PASS     addresses: the n copies occupy disjoint contiguous address ranges spanning exactly n x the weight set, in both w1 and w2
                       9 copies x 64 experts span 7247757312 bytes against 7247757312 predicted; slot = expert x 9 + copy at every slot: True; native view is every 9th slot of the same storage: True
              PASS     sentinels: a distinct value written into each copy reads back from that copy and from no other, and the original bytes are restored before anything else reads them
                       wrote 9 distinct values, read back 9 distinct, and restored the original bytes: True
              PASS     kernel_read: zeroing ONE copy c at a time, for every c >= 1, changes EXACTLY the private output rows of the tokens routed to copy c and no others, so every tile reads its own copy and no tile reads another's
                       every copy c >= 1, zeroed alone, changed exactly the tokens routed to it | c=1: 256 rows changed, 256 routed, exact=True, shared unchanged=True, restored=True; c=2: 256 rows changed, 256 routed, exact=True, shared unchanged=True, restored=True; c=3: 256 rows changed, 256 routed, exact=True, shared unchanged=True, restored=True; c=4: 256 rows changed, 256 routed, exact=True, shared unchanged=True, restored=True; c=5: 256 rows changed, 256 routed, exact=True, shared unchanged=True, restored=True; c=6: 256 rows changed, 256 routed, exact=True, shared unchanged=True, restored=True; c=7: 256 rows changed, 256 routed, exact=True, shared unchanged=True, restored=True; c=8: 256 rows changed, 256 routed, exact=True, shared unchanged=True, restored=True
              PASS     shared_blind: each of those zeroings leaves the shared arm's output bitwise unchanged, and restoring the copy restores the private output bitwise, so the changes above are the private mapping and not a corruption
                       the shared output was bitwise unchanged by every zeroing, every restore put the private output back bitwise, and zeroing a never-read copy moved neither output
              PASS     same_layer: with nothing zeroed, the private arm's output is bitwise equal to the shared arm's, so the relabelling computes the same layer
                       private output is bitwise equal to shared; native output is bitwise equal to shared (recorded, not scored: native runs a different launch grid)
RESULT: VALIDITY g16.V10 FAIL every cell and GEMM ran at the nvidia-smi lock of 1710 MHz, by its own counters' clock: off the lock: w1 fitted 1687 MHz; w2 fitted 1666 MHz; native/3 w2 1665 M
GATE g16.V10 VALIDITY FAIL   every cell and GEMM ran at the nvidia-smi lock of 1710 MHz, by its own counters' clock
              measured off the lock: w1 fitted 1687 MHz; w2 fitted 1666 MHz; native/3 w2 1665 MHz; native/4 w2 1658 MHz; and 13 more (fit: w1 1687.3 MHz + 10.2 us over 27 cells; w2 1665.9 MHz + 3.8 us over 27 cells)   gate each GEMM's duration = t0 + sm__cycles_elapsed.avg / f over its cells, |f - 1710| <= 15 MHz (one step), 0 <= t0 <= 50 us, and no cell over 3 steps off the lock's line
              a FAIL here invalidates: every byte on the page as a reading at 1710 MHz, the clock the timed pages it is compared with ran at; its bytes stand only as readings at the clocks its cells name
RESULT: CLAIM g16.C1 FAIL SHARED's w1 weight reads are what the group model counts: n=1 [0.9871, 0.9871]/1.0000, n=2 [0.9729, 0.9729]/1.0000, n=3 [1.0703, 1.0714]/1.1250, n=4 [0.9454, 0.
GATE g16.C1 CLAIM    FAIL   SHARED's w1 weight reads are what the group model counts
              measured n=1 [0.9871, 0.9871]/1.0000, n=2 [0.9729, 0.9729]/1.0000, n=3 [1.0703, 1.0714]/1.1250, n=4 [0.9454, 0.9455]/1.0000, n=5 [1.0363, 1.0463]/1.2500, n=6 [0.9698, 0.9771]/1.2500, n=7 [0.9559, 0.9613]/1.3750, n=8 [0.8908, 0.8910]/1.0000, n=9 [0.9042, 0.9071]/1.5000   gate |q_S,w1(n) - group_reads| <= 5% x group_reads at every n, scored on both edges of SHARED's weight-only bracket, its lowest call (NATIVE pooled) less e to its highest, e PRIVATE's excess over n; UNKNOWN where the edges disagree
              a FAIL here invalidates: the pid-order reuse model: w1 has 2F/BN N-tiles per M-row, far more than the CTAs in flight, so nothing is shared across groups
              w1 column passes not held by this card's 60 MiB L2: SHARED at n=none, PRIVATE at n=none (r3_exposure; a floor on the reuse distance, so a cell not named is not thereby safe)
RESULT: CLAIM g16.C2 PASS SHARED's w2 weight reads never exceed the group model's count: n=1 [0.9996, 1.0038]/1.0000, n=2 [0.9958, 1.0003]/1.0000, n=3 [1.0112, 1.0170]/1.1250, n=4 [0.996
GATE g16.C2 CLAIM    PASS   SHARED's w2 weight reads never exceed the group model's count
              measured n=1 [0.9996, 1.0038]/1.0000, n=2 [0.9958, 1.0003]/1.0000, n=3 [1.0112, 1.0170]/1.1250, n=4 [0.9962, 1.0004]/1.0000, n=5 [0.9985, 1.0028]/1.2500, n=6 [0.9970, 1.0015]/1.2500, n=7 [0.9966, 1.0012]/1.3750, n=8 [0.9962, 1.0009]/1.0000, n=9 [0.9965, 1.0010]/1.5000   gate q_S,w2(n) <= 1.05 x group_reads at every n, scored on both edges of SHARED's weight-only bracket, its lowest call (NATIVE pooled) less e to its highest, e PRIVATE's excess over n; UNKNOWN where the edges disagree
              w2 column passes not held by this card's 60 MiB L2: SHARED at n=none, PRIVATE at n=none (r3_exposure; a floor on the reuse distance, so a cell not named is not thereby safe)
RESULT: CLAIM g16.C6 PASS PRIVATE reads no more than one weight set per tile: n=1 -0.0075, n=2 -0.0081, n=3 -0.0080, n=4 -0.0084, n=5 -0.0080, n=6 -0.0083, n=7 -0.0079, n=8 -0.0081, n=9
GATE g16.C6 CLAIM    PASS   PRIVATE reads no more than one weight set per tile
              measured n=1 -0.0075, n=2 -0.0081, n=3 -0.0080, n=4 -0.0084, n=5 -0.0080, n=6 -0.0083, n=7 -0.0079, n=8 -0.0081, n=9 -0.0075  (q_P/n - 1; w1 -0.0129, -0.0132, -0.0126, -0.0131, -0.0123, -0.0128, -0.0121, -0.0123, -0.0115; w2 +0.0033, +0.0021, +0.0012, +0.0010, +0.0007, +0.0006, +0.0006, +0.0005, +0.0005)   gate q_P,total(n) <= 1.03 n at every n, on PRIVATE's lowest and highest call; UNKNOWN where they straddle it
              w1 column passes not held by this card's 60 MiB L2: SHARED at n=none, PRIVATE at n=none (r3_exposure; a floor on the reuse distance, so a cell not named is not thereby safe)
              w2 column passes not held by this card's 60 MiB L2: SHARED at n=none, PRIVATE at n=none (r3_exposure; a floor on the reuse distance, so a cell not named is not thereby safe)

PAGE /home/ubuntu/moe/results/2026-09-29-nvidia_gh200_480gb-r3-counters/lock1710/r3c-g32.json  G=32
RESULT: VALIDITY g32.V0 PASS the page names the live card it was measured on: CARD NVIDIA GH200 480GB (nvidia_gh200_480gb, board d663f7, sm_90, 132 SMs, 60 MiB L2): every number here is THI
GATE g32.V0 VALIDITY PASS   the page names the live card it was measured on
              measured CARD NVIDIA GH200 480GB (nvidia_gh200_480gb, board d663f7, sm_90, 132 SMs, 60 MiB L2): every number here is THIS card's; one of the study's four cards: the primary card.   gate a card block with ['name', 'uuid', 'sm_count', 'l2_bytes', 'capability', 'driver']
RESULT: VALIDITY g32.V1 PASS every launch is attributed: exact count, every grid equal to the child's, and a census that measured GEMMS_PER_CALL: 162 launches over 27 cells, every grid matc
GATE g32.V1 VALIDITY PASS   every launch is attributed: exact count, every grid equal to the child's, and a census that measured GEMMS_PER_CALL
              measured 162 launches over 27 cells, every grid matched   gate exact count; grids equal; census GEMMS_PER_CALL = 2
RESULT: VALIDITY g32.V2 PASS every STRICT metric is a number on every launch: 5 fields x 54 GEMM cells
GATE g32.V2 VALIDITY PASS   every STRICT metric is a number on every launch
              measured 5 fields x 54 GEMM cells   gate no missing value, never a 0.0 default
RESULT: VALIDITY g32.V3 PASS at n=1 each cell's K calls read the same bytes: worst gated (max - min) / median 0.0926%
GATE g32.V3 VALIDITY PASS   at n=1 each cell's K calls read the same bytes
              measured worst gated (max - min) / median 0.0926%   gate <= 1% per call and per GEMM in every n=1 cell, and in every cell whose page carries no per-GEMM call list
              deeper treads, not gated, spread up to 0.3614% (shared/6): re-reads L2 catches or misses with the order tiles run in, carried into SHARED's bracket as its farthest calls
RESULT: VALIDITY g32.V4 PASS at n=1 the arms are one call and each reads one weight set: |R_S(1)/R_P(1) - 1| = 0.0047% against 0.5000%; q(1) native 0.9949, shared 0.9948, private 0.9948
GATE g32.V4 VALIDITY PASS   at n=1 the arms are one call and each reads one weight set
              measured |R_S(1)/R_P(1) - 1| = 0.0047% against 0.5000%; q(1) native 0.9949, shared 0.9948, private 0.9948   gate <= max(0.5%, 3 x the repeat spread); q(1) in [0.97, 1.03]
              at n=1 SHARED and PRIVATE route every tile to copy 0: they are the same call, so their bytes must agree
RESULT: VALIDITY g32.V5 PASS the PRIVATE arm re-reads the whole weight set per tile: every q_P(n)/n in [0.97, 1.5]; slope 0.9940
GATE g32.V5 VALIDITY PASS   the PRIVATE arm re-reads the whole weight set per tile
              measured every q_P(n)/n in [0.97, 1.5]; slope 0.9940   gate 0.97 n <= q_P(n) <= 1.5 n per GEMM; slope of q_P,total in [0.97, 1.5]
              PRIVATE's excess over n is activation re-read, and a full thrash adds at most 0.4844 of W_w1, 0.4844 of W_w2 per tread ((BM/BN)(1 - 1/num_pid_n)), inside the ceiling: V5 cannot tell a thrash from a sound page, and C6 reads it
RESULT: VALIDITY g32.V6 PASS the arms request the same L2 read sectors: 20 comparisons held; nearest its tolerance 0.5742% of 1.3% at n=2 w2 (NATIVE against SHARED)
GATE g32.V6 VALIDITY PASS   the arms request the same L2 read sectors
              measured 20 comparisons held; nearest its tolerance 0.5742% of 1.3% at n=2 w2 (NATIVE against SHARED)   gate max/min - 1 <= 0.5% over the three arms at every (n, GEMM) on a card that counts every load; on one that coalesces L2 reads (compute capability 9.0 and up) SHARED against PRIVATE at n=1 within 0.5%, and NATIVE against SHARED where their live pids agree within 1.3% at every tread
              compute capability 9.0, at or above Hopper's 9.0: an L2 Request Coalescer can merge reads of one sector before the L2 counts them, most likely what put this count below the loads on the GH200 and the H100 (no counter on this page sits before it), so V6 holds two pairs: SHARED against PRIVATE at n=1, one call (both route every tile to copy 0), within 0.5%, and NATIVE against SHARED where NATIVE's grid gives every live tile SHARED's pid, the same tiles under another declaration, within 1.3% at every tread
              not held: PRIVATE at n >= 2 (its tiles read their own copies); their loads there rest on V5, V7 and V9 until a page carries a load count taken before the coalescer (docs/COUNTERS.md 6.8)
              not gated: over the three arms at every tread the widest gap is 11.6043% at n=8 w2
RESULT: VALIDITY g32.V7 PASS NATIVE and SHARED read the same DRAM bytes: every (n, GEMM) within tolerance
GATE g32.V7 VALIDITY PASS   NATIVE and SHARED read the same DRAM bytes
              measured every (n, GEMM) within tolerance   gate |R_N/R_S - 1| <= max(1%, 3 x that GEMM's own repeat spread in either cell), and the two arms' calls no more than 1% apart where the page lists them
RESULT: VALIDITY g32.V8 PASS the DRAM counter and the L2 counters agree: every GEMM cell's DRAM bytes within tolerance of 32 x fill sectors
GATE g32.V8 VALIDITY PASS   the DRAM counter and the L2 counters agree
              measured every GEMM cell's DRAM bytes within tolerance of 32 x fill sectors   gate |dram_bytes_read / (32 x lts__d_sectors_fill_device) - 1| <= 2%
RESULT: VALIDITY g32.V9 PASS the private arm allocated and READ distinct weight copies: 5 of 5 parts
GATE g32.V9 VALIDITY PASS   the private arm allocated and READ distinct weight copies
              measured 5 of 5 parts   gate all 5 parts of the proof
              PASS     addresses: the n copies occupy disjoint contiguous address ranges spanning exactly n x the weight set, in both w1 and w2
                       9 copies x 64 experts span 7247757312 bytes against 7247757312 predicted; slot = expert x 9 + copy at every slot: True; native view is every 9th slot of the same storage: True
              PASS     sentinels: a distinct value written into each copy reads back from that copy and from no other, and the original bytes are restored before anything else reads them
                       wrote 9 distinct values, read back 9 distinct, and restored the original bytes: True
              PASS     kernel_read: zeroing ONE copy c at a time, for every c >= 1, changes EXACTLY the private output rows of the tokens routed to copy c and no others, so every tile reads its own copy and no tile reads another's
                       every copy c >= 1, zeroed alone, changed exactly the tokens routed to it | c=1: 256 rows changed, 256 routed, exact=True, shared unchanged=True, restored=True; c=2: 256 rows changed, 256 routed, exact=True, shared unchanged=True, restored=True; c=3: 256 rows changed, 256 routed, exact=True, shared unchanged=True, restored=True; c=4: 256 rows changed, 256 routed, exact=True, shared unchanged=True, restored=True; c=5: 256 rows changed, 256 routed, exact=True, shared unchanged=True, restored=True; c=6: 256 rows changed, 256 routed, exact=True, shared unchanged=True, restored=True; c=7: 256 rows changed, 256 routed, exact=True, shared unchanged=True, restored=True; c=8: 256 rows changed, 256 routed, exact=True, shared unchanged=True, restored=True
              PASS     shared_blind: each of those zeroings leaves the shared arm's output bitwise unchanged, and restoring the copy restores the private output bitwise, so the changes above are the private mapping and not a corruption
                       the shared output was bitwise unchanged by every zeroing, every restore put the private output back bitwise, and zeroing a never-read copy moved neither output
              PASS     same_layer: with nothing zeroed, the private arm's output is bitwise equal to the shared arm's, so the relabelling computes the same layer
                       private output is bitwise equal to shared; native output is bitwise equal to shared (recorded, not scored: native runs a different launch grid)
RESULT: VALIDITY g32.V10 FAIL every cell and GEMM ran at the nvidia-smi lock of 1710 MHz, by its own counters' clock: off the lock: w1 fitted 1688 MHz; w2 fitted 1662 MHz; native/3 w2 1653 M
GATE g32.V10 VALIDITY FAIL   every cell and GEMM ran at the nvidia-smi lock of 1710 MHz, by its own counters' clock
              measured off the lock: w1 fitted 1688 MHz; w2 fitted 1662 MHz; native/3 w2 1653 MHz; native/4 w2 1661 MHz; and 13 more (fit: w1 1687.9 MHz + 10.1 us over 27 cells; w2 1662.2 MHz + 3.3 us over 27 cells)   gate each GEMM's duration = t0 + sm__cycles_elapsed.avg / f over its cells, |f - 1710| <= 15 MHz (one step), 0 <= t0 <= 50 us, and no cell over 3 steps off the lock's line
              a FAIL here invalidates: every byte on the page as a reading at 1710 MHz, the clock the timed pages it is compared with ran at; its bytes stand only as readings at the clocks its cells name
RESULT: CLAIM g32.C1 FAIL SHARED's w1 weight reads are what the group model counts: n=1 [0.9879, 0.9880]/1.0000, n=2 [0.9730, 0.9731]/1.0000, n=3 [1.0219, 1.0220]/1.0625, n=4 [0.9454, 0.
GATE g32.C1 CLAIM    FAIL   SHARED's w1 weight reads are what the group model counts
              measured n=1 [0.9879, 0.9880]/1.0000, n=2 [0.9730, 0.9731]/1.0000, n=3 [1.0219, 1.0220]/1.0625, n=4 [0.9454, 0.9455]/1.0000, n=5 [1.0564, 1.0567]/1.1250, n=6 [1.0417, 1.0421]/1.1250, n=7 [1.0853, 1.0871]/1.1875, n=8 [0.8908, 0.8909]/1.0000, n=9 [1.0876, 1.0917]/1.2500   gate |q_S,w1(n) - group_reads| <= 5% x group_reads at every n, scored on both edges of SHARED's weight-only bracket, its lowest call (NATIVE pooled) less e to its highest, e PRIVATE's excess over n; UNKNOWN where the edges disagree
              a FAIL here invalidates: the pid-order reuse model: w1 has 2F/BN N-tiles per M-row, far more than the CTAs in flight, so nothing is shared across groups
              w1 column passes not held by this card's 60 MiB L2: SHARED at n=none, PRIVATE at n=none (r3_exposure; a floor on the reuse distance, so a cell not named is not thereby safe)
RESULT: CLAIM g32.C2 PASS SHARED's w2 weight reads never exceed the group model's count: n=1 [0.9996, 1.0091]/1.0000, n=2 [0.9864, 1.0007]/1.0000, n=3 [1.0450, 1.0608]/1.0625, n=4 [0.979
GATE g32.C2 CLAIM    PASS   SHARED's w2 weight reads never exceed the group model's count
              measured n=1 [0.9996, 1.0091]/1.0000, n=2 [0.9864, 1.0007]/1.0000, n=3 [1.0450, 1.0608]/1.0625, n=4 [0.9798, 1.0004]/1.0000, n=5 [1.0614, 1.0830]/1.1250, n=6 [1.0339, 1.0610]/1.1250, n=7 [1.0305, 1.0590]/1.1875, n=8 [0.9724, 1.0009]/1.0000, n=9 [0.9984, 1.0296]/1.2500   gate q_S,w2(n) <= 1.05 x group_reads at every n, scored on both edges of SHARED's weight-only bracket, its lowest call (NATIVE pooled) less e to its highest, e PRIVATE's excess over n; UNKNOWN where the edges disagree
              w2 column passes not held by this card's 60 MiB L2: SHARED at n=none, PRIVATE at n=none (r3_exposure; a floor on the reuse distance, so a cell not named is not thereby safe)
RESULT: CLAIM g32.C6 PASS PRIVATE reads no more than one weight set per tile: n=1 -0.0052, n=2 -0.0061, n=3 -0.0061, n=4 -0.0070, n=5 -0.0061, n=6 -0.0065, n=7 -0.0059, n=8 -0.0070, n=9
GATE g32.C6 CLAIM    PASS   PRIVATE reads no more than one weight set per tile
              measured n=1 -0.0052, n=2 -0.0061, n=3 -0.0061, n=4 -0.0070, n=5 -0.0061, n=6 -0.0065, n=7 -0.0059, n=8 -0.0070, n=9 -0.0054  (q_P/n - 1; w1 -0.0121, -0.0126, -0.0117, -0.0130, -0.0112, -0.0116, -0.0106, -0.0122, -0.0097; w2 +0.0085, +0.0070, +0.0050, +0.0050, +0.0040, +0.0037, +0.0036, +0.0034, +0.0032)   gate q_P,total(n) <= 1.03 n at every n, on PRIVATE's lowest and highest call; UNKNOWN where they straddle it
              w1 column passes not held by this card's 60 MiB L2: SHARED at n=none, PRIVATE at n=none (r3_exposure; a floor on the reuse distance, so a cell not named is not thereby safe)
              w2 column passes not held by this card's 60 MiB L2: SHARED at n=none, PRIVATE at n=none (r3_exposure; a floor on the reuse distance, so a cell not named is not thereby safe)

PAGE /home/ubuntu/moe/results/2026-09-29-nvidia_gh200_480gb-r3-counters/lock1710/r3c-g64.json  G=64
RESULT: VALIDITY g64.V0 PASS the page names the live card it was measured on: CARD NVIDIA GH200 480GB (nvidia_gh200_480gb, board d663f7, sm_90, 132 SMs, 60 MiB L2): every number here is THI
GATE g64.V0 VALIDITY PASS   the page names the live card it was measured on
              measured CARD NVIDIA GH200 480GB (nvidia_gh200_480gb, board d663f7, sm_90, 132 SMs, 60 MiB L2): every number here is THIS card's; one of the study's four cards: the primary card.   gate a card block with ['name', 'uuid', 'sm_count', 'l2_bytes', 'capability', 'driver']
RESULT: VALIDITY g64.V1 PASS every launch is attributed: exact count, every grid equal to the child's, and a census that measured GEMMS_PER_CALL: 162 launches over 27 cells, every grid matc
GATE g64.V1 VALIDITY PASS   every launch is attributed: exact count, every grid equal to the child's, and a census that measured GEMMS_PER_CALL
              measured 162 launches over 27 cells, every grid matched   gate exact count; grids equal; census GEMMS_PER_CALL = 2
RESULT: VALIDITY g64.V2 PASS every STRICT metric is a number on every launch: 5 fields x 54 GEMM cells
GATE g64.V2 VALIDITY PASS   every STRICT metric is a number on every launch
              measured 5 fields x 54 GEMM cells   gate no missing value, never a 0.0 default
RESULT: VALIDITY g64.V3 PASS at n=1 each cell's K calls read the same bytes: worst gated (max - min) / median 0.1089%
GATE g64.V3 VALIDITY PASS   at n=1 each cell's K calls read the same bytes
              measured worst gated (max - min) / median 0.1089%   gate <= 1% per call and per GEMM in every n=1 cell, and in every cell whose page carries no per-GEMM call list
              deeper treads, not gated, spread up to 0.1496% (shared/2): re-reads L2 catches or misses with the order tiles run in, carried into SHARED's bracket as its farthest calls
RESULT: VALIDITY g64.V4 PASS at n=1 the arms are one call and each reads one weight set: |R_S(1)/R_P(1) - 1| = 0.0066% against 0.5000%; q(1) native 1.0044, shared 1.0044, private 1.0045
GATE g64.V4 VALIDITY PASS   at n=1 the arms are one call and each reads one weight set
              measured |R_S(1)/R_P(1) - 1| = 0.0066% against 0.5000%; q(1) native 1.0044, shared 1.0044, private 1.0045   gate <= max(0.5%, 3 x the repeat spread); q(1) in [0.97, 1.03]
              at n=1 SHARED and PRIVATE route every tile to copy 0: they are the same call, so their bytes must agree
RESULT: VALIDITY g64.V5 PASS the PRIVATE arm re-reads the whole weight set per tile: every q_P(n)/n in [0.97, 1.5]; slope 1.0023
GATE g64.V5 VALIDITY PASS   the PRIVATE arm re-reads the whole weight set per tile
              measured every q_P(n)/n in [0.97, 1.5]; slope 1.0023   gate 0.97 n <= q_P(n) <= 1.5 n per GEMM; slope of q_P,total in [0.97, 1.5]
              PRIVATE's excess over n is activation re-read, and a full thrash adds at most 0.4844 of W_w1, 0.4844 of W_w2 per tread ((BM/BN)(1 - 1/num_pid_n)), inside the ceiling: V5 cannot tell a thrash from a sound page, and C6 reads it
RESULT: VALIDITY g64.V6 PASS the arms request the same L2 read sectors: 20 comparisons held; nearest its tolerance 0.6106% of 1.3% at n=9 w2 (NATIVE against SHARED)
GATE g64.V6 VALIDITY PASS   the arms request the same L2 read sectors
              measured 20 comparisons held; nearest its tolerance 0.6106% of 1.3% at n=9 w2 (NATIVE against SHARED)   gate max/min - 1 <= 0.5% over the three arms at every (n, GEMM) on a card that counts every load; on one that coalesces L2 reads (compute capability 9.0 and up) SHARED against PRIVATE at n=1 within 0.5%, and NATIVE against SHARED where their live pids agree within 1.3% at every tread
              compute capability 9.0, at or above Hopper's 9.0: an L2 Request Coalescer can merge reads of one sector before the L2 counts them, most likely what put this count below the loads on the GH200 and the H100 (no counter on this page sits before it), so V6 holds two pairs: SHARED against PRIVATE at n=1, one call (both route every tile to copy 0), within 0.5%, and NATIVE against SHARED where NATIVE's grid gives every live tile SHARED's pid, the same tiles under another declaration, within 1.3% at every tread
              not held: PRIVATE at n >= 2 (its tiles read their own copies); their loads there rest on V5, V7 and V9 until a page carries a load count taken before the coalescer (docs/COUNTERS.md 6.8)
              not gated: over the three arms at every tread the widest gap is 12.0449% at n=9 w2
RESULT: VALIDITY g64.V7 PASS NATIVE and SHARED read the same DRAM bytes: every (n, GEMM) within tolerance
GATE g64.V7 VALIDITY PASS   NATIVE and SHARED read the same DRAM bytes
              measured every (n, GEMM) within tolerance   gate |R_N/R_S - 1| <= max(1%, 3 x that GEMM's own repeat spread in either cell), and the two arms' calls no more than 1% apart where the page lists them
RESULT: VALIDITY g64.V8 PASS the DRAM counter and the L2 counters agree: every GEMM cell's DRAM bytes within tolerance of 32 x fill sectors
GATE g64.V8 VALIDITY PASS   the DRAM counter and the L2 counters agree
              measured every GEMM cell's DRAM bytes within tolerance of 32 x fill sectors   gate |dram_bytes_read / (32 x lts__d_sectors_fill_device) - 1| <= 2%
RESULT: VALIDITY g64.V9 PASS the private arm allocated and READ distinct weight copies: 5 of 5 parts
GATE g64.V9 VALIDITY PASS   the private arm allocated and READ distinct weight copies
              measured 5 of 5 parts   gate all 5 parts of the proof
              PASS     addresses: the n copies occupy disjoint contiguous address ranges spanning exactly n x the weight set, in both w1 and w2
                       9 copies x 64 experts span 7247757312 bytes against 7247757312 predicted; slot = expert x 9 + copy at every slot: True; native view is every 9th slot of the same storage: True
              PASS     sentinels: a distinct value written into each copy reads back from that copy and from no other, and the original bytes are restored before anything else reads them
                       wrote 9 distinct values, read back 9 distinct, and restored the original bytes: True
              PASS     kernel_read: zeroing ONE copy c at a time, for every c >= 1, changes EXACTLY the private output rows of the tokens routed to copy c and no others, so every tile reads its own copy and no tile reads another's
                       every copy c >= 1, zeroed alone, changed exactly the tokens routed to it | c=1: 256 rows changed, 256 routed, exact=True, shared unchanged=True, restored=True; c=2: 256 rows changed, 256 routed, exact=True, shared unchanged=True, restored=True; c=3: 256 rows changed, 256 routed, exact=True, shared unchanged=True, restored=True; c=4: 256 rows changed, 256 routed, exact=True, shared unchanged=True, restored=True; c=5: 256 rows changed, 256 routed, exact=True, shared unchanged=True, restored=True; c=6: 256 rows changed, 256 routed, exact=True, shared unchanged=True, restored=True; c=7: 256 rows changed, 256 routed, exact=True, shared unchanged=True, restored=True; c=8: 256 rows changed, 256 routed, exact=True, shared unchanged=True, restored=True
              PASS     shared_blind: each of those zeroings leaves the shared arm's output bitwise unchanged, and restoring the copy restores the private output bitwise, so the changes above are the private mapping and not a corruption
                       the shared output was bitwise unchanged by every zeroing, every restore put the private output back bitwise, and zeroing a never-read copy moved neither output
              PASS     same_layer: with nothing zeroed, the private arm's output is bitwise equal to the shared arm's, so the relabelling computes the same layer
                       private output is bitwise equal to shared; native output is bitwise equal to shared (recorded, not scored: native runs a different launch grid)
RESULT: VALIDITY g64.V10 FAIL every cell and GEMM ran at the nvidia-smi lock of 1710 MHz, by its own counters' clock: off the lock: w1 fitted 1689 MHz; w2 fitted 1668 MHz; native/3 w2 1662 M
GATE g64.V10 VALIDITY FAIL   every cell and GEMM ran at the nvidia-smi lock of 1710 MHz, by its own counters' clock
              measured off the lock: w1 fitted 1689 MHz; w2 fitted 1668 MHz; native/3 w2 1662 MHz; native/4 w2 1665 MHz; and 12 more (fit: w1 1689.4 MHz + 10.6 us over 27 cells; w2 1668.2 MHz + 4.0 us over 27 cells)   gate each GEMM's duration = t0 + sm__cycles_elapsed.avg / f over its cells, |f - 1710| <= 15 MHz (one step), 0 <= t0 <= 50 us, and no cell over 3 steps off the lock's line
              a FAIL here invalidates: every byte on the page as a reading at 1710 MHz, the clock the timed pages it is compared with ran at; its bytes stand only as readings at the clocks its cells name
RESULT: CLAIM g64.C1 FAIL SHARED's w1 weight reads are what the group model counts: n=1 [0.9905, 0.9909]/1.0000, n=2 [0.9735, 0.9737]/1.0000, n=3 [0.9909, 0.9911]/1.0312, n=4 [0.9455, 0.
GATE g64.C1 CLAIM    FAIL   SHARED's w1 weight reads are what the group model counts
              measured n=1 [0.9905, 0.9909]/1.0000, n=2 [0.9735, 0.9737]/1.0000, n=3 [0.9909, 0.9911]/1.0312, n=4 [0.9455, 0.9455]/1.0000, n=5 [0.9948, 0.9951]/1.0625, n=6 [0.9806, 0.9809]/1.0625, n=7 [0.9984, 0.9987]/1.0938, n=8 [0.8908, 0.8909]/1.0000, n=9 [1.0022, 1.0025]/1.1250   gate |q_S,w1(n) - group_reads| <= 5% x group_reads at every n, scored on both edges of SHARED's weight-only bracket, its lowest call (NATIVE pooled) less e to its highest, e PRIVATE's excess over n; UNKNOWN where the edges disagree
              a FAIL here invalidates: the pid-order reuse model: w1 has 2F/BN N-tiles per M-row, far more than the CTAs in flight, so nothing is shared across groups
              w1 column passes not held by this card's 60 MiB L2: SHARED at n=none, PRIVATE at n=none (r3_exposure; a floor on the reuse distance, so a cell not named is not thereby safe)
RESULT: CLAIM g64.C2 PASS SHARED's w2 weight reads never exceed the group model's count: n=1 [0.9988, 1.0324]/1.0000, n=2 [0.9500, 1.0095]/1.0000, n=3 [0.9596, 1.0363]/1.0312, n=4 [0.899
GATE g64.C2 CLAIM    PASS   SHARED's w2 weight reads never exceed the group model's count
              measured n=1 [0.9988, 1.0324]/1.0000, n=2 [0.9500, 1.0095]/1.0000, n=3 [0.9596, 1.0363]/1.0312, n=4 [0.8994, 1.0022]/1.0000, n=5 [0.9427, 1.0645]/1.0625, n=6 [0.9226, 1.0638]/1.0625, n=7 [0.9270, 1.0949]/1.0938, n=8 [0.8034, 1.0010]/1.0000, n=9 [0.9143, 1.1224]/1.1250   gate q_S,w2(n) <= 1.05 x group_reads at every n, scored on both edges of SHARED's weight-only bracket, its lowest call (NATIVE pooled) less e to its highest, e PRIVATE's excess over n; UNKNOWN where the edges disagree
              w2 column passes not held by this card's 60 MiB L2: SHARED at n=none, PRIVATE at n=none (r3_exposure; a floor on the reuse distance, so a cell not named is not thereby safe)
RESULT: CLAIM g64.C6 PASS PRIVATE reads no more than one weight set per tile: n=1 +0.0045, n=2 +0.0032, n=3 +0.0026, n=4 +0.0012, n=5 +0.0030, n=6 +0.0020, n=7 +0.0032, n=8 +0.0000, n=9
GATE g64.C6 CLAIM    PASS   PRIVATE reads no more than one weight set per tile
              measured n=1 +0.0045, n=2 +0.0032, n=3 +0.0026, n=4 +0.0012, n=5 +0.0030, n=6 +0.0020, n=7 +0.0032, n=8 +0.0000, n=9 +0.0039  (q_P/n - 1; w1 -0.0093, -0.0094, -0.0085, -0.0109, -0.0075, -0.0087, -0.0071, -0.0122, -0.0056; w2 +0.0321, +0.0286, +0.0249, +0.0252, +0.0240, +0.0233, +0.0237, +0.0245, +0.0229)   gate q_P,total(n) <= 1.03 n at every n, on PRIVATE's lowest and highest call; UNKNOWN where they straddle it
              at n=[1] (G >= E n = 64 n) every live M-tile sits in one group and every column pass walks them all, in SHARED as in PRIVATE: SHARED is exposed to the same re-reads there, over narrower slabs
              w1 column passes not held by this card's 60 MiB L2: SHARED at n=none, PRIVATE at n=none (r3_exposure; a floor on the reuse distance, so a cell not named is not thereby safe)
              w2 column passes not held by this card's 60 MiB L2: SHARED at n=none, PRIVATE at n=none (r3_exposure; a floor on the reuse distance, so a cell not named is not thereby safe)

wrote /home/ubuntu/moe/results/2026-09-29-nvidia_gh200_480gb-r3-counters/lock1710/summary.json
git   git check-ignore exited 128; path UNVERIFIED (fatal: /home/ubuntu/moe/results/2026-09-29-nvidia_gh200_480gb-r3-counters/lock1710/summary.json: '/home/ubuntu/moe/results/2026-09-29-nvidia_gh200_480gb-r3-counters/lock1710/summary.json' is outside repository at '/home/ubuntu/moe/repo')
