arm,repeat,block_m,tiles,rows_per_expert,tokens,copies,experts_declared,ms_p50,ms_min,ms_stdev,iters,trials,warmup_ms,instrument,sm_clock_load_mhz,clock_level_ok,clock_level_side,clock_drift_ok,l2_flush,status,detail,duty,power_w,duty_achieved,calls_per_burst,gap_ms,gap_basis,head_ms,tail_ms,within_burst_ok,clock_samples_mhz,host_bound,prov_bandwidth,prov_bandwidth_source,prov_cuda_version,prov_driver_version,prov_git_dirty,prov_git_dirty_files,prov_git_sha,prov_gpu_name,prov_hostname,prov_instrument,prov_iters,prov_missing,prov_provenance_version,prov_python,prov_ridge,prov_ridge_source,prov_sglang,prov_target_ms,prov_torch,prov_triton,prov_utc,prov_vllm,prov_warmup_ms
native,0,32,1,32,128,1,8,0.2551040053367615,0.21728000044822693,0.023757195491282936,725,3,308.98319986462593,"scripts/clock_elasticity.py: bursts of N back-to-back fused_experts calls under one pinned tile, each call L2-flushed and bracketed by its own pre-primed event pair, the FIRST call of every burst discarded as a drained-queue launch, a host-side idle gap after each burst setting the sustained duty cycle, and the SM clock, board power and memory clock read through NVML with the burst still in flight; NOT timing.TIMING_BASIS",1710.0,False,high,True,True,ok,"LEVEL HIGH (recorded, never an exclusion here): loaded clock 1710 MHz against the 1440 MHz reference. At a duty cycle below 1.0 a HIGH reading is the experiment working, not a cell to drop.; host-bound: in 15 of 15 trials the GPU had fewer than 2 iterations of work queued when the host finished enqueueing (smallest backlog 0.22 iterations; host enqueue 0.3376 ms per call); the intervals include host enqueue time and the number is an upper bound on the kernel time; time the callable as a graph replay or through a fused launcher to measure the GPU alone",0.25,245.011,0.2498950195575616,146,102.642924821017,burst,0.2547999918460846,0.25246401131153107,True,1710 1710 1710 1710 1710 1710 1710 1710 1710 1710 1710 1710 1710 1710 1710,True,3725.6571177607857,"measured on this device: NVIDIA GH200 480GB (measured), 3725.7 GB/s (triad pattern)",13.0,580.105.08,True,1,a1b61186bd4b12224d54942af6065e30276d7f44,NVIDIA GH200 480GB,192-222-51-218,"scripts/clock_elasticity.py: bursts of N back-to-back fused_experts calls under one pinned tile, each call L2-flushed and bracketed by its own pre-primed event pair, the FIRST call of every burst discarded as a drained-queue launch, a host-side idle gap after each burst setting the sustained duty cycle, and the SM clock, board power and memory clock read through NVML with the burst still in flight; NOT timing.TIMING_BASIS | duty 0.25 | each idle gap sized from its own burst (gap_basis burst)",,iters=supplied as None; sglang=package not installed,1,3.12.14,174.85664005867835,"measured on this device: NVIDIA GH200 480GB (measured), 651.5 TFLOP/s bf16 over 3725.7 GB/s (triad pattern); calibrated 2026-09-29 at a1b61186",,200.0,2.13.0,3.7.1,2026-09-29T23:02:14+00:00,0.27.1,300.0
shared,0,32,1,32,128,1,72,0.27849599719047546,0.22752000391483307,0.024837043603016522,660,3,310.15609604120255,"scripts/clock_elasticity.py: bursts of N back-to-back fused_experts calls under one pinned tile, each call L2-flushed and bracketed by its own pre-primed event pair, the FIRST call of every burst discarded as a drained-queue launch, a host-side idle gap after each burst setting the sustained duty cycle, and the SM clock, board power and memory clock read through NVML with the burst still in flight; NOT timing.TIMING_BASIS",1710.0,False,high,True,True,ok,"LEVEL HIGH (recorded, never an exclusion here): loaded clock 1710 MHz against the 1440 MHz reference. At a duty cycle below 1.0 a HIGH reading is the experiment working, not a cell to drop.; host-bound: in 15 of 15 trials the GPU had fewer than 2 iterations of work queued when the host finished enqueueing (smallest backlog 0.16 iterations; host enqueue 0.3624 ms per call); the intervals include host enqueue time and the number is an upper bound on the kernel time; time the callable as a graph replay or through a fused launcher to measure the GPU alone",0.25,239.16,0.24989070236570848,133,103.38546340118774,burst,0.2794240117073059,0.27584001421928406,True,1710 1710 1710 1710 1710 1710 1710 1710 1710 1710 1710 1710 1710 1710 1710,True,3725.6571177607857,"measured on this device: NVIDIA GH200 480GB (measured), 3725.7 GB/s (triad pattern)",13.0,580.105.08,True,1,a1b61186bd4b12224d54942af6065e30276d7f44,NVIDIA GH200 480GB,192-222-51-218,"scripts/clock_elasticity.py: bursts of N back-to-back fused_experts calls under one pinned tile, each call L2-flushed and bracketed by its own pre-primed event pair, the FIRST call of every burst discarded as a drained-queue launch, a host-side idle gap after each burst setting the sustained duty cycle, and the SM clock, board power and memory clock read through NVML with the burst still in flight; NOT timing.TIMING_BASIS | duty 0.25 | each idle gap sized from its own burst (gap_basis burst)",,iters=supplied as None; sglang=package not installed,1,3.12.14,174.85664005867835,"measured on this device: NVIDIA GH200 480GB (measured), 651.5 TFLOP/s bf16 over 3725.7 GB/s (triad pattern); calibrated 2026-09-29 at a1b61186",,200.0,2.13.0,3.7.1,2026-09-29T23:02:14+00:00,0.27.1,300.0
private,0,32,1,32,128,1,72,0.2793920040130615,0.2399359941482544,0.02179387114314845,685,3,317.8645120412111,"scripts/clock_elasticity.py: bursts of N back-to-back fused_experts calls under one pinned tile, each call L2-flushed and bracketed by its own pre-primed event pair, the FIRST call of every burst discarded as a drained-queue launch, a host-side idle gap after each burst setting the sustained duty cycle, and the SM clock, board power and memory clock read through NVML with the burst still in flight; NOT timing.TIMING_BASIS",1710.0,False,high,True,True,ok,"LEVEL HIGH (recorded, never an exclusion here): loaded clock 1710 MHz against the 1440 MHz reference. At a duty cycle below 1.0 a HIGH reading is the experiment working, not a cell to drop.; host-bound: in 15 of 15 trials the GPU had fewer than 2 iterations of work queued when the host finished enqueueing (smallest backlog 0.15 iterations; host enqueue 0.3642 ms per call); the intervals include host enqueue time and the number is an upper bound on the kernel time; time the callable as a graph replay or through a fused launcher to measure the GPU alone",0.25,235.906,0.2498976468661083,138,107.99683686208847,burst,0.27983999252319336,0.27752000093460083,True,1710 1710 1710 1710 1710 1710 1710 1710 1710 1710 1710 1710 1710 1710 1710,True,3725.6571177607857,"measured on this device: NVIDIA GH200 480GB (measured), 3725.7 GB/s (triad pattern)",13.0,580.105.08,True,1,a1b61186bd4b12224d54942af6065e30276d7f44,NVIDIA GH200 480GB,192-222-51-218,"scripts/clock_elasticity.py: bursts of N back-to-back fused_experts calls under one pinned tile, each call L2-flushed and bracketed by its own pre-primed event pair, the FIRST call of every burst discarded as a drained-queue launch, a host-side idle gap after each burst setting the sustained duty cycle, and the SM clock, board power and memory clock read through NVML with the burst still in flight; NOT timing.TIMING_BASIS | duty 0.25 | each idle gap sized from its own burst (gap_basis burst)",,iters=supplied as None; sglang=package not installed,1,3.12.14,174.85664005867835,"measured on this device: NVIDIA GH200 480GB (measured), 651.5 TFLOP/s bf16 over 3725.7 GB/s (triad pattern); calibrated 2026-09-29 at a1b61186",,200.0,2.13.0,3.7.1,2026-09-29T23:02:14+00:00,0.27.1,300.0
native,0,32,2,64,256,1,8,0.2725439965724945,0.2677760124206543,0.016099748670291403,730,3,323.96025598049164,"scripts/clock_elasticity.py: bursts of N back-to-back fused_experts calls under one pinned tile, each call L2-flushed and bracketed by its own pre-primed event pair, the FIRST call of every burst discarded as a drained-queue launch, a host-side idle gap after each burst setting the sustained duty cycle, and the SM clock, board power and memory clock read through NVML with the burst still in flight; NOT timing.TIMING_BASIS",1710.0,False,high,True,True,ok,"LEVEL HIGH (recorded, never an exclusion here): loaded clock 1710 MHz against the 1440 MHz reference. At a duty cycle below 1.0 a HIGH reading is the experiment working, not a cell to drop.; host-bound: in 8 of 15 trials the GPU had fewer than 2 iterations of work queued when the host finished enqueueing (smallest backlog 0.36 iterations; host enqueue 0.3485 ms per call); the intervals include host enqueue time and the number is an upper bound on the kernel time; time the callable as a graph replay or through a fused launcher to measure the GPU alone",0.25,296.787,0.24989585046457838,147,109.85359111065918,burst,0.2719520032405853,0.2728320062160492,True,1710 1710 1710 1710 1710 1710 1710 1710 1710 1710 1710 1710 1710 1710 1710,True,3725.6571177607857,"measured on this device: NVIDIA GH200 480GB (measured), 3725.7 GB/s (triad pattern)",13.0,580.105.08,True,1,a1b61186bd4b12224d54942af6065e30276d7f44,NVIDIA GH200 480GB,192-222-51-218,"scripts/clock_elasticity.py: bursts of N back-to-back fused_experts calls under one pinned tile, each call L2-flushed and bracketed by its own pre-primed event pair, the FIRST call of every burst discarded as a drained-queue launch, a host-side idle gap after each burst setting the sustained duty cycle, and the SM clock, board power and memory clock read through NVML with the burst still in flight; NOT timing.TIMING_BASIS | duty 0.25 | each idle gap sized from its own burst (gap_basis burst)",,iters=supplied as None; sglang=package not installed,1,3.12.14,174.85664005867835,"measured on this device: NVIDIA GH200 480GB (measured), 651.5 TFLOP/s bf16 over 3725.7 GB/s (triad pattern); calibrated 2026-09-29 at a1b61186",,200.0,2.13.0,3.7.1,2026-09-29T23:02:14+00:00,0.27.1,300.0
shared,0,32,2,64,256,1,72,0.2725439965724945,0.2635520100593567,0.021056104784870938,695,3,326.6511678993702,"scripts/clock_elasticity.py: bursts of N back-to-back fused_experts calls under one pinned tile, each call L2-flushed and bracketed by its own pre-primed event pair, the FIRST call of every burst discarded as a drained-queue launch, a host-side idle gap after each burst setting the sustained duty cycle, and the SM clock, board power and memory clock read through NVML with the burst still in flight; NOT timing.TIMING_BASIS",1710.0,False,high,True,True,ok,"LEVEL HIGH (recorded, never an exclusion here): loaded clock 1710 MHz against the 1440 MHz reference. At a duty cycle below 1.0 a HIGH reading is the experiment working, not a cell to drop.; host-bound: in 15 of 15 trials the GPU had fewer than 2 iterations of work queued when the host finished enqueueing (smallest backlog 0.25 iterations; host enqueue 0.3606 ms per call); the intervals include host enqueue time and the number is an upper bound on the kernel time; time the callable as a graph replay or through a fused launcher to measure the GPU alone",0.25,287.096,0.24989376254869458,140,107.98230698022418,burst,0.27184000611305237,0.26899199187755585,True,1710 1710 1710 1710 1710 1710 1710 1710 1710 1710 1710 1710 1710 1710 1710,True,3725.6571177607857,"measured on this device: NVIDIA GH200 480GB (measured), 3725.7 GB/s (triad pattern)",13.0,580.105.08,True,1,a1b61186bd4b12224d54942af6065e30276d7f44,NVIDIA GH200 480GB,192-222-51-218,"scripts/clock_elasticity.py: bursts of N back-to-back fused_experts calls under one pinned tile, each call L2-flushed and bracketed by its own pre-primed event pair, the FIRST call of every burst discarded as a drained-queue launch, a host-side idle gap after each burst setting the sustained duty cycle, and the SM clock, board power and memory clock read through NVML with the burst still in flight; NOT timing.TIMING_BASIS | duty 0.25 | each idle gap sized from its own burst (gap_basis burst)",,iters=supplied as None; sglang=package not installed,1,3.12.14,174.85664005867835,"measured on this device: NVIDIA GH200 480GB (measured), 651.5 TFLOP/s bf16 over 3725.7 GB/s (triad pattern); calibrated 2026-09-29 at a1b61186",,200.0,2.13.0,3.7.1,2026-09-29T23:02:14+00:00,0.27.1,300.0
private,0,32,2,64,256,2,72,0.3596320003271103,0.35343998670578003,0.0026473588680579543,550,3,320.7737919688225,"scripts/clock_elasticity.py: bursts of N back-to-back fused_experts calls under one pinned tile, each call L2-flushed and bracketed by its own pre-primed event pair, the FIRST call of every burst discarded as a drained-queue launch, a host-side idle gap after each burst setting the sustained duty cycle, and the SM clock, board power and memory clock read through NVML with the burst still in flight; NOT timing.TIMING_BASIS",1710.0,False,high,True,True,ok,"LEVEL HIGH (recorded, never an exclusion here): loaded clock 1710 MHz against the 1440 MHz reference. At a duty cycle below 1.0 a HIGH reading is the experiment working, not a cell to drop.",0.25,283.929,0.2498910477183638,111,111.37467560079494,burst,0.35923200845718384,0.35971200466156006,True,1710 1710 1710 1710 1710 1710 1710 1710 1710 1710 1710 1710 1710 1710 1710,False,3725.6571177607857,"measured on this device: NVIDIA GH200 480GB (measured), 3725.7 GB/s (triad pattern)",13.0,580.105.08,True,1,a1b61186bd4b12224d54942af6065e30276d7f44,NVIDIA GH200 480GB,192-222-51-218,"scripts/clock_elasticity.py: bursts of N back-to-back fused_experts calls under one pinned tile, each call L2-flushed and bracketed by its own pre-primed event pair, the FIRST call of every burst discarded as a drained-queue launch, a host-side idle gap after each burst setting the sustained duty cycle, and the SM clock, board power and memory clock read through NVML with the burst still in flight; NOT timing.TIMING_BASIS | duty 0.25 | each idle gap sized from its own burst (gap_basis burst)",,iters=supplied as None; sglang=package not installed,1,3.12.14,174.85664005867835,"measured on this device: NVIDIA GH200 480GB (measured), 651.5 TFLOP/s bf16 over 3725.7 GB/s (triad pattern); calibrated 2026-09-29 at a1b61186",,200.0,2.13.0,3.7.1,2026-09-29T23:02:14+00:00,0.27.1,300.0
native,0,32,3,96,384,1,8,0.38710400462150574,0.3815999925136566,0.001717321991902323,515,3,323.17756766080856,"scripts/clock_elasticity.py: bursts of N back-to-back fused_experts calls under one pinned tile, each call L2-flushed and bracketed by its own pre-primed event pair, the FIRST call of every burst discarded as a drained-queue launch, a host-side idle gap after each burst setting the sustained duty cycle, and the SM clock, board power and memory clock read through NVML with the burst still in flight; NOT timing.TIMING_BASIS",1710.0,False,high,True,True,ok,"LEVEL HIGH (recorded, never an exclusion here): loaded clock 1710 MHz against the 1440 MHz reference. At a duty cycle below 1.0 a HIGH reading is the experiment working, not a cell to drop.",0.25,288.627,0.24989281759844606,104,112.85774900267643,burst,0.38652798533439636,0.3873920142650604,True,1710 1710 1710 1710 1710 1710 1710 1710 1710 1710 1710 1710 1710 1710 1710,False,3725.6571177607857,"measured on this device: NVIDIA GH200 480GB (measured), 3725.7 GB/s (triad pattern)",13.0,580.105.08,True,1,a1b61186bd4b12224d54942af6065e30276d7f44,NVIDIA GH200 480GB,192-222-51-218,"scripts/clock_elasticity.py: bursts of N back-to-back fused_experts calls under one pinned tile, each call L2-flushed and bracketed by its own pre-primed event pair, the FIRST call of every burst discarded as a drained-queue launch, a host-side idle gap after each burst setting the sustained duty cycle, and the SM clock, board power and memory clock read through NVML with the burst still in flight; NOT timing.TIMING_BASIS | duty 0.25 | each idle gap sized from its own burst (gap_basis burst)",,iters=supplied as None; sglang=package not installed,1,3.12.14,174.85664005867835,"measured on this device: NVIDIA GH200 480GB (measured), 651.5 TFLOP/s bf16 over 3725.7 GB/s (triad pattern); calibrated 2026-09-29 at a1b61186",,200.0,2.13.0,3.7.1,2026-09-29T23:02:14+00:00,0.27.1,300.0
shared,0,32,3,96,384,1,72,0.3771199882030487,0.3713279962539673,0.0020946959539514393,525,3,321.74451154470444,"scripts/clock_elasticity.py: bursts of N back-to-back fused_experts calls under one pinned tile, each call L2-flushed and bracketed by its own pre-primed event pair, the FIRST call of every burst discarded as a drained-queue launch, a host-side idle gap after each burst setting the sustained duty cycle, and the SM clock, board power and memory clock read through NVML with the burst still in flight; NOT timing.TIMING_BASIS",1710.0,False,high,True,True,ok,"LEVEL HIGH (recorded, never an exclusion here): loaded clock 1710 MHz against the 1440 MHz reference. At a duty cycle below 1.0 a HIGH reading is the experiment working, not a cell to drop.",0.25,296.33,0.24989499846183008,106,112.12312564379317,burst,0.37777599692344666,0.37671999633312225,True,1710 1710 1710 1710 1710 1710 1710 1710 1710 1710 1710 1710 1710 1710 1710,False,3725.6571177607857,"measured on this device: NVIDIA GH200 480GB (measured), 3725.7 GB/s (triad pattern)",13.0,580.105.08,True,1,a1b61186bd4b12224d54942af6065e30276d7f44,NVIDIA GH200 480GB,192-222-51-218,"scripts/clock_elasticity.py: bursts of N back-to-back fused_experts calls under one pinned tile, each call L2-flushed and bracketed by its own pre-primed event pair, the FIRST call of every burst discarded as a drained-queue launch, a host-side idle gap after each burst setting the sustained duty cycle, and the SM clock, board power and memory clock read through NVML with the burst still in flight; NOT timing.TIMING_BASIS | duty 0.25 | each idle gap sized from its own burst (gap_basis burst)",,iters=supplied as None; sglang=package not installed,1,3.12.14,174.85664005867835,"measured on this device: NVIDIA GH200 480GB (measured), 651.5 TFLOP/s bf16 over 3725.7 GB/s (triad pattern); calibrated 2026-09-29 at a1b61186",,200.0,2.13.0,3.7.1,2026-09-29T23:02:14+00:00,0.27.1,300.0
private,0,32,3,96,384,3,72,0.5461920201778412,0.5366079807281494,0.003472987507169636,360,3,320.0285121202469,"scripts/clock_elasticity.py: bursts of N back-to-back fused_experts calls under one pinned tile, each call L2-flushed and bracketed by its own pre-primed event pair, the FIRST call of every burst discarded as a drained-queue launch, a host-side idle gap after each burst setting the sustained duty cycle, and the SM clock, board power and memory clock read through NVML with the burst still in flight; NOT timing.TIMING_BASIS",1710.0,False,high,True,True,ok,"LEVEL HIGH (recorded, never an exclusion here): loaded clock 1710 MHz against the 1440 MHz reference. At a duty cycle below 1.0 a HIGH reading is the experiment working, not a cell to drop.",0.25,280.217,0.24989575738647685,73,114.063694713921,burst,0.5463359951972961,0.5455040037631989,True,1710 1710 1710 1710 1710 1710 1710 1710 1710 1710 1710 1710 1710 1710 1710,False,3725.6571177607857,"measured on this device: NVIDIA GH200 480GB (measured), 3725.7 GB/s (triad pattern)",13.0,580.105.08,True,1,a1b61186bd4b12224d54942af6065e30276d7f44,NVIDIA GH200 480GB,192-222-51-218,"scripts/clock_elasticity.py: bursts of N back-to-back fused_experts calls under one pinned tile, each call L2-flushed and bracketed by its own pre-primed event pair, the FIRST call of every burst discarded as a drained-queue launch, a host-side idle gap after each burst setting the sustained duty cycle, and the SM clock, board power and memory clock read through NVML with the burst still in flight; NOT timing.TIMING_BASIS | duty 0.25 | each idle gap sized from its own burst (gap_basis burst)",,iters=supplied as None; sglang=package not installed,1,3.12.14,174.85664005867835,"measured on this device: NVIDIA GH200 480GB (measured), 651.5 TFLOP/s bf16 over 3725.7 GB/s (triad pattern); calibrated 2026-09-29 at a1b61186",,200.0,2.13.0,3.7.1,2026-09-29T23:02:14+00:00,0.27.1,300.0
native,0,32,4,128,512,1,8,0.4874880015850067,0.48156800866127014,0.001842475750689672,405,3,321.20812767744064,"scripts/clock_elasticity.py: bursts of N back-to-back fused_experts calls under one pinned tile, each call L2-flushed and bracketed by its own pre-primed event pair, the FIRST call of every burst discarded as a drained-queue launch, a host-side idle gap after each burst setting the sustained duty cycle, and the SM clock, board power and memory clock read through NVML with the burst still in flight; NOT timing.TIMING_BASIS",1710.0,False,high,True,True,ok,"LEVEL HIGH (recorded, never an exclusion here): loaded clock 1710 MHz against the 1440 MHz reference. At a duty cycle below 1.0 a HIGH reading is the experiment working, not a cell to drop.",0.25,290.438,0.24989569241553095,82,113.86080572645005,burst,0.4877279996871948,0.48785600066185,True,1710 1710 1710 1710 1710 1710 1710 1710 1710 1710 1710 1710 1710 1710 1710,False,3725.6571177607857,"measured on this device: NVIDIA GH200 480GB (measured), 3725.7 GB/s (triad pattern)",13.0,580.105.08,True,1,a1b61186bd4b12224d54942af6065e30276d7f44,NVIDIA GH200 480GB,192-222-51-218,"scripts/clock_elasticity.py: bursts of N back-to-back fused_experts calls under one pinned tile, each call L2-flushed and bracketed by its own pre-primed event pair, the FIRST call of every burst discarded as a drained-queue launch, a host-side idle gap after each burst setting the sustained duty cycle, and the SM clock, board power and memory clock read through NVML with the burst still in flight; NOT timing.TIMING_BASIS | duty 0.25 | each idle gap sized from its own burst (gap_basis burst)",,iters=supplied as None; sglang=package not installed,1,3.12.14,174.85664005867835,"measured on this device: NVIDIA GH200 480GB (measured), 651.5 TFLOP/s bf16 over 3725.7 GB/s (triad pattern); calibrated 2026-09-29 at a1b61186",,200.0,2.13.0,3.7.1,2026-09-29T23:02:14+00:00,0.27.1,300.0
shared,0,32,4,128,512,1,72,0.49091199040412903,0.4853760004043579,0.0018132817414040195,405,3,323.1979204118252,"scripts/clock_elasticity.py: bursts of N back-to-back fused_experts calls under one pinned tile, each call L2-flushed and bracketed by its own pre-primed event pair, the FIRST call of every burst discarded as a drained-queue launch, a host-side idle gap after each burst setting the sustained duty cycle, and the SM clock, board power and memory clock read through NVML with the burst still in flight; NOT timing.TIMING_BASIS",1710.0,False,high,True,True,ok,"LEVEL HIGH (recorded, never an exclusion here): loaded clock 1710 MHz against the 1440 MHz reference. At a duty cycle below 1.0 a HIGH reading is the experiment working, not a cell to drop.",0.25,288.044,0.24989688993027057,82,114.6924825347942,burst,0.4912320077419281,0.49078400433063507,True,1710 1710 1710 1710 1710 1710 1710 1710 1710 1710 1710 1710 1710 1710 1710,False,3725.6571177607857,"measured on this device: NVIDIA GH200 480GB (measured), 3725.7 GB/s (triad pattern)",13.0,580.105.08,True,1,a1b61186bd4b12224d54942af6065e30276d7f44,NVIDIA GH200 480GB,192-222-51-218,"scripts/clock_elasticity.py: bursts of N back-to-back fused_experts calls under one pinned tile, each call L2-flushed and bracketed by its own pre-primed event pair, the FIRST call of every burst discarded as a drained-queue launch, a host-side idle gap after each burst setting the sustained duty cycle, and the SM clock, board power and memory clock read through NVML with the burst still in flight; NOT timing.TIMING_BASIS | duty 0.25 | each idle gap sized from its own burst (gap_basis burst)",,iters=supplied as None; sglang=package not installed,1,3.12.14,174.85664005867835,"measured on this device: NVIDIA GH200 480GB (measured), 651.5 TFLOP/s bf16 over 3725.7 GB/s (triad pattern); calibrated 2026-09-29 at a1b61186",,200.0,2.13.0,3.7.1,2026-09-29T23:02:14+00:00,0.27.1,300.0
private,0,32,4,128,512,4,72,0.6966400146484375,0.6914240121841431,0.0019260565478392004,280,3,319.0602887272835,"scripts/clock_elasticity.py: bursts of N back-to-back fused_experts calls under one pinned tile, each call L2-flushed and bracketed by its own pre-primed event pair, the FIRST call of every burst discarded as a drained-queue launch, a host-side idle gap after each burst setting the sustained duty cycle, and the SM clock, board power and memory clock read through NVML with the burst still in flight; NOT timing.TIMING_BASIS",1710.0,False,high,True,True,ok,"LEVEL HIGH (recorded, never an exclusion here): loaded clock 1710 MHz against the 1440 MHz reference. At a duty cycle below 1.0 a HIGH reading is the experiment working, not a cell to drop.",0.25,288.957,0.24990481080346313,57,114.99244114044448,burst,0.6966240108013153,0.6969760060310364,True,1710 1710 1710 1710 1710 1710 1710 1710 1710 1710 1710 1710 1710 1710 1710,False,3725.6571177607857,"measured on this device: NVIDIA GH200 480GB (measured), 3725.7 GB/s (triad pattern)",13.0,580.105.08,True,1,a1b61186bd4b12224d54942af6065e30276d7f44,NVIDIA GH200 480GB,192-222-51-218,"scripts/clock_elasticity.py: bursts of N back-to-back fused_experts calls under one pinned tile, each call L2-flushed and bracketed by its own pre-primed event pair, the FIRST call of every burst discarded as a drained-queue launch, a host-side idle gap after each burst setting the sustained duty cycle, and the SM clock, board power and memory clock read through NVML with the burst still in flight; NOT timing.TIMING_BASIS | duty 0.25 | each idle gap sized from its own burst (gap_basis burst)",,iters=supplied as None; sglang=package not installed,1,3.12.14,174.85664005867835,"measured on this device: NVIDIA GH200 480GB (measured), 651.5 TFLOP/s bf16 over 3725.7 GB/s (triad pattern); calibrated 2026-09-29 at a1b61186",,200.0,2.13.0,3.7.1,2026-09-29T23:02:14+00:00,0.27.1,300.0
native,0,32,5,160,640,1,8,0.604095995426178,0.5973759889602661,0.001999543820168259,330,3,324.7739200592041,"scripts/clock_elasticity.py: bursts of N back-to-back fused_experts calls under one pinned tile, each call L2-flushed and bracketed by its own pre-primed event pair, the FIRST call of every burst discarded as a drained-queue launch, a host-side idle gap after each burst setting the sustained duty cycle, and the SM clock, board power and memory clock read through NVML with the burst still in flight; NOT timing.TIMING_BASIS",1710.0,False,high,True,True,ok,"LEVEL HIGH (recorded, never an exclusion here): loaded clock 1710 MHz against the 1440 MHz reference. At a duty cycle below 1.0 a HIGH reading is the experiment working, not a cell to drop.",0.25,286.851,0.24989855206077957,67,116.52618777139651,burst,0.6044159829616547,0.603551983833313,True,1710 1710 1710 1710 1710 1710 1710 1710 1710 1710 1710 1710 1710 1710 1710,False,3725.6571177607857,"measured on this device: NVIDIA GH200 480GB (measured), 3725.7 GB/s (triad pattern)",13.0,580.105.08,True,1,a1b61186bd4b12224d54942af6065e30276d7f44,NVIDIA GH200 480GB,192-222-51-218,"scripts/clock_elasticity.py: bursts of N back-to-back fused_experts calls under one pinned tile, each call L2-flushed and bracketed by its own pre-primed event pair, the FIRST call of every burst discarded as a drained-queue launch, a host-side idle gap after each burst setting the sustained duty cycle, and the SM clock, board power and memory clock read through NVML with the burst still in flight; NOT timing.TIMING_BASIS | duty 0.25 | each idle gap sized from its own burst (gap_basis burst)",,iters=supplied as None; sglang=package not installed,1,3.12.14,174.85664005867835,"measured on this device: NVIDIA GH200 480GB (measured), 651.5 TFLOP/s bf16 over 3725.7 GB/s (triad pattern); calibrated 2026-09-29 at a1b61186",,200.0,2.13.0,3.7.1,2026-09-29T23:02:14+00:00,0.27.1,300.0
shared,0,32,5,160,640,1,72,0.6064959764480591,0.5997120141983032,0.0024493173635281875,325,3,322.09555143117905,"scripts/clock_elasticity.py: bursts of N back-to-back fused_experts calls under one pinned tile, each call L2-flushed and bracketed by its own pre-primed event pair, the FIRST call of every burst discarded as a drained-queue launch, a host-side idle gap after each burst setting the sustained duty cycle, and the SM clock, board power and memory clock read through NVML with the burst still in flight; NOT timing.TIMING_BASIS",1710.0,False,high,True,True,ok,"LEVEL HIGH (recorded, never an exclusion here): loaded clock 1710 MHz against the 1440 MHz reference. At a duty cycle below 1.0 a HIGH reading is the experiment working, not a cell to drop.",0.25,285.691,0.2498904052585713,66,115.34971203950045,burst,0.6068640053272247,0.6068159937858582,True,1710 1710 1710 1710 1710 1710 1710 1710 1710 1710 1710 1710 1710 1710 1710,False,3725.6571177607857,"measured on this device: NVIDIA GH200 480GB (measured), 3725.7 GB/s (triad pattern)",13.0,580.105.08,True,1,a1b61186bd4b12224d54942af6065e30276d7f44,NVIDIA GH200 480GB,192-222-51-218,"scripts/clock_elasticity.py: bursts of N back-to-back fused_experts calls under one pinned tile, each call L2-flushed and bracketed by its own pre-primed event pair, the FIRST call of every burst discarded as a drained-queue launch, a host-side idle gap after each burst setting the sustained duty cycle, and the SM clock, board power and memory clock read through NVML with the burst still in flight; NOT timing.TIMING_BASIS | duty 0.25 | each idle gap sized from its own burst (gap_basis burst)",,iters=supplied as None; sglang=package not installed,1,3.12.14,174.85664005867835,"measured on this device: NVIDIA GH200 480GB (measured), 651.5 TFLOP/s bf16 over 3725.7 GB/s (triad pattern); calibrated 2026-09-29 at a1b61186",,200.0,2.13.0,3.7.1,2026-09-29T23:02:14+00:00,0.27.1,300.0
private,0,32,5,160,640,5,72,0.8801440000534058,0.8635519742965698,0.007597790114292743,220,3,316.78198367357254,"scripts/clock_elasticity.py: bursts of N back-to-back fused_experts calls under one pinned tile, each call L2-flushed and bracketed by its own pre-primed event pair, the FIRST call of every burst discarded as a drained-queue launch, a host-side idle gap after each burst setting the sustained duty cycle, and the SM clock, board power and memory clock read through NVML with the burst still in flight; NOT timing.TIMING_BASIS",1710.0,False,high,True,True,ok,"LEVEL HIGH (recorded, never an exclusion here): loaded clock 1710 MHz against the 1440 MHz reference. At a duty cycle below 1.0 a HIGH reading is the experiment working, not a cell to drop.",0.25,284.225,0.249893439237751,45,115.2029486584106,burst,0.8807039856910706,0.8714879751205444,True,1710 1710 1710 1710 1710 1710 1710 1710 1710 1710 1710 1710 1710 1710 1710,False,3725.6571177607857,"measured on this device: NVIDIA GH200 480GB (measured), 3725.7 GB/s (triad pattern)",13.0,580.105.08,True,1,a1b61186bd4b12224d54942af6065e30276d7f44,NVIDIA GH200 480GB,192-222-51-218,"scripts/clock_elasticity.py: bursts of N back-to-back fused_experts calls under one pinned tile, each call L2-flushed and bracketed by its own pre-primed event pair, the FIRST call of every burst discarded as a drained-queue launch, a host-side idle gap after each burst setting the sustained duty cycle, and the SM clock, board power and memory clock read through NVML with the burst still in flight; NOT timing.TIMING_BASIS | duty 0.25 | each idle gap sized from its own burst (gap_basis burst)",,iters=supplied as None; sglang=package not installed,1,3.12.14,174.85664005867835,"measured on this device: NVIDIA GH200 480GB (measured), 651.5 TFLOP/s bf16 over 3725.7 GB/s (triad pattern); calibrated 2026-09-29 at a1b61186",,200.0,2.13.0,3.7.1,2026-09-29T23:02:14+00:00,0.27.1,300.0
native,0,32,6,192,768,1,8,0.712768018245697,0.7052159905433655,0.0026833730060733135,275,3,320.84172797203064,"scripts/clock_elasticity.py: bursts of N back-to-back fused_experts calls under one pinned tile, each call L2-flushed and bracketed by its own pre-primed event pair, the FIRST call of every burst discarded as a drained-queue launch, a host-side idle gap after each burst setting the sustained duty cycle, and the SM clock, board power and memory clock read through NVML with the burst still in flight; NOT timing.TIMING_BASIS",1710.0,False,high,True,True,ok,"LEVEL HIGH (recorded, never an exclusion here): loaded clock 1710 MHz against the 1440 MHz reference. At a duty cycle below 1.0 a HIGH reading is the experiment working, not a cell to drop.",0.25,284.269,0.2498917178559796,56,115.76872759997423,burst,0.7142400145530701,0.7124159932136536,True,1710 1710 1710 1710 1710 1710 1710 1710 1710 1710 1710 1710 1710 1710 1710,False,3725.6571177607857,"measured on this device: NVIDIA GH200 480GB (measured), 3725.7 GB/s (triad pattern)",13.0,580.105.08,True,1,a1b61186bd4b12224d54942af6065e30276d7f44,NVIDIA GH200 480GB,192-222-51-218,"scripts/clock_elasticity.py: bursts of N back-to-back fused_experts calls under one pinned tile, each call L2-flushed and bracketed by its own pre-primed event pair, the FIRST call of every burst discarded as a drained-queue launch, a host-side idle gap after each burst setting the sustained duty cycle, and the SM clock, board power and memory clock read through NVML with the burst still in flight; NOT timing.TIMING_BASIS | duty 0.25 | each idle gap sized from its own burst (gap_basis burst)",,iters=supplied as None; sglang=package not installed,1,3.12.14,174.85664005867835,"measured on this device: NVIDIA GH200 480GB (measured), 651.5 TFLOP/s bf16 over 3725.7 GB/s (triad pattern); calibrated 2026-09-29 at a1b61186",,200.0,2.13.0,3.7.1,2026-09-29T23:02:14+00:00,0.27.1,300.0
shared,0,32,6,192,768,1,72,0.7167040109634399,0.707647979259491,0.002403898609018789,275,3,322.8079355955124,"scripts/clock_elasticity.py: bursts of N back-to-back fused_experts calls under one pinned tile, each call L2-flushed and bracketed by its own pre-primed event pair, the FIRST call of every burst discarded as a drained-queue launch, a host-side idle gap after each burst setting the sustained duty cycle, and the SM clock, board power and memory clock read through NVML with the burst still in flight; NOT timing.TIMING_BASIS",1710.0,False,high,True,True,ok,"LEVEL HIGH (recorded, never an exclusion here): loaded clock 1710 MHz against the 1440 MHz reference. At a duty cycle below 1.0 a HIGH reading is the experiment working, not a cell to drop.",0.25,284.971,0.24990116115766225,56,116.4026475802184,burst,0.7177919745445251,0.716480016708374,True,1710 1710 1710 1710 1710 1710 1710 1710 1710 1710 1710 1710 1710 1710 1710,False,3725.6571177607857,"measured on this device: NVIDIA GH200 480GB (measured), 3725.7 GB/s (triad pattern)",13.0,580.105.08,True,1,a1b61186bd4b12224d54942af6065e30276d7f44,NVIDIA GH200 480GB,192-222-51-218,"scripts/clock_elasticity.py: bursts of N back-to-back fused_experts calls under one pinned tile, each call L2-flushed and bracketed by its own pre-primed event pair, the FIRST call of every burst discarded as a drained-queue launch, a host-side idle gap after each burst setting the sustained duty cycle, and the SM clock, board power and memory clock read through NVML with the burst still in flight; NOT timing.TIMING_BASIS | duty 0.25 | each idle gap sized from its own burst (gap_basis burst)",,iters=supplied as None; sglang=package not installed,1,3.12.14,174.85664005867835,"measured on this device: NVIDIA GH200 480GB (measured), 651.5 TFLOP/s bf16 over 3725.7 GB/s (triad pattern); calibrated 2026-09-29 at a1b61186",,200.0,2.13.0,3.7.1,2026-09-29T23:02:14+00:00,0.27.1,300.0
private,0,32,6,192,768,6,72,1.0260000228881836,1.0203520059585571,0.0023587282153260877,190,3,321.6482877731323,"scripts/clock_elasticity.py: bursts of N back-to-back fused_experts calls under one pinned tile, each call L2-flushed and bracketed by its own pre-primed event pair, the FIRST call of every burst discarded as a drained-queue launch, a host-side idle gap after each burst setting the sustained duty cycle, and the SM clock, board power and memory clock read through NVML with the burst still in flight; NOT timing.TIMING_BASIS",1710.0,False,high,True,True,ok,"LEVEL HIGH (recorded, never an exclusion here): loaded clock 1710 MHz against the 1440 MHz reference. At a duty cycle below 1.0 a HIGH reading is the experiment working, not a cell to drop.",0.25,289.802,0.24990010074978808,39,117.33968458788513,burst,1.026144027709961,1.026047945022583,True,1710 1710 1710 1710 1710 1710 1710 1710 1710 1710 1710 1680 1710 1710 1710,False,3725.6571177607857,"measured on this device: NVIDIA GH200 480GB (measured), 3725.7 GB/s (triad pattern)",13.0,580.105.08,True,1,a1b61186bd4b12224d54942af6065e30276d7f44,NVIDIA GH200 480GB,192-222-51-218,"scripts/clock_elasticity.py: bursts of N back-to-back fused_experts calls under one pinned tile, each call L2-flushed and bracketed by its own pre-primed event pair, the FIRST call of every burst discarded as a drained-queue launch, a host-side idle gap after each burst setting the sustained duty cycle, and the SM clock, board power and memory clock read through NVML with the burst still in flight; NOT timing.TIMING_BASIS | duty 0.25 | each idle gap sized from its own burst (gap_basis burst)",,iters=supplied as None; sglang=package not installed,1,3.12.14,174.85664005867835,"measured on this device: NVIDIA GH200 480GB (measured), 651.5 TFLOP/s bf16 over 3725.7 GB/s (triad pattern); calibrated 2026-09-29 at a1b61186",,200.0,2.13.0,3.7.1,2026-09-29T23:02:14+00:00,0.27.1,300.0
shared,1,32,6,192,768,1,72,0.7166079878807068,0.7076799869537354,0.002261064813538241,275,3,322.0285435318947,"scripts/clock_elasticity.py: bursts of N back-to-back fused_experts calls under one pinned tile, each call L2-flushed and bracketed by its own pre-primed event pair, the FIRST call of every burst discarded as a drained-queue launch, a host-side idle gap after each burst setting the sustained duty cycle, and the SM clock, board power and memory clock read through NVML with the burst still in flight; NOT timing.TIMING_BASIS",1710.0,False,high,True,True,ok,"LEVEL HIGH (recorded, never an exclusion here): loaded clock 1710 MHz against the 1440 MHz reference. At a duty cycle below 1.0 a HIGH reading is the experiment working, not a cell to drop.",0.25,285.594,0.2498965904558523,56,116.33829363395853,burst,0.7176960110664368,0.7159039974212646,True,1710 1710 1710 1710 1710 1710 1710 1710 1710 1710 1710 1710 1710 1710 1710,False,3725.6571177607857,"measured on this device: NVIDIA GH200 480GB (measured), 3725.7 GB/s (triad pattern)",13.0,580.105.08,True,1,a1b61186bd4b12224d54942af6065e30276d7f44,NVIDIA GH200 480GB,192-222-51-218,"scripts/clock_elasticity.py: bursts of N back-to-back fused_experts calls under one pinned tile, each call L2-flushed and bracketed by its own pre-primed event pair, the FIRST call of every burst discarded as a drained-queue launch, a host-side idle gap after each burst setting the sustained duty cycle, and the SM clock, board power and memory clock read through NVML with the burst still in flight; NOT timing.TIMING_BASIS | duty 0.25 | each idle gap sized from its own burst (gap_basis burst)",,iters=supplied as None; sglang=package not installed,1,3.12.14,174.85664005867835,"measured on this device: NVIDIA GH200 480GB (measured), 651.5 TFLOP/s bf16 over 3725.7 GB/s (triad pattern); calibrated 2026-09-29 at a1b61186",,200.0,2.13.0,3.7.1,2026-09-29T23:02:14+00:00,0.27.1,300.0
private,1,32,6,192,768,6,72,1.025327980518341,1.0186879634857178,0.0021771517981598694,190,3,321.5620481967926,"scripts/clock_elasticity.py: bursts of N back-to-back fused_experts calls under one pinned tile, each call L2-flushed and bracketed by its own pre-primed event pair, the FIRST call of every burst discarded as a drained-queue launch, a host-side idle gap after each burst setting the sustained duty cycle, and the SM clock, board power and memory clock read through NVML with the burst still in flight; NOT timing.TIMING_BASIS",1710.0,False,high,True,True,ok,"LEVEL HIGH (recorded, never an exclusion here): loaded clock 1710 MHz against the 1440 MHz reference. At a duty cycle below 1.0 a HIGH reading is the experiment working, not a cell to drop.",0.25,292.922,0.24989636375526103,39,117.24307513206075,burst,1.02566397190094,1.024672031402588,True,1710 1710 1710 1710 1710 1710 1710 1710 1710 1710 1710 1710 1710 1710 1710,False,3725.6571177607857,"measured on this device: NVIDIA GH200 480GB (measured), 3725.7 GB/s (triad pattern)",13.0,580.105.08,True,1,a1b61186bd4b12224d54942af6065e30276d7f44,NVIDIA GH200 480GB,192-222-51-218,"scripts/clock_elasticity.py: bursts of N back-to-back fused_experts calls under one pinned tile, each call L2-flushed and bracketed by its own pre-primed event pair, the FIRST call of every burst discarded as a drained-queue launch, a host-side idle gap after each burst setting the sustained duty cycle, and the SM clock, board power and memory clock read through NVML with the burst still in flight; NOT timing.TIMING_BASIS | duty 0.25 | each idle gap sized from its own burst (gap_basis burst)",,iters=supplied as None; sglang=package not installed,1,3.12.14,174.85664005867835,"measured on this device: NVIDIA GH200 480GB (measured), 651.5 TFLOP/s bf16 over 3725.7 GB/s (triad pattern); calibrated 2026-09-29 at a1b61186",,200.0,2.13.0,3.7.1,2026-09-29T23:02:14+00:00,0.27.1,300.0
native,1,32,6,192,768,1,8,0.7137920260429382,0.7057920098304749,0.0031979031702214535,275,3,320.73039996623993,"scripts/clock_elasticity.py: bursts of N back-to-back fused_experts calls under one pinned tile, each call L2-flushed and bracketed by its own pre-primed event pair, the FIRST call of every burst discarded as a drained-queue launch, a host-side idle gap after each burst setting the sustained duty cycle, and the SM clock, board power and memory clock read through NVML with the burst still in flight; NOT timing.TIMING_BASIS",1710.0,False,high,True,True,ok,"LEVEL HIGH (recorded, never an exclusion here): loaded clock 1710 MHz against the 1440 MHz reference. At a duty cycle below 1.0 a HIGH reading is the experiment working, not a cell to drop.",0.25,283.468,0.24990236187488113,56,115.85330375189187,burst,0.7147200107574463,0.712831974029541,True,1710 1710 1710 1710 1710 1710 1710 1710 1710 1710 1710 1710 1710 1710 1710,False,3725.6571177607857,"measured on this device: NVIDIA GH200 480GB (measured), 3725.7 GB/s (triad pattern)",13.0,580.105.08,True,1,a1b61186bd4b12224d54942af6065e30276d7f44,NVIDIA GH200 480GB,192-222-51-218,"scripts/clock_elasticity.py: bursts of N back-to-back fused_experts calls under one pinned tile, each call L2-flushed and bracketed by its own pre-primed event pair, the FIRST call of every burst discarded as a drained-queue launch, a host-side idle gap after each burst setting the sustained duty cycle, and the SM clock, board power and memory clock read through NVML with the burst still in flight; NOT timing.TIMING_BASIS | duty 0.25 | each idle gap sized from its own burst (gap_basis burst)",,iters=supplied as None; sglang=package not installed,1,3.12.14,174.85664005867835,"measured on this device: NVIDIA GH200 480GB (measured), 651.5 TFLOP/s bf16 over 3725.7 GB/s (triad pattern); calibrated 2026-09-29 at a1b61186",,200.0,2.13.0,3.7.1,2026-09-29T23:02:14+00:00,0.27.1,300.0
shared,1,32,5,160,640,1,72,0.6068800091743469,0.6004480123519897,0.002217650111055996,320,3,317.802015542984,"scripts/clock_elasticity.py: bursts of N back-to-back fused_experts calls under one pinned tile, each call L2-flushed and bracketed by its own pre-primed event pair, the FIRST call of every burst discarded as a drained-queue launch, a host-side idle gap after each burst setting the sustained duty cycle, and the SM clock, board power and memory clock read through NVML with the burst still in flight; NOT timing.TIMING_BASIS",1710.0,False,high,True,True,ok,"LEVEL HIGH (recorded, never an exclusion here): loaded clock 1710 MHz against the 1440 MHz reference. At a duty cycle below 1.0 a HIGH reading is the experiment working, not a cell to drop.",0.25,286.259,0.24989410914111956,65,113.52181352483787,burst,0.6074399948120117,0.6067039966583252,True,1710 1710 1710 1710 1710 1710 1710 1710 1710 1710 1710 1710 1710 1710 1710,False,3725.6571177607857,"measured on this device: NVIDIA GH200 480GB (measured), 3725.7 GB/s (triad pattern)",13.0,580.105.08,True,1,a1b61186bd4b12224d54942af6065e30276d7f44,NVIDIA GH200 480GB,192-222-51-218,"scripts/clock_elasticity.py: bursts of N back-to-back fused_experts calls under one pinned tile, each call L2-flushed and bracketed by its own pre-primed event pair, the FIRST call of every burst discarded as a drained-queue launch, a host-side idle gap after each burst setting the sustained duty cycle, and the SM clock, board power and memory clock read through NVML with the burst still in flight; NOT timing.TIMING_BASIS | duty 0.25 | each idle gap sized from its own burst (gap_basis burst)",,iters=supplied as None; sglang=package not installed,1,3.12.14,174.85664005867835,"measured on this device: NVIDIA GH200 480GB (measured), 651.5 TFLOP/s bf16 over 3725.7 GB/s (triad pattern); calibrated 2026-09-29 at a1b61186",,200.0,2.13.0,3.7.1,2026-09-29T23:02:14+00:00,0.27.1,300.0
private,1,32,5,160,640,5,72,0.8830080032348633,0.8624640107154846,0.006983760606174865,220,3,318.48815989494324,"scripts/clock_elasticity.py: bursts of N back-to-back fused_experts calls under one pinned tile, each call L2-flushed and bracketed by its own pre-primed event pair, the FIRST call of every burst discarded as a drained-queue launch, a host-side idle gap after each burst setting the sustained duty cycle, and the SM clock, board power and memory clock read through NVML with the burst still in flight; NOT timing.TIMING_BASIS",1710.0,False,high,True,True,ok,"LEVEL HIGH (recorded, never an exclusion here): loaded clock 1710 MHz against the 1440 MHz reference. At a duty cycle below 1.0 a HIGH reading is the experiment working, not a cell to drop.",0.25,286.393,0.24989856784431258,45,115.62771521885223,burst,0.8826879858970642,0.8830080032348633,True,1710 1710 1710 1710 1710 1710 1710 1710 1710 1710 1710 1710 1710 1710 1710,False,3725.6571177607857,"measured on this device: NVIDIA GH200 480GB (measured), 3725.7 GB/s (triad pattern)",13.0,580.105.08,True,1,a1b61186bd4b12224d54942af6065e30276d7f44,NVIDIA GH200 480GB,192-222-51-218,"scripts/clock_elasticity.py: bursts of N back-to-back fused_experts calls under one pinned tile, each call L2-flushed and bracketed by its own pre-primed event pair, the FIRST call of every burst discarded as a drained-queue launch, a host-side idle gap after each burst setting the sustained duty cycle, and the SM clock, board power and memory clock read through NVML with the burst still in flight; NOT timing.TIMING_BASIS | duty 0.25 | each idle gap sized from its own burst (gap_basis burst)",,iters=supplied as None; sglang=package not installed,1,3.12.14,174.85664005867835,"measured on this device: NVIDIA GH200 480GB (measured), 651.5 TFLOP/s bf16 over 3725.7 GB/s (triad pattern); calibrated 2026-09-29 at a1b61186",,200.0,2.13.0,3.7.1,2026-09-29T23:02:14+00:00,0.27.1,300.0
native,1,32,5,160,640,1,8,0.6039999723434448,0.5977280139923096,0.002160584038241669,325,3,320.43801587820053,"scripts/clock_elasticity.py: bursts of N back-to-back fused_experts calls under one pinned tile, each call L2-flushed and bracketed by its own pre-primed event pair, the FIRST call of every burst discarded as a drained-queue launch, a host-side idle gap after each burst setting the sustained duty cycle, and the SM clock, board power and memory clock read through NVML with the burst still in flight; NOT timing.TIMING_BASIS",1710.0,False,high,True,True,ok,"LEVEL HIGH (recorded, never an exclusion here): loaded clock 1710 MHz against the 1440 MHz reference. At a duty cycle below 1.0 a HIGH reading is the experiment working, not a cell to drop.",0.25,287.963,0.24989289623766425,66,114.78644975763928,burst,0.6045439839363098,0.603520005941391,True,1710 1710 1710 1710 1710 1710 1710 1710 1710 1710 1710 1710 1710 1710 1710,False,3725.6571177607857,"measured on this device: NVIDIA GH200 480GB (measured), 3725.7 GB/s (triad pattern)",13.0,580.105.08,True,1,a1b61186bd4b12224d54942af6065e30276d7f44,NVIDIA GH200 480GB,192-222-51-218,"scripts/clock_elasticity.py: bursts of N back-to-back fused_experts calls under one pinned tile, each call L2-flushed and bracketed by its own pre-primed event pair, the FIRST call of every burst discarded as a drained-queue launch, a host-side idle gap after each burst setting the sustained duty cycle, and the SM clock, board power and memory clock read through NVML with the burst still in flight; NOT timing.TIMING_BASIS | duty 0.25 | each idle gap sized from its own burst (gap_basis burst)",,iters=supplied as None; sglang=package not installed,1,3.12.14,174.85664005867835,"measured on this device: NVIDIA GH200 480GB (measured), 651.5 TFLOP/s bf16 over 3725.7 GB/s (triad pattern); calibrated 2026-09-29 at a1b61186",,200.0,2.13.0,3.7.1,2026-09-29T23:02:14+00:00,0.27.1,300.0
shared,1,32,4,128,512,1,72,0.4912959933280945,0.4848000109195709,0.002063749977793806,400,3,319.8786879181862,"scripts/clock_elasticity.py: bursts of N back-to-back fused_experts calls under one pinned tile, each call L2-flushed and bracketed by its own pre-primed event pair, the FIRST call of every burst discarded as a drained-queue launch, a host-side idle gap after each burst setting the sustained duty cycle, and the SM clock, board power and memory clock read through NVML with the burst still in flight; NOT timing.TIMING_BASIS",1710.0,False,high,True,True,ok,"LEVEL HIGH (recorded, never an exclusion here): loaded clock 1710 MHz against the 1440 MHz reference. At a duty cycle below 1.0 a HIGH reading is the experiment working, not a cell to drop.",0.25,281.311,0.2498990708181286,81,113.47315981132853,burst,0.49164800345897675,0.49137599766254425,True,1710 1710 1710 1710 1710 1710 1710 1710 1710 1710 1710 1710 1710 1710 1710,False,3725.6571177607857,"measured on this device: NVIDIA GH200 480GB (measured), 3725.7 GB/s (triad pattern)",13.0,580.105.08,True,1,a1b61186bd4b12224d54942af6065e30276d7f44,NVIDIA GH200 480GB,192-222-51-218,"scripts/clock_elasticity.py: bursts of N back-to-back fused_experts calls under one pinned tile, each call L2-flushed and bracketed by its own pre-primed event pair, the FIRST call of every burst discarded as a drained-queue launch, a host-side idle gap after each burst setting the sustained duty cycle, and the SM clock, board power and memory clock read through NVML with the burst still in flight; NOT timing.TIMING_BASIS | duty 0.25 | each idle gap sized from its own burst (gap_basis burst)",,iters=supplied as None; sglang=package not installed,1,3.12.14,174.85664005867835,"measured on this device: NVIDIA GH200 480GB (measured), 651.5 TFLOP/s bf16 over 3725.7 GB/s (triad pattern); calibrated 2026-09-29 at a1b61186",,200.0,2.13.0,3.7.1,2026-09-29T23:02:14+00:00,0.27.1,300.0
private,1,32,4,128,512,4,72,0.6956160068511963,0.6902719736099243,0.001975862829566632,285,3,324.33852684497833,"scripts/clock_elasticity.py: bursts of N back-to-back fused_experts calls under one pinned tile, each call L2-flushed and bracketed by its own pre-primed event pair, the FIRST call of every burst discarded as a drained-queue launch, a host-side idle gap after each burst setting the sustained duty cycle, and the SM clock, board power and memory clock read through NVML with the burst still in flight; NOT timing.TIMING_BASIS",1710.0,False,high,True,True,ok,"LEVEL HIGH (recorded, never an exclusion here): loaded clock 1710 MHz against the 1440 MHz reference. At a duty cycle below 1.0 a HIGH reading is the experiment working, not a cell to drop.",0.25,290.761,0.24989390929800986,58,116.94273908578542,burst,0.6954399943351746,0.6957599818706512,True,1710 1710 1710 1710 1710 1710 1710 1710 1710 1710 1710 1710 1710 1710 1710,False,3725.6571177607857,"measured on this device: NVIDIA GH200 480GB (measured), 3725.7 GB/s (triad pattern)",13.0,580.105.08,True,1,a1b61186bd4b12224d54942af6065e30276d7f44,NVIDIA GH200 480GB,192-222-51-218,"scripts/clock_elasticity.py: bursts of N back-to-back fused_experts calls under one pinned tile, each call L2-flushed and bracketed by its own pre-primed event pair, the FIRST call of every burst discarded as a drained-queue launch, a host-side idle gap after each burst setting the sustained duty cycle, and the SM clock, board power and memory clock read through NVML with the burst still in flight; NOT timing.TIMING_BASIS | duty 0.25 | each idle gap sized from its own burst (gap_basis burst)",,iters=supplied as None; sglang=package not installed,1,3.12.14,174.85664005867835,"measured on this device: NVIDIA GH200 480GB (measured), 651.5 TFLOP/s bf16 over 3725.7 GB/s (triad pattern); calibrated 2026-09-29 at a1b61186",,200.0,2.13.0,3.7.1,2026-09-29T23:02:14+00:00,0.27.1,300.0
native,1,32,4,128,512,1,8,0.487744003534317,0.481440007686615,0.001987379165345697,405,3,321.19775968790054,"scripts/clock_elasticity.py: bursts of N back-to-back fused_experts calls under one pinned tile, each call L2-flushed and bracketed by its own pre-primed event pair, the FIRST call of every burst discarded as a drained-queue launch, a host-side idle gap after each burst setting the sustained duty cycle, and the SM clock, board power and memory clock read through NVML with the burst still in flight; NOT timing.TIMING_BASIS",1710.0,False,high,True,True,ok,"LEVEL HIGH (recorded, never an exclusion here): loaded clock 1710 MHz against the 1440 MHz reference. At a duty cycle below 1.0 a HIGH reading is the experiment working, not a cell to drop.",0.25,288.184,0.24989396295124403,82,114.05901245380845,burst,0.48820799589157104,0.48790399730205536,True,1710 1710 1710 1710 1710 1710 1710 1710 1710 1710 1710 1710 1710 1710 1710,False,3725.6571177607857,"measured on this device: NVIDIA GH200 480GB (measured), 3725.7 GB/s (triad pattern)",13.0,580.105.08,True,1,a1b61186bd4b12224d54942af6065e30276d7f44,NVIDIA GH200 480GB,192-222-51-218,"scripts/clock_elasticity.py: bursts of N back-to-back fused_experts calls under one pinned tile, each call L2-flushed and bracketed by its own pre-primed event pair, the FIRST call of every burst discarded as a drained-queue launch, a host-side idle gap after each burst setting the sustained duty cycle, and the SM clock, board power and memory clock read through NVML with the burst still in flight; NOT timing.TIMING_BASIS | duty 0.25 | each idle gap sized from its own burst (gap_basis burst)",,iters=supplied as None; sglang=package not installed,1,3.12.14,174.85664005867835,"measured on this device: NVIDIA GH200 480GB (measured), 651.5 TFLOP/s bf16 over 3725.7 GB/s (triad pattern); calibrated 2026-09-29 at a1b61186",,200.0,2.13.0,3.7.1,2026-09-29T23:02:14+00:00,0.27.1,300.0
shared,1,32,3,96,384,1,72,0.3776639997959137,0.3721599876880646,0.001719603271446341,525,3,322.029247790575,"scripts/clock_elasticity.py: bursts of N back-to-back fused_experts calls under one pinned tile, each call L2-flushed and bracketed by its own pre-primed event pair, the FIRST call of every burst discarded as a drained-queue launch, a host-side idle gap after each burst setting the sustained duty cycle, and the SM clock, board power and memory clock read through NVML with the burst still in flight; NOT timing.TIMING_BASIS",1710.0,False,high,True,True,ok,"LEVEL HIGH (recorded, never an exclusion here): loaded clock 1710 MHz against the 1440 MHz reference. At a duty cycle below 1.0 a HIGH reading is the experiment working, not a cell to drop.",0.25,297.3,0.24989916219193667,106,112.25726857660264,burst,0.37830400466918945,0.37697599828243256,True,1710 1710 1710 1710 1710 1710 1710 1710 1710 1710 1710 1710 1710 1710 1710,False,3725.6571177607857,"measured on this device: NVIDIA GH200 480GB (measured), 3725.7 GB/s (triad pattern)",13.0,580.105.08,True,1,a1b61186bd4b12224d54942af6065e30276d7f44,NVIDIA GH200 480GB,192-222-51-218,"scripts/clock_elasticity.py: bursts of N back-to-back fused_experts calls under one pinned tile, each call L2-flushed and bracketed by its own pre-primed event pair, the FIRST call of every burst discarded as a drained-queue launch, a host-side idle gap after each burst setting the sustained duty cycle, and the SM clock, board power and memory clock read through NVML with the burst still in flight; NOT timing.TIMING_BASIS | duty 0.25 | each idle gap sized from its own burst (gap_basis burst)",,iters=supplied as None; sglang=package not installed,1,3.12.14,174.85664005867835,"measured on this device: NVIDIA GH200 480GB (measured), 651.5 TFLOP/s bf16 over 3725.7 GB/s (triad pattern); calibrated 2026-09-29 at a1b61186",,200.0,2.13.0,3.7.1,2026-09-29T23:02:14+00:00,0.27.1,300.0
private,1,32,3,96,384,3,72,0.5464160144329071,0.536736011505127,0.0033538231548700215,360,3,319.92806392908096,"scripts/clock_elasticity.py: bursts of N back-to-back fused_experts calls under one pinned tile, each call L2-flushed and bracketed by its own pre-primed event pair, the FIRST call of every burst discarded as a drained-queue launch, a host-side idle gap after each burst setting the sustained duty cycle, and the SM clock, board power and memory clock read through NVML with the burst still in flight; NOT timing.TIMING_BASIS",1710.0,False,high,True,True,ok,"LEVEL HIGH (recorded, never an exclusion here): loaded clock 1710 MHz against the 1440 MHz reference. At a duty cycle below 1.0 a HIGH reading is the experiment working, not a cell to drop.",0.25,283.896,0.2499136677447185,73,114.06302094449894,burst,0.5463359951972961,0.5468479990959167,True,1710 1710 1710 1710 1710 1710 1710 1710 1710 1710 1710 1710 1710 1710 1710,False,3725.6571177607857,"measured on this device: NVIDIA GH200 480GB (measured), 3725.7 GB/s (triad pattern)",13.0,580.105.08,True,1,a1b61186bd4b12224d54942af6065e30276d7f44,NVIDIA GH200 480GB,192-222-51-218,"scripts/clock_elasticity.py: bursts of N back-to-back fused_experts calls under one pinned tile, each call L2-flushed and bracketed by its own pre-primed event pair, the FIRST call of every burst discarded as a drained-queue launch, a host-side idle gap after each burst setting the sustained duty cycle, and the SM clock, board power and memory clock read through NVML with the burst still in flight; NOT timing.TIMING_BASIS | duty 0.25 | each idle gap sized from its own burst (gap_basis burst)",,iters=supplied as None; sglang=package not installed,1,3.12.14,174.85664005867835,"measured on this device: NVIDIA GH200 480GB (measured), 651.5 TFLOP/s bf16 over 3725.7 GB/s (triad pattern); calibrated 2026-09-29 at a1b61186",,200.0,2.13.0,3.7.1,2026-09-29T23:02:14+00:00,0.27.1,300.0
native,1,32,3,96,384,1,8,0.3903680145740509,0.38543999195098877,0.0015731532348844527,510,3,322.51263988018036,"scripts/clock_elasticity.py: bursts of N back-to-back fused_experts calls under one pinned tile, each call L2-flushed and bracketed by its own pre-primed event pair, the FIRST call of every burst discarded as a drained-queue launch, a host-side idle gap after each burst setting the sustained duty cycle, and the SM clock, board power and memory clock read through NVML with the burst still in flight; NOT timing.TIMING_BASIS",1710.0,False,high,True,True,ok,"LEVEL HIGH (recorded, never an exclusion here): loaded clock 1710 MHz against the 1440 MHz reference. At a duty cycle below 1.0 a HIGH reading is the experiment working, not a cell to drop.",0.25,288.461,0.2498978302178119,103,112.78162181419977,burst,0.3898240029811859,0.3908480107784271,True,1710 1710 1710 1710 1710 1710 1710 1710 1710 1710 1710 1710 1710 1710 1710,False,3725.6571177607857,"measured on this device: NVIDIA GH200 480GB (measured), 3725.7 GB/s (triad pattern)",13.0,580.105.08,True,1,a1b61186bd4b12224d54942af6065e30276d7f44,NVIDIA GH200 480GB,192-222-51-218,"scripts/clock_elasticity.py: bursts of N back-to-back fused_experts calls under one pinned tile, each call L2-flushed and bracketed by its own pre-primed event pair, the FIRST call of every burst discarded as a drained-queue launch, a host-side idle gap after each burst setting the sustained duty cycle, and the SM clock, board power and memory clock read through NVML with the burst still in flight; NOT timing.TIMING_BASIS | duty 0.25 | each idle gap sized from its own burst (gap_basis burst)",,iters=supplied as None; sglang=package not installed,1,3.12.14,174.85664005867835,"measured on this device: NVIDIA GH200 480GB (measured), 651.5 TFLOP/s bf16 over 3725.7 GB/s (triad pattern); calibrated 2026-09-29 at a1b61186",,200.0,2.13.0,3.7.1,2026-09-29T23:02:14+00:00,0.27.1,300.0
shared,1,32,2,64,256,1,72,0.2712000012397766,0.2632000148296356,0.019360441615684593,695,3,320.3122878074646,"scripts/clock_elasticity.py: bursts of N back-to-back fused_experts calls under one pinned tile, each call L2-flushed and bracketed by its own pre-primed event pair, the FIRST call of every burst discarded as a drained-queue launch, a host-side idle gap after each burst setting the sustained duty cycle, and the SM clock, board power and memory clock read through NVML with the burst still in flight; NOT timing.TIMING_BASIS",1710.0,False,high,True,True,ok,"LEVEL HIGH (recorded, never an exclusion here): loaded clock 1710 MHz against the 1440 MHz reference. At a duty cycle below 1.0 a HIGH reading is the experiment working, not a cell to drop.; host-bound: in 15 of 15 trials the GPU had fewer than 2 iterations of work queued when the host finished enqueueing (smallest backlog 0.32 iterations; host enqueue 0.3620 ms per call); the intervals include host enqueue time and the number is an upper bound on the kernel time; time the callable as a graph replay or through a fused launcher to measure the GPU alone",0.25,298.563,0.24990422743582022,140,108.75023996746677,burst,0.2747200131416321,0.27347199618816376,True,1710 1710 1710 1710 1710 1710 1710 1710 1710 1710 1710 1710 1710 1710 1710,True,3725.6571177607857,"measured on this device: NVIDIA GH200 480GB (measured), 3725.7 GB/s (triad pattern)",13.0,580.105.08,True,1,a1b61186bd4b12224d54942af6065e30276d7f44,NVIDIA GH200 480GB,192-222-51-218,"scripts/clock_elasticity.py: bursts of N back-to-back fused_experts calls under one pinned tile, each call L2-flushed and bracketed by its own pre-primed event pair, the FIRST call of every burst discarded as a drained-queue launch, a host-side idle gap after each burst setting the sustained duty cycle, and the SM clock, board power and memory clock read through NVML with the burst still in flight; NOT timing.TIMING_BASIS | duty 0.25 | each idle gap sized from its own burst (gap_basis burst)",,iters=supplied as None; sglang=package not installed,1,3.12.14,174.85664005867835,"measured on this device: NVIDIA GH200 480GB (measured), 651.5 TFLOP/s bf16 over 3725.7 GB/s (triad pattern); calibrated 2026-09-29 at a1b61186",,200.0,2.13.0,3.7.1,2026-09-29T23:02:14+00:00,0.27.1,300.0
private,1,32,2,64,256,2,72,0.36000001430511475,0.3530240058898926,0.0022230909491891206,550,3,320.976127833128,"scripts/clock_elasticity.py: bursts of N back-to-back fused_experts calls under one pinned tile, each call L2-flushed and bracketed by its own pre-primed event pair, the FIRST call of every burst discarded as a drained-queue launch, a host-side idle gap after each burst setting the sustained duty cycle, and the SM clock, board power and memory clock read through NVML with the burst still in flight; NOT timing.TIMING_BASIS",1710.0,False,high,True,True,ok,"LEVEL HIGH (recorded, never an exclusion here): loaded clock 1710 MHz against the 1440 MHz reference. At a duty cycle below 1.0 a HIGH reading is the experiment working, not a cell to drop.",0.25,293.587,0.24990022499986325,111,111.44251434922808,burst,0.3598720133304596,0.3601920008659363,True,1710 1710 1710 1710 1710 1710 1710 1710 1710 1710 1710 1710 1710 1710 1710,False,3725.6571177607857,"measured on this device: NVIDIA GH200 480GB (measured), 3725.7 GB/s (triad pattern)",13.0,580.105.08,True,1,a1b61186bd4b12224d54942af6065e30276d7f44,NVIDIA GH200 480GB,192-222-51-218,"scripts/clock_elasticity.py: bursts of N back-to-back fused_experts calls under one pinned tile, each call L2-flushed and bracketed by its own pre-primed event pair, the FIRST call of every burst discarded as a drained-queue launch, a host-side idle gap after each burst setting the sustained duty cycle, and the SM clock, board power and memory clock read through NVML with the burst still in flight; NOT timing.TIMING_BASIS | duty 0.25 | each idle gap sized from its own burst (gap_basis burst)",,iters=supplied as None; sglang=package not installed,1,3.12.14,174.85664005867835,"measured on this device: NVIDIA GH200 480GB (measured), 651.5 TFLOP/s bf16 over 3725.7 GB/s (triad pattern); calibrated 2026-09-29 at a1b61186",,200.0,2.13.0,3.7.1,2026-09-29T23:02:14+00:00,0.27.1,300.0
native,1,32,2,64,256,1,8,0.2708800137042999,0.2661440074443817,0.006461522133872819,740,3,324.69388818740845,"scripts/clock_elasticity.py: bursts of N back-to-back fused_experts calls under one pinned tile, each call L2-flushed and bracketed by its own pre-primed event pair, the FIRST call of every burst discarded as a drained-queue launch, a host-side idle gap after each burst setting the sustained duty cycle, and the SM clock, board power and memory clock read through NVML with the burst still in flight; NOT timing.TIMING_BASIS",1710.0,False,high,True,True,ok,"LEVEL HIGH (recorded, never an exclusion here): loaded clock 1710 MHz against the 1440 MHz reference. At a duty cycle below 1.0 a HIGH reading is the experiment working, not a cell to drop.; host-bound: in 2 of 15 trials the GPU had fewer than 2 iterations of work queued when the host finished enqueueing (smallest backlog 0.40 iterations; host enqueue 0.3394 ms per call); the intervals include host enqueue time and the number is an upper bound on the kernel time; time the callable as a graph replay or through a fused launcher to measure the GPU alone",0.25,302.36,0.2498962358334436,149,110.03608437070581,burst,0.27052798867225647,0.27107200026512146,True,1710 1710 1710 1710 1710 1710 1710 1710 1710 1710 1710 1710 1710 1710 1710,True,3725.6571177607857,"measured on this device: NVIDIA GH200 480GB (measured), 3725.7 GB/s (triad pattern)",13.0,580.105.08,True,1,a1b61186bd4b12224d54942af6065e30276d7f44,NVIDIA GH200 480GB,192-222-51-218,"scripts/clock_elasticity.py: bursts of N back-to-back fused_experts calls under one pinned tile, each call L2-flushed and bracketed by its own pre-primed event pair, the FIRST call of every burst discarded as a drained-queue launch, a host-side idle gap after each burst setting the sustained duty cycle, and the SM clock, board power and memory clock read through NVML with the burst still in flight; NOT timing.TIMING_BASIS | duty 0.25 | each idle gap sized from its own burst (gap_basis burst)",,iters=supplied as None; sglang=package not installed,1,3.12.14,174.85664005867835,"measured on this device: NVIDIA GH200 480GB (measured), 651.5 TFLOP/s bf16 over 3725.7 GB/s (triad pattern); calibrated 2026-09-29 at a1b61186",,200.0,2.13.0,3.7.1,2026-09-29T23:02:14+00:00,0.27.1,300.0
shared,1,32,1,32,128,1,72,0.28228799998760223,0.23868800699710846,0.02496695007333727,660,3,308.92972783744335,"scripts/clock_elasticity.py: bursts of N back-to-back fused_experts calls under one pinned tile, each call L2-flushed and bracketed by its own pre-primed event pair, the FIRST call of every burst discarded as a drained-queue launch, a host-side idle gap after each burst setting the sustained duty cycle, and the SM clock, board power and memory clock read through NVML with the burst still in flight; NOT timing.TIMING_BASIS",1710.0,False,high,True,True,ok,"LEVEL HIGH (recorded, never an exclusion here): loaded clock 1710 MHz against the 1440 MHz reference. At a duty cycle below 1.0 a HIGH reading is the experiment working, not a cell to drop.; host-bound: in 15 of 15 trials the GPU had fewer than 2 iterations of work queued when the host finished enqueueing (smallest backlog 0.15 iterations; host enqueue 0.3673 ms per call); the intervals include host enqueue time and the number is an upper bound on the kernel time; time the callable as a graph replay or through a fused launcher to measure the GPU alone",0.25,240.559,0.2498918507706209,133,105.1537125199975,burst,0.2811200022697449,0.2824000120162964,True,1710 1710 1710 1710 1710 1710 1710 1710 1710 1710 1710 1710 1710 1710 1710,True,3725.6571177607857,"measured on this device: NVIDIA GH200 480GB (measured), 3725.7 GB/s (triad pattern)",13.0,580.105.08,True,1,a1b61186bd4b12224d54942af6065e30276d7f44,NVIDIA GH200 480GB,192-222-51-218,"scripts/clock_elasticity.py: bursts of N back-to-back fused_experts calls under one pinned tile, each call L2-flushed and bracketed by its own pre-primed event pair, the FIRST call of every burst discarded as a drained-queue launch, a host-side idle gap after each burst setting the sustained duty cycle, and the SM clock, board power and memory clock read through NVML with the burst still in flight; NOT timing.TIMING_BASIS | duty 0.25 | each idle gap sized from its own burst (gap_basis burst)",,iters=supplied as None; sglang=package not installed,1,3.12.14,174.85664005867835,"measured on this device: NVIDIA GH200 480GB (measured), 651.5 TFLOP/s bf16 over 3725.7 GB/s (triad pattern); calibrated 2026-09-29 at a1b61186",,200.0,2.13.0,3.7.1,2026-09-29T23:02:14+00:00,0.27.1,300.0
private,1,32,1,32,128,1,72,0.27191999554634094,0.23059199750423431,0.021570246117514985,690,3,319.08553589880466,"scripts/clock_elasticity.py: bursts of N back-to-back fused_experts calls under one pinned tile, each call L2-flushed and bracketed by its own pre-primed event pair, the FIRST call of every burst discarded as a drained-queue launch, a host-side idle gap after each burst setting the sustained duty cycle, and the SM clock, board power and memory clock read through NVML with the burst still in flight; NOT timing.TIMING_BASIS",1710.0,False,high,True,True,ok,"LEVEL HIGH (recorded, never an exclusion here): loaded clock 1710 MHz against the 1440 MHz reference. At a duty cycle below 1.0 a HIGH reading is the experiment working, not a cell to drop.; host-bound: in 15 of 15 trials the GPU had fewer than 2 iterations of work queued when the host finished enqueueing (smallest backlog 0.16 iterations; host enqueue 0.3541 ms per call); the intervals include host enqueue time and the number is an upper bound on the kernel time; time the callable as a graph replay or through a fused launcher to measure the GPU alone",0.25,241.251,0.2498918363654579,139,104.53607765393464,burst,0.27134399116039276,0.27012799680233,True,1710 1710 1710 1710 1710 1710 1710 1710 1710 1710 1710 1710 1710 1710 1710,True,3725.6571177607857,"measured on this device: NVIDIA GH200 480GB (measured), 3725.7 GB/s (triad pattern)",13.0,580.105.08,True,1,a1b61186bd4b12224d54942af6065e30276d7f44,NVIDIA GH200 480GB,192-222-51-218,"scripts/clock_elasticity.py: bursts of N back-to-back fused_experts calls under one pinned tile, each call L2-flushed and bracketed by its own pre-primed event pair, the FIRST call of every burst discarded as a drained-queue launch, a host-side idle gap after each burst setting the sustained duty cycle, and the SM clock, board power and memory clock read through NVML with the burst still in flight; NOT timing.TIMING_BASIS | duty 0.25 | each idle gap sized from its own burst (gap_basis burst)",,iters=supplied as None; sglang=package not installed,1,3.12.14,174.85664005867835,"measured on this device: NVIDIA GH200 480GB (measured), 651.5 TFLOP/s bf16 over 3725.7 GB/s (triad pattern); calibrated 2026-09-29 at a1b61186",,200.0,2.13.0,3.7.1,2026-09-29T23:02:14+00:00,0.27.1,300.0
native,1,32,1,32,128,1,8,0.25839999318122864,0.2160000056028366,0.024050798590453584,730,3,315.6224320679903,"scripts/clock_elasticity.py: bursts of N back-to-back fused_experts calls under one pinned tile, each call L2-flushed and bracketed by its own pre-primed event pair, the FIRST call of every burst discarded as a drained-queue launch, a host-side idle gap after each burst setting the sustained duty cycle, and the SM clock, board power and memory clock read through NVML with the burst still in flight; NOT timing.TIMING_BASIS",1710.0,False,high,True,True,ok,"LEVEL HIGH (recorded, never an exclusion here): loaded clock 1710 MHz against the 1440 MHz reference. At a duty cycle below 1.0 a HIGH reading is the experiment working, not a cell to drop.; host-bound: in 15 of 15 trials the GPU had fewer than 2 iterations of work queued when the host finished enqueueing (smallest backlog 0.16 iterations; host enqueue 0.3406 ms per call); the intervals include host enqueue time and the number is an upper bound on the kernel time; time the callable as a graph replay or through a fused launcher to measure the GPU alone",0.25,250.215,0.24989015055864072,147,104.65610304682377,burst,0.26075200736522675,0.2559039890766144,True,1710 1710 1710 1710 1710 1710 1710 1710 1710 1710 1710 1710 1710 1710 1710,True,3725.6571177607857,"measured on this device: NVIDIA GH200 480GB (measured), 3725.7 GB/s (triad pattern)",13.0,580.105.08,True,1,a1b61186bd4b12224d54942af6065e30276d7f44,NVIDIA GH200 480GB,192-222-51-218,"scripts/clock_elasticity.py: bursts of N back-to-back fused_experts calls under one pinned tile, each call L2-flushed and bracketed by its own pre-primed event pair, the FIRST call of every burst discarded as a drained-queue launch, a host-side idle gap after each burst setting the sustained duty cycle, and the SM clock, board power and memory clock read through NVML with the burst still in flight; NOT timing.TIMING_BASIS | duty 0.25 | each idle gap sized from its own burst (gap_basis burst)",,iters=supplied as None; sglang=package not installed,1,3.12.14,174.85664005867835,"measured on this device: NVIDIA GH200 480GB (measured), 651.5 TFLOP/s bf16 over 3725.7 GB/s (triad pattern); calibrated 2026-09-29 at a1b61186",,200.0,2.13.0,3.7.1,2026-09-29T23:02:14+00:00,0.27.1,300.0
private,2,32,1,32,128,1,72,0.2760159969329834,0.23401600122451782,0.02158901838051898,670,3,311.76134419441223,"scripts/clock_elasticity.py: bursts of N back-to-back fused_experts calls under one pinned tile, each call L2-flushed and bracketed by its own pre-primed event pair, the FIRST call of every burst discarded as a drained-queue launch, a host-side idle gap after each burst setting the sustained duty cycle, and the SM clock, board power and memory clock read through NVML with the burst still in flight; NOT timing.TIMING_BASIS",1710.0,False,high,True,True,ok,"LEVEL HIGH (recorded, never an exclusion here): loaded clock 1710 MHz against the 1440 MHz reference. At a duty cycle below 1.0 a HIGH reading is the experiment working, not a cell to drop.; host-bound: in 15 of 15 trials the GPU had fewer than 2 iterations of work queued when the host finished enqueueing (smallest backlog 0.15 iterations; host enqueue 0.3612 ms per call); the intervals include host enqueue time and the number is an upper bound on the kernel time; time the callable as a graph replay or through a fused launcher to measure the GPU alone",0.25,241.954,0.2498902543607053,135,104.36974643636132,burst,0.27667200565338135,0.2758080065250397,True,1710 1710 1710 1710 1710 1710 1710 1710 1710 1710 1710 1710 1710 1710 1710,True,3725.6571177607857,"measured on this device: NVIDIA GH200 480GB (measured), 3725.7 GB/s (triad pattern)",13.0,580.105.08,True,1,a1b61186bd4b12224d54942af6065e30276d7f44,NVIDIA GH200 480GB,192-222-51-218,"scripts/clock_elasticity.py: bursts of N back-to-back fused_experts calls under one pinned tile, each call L2-flushed and bracketed by its own pre-primed event pair, the FIRST call of every burst discarded as a drained-queue launch, a host-side idle gap after each burst setting the sustained duty cycle, and the SM clock, board power and memory clock read through NVML with the burst still in flight; NOT timing.TIMING_BASIS | duty 0.25 | each idle gap sized from its own burst (gap_basis burst)",,iters=supplied as None; sglang=package not installed,1,3.12.14,174.85664005867835,"measured on this device: NVIDIA GH200 480GB (measured), 651.5 TFLOP/s bf16 over 3725.7 GB/s (triad pattern); calibrated 2026-09-29 at a1b61186",,200.0,2.13.0,3.7.1,2026-09-29T23:02:14+00:00,0.27.1,300.0
native,2,32,1,32,128,1,8,0.2677280008792877,0.22220799326896667,0.023969070362164956,710,3,314.6111358255148,"scripts/clock_elasticity.py: bursts of N back-to-back fused_experts calls under one pinned tile, each call L2-flushed and bracketed by its own pre-primed event pair, the FIRST call of every burst discarded as a drained-queue launch, a host-side idle gap after each burst setting the sustained duty cycle, and the SM clock, board power and memory clock read through NVML with the burst still in flight; NOT timing.TIMING_BASIS",1710.0,False,high,True,True,ok,"LEVEL HIGH (recorded, never an exclusion here): loaded clock 1710 MHz against the 1440 MHz reference. At a duty cycle below 1.0 a HIGH reading is the experiment working, not a cell to drop.; host-bound: in 15 of 15 trials the GPU had fewer than 2 iterations of work queued when the host finished enqueueing (smallest backlog 0.16 iterations; host enqueue 0.3511 ms per call); the intervals include host enqueue time and the number is an upper bound on the kernel time; time the callable as a graph replay or through a fused launcher to measure the GPU alone",0.25,244.286,0.24989297520899445,143,106.44064552269083,burst,0.26921600103378296,0.2662400007247925,True,1710 1710 1710 1710 1710 1710 1710 1710 1710 1710 1710 1710 1710 1710 1710,True,3725.6571177607857,"measured on this device: NVIDIA GH200 480GB (measured), 3725.7 GB/s (triad pattern)",13.0,580.105.08,True,1,a1b61186bd4b12224d54942af6065e30276d7f44,NVIDIA GH200 480GB,192-222-51-218,"scripts/clock_elasticity.py: bursts of N back-to-back fused_experts calls under one pinned tile, each call L2-flushed and bracketed by its own pre-primed event pair, the FIRST call of every burst discarded as a drained-queue launch, a host-side idle gap after each burst setting the sustained duty cycle, and the SM clock, board power and memory clock read through NVML with the burst still in flight; NOT timing.TIMING_BASIS | duty 0.25 | each idle gap sized from its own burst (gap_basis burst)",,iters=supplied as None; sglang=package not installed,1,3.12.14,174.85664005867835,"measured on this device: NVIDIA GH200 480GB (measured), 651.5 TFLOP/s bf16 over 3725.7 GB/s (triad pattern); calibrated 2026-09-29 at a1b61186",,200.0,2.13.0,3.7.1,2026-09-29T23:02:14+00:00,0.27.1,300.0
shared,2,32,1,32,128,1,72,0.2889600098133087,0.23926399648189545,0.02334873876296394,665,3,314.3880003541708,"scripts/clock_elasticity.py: bursts of N back-to-back fused_experts calls under one pinned tile, each call L2-flushed and bracketed by its own pre-primed event pair, the FIRST call of every burst discarded as a drained-queue launch, a host-side idle gap after each burst setting the sustained duty cycle, and the SM clock, board power and memory clock read through NVML with the burst still in flight; NOT timing.TIMING_BASIS",1710.0,False,high,True,True,ok,"LEVEL HIGH (recorded, never an exclusion here): loaded clock 1710 MHz against the 1440 MHz reference. At a duty cycle below 1.0 a HIGH reading is the experiment working, not a cell to drop.; host-bound: in 15 of 15 trials the GPU had fewer than 2 iterations of work queued when the host finished enqueueing (smallest backlog 0.15 iterations; host enqueue 0.3710 ms per call); the intervals include host enqueue time and the number is an upper bound on the kernel time; time the callable as a graph replay or through a fused launcher to measure the GPU alone",0.25,236.342,0.24989316003671375,134,107.55271335249564,burst,0.2887359857559204,0.28572800755500793,True,1710 1710 1710 1710 1710 1710 1710 1710 1710 1710 1710 1710 1710 1710 1710,True,3725.6571177607857,"measured on this device: NVIDIA GH200 480GB (measured), 3725.7 GB/s (triad pattern)",13.0,580.105.08,True,1,a1b61186bd4b12224d54942af6065e30276d7f44,NVIDIA GH200 480GB,192-222-51-218,"scripts/clock_elasticity.py: bursts of N back-to-back fused_experts calls under one pinned tile, each call L2-flushed and bracketed by its own pre-primed event pair, the FIRST call of every burst discarded as a drained-queue launch, a host-side idle gap after each burst setting the sustained duty cycle, and the SM clock, board power and memory clock read through NVML with the burst still in flight; NOT timing.TIMING_BASIS | duty 0.25 | each idle gap sized from its own burst (gap_basis burst)",,iters=supplied as None; sglang=package not installed,1,3.12.14,174.85664005867835,"measured on this device: NVIDIA GH200 480GB (measured), 651.5 TFLOP/s bf16 over 3725.7 GB/s (triad pattern); calibrated 2026-09-29 at a1b61186",,200.0,2.13.0,3.7.1,2026-09-29T23:02:14+00:00,0.27.1,300.0
private,2,32,2,64,256,2,72,0.3601279854774475,0.35411199927330017,0.0021301927654667147,550,3,320.8141121864319,"scripts/clock_elasticity.py: bursts of N back-to-back fused_experts calls under one pinned tile, each call L2-flushed and bracketed by its own pre-primed event pair, the FIRST call of every burst discarded as a drained-queue launch, a host-side idle gap after each burst setting the sustained duty cycle, and the SM clock, board power and memory clock read through NVML with the burst still in flight; NOT timing.TIMING_BASIS",1710.0,False,high,True,True,ok,"LEVEL HIGH (recorded, never an exclusion here): loaded clock 1710 MHz against the 1440 MHz reference. At a duty cycle below 1.0 a HIGH reading is the experiment working, not a cell to drop.",0.25,284.322,0.24989484864986586,111,111.47576294816643,burst,0.36003199219703674,0.36032000184059143,True,1710 1710 1710 1710 1710 1710 1710 1710 1710 1710 1710 1710 1710 1710 1710,False,3725.6571177607857,"measured on this device: NVIDIA GH200 480GB (measured), 3725.7 GB/s (triad pattern)",13.0,580.105.08,True,1,a1b61186bd4b12224d54942af6065e30276d7f44,NVIDIA GH200 480GB,192-222-51-218,"scripts/clock_elasticity.py: bursts of N back-to-back fused_experts calls under one pinned tile, each call L2-flushed and bracketed by its own pre-primed event pair, the FIRST call of every burst discarded as a drained-queue launch, a host-side idle gap after each burst setting the sustained duty cycle, and the SM clock, board power and memory clock read through NVML with the burst still in flight; NOT timing.TIMING_BASIS | duty 0.25 | each idle gap sized from its own burst (gap_basis burst)",,iters=supplied as None; sglang=package not installed,1,3.12.14,174.85664005867835,"measured on this device: NVIDIA GH200 480GB (measured), 651.5 TFLOP/s bf16 over 3725.7 GB/s (triad pattern); calibrated 2026-09-29 at a1b61186",,200.0,2.13.0,3.7.1,2026-09-29T23:02:14+00:00,0.27.1,300.0
native,2,32,2,64,256,1,8,0.2717120051383972,0.2677760124206543,0.010322256159106905,725,3,323.9567679464817,"scripts/clock_elasticity.py: bursts of N back-to-back fused_experts calls under one pinned tile, each call L2-flushed and bracketed by its own pre-primed event pair, the FIRST call of every burst discarded as a drained-queue launch, a host-side idle gap after each burst setting the sustained duty cycle, and the SM clock, board power and memory clock read through NVML with the burst still in flight; NOT timing.TIMING_BASIS",1710.0,False,high,True,True,ok,"LEVEL HIGH (recorded, never an exclusion here): loaded clock 1710 MHz against the 1440 MHz reference. At a duty cycle below 1.0 a HIGH reading is the experiment working, not a cell to drop.; host-bound: in 13 of 15 trials the GPU had fewer than 2 iterations of work queued when the host finished enqueueing (smallest backlog 0.32 iterations; host enqueue 0.3531 ms per call); the intervals include host enqueue time and the number is an upper bound on the kernel time; time the callable as a graph replay or through a fused launcher to measure the GPU alone",0.25,296.843,0.24989514357267237,146,109.44709732461524,burst,0.27137599885463715,0.27167999744415283,True,1710 1710 1710 1710 1710 1710 1710 1710 1710 1710 1710 1710 1710 1710 1710,True,3725.6571177607857,"measured on this device: NVIDIA GH200 480GB (measured), 3725.7 GB/s (triad pattern)",13.0,580.105.08,True,1,a1b61186bd4b12224d54942af6065e30276d7f44,NVIDIA GH200 480GB,192-222-51-218,"scripts/clock_elasticity.py: bursts of N back-to-back fused_experts calls under one pinned tile, each call L2-flushed and bracketed by its own pre-primed event pair, the FIRST call of every burst discarded as a drained-queue launch, a host-side idle gap after each burst setting the sustained duty cycle, and the SM clock, board power and memory clock read through NVML with the burst still in flight; NOT timing.TIMING_BASIS | duty 0.25 | each idle gap sized from its own burst (gap_basis burst)",,iters=supplied as None; sglang=package not installed,1,3.12.14,174.85664005867835,"measured on this device: NVIDIA GH200 480GB (measured), 651.5 TFLOP/s bf16 over 3725.7 GB/s (triad pattern); calibrated 2026-09-29 at a1b61186",,200.0,2.13.0,3.7.1,2026-09-29T23:02:14+00:00,0.27.1,300.0
shared,2,32,2,64,256,1,72,0.2677119970321655,0.2632319927215576,0.01438262962746895,685,3,309.20940774679184,"scripts/clock_elasticity.py: bursts of N back-to-back fused_experts calls under one pinned tile, each call L2-flushed and bracketed by its own pre-primed event pair, the FIRST call of every burst discarded as a drained-queue launch, a host-side idle gap after each burst setting the sustained duty cycle, and the SM clock, board power and memory clock read through NVML with the burst still in flight; NOT timing.TIMING_BASIS",1710.0,False,high,True,True,ok,"LEVEL HIGH (recorded, never an exclusion here): loaded clock 1710 MHz against the 1440 MHz reference. At a duty cycle below 1.0 a HIGH reading is the experiment working, not a cell to drop.; host-bound: in 15 of 15 trials the GPU had fewer than 2 iterations of work queued when the host finished enqueueing (smallest backlog 0.28 iterations; host enqueue 0.3543 ms per call); the intervals include host enqueue time and the number is an upper bound on the kernel time; time the callable as a graph replay or through a fused launcher to measure the GPU alone",0.25,297.354,0.24989544818220633,138,104.02308885086315,burst,0.2672800123691559,0.2677920013666153,True,1710 1710 1710 1710 1710 1710 1710 1710 1710 1710 1710 1710 1710 1710 1710,True,3725.6571177607857,"measured on this device: NVIDIA GH200 480GB (measured), 3725.7 GB/s (triad pattern)",13.0,580.105.08,True,1,a1b61186bd4b12224d54942af6065e30276d7f44,NVIDIA GH200 480GB,192-222-51-218,"scripts/clock_elasticity.py: bursts of N back-to-back fused_experts calls under one pinned tile, each call L2-flushed and bracketed by its own pre-primed event pair, the FIRST call of every burst discarded as a drained-queue launch, a host-side idle gap after each burst setting the sustained duty cycle, and the SM clock, board power and memory clock read through NVML with the burst still in flight; NOT timing.TIMING_BASIS | duty 0.25 | each idle gap sized from its own burst (gap_basis burst)",,iters=supplied as None; sglang=package not installed,1,3.12.14,174.85664005867835,"measured on this device: NVIDIA GH200 480GB (measured), 651.5 TFLOP/s bf16 over 3725.7 GB/s (triad pattern); calibrated 2026-09-29 at a1b61186",,200.0,2.13.0,3.7.1,2026-09-29T23:02:14+00:00,0.27.1,300.0
private,2,32,3,96,384,3,72,0.5463359951972961,0.5369279980659485,0.0034105162504765576,360,3,319.9288961291313,"scripts/clock_elasticity.py: bursts of N back-to-back fused_experts calls under one pinned tile, each call L2-flushed and bracketed by its own pre-primed event pair, the FIRST call of every burst discarded as a drained-queue launch, a host-side idle gap after each burst setting the sustained duty cycle, and the SM clock, board power and memory clock read through NVML with the burst still in flight; NOT timing.TIMING_BASIS",1710.0,False,high,True,True,ok,"LEVEL HIGH (recorded, never an exclusion here): loaded clock 1710 MHz against the 1440 MHz reference. At a duty cycle below 1.0 a HIGH reading is the experiment working, not a cell to drop.",0.25,289.699,0.2498937958381086,73,114.11713272981616,burst,0.5465120077133179,0.5463840067386627,True,1710 1710 1710 1710 1710 1710 1710 1710 1710 1710 1710 1710 1710 1710 1710,False,3725.6571177607857,"measured on this device: NVIDIA GH200 480GB (measured), 3725.7 GB/s (triad pattern)",13.0,580.105.08,True,1,a1b61186bd4b12224d54942af6065e30276d7f44,NVIDIA GH200 480GB,192-222-51-218,"scripts/clock_elasticity.py: bursts of N back-to-back fused_experts calls under one pinned tile, each call L2-flushed and bracketed by its own pre-primed event pair, the FIRST call of every burst discarded as a drained-queue launch, a host-side idle gap after each burst setting the sustained duty cycle, and the SM clock, board power and memory clock read through NVML with the burst still in flight; NOT timing.TIMING_BASIS | duty 0.25 | each idle gap sized from its own burst (gap_basis burst)",,iters=supplied as None; sglang=package not installed,1,3.12.14,174.85664005867835,"measured on this device: NVIDIA GH200 480GB (measured), 651.5 TFLOP/s bf16 over 3725.7 GB/s (triad pattern); calibrated 2026-09-29 at a1b61186",,200.0,2.13.0,3.7.1,2026-09-29T23:02:14+00:00,0.27.1,300.0
native,2,32,3,96,384,1,8,0.3906559944152832,0.3850240111351013,0.0016383612100053608,515,3,326.05635264515877,"scripts/clock_elasticity.py: bursts of N back-to-back fused_experts calls under one pinned tile, each call L2-flushed and bracketed by its own pre-primed event pair, the FIRST call of every burst discarded as a drained-queue launch, a host-side idle gap after each burst setting the sustained duty cycle, and the SM clock, board power and memory clock read through NVML with the burst still in flight; NOT timing.TIMING_BASIS",1710.0,False,high,True,True,ok,"LEVEL HIGH (recorded, never an exclusion here): loaded clock 1710 MHz against the 1440 MHz reference. At a duty cycle below 1.0 a HIGH reading is the experiment working, not a cell to drop.",0.25,287.616,0.24989711141180032,104,114.08033820097444,burst,0.390720009803772,0.3909119963645935,True,1710 1710 1710 1710 1710 1710 1710 1710 1710 1710 1710 1710 1710 1710 1710,False,3725.6571177607857,"measured on this device: NVIDIA GH200 480GB (measured), 3725.7 GB/s (triad pattern)",13.0,580.105.08,True,1,a1b61186bd4b12224d54942af6065e30276d7f44,NVIDIA GH200 480GB,192-222-51-218,"scripts/clock_elasticity.py: bursts of N back-to-back fused_experts calls under one pinned tile, each call L2-flushed and bracketed by its own pre-primed event pair, the FIRST call of every burst discarded as a drained-queue launch, a host-side idle gap after each burst setting the sustained duty cycle, and the SM clock, board power and memory clock read through NVML with the burst still in flight; NOT timing.TIMING_BASIS | duty 0.25 | each idle gap sized from its own burst (gap_basis burst)",,iters=supplied as None; sglang=package not installed,1,3.12.14,174.85664005867835,"measured on this device: NVIDIA GH200 480GB (measured), 651.5 TFLOP/s bf16 over 3725.7 GB/s (triad pattern); calibrated 2026-09-29 at a1b61186",,200.0,2.13.0,3.7.1,2026-09-29T23:02:14+00:00,0.27.1,300.0
shared,2,32,3,96,384,1,72,0.3777279853820801,0.3723840117454529,0.0017106229172984936,525,3,321.6832000017166,"scripts/clock_elasticity.py: bursts of N back-to-back fused_experts calls under one pinned tile, each call L2-flushed and bracketed by its own pre-primed event pair, the FIRST call of every burst discarded as a drained-queue launch, a host-side idle gap after each burst setting the sustained duty cycle, and the SM clock, board power and memory clock read through NVML with the burst still in flight; NOT timing.TIMING_BASIS",1710.0,False,high,True,True,ok,"LEVEL HIGH (recorded, never an exclusion here): loaded clock 1710 MHz against the 1440 MHz reference. At a duty cycle below 1.0 a HIGH reading is the experiment working, not a cell to drop.",0.25,296.398,0.24989394079207203,106,112.23122106512709,burst,0.37827199697494507,0.37755200266838074,True,1710 1710 1710 1710 1710 1710 1710 1710 1710 1710 1710 1710 1710 1710 1710,False,3725.6571177607857,"measured on this device: NVIDIA GH200 480GB (measured), 3725.7 GB/s (triad pattern)",13.0,580.105.08,True,1,a1b61186bd4b12224d54942af6065e30276d7f44,NVIDIA GH200 480GB,192-222-51-218,"scripts/clock_elasticity.py: bursts of N back-to-back fused_experts calls under one pinned tile, each call L2-flushed and bracketed by its own pre-primed event pair, the FIRST call of every burst discarded as a drained-queue launch, a host-side idle gap after each burst setting the sustained duty cycle, and the SM clock, board power and memory clock read through NVML with the burst still in flight; NOT timing.TIMING_BASIS | duty 0.25 | each idle gap sized from its own burst (gap_basis burst)",,iters=supplied as None; sglang=package not installed,1,3.12.14,174.85664005867835,"measured on this device: NVIDIA GH200 480GB (measured), 651.5 TFLOP/s bf16 over 3725.7 GB/s (triad pattern); calibrated 2026-09-29 at a1b61186",,200.0,2.13.0,3.7.1,2026-09-29T23:02:14+00:00,0.27.1,300.0
private,2,32,4,128,512,4,72,0.6967039704322815,0.6909120082855225,0.0018782870174613388,280,3,319.05049616098404,"scripts/clock_elasticity.py: bursts of N back-to-back fused_experts calls under one pinned tile, each call L2-flushed and bracketed by its own pre-primed event pair, the FIRST call of every burst discarded as a drained-queue launch, a host-side idle gap after each burst setting the sustained duty cycle, and the SM clock, board power and memory clock read through NVML with the burst still in flight; NOT timing.TIMING_BASIS",1710.0,False,high,True,True,ok,"LEVEL HIGH (recorded, never an exclusion here): loaded clock 1710 MHz against the 1440 MHz reference. At a duty cycle below 1.0 a HIGH reading is the experiment working, not a cell to drop.",0.25,292.853,0.2498952289540942,57,114.98905037077567,burst,0.6965759992599487,0.6967359781265259,True,1710 1710 1710 1710 1710 1710 1710 1710 1710 1710 1710 1710 1710 1710 1710,False,3725.6571177607857,"measured on this device: NVIDIA GH200 480GB (measured), 3725.7 GB/s (triad pattern)",13.0,580.105.08,True,1,a1b61186bd4b12224d54942af6065e30276d7f44,NVIDIA GH200 480GB,192-222-51-218,"scripts/clock_elasticity.py: bursts of N back-to-back fused_experts calls under one pinned tile, each call L2-flushed and bracketed by its own pre-primed event pair, the FIRST call of every burst discarded as a drained-queue launch, a host-side idle gap after each burst setting the sustained duty cycle, and the SM clock, board power and memory clock read through NVML with the burst still in flight; NOT timing.TIMING_BASIS | duty 0.25 | each idle gap sized from its own burst (gap_basis burst)",,iters=supplied as None; sglang=package not installed,1,3.12.14,174.85664005867835,"measured on this device: NVIDIA GH200 480GB (measured), 651.5 TFLOP/s bf16 over 3725.7 GB/s (triad pattern); calibrated 2026-09-29 at a1b61186",,200.0,2.13.0,3.7.1,2026-09-29T23:02:14+00:00,0.27.1,300.0
native,2,32,4,128,512,1,8,0.4877760112285614,0.48076799511909485,0.0017998167955021714,405,3,321.07216027379036,"scripts/clock_elasticity.py: bursts of N back-to-back fused_experts calls under one pinned tile, each call L2-flushed and bracketed by its own pre-primed event pair, the FIRST call of every burst discarded as a drained-queue launch, a host-side idle gap after each burst setting the sustained duty cycle, and the SM clock, board power and memory clock read through NVML with the burst still in flight; NOT timing.TIMING_BASIS",1710.0,False,high,True,True,ok,"LEVEL HIGH (recorded, never an exclusion here): loaded clock 1710 MHz against the 1440 MHz reference. At a duty cycle below 1.0 a HIGH reading is the experiment working, not a cell to drop.",0.25,283.953,0.2498952844156516,82,113.99383043261696,burst,0.4888959974050522,0.48764799535274506,True,1710 1710 1710 1710 1710 1710 1710 1710 1710 1710 1710 1710 1710 1710 1710,False,3725.6571177607857,"measured on this device: NVIDIA GH200 480GB (measured), 3725.7 GB/s (triad pattern)",13.0,580.105.08,True,1,a1b61186bd4b12224d54942af6065e30276d7f44,NVIDIA GH200 480GB,192-222-51-218,"scripts/clock_elasticity.py: bursts of N back-to-back fused_experts calls under one pinned tile, each call L2-flushed and bracketed by its own pre-primed event pair, the FIRST call of every burst discarded as a drained-queue launch, a host-side idle gap after each burst setting the sustained duty cycle, and the SM clock, board power and memory clock read through NVML with the burst still in flight; NOT timing.TIMING_BASIS | duty 0.25 | each idle gap sized from its own burst (gap_basis burst)",,iters=supplied as None; sglang=package not installed,1,3.12.14,174.85664005867835,"measured on this device: NVIDIA GH200 480GB (measured), 651.5 TFLOP/s bf16 over 3725.7 GB/s (triad pattern); calibrated 2026-09-29 at a1b61186",,200.0,2.13.0,3.7.1,2026-09-29T23:02:14+00:00,0.27.1,300.0
shared,2,32,4,128,512,1,72,0.4907839894294739,0.48470398783683777,0.0020011642728235504,405,3,323.24944016337395,"scripts/clock_elasticity.py: bursts of N back-to-back fused_experts calls under one pinned tile, each call L2-flushed and bracketed by its own pre-primed event pair, the FIRST call of every burst discarded as a drained-queue launch, a host-side idle gap after each burst setting the sustained duty cycle, and the SM clock, board power and memory clock read through NVML with the burst still in flight; NOT timing.TIMING_BASIS",1710.0,False,high,True,True,ok,"LEVEL HIGH (recorded, never an exclusion here): loaded clock 1710 MHz against the 1440 MHz reference. At a duty cycle below 1.0 a HIGH reading is the experiment working, not a cell to drop.",0.25,287.833,0.24989370396687804,82,114.74240410335187,burst,0.4918079972267151,0.49139198660850525,True,1710 1710 1710 1710 1710 1710 1710 1710 1710 1710 1710 1710 1710 1710 1710,False,3725.6571177607857,"measured on this device: NVIDIA GH200 480GB (measured), 3725.7 GB/s (triad pattern)",13.0,580.105.08,True,1,a1b61186bd4b12224d54942af6065e30276d7f44,NVIDIA GH200 480GB,192-222-51-218,"scripts/clock_elasticity.py: bursts of N back-to-back fused_experts calls under one pinned tile, each call L2-flushed and bracketed by its own pre-primed event pair, the FIRST call of every burst discarded as a drained-queue launch, a host-side idle gap after each burst setting the sustained duty cycle, and the SM clock, board power and memory clock read through NVML with the burst still in flight; NOT timing.TIMING_BASIS | duty 0.25 | each idle gap sized from its own burst (gap_basis burst)",,iters=supplied as None; sglang=package not installed,1,3.12.14,174.85664005867835,"measured on this device: NVIDIA GH200 480GB (measured), 651.5 TFLOP/s bf16 over 3725.7 GB/s (triad pattern); calibrated 2026-09-29 at a1b61186",,200.0,2.13.0,3.7.1,2026-09-29T23:02:14+00:00,0.27.1,300.0
private,2,32,5,160,640,5,72,0.8795679807662964,0.8616319894790649,0.007689852568307467,220,3,316.7876480817795,"scripts/clock_elasticity.py: bursts of N back-to-back fused_experts calls under one pinned tile, each call L2-flushed and bracketed by its own pre-primed event pair, the FIRST call of every burst discarded as a drained-queue launch, a host-side idle gap after each burst setting the sustained duty cycle, and the SM clock, board power and memory clock read through NVML with the burst still in flight; NOT timing.TIMING_BASIS",1710.0,False,high,True,True,ok,"LEVEL HIGH (recorded, never an exclusion here): loaded clock 1710 MHz against the 1440 MHz reference. At a duty cycle below 1.0 a HIGH reading is the experiment working, not a cell to drop.",0.25,283.681,0.24989172429693848,45,115.11946087621436,burst,0.8788480162620544,0.8797760009765625,True,1710 1710 1710 1710 1710 1710 1710 1710 1710 1710 1710 1710 1710 1710 1710,False,3725.6571177607857,"measured on this device: NVIDIA GH200 480GB (measured), 3725.7 GB/s (triad pattern)",13.0,580.105.08,True,1,a1b61186bd4b12224d54942af6065e30276d7f44,NVIDIA GH200 480GB,192-222-51-218,"scripts/clock_elasticity.py: bursts of N back-to-back fused_experts calls under one pinned tile, each call L2-flushed and bracketed by its own pre-primed event pair, the FIRST call of every burst discarded as a drained-queue launch, a host-side idle gap after each burst setting the sustained duty cycle, and the SM clock, board power and memory clock read through NVML with the burst still in flight; NOT timing.TIMING_BASIS | duty 0.25 | each idle gap sized from its own burst (gap_basis burst)",,iters=supplied as None; sglang=package not installed,1,3.12.14,174.85664005867835,"measured on this device: NVIDIA GH200 480GB (measured), 651.5 TFLOP/s bf16 over 3725.7 GB/s (triad pattern); calibrated 2026-09-29 at a1b61186",,200.0,2.13.0,3.7.1,2026-09-29T23:02:14+00:00,0.27.1,300.0
native,2,32,5,160,640,1,8,0.6036800146102905,0.5952640175819397,0.0025056189694360868,325,3,320.04684817790985,"scripts/clock_elasticity.py: bursts of N back-to-back fused_experts calls under one pinned tile, each call L2-flushed and bracketed by its own pre-primed event pair, the FIRST call of every burst discarded as a drained-queue launch, a host-side idle gap after each burst setting the sustained duty cycle, and the SM clock, board power and memory clock read through NVML with the burst still in flight; NOT timing.TIMING_BASIS",1710.0,False,high,True,True,ok,"LEVEL HIGH (recorded, never an exclusion here): loaded clock 1710 MHz against the 1440 MHz reference. At a duty cycle below 1.0 a HIGH reading is the experiment working, not a cell to drop.",0.25,281.371,0.24989668926610492,66,114.72715424459967,burst,0.6045759916305542,0.6034559905529022,True,1710 1710 1710 1710 1710 1710 1710 1710 1710 1710 1710 1710 1710 1710 1710,False,3725.6571177607857,"measured on this device: NVIDIA GH200 480GB (measured), 3725.7 GB/s (triad pattern)",13.0,580.105.08,True,1,a1b61186bd4b12224d54942af6065e30276d7f44,NVIDIA GH200 480GB,192-222-51-218,"scripts/clock_elasticity.py: bursts of N back-to-back fused_experts calls under one pinned tile, each call L2-flushed and bracketed by its own pre-primed event pair, the FIRST call of every burst discarded as a drained-queue launch, a host-side idle gap after each burst setting the sustained duty cycle, and the SM clock, board power and memory clock read through NVML with the burst still in flight; NOT timing.TIMING_BASIS | duty 0.25 | each idle gap sized from its own burst (gap_basis burst)",,iters=supplied as None; sglang=package not installed,1,3.12.14,174.85664005867835,"measured on this device: NVIDIA GH200 480GB (measured), 651.5 TFLOP/s bf16 over 3725.7 GB/s (triad pattern); calibrated 2026-09-29 at a1b61186",,200.0,2.13.0,3.7.1,2026-09-29T23:02:14+00:00,0.27.1,300.0
shared,2,32,5,160,640,1,72,0.6069759726524353,0.6004160046577454,0.002240611287634265,325,3,321.7253122329712,"scripts/clock_elasticity.py: bursts of N back-to-back fused_experts calls under one pinned tile, each call L2-flushed and bracketed by its own pre-primed event pair, the FIRST call of every burst discarded as a drained-queue launch, a host-side idle gap after each burst setting the sustained duty cycle, and the SM clock, board power and memory clock read through NVML with the burst still in flight; NOT timing.TIMING_BASIS",1710.0,False,high,True,True,ok,"LEVEL HIGH (recorded, never an exclusion here): loaded clock 1710 MHz against the 1440 MHz reference. At a duty cycle below 1.0 a HIGH reading is the experiment working, not a cell to drop.",0.25,288.91,0.24989733494977143,66,115.46062429175983,burst,0.607695996761322,0.6066399812698364,True,1710 1710 1710 1710 1710 1710 1710 1710 1710 1710 1710 1710 1710 1710 1710,False,3725.6571177607857,"measured on this device: NVIDIA GH200 480GB (measured), 3725.7 GB/s (triad pattern)",13.0,580.105.08,True,1,a1b61186bd4b12224d54942af6065e30276d7f44,NVIDIA GH200 480GB,192-222-51-218,"scripts/clock_elasticity.py: bursts of N back-to-back fused_experts calls under one pinned tile, each call L2-flushed and bracketed by its own pre-primed event pair, the FIRST call of every burst discarded as a drained-queue launch, a host-side idle gap after each burst setting the sustained duty cycle, and the SM clock, board power and memory clock read through NVML with the burst still in flight; NOT timing.TIMING_BASIS | duty 0.25 | each idle gap sized from its own burst (gap_basis burst)",,iters=supplied as None; sglang=package not installed,1,3.12.14,174.85664005867835,"measured on this device: NVIDIA GH200 480GB (measured), 651.5 TFLOP/s bf16 over 3725.7 GB/s (triad pattern); calibrated 2026-09-29 at a1b61186",,200.0,2.13.0,3.7.1,2026-09-29T23:02:14+00:00,0.27.1,300.0
private,2,32,6,192,768,6,72,1.0260159969329834,1.020095944404602,0.0022386082326038177,190,3,321.64310348033905,"scripts/clock_elasticity.py: bursts of N back-to-back fused_experts calls under one pinned tile, each call L2-flushed and bracketed by its own pre-primed event pair, the FIRST call of every burst discarded as a drained-queue launch, a host-side idle gap after each burst setting the sustained duty cycle, and the SM clock, board power and memory clock read through NVML with the burst still in flight; NOT timing.TIMING_BASIS",1710.0,False,high,True,True,ok,"LEVEL HIGH (recorded, never an exclusion here): loaded clock 1710 MHz against the 1440 MHz reference. At a duty cycle below 1.0 a HIGH reading is the experiment working, not a cell to drop.",0.25,288.775,0.24989894555467296,39,117.37517160280913,burst,1.026304006576538,1.026047945022583,True,1710 1710 1710 1710 1710 1710 1710 1710 1710 1710 1710 1710 1710 1710 1710,False,3725.6571177607857,"measured on this device: NVIDIA GH200 480GB (measured), 3725.7 GB/s (triad pattern)",13.0,580.105.08,True,1,a1b61186bd4b12224d54942af6065e30276d7f44,NVIDIA GH200 480GB,192-222-51-218,"scripts/clock_elasticity.py: bursts of N back-to-back fused_experts calls under one pinned tile, each call L2-flushed and bracketed by its own pre-primed event pair, the FIRST call of every burst discarded as a drained-queue launch, a host-side idle gap after each burst setting the sustained duty cycle, and the SM clock, board power and memory clock read through NVML with the burst still in flight; NOT timing.TIMING_BASIS | duty 0.25 | each idle gap sized from its own burst (gap_basis burst)",,iters=supplied as None; sglang=package not installed,1,3.12.14,174.85664005867835,"measured on this device: NVIDIA GH200 480GB (measured), 651.5 TFLOP/s bf16 over 3725.7 GB/s (triad pattern); calibrated 2026-09-29 at a1b61186",,200.0,2.13.0,3.7.1,2026-09-29T23:02:14+00:00,0.27.1,300.0
native,2,32,6,192,768,1,8,0.7130240201950073,0.7057279944419861,0.002184566775342173,275,3,320.70547193288803,"scripts/clock_elasticity.py: bursts of N back-to-back fused_experts calls under one pinned tile, each call L2-flushed and bracketed by its own pre-primed event pair, the FIRST call of every burst discarded as a drained-queue launch, a host-side idle gap after each burst setting the sustained duty cycle, and the SM clock, board power and memory clock read through NVML with the burst still in flight; NOT timing.TIMING_BASIS",1710.0,False,high,True,True,ok,"LEVEL HIGH (recorded, never an exclusion here): loaded clock 1710 MHz against the 1440 MHz reference. At a duty cycle below 1.0 a HIGH reading is the experiment working, not a cell to drop.",0.25,286.121,0.24990007373337503,56,115.79064941873729,burst,0.7140480279922485,0.712831974029541,True,1710 1710 1710 1710 1710 1710 1710 1710 1710 1710 1710 1710 1710 1710 1710,False,3725.6571177607857,"measured on this device: NVIDIA GH200 480GB (measured), 3725.7 GB/s (triad pattern)",13.0,580.105.08,True,1,a1b61186bd4b12224d54942af6065e30276d7f44,NVIDIA GH200 480GB,192-222-51-218,"scripts/clock_elasticity.py: bursts of N back-to-back fused_experts calls under one pinned tile, each call L2-flushed and bracketed by its own pre-primed event pair, the FIRST call of every burst discarded as a drained-queue launch, a host-side idle gap after each burst setting the sustained duty cycle, and the SM clock, board power and memory clock read through NVML with the burst still in flight; NOT timing.TIMING_BASIS | duty 0.25 | each idle gap sized from its own burst (gap_basis burst)",,iters=supplied as None; sglang=package not installed,1,3.12.14,174.85664005867835,"measured on this device: NVIDIA GH200 480GB (measured), 651.5 TFLOP/s bf16 over 3725.7 GB/s (triad pattern); calibrated 2026-09-29 at a1b61186",,200.0,2.13.0,3.7.1,2026-09-29T23:02:14+00:00,0.27.1,300.0
shared,2,32,6,192,768,1,72,0.7156479954719543,0.7078400254249573,0.002685692099711821,275,3,321.97155141830444,"scripts/clock_elasticity.py: bursts of N back-to-back fused_experts calls under one pinned tile, each call L2-flushed and bracketed by its own pre-primed event pair, the FIRST call of every burst discarded as a drained-queue launch, a host-side idle gap after each burst setting the sustained duty cycle, and the SM clock, board power and memory clock read through NVML with the burst still in flight; NOT timing.TIMING_BASIS",1710.0,False,high,True,True,ok,"LEVEL HIGH (recorded, never an exclusion here): loaded clock 1710 MHz against the 1440 MHz reference. At a duty cycle below 1.0 a HIGH reading is the experiment working, not a cell to drop.",0.25,283.42,0.24989760892440813,56,116.26063216177317,burst,0.7163199782371521,0.7153599858283997,True,1710 1710 1710 1710 1710 1710 1710 1710 1710 1710 1710 1710 1710 1710 1710,False,3725.6571177607857,"measured on this device: NVIDIA GH200 480GB (measured), 3725.7 GB/s (triad pattern)",13.0,580.105.08,True,1,a1b61186bd4b12224d54942af6065e30276d7f44,NVIDIA GH200 480GB,192-222-51-218,"scripts/clock_elasticity.py: bursts of N back-to-back fused_experts calls under one pinned tile, each call L2-flushed and bracketed by its own pre-primed event pair, the FIRST call of every burst discarded as a drained-queue launch, a host-side idle gap after each burst setting the sustained duty cycle, and the SM clock, board power and memory clock read through NVML with the burst still in flight; NOT timing.TIMING_BASIS | duty 0.25 | each idle gap sized from its own burst (gap_basis burst)",,iters=supplied as None; sglang=package not installed,1,3.12.14,174.85664005867835,"measured on this device: NVIDIA GH200 480GB (measured), 651.5 TFLOP/s bf16 over 3725.7 GB/s (triad pattern); calibrated 2026-09-29 at a1b61186",,200.0,2.13.0,3.7.1,2026-09-29T23:02:14+00:00,0.27.1,300.0
native,3,32,6,192,768,1,8,0.7134720087051392,0.7056959867477417,0.0024717884324166,275,3,320.5662076473236,"scripts/clock_elasticity.py: bursts of N back-to-back fused_experts calls under one pinned tile, each call L2-flushed and bracketed by its own pre-primed event pair, the FIRST call of every burst discarded as a drained-queue launch, a host-side idle gap after each burst setting the sustained duty cycle, and the SM clock, board power and memory clock read through NVML with the burst still in flight; NOT timing.TIMING_BASIS",1710.0,False,high,True,True,ok,"LEVEL HIGH (recorded, never an exclusion here): loaded clock 1710 MHz against the 1440 MHz reference. At a duty cycle below 1.0 a HIGH reading is the experiment working, not a cell to drop.",0.25,285.787,0.24989462152245168,56,115.9187760127188,burst,0.7145599722862244,0.712831974029541,True,1710 1710 1710 1710 1710 1710 1710 1710 1710 1710 1710 1710 1710 1710 1710,False,3725.6571177607857,"measured on this device: NVIDIA GH200 480GB (measured), 3725.7 GB/s (triad pattern)",13.0,580.105.08,True,1,a1b61186bd4b12224d54942af6065e30276d7f44,NVIDIA GH200 480GB,192-222-51-218,"scripts/clock_elasticity.py: bursts of N back-to-back fused_experts calls under one pinned tile, each call L2-flushed and bracketed by its own pre-primed event pair, the FIRST call of every burst discarded as a drained-queue launch, a host-side idle gap after each burst setting the sustained duty cycle, and the SM clock, board power and memory clock read through NVML with the burst still in flight; NOT timing.TIMING_BASIS | duty 0.25 | each idle gap sized from its own burst (gap_basis burst)",,iters=supplied as None; sglang=package not installed,1,3.12.14,174.85664005867835,"measured on this device: NVIDIA GH200 480GB (measured), 651.5 TFLOP/s bf16 over 3725.7 GB/s (triad pattern); calibrated 2026-09-29 at a1b61186",,200.0,2.13.0,3.7.1,2026-09-29T23:02:14+00:00,0.27.1,300.0
shared,3,32,6,192,768,1,72,0.7179520130157471,0.7088959813117981,0.002737675878807778,275,3,322.68918347358704,"scripts/clock_elasticity.py: bursts of N back-to-back fused_experts calls under one pinned tile, each call L2-flushed and bracketed by its own pre-primed event pair, the FIRST call of every burst discarded as a drained-queue launch, a host-side idle gap after each burst setting the sustained duty cycle, and the SM clock, board power and memory clock read through NVML with the burst still in flight; NOT timing.TIMING_BASIS",1710.0,False,high,True,True,ok,"LEVEL HIGH (recorded, never an exclusion here): loaded clock 1710 MHz against the 1440 MHz reference. At a duty cycle below 1.0 a HIGH reading is the experiment working, not a cell to drop.",0.25,281.686,0.2498966924371041,56,116.56287055869144,burst,0.7184960246086121,0.7169600129127502,True,1710 1710 1710 1710 1710 1710 1710 1710 1710 1710 1710 1710 1710 1710 1710,False,3725.6571177607857,"measured on this device: NVIDIA GH200 480GB (measured), 3725.7 GB/s (triad pattern)",13.0,580.105.08,True,1,a1b61186bd4b12224d54942af6065e30276d7f44,NVIDIA GH200 480GB,192-222-51-218,"scripts/clock_elasticity.py: bursts of N back-to-back fused_experts calls under one pinned tile, each call L2-flushed and bracketed by its own pre-primed event pair, the FIRST call of every burst discarded as a drained-queue launch, a host-side idle gap after each burst setting the sustained duty cycle, and the SM clock, board power and memory clock read through NVML with the burst still in flight; NOT timing.TIMING_BASIS | duty 0.25 | each idle gap sized from its own burst (gap_basis burst)",,iters=supplied as None; sglang=package not installed,1,3.12.14,174.85664005867835,"measured on this device: NVIDIA GH200 480GB (measured), 651.5 TFLOP/s bf16 over 3725.7 GB/s (triad pattern); calibrated 2026-09-29 at a1b61186",,200.0,2.13.0,3.7.1,2026-09-29T23:02:14+00:00,0.27.1,300.0
private,3,32,6,192,768,6,72,1.0255359411239624,1.018496036529541,0.0023534743808288983,190,3,321.2438714504242,"scripts/clock_elasticity.py: bursts of N back-to-back fused_experts calls under one pinned tile, each call L2-flushed and bracketed by its own pre-primed event pair, the FIRST call of every burst discarded as a drained-queue launch, a host-side idle gap after each burst setting the sustained duty cycle, and the SM clock, board power and memory clock read through NVML with the burst still in flight; NOT timing.TIMING_BASIS",1710.0,False,high,True,True,ok,"LEVEL HIGH (recorded, never an exclusion here): loaded clock 1710 MHz against the 1440 MHz reference. At a duty cycle below 1.0 a HIGH reading is the experiment working, not a cell to drop.",0.25,291.626,0.24989750302101613,39,117.30653150140824,burst,1.0255999565124512,1.0255359411239624,True,1710 1710 1710 1710 1710 1710 1710 1710 1710 1710 1710 1710 1710 1710 1710,False,3725.6571177607857,"measured on this device: NVIDIA GH200 480GB (measured), 3725.7 GB/s (triad pattern)",13.0,580.105.08,True,1,a1b61186bd4b12224d54942af6065e30276d7f44,NVIDIA GH200 480GB,192-222-51-218,"scripts/clock_elasticity.py: bursts of N back-to-back fused_experts calls under one pinned tile, each call L2-flushed and bracketed by its own pre-primed event pair, the FIRST call of every burst discarded as a drained-queue launch, a host-side idle gap after each burst setting the sustained duty cycle, and the SM clock, board power and memory clock read through NVML with the burst still in flight; NOT timing.TIMING_BASIS | duty 0.25 | each idle gap sized from its own burst (gap_basis burst)",,iters=supplied as None; sglang=package not installed,1,3.12.14,174.85664005867835,"measured on this device: NVIDIA GH200 480GB (measured), 651.5 TFLOP/s bf16 over 3725.7 GB/s (triad pattern); calibrated 2026-09-29 at a1b61186",,200.0,2.13.0,3.7.1,2026-09-29T23:02:14+00:00,0.27.1,300.0
native,3,32,5,160,640,1,8,0.6038399934768677,0.5980479717254639,0.00206023073926309,325,3,320.35523295402527,"scripts/clock_elasticity.py: bursts of N back-to-back fused_experts calls under one pinned tile, each call L2-flushed and bracketed by its own pre-primed event pair, the FIRST call of every burst discarded as a drained-queue launch, a host-side idle gap after each burst setting the sustained duty cycle, and the SM clock, board power and memory clock read through NVML with the burst still in flight; NOT timing.TIMING_BASIS",1710.0,False,high,True,True,ok,"LEVEL HIGH (recorded, never an exclusion here): loaded clock 1710 MHz against the 1440 MHz reference. At a duty cycle below 1.0 a HIGH reading is the experiment working, not a cell to drop.",0.25,291.182,0.24989544153718227,66,114.78872117493482,burst,0.6041919887065887,0.6035999953746796,True,1710 1710 1710 1710 1710 1710 1710 1710 1710 1710 1710 1710 1710 1710 1710,False,3725.6571177607857,"measured on this device: NVIDIA GH200 480GB (measured), 3725.7 GB/s (triad pattern)",13.0,580.105.08,True,1,a1b61186bd4b12224d54942af6065e30276d7f44,NVIDIA GH200 480GB,192-222-51-218,"scripts/clock_elasticity.py: bursts of N back-to-back fused_experts calls under one pinned tile, each call L2-flushed and bracketed by its own pre-primed event pair, the FIRST call of every burst discarded as a drained-queue launch, a host-side idle gap after each burst setting the sustained duty cycle, and the SM clock, board power and memory clock read through NVML with the burst still in flight; NOT timing.TIMING_BASIS | duty 0.25 | each idle gap sized from its own burst (gap_basis burst)",,iters=supplied as None; sglang=package not installed,1,3.12.14,174.85664005867835,"measured on this device: NVIDIA GH200 480GB (measured), 651.5 TFLOP/s bf16 over 3725.7 GB/s (triad pattern); calibrated 2026-09-29 at a1b61186",,200.0,2.13.0,3.7.1,2026-09-29T23:02:14+00:00,0.27.1,300.0
shared,3,32,5,160,640,1,72,0.6073920130729675,0.600383996963501,0.0023215833574817854,325,3,321.6466231942177,"scripts/clock_elasticity.py: bursts of N back-to-back fused_experts calls under one pinned tile, each call L2-flushed and bracketed by its own pre-primed event pair, the FIRST call of every burst discarded as a drained-queue launch, a host-side idle gap after each burst setting the sustained duty cycle, and the SM clock, board power and memory clock read through NVML with the burst still in flight; NOT timing.TIMING_BASIS",1710.0,False,high,True,True,ok,"LEVEL HIGH (recorded, never an exclusion here): loaded clock 1710 MHz against the 1440 MHz reference. At a duty cycle below 1.0 a HIGH reading is the experiment working, not a cell to drop.",0.25,286.378,0.2498928512258455,66,115.5305762160824,burst,0.6081440150737762,0.6073919832706451,True,1710 1710 1710 1710 1710 1710 1710 1710 1710 1710 1710 1710 1710 1710 1710,False,3725.6571177607857,"measured on this device: NVIDIA GH200 480GB (measured), 3725.7 GB/s (triad pattern)",13.0,580.105.08,True,1,a1b61186bd4b12224d54942af6065e30276d7f44,NVIDIA GH200 480GB,192-222-51-218,"scripts/clock_elasticity.py: bursts of N back-to-back fused_experts calls under one pinned tile, each call L2-flushed and bracketed by its own pre-primed event pair, the FIRST call of every burst discarded as a drained-queue launch, a host-side idle gap after each burst setting the sustained duty cycle, and the SM clock, board power and memory clock read through NVML with the burst still in flight; NOT timing.TIMING_BASIS | duty 0.25 | each idle gap sized from its own burst (gap_basis burst)",,iters=supplied as None; sglang=package not installed,1,3.12.14,174.85664005867835,"measured on this device: NVIDIA GH200 480GB (measured), 651.5 TFLOP/s bf16 over 3725.7 GB/s (triad pattern); calibrated 2026-09-29 at a1b61186",,200.0,2.13.0,3.7.1,2026-09-29T23:02:14+00:00,0.27.1,300.0
private,3,32,5,160,640,5,72,0.8823680281639099,0.8636800050735474,0.006999019488497679,225,3,325.1629762649536,"scripts/clock_elasticity.py: bursts of N back-to-back fused_experts calls under one pinned tile, each call L2-flushed and bracketed by its own pre-primed event pair, the FIRST call of every burst discarded as a drained-queue launch, a host-side idle gap after each burst setting the sustained duty cycle, and the SM clock, board power and memory clock read through NVML with the burst still in flight; NOT timing.TIMING_BASIS",1710.0,False,high,True,True,ok,"LEVEL HIGH (recorded, never an exclusion here): loaded clock 1710 MHz against the 1440 MHz reference. At a duty cycle below 1.0 a HIGH reading is the experiment working, not a cell to drop.",0.25,286.839,0.24988988094918876,46,118.33490658101073,burst,0.8822399973869324,0.8823680281639099,True,1710 1710 1710 1710 1710 1710 1710 1710 1710 1710 1710 1710 1710 1710 1710,False,3725.6571177607857,"measured on this device: NVIDIA GH200 480GB (measured), 3725.7 GB/s (triad pattern)",13.0,580.105.08,True,1,a1b61186bd4b12224d54942af6065e30276d7f44,NVIDIA GH200 480GB,192-222-51-218,"scripts/clock_elasticity.py: bursts of N back-to-back fused_experts calls under one pinned tile, each call L2-flushed and bracketed by its own pre-primed event pair, the FIRST call of every burst discarded as a drained-queue launch, a host-side idle gap after each burst setting the sustained duty cycle, and the SM clock, board power and memory clock read through NVML with the burst still in flight; NOT timing.TIMING_BASIS | duty 0.25 | each idle gap sized from its own burst (gap_basis burst)",,iters=supplied as None; sglang=package not installed,1,3.12.14,174.85664005867835,"measured on this device: NVIDIA GH200 480GB (measured), 651.5 TFLOP/s bf16 over 3725.7 GB/s (triad pattern); calibrated 2026-09-29 at a1b61186",,200.0,2.13.0,3.7.1,2026-09-29T23:02:14+00:00,0.27.1,300.0
native,3,32,4,128,512,1,8,0.48796799778938293,0.48204800486564636,0.0018865038870712508,405,3,321.05699199438095,"scripts/clock_elasticity.py: bursts of N back-to-back fused_experts calls under one pinned tile, each call L2-flushed and bracketed by its own pre-primed event pair, the FIRST call of every burst discarded as a drained-queue launch, a host-side idle gap after each burst setting the sustained duty cycle, and the SM clock, board power and memory clock read through NVML with the burst still in flight; NOT timing.TIMING_BASIS",1710.0,False,high,True,True,ok,"LEVEL HIGH (recorded, never an exclusion here): loaded clock 1710 MHz against the 1440 MHz reference. At a duty cycle below 1.0 a HIGH reading is the experiment working, not a cell to drop.",0.25,290.683,0.249896168930567,82,114.00397392729428,burst,0.4880959987640381,0.48815999925136566,True,1710 1710 1710 1710 1710 1710 1710 1710 1710 1710 1710 1710 1710 1710 1710,False,3725.6571177607857,"measured on this device: NVIDIA GH200 480GB (measured), 3725.7 GB/s (triad pattern)",13.0,580.105.08,True,1,a1b61186bd4b12224d54942af6065e30276d7f44,NVIDIA GH200 480GB,192-222-51-218,"scripts/clock_elasticity.py: bursts of N back-to-back fused_experts calls under one pinned tile, each call L2-flushed and bracketed by its own pre-primed event pair, the FIRST call of every burst discarded as a drained-queue launch, a host-side idle gap after each burst setting the sustained duty cycle, and the SM clock, board power and memory clock read through NVML with the burst still in flight; NOT timing.TIMING_BASIS | duty 0.25 | each idle gap sized from its own burst (gap_basis burst)",,iters=supplied as None; sglang=package not installed,1,3.12.14,174.85664005867835,"measured on this device: NVIDIA GH200 480GB (measured), 651.5 TFLOP/s bf16 over 3725.7 GB/s (triad pattern); calibrated 2026-09-29 at a1b61186",,200.0,2.13.0,3.7.1,2026-09-29T23:02:14+00:00,0.27.1,300.0
shared,3,32,4,128,512,1,72,0.4912320077419281,0.484607994556427,0.0020615431297845888,405,3,323.7228158414364,"scripts/clock_elasticity.py: bursts of N back-to-back fused_experts calls under one pinned tile, each call L2-flushed and bracketed by its own pre-primed event pair, the FIRST call of every burst discarded as a drained-queue launch, a host-side idle gap after each burst setting the sustained duty cycle, and the SM clock, board power and memory clock read through NVML with the burst still in flight; NOT timing.TIMING_BASIS",1710.0,False,high,True,True,ok,"LEVEL HIGH (recorded, never an exclusion here): loaded clock 1710 MHz against the 1440 MHz reference. At a duty cycle below 1.0 a HIGH reading is the experiment working, not a cell to drop.",0.25,288.091,0.24989925679830938,82,114.86019486868825,burst,0.492031991481781,0.4918240010738373,True,1710 1710 1710 1710 1710 1710 1710 1710 1710 1710 1710 1710 1710 1710 1710,False,3725.6571177607857,"measured on this device: NVIDIA GH200 480GB (measured), 3725.7 GB/s (triad pattern)",13.0,580.105.08,True,1,a1b61186bd4b12224d54942af6065e30276d7f44,NVIDIA GH200 480GB,192-222-51-218,"scripts/clock_elasticity.py: bursts of N back-to-back fused_experts calls under one pinned tile, each call L2-flushed and bracketed by its own pre-primed event pair, the FIRST call of every burst discarded as a drained-queue launch, a host-side idle gap after each burst setting the sustained duty cycle, and the SM clock, board power and memory clock read through NVML with the burst still in flight; NOT timing.TIMING_BASIS | duty 0.25 | each idle gap sized from its own burst (gap_basis burst)",,iters=supplied as None; sglang=package not installed,1,3.12.14,174.85664005867835,"measured on this device: NVIDIA GH200 480GB (measured), 651.5 TFLOP/s bf16 over 3725.7 GB/s (triad pattern); calibrated 2026-09-29 at a1b61186",,200.0,2.13.0,3.7.1,2026-09-29T23:02:14+00:00,0.27.1,300.0
private,3,32,4,128,512,4,72,0.6958400011062622,0.6901440024375916,0.0019783015148990097,280,3,318.7182080745697,"scripts/clock_elasticity.py: bursts of N back-to-back fused_experts calls under one pinned tile, each call L2-flushed and bracketed by its own pre-primed event pair, the FIRST call of every burst discarded as a drained-queue launch, a host-side idle gap after each burst setting the sustained duty cycle, and the SM clock, board power and memory clock read through NVML with the burst still in flight; NOT timing.TIMING_BASIS",1710.0,False,high,True,True,ok,"LEVEL HIGH (recorded, never an exclusion here): loaded clock 1710 MHz against the 1440 MHz reference. At a duty cycle below 1.0 a HIGH reading is the experiment working, not a cell to drop.",0.25,285.569,0.24989254269703856,57,114.87897054889982,burst,0.6962080001831055,0.6956160068511963,True,1710 1710 1710 1710 1710 1710 1710 1710 1710 1710 1710 1710 1710 1710 1710,False,3725.6571177607857,"measured on this device: NVIDIA GH200 480GB (measured), 3725.7 GB/s (triad pattern)",13.0,580.105.08,True,1,a1b61186bd4b12224d54942af6065e30276d7f44,NVIDIA GH200 480GB,192-222-51-218,"scripts/clock_elasticity.py: bursts of N back-to-back fused_experts calls under one pinned tile, each call L2-flushed and bracketed by its own pre-primed event pair, the FIRST call of every burst discarded as a drained-queue launch, a host-side idle gap after each burst setting the sustained duty cycle, and the SM clock, board power and memory clock read through NVML with the burst still in flight; NOT timing.TIMING_BASIS | duty 0.25 | each idle gap sized from its own burst (gap_basis burst)",,iters=supplied as None; sglang=package not installed,1,3.12.14,174.85664005867835,"measured on this device: NVIDIA GH200 480GB (measured), 651.5 TFLOP/s bf16 over 3725.7 GB/s (triad pattern); calibrated 2026-09-29 at a1b61186",,200.0,2.13.0,3.7.1,2026-09-29T23:02:14+00:00,0.27.1,300.0
native,3,32,3,96,384,1,8,0.3871360123157501,0.3818880021572113,0.001695627855841734,510,3,320.30483186244965,"scripts/clock_elasticity.py: bursts of N back-to-back fused_experts calls under one pinned tile, each call L2-flushed and bracketed by its own pre-primed event pair, the FIRST call of every burst discarded as a drained-queue launch, a host-side idle gap after each burst setting the sustained duty cycle, and the SM clock, board power and memory clock read through NVML with the burst still in flight; NOT timing.TIMING_BASIS",1710.0,False,high,True,True,ok,"LEVEL HIGH (recorded, never an exclusion here): loaded clock 1710 MHz against the 1440 MHz reference. At a duty cycle below 1.0 a HIGH reading is the experiment working, not a cell to drop.",0.25,286.719,0.24989430288574863,103,111.79586505574116,burst,0.3872320055961609,0.3873920142650604,True,1710 1710 1710 1710 1710 1710 1710 1710 1710 1710 1710 1710 1710 1710 1710,False,3725.6571177607857,"measured on this device: NVIDIA GH200 480GB (measured), 3725.7 GB/s (triad pattern)",13.0,580.105.08,True,1,a1b61186bd4b12224d54942af6065e30276d7f44,NVIDIA GH200 480GB,192-222-51-218,"scripts/clock_elasticity.py: bursts of N back-to-back fused_experts calls under one pinned tile, each call L2-flushed and bracketed by its own pre-primed event pair, the FIRST call of every burst discarded as a drained-queue launch, a host-side idle gap after each burst setting the sustained duty cycle, and the SM clock, board power and memory clock read through NVML with the burst still in flight; NOT timing.TIMING_BASIS | duty 0.25 | each idle gap sized from its own burst (gap_basis burst)",,iters=supplied as None; sglang=package not installed,1,3.12.14,174.85664005867835,"measured on this device: NVIDIA GH200 480GB (measured), 651.5 TFLOP/s bf16 over 3725.7 GB/s (triad pattern); calibrated 2026-09-29 at a1b61186",,200.0,2.13.0,3.7.1,2026-09-29T23:02:14+00:00,0.27.1,300.0
shared,3,32,3,96,384,1,72,0.37779200077056885,0.3714880049228668,0.0014537586770051107,525,3,321.3950400054455,"scripts/clock_elasticity.py: bursts of N back-to-back fused_experts calls under one pinned tile, each call L2-flushed and bracketed by its own pre-primed event pair, the FIRST call of every burst discarded as a drained-queue launch, a host-side idle gap after each burst setting the sustained duty cycle, and the SM clock, board power and memory clock read through NVML with the burst still in flight; NOT timing.TIMING_BASIS",1710.0,False,high,True,True,ok,"LEVEL HIGH (recorded, never an exclusion here): loaded clock 1710 MHz against the 1440 MHz reference. At a duty cycle below 1.0 a HIGH reading is the experiment working, not a cell to drop.",0.25,294.68,0.24989900347064636,106,112.25064633266813,burst,0.37830398976802826,0.37779200077056885,True,1710 1710 1710 1710 1710 1710 1710 1710 1710 1710 1710 1710 1710 1710 1710,False,3725.6571177607857,"measured on this device: NVIDIA GH200 480GB (measured), 3725.7 GB/s (triad pattern)",13.0,580.105.08,True,1,a1b61186bd4b12224d54942af6065e30276d7f44,NVIDIA GH200 480GB,192-222-51-218,"scripts/clock_elasticity.py: bursts of N back-to-back fused_experts calls under one pinned tile, each call L2-flushed and bracketed by its own pre-primed event pair, the FIRST call of every burst discarded as a drained-queue launch, a host-side idle gap after each burst setting the sustained duty cycle, and the SM clock, board power and memory clock read through NVML with the burst still in flight; NOT timing.TIMING_BASIS | duty 0.25 | each idle gap sized from its own burst (gap_basis burst)",,iters=supplied as None; sglang=package not installed,1,3.12.14,174.85664005867835,"measured on this device: NVIDIA GH200 480GB (measured), 651.5 TFLOP/s bf16 over 3725.7 GB/s (triad pattern); calibrated 2026-09-29 at a1b61186",,200.0,2.13.0,3.7.1,2026-09-29T23:02:14+00:00,0.27.1,300.0
private,3,32,3,96,384,3,72,0.5467679798603058,0.5371840000152588,0.0033597873233936993,360,3,320.1059848666191,"scripts/clock_elasticity.py: bursts of N back-to-back fused_experts calls under one pinned tile, each call L2-flushed and bracketed by its own pre-primed event pair, the FIRST call of every burst discarded as a drained-queue launch, a host-side idle gap after each burst setting the sustained duty cycle, and the SM clock, board power and memory clock read through NVML with the burst still in flight; NOT timing.TIMING_BASIS",1710.0,False,high,True,True,ok,"LEVEL HIGH (recorded, never an exclusion here): loaded clock 1710 MHz against the 1440 MHz reference. At a duty cycle below 1.0 a HIGH reading is the experiment working, not a cell to drop.",0.25,288.184,0.24989944616104504,73,114.18564597785371,burst,0.5468959808349609,0.5467039942741394,True,1710 1710 1710 1710 1710 1710 1710 1710 1710 1710 1710 1710 1710 1710 1710,False,3725.6571177607857,"measured on this device: NVIDIA GH200 480GB (measured), 3725.7 GB/s (triad pattern)",13.0,580.105.08,True,1,a1b61186bd4b12224d54942af6065e30276d7f44,NVIDIA GH200 480GB,192-222-51-218,"scripts/clock_elasticity.py: bursts of N back-to-back fused_experts calls under one pinned tile, each call L2-flushed and bracketed by its own pre-primed event pair, the FIRST call of every burst discarded as a drained-queue launch, a host-side idle gap after each burst setting the sustained duty cycle, and the SM clock, board power and memory clock read through NVML with the burst still in flight; NOT timing.TIMING_BASIS | duty 0.25 | each idle gap sized from its own burst (gap_basis burst)",,iters=supplied as None; sglang=package not installed,1,3.12.14,174.85664005867835,"measured on this device: NVIDIA GH200 480GB (measured), 651.5 TFLOP/s bf16 over 3725.7 GB/s (triad pattern); calibrated 2026-09-29 at a1b61186",,200.0,2.13.0,3.7.1,2026-09-29T23:02:14+00:00,0.27.1,300.0
native,3,32,2,64,256,1,8,0.2725760042667389,0.2677760124206543,0.00650100272138343,730,3,323.72604835033417,"scripts/clock_elasticity.py: bursts of N back-to-back fused_experts calls under one pinned tile, each call L2-flushed and bracketed by its own pre-primed event pair, the FIRST call of every burst discarded as a drained-queue launch, a host-side idle gap after each burst setting the sustained duty cycle, and the SM clock, board power and memory clock read through NVML with the burst still in flight; NOT timing.TIMING_BASIS",1710.0,False,high,True,True,ok,"LEVEL HIGH (recorded, never an exclusion here): loaded clock 1710 MHz against the 1440 MHz reference. At a duty cycle below 1.0 a HIGH reading is the experiment working, not a cell to drop.; host-bound: in 8 of 15 trials the GPU had fewer than 2 iterations of work queued when the host finished enqueueing (smallest backlog 0.40 iterations; host enqueue 0.3489 ms per call); the intervals include host enqueue time and the number is an upper bound on the kernel time; time the callable as a graph replay or through a fused launcher to measure the GPU alone",0.25,300.384,0.24989602773788921,147,109.49189728854253,burst,0.27236799895763397,0.27244800329208374,True,1710 1710 1710 1710 1710 1710 1710 1710 1710 1710 1710 1710 1710 1710 1710,True,3725.6571177607857,"measured on this device: NVIDIA GH200 480GB (measured), 3725.7 GB/s (triad pattern)",13.0,580.105.08,True,1,a1b61186bd4b12224d54942af6065e30276d7f44,NVIDIA GH200 480GB,192-222-51-218,"scripts/clock_elasticity.py: bursts of N back-to-back fused_experts calls under one pinned tile, each call L2-flushed and bracketed by its own pre-primed event pair, the FIRST call of every burst discarded as a drained-queue launch, a host-side idle gap after each burst setting the sustained duty cycle, and the SM clock, board power and memory clock read through NVML with the burst still in flight; NOT timing.TIMING_BASIS | duty 0.25 | each idle gap sized from its own burst (gap_basis burst)",,iters=supplied as None; sglang=package not installed,1,3.12.14,174.85664005867835,"measured on this device: NVIDIA GH200 480GB (measured), 651.5 TFLOP/s bf16 over 3725.7 GB/s (triad pattern); calibrated 2026-09-29 at a1b61186",,200.0,2.13.0,3.7.1,2026-09-29T23:02:14+00:00,0.27.1,300.0
shared,3,32,2,64,256,1,72,0.27209600806236267,0.2635520100593567,0.01988779496513069,685,3,318.5147521495819,"scripts/clock_elasticity.py: bursts of N back-to-back fused_experts calls under one pinned tile, each call L2-flushed and bracketed by its own pre-primed event pair, the FIRST call of every burst discarded as a drained-queue launch, a host-side idle gap after each burst setting the sustained duty cycle, and the SM clock, board power and memory clock read through NVML with the burst still in flight; NOT timing.TIMING_BASIS",1710.0,False,high,True,True,ok,"LEVEL HIGH (recorded, never an exclusion here): loaded clock 1710 MHz against the 1440 MHz reference. At a duty cycle below 1.0 a HIGH reading is the experiment working, not a cell to drop.; host-bound: in 15 of 15 trials the GPU had fewer than 2 iterations of work queued when the host finished enqueueing (smallest backlog 0.30 iterations; host enqueue 0.3617 ms per call); the intervals include host enqueue time and the number is an upper bound on the kernel time; time the callable as a graph replay or through a fused launcher to measure the GPU alone",0.25,293.165,0.24988962870074055,138,107.07188000874521,burst,0.2727679908275604,0.2744480073451996,True,1710 1710 1710 1710 1710 1710 1710 1710 1710 1710 1710 1710 1710 1710 1710,True,3725.6571177607857,"measured on this device: NVIDIA GH200 480GB (measured), 3725.7 GB/s (triad pattern)",13.0,580.105.08,True,1,a1b61186bd4b12224d54942af6065e30276d7f44,NVIDIA GH200 480GB,192-222-51-218,"scripts/clock_elasticity.py: bursts of N back-to-back fused_experts calls under one pinned tile, each call L2-flushed and bracketed by its own pre-primed event pair, the FIRST call of every burst discarded as a drained-queue launch, a host-side idle gap after each burst setting the sustained duty cycle, and the SM clock, board power and memory clock read through NVML with the burst still in flight; NOT timing.TIMING_BASIS | duty 0.25 | each idle gap sized from its own burst (gap_basis burst)",,iters=supplied as None; sglang=package not installed,1,3.12.14,174.85664005867835,"measured on this device: NVIDIA GH200 480GB (measured), 651.5 TFLOP/s bf16 over 3725.7 GB/s (triad pattern); calibrated 2026-09-29 at a1b61186",,200.0,2.13.0,3.7.1,2026-09-29T23:02:14+00:00,0.27.1,300.0
private,3,32,2,64,256,2,72,0.36003199219703674,0.35340800881385803,0.002137452878601896,550,3,321.1235201358795,"scripts/clock_elasticity.py: bursts of N back-to-back fused_experts calls under one pinned tile, each call L2-flushed and bracketed by its own pre-primed event pair, the FIRST call of every burst discarded as a drained-queue launch, a host-side idle gap after each burst setting the sustained duty cycle, and the SM clock, board power and memory clock read through NVML with the burst still in flight; NOT timing.TIMING_BASIS",1710.0,False,high,True,True,ok,"LEVEL HIGH (recorded, never an exclusion here): loaded clock 1710 MHz against the 1440 MHz reference. At a duty cycle below 1.0 a HIGH reading is the experiment working, not a cell to drop.",0.25,294.779,0.24989724973286093,111,111.42705896573172,burst,0.3601599931716919,0.36006399989128113,True,1710 1710 1710 1710 1710 1710 1710 1710 1710 1710 1710 1710 1710 1710 1710,False,3725.6571177607857,"measured on this device: NVIDIA GH200 480GB (measured), 3725.7 GB/s (triad pattern)",13.0,580.105.08,True,1,a1b61186bd4b12224d54942af6065e30276d7f44,NVIDIA GH200 480GB,192-222-51-218,"scripts/clock_elasticity.py: bursts of N back-to-back fused_experts calls under one pinned tile, each call L2-flushed and bracketed by its own pre-primed event pair, the FIRST call of every burst discarded as a drained-queue launch, a host-side idle gap after each burst setting the sustained duty cycle, and the SM clock, board power and memory clock read through NVML with the burst still in flight; NOT timing.TIMING_BASIS | duty 0.25 | each idle gap sized from its own burst (gap_basis burst)",,iters=supplied as None; sglang=package not installed,1,3.12.14,174.85664005867835,"measured on this device: NVIDIA GH200 480GB (measured), 651.5 TFLOP/s bf16 over 3725.7 GB/s (triad pattern); calibrated 2026-09-29 at a1b61186",,200.0,2.13.0,3.7.1,2026-09-29T23:02:14+00:00,0.27.1,300.0
native,3,32,1,32,128,1,8,0.2666560113430023,0.2189120054244995,0.023770205874808478,725,3,310.3584641367197,"scripts/clock_elasticity.py: bursts of N back-to-back fused_experts calls under one pinned tile, each call L2-flushed and bracketed by its own pre-primed event pair, the FIRST call of every burst discarded as a drained-queue launch, a host-side idle gap after each burst setting the sustained duty cycle, and the SM clock, board power and memory clock read through NVML with the burst still in flight; NOT timing.TIMING_BASIS",1710.0,False,high,True,True,ok,"LEVEL HIGH (recorded, never an exclusion here): loaded clock 1710 MHz against the 1440 MHz reference. At a duty cycle below 1.0 a HIGH reading is the experiment working, not a cell to drop.; host-bound: in 15 of 15 trials the GPU had fewer than 2 iterations of work queued when the host finished enqueueing (smallest backlog 0.17 iterations; host enqueue 0.3514 ms per call); the intervals include host enqueue time and the number is an upper bound on the kernel time; time the callable as a graph replay or through a fused launcher to measure the GPU alone",0.25,248.462,0.24990101324180874,146,108.50012400250489,burst,0.26737599074840546,0.267999991774559,True,1710 1710 1710 1710 1710 1710 1710 1710 1710 1710 1710 1710 1710 1710 1710,True,3725.6571177607857,"measured on this device: NVIDIA GH200 480GB (measured), 3725.7 GB/s (triad pattern)",13.0,580.105.08,True,1,a1b61186bd4b12224d54942af6065e30276d7f44,NVIDIA GH200 480GB,192-222-51-218,"scripts/clock_elasticity.py: bursts of N back-to-back fused_experts calls under one pinned tile, each call L2-flushed and bracketed by its own pre-primed event pair, the FIRST call of every burst discarded as a drained-queue launch, a host-side idle gap after each burst setting the sustained duty cycle, and the SM clock, board power and memory clock read through NVML with the burst still in flight; NOT timing.TIMING_BASIS | duty 0.25 | each idle gap sized from its own burst (gap_basis burst)",,iters=supplied as None; sglang=package not installed,1,3.12.14,174.85664005867835,"measured on this device: NVIDIA GH200 480GB (measured), 651.5 TFLOP/s bf16 over 3725.7 GB/s (triad pattern); calibrated 2026-09-29 at a1b61186",,200.0,2.13.0,3.7.1,2026-09-29T23:02:14+00:00,0.27.1,300.0
shared,3,32,1,32,128,1,72,0.2728640139102936,0.2322240024805069,0.021347205669928912,665,3,315.26041631400585,"scripts/clock_elasticity.py: bursts of N back-to-back fused_experts calls under one pinned tile, each call L2-flushed and bracketed by its own pre-primed event pair, the FIRST call of every burst discarded as a drained-queue launch, a host-side idle gap after each burst setting the sustained duty cycle, and the SM clock, board power and memory clock read through NVML with the burst still in flight; NOT timing.TIMING_BASIS",1710.0,False,high,True,True,ok,"LEVEL HIGH (recorded, never an exclusion here): loaded clock 1710 MHz against the 1440 MHz reference. At a duty cycle below 1.0 a HIGH reading is the experiment working, not a cell to drop.; host-bound: in 15 of 15 trials the GPU had fewer than 2 iterations of work queued when the host finished enqueueing (smallest backlog 0.15 iterations; host enqueue 0.3573 ms per call); the intervals include host enqueue time and the number is an upper bound on the kernel time; time the callable as a graph replay or through a fused launcher to measure the GPU alone",0.25,247.18,0.24989012092449922,134,102.04978583196134,burst,0.2736319899559021,0.27267199754714966,True,1710 1710 1710 1710 1710 1710 1710 1710 1710 1710 1710 1710 1710 1710 1710,True,3725.6571177607857,"measured on this device: NVIDIA GH200 480GB (measured), 3725.7 GB/s (triad pattern)",13.0,580.105.08,True,1,a1b61186bd4b12224d54942af6065e30276d7f44,NVIDIA GH200 480GB,192-222-51-218,"scripts/clock_elasticity.py: bursts of N back-to-back fused_experts calls under one pinned tile, each call L2-flushed and bracketed by its own pre-primed event pair, the FIRST call of every burst discarded as a drained-queue launch, a host-side idle gap after each burst setting the sustained duty cycle, and the SM clock, board power and memory clock read through NVML with the burst still in flight; NOT timing.TIMING_BASIS | duty 0.25 | each idle gap sized from its own burst (gap_basis burst)",,iters=supplied as None; sglang=package not installed,1,3.12.14,174.85664005867835,"measured on this device: NVIDIA GH200 480GB (measured), 651.5 TFLOP/s bf16 over 3725.7 GB/s (triad pattern); calibrated 2026-09-29 at a1b61186",,200.0,2.13.0,3.7.1,2026-09-29T23:02:14+00:00,0.27.1,300.0
private,3,32,1,32,128,1,72,0.2718399912118912,0.22864000499248505,0.021334231447115385,700,3,323.97027193009853,"scripts/clock_elasticity.py: bursts of N back-to-back fused_experts calls under one pinned tile, each call L2-flushed and bracketed by its own pre-primed event pair, the FIRST call of every burst discarded as a drained-queue launch, a host-side idle gap after each burst setting the sustained duty cycle, and the SM clock, board power and memory clock read through NVML with the burst still in flight; NOT timing.TIMING_BASIS",1710.0,False,high,True,True,ok,"LEVEL HIGH (recorded, never an exclusion here): loaded clock 1710 MHz against the 1440 MHz reference. At a duty cycle below 1.0 a HIGH reading is the experiment working, not a cell to drop.; host-bound: in 15 of 15 trials the GPU had fewer than 2 iterations of work queued when the host finished enqueueing (smallest backlog 0.16 iterations; host enqueue 0.3558 ms per call); the intervals include host enqueue time and the number is an upper bound on the kernel time; time the callable as a graph replay or through a fused launcher to measure the GPU alone",0.25,242.558,0.24989415622163297,141,106.79731860164613,burst,0.27372801303863525,0.2699519991874695,True,1710 1710 1710 1710 1710 1710 1710 1710 1710 1710 1710 1710 1710 1710 1710,True,3725.6571177607857,"measured on this device: NVIDIA GH200 480GB (measured), 3725.7 GB/s (triad pattern)",13.0,580.105.08,True,1,a1b61186bd4b12224d54942af6065e30276d7f44,NVIDIA GH200 480GB,192-222-51-218,"scripts/clock_elasticity.py: bursts of N back-to-back fused_experts calls under one pinned tile, each call L2-flushed and bracketed by its own pre-primed event pair, the FIRST call of every burst discarded as a drained-queue launch, a host-side idle gap after each burst setting the sustained duty cycle, and the SM clock, board power and memory clock read through NVML with the burst still in flight; NOT timing.TIMING_BASIS | duty 0.25 | each idle gap sized from its own burst (gap_basis burst)",,iters=supplied as None; sglang=package not installed,1,3.12.14,174.85664005867835,"measured on this device: NVIDIA GH200 480GB (measured), 651.5 TFLOP/s bf16 over 3725.7 GB/s (triad pattern); calibrated 2026-09-29 at a1b61186",,200.0,2.13.0,3.7.1,2026-09-29T23:02:14+00:00,0.27.1,300.0
shared,4,32,1,32,128,1,72,0.28246399760246277,0.2443840056657791,0.02186639800735628,655,3,313.03919975459576,"scripts/clock_elasticity.py: bursts of N back-to-back fused_experts calls under one pinned tile, each call L2-flushed and bracketed by its own pre-primed event pair, the FIRST call of every burst discarded as a drained-queue launch, a host-side idle gap after each burst setting the sustained duty cycle, and the SM clock, board power and memory clock read through NVML with the burst still in flight; NOT timing.TIMING_BASIS",1710.0,False,high,True,True,ok,"LEVEL HIGH (recorded, never an exclusion here): loaded clock 1710 MHz against the 1440 MHz reference. At a duty cycle below 1.0 a HIGH reading is the experiment working, not a cell to drop.; host-bound: in 15 of 15 trials the GPU had fewer than 2 iterations of work queued when the host finished enqueueing (smallest backlog 0.16 iterations; host enqueue 0.3665 ms per call); the intervals include host enqueue time and the number is an upper bound on the kernel time; time the callable as a graph replay or through a fused launcher to measure the GPU alone",0.25,239.93,0.24988992676668065,132,104.15422997278073,burst,0.282943993806839,0.2815040051937103,True,1710 1710 1710 1710 1710 1710 1710 1710 1710 1710 1710 1710 1710 1710 1710,True,3725.6571177607857,"measured on this device: NVIDIA GH200 480GB (measured), 3725.7 GB/s (triad pattern)",13.0,580.105.08,True,1,a1b61186bd4b12224d54942af6065e30276d7f44,NVIDIA GH200 480GB,192-222-51-218,"scripts/clock_elasticity.py: bursts of N back-to-back fused_experts calls under one pinned tile, each call L2-flushed and bracketed by its own pre-primed event pair, the FIRST call of every burst discarded as a drained-queue launch, a host-side idle gap after each burst setting the sustained duty cycle, and the SM clock, board power and memory clock read through NVML with the burst still in flight; NOT timing.TIMING_BASIS | duty 0.25 | each idle gap sized from its own burst (gap_basis burst)",,iters=supplied as None; sglang=package not installed,1,3.12.14,174.85664005867835,"measured on this device: NVIDIA GH200 480GB (measured), 651.5 TFLOP/s bf16 over 3725.7 GB/s (triad pattern); calibrated 2026-09-29 at a1b61186",,200.0,2.13.0,3.7.1,2026-09-29T23:02:14+00:00,0.27.1,300.0
private,4,32,1,32,128,1,72,0.27715200185775757,0.23894399404525757,0.022093352452835516,665,3,310.9134719669819,"scripts/clock_elasticity.py: bursts of N back-to-back fused_experts calls under one pinned tile, each call L2-flushed and bracketed by its own pre-primed event pair, the FIRST call of every burst discarded as a drained-queue launch, a host-side idle gap after each burst setting the sustained duty cycle, and the SM clock, board power and memory clock read through NVML with the burst still in flight; NOT timing.TIMING_BASIS",1710.0,False,high,True,True,ok,"LEVEL HIGH (recorded, never an exclusion here): loaded clock 1710 MHz against the 1440 MHz reference. At a duty cycle below 1.0 a HIGH reading is the experiment working, not a cell to drop.; host-bound: in 15 of 15 trials the GPU had fewer than 2 iterations of work queued when the host finished enqueueing (smallest backlog 0.17 iterations; host enqueue 0.3621 ms per call); the intervals include host enqueue time and the number is an upper bound on the kernel time; time the callable as a graph replay or through a fused launcher to measure the GPU alone",0.25,240.157,0.24988880457264412,134,104.01906058066379,burst,0.279231995344162,0.27612799406051636,True,1710 1710 1710 1710 1710 1710 1710 1710 1710 1710 1710 1710 1710 1710 1710,True,3725.6571177607857,"measured on this device: NVIDIA GH200 480GB (measured), 3725.7 GB/s (triad pattern)",13.0,580.105.08,True,1,a1b61186bd4b12224d54942af6065e30276d7f44,NVIDIA GH200 480GB,192-222-51-218,"scripts/clock_elasticity.py: bursts of N back-to-back fused_experts calls under one pinned tile, each call L2-flushed and bracketed by its own pre-primed event pair, the FIRST call of every burst discarded as a drained-queue launch, a host-side idle gap after each burst setting the sustained duty cycle, and the SM clock, board power and memory clock read through NVML with the burst still in flight; NOT timing.TIMING_BASIS | duty 0.25 | each idle gap sized from its own burst (gap_basis burst)",,iters=supplied as None; sglang=package not installed,1,3.12.14,174.85664005867835,"measured on this device: NVIDIA GH200 480GB (measured), 651.5 TFLOP/s bf16 over 3725.7 GB/s (triad pattern); calibrated 2026-09-29 at a1b61186",,200.0,2.13.0,3.7.1,2026-09-29T23:02:14+00:00,0.27.1,300.0
native,4,32,1,32,128,1,8,0.2730880081653595,0.22412799298763275,0.024665376495047523,710,3,314.8947838693857,"scripts/clock_elasticity.py: bursts of N back-to-back fused_experts calls under one pinned tile, each call L2-flushed and bracketed by its own pre-primed event pair, the FIRST call of every burst discarded as a drained-queue launch, a host-side idle gap after each burst setting the sustained duty cycle, and the SM clock, board power and memory clock read through NVML with the burst still in flight; NOT timing.TIMING_BASIS",1710.0,False,high,True,True,ok,"LEVEL HIGH (recorded, never an exclusion here): loaded clock 1710 MHz against the 1440 MHz reference. At a duty cycle below 1.0 a HIGH reading is the experiment working, not a cell to drop.; host-bound: in 15 of 15 trials the GPU had fewer than 2 iterations of work queued when the host finished enqueueing (smallest backlog 0.18 iterations; host enqueue 0.3560 ms per call); the intervals include host enqueue time and the number is an upper bound on the kernel time; time the callable as a graph replay or through a fused launcher to measure the GPU alone",0.25,240.86,0.24989483584071087,143,108.49808027232574,burst,0.2731199860572815,0.27296000719070435,True,1710 1710 1710 1710 1710 1710 1710 1710 1710 1710 1710 1710 1710 1710 1710,True,3725.6571177607857,"measured on this device: NVIDIA GH200 480GB (measured), 3725.7 GB/s (triad pattern)",13.0,580.105.08,True,1,a1b61186bd4b12224d54942af6065e30276d7f44,NVIDIA GH200 480GB,192-222-51-218,"scripts/clock_elasticity.py: bursts of N back-to-back fused_experts calls under one pinned tile, each call L2-flushed and bracketed by its own pre-primed event pair, the FIRST call of every burst discarded as a drained-queue launch, a host-side idle gap after each burst setting the sustained duty cycle, and the SM clock, board power and memory clock read through NVML with the burst still in flight; NOT timing.TIMING_BASIS | duty 0.25 | each idle gap sized from its own burst (gap_basis burst)",,iters=supplied as None; sglang=package not installed,1,3.12.14,174.85664005867835,"measured on this device: NVIDIA GH200 480GB (measured), 651.5 TFLOP/s bf16 over 3725.7 GB/s (triad pattern); calibrated 2026-09-29 at a1b61186",,200.0,2.13.0,3.7.1,2026-09-29T23:02:14+00:00,0.27.1,300.0
shared,4,32,2,64,256,1,72,0.2890239953994751,0.2643519937992096,0.023304792696335577,670,3,320.08406391739845,"scripts/clock_elasticity.py: bursts of N back-to-back fused_experts calls under one pinned tile, each call L2-flushed and bracketed by its own pre-primed event pair, the FIRST call of every burst discarded as a drained-queue launch, a host-side idle gap after each burst setting the sustained duty cycle, and the SM clock, board power and memory clock read through NVML with the burst still in flight; NOT timing.TIMING_BASIS",1710.0,False,high,True,True,ok,"LEVEL HIGH (recorded, never an exclusion here): loaded clock 1710 MHz against the 1440 MHz reference. At a duty cycle below 1.0 a HIGH reading is the experiment working, not a cell to drop.; host-bound: in 15 of 15 trials the GPU had fewer than 2 iterations of work queued when the host finished enqueueing (smallest backlog 0.21 iterations; host enqueue 0.3739 ms per call); the intervals include host enqueue time and the number is an upper bound on the kernel time; time the callable as a graph replay or through a fused launcher to measure the GPU alone",0.25,283.404,0.24989779892725236,135,109.59926637899117,burst,0.2889919877052307,0.28569599986076355,True,1710 1710 1710 1710 1710 1710 1710 1710 1710 1710 1710 1710 1710 1710 1710,True,3725.6571177607857,"measured on this device: NVIDIA GH200 480GB (measured), 3725.7 GB/s (triad pattern)",13.0,580.105.08,True,1,a1b61186bd4b12224d54942af6065e30276d7f44,NVIDIA GH200 480GB,192-222-51-218,"scripts/clock_elasticity.py: bursts of N back-to-back fused_experts calls under one pinned tile, each call L2-flushed and bracketed by its own pre-primed event pair, the FIRST call of every burst discarded as a drained-queue launch, a host-side idle gap after each burst setting the sustained duty cycle, and the SM clock, board power and memory clock read through NVML with the burst still in flight; NOT timing.TIMING_BASIS | duty 0.25 | each idle gap sized from its own burst (gap_basis burst)",,iters=supplied as None; sglang=package not installed,1,3.12.14,174.85664005867835,"measured on this device: NVIDIA GH200 480GB (measured), 651.5 TFLOP/s bf16 over 3725.7 GB/s (triad pattern); calibrated 2026-09-29 at a1b61186",,200.0,2.13.0,3.7.1,2026-09-29T23:02:14+00:00,0.27.1,300.0
private,4,32,2,64,256,2,72,0.3601599931716919,0.3530240058898926,0.0022499506162663406,550,3,320.8470718860626,"scripts/clock_elasticity.py: bursts of N back-to-back fused_experts calls under one pinned tile, each call L2-flushed and bracketed by its own pre-primed event pair, the FIRST call of every burst discarded as a drained-queue launch, a host-side idle gap after each burst setting the sustained duty cycle, and the SM clock, board power and memory clock read through NVML with the burst still in flight; NOT timing.TIMING_BASIS",1710.0,False,high,True,True,ok,"LEVEL HIGH (recorded, never an exclusion here): loaded clock 1710 MHz against the 1440 MHz reference. At a duty cycle below 1.0 a HIGH reading is the experiment working, not a cell to drop.",0.25,288.238,0.2498960032884774,111,111.49531394398218,burst,0.36025598645210266,0.3598400056362152,True,1710 1710 1710 1710 1710 1710 1710 1710 1710 1710 1710 1710 1710 1710 1710,False,3725.6571177607857,"measured on this device: NVIDIA GH200 480GB (measured), 3725.7 GB/s (triad pattern)",13.0,580.105.08,True,1,a1b61186bd4b12224d54942af6065e30276d7f44,NVIDIA GH200 480GB,192-222-51-218,"scripts/clock_elasticity.py: bursts of N back-to-back fused_experts calls under one pinned tile, each call L2-flushed and bracketed by its own pre-primed event pair, the FIRST call of every burst discarded as a drained-queue launch, a host-side idle gap after each burst setting the sustained duty cycle, and the SM clock, board power and memory clock read through NVML with the burst still in flight; NOT timing.TIMING_BASIS | duty 0.25 | each idle gap sized from its own burst (gap_basis burst)",,iters=supplied as None; sglang=package not installed,1,3.12.14,174.85664005867835,"measured on this device: NVIDIA GH200 480GB (measured), 651.5 TFLOP/s bf16 over 3725.7 GB/s (triad pattern); calibrated 2026-09-29 at a1b61186",,200.0,2.13.0,3.7.1,2026-09-29T23:02:14+00:00,0.27.1,300.0
native,4,32,2,64,256,1,8,0.2709119915962219,0.26604801416397095,0.02131456527445122,735,3,321.7615359425545,"scripts/clock_elasticity.py: bursts of N back-to-back fused_experts calls under one pinned tile, each call L2-flushed and bracketed by its own pre-primed event pair, the FIRST call of every burst discarded as a drained-queue launch, a host-side idle gap after each burst setting the sustained duty cycle, and the SM clock, board power and memory clock read through NVML with the burst still in flight; NOT timing.TIMING_BASIS",1710.0,False,high,True,True,ok,"LEVEL HIGH (recorded, never an exclusion here): loaded clock 1710 MHz against the 1440 MHz reference. At a duty cycle below 1.0 a HIGH reading is the experiment working, not a cell to drop.; host-bound: in 8 of 15 trials the GPU had fewer than 2 iterations of work queued when the host finished enqueueing (smallest backlog 0.20 iterations; host enqueue 0.3455 ms per call); the intervals include host enqueue time and the number is an upper bound on the kernel time; time the callable as a graph replay or through a fused launcher to measure the GPU alone",0.25,297.809,0.24990061160169624,148,109.35013747205812,burst,0.2701759934425354,0.2712800055742264,True,1710 1710 1710 1710 1710 1710 1710 1710 1710 1710 1710 1710 1710 1710 1710,True,3725.6571177607857,"measured on this device: NVIDIA GH200 480GB (measured), 3725.7 GB/s (triad pattern)",13.0,580.105.08,True,1,a1b61186bd4b12224d54942af6065e30276d7f44,NVIDIA GH200 480GB,192-222-51-218,"scripts/clock_elasticity.py: bursts of N back-to-back fused_experts calls under one pinned tile, each call L2-flushed and bracketed by its own pre-primed event pair, the FIRST call of every burst discarded as a drained-queue launch, a host-side idle gap after each burst setting the sustained duty cycle, and the SM clock, board power and memory clock read through NVML with the burst still in flight; NOT timing.TIMING_BASIS | duty 0.25 | each idle gap sized from its own burst (gap_basis burst)",,iters=supplied as None; sglang=package not installed,1,3.12.14,174.85664005867835,"measured on this device: NVIDIA GH200 480GB (measured), 651.5 TFLOP/s bf16 over 3725.7 GB/s (triad pattern); calibrated 2026-09-29 at a1b61186",,200.0,2.13.0,3.7.1,2026-09-29T23:02:14+00:00,0.27.1,300.0
shared,4,32,3,96,384,1,72,0.37775999307632446,0.37251201272010803,0.0015302694937241112,525,3,321.53737542033195,"scripts/clock_elasticity.py: bursts of N back-to-back fused_experts calls under one pinned tile, each call L2-flushed and bracketed by its own pre-primed event pair, the FIRST call of every burst discarded as a drained-queue launch, a host-side idle gap after each burst setting the sustained duty cycle, and the SM clock, board power and memory clock read through NVML with the burst still in flight; NOT timing.TIMING_BASIS",1710.0,False,high,True,True,ok,"LEVEL HIGH (recorded, never an exclusion here): loaded clock 1710 MHz against the 1440 MHz reference. At a duty cycle below 1.0 a HIGH reading is the experiment working, not a cell to drop.",0.25,295.064,0.2498996382088971,106,112.22635783900478,burst,0.3781760036945343,0.37776000797748566,True,1710 1710 1710 1710 1710 1710 1710 1710 1710 1710 1710 1710 1710 1710 1710,False,3725.6571177607857,"measured on this device: NVIDIA GH200 480GB (measured), 3725.7 GB/s (triad pattern)",13.0,580.105.08,True,1,a1b61186bd4b12224d54942af6065e30276d7f44,NVIDIA GH200 480GB,192-222-51-218,"scripts/clock_elasticity.py: bursts of N back-to-back fused_experts calls under one pinned tile, each call L2-flushed and bracketed by its own pre-primed event pair, the FIRST call of every burst discarded as a drained-queue launch, a host-side idle gap after each burst setting the sustained duty cycle, and the SM clock, board power and memory clock read through NVML with the burst still in flight; NOT timing.TIMING_BASIS | duty 0.25 | each idle gap sized from its own burst (gap_basis burst)",,iters=supplied as None; sglang=package not installed,1,3.12.14,174.85664005867835,"measured on this device: NVIDIA GH200 480GB (measured), 651.5 TFLOP/s bf16 over 3725.7 GB/s (triad pattern); calibrated 2026-09-29 at a1b61186",,200.0,2.13.0,3.7.1,2026-09-29T23:02:14+00:00,0.27.1,300.0
private,4,32,3,96,384,3,72,0.5464640259742737,0.536575973033905,0.0033829038662727463,360,3,320.0779517889023,"scripts/clock_elasticity.py: bursts of N back-to-back fused_experts calls under one pinned tile, each call L2-flushed and bracketed by its own pre-primed event pair, the FIRST call of every burst discarded as a drained-queue launch, a host-side idle gap after each burst setting the sustained duty cycle, and the SM clock, board power and memory clock read through NVML with the burst still in flight; NOT timing.TIMING_BASIS",1710.0,False,high,True,True,ok,"LEVEL HIGH (recorded, never an exclusion here): loaded clock 1710 MHz against the 1440 MHz reference. At a duty cycle below 1.0 a HIGH reading is the experiment working, not a cell to drop.",0.25,284.25,0.24989910800535955,73,114.16810976841587,burst,0.5461919903755188,0.5464639961719513,True,1710 1710 1710 1710 1710 1710 1710 1710 1710 1710 1710 1710 1710 1710 1710,False,3725.6571177607857,"measured on this device: NVIDIA GH200 480GB (measured), 3725.7 GB/s (triad pattern)",13.0,580.105.08,True,1,a1b61186bd4b12224d54942af6065e30276d7f44,NVIDIA GH200 480GB,192-222-51-218,"scripts/clock_elasticity.py: bursts of N back-to-back fused_experts calls under one pinned tile, each call L2-flushed and bracketed by its own pre-primed event pair, the FIRST call of every burst discarded as a drained-queue launch, a host-side idle gap after each burst setting the sustained duty cycle, and the SM clock, board power and memory clock read through NVML with the burst still in flight; NOT timing.TIMING_BASIS | duty 0.25 | each idle gap sized from its own burst (gap_basis burst)",,iters=supplied as None; sglang=package not installed,1,3.12.14,174.85664005867835,"measured on this device: NVIDIA GH200 480GB (measured), 651.5 TFLOP/s bf16 over 3725.7 GB/s (triad pattern); calibrated 2026-09-29 at a1b61186",,200.0,2.13.0,3.7.1,2026-09-29T23:02:14+00:00,0.27.1,300.0
native,4,32,3,96,384,1,8,0.38790398836135864,0.38227200508117676,0.0019345164679728983,510,3,321.01424020528793,"scripts/clock_elasticity.py: bursts of N back-to-back fused_experts calls under one pinned tile, each call L2-flushed and bracketed by its own pre-primed event pair, the FIRST call of every burst discarded as a drained-queue launch, a host-side idle gap after each burst setting the sustained duty cycle, and the SM clock, board power and memory clock read through NVML with the burst still in flight; NOT timing.TIMING_BASIS",1710.0,False,high,True,True,ok,"LEVEL HIGH (recorded, never an exclusion here): loaded clock 1710 MHz against the 1440 MHz reference. At a duty cycle below 1.0 a HIGH reading is the experiment working, not a cell to drop.",0.25,286.088,0.24989833342254145,103,112.00978462830972,burst,0.3875519931316376,0.3877120018005371,True,1710 1710 1710 1710 1710 1710 1710 1710 1710 1710 1710 1710 1710 1710 1710,False,3725.6571177607857,"measured on this device: NVIDIA GH200 480GB (measured), 3725.7 GB/s (triad pattern)",13.0,580.105.08,True,1,a1b61186bd4b12224d54942af6065e30276d7f44,NVIDIA GH200 480GB,192-222-51-218,"scripts/clock_elasticity.py: bursts of N back-to-back fused_experts calls under one pinned tile, each call L2-flushed and bracketed by its own pre-primed event pair, the FIRST call of every burst discarded as a drained-queue launch, a host-side idle gap after each burst setting the sustained duty cycle, and the SM clock, board power and memory clock read through NVML with the burst still in flight; NOT timing.TIMING_BASIS | duty 0.25 | each idle gap sized from its own burst (gap_basis burst)",,iters=supplied as None; sglang=package not installed,1,3.12.14,174.85664005867835,"measured on this device: NVIDIA GH200 480GB (measured), 651.5 TFLOP/s bf16 over 3725.7 GB/s (triad pattern); calibrated 2026-09-29 at a1b61186",,200.0,2.13.0,3.7.1,2026-09-29T23:02:14+00:00,0.27.1,300.0
shared,4,32,4,128,512,1,72,0.4910399913787842,0.48576000332832336,0.0018308040645455294,400,3,319.20435178279877,"scripts/clock_elasticity.py: bursts of N back-to-back fused_experts calls under one pinned tile, each call L2-flushed and bracketed by its own pre-primed event pair, the FIRST call of every burst discarded as a drained-queue launch, a host-side idle gap after each burst setting the sustained duty cycle, and the SM clock, board power and memory clock read through NVML with the burst still in flight; NOT timing.TIMING_BASIS",1710.0,False,high,True,True,ok,"LEVEL HIGH (recorded, never an exclusion here): loaded clock 1710 MHz against the 1440 MHz reference. At a duty cycle below 1.0 a HIGH reading is the experiment working, not a cell to drop.",0.25,292.349,0.24990680303182858,81,113.31402559868364,burst,0.491471990942955,0.49079999327659607,True,1710 1710 1710 1710 1710 1710 1710 1710 1710 1710 1710 1710 1710 1710 1710,False,3725.6571177607857,"measured on this device: NVIDIA GH200 480GB (measured), 3725.7 GB/s (triad pattern)",13.0,580.105.08,True,1,a1b61186bd4b12224d54942af6065e30276d7f44,NVIDIA GH200 480GB,192-222-51-218,"scripts/clock_elasticity.py: bursts of N back-to-back fused_experts calls under one pinned tile, each call L2-flushed and bracketed by its own pre-primed event pair, the FIRST call of every burst discarded as a drained-queue launch, a host-side idle gap after each burst setting the sustained duty cycle, and the SM clock, board power and memory clock read through NVML with the burst still in flight; NOT timing.TIMING_BASIS | duty 0.25 | each idle gap sized from its own burst (gap_basis burst)",,iters=supplied as None; sglang=package not installed,1,3.12.14,174.85664005867835,"measured on this device: NVIDIA GH200 480GB (measured), 651.5 TFLOP/s bf16 over 3725.7 GB/s (triad pattern); calibrated 2026-09-29 at a1b61186",,200.0,2.13.0,3.7.1,2026-09-29T23:02:14+00:00,0.27.1,300.0
private,4,32,4,128,512,4,72,0.6967679858207703,0.6919040083885193,0.0019615450233527675,280,3,319.1324476003647,"scripts/clock_elasticity.py: bursts of N back-to-back fused_experts calls under one pinned tile, each call L2-flushed and bracketed by its own pre-primed event pair, the FIRST call of every burst discarded as a drained-queue launch, a host-side idle gap after each burst setting the sustained duty cycle, and the SM clock, board power and memory clock read through NVML with the burst still in flight; NOT timing.TIMING_BASIS",1710.0,False,high,True,True,ok,"LEVEL HIGH (recorded, never an exclusion here): loaded clock 1710 MHz against the 1440 MHz reference. At a duty cycle below 1.0 a HIGH reading is the experiment working, not a cell to drop.",0.25,285.93,0.24989872053038958,57,114.9961863247736,burst,0.6965759992599487,0.6971040070056915,True,1710 1710 1710 1710 1710 1710 1710 1710 1710 1710 1710 1710 1710 1710 1710,False,3725.6571177607857,"measured on this device: NVIDIA GH200 480GB (measured), 3725.7 GB/s (triad pattern)",13.0,580.105.08,True,1,a1b61186bd4b12224d54942af6065e30276d7f44,NVIDIA GH200 480GB,192-222-51-218,"scripts/clock_elasticity.py: bursts of N back-to-back fused_experts calls under one pinned tile, each call L2-flushed and bracketed by its own pre-primed event pair, the FIRST call of every burst discarded as a drained-queue launch, a host-side idle gap after each burst setting the sustained duty cycle, and the SM clock, board power and memory clock read through NVML with the burst still in flight; NOT timing.TIMING_BASIS | duty 0.25 | each idle gap sized from its own burst (gap_basis burst)",,iters=supplied as None; sglang=package not installed,1,3.12.14,174.85664005867835,"measured on this device: NVIDIA GH200 480GB (measured), 651.5 TFLOP/s bf16 over 3725.7 GB/s (triad pattern); calibrated 2026-09-29 at a1b61186",,200.0,2.13.0,3.7.1,2026-09-29T23:02:14+00:00,0.27.1,300.0
native,4,32,4,128,512,1,8,0.48787200450897217,0.48070400953292847,0.0020302359112432944,405,3,321.3764801323414,"scripts/clock_elasticity.py: bursts of N back-to-back fused_experts calls under one pinned tile, each call L2-flushed and bracketed by its own pre-primed event pair, the FIRST call of every burst discarded as a drained-queue launch, a host-side idle gap after each burst setting the sustained duty cycle, and the SM clock, board power and memory clock read through NVML with the burst still in flight; NOT timing.TIMING_BASIS",1710.0,False,high,True,True,ok,"LEVEL HIGH (recorded, never an exclusion here): loaded clock 1710 MHz against the 1440 MHz reference. At a duty cycle below 1.0 a HIGH reading is the experiment working, not a cell to drop.",0.25,286.795,0.24989933662558844,82,114.00717374366651,burst,0.4883039891719818,0.4879840016365051,True,1710 1710 1710 1710 1710 1710 1710 1710 1710 1710 1710 1710 1710 1710 1710,False,3725.6571177607857,"measured on this device: NVIDIA GH200 480GB (measured), 3725.7 GB/s (triad pattern)",13.0,580.105.08,True,1,a1b61186bd4b12224d54942af6065e30276d7f44,NVIDIA GH200 480GB,192-222-51-218,"scripts/clock_elasticity.py: bursts of N back-to-back fused_experts calls under one pinned tile, each call L2-flushed and bracketed by its own pre-primed event pair, the FIRST call of every burst discarded as a drained-queue launch, a host-side idle gap after each burst setting the sustained duty cycle, and the SM clock, board power and memory clock read through NVML with the burst still in flight; NOT timing.TIMING_BASIS | duty 0.25 | each idle gap sized from its own burst (gap_basis burst)",,iters=supplied as None; sglang=package not installed,1,3.12.14,174.85664005867835,"measured on this device: NVIDIA GH200 480GB (measured), 651.5 TFLOP/s bf16 over 3725.7 GB/s (triad pattern); calibrated 2026-09-29 at a1b61186",,200.0,2.13.0,3.7.1,2026-09-29T23:02:14+00:00,0.27.1,300.0
shared,4,32,5,160,640,1,72,0.6066880226135254,0.6001279950141907,0.0025861327796335774,325,3,322.1490556001663,"scripts/clock_elasticity.py: bursts of N back-to-back fused_experts calls under one pinned tile, each call L2-flushed and bracketed by its own pre-primed event pair, the FIRST call of every burst discarded as a drained-queue launch, a host-side idle gap after each burst setting the sustained duty cycle, and the SM clock, board power and memory clock read through NVML with the burst still in flight; NOT timing.TIMING_BASIS",1710.0,False,high,True,True,ok,"LEVEL HIGH (recorded, never an exclusion here): loaded clock 1710 MHz against the 1440 MHz reference. At a duty cycle below 1.0 a HIGH reading is the experiment working, not a cell to drop.",0.25,290.124,0.2498993279025429,66,115.3734880733682,burst,0.6071840226650238,0.6057919859886169,True,1710 1710 1710 1710 1710 1710 1710 1710 1710 1710 1710 1710 1710 1710 1710,False,3725.6571177607857,"measured on this device: NVIDIA GH200 480GB (measured), 3725.7 GB/s (triad pattern)",13.0,580.105.08,True,1,a1b61186bd4b12224d54942af6065e30276d7f44,NVIDIA GH200 480GB,192-222-51-218,"scripts/clock_elasticity.py: bursts of N back-to-back fused_experts calls under one pinned tile, each call L2-flushed and bracketed by its own pre-primed event pair, the FIRST call of every burst discarded as a drained-queue launch, a host-side idle gap after each burst setting the sustained duty cycle, and the SM clock, board power and memory clock read through NVML with the burst still in flight; NOT timing.TIMING_BASIS | duty 0.25 | each idle gap sized from its own burst (gap_basis burst)",,iters=supplied as None; sglang=package not installed,1,3.12.14,174.85664005867835,"measured on this device: NVIDIA GH200 480GB (measured), 651.5 TFLOP/s bf16 over 3725.7 GB/s (triad pattern); calibrated 2026-09-29 at a1b61186",,200.0,2.13.0,3.7.1,2026-09-29T23:02:14+00:00,0.27.1,300.0
private,4,32,5,160,640,5,72,0.8782719969749451,0.8617280125617981,0.007751740169366462,225,3,323.8624004125595,"scripts/clock_elasticity.py: bursts of N back-to-back fused_experts calls under one pinned tile, each call L2-flushed and bracketed by its own pre-primed event pair, the FIRST call of every burst discarded as a drained-queue launch, a host-side idle gap after each burst setting the sustained duty cycle, and the SM clock, board power and memory clock read through NVML with the burst still in flight; NOT timing.TIMING_BASIS",1710.0,False,high,True,True,ok,"LEVEL HIGH (recorded, never an exclusion here): loaded clock 1710 MHz against the 1440 MHz reference. At a duty cycle below 1.0 a HIGH reading is the experiment working, not a cell to drop.",0.25,289.252,0.24989381851979547,46,117.54239707693706,burst,0.8752959966659546,0.8720319867134094,True,1710 1710 1710 1710 1710 1710 1710 1710 1710 1710 1710 1710 1710 1710 1710,False,3725.6571177607857,"measured on this device: NVIDIA GH200 480GB (measured), 3725.7 GB/s (triad pattern)",13.0,580.105.08,True,1,a1b61186bd4b12224d54942af6065e30276d7f44,NVIDIA GH200 480GB,192-222-51-218,"scripts/clock_elasticity.py: bursts of N back-to-back fused_experts calls under one pinned tile, each call L2-flushed and bracketed by its own pre-primed event pair, the FIRST call of every burst discarded as a drained-queue launch, a host-side idle gap after each burst setting the sustained duty cycle, and the SM clock, board power and memory clock read through NVML with the burst still in flight; NOT timing.TIMING_BASIS | duty 0.25 | each idle gap sized from its own burst (gap_basis burst)",,iters=supplied as None; sglang=package not installed,1,3.12.14,174.85664005867835,"measured on this device: NVIDIA GH200 480GB (measured), 651.5 TFLOP/s bf16 over 3725.7 GB/s (triad pattern); calibrated 2026-09-29 at a1b61186",,200.0,2.13.0,3.7.1,2026-09-29T23:02:14+00:00,0.27.1,300.0
native,4,32,5,160,640,1,8,0.6039999723434448,0.5974079966545105,0.0021396468740398286,330,3,325.1118725538254,"scripts/clock_elasticity.py: bursts of N back-to-back fused_experts calls under one pinned tile, each call L2-flushed and bracketed by its own pre-primed event pair, the FIRST call of every burst discarded as a drained-queue launch, a host-side idle gap after each burst setting the sustained duty cycle, and the SM clock, board power and memory clock read through NVML with the burst still in flight; NOT timing.TIMING_BASIS",1710.0,False,high,True,True,ok,"LEVEL HIGH (recorded, never an exclusion here): loaded clock 1710 MHz against the 1440 MHz reference. At a duty cycle below 1.0 a HIGH reading is the experiment working, not a cell to drop.",0.25,289.035,0.2498977558041518,67,116.5485553688195,burst,0.6044640243053436,0.6039519906044006,True,1710 1710 1710 1710 1710 1710 1710 1710 1710 1710 1710 1710 1710 1710 1710,False,3725.6571177607857,"measured on this device: NVIDIA GH200 480GB (measured), 3725.7 GB/s (triad pattern)",13.0,580.105.08,True,1,a1b61186bd4b12224d54942af6065e30276d7f44,NVIDIA GH200 480GB,192-222-51-218,"scripts/clock_elasticity.py: bursts of N back-to-back fused_experts calls under one pinned tile, each call L2-flushed and bracketed by its own pre-primed event pair, the FIRST call of every burst discarded as a drained-queue launch, a host-side idle gap after each burst setting the sustained duty cycle, and the SM clock, board power and memory clock read through NVML with the burst still in flight; NOT timing.TIMING_BASIS | duty 0.25 | each idle gap sized from its own burst (gap_basis burst)",,iters=supplied as None; sglang=package not installed,1,3.12.14,174.85664005867835,"measured on this device: NVIDIA GH200 480GB (measured), 651.5 TFLOP/s bf16 over 3725.7 GB/s (triad pattern); calibrated 2026-09-29 at a1b61186",,200.0,2.13.0,3.7.1,2026-09-29T23:02:14+00:00,0.27.1,300.0
shared,4,32,6,192,768,1,72,0.7166720032691956,0.7084800004959106,0.0028366464042874507,275,3,322.45139133930206,"scripts/clock_elasticity.py: bursts of N back-to-back fused_experts calls under one pinned tile, each call L2-flushed and bracketed by its own pre-primed event pair, the FIRST call of every burst discarded as a drained-queue launch, a host-side idle gap after each burst setting the sustained duty cycle, and the SM clock, board power and memory clock read through NVML with the burst still in flight; NOT timing.TIMING_BASIS",1710.0,False,high,True,True,ok,"LEVEL HIGH (recorded, never an exclusion here): loaded clock 1710 MHz against the 1440 MHz reference. At a duty cycle below 1.0 a HIGH reading is the experiment working, not a cell to drop.",0.25,284.457,0.2498952686558207,56,116.36853410819096,burst,0.7177280187606812,0.7157120108604431,True,1710 1710 1710 1710 1710 1710 1710 1710 1710 1710 1710 1710 1710 1710 1710,False,3725.6571177607857,"measured on this device: NVIDIA GH200 480GB (measured), 3725.7 GB/s (triad pattern)",13.0,580.105.08,True,1,a1b61186bd4b12224d54942af6065e30276d7f44,NVIDIA GH200 480GB,192-222-51-218,"scripts/clock_elasticity.py: bursts of N back-to-back fused_experts calls under one pinned tile, each call L2-flushed and bracketed by its own pre-primed event pair, the FIRST call of every burst discarded as a drained-queue launch, a host-side idle gap after each burst setting the sustained duty cycle, and the SM clock, board power and memory clock read through NVML with the burst still in flight; NOT timing.TIMING_BASIS | duty 0.25 | each idle gap sized from its own burst (gap_basis burst)",,iters=supplied as None; sglang=package not installed,1,3.12.14,174.85664005867835,"measured on this device: NVIDIA GH200 480GB (measured), 651.5 TFLOP/s bf16 over 3725.7 GB/s (triad pattern); calibrated 2026-09-29 at a1b61186",,200.0,2.13.0,3.7.1,2026-09-29T23:02:14+00:00,0.27.1,300.0
private,4,32,6,192,768,6,72,1.0258560180664062,1.0209280252456665,0.0021646762076079694,190,3,321.8548152446747,"scripts/clock_elasticity.py: bursts of N back-to-back fused_experts calls under one pinned tile, each call L2-flushed and bracketed by its own pre-primed event pair, the FIRST call of every burst discarded as a drained-queue launch, a host-side idle gap after each burst setting the sustained duty cycle, and the SM clock, board power and memory clock read through NVML with the burst still in flight; NOT timing.TIMING_BASIS",1710.0,False,high,True,True,ok,"LEVEL HIGH (recorded, never an exclusion here): loaded clock 1710 MHz against the 1440 MHz reference. At a duty cycle below 1.0 a HIGH reading is the experiment working, not a cell to drop.",0.25,294.042,0.24989460242684322,39,117.36477048773303,burst,1.0262720584869385,1.025696039199829,True,1710 1710 1710 1710 1680 1710 1710 1710 1710 1710 1710 1710 1710 1710 1710,False,3725.6571177607857,"measured on this device: NVIDIA GH200 480GB (measured), 3725.7 GB/s (triad pattern)",13.0,580.105.08,True,1,a1b61186bd4b12224d54942af6065e30276d7f44,NVIDIA GH200 480GB,192-222-51-218,"scripts/clock_elasticity.py: bursts of N back-to-back fused_experts calls under one pinned tile, each call L2-flushed and bracketed by its own pre-primed event pair, the FIRST call of every burst discarded as a drained-queue launch, a host-side idle gap after each burst setting the sustained duty cycle, and the SM clock, board power and memory clock read through NVML with the burst still in flight; NOT timing.TIMING_BASIS | duty 0.25 | each idle gap sized from its own burst (gap_basis burst)",,iters=supplied as None; sglang=package not installed,1,3.12.14,174.85664005867835,"measured on this device: NVIDIA GH200 480GB (measured), 651.5 TFLOP/s bf16 over 3725.7 GB/s (triad pattern); calibrated 2026-09-29 at a1b61186",,200.0,2.13.0,3.7.1,2026-09-29T23:02:14+00:00,0.27.1,300.0
native,4,32,6,192,768,1,8,0.7124800086021423,0.7061759829521179,0.0022562014579121724,275,3,320.7385275363922,"scripts/clock_elasticity.py: bursts of N back-to-back fused_experts calls under one pinned tile, each call L2-flushed and bracketed by its own pre-primed event pair, the FIRST call of every burst discarded as a drained-queue launch, a host-side idle gap after each burst setting the sustained duty cycle, and the SM clock, board power and memory clock read through NVML with the burst still in flight; NOT timing.TIMING_BASIS",1710.0,False,high,True,True,ok,"LEVEL HIGH (recorded, never an exclusion here): loaded clock 1710 MHz against the 1440 MHz reference. At a duty cycle below 1.0 a HIGH reading is the experiment working, not a cell to drop.",0.25,282.012,0.2498932243228962,56,115.76683986965509,burst,0.7129920125007629,0.7122880220413208,True,1710 1710 1710 1710 1710 1710 1710 1710 1710 1710 1710 1710 1710 1710 1710,False,3725.6571177607857,"measured on this device: NVIDIA GH200 480GB (measured), 3725.7 GB/s (triad pattern)",13.0,580.105.08,True,1,a1b61186bd4b12224d54942af6065e30276d7f44,NVIDIA GH200 480GB,192-222-51-218,"scripts/clock_elasticity.py: bursts of N back-to-back fused_experts calls under one pinned tile, each call L2-flushed and bracketed by its own pre-primed event pair, the FIRST call of every burst discarded as a drained-queue launch, a host-side idle gap after each burst setting the sustained duty cycle, and the SM clock, board power and memory clock read through NVML with the burst still in flight; NOT timing.TIMING_BASIS | duty 0.25 | each idle gap sized from its own burst (gap_basis burst)",,iters=supplied as None; sglang=package not installed,1,3.12.14,174.85664005867835,"measured on this device: NVIDIA GH200 480GB (measured), 651.5 TFLOP/s bf16 over 3725.7 GB/s (triad pattern); calibrated 2026-09-29 at a1b61186",,200.0,2.13.0,3.7.1,2026-09-29T23:02:14+00:00,0.27.1,300.0
private,5,32,6,192,768,6,72,1.0255680084228516,1.0204800367355347,0.002267975716954867,190,3,321.58736050128937,"scripts/clock_elasticity.py: bursts of N back-to-back fused_experts calls under one pinned tile, each call L2-flushed and bracketed by its own pre-primed event pair, the FIRST call of every burst discarded as a drained-queue launch, a host-side idle gap after each burst setting the sustained duty cycle, and the SM clock, board power and memory clock read through NVML with the burst still in flight; NOT timing.TIMING_BASIS",1710.0,False,high,True,True,ok,"LEVEL HIGH (recorded, never an exclusion here): loaded clock 1710 MHz against the 1440 MHz reference. At a duty cycle below 1.0 a HIGH reading is the experiment working, not a cell to drop.",0.25,289.541,0.24990354622498728,39,117.27744575807448,burst,1.0255999565124512,1.0255680084228516,True,1710 1710 1710 1710 1710 1710 1710 1710 1710 1710 1710 1710 1710 1710 1710,False,3725.6571177607857,"measured on this device: NVIDIA GH200 480GB (measured), 3725.7 GB/s (triad pattern)",13.0,580.105.08,True,1,a1b61186bd4b12224d54942af6065e30276d7f44,NVIDIA GH200 480GB,192-222-51-218,"scripts/clock_elasticity.py: bursts of N back-to-back fused_experts calls under one pinned tile, each call L2-flushed and bracketed by its own pre-primed event pair, the FIRST call of every burst discarded as a drained-queue launch, a host-side idle gap after each burst setting the sustained duty cycle, and the SM clock, board power and memory clock read through NVML with the burst still in flight; NOT timing.TIMING_BASIS | duty 0.25 | each idle gap sized from its own burst (gap_basis burst)",,iters=supplied as None; sglang=package not installed,1,3.12.14,174.85664005867835,"measured on this device: NVIDIA GH200 480GB (measured), 651.5 TFLOP/s bf16 over 3725.7 GB/s (triad pattern); calibrated 2026-09-29 at a1b61186",,200.0,2.13.0,3.7.1,2026-09-29T23:02:14+00:00,0.27.1,300.0
native,5,32,6,192,768,1,8,0.7130240201950073,0.7059839963912964,0.0024068880421649836,275,3,320.8547199368477,"scripts/clock_elasticity.py: bursts of N back-to-back fused_experts calls under one pinned tile, each call L2-flushed and bracketed by its own pre-primed event pair, the FIRST call of every burst discarded as a drained-queue launch, a host-side idle gap after each burst setting the sustained duty cycle, and the SM clock, board power and memory clock read through NVML with the burst still in flight; NOT timing.TIMING_BASIS",1710.0,False,high,True,True,ok,"LEVEL HIGH (recorded, never an exclusion here): loaded clock 1710 MHz against the 1440 MHz reference. At a duty cycle below 1.0 a HIGH reading is the experiment working, not a cell to drop.",0.25,284.201,0.24989664624002714,56,115.85842418389439,burst,0.7138239741325378,0.7120640277862549,True,1710 1710 1710 1710 1710 1710 1710 1710 1710 1710 1710 1710 1710 1710 1710,False,3725.6571177607857,"measured on this device: NVIDIA GH200 480GB (measured), 3725.7 GB/s (triad pattern)",13.0,580.105.08,True,1,a1b61186bd4b12224d54942af6065e30276d7f44,NVIDIA GH200 480GB,192-222-51-218,"scripts/clock_elasticity.py: bursts of N back-to-back fused_experts calls under one pinned tile, each call L2-flushed and bracketed by its own pre-primed event pair, the FIRST call of every burst discarded as a drained-queue launch, a host-side idle gap after each burst setting the sustained duty cycle, and the SM clock, board power and memory clock read through NVML with the burst still in flight; NOT timing.TIMING_BASIS | duty 0.25 | each idle gap sized from its own burst (gap_basis burst)",,iters=supplied as None; sglang=package not installed,1,3.12.14,174.85664005867835,"measured on this device: NVIDIA GH200 480GB (measured), 651.5 TFLOP/s bf16 over 3725.7 GB/s (triad pattern); calibrated 2026-09-29 at a1b61186",,200.0,2.13.0,3.7.1,2026-09-29T23:02:14+00:00,0.27.1,300.0
shared,5,32,6,192,768,1,72,0.7168319821357727,0.7078080177307129,0.0029726056118327348,275,3,322.21219140291214,"scripts/clock_elasticity.py: bursts of N back-to-back fused_experts calls under one pinned tile, each call L2-flushed and bracketed by its own pre-primed event pair, the FIRST call of every burst discarded as a drained-queue launch, a host-side idle gap after each burst setting the sustained duty cycle, and the SM clock, board power and memory clock read through NVML with the burst still in flight; NOT timing.TIMING_BASIS",1710.0,False,high,True,True,ok,"LEVEL HIGH (recorded, never an exclusion here): loaded clock 1710 MHz against the 1440 MHz reference. At a duty cycle below 1.0 a HIGH reading is the experiment working, not a cell to drop.",0.25,285.929,0.249895353615429,56,116.45387841100091,burst,0.7175359725952148,0.7158399820327759,True,1710 1710 1710 1710 1710 1710 1710 1710 1710 1710 1710 1710 1710 1710 1710,False,3725.6571177607857,"measured on this device: NVIDIA GH200 480GB (measured), 3725.7 GB/s (triad pattern)",13.0,580.105.08,True,1,a1b61186bd4b12224d54942af6065e30276d7f44,NVIDIA GH200 480GB,192-222-51-218,"scripts/clock_elasticity.py: bursts of N back-to-back fused_experts calls under one pinned tile, each call L2-flushed and bracketed by its own pre-primed event pair, the FIRST call of every burst discarded as a drained-queue launch, a host-side idle gap after each burst setting the sustained duty cycle, and the SM clock, board power and memory clock read through NVML with the burst still in flight; NOT timing.TIMING_BASIS | duty 0.25 | each idle gap sized from its own burst (gap_basis burst)",,iters=supplied as None; sglang=package not installed,1,3.12.14,174.85664005867835,"measured on this device: NVIDIA GH200 480GB (measured), 651.5 TFLOP/s bf16 over 3725.7 GB/s (triad pattern); calibrated 2026-09-29 at a1b61186",,200.0,2.13.0,3.7.1,2026-09-29T23:02:14+00:00,0.27.1,300.0
private,5,32,5,160,640,5,72,0.8833919763565063,0.8647040128707886,0.0070128393265800225,220,3,318.13766384124756,"scripts/clock_elasticity.py: bursts of N back-to-back fused_experts calls under one pinned tile, each call L2-flushed and bracketed by its own pre-primed event pair, the FIRST call of every burst discarded as a drained-queue launch, a host-side idle gap after each burst setting the sustained duty cycle, and the SM clock, board power and memory clock read through NVML with the burst still in flight; NOT timing.TIMING_BASIS",1710.0,False,high,True,True,ok,"LEVEL HIGH (recorded, never an exclusion here): loaded clock 1710 MHz against the 1440 MHz reference. At a duty cycle below 1.0 a HIGH reading is the experiment working, not a cell to drop.",0.25,285.046,0.24989400272031242,45,115.80061126433793,burst,0.8831679821014404,0.883903980255127,True,1710 1710 1710 1710 1710 1710 1710 1710 1710 1710 1710 1710 1710 1710 1710,False,3725.6571177607857,"measured on this device: NVIDIA GH200 480GB (measured), 3725.7 GB/s (triad pattern)",13.0,580.105.08,True,1,a1b61186bd4b12224d54942af6065e30276d7f44,NVIDIA GH200 480GB,192-222-51-218,"scripts/clock_elasticity.py: bursts of N back-to-back fused_experts calls under one pinned tile, each call L2-flushed and bracketed by its own pre-primed event pair, the FIRST call of every burst discarded as a drained-queue launch, a host-side idle gap after each burst setting the sustained duty cycle, and the SM clock, board power and memory clock read through NVML with the burst still in flight; NOT timing.TIMING_BASIS | duty 0.25 | each idle gap sized from its own burst (gap_basis burst)",,iters=supplied as None; sglang=package not installed,1,3.12.14,174.85664005867835,"measured on this device: NVIDIA GH200 480GB (measured), 651.5 TFLOP/s bf16 over 3725.7 GB/s (triad pattern); calibrated 2026-09-29 at a1b61186",,200.0,2.13.0,3.7.1,2026-09-29T23:02:14+00:00,0.27.1,300.0
native,5,32,5,160,640,1,8,0.6039680242538452,0.5976960062980652,0.002201229004890455,330,3,324.8523839712143,"scripts/clock_elasticity.py: bursts of N back-to-back fused_experts calls under one pinned tile, each call L2-flushed and bracketed by its own pre-primed event pair, the FIRST call of every burst discarded as a drained-queue launch, a host-side idle gap after each burst setting the sustained duty cycle, and the SM clock, board power and memory clock read through NVML with the burst still in flight; NOT timing.TIMING_BASIS",1710.0,False,high,True,True,ok,"LEVEL HIGH (recorded, never an exclusion here): loaded clock 1710 MHz against the 1440 MHz reference. At a duty cycle below 1.0 a HIGH reading is the experiment working, not a cell to drop.",0.25,287.305,0.24989641165202195,67,116.52874831769078,burst,0.6046559810638428,0.6032319962978363,True,1710 1710 1710 1710 1710 1710 1710 1710 1710 1710 1710 1710 1710 1710 1710,False,3725.6571177607857,"measured on this device: NVIDIA GH200 480GB (measured), 3725.7 GB/s (triad pattern)",13.0,580.105.08,True,1,a1b61186bd4b12224d54942af6065e30276d7f44,NVIDIA GH200 480GB,192-222-51-218,"scripts/clock_elasticity.py: bursts of N back-to-back fused_experts calls under one pinned tile, each call L2-flushed and bracketed by its own pre-primed event pair, the FIRST call of every burst discarded as a drained-queue launch, a host-side idle gap after each burst setting the sustained duty cycle, and the SM clock, board power and memory clock read through NVML with the burst still in flight; NOT timing.TIMING_BASIS | duty 0.25 | each idle gap sized from its own burst (gap_basis burst)",,iters=supplied as None; sglang=package not installed,1,3.12.14,174.85664005867835,"measured on this device: NVIDIA GH200 480GB (measured), 651.5 TFLOP/s bf16 over 3725.7 GB/s (triad pattern); calibrated 2026-09-29 at a1b61186",,200.0,2.13.0,3.7.1,2026-09-29T23:02:14+00:00,0.27.1,300.0
shared,5,32,5,160,640,1,72,0.6070399880409241,0.5992000102996826,0.002629869959039532,325,3,322.6007677912712,"scripts/clock_elasticity.py: bursts of N back-to-back fused_experts calls under one pinned tile, each call L2-flushed and bracketed by its own pre-primed event pair, the FIRST call of every burst discarded as a drained-queue launch, a host-side idle gap after each burst setting the sustained duty cycle, and the SM clock, board power and memory clock read through NVML with the burst still in flight; NOT timing.TIMING_BASIS",1710.0,False,high,True,True,ok,"LEVEL HIGH (recorded, never an exclusion here): loaded clock 1710 MHz against the 1440 MHz reference. At a duty cycle below 1.0 a HIGH reading is the experiment working, not a cell to drop.",0.25,288.924,0.24989986984902837,66,115.36136132183312,burst,0.607727974653244,0.6062720119953156,True,1710 1710 1710 1710 1710 1710 1710 1710 1710 1710 1710 1710 1710 1710 1710,False,3725.6571177607857,"measured on this device: NVIDIA GH200 480GB (measured), 3725.7 GB/s (triad pattern)",13.0,580.105.08,True,1,a1b61186bd4b12224d54942af6065e30276d7f44,NVIDIA GH200 480GB,192-222-51-218,"scripts/clock_elasticity.py: bursts of N back-to-back fused_experts calls under one pinned tile, each call L2-flushed and bracketed by its own pre-primed event pair, the FIRST call of every burst discarded as a drained-queue launch, a host-side idle gap after each burst setting the sustained duty cycle, and the SM clock, board power and memory clock read through NVML with the burst still in flight; NOT timing.TIMING_BASIS | duty 0.25 | each idle gap sized from its own burst (gap_basis burst)",,iters=supplied as None; sglang=package not installed,1,3.12.14,174.85664005867835,"measured on this device: NVIDIA GH200 480GB (measured), 651.5 TFLOP/s bf16 over 3725.7 GB/s (triad pattern); calibrated 2026-09-29 at a1b61186",,200.0,2.13.0,3.7.1,2026-09-29T23:02:14+00:00,0.27.1,300.0
private,5,32,4,128,512,4,72,0.6955519914627075,0.6913279891014099,0.002011690259056965,280,3,318.78448009490967,"scripts/clock_elasticity.py: bursts of N back-to-back fused_experts calls under one pinned tile, each call L2-flushed and bracketed by its own pre-primed event pair, the FIRST call of every burst discarded as a drained-queue launch, a host-side idle gap after each burst setting the sustained duty cycle, and the SM clock, board power and memory clock read through NVML with the burst still in flight; NOT timing.TIMING_BASIS",1710.0,False,high,True,True,ok,"LEVEL HIGH (recorded, never an exclusion here): loaded clock 1710 MHz against the 1440 MHz reference. At a duty cycle below 1.0 a HIGH reading is the experiment working, not a cell to drop.",0.25,288.881,0.24989628940425368,57,114.81609127715636,burst,0.6957279741764069,0.6952320039272308,True,1710 1710 1710 1710 1710 1710 1710 1710 1710 1710 1710 1710 1710 1710 1710,False,3725.6571177607857,"measured on this device: NVIDIA GH200 480GB (measured), 3725.7 GB/s (triad pattern)",13.0,580.105.08,True,1,a1b61186bd4b12224d54942af6065e30276d7f44,NVIDIA GH200 480GB,192-222-51-218,"scripts/clock_elasticity.py: bursts of N back-to-back fused_experts calls under one pinned tile, each call L2-flushed and bracketed by its own pre-primed event pair, the FIRST call of every burst discarded as a drained-queue launch, a host-side idle gap after each burst setting the sustained duty cycle, and the SM clock, board power and memory clock read through NVML with the burst still in flight; NOT timing.TIMING_BASIS | duty 0.25 | each idle gap sized from its own burst (gap_basis burst)",,iters=supplied as None; sglang=package not installed,1,3.12.14,174.85664005867835,"measured on this device: NVIDIA GH200 480GB (measured), 651.5 TFLOP/s bf16 over 3725.7 GB/s (triad pattern); calibrated 2026-09-29 at a1b61186",,200.0,2.13.0,3.7.1,2026-09-29T23:02:14+00:00,0.27.1,300.0
native,5,32,4,128,512,1,8,0.4875519871711731,0.48124799132347107,0.0019427300863567268,410,3,325.16364774107933,"scripts/clock_elasticity.py: bursts of N back-to-back fused_experts calls under one pinned tile, each call L2-flushed and bracketed by its own pre-primed event pair, the FIRST call of every burst discarded as a drained-queue launch, a host-side idle gap after each burst setting the sustained duty cycle, and the SM clock, board power and memory clock read through NVML with the burst still in flight; NOT timing.TIMING_BASIS",1710.0,False,high,True,True,ok,"LEVEL HIGH (recorded, never an exclusion here): loaded clock 1710 MHz against the 1440 MHz reference. At a duty cycle below 1.0 a HIGH reading is the experiment working, not a cell to drop.",0.25,291.16,0.24990107113244903,83,115.29142544751083,burst,0.48787200450897217,0.48796799778938293,True,1710 1710 1710 1710 1710 1710 1710 1710 1710 1710 1710 1710 1710 1710 1710,False,3725.6571177607857,"measured on this device: NVIDIA GH200 480GB (measured), 3725.7 GB/s (triad pattern)",13.0,580.105.08,True,1,a1b61186bd4b12224d54942af6065e30276d7f44,NVIDIA GH200 480GB,192-222-51-218,"scripts/clock_elasticity.py: bursts of N back-to-back fused_experts calls under one pinned tile, each call L2-flushed and bracketed by its own pre-primed event pair, the FIRST call of every burst discarded as a drained-queue launch, a host-side idle gap after each burst setting the sustained duty cycle, and the SM clock, board power and memory clock read through NVML with the burst still in flight; NOT timing.TIMING_BASIS | duty 0.25 | each idle gap sized from its own burst (gap_basis burst)",,iters=supplied as None; sglang=package not installed,1,3.12.14,174.85664005867835,"measured on this device: NVIDIA GH200 480GB (measured), 651.5 TFLOP/s bf16 over 3725.7 GB/s (triad pattern); calibrated 2026-09-29 at a1b61186",,200.0,2.13.0,3.7.1,2026-09-29T23:02:14+00:00,0.27.1,300.0
shared,5,32,4,128,512,1,72,0.4907200038433075,0.4840959906578064,0.0021148563436745186,400,3,319.89536023139954,"scripts/clock_elasticity.py: bursts of N back-to-back fused_experts calls under one pinned tile, each call L2-flushed and bracketed by its own pre-primed event pair, the FIRST call of every burst discarded as a drained-queue launch, a host-side idle gap after each burst setting the sustained duty cycle, and the SM clock, board power and memory clock read through NVML with the burst still in flight; NOT timing.TIMING_BASIS",1710.0,False,high,True,True,ok,"LEVEL HIGH (recorded, never an exclusion here): loaded clock 1710 MHz against the 1440 MHz reference. At a duty cycle below 1.0 a HIGH reading is the experiment working, not a cell to drop.",0.25,291.789,0.24990166860983884,81,113.19124080268739,burst,0.4912479966878891,0.4907200038433075,True,1710 1710 1710 1710 1710 1710 1710 1710 1710 1710 1710 1710 1710 1710 1710,False,3725.6571177607857,"measured on this device: NVIDIA GH200 480GB (measured), 3725.7 GB/s (triad pattern)",13.0,580.105.08,True,1,a1b61186bd4b12224d54942af6065e30276d7f44,NVIDIA GH200 480GB,192-222-51-218,"scripts/clock_elasticity.py: bursts of N back-to-back fused_experts calls under one pinned tile, each call L2-flushed and bracketed by its own pre-primed event pair, the FIRST call of every burst discarded as a drained-queue launch, a host-side idle gap after each burst setting the sustained duty cycle, and the SM clock, board power and memory clock read through NVML with the burst still in flight; NOT timing.TIMING_BASIS | duty 0.25 | each idle gap sized from its own burst (gap_basis burst)",,iters=supplied as None; sglang=package not installed,1,3.12.14,174.85664005867835,"measured on this device: NVIDIA GH200 480GB (measured), 651.5 TFLOP/s bf16 over 3725.7 GB/s (triad pattern); calibrated 2026-09-29 at a1b61186",,200.0,2.13.0,3.7.1,2026-09-29T23:02:14+00:00,0.27.1,300.0
private,5,32,3,96,384,3,72,0.5462080240249634,0.5367680191993713,0.0034837914789690493,360,3,320.29388815164566,"scripts/clock_elasticity.py: bursts of N back-to-back fused_experts calls under one pinned tile, each call L2-flushed and bracketed by its own pre-primed event pair, the FIRST call of every burst discarded as a drained-queue launch, a host-side idle gap after each burst setting the sustained duty cycle, and the SM clock, board power and memory clock read through NVML with the burst still in flight; NOT timing.TIMING_BASIS",1710.0,False,high,True,True,ok,"LEVEL HIGH (recorded, never an exclusion here): loaded clock 1710 MHz against the 1440 MHz reference. At a duty cycle below 1.0 a HIGH reading is the experiment working, not a cell to drop.",0.25,285.312,0.24989588552677527,73,114.07553400352116,burst,0.5463359951972961,0.5463519990444183,True,1710 1710 1710 1710 1710 1710 1710 1710 1710 1710 1710 1710 1710 1710 1710,False,3725.6571177607857,"measured on this device: NVIDIA GH200 480GB (measured), 3725.7 GB/s (triad pattern)",13.0,580.105.08,True,1,a1b61186bd4b12224d54942af6065e30276d7f44,NVIDIA GH200 480GB,192-222-51-218,"scripts/clock_elasticity.py: bursts of N back-to-back fused_experts calls under one pinned tile, each call L2-flushed and bracketed by its own pre-primed event pair, the FIRST call of every burst discarded as a drained-queue launch, a host-side idle gap after each burst setting the sustained duty cycle, and the SM clock, board power and memory clock read through NVML with the burst still in flight; NOT timing.TIMING_BASIS | duty 0.25 | each idle gap sized from its own burst (gap_basis burst)",,iters=supplied as None; sglang=package not installed,1,3.12.14,174.85664005867835,"measured on this device: NVIDIA GH200 480GB (measured), 651.5 TFLOP/s bf16 over 3725.7 GB/s (triad pattern); calibrated 2026-09-29 at a1b61186",,200.0,2.13.0,3.7.1,2026-09-29T23:02:14+00:00,0.27.1,300.0
native,5,32,3,96,384,1,8,0.3874559998512268,0.3824959993362427,0.001427709811516568,510,3,321.4347198009491,"scripts/clock_elasticity.py: bursts of N back-to-back fused_experts calls under one pinned tile, each call L2-flushed and bracketed by its own pre-primed event pair, the FIRST call of every burst discarded as a drained-queue launch, a host-side idle gap after each burst setting the sustained duty cycle, and the SM clock, board power and memory clock read through NVML with the burst still in flight; NOT timing.TIMING_BASIS",1710.0,False,high,True,True,ok,"LEVEL HIGH (recorded, never an exclusion here): loaded clock 1710 MHz against the 1440 MHz reference. At a duty cycle below 1.0 a HIGH reading is the experiment working, not a cell to drop.",0.25,286.128,0.24989284086887836,103,112.03154503642146,burst,0.3874559998512268,0.3880319893360138,True,1710 1710 1710 1710 1710 1710 1710 1710 1710 1710 1710 1710 1710 1710 1710,False,3725.6571177607857,"measured on this device: NVIDIA GH200 480GB (measured), 3725.7 GB/s (triad pattern)",13.0,580.105.08,True,1,a1b61186bd4b12224d54942af6065e30276d7f44,NVIDIA GH200 480GB,192-222-51-218,"scripts/clock_elasticity.py: bursts of N back-to-back fused_experts calls under one pinned tile, each call L2-flushed and bracketed by its own pre-primed event pair, the FIRST call of every burst discarded as a drained-queue launch, a host-side idle gap after each burst setting the sustained duty cycle, and the SM clock, board power and memory clock read through NVML with the burst still in flight; NOT timing.TIMING_BASIS | duty 0.25 | each idle gap sized from its own burst (gap_basis burst)",,iters=supplied as None; sglang=package not installed,1,3.12.14,174.85664005867835,"measured on this device: NVIDIA GH200 480GB (measured), 651.5 TFLOP/s bf16 over 3725.7 GB/s (triad pattern); calibrated 2026-09-29 at a1b61186",,200.0,2.13.0,3.7.1,2026-09-29T23:02:14+00:00,0.27.1,300.0
shared,5,32,3,96,384,1,72,0.37808001041412354,0.3717760145664215,0.0021739204352408687,525,3,321.6573434472084,"scripts/clock_elasticity.py: bursts of N back-to-back fused_experts calls under one pinned tile, each call L2-flushed and bracketed by its own pre-primed event pair, the FIRST call of every burst discarded as a drained-queue launch, a host-side idle gap after each burst setting the sustained duty cycle, and the SM clock, board power and memory clock read through NVML with the burst still in flight; NOT timing.TIMING_BASIS",1710.0,False,high,True,True,ok,"LEVEL HIGH (recorded, never an exclusion here): loaded clock 1710 MHz against the 1440 MHz reference. At a duty cycle below 1.0 a HIGH reading is the experiment working, not a cell to drop.",0.25,297.395,0.24989599480730415,106,112.29224564462129,burst,0.37832000851631165,0.3782240003347397,True,1710 1710 1710 1710 1710 1710 1710 1710 1710 1710 1710 1710 1710 1710 1710,False,3725.6571177607857,"measured on this device: NVIDIA GH200 480GB (measured), 3725.7 GB/s (triad pattern)",13.0,580.105.08,True,1,a1b61186bd4b12224d54942af6065e30276d7f44,NVIDIA GH200 480GB,192-222-51-218,"scripts/clock_elasticity.py: bursts of N back-to-back fused_experts calls under one pinned tile, each call L2-flushed and bracketed by its own pre-primed event pair, the FIRST call of every burst discarded as a drained-queue launch, a host-side idle gap after each burst setting the sustained duty cycle, and the SM clock, board power and memory clock read through NVML with the burst still in flight; NOT timing.TIMING_BASIS | duty 0.25 | each idle gap sized from its own burst (gap_basis burst)",,iters=supplied as None; sglang=package not installed,1,3.12.14,174.85664005867835,"measured on this device: NVIDIA GH200 480GB (measured), 651.5 TFLOP/s bf16 over 3725.7 GB/s (triad pattern); calibrated 2026-09-29 at a1b61186",,200.0,2.13.0,3.7.1,2026-09-29T23:02:14+00:00,0.27.1,300.0
private,5,32,2,64,256,2,72,0.3603360056877136,0.3535679876804352,0.0021108293553049333,550,3,321.0196162164211,"scripts/clock_elasticity.py: bursts of N back-to-back fused_experts calls under one pinned tile, each call L2-flushed and bracketed by its own pre-primed event pair, the FIRST call of every burst discarded as a drained-queue launch, a host-side idle gap after each burst setting the sustained duty cycle, and the SM clock, board power and memory clock read through NVML with the burst still in flight; NOT timing.TIMING_BASIS",1710.0,False,high,True,True,ok,"LEVEL HIGH (recorded, never an exclusion here): loaded clock 1710 MHz against the 1440 MHz reference. At a duty cycle below 1.0 a HIGH reading is the experiment working, not a cell to drop.",0.25,296.294,0.24989543851990806,111,111.55464285818745,burst,0.36032000184059143,0.3601920008659363,True,1710 1710 1710 1710 1710 1710 1710 1710 1710 1710 1710 1710 1710 1710 1710,False,3725.6571177607857,"measured on this device: NVIDIA GH200 480GB (measured), 3725.7 GB/s (triad pattern)",13.0,580.105.08,True,1,a1b61186bd4b12224d54942af6065e30276d7f44,NVIDIA GH200 480GB,192-222-51-218,"scripts/clock_elasticity.py: bursts of N back-to-back fused_experts calls under one pinned tile, each call L2-flushed and bracketed by its own pre-primed event pair, the FIRST call of every burst discarded as a drained-queue launch, a host-side idle gap after each burst setting the sustained duty cycle, and the SM clock, board power and memory clock read through NVML with the burst still in flight; NOT timing.TIMING_BASIS | duty 0.25 | each idle gap sized from its own burst (gap_basis burst)",,iters=supplied as None; sglang=package not installed,1,3.12.14,174.85664005867835,"measured on this device: NVIDIA GH200 480GB (measured), 651.5 TFLOP/s bf16 over 3725.7 GB/s (triad pattern); calibrated 2026-09-29 at a1b61186",,200.0,2.13.0,3.7.1,2026-09-29T23:02:14+00:00,0.27.1,300.0
native,5,32,2,64,256,1,8,0.27292799949645996,0.26815998554229736,0.009143229419746652,730,3,322.31513610482216,"scripts/clock_elasticity.py: bursts of N back-to-back fused_experts calls under one pinned tile, each call L2-flushed and bracketed by its own pre-primed event pair, the FIRST call of every burst discarded as a drained-queue launch, a host-side idle gap after each burst setting the sustained duty cycle, and the SM clock, board power and memory clock read through NVML with the burst still in flight; NOT timing.TIMING_BASIS",1710.0,False,high,True,True,ok,"LEVEL HIGH (recorded, never an exclusion here): loaded clock 1710 MHz against the 1440 MHz reference. At a duty cycle below 1.0 a HIGH reading is the experiment working, not a cell to drop.; host-bound: in 7 of 15 trials the GPU had fewer than 2 iterations of work queued when the host finished enqueueing (smallest backlog 0.29 iterations; host enqueue 0.3478 ms per call); the intervals include host enqueue time and the number is an upper bound on the kernel time; time the callable as a graph replay or through a fused launcher to measure the GPU alone",0.25,298.665,0.24989763529889492,147,109.82786405295336,burst,0.27244800329208374,0.27323199808597565,True,1710 1710 1710 1710 1710 1710 1710 1710 1710 1710 1710 1710 1710 1710 1710,True,3725.6571177607857,"measured on this device: NVIDIA GH200 480GB (measured), 3725.7 GB/s (triad pattern)",13.0,580.105.08,True,1,a1b61186bd4b12224d54942af6065e30276d7f44,NVIDIA GH200 480GB,192-222-51-218,"scripts/clock_elasticity.py: bursts of N back-to-back fused_experts calls under one pinned tile, each call L2-flushed and bracketed by its own pre-primed event pair, the FIRST call of every burst discarded as a drained-queue launch, a host-side idle gap after each burst setting the sustained duty cycle, and the SM clock, board power and memory clock read through NVML with the burst still in flight; NOT timing.TIMING_BASIS | duty 0.25 | each idle gap sized from its own burst (gap_basis burst)",,iters=supplied as None; sglang=package not installed,1,3.12.14,174.85664005867835,"measured on this device: NVIDIA GH200 480GB (measured), 651.5 TFLOP/s bf16 over 3725.7 GB/s (triad pattern); calibrated 2026-09-29 at a1b61186",,200.0,2.13.0,3.7.1,2026-09-29T23:02:14+00:00,0.27.1,300.0
shared,5,32,2,64,256,1,72,0.2800320088863373,0.2641279995441437,0.025797727694589666,670,3,312.7036156952381,"scripts/clock_elasticity.py: bursts of N back-to-back fused_experts calls under one pinned tile, each call L2-flushed and bracketed by its own pre-primed event pair, the FIRST call of every burst discarded as a drained-queue launch, a host-side idle gap after each burst setting the sustained duty cycle, and the SM clock, board power and memory clock read through NVML with the burst still in flight; NOT timing.TIMING_BASIS",1710.0,False,high,True,True,ok,"LEVEL HIGH (recorded, never an exclusion here): loaded clock 1710 MHz against the 1440 MHz reference. At a duty cycle below 1.0 a HIGH reading is the experiment working, not a cell to drop.; host-bound: in 15 of 15 trials the GPU had fewer than 2 iterations of work queued when the host finished enqueueing (smallest backlog 0.26 iterations; host enqueue 0.3649 ms per call); the intervals include host enqueue time and the number is an upper bound on the kernel time; time the callable as a graph replay or through a fused launcher to measure the GPU alone",0.25,289.514,0.24989030388255087,135,106.09438128769033,burst,0.28195199370384216,0.27427199482917786,True,1710 1710 1710 1710 1710 1710 1710 1710 1710 1710 1710 1710 1710 1710 1710,True,3725.6571177607857,"measured on this device: NVIDIA GH200 480GB (measured), 3725.7 GB/s (triad pattern)",13.0,580.105.08,True,1,a1b61186bd4b12224d54942af6065e30276d7f44,NVIDIA GH200 480GB,192-222-51-218,"scripts/clock_elasticity.py: bursts of N back-to-back fused_experts calls under one pinned tile, each call L2-flushed and bracketed by its own pre-primed event pair, the FIRST call of every burst discarded as a drained-queue launch, a host-side idle gap after each burst setting the sustained duty cycle, and the SM clock, board power and memory clock read through NVML with the burst still in flight; NOT timing.TIMING_BASIS | duty 0.25 | each idle gap sized from its own burst (gap_basis burst)",,iters=supplied as None; sglang=package not installed,1,3.12.14,174.85664005867835,"measured on this device: NVIDIA GH200 480GB (measured), 651.5 TFLOP/s bf16 over 3725.7 GB/s (triad pattern); calibrated 2026-09-29 at a1b61186",,200.0,2.13.0,3.7.1,2026-09-29T23:02:14+00:00,0.27.1,300.0
private,5,32,1,32,128,1,72,0.282368004322052,0.24131199717521667,0.023399234151592303,685,3,321.7927034944296,"scripts/clock_elasticity.py: bursts of N back-to-back fused_experts calls under one pinned tile, each call L2-flushed and bracketed by its own pre-primed event pair, the FIRST call of every burst discarded as a drained-queue launch, a host-side idle gap after each burst setting the sustained duty cycle, and the SM clock, board power and memory clock read through NVML with the burst still in flight; NOT timing.TIMING_BASIS",1710.0,False,high,True,True,ok,"LEVEL HIGH (recorded, never an exclusion here): loaded clock 1710 MHz against the 1440 MHz reference. At a duty cycle below 1.0 a HIGH reading is the experiment working, not a cell to drop.; host-bound: in 15 of 15 trials the GPU had fewer than 2 iterations of work queued when the host finished enqueueing (smallest backlog 0.15 iterations; host enqueue 0.3646 ms per call); the intervals include host enqueue time and the number is an upper bound on the kernel time; time the callable as a graph replay or through a fused launcher to measure the GPU alone",0.25,239.592,0.24989922740709347,138,108.19430959584133,burst,0.28271999955177307,0.27881601452827454,True,1710 1710 1710 1710 1710 1710 1710 1710 1710 1710 1710 1710 1710 1710 1710,True,3725.6571177607857,"measured on this device: NVIDIA GH200 480GB (measured), 3725.7 GB/s (triad pattern)",13.0,580.105.08,True,1,a1b61186bd4b12224d54942af6065e30276d7f44,NVIDIA GH200 480GB,192-222-51-218,"scripts/clock_elasticity.py: bursts of N back-to-back fused_experts calls under one pinned tile, each call L2-flushed and bracketed by its own pre-primed event pair, the FIRST call of every burst discarded as a drained-queue launch, a host-side idle gap after each burst setting the sustained duty cycle, and the SM clock, board power and memory clock read through NVML with the burst still in flight; NOT timing.TIMING_BASIS | duty 0.25 | each idle gap sized from its own burst (gap_basis burst)",,iters=supplied as None; sglang=package not installed,1,3.12.14,174.85664005867835,"measured on this device: NVIDIA GH200 480GB (measured), 651.5 TFLOP/s bf16 over 3725.7 GB/s (triad pattern); calibrated 2026-09-29 at a1b61186",,200.0,2.13.0,3.7.1,2026-09-29T23:02:14+00:00,0.27.1,300.0
native,5,32,1,32,128,1,8,0.2574079930782318,0.21756799519062042,0.022825143010225295,715,3,308.85033579170704,"scripts/clock_elasticity.py: bursts of N back-to-back fused_experts calls under one pinned tile, each call L2-flushed and bracketed by its own pre-primed event pair, the FIRST call of every burst discarded as a drained-queue launch, a host-side idle gap after each burst setting the sustained duty cycle, and the SM clock, board power and memory clock read through NVML with the burst still in flight; NOT timing.TIMING_BASIS",1710.0,False,high,True,True,ok,"LEVEL HIGH (recorded, never an exclusion here): loaded clock 1710 MHz against the 1440 MHz reference. At a duty cycle below 1.0 a HIGH reading is the experiment working, not a cell to drop.; host-bound: in 15 of 15 trials the GPU had fewer than 2 iterations of work queued when the host finished enqueueing (smallest backlog 0.16 iterations; host enqueue 0.3395 ms per call); the intervals include host enqueue time and the number is an upper bound on the kernel time; time the callable as a graph replay or through a fused launcher to measure the GPU alone",0.25,248.574,0.24988770045942993,144,102.1049135612484,burst,0.26051199436187744,0.25433599948883057,True,1710 1710 1710 1710 1710 1710 1710 1710 1710 1710 1710 1710 1710 1710 1710,True,3725.6571177607857,"measured on this device: NVIDIA GH200 480GB (measured), 3725.7 GB/s (triad pattern)",13.0,580.105.08,True,1,a1b61186bd4b12224d54942af6065e30276d7f44,NVIDIA GH200 480GB,192-222-51-218,"scripts/clock_elasticity.py: bursts of N back-to-back fused_experts calls under one pinned tile, each call L2-flushed and bracketed by its own pre-primed event pair, the FIRST call of every burst discarded as a drained-queue launch, a host-side idle gap after each burst setting the sustained duty cycle, and the SM clock, board power and memory clock read through NVML with the burst still in flight; NOT timing.TIMING_BASIS | duty 0.25 | each idle gap sized from its own burst (gap_basis burst)",,iters=supplied as None; sglang=package not installed,1,3.12.14,174.85664005867835,"measured on this device: NVIDIA GH200 480GB (measured), 651.5 TFLOP/s bf16 over 3725.7 GB/s (triad pattern); calibrated 2026-09-29 at a1b61186",,200.0,2.13.0,3.7.1,2026-09-29T23:02:14+00:00,0.27.1,300.0
shared,5,32,1,32,128,1,72,0.28486400842666626,0.23718400299549103,0.023100818801872244,655,3,314.9096003174782,"scripts/clock_elasticity.py: bursts of N back-to-back fused_experts calls under one pinned tile, each call L2-flushed and bracketed by its own pre-primed event pair, the FIRST call of every burst discarded as a drained-queue launch, a host-side idle gap after each burst setting the sustained duty cycle, and the SM clock, board power and memory clock read through NVML with the burst still in flight; NOT timing.TIMING_BASIS",1710.0,False,high,True,True,ok,"LEVEL HIGH (recorded, never an exclusion here): loaded clock 1710 MHz against the 1440 MHz reference. At a duty cycle below 1.0 a HIGH reading is the experiment working, not a cell to drop.; host-bound: in 15 of 15 trials the GPU had fewer than 2 iterations of work queued when the host finished enqueueing (smallest backlog 0.15 iterations; host enqueue 0.3710 ms per call); the intervals include host enqueue time and the number is an upper bound on the kernel time; time the callable as a graph replay or through a fused launcher to measure the GPU alone",0.25,238.312,0.2499023762114061,132,106.0211994267338,burst,0.28545600175857544,0.2849760055541992,True,1710 1710 1710 1710 1710 1710 1710 1710 1710 1710 1710 1710 1710 1710 1710,True,3725.6571177607857,"measured on this device: NVIDIA GH200 480GB (measured), 3725.7 GB/s (triad pattern)",13.0,580.105.08,True,1,a1b61186bd4b12224d54942af6065e30276d7f44,NVIDIA GH200 480GB,192-222-51-218,"scripts/clock_elasticity.py: bursts of N back-to-back fused_experts calls under one pinned tile, each call L2-flushed and bracketed by its own pre-primed event pair, the FIRST call of every burst discarded as a drained-queue launch, a host-side idle gap after each burst setting the sustained duty cycle, and the SM clock, board power and memory clock read through NVML with the burst still in flight; NOT timing.TIMING_BASIS | duty 0.25 | each idle gap sized from its own burst (gap_basis burst)",,iters=supplied as None; sglang=package not installed,1,3.12.14,174.85664005867835,"measured on this device: NVIDIA GH200 480GB (measured), 651.5 TFLOP/s bf16 over 3725.7 GB/s (triad pattern); calibrated 2026-09-29 at a1b61186",,200.0,2.13.0,3.7.1,2026-09-29T23:02:14+00:00,0.27.1,300.0
native,6,32,1,32,128,1,8,0.2671999931335449,0.21689599752426147,0.029444780730790616,740,3,321.849568143487,"scripts/clock_elasticity.py: bursts of N back-to-back fused_experts calls under one pinned tile, each call L2-flushed and bracketed by its own pre-primed event pair, the FIRST call of every burst discarded as a drained-queue launch, a host-side idle gap after each burst setting the sustained duty cycle, and the SM clock, board power and memory clock read through NVML with the burst still in flight; NOT timing.TIMING_BASIS",1710.0,False,high,True,True,ok,"LEVEL HIGH (recorded, never an exclusion here): loaded clock 1710 MHz against the 1440 MHz reference. At a duty cycle below 1.0 a HIGH reading is the experiment working, not a cell to drop.; host-bound: in 15 of 15 trials the GPU had fewer than 2 iterations of work queued when the host finished enqueueing (smallest backlog 0.16 iterations; host enqueue 0.3493 ms per call); the intervals include host enqueue time and the number is an upper bound on the kernel time; time the callable as a graph replay or through a fused launcher to measure the GPU alone",0.25,244.307,0.24989085280073214,149,110.17442196976846,burst,0.26528000831604004,0.26291200518608093,True,1710 1710 1710 1710 1710 1710 1710 1710 1710 1710 1710 1710 1710 1710 1710,True,3725.6571177607857,"measured on this device: NVIDIA GH200 480GB (measured), 3725.7 GB/s (triad pattern)",13.0,580.105.08,True,1,a1b61186bd4b12224d54942af6065e30276d7f44,NVIDIA GH200 480GB,192-222-51-218,"scripts/clock_elasticity.py: bursts of N back-to-back fused_experts calls under one pinned tile, each call L2-flushed and bracketed by its own pre-primed event pair, the FIRST call of every burst discarded as a drained-queue launch, a host-side idle gap after each burst setting the sustained duty cycle, and the SM clock, board power and memory clock read through NVML with the burst still in flight; NOT timing.TIMING_BASIS | duty 0.25 | each idle gap sized from its own burst (gap_basis burst)",,iters=supplied as None; sglang=package not installed,1,3.12.14,174.85664005867835,"measured on this device: NVIDIA GH200 480GB (measured), 651.5 TFLOP/s bf16 over 3725.7 GB/s (triad pattern); calibrated 2026-09-29 at a1b61186",,200.0,2.13.0,3.7.1,2026-09-29T23:02:14+00:00,0.27.1,300.0
shared,6,32,1,32,128,1,72,0.2725439965724945,0.2282239943742752,0.021018374465730086,675,3,305.8863359987736,"scripts/clock_elasticity.py: bursts of N back-to-back fused_experts calls under one pinned tile, each call L2-flushed and bracketed by its own pre-primed event pair, the FIRST call of every burst discarded as a drained-queue launch, a host-side idle gap after each burst setting the sustained duty cycle, and the SM clock, board power and memory clock read through NVML with the burst still in flight; NOT timing.TIMING_BASIS",1710.0,False,high,True,True,ok,"LEVEL HIGH (recorded, never an exclusion here): loaded clock 1710 MHz against the 1440 MHz reference. At a duty cycle below 1.0 a HIGH reading is the experiment working, not a cell to drop.; host-bound: in 15 of 15 trials the GPU had fewer than 2 iterations of work queued when the host finished enqueueing (smallest backlog 0.16 iterations; host enqueue 0.3564 ms per call); the intervals include host enqueue time and the number is an upper bound on the kernel time; time the callable as a graph replay or through a fused launcher to measure the GPU alone",0.25,244.727,0.2498919089006278,136,103.27454909921651,burst,0.2746559977531433,0.27193599939346313,True,1710 1710 1710 1710 1710 1710 1710 1710 1710 1710 1710 1710 1710 1710 1710,True,3725.6571177607857,"measured on this device: NVIDIA GH200 480GB (measured), 3725.7 GB/s (triad pattern)",13.0,580.105.08,True,1,a1b61186bd4b12224d54942af6065e30276d7f44,NVIDIA GH200 480GB,192-222-51-218,"scripts/clock_elasticity.py: bursts of N back-to-back fused_experts calls under one pinned tile, each call L2-flushed and bracketed by its own pre-primed event pair, the FIRST call of every burst discarded as a drained-queue launch, a host-side idle gap after each burst setting the sustained duty cycle, and the SM clock, board power and memory clock read through NVML with the burst still in flight; NOT timing.TIMING_BASIS | duty 0.25 | each idle gap sized from its own burst (gap_basis burst)",,iters=supplied as None; sglang=package not installed,1,3.12.14,174.85664005867835,"measured on this device: NVIDIA GH200 480GB (measured), 651.5 TFLOP/s bf16 over 3725.7 GB/s (triad pattern); calibrated 2026-09-29 at a1b61186",,200.0,2.13.0,3.7.1,2026-09-29T23:02:14+00:00,0.27.1,300.0
private,6,32,1,32,128,1,72,0.2845280021429062,0.23571200668811798,0.02383316507836198,680,3,317.4263999015093,"scripts/clock_elasticity.py: bursts of N back-to-back fused_experts calls under one pinned tile, each call L2-flushed and bracketed by its own pre-primed event pair, the FIRST call of every burst discarded as a drained-queue launch, a host-side idle gap after each burst setting the sustained duty cycle, and the SM clock, board power and memory clock read through NVML with the burst still in flight; NOT timing.TIMING_BASIS",1710.0,False,high,True,True,ok,"LEVEL HIGH (recorded, never an exclusion here): loaded clock 1710 MHz against the 1440 MHz reference. At a duty cycle below 1.0 a HIGH reading is the experiment working, not a cell to drop.; host-bound: in 15 of 15 trials the GPU had fewer than 2 iterations of work queued when the host finished enqueueing (smallest backlog 0.17 iterations; host enqueue 0.3712 ms per call); the intervals include host enqueue time and the number is an upper bound on the kernel time; time the callable as a graph replay or through a fused launcher to measure the GPU alone",0.25,242.339,0.249893981339067,137,110.14588747141535,burst,0.2865760028362274,0.2816160023212433,True,1710 1710 1710 1710 1710 1710 1710 1710 1710 1710 1710 1710 1710 1710 1710,True,3725.6571177607857,"measured on this device: NVIDIA GH200 480GB (measured), 3725.7 GB/s (triad pattern)",13.0,580.105.08,True,1,a1b61186bd4b12224d54942af6065e30276d7f44,NVIDIA GH200 480GB,192-222-51-218,"scripts/clock_elasticity.py: bursts of N back-to-back fused_experts calls under one pinned tile, each call L2-flushed and bracketed by its own pre-primed event pair, the FIRST call of every burst discarded as a drained-queue launch, a host-side idle gap after each burst setting the sustained duty cycle, and the SM clock, board power and memory clock read through NVML with the burst still in flight; NOT timing.TIMING_BASIS | duty 0.25 | each idle gap sized from its own burst (gap_basis burst)",,iters=supplied as None; sglang=package not installed,1,3.12.14,174.85664005867835,"measured on this device: NVIDIA GH200 480GB (measured), 651.5 TFLOP/s bf16 over 3725.7 GB/s (triad pattern); calibrated 2026-09-29 at a1b61186",,200.0,2.13.0,3.7.1,2026-09-29T23:02:14+00:00,0.27.1,300.0
native,6,32,2,64,256,1,8,0.27055999636650085,0.26611199975013733,0.004853353649733249,735,3,321.7759041786194,"scripts/clock_elasticity.py: bursts of N back-to-back fused_experts calls under one pinned tile, each call L2-flushed and bracketed by its own pre-primed event pair, the FIRST call of every burst discarded as a drained-queue launch, a host-side idle gap after each burst setting the sustained duty cycle, and the SM clock, board power and memory clock read through NVML with the burst still in flight; NOT timing.TIMING_BASIS",1710.0,False,high,True,True,ok,"LEVEL HIGH (recorded, never an exclusion here): loaded clock 1710 MHz against the 1440 MHz reference. At a duty cycle below 1.0 a HIGH reading is the experiment working, not a cell to drop.; host-bound: in 8 of 15 trials the GPU had fewer than 2 iterations of work queued when the host finished enqueueing (smallest backlog 0.36 iterations; host enqueue 0.3459 ms per call); the intervals include host enqueue time and the number is an upper bound on the kernel time; time the callable as a graph replay or through a fused launcher to measure the GPU alone",0.25,303.207,0.24990047589460038,148,109.12844119564397,burst,0.2701919972896576,0.27110399305820465,True,1710 1710 1710 1710 1710 1710 1710 1710 1710 1710 1710 1710 1710 1710 1710,True,3725.6571177607857,"measured on this device: NVIDIA GH200 480GB (measured), 3725.7 GB/s (triad pattern)",13.0,580.105.08,True,1,a1b61186bd4b12224d54942af6065e30276d7f44,NVIDIA GH200 480GB,192-222-51-218,"scripts/clock_elasticity.py: bursts of N back-to-back fused_experts calls under one pinned tile, each call L2-flushed and bracketed by its own pre-primed event pair, the FIRST call of every burst discarded as a drained-queue launch, a host-side idle gap after each burst setting the sustained duty cycle, and the SM clock, board power and memory clock read through NVML with the burst still in flight; NOT timing.TIMING_BASIS | duty 0.25 | each idle gap sized from its own burst (gap_basis burst)",,iters=supplied as None; sglang=package not installed,1,3.12.14,174.85664005867835,"measured on this device: NVIDIA GH200 480GB (measured), 651.5 TFLOP/s bf16 over 3725.7 GB/s (triad pattern); calibrated 2026-09-29 at a1b61186",,200.0,2.13.0,3.7.1,2026-09-29T23:02:14+00:00,0.27.1,300.0
shared,6,32,2,64,256,1,72,0.28758400678634644,0.26393601298332214,0.02429599927443566,675,3,327.1576318740845,"scripts/clock_elasticity.py: bursts of N back-to-back fused_experts calls under one pinned tile, each call L2-flushed and bracketed by its own pre-primed event pair, the FIRST call of every burst discarded as a drained-queue launch, a host-side idle gap after each burst setting the sustained duty cycle, and the SM clock, board power and memory clock read through NVML with the burst still in flight; NOT timing.TIMING_BASIS",1710.0,False,high,True,True,ok,"LEVEL HIGH (recorded, never an exclusion here): loaded clock 1710 MHz against the 1440 MHz reference. At a duty cycle below 1.0 a HIGH reading is the experiment working, not a cell to drop.; host-bound: in 15 of 15 trials the GPU had fewer than 2 iterations of work queued when the host finished enqueueing (smallest backlog 0.25 iterations; host enqueue 0.3771 ms per call); the intervals include host enqueue time and the number is an upper bound on the kernel time; time the callable as a graph replay or through a fused launcher to measure the GPU alone",0.25,290.069,0.2498942311949965,136,111.76476392472614,burst,0.29257598519325256,0.29155200719833374,True,1710 1710 1710 1710 1710 1710 1710 1710 1710 1710 1710 1710 1710 1710 1710,True,3725.6571177607857,"measured on this device: NVIDIA GH200 480GB (measured), 3725.7 GB/s (triad pattern)",13.0,580.105.08,True,1,a1b61186bd4b12224d54942af6065e30276d7f44,NVIDIA GH200 480GB,192-222-51-218,"scripts/clock_elasticity.py: bursts of N back-to-back fused_experts calls under one pinned tile, each call L2-flushed and bracketed by its own pre-primed event pair, the FIRST call of every burst discarded as a drained-queue launch, a host-side idle gap after each burst setting the sustained duty cycle, and the SM clock, board power and memory clock read through NVML with the burst still in flight; NOT timing.TIMING_BASIS | duty 0.25 | each idle gap sized from its own burst (gap_basis burst)",,iters=supplied as None; sglang=package not installed,1,3.12.14,174.85664005867835,"measured on this device: NVIDIA GH200 480GB (measured), 651.5 TFLOP/s bf16 over 3725.7 GB/s (triad pattern); calibrated 2026-09-29 at a1b61186",,200.0,2.13.0,3.7.1,2026-09-29T23:02:14+00:00,0.27.1,300.0
private,6,32,2,64,256,2,72,0.3601599931716919,0.3537600040435791,0.0025395015031840214,550,3,321.09321585297585,"scripts/clock_elasticity.py: bursts of N back-to-back fused_experts calls under one pinned tile, each call L2-flushed and bracketed by its own pre-primed event pair, the FIRST call of every burst discarded as a drained-queue launch, a host-side idle gap after each burst setting the sustained duty cycle, and the SM clock, board power and memory clock read through NVML with the burst still in flight; NOT timing.TIMING_BASIS",1710.0,False,high,True,True,ok,"LEVEL HIGH (recorded, never an exclusion here): loaded clock 1710 MHz against the 1440 MHz reference. At a duty cycle below 1.0 a HIGH reading is the experiment working, not a cell to drop.",0.25,292.599,0.2499031446048887,111,111.48945913354692,burst,0.359935998916626,0.36022400856018066,True,1710 1710 1710 1710 1710 1710 1710 1710 1710 1710 1710 1710 1710 1710 1710,False,3725.6571177607857,"measured on this device: NVIDIA GH200 480GB (measured), 3725.7 GB/s (triad pattern)",13.0,580.105.08,True,1,a1b61186bd4b12224d54942af6065e30276d7f44,NVIDIA GH200 480GB,192-222-51-218,"scripts/clock_elasticity.py: bursts of N back-to-back fused_experts calls under one pinned tile, each call L2-flushed and bracketed by its own pre-primed event pair, the FIRST call of every burst discarded as a drained-queue launch, a host-side idle gap after each burst setting the sustained duty cycle, and the SM clock, board power and memory clock read through NVML with the burst still in flight; NOT timing.TIMING_BASIS | duty 0.25 | each idle gap sized from its own burst (gap_basis burst)",,iters=supplied as None; sglang=package not installed,1,3.12.14,174.85664005867835,"measured on this device: NVIDIA GH200 480GB (measured), 651.5 TFLOP/s bf16 over 3725.7 GB/s (triad pattern); calibrated 2026-09-29 at a1b61186",,200.0,2.13.0,3.7.1,2026-09-29T23:02:14+00:00,0.27.1,300.0
native,6,32,3,96,384,1,8,0.3903999924659729,0.38515201210975647,0.0016014145905147818,510,3,322.8810559809208,"scripts/clock_elasticity.py: bursts of N back-to-back fused_experts calls under one pinned tile, each call L2-flushed and bracketed by its own pre-primed event pair, the FIRST call of every burst discarded as a drained-queue launch, a host-side idle gap after each burst setting the sustained duty cycle, and the SM clock, board power and memory clock read through NVML with the burst still in flight; NOT timing.TIMING_BASIS",1710.0,False,high,True,True,ok,"LEVEL HIGH (recorded, never an exclusion here): loaded clock 1710 MHz against the 1440 MHz reference. At a duty cycle below 1.0 a HIGH reading is the experiment working, not a cell to drop.",0.25,287.606,0.2499005979364344,103,112.95378330471794,burst,0.39049598574638367,0.3906880021095276,True,1710 1710 1710 1710 1710 1710 1710 1710 1710 1710 1710 1710 1710 1710 1710,False,3725.6571177607857,"measured on this device: NVIDIA GH200 480GB (measured), 3725.7 GB/s (triad pattern)",13.0,580.105.08,True,1,a1b61186bd4b12224d54942af6065e30276d7f44,NVIDIA GH200 480GB,192-222-51-218,"scripts/clock_elasticity.py: bursts of N back-to-back fused_experts calls under one pinned tile, each call L2-flushed and bracketed by its own pre-primed event pair, the FIRST call of every burst discarded as a drained-queue launch, a host-side idle gap after each burst setting the sustained duty cycle, and the SM clock, board power and memory clock read through NVML with the burst still in flight; NOT timing.TIMING_BASIS | duty 0.25 | each idle gap sized from its own burst (gap_basis burst)",,iters=supplied as None; sglang=package not installed,1,3.12.14,174.85664005867835,"measured on this device: NVIDIA GH200 480GB (measured), 651.5 TFLOP/s bf16 over 3725.7 GB/s (triad pattern); calibrated 2026-09-29 at a1b61186",,200.0,2.13.0,3.7.1,2026-09-29T23:02:14+00:00,0.27.1,300.0
shared,6,32,3,96,384,1,72,0.37779200077056885,0.37273600697517395,0.0015413382849601327,525,3,321.4934076368809,"scripts/clock_elasticity.py: bursts of N back-to-back fused_experts calls under one pinned tile, each call L2-flushed and bracketed by its own pre-primed event pair, the FIRST call of every burst discarded as a drained-queue launch, a host-side idle gap after each burst setting the sustained duty cycle, and the SM clock, board power and memory clock read through NVML with the burst still in flight; NOT timing.TIMING_BASIS",1710.0,False,high,True,True,ok,"LEVEL HIGH (recorded, never an exclusion here): loaded clock 1710 MHz against the 1440 MHz reference. At a duty cycle below 1.0 a HIGH reading is the experiment working, not a cell to drop.",0.25,294.029,0.24989954037666107,106,112.16187702360547,burst,0.3779519945383072,0.3777119964361191,True,1710 1710 1710 1710 1710 1710 1710 1710 1710 1710 1710 1710 1710 1710 1710,False,3725.6571177607857,"measured on this device: NVIDIA GH200 480GB (measured), 3725.7 GB/s (triad pattern)",13.0,580.105.08,True,1,a1b61186bd4b12224d54942af6065e30276d7f44,NVIDIA GH200 480GB,192-222-51-218,"scripts/clock_elasticity.py: bursts of N back-to-back fused_experts calls under one pinned tile, each call L2-flushed and bracketed by its own pre-primed event pair, the FIRST call of every burst discarded as a drained-queue launch, a host-side idle gap after each burst setting the sustained duty cycle, and the SM clock, board power and memory clock read through NVML with the burst still in flight; NOT timing.TIMING_BASIS | duty 0.25 | each idle gap sized from its own burst (gap_basis burst)",,iters=supplied as None; sglang=package not installed,1,3.12.14,174.85664005867835,"measured on this device: NVIDIA GH200 480GB (measured), 651.5 TFLOP/s bf16 over 3725.7 GB/s (triad pattern); calibrated 2026-09-29 at a1b61186",,200.0,2.13.0,3.7.1,2026-09-29T23:02:14+00:00,0.27.1,300.0
private,6,32,3,96,384,3,72,0.5467360019683838,0.5364800095558167,0.003463331959462254,360,3,320.0663679242134,"scripts/clock_elasticity.py: bursts of N back-to-back fused_experts calls under one pinned tile, each call L2-flushed and bracketed by its own pre-primed event pair, the FIRST call of every burst discarded as a drained-queue launch, a host-side idle gap after each burst setting the sustained duty cycle, and the SM clock, board power and memory clock read through NVML with the burst still in flight; NOT timing.TIMING_BASIS",1710.0,False,high,True,True,ok,"LEVEL HIGH (recorded, never an exclusion here): loaded clock 1710 MHz against the 1440 MHz reference. At a duty cycle below 1.0 a HIGH reading is the experiment working, not a cell to drop.",0.25,289.496,0.24989526761403327,73,114.16670126007375,burst,0.5469120144844055,0.5467679798603058,True,1710 1710 1710 1710 1710 1710 1710 1710 1710 1710 1710 1710 1710 1710 1710,False,3725.6571177607857,"measured on this device: NVIDIA GH200 480GB (measured), 3725.7 GB/s (triad pattern)",13.0,580.105.08,True,1,a1b61186bd4b12224d54942af6065e30276d7f44,NVIDIA GH200 480GB,192-222-51-218,"scripts/clock_elasticity.py: bursts of N back-to-back fused_experts calls under one pinned tile, each call L2-flushed and bracketed by its own pre-primed event pair, the FIRST call of every burst discarded as a drained-queue launch, a host-side idle gap after each burst setting the sustained duty cycle, and the SM clock, board power and memory clock read through NVML with the burst still in flight; NOT timing.TIMING_BASIS | duty 0.25 | each idle gap sized from its own burst (gap_basis burst)",,iters=supplied as None; sglang=package not installed,1,3.12.14,174.85664005867835,"measured on this device: NVIDIA GH200 480GB (measured), 651.5 TFLOP/s bf16 over 3725.7 GB/s (triad pattern); calibrated 2026-09-29 at a1b61186",,200.0,2.13.0,3.7.1,2026-09-29T23:02:14+00:00,0.27.1,300.0
native,6,32,4,128,512,1,8,0.48713600635528564,0.48159998655319214,0.0020069297793911104,405,3,321.22486397624016,"scripts/clock_elasticity.py: bursts of N back-to-back fused_experts calls under one pinned tile, each call L2-flushed and bracketed by its own pre-primed event pair, the FIRST call of every burst discarded as a drained-queue launch, a host-side idle gap after each burst setting the sustained duty cycle, and the SM clock, board power and memory clock read through NVML with the burst still in flight; NOT timing.TIMING_BASIS",1710.0,False,high,True,True,ok,"LEVEL HIGH (recorded, never an exclusion here): loaded clock 1710 MHz against the 1440 MHz reference. At a duty cycle below 1.0 a HIGH reading is the experiment working, not a cell to drop.",0.25,290.328,0.2498956110795135,82,113.96230962274787,burst,0.4881120026111603,0.4878399968147278,True,1710 1710 1710 1710 1710 1710 1710 1710 1710 1710 1710 1710 1710 1710 1710,False,3725.6571177607857,"measured on this device: NVIDIA GH200 480GB (measured), 3725.7 GB/s (triad pattern)",13.0,580.105.08,True,1,a1b61186bd4b12224d54942af6065e30276d7f44,NVIDIA GH200 480GB,192-222-51-218,"scripts/clock_elasticity.py: bursts of N back-to-back fused_experts calls under one pinned tile, each call L2-flushed and bracketed by its own pre-primed event pair, the FIRST call of every burst discarded as a drained-queue launch, a host-side idle gap after each burst setting the sustained duty cycle, and the SM clock, board power and memory clock read through NVML with the burst still in flight; NOT timing.TIMING_BASIS | duty 0.25 | each idle gap sized from its own burst (gap_basis burst)",,iters=supplied as None; sglang=package not installed,1,3.12.14,174.85664005867835,"measured on this device: NVIDIA GH200 480GB (measured), 651.5 TFLOP/s bf16 over 3725.7 GB/s (triad pattern); calibrated 2026-09-29 at a1b61186",,200.0,2.13.0,3.7.1,2026-09-29T23:02:14+00:00,0.27.1,300.0
shared,6,32,4,128,512,1,72,0.49139198660850525,0.48576000332832336,0.0019522290143479952,405,3,322.99641567468643,"scripts/clock_elasticity.py: bursts of N back-to-back fused_experts calls under one pinned tile, each call L2-flushed and bracketed by its own pre-primed event pair, the FIRST call of every burst discarded as a drained-queue launch, a host-side idle gap after each burst setting the sustained duty cycle, and the SM clock, board power and memory clock read through NVML with the burst still in flight; NOT timing.TIMING_BASIS",1710.0,False,high,True,True,ok,"LEVEL HIGH (recorded, never an exclusion here): loaded clock 1710 MHz against the 1440 MHz reference. At a duty cycle below 1.0 a HIGH reading is the experiment working, not a cell to drop.",0.25,288.229,0.24989407452314089,82,114.7723233997094,burst,0.49142399430274963,0.49187199771404266,True,1710 1710 1710 1710 1710 1710 1710 1710 1710 1710 1710 1710 1710 1710 1710,False,3725.6571177607857,"measured on this device: NVIDIA GH200 480GB (measured), 3725.7 GB/s (triad pattern)",13.0,580.105.08,True,1,a1b61186bd4b12224d54942af6065e30276d7f44,NVIDIA GH200 480GB,192-222-51-218,"scripts/clock_elasticity.py: bursts of N back-to-back fused_experts calls under one pinned tile, each call L2-flushed and bracketed by its own pre-primed event pair, the FIRST call of every burst discarded as a drained-queue launch, a host-side idle gap after each burst setting the sustained duty cycle, and the SM clock, board power and memory clock read through NVML with the burst still in flight; NOT timing.TIMING_BASIS | duty 0.25 | each idle gap sized from its own burst (gap_basis burst)",,iters=supplied as None; sglang=package not installed,1,3.12.14,174.85664005867835,"measured on this device: NVIDIA GH200 480GB (measured), 651.5 TFLOP/s bf16 over 3725.7 GB/s (triad pattern); calibrated 2026-09-29 at a1b61186",,200.0,2.13.0,3.7.1,2026-09-29T23:02:14+00:00,0.27.1,300.0
private,6,32,4,128,512,4,72,0.6967999935150146,0.6903679966926575,0.0018525989169807613,280,3,319.2441921234131,"scripts/clock_elasticity.py: bursts of N back-to-back fused_experts calls under one pinned tile, each call L2-flushed and bracketed by its own pre-primed event pair, the FIRST call of every burst discarded as a drained-queue launch, a host-side idle gap after each burst setting the sustained duty cycle, and the SM clock, board power and memory clock read through NVML with the burst still in flight; NOT timing.TIMING_BASIS",1710.0,False,high,True,True,ok,"LEVEL HIGH (recorded, never an exclusion here): loaded clock 1710 MHz against the 1440 MHz reference. At a duty cycle below 1.0 a HIGH reading is the experiment working, not a cell to drop.",0.25,290.777,0.24989872103516916,57,115.03164123082024,burst,0.6967679858207703,0.6967999935150146,True,1710 1710 1710 1710 1710 1710 1710 1710 1710 1710 1710 1710 1710 1710 1710,False,3725.6571177607857,"measured on this device: NVIDIA GH200 480GB (measured), 3725.7 GB/s (triad pattern)",13.0,580.105.08,True,1,a1b61186bd4b12224d54942af6065e30276d7f44,NVIDIA GH200 480GB,192-222-51-218,"scripts/clock_elasticity.py: bursts of N back-to-back fused_experts calls under one pinned tile, each call L2-flushed and bracketed by its own pre-primed event pair, the FIRST call of every burst discarded as a drained-queue launch, a host-side idle gap after each burst setting the sustained duty cycle, and the SM clock, board power and memory clock read through NVML with the burst still in flight; NOT timing.TIMING_BASIS | duty 0.25 | each idle gap sized from its own burst (gap_basis burst)",,iters=supplied as None; sglang=package not installed,1,3.12.14,174.85664005867835,"measured on this device: NVIDIA GH200 480GB (measured), 651.5 TFLOP/s bf16 over 3725.7 GB/s (triad pattern); calibrated 2026-09-29 at a1b61186",,200.0,2.13.0,3.7.1,2026-09-29T23:02:14+00:00,0.27.1,300.0
native,6,32,5,160,640,1,8,0.603551983833313,0.5964480042457581,0.002242668931138973,330,3,324.8373765349388,"scripts/clock_elasticity.py: bursts of N back-to-back fused_experts calls under one pinned tile, each call L2-flushed and bracketed by its own pre-primed event pair, the FIRST call of every burst discarded as a drained-queue launch, a host-side idle gap after each burst setting the sustained duty cycle, and the SM clock, board power and memory clock read through NVML with the burst still in flight; NOT timing.TIMING_BASIS",1710.0,False,high,True,True,ok,"LEVEL HIGH (recorded, never an exclusion here): loaded clock 1710 MHz against the 1440 MHz reference. At a duty cycle below 1.0 a HIGH reading is the experiment working, not a cell to drop.",0.25,286.501,0.24989517331132624,67,116.48989960702966,burst,0.6037920117378235,0.6033279895782471,True,1710 1710 1710 1710 1710 1710 1710 1710 1710 1710 1710 1710 1710 1710 1710,False,3725.6571177607857,"measured on this device: NVIDIA GH200 480GB (measured), 3725.7 GB/s (triad pattern)",13.0,580.105.08,True,1,a1b61186bd4b12224d54942af6065e30276d7f44,NVIDIA GH200 480GB,192-222-51-218,"scripts/clock_elasticity.py: bursts of N back-to-back fused_experts calls under one pinned tile, each call L2-flushed and bracketed by its own pre-primed event pair, the FIRST call of every burst discarded as a drained-queue launch, a host-side idle gap after each burst setting the sustained duty cycle, and the SM clock, board power and memory clock read through NVML with the burst still in flight; NOT timing.TIMING_BASIS | duty 0.25 | each idle gap sized from its own burst (gap_basis burst)",,iters=supplied as None; sglang=package not installed,1,3.12.14,174.85664005867835,"measured on this device: NVIDIA GH200 480GB (measured), 651.5 TFLOP/s bf16 over 3725.7 GB/s (triad pattern); calibrated 2026-09-29 at a1b61186",,200.0,2.13.0,3.7.1,2026-09-29T23:02:14+00:00,0.27.1,300.0
shared,6,32,5,160,640,1,72,0.6071040034294128,0.6003199815750122,0.002323025166679766,325,3,321.958815574646,"scripts/clock_elasticity.py: bursts of N back-to-back fused_experts calls under one pinned tile, each call L2-flushed and bracketed by its own pre-primed event pair, the FIRST call of every burst discarded as a drained-queue launch, a host-side idle gap after each burst setting the sustained duty cycle, and the SM clock, board power and memory clock read through NVML with the burst still in flight; NOT timing.TIMING_BASIS",1710.0,False,high,True,True,ok,"LEVEL HIGH (recorded, never an exclusion here): loaded clock 1710 MHz against the 1440 MHz reference. At a duty cycle below 1.0 a HIGH reading is the experiment working, not a cell to drop.",0.25,284.201,0.2498923494861711,66,115.39848130492464,burst,0.6079199910163879,0.6068959832191467,True,1710 1710 1710 1710 1710 1710 1710 1710 1710 1710 1710 1710 1710 1710 1710,False,3725.6571177607857,"measured on this device: NVIDIA GH200 480GB (measured), 3725.7 GB/s (triad pattern)",13.0,580.105.08,True,1,a1b61186bd4b12224d54942af6065e30276d7f44,NVIDIA GH200 480GB,192-222-51-218,"scripts/clock_elasticity.py: bursts of N back-to-back fused_experts calls under one pinned tile, each call L2-flushed and bracketed by its own pre-primed event pair, the FIRST call of every burst discarded as a drained-queue launch, a host-side idle gap after each burst setting the sustained duty cycle, and the SM clock, board power and memory clock read through NVML with the burst still in flight; NOT timing.TIMING_BASIS | duty 0.25 | each idle gap sized from its own burst (gap_basis burst)",,iters=supplied as None; sglang=package not installed,1,3.12.14,174.85664005867835,"measured on this device: NVIDIA GH200 480GB (measured), 651.5 TFLOP/s bf16 over 3725.7 GB/s (triad pattern); calibrated 2026-09-29 at a1b61186",,200.0,2.13.0,3.7.1,2026-09-29T23:02:14+00:00,0.27.1,300.0
private,6,32,5,160,640,5,72,0.8801279962062836,0.8628159761428833,0.007848712613661823,220,3,317.04553586244583,"scripts/clock_elasticity.py: bursts of N back-to-back fused_experts calls under one pinned tile, each call L2-flushed and bracketed by its own pre-primed event pair, the FIRST call of every burst discarded as a drained-queue launch, a host-side idle gap after each burst setting the sustained duty cycle, and the SM clock, board power and memory clock read through NVML with the burst still in flight; NOT timing.TIMING_BASIS",1710.0,False,high,True,True,ok,"LEVEL HIGH (recorded, never an exclusion here): loaded clock 1710 MHz against the 1440 MHz reference. At a duty cycle below 1.0 a HIGH reading is the experiment working, not a cell to drop.",0.25,285.159,0.24989515712813595,45,115.16138023027817,burst,0.8808320164680481,0.8791360259056091,True,1710 1710 1710 1710 1710 1710 1710 1710 1710 1710 1710 1710 1710 1710 1710,False,3725.6571177607857,"measured on this device: NVIDIA GH200 480GB (measured), 3725.7 GB/s (triad pattern)",13.0,580.105.08,True,1,a1b61186bd4b12224d54942af6065e30276d7f44,NVIDIA GH200 480GB,192-222-51-218,"scripts/clock_elasticity.py: bursts of N back-to-back fused_experts calls under one pinned tile, each call L2-flushed and bracketed by its own pre-primed event pair, the FIRST call of every burst discarded as a drained-queue launch, a host-side idle gap after each burst setting the sustained duty cycle, and the SM clock, board power and memory clock read through NVML with the burst still in flight; NOT timing.TIMING_BASIS | duty 0.25 | each idle gap sized from its own burst (gap_basis burst)",,iters=supplied as None; sglang=package not installed,1,3.12.14,174.85664005867835,"measured on this device: NVIDIA GH200 480GB (measured), 651.5 TFLOP/s bf16 over 3725.7 GB/s (triad pattern); calibrated 2026-09-29 at a1b61186",,200.0,2.13.0,3.7.1,2026-09-29T23:02:14+00:00,0.27.1,300.0
native,6,32,6,192,768,1,8,0.7128000259399414,0.7052159905433655,0.0023845172937266563,275,3,320.50780791044235,"scripts/clock_elasticity.py: bursts of N back-to-back fused_experts calls under one pinned tile, each call L2-flushed and bracketed by its own pre-primed event pair, the FIRST call of every burst discarded as a drained-queue launch, a host-side idle gap after each burst setting the sustained duty cycle, and the SM clock, board power and memory clock read through NVML with the burst still in flight; NOT timing.TIMING_BASIS",1710.0,False,high,True,True,ok,"LEVEL HIGH (recorded, never an exclusion here): loaded clock 1710 MHz against the 1440 MHz reference. At a duty cycle below 1.0 a HIGH reading is the experiment working, not a cell to drop.",0.25,285.965,0.24989537645050744,56,115.75388023575577,burst,0.7139520049095154,0.7120959758758545,True,1710 1710 1710 1710 1710 1710 1710 1710 1710 1710 1710 1710 1710 1710 1710,False,3725.6571177607857,"measured on this device: NVIDIA GH200 480GB (measured), 3725.7 GB/s (triad pattern)",13.0,580.105.08,True,1,a1b61186bd4b12224d54942af6065e30276d7f44,NVIDIA GH200 480GB,192-222-51-218,"scripts/clock_elasticity.py: bursts of N back-to-back fused_experts calls under one pinned tile, each call L2-flushed and bracketed by its own pre-primed event pair, the FIRST call of every burst discarded as a drained-queue launch, a host-side idle gap after each burst setting the sustained duty cycle, and the SM clock, board power and memory clock read through NVML with the burst still in flight; NOT timing.TIMING_BASIS | duty 0.25 | each idle gap sized from its own burst (gap_basis burst)",,iters=supplied as None; sglang=package not installed,1,3.12.14,174.85664005867835,"measured on this device: NVIDIA GH200 480GB (measured), 651.5 TFLOP/s bf16 over 3725.7 GB/s (triad pattern); calibrated 2026-09-29 at a1b61186",,200.0,2.13.0,3.7.1,2026-09-29T23:02:14+00:00,0.27.1,300.0
shared,6,32,6,192,768,1,72,0.7164160013198853,0.7080640196800232,0.0026126347484931845,275,3,321.9773755669594,"scripts/clock_elasticity.py: bursts of N back-to-back fused_experts calls under one pinned tile, each call L2-flushed and bracketed by its own pre-primed event pair, the FIRST call of every burst discarded as a drained-queue launch, a host-side idle gap after each burst setting the sustained duty cycle, and the SM clock, board power and memory clock read through NVML with the burst still in flight; NOT timing.TIMING_BASIS",1710.0,False,high,True,True,ok,"LEVEL HIGH (recorded, never an exclusion here): loaded clock 1710 MHz against the 1440 MHz reference. At a duty cycle below 1.0 a HIGH reading is the experiment working, not a cell to drop.",0.25,282.896,0.2498961299506589,56,116.33759050164008,burst,0.7174400091171265,0.7158399820327759,True,1710 1710 1710 1710 1710 1710 1710 1710 1710 1710 1710 1710 1710 1710 1710,False,3725.6571177607857,"measured on this device: NVIDIA GH200 480GB (measured), 3725.7 GB/s (triad pattern)",13.0,580.105.08,True,1,a1b61186bd4b12224d54942af6065e30276d7f44,NVIDIA GH200 480GB,192-222-51-218,"scripts/clock_elasticity.py: bursts of N back-to-back fused_experts calls under one pinned tile, each call L2-flushed and bracketed by its own pre-primed event pair, the FIRST call of every burst discarded as a drained-queue launch, a host-side idle gap after each burst setting the sustained duty cycle, and the SM clock, board power and memory clock read through NVML with the burst still in flight; NOT timing.TIMING_BASIS | duty 0.25 | each idle gap sized from its own burst (gap_basis burst)",,iters=supplied as None; sglang=package not installed,1,3.12.14,174.85664005867835,"measured on this device: NVIDIA GH200 480GB (measured), 651.5 TFLOP/s bf16 over 3725.7 GB/s (triad pattern); calibrated 2026-09-29 at a1b61186",,200.0,2.13.0,3.7.1,2026-09-29T23:02:14+00:00,0.27.1,300.0
private,6,32,6,192,768,6,72,1.0261279940605164,1.0209280252456665,0.002257674497831239,190,3,321.750239610672,"scripts/clock_elasticity.py: bursts of N back-to-back fused_experts calls under one pinned tile, each call L2-flushed and bracketed by its own pre-primed event pair, the FIRST call of every burst discarded as a drained-queue launch, a host-side idle gap after each burst setting the sustained duty cycle, and the SM clock, board power and memory clock read through NVML with the burst still in flight; NOT timing.TIMING_BASIS",1710.0,False,high,True,True,ok,"LEVEL HIGH (recorded, never an exclusion here): loaded clock 1710 MHz against the 1440 MHz reference. At a duty cycle below 1.0 a HIGH reading is the experiment working, not a cell to drop.",0.25,289.399,0.249895658484777,39,117.41936388460452,burst,1.026047945022583,1.025920033454895,True,1710 1710 1710 1710 1710 1710 1710 1710 1710 1710 1710 1710 1710 1710 1710,False,3725.6571177607857,"measured on this device: NVIDIA GH200 480GB (measured), 3725.7 GB/s (triad pattern)",13.0,580.105.08,True,1,a1b61186bd4b12224d54942af6065e30276d7f44,NVIDIA GH200 480GB,192-222-51-218,"scripts/clock_elasticity.py: bursts of N back-to-back fused_experts calls under one pinned tile, each call L2-flushed and bracketed by its own pre-primed event pair, the FIRST call of every burst discarded as a drained-queue launch, a host-side idle gap after each burst setting the sustained duty cycle, and the SM clock, board power and memory clock read through NVML with the burst still in flight; NOT timing.TIMING_BASIS | duty 0.25 | each idle gap sized from its own burst (gap_basis burst)",,iters=supplied as None; sglang=package not installed,1,3.12.14,174.85664005867835,"measured on this device: NVIDIA GH200 480GB (measured), 651.5 TFLOP/s bf16 over 3725.7 GB/s (triad pattern); calibrated 2026-09-29 at a1b61186",,200.0,2.13.0,3.7.1,2026-09-29T23:02:14+00:00,0.27.1,300.0
shared,7,32,6,192,768,1,72,0.7159680128097534,0.7071359753608704,0.002492263090084576,275,3,322.23395186662674,"scripts/clock_elasticity.py: bursts of N back-to-back fused_experts calls under one pinned tile, each call L2-flushed and bracketed by its own pre-primed event pair, the FIRST call of every burst discarded as a drained-queue launch, a host-side idle gap after each burst setting the sustained duty cycle, and the SM clock, board power and memory clock read through NVML with the burst still in flight; NOT timing.TIMING_BASIS",1710.0,False,high,True,True,ok,"LEVEL HIGH (recorded, never an exclusion here): loaded clock 1710 MHz against the 1440 MHz reference. At a duty cycle below 1.0 a HIGH reading is the experiment working, not a cell to drop.",0.25,284.347,0.24989875922167043,56,116.28955901294103,burst,0.7172160148620605,0.7156800031661987,True,1710 1710 1710 1710 1710 1710 1710 1710 1710 1710 1710 1710 1710 1710 1710,False,3725.6571177607857,"measured on this device: NVIDIA GH200 480GB (measured), 3725.7 GB/s (triad pattern)",13.0,580.105.08,True,1,a1b61186bd4b12224d54942af6065e30276d7f44,NVIDIA GH200 480GB,192-222-51-218,"scripts/clock_elasticity.py: bursts of N back-to-back fused_experts calls under one pinned tile, each call L2-flushed and bracketed by its own pre-primed event pair, the FIRST call of every burst discarded as a drained-queue launch, a host-side idle gap after each burst setting the sustained duty cycle, and the SM clock, board power and memory clock read through NVML with the burst still in flight; NOT timing.TIMING_BASIS | duty 0.25 | each idle gap sized from its own burst (gap_basis burst)",,iters=supplied as None; sglang=package not installed,1,3.12.14,174.85664005867835,"measured on this device: NVIDIA GH200 480GB (measured), 651.5 TFLOP/s bf16 over 3725.7 GB/s (triad pattern); calibrated 2026-09-29 at a1b61186",,200.0,2.13.0,3.7.1,2026-09-29T23:02:14+00:00,0.27.1,300.0
private,7,32,6,192,768,6,72,1.0254080295562744,1.02019202709198,0.002320943790828896,190,3,321.56892907619476,"scripts/clock_elasticity.py: bursts of N back-to-back fused_experts calls under one pinned tile, each call L2-flushed and bracketed by its own pre-primed event pair, the FIRST call of every burst discarded as a drained-queue launch, a host-side idle gap after each burst setting the sustained duty cycle, and the SM clock, board power and memory clock read through NVML with the burst still in flight; NOT timing.TIMING_BASIS",1710.0,False,high,True,True,ok,"LEVEL HIGH (recorded, never an exclusion here): loaded clock 1710 MHz against the 1440 MHz reference. At a duty cycle below 1.0 a HIGH reading is the experiment working, not a cell to drop.",0.25,292.635,0.2498991366924976,39,117.29878793850365,burst,1.0255039930343628,1.026144027709961,True,1710 1710 1710 1710 1710 1710 1710 1710 1710 1710 1710 1710 1710 1710 1710,False,3725.6571177607857,"measured on this device: NVIDIA GH200 480GB (measured), 3725.7 GB/s (triad pattern)",13.0,580.105.08,True,1,a1b61186bd4b12224d54942af6065e30276d7f44,NVIDIA GH200 480GB,192-222-51-218,"scripts/clock_elasticity.py: bursts of N back-to-back fused_experts calls under one pinned tile, each call L2-flushed and bracketed by its own pre-primed event pair, the FIRST call of every burst discarded as a drained-queue launch, a host-side idle gap after each burst setting the sustained duty cycle, and the SM clock, board power and memory clock read through NVML with the burst still in flight; NOT timing.TIMING_BASIS | duty 0.25 | each idle gap sized from its own burst (gap_basis burst)",,iters=supplied as None; sglang=package not installed,1,3.12.14,174.85664005867835,"measured on this device: NVIDIA GH200 480GB (measured), 651.5 TFLOP/s bf16 over 3725.7 GB/s (triad pattern); calibrated 2026-09-29 at a1b61186",,200.0,2.13.0,3.7.1,2026-09-29T23:02:14+00:00,0.27.1,300.0
native,7,32,6,192,768,1,8,0.7135999798774719,0.7060480117797852,0.002318198591796308,280,3,326.16486370563507,"scripts/clock_elasticity.py: bursts of N back-to-back fused_experts calls under one pinned tile, each call L2-flushed and bracketed by its own pre-primed event pair, the FIRST call of every burst discarded as a drained-queue launch, a host-side idle gap after each burst setting the sustained duty cycle, and the SM clock, board power and memory clock read through NVML with the burst still in flight; NOT timing.TIMING_BASIS",1710.0,False,high,True,True,ok,"LEVEL HIGH (recorded, never an exclusion here): loaded clock 1710 MHz against the 1440 MHz reference. At a duty cycle below 1.0 a HIGH reading is the experiment working, not a cell to drop.",0.25,285.395,0.2498949621405337,57,118.04926600518593,burst,0.7142080068588257,0.7132799923419952,True,1710 1710 1710 1710 1710 1710 1710 1710 1710 1710 1710 1710 1710 1710 1710,False,3725.6571177607857,"measured on this device: NVIDIA GH200 480GB (measured), 3725.7 GB/s (triad pattern)",13.0,580.105.08,True,1,a1b61186bd4b12224d54942af6065e30276d7f44,NVIDIA GH200 480GB,192-222-51-218,"scripts/clock_elasticity.py: bursts of N back-to-back fused_experts calls under one pinned tile, each call L2-flushed and bracketed by its own pre-primed event pair, the FIRST call of every burst discarded as a drained-queue launch, a host-side idle gap after each burst setting the sustained duty cycle, and the SM clock, board power and memory clock read through NVML with the burst still in flight; NOT timing.TIMING_BASIS | duty 0.25 | each idle gap sized from its own burst (gap_basis burst)",,iters=supplied as None; sglang=package not installed,1,3.12.14,174.85664005867835,"measured on this device: NVIDIA GH200 480GB (measured), 651.5 TFLOP/s bf16 over 3725.7 GB/s (triad pattern); calibrated 2026-09-29 at a1b61186",,200.0,2.13.0,3.7.1,2026-09-29T23:02:14+00:00,0.27.1,300.0
shared,7,32,5,160,640,1,72,0.6069120168685913,0.5987840294837952,0.0025846279646633374,325,3,321.653312087059,"scripts/clock_elasticity.py: bursts of N back-to-back fused_experts calls under one pinned tile, each call L2-flushed and bracketed by its own pre-primed event pair, the FIRST call of every burst discarded as a drained-queue launch, a host-side idle gap after each burst setting the sustained duty cycle, and the SM clock, board power and memory clock read through NVML with the burst still in flight; NOT timing.TIMING_BASIS",1710.0,False,high,True,True,ok,"LEVEL HIGH (recorded, never an exclusion here): loaded clock 1710 MHz against the 1440 MHz reference. At a duty cycle below 1.0 a HIGH reading is the experiment working, not a cell to drop.",0.25,289.048,0.24989563758075084,66,115.46241569779158,burst,0.6081600189208984,0.606768012046814,True,1710 1710 1710 1710 1710 1710 1710 1710 1710 1710 1710 1710 1710 1710 1710,False,3725.6571177607857,"measured on this device: NVIDIA GH200 480GB (measured), 3725.7 GB/s (triad pattern)",13.0,580.105.08,True,1,a1b61186bd4b12224d54942af6065e30276d7f44,NVIDIA GH200 480GB,192-222-51-218,"scripts/clock_elasticity.py: bursts of N back-to-back fused_experts calls under one pinned tile, each call L2-flushed and bracketed by its own pre-primed event pair, the FIRST call of every burst discarded as a drained-queue launch, a host-side idle gap after each burst setting the sustained duty cycle, and the SM clock, board power and memory clock read through NVML with the burst still in flight; NOT timing.TIMING_BASIS | duty 0.25 | each idle gap sized from its own burst (gap_basis burst)",,iters=supplied as None; sglang=package not installed,1,3.12.14,174.85664005867835,"measured on this device: NVIDIA GH200 480GB (measured), 651.5 TFLOP/s bf16 over 3725.7 GB/s (triad pattern); calibrated 2026-09-29 at a1b61186",,200.0,2.13.0,3.7.1,2026-09-29T23:02:14+00:00,0.27.1,300.0
private,7,32,5,160,640,5,72,0.8829279839992523,0.8645439743995667,0.006896663590907704,220,3,318.01731169223785,"scripts/clock_elasticity.py: bursts of N back-to-back fused_experts calls under one pinned tile, each call L2-flushed and bracketed by its own pre-primed event pair, the FIRST call of every burst discarded as a drained-queue launch, a host-side idle gap after each burst setting the sustained duty cycle, and the SM clock, board power and memory clock read through NVML with the burst still in flight; NOT timing.TIMING_BASIS",1710.0,False,high,True,True,ok,"LEVEL HIGH (recorded, never an exclusion here): loaded clock 1710 MHz against the 1440 MHz reference. At a duty cycle below 1.0 a HIGH reading is the experiment working, not a cell to drop.",0.25,287.145,0.24989443171444967,45,115.67523647719644,burst,0.8833600282669067,0.8834879994392395,True,1710 1710 1710 1710 1710 1710 1710 1710 1710 1710 1710 1710 1710 1710 1710,False,3725.6571177607857,"measured on this device: NVIDIA GH200 480GB (measured), 3725.7 GB/s (triad pattern)",13.0,580.105.08,True,1,a1b61186bd4b12224d54942af6065e30276d7f44,NVIDIA GH200 480GB,192-222-51-218,"scripts/clock_elasticity.py: bursts of N back-to-back fused_experts calls under one pinned tile, each call L2-flushed and bracketed by its own pre-primed event pair, the FIRST call of every burst discarded as a drained-queue launch, a host-side idle gap after each burst setting the sustained duty cycle, and the SM clock, board power and memory clock read through NVML with the burst still in flight; NOT timing.TIMING_BASIS | duty 0.25 | each idle gap sized from its own burst (gap_basis burst)",,iters=supplied as None; sglang=package not installed,1,3.12.14,174.85664005867835,"measured on this device: NVIDIA GH200 480GB (measured), 651.5 TFLOP/s bf16 over 3725.7 GB/s (triad pattern); calibrated 2026-09-29 at a1b61186",,200.0,2.13.0,3.7.1,2026-09-29T23:02:14+00:00,0.27.1,300.0
native,7,32,5,160,640,1,8,0.6039040088653564,0.5980160236358643,0.0021693949533416585,325,3,320.5127345919609,"scripts/clock_elasticity.py: bursts of N back-to-back fused_experts calls under one pinned tile, each call L2-flushed and bracketed by its own pre-primed event pair, the FIRST call of every burst discarded as a drained-queue launch, a host-side idle gap after each burst setting the sustained duty cycle, and the SM clock, board power and memory clock read through NVML with the burst still in flight; NOT timing.TIMING_BASIS",1710.0,False,high,True,True,ok,"LEVEL HIGH (recorded, never an exclusion here): loaded clock 1710 MHz against the 1440 MHz reference. At a duty cycle below 1.0 a HIGH reading is the experiment working, not a cell to drop.",0.25,283.319,0.24989559358344082,66,114.7296510717897,burst,0.6044639945030212,0.603551983833313,True,1710 1710 1710 1710 1710 1710 1710 1710 1710 1710 1710 1710 1710 1710 1710,False,3725.6571177607857,"measured on this device: NVIDIA GH200 480GB (measured), 3725.7 GB/s (triad pattern)",13.0,580.105.08,True,1,a1b61186bd4b12224d54942af6065e30276d7f44,NVIDIA GH200 480GB,192-222-51-218,"scripts/clock_elasticity.py: bursts of N back-to-back fused_experts calls under one pinned tile, each call L2-flushed and bracketed by its own pre-primed event pair, the FIRST call of every burst discarded as a drained-queue launch, a host-side idle gap after each burst setting the sustained duty cycle, and the SM clock, board power and memory clock read through NVML with the burst still in flight; NOT timing.TIMING_BASIS | duty 0.25 | each idle gap sized from its own burst (gap_basis burst)",,iters=supplied as None; sglang=package not installed,1,3.12.14,174.85664005867835,"measured on this device: NVIDIA GH200 480GB (measured), 651.5 TFLOP/s bf16 over 3725.7 GB/s (triad pattern); calibrated 2026-09-29 at a1b61186",,200.0,2.13.0,3.7.1,2026-09-29T23:02:14+00:00,0.27.1,300.0
shared,7,32,4,128,512,1,72,0.4907520115375519,0.48422399163246155,0.0022009681868718216,405,3,323.1094403266907,"scripts/clock_elasticity.py: bursts of N back-to-back fused_experts calls under one pinned tile, each call L2-flushed and bracketed by its own pre-primed event pair, the FIRST call of every burst discarded as a drained-queue launch, a host-side idle gap after each burst setting the sustained duty cycle, and the SM clock, board power and memory clock read through NVML with the burst still in flight; NOT timing.TIMING_BASIS",1710.0,False,high,True,True,ok,"LEVEL HIGH (recorded, never an exclusion here): loaded clock 1710 MHz against the 1440 MHz reference. At a duty cycle below 1.0 a HIGH reading is the experiment working, not a cell to drop.",0.25,289.57,0.24989757970338636,82,114.70179492170793,burst,0.49139198660850525,0.4911839962005615,True,1710 1710 1710 1710 1710 1710 1710 1710 1710 1710 1710 1710 1710 1710 1710,False,3725.6571177607857,"measured on this device: NVIDIA GH200 480GB (measured), 3725.7 GB/s (triad pattern)",13.0,580.105.08,True,1,a1b61186bd4b12224d54942af6065e30276d7f44,NVIDIA GH200 480GB,192-222-51-218,"scripts/clock_elasticity.py: bursts of N back-to-back fused_experts calls under one pinned tile, each call L2-flushed and bracketed by its own pre-primed event pair, the FIRST call of every burst discarded as a drained-queue launch, a host-side idle gap after each burst setting the sustained duty cycle, and the SM clock, board power and memory clock read through NVML with the burst still in flight; NOT timing.TIMING_BASIS | duty 0.25 | each idle gap sized from its own burst (gap_basis burst)",,iters=supplied as None; sglang=package not installed,1,3.12.14,174.85664005867835,"measured on this device: NVIDIA GH200 480GB (measured), 651.5 TFLOP/s bf16 over 3725.7 GB/s (triad pattern); calibrated 2026-09-29 at a1b61186",,200.0,2.13.0,3.7.1,2026-09-29T23:02:14+00:00,0.27.1,300.0
private,7,32,4,128,512,4,72,0.6956480145454407,0.6904640197753906,0.0020008104509367016,285,3,324.37776005268097,"scripts/clock_elasticity.py: bursts of N back-to-back fused_experts calls under one pinned tile, each call L2-flushed and bracketed by its own pre-primed event pair, the FIRST call of every burst discarded as a drained-queue launch, a host-side idle gap after each burst setting the sustained duty cycle, and the SM clock, board power and memory clock read through NVML with the burst still in flight; NOT timing.TIMING_BASIS",1710.0,False,high,True,True,ok,"LEVEL HIGH (recorded, never an exclusion here): loaded clock 1710 MHz against the 1440 MHz reference. At a duty cycle below 1.0 a HIGH reading is the experiment working, not a cell to drop.",0.25,290.986,0.2499144191221836,58,116.77713968264652,burst,0.6957440078258514,0.6955040097236633,True,1710 1710 1710 1710 1710 1710 1710 1710 1710 1710 1710 1710 1710 1710 1710,False,3725.6571177607857,"measured on this device: NVIDIA GH200 480GB (measured), 3725.7 GB/s (triad pattern)",13.0,580.105.08,True,1,a1b61186bd4b12224d54942af6065e30276d7f44,NVIDIA GH200 480GB,192-222-51-218,"scripts/clock_elasticity.py: bursts of N back-to-back fused_experts calls under one pinned tile, each call L2-flushed and bracketed by its own pre-primed event pair, the FIRST call of every burst discarded as a drained-queue launch, a host-side idle gap after each burst setting the sustained duty cycle, and the SM clock, board power and memory clock read through NVML with the burst still in flight; NOT timing.TIMING_BASIS | duty 0.25 | each idle gap sized from its own burst (gap_basis burst)",,iters=supplied as None; sglang=package not installed,1,3.12.14,174.85664005867835,"measured on this device: NVIDIA GH200 480GB (measured), 651.5 TFLOP/s bf16 over 3725.7 GB/s (triad pattern); calibrated 2026-09-29 at a1b61186",,200.0,2.13.0,3.7.1,2026-09-29T23:02:14+00:00,0.27.1,300.0
native,7,32,4,128,512,1,8,0.487744003534317,0.4821760058403015,0.0019294999289777483,405,3,321.79289588332176,"scripts/clock_elasticity.py: bursts of N back-to-back fused_experts calls under one pinned tile, each call L2-flushed and bracketed by its own pre-primed event pair, the FIRST call of every burst discarded as a drained-queue launch, a host-side idle gap after each burst setting the sustained duty cycle, and the SM clock, board power and memory clock read through NVML with the burst still in flight; NOT timing.TIMING_BASIS",1710.0,False,high,True,True,ok,"LEVEL HIGH (recorded, never an exclusion here): loaded clock 1710 MHz against the 1440 MHz reference. At a duty cycle below 1.0 a HIGH reading is the experiment working, not a cell to drop.",0.25,286.855,0.24989460635326546,82,113.96282220403373,burst,0.4883680045604706,0.487744003534317,True,1710 1710 1710 1710 1710 1710 1710 1710 1710 1710 1710 1710 1710 1710 1710,False,3725.6571177607857,"measured on this device: NVIDIA GH200 480GB (measured), 3725.7 GB/s (triad pattern)",13.0,580.105.08,True,1,a1b61186bd4b12224d54942af6065e30276d7f44,NVIDIA GH200 480GB,192-222-51-218,"scripts/clock_elasticity.py: bursts of N back-to-back fused_experts calls under one pinned tile, each call L2-flushed and bracketed by its own pre-primed event pair, the FIRST call of every burst discarded as a drained-queue launch, a host-side idle gap after each burst setting the sustained duty cycle, and the SM clock, board power and memory clock read through NVML with the burst still in flight; NOT timing.TIMING_BASIS | duty 0.25 | each idle gap sized from its own burst (gap_basis burst)",,iters=supplied as None; sglang=package not installed,1,3.12.14,174.85664005867835,"measured on this device: NVIDIA GH200 480GB (measured), 651.5 TFLOP/s bf16 over 3725.7 GB/s (triad pattern); calibrated 2026-09-29 at a1b61186",,200.0,2.13.0,3.7.1,2026-09-29T23:02:14+00:00,0.27.1,300.0
shared,7,32,3,96,384,1,72,0.37808001041412354,0.37225601077079773,0.0019825324994718193,525,3,321.6905280351639,"scripts/clock_elasticity.py: bursts of N back-to-back fused_experts calls under one pinned tile, each call L2-flushed and bracketed by its own pre-primed event pair, the FIRST call of every burst discarded as a drained-queue launch, a host-side idle gap after each burst setting the sustained duty cycle, and the SM clock, board power and memory clock read through NVML with the burst still in flight; NOT timing.TIMING_BASIS",1710.0,False,high,True,True,ok,"LEVEL HIGH (recorded, never an exclusion here): loaded clock 1710 MHz against the 1440 MHz reference. At a duty cycle below 1.0 a HIGH reading is the experiment working, not a cell to drop.",0.25,296.319,0.24989999035753271,106,112.36578103512146,burst,0.37862400710582733,0.3779679983854294,True,1710 1710 1710 1710 1710 1710 1710 1710 1710 1710 1710 1710 1710 1710 1710,False,3725.6571177607857,"measured on this device: NVIDIA GH200 480GB (measured), 3725.7 GB/s (triad pattern)",13.0,580.105.08,True,1,a1b61186bd4b12224d54942af6065e30276d7f44,NVIDIA GH200 480GB,192-222-51-218,"scripts/clock_elasticity.py: bursts of N back-to-back fused_experts calls under one pinned tile, each call L2-flushed and bracketed by its own pre-primed event pair, the FIRST call of every burst discarded as a drained-queue launch, a host-side idle gap after each burst setting the sustained duty cycle, and the SM clock, board power and memory clock read through NVML with the burst still in flight; NOT timing.TIMING_BASIS | duty 0.25 | each idle gap sized from its own burst (gap_basis burst)",,iters=supplied as None; sglang=package not installed,1,3.12.14,174.85664005867835,"measured on this device: NVIDIA GH200 480GB (measured), 651.5 TFLOP/s bf16 over 3725.7 GB/s (triad pattern); calibrated 2026-09-29 at a1b61186",,200.0,2.13.0,3.7.1,2026-09-29T23:02:14+00:00,0.27.1,300.0
private,7,32,3,96,384,3,72,0.5463840067386627,0.5363199710845947,0.003427644883614766,360,3,320.07308799028397,"scripts/clock_elasticity.py: bursts of N back-to-back fused_experts calls under one pinned tile, each call L2-flushed and bracketed by its own pre-primed event pair, the FIRST call of every burst discarded as a drained-queue launch, a host-side idle gap after each burst setting the sustained duty cycle, and the SM clock, board power and memory clock read through NVML with the burst still in flight; NOT timing.TIMING_BASIS",1710.0,False,high,True,True,ok,"LEVEL HIGH (recorded, never an exclusion here): loaded clock 1710 MHz against the 1440 MHz reference. At a duty cycle below 1.0 a HIGH reading is the experiment working, not a cell to drop.",0.25,282.716,0.24989935329000837,73,114.10356638988742,burst,0.5467199981212616,0.546207994222641,True,1710 1710 1710 1710 1710 1710 1710 1710 1710 1710 1710 1710 1710 1710 1710,False,3725.6571177607857,"measured on this device: NVIDIA GH200 480GB (measured), 3725.7 GB/s (triad pattern)",13.0,580.105.08,True,1,a1b61186bd4b12224d54942af6065e30276d7f44,NVIDIA GH200 480GB,192-222-51-218,"scripts/clock_elasticity.py: bursts of N back-to-back fused_experts calls under one pinned tile, each call L2-flushed and bracketed by its own pre-primed event pair, the FIRST call of every burst discarded as a drained-queue launch, a host-side idle gap after each burst setting the sustained duty cycle, and the SM clock, board power and memory clock read through NVML with the burst still in flight; NOT timing.TIMING_BASIS | duty 0.25 | each idle gap sized from its own burst (gap_basis burst)",,iters=supplied as None; sglang=package not installed,1,3.12.14,174.85664005867835,"measured on this device: NVIDIA GH200 480GB (measured), 651.5 TFLOP/s bf16 over 3725.7 GB/s (triad pattern); calibrated 2026-09-29 at a1b61186",,200.0,2.13.0,3.7.1,2026-09-29T23:02:14+00:00,0.27.1,300.0
native,7,32,3,96,384,1,8,0.3861759901046753,0.38124799728393555,0.0018299180681572123,510,3,319.76255998015404,"scripts/clock_elasticity.py: bursts of N back-to-back fused_experts calls under one pinned tile, each call L2-flushed and bracketed by its own pre-primed event pair, the FIRST call of every burst discarded as a drained-queue launch, a host-side idle gap after each burst setting the sustained duty cycle, and the SM clock, board power and memory clock read through NVML with the burst still in flight; NOT timing.TIMING_BASIS",1710.0,False,high,True,True,ok,"LEVEL HIGH (recorded, never an exclusion here): loaded clock 1710 MHz against the 1440 MHz reference. At a duty cycle below 1.0 a HIGH reading is the experiment working, not a cell to drop.",0.25,283.986,0.24989465633796293,103,111.4944892172789,burst,0.3858560025691986,0.38624000549316406,True,1710 1710 1710 1710 1710 1710 1710 1710 1710 1710 1710 1710 1710 1710 1710,False,3725.6571177607857,"measured on this device: NVIDIA GH200 480GB (measured), 3725.7 GB/s (triad pattern)",13.0,580.105.08,True,1,a1b61186bd4b12224d54942af6065e30276d7f44,NVIDIA GH200 480GB,192-222-51-218,"scripts/clock_elasticity.py: bursts of N back-to-back fused_experts calls under one pinned tile, each call L2-flushed and bracketed by its own pre-primed event pair, the FIRST call of every burst discarded as a drained-queue launch, a host-side idle gap after each burst setting the sustained duty cycle, and the SM clock, board power and memory clock read through NVML with the burst still in flight; NOT timing.TIMING_BASIS | duty 0.25 | each idle gap sized from its own burst (gap_basis burst)",,iters=supplied as None; sglang=package not installed,1,3.12.14,174.85664005867835,"measured on this device: NVIDIA GH200 480GB (measured), 651.5 TFLOP/s bf16 over 3725.7 GB/s (triad pattern); calibrated 2026-09-29 at a1b61186",,200.0,2.13.0,3.7.1,2026-09-29T23:02:14+00:00,0.27.1,300.0
shared,7,32,2,64,256,1,72,0.28070400655269623,0.2639999985694885,0.02235420440364516,670,3,313.6379840373993,"scripts/clock_elasticity.py: bursts of N back-to-back fused_experts calls under one pinned tile, each call L2-flushed and bracketed by its own pre-primed event pair, the FIRST call of every burst discarded as a drained-queue launch, a host-side idle gap after each burst setting the sustained duty cycle, and the SM clock, board power and memory clock read through NVML with the burst still in flight; NOT timing.TIMING_BASIS",1710.0,False,high,True,True,ok,"LEVEL HIGH (recorded, never an exclusion here): loaded clock 1710 MHz against the 1440 MHz reference. At a duty cycle below 1.0 a HIGH reading is the experiment working, not a cell to drop.; host-bound: in 15 of 15 trials the GPU had fewer than 2 iterations of work queued when the host finished enqueueing (smallest backlog 0.31 iterations; host enqueue 0.3671 ms per call); the intervals include host enqueue time and the number is an upper bound on the kernel time; time the callable as a graph replay or through a fused launcher to measure the GPU alone",0.25,291.57,0.24989560802198968,135,106.80289087250638,burst,0.2819199860095978,0.2799359858036041,True,1710 1710 1710 1710 1710 1710 1710 1710 1710 1710 1710 1710 1710 1710 1710,True,3725.6571177607857,"measured on this device: NVIDIA GH200 480GB (measured), 3725.7 GB/s (triad pattern)",13.0,580.105.08,True,1,a1b61186bd4b12224d54942af6065e30276d7f44,NVIDIA GH200 480GB,192-222-51-218,"scripts/clock_elasticity.py: bursts of N back-to-back fused_experts calls under one pinned tile, each call L2-flushed and bracketed by its own pre-primed event pair, the FIRST call of every burst discarded as a drained-queue launch, a host-side idle gap after each burst setting the sustained duty cycle, and the SM clock, board power and memory clock read through NVML with the burst still in flight; NOT timing.TIMING_BASIS | duty 0.25 | each idle gap sized from its own burst (gap_basis burst)",,iters=supplied as None; sglang=package not installed,1,3.12.14,174.85664005867835,"measured on this device: NVIDIA GH200 480GB (measured), 651.5 TFLOP/s bf16 over 3725.7 GB/s (triad pattern); calibrated 2026-09-29 at a1b61186",,200.0,2.13.0,3.7.1,2026-09-29T23:02:14+00:00,0.27.1,300.0
private,7,32,2,64,256,2,72,0.359935998916626,0.352512001991272,0.0024928463092267054,550,3,320.8061756491661,"scripts/clock_elasticity.py: bursts of N back-to-back fused_experts calls under one pinned tile, each call L2-flushed and bracketed by its own pre-primed event pair, the FIRST call of every burst discarded as a drained-queue launch, a host-side idle gap after each burst setting the sustained duty cycle, and the SM clock, board power and memory clock read through NVML with the burst still in flight; NOT timing.TIMING_BASIS",1710.0,False,high,True,True,ok,"LEVEL HIGH (recorded, never an exclusion here): loaded clock 1710 MHz against the 1440 MHz reference. At a duty cycle below 1.0 a HIGH reading is the experiment working, not a cell to drop.",0.25,293.938,0.2498940860971507,111,111.45851499372291,burst,0.3598400056362152,0.3601920008659363,True,1710 1710 1710 1710 1710 1710 1710 1710 1710 1710 1710 1710 1710 1710 1710,False,3725.6571177607857,"measured on this device: NVIDIA GH200 480GB (measured), 3725.7 GB/s (triad pattern)",13.0,580.105.08,True,1,a1b61186bd4b12224d54942af6065e30276d7f44,NVIDIA GH200 480GB,192-222-51-218,"scripts/clock_elasticity.py: bursts of N back-to-back fused_experts calls under one pinned tile, each call L2-flushed and bracketed by its own pre-primed event pair, the FIRST call of every burst discarded as a drained-queue launch, a host-side idle gap after each burst setting the sustained duty cycle, and the SM clock, board power and memory clock read through NVML with the burst still in flight; NOT timing.TIMING_BASIS | duty 0.25 | each idle gap sized from its own burst (gap_basis burst)",,iters=supplied as None; sglang=package not installed,1,3.12.14,174.85664005867835,"measured on this device: NVIDIA GH200 480GB (measured), 651.5 TFLOP/s bf16 over 3725.7 GB/s (triad pattern); calibrated 2026-09-29 at a1b61186",,200.0,2.13.0,3.7.1,2026-09-29T23:02:14+00:00,0.27.1,300.0
native,7,32,2,64,256,1,8,0.2724800109863281,0.2685120105743408,0.007223940805581387,725,3,320.8435527086258,"scripts/clock_elasticity.py: bursts of N back-to-back fused_experts calls under one pinned tile, each call L2-flushed and bracketed by its own pre-primed event pair, the FIRST call of every burst discarded as a drained-queue launch, a host-side idle gap after each burst setting the sustained duty cycle, and the SM clock, board power and memory clock read through NVML with the burst still in flight; NOT timing.TIMING_BASIS",1710.0,False,high,True,True,ok,"LEVEL HIGH (recorded, never an exclusion here): loaded clock 1710 MHz against the 1440 MHz reference. At a duty cycle below 1.0 a HIGH reading is the experiment working, not a cell to drop.; host-bound: in 4 of 15 trials the GPU had fewer than 2 iterations of work queued when the host finished enqueueing (smallest backlog 0.44 iterations; host enqueue 0.3456 ms per call); the intervals include host enqueue time and the number is an upper bound on the kernel time; time the callable as a graph replay or through a fused launcher to measure the GPU alone",0.25,300.819,0.24989133073075123,146,108.40070001589267,burst,0.27185600996017456,0.27296000719070435,True,1710 1710 1710 1710 1710 1710 1710 1710 1710 1710 1710 1710 1710 1710 1710,True,3725.6571177607857,"measured on this device: NVIDIA GH200 480GB (measured), 3725.7 GB/s (triad pattern)",13.0,580.105.08,True,1,a1b61186bd4b12224d54942af6065e30276d7f44,NVIDIA GH200 480GB,192-222-51-218,"scripts/clock_elasticity.py: bursts of N back-to-back fused_experts calls under one pinned tile, each call L2-flushed and bracketed by its own pre-primed event pair, the FIRST call of every burst discarded as a drained-queue launch, a host-side idle gap after each burst setting the sustained duty cycle, and the SM clock, board power and memory clock read through NVML with the burst still in flight; NOT timing.TIMING_BASIS | duty 0.25 | each idle gap sized from its own burst (gap_basis burst)",,iters=supplied as None; sglang=package not installed,1,3.12.14,174.85664005867835,"measured on this device: NVIDIA GH200 480GB (measured), 651.5 TFLOP/s bf16 over 3725.7 GB/s (triad pattern); calibrated 2026-09-29 at a1b61186",,200.0,2.13.0,3.7.1,2026-09-29T23:02:14+00:00,0.27.1,300.0
shared,7,32,1,32,128,1,72,0.29289600253105164,0.25225600600242615,0.0264146019027715,665,3,328.0831041187048,"scripts/clock_elasticity.py: bursts of N back-to-back fused_experts calls under one pinned tile, each call L2-flushed and bracketed by its own pre-primed event pair, the FIRST call of every burst discarded as a drained-queue launch, a host-side idle gap after each burst setting the sustained duty cycle, and the SM clock, board power and memory clock read through NVML with the burst still in flight; NOT timing.TIMING_BASIS",1710.0,False,high,True,True,ok,"LEVEL HIGH (recorded, never an exclusion here): loaded clock 1710 MHz against the 1440 MHz reference. At a duty cycle below 1.0 a HIGH reading is the experiment working, not a cell to drop.; host-bound: in 15 of 15 trials the GPU had fewer than 2 iterations of work queued when the host finished enqueueing (smallest backlog 0.15 iterations; host enqueue 0.3764 ms per call); the intervals include host enqueue time and the number is an upper bound on the kernel time; time the callable as a graph replay or through a fused launcher to measure the GPU alone",0.25,235.381,0.24989427314894044,134,109.72163511667168,burst,0.292959988117218,0.29235199093818665,True,1710 1710 1710 1710 1710 1710 1710 1710 1710 1710 1710 1710 1710 1710 1710,True,3725.6571177607857,"measured on this device: NVIDIA GH200 480GB (measured), 3725.7 GB/s (triad pattern)",13.0,580.105.08,True,1,a1b61186bd4b12224d54942af6065e30276d7f44,NVIDIA GH200 480GB,192-222-51-218,"scripts/clock_elasticity.py: bursts of N back-to-back fused_experts calls under one pinned tile, each call L2-flushed and bracketed by its own pre-primed event pair, the FIRST call of every burst discarded as a drained-queue launch, a host-side idle gap after each burst setting the sustained duty cycle, and the SM clock, board power and memory clock read through NVML with the burst still in flight; NOT timing.TIMING_BASIS | duty 0.25 | each idle gap sized from its own burst (gap_basis burst)",,iters=supplied as None; sglang=package not installed,1,3.12.14,174.85664005867835,"measured on this device: NVIDIA GH200 480GB (measured), 651.5 TFLOP/s bf16 over 3725.7 GB/s (triad pattern); calibrated 2026-09-29 at a1b61186",,200.0,2.13.0,3.7.1,2026-09-29T23:02:14+00:00,0.27.1,300.0
private,7,32,1,32,128,1,72,0.2768639922142029,0.23311999440193176,0.021788496865908835,675,3,309.88054372370243,"scripts/clock_elasticity.py: bursts of N back-to-back fused_experts calls under one pinned tile, each call L2-flushed and bracketed by its own pre-primed event pair, the FIRST call of every burst discarded as a drained-queue launch, a host-side idle gap after each burst setting the sustained duty cycle, and the SM clock, board power and memory clock read through NVML with the burst still in flight; NOT timing.TIMING_BASIS",1710.0,False,high,True,True,ok,"LEVEL HIGH (recorded, never an exclusion here): loaded clock 1710 MHz against the 1440 MHz reference. At a duty cycle below 1.0 a HIGH reading is the experiment working, not a cell to drop.; host-bound: in 15 of 15 trials the GPU had fewer than 2 iterations of work queued when the host finished enqueueing (smallest backlog 0.18 iterations; host enqueue 0.3602 ms per call); the intervals include host enqueue time and the number is an upper bound on the kernel time; time the callable as a graph replay or through a fused launcher to measure the GPU alone",0.25,243.884,0.2498943996028937,136,104.80766351829516,burst,0.2778559923171997,0.2759999930858612,True,1710 1710 1710 1710 1710 1710 1710 1710 1710 1710 1710 1710 1710 1710 1710,True,3725.6571177607857,"measured on this device: NVIDIA GH200 480GB (measured), 3725.7 GB/s (triad pattern)",13.0,580.105.08,True,1,a1b61186bd4b12224d54942af6065e30276d7f44,NVIDIA GH200 480GB,192-222-51-218,"scripts/clock_elasticity.py: bursts of N back-to-back fused_experts calls under one pinned tile, each call L2-flushed and bracketed by its own pre-primed event pair, the FIRST call of every burst discarded as a drained-queue launch, a host-side idle gap after each burst setting the sustained duty cycle, and the SM clock, board power and memory clock read through NVML with the burst still in flight; NOT timing.TIMING_BASIS | duty 0.25 | each idle gap sized from its own burst (gap_basis burst)",,iters=supplied as None; sglang=package not installed,1,3.12.14,174.85664005867835,"measured on this device: NVIDIA GH200 480GB (measured), 651.5 TFLOP/s bf16 over 3725.7 GB/s (triad pattern); calibrated 2026-09-29 at a1b61186",,200.0,2.13.0,3.7.1,2026-09-29T23:02:14+00:00,0.27.1,300.0
native,7,32,1,32,128,1,8,0.25780799984931946,0.2160319983959198,0.02273666138927034,710,3,315.1058564186096,"scripts/clock_elasticity.py: bursts of N back-to-back fused_experts calls under one pinned tile, each call L2-flushed and bracketed by its own pre-primed event pair, the FIRST call of every burst discarded as a drained-queue launch, a host-side idle gap after each burst setting the sustained duty cycle, and the SM clock, board power and memory clock read through NVML with the burst still in flight; NOT timing.TIMING_BASIS",1710.0,False,high,True,True,ok,"LEVEL HIGH (recorded, never an exclusion here): loaded clock 1710 MHz against the 1440 MHz reference. At a duty cycle below 1.0 a HIGH reading is the experiment working, not a cell to drop.; host-bound: in 15 of 15 trials the GPU had fewer than 2 iterations of work queued when the host finished enqueueing (smallest backlog 0.17 iterations; host enqueue 0.3390 ms per call); the intervals include host enqueue time and the number is an upper bound on the kernel time; time the callable as a graph replay or through a fused launcher to measure the GPU alone",0.25,246.936,0.24989304222487552,143,101.04488545862114,burst,0.258432000875473,0.2548159956932068,True,1710 1710 1710 1710 1710 1710 1710 1710 1710 1710 1710 1710 1710 1710 1710,True,3725.6571177607857,"measured on this device: NVIDIA GH200 480GB (measured), 3725.7 GB/s (triad pattern)",13.0,580.105.08,True,1,a1b61186bd4b12224d54942af6065e30276d7f44,NVIDIA GH200 480GB,192-222-51-218,"scripts/clock_elasticity.py: bursts of N back-to-back fused_experts calls under one pinned tile, each call L2-flushed and bracketed by its own pre-primed event pair, the FIRST call of every burst discarded as a drained-queue launch, a host-side idle gap after each burst setting the sustained duty cycle, and the SM clock, board power and memory clock read through NVML with the burst still in flight; NOT timing.TIMING_BASIS | duty 0.25 | each idle gap sized from its own burst (gap_basis burst)",,iters=supplied as None; sglang=package not installed,1,3.12.14,174.85664005867835,"measured on this device: NVIDIA GH200 480GB (measured), 651.5 TFLOP/s bf16 over 3725.7 GB/s (triad pattern); calibrated 2026-09-29 at a1b61186",,200.0,2.13.0,3.7.1,2026-09-29T23:02:14+00:00,0.27.1,300.0
private,8,32,1,32,128,1,72,0.2836799919605255,0.24313600361347198,0.0224001037163502,675,3,315.28655959665775,"scripts/clock_elasticity.py: bursts of N back-to-back fused_experts calls under one pinned tile, each call L2-flushed and bracketed by its own pre-primed event pair, the FIRST call of every burst discarded as a drained-queue launch, a host-side idle gap after each burst setting the sustained duty cycle, and the SM clock, board power and memory clock read through NVML with the burst still in flight; NOT timing.TIMING_BASIS",1710.0,False,high,True,True,ok,"LEVEL HIGH (recorded, never an exclusion here): loaded clock 1710 MHz against the 1440 MHz reference. At a duty cycle below 1.0 a HIGH reading is the experiment working, not a cell to drop.; host-bound: in 15 of 15 trials the GPU had fewer than 2 iterations of work queued when the host finished enqueueing (smallest backlog 0.17 iterations; host enqueue 0.3665 ms per call); the intervals include host enqueue time and the number is an upper bound on the kernel time; time the callable as a graph replay or through a fused launcher to measure the GPU alone",0.25,239.383,0.2498961268297604,136,107.38612168856706,burst,0.2826240062713623,0.28041601181030273,True,1710 1710 1710 1710 1710 1710 1710 1710 1710 1710 1710 1710 1710 1710 1710,True,3725.6571177607857,"measured on this device: NVIDIA GH200 480GB (measured), 3725.7 GB/s (triad pattern)",13.0,580.105.08,True,1,a1b61186bd4b12224d54942af6065e30276d7f44,NVIDIA GH200 480GB,192-222-51-218,"scripts/clock_elasticity.py: bursts of N back-to-back fused_experts calls under one pinned tile, each call L2-flushed and bracketed by its own pre-primed event pair, the FIRST call of every burst discarded as a drained-queue launch, a host-side idle gap after each burst setting the sustained duty cycle, and the SM clock, board power and memory clock read through NVML with the burst still in flight; NOT timing.TIMING_BASIS | duty 0.25 | each idle gap sized from its own burst (gap_basis burst)",,iters=supplied as None; sglang=package not installed,1,3.12.14,174.85664005867835,"measured on this device: NVIDIA GH200 480GB (measured), 651.5 TFLOP/s bf16 over 3725.7 GB/s (triad pattern); calibrated 2026-09-29 at a1b61186",,200.0,2.13.0,3.7.1,2026-09-29T23:02:14+00:00,0.27.1,300.0
native,8,32,1,32,128,1,8,0.258432000875473,0.2181439995765686,0.02198491494982749,740,3,319.8559678643942,"scripts/clock_elasticity.py: bursts of N back-to-back fused_experts calls under one pinned tile, each call L2-flushed and bracketed by its own pre-primed event pair, the FIRST call of every burst discarded as a drained-queue launch, a host-side idle gap after each burst setting the sustained duty cycle, and the SM clock, board power and memory clock read through NVML with the burst still in flight; NOT timing.TIMING_BASIS",1710.0,False,high,True,True,ok,"LEVEL HIGH (recorded, never an exclusion here): loaded clock 1710 MHz against the 1440 MHz reference. At a duty cycle below 1.0 a HIGH reading is the experiment working, not a cell to drop.; host-bound: in 15 of 15 trials the GPU had fewer than 2 iterations of work queued when the host finished enqueueing (smallest backlog 0.17 iterations; host enqueue 0.3392 ms per call); the intervals include host enqueue time and the number is an upper bound on the kernel time; time the callable as a graph replay or through a fused launcher to measure the GPU alone",0.25,246.976,0.2498931761592454,149,105.59318673126108,burst,0.25673601031303406,0.2563199996948242,True,1710 1710 1710 1710 1710 1710 1710 1710 1710 1710 1710 1710 1710 1710 1710,True,3725.6571177607857,"measured on this device: NVIDIA GH200 480GB (measured), 3725.7 GB/s (triad pattern)",13.0,580.105.08,True,1,a1b61186bd4b12224d54942af6065e30276d7f44,NVIDIA GH200 480GB,192-222-51-218,"scripts/clock_elasticity.py: bursts of N back-to-back fused_experts calls under one pinned tile, each call L2-flushed and bracketed by its own pre-primed event pair, the FIRST call of every burst discarded as a drained-queue launch, a host-side idle gap after each burst setting the sustained duty cycle, and the SM clock, board power and memory clock read through NVML with the burst still in flight; NOT timing.TIMING_BASIS | duty 0.25 | each idle gap sized from its own burst (gap_basis burst)",,iters=supplied as None; sglang=package not installed,1,3.12.14,174.85664005867835,"measured on this device: NVIDIA GH200 480GB (measured), 651.5 TFLOP/s bf16 over 3725.7 GB/s (triad pattern); calibrated 2026-09-29 at a1b61186",,200.0,2.13.0,3.7.1,2026-09-29T23:02:14+00:00,0.27.1,300.0
shared,8,32,1,32,128,1,72,0.2919360101222992,0.23555199801921844,0.022751794690911747,675,3,323.3776323199272,"scripts/clock_elasticity.py: bursts of N back-to-back fused_experts calls under one pinned tile, each call L2-flushed and bracketed by its own pre-primed event pair, the FIRST call of every burst discarded as a drained-queue launch, a host-side idle gap after each burst setting the sustained duty cycle, and the SM clock, board power and memory clock read through NVML with the burst still in flight; NOT timing.TIMING_BASIS",1710.0,False,high,True,True,ok,"LEVEL HIGH (recorded, never an exclusion here): loaded clock 1710 MHz against the 1440 MHz reference. At a duty cycle below 1.0 a HIGH reading is the experiment working, not a cell to drop.; host-bound: in 15 of 15 trials the GPU had fewer than 2 iterations of work queued when the host finished enqueueing (smallest backlog 0.15 iterations; host enqueue 0.3727 ms per call); the intervals include host enqueue time and the number is an upper bound on the kernel time; time the callable as a graph replay or through a fused launcher to measure the GPU alone",0.25,236.046,0.24989635054433404,136,109.80592214789431,burst,0.2887679934501648,0.29043200612068176,True,1710 1710 1710 1710 1710 1710 1710 1710 1710 1710 1710 1710 1710 1710 1710,True,3725.6571177607857,"measured on this device: NVIDIA GH200 480GB (measured), 3725.7 GB/s (triad pattern)",13.0,580.105.08,True,1,a1b61186bd4b12224d54942af6065e30276d7f44,NVIDIA GH200 480GB,192-222-51-218,"scripts/clock_elasticity.py: bursts of N back-to-back fused_experts calls under one pinned tile, each call L2-flushed and bracketed by its own pre-primed event pair, the FIRST call of every burst discarded as a drained-queue launch, a host-side idle gap after each burst setting the sustained duty cycle, and the SM clock, board power and memory clock read through NVML with the burst still in flight; NOT timing.TIMING_BASIS | duty 0.25 | each idle gap sized from its own burst (gap_basis burst)",,iters=supplied as None; sglang=package not installed,1,3.12.14,174.85664005867835,"measured on this device: NVIDIA GH200 480GB (measured), 651.5 TFLOP/s bf16 over 3725.7 GB/s (triad pattern); calibrated 2026-09-29 at a1b61186",,200.0,2.13.0,3.7.1,2026-09-29T23:02:14+00:00,0.27.1,300.0
private,8,32,2,64,256,2,72,0.3600960075855255,0.35340800881385803,0.0022648618135646136,550,3,320.9027842581272,"scripts/clock_elasticity.py: bursts of N back-to-back fused_experts calls under one pinned tile, each call L2-flushed and bracketed by its own pre-primed event pair, the FIRST call of every burst discarded as a drained-queue launch, a host-side idle gap after each burst setting the sustained duty cycle, and the SM clock, board power and memory clock read through NVML with the burst still in flight; NOT timing.TIMING_BASIS",1710.0,False,high,True,True,ok,"LEVEL HIGH (recorded, never an exclusion here): loaded clock 1710 MHz against the 1440 MHz reference. At a duty cycle below 1.0 a HIGH reading is the experiment working, not a cell to drop.",0.25,292.388,0.24989507111023374,111,111.53595479083378,burst,0.3601279854774475,0.3600960075855255,True,1710 1710 1710 1710 1710 1710 1710 1710 1710 1710 1710 1710 1710 1710 1710,False,3725.6571177607857,"measured on this device: NVIDIA GH200 480GB (measured), 3725.7 GB/s (triad pattern)",13.0,580.105.08,True,1,a1b61186bd4b12224d54942af6065e30276d7f44,NVIDIA GH200 480GB,192-222-51-218,"scripts/clock_elasticity.py: bursts of N back-to-back fused_experts calls under one pinned tile, each call L2-flushed and bracketed by its own pre-primed event pair, the FIRST call of every burst discarded as a drained-queue launch, a host-side idle gap after each burst setting the sustained duty cycle, and the SM clock, board power and memory clock read through NVML with the burst still in flight; NOT timing.TIMING_BASIS | duty 0.25 | each idle gap sized from its own burst (gap_basis burst)",,iters=supplied as None; sglang=package not installed,1,3.12.14,174.85664005867835,"measured on this device: NVIDIA GH200 480GB (measured), 651.5 TFLOP/s bf16 over 3725.7 GB/s (triad pattern); calibrated 2026-09-29 at a1b61186",,200.0,2.13.0,3.7.1,2026-09-29T23:02:14+00:00,0.27.1,300.0
native,8,32,2,64,256,1,8,0.27084800601005554,0.26662400364875793,0.007023336914717171,735,3,322.26137605309486,"scripts/clock_elasticity.py: bursts of N back-to-back fused_experts calls under one pinned tile, each call L2-flushed and bracketed by its own pre-primed event pair, the FIRST call of every burst discarded as a drained-queue launch, a host-side idle gap after each burst setting the sustained duty cycle, and the SM clock, board power and memory clock read through NVML with the burst still in flight; NOT timing.TIMING_BASIS",1710.0,False,high,True,True,ok,"LEVEL HIGH (recorded, never an exclusion here): loaded clock 1710 MHz against the 1440 MHz reference. At a duty cycle below 1.0 a HIGH reading is the experiment working, not a cell to drop.; host-bound: in 5 of 15 trials the GPU had fewer than 2 iterations of work queued when the host finished enqueueing (smallest backlog 0.40 iterations; host enqueue 0.3437 ms per call); the intervals include host enqueue time and the number is an upper bound on the kernel time; time the callable as a graph replay or through a fused launcher to measure the GPU alone",0.25,299.896,0.2498927358245653,148,109.30943274940364,burst,0.2701599895954132,0.2714399993419647,True,1710 1710 1710 1710 1710 1710 1710 1710 1710 1710 1710 1710 1710 1710 1710,True,3725.6571177607857,"measured on this device: NVIDIA GH200 480GB (measured), 3725.7 GB/s (triad pattern)",13.0,580.105.08,True,1,a1b61186bd4b12224d54942af6065e30276d7f44,NVIDIA GH200 480GB,192-222-51-218,"scripts/clock_elasticity.py: bursts of N back-to-back fused_experts calls under one pinned tile, each call L2-flushed and bracketed by its own pre-primed event pair, the FIRST call of every burst discarded as a drained-queue launch, a host-side idle gap after each burst setting the sustained duty cycle, and the SM clock, board power and memory clock read through NVML with the burst still in flight; NOT timing.TIMING_BASIS | duty 0.25 | each idle gap sized from its own burst (gap_basis burst)",,iters=supplied as None; sglang=package not installed,1,3.12.14,174.85664005867835,"measured on this device: NVIDIA GH200 480GB (measured), 651.5 TFLOP/s bf16 over 3725.7 GB/s (triad pattern); calibrated 2026-09-29 at a1b61186",,200.0,2.13.0,3.7.1,2026-09-29T23:02:14+00:00,0.27.1,300.0
shared,8,32,2,64,256,1,72,0.2789120078086853,0.263839989900589,0.02122069025794425,675,3,313.31686413288116,"scripts/clock_elasticity.py: bursts of N back-to-back fused_experts calls under one pinned tile, each call L2-flushed and bracketed by its own pre-primed event pair, the FIRST call of every burst discarded as a drained-queue launch, a host-side idle gap after each burst setting the sustained duty cycle, and the SM clock, board power and memory clock read through NVML with the burst still in flight; NOT timing.TIMING_BASIS",1710.0,False,high,True,True,ok,"LEVEL HIGH (recorded, never an exclusion here): loaded clock 1710 MHz against the 1440 MHz reference. At a duty cycle below 1.0 a HIGH reading is the experiment working, not a cell to drop.; host-bound: in 15 of 15 trials the GPU had fewer than 2 iterations of work queued when the host finished enqueueing (smallest backlog 0.30 iterations; host enqueue 0.3642 ms per call); the intervals include host enqueue time and the number is an upper bound on the kernel time; time the callable as a graph replay or through a fused launcher to measure the GPU alone",0.25,289.576,0.24989586443082867,136,106.48202708468307,burst,0.2800320088863373,0.27484801411628723,True,1710 1710 1710 1710 1710 1710 1710 1710 1710 1710 1710 1710 1710 1710 1710,True,3725.6571177607857,"measured on this device: NVIDIA GH200 480GB (measured), 3725.7 GB/s (triad pattern)",13.0,580.105.08,True,1,a1b61186bd4b12224d54942af6065e30276d7f44,NVIDIA GH200 480GB,192-222-51-218,"scripts/clock_elasticity.py: bursts of N back-to-back fused_experts calls under one pinned tile, each call L2-flushed and bracketed by its own pre-primed event pair, the FIRST call of every burst discarded as a drained-queue launch, a host-side idle gap after each burst setting the sustained duty cycle, and the SM clock, board power and memory clock read through NVML with the burst still in flight; NOT timing.TIMING_BASIS | duty 0.25 | each idle gap sized from its own burst (gap_basis burst)",,iters=supplied as None; sglang=package not installed,1,3.12.14,174.85664005867835,"measured on this device: NVIDIA GH200 480GB (measured), 651.5 TFLOP/s bf16 over 3725.7 GB/s (triad pattern); calibrated 2026-09-29 at a1b61186",,200.0,2.13.0,3.7.1,2026-09-29T23:02:14+00:00,0.27.1,300.0
private,8,32,3,96,384,3,72,0.5464000105857849,0.5366719961166382,0.0034781039973095116,360,3,320.07785600423813,"scripts/clock_elasticity.py: bursts of N back-to-back fused_experts calls under one pinned tile, each call L2-flushed and bracketed by its own pre-primed event pair, the FIRST call of every burst discarded as a drained-queue launch, a host-side idle gap after each burst setting the sustained duty cycle, and the SM clock, board power and memory clock read through NVML with the burst still in flight; NOT timing.TIMING_BASIS",1710.0,False,high,True,True,ok,"LEVEL HIGH (recorded, never an exclusion here): loaded clock 1710 MHz against the 1440 MHz reference. At a duty cycle below 1.0 a HIGH reading is the experiment working, not a cell to drop.",0.25,283.582,0.24989599518138195,73,114.15185479454884,burst,0.5453599989414215,0.5465119779109955,True,1710 1710 1710 1710 1710 1710 1710 1710 1710 1710 1710 1710 1710 1710 1710,False,3725.6571177607857,"measured on this device: NVIDIA GH200 480GB (measured), 3725.7 GB/s (triad pattern)",13.0,580.105.08,True,1,a1b61186bd4b12224d54942af6065e30276d7f44,NVIDIA GH200 480GB,192-222-51-218,"scripts/clock_elasticity.py: bursts of N back-to-back fused_experts calls under one pinned tile, each call L2-flushed and bracketed by its own pre-primed event pair, the FIRST call of every burst discarded as a drained-queue launch, a host-side idle gap after each burst setting the sustained duty cycle, and the SM clock, board power and memory clock read through NVML with the burst still in flight; NOT timing.TIMING_BASIS | duty 0.25 | each idle gap sized from its own burst (gap_basis burst)",,iters=supplied as None; sglang=package not installed,1,3.12.14,174.85664005867835,"measured on this device: NVIDIA GH200 480GB (measured), 651.5 TFLOP/s bf16 over 3725.7 GB/s (triad pattern); calibrated 2026-09-29 at a1b61186",,200.0,2.13.0,3.7.1,2026-09-29T23:02:14+00:00,0.27.1,300.0
native,8,32,3,96,384,1,8,0.38915199041366577,0.3848319947719574,0.0013894355354504401,510,3,321.7724477946758,"scripts/clock_elasticity.py: bursts of N back-to-back fused_experts calls under one pinned tile, each call L2-flushed and bracketed by its own pre-primed event pair, the FIRST call of every burst discarded as a drained-queue launch, a host-side idle gap after each burst setting the sustained duty cycle, and the SM clock, board power and memory clock read through NVML with the burst still in flight; NOT timing.TIMING_BASIS",1710.0,False,high,True,True,ok,"LEVEL HIGH (recorded, never an exclusion here): loaded clock 1710 MHz against the 1440 MHz reference. At a duty cycle below 1.0 a HIGH reading is the experiment working, not a cell to drop.",0.25,290.581,0.24989275002341524,103,112.53851881328228,burst,0.38870400190353394,0.3895680010318756,True,1710 1710 1710 1710 1710 1710 1710 1710 1710 1710 1710 1710 1710 1710 1710,False,3725.6571177607857,"measured on this device: NVIDIA GH200 480GB (measured), 3725.7 GB/s (triad pattern)",13.0,580.105.08,True,1,a1b61186bd4b12224d54942af6065e30276d7f44,NVIDIA GH200 480GB,192-222-51-218,"scripts/clock_elasticity.py: bursts of N back-to-back fused_experts calls under one pinned tile, each call L2-flushed and bracketed by its own pre-primed event pair, the FIRST call of every burst discarded as a drained-queue launch, a host-side idle gap after each burst setting the sustained duty cycle, and the SM clock, board power and memory clock read through NVML with the burst still in flight; NOT timing.TIMING_BASIS | duty 0.25 | each idle gap sized from its own burst (gap_basis burst)",,iters=supplied as None; sglang=package not installed,1,3.12.14,174.85664005867835,"measured on this device: NVIDIA GH200 480GB (measured), 651.5 TFLOP/s bf16 over 3725.7 GB/s (triad pattern); calibrated 2026-09-29 at a1b61186",,200.0,2.13.0,3.7.1,2026-09-29T23:02:14+00:00,0.27.1,300.0
shared,8,32,3,96,384,1,72,0.3778879940509796,0.37164801359176636,0.0015802232623886075,525,3,321.6414396762848,"scripts/clock_elasticity.py: bursts of N back-to-back fused_experts calls under one pinned tile, each call L2-flushed and bracketed by its own pre-primed event pair, the FIRST call of every burst discarded as a drained-queue launch, a host-side idle gap after each burst setting the sustained duty cycle, and the SM clock, board power and memory clock read through NVML with the burst still in flight; NOT timing.TIMING_BASIS",1710.0,False,high,True,True,ok,"LEVEL HIGH (recorded, never an exclusion here): loaded clock 1710 MHz against the 1440 MHz reference. At a duty cycle below 1.0 a HIGH reading is the experiment working, not a cell to drop.",0.25,294.197,0.24989596315999013,106,112.29064489923257,burst,0.3781919926404953,0.37808001041412354,True,1710 1710 1710 1710 1710 1710 1710 1710 1710 1710 1710 1710 1710 1710 1710,False,3725.6571177607857,"measured on this device: NVIDIA GH200 480GB (measured), 3725.7 GB/s (triad pattern)",13.0,580.105.08,True,1,a1b61186bd4b12224d54942af6065e30276d7f44,NVIDIA GH200 480GB,192-222-51-218,"scripts/clock_elasticity.py: bursts of N back-to-back fused_experts calls under one pinned tile, each call L2-flushed and bracketed by its own pre-primed event pair, the FIRST call of every burst discarded as a drained-queue launch, a host-side idle gap after each burst setting the sustained duty cycle, and the SM clock, board power and memory clock read through NVML with the burst still in flight; NOT timing.TIMING_BASIS | duty 0.25 | each idle gap sized from its own burst (gap_basis burst)",,iters=supplied as None; sglang=package not installed,1,3.12.14,174.85664005867835,"measured on this device: NVIDIA GH200 480GB (measured), 651.5 TFLOP/s bf16 over 3725.7 GB/s (triad pattern); calibrated 2026-09-29 at a1b61186",,200.0,2.13.0,3.7.1,2026-09-29T23:02:14+00:00,0.27.1,300.0
private,8,32,4,128,512,4,72,0.6966720223426819,0.691103994846344,0.0019389620146823858,280,3,319.31980723142624,"scripts/clock_elasticity.py: bursts of N back-to-back fused_experts calls under one pinned tile, each call L2-flushed and bracketed by its own pre-primed event pair, the FIRST call of every burst discarded as a drained-queue launch, a host-side idle gap after each burst setting the sustained duty cycle, and the SM clock, board power and memory clock read through NVML with the burst still in flight; NOT timing.TIMING_BASIS",1710.0,False,high,True,True,ok,"LEVEL HIGH (recorded, never an exclusion here): loaded clock 1710 MHz against the 1440 MHz reference. At a duty cycle below 1.0 a HIGH reading is the experiment working, not a cell to drop.",0.25,292.588,0.24990344890373858,57,115.00146541846334,burst,0.6964640021324158,0.6966080069541931,True,1710 1710 1710 1710 1710 1710 1710 1710 1710 1710 1710 1710 1710 1710 1710,False,3725.6571177607857,"measured on this device: NVIDIA GH200 480GB (measured), 3725.7 GB/s (triad pattern)",13.0,580.105.08,True,1,a1b61186bd4b12224d54942af6065e30276d7f44,NVIDIA GH200 480GB,192-222-51-218,"scripts/clock_elasticity.py: bursts of N back-to-back fused_experts calls under one pinned tile, each call L2-flushed and bracketed by its own pre-primed event pair, the FIRST call of every burst discarded as a drained-queue launch, a host-side idle gap after each burst setting the sustained duty cycle, and the SM clock, board power and memory clock read through NVML with the burst still in flight; NOT timing.TIMING_BASIS | duty 0.25 | each idle gap sized from its own burst (gap_basis burst)",,iters=supplied as None; sglang=package not installed,1,3.12.14,174.85664005867835,"measured on this device: NVIDIA GH200 480GB (measured), 651.5 TFLOP/s bf16 over 3725.7 GB/s (triad pattern); calibrated 2026-09-29 at a1b61186",,200.0,2.13.0,3.7.1,2026-09-29T23:02:14+00:00,0.27.1,300.0
native,8,32,4,128,512,1,8,0.48812800645828247,0.48179200291633606,0.0020617643068233968,405,3,321.39312022924423,"scripts/clock_elasticity.py: bursts of N back-to-back fused_experts calls under one pinned tile, each call L2-flushed and bracketed by its own pre-primed event pair, the FIRST call of every burst discarded as a drained-queue launch, a host-side idle gap after each burst setting the sustained duty cycle, and the SM clock, board power and memory clock read through NVML with the burst still in flight; NOT timing.TIMING_BASIS",1710.0,False,high,True,True,ok,"LEVEL HIGH (recorded, never an exclusion here): loaded clock 1710 MHz against the 1440 MHz reference. At a duty cycle below 1.0 a HIGH reading is the experiment working, not a cell to drop.",0.25,290.054,0.2498997328722161,82,114.10579701309689,burst,0.488304004073143,0.4883839935064316,True,1710 1710 1710 1710 1710 1710 1710 1710 1710 1710 1710 1710 1710 1710 1710,False,3725.6571177607857,"measured on this device: NVIDIA GH200 480GB (measured), 3725.7 GB/s (triad pattern)",13.0,580.105.08,True,1,a1b61186bd4b12224d54942af6065e30276d7f44,NVIDIA GH200 480GB,192-222-51-218,"scripts/clock_elasticity.py: bursts of N back-to-back fused_experts calls under one pinned tile, each call L2-flushed and bracketed by its own pre-primed event pair, the FIRST call of every burst discarded as a drained-queue launch, a host-side idle gap after each burst setting the sustained duty cycle, and the SM clock, board power and memory clock read through NVML with the burst still in flight; NOT timing.TIMING_BASIS | duty 0.25 | each idle gap sized from its own burst (gap_basis burst)",,iters=supplied as None; sglang=package not installed,1,3.12.14,174.85664005867835,"measured on this device: NVIDIA GH200 480GB (measured), 651.5 TFLOP/s bf16 over 3725.7 GB/s (triad pattern); calibrated 2026-09-29 at a1b61186",,200.0,2.13.0,3.7.1,2026-09-29T23:02:14+00:00,0.27.1,300.0
shared,8,32,4,128,512,1,72,0.49116799235343933,0.48444798588752747,0.001991250749005706,405,3,323.63260766863823,"scripts/clock_elasticity.py: bursts of N back-to-back fused_experts calls under one pinned tile, each call L2-flushed and bracketed by its own pre-primed event pair, the FIRST call of every burst discarded as a drained-queue launch, a host-side idle gap after each burst setting the sustained duty cycle, and the SM clock, board power and memory clock read through NVML with the burst still in flight; NOT timing.TIMING_BASIS",1710.0,False,high,True,True,ok,"LEVEL HIGH (recorded, never an exclusion here): loaded clock 1710 MHz against the 1440 MHz reference. At a duty cycle below 1.0 a HIGH reading is the experiment working, not a cell to drop.",0.25,289.46,0.24989654160725125,82,114.81993967960081,burst,0.4914399981498718,0.49161599576473236,True,1710 1710 1710 1710 1710 1710 1710 1710 1710 1710 1710 1710 1710 1710 1710,False,3725.6571177607857,"measured on this device: NVIDIA GH200 480GB (measured), 3725.7 GB/s (triad pattern)",13.0,580.105.08,True,1,a1b61186bd4b12224d54942af6065e30276d7f44,NVIDIA GH200 480GB,192-222-51-218,"scripts/clock_elasticity.py: bursts of N back-to-back fused_experts calls under one pinned tile, each call L2-flushed and bracketed by its own pre-primed event pair, the FIRST call of every burst discarded as a drained-queue launch, a host-side idle gap after each burst setting the sustained duty cycle, and the SM clock, board power and memory clock read through NVML with the burst still in flight; NOT timing.TIMING_BASIS | duty 0.25 | each idle gap sized from its own burst (gap_basis burst)",,iters=supplied as None; sglang=package not installed,1,3.12.14,174.85664005867835,"measured on this device: NVIDIA GH200 480GB (measured), 651.5 TFLOP/s bf16 over 3725.7 GB/s (triad pattern); calibrated 2026-09-29 at a1b61186",,200.0,2.13.0,3.7.1,2026-09-29T23:02:14+00:00,0.27.1,300.0
private,8,32,5,160,640,5,72,0.8776000142097473,0.8626559972763062,0.007620707380242779,225,3,323.64604699611664,"scripts/clock_elasticity.py: bursts of N back-to-back fused_experts calls under one pinned tile, each call L2-flushed and bracketed by its own pre-primed event pair, the FIRST call of every burst discarded as a drained-queue launch, a host-side idle gap after each burst setting the sustained duty cycle, and the SM clock, board power and memory clock read through NVML with the burst still in flight; NOT timing.TIMING_BASIS",1710.0,False,high,True,True,ok,"LEVEL HIGH (recorded, never an exclusion here): loaded clock 1710 MHz against the 1440 MHz reference. At a duty cycle below 1.0 a HIGH reading is the experiment working, not a cell to drop.",0.25,289.277,0.24989729912259023,46,117.56505293427108,burst,0.871071994304657,0.8750079870223999,True,1710 1710 1710 1710 1710 1710 1710 1710 1710 1710 1710 1710 1710 1710 1710,False,3725.6571177607857,"measured on this device: NVIDIA GH200 480GB (measured), 3725.7 GB/s (triad pattern)",13.0,580.105.08,True,1,a1b61186bd4b12224d54942af6065e30276d7f44,NVIDIA GH200 480GB,192-222-51-218,"scripts/clock_elasticity.py: bursts of N back-to-back fused_experts calls under one pinned tile, each call L2-flushed and bracketed by its own pre-primed event pair, the FIRST call of every burst discarded as a drained-queue launch, a host-side idle gap after each burst setting the sustained duty cycle, and the SM clock, board power and memory clock read through NVML with the burst still in flight; NOT timing.TIMING_BASIS | duty 0.25 | each idle gap sized from its own burst (gap_basis burst)",,iters=supplied as None; sglang=package not installed,1,3.12.14,174.85664005867835,"measured on this device: NVIDIA GH200 480GB (measured), 651.5 TFLOP/s bf16 over 3725.7 GB/s (triad pattern); calibrated 2026-09-29 at a1b61186",,200.0,2.13.0,3.7.1,2026-09-29T23:02:14+00:00,0.27.1,300.0
native,8,32,5,160,640,1,8,0.6043199896812439,0.5937280058860779,0.002339100448934307,330,3,325.3304949402809,"scripts/clock_elasticity.py: bursts of N back-to-back fused_experts calls under one pinned tile, each call L2-flushed and bracketed by its own pre-primed event pair, the FIRST call of every burst discarded as a drained-queue launch, a host-side idle gap after each burst setting the sustained duty cycle, and the SM clock, board power and memory clock read through NVML with the burst still in flight; NOT timing.TIMING_BASIS",1710.0,False,high,True,True,ok,"LEVEL HIGH (recorded, never an exclusion here): loaded clock 1710 MHz against the 1440 MHz reference. At a duty cycle below 1.0 a HIGH reading is the experiment working, not a cell to drop.",0.25,287.36,0.24989616496597575,67,116.58721245245395,burst,0.6045440137386322,0.6041440069675446,True,1710 1710 1710 1710 1710 1710 1710 1710 1710 1710 1710 1710 1710 1710 1710,False,3725.6571177607857,"measured on this device: NVIDIA GH200 480GB (measured), 3725.7 GB/s (triad pattern)",13.0,580.105.08,True,1,a1b61186bd4b12224d54942af6065e30276d7f44,NVIDIA GH200 480GB,192-222-51-218,"scripts/clock_elasticity.py: bursts of N back-to-back fused_experts calls under one pinned tile, each call L2-flushed and bracketed by its own pre-primed event pair, the FIRST call of every burst discarded as a drained-queue launch, a host-side idle gap after each burst setting the sustained duty cycle, and the SM clock, board power and memory clock read through NVML with the burst still in flight; NOT timing.TIMING_BASIS | duty 0.25 | each idle gap sized from its own burst (gap_basis burst)",,iters=supplied as None; sglang=package not installed,1,3.12.14,174.85664005867835,"measured on this device: NVIDIA GH200 480GB (measured), 651.5 TFLOP/s bf16 over 3725.7 GB/s (triad pattern); calibrated 2026-09-29 at a1b61186",,200.0,2.13.0,3.7.1,2026-09-29T23:02:14+00:00,0.27.1,300.0
shared,8,32,5,160,640,1,72,0.6066880226135254,0.5989760160446167,0.002548807472806244,325,3,322.015391767025,"scripts/clock_elasticity.py: bursts of N back-to-back fused_experts calls under one pinned tile, each call L2-flushed and bracketed by its own pre-primed event pair, the FIRST call of every burst discarded as a drained-queue launch, a host-side idle gap after each burst setting the sustained duty cycle, and the SM clock, board power and memory clock read through NVML with the burst still in flight; NOT timing.TIMING_BASIS",1710.0,False,high,True,True,ok,"LEVEL HIGH (recorded, never an exclusion here): loaded clock 1710 MHz against the 1440 MHz reference. At a duty cycle below 1.0 a HIGH reading is the experiment working, not a cell to drop.",0.25,287.132,0.2498961881813411,66,115.46168126688644,burst,0.6075200140476227,0.607120007276535,True,1710 1710 1710 1710 1710 1710 1710 1710 1710 1710 1710 1710 1710 1710 1710,False,3725.6571177607857,"measured on this device: NVIDIA GH200 480GB (measured), 3725.7 GB/s (triad pattern)",13.0,580.105.08,True,1,a1b61186bd4b12224d54942af6065e30276d7f44,NVIDIA GH200 480GB,192-222-51-218,"scripts/clock_elasticity.py: bursts of N back-to-back fused_experts calls under one pinned tile, each call L2-flushed and bracketed by its own pre-primed event pair, the FIRST call of every burst discarded as a drained-queue launch, a host-side idle gap after each burst setting the sustained duty cycle, and the SM clock, board power and memory clock read through NVML with the burst still in flight; NOT timing.TIMING_BASIS | duty 0.25 | each idle gap sized from its own burst (gap_basis burst)",,iters=supplied as None; sglang=package not installed,1,3.12.14,174.85664005867835,"measured on this device: NVIDIA GH200 480GB (measured), 651.5 TFLOP/s bf16 over 3725.7 GB/s (triad pattern); calibrated 2026-09-29 at a1b61186",,200.0,2.13.0,3.7.1,2026-09-29T23:02:14+00:00,0.27.1,300.0
private,8,32,6,192,768,6,72,1.0257760286331177,1.0199040174484253,0.002472934985427185,190,3,321.5003206729889,"scripts/clock_elasticity.py: bursts of N back-to-back fused_experts calls under one pinned tile, each call L2-flushed and bracketed by its own pre-primed event pair, the FIRST call of every burst discarded as a drained-queue launch, a host-side idle gap after each burst setting the sustained duty cycle, and the SM clock, board power and memory clock read through NVML with the burst still in flight; NOT timing.TIMING_BASIS",1710.0,False,high,True,True,ok,"LEVEL HIGH (recorded, never an exclusion here): loaded clock 1710 MHz against the 1440 MHz reference. At a duty cycle below 1.0 a HIGH reading is the experiment working, not a cell to drop.",0.25,293.504,0.24990488493636248,39,117.37929897350841,burst,1.025696039199829,1.0255999565124512,True,1710 1710 1710 1710 1695 1710 1710 1710 1710 1710 1710 1710 1710 1710 1710,False,3725.6571177607857,"measured on this device: NVIDIA GH200 480GB (measured), 3725.7 GB/s (triad pattern)",13.0,580.105.08,True,1,a1b61186bd4b12224d54942af6065e30276d7f44,NVIDIA GH200 480GB,192-222-51-218,"scripts/clock_elasticity.py: bursts of N back-to-back fused_experts calls under one pinned tile, each call L2-flushed and bracketed by its own pre-primed event pair, the FIRST call of every burst discarded as a drained-queue launch, a host-side idle gap after each burst setting the sustained duty cycle, and the SM clock, board power and memory clock read through NVML with the burst still in flight; NOT timing.TIMING_BASIS | duty 0.25 | each idle gap sized from its own burst (gap_basis burst)",,iters=supplied as None; sglang=package not installed,1,3.12.14,174.85664005867835,"measured on this device: NVIDIA GH200 480GB (measured), 651.5 TFLOP/s bf16 over 3725.7 GB/s (triad pattern); calibrated 2026-09-29 at a1b61186",,200.0,2.13.0,3.7.1,2026-09-29T23:02:14+00:00,0.27.1,300.0
native,8,32,6,192,768,1,8,0.7118399739265442,0.7062079906463623,0.0023691584431227526,275,3,320.4835193157196,"scripts/clock_elasticity.py: bursts of N back-to-back fused_experts calls under one pinned tile, each call L2-flushed and bracketed by its own pre-primed event pair, the FIRST call of every burst discarded as a drained-queue launch, a host-side idle gap after each burst setting the sustained duty cycle, and the SM clock, board power and memory clock read through NVML with the burst still in flight; NOT timing.TIMING_BASIS",1710.0,False,high,True,True,ok,"LEVEL HIGH (recorded, never an exclusion here): loaded clock 1710 MHz against the 1440 MHz reference. At a duty cycle below 1.0 a HIGH reading is the experiment working, not a cell to drop.",0.25,280.466,0.24989511828185287,56,115.67371985254066,burst,0.7132480144500732,0.7114560008049011,True,1710 1710 1710 1710 1710 1710 1710 1710 1710 1710 1710 1710 1710 1710 1710,False,3725.6571177607857,"measured on this device: NVIDIA GH200 480GB (measured), 3725.7 GB/s (triad pattern)",13.0,580.105.08,True,1,a1b61186bd4b12224d54942af6065e30276d7f44,NVIDIA GH200 480GB,192-222-51-218,"scripts/clock_elasticity.py: bursts of N back-to-back fused_experts calls under one pinned tile, each call L2-flushed and bracketed by its own pre-primed event pair, the FIRST call of every burst discarded as a drained-queue launch, a host-side idle gap after each burst setting the sustained duty cycle, and the SM clock, board power and memory clock read through NVML with the burst still in flight; NOT timing.TIMING_BASIS | duty 0.25 | each idle gap sized from its own burst (gap_basis burst)",,iters=supplied as None; sglang=package not installed,1,3.12.14,174.85664005867835,"measured on this device: NVIDIA GH200 480GB (measured), 651.5 TFLOP/s bf16 over 3725.7 GB/s (triad pattern); calibrated 2026-09-29 at a1b61186",,200.0,2.13.0,3.7.1,2026-09-29T23:02:14+00:00,0.27.1,300.0
shared,8,32,6,192,768,1,72,0.7159039974212646,0.7074880003929138,0.00248791236833782,275,3,322.298015832901,"scripts/clock_elasticity.py: bursts of N back-to-back fused_experts calls under one pinned tile, each call L2-flushed and bracketed by its own pre-primed event pair, the FIRST call of every burst discarded as a drained-queue launch, a host-side idle gap after each burst setting the sustained duty cycle, and the SM clock, board power and memory clock read through NVML with the burst still in flight; NOT timing.TIMING_BASIS",1710.0,False,high,True,True,ok,"LEVEL HIGH (recorded, never an exclusion here): loaded clock 1710 MHz against the 1440 MHz reference. At a duty cycle below 1.0 a HIGH reading is the experiment working, not a cell to drop.",0.25,283.114,0.24990178113631906,56,116.2656881216426,burst,0.7172480225563049,0.7157760262489319,True,1710 1710 1710 1710 1710 1710 1710 1710 1710 1710 1710 1710 1710 1710 1710,False,3725.6571177607857,"measured on this device: NVIDIA GH200 480GB (measured), 3725.7 GB/s (triad pattern)",13.0,580.105.08,True,1,a1b61186bd4b12224d54942af6065e30276d7f44,NVIDIA GH200 480GB,192-222-51-218,"scripts/clock_elasticity.py: bursts of N back-to-back fused_experts calls under one pinned tile, each call L2-flushed and bracketed by its own pre-primed event pair, the FIRST call of every burst discarded as a drained-queue launch, a host-side idle gap after each burst setting the sustained duty cycle, and the SM clock, board power and memory clock read through NVML with the burst still in flight; NOT timing.TIMING_BASIS | duty 0.25 | each idle gap sized from its own burst (gap_basis burst)",,iters=supplied as None; sglang=package not installed,1,3.12.14,174.85664005867835,"measured on this device: NVIDIA GH200 480GB (measured), 651.5 TFLOP/s bf16 over 3725.7 GB/s (triad pattern); calibrated 2026-09-29 at a1b61186",,200.0,2.13.0,3.7.1,2026-09-29T23:02:14+00:00,0.27.1,300.0
