duty_requested,duty_achieved,state_index,repeat,order_index,model,dtype,block_m,block_n,block_k,group_m,num_warps,num_stages,tiles,rows_per_expert,tokens,calls_per_burst,bursts,trials,ms_p50,ms_min,ms_stdev,samples,burst_ms,gap_ms,head_ms,tail_ms,within_burst_ok,sm_clock_load_mhz,sm_clock_start_mhz,sm_clock_end_mhz,clock_samples_mhz,clock_samples,clock_source,clock_level_ok,clock_level_side,clock_drift_ok,clock_drift_direction,reference_clock_mhz,power_w,mem_clock_mhz,host_bound,host_enqueue_ms,host_backlog_iters,warmup_ms,l2_flush,status,detail,instrument,prov_bandwidth,prov_bandwidth_source,prov_cuda_version,prov_driver_version,prov_git_dirty,prov_git_dirty_files,prov_git_sha,prov_gpu_name,prov_hostname,prov_instrument,prov_iters,prov_missing,prov_provenance_version,prov_python,prov_ridge,prov_ridge_source,prov_sglang,prov_target_ms,prov_torch,prov_triton,prov_utc,prov_vllm,prov_warmup_ms
1.0,0.9153899009983832,0,0,0,mixtral-8x7b,bf16,32,64,64,4,8,4,1,32,128,53,18,3,0.7719359993934631,0.7528319954872131,0.0068454769274241415,936,40.98054576582379,0.0,0.7726560235023499,0.7724479734897614,True,1500.0,1500.0,1500.0,1500 1500 1500 1500 1500 1500 1530 1530 1485 1485 1560 1560 1485 1485 1470 1470 1470 1500,18,nvml,True,,True,,1470.0,694.5765,3201.0,False,11.561684776097536,39.10673868844673,204.35222405195236,True,ok,,"scripts/clock_elasticity.py: bursts of N back-to-back fused_experts calls under one pinned tile, each call L2-flushed and bracketed by its own pre-primed event pair, the FIRST call of every burst discarded as a drained-queue launch, a host-side idle gap after each burst setting the sustained duty cycle, and the SM clock, board power and memory clock read through NVML with the burst still in flight; NOT timing.TIMING_BASIS",,,13.0,580.159.04,True,1,33d28339d8e211bd7fb8caf92bd340b82ae40abb,NVIDIA H200,421a523e82cb,"scripts/clock_elasticity.py: bursts of N back-to-back fused_experts calls under one pinned tile, each call L2-flushed and bracketed by its own pre-primed event pair, the FIRST call of every burst discarded as a drained-queue launch, a host-side idle gap after each burst setting the sustained duty cycle, and the SM clock, board power and memory clock read through NVML with the burst still in flight; NOT timing.TIMING_BASIS",,bandwidth=not supplied by caller; bandwidth_source=not supplied by caller; iters=not supplied by caller; ridge=not supplied by caller; ridge_source=not supplied by caller; sglang=package not installed,1,3.12.3,,,,200.0,2.13.0,3.7.1,2026-09-23T18:03:27+00:00,0.27.1,200.0
1.0,0.9483395338430544,0,0,0,mixtral-8x7b,bf16,32,64,64,4,8,4,2,64,256,32,18,3,1.311903953552246,1.2731200456619263,0.01646776188960481,558,42.089200019836426,0.0,1.312063992023468,1.3120480179786682,True,1650.0,1650.0,1620.0,1650 1650 1650 1650 1650 1635 1635 1665 1665 1665 1650 1650 1650 1650 1665 1665 1620 1620,18,nvml,False,high,True,,1470.0,693.401,3201.0,False,7.002924103289843,26.8554869190414,207.6231359243393,True,ok,"LEVEL HIGH (recorded, never an exclusion here): loaded clock 1650 MHz against the 1470 MHz reference. At a duty cycle below 1.0 a HIGH reading is the experiment working, not a cell to drop.","scripts/clock_elasticity.py: bursts of N back-to-back fused_experts calls under one pinned tile, each call L2-flushed and bracketed by its own pre-primed event pair, the FIRST call of every burst discarded as a drained-queue launch, a host-side idle gap after each burst setting the sustained duty cycle, and the SM clock, board power and memory clock read through NVML with the burst still in flight; NOT timing.TIMING_BASIS",,,13.0,580.159.04,True,1,33d28339d8e211bd7fb8caf92bd340b82ae40abb,NVIDIA H200,421a523e82cb,"scripts/clock_elasticity.py: bursts of N back-to-back fused_experts calls under one pinned tile, each call L2-flushed and bracketed by its own pre-primed event pair, the FIRST call of every burst discarded as a drained-queue launch, a host-side idle gap after each burst setting the sustained duty cycle, and the SM clock, board power and memory clock read through NVML with the burst still in flight; NOT timing.TIMING_BASIS",,bandwidth=not supplied by caller; bandwidth_source=not supplied by caller; iters=not supplied by caller; ridge=not supplied by caller; ridge_source=not supplied by caller; sglang=package not installed,1,3.12.3,,,,200.0,2.13.0,3.7.1,2026-09-23T18:03:27+00:00,0.27.1,200.0
1.0,0.9643900724167309,0,0,0,mixtral-8x7b,bf16,32,64,64,4,8,4,3,96,384,21,18,3,1.9615839719772339,1.9025919437408447,0.02224348863035226,360,41.300483518176605,0.0,1.9628480076789856,1.961616039276123,True,1635.0,1650.0,1605.0,1650 1650 1650 1650 1650 1635 1635 1635 1635 1635 1620 1620 1665 1665 1635 1635 1635 1605,18,nvml,False,high,True,,1470.0,695.424,3201.0,False,4.650272894650698,18.653152735583568,201.02067148685455,True,ok,"LEVEL HIGH (recorded, never an exclusion here): loaded clock 1635 MHz against the 1470 MHz reference. At a duty cycle below 1.0 a HIGH reading is the experiment working, not a cell to drop.","scripts/clock_elasticity.py: bursts of N back-to-back fused_experts calls under one pinned tile, each call L2-flushed and bracketed by its own pre-primed event pair, the FIRST call of every burst discarded as a drained-queue launch, a host-side idle gap after each burst setting the sustained duty cycle, and the SM clock, board power and memory clock read through NVML with the burst still in flight; NOT timing.TIMING_BASIS",,,13.0,580.159.04,True,1,33d28339d8e211bd7fb8caf92bd340b82ae40abb,NVIDIA H200,421a523e82cb,"scripts/clock_elasticity.py: bursts of N back-to-back fused_experts calls under one pinned tile, each call L2-flushed and bracketed by its own pre-primed event pair, the FIRST call of every burst discarded as a drained-queue launch, a host-side idle gap after each burst setting the sustained duty cycle, and the SM clock, board power and memory clock read through NVML with the burst still in flight; NOT timing.TIMING_BASIS",,bandwidth=not supplied by caller; bandwidth_source=not supplied by caller; iters=not supplied by caller; ridge=not supplied by caller; ridge_source=not supplied by caller; sglang=package not installed,1,3.12.3,,,,200.0,2.13.0,3.7.1,2026-09-23T18:03:27+00:00,0.27.1,200.0
1.0,0.9708784753330827,0,0,0,mixtral-8x7b,bf16,32,64,64,4,8,4,4,128,512,17,18,3,2.4269919395446777,2.354207992553711,0.030989149206522407,288,41.26915733019511,0.0,2.426136016845703,2.432760000228882,True,1740.0,1860.0,1710.0,1860 1740 1740 1755 1755 1725 1725 1725 1740 1740 1740 1740 1740 1740 1740 1755 1755 1710,18,nvml,False,high,False,dropping,1470.0,692.559,3201.0,False,3.8762204349040985,15.411189591914367,200.579487323761,True,ok,"LEVEL HIGH (recorded, never an exclusion here): loaded clock 1740 MHz against the 1470 MHz reference. At a duty cycle below 1.0 a HIGH reading is the experiment working, not a cell to drop.; DRIFT failed, dropping: 1860 -> 1710 MHz over 18 bursts; this cell is EXCLUDED","scripts/clock_elasticity.py: bursts of N back-to-back fused_experts calls under one pinned tile, each call L2-flushed and bracketed by its own pre-primed event pair, the FIRST call of every burst discarded as a drained-queue launch, a host-side idle gap after each burst setting the sustained duty cycle, and the SM clock, board power and memory clock read through NVML with the burst still in flight; NOT timing.TIMING_BASIS",,,13.0,580.159.04,True,1,33d28339d8e211bd7fb8caf92bd340b82ae40abb,NVIDIA H200,421a523e82cb,"scripts/clock_elasticity.py: bursts of N back-to-back fused_experts calls under one pinned tile, each call L2-flushed and bracketed by its own pre-primed event pair, the FIRST call of every burst discarded as a drained-queue launch, a host-side idle gap after each burst setting the sustained duty cycle, and the SM clock, board power and memory clock read through NVML with the burst still in flight; NOT timing.TIMING_BASIS",,bandwidth=not supplied by caller; bandwidth_source=not supplied by caller; iters=not supplied by caller; ridge=not supplied by caller; ridge_source=not supplied by caller; sglang=package not installed,1,3.12.3,,,,200.0,2.13.0,3.7.1,2026-09-23T18:03:27+00:00,0.27.1,200.0
1.0,0.9772750912143426,0,0,0,mixtral-8x7b,bf16,32,64,64,4,8,4,5,160,640,13,18,3,3.1661280393600464,3.0948479175567627,0.04355370775642725,216,41.23509324921502,0.0,3.184448003768921,3.1838560104370117,True,1680.0,1695.0,1665.0,1695 1695 1695 1680 1680 1680 1680 1680 1680 1680 1650 1650 1680 1680 1680 1635 1635 1665,18,nvml,False,high,True,,1470.0,694.874,3201.0,False,2.937167417258024,12.041114691871044,242.8657283782959,True,ok,"LEVEL HIGH (recorded, never an exclusion here): loaded clock 1680 MHz against the 1470 MHz reference. At a duty cycle below 1.0 a HIGH reading is the experiment working, not a cell to drop.","scripts/clock_elasticity.py: bursts of N back-to-back fused_experts calls under one pinned tile, each call L2-flushed and bracketed by its own pre-primed event pair, the FIRST call of every burst discarded as a drained-queue launch, a host-side idle gap after each burst setting the sustained duty cycle, and the SM clock, board power and memory clock read through NVML with the burst still in flight; NOT timing.TIMING_BASIS",,,13.0,580.159.04,True,1,33d28339d8e211bd7fb8caf92bd340b82ae40abb,NVIDIA H200,421a523e82cb,"scripts/clock_elasticity.py: bursts of N back-to-back fused_experts calls under one pinned tile, each call L2-flushed and bracketed by its own pre-primed event pair, the FIRST call of every burst discarded as a drained-queue launch, a host-side idle gap after each burst setting the sustained duty cycle, and the SM clock, board power and memory clock read through NVML with the burst still in flight; NOT timing.TIMING_BASIS",,bandwidth=not supplied by caller; bandwidth_source=not supplied by caller; iters=not supplied by caller; ridge=not supplied by caller; ridge_source=not supplied by caller; sglang=package not installed,1,3.12.3,,,,200.0,2.13.0,3.7.1,2026-09-23T18:03:27+00:00,0.27.1,200.0
1.0,0.9804311285891708,0,0,0,mixtral-8x7b,bf16,32,64,64,4,8,4,6,192,768,11,18,3,3.709968090057373,3.627648115158081,0.03239278301680606,180,41.01441786024306,0.0,3.7123440504074097,3.7360559701919556,True,1687.5,1710.0,1665.0,1710 1710 1665 1665 1665 1695 1695 1695 1695 1695 1695 1695 1680 1680 1680 1680 1680 1665,18,nvml,False,high,True,,1470.0,694.731,3201.0,False,2.5013601407408714,10.307926458173153,242.1555848121643,True,ok,"LEVEL HIGH (recorded, never an exclusion here): loaded clock 1688 MHz against the 1470 MHz reference. At a duty cycle below 1.0 a HIGH reading is the experiment working, not a cell to drop.","scripts/clock_elasticity.py: bursts of N back-to-back fused_experts calls under one pinned tile, each call L2-flushed and bracketed by its own pre-primed event pair, the FIRST call of every burst discarded as a drained-queue launch, a host-side idle gap after each burst setting the sustained duty cycle, and the SM clock, board power and memory clock read through NVML with the burst still in flight; NOT timing.TIMING_BASIS",,,13.0,580.159.04,True,1,33d28339d8e211bd7fb8caf92bd340b82ae40abb,NVIDIA H200,421a523e82cb,"scripts/clock_elasticity.py: bursts of N back-to-back fused_experts calls under one pinned tile, each call L2-flushed and bracketed by its own pre-primed event pair, the FIRST call of every burst discarded as a drained-queue launch, a host-side idle gap after each burst setting the sustained duty cycle, and the SM clock, board power and memory clock read through NVML with the burst still in flight; NOT timing.TIMING_BASIS",,bandwidth=not supplied by caller; bandwidth_source=not supplied by caller; iters=not supplied by caller; ridge=not supplied by caller; ridge_source=not supplied by caller; sglang=package not installed,1,3.12.3,,,,200.0,2.13.0,3.7.1,2026-09-23T18:03:27+00:00,0.27.1,200.0
1.0,0.9829166270264795,0,0,0,mixtral-8x7b,bf16,32,64,64,4,8,4,7,224,896,8,18,3,4.363391876220703,4.317887783050537,0.04074875721589845,126,35.06924083497789,0.0,4.363984107971191,4.364239931106567,True,1680.0,1695.0,1695.0,1695 1665 1665 1665 1680 1680 1680 1680 1680 1650 1650 1650 1695 1695 1695 1695 1695 1695,18,nvml,False,high,True,,1470.0,693.504,3201.0,False,1.8462585285305977,7.5666375879823065,207.66681671142578,True,ok,"LEVEL HIGH (recorded, never an exclusion here): loaded clock 1680 MHz against the 1470 MHz reference. At a duty cycle below 1.0 a HIGH reading is the experiment working, not a cell to drop.","scripts/clock_elasticity.py: bursts of N back-to-back fused_experts calls under one pinned tile, each call L2-flushed and bracketed by its own pre-primed event pair, the FIRST call of every burst discarded as a drained-queue launch, a host-side idle gap after each burst setting the sustained duty cycle, and the SM clock, board power and memory clock read through NVML with the burst still in flight; NOT timing.TIMING_BASIS",,,13.0,580.159.04,True,1,33d28339d8e211bd7fb8caf92bd340b82ae40abb,NVIDIA H200,421a523e82cb,"scripts/clock_elasticity.py: bursts of N back-to-back fused_experts calls under one pinned tile, each call L2-flushed and bracketed by its own pre-primed event pair, the FIRST call of every burst discarded as a drained-queue launch, a host-side idle gap after each burst setting the sustained duty cycle, and the SM clock, board power and memory clock read through NVML with the burst still in flight; NOT timing.TIMING_BASIS",,bandwidth=not supplied by caller; bandwidth_source=not supplied by caller; iters=not supplied by caller; ridge=not supplied by caller; ridge_source=not supplied by caller; sglang=package not installed,1,3.12.3,,,,200.0,2.13.0,3.7.1,2026-09-23T18:03:27+00:00,0.27.1,200.0
1.0,0.9845594061464237,0,0,0,mixtral-8x7b,bf16,32,64,64,4,8,4,8,256,1024,8,18,3,4.8340959548950195,4.659103870391846,0.06699861193831856,126,38.670060581631134,0.0,4.833935976028442,4.835007905960083,True,1725.0,1770.0,1710.0,1770 1770 1770 1740 1740 1740 1755 1755 1710 1710 1710 1725 1725 1710 1710 1710 1710 1710,18,nvml,False,high,True,,1470.0,692.983,3201.0,False,1.8344493582844734,7.6110259630012544,268.70758295059204,True,ok,"LEVEL HIGH (recorded, never an exclusion here): loaded clock 1725 MHz against the 1470 MHz reference. At a duty cycle below 1.0 a HIGH reading is the experiment working, not a cell to drop.","scripts/clock_elasticity.py: bursts of N back-to-back fused_experts calls under one pinned tile, each call L2-flushed and bracketed by its own pre-primed event pair, the FIRST call of every burst discarded as a drained-queue launch, a host-side idle gap after each burst setting the sustained duty cycle, and the SM clock, board power and memory clock read through NVML with the burst still in flight; NOT timing.TIMING_BASIS",,,13.0,580.159.04,True,1,33d28339d8e211bd7fb8caf92bd340b82ae40abb,NVIDIA H200,421a523e82cb,"scripts/clock_elasticity.py: bursts of N back-to-back fused_experts calls under one pinned tile, each call L2-flushed and bracketed by its own pre-primed event pair, the FIRST call of every burst discarded as a drained-queue launch, a host-side idle gap after each burst setting the sustained duty cycle, and the SM clock, board power and memory clock read through NVML with the burst still in flight; NOT timing.TIMING_BASIS",,bandwidth=not supplied by caller; bandwidth_source=not supplied by caller; iters=not supplied by caller; ridge=not supplied by caller; ridge_source=not supplied by caller; sglang=package not installed,1,3.12.3,,,,200.0,2.13.0,3.7.1,2026-09-23T18:03:27+00:00,0.27.1,200.0
0.5,0.4731052244684962,1,0,1,mixtral-8x7b,bf16,32,64,64,4,8,4,1,32,128,53,18,3,0.7416639924049377,0.7319039702415466,0.0043387917330906505,936,39.43225773506694,40.11147417426109,0.7409279942512512,0.743151992559433,True,1920.0,1905.0,1845.0,1905 1950 1845 1905 1950 1950 1965 1950 1905 1830 1935 1935 1950 1965 1860 1695 1845 1845,18,nvml,False,high,True,,1470.0,505.027,3201.0,False,11.59602589905262,38.63312426057421,355.28736013174057,True,ok,"LEVEL HIGH (recorded, never an exclusion here): loaded clock 1920 MHz against the 1470 MHz reference. At a duty cycle below 1.0 a HIGH reading is the experiment working, not a cell to drop.","scripts/clock_elasticity.py: bursts of N back-to-back fused_experts calls under one pinned tile, each call L2-flushed and bracketed by its own pre-primed event pair, the FIRST call of every burst discarded as a drained-queue launch, a host-side idle gap after each burst setting the sustained duty cycle, and the SM clock, board power and memory clock read through NVML with the burst still in flight; NOT timing.TIMING_BASIS",,,13.0,580.159.04,True,1,33d28339d8e211bd7fb8caf92bd340b82ae40abb,NVIDIA H200,421a523e82cb,"scripts/clock_elasticity.py: bursts of N back-to-back fused_experts calls under one pinned tile, each call L2-flushed and bracketed by its own pre-primed event pair, the FIRST call of every burst discarded as a drained-queue launch, a host-side idle gap after each burst setting the sustained duty cycle, and the SM clock, board power and memory clock read through NVML with the burst still in flight; NOT timing.TIMING_BASIS",,bandwidth=not supplied by caller; bandwidth_source=not supplied by caller; iters=not supplied by caller; ridge=not supplied by caller; ridge_source=not supplied by caller; sglang=package not installed,1,3.12.3,,,,200.0,2.13.0,3.7.1,2026-09-23T18:03:27+00:00,0.27.1,200.0
0.5,0.4575037784902619,1,0,1,mixtral-8x7b,bf16,32,64,64,4,8,4,2,64,256,32,18,3,1.1172800064086914,1.093440055847168,0.017302278711815805,558,35.87979196839862,40.203604804144966,1.1190239787101746,1.1059520244598389,True,1897.5,1950.0,1860.0,1950 1800 1890 1890 1935 1935 1770 1770 1950 1965 1845 1905 1905 1935 1950 1800 1860 1860,18,nvml,False,high,True,,1470.0,501.626,3201.0,False,7.332417648285627,25.610315163331606,214.22111999988556,True,ok,"LEVEL HIGH (recorded, never an exclusion here): loaded clock 1898 MHz against the 1470 MHz reference. At a duty cycle below 1.0 a HIGH reading is the experiment working, not a cell to drop.","scripts/clock_elasticity.py: bursts of N back-to-back fused_experts calls under one pinned tile, each call L2-flushed and bracketed by its own pre-primed event pair, the FIRST call of every burst discarded as a drained-queue launch, a host-side idle gap after each burst setting the sustained duty cycle, and the SM clock, board power and memory clock read through NVML with the burst still in flight; NOT timing.TIMING_BASIS",,,13.0,580.159.04,True,1,33d28339d8e211bd7fb8caf92bd340b82ae40abb,NVIDIA H200,421a523e82cb,"scripts/clock_elasticity.py: bursts of N back-to-back fused_experts calls under one pinned tile, each call L2-flushed and bracketed by its own pre-primed event pair, the FIRST call of every burst discarded as a drained-queue launch, a host-side idle gap after each burst setting the sustained duty cycle, and the SM clock, board power and memory clock read through NVML with the burst still in flight; NOT timing.TIMING_BASIS",,bandwidth=not supplied by caller; bandwidth_source=not supplied by caller; iters=not supplied by caller; ridge=not supplied by caller; ridge_source=not supplied by caller; sglang=package not installed,1,3.12.3,,,,200.0,2.13.0,3.7.1,2026-09-23T18:03:27+00:00,0.27.1,200.0
0.5,0.4594825304475699,1,0,1,mixtral-8x7b,bf16,32,64,64,4,8,4,3,96,384,21,18,3,1.6522719860076904,1.6180800199508667,0.032372287627549,360,34.884704020288254,39.45093631744385,1.6538400053977966,1.6436319947242737,True,1882.5,1725.0,1890.0,1725 1725 1950 1950 1770 1770 1875 1950 1800 1860 1860 1920 1830 1890 1890 1920 1920 1890,18,nvml,False,high,False,settling upward,1470.0,502.0165,3201.0,False,5.17715560272336,17.919873626646428,208.98831939697266,True,ok,"LEVEL HIGH (recorded, never an exclusion here): loaded clock 1882 MHz against the 1470 MHz reference. At a duty cycle below 1.0 a HIGH reading is the experiment working, not a cell to drop.; DRIFT failed, settling upward: 1725 -> 1890 MHz over 18 bursts; this cell is EXCLUDED","scripts/clock_elasticity.py: bursts of N back-to-back fused_experts calls under one pinned tile, each call L2-flushed and bracketed by its own pre-primed event pair, the FIRST call of every burst discarded as a drained-queue launch, a host-side idle gap after each burst setting the sustained duty cycle, and the SM clock, board power and memory clock read through NVML with the burst still in flight; NOT timing.TIMING_BASIS",,,13.0,580.159.04,True,1,33d28339d8e211bd7fb8caf92bd340b82ae40abb,NVIDIA H200,421a523e82cb,"scripts/clock_elasticity.py: bursts of N back-to-back fused_experts calls under one pinned tile, each call L2-flushed and bracketed by its own pre-primed event pair, the FIRST call of every burst discarded as a drained-queue launch, a host-side idle gap after each burst setting the sustained duty cycle, and the SM clock, board power and memory clock read through NVML with the burst still in flight; NOT timing.TIMING_BASIS",,bandwidth=not supplied by caller; bandwidth_source=not supplied by caller; iters=not supplied by caller; ridge=not supplied by caller; ridge_source=not supplied by caller; sglang=package not installed,1,3.12.3,,,,200.0,2.13.0,3.7.1,2026-09-23T18:03:27+00:00,0.27.1,200.0
0.5,0.463175160048126,1,0,1,mixtral-8x7b,bf16,32,64,64,4,8,4,4,128,512,17,18,3,2.1247360706329346,2.1163198947906494,0.02601160264866269,288,36.51137773195902,41.01500095261468,2.138063967227936,2.12227201461792,True,1942.5,1950.0,1845.0,1950 1965 1860 1860 1905 1935 1965 1965 1965 1965 1965 1905 1890 1890 1950 1965 1845 1845,18,nvml,False,high,False,dropping,1470.0,484.8165,3201.0,False,4.163925070315599,15.058238238034964,219.1301453113556,True,ok,"LEVEL HIGH (recorded, never an exclusion here): loaded clock 1942 MHz against the 1470 MHz reference. At a duty cycle below 1.0 a HIGH reading is the experiment working, not a cell to drop.; DRIFT failed, dropping: 1950 -> 1845 MHz over 18 bursts; this cell is EXCLUDED","scripts/clock_elasticity.py: bursts of N back-to-back fused_experts calls under one pinned tile, each call L2-flushed and bracketed by its own pre-primed event pair, the FIRST call of every burst discarded as a drained-queue launch, a host-side idle gap after each burst setting the sustained duty cycle, and the SM clock, board power and memory clock read through NVML with the burst still in flight; NOT timing.TIMING_BASIS",,,13.0,580.159.04,True,1,33d28339d8e211bd7fb8caf92bd340b82ae40abb,NVIDIA H200,421a523e82cb,"scripts/clock_elasticity.py: bursts of N back-to-back fused_experts calls under one pinned tile, each call L2-flushed and bracketed by its own pre-primed event pair, the FIRST call of every burst discarded as a drained-queue launch, a host-side idle gap after each burst setting the sustained duty cycle, and the SM clock, board power and memory clock read through NVML with the burst still in flight; NOT timing.TIMING_BASIS",,bandwidth=not supplied by caller; bandwidth_source=not supplied by caller; iters=not supplied by caller; ridge=not supplied by caller; ridge_source=not supplied by caller; sglang=package not installed,1,3.12.3,,,,200.0,2.13.0,3.7.1,2026-09-23T18:03:27+00:00,0.27.1,200.0
0.5,0.4662615781817208,1,0,1,mixtral-8x7b,bf16,32,64,64,4,8,4,5,160,640,13,18,3,2.6685760021209717,2.6456000804901123,0.04605750133091769,216,35.14242483509911,39.19872866358076,2.691360116004944,2.665776014328003,True,1950.0,1950.0,1770.0,1950 1950 1950 1950 1935 1935 1950 1950 1950 1950 1950 1950 1830 1830 1950 1935 1770 1770,18,nvml,False,high,False,dropping,1470.0,499.822,3201.0,False,3.4648231230676174,11.689302225853899,245.8097279071808,True,ok,"LEVEL HIGH (recorded, never an exclusion here): loaded clock 1950 MHz against the 1470 MHz reference. At a duty cycle below 1.0 a HIGH reading is the experiment working, not a cell to drop.; DRIFT failed, dropping: 1950 -> 1770 MHz over 18 bursts; this cell is EXCLUDED","scripts/clock_elasticity.py: bursts of N back-to-back fused_experts calls under one pinned tile, each call L2-flushed and bracketed by its own pre-primed event pair, the FIRST call of every burst discarded as a drained-queue launch, a host-side idle gap after each burst setting the sustained duty cycle, and the SM clock, board power and memory clock read through NVML with the burst still in flight; NOT timing.TIMING_BASIS",,,13.0,580.159.04,True,1,33d28339d8e211bd7fb8caf92bd340b82ae40abb,NVIDIA H200,421a523e82cb,"scripts/clock_elasticity.py: bursts of N back-to-back fused_experts calls under one pinned tile, each call L2-flushed and bracketed by its own pre-primed event pair, the FIRST call of every burst discarded as a drained-queue launch, a host-side idle gap after each burst setting the sustained duty cycle, and the SM clock, board power and memory clock read through NVML with the burst still in flight; NOT timing.TIMING_BASIS",,bandwidth=not supplied by caller; bandwidth_source=not supplied by caller; iters=not supplied by caller; ridge=not supplied by caller; ridge_source=not supplied by caller; sglang=package not installed,1,3.12.3,,,,200.0,2.13.0,3.7.1,2026-09-23T18:03:27+00:00,0.27.1,200.0
0.5,0.46774642232567104,1,0,1,mixtral-8x7b,bf16,32,64,64,4,8,4,6,192,768,11,18,3,3.187503933906555,3.154815912246704,0.045553634750152665,180,35.37438748942481,39.3654507001241,3.1997039914131165,3.2016639709472656,True,1935.0,1905.0,1950.0,1905 1890 1935 1920 1920 1920 1935 1905 1905 1965 1950 1935 1935 1905 1950 1950 1950 1950,18,nvml,False,high,True,,1470.0,495.609,3201.0,False,2.8655119240283966,10.064424284844918,283.74428820610046,True,ok,"LEVEL HIGH (recorded, never an exclusion here): loaded clock 1935 MHz against the 1470 MHz reference. At a duty cycle below 1.0 a HIGH reading is the experiment working, not a cell to drop.","scripts/clock_elasticity.py: bursts of N back-to-back fused_experts calls under one pinned tile, each call L2-flushed and bracketed by its own pre-primed event pair, the FIRST call of every burst discarded as a drained-queue launch, a host-side idle gap after each burst setting the sustained duty cycle, and the SM clock, board power and memory clock read through NVML with the burst still in flight; NOT timing.TIMING_BASIS",,,13.0,580.159.04,True,1,33d28339d8e211bd7fb8caf92bd340b82ae40abb,NVIDIA H200,421a523e82cb,"scripts/clock_elasticity.py: bursts of N back-to-back fused_experts calls under one pinned tile, each call L2-flushed and bracketed by its own pre-primed event pair, the FIRST call of every burst discarded as a drained-queue launch, a host-side idle gap after each burst setting the sustained duty cycle, and the SM clock, board power and memory clock read through NVML with the burst still in flight; NOT timing.TIMING_BASIS",,bandwidth=not supplied by caller; bandwidth_source=not supplied by caller; iters=not supplied by caller; ridge=not supplied by caller; ridge_source=not supplied by caller; sglang=package not installed,1,3.12.3,,,,200.0,2.13.0,3.7.1,2026-09-23T18:03:27+00:00,0.27.1,200.0
0.5,0.43452719422914665,1,0,1,mixtral-8x7b,bf16,32,64,64,4,8,4,7,224,896,8,18,3,3.686384081840515,3.679231882095337,0.044453055038092465,126,29.953845381736755,38.29125061035156,3.70849609375,3.6933279037475586,True,1950.0,1935.0,1965.0,1935 1965 1965 1920 1965 1950 1950 1935 1830 1830 1965 1890 1890 1965 1950 1950 1905 1965,18,nvml,False,high,True,,1470.0,483.91499999999996,3201.0,False,2.7086222544312477,7.190705066790468,269.51903891563416,True,ok,"LEVEL HIGH (recorded, never an exclusion here): loaded clock 1950 MHz against the 1470 MHz reference. At a duty cycle below 1.0 a HIGH reading is the experiment working, not a cell to drop.","scripts/clock_elasticity.py: bursts of N back-to-back fused_experts calls under one pinned tile, each call L2-flushed and bracketed by its own pre-primed event pair, the FIRST call of every burst discarded as a drained-queue launch, a host-side idle gap after each burst setting the sustained duty cycle, and the SM clock, board power and memory clock read through NVML with the burst still in flight; NOT timing.TIMING_BASIS",,,13.0,580.159.04,True,1,33d28339d8e211bd7fb8caf92bd340b82ae40abb,NVIDIA H200,421a523e82cb,"scripts/clock_elasticity.py: bursts of N back-to-back fused_experts calls under one pinned tile, each call L2-flushed and bracketed by its own pre-primed event pair, the FIRST call of every burst discarded as a drained-queue launch, a host-side idle gap after each burst setting the sustained duty cycle, and the SM clock, board power and memory clock read through NVML with the burst still in flight; NOT timing.TIMING_BASIS",,bandwidth=not supplied by caller; bandwidth_source=not supplied by caller; iters=not supplied by caller; ridge=not supplied by caller; ridge_source=not supplied by caller; sglang=package not installed,1,3.12.3,,,,200.0,2.13.0,3.7.1,2026-09-23T18:03:27+00:00,0.27.1,200.0
0.5,0.4648059688590661,1,0,1,mixtral-8x7b,bf16,32,64,64,4,8,4,8,256,1024,8,18,3,4.23364782333374,4.196671962738037,0.049463392878688985,126,34.12014579772949,38.60643844604492,4.235072135925293,4.235599994659424,True,1935.0,1935.0,1905.0,1935 1905 1905 1905 1965 1845 1845 1965 1965 1950 1950 1950 1935 1935 1935 1935 1905 1905,18,nvml,False,high,True,,1470.0,481.8915,3201.0,False,2.3899883963167667,7.404349226666401,205.11878395080566,True,ok,"LEVEL HIGH (recorded, never an exclusion here): loaded clock 1935 MHz against the 1470 MHz reference. At a duty cycle below 1.0 a HIGH reading is the experiment working, not a cell to drop.","scripts/clock_elasticity.py: bursts of N back-to-back fused_experts calls under one pinned tile, each call L2-flushed and bracketed by its own pre-primed event pair, the FIRST call of every burst discarded as a drained-queue launch, a host-side idle gap after each burst setting the sustained duty cycle, and the SM clock, board power and memory clock read through NVML with the burst still in flight; NOT timing.TIMING_BASIS",,,13.0,580.159.04,True,1,33d28339d8e211bd7fb8caf92bd340b82ae40abb,NVIDIA H200,421a523e82cb,"scripts/clock_elasticity.py: bursts of N back-to-back fused_experts calls under one pinned tile, each call L2-flushed and bracketed by its own pre-primed event pair, the FIRST call of every burst discarded as a drained-queue launch, a host-side idle gap after each burst setting the sustained duty cycle, and the SM clock, board power and memory clock read through NVML with the burst still in flight; NOT timing.TIMING_BASIS",,bandwidth=not supplied by caller; bandwidth_source=not supplied by caller; iters=not supplied by caller; ridge=not supplied by caller; ridge_source=not supplied by caller; sglang=package not installed,1,3.12.3,,,,200.0,2.13.0,3.7.1,2026-09-23T18:03:27+00:00,0.27.1,200.0
0.25,0.24141338446060343,2,0,2,mixtral-8x7b,bf16,32,64,64,4,8,4,1,32,128,53,18,3,0.7413759827613831,0.7335360050201416,0.0038972714254011157,936,39.51446400748359,120.33442252278327,0.7412000000476837,0.7413280010223389,True,1965.0,1905.0,1965.0,1905 1935 1965 1920 1965 1935 1965 1980 1965 1965 1980 1980 1980 1965 1920 1965 1935 1965,18,nvml,False,high,True,,1470.0,313.7645,3201.0,False,16.679672524333,31.58654259714747,356.0067201256752,True,ok,"LEVEL HIGH (recorded, never an exclusion here): loaded clock 1965 MHz against the 1470 MHz reference. At a duty cycle below 1.0 a HIGH reading is the experiment working, not a cell to drop.","scripts/clock_elasticity.py: bursts of N back-to-back fused_experts calls under one pinned tile, each call L2-flushed and bracketed by its own pre-primed event pair, the FIRST call of every burst discarded as a drained-queue launch, a host-side idle gap after each burst setting the sustained duty cycle, and the SM clock, board power and memory clock read through NVML with the burst still in flight; NOT timing.TIMING_BASIS",,,13.0,580.159.04,True,1,33d28339d8e211bd7fb8caf92bd340b82ae40abb,NVIDIA H200,421a523e82cb,"scripts/clock_elasticity.py: bursts of N back-to-back fused_experts calls under one pinned tile, each call L2-flushed and bracketed by its own pre-primed event pair, the FIRST call of every burst discarded as a drained-queue launch, a host-side idle gap after each burst setting the sustained duty cycle, and the SM clock, board power and memory clock read through NVML with the burst still in flight; NOT timing.TIMING_BASIS",,bandwidth=not supplied by caller; bandwidth_source=not supplied by caller; iters=not supplied by caller; ridge=not supplied by caller; ridge_source=not supplied by caller; sglang=package not installed,1,3.12.3,,,,200.0,2.13.0,3.7.1,2026-09-23T18:03:27+00:00,0.27.1,200.0
0.25,0.22415228588374114,2,0,2,mixtral-8x7b,bf16,32,64,64,4,8,4,2,64,256,32,18,3,1.0986400246620178,1.0941120386123657,0.013700617416562016,558,35.5395093758901,120.6108144124349,1.0976639986038208,1.0993760228157043,True,1957.5,1950.0,1965.0,1950 1755 1965 1965 1950 1965 1890 1965 1965 1935 1950 1890 1950 1965 1965 1965 1950 1965,18,nvml,False,high,True,,1470.0,313.67100000000005,3201.0,False,14.82292078435421,19.03718160947297,248.7293759584427,True,ok,"LEVEL HIGH (recorded, never an exclusion here): loaded clock 1958 MHz against the 1470 MHz reference. At a duty cycle below 1.0 a HIGH reading is the experiment working, not a cell to drop.","scripts/clock_elasticity.py: bursts of N back-to-back fused_experts calls under one pinned tile, each call L2-flushed and bracketed by its own pre-primed event pair, the FIRST call of every burst discarded as a drained-queue launch, a host-side idle gap after each burst setting the sustained duty cycle, and the SM clock, board power and memory clock read through NVML with the burst still in flight; NOT timing.TIMING_BASIS",,,13.0,580.159.04,True,1,33d28339d8e211bd7fb8caf92bd340b82ae40abb,NVIDIA H200,421a523e82cb,"scripts/clock_elasticity.py: bursts of N back-to-back fused_experts calls under one pinned tile, each call L2-flushed and bracketed by its own pre-primed event pair, the FIRST call of every burst discarded as a drained-queue launch, a host-side idle gap after each burst setting the sustained duty cycle, and the SM clock, board power and memory clock read through NVML with the burst still in flight; NOT timing.TIMING_BASIS",,bandwidth=not supplied by caller; bandwidth_source=not supplied by caller; iters=not supplied by caller; ridge=not supplied by caller; ridge_source=not supplied by caller; sglang=package not installed,1,3.12.3,,,,200.0,2.13.0,3.7.1,2026-09-23T18:03:27+00:00,0.27.1,200.0
0.25,0.22388903166710852,2,0,2,mixtral-8x7b,bf16,32,64,64,4,8,4,3,96,384,21,18,3,1.6238080263137817,1.6179200410842896,0.019229034592342823,360,34.62440350320604,118.35280895233154,1.622048020362854,1.6261119842529297,True,1965.0,1965.0,1965.0,1965 1875 1920 1965 1965 1965 1905 1965 1950 1965 1905 1965 1890 1950 1920 1965 1965 1965,18,nvml,False,high,True,,1470.0,317.841,3201.0,False,14.718410558998585,12.310806222763789,208.86172795295715,True,ok,"LEVEL HIGH (recorded, never an exclusion here): loaded clock 1965 MHz against the 1470 MHz reference. At a duty cycle below 1.0 a HIGH reading is the experiment working, not a cell to drop.","scripts/clock_elasticity.py: bursts of N back-to-back fused_experts calls under one pinned tile, each call L2-flushed and bracketed by its own pre-primed event pair, the FIRST call of every burst discarded as a drained-queue launch, a host-side idle gap after each burst setting the sustained duty cycle, and the SM clock, board power and memory clock read through NVML with the burst still in flight; NOT timing.TIMING_BASIS",,,13.0,580.159.04,True,1,33d28339d8e211bd7fb8caf92bd340b82ae40abb,NVIDIA H200,421a523e82cb,"scripts/clock_elasticity.py: bursts of N back-to-back fused_experts calls under one pinned tile, each call L2-flushed and bracketed by its own pre-primed event pair, the FIRST call of every burst discarded as a drained-queue launch, a host-side idle gap after each burst setting the sustained duty cycle, and the SM clock, board power and memory clock read through NVML with the burst still in flight; NOT timing.TIMING_BASIS",,bandwidth=not supplied by caller; bandwidth_source=not supplied by caller; iters=not supplied by caller; ridge=not supplied by caller; ridge_source=not supplied by caller; sglang=package not installed,1,3.12.3,,,,200.0,2.13.0,3.7.1,2026-09-23T18:03:27+00:00,0.27.1,200.0
0.25,0.2269469731442583,2,0,2,mixtral-8x7b,bf16,32,64,64,4,8,4,4,128,512,17,18,3,2.1202080249786377,2.100831985473633,0.015622709073757363,288,36.528935035069786,123.04500285784403,2.1204880475997925,2.120687961578369,True,1965.0,1965.0,1920.0,1965 1965 1950 1965 1935 1950 1965 1965 1965 1965 1980 1980 1980 1965 1920 1935 1965 1920,18,nvml,False,high,True,,1470.0,300.5885,3201.0,False,10.33028494566679,11.793693126096452,256.1312961578369,True,ok,"LEVEL HIGH (recorded, never an exclusion here): loaded clock 1965 MHz against the 1470 MHz reference. At a duty cycle below 1.0 a HIGH reading is the experiment working, not a cell to drop.","scripts/clock_elasticity.py: bursts of N back-to-back fused_experts calls under one pinned tile, each call L2-flushed and bracketed by its own pre-primed event pair, the FIRST call of every burst discarded as a drained-queue launch, a host-side idle gap after each burst setting the sustained duty cycle, and the SM clock, board power and memory clock read through NVML with the burst still in flight; NOT timing.TIMING_BASIS",,,13.0,580.159.04,True,1,33d28339d8e211bd7fb8caf92bd340b82ae40abb,NVIDIA H200,421a523e82cb,"scripts/clock_elasticity.py: bursts of N back-to-back fused_experts calls under one pinned tile, each call L2-flushed and bracketed by its own pre-primed event pair, the FIRST call of every burst discarded as a drained-queue launch, a host-side idle gap after each burst setting the sustained duty cycle, and the SM clock, board power and memory clock read through NVML with the burst still in flight; NOT timing.TIMING_BASIS",,bandwidth=not supplied by caller; bandwidth_source=not supplied by caller; iters=not supplied by caller; ridge=not supplied by caller; ridge_source=not supplied by caller; sglang=package not installed,1,3.12.3,,,,200.0,2.13.0,3.7.1,2026-09-23T18:03:27+00:00,0.27.1,200.0
0.25,0.22867027109730173,2,0,2,mixtral-8x7b,bf16,32,64,64,4,8,4,5,160,640,13,18,3,2.6620800495147705,2.6586239337921143,0.03133583460797172,216,35.19283375475142,117.59618599074227,2.660912036895752,2.6640000343322754,True,1965.0,1965.0,1950.0,1965 1965 1875 1950 1875 1965 1785 1965 1830 1920 1965 1950 1965 1965 1965 1965 1965 1950,18,nvml,False,high,True,,1470.0,322.3225,3201.0,False,9.519663639366627,9.231630419268514,210.41548705101013,True,ok,"LEVEL HIGH (recorded, never an exclusion here): loaded clock 1965 MHz against the 1470 MHz reference. At a duty cycle below 1.0 a HIGH reading is the experiment working, not a cell to drop.","scripts/clock_elasticity.py: bursts of N back-to-back fused_experts calls under one pinned tile, each call L2-flushed and bracketed by its own pre-primed event pair, the FIRST call of every burst discarded as a drained-queue launch, a host-side idle gap after each burst setting the sustained duty cycle, and the SM clock, board power and memory clock read through NVML with the burst still in flight; NOT timing.TIMING_BASIS",,,13.0,580.159.04,True,1,33d28339d8e211bd7fb8caf92bd340b82ae40abb,NVIDIA H200,421a523e82cb,"scripts/clock_elasticity.py: bursts of N back-to-back fused_experts calls under one pinned tile, each call L2-flushed and bracketed by its own pre-primed event pair, the FIRST call of every burst discarded as a drained-queue launch, a host-side idle gap after each burst setting the sustained duty cycle, and the SM clock, board power and memory clock read through NVML with the burst still in flight; NOT timing.TIMING_BASIS",,bandwidth=not supplied by caller; bandwidth_source=not supplied by caller; iters=not supplied by caller; ridge=not supplied by caller; ridge_source=not supplied by caller; sglang=package not installed,1,3.12.3,,,,200.0,2.13.0,3.7.1,2026-09-23T18:03:27+00:00,0.27.1,200.0
0.25,0.2297503959678733,2,0,2,mixtral-8x7b,bf16,32,64,64,4,8,4,6,192,768,11,18,3,3.1812479496002197,3.1368319988250732,0.02871821026605027,180,35.51777599917518,118.0963521003723,3.181384027004242,3.1823039650917053,True,1950.0,1965.0,1935.0,1965 1980 1935 1965 1920 1950 1905 1950 1965 1950 1965 1920 1965 1935 1935 1920 1965 1935,18,nvml,False,high,True,,1470.0,307.98299999999995,3201.0,False,8.17090691998601,8.230120369852246,213.2084801197052,True,ok,"LEVEL HIGH (recorded, never an exclusion here): loaded clock 1950 MHz against the 1470 MHz reference. At a duty cycle below 1.0 a HIGH reading is the experiment working, not a cell to drop.","scripts/clock_elasticity.py: bursts of N back-to-back fused_experts calls under one pinned tile, each call L2-flushed and bracketed by its own pre-primed event pair, the FIRST call of every burst discarded as a drained-queue launch, a host-side idle gap after each burst setting the sustained duty cycle, and the SM clock, board power and memory clock read through NVML with the burst still in flight; NOT timing.TIMING_BASIS",,,13.0,580.159.04,True,1,33d28339d8e211bd7fb8caf92bd340b82ae40abb,NVIDIA H200,421a523e82cb,"scripts/clock_elasticity.py: bursts of N back-to-back fused_experts calls under one pinned tile, each call L2-flushed and bracketed by its own pre-primed event pair, the FIRST call of every burst discarded as a drained-queue launch, a host-side idle gap after each burst setting the sustained duty cycle, and the SM clock, board power and memory clock read through NVML with the burst still in flight; NOT timing.TIMING_BASIS",,bandwidth=not supplied by caller; bandwidth_source=not supplied by caller; iters=not supplied by caller; ridge=not supplied by caller; ridge_source=not supplied by caller; sglang=package not installed,1,3.12.3,,,,200.0,2.13.0,3.7.1,2026-09-23T18:03:27+00:00,0.27.1,200.0
0.25,0.20747288068457645,2,0,2,mixtral-8x7b,bf16,32,64,64,4,8,4,7,224,896,8,18,3,3.7119998931884766,3.6529600620269775,0.016352258136126768,126,30.277025832070244,114.87375183105468,3.7130080461502075,3.7118079662323,True,1965.0,1965.0,1980.0,1965 1950 1965 1950 1965 1965 1965 1965 1935 1965 1890 1965 1965 1965 1935 1965 1965 1980,18,nvml,False,high,True,,1470.0,297.0195,3201.0,False,7.373526226729155,5.862913764653785,243.6357753276825,True,ok,"LEVEL HIGH (recorded, never an exclusion here): loaded clock 1965 MHz against the 1470 MHz reference. At a duty cycle below 1.0 a HIGH reading is the experiment working, not a cell to drop.","scripts/clock_elasticity.py: bursts of N back-to-back fused_experts calls under one pinned tile, each call L2-flushed and bracketed by its own pre-primed event pair, the FIRST call of every burst discarded as a drained-queue launch, a host-side idle gap after each burst setting the sustained duty cycle, and the SM clock, board power and memory clock read through NVML with the burst still in flight; NOT timing.TIMING_BASIS",,,13.0,580.159.04,True,1,33d28339d8e211bd7fb8caf92bd340b82ae40abb,NVIDIA H200,421a523e82cb,"scripts/clock_elasticity.py: bursts of N back-to-back fused_experts calls under one pinned tile, each call L2-flushed and bracketed by its own pre-primed event pair, the FIRST call of every burst discarded as a drained-queue launch, a host-side idle gap after each burst setting the sustained duty cycle, and the SM clock, board power and memory clock read through NVML with the burst still in flight; NOT timing.TIMING_BASIS",,bandwidth=not supplied by caller; bandwidth_source=not supplied by caller; iters=not supplied by caller; ridge=not supplied by caller; ridge_source=not supplied by caller; sglang=package not installed,1,3.12.3,,,,200.0,2.13.0,3.7.1,2026-09-23T18:03:27+00:00,0.27.1,200.0
0.25,0.2280384572856765,2,0,2,mixtral-8x7b,bf16,32,64,64,4,8,4,8,256,1024,8,18,3,4.2332000732421875,4.2308478355407715,0.011148253653997893,126,34.44246408674452,115.81931533813476,4.234272003173828,4.232751846313477,True,1965.0,1965.0,1950.0,1965 1965 1950 1965 1950 1965 1950 1965 1950 1965 1965 1950 1965 1965 1965 1965 1965 1950,18,nvml,False,high,True,,1470.0,306.959,3201.0,False,7.364959921687841,6.245161645401481,207.039391040802,True,ok,"LEVEL HIGH (recorded, never an exclusion here): loaded clock 1965 MHz against the 1470 MHz reference. At a duty cycle below 1.0 a HIGH reading is the experiment working, not a cell to drop.","scripts/clock_elasticity.py: bursts of N back-to-back fused_experts calls under one pinned tile, each call L2-flushed and bracketed by its own pre-primed event pair, the FIRST call of every burst discarded as a drained-queue launch, a host-side idle gap after each burst setting the sustained duty cycle, and the SM clock, board power and memory clock read through NVML with the burst still in flight; NOT timing.TIMING_BASIS",,,13.0,580.159.04,True,1,33d28339d8e211bd7fb8caf92bd340b82ae40abb,NVIDIA H200,421a523e82cb,"scripts/clock_elasticity.py: bursts of N back-to-back fused_experts calls under one pinned tile, each call L2-flushed and bracketed by its own pre-primed event pair, the FIRST call of every burst discarded as a drained-queue launch, a host-side idle gap after each burst setting the sustained duty cycle, and the SM clock, board power and memory clock read through NVML with the burst still in flight; NOT timing.TIMING_BASIS",,bandwidth=not supplied by caller; bandwidth_source=not supplied by caller; iters=not supplied by caller; ridge=not supplied by caller; ridge_source=not supplied by caller; sglang=package not installed,1,3.12.3,,,,200.0,2.13.0,3.7.1,2026-09-23T18:03:27+00:00,0.27.1,200.0
0.25,0.2412460730282007,2,1,0,mixtral-8x7b,bf16,32,64,64,4,8,4,1,32,128,53,18,3,0.7402720153331757,0.7311360239982605,0.003920821945652527,936,39.485248025920654,120.33442252278327,0.7397119998931885,0.7401760220527649,True,1965.0,1965.0,1980.0,1965 1965 1815 1950 1965 1950 1965 1965 1965 1965 1980 1980 1965 1875 1950 1965 1965 1980,18,nvml,False,high,True,,1470.0,314.19849999999997,3201.0,False,17.487421166151762,26.562466797781603,201.8793279528618,True,ok,"LEVEL HIGH (recorded, never an exclusion here): loaded clock 1965 MHz against the 1470 MHz reference. At a duty cycle below 1.0 a HIGH reading is the experiment working, not a cell to drop.","scripts/clock_elasticity.py: bursts of N back-to-back fused_experts calls under one pinned tile, each call L2-flushed and bracketed by its own pre-primed event pair, the FIRST call of every burst discarded as a drained-queue launch, a host-side idle gap after each burst setting the sustained duty cycle, and the SM clock, board power and memory clock read through NVML with the burst still in flight; NOT timing.TIMING_BASIS",,,13.0,580.159.04,True,1,33d28339d8e211bd7fb8caf92bd340b82ae40abb,NVIDIA H200,421a523e82cb,"scripts/clock_elasticity.py: bursts of N back-to-back fused_experts calls under one pinned tile, each call L2-flushed and bracketed by its own pre-primed event pair, the FIRST call of every burst discarded as a drained-queue launch, a host-side idle gap after each burst setting the sustained duty cycle, and the SM clock, board power and memory clock read through NVML with the burst still in flight; NOT timing.TIMING_BASIS",,bandwidth=not supplied by caller; bandwidth_source=not supplied by caller; iters=not supplied by caller; ridge=not supplied by caller; ridge_source=not supplied by caller; sglang=package not installed,1,3.12.3,,,,200.0,2.13.0,3.7.1,2026-09-23T18:03:27+00:00,0.27.1,200.0
0.25,0.22522623036771813,2,1,0,mixtral-8x7b,bf16,32,64,64,4,8,4,2,64,256,32,18,3,1.102512001991272,1.098431944847107,0.014684288828174068,558,35.767575204372406,120.6108144124349,1.1015999913215637,1.1029760241508484,True,1965.0,1965.0,1965.0,1965 1965 1965 1965 1965 1965 1965 1935 1965 1905 1950 1965 1935 1965 1875 1950 1965 1965,18,nvml,False,high,True,,1470.0,309.25649999999996,3201.0,False,18.49219249561429,16.26992113907699,213.92924797534943,True,ok,"LEVEL HIGH (recorded, never an exclusion here): loaded clock 1965 MHz against the 1470 MHz reference. At a duty cycle below 1.0 a HIGH reading is the experiment working, not a cell to drop.","scripts/clock_elasticity.py: bursts of N back-to-back fused_experts calls under one pinned tile, each call L2-flushed and bracketed by its own pre-primed event pair, the FIRST call of every burst discarded as a drained-queue launch, a host-side idle gap after each burst setting the sustained duty cycle, and the SM clock, board power and memory clock read through NVML with the burst still in flight; NOT timing.TIMING_BASIS",,,13.0,580.159.04,True,1,33d28339d8e211bd7fb8caf92bd340b82ae40abb,NVIDIA H200,421a523e82cb,"scripts/clock_elasticity.py: bursts of N back-to-back fused_experts calls under one pinned tile, each call L2-flushed and bracketed by its own pre-primed event pair, the FIRST call of every burst discarded as a drained-queue launch, a host-side idle gap after each burst setting the sustained duty cycle, and the SM clock, board power and memory clock read through NVML with the burst still in flight; NOT timing.TIMING_BASIS",,bandwidth=not supplied by caller; bandwidth_source=not supplied by caller; iters=not supplied by caller; ridge=not supplied by caller; ridge_source=not supplied by caller; sglang=package not installed,1,3.12.3,,,,200.0,2.13.0,3.7.1,2026-09-23T18:03:27+00:00,0.27.1,200.0
0.25,0.22472770534086306,2,1,0,mixtral-8x7b,bf16,32,64,64,4,8,4,3,96,384,21,18,3,1.6285439729690552,1.6242879629135132,0.020619467240000456,360,34.798277331723106,118.35280895233154,1.6277440190315247,1.6299840211868286,True,1965.0,1965.0,1905.0,1965 1965 1920 1965 1965 1935 1965 1935 1950 1950 1965 1965 1965 1935 1965 1965 1965 1905,18,nvml,False,high,True,,1470.0,314.7125,3201.0,False,16.355117317289114,11.366162693619112,209.03459179401398,True,ok,"LEVEL HIGH (recorded, never an exclusion here): loaded clock 1965 MHz against the 1470 MHz reference. At a duty cycle below 1.0 a HIGH reading is the experiment working, not a cell to drop.","scripts/clock_elasticity.py: bursts of N back-to-back fused_experts calls under one pinned tile, each call L2-flushed and bracketed by its own pre-primed event pair, the FIRST call of every burst discarded as a drained-queue launch, a host-side idle gap after each burst setting the sustained duty cycle, and the SM clock, board power and memory clock read through NVML with the burst still in flight; NOT timing.TIMING_BASIS",,,13.0,580.159.04,True,1,33d28339d8e211bd7fb8caf92bd340b82ae40abb,NVIDIA H200,421a523e82cb,"scripts/clock_elasticity.py: bursts of N back-to-back fused_experts calls under one pinned tile, each call L2-flushed and bracketed by its own pre-primed event pair, the FIRST call of every burst discarded as a drained-queue launch, a host-side idle gap after each burst setting the sustained duty cycle, and the SM clock, board power and memory clock read through NVML with the burst still in flight; NOT timing.TIMING_BASIS",,bandwidth=not supplied by caller; bandwidth_source=not supplied by caller; iters=not supplied by caller; ridge=not supplied by caller; ridge_source=not supplied by caller; sglang=package not installed,1,3.12.3,,,,200.0,2.13.0,3.7.1,2026-09-23T18:03:27+00:00,0.27.1,200.0
0.25,0.22754325203309386,2,1,0,mixtral-8x7b,bf16,32,64,64,4,8,4,4,128,512,17,18,3,2.135200023651123,2.1019198894500732,0.013719851346563859,288,36.65212447113461,123.04500285784403,2.1358799934387207,2.1353519558906555,True,1965.0,1965.0,1965.0,1965 1965 1980 1980 1980 1935 1950 1965 1965 1965 1935 1965 1965 1950 1965 1950 1965 1965,18,nvml,False,high,True,,1470.0,301.365,3201.0,False,11.14338357001543,11.945573658777032,257.82051253318787,True,ok,"LEVEL HIGH (recorded, never an exclusion here): loaded clock 1965 MHz against the 1470 MHz reference. At a duty cycle below 1.0 a HIGH reading is the experiment working, not a cell to drop.","scripts/clock_elasticity.py: bursts of N back-to-back fused_experts calls under one pinned tile, each call L2-flushed and bracketed by its own pre-primed event pair, the FIRST call of every burst discarded as a drained-queue launch, a host-side idle gap after each burst setting the sustained duty cycle, and the SM clock, board power and memory clock read through NVML with the burst still in flight; NOT timing.TIMING_BASIS",,,13.0,580.159.04,True,1,33d28339d8e211bd7fb8caf92bd340b82ae40abb,NVIDIA H200,421a523e82cb,"scripts/clock_elasticity.py: bursts of N back-to-back fused_experts calls under one pinned tile, each call L2-flushed and bracketed by its own pre-primed event pair, the FIRST call of every burst discarded as a drained-queue launch, a host-side idle gap after each burst setting the sustained duty cycle, and the SM clock, board power and memory clock read through NVML with the burst still in flight; NOT timing.TIMING_BASIS",,bandwidth=not supplied by caller; bandwidth_source=not supplied by caller; iters=not supplied by caller; ridge=not supplied by caller; ridge_source=not supplied by caller; sglang=package not installed,1,3.12.3,,,,200.0,2.13.0,3.7.1,2026-09-23T18:03:27+00:00,0.27.1,200.0
0.25,0.2283585068144002,2,1,0,mixtral-8x7b,bf16,32,64,64,4,8,4,5,160,640,13,18,3,2.6614720821380615,2.6569600105285645,0.02595726488883974,216,35.12918043136597,117.59618599074227,2.6606720685958862,2.6626240015029907,True,1950.0,1935.0,1875.0,1935 1965 1950 1965 1875 1965 1905 1950 1965 1950 1800 1965 1965 1935 1965 1950 1950 1875,18,nvml,False,high,True,,1470.0,321.3655,3201.0,False,9.423565585166216,9.489613664224521,246.93987250328064,True,ok,"LEVEL HIGH (recorded, never an exclusion here): loaded clock 1950 MHz against the 1470 MHz reference. At a duty cycle below 1.0 a HIGH reading is the experiment working, not a cell to drop.","scripts/clock_elasticity.py: bursts of N back-to-back fused_experts calls under one pinned tile, each call L2-flushed and bracketed by its own pre-primed event pair, the FIRST call of every burst discarded as a drained-queue launch, a host-side idle gap after each burst setting the sustained duty cycle, and the SM clock, board power and memory clock read through NVML with the burst still in flight; NOT timing.TIMING_BASIS",,,13.0,580.159.04,True,1,33d28339d8e211bd7fb8caf92bd340b82ae40abb,NVIDIA H200,421a523e82cb,"scripts/clock_elasticity.py: bursts of N back-to-back fused_experts calls under one pinned tile, each call L2-flushed and bracketed by its own pre-primed event pair, the FIRST call of every burst discarded as a drained-queue launch, a host-side idle gap after each burst setting the sustained duty cycle, and the SM clock, board power and memory clock read through NVML with the burst still in flight; NOT timing.TIMING_BASIS",,bandwidth=not supplied by caller; bandwidth_source=not supplied by caller; iters=not supplied by caller; ridge=not supplied by caller; ridge_source=not supplied by caller; sglang=package not installed,1,3.12.3,,,,200.0,2.13.0,3.7.1,2026-09-23T18:03:27+00:00,0.27.1,200.0
0.25,0.2295469200090987,2,1,0,mixtral-8x7b,bf16,32,64,64,4,8,4,6,192,768,11,18,3,3.1810879707336426,3.1353919506073,0.029625846648022855,180,35.47323387198978,118.0963521003723,3.1816399693489075,3.182103991508484,True,1965.0,1920.0,1965.0,1920 1950 1965 1965 1905 1950 1965 1965 1815 1965 1965 1965 1965 1965 1965 1890 1965 1965,18,nvml,False,high,True,,1470.0,316.35699999999997,3201.0,False,8.105376735329628,8.365136551911444,213.5752305984497,True,ok,"LEVEL HIGH (recorded, never an exclusion here): loaded clock 1965 MHz against the 1470 MHz reference. At a duty cycle below 1.0 a HIGH reading is the experiment working, not a cell to drop.","scripts/clock_elasticity.py: bursts of N back-to-back fused_experts calls under one pinned tile, each call L2-flushed and bracketed by its own pre-primed event pair, the FIRST call of every burst discarded as a drained-queue launch, a host-side idle gap after each burst setting the sustained duty cycle, and the SM clock, board power and memory clock read through NVML with the burst still in flight; NOT timing.TIMING_BASIS",,,13.0,580.159.04,True,1,33d28339d8e211bd7fb8caf92bd340b82ae40abb,NVIDIA H200,421a523e82cb,"scripts/clock_elasticity.py: bursts of N back-to-back fused_experts calls under one pinned tile, each call L2-flushed and bracketed by its own pre-primed event pair, the FIRST call of every burst discarded as a drained-queue launch, a host-side idle gap after each burst setting the sustained duty cycle, and the SM clock, board power and memory clock read through NVML with the burst still in flight; NOT timing.TIMING_BASIS",,bandwidth=not supplied by caller; bandwidth_source=not supplied by caller; iters=not supplied by caller; ridge=not supplied by caller; ridge_source=not supplied by caller; sglang=package not installed,1,3.12.3,,,,200.0,2.13.0,3.7.1,2026-09-23T18:03:27+00:00,0.27.1,200.0
0.25,0.20699812779771756,2,1,0,mixtral-8x7b,bf16,32,64,64,4,8,4,7,224,896,8,18,3,3.7118239402770996,3.6503679752349854,0.019263251437118923,126,30.186892482969498,114.87375183105468,3.710800051689148,3.71235191822052,True,1965.0,1980.0,1965.0,1980 1935 1935 1965 1830 1965 1965 1965 1980 1965 1965 1965 1950 1965 1950 1860 1965 1965,18,nvml,False,high,True,,1470.0,299.475,3201.0,False,7.260851562023163,6.004985956846493,303.07219076156616,True,ok,"LEVEL HIGH (recorded, never an exclusion here): loaded clock 1965 MHz against the 1470 MHz reference. At a duty cycle below 1.0 a HIGH reading is the experiment working, not a cell to drop.","scripts/clock_elasticity.py: bursts of N back-to-back fused_experts calls under one pinned tile, each call L2-flushed and bracketed by its own pre-primed event pair, the FIRST call of every burst discarded as a drained-queue launch, a host-side idle gap after each burst setting the sustained duty cycle, and the SM clock, board power and memory clock read through NVML with the burst still in flight; NOT timing.TIMING_BASIS",,,13.0,580.159.04,True,1,33d28339d8e211bd7fb8caf92bd340b82ae40abb,NVIDIA H200,421a523e82cb,"scripts/clock_elasticity.py: bursts of N back-to-back fused_experts calls under one pinned tile, each call L2-flushed and bracketed by its own pre-primed event pair, the FIRST call of every burst discarded as a drained-queue launch, a host-side idle gap after each burst setting the sustained duty cycle, and the SM clock, board power and memory clock read through NVML with the burst still in flight; NOT timing.TIMING_BASIS",,bandwidth=not supplied by caller; bandwidth_source=not supplied by caller; iters=not supplied by caller; ridge=not supplied by caller; ridge_source=not supplied by caller; sglang=package not installed,1,3.12.3,,,,200.0,2.13.0,3.7.1,2026-09-23T18:03:27+00:00,0.27.1,200.0
0.25,0.22734612071608862,2,1,0,mixtral-8x7b,bf16,32,64,64,4,8,4,8,256,1024,8,18,3,4.2328479290008545,4.164768218994141,0.025599650861233603,126,34.30288897620307,115.81931533813476,4.232975959777832,4.232928037643433,True,1965.0,1980.0,1935.0,1980 1890 1965 1890 1965 1965 1965 1950 1950 1965 1950 1965 1980 1980 1950 1965 1965 1935,18,nvml,False,high,True,,1470.0,312.0185,3201.0,False,6.478417199105024,6.431798733441087,274.92486476898193,True,ok,"LEVEL HIGH (recorded, never an exclusion here): loaded clock 1965 MHz against the 1470 MHz reference. At a duty cycle below 1.0 a HIGH reading is the experiment working, not a cell to drop.","scripts/clock_elasticity.py: bursts of N back-to-back fused_experts calls under one pinned tile, each call L2-flushed and bracketed by its own pre-primed event pair, the FIRST call of every burst discarded as a drained-queue launch, a host-side idle gap after each burst setting the sustained duty cycle, and the SM clock, board power and memory clock read through NVML with the burst still in flight; NOT timing.TIMING_BASIS",,,13.0,580.159.04,True,1,33d28339d8e211bd7fb8caf92bd340b82ae40abb,NVIDIA H200,421a523e82cb,"scripts/clock_elasticity.py: bursts of N back-to-back fused_experts calls under one pinned tile, each call L2-flushed and bracketed by its own pre-primed event pair, the FIRST call of every burst discarded as a drained-queue launch, a host-side idle gap after each burst setting the sustained duty cycle, and the SM clock, board power and memory clock read through NVML with the burst still in flight; NOT timing.TIMING_BASIS",,bandwidth=not supplied by caller; bandwidth_source=not supplied by caller; iters=not supplied by caller; ridge=not supplied by caller; ridge_source=not supplied by caller; sglang=package not installed,1,3.12.3,,,,200.0,2.13.0,3.7.1,2026-09-23T18:03:27+00:00,0.27.1,200.0
0.5,0.47371929299858706,1,1,1,mixtral-8x7b,bf16,32,64,64,4,8,4,1,32,128,53,18,3,0.7433599829673767,0.7346559762954712,0.004152505477216397,936,39.5257031387753,40.11147417426109,0.7439520061016083,0.7453919947147369,True,1905.0,1950.0,1920.0,1950 1950 1905 1665 1830 1830 1920 1845 1905 1695 1905 1905 1950 1860 1770 1860 1920 1920,18,nvml,False,high,True,,1470.0,513.822,3201.0,False,11.589337140321732,38.645861921593685,237.1069113612175,True,ok,"LEVEL HIGH (recorded, never an exclusion here): loaded clock 1905 MHz against the 1470 MHz reference. At a duty cycle below 1.0 a HIGH reading is the experiment working, not a cell to drop.","scripts/clock_elasticity.py: bursts of N back-to-back fused_experts calls under one pinned tile, each call L2-flushed and bracketed by its own pre-primed event pair, the FIRST call of every burst discarded as a drained-queue launch, a host-side idle gap after each burst setting the sustained duty cycle, and the SM clock, board power and memory clock read through NVML with the burst still in flight; NOT timing.TIMING_BASIS",,,13.0,580.159.04,True,1,33d28339d8e211bd7fb8caf92bd340b82ae40abb,NVIDIA H200,421a523e82cb,"scripts/clock_elasticity.py: bursts of N back-to-back fused_experts calls under one pinned tile, each call L2-flushed and bracketed by its own pre-primed event pair, the FIRST call of every burst discarded as a drained-queue launch, a host-side idle gap after each burst setting the sustained duty cycle, and the SM clock, board power and memory clock read through NVML with the burst still in flight; NOT timing.TIMING_BASIS",,bandwidth=not supplied by caller; bandwidth_source=not supplied by caller; iters=not supplied by caller; ridge=not supplied by caller; ridge_source=not supplied by caller; sglang=package not installed,1,3.12.3,,,,200.0,2.13.0,3.7.1,2026-09-23T18:03:27+00:00,0.27.1,200.0
0.5,0.4573925826545972,1,1,1,mixtral-8x7b,bf16,32,64,64,4,8,4,2,64,256,32,18,3,1.1125759482383728,1.0954560041427612,0.017124076549430243,558,35.86248352130254,40.203604804144966,1.1158400177955627,1.1061760187149048,True,1905.0,1905.0,1800.0,1905 1935 1950 1830 1890 1890 1875 1950 1740 1950 1950 1965 1845 1905 1905 1935 1950 1800,18,nvml,False,high,False,dropping,1470.0,499.0425,3201.0,False,7.3109823279082775,25.608268240656077,287.23081707954407,True,ok,"LEVEL HIGH (recorded, never an exclusion here): loaded clock 1905 MHz against the 1470 MHz reference. At a duty cycle below 1.0 a HIGH reading is the experiment working, not a cell to drop.; DRIFT failed, dropping: 1905 -> 1800 MHz over 18 bursts; this cell is EXCLUDED","scripts/clock_elasticity.py: bursts of N back-to-back fused_experts calls under one pinned tile, each call L2-flushed and bracketed by its own pre-primed event pair, the FIRST call of every burst discarded as a drained-queue launch, a host-side idle gap after each burst setting the sustained duty cycle, and the SM clock, board power and memory clock read through NVML with the burst still in flight; NOT timing.TIMING_BASIS",,,13.0,580.159.04,True,1,33d28339d8e211bd7fb8caf92bd340b82ae40abb,NVIDIA H200,421a523e82cb,"scripts/clock_elasticity.py: bursts of N back-to-back fused_experts calls under one pinned tile, each call L2-flushed and bracketed by its own pre-primed event pair, the FIRST call of every burst discarded as a drained-queue launch, a host-side idle gap after each burst setting the sustained duty cycle, and the SM clock, board power and memory clock read through NVML with the burst still in flight; NOT timing.TIMING_BASIS",,bandwidth=not supplied by caller; bandwidth_source=not supplied by caller; iters=not supplied by caller; ridge=not supplied by caller; ridge_source=not supplied by caller; sglang=package not installed,1,3.12.3,,,,200.0,2.13.0,3.7.1,2026-09-23T18:03:27+00:00,0.27.1,200.0
0.5,0.45965214460036513,1,1,1,mixtral-8x7b,bf16,32,64,64,4,8,4,3,96,384,21,18,3,1.6440160274505615,1.6201599836349487,0.03216252257057937,360,34.90443381336,39.45093631744385,1.649951994419098,1.6460480093955994,True,1927.5,1920.0,1935.0,1920 1935 1950 1950 1935 1950 1800 1800 1950 1950 1740 1890 1890 1965 1830 1845 1845 1935,18,nvml,False,high,True,,1470.0,503.52549999999997,3201.0,False,5.2246637642383575,17.90015994051679,209.63756787776947,True,ok,"LEVEL HIGH (recorded, never an exclusion here): loaded clock 1928 MHz against the 1470 MHz reference. At a duty cycle below 1.0 a HIGH reading is the experiment working, not a cell to drop.","scripts/clock_elasticity.py: bursts of N back-to-back fused_experts calls under one pinned tile, each call L2-flushed and bracketed by its own pre-primed event pair, the FIRST call of every burst discarded as a drained-queue launch, a host-side idle gap after each burst setting the sustained duty cycle, and the SM clock, board power and memory clock read through NVML with the burst still in flight; NOT timing.TIMING_BASIS",,,13.0,580.159.04,True,1,33d28339d8e211bd7fb8caf92bd340b82ae40abb,NVIDIA H200,421a523e82cb,"scripts/clock_elasticity.py: bursts of N back-to-back fused_experts calls under one pinned tile, each call L2-flushed and bracketed by its own pre-primed event pair, the FIRST call of every burst discarded as a drained-queue launch, a host-side idle gap after each burst setting the sustained duty cycle, and the SM clock, board power and memory clock read through NVML with the burst still in flight; NOT timing.TIMING_BASIS",,bandwidth=not supplied by caller; bandwidth_source=not supplied by caller; iters=not supplied by caller; ridge=not supplied by caller; ridge_source=not supplied by caller; sglang=package not installed,1,3.12.3,,,,200.0,2.13.0,3.7.1,2026-09-23T18:03:27+00:00,0.27.1,200.0
0.5,0.4628780857138771,1,1,1,mixtral-8x7b,bf16,32,64,64,4,8,4,4,128,512,17,18,3,2.125712037086487,2.1169919967651367,0.020769867941365452,288,36.46962659888797,41.01500095261468,2.142288029193878,2.1206560134887695,True,1950.0,1950.0,1935.0,1950 1965 1860 1920 1920 1950 1950 1965 1965 1965 1965 1920 1935 1935 1950 1965 1875 1935,18,nvml,False,high,True,,1470.0,482.088,3201.0,False,4.209738224744797,15.05564110940736,292.16876769065857,True,ok,"LEVEL HIGH (recorded, never an exclusion here): loaded clock 1950 MHz against the 1470 MHz reference. At a duty cycle below 1.0 a HIGH reading is the experiment working, not a cell to drop.","scripts/clock_elasticity.py: bursts of N back-to-back fused_experts calls under one pinned tile, each call L2-flushed and bracketed by its own pre-primed event pair, the FIRST call of every burst discarded as a drained-queue launch, a host-side idle gap after each burst setting the sustained duty cycle, and the SM clock, board power and memory clock read through NVML with the burst still in flight; NOT timing.TIMING_BASIS",,,13.0,580.159.04,True,1,33d28339d8e211bd7fb8caf92bd340b82ae40abb,NVIDIA H200,421a523e82cb,"scripts/clock_elasticity.py: bursts of N back-to-back fused_experts calls under one pinned tile, each call L2-flushed and bracketed by its own pre-primed event pair, the FIRST call of every burst discarded as a drained-queue launch, a host-side idle gap after each burst setting the sustained duty cycle, and the SM clock, board power and memory clock read through NVML with the burst still in flight; NOT timing.TIMING_BASIS",,bandwidth=not supplied by caller; bandwidth_source=not supplied by caller; iters=not supplied by caller; ridge=not supplied by caller; ridge_source=not supplied by caller; sglang=package not installed,1,3.12.3,,,,200.0,2.13.0,3.7.1,2026-09-23T18:03:27+00:00,0.27.1,200.0
0.5,0.46582237042960756,1,1,1,mixtral-8x7b,bf16,32,64,64,4,8,4,5,160,640,13,18,3,2.677743911743164,2.642911911010742,0.03353972750424063,216,35.0752586391237,39.19872866358076,2.683151960372925,2.674607992172241,True,1950.0,1950.0,1755.0,1950 1935 1935 1950 1950 1905 1905 1935 1950 1830 1830 1950 1950 1950 1950 1965 1950 1755,18,nvml,False,high,False,dropping,1470.0,503.532,3201.0,False,3.4239953383803368,11.637189722043622,211.62182450294495,True,ok,"LEVEL HIGH (recorded, never an exclusion here): loaded clock 1950 MHz against the 1470 MHz reference. At a duty cycle below 1.0 a HIGH reading is the experiment working, not a cell to drop.; DRIFT failed, dropping: 1950 -> 1755 MHz over 18 bursts; this cell is EXCLUDED","scripts/clock_elasticity.py: bursts of N back-to-back fused_experts calls under one pinned tile, each call L2-flushed and bracketed by its own pre-primed event pair, the FIRST call of every burst discarded as a drained-queue launch, a host-side idle gap after each burst setting the sustained duty cycle, and the SM clock, board power and memory clock read through NVML with the burst still in flight; NOT timing.TIMING_BASIS",,,13.0,580.159.04,True,1,33d28339d8e211bd7fb8caf92bd340b82ae40abb,NVIDIA H200,421a523e82cb,"scripts/clock_elasticity.py: bursts of N back-to-back fused_experts calls under one pinned tile, each call L2-flushed and bracketed by its own pre-primed event pair, the FIRST call of every burst discarded as a drained-queue launch, a host-side idle gap after each burst setting the sustained duty cycle, and the SM clock, board power and memory clock read through NVML with the burst still in flight; NOT timing.TIMING_BASIS",,bandwidth=not supplied by caller; bandwidth_source=not supplied by caller; iters=not supplied by caller; ridge=not supplied by caller; ridge_source=not supplied by caller; sglang=package not installed,1,3.12.3,,,,200.0,2.13.0,3.7.1,2026-09-23T18:03:27+00:00,0.27.1,200.0
0.5,0.46814695697923553,1,1,1,mixtral-8x7b,bf16,32,64,64,4,8,4,6,192,768,11,18,3,3.185007929801941,3.154304027557373,0.05497331767724596,180,35.43396804067824,39.3654507001241,3.1996479630470276,3.2072800397872925,True,1950.0,1965.0,1950.0,1965 1965 1890 1890 1935 1965 1890 1890 1890 1875 1950 1950 1950 1935 1965 1965 1965 1950,18,nvml,False,high,True,,1470.0,486.22249999999997,3201.0,False,2.8977161273360252,9.977536422573005,210.8105285167694,True,ok,"LEVEL HIGH (recorded, never an exclusion here): loaded clock 1950 MHz against the 1470 MHz reference. At a duty cycle below 1.0 a HIGH reading is the experiment working, not a cell to drop.","scripts/clock_elasticity.py: bursts of N back-to-back fused_experts calls under one pinned tile, each call L2-flushed and bracketed by its own pre-primed event pair, the FIRST call of every burst discarded as a drained-queue launch, a host-side idle gap after each burst setting the sustained duty cycle, and the SM clock, board power and memory clock read through NVML with the burst still in flight; NOT timing.TIMING_BASIS",,,13.0,580.159.04,True,1,33d28339d8e211bd7fb8caf92bd340b82ae40abb,NVIDIA H200,421a523e82cb,"scripts/clock_elasticity.py: bursts of N back-to-back fused_experts calls under one pinned tile, each call L2-flushed and bracketed by its own pre-primed event pair, the FIRST call of every burst discarded as a drained-queue launch, a host-side idle gap after each burst setting the sustained duty cycle, and the SM clock, board power and memory clock read through NVML with the burst still in flight; NOT timing.TIMING_BASIS",,bandwidth=not supplied by caller; bandwidth_source=not supplied by caller; iters=not supplied by caller; ridge=not supplied by caller; ridge_source=not supplied by caller; sglang=package not installed,1,3.12.3,,,,200.0,2.13.0,3.7.1,2026-09-23T18:03:27+00:00,0.27.1,200.0
0.5,0.434138030715803,1,1,1,mixtral-8x7b,bf16,32,64,64,4,8,4,7,224,896,8,18,3,3.706992030143738,3.679840087890625,0.0378669622423836,126,29.902835581037735,38.29125061035156,3.712704062461853,3.6874879598617554,True,1950.0,1890.0,1905.0,1890 1890 1965 1950 1950 1965 1965 1965 1950 1800 1800 1950 1905 1905 1965 1950 1905 1905,18,nvml,False,high,True,,1470.0,482.227,3201.0,False,2.7679335325956345,7.182314605040086,208.44147300720215,True,ok,"LEVEL HIGH (recorded, never an exclusion here): loaded clock 1950 MHz against the 1470 MHz reference. At a duty cycle below 1.0 a HIGH reading is the experiment working, not a cell to drop.","scripts/clock_elasticity.py: bursts of N back-to-back fused_experts calls under one pinned tile, each call L2-flushed and bracketed by its own pre-primed event pair, the FIRST call of every burst discarded as a drained-queue launch, a host-side idle gap after each burst setting the sustained duty cycle, and the SM clock, board power and memory clock read through NVML with the burst still in flight; NOT timing.TIMING_BASIS",,,13.0,580.159.04,True,1,33d28339d8e211bd7fb8caf92bd340b82ae40abb,NVIDIA H200,421a523e82cb,"scripts/clock_elasticity.py: bursts of N back-to-back fused_experts calls under one pinned tile, each call L2-flushed and bracketed by its own pre-primed event pair, the FIRST call of every burst discarded as a drained-queue launch, a host-side idle gap after each burst setting the sustained duty cycle, and the SM clock, board power and memory clock read through NVML with the burst still in flight; NOT timing.TIMING_BASIS",,bandwidth=not supplied by caller; bandwidth_source=not supplied by caller; iters=not supplied by caller; ridge=not supplied by caller; ridge_source=not supplied by caller; sglang=package not installed,1,3.12.3,,,,200.0,2.13.0,3.7.1,2026-09-23T18:03:27+00:00,0.27.1,200.0
0.5,0.4642990266238542,1,1,1,mixtral-8x7b,bf16,32,64,64,4,8,4,8,256,1024,8,18,3,4.23305606842041,4.196735858917236,0.03493964751160505,126,34.051569832695854,38.60643844604492,4.23414421081543,4.235759973526001,True,1942.5,1950.0,1950.0,1950 1935 1950 1935 1935 1935 1920 1920 1905 1965 1845 1845 1965 1965 1965 1965 1950 1950,18,nvml,False,high,True,,1470.0,477.105,3201.0,False,2.3395088501274586,7.398462299886709,205.20172834396362,True,ok,"LEVEL HIGH (recorded, never an exclusion here): loaded clock 1942 MHz against the 1470 MHz reference. At a duty cycle below 1.0 a HIGH reading is the experiment working, not a cell to drop.","scripts/clock_elasticity.py: bursts of N back-to-back fused_experts calls under one pinned tile, each call L2-flushed and bracketed by its own pre-primed event pair, the FIRST call of every burst discarded as a drained-queue launch, a host-side idle gap after each burst setting the sustained duty cycle, and the SM clock, board power and memory clock read through NVML with the burst still in flight; NOT timing.TIMING_BASIS",,,13.0,580.159.04,True,1,33d28339d8e211bd7fb8caf92bd340b82ae40abb,NVIDIA H200,421a523e82cb,"scripts/clock_elasticity.py: bursts of N back-to-back fused_experts calls under one pinned tile, each call L2-flushed and bracketed by its own pre-primed event pair, the FIRST call of every burst discarded as a drained-queue launch, a host-side idle gap after each burst setting the sustained duty cycle, and the SM clock, board power and memory clock read through NVML with the burst still in flight; NOT timing.TIMING_BASIS",,bandwidth=not supplied by caller; bandwidth_source=not supplied by caller; iters=not supplied by caller; ridge=not supplied by caller; ridge_source=not supplied by caller; sglang=package not installed,1,3.12.3,,,,200.0,2.13.0,3.7.1,2026-09-23T18:03:27+00:00,0.27.1,200.0
1.0,0.9154957204326415,0,1,2,mixtral-8x7b,bf16,32,64,64,4,8,4,1,32,128,53,18,3,0.7732000052928925,0.7577599883079529,0.006332695694994909,936,41.10305602351824,0.0,0.7745120227336884,0.774256020784378,True,1470.0,1455.0,1515.0,1455 1455 1455 1500 1500 1515 1515 1485 1485 1455 1455 1455 1470 1470 1470 1470 1515 1515,18,nvml,True,,True,,1470.0,696.8415,3201.0,False,11.599698103964329,39.19644181652472,246.52412831783295,True,ok,,"scripts/clock_elasticity.py: bursts of N back-to-back fused_experts calls under one pinned tile, each call L2-flushed and bracketed by its own pre-primed event pair, the FIRST call of every burst discarded as a drained-queue launch, a host-side idle gap after each burst setting the sustained duty cycle, and the SM clock, board power and memory clock read through NVML with the burst still in flight; NOT timing.TIMING_BASIS",,,13.0,580.159.04,True,1,33d28339d8e211bd7fb8caf92bd340b82ae40abb,NVIDIA H200,421a523e82cb,"scripts/clock_elasticity.py: bursts of N back-to-back fused_experts calls under one pinned tile, each call L2-flushed and bracketed by its own pre-primed event pair, the FIRST call of every burst discarded as a drained-queue launch, a host-side idle gap after each burst setting the sustained duty cycle, and the SM clock, board power and memory clock read through NVML with the burst still in flight; NOT timing.TIMING_BASIS",,bandwidth=not supplied by caller; bandwidth_source=not supplied by caller; iters=not supplied by caller; ridge=not supplied by caller; ridge_source=not supplied by caller; sglang=package not installed,1,3.12.3,,,,200.0,2.13.0,3.7.1,2026-09-23T18:03:27+00:00,0.27.1,200.0
1.0,0.9489322775234446,0,1,2,mixtral-8x7b,bf16,32,64,64,4,8,4,2,64,256,32,18,3,1.3273119926452637,1.2959040403366089,0.01329053486172234,558,42.67381868759791,0.0,1.327232003211975,1.3273599743843079,True,1635.0,1650.0,1605.0,1650 1650 1665 1665 1620 1620 1635 1635 1635 1635 1635 1635 1635 1635 1635 1605 1605 1605,18,nvml,False,high,True,,1470.0,694.4715,3201.0,False,7.0363967679440975,26.897746140310193,210.61033606529236,True,ok,"LEVEL HIGH (recorded, never an exclusion here): loaded clock 1635 MHz against the 1470 MHz reference. At a duty cycle below 1.0 a HIGH reading is the experiment working, not a cell to drop.","scripts/clock_elasticity.py: bursts of N back-to-back fused_experts calls under one pinned tile, each call L2-flushed and bracketed by its own pre-primed event pair, the FIRST call of every burst discarded as a drained-queue launch, a host-side idle gap after each burst setting the sustained duty cycle, and the SM clock, board power and memory clock read through NVML with the burst still in flight; NOT timing.TIMING_BASIS",,,13.0,580.159.04,True,1,33d28339d8e211bd7fb8caf92bd340b82ae40abb,NVIDIA H200,421a523e82cb,"scripts/clock_elasticity.py: bursts of N back-to-back fused_experts calls under one pinned tile, each call L2-flushed and bracketed by its own pre-primed event pair, the FIRST call of every burst discarded as a drained-queue launch, a host-side idle gap after each burst setting the sustained duty cycle, and the SM clock, board power and memory clock read through NVML with the burst still in flight; NOT timing.TIMING_BASIS",,bandwidth=not supplied by caller; bandwidth_source=not supplied by caller; iters=not supplied by caller; ridge=not supplied by caller; ridge_source=not supplied by caller; sglang=package not installed,1,3.12.3,,,,200.0,2.13.0,3.7.1,2026-09-23T18:03:27+00:00,0.27.1,200.0
1.0,0.9650089831691401,0,1,2,mixtral-8x7b,bf16,32,64,64,4,8,4,3,96,384,21,18,3,2.0011680126190186,1.9574079513549805,0.02217380844844835,360,42.09529945585463,0.0,2.002592086791992,2.0007359981536865,True,1597.5,1590.0,1575.0,1590 1590 1590 1620 1620 1605 1605 1635 1635 1635 1605 1605 1590 1590 1575 1575 1575 1575,18,nvml,False,high,True,,1470.0,694.211,3201.0,False,4.6236529015004635,18.728898284339852,247.0889596939087,True,ok,"LEVEL HIGH (recorded, never an exclusion here): loaded clock 1598 MHz against the 1470 MHz reference. At a duty cycle below 1.0 a HIGH reading is the experiment working, not a cell to drop.","scripts/clock_elasticity.py: bursts of N back-to-back fused_experts calls under one pinned tile, each call L2-flushed and bracketed by its own pre-primed event pair, the FIRST call of every burst discarded as a drained-queue launch, a host-side idle gap after each burst setting the sustained duty cycle, and the SM clock, board power and memory clock read through NVML with the burst still in flight; NOT timing.TIMING_BASIS",,,13.0,580.159.04,True,1,33d28339d8e211bd7fb8caf92bd340b82ae40abb,NVIDIA H200,421a523e82cb,"scripts/clock_elasticity.py: bursts of N back-to-back fused_experts calls under one pinned tile, each call L2-flushed and bracketed by its own pre-primed event pair, the FIRST call of every burst discarded as a drained-queue launch, a host-side idle gap after each burst setting the sustained duty cycle, and the SM clock, board power and memory clock read through NVML with the burst still in flight; NOT timing.TIMING_BASIS",,bandwidth=not supplied by caller; bandwidth_source=not supplied by caller; iters=not supplied by caller; ridge=not supplied by caller; ridge_source=not supplied by caller; sglang=package not installed,1,3.12.3,,,,200.0,2.13.0,3.7.1,2026-09-23T18:03:27+00:00,0.27.1,200.0
1.0,0.9711006900106064,0,1,2,mixtral-8x7b,bf16,32,64,64,4,8,4,4,128,512,17,18,3,2.4563199281692505,2.3856639862060547,0.026387836825208448,288,41.61076443725162,0.0,2.4630799889564514,2.4475600123405457,True,1710.0,1815.0,1710.0,1815 1695 1695 1710 1710 1755 1755 1755 1710 1710 1740 1740 1710 1710 1710 1710 1710 1710,18,nvml,False,high,False,dropping,1470.0,692.726,3201.0,False,3.854211885482073,15.430608785670525,203.5539836883545,True,ok,"LEVEL HIGH (recorded, never an exclusion here): loaded clock 1710 MHz against the 1470 MHz reference. At a duty cycle below 1.0 a HIGH reading is the experiment working, not a cell to drop.; DRIFT failed, dropping: 1815 -> 1710 MHz over 18 bursts; this cell is EXCLUDED","scripts/clock_elasticity.py: bursts of N back-to-back fused_experts calls under one pinned tile, each call L2-flushed and bracketed by its own pre-primed event pair, the FIRST call of every burst discarded as a drained-queue launch, a host-side idle gap after each burst setting the sustained duty cycle, and the SM clock, board power and memory clock read through NVML with the burst still in flight; NOT timing.TIMING_BASIS",,,13.0,580.159.04,True,1,33d28339d8e211bd7fb8caf92bd340b82ae40abb,NVIDIA H200,421a523e82cb,"scripts/clock_elasticity.py: bursts of N back-to-back fused_experts calls under one pinned tile, each call L2-flushed and bracketed by its own pre-primed event pair, the FIRST call of every burst discarded as a drained-queue launch, a host-side idle gap after each burst setting the sustained duty cycle, and the SM clock, board power and memory clock read through NVML with the burst still in flight; NOT timing.TIMING_BASIS",,bandwidth=not supplied by caller; bandwidth_source=not supplied by caller; iters=not supplied by caller; ridge=not supplied by caller; ridge_source=not supplied by caller; sglang=package not installed,1,3.12.3,,,,200.0,2.13.0,3.7.1,2026-09-23T18:03:27+00:00,0.27.1,200.0
1.0,0.9775199975614344,0,1,2,mixtral-8x7b,bf16,32,64,64,4,8,4,5,160,640,13,18,3,3.2191519737243652,3.122175931930542,0.046884841094756186,216,41.75805505116781,0.0,3.218751907348633,3.2203201055526733,True,1635.0,1605.0,1620.0,1605 1605 1665 1665 1665 1680 1680 1635 1635 1650 1650 1650 1635 1635 1620 1620 1620 1620,18,nvml,False,high,True,,1470.0,693.778,3201.0,False,2.954530995339155,12.070765517365732,245.961407661438,True,ok,"LEVEL HIGH (recorded, never an exclusion here): loaded clock 1635 MHz against the 1470 MHz reference. At a duty cycle below 1.0 a HIGH reading is the experiment working, not a cell to drop.","scripts/clock_elasticity.py: bursts of N back-to-back fused_experts calls under one pinned tile, each call L2-flushed and bracketed by its own pre-primed event pair, the FIRST call of every burst discarded as a drained-queue launch, a host-side idle gap after each burst setting the sustained duty cycle, and the SM clock, board power and memory clock read through NVML with the burst still in flight; NOT timing.TIMING_BASIS",,,13.0,580.159.04,True,1,33d28339d8e211bd7fb8caf92bd340b82ae40abb,NVIDIA H200,421a523e82cb,"scripts/clock_elasticity.py: bursts of N back-to-back fused_experts calls under one pinned tile, each call L2-flushed and bracketed by its own pre-primed event pair, the FIRST call of every burst discarded as a drained-queue launch, a host-side idle gap after each burst setting the sustained duty cycle, and the SM clock, board power and memory clock read through NVML with the burst still in flight; NOT timing.TIMING_BASIS",,bandwidth=not supplied by caller; bandwidth_source=not supplied by caller; iters=not supplied by caller; ridge=not supplied by caller; ridge_source=not supplied by caller; sglang=package not installed,1,3.12.3,,,,200.0,2.13.0,3.7.1,2026-09-23T18:03:27+00:00,0.27.1,200.0
1.0,0.9805981529213293,0,1,2,mixtral-8x7b,bf16,32,64,64,4,8,4,6,192,768,11,18,3,3.7478559017181396,3.705375909805298,0.034338841414986096,180,41.46302212609185,0.0,3.753152012825012,3.741872012615204,True,1680.0,1680.0,1665.0,1680 1680 1680 1680 1680 1695 1695 1680 1680 1680 1665 1665 1665 1665 1665 1650 1650 1665,18,nvml,False,high,True,,1470.0,693.929,3201.0,False,2.5192643515765667,10.314713919750142,204.90630316734314,True,ok,"LEVEL HIGH (recorded, never an exclusion here): loaded clock 1680 MHz against the 1470 MHz reference. At a duty cycle below 1.0 a HIGH reading is the experiment working, not a cell to drop.","scripts/clock_elasticity.py: bursts of N back-to-back fused_experts calls under one pinned tile, each call L2-flushed and bracketed by its own pre-primed event pair, the FIRST call of every burst discarded as a drained-queue launch, a host-side idle gap after each burst setting the sustained duty cycle, and the SM clock, board power and memory clock read through NVML with the burst still in flight; NOT timing.TIMING_BASIS",,,13.0,580.159.04,True,1,33d28339d8e211bd7fb8caf92bd340b82ae40abb,NVIDIA H200,421a523e82cb,"scripts/clock_elasticity.py: bursts of N back-to-back fused_experts calls under one pinned tile, each call L2-flushed and bracketed by its own pre-primed event pair, the FIRST call of every burst discarded as a drained-queue launch, a host-side idle gap after each burst setting the sustained duty cycle, and the SM clock, board power and memory clock read through NVML with the burst still in flight; NOT timing.TIMING_BASIS",,bandwidth=not supplied by caller; bandwidth_source=not supplied by caller; iters=not supplied by caller; ridge=not supplied by caller; ridge_source=not supplied by caller; sglang=package not installed,1,3.12.3,,,,200.0,2.13.0,3.7.1,2026-09-23T18:03:27+00:00,0.27.1,200.0
1.0,0.983238596974402,0,1,2,mixtral-8x7b,bf16,32,64,64,4,8,4,7,224,896,8,18,3,4.419888019561768,4.362048149108887,0.03281409098006338,126,35.47501328256395,0.0,4.4269280433654785,4.417743921279907,True,1657.5,1650.0,1635.0,1650 1680 1680 1680 1665 1665 1665 1650 1650 1650 1650 1650 1665 1665 1665 1635 1635 1635,18,nvml,False,high,True,,1470.0,693.865,3201.0,False,1.827690750360489,7.570133463636427,208.85014152526855,True,ok,"LEVEL HIGH (recorded, never an exclusion here): loaded clock 1658 MHz against the 1470 MHz reference. At a duty cycle below 1.0 a HIGH reading is the experiment working, not a cell to drop.","scripts/clock_elasticity.py: bursts of N back-to-back fused_experts calls under one pinned tile, each call L2-flushed and bracketed by its own pre-primed event pair, the FIRST call of every burst discarded as a drained-queue launch, a host-side idle gap after each burst setting the sustained duty cycle, and the SM clock, board power and memory clock read through NVML with the burst still in flight; NOT timing.TIMING_BASIS",,,13.0,580.159.04,True,1,33d28339d8e211bd7fb8caf92bd340b82ae40abb,NVIDIA H200,421a523e82cb,"scripts/clock_elasticity.py: bursts of N back-to-back fused_experts calls under one pinned tile, each call L2-flushed and bracketed by its own pre-primed event pair, the FIRST call of every burst discarded as a drained-queue launch, a host-side idle gap after each burst setting the sustained duty cycle, and the SM clock, board power and memory clock read through NVML with the burst still in flight; NOT timing.TIMING_BASIS",,bandwidth=not supplied by caller; bandwidth_source=not supplied by caller; iters=not supplied by caller; ridge=not supplied by caller; ridge_source=not supplied by caller; sglang=package not installed,1,3.12.3,,,,200.0,2.13.0,3.7.1,2026-09-23T18:03:27+00:00,0.27.1,200.0
1.0,0.9846623630056187,0,1,2,mixtral-8x7b,bf16,32,64,64,4,8,4,8,256,1024,8,18,3,4.880016088485718,4.678624153137207,0.057426846325734214,126,38.97877515686883,0.0,4.880016088485718,4.879648208618164,True,1710.0,1710.0,1710.0,1710 1710 1710 1710 1710 1710 1725 1725 1725 1740 1740 1710 1710 1710 1680 1680 1710 1710,18,nvml,False,high,True,,1470.0,694.981,3201.0,False,1.8343031406402588,7.597259154975186,234.98367977142334,True,ok,"LEVEL HIGH (recorded, never an exclusion here): loaded clock 1710 MHz against the 1470 MHz reference. At a duty cycle below 1.0 a HIGH reading is the experiment working, not a cell to drop.","scripts/clock_elasticity.py: bursts of N back-to-back fused_experts calls under one pinned tile, each call L2-flushed and bracketed by its own pre-primed event pair, the FIRST call of every burst discarded as a drained-queue launch, a host-side idle gap after each burst setting the sustained duty cycle, and the SM clock, board power and memory clock read through NVML with the burst still in flight; NOT timing.TIMING_BASIS",,,13.0,580.159.04,True,1,33d28339d8e211bd7fb8caf92bd340b82ae40abb,NVIDIA H200,421a523e82cb,"scripts/clock_elasticity.py: bursts of N back-to-back fused_experts calls under one pinned tile, each call L2-flushed and bracketed by its own pre-primed event pair, the FIRST call of every burst discarded as a drained-queue launch, a host-side idle gap after each burst setting the sustained duty cycle, and the SM clock, board power and memory clock read through NVML with the burst still in flight; NOT timing.TIMING_BASIS",,bandwidth=not supplied by caller; bandwidth_source=not supplied by caller; iters=not supplied by caller; ridge=not supplied by caller; ridge_source=not supplied by caller; sglang=package not installed,1,3.12.3,,,,200.0,2.13.0,3.7.1,2026-09-23T18:03:27+00:00,0.27.1,200.0
1.0,0.9159170539773416,0,2,0,mixtral-8x7b,bf16,32,64,64,4,8,4,1,32,128,53,18,3,0.7754720151424408,0.7627519965171814,0.004734802865346715,936,41.21278398235639,0.0,0.7759200036525726,0.7752480208873749,True,1485.0,1485.0,1500.0,1485 1485 1500 1500 1470 1470 1485 1485 1485 1485 1485 1455 1455 1485 1485 1470 1470 1500,18,nvml,True,,True,,1470.0,694.1535,3201.0,False,11.57234888523817,39.282676555915515,205.23536014556885,True,ok,,"scripts/clock_elasticity.py: bursts of N back-to-back fused_experts calls under one pinned tile, each call L2-flushed and bracketed by its own pre-primed event pair, the FIRST call of every burst discarded as a drained-queue launch, a host-side idle gap after each burst setting the sustained duty cycle, and the SM clock, board power and memory clock read through NVML with the burst still in flight; NOT timing.TIMING_BASIS",,,13.0,580.159.04,True,1,33d28339d8e211bd7fb8caf92bd340b82ae40abb,NVIDIA H200,421a523e82cb,"scripts/clock_elasticity.py: bursts of N back-to-back fused_experts calls under one pinned tile, each call L2-flushed and bracketed by its own pre-primed event pair, the FIRST call of every burst discarded as a drained-queue launch, a host-side idle gap after each burst setting the sustained duty cycle, and the SM clock, board power and memory clock read through NVML with the burst still in flight; NOT timing.TIMING_BASIS",,bandwidth=not supplied by caller; bandwidth_source=not supplied by caller; iters=not supplied by caller; ridge=not supplied by caller; ridge_source=not supplied by caller; sglang=package not installed,1,3.12.3,,,,200.0,2.13.0,3.7.1,2026-09-23T18:03:27+00:00,0.27.1,200.0
1.0,0.949108747360573,0,2,0,mixtral-8x7b,bf16,32,64,64,4,8,4,2,64,256,32,18,3,1.3307039737701416,1.3124480247497559,0.010974353759952364,558,42.7641084988912,0.0,1.3303679823875427,1.3388000130653381,True,1635.0,1635.0,1620.0,1635 1635 1635 1635 1635 1650 1650 1620 1620 1635 1635 1620 1620 1635 1635 1635 1620 1620,18,nvml,False,high,True,,1470.0,696.594,3201.0,False,7.0080445148050785,26.924450946159432,252.97180783748627,True,ok,"LEVEL HIGH (recorded, never an exclusion here): loaded clock 1635 MHz against the 1470 MHz reference. At a duty cycle below 1.0 a HIGH reading is the experiment working, not a cell to drop.","scripts/clock_elasticity.py: bursts of N back-to-back fused_experts calls under one pinned tile, each call L2-flushed and bracketed by its own pre-primed event pair, the FIRST call of every burst discarded as a drained-queue launch, a host-side idle gap after each burst setting the sustained duty cycle, and the SM clock, board power and memory clock read through NVML with the burst still in flight; NOT timing.TIMING_BASIS",,,13.0,580.159.04,True,1,33d28339d8e211bd7fb8caf92bd340b82ae40abb,NVIDIA H200,421a523e82cb,"scripts/clock_elasticity.py: bursts of N back-to-back fused_experts calls under one pinned tile, each call L2-flushed and bracketed by its own pre-primed event pair, the FIRST call of every burst discarded as a drained-queue launch, a host-side idle gap after each burst setting the sustained duty cycle, and the SM clock, board power and memory clock read through NVML with the burst still in flight; NOT timing.TIMING_BASIS",,bandwidth=not supplied by caller; bandwidth_source=not supplied by caller; iters=not supplied by caller; ridge=not supplied by caller; ridge_source=not supplied by caller; sglang=package not installed,1,3.12.3,,,,200.0,2.13.0,3.7.1,2026-09-23T18:03:27+00:00,0.27.1,200.0
1.0,0.9652127746081347,0,2,0,mixtral-8x7b,bf16,32,64,64,4,8,4,3,96,384,21,18,3,2.0217599868774414,1.9624639749526978,0.020356047546664688,360,42.270864003234436,0.0,2.021760106086731,2.0117759704589844,True,1612.5,1620.0,1635.0,1620 1635 1635 1590 1590 1620 1620 1620 1620 1620 1590 1590 1590 1590 1605 1605 1605 1635,18,nvml,False,high,True,,1470.0,695.3775,3201.0,False,4.6087331138551235,18.74433720949368,250.46678411960602,True,ok,"LEVEL HIGH (recorded, never an exclusion here): loaded clock 1612 MHz against the 1470 MHz reference. At a duty cycle below 1.0 a HIGH reading is the experiment working, not a cell to drop.","scripts/clock_elasticity.py: bursts of N back-to-back fused_experts calls under one pinned tile, each call L2-flushed and bracketed by its own pre-primed event pair, the FIRST call of every burst discarded as a drained-queue launch, a host-side idle gap after each burst setting the sustained duty cycle, and the SM clock, board power and memory clock read through NVML with the burst still in flight; NOT timing.TIMING_BASIS",,,13.0,580.159.04,True,1,33d28339d8e211bd7fb8caf92bd340b82ae40abb,NVIDIA H200,421a523e82cb,"scripts/clock_elasticity.py: bursts of N back-to-back fused_experts calls under one pinned tile, each call L2-flushed and bracketed by its own pre-primed event pair, the FIRST call of every burst discarded as a drained-queue launch, a host-side idle gap after each burst setting the sustained duty cycle, and the SM clock, board power and memory clock read through NVML with the burst still in flight; NOT timing.TIMING_BASIS",,bandwidth=not supplied by caller; bandwidth_source=not supplied by caller; iters=not supplied by caller; ridge=not supplied by caller; ridge_source=not supplied by caller; sglang=package not installed,1,3.12.3,,,,200.0,2.13.0,3.7.1,2026-09-23T18:03:27+00:00,0.27.1,200.0
1.0,0.9712874495577388,0,2,0,mixtral-8x7b,bf16,32,64,64,4,8,4,4,128,512,17,18,3,2.4597599506378174,2.389983892440796,0.036212047353894695,288,41.81480182541741,0.0,2.4629520177841187,2.456160008907318,True,1725.0,1710.0,1650.0,1710 1740 1740 1710 1710 1725 1725 1725 1725 1725 1710 1710 1725 1725 1725 1740 1740 1650,18,nvml,False,high,True,,1470.0,693.4110000000001,3201.0,False,3.843788057565689,15.440128008669628,206.47632002830505,True,ok,"LEVEL HIGH (recorded, never an exclusion here): loaded clock 1725 MHz against the 1470 MHz reference. At a duty cycle below 1.0 a HIGH reading is the experiment working, not a cell to drop.","scripts/clock_elasticity.py: bursts of N back-to-back fused_experts calls under one pinned tile, each call L2-flushed and bracketed by its own pre-primed event pair, the FIRST call of every burst discarded as a drained-queue launch, a host-side idle gap after each burst setting the sustained duty cycle, and the SM clock, board power and memory clock read through NVML with the burst still in flight; NOT timing.TIMING_BASIS",,,13.0,580.159.04,True,1,33d28339d8e211bd7fb8caf92bd340b82ae40abb,NVIDIA H200,421a523e82cb,"scripts/clock_elasticity.py: bursts of N back-to-back fused_experts calls under one pinned tile, each call L2-flushed and bracketed by its own pre-primed event pair, the FIRST call of every burst discarded as a drained-queue launch, a host-side idle gap after each burst setting the sustained duty cycle, and the SM clock, board power and memory clock read through NVML with the burst still in flight; NOT timing.TIMING_BASIS",,bandwidth=not supplied by caller; bandwidth_source=not supplied by caller; iters=not supplied by caller; ridge=not supplied by caller; ridge_source=not supplied by caller; sglang=package not installed,1,3.12.3,,,,200.0,2.13.0,3.7.1,2026-09-23T18:03:27+00:00,0.27.1,200.0
1.0,0.9775136133654263,0,2,0,mixtral-8x7b,bf16,32,64,64,4,8,4,5,160,640,13,18,3,3.2169439792633057,3.120255947113037,0.03937235118852479,216,41.7334985865487,0.0,3.2178879976272583,3.2199679613113403,True,1650.0,1665.0,1665.0,1665 1665 1680 1680 1680 1635 1635 1665 1665 1635 1635 1635 1635 1635 1620 1620 1665 1665,18,nvml,False,high,True,,1470.0,694.8955,3201.0,False,2.9505458660423756,12.060944147752107,248.1457588672638,True,ok,"LEVEL HIGH (recorded, never an exclusion here): loaded clock 1650 MHz against the 1470 MHz reference. At a duty cycle below 1.0 a HIGH reading is the experiment working, not a cell to drop.","scripts/clock_elasticity.py: bursts of N back-to-back fused_experts calls under one pinned tile, each call L2-flushed and bracketed by its own pre-primed event pair, the FIRST call of every burst discarded as a drained-queue launch, a host-side idle gap after each burst setting the sustained duty cycle, and the SM clock, board power and memory clock read through NVML with the burst still in flight; NOT timing.TIMING_BASIS",,,13.0,580.159.04,True,1,33d28339d8e211bd7fb8caf92bd340b82ae40abb,NVIDIA H200,421a523e82cb,"scripts/clock_elasticity.py: bursts of N back-to-back fused_experts calls under one pinned tile, each call L2-flushed and bracketed by its own pre-primed event pair, the FIRST call of every burst discarded as a drained-queue launch, a host-side idle gap after each burst setting the sustained duty cycle, and the SM clock, board power and memory clock read through NVML with the burst still in flight; NOT timing.TIMING_BASIS",,bandwidth=not supplied by caller; bandwidth_source=not supplied by caller; iters=not supplied by caller; ridge=not supplied by caller; ridge_source=not supplied by caller; sglang=package not installed,1,3.12.3,,,,200.0,2.13.0,3.7.1,2026-09-23T18:03:27+00:00,0.27.1,200.0
1.0,0.9806214810821102,0,2,0,mixtral-8x7b,bf16,32,64,64,4,8,4,6,192,768,11,18,3,3.7715519666671753,3.6989760398864746,0.035625996373443394,180,41.517694168620636,0.0,3.7639840245246887,3.7725119590759277,True,1680.0,1680.0,1665.0,1680 1680 1680 1665 1665 1680 1680 1695 1695 1695 1665 1665 1650 1650 1680 1680 1680 1665,18,nvml,False,high,True,,1470.0,694.019,3201.0,False,2.5390558876097202,10.321445451011407,206.12224054336548,True,ok,"LEVEL HIGH (recorded, never an exclusion here): loaded clock 1680 MHz against the 1470 MHz reference. At a duty cycle below 1.0 a HIGH reading is the experiment working, not a cell to drop.","scripts/clock_elasticity.py: bursts of N back-to-back fused_experts calls under one pinned tile, each call L2-flushed and bracketed by its own pre-primed event pair, the FIRST call of every burst discarded as a drained-queue launch, a host-side idle gap after each burst setting the sustained duty cycle, and the SM clock, board power and memory clock read through NVML with the burst still in flight; NOT timing.TIMING_BASIS",,,13.0,580.159.04,True,1,33d28339d8e211bd7fb8caf92bd340b82ae40abb,NVIDIA H200,421a523e82cb,"scripts/clock_elasticity.py: bursts of N back-to-back fused_experts calls under one pinned tile, each call L2-flushed and bracketed by its own pre-primed event pair, the FIRST call of every burst discarded as a drained-queue launch, a host-side idle gap after each burst setting the sustained duty cycle, and the SM clock, board power and memory clock read through NVML with the burst still in flight; NOT timing.TIMING_BASIS",,bandwidth=not supplied by caller; bandwidth_source=not supplied by caller; iters=not supplied by caller; ridge=not supplied by caller; ridge_source=not supplied by caller; sglang=package not installed,1,3.12.3,,,,200.0,2.13.0,3.7.1,2026-09-23T18:03:27+00:00,0.27.1,200.0
1.0,0.9832145814266978,0,2,0,mixtral-8x7b,bf16,32,64,64,4,8,4,7,224,896,8,18,3,4.407727956771851,4.277344226837158,0.04435042657040289,126,35.381674740049576,0.0,4.421231985092163,4.410367965698242,True,1665.0,1650.0,1635.0,1650 1680 1680 1680 1680 1680 1665 1665 1665 1650 1650 1650 1665 1665 1665 1635 1635 1635,18,nvml,False,high,True,,1470.0,694.1605,3201.0,False,1.816900447010994,7.570828434151508,211.16000032424927,True,ok,"LEVEL HIGH (recorded, never an exclusion here): loaded clock 1665 MHz against the 1470 MHz reference. At a duty cycle below 1.0 a HIGH reading is the experiment working, not a cell to drop.","scripts/clock_elasticity.py: bursts of N back-to-back fused_experts calls under one pinned tile, each call L2-flushed and bracketed by its own pre-primed event pair, the FIRST call of every burst discarded as a drained-queue launch, a host-side idle gap after each burst setting the sustained duty cycle, and the SM clock, board power and memory clock read through NVML with the burst still in flight; NOT timing.TIMING_BASIS",,,13.0,580.159.04,True,1,33d28339d8e211bd7fb8caf92bd340b82ae40abb,NVIDIA H200,421a523e82cb,"scripts/clock_elasticity.py: bursts of N back-to-back fused_experts calls under one pinned tile, each call L2-flushed and bracketed by its own pre-primed event pair, the FIRST call of every burst discarded as a drained-queue launch, a host-side idle gap after each burst setting the sustained duty cycle, and the SM clock, board power and memory clock read through NVML with the burst still in flight; NOT timing.TIMING_BASIS",,bandwidth=not supplied by caller; bandwidth_source=not supplied by caller; iters=not supplied by caller; ridge=not supplied by caller; ridge_source=not supplied by caller; sglang=package not installed,1,3.12.3,,,,200.0,2.13.0,3.7.1,2026-09-23T18:03:27+00:00,0.27.1,200.0
1.0,0.9847233666326638,0,2,0,mixtral-8x7b,bf16,32,64,64,4,8,4,8,256,1024,8,18,3,4.882799863815308,4.658175945281982,0.055063595934328434,126,39.10641606648763,0.0,4.883871793746948,4.881440162658691,True,1710.0,1710.0,1710.0,1710 1710 1710 1710 1710 1710 1710 1710 1695 1695 1710 1710 1710 1710 1710 1710 1710 1710,18,nvml,False,high,True,,1470.0,693.852,3201.0,False,1.8236408941447735,7.616226161974549,271.8258867263794,True,ok,"LEVEL HIGH (recorded, never an exclusion here): loaded clock 1710 MHz against the 1470 MHz reference. At a duty cycle below 1.0 a HIGH reading is the experiment working, not a cell to drop.","scripts/clock_elasticity.py: bursts of N back-to-back fused_experts calls under one pinned tile, each call L2-flushed and bracketed by its own pre-primed event pair, the FIRST call of every burst discarded as a drained-queue launch, a host-side idle gap after each burst setting the sustained duty cycle, and the SM clock, board power and memory clock read through NVML with the burst still in flight; NOT timing.TIMING_BASIS",,,13.0,580.159.04,True,1,33d28339d8e211bd7fb8caf92bd340b82ae40abb,NVIDIA H200,421a523e82cb,"scripts/clock_elasticity.py: bursts of N back-to-back fused_experts calls under one pinned tile, each call L2-flushed and bracketed by its own pre-primed event pair, the FIRST call of every burst discarded as a drained-queue launch, a host-side idle gap after each burst setting the sustained duty cycle, and the SM clock, board power and memory clock read through NVML with the burst still in flight; NOT timing.TIMING_BASIS",,bandwidth=not supplied by caller; bandwidth_source=not supplied by caller; iters=not supplied by caller; ridge=not supplied by caller; ridge_source=not supplied by caller; sglang=package not installed,1,3.12.3,,,,200.0,2.13.0,3.7.1,2026-09-23T18:03:27+00:00,0.27.1,200.0
0.5,0.47340099073544356,1,2,1,mixtral-8x7b,bf16,32,64,64,4,8,4,1,32,128,53,18,3,0.7425919771194458,0.7328320145606995,0.004450117827918587,936,39.480236480633415,40.11147417426109,0.7430079877376556,0.7432639896869659,True,1852.5,1965.0,1950.0,1965 1965 1800 1905 1935 1770 1695 1695 1800 1890 1935 1785 1815 1815 1800 1905 1935 1950,18,nvml,False,high,True,,1470.0,522.803,3201.0,False,11.602017562836409,38.12078389949882,355.06960022449493,True,ok,"LEVEL HIGH (recorded, never an exclusion here): loaded clock 1852 MHz against the 1470 MHz reference. At a duty cycle below 1.0 a HIGH reading is the experiment working, not a cell to drop.","scripts/clock_elasticity.py: bursts of N back-to-back fused_experts calls under one pinned tile, each call L2-flushed and bracketed by its own pre-primed event pair, the FIRST call of every burst discarded as a drained-queue launch, a host-side idle gap after each burst setting the sustained duty cycle, and the SM clock, board power and memory clock read through NVML with the burst still in flight; NOT timing.TIMING_BASIS",,,13.0,580.159.04,True,1,33d28339d8e211bd7fb8caf92bd340b82ae40abb,NVIDIA H200,421a523e82cb,"scripts/clock_elasticity.py: bursts of N back-to-back fused_experts calls under one pinned tile, each call L2-flushed and bracketed by its own pre-primed event pair, the FIRST call of every burst discarded as a drained-queue launch, a host-side idle gap after each burst setting the sustained duty cycle, and the SM clock, board power and memory clock read through NVML with the burst still in flight; NOT timing.TIMING_BASIS",,bandwidth=not supplied by caller; bandwidth_source=not supplied by caller; iters=not supplied by caller; ridge=not supplied by caller; ridge_source=not supplied by caller; sglang=package not installed,1,3.12.3,,,,200.0,2.13.0,3.7.1,2026-09-23T18:03:27+00:00,0.27.1,200.0
0.5,0.4576232701236019,1,2,1,mixtral-8x7b,bf16,32,64,64,4,8,4,2,64,256,32,18,3,1.111024022102356,1.0923199653625488,0.02195258626935867,558,35.89460451073117,40.203604804144966,1.114575982093811,1.1131359934806824,True,1897.5,1935.0,1845.0,1935 1965 1860 1920 1920 1935 1950 1785 1785 1875 1845 1950 1845 1845 1935 1965 1845 1845,18,nvml,False,high,True,,1470.0,505.37149999999997,3201.0,False,7.220264989882708,25.38631479751342,253.73849511146545,True,ok,"LEVEL HIGH (recorded, never an exclusion here): loaded clock 1898 MHz against the 1470 MHz reference. At a duty cycle below 1.0 a HIGH reading is the experiment working, not a cell to drop.","scripts/clock_elasticity.py: bursts of N back-to-back fused_experts calls under one pinned tile, each call L2-flushed and bracketed by its own pre-primed event pair, the FIRST call of every burst discarded as a drained-queue launch, a host-side idle gap after each burst setting the sustained duty cycle, and the SM clock, board power and memory clock read through NVML with the burst still in flight; NOT timing.TIMING_BASIS",,,13.0,580.159.04,True,1,33d28339d8e211bd7fb8caf92bd340b82ae40abb,NVIDIA H200,421a523e82cb,"scripts/clock_elasticity.py: bursts of N back-to-back fused_experts calls under one pinned tile, each call L2-flushed and bracketed by its own pre-primed event pair, the FIRST call of every burst discarded as a drained-queue launch, a host-side idle gap after each burst setting the sustained duty cycle, and the SM clock, board power and memory clock read through NVML with the burst still in flight; NOT timing.TIMING_BASIS",,bandwidth=not supplied by caller; bandwidth_source=not supplied by caller; iters=not supplied by caller; ridge=not supplied by caller; ridge_source=not supplied by caller; sglang=package not installed,1,3.12.3,,,,200.0,2.13.0,3.7.1,2026-09-23T18:03:27+00:00,0.27.1,200.0
0.5,0.4596964612125588,1,2,1,mixtral-8x7b,bf16,32,64,64,4,8,4,3,96,384,21,18,3,1.6445919871330261,1.6196160316467285,0.03422286930872551,360,34.905722657839455,39.45093631744385,1.6512159705162048,1.6440800428390503,True,1897.5,1860.0,1935.0,1860 1950 1785 1785 1860 1920 1845 1845 1905 1920 1860 1860 1890 1920 1920 1935 1935 1935,18,nvml,False,high,True,,1470.0,507.731,3201.0,False,4.816600587219,18.17210934025718,313.5569920539856,True,ok,"LEVEL HIGH (recorded, never an exclusion here): loaded clock 1898 MHz against the 1470 MHz reference. At a duty cycle below 1.0 a HIGH reading is the experiment working, not a cell to drop.","scripts/clock_elasticity.py: bursts of N back-to-back fused_experts calls under one pinned tile, each call L2-flushed and bracketed by its own pre-primed event pair, the FIRST call of every burst discarded as a drained-queue launch, a host-side idle gap after each burst setting the sustained duty cycle, and the SM clock, board power and memory clock read through NVML with the burst still in flight; NOT timing.TIMING_BASIS",,,13.0,580.159.04,True,1,33d28339d8e211bd7fb8caf92bd340b82ae40abb,NVIDIA H200,421a523e82cb,"scripts/clock_elasticity.py: bursts of N back-to-back fused_experts calls under one pinned tile, each call L2-flushed and bracketed by its own pre-primed event pair, the FIRST call of every burst discarded as a drained-queue launch, a host-side idle gap after each burst setting the sustained duty cycle, and the SM clock, board power and memory clock read through NVML with the burst still in flight; NOT timing.TIMING_BASIS",,bandwidth=not supplied by caller; bandwidth_source=not supplied by caller; iters=not supplied by caller; ridge=not supplied by caller; ridge_source=not supplied by caller; sglang=package not installed,1,3.12.3,,,,200.0,2.13.0,3.7.1,2026-09-23T18:03:27+00:00,0.27.1,200.0
0.5,0.4628128173089952,1,2,1,mixtral-8x7b,bf16,32,64,64,4,8,4,4,128,512,17,18,3,2.1384799480438232,2.1005120277404785,0.028656120029737057,288,36.460654205746124,41.01500095261468,2.143999993801117,2.1384159922599792,True,1927.5,1860.0,1935.0,1860 1860 1905 1935 1965 1965 1965 1965 1965 1890 1890 1920 1950 1965 1845 1845 1905 1935,18,nvml,False,high,True,,1470.0,490.514,3201.0,False,4.0394761599600315,14.909908939124543,220.610111951828,True,ok,"LEVEL HIGH (recorded, never an exclusion here): loaded clock 1928 MHz against the 1470 MHz reference. At a duty cycle below 1.0 a HIGH reading is the experiment working, not a cell to drop.","scripts/clock_elasticity.py: bursts of N back-to-back fused_experts calls under one pinned tile, each call L2-flushed and bracketed by its own pre-primed event pair, the FIRST call of every burst discarded as a drained-queue launch, a host-side idle gap after each burst setting the sustained duty cycle, and the SM clock, board power and memory clock read through NVML with the burst still in flight; NOT timing.TIMING_BASIS",,,13.0,580.159.04,True,1,33d28339d8e211bd7fb8caf92bd340b82ae40abb,NVIDIA H200,421a523e82cb,"scripts/clock_elasticity.py: bursts of N back-to-back fused_experts calls under one pinned tile, each call L2-flushed and bracketed by its own pre-primed event pair, the FIRST call of every burst discarded as a drained-queue launch, a host-side idle gap after each burst setting the sustained duty cycle, and the SM clock, board power and memory clock read through NVML with the burst still in flight; NOT timing.TIMING_BASIS",,bandwidth=not supplied by caller; bandwidth_source=not supplied by caller; iters=not supplied by caller; ridge=not supplied by caller; ridge_source=not supplied by caller; sglang=package not installed,1,3.12.3,,,,200.0,2.13.0,3.7.1,2026-09-23T18:03:27+00:00,0.27.1,200.0
0.5,0.46653992239417896,1,2,1,mixtral-8x7b,bf16,32,64,64,4,8,4,5,160,640,13,18,3,2.677183985710144,2.6398720741271973,0.041422525094250415,216,35.18063822057512,39.19872866358076,2.6902559995651245,2.670064091682434,True,1860.0,1935.0,1890.0,1935 1965 1785 1785 1875 1965 1800 1800 1860 1950 1785 1785 1860 1950 1845 1845 1920 1890,18,nvml,False,high,True,,1470.0,500.695,3201.0,False,3.379509784281254,11.36871812292822,246.20899367332458,True,ok,"LEVEL HIGH (recorded, never an exclusion here): loaded clock 1860 MHz against the 1470 MHz reference. At a duty cycle below 1.0 a HIGH reading is the experiment working, not a cell to drop.","scripts/clock_elasticity.py: bursts of N back-to-back fused_experts calls under one pinned tile, each call L2-flushed and bracketed by its own pre-primed event pair, the FIRST call of every burst discarded as a drained-queue launch, a host-side idle gap after each burst setting the sustained duty cycle, and the SM clock, board power and memory clock read through NVML with the burst still in flight; NOT timing.TIMING_BASIS",,,13.0,580.159.04,True,1,33d28339d8e211bd7fb8caf92bd340b82ae40abb,NVIDIA H200,421a523e82cb,"scripts/clock_elasticity.py: bursts of N back-to-back fused_experts calls under one pinned tile, each call L2-flushed and bracketed by its own pre-primed event pair, the FIRST call of every burst discarded as a drained-queue launch, a host-side idle gap after each burst setting the sustained duty cycle, and the SM clock, board power and memory clock read through NVML with the burst still in flight; NOT timing.TIMING_BASIS",,bandwidth=not supplied by caller; bandwidth_source=not supplied by caller; iters=not supplied by caller; ridge=not supplied by caller; ridge_source=not supplied by caller; sglang=package not installed,1,3.12.3,,,,200.0,2.13.0,3.7.1,2026-09-23T18:03:27+00:00,0.27.1,200.0
0.5,0.4668030174108804,1,2,1,mixtral-8x7b,bf16,32,64,64,4,8,4,6,192,768,11,18,3,3.184448003768921,3.1552319526672363,0.0301514718918424,180,35.23929235670302,39.3654507001241,3.190783977508545,3.185527980327606,True,1905.0,1905.0,1965.0,1905 1950 1860 1860 1965 1965 1755 1890 1890 1965 1905 1905 1905 1965 1905 1890 1890 1965,18,nvml,False,high,True,,1470.0,502.3975,3201.0,False,2.8867297805845737,10.073430535427761,213.09641551971436,True,ok,"LEVEL HIGH (recorded, never an exclusion here): loaded clock 1905 MHz against the 1470 MHz reference. At a duty cycle below 1.0 a HIGH reading is the experiment working, not a cell to drop.","scripts/clock_elasticity.py: bursts of N back-to-back fused_experts calls under one pinned tile, each call L2-flushed and bracketed by its own pre-primed event pair, the FIRST call of every burst discarded as a drained-queue launch, a host-side idle gap after each burst setting the sustained duty cycle, and the SM clock, board power and memory clock read through NVML with the burst still in flight; NOT timing.TIMING_BASIS",,,13.0,580.159.04,True,1,33d28339d8e211bd7fb8caf92bd340b82ae40abb,NVIDIA H200,421a523e82cb,"scripts/clock_elasticity.py: bursts of N back-to-back fused_experts calls under one pinned tile, each call L2-flushed and bracketed by its own pre-primed event pair, the FIRST call of every burst discarded as a drained-queue launch, a host-side idle gap after each burst setting the sustained duty cycle, and the SM clock, board power and memory clock read through NVML with the burst still in flight; NOT timing.TIMING_BASIS",,bandwidth=not supplied by caller; bandwidth_source=not supplied by caller; iters=not supplied by caller; ridge=not supplied by caller; ridge_source=not supplied by caller; sglang=package not installed,1,3.12.3,,,,200.0,2.13.0,3.7.1,2026-09-23T18:03:27+00:00,0.27.1,200.0
0.5,0.43352927068647173,1,2,1,mixtral-8x7b,bf16,32,64,64,4,8,4,7,224,896,8,18,3,3.699056029319763,3.6513280868530273,0.052500077559218164,126,29.83012619283464,38.29125061035156,3.7136319875717163,3.676479935646057,True,1950.0,1965.0,1965.0,1965 1965 1935 1800 1800 1965 1890 1890 1965 1965 1890 1890 1965 1950 1950 1935 1965 1965,18,nvml,False,high,True,,1470.0,489.238,3201.0,False,2.7771047316491604,7.223603536663123,209.4416630268097,True,ok,"LEVEL HIGH (recorded, never an exclusion here): loaded clock 1950 MHz against the 1470 MHz reference. At a duty cycle below 1.0 a HIGH reading is the experiment working, not a cell to drop.","scripts/clock_elasticity.py: bursts of N back-to-back fused_experts calls under one pinned tile, each call L2-flushed and bracketed by its own pre-primed event pair, the FIRST call of every burst discarded as a drained-queue launch, a host-side idle gap after each burst setting the sustained duty cycle, and the SM clock, board power and memory clock read through NVML with the burst still in flight; NOT timing.TIMING_BASIS",,,13.0,580.159.04,True,1,33d28339d8e211bd7fb8caf92bd340b82ae40abb,NVIDIA H200,421a523e82cb,"scripts/clock_elasticity.py: bursts of N back-to-back fused_experts calls under one pinned tile, each call L2-flushed and bracketed by its own pre-primed event pair, the FIRST call of every burst discarded as a drained-queue launch, a host-side idle gap after each burst setting the sustained duty cycle, and the SM clock, board power and memory clock read through NVML with the burst still in flight; NOT timing.TIMING_BASIS",,bandwidth=not supplied by caller; bandwidth_source=not supplied by caller; iters=not supplied by caller; ridge=not supplied by caller; ridge_source=not supplied by caller; sglang=package not installed,1,3.12.3,,,,200.0,2.13.0,3.7.1,2026-09-23T18:03:27+00:00,0.27.1,200.0
0.5,0.46373252351596295,1,2,1,mixtral-8x7b,bf16,32,64,64,4,8,4,8,256,1024,8,18,3,4.2015039920806885,4.1636481285095215,0.05232522569631889,126,33.97486215167575,38.60643844604492,4.234992027282715,4.235487937927246,True,1957.5,1965.0,1965.0,1965 1965 1965 1965 1965 1950 1935 1935 1935 1890 1905 1905 1965 1845 1845 1965 1965 1965,18,nvml,False,high,True,,1470.0,487.227,3201.0,False,2.336472272872925,7.373955093600305,236.33852767944336,True,ok,"LEVEL HIGH (recorded, never an exclusion here): loaded clock 1958 MHz against the 1470 MHz reference. At a duty cycle below 1.0 a HIGH reading is the experiment working, not a cell to drop.","scripts/clock_elasticity.py: bursts of N back-to-back fused_experts calls under one pinned tile, each call L2-flushed and bracketed by its own pre-primed event pair, the FIRST call of every burst discarded as a drained-queue launch, a host-side idle gap after each burst setting the sustained duty cycle, and the SM clock, board power and memory clock read through NVML with the burst still in flight; NOT timing.TIMING_BASIS",,,13.0,580.159.04,True,1,33d28339d8e211bd7fb8caf92bd340b82ae40abb,NVIDIA H200,421a523e82cb,"scripts/clock_elasticity.py: bursts of N back-to-back fused_experts calls under one pinned tile, each call L2-flushed and bracketed by its own pre-primed event pair, the FIRST call of every burst discarded as a drained-queue launch, a host-side idle gap after each burst setting the sustained duty cycle, and the SM clock, board power and memory clock read through NVML with the burst still in flight; NOT timing.TIMING_BASIS",,bandwidth=not supplied by caller; bandwidth_source=not supplied by caller; iters=not supplied by caller; ridge=not supplied by caller; ridge_source=not supplied by caller; sglang=package not installed,1,3.12.3,,,,200.0,2.13.0,3.7.1,2026-09-23T18:03:27+00:00,0.27.1,200.0
0.25,0.24168459937981351,2,2,2,mixtral-8x7b,bf16,32,64,64,4,8,4,1,32,128,53,18,3,0.7411839962005615,0.7318400144577026,0.009370955675375396,936,39.576904886298706,120.33442252278327,0.7415519952774048,0.7412959933280945,True,1965.0,1965.0,1950.0,1965 1965 1890 1950 1965 1965 1965 1845 1950 1965 1950 1965 1965 1950 1965 1965 1965 1950,18,nvml,False,high,True,,1470.0,320.068,3201.0,False,16.001378651708364,31.335047553361,320.60729598999023,True,ok,"LEVEL HIGH (recorded, never an exclusion here): loaded clock 1965 MHz against the 1470 MHz reference. At a duty cycle below 1.0 a HIGH reading is the experiment working, not a cell to drop.","scripts/clock_elasticity.py: bursts of N back-to-back fused_experts calls under one pinned tile, each call L2-flushed and bracketed by its own pre-primed event pair, the FIRST call of every burst discarded as a drained-queue launch, a host-side idle gap after each burst setting the sustained duty cycle, and the SM clock, board power and memory clock read through NVML with the burst still in flight; NOT timing.TIMING_BASIS",,,13.0,580.159.04,True,1,33d28339d8e211bd7fb8caf92bd340b82ae40abb,NVIDIA H200,421a523e82cb,"scripts/clock_elasticity.py: bursts of N back-to-back fused_experts calls under one pinned tile, each call L2-flushed and bracketed by its own pre-primed event pair, the FIRST call of every burst discarded as a drained-queue launch, a host-side idle gap after each burst setting the sustained duty cycle, and the SM clock, board power and memory clock read through NVML with the burst still in flight; NOT timing.TIMING_BASIS",,bandwidth=not supplied by caller; bandwidth_source=not supplied by caller; iters=not supplied by caller; ridge=not supplied by caller; ridge_source=not supplied by caller; sglang=package not installed,1,3.12.3,,,,200.0,2.13.0,3.7.1,2026-09-23T18:03:27+00:00,0.27.1,200.0
0.25,0.2245426067969522,2,2,2,mixtral-8x7b,bf16,32,64,64,4,8,4,2,64,256,32,18,3,1.0997120141983032,1.096127986907959,0.014705724162717253,558,35.61994134055244,120.6108144124349,1.0988640189170837,1.1009759902954102,True,1957.5,1950.0,1950.0,1950 1965 1950 1965 1965 1950 1965 1920 1920 1875 1950 1965 1965 1965 1950 1965 1965 1950,18,nvml,False,high,True,,1470.0,311.18899999999996,3201.0,False,14.840064570307732,19.114860277781382,463.57808017730713,True,ok,"LEVEL HIGH (recorded, never an exclusion here): loaded clock 1958 MHz against the 1470 MHz reference. At a duty cycle below 1.0 a HIGH reading is the experiment working, not a cell to drop.","scripts/clock_elasticity.py: bursts of N back-to-back fused_experts calls under one pinned tile, each call L2-flushed and bracketed by its own pre-primed event pair, the FIRST call of every burst discarded as a drained-queue launch, a host-side idle gap after each burst setting the sustained duty cycle, and the SM clock, board power and memory clock read through NVML with the burst still in flight; NOT timing.TIMING_BASIS",,,13.0,580.159.04,True,1,33d28339d8e211bd7fb8caf92bd340b82ae40abb,NVIDIA H200,421a523e82cb,"scripts/clock_elasticity.py: bursts of N back-to-back fused_experts calls under one pinned tile, each call L2-flushed and bracketed by its own pre-primed event pair, the FIRST call of every burst discarded as a drained-queue launch, a host-side idle gap after each burst setting the sustained duty cycle, and the SM clock, board power and memory clock read through NVML with the burst still in flight; NOT timing.TIMING_BASIS",,bandwidth=not supplied by caller; bandwidth_source=not supplied by caller; iters=not supplied by caller; ridge=not supplied by caller; ridge_source=not supplied by caller; sglang=package not installed,1,3.12.3,,,,200.0,2.13.0,3.7.1,2026-09-23T18:03:27+00:00,0.27.1,200.0
0.25,0.22437538114559602,2,2,2,mixtral-8x7b,bf16,32,64,64,4,8,4,3,96,384,21,18,3,1.6262400150299072,1.6196800470352173,0.02143361643740239,360,34.725231885910034,118.35280895233154,1.6228159666061401,1.629248023033142,True,1965.0,1920.0,1890.0,1920 1965 1965 1965 1800 1965 1965 1965 1875 1920 1965 1950 1965 1905 1965 1935 1965 1890,18,nvml,False,high,True,,1470.0,310.794,3201.0,False,16.28552470356226,11.413486323488646,208.96815991401672,True,ok,"LEVEL HIGH (recorded, never an exclusion here): loaded clock 1965 MHz against the 1470 MHz reference. At a duty cycle below 1.0 a HIGH reading is the experiment working, not a cell to drop.","scripts/clock_elasticity.py: bursts of N back-to-back fused_experts calls under one pinned tile, each call L2-flushed and bracketed by its own pre-primed event pair, the FIRST call of every burst discarded as a drained-queue launch, a host-side idle gap after each burst setting the sustained duty cycle, and the SM clock, board power and memory clock read through NVML with the burst still in flight; NOT timing.TIMING_BASIS",,,13.0,580.159.04,True,1,33d28339d8e211bd7fb8caf92bd340b82ae40abb,NVIDIA H200,421a523e82cb,"scripts/clock_elasticity.py: bursts of N back-to-back fused_experts calls under one pinned tile, each call L2-flushed and bracketed by its own pre-primed event pair, the FIRST call of every burst discarded as a drained-queue launch, a host-side idle gap after each burst setting the sustained duty cycle, and the SM clock, board power and memory clock read through NVML with the burst still in flight; NOT timing.TIMING_BASIS",,bandwidth=not supplied by caller; bandwidth_source=not supplied by caller; iters=not supplied by caller; ridge=not supplied by caller; ridge_source=not supplied by caller; sglang=package not installed,1,3.12.3,,,,200.0,2.13.0,3.7.1,2026-09-23T18:03:27+00:00,0.27.1,200.0
0.25,0.22660659303897582,2,2,2,mixtral-8x7b,bf16,32,64,64,4,8,4,4,128,512,17,18,3,2.1204159259796143,2.1016321182250977,0.01025467391920302,288,36.45392360952165,123.04500285784403,2.1217040419578552,2.1200960278511047,True,1965.0,1965.0,1965.0,1965 1935 1965 1935 1965 1965 1950 1965 1965 1965 1965 1935 1965 1965 1965 1965 1980 1965,18,nvml,False,high,True,,1470.0,300.20550000000003,3201.0,False,10.208541061729193,11.48662837852514,219.81478428840637,True,ok,"LEVEL HIGH (recorded, never an exclusion here): loaded clock 1965 MHz against the 1470 MHz reference. At a duty cycle below 1.0 a HIGH reading is the experiment working, not a cell to drop.","scripts/clock_elasticity.py: bursts of N back-to-back fused_experts calls under one pinned tile, each call L2-flushed and bracketed by its own pre-primed event pair, the FIRST call of every burst discarded as a drained-queue launch, a host-side idle gap after each burst setting the sustained duty cycle, and the SM clock, board power and memory clock read through NVML with the burst still in flight; NOT timing.TIMING_BASIS",,,13.0,580.159.04,True,1,33d28339d8e211bd7fb8caf92bd340b82ae40abb,NVIDIA H200,421a523e82cb,"scripts/clock_elasticity.py: bursts of N back-to-back fused_experts calls under one pinned tile, each call L2-flushed and bracketed by its own pre-primed event pair, the FIRST call of every burst discarded as a drained-queue launch, a host-side idle gap after each burst setting the sustained duty cycle, and the SM clock, board power and memory clock read through NVML with the burst still in flight; NOT timing.TIMING_BASIS",,bandwidth=not supplied by caller; bandwidth_source=not supplied by caller; iters=not supplied by caller; ridge=not supplied by caller; ridge_source=not supplied by caller; sglang=package not installed,1,3.12.3,,,,200.0,2.13.0,3.7.1,2026-09-23T18:03:27+00:00,0.27.1,200.0
0.25,0.22781616719066275,2,2,2,mixtral-8x7b,bf16,32,64,64,4,8,4,5,160,640,13,18,3,2.650991916656494,2.6452159881591797,0.022558468565633902,216,35.0267057551278,117.59618599074227,2.6490399837493896,2.653167963027954,True,1965.0,1950.0,1935.0,1950 1965 1965 1965 1935 1965 1935 1965 1920 1965 1965 1950 1935 1950 1965 1965 1965 1935,18,nvml,False,high,True,,1470.0,317.8665,3201.0,False,9.515057783573866,9.267139683391056,351.0105288028717,True,ok,"LEVEL HIGH (recorded, never an exclusion here): loaded clock 1965 MHz against the 1470 MHz reference. At a duty cycle below 1.0 a HIGH reading is the experiment working, not a cell to drop.","scripts/clock_elasticity.py: bursts of N back-to-back fused_experts calls under one pinned tile, each call L2-flushed and bracketed by its own pre-primed event pair, the FIRST call of every burst discarded as a drained-queue launch, a host-side idle gap after each burst setting the sustained duty cycle, and the SM clock, board power and memory clock read through NVML with the burst still in flight; NOT timing.TIMING_BASIS",,,13.0,580.159.04,True,1,33d28339d8e211bd7fb8caf92bd340b82ae40abb,NVIDIA H200,421a523e82cb,"scripts/clock_elasticity.py: bursts of N back-to-back fused_experts calls under one pinned tile, each call L2-flushed and bracketed by its own pre-primed event pair, the FIRST call of every burst discarded as a drained-queue launch, a host-side idle gap after each burst setting the sustained duty cycle, and the SM clock, board power and memory clock read through NVML with the burst still in flight; NOT timing.TIMING_BASIS",,bandwidth=not supplied by caller; bandwidth_source=not supplied by caller; iters=not supplied by caller; ridge=not supplied by caller; ridge_source=not supplied by caller; sglang=package not installed,1,3.12.3,,,,200.0,2.13.0,3.7.1,2026-09-23T18:03:27+00:00,0.27.1,200.0
0.25,0.22895751144695356,2,2,2,mixtral-8x7b,bf16,32,64,64,4,8,4,6,192,768,11,18,3,3.159503936767578,3.154848098754883,0.02331935607502324,180,35.370705750253464,118.0963521003723,3.1612560153007507,3.1598960757255554,True,1965.0,1935.0,1965.0,1935 1965 1905 1965 1830 1965 1965 1965 1890 1935 1965 1965 1770 1965 1965 1965 1965 1965,18,nvml,False,high,True,,1470.0,314.71799999999996,3201.0,False,7.5364140793681145,8.208853912555169,212.65753555297852,True,ok,"LEVEL HIGH (recorded, never an exclusion here): loaded clock 1965 MHz against the 1470 MHz reference. At a duty cycle below 1.0 a HIGH reading is the experiment working, not a cell to drop.","scripts/clock_elasticity.py: bursts of N back-to-back fused_experts calls under one pinned tile, each call L2-flushed and bracketed by its own pre-primed event pair, the FIRST call of every burst discarded as a drained-queue launch, a host-side idle gap after each burst setting the sustained duty cycle, and the SM clock, board power and memory clock read through NVML with the burst still in flight; NOT timing.TIMING_BASIS",,,13.0,580.159.04,True,1,33d28339d8e211bd7fb8caf92bd340b82ae40abb,NVIDIA H200,421a523e82cb,"scripts/clock_elasticity.py: bursts of N back-to-back fused_experts calls under one pinned tile, each call L2-flushed and bracketed by its own pre-primed event pair, the FIRST call of every burst discarded as a drained-queue launch, a host-side idle gap after each burst setting the sustained duty cycle, and the SM clock, board power and memory clock read through NVML with the burst still in flight; NOT timing.TIMING_BASIS",,bandwidth=not supplied by caller; bandwidth_source=not supplied by caller; iters=not supplied by caller; ridge=not supplied by caller; ridge_source=not supplied by caller; sglang=package not installed,1,3.12.3,,,,200.0,2.13.0,3.7.1,2026-09-23T18:03:27+00:00,0.27.1,200.0
0.25,0.20663253627434774,2,2,2,mixtral-8x7b,bf16,32,64,64,4,8,4,7,224,896,8,18,3,3.681872010231018,3.6524159908294678,0.013146065224009896,126,30.129000902175903,114.87375183105468,3.682543992996216,3.6821919679641724,True,1965.0,1935.0,1935.0,1935 1965 1965 1815 1965 1965 1965 1980 1965 1965 1965 1950 1965 1965 1830 1965 1965 1935,18,nvml,False,high,True,,1470.0,301.69100000000003,3201.0,False,7.680108770728111,5.762571309957226,212.0440001487732,True,ok,"LEVEL HIGH (recorded, never an exclusion here): loaded clock 1965 MHz against the 1470 MHz reference. At a duty cycle below 1.0 a HIGH reading is the experiment working, not a cell to drop.","scripts/clock_elasticity.py: bursts of N back-to-back fused_experts calls under one pinned tile, each call L2-flushed and bracketed by its own pre-primed event pair, the FIRST call of every burst discarded as a drained-queue launch, a host-side idle gap after each burst setting the sustained duty cycle, and the SM clock, board power and memory clock read through NVML with the burst still in flight; NOT timing.TIMING_BASIS",,,13.0,580.159.04,True,1,33d28339d8e211bd7fb8caf92bd340b82ae40abb,NVIDIA H200,421a523e82cb,"scripts/clock_elasticity.py: bursts of N back-to-back fused_experts calls under one pinned tile, each call L2-flushed and bracketed by its own pre-primed event pair, the FIRST call of every burst discarded as a drained-queue launch, a host-side idle gap after each burst setting the sustained duty cycle, and the SM clock, board power and memory clock read through NVML with the burst still in flight; NOT timing.TIMING_BASIS",,bandwidth=not supplied by caller; bandwidth_source=not supplied by caller; iters=not supplied by caller; ridge=not supplied by caller; ridge_source=not supplied by caller; sglang=package not installed,1,3.12.3,,,,200.0,2.13.0,3.7.1,2026-09-23T18:03:27+00:00,0.27.1,200.0
0.25,0.22683984193356624,2,2,2,mixtral-8x7b,bf16,32,64,64,4,8,4,8,256,1024,8,18,3,4.19976019859314,4.16428804397583,0.009980082828003849,126,34.2173633840349,115.81931533813476,4.201327800750732,4.199471950531006,True,1965.0,1965.0,1950.0,1965 1965 1830 1965 1875 1965 1965 1965 1890 1965 1965 1935 1965 1965 1965 1950 1965 1950,18,nvml,False,high,True,,1470.0,313.026,3201.0,False,6.824938580393791,6.03192234524117,206.4076166152954,True,ok,"LEVEL HIGH (recorded, never an exclusion here): loaded clock 1965 MHz against the 1470 MHz reference. At a duty cycle below 1.0 a HIGH reading is the experiment working, not a cell to drop.","scripts/clock_elasticity.py: bursts of N back-to-back fused_experts calls under one pinned tile, each call L2-flushed and bracketed by its own pre-primed event pair, the FIRST call of every burst discarded as a drained-queue launch, a host-side idle gap after each burst setting the sustained duty cycle, and the SM clock, board power and memory clock read through NVML with the burst still in flight; NOT timing.TIMING_BASIS",,,13.0,580.159.04,True,1,33d28339d8e211bd7fb8caf92bd340b82ae40abb,NVIDIA H200,421a523e82cb,"scripts/clock_elasticity.py: bursts of N back-to-back fused_experts calls under one pinned tile, each call L2-flushed and bracketed by its own pre-primed event pair, the FIRST call of every burst discarded as a drained-queue launch, a host-side idle gap after each burst setting the sustained duty cycle, and the SM clock, board power and memory clock read through NVML with the burst still in flight; NOT timing.TIMING_BASIS",,bandwidth=not supplied by caller; bandwidth_source=not supplied by caller; iters=not supplied by caller; ridge=not supplied by caller; ridge_source=not supplied by caller; sglang=package not installed,1,3.12.3,,,,200.0,2.13.0,3.7.1,2026-09-23T18:03:27+00:00,0.27.1,200.0
0.25,0.24171151700182203,2,3,0,mixtral-8x7b,bf16,32,64,64,4,8,4,1,32,128,53,18,3,0.7411199808120728,0.7338240146636963,0.004154383302752377,936,39.588652458455826,120.33442252278327,0.7409279942512512,0.7419039905071259,True,1965.0,1950.0,1890.0,1950 1935 1965 1965 1965 1965 1965 1965 1860 1950 1965 1815 1935 1965 1920 1965 1965 1890,18,nvml,False,high,True,,1470.0,321.3075,3201.0,False,17.507784068584442,26.514925760394785,201.09270387887955,True,ok,"LEVEL HIGH (recorded, never an exclusion here): loaded clock 1965 MHz against the 1470 MHz reference. At a duty cycle below 1.0 a HIGH reading is the experiment working, not a cell to drop.","scripts/clock_elasticity.py: bursts of N back-to-back fused_experts calls under one pinned tile, each call L2-flushed and bracketed by its own pre-primed event pair, the FIRST call of every burst discarded as a drained-queue launch, a host-side idle gap after each burst setting the sustained duty cycle, and the SM clock, board power and memory clock read through NVML with the burst still in flight; NOT timing.TIMING_BASIS",,,13.0,580.159.04,True,1,33d28339d8e211bd7fb8caf92bd340b82ae40abb,NVIDIA H200,421a523e82cb,"scripts/clock_elasticity.py: bursts of N back-to-back fused_experts calls under one pinned tile, each call L2-flushed and bracketed by its own pre-primed event pair, the FIRST call of every burst discarded as a drained-queue launch, a host-side idle gap after each burst setting the sustained duty cycle, and the SM clock, board power and memory clock read through NVML with the burst still in flight; NOT timing.TIMING_BASIS",,bandwidth=not supplied by caller; bandwidth_source=not supplied by caller; iters=not supplied by caller; ridge=not supplied by caller; ridge_source=not supplied by caller; sglang=package not installed,1,3.12.3,,,,200.0,2.13.0,3.7.1,2026-09-23T18:03:27+00:00,0.27.1,200.0
0.25,0.2242332096999847,2,3,0,mixtral-8x7b,bf16,32,64,64,4,8,4,2,64,256,32,18,3,1.0989439487457275,1.0951039791107178,0.013142097709978973,558,35.55682301521301,120.6108144124349,1.0980640053749084,1.0997599959373474,True,1957.5,1890.0,1890.0,1890 1950 1965 1965 1965 1890 1965 1965 1965 1965 1860 1965 1920 1950 1950 1935 1965 1890,18,nvml,False,high,True,,1470.0,311.489,3201.0,False,15.904097817838192,18.416590625994793,214.4089275598526,True,ok,"LEVEL HIGH (recorded, never an exclusion here): loaded clock 1958 MHz against the 1470 MHz reference. At a duty cycle below 1.0 a HIGH reading is the experiment working, not a cell to drop.","scripts/clock_elasticity.py: bursts of N back-to-back fused_experts calls under one pinned tile, each call L2-flushed and bracketed by its own pre-primed event pair, the FIRST call of every burst discarded as a drained-queue launch, a host-side idle gap after each burst setting the sustained duty cycle, and the SM clock, board power and memory clock read through NVML with the burst still in flight; NOT timing.TIMING_BASIS",,,13.0,580.159.04,True,1,33d28339d8e211bd7fb8caf92bd340b82ae40abb,NVIDIA H200,421a523e82cb,"scripts/clock_elasticity.py: bursts of N back-to-back fused_experts calls under one pinned tile, each call L2-flushed and bracketed by its own pre-primed event pair, the FIRST call of every burst discarded as a drained-queue launch, a host-side idle gap after each burst setting the sustained duty cycle, and the SM clock, board power and memory clock read through NVML with the burst still in flight; NOT timing.TIMING_BASIS",,bandwidth=not supplied by caller; bandwidth_source=not supplied by caller; iters=not supplied by caller; ridge=not supplied by caller; ridge_source=not supplied by caller; sglang=package not installed,1,3.12.3,,,,200.0,2.13.0,3.7.1,2026-09-23T18:03:27+00:00,0.27.1,200.0
0.25,0.22466340015201805,2,3,0,mixtral-8x7b,bf16,32,64,64,4,8,4,3,96,384,21,18,3,1.6239360570907593,1.6179519891738892,0.021728409603008664,360,34.78988804419836,118.35280895233154,1.6222079992294312,1.626848042011261,True,1950.0,1905.0,1950.0,1905 1965 1950 1965 1875 1965 1905 1950 1755 1965 1965 1920 1965 1950 1965 1965 1935 1950,18,nvml,False,high,True,,1470.0,318.0655,3201.0,False,16.448945738375187,10.900355471847078,450.9057604074478,True,ok,"LEVEL HIGH (recorded, never an exclusion here): loaded clock 1950 MHz against the 1470 MHz reference. At a duty cycle below 1.0 a HIGH reading is the experiment working, not a cell to drop.","scripts/clock_elasticity.py: bursts of N back-to-back fused_experts calls under one pinned tile, each call L2-flushed and bracketed by its own pre-primed event pair, the FIRST call of every burst discarded as a drained-queue launch, a host-side idle gap after each burst setting the sustained duty cycle, and the SM clock, board power and memory clock read through NVML with the burst still in flight; NOT timing.TIMING_BASIS",,,13.0,580.159.04,True,1,33d28339d8e211bd7fb8caf92bd340b82ae40abb,NVIDIA H200,421a523e82cb,"scripts/clock_elasticity.py: bursts of N back-to-back fused_experts calls under one pinned tile, each call L2-flushed and bracketed by its own pre-primed event pair, the FIRST call of every burst discarded as a drained-queue launch, a host-side idle gap after each burst setting the sustained duty cycle, and the SM clock, board power and memory clock read through NVML with the burst still in flight; NOT timing.TIMING_BASIS",,bandwidth=not supplied by caller; bandwidth_source=not supplied by caller; iters=not supplied by caller; ridge=not supplied by caller; ridge_source=not supplied by caller; sglang=package not installed,1,3.12.3,,,,200.0,2.13.0,3.7.1,2026-09-23T18:03:27+00:00,0.27.1,200.0
0.25,0.22697084394016925,2,3,0,mixtral-8x7b,bf16,32,64,64,4,8,4,4,128,512,17,18,3,2.1201601028442383,2.1015360355377197,0.01241915270187742,288,36.535134222772385,123.04500285784403,2.120695948600769,2.119935989379883,True,1965.0,1965.0,1980.0,1965 1965 1950 1830 1860 1965 1935 1965 1965 1950 1965 1905 1965 1965 1965 1965 1965 1980,18,nvml,False,high,True,,1470.0,301.05949999999996,3201.0,False,10.741307400166988,11.366696247433314,219.97404742240906,True,ok,"LEVEL HIGH (recorded, never an exclusion here): loaded clock 1965 MHz against the 1470 MHz reference. At a duty cycle below 1.0 a HIGH reading is the experiment working, not a cell to drop.","scripts/clock_elasticity.py: bursts of N back-to-back fused_experts calls under one pinned tile, each call L2-flushed and bracketed by its own pre-primed event pair, the FIRST call of every burst discarded as a drained-queue launch, a host-side idle gap after each burst setting the sustained duty cycle, and the SM clock, board power and memory clock read through NVML with the burst still in flight; NOT timing.TIMING_BASIS",,,13.0,580.159.04,True,1,33d28339d8e211bd7fb8caf92bd340b82ae40abb,NVIDIA H200,421a523e82cb,"scripts/clock_elasticity.py: bursts of N back-to-back fused_experts calls under one pinned tile, each call L2-flushed and bracketed by its own pre-primed event pair, the FIRST call of every burst discarded as a drained-queue launch, a host-side idle gap after each burst setting the sustained duty cycle, and the SM clock, board power and memory clock read through NVML with the burst still in flight; NOT timing.TIMING_BASIS",,bandwidth=not supplied by caller; bandwidth_source=not supplied by caller; iters=not supplied by caller; ridge=not supplied by caller; ridge_source=not supplied by caller; sglang=package not installed,1,3.12.3,,,,200.0,2.13.0,3.7.1,2026-09-23T18:03:27+00:00,0.27.1,200.0
0.25,0.22767099358383222,2,3,0,mixtral-8x7b,bf16,32,64,64,4,8,4,5,160,640,13,18,3,2.6490719318389893,2.643615961074829,0.01887711680884508,216,34.99664000670115,117.59618599074227,2.646496057510376,2.6510720252990723,True,1965.0,1785.0,1965.0,1785 1965 1965 1965 1965 1950 1965 1965 1965 1890 1950 1950 1965 1965 1965 1830 1935 1965,18,nvml,False,high,False,settling upward,1470.0,312.5845,3201.0,False,10.535791981965303,9.106324519466321,245.52572774887085,True,ok,"LEVEL HIGH (recorded, never an exclusion here): loaded clock 1965 MHz against the 1470 MHz reference. At a duty cycle below 1.0 a HIGH reading is the experiment working, not a cell to drop.; DRIFT failed, settling upward: 1785 -> 1965 MHz over 18 bursts; this cell is EXCLUDED","scripts/clock_elasticity.py: bursts of N back-to-back fused_experts calls under one pinned tile, each call L2-flushed and bracketed by its own pre-primed event pair, the FIRST call of every burst discarded as a drained-queue launch, a host-side idle gap after each burst setting the sustained duty cycle, and the SM clock, board power and memory clock read through NVML with the burst still in flight; NOT timing.TIMING_BASIS",,,13.0,580.159.04,True,1,33d28339d8e211bd7fb8caf92bd340b82ae40abb,NVIDIA H200,421a523e82cb,"scripts/clock_elasticity.py: bursts of N back-to-back fused_experts calls under one pinned tile, each call L2-flushed and bracketed by its own pre-primed event pair, the FIRST call of every burst discarded as a drained-queue launch, a host-side idle gap after each burst setting the sustained duty cycle, and the SM clock, board power and memory clock read through NVML with the burst still in flight; NOT timing.TIMING_BASIS",,bandwidth=not supplied by caller; bandwidth_source=not supplied by caller; iters=not supplied by caller; ridge=not supplied by caller; ridge_source=not supplied by caller; sglang=package not installed,1,3.12.3,,,,200.0,2.13.0,3.7.1,2026-09-23T18:03:27+00:00,0.27.1,200.0
0.25,0.22902945088842888,2,3,0,mixtral-8x7b,bf16,32,64,64,4,8,4,6,192,768,11,18,3,3.1596639156341553,3.134335994720459,0.02234775393055657,180,35.38109511799283,118.0963521003723,3.1620160341262817,3.161360025405884,True,1965.0,1965.0,1965.0,1965 1980 1965 1920 1965 1965 1965 1845 1965 1965 1950 1965 1965 1965 1965 1965 1950 1965,18,nvml,False,high,True,,1470.0,313.805,3201.0,False,9.052788373082876,7.94963969415888,354.31123208999634,True,ok,"LEVEL HIGH (recorded, never an exclusion here): loaded clock 1965 MHz against the 1470 MHz reference. At a duty cycle below 1.0 a HIGH reading is the experiment working, not a cell to drop.","scripts/clock_elasticity.py: bursts of N back-to-back fused_experts calls under one pinned tile, each call L2-flushed and bracketed by its own pre-primed event pair, the FIRST call of every burst discarded as a drained-queue launch, a host-side idle gap after each burst setting the sustained duty cycle, and the SM clock, board power and memory clock read through NVML with the burst still in flight; NOT timing.TIMING_BASIS",,,13.0,580.159.04,True,1,33d28339d8e211bd7fb8caf92bd340b82ae40abb,NVIDIA H200,421a523e82cb,"scripts/clock_elasticity.py: bursts of N back-to-back fused_experts calls under one pinned tile, each call L2-flushed and bracketed by its own pre-primed event pair, the FIRST call of every burst discarded as a drained-queue launch, a host-side idle gap after each burst setting the sustained duty cycle, and the SM clock, board power and memory clock read through NVML with the burst still in flight; NOT timing.TIMING_BASIS",,bandwidth=not supplied by caller; bandwidth_source=not supplied by caller; iters=not supplied by caller; ridge=not supplied by caller; ridge_source=not supplied by caller; sglang=package not installed,1,3.12.3,,,,200.0,2.13.0,3.7.1,2026-09-23T18:03:27+00:00,0.27.1,200.0
0.25,0.20751112289670182,2,3,0,mixtral-8x7b,bf16,32,64,64,4,8,4,7,224,896,8,18,3,3.712112069129944,3.651711940765381,0.01439095832939716,126,30.2851929002338,114.87375183105468,3.711199998855591,3.7127519845962524,True,1965.0,1965.0,1965.0,1965 1935 1965 1965 1965 1950 1935 1965 1890 1965 1965 1965 1935 1965 1965 1950 1965 1965,18,nvml,False,high,True,,1470.0,298.41949999999997,3201.0,False,7.441508118063211,5.869014744804826,211.42038440704346,True,ok,"LEVEL HIGH (recorded, never an exclusion here): loaded clock 1965 MHz against the 1470 MHz reference. At a duty cycle below 1.0 a HIGH reading is the experiment working, not a cell to drop.","scripts/clock_elasticity.py: bursts of N back-to-back fused_experts calls under one pinned tile, each call L2-flushed and bracketed by its own pre-primed event pair, the FIRST call of every burst discarded as a drained-queue launch, a host-side idle gap after each burst setting the sustained duty cycle, and the SM clock, board power and memory clock read through NVML with the burst still in flight; NOT timing.TIMING_BASIS",,,13.0,580.159.04,True,1,33d28339d8e211bd7fb8caf92bd340b82ae40abb,NVIDIA H200,421a523e82cb,"scripts/clock_elasticity.py: bursts of N back-to-back fused_experts calls under one pinned tile, each call L2-flushed and bracketed by its own pre-primed event pair, the FIRST call of every burst discarded as a drained-queue launch, a host-side idle gap after each burst setting the sustained duty cycle, and the SM clock, board power and memory clock read through NVML with the burst still in flight; NOT timing.TIMING_BASIS",,bandwidth=not supplied by caller; bandwidth_source=not supplied by caller; iters=not supplied by caller; ridge=not supplied by caller; ridge_source=not supplied by caller; sglang=package not installed,1,3.12.3,,,,200.0,2.13.0,3.7.1,2026-09-23T18:03:27+00:00,0.27.1,200.0
0.25,0.22867481717739951,2,3,0,mixtral-8x7b,bf16,32,64,64,4,8,4,8,256,1024,8,18,3,4.233296155929565,4.229983806610107,0.009014150543823785,126,34.57906667391459,115.81931533813476,4.232399940490723,4.2332799434661865,True,1965.0,1965.0,1950.0,1965 1965 1965 1965 1965 1965 1950 1965 1950 1965 1935 1965 1950 1965 1965 1965 1965 1950,18,nvml,False,high,True,,1470.0,304.764,3201.0,False,7.199334912002087,6.063641116499179,207.9671664237976,True,ok,"LEVEL HIGH (recorded, never an exclusion here): loaded clock 1965 MHz against the 1470 MHz reference. At a duty cycle below 1.0 a HIGH reading is the experiment working, not a cell to drop.","scripts/clock_elasticity.py: bursts of N back-to-back fused_experts calls under one pinned tile, each call L2-flushed and bracketed by its own pre-primed event pair, the FIRST call of every burst discarded as a drained-queue launch, a host-side idle gap after each burst setting the sustained duty cycle, and the SM clock, board power and memory clock read through NVML with the burst still in flight; NOT timing.TIMING_BASIS",,,13.0,580.159.04,True,1,33d28339d8e211bd7fb8caf92bd340b82ae40abb,NVIDIA H200,421a523e82cb,"scripts/clock_elasticity.py: bursts of N back-to-back fused_experts calls under one pinned tile, each call L2-flushed and bracketed by its own pre-primed event pair, the FIRST call of every burst discarded as a drained-queue launch, a host-side idle gap after each burst setting the sustained duty cycle, and the SM clock, board power and memory clock read through NVML with the burst still in flight; NOT timing.TIMING_BASIS",,bandwidth=not supplied by caller; bandwidth_source=not supplied by caller; iters=not supplied by caller; ridge=not supplied by caller; ridge_source=not supplied by caller; sglang=package not installed,1,3.12.3,,,,200.0,2.13.0,3.7.1,2026-09-23T18:03:27+00:00,0.27.1,200.0
0.5,0.4736471359968156,1,3,1,mixtral-8x7b,bf16,32,64,64,4,8,4,1,32,128,53,18,3,0.7425919771194458,0.7325119972229004,0.0042000744608193495,936,39.517205403910744,40.11147417426109,0.7432480156421661,0.7427520155906677,True,1935.0,1815.0,1620.0,1815 1815 1950 1935 1920 1965 1935 1935 1965 1935 1965 1560 1815 1815 1935 1950 1785 1620,18,nvml,False,high,False,oscillating,1470.0,496.2155,3201.0,False,11.634166818112135,38.09045446982239,236.8611198067665,True,ok,"LEVEL HIGH (recorded, never an exclusion here): loaded clock 1935 MHz against the 1470 MHz reference. At a duty cycle below 1.0 a HIGH reading is the experiment working, not a cell to drop.; DRIFT failed, oscillating: 1815 -> 1620 MHz over 18 bursts; this cell is EXCLUDED","scripts/clock_elasticity.py: bursts of N back-to-back fused_experts calls under one pinned tile, each call L2-flushed and bracketed by its own pre-primed event pair, the FIRST call of every burst discarded as a drained-queue launch, a host-side idle gap after each burst setting the sustained duty cycle, and the SM clock, board power and memory clock read through NVML with the burst still in flight; NOT timing.TIMING_BASIS",,,13.0,580.159.04,True,1,33d28339d8e211bd7fb8caf92bd340b82ae40abb,NVIDIA H200,421a523e82cb,"scripts/clock_elasticity.py: bursts of N back-to-back fused_experts calls under one pinned tile, each call L2-flushed and bracketed by its own pre-primed event pair, the FIRST call of every burst discarded as a drained-queue launch, a host-side idle gap after each burst setting the sustained duty cycle, and the SM clock, board power and memory clock read through NVML with the burst still in flight; NOT timing.TIMING_BASIS",,bandwidth=not supplied by caller; bandwidth_source=not supplied by caller; iters=not supplied by caller; ridge=not supplied by caller; ridge_source=not supplied by caller; sglang=package not installed,1,3.12.3,,,,200.0,2.13.0,3.7.1,2026-09-23T18:03:27+00:00,0.27.1,200.0
0.5,0.4577030410475608,1,3,1,mixtral-8x7b,bf16,32,64,64,4,8,4,2,64,256,32,18,3,1.1067360043525696,1.0964479446411133,0.021932140291777674,558,35.903569757938385,40.203604804144966,1.1204000115394592,1.1138880252838135,True,1920.0,1845.0,1965.0,1845 1920 1920 1920 1920 1950 1800 1950 1950 1920 1950 1710 1845 1845 1950 1890 1965 1965,18,nvml,False,high,False,oscillating,1470.0,502.2565,3201.0,False,7.222474552690983,25.405943381083752,252.32825553417206,True,ok,"LEVEL HIGH (recorded, never an exclusion here): loaded clock 1920 MHz against the 1470 MHz reference. At a duty cycle below 1.0 a HIGH reading is the experiment working, not a cell to drop.; DRIFT failed, oscillating: 1845 -> 1965 MHz over 18 bursts; this cell is EXCLUDED","scripts/clock_elasticity.py: bursts of N back-to-back fused_experts calls under one pinned tile, each call L2-flushed and bracketed by its own pre-primed event pair, the FIRST call of every burst discarded as a drained-queue launch, a host-side idle gap after each burst setting the sustained duty cycle, and the SM clock, board power and memory clock read through NVML with the burst still in flight; NOT timing.TIMING_BASIS",,,13.0,580.159.04,True,1,33d28339d8e211bd7fb8caf92bd340b82ae40abb,NVIDIA H200,421a523e82cb,"scripts/clock_elasticity.py: bursts of N back-to-back fused_experts calls under one pinned tile, each call L2-flushed and bracketed by its own pre-primed event pair, the FIRST call of every burst discarded as a drained-queue launch, a host-side idle gap after each burst setting the sustained duty cycle, and the SM clock, board power and memory clock read through NVML with the burst still in flight; NOT timing.TIMING_BASIS",,bandwidth=not supplied by caller; bandwidth_source=not supplied by caller; iters=not supplied by caller; ridge=not supplied by caller; ridge_source=not supplied by caller; sglang=package not installed,1,3.12.3,,,,200.0,2.13.0,3.7.1,2026-09-23T18:03:27+00:00,0.27.1,200.0
0.5,0.4602597649937189,1,3,1,mixtral-8x7b,bf16,32,64,64,4,8,4,3,96,384,21,18,3,1.6548640131950378,1.6252800226211548,0.0357707594546391,360,34.991749319765304,39.45093631744385,1.6565600037574768,1.637664020061493,True,1935.0,1920.0,1965.0,1920 1905 1935 1935 1875 1950 1905 1905 1935 1950 1950 1950 1950 1950 1770 1770 1875 1965,18,nvml,False,high,True,,1470.0,506.0565,3201.0,False,5.1415059715509415,17.815752840807463,314.125311255455,True,ok,"LEVEL HIGH (recorded, never an exclusion here): loaded clock 1935 MHz against the 1470 MHz reference. At a duty cycle below 1.0 a HIGH reading is the experiment working, not a cell to drop.","scripts/clock_elasticity.py: bursts of N back-to-back fused_experts calls under one pinned tile, each call L2-flushed and bracketed by its own pre-primed event pair, the FIRST call of every burst discarded as a drained-queue launch, a host-side idle gap after each burst setting the sustained duty cycle, and the SM clock, board power and memory clock read through NVML with the burst still in flight; NOT timing.TIMING_BASIS",,,13.0,580.159.04,True,1,33d28339d8e211bd7fb8caf92bd340b82ae40abb,NVIDIA H200,421a523e82cb,"scripts/clock_elasticity.py: bursts of N back-to-back fused_experts calls under one pinned tile, each call L2-flushed and bracketed by its own pre-primed event pair, the FIRST call of every burst discarded as a drained-queue launch, a host-side idle gap after each burst setting the sustained duty cycle, and the SM clock, board power and memory clock read through NVML with the burst still in flight; NOT timing.TIMING_BASIS",,bandwidth=not supplied by caller; bandwidth_source=not supplied by caller; iters=not supplied by caller; ridge=not supplied by caller; ridge_source=not supplied by caller; sglang=package not installed,1,3.12.3,,,,200.0,2.13.0,3.7.1,2026-09-23T18:03:27+00:00,0.27.1,200.0
0.5,0.46298881857350355,1,3,1,mixtral-8x7b,bf16,32,64,64,4,8,4,4,128,512,17,18,3,2.135648012161255,2.1175038814544678,0.018870696480671526,288,36.485136085086395,41.01500095261468,2.138000011444092,2.136664032936096,True,1950.0,1920.0,1860.0,1920 1950 1965 1965 1965 1905 1950 1935 1965 1965 1965 1965 1920 1950 1950 1950 1965 1860,18,nvml,False,high,True,,1470.0,486.8515,3201.0,False,4.224355332553387,14.895967842985382,256.0610558986664,True,ok,"LEVEL HIGH (recorded, never an exclusion here): loaded clock 1950 MHz against the 1470 MHz reference. At a duty cycle below 1.0 a HIGH reading is the experiment working, not a cell to drop.","scripts/clock_elasticity.py: bursts of N back-to-back fused_experts calls under one pinned tile, each call L2-flushed and bracketed by its own pre-primed event pair, the FIRST call of every burst discarded as a drained-queue launch, a host-side idle gap after each burst setting the sustained duty cycle, and the SM clock, board power and memory clock read through NVML with the burst still in flight; NOT timing.TIMING_BASIS",,,13.0,580.159.04,True,1,33d28339d8e211bd7fb8caf92bd340b82ae40abb,NVIDIA H200,421a523e82cb,"scripts/clock_elasticity.py: bursts of N back-to-back fused_experts calls under one pinned tile, each call L2-flushed and bracketed by its own pre-primed event pair, the FIRST call of every burst discarded as a drained-queue launch, a host-side idle gap after each burst setting the sustained duty cycle, and the SM clock, board power and memory clock read through NVML with the burst still in flight; NOT timing.TIMING_BASIS",,bandwidth=not supplied by caller; bandwidth_source=not supplied by caller; iters=not supplied by caller; ridge=not supplied by caller; ridge_source=not supplied by caller; sglang=package not installed,1,3.12.3,,,,200.0,2.13.0,3.7.1,2026-09-23T18:03:27+00:00,0.27.1,200.0
0.5,0.46761982940809566,1,3,1,mixtral-8x7b,bf16,32,64,64,4,8,4,5,160,640,13,18,3,2.6931519508361816,2.644767999649048,0.04847167761663208,216,35.343751046392654,39.19872866358076,2.714400053024292,2.7239999771118164,True,1950.0,1935.0,1950.0,1935 1950 1950 1950 1935 1950 1950 1950 1950 1950 1785 1785 1965 1920 1950 1950 1950 1950,18,nvml,False,high,True,,1470.0,496.644,3201.0,False,3.562031779438257,11.574245276060864,210.9071364402771,True,ok,"LEVEL HIGH (recorded, never an exclusion here): loaded clock 1950 MHz against the 1470 MHz reference. At a duty cycle below 1.0 a HIGH reading is the experiment working, not a cell to drop.","scripts/clock_elasticity.py: bursts of N back-to-back fused_experts calls under one pinned tile, each call L2-flushed and bracketed by its own pre-primed event pair, the FIRST call of every burst discarded as a drained-queue launch, a host-side idle gap after each burst setting the sustained duty cycle, and the SM clock, board power and memory clock read through NVML with the burst still in flight; NOT timing.TIMING_BASIS",,,13.0,580.159.04,True,1,33d28339d8e211bd7fb8caf92bd340b82ae40abb,NVIDIA H200,421a523e82cb,"scripts/clock_elasticity.py: bursts of N back-to-back fused_experts calls under one pinned tile, each call L2-flushed and bracketed by its own pre-primed event pair, the FIRST call of every burst discarded as a drained-queue launch, a host-side idle gap after each burst setting the sustained duty cycle, and the SM clock, board power and memory clock read through NVML with the burst still in flight; NOT timing.TIMING_BASIS",,bandwidth=not supplied by caller; bandwidth_source=not supplied by caller; iters=not supplied by caller; ridge=not supplied by caller; ridge_source=not supplied by caller; sglang=package not installed,1,3.12.3,,,,200.0,2.13.0,3.7.1,2026-09-23T18:03:27+00:00,0.27.1,200.0
0.5,0.46747015546938053,1,3,1,mixtral-8x7b,bf16,32,64,64,4,8,4,6,192,768,11,18,3,3.1864640712738037,3.1549439430236816,0.046747716613612385,180,35.3344515826967,39.3654507001241,3.210543990135193,3.1877520084381104,True,1935.0,1890.0,1950.0,1890 1875 1935 1935 1935 1935 1935 1905 1905 1935 1935 1965 1965 1935 1950 1965 1965 1950,18,nvml,False,high,True,,1470.0,495.905,3201.0,False,2.8154999017715454,10.099451031372379,212.07177686691284,True,ok,"LEVEL HIGH (recorded, never an exclusion here): loaded clock 1935 MHz against the 1470 MHz reference. At a duty cycle below 1.0 a HIGH reading is the experiment working, not a cell to drop.","scripts/clock_elasticity.py: bursts of N back-to-back fused_experts calls under one pinned tile, each call L2-flushed and bracketed by its own pre-primed event pair, the FIRST call of every burst discarded as a drained-queue launch, a host-side idle gap after each burst setting the sustained duty cycle, and the SM clock, board power and memory clock read through NVML with the burst still in flight; NOT timing.TIMING_BASIS",,,13.0,580.159.04,True,1,33d28339d8e211bd7fb8caf92bd340b82ae40abb,NVIDIA H200,421a523e82cb,"scripts/clock_elasticity.py: bursts of N back-to-back fused_experts calls under one pinned tile, each call L2-flushed and bracketed by its own pre-primed event pair, the FIRST call of every burst discarded as a drained-queue launch, a host-side idle gap after each burst setting the sustained duty cycle, and the SM clock, board power and memory clock read through NVML with the burst still in flight; NOT timing.TIMING_BASIS",,bandwidth=not supplied by caller; bandwidth_source=not supplied by caller; iters=not supplied by caller; ridge=not supplied by caller; ridge_source=not supplied by caller; sglang=package not installed,1,3.12.3,,,,200.0,2.13.0,3.7.1,2026-09-23T18:03:27+00:00,0.27.1,200.0
0.5,0.4337521412006028,1,3,1,mixtral-8x7b,bf16,32,64,64,4,8,4,7,224,896,8,18,3,3.684256076812744,3.6787519454956055,0.03222216706473496,126,29.85572804345025,38.29125061035156,3.7118079662323,3.682927966117859,True,1935.0,1890.0,1950.0,1890 1965 1965 1935 1965 1965 1965 1935 1875 1875 1965 1875 1875 1965 1935 1935 1905 1950,18,nvml,False,high,True,,1470.0,484.71349999999995,3201.0,False,2.75746313855052,7.2353044362092565,270.04912066459656,True,ok,"LEVEL HIGH (recorded, never an exclusion here): loaded clock 1935 MHz against the 1470 MHz reference. At a duty cycle below 1.0 a HIGH reading is the experiment working, not a cell to drop.","scripts/clock_elasticity.py: bursts of N back-to-back fused_experts calls under one pinned tile, each call L2-flushed and bracketed by its own pre-primed event pair, the FIRST call of every burst discarded as a drained-queue launch, a host-side idle gap after each burst setting the sustained duty cycle, and the SM clock, board power and memory clock read through NVML with the burst still in flight; NOT timing.TIMING_BASIS",,,13.0,580.159.04,True,1,33d28339d8e211bd7fb8caf92bd340b82ae40abb,NVIDIA H200,421a523e82cb,"scripts/clock_elasticity.py: bursts of N back-to-back fused_experts calls under one pinned tile, each call L2-flushed and bracketed by its own pre-primed event pair, the FIRST call of every burst discarded as a drained-queue launch, a host-side idle gap after each burst setting the sustained duty cycle, and the SM clock, board power and memory clock read through NVML with the burst still in flight; NOT timing.TIMING_BASIS",,bandwidth=not supplied by caller; bandwidth_source=not supplied by caller; iters=not supplied by caller; ridge=not supplied by caller; ridge_source=not supplied by caller; sglang=package not installed,1,3.12.3,,,,200.0,2.13.0,3.7.1,2026-09-23T18:03:27+00:00,0.27.1,200.0
0.5,0.46335238083526165,1,3,1,mixtral-8x7b,bf16,32,64,64,4,8,4,8,256,1024,8,18,3,4.201200008392334,4.198048114776611,0.029889453842168477,126,33.92112708091736,38.60643844604492,4.202991962432861,4.205312013626099,True,1957.5,1965.0,1965.0,1965 1950 1965 1950 1950 1965 1965 1965 1965 1950 1920 1920 1920 1965 1845 1845 1965 1965,18,nvml,False,high,True,,1470.0,481.323,3201.0,False,2.395141404122114,7.411013057469907,272.28118419647217,True,ok,"LEVEL HIGH (recorded, never an exclusion here): loaded clock 1958 MHz against the 1470 MHz reference. At a duty cycle below 1.0 a HIGH reading is the experiment working, not a cell to drop.","scripts/clock_elasticity.py: bursts of N back-to-back fused_experts calls under one pinned tile, each call L2-flushed and bracketed by its own pre-primed event pair, the FIRST call of every burst discarded as a drained-queue launch, a host-side idle gap after each burst setting the sustained duty cycle, and the SM clock, board power and memory clock read through NVML with the burst still in flight; NOT timing.TIMING_BASIS",,,13.0,580.159.04,True,1,33d28339d8e211bd7fb8caf92bd340b82ae40abb,NVIDIA H200,421a523e82cb,"scripts/clock_elasticity.py: bursts of N back-to-back fused_experts calls under one pinned tile, each call L2-flushed and bracketed by its own pre-primed event pair, the FIRST call of every burst discarded as a drained-queue launch, a host-side idle gap after each burst setting the sustained duty cycle, and the SM clock, board power and memory clock read through NVML with the burst still in flight; NOT timing.TIMING_BASIS",,bandwidth=not supplied by caller; bandwidth_source=not supplied by caller; iters=not supplied by caller; ridge=not supplied by caller; ridge_source=not supplied by caller; sglang=package not installed,1,3.12.3,,,,200.0,2.13.0,3.7.1,2026-09-23T18:03:27+00:00,0.27.1,200.0
1.0,0.9148076060660527,0,3,2,mixtral-8x7b,bf16,32,64,64,4,8,4,1,32,128,53,18,3,0.7720799744129181,0.7544639706611633,0.006541477573032195,936,41.02087113923497,0.0,0.772735983133316,0.7725920081138611,True,1500.0,1575.0,1515.0,1575 1575 1515 1515 1515 1500 1500 1470 1470 1500 1500 1470 1470 1500 1500 1500 1515 1515,18,nvml,True,,True,,1470.0,696.3305,3201.0,False,11.622867546975613,37.226040285033754,245.6174400448799,True,ok,,"scripts/clock_elasticity.py: bursts of N back-to-back fused_experts calls under one pinned tile, each call L2-flushed and bracketed by its own pre-primed event pair, the FIRST call of every burst discarded as a drained-queue launch, a host-side idle gap after each burst setting the sustained duty cycle, and the SM clock, board power and memory clock read through NVML with the burst still in flight; NOT timing.TIMING_BASIS",,,13.0,580.159.04,True,1,33d28339d8e211bd7fb8caf92bd340b82ae40abb,NVIDIA H200,421a523e82cb,"scripts/clock_elasticity.py: bursts of N back-to-back fused_experts calls under one pinned tile, each call L2-flushed and bracketed by its own pre-primed event pair, the FIRST call of every burst discarded as a drained-queue launch, a host-side idle gap after each burst setting the sustained duty cycle, and the SM clock, board power and memory clock read through NVML with the burst still in flight; NOT timing.TIMING_BASIS",,bandwidth=not supplied by caller; bandwidth_source=not supplied by caller; iters=not supplied by caller; ridge=not supplied by caller; ridge_source=not supplied by caller; sglang=package not installed,1,3.12.3,,,,200.0,2.13.0,3.7.1,2026-09-23T18:03:27+00:00,0.27.1,200.0
1.0,0.9487683208319725,0,3,2,mixtral-8x7b,bf16,32,64,64,4,8,4,2,64,256,32,18,3,1.3248000144958496,1.2961599826812744,0.0133135849941181,558,42.455281760957504,0.0,1.324575960636139,1.324944019317627,True,1650.0,1665.0,1620.0,1665 1665 1650 1650 1635 1635 1650 1650 1620 1620 1620 1635 1635 1650 1650 1665 1665 1620,18,nvml,False,high,True,,1470.0,695.867,3201.0,False,7.033292204141617,26.88276460309562,209.21292805671692,True,ok,"LEVEL HIGH (recorded, never an exclusion here): loaded clock 1650 MHz against the 1470 MHz reference. At a duty cycle below 1.0 a HIGH reading is the experiment working, not a cell to drop.","scripts/clock_elasticity.py: bursts of N back-to-back fused_experts calls under one pinned tile, each call L2-flushed and bracketed by its own pre-primed event pair, the FIRST call of every burst discarded as a drained-queue launch, a host-side idle gap after each burst setting the sustained duty cycle, and the SM clock, board power and memory clock read through NVML with the burst still in flight; NOT timing.TIMING_BASIS",,,13.0,580.159.04,True,1,33d28339d8e211bd7fb8caf92bd340b82ae40abb,NVIDIA H200,421a523e82cb,"scripts/clock_elasticity.py: bursts of N back-to-back fused_experts calls under one pinned tile, each call L2-flushed and bracketed by its own pre-primed event pair, the FIRST call of every burst discarded as a drained-queue launch, a host-side idle gap after each burst setting the sustained duty cycle, and the SM clock, board power and memory clock read through NVML with the burst still in flight; NOT timing.TIMING_BASIS",,bandwidth=not supplied by caller; bandwidth_source=not supplied by caller; iters=not supplied by caller; ridge=not supplied by caller; ridge_source=not supplied by caller; sglang=package not installed,1,3.12.3,,,,200.0,2.13.0,3.7.1,2026-09-23T18:03:27+00:00,0.27.1,200.0
1.0,0.9646549539510483,0,3,2,mixtral-8x7b,bf16,32,64,64,4,8,4,3,96,384,21,18,3,1.9799039959907532,1.920799970626831,0.023410753075122092,360,41.65608000093036,0.0,1.9798879623413086,1.9898239970207214,True,1627.5,1665.0,1605.0,1665 1665 1665 1635 1635 1635 1635 1620 1620 1620 1620 1620 1665 1665 1620 1620 1620 1605,18,nvml,False,high,True,,1470.0,695.6635,3201.0,False,4.630648531019688,18.699314942167067,245.01958394050598,True,ok,"LEVEL HIGH (recorded, never an exclusion here): loaded clock 1628 MHz against the 1470 MHz reference. At a duty cycle below 1.0 a HIGH reading is the experiment working, not a cell to drop.","scripts/clock_elasticity.py: bursts of N back-to-back fused_experts calls under one pinned tile, each call L2-flushed and bracketed by its own pre-primed event pair, the FIRST call of every burst discarded as a drained-queue launch, a host-side idle gap after each burst setting the sustained duty cycle, and the SM clock, board power and memory clock read through NVML with the burst still in flight; NOT timing.TIMING_BASIS",,,13.0,580.159.04,True,1,33d28339d8e211bd7fb8caf92bd340b82ae40abb,NVIDIA H200,421a523e82cb,"scripts/clock_elasticity.py: bursts of N back-to-back fused_experts calls under one pinned tile, each call L2-flushed and bracketed by its own pre-primed event pair, the FIRST call of every burst discarded as a drained-queue launch, a host-side idle gap after each burst setting the sustained duty cycle, and the SM clock, board power and memory clock read through NVML with the burst still in flight; NOT timing.TIMING_BASIS",,bandwidth=not supplied by caller; bandwidth_source=not supplied by caller; iters=not supplied by caller; ridge=not supplied by caller; ridge_source=not supplied by caller; sglang=package not installed,1,3.12.3,,,,200.0,2.13.0,3.7.1,2026-09-23T18:03:27+00:00,0.27.1,200.0
1.0,0.9711104621094908,0,3,2,mixtral-8x7b,bf16,32,64,64,4,8,4,4,128,512,17,18,3,2.4583040475845337,2.3666560649871826,0.03118061264954902,288,41.58873412344191,0.0,2.449519991874695,2.4374719858169556,True,1725.0,1770.0,1680.0,1770 1755 1755 1770 1770 1725 1725 1725 1725 1725 1740 1740 1710 1710 1710 1710 1710 1680,18,nvml,False,high,False,dropping,1470.0,693.628,3201.0,False,3.8822744973003864,15.423106568939895,205.45318293571472,True,ok,"LEVEL HIGH (recorded, never an exclusion here): loaded clock 1725 MHz against the 1470 MHz reference. At a duty cycle below 1.0 a HIGH reading is the experiment working, not a cell to drop.; DRIFT failed, dropping: 1770 -> 1680 MHz over 18 bursts; this cell is EXCLUDED","scripts/clock_elasticity.py: bursts of N back-to-back fused_experts calls under one pinned tile, each call L2-flushed and bracketed by its own pre-primed event pair, the FIRST call of every burst discarded as a drained-queue launch, a host-side idle gap after each burst setting the sustained duty cycle, and the SM clock, board power and memory clock read through NVML with the burst still in flight; NOT timing.TIMING_BASIS",,,13.0,580.159.04,True,1,33d28339d8e211bd7fb8caf92bd340b82ae40abb,NVIDIA H200,421a523e82cb,"scripts/clock_elasticity.py: bursts of N back-to-back fused_experts calls under one pinned tile, each call L2-flushed and bracketed by its own pre-primed event pair, the FIRST call of every burst discarded as a drained-queue launch, a host-side idle gap after each burst setting the sustained duty cycle, and the SM clock, board power and memory clock read through NVML with the burst still in flight; NOT timing.TIMING_BASIS",,bandwidth=not supplied by caller; bandwidth_source=not supplied by caller; iters=not supplied by caller; ridge=not supplied by caller; ridge_source=not supplied by caller; sglang=package not installed,1,3.12.3,,,,200.0,2.13.0,3.7.1,2026-09-23T18:03:27+00:00,0.27.1,200.0
1.0,0.9773783110855983,0,3,2,mixtral-8x7b,bf16,32,64,64,4,8,4,5,160,640,13,18,3,3.1854560375213623,3.1204800605773926,0.0289707643578899,216,41.43932445844015,0.0,3.187824010848999,3.1846240758895874,True,1650.0,1665.0,1650.0,1665 1665 1650 1650 1650 1665 1665 1635 1635 1635 1635 1635 1665 1665 1650 1650 1650 1650,18,nvml,False,high,True,,1470.0,696.243,3201.0,False,2.947053872048855,12.071737456625634,245.77401518821716,True,ok,"LEVEL HIGH (recorded, never an exclusion here): loaded clock 1650 MHz against the 1470 MHz reference. At a duty cycle below 1.0 a HIGH reading is the experiment working, not a cell to drop.","scripts/clock_elasticity.py: bursts of N back-to-back fused_experts calls under one pinned tile, each call L2-flushed and bracketed by its own pre-primed event pair, the FIRST call of every burst discarded as a drained-queue launch, a host-side idle gap after each burst setting the sustained duty cycle, and the SM clock, board power and memory clock read through NVML with the burst still in flight; NOT timing.TIMING_BASIS",,,13.0,580.159.04,True,1,33d28339d8e211bd7fb8caf92bd340b82ae40abb,NVIDIA H200,421a523e82cb,"scripts/clock_elasticity.py: bursts of N back-to-back fused_experts calls under one pinned tile, each call L2-flushed and bracketed by its own pre-primed event pair, the FIRST call of every burst discarded as a drained-queue launch, a host-side idle gap after each burst setting the sustained duty cycle, and the SM clock, board power and memory clock read through NVML with the burst still in flight; NOT timing.TIMING_BASIS",,bandwidth=not supplied by caller; bandwidth_source=not supplied by caller; iters=not supplied by caller; ridge=not supplied by caller; ridge_source=not supplied by caller; sglang=package not installed,1,3.12.3,,,,200.0,2.13.0,3.7.1,2026-09-23T18:03:27+00:00,0.27.1,200.0
1.0,0.9805962802349228,0,3,2,mixtral-8x7b,bf16,32,64,64,4,8,4,6,192,768,11,18,3,3.742192029953003,3.7048959732055664,0.030300743327079147,180,41.35701338450114,0.0,3.7430959939956665,3.7421680688858032,True,1680.0,1695.0,1650.0,1695 1665 1665 1695 1695 1680 1680 1680 1665 1665 1665 1665 1680 1680 1680 1680 1680 1650,18,nvml,False,high,True,,1470.0,696.486,3201.0,False,2.4987393990159035,10.32188926681799,202.93593525886536,True,ok,"LEVEL HIGH (recorded, never an exclusion here): loaded clock 1680 MHz against the 1470 MHz reference. At a duty cycle below 1.0 a HIGH reading is the experiment working, not a cell to drop.","scripts/clock_elasticity.py: bursts of N back-to-back fused_experts calls under one pinned tile, each call L2-flushed and bracketed by its own pre-primed event pair, the FIRST call of every burst discarded as a drained-queue launch, a host-side idle gap after each burst setting the sustained duty cycle, and the SM clock, board power and memory clock read through NVML with the burst still in flight; NOT timing.TIMING_BASIS",,,13.0,580.159.04,True,1,33d28339d8e211bd7fb8caf92bd340b82ae40abb,NVIDIA H200,421a523e82cb,"scripts/clock_elasticity.py: bursts of N back-to-back fused_experts calls under one pinned tile, each call L2-flushed and bracketed by its own pre-primed event pair, the FIRST call of every burst discarded as a drained-queue launch, a host-side idle gap after each burst setting the sustained duty cycle, and the SM clock, board power and memory clock read through NVML with the burst still in flight; NOT timing.TIMING_BASIS",,bandwidth=not supplied by caller; bandwidth_source=not supplied by caller; iters=not supplied by caller; ridge=not supplied by caller; ridge_source=not supplied by caller; sglang=package not installed,1,3.12.3,,,,200.0,2.13.0,3.7.1,2026-09-23T18:03:27+00:00,0.27.1,200.0
1.0,0.9831083209059287,0,3,2,mixtral-8x7b,bf16,32,64,64,4,8,4,7,224,896,8,18,3,4.405792236328125,4.31935977935791,0.04987702219549039,126,35.28804636001587,0.0,4.408032178878784,4.404416084289551,True,1672.5,1665.0,1635.0,1665 1665 1665 1695 1695 1695 1695 1695 1695 1665 1665 1680 1680 1680 1650 1650 1650 1635,18,nvml,False,high,True,,1470.0,694.464,3201.0,False,1.8344037234783173,7.573156811386549,244.93398332595825,True,ok,"LEVEL HIGH (recorded, never an exclusion here): loaded clock 1672 MHz against the 1470 MHz reference. At a duty cycle below 1.0 a HIGH reading is the experiment working, not a cell to drop.","scripts/clock_elasticity.py: bursts of N back-to-back fused_experts calls under one pinned tile, each call L2-flushed and bracketed by its own pre-primed event pair, the FIRST call of every burst discarded as a drained-queue launch, a host-side idle gap after each burst setting the sustained duty cycle, and the SM clock, board power and memory clock read through NVML with the burst still in flight; NOT timing.TIMING_BASIS",,,13.0,580.159.04,True,1,33d28339d8e211bd7fb8caf92bd340b82ae40abb,NVIDIA H200,421a523e82cb,"scripts/clock_elasticity.py: bursts of N back-to-back fused_experts calls under one pinned tile, each call L2-flushed and bracketed by its own pre-primed event pair, the FIRST call of every burst discarded as a drained-queue launch, a host-side idle gap after each burst setting the sustained duty cycle, and the SM clock, board power and memory clock read through NVML with the burst still in flight; NOT timing.TIMING_BASIS",,bandwidth=not supplied by caller; bandwidth_source=not supplied by caller; iters=not supplied by caller; ridge=not supplied by caller; ridge_source=not supplied by caller; sglang=package not installed,1,3.12.3,,,,200.0,2.13.0,3.7.1,2026-09-23T18:03:27+00:00,0.27.1,200.0
1.0,0.9847497307352345,0,3,2,mixtral-8x7b,bf16,32,64,64,4,8,4,8,256,1024,8,18,3,4.881392002105713,4.788191795349121,0.04135269834967524,126,39.145937866634796,0.0,4.88318395614624,4.881200075149536,True,1710.0,1725.0,1710.0,1725 1695 1695 1710 1710 1710 1710 1710 1710 1710 1710 1710 1710 1710 1710 1710 1710 1710,18,nvml,False,high,True,,1470.0,694.319,3201.0,False,1.836326438933611,7.621075342777875,232.84643125534058,True,ok,"LEVEL HIGH (recorded, never an exclusion here): loaded clock 1710 MHz against the 1470 MHz reference. At a duty cycle below 1.0 a HIGH reading is the experiment working, not a cell to drop.","scripts/clock_elasticity.py: bursts of N back-to-back fused_experts calls under one pinned tile, each call L2-flushed and bracketed by its own pre-primed event pair, the FIRST call of every burst discarded as a drained-queue launch, a host-side idle gap after each burst setting the sustained duty cycle, and the SM clock, board power and memory clock read through NVML with the burst still in flight; NOT timing.TIMING_BASIS",,,13.0,580.159.04,True,1,33d28339d8e211bd7fb8caf92bd340b82ae40abb,NVIDIA H200,421a523e82cb,"scripts/clock_elasticity.py: bursts of N back-to-back fused_experts calls under one pinned tile, each call L2-flushed and bracketed by its own pre-primed event pair, the FIRST call of every burst discarded as a drained-queue launch, a host-side idle gap after each burst setting the sustained duty cycle, and the SM clock, board power and memory clock read through NVML with the burst still in flight; NOT timing.TIMING_BASIS",,bandwidth=not supplied by caller; bandwidth_source=not supplied by caller; iters=not supplied by caller; ridge=not supplied by caller; ridge_source=not supplied by caller; sglang=package not installed,1,3.12.3,,,,200.0,2.13.0,3.7.1,2026-09-23T18:03:27+00:00,0.27.1,200.0
1.0,0.9157762139093942,0,4,0,mixtral-8x7b,bf16,32,64,64,4,8,4,1,32,128,53,18,3,0.7748799920082092,0.762719988822937,0.0059252040805420425,936,41.185598178042305,0.0,0.774256020784378,0.7753439843654633,True,1485.0,1470.0,1500.0,1470 1485 1485 1455 1455 1470 1470 1530 1530 1530 1485 1485 1485 1485 1470 1470 1500 1500,18,nvml,True,,True,,1470.0,694.363,3201.0,False,11.618064250797033,38.76146625285276,245.97961550951004,True,ok,,"scripts/clock_elasticity.py: bursts of N back-to-back fused_experts calls under one pinned tile, each call L2-flushed and bracketed by its own pre-primed event pair, the FIRST call of every burst discarded as a drained-queue launch, a host-side idle gap after each burst setting the sustained duty cycle, and the SM clock, board power and memory clock read through NVML with the burst still in flight; NOT timing.TIMING_BASIS",,,13.0,580.159.04,True,1,33d28339d8e211bd7fb8caf92bd340b82ae40abb,NVIDIA H200,421a523e82cb,"scripts/clock_elasticity.py: bursts of N back-to-back fused_experts calls under one pinned tile, each call L2-flushed and bracketed by its own pre-primed event pair, the FIRST call of every burst discarded as a drained-queue launch, a host-side idle gap after each burst setting the sustained duty cycle, and the SM clock, board power and memory clock read through NVML with the burst still in flight; NOT timing.TIMING_BASIS",,bandwidth=not supplied by caller; bandwidth_source=not supplied by caller; iters=not supplied by caller; ridge=not supplied by caller; ridge_source=not supplied by caller; sglang=package not installed,1,3.12.3,,,,200.0,2.13.0,3.7.1,2026-09-23T18:03:27+00:00,0.27.1,200.0
1.0,0.9490576130348736,0,4,0,mixtral-8x7b,bf16,32,64,64,4,8,4,2,64,256,32,18,3,1.3371359705924988,1.3128639459609985,0.01014598390667312,558,42.77758938074112,0.0,1.3382239937782288,1.3302879929542542,True,1620.0,1635.0,1620.0,1635 1635 1635 1635 1620 1620 1620 1635 1635 1635 1635 1620 1620 1605 1605 1620 1620 1620,18,nvml,False,high,True,,1470.0,696.969,3201.0,False,7.063163444399834,26.87744831849454,211.0356481075287,True,ok,"LEVEL HIGH (recorded, never an exclusion here): loaded clock 1620 MHz against the 1470 MHz reference. At a duty cycle below 1.0 a HIGH reading is the experiment working, not a cell to drop.","scripts/clock_elasticity.py: bursts of N back-to-back fused_experts calls under one pinned tile, each call L2-flushed and bracketed by its own pre-primed event pair, the FIRST call of every burst discarded as a drained-queue launch, a host-side idle gap after each burst setting the sustained duty cycle, and the SM clock, board power and memory clock read through NVML with the burst still in flight; NOT timing.TIMING_BASIS",,,13.0,580.159.04,True,1,33d28339d8e211bd7fb8caf92bd340b82ae40abb,NVIDIA H200,421a523e82cb,"scripts/clock_elasticity.py: bursts of N back-to-back fused_experts calls under one pinned tile, each call L2-flushed and bracketed by its own pre-primed event pair, the FIRST call of every burst discarded as a drained-queue launch, a host-side idle gap after each burst setting the sustained duty cycle, and the SM clock, board power and memory clock read through NVML with the burst still in flight; NOT timing.TIMING_BASIS",,bandwidth=not supplied by caller; bandwidth_source=not supplied by caller; iters=not supplied by caller; ridge=not supplied by caller; ridge_source=not supplied by caller; sglang=package not installed,1,3.12.3,,,,200.0,2.13.0,3.7.1,2026-09-23T18:03:27+00:00,0.27.1,200.0
1.0,0.9650872371073153,0,4,0,mixtral-8x7b,bf16,32,64,64,4,8,4,3,96,384,21,18,3,2.0017600059509277,1.963263988494873,0.017519111884970996,360,42.16277867555618,0.0,2.002784013748169,2.001423954963684,True,1590.0,1575.0,1605.0,1575 1575 1575 1590 1590 1605 1605 1590 1590 1590 1590 1590 1575 1575 1575 1575 1605 1605,18,nvml,False,high,True,,1470.0,693.552,3201.0,False,4.641978535801172,18.691333375773574,251.30748891830444,True,ok,"LEVEL HIGH (recorded, never an exclusion here): loaded clock 1590 MHz against the 1470 MHz reference. At a duty cycle below 1.0 a HIGH reading is the experiment working, not a cell to drop.","scripts/clock_elasticity.py: bursts of N back-to-back fused_experts calls under one pinned tile, each call L2-flushed and bracketed by its own pre-primed event pair, the FIRST call of every burst discarded as a drained-queue launch, a host-side idle gap after each burst setting the sustained duty cycle, and the SM clock, board power and memory clock read through NVML with the burst still in flight; NOT timing.TIMING_BASIS",,,13.0,580.159.04,True,1,33d28339d8e211bd7fb8caf92bd340b82ae40abb,NVIDIA H200,421a523e82cb,"scripts/clock_elasticity.py: bursts of N back-to-back fused_experts calls under one pinned tile, each call L2-flushed and bracketed by its own pre-primed event pair, the FIRST call of every burst discarded as a drained-queue launch, a host-side idle gap after each burst setting the sustained duty cycle, and the SM clock, board power and memory clock read through NVML with the burst still in flight; NOT timing.TIMING_BASIS",,bandwidth=not supplied by caller; bandwidth_source=not supplied by caller; iters=not supplied by caller; ridge=not supplied by caller; ridge_source=not supplied by caller; sglang=package not installed,1,3.12.3,,,,200.0,2.13.0,3.7.1,2026-09-23T18:03:27+00:00,0.27.1,200.0
1.0,0.9711202765252951,0,4,0,mixtral-8x7b,bf16,32,64,64,4,8,4,4,128,512,17,18,3,2.4521440267562866,2.364959955215454,0.03151066141044621,288,41.61509342988332,0.0,2.4595760107040405,2.4600639939308167,True,1710.0,1725.0,1710.0,1725 1725 1725 1695 1695 1755 1755 1695 1695 1695 1710 1710 1710 1710 1710 1710 1710 1710,18,nvml,False,high,True,,1470.0,694.273,3201.0,False,3.8661551661789417,15.4158843796832,208.99907279014587,True,ok,"LEVEL HIGH (recorded, never an exclusion here): loaded clock 1710 MHz against the 1470 MHz reference. At a duty cycle below 1.0 a HIGH reading is the experiment working, not a cell to drop.","scripts/clock_elasticity.py: bursts of N back-to-back fused_experts calls under one pinned tile, each call L2-flushed and bracketed by its own pre-primed event pair, the FIRST call of every burst discarded as a drained-queue launch, a host-side idle gap after each burst setting the sustained duty cycle, and the SM clock, board power and memory clock read through NVML with the burst still in flight; NOT timing.TIMING_BASIS",,,13.0,580.159.04,True,1,33d28339d8e211bd7fb8caf92bd340b82ae40abb,NVIDIA H200,421a523e82cb,"scripts/clock_elasticity.py: bursts of N back-to-back fused_experts calls under one pinned tile, each call L2-flushed and bracketed by its own pre-primed event pair, the FIRST call of every burst discarded as a drained-queue launch, a host-side idle gap after each burst setting the sustained duty cycle, and the SM clock, board power and memory clock read through NVML with the burst still in flight; NOT timing.TIMING_BASIS",,bandwidth=not supplied by caller; bandwidth_source=not supplied by caller; iters=not supplied by caller; ridge=not supplied by caller; ridge_source=not supplied by caller; sglang=package not installed,1,3.12.3,,,,200.0,2.13.0,3.7.1,2026-09-23T18:03:27+00:00,0.27.1,200.0
1.0,0.9775686941149169,0,4,0,mixtral-8x7b,bf16,32,64,64,4,8,4,5,160,640,13,18,3,3.2156959772109985,3.1822080612182617,0.02235986516317133,216,41.824926217397056,0.0,3.2184319496154785,3.204047918319702,True,1650.0,1665.0,1635.0,1665 1650 1650 1650 1650 1650 1650 1650 1650 1650 1650 1650 1620 1620 1620 1620 1620 1635,18,nvml,False,high,True,,1470.0,695.261,3201.0,False,2.9288684017956257,12.076879680960246,204.95769619941711,True,ok,"LEVEL HIGH (recorded, never an exclusion here): loaded clock 1650 MHz against the 1470 MHz reference. At a duty cycle below 1.0 a HIGH reading is the experiment working, not a cell to drop.","scripts/clock_elasticity.py: bursts of N back-to-back fused_experts calls under one pinned tile, each call L2-flushed and bracketed by its own pre-primed event pair, the FIRST call of every burst discarded as a drained-queue launch, a host-side idle gap after each burst setting the sustained duty cycle, and the SM clock, board power and memory clock read through NVML with the burst still in flight; NOT timing.TIMING_BASIS",,,13.0,580.159.04,True,1,33d28339d8e211bd7fb8caf92bd340b82ae40abb,NVIDIA H200,421a523e82cb,"scripts/clock_elasticity.py: bursts of N back-to-back fused_experts calls under one pinned tile, each call L2-flushed and bracketed by its own pre-primed event pair, the FIRST call of every burst discarded as a drained-queue launch, a host-side idle gap after each burst setting the sustained duty cycle, and the SM clock, board power and memory clock read through NVML with the burst still in flight; NOT timing.TIMING_BASIS",,bandwidth=not supplied by caller; bandwidth_source=not supplied by caller; iters=not supplied by caller; ridge=not supplied by caller; ridge_source=not supplied by caller; sglang=package not installed,1,3.12.3,,,,200.0,2.13.0,3.7.1,2026-09-23T18:03:27+00:00,0.27.1,200.0
1.0,0.9806136921396352,0,4,0,mixtral-8x7b,bf16,32,64,64,4,8,4,6,192,768,11,18,3,3.7734240293502808,3.699295997619629,0.035925823789116844,180,41.51508265071445,0.0,3.7742719650268555,3.7744879722595215,True,1665.0,1665.0,1665.0,1665 1665 1665 1695 1695 1665 1665 1665 1665 1665 1665 1665 1695 1695 1650 1650 1650 1665,18,nvml,False,high,True,,1470.0,696.058,3201.0,False,2.5295638479292393,10.294000032294333,245.16144037246704,True,ok,"LEVEL HIGH (recorded, never an exclusion here): loaded clock 1665 MHz against the 1470 MHz reference. At a duty cycle below 1.0 a HIGH reading is the experiment working, not a cell to drop.","scripts/clock_elasticity.py: bursts of N back-to-back fused_experts calls under one pinned tile, each call L2-flushed and bracketed by its own pre-primed event pair, the FIRST call of every burst discarded as a drained-queue launch, a host-side idle gap after each burst setting the sustained duty cycle, and the SM clock, board power and memory clock read through NVML with the burst still in flight; NOT timing.TIMING_BASIS",,,13.0,580.159.04,True,1,33d28339d8e211bd7fb8caf92bd340b82ae40abb,NVIDIA H200,421a523e82cb,"scripts/clock_elasticity.py: bursts of N back-to-back fused_experts calls under one pinned tile, each call L2-flushed and bracketed by its own pre-primed event pair, the FIRST call of every burst discarded as a drained-queue launch, a host-side idle gap after each burst setting the sustained duty cycle, and the SM clock, board power and memory clock read through NVML with the burst still in flight; NOT timing.TIMING_BASIS",,bandwidth=not supplied by caller; bandwidth_source=not supplied by caller; iters=not supplied by caller; ridge=not supplied by caller; ridge_source=not supplied by caller; sglang=package not installed,1,3.12.3,,,,200.0,2.13.0,3.7.1,2026-09-23T18:03:27+00:00,0.27.1,200.0
1.0,0.9832288215836463,0,4,0,mixtral-8x7b,bf16,32,64,64,4,8,4,7,224,896,8,18,3,4.448575973510742,4.319424152374268,0.0384802233322615,126,35.4859696759118,0.0,4.449120044708252,4.449551820755005,True,1665.0,1650.0,1650.0,1650 1680 1680 1650 1650 1650 1680 1680 1680 1680 1680 1680 1665 1665 1665 1650 1650 1650,18,nvml,False,high,True,,1470.0,694.925,3201.0,False,1.8366025760769844,7.582027930207856,209.78041553497314,True,ok,"LEVEL HIGH (recorded, never an exclusion here): loaded clock 1665 MHz against the 1470 MHz reference. At a duty cycle below 1.0 a HIGH reading is the experiment working, not a cell to drop.","scripts/clock_elasticity.py: bursts of N back-to-back fused_experts calls under one pinned tile, each call L2-flushed and bracketed by its own pre-primed event pair, the FIRST call of every burst discarded as a drained-queue launch, a host-side idle gap after each burst setting the sustained duty cycle, and the SM clock, board power and memory clock read through NVML with the burst still in flight; NOT timing.TIMING_BASIS",,,13.0,580.159.04,True,1,33d28339d8e211bd7fb8caf92bd340b82ae40abb,NVIDIA H200,421a523e82cb,"scripts/clock_elasticity.py: bursts of N back-to-back fused_experts calls under one pinned tile, each call L2-flushed and bracketed by its own pre-primed event pair, the FIRST call of every burst discarded as a drained-queue launch, a host-side idle gap after each burst setting the sustained duty cycle, and the SM clock, board power and memory clock read through NVML with the burst still in flight; NOT timing.TIMING_BASIS",,bandwidth=not supplied by caller; bandwidth_source=not supplied by caller; iters=not supplied by caller; ridge=not supplied by caller; ridge_source=not supplied by caller; sglang=package not installed,1,3.12.3,,,,200.0,2.13.0,3.7.1,2026-09-23T18:03:27+00:00,0.27.1,200.0
1.0,0.9846977011194238,0,4,0,mixtral-8x7b,bf16,32,64,64,4,8,4,8,256,1024,8,18,3,4.880575895309448,4.6596479415893555,0.07830578828510235,126,39.01548801528083,0.0,4.858016014099121,4.8826398849487305,True,1725.0,1725.0,1695.0,1725 1740 1740 1740 1695 1695 1755 1755 1755 1695 1695 1725 1725 1725 1725 1725 1695 1695,18,nvml,False,high,True,,1470.0,693.979,3201.0,False,1.8564206548035145,7.611580698298433,233.73302602767944,True,ok,"LEVEL HIGH (recorded, never an exclusion here): loaded clock 1725 MHz against the 1470 MHz reference. At a duty cycle below 1.0 a HIGH reading is the experiment working, not a cell to drop.","scripts/clock_elasticity.py: bursts of N back-to-back fused_experts calls under one pinned tile, each call L2-flushed and bracketed by its own pre-primed event pair, the FIRST call of every burst discarded as a drained-queue launch, a host-side idle gap after each burst setting the sustained duty cycle, and the SM clock, board power and memory clock read through NVML with the burst still in flight; NOT timing.TIMING_BASIS",,,13.0,580.159.04,True,1,33d28339d8e211bd7fb8caf92bd340b82ae40abb,NVIDIA H200,421a523e82cb,"scripts/clock_elasticity.py: bursts of N back-to-back fused_experts calls under one pinned tile, each call L2-flushed and bracketed by its own pre-primed event pair, the FIRST call of every burst discarded as a drained-queue launch, a host-side idle gap after each burst setting the sustained duty cycle, and the SM clock, board power and memory clock read through NVML with the burst still in flight; NOT timing.TIMING_BASIS",,bandwidth=not supplied by caller; bandwidth_source=not supplied by caller; iters=not supplied by caller; ridge=not supplied by caller; ridge_source=not supplied by caller; sglang=package not installed,1,3.12.3,,,,200.0,2.13.0,3.7.1,2026-09-23T18:03:27+00:00,0.27.1,200.0
0.5,0.4733261501301396,1,4,1,mixtral-8x7b,bf16,32,64,64,4,8,4,1,32,128,53,18,3,0.7418879866600037,0.7324159741401672,0.004272089627063442,936,39.47155733903249,40.11147417426109,0.7433920204639435,0.7417120039463043,True,1890.0,1875.0,1740.0,1875 1635 1635 1890 1935 1860 1965 1800 1800 1890 1935 1965 1845 1965 1965 1890 1935 1740,18,nvml,False,high,False,dropping,1470.0,509.462,3201.0,False,11.603555176407099,37.300126885559465,236.58284801244736,True,ok,"LEVEL HIGH (recorded, never an exclusion here): loaded clock 1890 MHz against the 1470 MHz reference. At a duty cycle below 1.0 a HIGH reading is the experiment working, not a cell to drop.; DRIFT failed, dropping: 1875 -> 1740 MHz over 18 bursts; this cell is EXCLUDED","scripts/clock_elasticity.py: bursts of N back-to-back fused_experts calls under one pinned tile, each call L2-flushed and bracketed by its own pre-primed event pair, the FIRST call of every burst discarded as a drained-queue launch, a host-side idle gap after each burst setting the sustained duty cycle, and the SM clock, board power and memory clock read through NVML with the burst still in flight; NOT timing.TIMING_BASIS",,,13.0,580.159.04,True,1,33d28339d8e211bd7fb8caf92bd340b82ae40abb,NVIDIA H200,421a523e82cb,"scripts/clock_elasticity.py: bursts of N back-to-back fused_experts calls under one pinned tile, each call L2-flushed and bracketed by its own pre-primed event pair, the FIRST call of every burst discarded as a drained-queue launch, a host-side idle gap after each burst setting the sustained duty cycle, and the SM clock, board power and memory clock read through NVML with the burst still in flight; NOT timing.TIMING_BASIS",,bandwidth=not supplied by caller; bandwidth_source=not supplied by caller; iters=not supplied by caller; ridge=not supplied by caller; ridge_source=not supplied by caller; sglang=package not installed,1,3.12.3,,,,200.0,2.13.0,3.7.1,2026-09-23T18:03:27+00:00,0.27.1,200.0
0.5,0.457853887523791,1,4,1,mixtral-8x7b,bf16,32,64,64,4,8,4,2,64,256,32,18,3,1.1123199462890625,1.0944639444351196,0.0189625300479315,558,35.931516382429336,40.203604804144966,1.1139679551124573,1.1136800050735474,True,1897.5,1965.0,1890.0,1965 1965 1905 1905 1935 1890 1725 1860 1860 1905 1905 1830 1830 1950 1935 1800 1890 1890,18,nvml,False,high,True,,1470.0,508.39700000000005,3201.0,False,7.265838328748941,25.631133866694803,287.9662400484085,True,ok,"LEVEL HIGH (recorded, never an exclusion here): loaded clock 1898 MHz against the 1470 MHz reference. At a duty cycle below 1.0 a HIGH reading is the experiment working, not a cell to drop.","scripts/clock_elasticity.py: bursts of N back-to-back fused_experts calls under one pinned tile, each call L2-flushed and bracketed by its own pre-primed event pair, the FIRST call of every burst discarded as a drained-queue launch, a host-side idle gap after each burst setting the sustained duty cycle, and the SM clock, board power and memory clock read through NVML with the burst still in flight; NOT timing.TIMING_BASIS",,,13.0,580.159.04,True,1,33d28339d8e211bd7fb8caf92bd340b82ae40abb,NVIDIA H200,421a523e82cb,"scripts/clock_elasticity.py: bursts of N back-to-back fused_experts calls under one pinned tile, each call L2-flushed and bracketed by its own pre-primed event pair, the FIRST call of every burst discarded as a drained-queue launch, a host-side idle gap after each burst setting the sustained duty cycle, and the SM clock, board power and memory clock read through NVML with the burst still in flight; NOT timing.TIMING_BASIS",,bandwidth=not supplied by caller; bandwidth_source=not supplied by caller; iters=not supplied by caller; ridge=not supplied by caller; ridge_source=not supplied by caller; sglang=package not installed,1,3.12.3,,,,200.0,2.13.0,3.7.1,2026-09-23T18:03:27+00:00,0.27.1,200.0
0.5,0.4599030504558734,1,4,1,mixtral-8x7b,bf16,32,64,64,4,8,4,3,96,384,21,18,3,1.6431840062141418,1.62009596824646,0.03495540843945783,360,34.942785819371544,39.45093631744385,1.6666720509529114,1.6431679725646973,True,1920.0,1920.0,1950.0,1920 1965 1875 1875 1920 1905 1905 1905 1935 1950 1920 1920 1950 1920 1755 1755 1920 1950,18,nvml,False,high,True,,1470.0,504.76300000000003,3201.0,False,5.1832920871675014,17.71094337176253,315.3078398704529,True,ok,"LEVEL HIGH (recorded, never an exclusion here): loaded clock 1920 MHz against the 1470 MHz reference. At a duty cycle below 1.0 a HIGH reading is the experiment working, not a cell to drop.","scripts/clock_elasticity.py: bursts of N back-to-back fused_experts calls under one pinned tile, each call L2-flushed and bracketed by its own pre-primed event pair, the FIRST call of every burst discarded as a drained-queue launch, a host-side idle gap after each burst setting the sustained duty cycle, and the SM clock, board power and memory clock read through NVML with the burst still in flight; NOT timing.TIMING_BASIS",,,13.0,580.159.04,True,1,33d28339d8e211bd7fb8caf92bd340b82ae40abb,NVIDIA H200,421a523e82cb,"scripts/clock_elasticity.py: bursts of N back-to-back fused_experts calls under one pinned tile, each call L2-flushed and bracketed by its own pre-primed event pair, the FIRST call of every burst discarded as a drained-queue launch, a host-side idle gap after each burst setting the sustained duty cycle, and the SM clock, board power and memory clock read through NVML with the burst still in flight; NOT timing.TIMING_BASIS",,bandwidth=not supplied by caller; bandwidth_source=not supplied by caller; iters=not supplied by caller; ridge=not supplied by caller; ridge_source=not supplied by caller; sglang=package not installed,1,3.12.3,,,,200.0,2.13.0,3.7.1,2026-09-23T18:03:27+00:00,0.27.1,200.0
0.5,0.46327823390058753,1,4,1,mixtral-8x7b,bf16,32,64,64,4,8,4,4,128,512,17,18,3,2.1368000507354736,2.1173760890960693,0.02417974350726264,288,36.52251381344266,41.01500095261468,2.140936017036438,2.1366000175476074,True,1950.0,1905.0,1845.0,1905 1950 1950 1950 1965 1965 1920 1950 1950 1950 1965 1965 1920 1920 1935 1965 1845 1845,18,nvml,False,high,True,,1470.0,487.357,3201.0,False,4.136144183576107,15.081959346000486,293.3651511669159,True,ok,"LEVEL HIGH (recorded, never an exclusion here): loaded clock 1950 MHz against the 1470 MHz reference. At a duty cycle below 1.0 a HIGH reading is the experiment working, not a cell to drop.","scripts/clock_elasticity.py: bursts of N back-to-back fused_experts calls under one pinned tile, each call L2-flushed and bracketed by its own pre-primed event pair, the FIRST call of every burst discarded as a drained-queue launch, a host-side idle gap after each burst setting the sustained duty cycle, and the SM clock, board power and memory clock read through NVML with the burst still in flight; NOT timing.TIMING_BASIS",,,13.0,580.159.04,True,1,33d28339d8e211bd7fb8caf92bd340b82ae40abb,NVIDIA H200,421a523e82cb,"scripts/clock_elasticity.py: bursts of N back-to-back fused_experts calls under one pinned tile, each call L2-flushed and bracketed by its own pre-primed event pair, the FIRST call of every burst discarded as a drained-queue launch, a host-side idle gap after each burst setting the sustained duty cycle, and the SM clock, board power and memory clock read through NVML with the burst still in flight; NOT timing.TIMING_BASIS",,bandwidth=not supplied by caller; bandwidth_source=not supplied by caller; iters=not supplied by caller; ridge=not supplied by caller; ridge_source=not supplied by caller; sglang=package not installed,1,3.12.3,,,,200.0,2.13.0,3.7.1,2026-09-23T18:03:27+00:00,0.27.1,200.0
0.5,0.466209656353805,1,4,1,mixtral-8x7b,bf16,32,64,64,4,8,4,5,160,640,13,18,3,2.6788320541381836,2.6466240882873535,0.03764313070378554,216,35.13663473394182,39.19872866358076,2.6863359212875366,2.6703840494155884,True,1935.0,1920.0,1890.0,1920 1905 1905 1935 1935 1920 1920 1935 1935 1935 1935 1935 1950 1950 1950 1950 1950 1890,18,nvml,False,high,True,,1470.0,508.48850000000004,3201.0,False,3.4119738265872,11.417329329052427,210.6642553806305,True,ok,"LEVEL HIGH (recorded, never an exclusion here): loaded clock 1935 MHz against the 1470 MHz reference. At a duty cycle below 1.0 a HIGH reading is the experiment working, not a cell to drop.","scripts/clock_elasticity.py: bursts of N back-to-back fused_experts calls under one pinned tile, each call L2-flushed and bracketed by its own pre-primed event pair, the FIRST call of every burst discarded as a drained-queue launch, a host-side idle gap after each burst setting the sustained duty cycle, and the SM clock, board power and memory clock read through NVML with the burst still in flight; NOT timing.TIMING_BASIS",,,13.0,580.159.04,True,1,33d28339d8e211bd7fb8caf92bd340b82ae40abb,NVIDIA H200,421a523e82cb,"scripts/clock_elasticity.py: bursts of N back-to-back fused_experts calls under one pinned tile, each call L2-flushed and bracketed by its own pre-primed event pair, the FIRST call of every burst discarded as a drained-queue launch, a host-side idle gap after each burst setting the sustained duty cycle, and the SM clock, board power and memory clock read through NVML with the burst still in flight; NOT timing.TIMING_BASIS",,bandwidth=not supplied by caller; bandwidth_source=not supplied by caller; iters=not supplied by caller; ridge=not supplied by caller; ridge_source=not supplied by caller; sglang=package not installed,1,3.12.3,,,,200.0,2.13.0,3.7.1,2026-09-23T18:03:27+00:00,0.27.1,200.0
0.5,0.4690026587947431,1,4,1,mixtral-8x7b,bf16,32,64,64,4,8,4,6,192,768,11,18,3,3.1928319931030273,3.1549758911132812,0.05456255821053165,180,35.558380365371704,39.3654507001241,3.2132959961891174,3.206272006034851,True,1920.0,1890.0,1935.0,1890 1935 1860 1890 1890 1935 1920 1920 1920 1935 1920 1920 1920 1920 1950 1950 1950 1935,18,nvml,False,high,True,,1470.0,503.006,3201.0,False,2.907915972173214,9.98988551433863,319.77728033065796,True,ok,"LEVEL HIGH (recorded, never an exclusion here): loaded clock 1920 MHz against the 1470 MHz reference. At a duty cycle below 1.0 a HIGH reading is the experiment working, not a cell to drop.","scripts/clock_elasticity.py: bursts of N back-to-back fused_experts calls under one pinned tile, each call L2-flushed and bracketed by its own pre-primed event pair, the FIRST call of every burst discarded as a drained-queue launch, a host-side idle gap after each burst setting the sustained duty cycle, and the SM clock, board power and memory clock read through NVML with the burst still in flight; NOT timing.TIMING_BASIS",,,13.0,580.159.04,True,1,33d28339d8e211bd7fb8caf92bd340b82ae40abb,NVIDIA H200,421a523e82cb,"scripts/clock_elasticity.py: bursts of N back-to-back fused_experts calls under one pinned tile, each call L2-flushed and bracketed by its own pre-primed event pair, the FIRST call of every burst discarded as a drained-queue launch, a host-side idle gap after each burst setting the sustained duty cycle, and the SM clock, board power and memory clock read through NVML with the burst still in flight; NOT timing.TIMING_BASIS",,bandwidth=not supplied by caller; bandwidth_source=not supplied by caller; iters=not supplied by caller; ridge=not supplied by caller; ridge_source=not supplied by caller; sglang=package not installed,1,3.12.3,,,,200.0,2.13.0,3.7.1,2026-09-23T18:03:27+00:00,0.27.1,200.0
0.5,0.43487120522575656,1,4,1,mixtral-8x7b,bf16,32,64,64,4,8,4,7,224,896,8,18,3,3.6992480754852295,3.6798720359802246,0.04259319709249753,126,30.003879096772934,38.29125061035156,3.715440034866333,3.682703971862793,True,1950.0,1890.0,1965.0,1890 1965 1920 1920 1965 1965 1965 1935 1800 1800 1965 1905 1905 1965 1965 1965 1920 1965,18,nvml,False,high,True,,1470.0,483.1955,3201.0,False,2.759988885372877,7.025170038135833,269.73974323272705,True,ok,"LEVEL HIGH (recorded, never an exclusion here): loaded clock 1950 MHz against the 1470 MHz reference. At a duty cycle below 1.0 a HIGH reading is the experiment working, not a cell to drop.","scripts/clock_elasticity.py: bursts of N back-to-back fused_experts calls under one pinned tile, each call L2-flushed and bracketed by its own pre-primed event pair, the FIRST call of every burst discarded as a drained-queue launch, a host-side idle gap after each burst setting the sustained duty cycle, and the SM clock, board power and memory clock read through NVML with the burst still in flight; NOT timing.TIMING_BASIS",,,13.0,580.159.04,True,1,33d28339d8e211bd7fb8caf92bd340b82ae40abb,NVIDIA H200,421a523e82cb,"scripts/clock_elasticity.py: bursts of N back-to-back fused_experts calls under one pinned tile, each call L2-flushed and bracketed by its own pre-primed event pair, the FIRST call of every burst discarded as a drained-queue launch, a host-side idle gap after each burst setting the sustained duty cycle, and the SM clock, board power and memory clock read through NVML with the burst still in flight; NOT timing.TIMING_BASIS",,bandwidth=not supplied by caller; bandwidth_source=not supplied by caller; iters=not supplied by caller; ridge=not supplied by caller; ridge_source=not supplied by caller; sglang=package not installed,1,3.12.3,,,,200.0,2.13.0,3.7.1,2026-09-23T18:03:27+00:00,0.27.1,200.0
0.5,0.46406936236150753,1,4,1,mixtral-8x7b,bf16,32,64,64,4,8,4,8,256,1024,8,18,3,4.202735900878906,4.196864128112793,0.03527048937986034,126,34.022245221667816,38.60643844604492,4.2346720695495605,4.2287681102752686,True,1935.0,1935.0,1905.0,1935 1920 1920 1905 1965 1860 1860 1965 1965 1965 1965 1950 1950 1935 1935 1935 1905 1905,18,nvml,False,high,True,,1470.0,485.6085,3201.0,False,2.3753871209919453,7.415722098263869,204.4117431640625,True,ok,"LEVEL HIGH (recorded, never an exclusion here): loaded clock 1935 MHz against the 1470 MHz reference. At a duty cycle below 1.0 a HIGH reading is the experiment working, not a cell to drop.","scripts/clock_elasticity.py: bursts of N back-to-back fused_experts calls under one pinned tile, each call L2-flushed and bracketed by its own pre-primed event pair, the FIRST call of every burst discarded as a drained-queue launch, a host-side idle gap after each burst setting the sustained duty cycle, and the SM clock, board power and memory clock read through NVML with the burst still in flight; NOT timing.TIMING_BASIS",,,13.0,580.159.04,True,1,33d28339d8e211bd7fb8caf92bd340b82ae40abb,NVIDIA H200,421a523e82cb,"scripts/clock_elasticity.py: bursts of N back-to-back fused_experts calls under one pinned tile, each call L2-flushed and bracketed by its own pre-primed event pair, the FIRST call of every burst discarded as a drained-queue launch, a host-side idle gap after each burst setting the sustained duty cycle, and the SM clock, board power and memory clock read through NVML with the burst still in flight; NOT timing.TIMING_BASIS",,bandwidth=not supplied by caller; bandwidth_source=not supplied by caller; iters=not supplied by caller; ridge=not supplied by caller; ridge_source=not supplied by caller; sglang=package not installed,1,3.12.3,,,,200.0,2.13.0,3.7.1,2026-09-23T18:03:27+00:00,0.27.1,200.0
0.25,0.24173558766322703,2,4,2,mixtral-8x7b,bf16,32,64,64,4,8,4,1,32,128,53,18,3,0.7411199808120728,0.7325760126113892,0.004295185229872928,936,39.591578748491074,120.33442252278327,0.7404319941997528,0.7420479953289032,True,1965.0,1980.0,1905.0,1980 1935 1965 1965 1980 1980 1980 1965 1980 1875 1950 1845 1950 1965 1965 1980 1965 1905,18,nvml,False,high,True,,1470.0,301.3355,3201.0,False,17.499218229204416,29.157792884033547,237.2981761097908,True,ok,"LEVEL HIGH (recorded, never an exclusion here): loaded clock 1965 MHz against the 1470 MHz reference. At a duty cycle below 1.0 a HIGH reading is the experiment working, not a cell to drop.","scripts/clock_elasticity.py: bursts of N back-to-back fused_experts calls under one pinned tile, each call L2-flushed and bracketed by its own pre-primed event pair, the FIRST call of every burst discarded as a drained-queue launch, a host-side idle gap after each burst setting the sustained duty cycle, and the SM clock, board power and memory clock read through NVML with the burst still in flight; NOT timing.TIMING_BASIS",,,13.0,580.159.04,True,1,33d28339d8e211bd7fb8caf92bd340b82ae40abb,NVIDIA H200,421a523e82cb,"scripts/clock_elasticity.py: bursts of N back-to-back fused_experts calls under one pinned tile, each call L2-flushed and bracketed by its own pre-primed event pair, the FIRST call of every burst discarded as a drained-queue launch, a host-side idle gap after each burst setting the sustained duty cycle, and the SM clock, board power and memory clock read through NVML with the burst still in flight; NOT timing.TIMING_BASIS",,bandwidth=not supplied by caller; bandwidth_source=not supplied by caller; iters=not supplied by caller; ridge=not supplied by caller; ridge_source=not supplied by caller; sglang=package not installed,1,3.12.3,,,,200.0,2.13.0,3.7.1,2026-09-23T18:03:27+00:00,0.27.1,200.0
0.25,0.22484064997875328,2,4,2,mixtral-8x7b,bf16,32,64,64,4,8,4,2,64,256,32,18,3,1.099552035331726,1.093824028968811,0.018191351369425134,558,35.682666612995995,120.6108144124349,1.09852796792984,1.1010559797286987,True,1957.5,1905.0,1905.0,1905 1965 1965 1935 1965 1890 1950 1965 1920 1965 1905 1965 1935 1965 1965 1935 1965 1905,18,nvml,False,high,True,,1470.0,315.1275,3201.0,False,14.95260652154684,18.8905770026064,214.8755203485489,True,ok,"LEVEL HIGH (recorded, never an exclusion here): loaded clock 1958 MHz against the 1470 MHz reference. At a duty cycle below 1.0 a HIGH reading is the experiment working, not a cell to drop.","scripts/clock_elasticity.py: bursts of N back-to-back fused_experts calls under one pinned tile, each call L2-flushed and bracketed by its own pre-primed event pair, the FIRST call of every burst discarded as a drained-queue launch, a host-side idle gap after each burst setting the sustained duty cycle, and the SM clock, board power and memory clock read through NVML with the burst still in flight; NOT timing.TIMING_BASIS",,,13.0,580.159.04,True,1,33d28339d8e211bd7fb8caf92bd340b82ae40abb,NVIDIA H200,421a523e82cb,"scripts/clock_elasticity.py: bursts of N back-to-back fused_experts calls under one pinned tile, each call L2-flushed and bracketed by its own pre-primed event pair, the FIRST call of every burst discarded as a drained-queue launch, a host-side idle gap after each burst setting the sustained duty cycle, and the SM clock, board power and memory clock read through NVML with the burst still in flight; NOT timing.TIMING_BASIS",,bandwidth=not supplied by caller; bandwidth_source=not supplied by caller; iters=not supplied by caller; ridge=not supplied by caller; ridge_source=not supplied by caller; sglang=package not installed,1,3.12.3,,,,200.0,2.13.0,3.7.1,2026-09-23T18:03:27+00:00,0.27.1,200.0
0.25,0.22413881467643798,2,4,2,mixtral-8x7b,bf16,32,64,64,4,8,4,3,96,384,21,18,3,1.6249439716339111,1.618656039237976,0.017727352334273472,360,34.67656708425946,118.35280895233154,1.622767984867096,1.6268959641456604,True,1957.5,1905.0,1965.0,1905 1950 1965 1950 1965 1935 1965 1950 1965 1845 1965 1920 1920 1965 1965 1965 1920 1965,18,nvml,False,high,True,,1470.0,314.92150000000004,3201.0,False,14.8071707226336,12.16494880309167,208.95612847805023,True,ok,"LEVEL HIGH (recorded, never an exclusion here): loaded clock 1958 MHz against the 1470 MHz reference. At a duty cycle below 1.0 a HIGH reading is the experiment working, not a cell to drop.","scripts/clock_elasticity.py: bursts of N back-to-back fused_experts calls under one pinned tile, each call L2-flushed and bracketed by its own pre-primed event pair, the FIRST call of every burst discarded as a drained-queue launch, a host-side idle gap after each burst setting the sustained duty cycle, and the SM clock, board power and memory clock read through NVML with the burst still in flight; NOT timing.TIMING_BASIS",,,13.0,580.159.04,True,1,33d28339d8e211bd7fb8caf92bd340b82ae40abb,NVIDIA H200,421a523e82cb,"scripts/clock_elasticity.py: bursts of N back-to-back fused_experts calls under one pinned tile, each call L2-flushed and bracketed by its own pre-primed event pair, the FIRST call of every burst discarded as a drained-queue launch, a host-side idle gap after each burst setting the sustained duty cycle, and the SM clock, board power and memory clock read through NVML with the burst still in flight; NOT timing.TIMING_BASIS",,bandwidth=not supplied by caller; bandwidth_source=not supplied by caller; iters=not supplied by caller; ridge=not supplied by caller; ridge_source=not supplied by caller; sglang=package not installed,1,3.12.3,,,,200.0,2.13.0,3.7.1,2026-09-23T18:03:27+00:00,0.27.1,200.0
0.25,0.2267169755441439,2,4,2,mixtral-8x7b,bf16,32,64,64,4,8,4,4,128,512,17,18,3,2.119935989379883,2.1011838912963867,0.014052860766385789,288,36.47943635781606,123.04500285784403,2.120751976966858,2.1198880076408386,True,1965.0,1950.0,1905.0,1950 1950 1965 1965 1965 1965 1965 1935 1950 1965 1965 1965 1965 1965 1980 1980 1965 1905,18,nvml,False,high,True,,1470.0,302.318,3201.0,False,11.1048580147326,11.869531123693665,292.25145506858826,True,ok,"LEVEL HIGH (recorded, never an exclusion here): loaded clock 1965 MHz against the 1470 MHz reference. At a duty cycle below 1.0 a HIGH reading is the experiment working, not a cell to drop.","scripts/clock_elasticity.py: bursts of N back-to-back fused_experts calls under one pinned tile, each call L2-flushed and bracketed by its own pre-primed event pair, the FIRST call of every burst discarded as a drained-queue launch, a host-side idle gap after each burst setting the sustained duty cycle, and the SM clock, board power and memory clock read through NVML with the burst still in flight; NOT timing.TIMING_BASIS",,,13.0,580.159.04,True,1,33d28339d8e211bd7fb8caf92bd340b82ae40abb,NVIDIA H200,421a523e82cb,"scripts/clock_elasticity.py: bursts of N back-to-back fused_experts calls under one pinned tile, each call L2-flushed and bracketed by its own pre-primed event pair, the FIRST call of every burst discarded as a drained-queue launch, a host-side idle gap after each burst setting the sustained duty cycle, and the SM clock, board power and memory clock read through NVML with the burst still in flight; NOT timing.TIMING_BASIS",,bandwidth=not supplied by caller; bandwidth_source=not supplied by caller; iters=not supplied by caller; ridge=not supplied by caller; ridge_source=not supplied by caller; sglang=package not installed,1,3.12.3,,,,200.0,2.13.0,3.7.1,2026-09-23T18:03:27+00:00,0.27.1,200.0
0.25,0.22801543344920627,2,4,2,mixtral-8x7b,bf16,32,64,64,4,8,4,5,160,640,13,18,3,2.6504480838775635,2.6444480419158936,0.020957610876376563,216,35.06606223848131,117.59618599074227,2.6485120058059692,2.653216004371643,True,1957.5,1965.0,1935.0,1965 1785 1965 1965 1920 1965 1950 1950 1965 1965 1890 1950 1920 1965 1785 1965 1965 1935,18,nvml,False,high,True,,1470.0,322.812,3201.0,False,10.62770839780569,8.888394830944074,245.73107266426086,True,ok,"LEVEL HIGH (recorded, never an exclusion here): loaded clock 1958 MHz against the 1470 MHz reference. At a duty cycle below 1.0 a HIGH reading is the experiment working, not a cell to drop.","scripts/clock_elasticity.py: bursts of N back-to-back fused_experts calls under one pinned tile, each call L2-flushed and bracketed by its own pre-primed event pair, the FIRST call of every burst discarded as a drained-queue launch, a host-side idle gap after each burst setting the sustained duty cycle, and the SM clock, board power and memory clock read through NVML with the burst still in flight; NOT timing.TIMING_BASIS",,,13.0,580.159.04,True,1,33d28339d8e211bd7fb8caf92bd340b82ae40abb,NVIDIA H200,421a523e82cb,"scripts/clock_elasticity.py: bursts of N back-to-back fused_experts calls under one pinned tile, each call L2-flushed and bracketed by its own pre-primed event pair, the FIRST call of every burst discarded as a drained-queue launch, a host-side idle gap after each burst setting the sustained duty cycle, and the SM clock, board power and memory clock read through NVML with the burst still in flight; NOT timing.TIMING_BASIS",,bandwidth=not supplied by caller; bandwidth_source=not supplied by caller; iters=not supplied by caller; ridge=not supplied by caller; ridge_source=not supplied by caller; sglang=package not installed,1,3.12.3,,,,200.0,2.13.0,3.7.1,2026-09-23T18:03:27+00:00,0.27.1,200.0
0.25,0.2285785940639435,2,4,2,mixtral-8x7b,bf16,32,64,64,4,8,4,6,192,768,11,18,3,3.1595360040664673,3.138688087463379,0.022421376470372126,180,35.27987549040053,118.0963521003723,3.1613760590553284,3.1601359844207764,True,1965.0,1950.0,1950.0,1950 1860 1935 1965 1935 1965 1965 1965 1965 1965 1935 1965 1965 1965 1965 1935 1965 1950,18,nvml,False,high,True,,1470.0,320.092,3201.0,False,8.158496115356684,8.248141156938017,213.05318331718445,True,ok,"LEVEL HIGH (recorded, never an exclusion here): loaded clock 1965 MHz against the 1470 MHz reference. At a duty cycle below 1.0 a HIGH reading is the experiment working, not a cell to drop.","scripts/clock_elasticity.py: bursts of N back-to-back fused_experts calls under one pinned tile, each call L2-flushed and bracketed by its own pre-primed event pair, the FIRST call of every burst discarded as a drained-queue launch, a host-side idle gap after each burst setting the sustained duty cycle, and the SM clock, board power and memory clock read through NVML with the burst still in flight; NOT timing.TIMING_BASIS",,,13.0,580.159.04,True,1,33d28339d8e211bd7fb8caf92bd340b82ae40abb,NVIDIA H200,421a523e82cb,"scripts/clock_elasticity.py: bursts of N back-to-back fused_experts calls under one pinned tile, each call L2-flushed and bracketed by its own pre-primed event pair, the FIRST call of every burst discarded as a drained-queue launch, a host-side idle gap after each burst setting the sustained duty cycle, and the SM clock, board power and memory clock read through NVML with the burst still in flight; NOT timing.TIMING_BASIS",,bandwidth=not supplied by caller; bandwidth_source=not supplied by caller; iters=not supplied by caller; ridge=not supplied by caller; ridge_source=not supplied by caller; sglang=package not installed,1,3.12.3,,,,200.0,2.13.0,3.7.1,2026-09-23T18:03:27+00:00,0.27.1,200.0
0.25,0.2060323136664591,2,4,2,mixtral-8x7b,bf16,32,64,64,4,8,4,7,224,896,8,18,3,3.6814401149749756,3.651968002319336,0.00807658840462153,126,30.010391142633225,114.87375183105468,3.683344006538391,3.6813920736312866,True,1965.0,1965.0,1965.0,1965 1965 1965 1965 1950 1935 1965 1965 1965 1950 1965 1935 1875 1965 1965 1980 1935 1965,18,nvml,False,high,True,,1470.0,300.7685,3201.0,False,7.306599523872137,6.032720486046988,210.50201606750488,True,ok,"LEVEL HIGH (recorded, never an exclusion here): loaded clock 1965 MHz against the 1470 MHz reference. At a duty cycle below 1.0 a HIGH reading is the experiment working, not a cell to drop.","scripts/clock_elasticity.py: bursts of N back-to-back fused_experts calls under one pinned tile, each call L2-flushed and bracketed by its own pre-primed event pair, the FIRST call of every burst discarded as a drained-queue launch, a host-side idle gap after each burst setting the sustained duty cycle, and the SM clock, board power and memory clock read through NVML with the burst still in flight; NOT timing.TIMING_BASIS",,,13.0,580.159.04,True,1,33d28339d8e211bd7fb8caf92bd340b82ae40abb,NVIDIA H200,421a523e82cb,"scripts/clock_elasticity.py: bursts of N back-to-back fused_experts calls under one pinned tile, each call L2-flushed and bracketed by its own pre-primed event pair, the FIRST call of every burst discarded as a drained-queue launch, a host-side idle gap after each burst setting the sustained duty cycle, and the SM clock, board power and memory clock read through NVML with the burst still in flight; NOT timing.TIMING_BASIS",,bandwidth=not supplied by caller; bandwidth_source=not supplied by caller; iters=not supplied by caller; ridge=not supplied by caller; ridge_source=not supplied by caller; sglang=package not installed,1,3.12.3,,,,200.0,2.13.0,3.7.1,2026-09-23T18:03:27+00:00,0.27.1,200.0
0.25,0.22670214166384195,2,4,2,mixtral-8x7b,bf16,32,64,64,4,8,4,8,256,1024,8,18,3,4.1997761726379395,4.165760040283203,0.01763133253349793,126,34.182259506649444,115.81931533813476,4.2010719776153564,4.200336217880249,True,1965.0,1965.0,1965.0,1965 1950 1950 1950 1965 1980 1965 1965 1965 1965 1950 1965 1965 1860 1965 1845 1965 1965,18,nvml,False,high,True,,1470.0,313.4815,3201.0,False,7.3411730118095875,6.216560527159478,239.61334466934204,True,ok,"LEVEL HIGH (recorded, never an exclusion here): loaded clock 1965 MHz against the 1470 MHz reference. At a duty cycle below 1.0 a HIGH reading is the experiment working, not a cell to drop.","scripts/clock_elasticity.py: bursts of N back-to-back fused_experts calls under one pinned tile, each call L2-flushed and bracketed by its own pre-primed event pair, the FIRST call of every burst discarded as a drained-queue launch, a host-side idle gap after each burst setting the sustained duty cycle, and the SM clock, board power and memory clock read through NVML with the burst still in flight; NOT timing.TIMING_BASIS",,,13.0,580.159.04,True,1,33d28339d8e211bd7fb8caf92bd340b82ae40abb,NVIDIA H200,421a523e82cb,"scripts/clock_elasticity.py: bursts of N back-to-back fused_experts calls under one pinned tile, each call L2-flushed and bracketed by its own pre-primed event pair, the FIRST call of every burst discarded as a drained-queue launch, a host-side idle gap after each burst setting the sustained duty cycle, and the SM clock, board power and memory clock read through NVML with the burst still in flight; NOT timing.TIMING_BASIS",,bandwidth=not supplied by caller; bandwidth_source=not supplied by caller; iters=not supplied by caller; ridge=not supplied by caller; ridge_source=not supplied by caller; sglang=package not installed,1,3.12.3,,,,200.0,2.13.0,3.7.1,2026-09-23T18:03:27+00:00,0.27.1,200.0
0.25,0.24146602484396884,2,5,0,mixtral-8x7b,bf16,32,64,64,4,8,4,1,32,128,53,18,3,0.7400799989700317,0.7318400144577026,0.004416636250069045,936,39.53829507364167,120.33442252278327,0.7396000027656555,0.7413600087165833,True,1965.0,1950.0,1965.0,1950 1965 1920 1965 1965 1965 1965 1965 1920 1950 1965 1935 1965 1935 1950 1965 1920 1965,18,nvml,False,high,True,,1470.0,329.27,3201.0,False,16.918776091188192,30.359660867241846,237.53804796934128,True,ok,"LEVEL HIGH (recorded, never an exclusion here): loaded clock 1965 MHz against the 1470 MHz reference. At a duty cycle below 1.0 a HIGH reading is the experiment working, not a cell to drop.","scripts/clock_elasticity.py: bursts of N back-to-back fused_experts calls under one pinned tile, each call L2-flushed and bracketed by its own pre-primed event pair, the FIRST call of every burst discarded as a drained-queue launch, a host-side idle gap after each burst setting the sustained duty cycle, and the SM clock, board power and memory clock read through NVML with the burst still in flight; NOT timing.TIMING_BASIS",,,13.0,580.159.04,True,1,33d28339d8e211bd7fb8caf92bd340b82ae40abb,NVIDIA H200,421a523e82cb,"scripts/clock_elasticity.py: bursts of N back-to-back fused_experts calls under one pinned tile, each call L2-flushed and bracketed by its own pre-primed event pair, the FIRST call of every burst discarded as a drained-queue launch, a host-side idle gap after each burst setting the sustained duty cycle, and the SM clock, board power and memory clock read through NVML with the burst still in flight; NOT timing.TIMING_BASIS",,bandwidth=not supplied by caller; bandwidth_source=not supplied by caller; iters=not supplied by caller; ridge=not supplied by caller; ridge_source=not supplied by caller; sglang=package not installed,1,3.12.3,,,,200.0,2.13.0,3.7.1,2026-09-23T18:03:27+00:00,0.27.1,200.0
0.25,0.22473586522637612,2,5,0,mixtral-8x7b,bf16,32,64,64,4,8,4,2,64,256,32,18,3,1.0972480177879333,1.092479944229126,0.016702189616125813,558,35.66777062416077,120.6108144124349,1.0963200330734253,1.0997759699821472,True,1965.0,1965.0,1965.0,1965 1965 1950 1965 1965 1950 1965 1935 1920 1875 1950 1965 1965 1965 1965 1965 1965 1965,18,nvml,False,high,True,,1470.0,310.5685,3201.0,False,15.096362214535475,18.58283592847081,213.61443185806274,True,ok,"LEVEL HIGH (recorded, never an exclusion here): loaded clock 1965 MHz against the 1470 MHz reference. At a duty cycle below 1.0 a HIGH reading is the experiment working, not a cell to drop.","scripts/clock_elasticity.py: bursts of N back-to-back fused_experts calls under one pinned tile, each call L2-flushed and bracketed by its own pre-primed event pair, the FIRST call of every burst discarded as a drained-queue launch, a host-side idle gap after each burst setting the sustained duty cycle, and the SM clock, board power and memory clock read through NVML with the burst still in flight; NOT timing.TIMING_BASIS",,,13.0,580.159.04,True,1,33d28339d8e211bd7fb8caf92bd340b82ae40abb,NVIDIA H200,421a523e82cb,"scripts/clock_elasticity.py: bursts of N back-to-back fused_experts calls under one pinned tile, each call L2-flushed and bracketed by its own pre-primed event pair, the FIRST call of every burst discarded as a drained-queue launch, a host-side idle gap after each burst setting the sustained duty cycle, and the SM clock, board power and memory clock read through NVML with the burst still in flight; NOT timing.TIMING_BASIS",,bandwidth=not supplied by caller; bandwidth_source=not supplied by caller; iters=not supplied by caller; ridge=not supplied by caller; ridge_source=not supplied by caller; sglang=package not installed,1,3.12.3,,,,200.0,2.13.0,3.7.1,2026-09-23T18:03:27+00:00,0.27.1,200.0
0.25,0.22502706860397337,2,5,0,mixtral-8x7b,bf16,32,64,64,4,8,4,3,96,384,21,18,3,1.6224799752235413,1.6152960062026978,0.027804232383432936,360,34.878792928324806,118.35280895233154,1.6208000183105469,1.6259679794311523,True,1965.0,1935.0,1890.0,1935 1965 1935 1965 1935 1965 1830 1965 1965 1920 1965 1965 1965 1920 1965 1950 1965 1890,18,nvml,False,high,True,,1470.0,306.7825,3201.0,False,15.611699782311916,11.786332742802085,208.6494082212448,True,ok,"LEVEL HIGH (recorded, never an exclusion here): loaded clock 1965 MHz against the 1470 MHz reference. At a duty cycle below 1.0 a HIGH reading is the experiment working, not a cell to drop.","scripts/clock_elasticity.py: bursts of N back-to-back fused_experts calls under one pinned tile, each call L2-flushed and bracketed by its own pre-primed event pair, the FIRST call of every burst discarded as a drained-queue launch, a host-side idle gap after each burst setting the sustained duty cycle, and the SM clock, board power and memory clock read through NVML with the burst still in flight; NOT timing.TIMING_BASIS",,,13.0,580.159.04,True,1,33d28339d8e211bd7fb8caf92bd340b82ae40abb,NVIDIA H200,421a523e82cb,"scripts/clock_elasticity.py: bursts of N back-to-back fused_experts calls under one pinned tile, each call L2-flushed and bracketed by its own pre-primed event pair, the FIRST call of every burst discarded as a drained-queue launch, a host-side idle gap after each burst setting the sustained duty cycle, and the SM clock, board power and memory clock read through NVML with the burst still in flight; NOT timing.TIMING_BASIS",,bandwidth=not supplied by caller; bandwidth_source=not supplied by caller; iters=not supplied by caller; ridge=not supplied by caller; ridge_source=not supplied by caller; sglang=package not installed,1,3.12.3,,,,200.0,2.13.0,3.7.1,2026-09-23T18:03:27+00:00,0.27.1,200.0
0.25,0.22688925462282994,2,5,0,mixtral-8x7b,bf16,32,64,64,4,8,4,4,128,512,17,18,3,2.1203200817108154,2.100383996963501,0.008542289880680716,288,36.518352058198715,123.04500285784403,2.1214959025382996,2.1204879879951477,True,1965.0,1965.0,1965.0,1965 1950 1965 1965 1965 1965 1965 1965 1980 1980 1965 1965 1965 1965 1935 1965 1905 1965,18,nvml,False,high,True,,1470.0,301.839,3201.0,False,10.451504494994879,11.48885933686839,220.326176404953,True,ok,"LEVEL HIGH (recorded, never an exclusion here): loaded clock 1965 MHz against the 1470 MHz reference. At a duty cycle below 1.0 a HIGH reading is the experiment working, not a cell to drop.","scripts/clock_elasticity.py: bursts of N back-to-back fused_experts calls under one pinned tile, each call L2-flushed and bracketed by its own pre-primed event pair, the FIRST call of every burst discarded as a drained-queue launch, a host-side idle gap after each burst setting the sustained duty cycle, and the SM clock, board power and memory clock read through NVML with the burst still in flight; NOT timing.TIMING_BASIS",,,13.0,580.159.04,True,1,33d28339d8e211bd7fb8caf92bd340b82ae40abb,NVIDIA H200,421a523e82cb,"scripts/clock_elasticity.py: bursts of N back-to-back fused_experts calls under one pinned tile, each call L2-flushed and bracketed by its own pre-primed event pair, the FIRST call of every burst discarded as a drained-queue launch, a host-side idle gap after each burst setting the sustained duty cycle, and the SM clock, board power and memory clock read through NVML with the burst still in flight; NOT timing.TIMING_BASIS",,bandwidth=not supplied by caller; bandwidth_source=not supplied by caller; iters=not supplied by caller; ridge=not supplied by caller; ridge_source=not supplied by caller; sglang=package not installed,1,3.12.3,,,,200.0,2.13.0,3.7.1,2026-09-23T18:03:27+00:00,0.27.1,200.0
0.25,0.22805930561880786,2,5,0,mixtral-8x7b,bf16,32,64,64,4,8,4,5,160,640,13,18,3,2.6487040519714355,2.6430399417877197,0.021226560921964434,216,35.07654562261369,117.59618599074227,2.6469279527664185,2.651296019554138,True,1965.0,1950.0,1935.0,1950 1965 1965 1965 1920 1965 1935 1965 1935 1965 1965 1965 1935 1950 1965 1965 1965 1935,18,nvml,False,high,True,,1470.0,311.104,3201.0,False,10.73586056008935,9.062162105202615,281.1377613544464,True,ok,"LEVEL HIGH (recorded, never an exclusion here): loaded clock 1965 MHz against the 1470 MHz reference. At a duty cycle below 1.0 a HIGH reading is the experiment working, not a cell to drop.","scripts/clock_elasticity.py: bursts of N back-to-back fused_experts calls under one pinned tile, each call L2-flushed and bracketed by its own pre-primed event pair, the FIRST call of every burst discarded as a drained-queue launch, a host-side idle gap after each burst setting the sustained duty cycle, and the SM clock, board power and memory clock read through NVML with the burst still in flight; NOT timing.TIMING_BASIS",,,13.0,580.159.04,True,1,33d28339d8e211bd7fb8caf92bd340b82ae40abb,NVIDIA H200,421a523e82cb,"scripts/clock_elasticity.py: bursts of N back-to-back fused_experts calls under one pinned tile, each call L2-flushed and bracketed by its own pre-primed event pair, the FIRST call of every burst discarded as a drained-queue launch, a host-side idle gap after each burst setting the sustained duty cycle, and the SM clock, board power and memory clock read through NVML with the burst still in flight; NOT timing.TIMING_BASIS",,bandwidth=not supplied by caller; bandwidth_source=not supplied by caller; iters=not supplied by caller; ridge=not supplied by caller; ridge_source=not supplied by caller; sglang=package not installed,1,3.12.3,,,,200.0,2.13.0,3.7.1,2026-09-23T18:03:27+00:00,0.27.1,200.0
0.25,0.22923883461938502,2,5,0,mixtral-8x7b,bf16,32,64,64,4,8,4,6,192,768,11,18,3,3.1581759452819824,3.131648063659668,0.03348232588031611,180,35.424133287535774,118.0963521003723,3.1592000126838684,3.1598479747772217,True,1965.0,1950.0,1965.0,1950 1965 1965 1980 1935 1965 1965 1965 1935 1950 1950 1950 1965 1950 1965 1935 1965 1965,18,nvml,False,high,True,,1470.0,304.65,3201.0,False,9.316434152424335,7.958901147879933,213.22499132156372,True,ok,"LEVEL HIGH (recorded, never an exclusion here): loaded clock 1965 MHz against the 1470 MHz reference. At a duty cycle below 1.0 a HIGH reading is the experiment working, not a cell to drop.","scripts/clock_elasticity.py: bursts of N back-to-back fused_experts calls under one pinned tile, each call L2-flushed and bracketed by its own pre-primed event pair, the FIRST call of every burst discarded as a drained-queue launch, a host-side idle gap after each burst setting the sustained duty cycle, and the SM clock, board power and memory clock read through NVML with the burst still in flight; NOT timing.TIMING_BASIS",,,13.0,580.159.04,True,1,33d28339d8e211bd7fb8caf92bd340b82ae40abb,NVIDIA H200,421a523e82cb,"scripts/clock_elasticity.py: bursts of N back-to-back fused_experts calls under one pinned tile, each call L2-flushed and bracketed by its own pre-primed event pair, the FIRST call of every burst discarded as a drained-queue launch, a host-side idle gap after each burst setting the sustained duty cycle, and the SM clock, board power and memory clock read through NVML with the burst still in flight; NOT timing.TIMING_BASIS",,bandwidth=not supplied by caller; bandwidth_source=not supplied by caller; iters=not supplied by caller; ridge=not supplied by caller; ridge_source=not supplied by caller; sglang=package not installed,1,3.12.3,,,,200.0,2.13.0,3.7.1,2026-09-23T18:03:27+00:00,0.27.1,200.0
0.25,0.20668040744989352,2,5,0,mixtral-8x7b,bf16,32,64,64,4,8,4,7,224,896,8,18,3,3.6821279525756836,3.6497280597686768,0.014613422073138756,126,30.13474139902327,114.87375183105468,3.683888077735901,3.6824320554733276,True,1965.0,1935.0,1965.0,1935 1965 1965 1905 1950 1965 1965 1890 1950 1965 1980 1950 1965 1965 1830 1965 1965 1965,18,nvml,False,high,True,,1470.0,298.4385,3201.0,False,7.745048962533474,5.888186273871812,210.82902431488037,True,ok,"LEVEL HIGH (recorded, never an exclusion here): loaded clock 1965 MHz against the 1470 MHz reference. At a duty cycle below 1.0 a HIGH reading is the experiment working, not a cell to drop.","scripts/clock_elasticity.py: bursts of N back-to-back fused_experts calls under one pinned tile, each call L2-flushed and bracketed by its own pre-primed event pair, the FIRST call of every burst discarded as a drained-queue launch, a host-side idle gap after each burst setting the sustained duty cycle, and the SM clock, board power and memory clock read through NVML with the burst still in flight; NOT timing.TIMING_BASIS",,,13.0,580.159.04,True,1,33d28339d8e211bd7fb8caf92bd340b82ae40abb,NVIDIA H200,421a523e82cb,"scripts/clock_elasticity.py: bursts of N back-to-back fused_experts calls under one pinned tile, each call L2-flushed and bracketed by its own pre-primed event pair, the FIRST call of every burst discarded as a drained-queue launch, a host-side idle gap after each burst setting the sustained duty cycle, and the SM clock, board power and memory clock read through NVML with the burst still in flight; NOT timing.TIMING_BASIS",,bandwidth=not supplied by caller; bandwidth_source=not supplied by caller; iters=not supplied by caller; ridge=not supplied by caller; ridge_source=not supplied by caller; sglang=package not installed,1,3.12.3,,,,200.0,2.13.0,3.7.1,2026-09-23T18:03:27+00:00,0.27.1,200.0
0.25,0.22720297759150165,2,5,0,mixtral-8x7b,bf16,32,64,64,4,8,4,8,256,1024,8,18,3,4.200160026550293,4.197023868560791,0.01207001736741971,126,34.28490130106608,115.81931533813476,4.201776027679443,4.200352191925049,True,1965.0,1965.0,1950.0,1965 1965 1965 1965 1860 1965 1845 1965 1965 1965 1965 1965 1965 1965 1965 1965 1965 1950,18,nvml,False,high,True,,1470.0,309.9825,3201.0,False,7.677929475903511,6.139398723980321,206.5991039276123,True,ok,"LEVEL HIGH (recorded, never an exclusion here): loaded clock 1965 MHz against the 1470 MHz reference. At a duty cycle below 1.0 a HIGH reading is the experiment working, not a cell to drop.","scripts/clock_elasticity.py: bursts of N back-to-back fused_experts calls under one pinned tile, each call L2-flushed and bracketed by its own pre-primed event pair, the FIRST call of every burst discarded as a drained-queue launch, a host-side idle gap after each burst setting the sustained duty cycle, and the SM clock, board power and memory clock read through NVML with the burst still in flight; NOT timing.TIMING_BASIS",,,13.0,580.159.04,True,1,33d28339d8e211bd7fb8caf92bd340b82ae40abb,NVIDIA H200,421a523e82cb,"scripts/clock_elasticity.py: bursts of N back-to-back fused_experts calls under one pinned tile, each call L2-flushed and bracketed by its own pre-primed event pair, the FIRST call of every burst discarded as a drained-queue launch, a host-side idle gap after each burst setting the sustained duty cycle, and the SM clock, board power and memory clock read through NVML with the burst still in flight; NOT timing.TIMING_BASIS",,bandwidth=not supplied by caller; bandwidth_source=not supplied by caller; iters=not supplied by caller; ridge=not supplied by caller; ridge_source=not supplied by caller; sglang=package not installed,1,3.12.3,,,,200.0,2.13.0,3.7.1,2026-09-23T18:03:27+00:00,0.27.1,200.0
0.5,0.47366999052897746,1,5,1,mixtral-8x7b,bf16,32,64,64,4,8,4,1,32,128,53,18,3,0.7421920001506805,0.7335360050201416,0.003971385603797728,936,39.52697073088752,40.11147417426109,0.7425600290298462,0.7426240146160126,True,1935.0,1965.0,1875.0,1965 1935 1845 1680 1965 1965 1935 1950 1965 1815 1845 1845 1965 1965 1875 1965 1875 1875,18,nvml,False,high,True,,1470.0,492.672,3201.0,False,11.995548382401466,37.62478151205843,355.63766396045685,True,ok,"LEVEL HIGH (recorded, never an exclusion here): loaded clock 1935 MHz against the 1470 MHz reference. At a duty cycle below 1.0 a HIGH reading is the experiment working, not a cell to drop.","scripts/clock_elasticity.py: bursts of N back-to-back fused_experts calls under one pinned tile, each call L2-flushed and bracketed by its own pre-primed event pair, the FIRST call of every burst discarded as a drained-queue launch, a host-side idle gap after each burst setting the sustained duty cycle, and the SM clock, board power and memory clock read through NVML with the burst still in flight; NOT timing.TIMING_BASIS",,,13.0,580.159.04,True,1,33d28339d8e211bd7fb8caf92bd340b82ae40abb,NVIDIA H200,421a523e82cb,"scripts/clock_elasticity.py: bursts of N back-to-back fused_experts calls under one pinned tile, each call L2-flushed and bracketed by its own pre-primed event pair, the FIRST call of every burst discarded as a drained-queue launch, a host-side idle gap after each burst setting the sustained duty cycle, and the SM clock, board power and memory clock read through NVML with the burst still in flight; NOT timing.TIMING_BASIS",,bandwidth=not supplied by caller; bandwidth_source=not supplied by caller; iters=not supplied by caller; ridge=not supplied by caller; ridge_source=not supplied by caller; sglang=package not installed,1,3.12.3,,,,200.0,2.13.0,3.7.1,2026-09-23T18:03:27+00:00,0.27.1,200.0
0.5,0.45740802223644744,1,5,1,mixtral-8x7b,bf16,32,64,64,4,8,4,2,64,256,32,18,3,1.1123679876327515,1.0951999425888062,0.018117554838216733,558,35.86083734035492,40.203604804144966,1.115007996559143,1.1079519987106323,True,1875.0,1950.0,1950.0,1950 1800 1890 1890 1935 1950 1845 1845 1860 1950 1860 1815 1815 1935 1950 1770 1770 1950,18,nvml,False,high,True,,1470.0,499.63599999999997,3201.0,False,7.276164833456278,25.564936306118945,215.3570238351822,True,ok,"LEVEL HIGH (recorded, never an exclusion here): loaded clock 1875 MHz against the 1470 MHz reference. At a duty cycle below 1.0 a HIGH reading is the experiment working, not a cell to drop.","scripts/clock_elasticity.py: bursts of N back-to-back fused_experts calls under one pinned tile, each call L2-flushed and bracketed by its own pre-primed event pair, the FIRST call of every burst discarded as a drained-queue launch, a host-side idle gap after each burst setting the sustained duty cycle, and the SM clock, board power and memory clock read through NVML with the burst still in flight; NOT timing.TIMING_BASIS",,,13.0,580.159.04,True,1,33d28339d8e211bd7fb8caf92bd340b82ae40abb,NVIDIA H200,421a523e82cb,"scripts/clock_elasticity.py: bursts of N back-to-back fused_experts calls under one pinned tile, each call L2-flushed and bracketed by its own pre-primed event pair, the FIRST call of every burst discarded as a drained-queue launch, a host-side idle gap after each burst setting the sustained duty cycle, and the SM clock, board power and memory clock read through NVML with the burst still in flight; NOT timing.TIMING_BASIS",,bandwidth=not supplied by caller; bandwidth_source=not supplied by caller; iters=not supplied by caller; ridge=not supplied by caller; ridge_source=not supplied by caller; sglang=package not installed,1,3.12.3,,,,200.0,2.13.0,3.7.1,2026-09-23T18:03:27+00:00,0.27.1,200.0
0.5,0.45995658356536945,1,5,1,mixtral-8x7b,bf16,32,64,64,4,8,4,3,96,384,21,18,3,1.6435360312461853,1.6183680295944214,0.030590208346963587,360,34.97228444284863,39.45093631744385,1.655888020992279,1.6388959884643555,True,1875.0,1725.0,1905.0,1725 1725 1935 1950 1755 1755 1860 1965 1800 1800 1860 1920 1845 1890 1890 1935 1905 1905,18,nvml,False,high,False,settling upward,1470.0,499.4205,3201.0,False,5.194718949496746,17.80321217791489,208.25824058055878,True,ok,"LEVEL HIGH (recorded, never an exclusion here): loaded clock 1875 MHz against the 1470 MHz reference. At a duty cycle below 1.0 a HIGH reading is the experiment working, not a cell to drop.; DRIFT failed, settling upward: 1725 -> 1905 MHz over 18 bursts; this cell is EXCLUDED","scripts/clock_elasticity.py: bursts of N back-to-back fused_experts calls under one pinned tile, each call L2-flushed and bracketed by its own pre-primed event pair, the FIRST call of every burst discarded as a drained-queue launch, a host-side idle gap after each burst setting the sustained duty cycle, and the SM clock, board power and memory clock read through NVML with the burst still in flight; NOT timing.TIMING_BASIS",,,13.0,580.159.04,True,1,33d28339d8e211bd7fb8caf92bd340b82ae40abb,NVIDIA H200,421a523e82cb,"scripts/clock_elasticity.py: bursts of N back-to-back fused_experts calls under one pinned tile, each call L2-flushed and bracketed by its own pre-primed event pair, the FIRST call of every burst discarded as a drained-queue launch, a host-side idle gap after each burst setting the sustained duty cycle, and the SM clock, board power and memory clock read through NVML with the burst still in flight; NOT timing.TIMING_BASIS",,bandwidth=not supplied by caller; bandwidth_source=not supplied by caller; iters=not supplied by caller; ridge=not supplied by caller; ridge_source=not supplied by caller; sglang=package not installed,1,3.12.3,,,,200.0,2.13.0,3.7.1,2026-09-23T18:03:27+00:00,0.27.1,200.0
0.5,0.46290308827456106,1,5,1,mixtral-8x7b,bf16,32,64,64,4,8,4,4,128,512,17,18,3,2.1335198879241943,2.116895914077759,0.017851098302707483,288,36.473608785205414,41.01500095261468,2.138167977333069,2.1232800483703613,True,1957.5,1965.0,1920.0,1965 1965 1965 1920 1950 1965 1965 1965 1965 1965 1920 1950 1950 1935 1965 1890 1890 1920,18,nvml,False,high,True,,1470.0,480.443,3201.0,False,4.241692367941141,13.952363250834196,255.53494358062744,True,ok,"LEVEL HIGH (recorded, never an exclusion here): loaded clock 1958 MHz against the 1470 MHz reference. At a duty cycle below 1.0 a HIGH reading is the experiment working, not a cell to drop.","scripts/clock_elasticity.py: bursts of N back-to-back fused_experts calls under one pinned tile, each call L2-flushed and bracketed by its own pre-primed event pair, the FIRST call of every burst discarded as a drained-queue launch, a host-side idle gap after each burst setting the sustained duty cycle, and the SM clock, board power and memory clock read through NVML with the burst still in flight; NOT timing.TIMING_BASIS",,,13.0,580.159.04,True,1,33d28339d8e211bd7fb8caf92bd340b82ae40abb,NVIDIA H200,421a523e82cb,"scripts/clock_elasticity.py: bursts of N back-to-back fused_experts calls under one pinned tile, each call L2-flushed and bracketed by its own pre-primed event pair, the FIRST call of every burst discarded as a drained-queue launch, a host-side idle gap after each burst setting the sustained duty cycle, and the SM clock, board power and memory clock read through NVML with the burst still in flight; NOT timing.TIMING_BASIS",,bandwidth=not supplied by caller; bandwidth_source=not supplied by caller; iters=not supplied by caller; ridge=not supplied by caller; ridge_source=not supplied by caller; sglang=package not installed,1,3.12.3,,,,200.0,2.13.0,3.7.1,2026-09-23T18:03:27+00:00,0.27.1,200.0
0.5,0.46656251956732425,1,5,1,mixtral-8x7b,bf16,32,64,64,4,8,4,5,160,640,13,18,3,2.681551933288574,2.644576072692871,0.03926356692573222,216,35.19038931528727,39.19872866358076,2.685728073120117,2.666335940361023,True,1912.5,1785.0,1815.0,1785 1785 1965 1950 1950 1950 1950 1965 1770 1770 1935 1950 1800 1800 1890 1965 1815 1815,18,nvml,False,high,True,,1470.0,499.506,3201.0,False,3.4881052561104298,11.585321048695517,210.4064655303955,True,ok,"LEVEL HIGH (recorded, never an exclusion here): loaded clock 1912 MHz against the 1470 MHz reference. At a duty cycle below 1.0 a HIGH reading is the experiment working, not a cell to drop.","scripts/clock_elasticity.py: bursts of N back-to-back fused_experts calls under one pinned tile, each call L2-flushed and bracketed by its own pre-primed event pair, the FIRST call of every burst discarded as a drained-queue launch, a host-side idle gap after each burst setting the sustained duty cycle, and the SM clock, board power and memory clock read through NVML with the burst still in flight; NOT timing.TIMING_BASIS",,,13.0,580.159.04,True,1,33d28339d8e211bd7fb8caf92bd340b82ae40abb,NVIDIA H200,421a523e82cb,"scripts/clock_elasticity.py: bursts of N back-to-back fused_experts calls under one pinned tile, each call L2-flushed and bracketed by its own pre-primed event pair, the FIRST call of every burst discarded as a drained-queue launch, a host-side idle gap after each burst setting the sustained duty cycle, and the SM clock, board power and memory clock read through NVML with the burst still in flight; NOT timing.TIMING_BASIS",,bandwidth=not supplied by caller; bandwidth_source=not supplied by caller; iters=not supplied by caller; ridge=not supplied by caller; ridge_source=not supplied by caller; sglang=package not installed,1,3.12.3,,,,200.0,2.13.0,3.7.1,2026-09-23T18:03:27+00:00,0.27.1,200.0
0.5,0.467910693827708,1,5,1,mixtral-8x7b,bf16,32,64,64,4,8,4,6,192,768,11,18,3,3.186751961708069,3.154304027557373,0.03791124033386599,180,35.40826839870877,39.3654507001241,3.213656008243561,3.18505597114563,True,1950.0,1920.0,1950.0,1920 1920 1950 1950 1920 1920 1935 1950 1950 1950 1950 1965 1815 1815 1950 1950 1950 1950,18,nvml,False,high,True,,1470.0,497.375,3201.0,False,3.075527958571911,9.939458751296375,248.45135951042175,True,ok,"LEVEL HIGH (recorded, never an exclusion here): loaded clock 1950 MHz against the 1470 MHz reference. At a duty cycle below 1.0 a HIGH reading is the experiment working, not a cell to drop.","scripts/clock_elasticity.py: bursts of N back-to-back fused_experts calls under one pinned tile, each call L2-flushed and bracketed by its own pre-primed event pair, the FIRST call of every burst discarded as a drained-queue launch, a host-side idle gap after each burst setting the sustained duty cycle, and the SM clock, board power and memory clock read through NVML with the burst still in flight; NOT timing.TIMING_BASIS",,,13.0,580.159.04,True,1,33d28339d8e211bd7fb8caf92bd340b82ae40abb,NVIDIA H200,421a523e82cb,"scripts/clock_elasticity.py: bursts of N back-to-back fused_experts calls under one pinned tile, each call L2-flushed and bracketed by its own pre-primed event pair, the FIRST call of every burst discarded as a drained-queue launch, a host-side idle gap after each burst setting the sustained duty cycle, and the SM clock, board power and memory clock read through NVML with the burst still in flight; NOT timing.TIMING_BASIS",,bandwidth=not supplied by caller; bandwidth_source=not supplied by caller; iters=not supplied by caller; ridge=not supplied by caller; ridge_source=not supplied by caller; sglang=package not installed,1,3.12.3,,,,200.0,2.13.0,3.7.1,2026-09-23T18:03:27+00:00,0.27.1,200.0
0.5,0.43401946391050195,1,5,1,mixtral-8x7b,bf16,32,64,64,4,8,4,7,224,896,8,18,3,3.6870880126953125,3.679327964782715,0.027956710650526333,126,29.892271995544434,38.29125061035156,3.7124799489974976,3.6848480701446533,True,1942.5,1965.0,1950.0,1965 1935 1935 1920 1965 1965 1920 1965 1965 1950 1935 1920 1920 1950 1905 1905 1965 1950,18,nvml,False,high,True,,1470.0,483.538,3201.0,False,2.6282472535967827,7.2058635527758,209.10560011863708,True,ok,"LEVEL HIGH (recorded, never an exclusion here): loaded clock 1942 MHz against the 1470 MHz reference. At a duty cycle below 1.0 a HIGH reading is the experiment working, not a cell to drop.","scripts/clock_elasticity.py: bursts of N back-to-back fused_experts calls under one pinned tile, each call L2-flushed and bracketed by its own pre-primed event pair, the FIRST call of every burst discarded as a drained-queue launch, a host-side idle gap after each burst setting the sustained duty cycle, and the SM clock, board power and memory clock read through NVML with the burst still in flight; NOT timing.TIMING_BASIS",,,13.0,580.159.04,True,1,33d28339d8e211bd7fb8caf92bd340b82ae40abb,NVIDIA H200,421a523e82cb,"scripts/clock_elasticity.py: bursts of N back-to-back fused_experts calls under one pinned tile, each call L2-flushed and bracketed by its own pre-primed event pair, the FIRST call of every burst discarded as a drained-queue launch, a host-side idle gap after each burst setting the sustained duty cycle, and the SM clock, board power and memory clock read through NVML with the burst still in flight; NOT timing.TIMING_BASIS",,bandwidth=not supplied by caller; bandwidth_source=not supplied by caller; iters=not supplied by caller; ridge=not supplied by caller; ridge_source=not supplied by caller; sglang=package not installed,1,3.12.3,,,,200.0,2.13.0,3.7.1,2026-09-23T18:03:27+00:00,0.27.1,200.0
0.5,0.4636897379804406,1,5,1,mixtral-8x7b,bf16,32,64,64,4,8,4,8,256,1024,8,18,3,4.201344013214111,4.197696208953857,0.03731468492990361,126,33.97028798527188,38.60643844604492,4.203760147094727,4.2100958824157715,True,1965.0,1965.0,1965.0,1965 1965 1965 1965 1965 1950 1935 1920 1920 1920 1965 1845 1845 1965 1965 1965 1965 1965,18,nvml,False,high,True,,1470.0,488.372,3201.0,False,2.3634210228919983,7.318595337274065,238.1083846092224,True,ok,"LEVEL HIGH (recorded, never an exclusion here): loaded clock 1965 MHz against the 1470 MHz reference. At a duty cycle below 1.0 a HIGH reading is the experiment working, not a cell to drop.","scripts/clock_elasticity.py: bursts of N back-to-back fused_experts calls under one pinned tile, each call L2-flushed and bracketed by its own pre-primed event pair, the FIRST call of every burst discarded as a drained-queue launch, a host-side idle gap after each burst setting the sustained duty cycle, and the SM clock, board power and memory clock read through NVML with the burst still in flight; NOT timing.TIMING_BASIS",,,13.0,580.159.04,True,1,33d28339d8e211bd7fb8caf92bd340b82ae40abb,NVIDIA H200,421a523e82cb,"scripts/clock_elasticity.py: bursts of N back-to-back fused_experts calls under one pinned tile, each call L2-flushed and bracketed by its own pre-primed event pair, the FIRST call of every burst discarded as a drained-queue launch, a host-side idle gap after each burst setting the sustained duty cycle, and the SM clock, board power and memory clock read through NVML with the burst still in flight; NOT timing.TIMING_BASIS",,bandwidth=not supplied by caller; bandwidth_source=not supplied by caller; iters=not supplied by caller; ridge=not supplied by caller; ridge_source=not supplied by caller; sglang=package not installed,1,3.12.3,,,,200.0,2.13.0,3.7.1,2026-09-23T18:03:27+00:00,0.27.1,200.0
1.0,0.9155921146661933,0,5,2,mixtral-8x7b,bf16,32,64,64,4,8,4,1,32,128,53,18,3,0.7728000283241272,0.7591360211372375,0.005556304913765372,936,41.06691912147734,0.0,0.7745759785175323,0.7737599909305573,True,1485.0,1500.0,1455.0,1500 1500 1500 1470 1470 1500 1500 1500 1470 1470 1485 1485 1485 1485 1470 1470 1470 1455,18,nvml,True,,True,,1470.0,699.6800000000001,3201.0,False,11.565955355763435,39.08329738983534,205.09155148267746,True,ok,,"scripts/clock_elasticity.py: bursts of N back-to-back fused_experts calls under one pinned tile, each call L2-flushed and bracketed by its own pre-primed event pair, the FIRST call of every burst discarded as a drained-queue launch, a host-side idle gap after each burst setting the sustained duty cycle, and the SM clock, board power and memory clock read through NVML with the burst still in flight; NOT timing.TIMING_BASIS",,,13.0,580.159.04,True,1,33d28339d8e211bd7fb8caf92bd340b82ae40abb,NVIDIA H200,421a523e82cb,"scripts/clock_elasticity.py: bursts of N back-to-back fused_experts calls under one pinned tile, each call L2-flushed and bracketed by its own pre-primed event pair, the FIRST call of every burst discarded as a drained-queue launch, a host-side idle gap after each burst setting the sustained duty cycle, and the SM clock, board power and memory clock read through NVML with the burst still in flight; NOT timing.TIMING_BASIS",,bandwidth=not supplied by caller; bandwidth_source=not supplied by caller; iters=not supplied by caller; ridge=not supplied by caller; ridge_source=not supplied by caller; sglang=package not installed,1,3.12.3,,,,200.0,2.13.0,3.7.1,2026-09-23T18:03:27+00:00,0.27.1,200.0
1.0,0.9488764273950983,0,5,2,mixtral-8x7b,bf16,32,64,64,4,8,4,2,64,256,32,18,3,1.3261760473251343,1.3101119995117188,0.014206672558321792,558,42.615903966956665,0.0,1.3264000415802002,1.326192021369934,True,1635.0,1650.0,1575.0,1650 1650 1650 1635 1635 1650 1650 1620 1620 1620 1620 1635 1635 1635 1650 1650 1575 1575,18,nvml,False,high,True,,1470.0,696.131,3201.0,False,7.0417458191514015,26.90945765707578,209.2808322906494,True,ok,"LEVEL HIGH (recorded, never an exclusion here): loaded clock 1635 MHz against the 1470 MHz reference. At a duty cycle below 1.0 a HIGH reading is the experiment working, not a cell to drop.","scripts/clock_elasticity.py: bursts of N back-to-back fused_experts calls under one pinned tile, each call L2-flushed and bracketed by its own pre-primed event pair, the FIRST call of every burst discarded as a drained-queue launch, a host-side idle gap after each burst setting the sustained duty cycle, and the SM clock, board power and memory clock read through NVML with the burst still in flight; NOT timing.TIMING_BASIS",,,13.0,580.159.04,True,1,33d28339d8e211bd7fb8caf92bd340b82ae40abb,NVIDIA H200,421a523e82cb,"scripts/clock_elasticity.py: bursts of N back-to-back fused_experts calls under one pinned tile, each call L2-flushed and bracketed by its own pre-primed event pair, the FIRST call of every burst discarded as a drained-queue launch, a host-side idle gap after each burst setting the sustained duty cycle, and the SM clock, board power and memory clock read through NVML with the burst still in flight; NOT timing.TIMING_BASIS",,bandwidth=not supplied by caller; bandwidth_source=not supplied by caller; iters=not supplied by caller; ridge=not supplied by caller; ridge_source=not supplied by caller; sglang=package not installed,1,3.12.3,,,,200.0,2.13.0,3.7.1,2026-09-23T18:03:27+00:00,0.27.1,200.0
1.0,0.9649909621779945,0,5,2,mixtral-8x7b,bf16,32,64,64,4,8,4,3,96,384,21,18,3,1.9987679719924927,1.9585599899291992,0.020107732138109912,360,42.037272810935974,0.0,1.999184012413025,1.9999520182609558,True,1605.0,1635.0,1590.0,1635 1635 1620 1620 1590 1590 1590 1620 1620 1620 1620 1590 1590 1590 1605 1605 1590 1590,18,nvml,False,high,True,,1470.0,694.4545,3201.0,False,4.6357824467122555,18.721507838700568,206.44662415981293,True,ok,"LEVEL HIGH (recorded, never an exclusion here): loaded clock 1605 MHz against the 1470 MHz reference. At a duty cycle below 1.0 a HIGH reading is the experiment working, not a cell to drop.","scripts/clock_elasticity.py: bursts of N back-to-back fused_experts calls under one pinned tile, each call L2-flushed and bracketed by its own pre-primed event pair, the FIRST call of every burst discarded as a drained-queue launch, a host-side idle gap after each burst setting the sustained duty cycle, and the SM clock, board power and memory clock read through NVML with the burst still in flight; NOT timing.TIMING_BASIS",,,13.0,580.159.04,True,1,33d28339d8e211bd7fb8caf92bd340b82ae40abb,NVIDIA H200,421a523e82cb,"scripts/clock_elasticity.py: bursts of N back-to-back fused_experts calls under one pinned tile, each call L2-flushed and bracketed by its own pre-primed event pair, the FIRST call of every burst discarded as a drained-queue launch, a host-side idle gap after each burst setting the sustained duty cycle, and the SM clock, board power and memory clock read through NVML with the burst still in flight; NOT timing.TIMING_BASIS",,bandwidth=not supplied by caller; bandwidth_source=not supplied by caller; iters=not supplied by caller; ridge=not supplied by caller; ridge_source=not supplied by caller; sglang=package not installed,1,3.12.3,,,,200.0,2.13.0,3.7.1,2026-09-23T18:03:27+00:00,0.27.1,200.0
1.0,0.9711279910673628,0,5,2,mixtral-8x7b,bf16,32,64,64,4,8,4,4,128,512,17,18,3,2.441823959350586,2.365823984146118,0.03402740832466657,288,41.66887472735511,0.0,2.459488034248352,2.442512035369873,True,1717.5,1710.0,1680.0,1710 1710 1770 1770 1695 1695 1695 1710 1710 1725 1725 1725 1725 1725 1725 1725 1680 1680,18,nvml,False,high,True,,1470.0,694.268,3201.0,False,3.8753687404096127,15.408956971262704,205.75862407684326,True,ok,"LEVEL HIGH (recorded, never an exclusion here): loaded clock 1718 MHz against the 1470 MHz reference. At a duty cycle below 1.0 a HIGH reading is the experiment working, not a cell to drop.","scripts/clock_elasticity.py: bursts of N back-to-back fused_experts calls under one pinned tile, each call L2-flushed and bracketed by its own pre-primed event pair, the FIRST call of every burst discarded as a drained-queue launch, a host-side idle gap after each burst setting the sustained duty cycle, and the SM clock, board power and memory clock read through NVML with the burst still in flight; NOT timing.TIMING_BASIS",,,13.0,580.159.04,True,1,33d28339d8e211bd7fb8caf92bd340b82ae40abb,NVIDIA H200,421a523e82cb,"scripts/clock_elasticity.py: bursts of N back-to-back fused_experts calls under one pinned tile, each call L2-flushed and bracketed by its own pre-primed event pair, the FIRST call of every burst discarded as a drained-queue launch, a host-side idle gap after each burst setting the sustained duty cycle, and the SM clock, board power and memory clock read through NVML with the burst still in flight; NOT timing.TIMING_BASIS",,bandwidth=not supplied by caller; bandwidth_source=not supplied by caller; iters=not supplied by caller; ridge=not supplied by caller; ridge_source=not supplied by caller; sglang=package not installed,1,3.12.3,,,,200.0,2.13.0,3.7.1,2026-09-23T18:03:27+00:00,0.27.1,200.0
1.0,0.9774462129374657,0,5,2,mixtral-8x7b,bf16,32,64,64,4,8,4,5,160,640,13,18,3,3.2156479358673096,3.0940799713134766,0.03851188362117683,216,41.624412536621094,0.0,3.2179999351501465,3.21833598613739,True,1642.5,1650.0,1635.0,1650 1650 1650 1650 1650 1680 1680 1650 1650 1635 1635 1635 1635 1635 1635 1635 1635 1635,18,nvml,False,high,True,,1470.0,695.07,3201.0,False,2.9509426094591618,12.069389596999901,207.68470406532288,True,ok,"LEVEL HIGH (recorded, never an exclusion here): loaded clock 1642 MHz against the 1470 MHz reference. At a duty cycle below 1.0 a HIGH reading is the experiment working, not a cell to drop.","scripts/clock_elasticity.py: bursts of N back-to-back fused_experts calls under one pinned tile, each call L2-flushed and bracketed by its own pre-primed event pair, the FIRST call of every burst discarded as a drained-queue launch, a host-side idle gap after each burst setting the sustained duty cycle, and the SM clock, board power and memory clock read through NVML with the burst still in flight; NOT timing.TIMING_BASIS",,,13.0,580.159.04,True,1,33d28339d8e211bd7fb8caf92bd340b82ae40abb,NVIDIA H200,421a523e82cb,"scripts/clock_elasticity.py: bursts of N back-to-back fused_experts calls under one pinned tile, each call L2-flushed and bracketed by its own pre-primed event pair, the FIRST call of every burst discarded as a drained-queue launch, a host-side idle gap after each burst setting the sustained duty cycle, and the SM clock, board power and memory clock read through NVML with the burst still in flight; NOT timing.TIMING_BASIS",,bandwidth=not supplied by caller; bandwidth_source=not supplied by caller; iters=not supplied by caller; ridge=not supplied by caller; ridge_source=not supplied by caller; sglang=package not installed,1,3.12.3,,,,200.0,2.13.0,3.7.1,2026-09-23T18:03:27+00:00,0.27.1,200.0
1.0,0.9805316808838889,0,5,2,mixtral-8x7b,bf16,32,64,64,4,8,4,6,192,768,11,18,3,3.743072032928467,3.6985599994659424,0.033356042148118825,180,41.40842484103309,0.0,3.745407998561859,3.742136001586914,True,1680.0,1695.0,1650.0,1695 1695 1695 1680 1680 1680 1680 1680 1680 1680 1680 1680 1665 1665 1665 1650 1650 1650,18,nvml,False,high,True,,1470.0,692.9465,3201.0,False,2.5477572344243526,10.288481077669264,205.12377548217773,True,ok,"LEVEL HIGH (recorded, never an exclusion here): loaded clock 1680 MHz against the 1470 MHz reference. At a duty cycle below 1.0 a HIGH reading is the experiment working, not a cell to drop.","scripts/clock_elasticity.py: bursts of N back-to-back fused_experts calls under one pinned tile, each call L2-flushed and bracketed by its own pre-primed event pair, the FIRST call of every burst discarded as a drained-queue launch, a host-side idle gap after each burst setting the sustained duty cycle, and the SM clock, board power and memory clock read through NVML with the burst still in flight; NOT timing.TIMING_BASIS",,,13.0,580.159.04,True,1,33d28339d8e211bd7fb8caf92bd340b82ae40abb,NVIDIA H200,421a523e82cb,"scripts/clock_elasticity.py: bursts of N back-to-back fused_experts calls under one pinned tile, each call L2-flushed and bracketed by its own pre-primed event pair, the FIRST call of every burst discarded as a drained-queue launch, a host-side idle gap after each burst setting the sustained duty cycle, and the SM clock, board power and memory clock read through NVML with the burst still in flight; NOT timing.TIMING_BASIS",,bandwidth=not supplied by caller; bandwidth_source=not supplied by caller; iters=not supplied by caller; ridge=not supplied by caller; ridge_source=not supplied by caller; sglang=package not installed,1,3.12.3,,,,200.0,2.13.0,3.7.1,2026-09-23T18:03:27+00:00,0.27.1,200.0
1.0,0.9830974512280988,0,5,2,mixtral-8x7b,bf16,32,64,64,4,8,4,7,224,896,8,18,3,4.388704061508179,4.318367958068848,0.040764432443190404,126,35.228949308395386,0.0,4.392351865768433,4.387232065200806,True,1680.0,1665.0,1680.0,1665 1680 1680 1680 1650 1650 1650 1695 1695 1695 1665 1665 1680 1680 1680 1680 1680 1680,18,nvml,False,high,True,,1470.0,695.3655,3201.0,False,1.8501621671020985,7.572072376304265,209.73772716522217,True,ok,"LEVEL HIGH (recorded, never an exclusion here): loaded clock 1680 MHz against the 1470 MHz reference. At a duty cycle below 1.0 a HIGH reading is the experiment working, not a cell to drop.","scripts/clock_elasticity.py: bursts of N back-to-back fused_experts calls under one pinned tile, each call L2-flushed and bracketed by its own pre-primed event pair, the FIRST call of every burst discarded as a drained-queue launch, a host-side idle gap after each burst setting the sustained duty cycle, and the SM clock, board power and memory clock read through NVML with the burst still in flight; NOT timing.TIMING_BASIS",,,13.0,580.159.04,True,1,33d28339d8e211bd7fb8caf92bd340b82ae40abb,NVIDIA H200,421a523e82cb,"scripts/clock_elasticity.py: bursts of N back-to-back fused_experts calls under one pinned tile, each call L2-flushed and bracketed by its own pre-primed event pair, the FIRST call of every burst discarded as a drained-queue launch, a host-side idle gap after each burst setting the sustained duty cycle, and the SM clock, board power and memory clock read through NVML with the burst still in flight; NOT timing.TIMING_BASIS",,bandwidth=not supplied by caller; bandwidth_source=not supplied by caller; iters=not supplied by caller; ridge=not supplied by caller; ridge_source=not supplied by caller; sglang=package not installed,1,3.12.3,,,,200.0,2.13.0,3.7.1,2026-09-23T18:03:27+00:00,0.27.1,200.0
1.0,0.9846511128631268,0,5,2,mixtral-8x7b,bf16,32,64,64,4,8,4,8,256,1024,8,18,3,4.870160102844238,4.675168037414551,0.06197047813763742,126,38.896049896876015,0.0,4.836416006088257,4.85700798034668,True,1710.0,1710.0,1695.0,1710 1710 1710 1710 1785 1785 1785 1725 1725 1740 1740 1740 1710 1710 1710 1710 1710 1695,18,nvml,False,high,True,,1470.0,693.925,3201.0,False,1.8423735164105892,7.608288422022587,234.73785543441772,True,ok,"LEVEL HIGH (recorded, never an exclusion here): loaded clock 1710 MHz against the 1470 MHz reference. At a duty cycle below 1.0 a HIGH reading is the experiment working, not a cell to drop.","scripts/clock_elasticity.py: bursts of N back-to-back fused_experts calls under one pinned tile, each call L2-flushed and bracketed by its own pre-primed event pair, the FIRST call of every burst discarded as a drained-queue launch, a host-side idle gap after each burst setting the sustained duty cycle, and the SM clock, board power and memory clock read through NVML with the burst still in flight; NOT timing.TIMING_BASIS",,,13.0,580.159.04,True,1,33d28339d8e211bd7fb8caf92bd340b82ae40abb,NVIDIA H200,421a523e82cb,"scripts/clock_elasticity.py: bursts of N back-to-back fused_experts calls under one pinned tile, each call L2-flushed and bracketed by its own pre-primed event pair, the FIRST call of every burst discarded as a drained-queue launch, a host-side idle gap after each burst setting the sustained duty cycle, and the SM clock, board power and memory clock read through NVML with the burst still in flight; NOT timing.TIMING_BASIS",,bandwidth=not supplied by caller; bandwidth_source=not supplied by caller; iters=not supplied by caller; ridge=not supplied by caller; ridge_source=not supplied by caller; sglang=package not installed,1,3.12.3,,,,200.0,2.13.0,3.7.1,2026-09-23T18:03:27+00:00,0.27.1,200.0
1.0,0.9156564934782248,0,6,0,mixtral-8x7b,bf16,32,64,64,4,8,4,1,32,128,53,18,3,0.774319976568222,0.7650880217552185,0.005545556921460345,936,41.19393778178427,0.0,0.7728319764137268,0.775056004524231,True,1485.0,1470.0,1485.0,1470 1470 1470 1470 1485 1485 1485 1485 1485 1485 1485 1485 1485 1455 1455 1455 1485 1485,18,nvml,True,,True,,1470.0,692.691,3201.0,False,11.5782106295228,39.19845836061326,205.96956807374954,True,ok,,"scripts/clock_elasticity.py: bursts of N back-to-back fused_experts calls under one pinned tile, each call L2-flushed and bracketed by its own pre-primed event pair, the FIRST call of every burst discarded as a drained-queue launch, a host-side idle gap after each burst setting the sustained duty cycle, and the SM clock, board power and memory clock read through NVML with the burst still in flight; NOT timing.TIMING_BASIS",,,13.0,580.159.04,True,1,33d28339d8e211bd7fb8caf92bd340b82ae40abb,NVIDIA H200,421a523e82cb,"scripts/clock_elasticity.py: bursts of N back-to-back fused_experts calls under one pinned tile, each call L2-flushed and bracketed by its own pre-primed event pair, the FIRST call of every burst discarded as a drained-queue launch, a host-side idle gap after each burst setting the sustained duty cycle, and the SM clock, board power and memory clock read through NVML with the burst still in flight; NOT timing.TIMING_BASIS",,bandwidth=not supplied by caller; bandwidth_source=not supplied by caller; iters=not supplied by caller; ridge=not supplied by caller; ridge_source=not supplied by caller; sglang=package not installed,1,3.12.3,,,,200.0,2.13.0,3.7.1,2026-09-23T18:03:27+00:00,0.27.1,200.0
1.0,0.9489208375033674,0,6,0,mixtral-8x7b,bf16,32,64,64,4,8,4,2,64,256,32,18,3,1.3271679878234863,1.2956479787826538,0.014261384079133787,558,42.63365152809355,0.0,1.3271520137786865,1.3279839754104614,True,1635.0,1620.0,1605.0,1620 1620 1620 1635 1635 1635 1635 1635 1635 1635 1635 1635 1650 1650 1620 1620 1605 1605,18,nvml,False,high,True,,1470.0,693.3050000000001,3201.0,False,7.050886750221252,26.900659382986607,254.29043233394623,True,ok,"LEVEL HIGH (recorded, never an exclusion here): loaded clock 1635 MHz against the 1470 MHz reference. At a duty cycle below 1.0 a HIGH reading is the experiment working, not a cell to drop.","scripts/clock_elasticity.py: bursts of N back-to-back fused_experts calls under one pinned tile, each call L2-flushed and bracketed by its own pre-primed event pair, the FIRST call of every burst discarded as a drained-queue launch, a host-side idle gap after each burst setting the sustained duty cycle, and the SM clock, board power and memory clock read through NVML with the burst still in flight; NOT timing.TIMING_BASIS",,,13.0,580.159.04,True,1,33d28339d8e211bd7fb8caf92bd340b82ae40abb,NVIDIA H200,421a523e82cb,"scripts/clock_elasticity.py: bursts of N back-to-back fused_experts calls under one pinned tile, each call L2-flushed and bracketed by its own pre-primed event pair, the FIRST call of every burst discarded as a drained-queue launch, a host-side idle gap after each burst setting the sustained duty cycle, and the SM clock, board power and memory clock read through NVML with the burst still in flight; NOT timing.TIMING_BASIS",,bandwidth=not supplied by caller; bandwidth_source=not supplied by caller; iters=not supplied by caller; ridge=not supplied by caller; ridge_source=not supplied by caller; sglang=package not installed,1,3.12.3,,,,200.0,2.13.0,3.7.1,2026-09-23T18:03:27+00:00,0.27.1,200.0
1.0,0.9650552511217574,0,6,0,mixtral-8x7b,bf16,32,64,64,4,8,4,3,96,384,21,18,3,2.0020480155944824,1.9595839977264404,0.01956873736665493,360,42.16152177916633,0.0,2.0022560358047485,2.001248002052307,True,1597.5,1605.0,1590.0,1605 1605 1605 1605 1590 1590 1590 1590 1590 1620 1620 1635 1635 1635 1590 1590 1590 1590,18,nvml,False,high,True,,1470.0,695.4784999999999,3201.0,False,4.611266311258078,18.69218410363099,207.447007894516,True,ok,"LEVEL HIGH (recorded, never an exclusion here): loaded clock 1598 MHz against the 1470 MHz reference. At a duty cycle below 1.0 a HIGH reading is the experiment working, not a cell to drop.","scripts/clock_elasticity.py: bursts of N back-to-back fused_experts calls under one pinned tile, each call L2-flushed and bracketed by its own pre-primed event pair, the FIRST call of every burst discarded as a drained-queue launch, a host-side idle gap after each burst setting the sustained duty cycle, and the SM clock, board power and memory clock read through NVML with the burst still in flight; NOT timing.TIMING_BASIS",,,13.0,580.159.04,True,1,33d28339d8e211bd7fb8caf92bd340b82ae40abb,NVIDIA H200,421a523e82cb,"scripts/clock_elasticity.py: bursts of N back-to-back fused_experts calls under one pinned tile, each call L2-flushed and bracketed by its own pre-primed event pair, the FIRST call of every burst discarded as a drained-queue launch, a host-side idle gap after each burst setting the sustained duty cycle, and the SM clock, board power and memory clock read through NVML with the burst still in flight; NOT timing.TIMING_BASIS",,bandwidth=not supplied by caller; bandwidth_source=not supplied by caller; iters=not supplied by caller; ridge=not supplied by caller; ridge_source=not supplied by caller; sglang=package not installed,1,3.12.3,,,,200.0,2.13.0,3.7.1,2026-09-23T18:03:27+00:00,0.27.1,200.0
1.0,0.9712278881442964,0,6,0,mixtral-8x7b,bf16,32,64,64,4,8,4,4,128,512,17,18,3,2.4435839653015137,2.389695882797241,0.031069328870282773,288,41.72705935107337,0.0,2.4475839734077454,2.462000012397766,True,1725.0,1755.0,1695.0,1755 1755 1725 1725 1725 1695 1695 1725 1725 1725 1725 1725 1740 1740 1725 1725 1695 1695,18,nvml,False,high,True,,1470.0,692.989,3201.0,False,3.814687952399254,15.444714797139138,204.43039989471436,True,ok,"LEVEL HIGH (recorded, never an exclusion here): loaded clock 1725 MHz against the 1470 MHz reference. At a duty cycle below 1.0 a HIGH reading is the experiment working, not a cell to drop.","scripts/clock_elasticity.py: bursts of N back-to-back fused_experts calls under one pinned tile, each call L2-flushed and bracketed by its own pre-primed event pair, the FIRST call of every burst discarded as a drained-queue launch, a host-side idle gap after each burst setting the sustained duty cycle, and the SM clock, board power and memory clock read through NVML with the burst still in flight; NOT timing.TIMING_BASIS",,,13.0,580.159.04,True,1,33d28339d8e211bd7fb8caf92bd340b82ae40abb,NVIDIA H200,421a523e82cb,"scripts/clock_elasticity.py: bursts of N back-to-back fused_experts calls under one pinned tile, each call L2-flushed and bracketed by its own pre-primed event pair, the FIRST call of every burst discarded as a drained-queue launch, a host-side idle gap after each burst setting the sustained duty cycle, and the SM clock, board power and memory clock read through NVML with the burst still in flight; NOT timing.TIMING_BASIS",,bandwidth=not supplied by caller; bandwidth_source=not supplied by caller; iters=not supplied by caller; ridge=not supplied by caller; ridge_source=not supplied by caller; sglang=package not installed,1,3.12.3,,,,200.0,2.13.0,3.7.1,2026-09-23T18:03:27+00:00,0.27.1,200.0
1.0,0.9775397715292382,0,6,0,mixtral-8x7b,bf16,32,64,64,4,8,4,5,160,640,13,18,3,3.217360019683838,3.1245760917663574,0.037609530527867446,216,41.822453406121994,0.0,3.217311978340149,3.218623995780945,True,1635.0,1650.0,1635.0,1650 1650 1650 1665 1665 1620 1620 1635 1635 1635 1665 1665 1635 1635 1605 1605 1605 1635,18,nvml,False,high,True,,1470.0,694.775,3201.0,False,2.941131591796875,12.077488218396242,206.68361496925354,True,ok,"LEVEL HIGH (recorded, never an exclusion here): loaded clock 1635 MHz against the 1470 MHz reference. At a duty cycle below 1.0 a HIGH reading is the experiment working, not a cell to drop.","scripts/clock_elasticity.py: bursts of N back-to-back fused_experts calls under one pinned tile, each call L2-flushed and bracketed by its own pre-primed event pair, the FIRST call of every burst discarded as a drained-queue launch, a host-side idle gap after each burst setting the sustained duty cycle, and the SM clock, board power and memory clock read through NVML with the burst still in flight; NOT timing.TIMING_BASIS",,,13.0,580.159.04,True,1,33d28339d8e211bd7fb8caf92bd340b82ae40abb,NVIDIA H200,421a523e82cb,"scripts/clock_elasticity.py: bursts of N back-to-back fused_experts calls under one pinned tile, each call L2-flushed and bracketed by its own pre-primed event pair, the FIRST call of every burst discarded as a drained-queue launch, a host-side idle gap after each burst setting the sustained duty cycle, and the SM clock, board power and memory clock read through NVML with the burst still in flight; NOT timing.TIMING_BASIS",,bandwidth=not supplied by caller; bandwidth_source=not supplied by caller; iters=not supplied by caller; ridge=not supplied by caller; ridge_source=not supplied by caller; sglang=package not installed,1,3.12.3,,,,200.0,2.13.0,3.7.1,2026-09-23T18:03:27+00:00,0.27.1,200.0
1.0,0.9805870078680357,0,6,0,mixtral-8x7b,bf16,32,64,64,4,8,4,6,192,768,11,18,3,3.7535040378570557,3.6982719898223877,0.030377669242012264,180,41.442666636572945,0.0,3.768728017807007,3.760192036628723,True,1665.0,1695.0,1665.0,1695 1665 1665 1665 1665 1680 1680 1680 1680 1680 1695 1695 1665 1665 1665 1650 1650 1665,18,nvml,False,high,True,,1470.0,694.095,3201.0,False,2.4905181489884853,10.321620737564027,204.9223997592926,True,ok,"LEVEL HIGH (recorded, never an exclusion here): loaded clock 1665 MHz against the 1470 MHz reference. At a duty cycle below 1.0 a HIGH reading is the experiment working, not a cell to drop.","scripts/clock_elasticity.py: bursts of N back-to-back fused_experts calls under one pinned tile, each call L2-flushed and bracketed by its own pre-primed event pair, the FIRST call of every burst discarded as a drained-queue launch, a host-side idle gap after each burst setting the sustained duty cycle, and the SM clock, board power and memory clock read through NVML with the burst still in flight; NOT timing.TIMING_BASIS",,,13.0,580.159.04,True,1,33d28339d8e211bd7fb8caf92bd340b82ae40abb,NVIDIA H200,421a523e82cb,"scripts/clock_elasticity.py: bursts of N back-to-back fused_experts calls under one pinned tile, each call L2-flushed and bracketed by its own pre-primed event pair, the FIRST call of every burst discarded as a drained-queue launch, a host-side idle gap after each burst setting the sustained duty cycle, and the SM clock, board power and memory clock read through NVML with the burst still in flight; NOT timing.TIMING_BASIS",,bandwidth=not supplied by caller; bandwidth_source=not supplied by caller; iters=not supplied by caller; ridge=not supplied by caller; ridge_source=not supplied by caller; sglang=package not installed,1,3.12.3,,,,200.0,2.13.0,3.7.1,2026-09-23T18:03:27+00:00,0.27.1,200.0
1.0,0.9831648484474039,0,6,0,mixtral-8x7b,bf16,32,64,64,4,8,4,7,224,896,8,18,3,4.442800045013428,4.3190717697143555,0.04309765168809864,126,35.41209242078993,0.0,4.428976058959961,4.430016040802002,True,1665.0,1695.0,1650.0,1695 1665 1665 1665 1650 1650 1650 1680 1680 1680 1650 1650 1680 1680 1680 1650 1650 1650,18,nvml,False,high,True,,1470.0,693.7090000000001,3201.0,False,1.8119504675269127,7.58311510817193,209.35126447677612,True,ok,"LEVEL HIGH (recorded, never an exclusion here): loaded clock 1665 MHz against the 1470 MHz reference. At a duty cycle below 1.0 a HIGH reading is the experiment working, not a cell to drop.","scripts/clock_elasticity.py: bursts of N back-to-back fused_experts calls under one pinned tile, each call L2-flushed and bracketed by its own pre-primed event pair, the FIRST call of every burst discarded as a drained-queue launch, a host-side idle gap after each burst setting the sustained duty cycle, and the SM clock, board power and memory clock read through NVML with the burst still in flight; NOT timing.TIMING_BASIS",,,13.0,580.159.04,True,1,33d28339d8e211bd7fb8caf92bd340b82ae40abb,NVIDIA H200,421a523e82cb,"scripts/clock_elasticity.py: bursts of N back-to-back fused_experts calls under one pinned tile, each call L2-flushed and bracketed by its own pre-primed event pair, the FIRST call of every burst discarded as a drained-queue launch, a host-side idle gap after each burst setting the sustained duty cycle, and the SM clock, board power and memory clock read through NVML with the burst still in flight; NOT timing.TIMING_BASIS",,bandwidth=not supplied by caller; bandwidth_source=not supplied by caller; iters=not supplied by caller; ridge=not supplied by caller; ridge_source=not supplied by caller; sglang=package not installed,1,3.12.3,,,,200.0,2.13.0,3.7.1,2026-09-23T18:03:27+00:00,0.27.1,200.0
1.0,0.9846903890689683,0,6,0,mixtral-8x7b,bf16,32,64,64,4,8,4,8,256,1024,8,18,3,4.881792068481445,4.661439895629883,0.05240177709965147,126,39.11775819460551,0.0,4.881376028060913,4.8828959465026855,True,1710.0,1710.0,1695.0,1710 1710 1710 1710 1725 1725 1725 1740 1740 1725 1725 1725 1710 1710 1710 1710 1710 1695,18,nvml,False,high,True,,1470.0,693.229,3201.0,False,1.828748732805252,7.6118429933635126,233.25478267669678,True,ok,"LEVEL HIGH (recorded, never an exclusion here): loaded clock 1710 MHz against the 1470 MHz reference. At a duty cycle below 1.0 a HIGH reading is the experiment working, not a cell to drop.","scripts/clock_elasticity.py: bursts of N back-to-back fused_experts calls under one pinned tile, each call L2-flushed and bracketed by its own pre-primed event pair, the FIRST call of every burst discarded as a drained-queue launch, a host-side idle gap after each burst setting the sustained duty cycle, and the SM clock, board power and memory clock read through NVML with the burst still in flight; NOT timing.TIMING_BASIS",,,13.0,580.159.04,True,1,33d28339d8e211bd7fb8caf92bd340b82ae40abb,NVIDIA H200,421a523e82cb,"scripts/clock_elasticity.py: bursts of N back-to-back fused_experts calls under one pinned tile, each call L2-flushed and bracketed by its own pre-primed event pair, the FIRST call of every burst discarded as a drained-queue launch, a host-side idle gap after each burst setting the sustained duty cycle, and the SM clock, board power and memory clock read through NVML with the burst still in flight; NOT timing.TIMING_BASIS",,bandwidth=not supplied by caller; bandwidth_source=not supplied by caller; iters=not supplied by caller; ridge=not supplied by caller; ridge_source=not supplied by caller; sglang=package not installed,1,3.12.3,,,,200.0,2.13.0,3.7.1,2026-09-23T18:03:27+00:00,0.27.1,200.0
0.5,0.47334640808179324,1,6,1,mixtral-8x7b,bf16,32,64,64,4,8,4,1,32,128,53,18,3,0.7423359751701355,0.7336639761924744,0.0042541977684151435,936,39.47136531273524,40.11147417426109,0.7432160079479218,0.7428320050239563,True,1860.0,1905.0,1845.0,1905 1935 1875 1650 1845 1845 1935 1965 1890 1635 1830 1830 1920 1950 1905 1665 1845 1845,18,nvml,False,high,True,,1470.0,513.322,3201.0,False,11.475251521915197,38.35938816691492,315.72636729478836,True,ok,"LEVEL HIGH (recorded, never an exclusion here): loaded clock 1860 MHz against the 1470 MHz reference. At a duty cycle below 1.0 a HIGH reading is the experiment working, not a cell to drop.","scripts/clock_elasticity.py: bursts of N back-to-back fused_experts calls under one pinned tile, each call L2-flushed and bracketed by its own pre-primed event pair, the FIRST call of every burst discarded as a drained-queue launch, a host-side idle gap after each burst setting the sustained duty cycle, and the SM clock, board power and memory clock read through NVML with the burst still in flight; NOT timing.TIMING_BASIS",,,13.0,580.159.04,True,1,33d28339d8e211bd7fb8caf92bd340b82ae40abb,NVIDIA H200,421a523e82cb,"scripts/clock_elasticity.py: bursts of N back-to-back fused_experts calls under one pinned tile, each call L2-flushed and bracketed by its own pre-primed event pair, the FIRST call of every burst discarded as a drained-queue launch, a host-side idle gap after each burst setting the sustained duty cycle, and the SM clock, board power and memory clock read through NVML with the burst still in flight; NOT timing.TIMING_BASIS",,bandwidth=not supplied by caller; bandwidth_source=not supplied by caller; iters=not supplied by caller; ridge=not supplied by caller; ridge_source=not supplied by caller; sglang=package not installed,1,3.12.3,,,,200.0,2.13.0,3.7.1,2026-09-23T18:03:27+00:00,0.27.1,200.0
0.5,0.4582186933531903,1,6,1,mixtral-8x7b,bf16,32,64,64,4,8,4,2,64,256,32,18,3,1.1109279990196228,1.0935360193252563,0.020276605171675694,558,36.002600921524895,40.203604804144966,1.1165279746055603,1.1092640161514282,True,1890.0,1965.0,1890.0,1965 1815 1875 1875 1920 1950 1770 1770 1860 1920 1890 1920 1920 1950 1965 1845 1890 1890,18,nvml,False,high,True,,1470.0,501.8185,3201.0,False,7.369295693933964,24.479934051111307,214.42060780525208,True,ok,"LEVEL HIGH (recorded, never an exclusion here): loaded clock 1890 MHz against the 1470 MHz reference. At a duty cycle below 1.0 a HIGH reading is the experiment working, not a cell to drop.","scripts/clock_elasticity.py: bursts of N back-to-back fused_experts calls under one pinned tile, each call L2-flushed and bracketed by its own pre-primed event pair, the FIRST call of every burst discarded as a drained-queue launch, a host-side idle gap after each burst setting the sustained duty cycle, and the SM clock, board power and memory clock read through NVML with the burst still in flight; NOT timing.TIMING_BASIS",,,13.0,580.159.04,True,1,33d28339d8e211bd7fb8caf92bd340b82ae40abb,NVIDIA H200,421a523e82cb,"scripts/clock_elasticity.py: bursts of N back-to-back fused_experts calls under one pinned tile, each call L2-flushed and bracketed by its own pre-primed event pair, the FIRST call of every burst discarded as a drained-queue launch, a host-side idle gap after each burst setting the sustained duty cycle, and the SM clock, board power and memory clock read through NVML with the burst still in flight; NOT timing.TIMING_BASIS",,bandwidth=not supplied by caller; bandwidth_source=not supplied by caller; iters=not supplied by caller; ridge=not supplied by caller; ridge_source=not supplied by caller; sglang=package not installed,1,3.12.3,,,,200.0,2.13.0,3.7.1,2026-09-23T18:03:27+00:00,0.27.1,200.0
0.5,0.4593348329537095,1,6,1,mixtral-8x7b,bf16,32,64,64,4,8,4,3,96,384,21,18,3,1.6419039964675903,1.6216959953308105,0.02776066542727796,360,34.86637335353427,39.45093631744385,1.6476799845695496,1.6560320258140564,True,1905.0,1845.0,1935.0,1845 1935 1815 1875 1875 1935 1905 1890 1890 1920 1920 1905 1905 1935 1950 1860 1860 1935,18,nvml,False,high,True,,1470.0,504.419,3201.0,False,5.179842002689838,16.998291538565876,279.5744322538376,True,ok,"LEVEL HIGH (recorded, never an exclusion here): loaded clock 1905 MHz against the 1470 MHz reference. At a duty cycle below 1.0 a HIGH reading is the experiment working, not a cell to drop.","scripts/clock_elasticity.py: bursts of N back-to-back fused_experts calls under one pinned tile, each call L2-flushed and bracketed by its own pre-primed event pair, the FIRST call of every burst discarded as a drained-queue launch, a host-side idle gap after each burst setting the sustained duty cycle, and the SM clock, board power and memory clock read through NVML with the burst still in flight; NOT timing.TIMING_BASIS",,,13.0,580.159.04,True,1,33d28339d8e211bd7fb8caf92bd340b82ae40abb,NVIDIA H200,421a523e82cb,"scripts/clock_elasticity.py: bursts of N back-to-back fused_experts calls under one pinned tile, each call L2-flushed and bracketed by its own pre-primed event pair, the FIRST call of every burst discarded as a drained-queue launch, a host-side idle gap after each burst setting the sustained duty cycle, and the SM clock, board power and memory clock read through NVML with the burst still in flight; NOT timing.TIMING_BASIS",,bandwidth=not supplied by caller; bandwidth_source=not supplied by caller; iters=not supplied by caller; ridge=not supplied by caller; ridge_source=not supplied by caller; sglang=package not installed,1,3.12.3,,,,200.0,2.13.0,3.7.1,2026-09-23T18:03:27+00:00,0.27.1,200.0
0.5,0.4630816800251647,1,6,1,mixtral-8x7b,bf16,32,64,64,4,8,4,4,128,512,17,18,3,2.1375359296798706,2.1016321182250977,0.02498897776659403,288,36.49492087629106,41.01500095261468,2.1417840123176575,2.1364240050315857,True,1942.5,1845.0,1935.0,1845 1845 1905 1890 1965 1965 1965 1965 1965 1875 1920 1920 1950 1965 1965 1965 1905 1935,18,nvml,False,high,True,,1470.0,493.3695,3201.0,False,4.124046768993139,14.809600686128055,219.25164937973022,True,ok,"LEVEL HIGH (recorded, never an exclusion here): loaded clock 1942 MHz against the 1470 MHz reference. At a duty cycle below 1.0 a HIGH reading is the experiment working, not a cell to drop.","scripts/clock_elasticity.py: bursts of N back-to-back fused_experts calls under one pinned tile, each call L2-flushed and bracketed by its own pre-primed event pair, the FIRST call of every burst discarded as a drained-queue launch, a host-side idle gap after each burst setting the sustained duty cycle, and the SM clock, board power and memory clock read through NVML with the burst still in flight; NOT timing.TIMING_BASIS",,,13.0,580.159.04,True,1,33d28339d8e211bd7fb8caf92bd340b82ae40abb,NVIDIA H200,421a523e82cb,"scripts/clock_elasticity.py: bursts of N back-to-back fused_experts calls under one pinned tile, each call L2-flushed and bracketed by its own pre-primed event pair, the FIRST call of every burst discarded as a drained-queue launch, a host-side idle gap after each burst setting the sustained duty cycle, and the SM clock, board power and memory clock read through NVML with the burst still in flight; NOT timing.TIMING_BASIS",,bandwidth=not supplied by caller; bandwidth_source=not supplied by caller; iters=not supplied by caller; ridge=not supplied by caller; ridge_source=not supplied by caller; sglang=package not installed,1,3.12.3,,,,200.0,2.13.0,3.7.1,2026-09-23T18:03:27+00:00,0.27.1,200.0
0.5,0.4661635752701501,1,6,1,mixtral-8x7b,bf16,32,64,64,4,8,4,5,160,640,13,18,3,2.680848002433777,2.6418240070343018,0.04116016373246531,216,35.12569597032335,39.19872866358076,2.6861599683761597,2.6711840629577637,True,1852.5,1950.0,1860.0,1950 1920 1950 1800 1800 1845 1935 1815 1815 1890 1965 1800 1800 1890 1950 1830 1830 1860,18,nvml,False,high,True,,1470.0,503.3365,3201.0,False,3.362777177244425,11.632587304374994,211.24291253089905,True,ok,"LEVEL HIGH (recorded, never an exclusion here): loaded clock 1852 MHz against the 1470 MHz reference. At a duty cycle below 1.0 a HIGH reading is the experiment working, not a cell to drop.","scripts/clock_elasticity.py: bursts of N back-to-back fused_experts calls under one pinned tile, each call L2-flushed and bracketed by its own pre-primed event pair, the FIRST call of every burst discarded as a drained-queue launch, a host-side idle gap after each burst setting the sustained duty cycle, and the SM clock, board power and memory clock read through NVML with the burst still in flight; NOT timing.TIMING_BASIS",,,13.0,580.159.04,True,1,33d28339d8e211bd7fb8caf92bd340b82ae40abb,NVIDIA H200,421a523e82cb,"scripts/clock_elasticity.py: bursts of N back-to-back fused_experts calls under one pinned tile, each call L2-flushed and bracketed by its own pre-primed event pair, the FIRST call of every burst discarded as a drained-queue launch, a host-side idle gap after each burst setting the sustained duty cycle, and the SM clock, board power and memory clock read through NVML with the burst still in flight; NOT timing.TIMING_BASIS",,bandwidth=not supplied by caller; bandwidth_source=not supplied by caller; iters=not supplied by caller; ridge=not supplied by caller; ridge_source=not supplied by caller; sglang=package not installed,1,3.12.3,,,,200.0,2.13.0,3.7.1,2026-09-23T18:03:27+00:00,0.27.1,200.0
0.5,0.46852557723518967,1,6,1,mixtral-8x7b,bf16,32,64,64,4,8,4,6,192,768,11,18,3,3.1867200136184692,3.135999917984009,0.05596363663498693,180,35.4959964884652,39.3654507001241,3.2106000185012817,3.1940640211105347,True,1950.0,1965.0,1800.0,1965 1965 1950 1950 1950 1950 1920 1950 1920 1920 1965 1950 1950 1950 1965 1965 1800 1800,18,nvml,False,high,False,dropping,1470.0,502.8265,3201.0,False,2.978794276714325,9.411571079763386,212.07567834854126,True,ok,"LEVEL HIGH (recorded, never an exclusion here): loaded clock 1950 MHz against the 1470 MHz reference. At a duty cycle below 1.0 a HIGH reading is the experiment working, not a cell to drop.; DRIFT failed, dropping: 1965 -> 1800 MHz over 18 bursts; this cell is EXCLUDED","scripts/clock_elasticity.py: bursts of N back-to-back fused_experts calls under one pinned tile, each call L2-flushed and bracketed by its own pre-primed event pair, the FIRST call of every burst discarded as a drained-queue launch, a host-side idle gap after each burst setting the sustained duty cycle, and the SM clock, board power and memory clock read through NVML with the burst still in flight; NOT timing.TIMING_BASIS",,,13.0,580.159.04,True,1,33d28339d8e211bd7fb8caf92bd340b82ae40abb,NVIDIA H200,421a523e82cb,"scripts/clock_elasticity.py: bursts of N back-to-back fused_experts calls under one pinned tile, each call L2-flushed and bracketed by its own pre-primed event pair, the FIRST call of every burst discarded as a drained-queue launch, a host-side idle gap after each burst setting the sustained duty cycle, and the SM clock, board power and memory clock read through NVML with the burst still in flight; NOT timing.TIMING_BASIS",,bandwidth=not supplied by caller; bandwidth_source=not supplied by caller; iters=not supplied by caller; ridge=not supplied by caller; ridge_source=not supplied by caller; sglang=package not installed,1,3.12.3,,,,200.0,2.13.0,3.7.1,2026-09-23T18:03:27+00:00,0.27.1,200.0
0.5,0.4344779582435353,1,6,1,mixtral-8x7b,bf16,32,64,64,4,8,4,7,224,896,8,18,3,3.6940159797668457,3.6791679859161377,0.04045439582058972,126,29.945775906244915,38.29125061035156,3.710927963256836,3.683247923851013,True,1957.5,1965.0,1965.0,1965 1965 1965 1920 1965 1965 1950 1935 1965 1965 1935 1830 1830 1965 1920 1920 1890 1965,18,nvml,False,high,True,,1470.0,486.67,3201.0,False,2.7012242935597897,7.21484604157662,211.2897593975067,True,ok,"LEVEL HIGH (recorded, never an exclusion here): loaded clock 1958 MHz against the 1470 MHz reference. At a duty cycle below 1.0 a HIGH reading is the experiment working, not a cell to drop.","scripts/clock_elasticity.py: bursts of N back-to-back fused_experts calls under one pinned tile, each call L2-flushed and bracketed by its own pre-primed event pair, the FIRST call of every burst discarded as a drained-queue launch, a host-side idle gap after each burst setting the sustained duty cycle, and the SM clock, board power and memory clock read through NVML with the burst still in flight; NOT timing.TIMING_BASIS",,,13.0,580.159.04,True,1,33d28339d8e211bd7fb8caf92bd340b82ae40abb,NVIDIA H200,421a523e82cb,"scripts/clock_elasticity.py: bursts of N back-to-back fused_experts calls under one pinned tile, each call L2-flushed and bracketed by its own pre-primed event pair, the FIRST call of every burst discarded as a drained-queue launch, a host-side idle gap after each burst setting the sustained duty cycle, and the SM clock, board power and memory clock read through NVML with the burst still in flight; NOT timing.TIMING_BASIS",,bandwidth=not supplied by caller; bandwidth_source=not supplied by caller; iters=not supplied by caller; ridge=not supplied by caller; ridge_source=not supplied by caller; sglang=package not installed,1,3.12.3,,,,200.0,2.13.0,3.7.1,2026-09-23T18:03:27+00:00,0.27.1,200.0
0.5,0.46395171151208736,1,6,1,mixtral-8x7b,bf16,32,64,64,4,8,4,8,256,1024,8,18,3,4.200976133346558,4.197023868560791,0.032817074722570574,126,34.0098827679952,38.60643844604492,4.200255870819092,4.206671953201294,True,1950.0,1965.0,1950.0,1965 1965 1950 1950 1965 1965 1965 1965 1950 1935 1935 1920 1965 1860 1860 1965 1935 1950,18,nvml,False,high,True,,1470.0,486.83500000000004,3201.0,False,2.3636193946003914,7.182066173795629,306.5736975669861,True,ok,"LEVEL HIGH (recorded, never an exclusion here): loaded clock 1950 MHz against the 1470 MHz reference. At a duty cycle below 1.0 a HIGH reading is the experiment working, not a cell to drop.","scripts/clock_elasticity.py: bursts of N back-to-back fused_experts calls under one pinned tile, each call L2-flushed and bracketed by its own pre-primed event pair, the FIRST call of every burst discarded as a drained-queue launch, a host-side idle gap after each burst setting the sustained duty cycle, and the SM clock, board power and memory clock read through NVML with the burst still in flight; NOT timing.TIMING_BASIS",,,13.0,580.159.04,True,1,33d28339d8e211bd7fb8caf92bd340b82ae40abb,NVIDIA H200,421a523e82cb,"scripts/clock_elasticity.py: bursts of N back-to-back fused_experts calls under one pinned tile, each call L2-flushed and bracketed by its own pre-primed event pair, the FIRST call of every burst discarded as a drained-queue launch, a host-side idle gap after each burst setting the sustained duty cycle, and the SM clock, board power and memory clock read through NVML with the burst still in flight; NOT timing.TIMING_BASIS",,bandwidth=not supplied by caller; bandwidth_source=not supplied by caller; iters=not supplied by caller; ridge=not supplied by caller; ridge_source=not supplied by caller; sglang=package not installed,1,3.12.3,,,,200.0,2.13.0,3.7.1,2026-09-23T18:03:27+00:00,0.27.1,200.0
0.25,0.2419380679681017,2,6,2,mixtral-8x7b,bf16,32,64,64,4,8,4,1,32,128,53,18,3,0.7395520210266113,0.7307519912719727,0.008538702297919025,936,39.64157330989838,120.33442252278327,0.7388159930706024,0.7398080229759216,True,1965.0,1890.0,1950.0,1890 1965 1965 1980 1965 1965 1965 1965 1935 1950 1965 1965 1980 1980 1965 1950 1830 1950,18,nvml,False,high,True,,1470.0,317.5195,3201.0,False,17.06140721216798,30.197331375570027,397.58860689401627,True,ok,"LEVEL HIGH (recorded, never an exclusion here): loaded clock 1965 MHz against the 1470 MHz reference. At a duty cycle below 1.0 a HIGH reading is the experiment working, not a cell to drop.","scripts/clock_elasticity.py: bursts of N back-to-back fused_experts calls under one pinned tile, each call L2-flushed and bracketed by its own pre-primed event pair, the FIRST call of every burst discarded as a drained-queue launch, a host-side idle gap after each burst setting the sustained duty cycle, and the SM clock, board power and memory clock read through NVML with the burst still in flight; NOT timing.TIMING_BASIS",,,13.0,580.159.04,True,1,33d28339d8e211bd7fb8caf92bd340b82ae40abb,NVIDIA H200,421a523e82cb,"scripts/clock_elasticity.py: bursts of N back-to-back fused_experts calls under one pinned tile, each call L2-flushed and bracketed by its own pre-primed event pair, the FIRST call of every burst discarded as a drained-queue launch, a host-side idle gap after each burst setting the sustained duty cycle, and the SM clock, board power and memory clock read through NVML with the burst still in flight; NOT timing.TIMING_BASIS",,bandwidth=not supplied by caller; bandwidth_source=not supplied by caller; iters=not supplied by caller; ridge=not supplied by caller; ridge_source=not supplied by caller; sglang=package not installed,1,3.12.3,,,,200.0,2.13.0,3.7.1,2026-09-23T18:03:27+00:00,0.27.1,200.0
0.25,0.22518395437019534,2,6,2,mixtral-8x7b,bf16,32,64,64,4,8,4,2,64,256,32,18,3,1.098304033279419,1.0927040576934814,0.016500333630069426,558,35.766620463795135,120.6108144124349,1.0969120264053345,1.0994240045547485,True,1950.0,1965.0,1950.0,1965 1965 1860 1965 1965 1950 1950 1890 1950 1965 1965 1965 1875 1920 1740 1920 1965 1950,18,nvml,False,high,True,,1470.0,312.187,3201.0,False,15.980732161551714,16.900218580719603,215.51475143432617,True,ok,"LEVEL HIGH (recorded, never an exclusion here): loaded clock 1950 MHz against the 1470 MHz reference. At a duty cycle below 1.0 a HIGH reading is the experiment working, not a cell to drop.","scripts/clock_elasticity.py: bursts of N back-to-back fused_experts calls under one pinned tile, each call L2-flushed and bracketed by its own pre-primed event pair, the FIRST call of every burst discarded as a drained-queue launch, a host-side idle gap after each burst setting the sustained duty cycle, and the SM clock, board power and memory clock read through NVML with the burst still in flight; NOT timing.TIMING_BASIS",,,13.0,580.159.04,True,1,33d28339d8e211bd7fb8caf92bd340b82ae40abb,NVIDIA H200,421a523e82cb,"scripts/clock_elasticity.py: bursts of N back-to-back fused_experts calls under one pinned tile, each call L2-flushed and bracketed by its own pre-primed event pair, the FIRST call of every burst discarded as a drained-queue launch, a host-side idle gap after each burst setting the sustained duty cycle, and the SM clock, board power and memory clock read through NVML with the burst still in flight; NOT timing.TIMING_BASIS",,bandwidth=not supplied by caller; bandwidth_source=not supplied by caller; iters=not supplied by caller; ridge=not supplied by caller; ridge_source=not supplied by caller; sglang=package not installed,1,3.12.3,,,,200.0,2.13.0,3.7.1,2026-09-23T18:03:27+00:00,0.27.1,200.0
0.25,0.22448477230067854,2,6,2,mixtral-8x7b,bf16,32,64,64,4,8,4,3,96,384,21,18,3,1.62527996301651,1.6174720525741577,0.02440960529368256,360,34.740947537951996,118.35280895233154,1.6220319867134094,1.6284639835357666,True,1950.0,1965.0,1950.0,1965 1935 1950 1965 1950 1965 1935 1950 1965 1965 1875 1935 1965 1935 1875 1950 1965 1950,18,nvml,False,high,True,,1470.0,312.9585,3201.0,False,10.942744556814432,13.504930631292696,313.042560338974,True,ok,"LEVEL HIGH (recorded, never an exclusion here): loaded clock 1950 MHz against the 1470 MHz reference. At a duty cycle below 1.0 a HIGH reading is the experiment working, not a cell to drop.","scripts/clock_elasticity.py: bursts of N back-to-back fused_experts calls under one pinned tile, each call L2-flushed and bracketed by its own pre-primed event pair, the FIRST call of every burst discarded as a drained-queue launch, a host-side idle gap after each burst setting the sustained duty cycle, and the SM clock, board power and memory clock read through NVML with the burst still in flight; NOT timing.TIMING_BASIS",,,13.0,580.159.04,True,1,33d28339d8e211bd7fb8caf92bd340b82ae40abb,NVIDIA H200,421a523e82cb,"scripts/clock_elasticity.py: bursts of N back-to-back fused_experts calls under one pinned tile, each call L2-flushed and bracketed by its own pre-primed event pair, the FIRST call of every burst discarded as a drained-queue launch, a host-side idle gap after each burst setting the sustained duty cycle, and the SM clock, board power and memory clock read through NVML with the burst still in flight; NOT timing.TIMING_BASIS",,bandwidth=not supplied by caller; bandwidth_source=not supplied by caller; iters=not supplied by caller; ridge=not supplied by caller; ridge_source=not supplied by caller; sglang=package not installed,1,3.12.3,,,,200.0,2.13.0,3.7.1,2026-09-23T18:03:27+00:00,0.27.1,200.0
0.25,0.22696636700619394,2,6,2,mixtral-8x7b,bf16,32,64,64,4,8,4,4,128,512,17,18,3,2.119760036468506,2.101439952850342,0.00915317878828343,288,36.53403213289049,123.04500285784403,2.119999945163727,2.1195200085639954,True,1965.0,1905.0,1965.0,1905 1965 1965 1965 1965 1965 1980 1980 1980 1965 1965 1950 1965 1950 1965 1920 1965 1965,18,nvml,False,high,True,,1470.0,303.5265,3201.0,False,9.702291805297136,12.527675568814482,219.80470418930054,True,ok,"LEVEL HIGH (recorded, never an exclusion here): loaded clock 1965 MHz against the 1470 MHz reference. At a duty cycle below 1.0 a HIGH reading is the experiment working, not a cell to drop.","scripts/clock_elasticity.py: bursts of N back-to-back fused_experts calls under one pinned tile, each call L2-flushed and bracketed by its own pre-primed event pair, the FIRST call of every burst discarded as a drained-queue launch, a host-side idle gap after each burst setting the sustained duty cycle, and the SM clock, board power and memory clock read through NVML with the burst still in flight; NOT timing.TIMING_BASIS",,,13.0,580.159.04,True,1,33d28339d8e211bd7fb8caf92bd340b82ae40abb,NVIDIA H200,421a523e82cb,"scripts/clock_elasticity.py: bursts of N back-to-back fused_experts calls under one pinned tile, each call L2-flushed and bracketed by its own pre-primed event pair, the FIRST call of every burst discarded as a drained-queue launch, a host-side idle gap after each burst setting the sustained duty cycle, and the SM clock, board power and memory clock read through NVML with the burst still in flight; NOT timing.TIMING_BASIS",,bandwidth=not supplied by caller; bandwidth_source=not supplied by caller; iters=not supplied by caller; ridge=not supplied by caller; ridge_source=not supplied by caller; sglang=package not installed,1,3.12.3,,,,200.0,2.13.0,3.7.1,2026-09-23T18:03:27+00:00,0.27.1,200.0
0.25,0.22829043509610333,2,6,2,mixtral-8x7b,bf16,32,64,64,4,8,4,5,160,640,13,18,3,2.6515519618988037,2.6445438861846924,0.021014514714405755,216,35.12380984094408,117.59618599074227,2.6498239040374756,2.6536320447921753,True,1965.0,1965.0,1965.0,1965 1950 1965 1935 1965 1965 1950 1965 1965 1905 1950 1965 1950 1965 1935 1965 1815 1965,18,nvml,False,high,True,,1470.0,309.8775,3201.0,False,9.8466700874269,8.95378123384753,211.5419523715973,True,ok,"LEVEL HIGH (recorded, never an exclusion here): loaded clock 1965 MHz against the 1470 MHz reference. At a duty cycle below 1.0 a HIGH reading is the experiment working, not a cell to drop.","scripts/clock_elasticity.py: bursts of N back-to-back fused_experts calls under one pinned tile, each call L2-flushed and bracketed by its own pre-primed event pair, the FIRST call of every burst discarded as a drained-queue launch, a host-side idle gap after each burst setting the sustained duty cycle, and the SM clock, board power and memory clock read through NVML with the burst still in flight; NOT timing.TIMING_BASIS",,,13.0,580.159.04,True,1,33d28339d8e211bd7fb8caf92bd340b82ae40abb,NVIDIA H200,421a523e82cb,"scripts/clock_elasticity.py: bursts of N back-to-back fused_experts calls under one pinned tile, each call L2-flushed and bracketed by its own pre-primed event pair, the FIRST call of every burst discarded as a drained-queue launch, a host-side idle gap after each burst setting the sustained duty cycle, and the SM clock, board power and memory clock read through NVML with the burst still in flight; NOT timing.TIMING_BASIS",,bandwidth=not supplied by caller; bandwidth_source=not supplied by caller; iters=not supplied by caller; ridge=not supplied by caller; ridge_source=not supplied by caller; sglang=package not installed,1,3.12.3,,,,200.0,2.13.0,3.7.1,2026-09-23T18:03:27+00:00,0.27.1,200.0
0.25,0.22926904885407143,2,6,2,mixtral-8x7b,bf16,32,64,64,4,8,4,6,192,768,11,18,3,3.15937602519989,3.136255979537964,0.03091572711118595,180,35.42525866296556,118.0963521003723,3.1609360575675964,3.1623039841651917,True,1965.0,1965.0,1950.0,1965 1935 1965 1950 1965 1905 1965 1965 1950 1965 1965 1965 1965 1980 1935 1965 1965 1950,18,nvml,False,high,True,,1470.0,313.346,3201.0,False,9.14807291701436,7.857334924832075,213.17731142044067,True,ok,"LEVEL HIGH (recorded, never an exclusion here): loaded clock 1965 MHz against the 1470 MHz reference. At a duty cycle below 1.0 a HIGH reading is the experiment working, not a cell to drop.","scripts/clock_elasticity.py: bursts of N back-to-back fused_experts calls under one pinned tile, each call L2-flushed and bracketed by its own pre-primed event pair, the FIRST call of every burst discarded as a drained-queue launch, a host-side idle gap after each burst setting the sustained duty cycle, and the SM clock, board power and memory clock read through NVML with the burst still in flight; NOT timing.TIMING_BASIS",,,13.0,580.159.04,True,1,33d28339d8e211bd7fb8caf92bd340b82ae40abb,NVIDIA H200,421a523e82cb,"scripts/clock_elasticity.py: bursts of N back-to-back fused_experts calls under one pinned tile, each call L2-flushed and bracketed by its own pre-primed event pair, the FIRST call of every burst discarded as a drained-queue launch, a host-side idle gap after each burst setting the sustained duty cycle, and the SM clock, board power and memory clock read through NVML with the burst still in flight; NOT timing.TIMING_BASIS",,bandwidth=not supplied by caller; bandwidth_source=not supplied by caller; iters=not supplied by caller; ridge=not supplied by caller; ridge_source=not supplied by caller; sglang=package not installed,1,3.12.3,,,,200.0,2.13.0,3.7.1,2026-09-23T18:03:27+00:00,0.27.1,200.0
0.25,0.20702469710100424,2,6,2,mixtral-8x7b,bf16,32,64,64,4,8,4,7,224,896,8,18,3,3.681936025619507,3.6522560119628906,0.008218611464655546,126,30.20348442925347,114.87375183105468,3.681567907333374,3.6822879314422607,True,1965.0,1965.0,1920.0,1965 1935 1965 1965 1965 1965 1965 1965 1920 1965 1965 1935 1965 1965 1935 1965 1965 1920,18,nvml,False,high,True,,1470.0,300.307,3201.0,False,7.839435711503029,5.748508034543796,210.87747144699097,True,ok,"LEVEL HIGH (recorded, never an exclusion here): loaded clock 1965 MHz against the 1470 MHz reference. At a duty cycle below 1.0 a HIGH reading is the experiment working, not a cell to drop.","scripts/clock_elasticity.py: bursts of N back-to-back fused_experts calls under one pinned tile, each call L2-flushed and bracketed by its own pre-primed event pair, the FIRST call of every burst discarded as a drained-queue launch, a host-side idle gap after each burst setting the sustained duty cycle, and the SM clock, board power and memory clock read through NVML with the burst still in flight; NOT timing.TIMING_BASIS",,,13.0,580.159.04,True,1,33d28339d8e211bd7fb8caf92bd340b82ae40abb,NVIDIA H200,421a523e82cb,"scripts/clock_elasticity.py: bursts of N back-to-back fused_experts calls under one pinned tile, each call L2-flushed and bracketed by its own pre-primed event pair, the FIRST call of every burst discarded as a drained-queue launch, a host-side idle gap after each burst setting the sustained duty cycle, and the SM clock, board power and memory clock read through NVML with the burst still in flight; NOT timing.TIMING_BASIS",,bandwidth=not supplied by caller; bandwidth_source=not supplied by caller; iters=not supplied by caller; ridge=not supplied by caller; ridge_source=not supplied by caller; sglang=package not installed,1,3.12.3,,,,200.0,2.13.0,3.7.1,2026-09-23T18:03:27+00:00,0.27.1,200.0
0.25,0.22670178196093707,2,6,2,mixtral-8x7b,bf16,32,64,64,4,8,4,8,256,1024,8,18,3,4.199695825576782,4.164000034332275,0.013599976955364282,126,34.1823341316647,115.81931533813476,4.199631929397583,4.19977593421936,True,1965.0,1965.0,1965.0,1965 1965 1965 1965 1935 1965 1935 1965 1950 1965 1980 1980 1950 1965 1950 1965 1950 1965,18,nvml,False,high,True,,1470.0,308.135,3201.0,False,7.366744335740805,6.203549423170781,206.7470097541809,True,ok,"LEVEL HIGH (recorded, never an exclusion here): loaded clock 1965 MHz against the 1470 MHz reference. At a duty cycle below 1.0 a HIGH reading is the experiment working, not a cell to drop.","scripts/clock_elasticity.py: bursts of N back-to-back fused_experts calls under one pinned tile, each call L2-flushed and bracketed by its own pre-primed event pair, the FIRST call of every burst discarded as a drained-queue launch, a host-side idle gap after each burst setting the sustained duty cycle, and the SM clock, board power and memory clock read through NVML with the burst still in flight; NOT timing.TIMING_BASIS",,,13.0,580.159.04,True,1,33d28339d8e211bd7fb8caf92bd340b82ae40abb,NVIDIA H200,421a523e82cb,"scripts/clock_elasticity.py: bursts of N back-to-back fused_experts calls under one pinned tile, each call L2-flushed and bracketed by its own pre-primed event pair, the FIRST call of every burst discarded as a drained-queue launch, a host-side idle gap after each burst setting the sustained duty cycle, and the SM clock, board power and memory clock read through NVML with the burst still in flight; NOT timing.TIMING_BASIS",,bandwidth=not supplied by caller; bandwidth_source=not supplied by caller; iters=not supplied by caller; ridge=not supplied by caller; ridge_source=not supplied by caller; sglang=package not installed,1,3.12.3,,,,200.0,2.13.0,3.7.1,2026-09-23T18:03:27+00:00,0.27.1,200.0
0.25,0.24275637960365387,2,7,0,mixtral-8x7b,bf16,32,64,64,4,8,4,1,32,128,53,18,3,0.7400320172309875,0.7303360104560852,0.02538139242298807,936,39.83219554026922,120.33442252278327,0.7398559749126434,0.7400000095367432,True,1965.0,1980.0,1935.0,1980 1965 1875 1935 1965 1800 1950 1965 1965 1965 1965 1920 1950 1965 1950 1965 1965 1935,18,nvml,False,high,True,,1470.0,318.74649999999997,3201.0,False,16.177112702280283,29.473384996113225,277.0336322784424,True,ok,"LEVEL HIGH (recorded, never an exclusion here): loaded clock 1965 MHz against the 1470 MHz reference. At a duty cycle below 1.0 a HIGH reading is the experiment working, not a cell to drop.","scripts/clock_elasticity.py: bursts of N back-to-back fused_experts calls under one pinned tile, each call L2-flushed and bracketed by its own pre-primed event pair, the FIRST call of every burst discarded as a drained-queue launch, a host-side idle gap after each burst setting the sustained duty cycle, and the SM clock, board power and memory clock read through NVML with the burst still in flight; NOT timing.TIMING_BASIS",,,13.0,580.159.04,True,1,33d28339d8e211bd7fb8caf92bd340b82ae40abb,NVIDIA H200,421a523e82cb,"scripts/clock_elasticity.py: bursts of N back-to-back fused_experts calls under one pinned tile, each call L2-flushed and bracketed by its own pre-primed event pair, the FIRST call of every burst discarded as a drained-queue launch, a host-side idle gap after each burst setting the sustained duty cycle, and the SM clock, board power and memory clock read through NVML with the burst still in flight; NOT timing.TIMING_BASIS",,bandwidth=not supplied by caller; bandwidth_source=not supplied by caller; iters=not supplied by caller; ridge=not supplied by caller; ridge_source=not supplied by caller; sglang=package not installed,1,3.12.3,,,,200.0,2.13.0,3.7.1,2026-09-23T18:03:27+00:00,0.27.1,200.0
0.25,0.22484403542043113,2,7,0,mixtral-8x7b,bf16,32,64,64,4,8,4,2,64,256,32,18,3,1.0973119735717773,1.092352032661438,0.016132474843696537,558,35.69256711668439,120.6108144124349,1.0964800119400024,1.0992640256881714,True,1957.5,1935.0,1935.0,1935 1965 1965 1950 1965 1800 1965 1905 1950 1950 1920 1965 1905 1965 1965 1965 1965 1935,18,nvml,False,high,True,,1470.0,310.45349999999996,3201.0,False,13.344070874154568,20.270859884538048,215.72383964061737,True,ok,"LEVEL HIGH (recorded, never an exclusion here): loaded clock 1958 MHz against the 1470 MHz reference. At a duty cycle below 1.0 a HIGH reading is the experiment working, not a cell to drop.","scripts/clock_elasticity.py: bursts of N back-to-back fused_experts calls under one pinned tile, each call L2-flushed and bracketed by its own pre-primed event pair, the FIRST call of every burst discarded as a drained-queue launch, a host-side idle gap after each burst setting the sustained duty cycle, and the SM clock, board power and memory clock read through NVML with the burst still in flight; NOT timing.TIMING_BASIS",,,13.0,580.159.04,True,1,33d28339d8e211bd7fb8caf92bd340b82ae40abb,NVIDIA H200,421a523e82cb,"scripts/clock_elasticity.py: bursts of N back-to-back fused_experts calls under one pinned tile, each call L2-flushed and bracketed by its own pre-primed event pair, the FIRST call of every burst discarded as a drained-queue launch, a host-side idle gap after each burst setting the sustained duty cycle, and the SM clock, board power and memory clock read through NVML with the burst still in flight; NOT timing.TIMING_BASIS",,bandwidth=not supplied by caller; bandwidth_source=not supplied by caller; iters=not supplied by caller; ridge=not supplied by caller; ridge_source=not supplied by caller; sglang=package not installed,1,3.12.3,,,,200.0,2.13.0,3.7.1,2026-09-23T18:03:27+00:00,0.27.1,200.0
0.25,0.22404292830488085,2,7,0,mixtral-8x7b,bf16,32,64,64,4,8,4,3,96,384,21,18,3,1.622879981994629,1.6172159910202026,0.020807129907128203,360,34.65923374229007,118.35280895233154,1.620639979839325,1.6254720091819763,True,1965.0,1875.0,1965.0,1875 1950 1965 1965 1965 1920 1965 1935 1965 1845 1965 1965 1965 1965 1965 1965 1935 1965,18,nvml,False,high,True,,1470.0,310.64750000000004,3201.0,False,13.633075635880232,12.89734380444881,347.4954231977463,True,ok,"LEVEL HIGH (recorded, never an exclusion here): loaded clock 1965 MHz against the 1470 MHz reference. At a duty cycle below 1.0 a HIGH reading is the experiment working, not a cell to drop.","scripts/clock_elasticity.py: bursts of N back-to-back fused_experts calls under one pinned tile, each call L2-flushed and bracketed by its own pre-primed event pair, the FIRST call of every burst discarded as a drained-queue launch, a host-side idle gap after each burst setting the sustained duty cycle, and the SM clock, board power and memory clock read through NVML with the burst still in flight; NOT timing.TIMING_BASIS",,,13.0,580.159.04,True,1,33d28339d8e211bd7fb8caf92bd340b82ae40abb,NVIDIA H200,421a523e82cb,"scripts/clock_elasticity.py: bursts of N back-to-back fused_experts calls under one pinned tile, each call L2-flushed and bracketed by its own pre-primed event pair, the FIRST call of every burst discarded as a drained-queue launch, a host-side idle gap after each burst setting the sustained duty cycle, and the SM clock, board power and memory clock read through NVML with the burst still in flight; NOT timing.TIMING_BASIS",,bandwidth=not supplied by caller; bandwidth_source=not supplied by caller; iters=not supplied by caller; ridge=not supplied by caller; ridge_source=not supplied by caller; sglang=package not installed,1,3.12.3,,,,200.0,2.13.0,3.7.1,2026-09-23T18:03:27+00:00,0.27.1,200.0
0.25,0.2274579054105338,2,7,0,mixtral-8x7b,bf16,32,64,64,4,8,4,4,128,512,17,18,3,2.119935989379883,2.1010239124298096,0.013119337095221702,288,36.648451487223305,123.04500285784403,2.1203200221061707,2.1202399730682373,True,1965.0,1950.0,1920.0,1950 1965 1950 1965 1935 1965 1965 1950 1965 1965 1965 1965 1965 1965 1980 1980 1980 1920,18,nvml,False,high,True,,1470.0,301.9465,3201.0,False,11.616439558565617,11.227349610153427,219.14000058174133,True,ok,"LEVEL HIGH (recorded, never an exclusion here): loaded clock 1965 MHz against the 1470 MHz reference. At a duty cycle below 1.0 a HIGH reading is the experiment working, not a cell to drop.","scripts/clock_elasticity.py: bursts of N back-to-back fused_experts calls under one pinned tile, each call L2-flushed and bracketed by its own pre-primed event pair, the FIRST call of every burst discarded as a drained-queue launch, a host-side idle gap after each burst setting the sustained duty cycle, and the SM clock, board power and memory clock read through NVML with the burst still in flight; NOT timing.TIMING_BASIS",,,13.0,580.159.04,True,1,33d28339d8e211bd7fb8caf92bd340b82ae40abb,NVIDIA H200,421a523e82cb,"scripts/clock_elasticity.py: bursts of N back-to-back fused_experts calls under one pinned tile, each call L2-flushed and bracketed by its own pre-primed event pair, the FIRST call of every burst discarded as a drained-queue launch, a host-side idle gap after each burst setting the sustained duty cycle, and the SM clock, board power and memory clock read through NVML with the burst still in flight; NOT timing.TIMING_BASIS",,bandwidth=not supplied by caller; bandwidth_source=not supplied by caller; iters=not supplied by caller; ridge=not supplied by caller; ridge_source=not supplied by caller; sglang=package not installed,1,3.12.3,,,,200.0,2.13.0,3.7.1,2026-09-23T18:03:27+00:00,0.27.1,200.0
0.25,0.228456434258716,2,7,0,mixtral-8x7b,bf16,32,64,64,4,8,4,5,160,640,13,18,3,2.649519920349121,2.644063949584961,0.026854775268046572,216,35.160609682401024,117.59618599074227,2.6474080085754395,2.6514400243759155,True,1965.0,1965.0,1950.0,1965 1890 1965 1920 1935 1785 1965 1965 1920 1965 1935 1965 1965 1965 1965 1965 1935 1950,18,nvml,False,high,True,,1470.0,319.57050000000004,3201.0,False,10.861815884709358,8.99475577313569,246.5045440196991,True,ok,"LEVEL HIGH (recorded, never an exclusion here): loaded clock 1965 MHz against the 1470 MHz reference. At a duty cycle below 1.0 a HIGH reading is the experiment working, not a cell to drop.","scripts/clock_elasticity.py: bursts of N back-to-back fused_experts calls under one pinned tile, each call L2-flushed and bracketed by its own pre-primed event pair, the FIRST call of every burst discarded as a drained-queue launch, a host-side idle gap after each burst setting the sustained duty cycle, and the SM clock, board power and memory clock read through NVML with the burst still in flight; NOT timing.TIMING_BASIS",,,13.0,580.159.04,True,1,33d28339d8e211bd7fb8caf92bd340b82ae40abb,NVIDIA H200,421a523e82cb,"scripts/clock_elasticity.py: bursts of N back-to-back fused_experts calls under one pinned tile, each call L2-flushed and bracketed by its own pre-primed event pair, the FIRST call of every burst discarded as a drained-queue launch, a host-side idle gap after each burst setting the sustained duty cycle, and the SM clock, board power and memory clock read through NVML with the burst still in flight; NOT timing.TIMING_BASIS",,bandwidth=not supplied by caller; bandwidth_source=not supplied by caller; iters=not supplied by caller; ridge=not supplied by caller; ridge_source=not supplied by caller; sglang=package not installed,1,3.12.3,,,,200.0,2.13.0,3.7.1,2026-09-23T18:03:27+00:00,0.27.1,200.0
0.25,0.2296048989732678,2,7,0,mixtral-8x7b,bf16,32,64,64,4,8,4,6,192,768,11,18,3,3.158703923225403,3.15449595451355,0.038082419500423896,180,35.498590164714386,118.0963521003723,3.159056007862091,3.159335970878601,True,1950.0,1965.0,1935.0,1965 1905 1950 1965 1950 1965 1935 1965 1950 1950 1965 1965 1935 1950 1950 1950 1965 1935,18,nvml,False,high,True,,1470.0,311.788,3201.0,False,9.346953127533197,8.027262800303422,212.52028799057007,True,ok,"LEVEL HIGH (recorded, never an exclusion here): loaded clock 1950 MHz against the 1470 MHz reference. At a duty cycle below 1.0 a HIGH reading is the experiment working, not a cell to drop.","scripts/clock_elasticity.py: bursts of N back-to-back fused_experts calls under one pinned tile, each call L2-flushed and bracketed by its own pre-primed event pair, the FIRST call of every burst discarded as a drained-queue launch, a host-side idle gap after each burst setting the sustained duty cycle, and the SM clock, board power and memory clock read through NVML with the burst still in flight; NOT timing.TIMING_BASIS",,,13.0,580.159.04,True,1,33d28339d8e211bd7fb8caf92bd340b82ae40abb,NVIDIA H200,421a523e82cb,"scripts/clock_elasticity.py: bursts of N back-to-back fused_experts calls under one pinned tile, each call L2-flushed and bracketed by its own pre-primed event pair, the FIRST call of every burst discarded as a drained-queue launch, a host-side idle gap after each burst setting the sustained duty cycle, and the SM clock, board power and memory clock read through NVML with the burst still in flight; NOT timing.TIMING_BASIS",,bandwidth=not supplied by caller; bandwidth_source=not supplied by caller; iters=not supplied by caller; ridge=not supplied by caller; ridge_source=not supplied by caller; sglang=package not installed,1,3.12.3,,,,200.0,2.13.0,3.7.1,2026-09-23T18:03:27+00:00,0.27.1,200.0
0.25,0.20654716586236607,2,7,0,mixtral-8x7b,bf16,32,64,64,4,8,4,7,224,896,8,18,3,3.6819839477539062,3.6519999504089355,0.01074283404081156,126,30.109617829322815,114.87375183105468,3.683184027671814,3.6821919679641724,True,1965.0,1965.0,1965.0,1965 1920 1965 1965 1980 1950 1950 1965 1845 1965 1965 1950 1935 1965 1965 1950 1965 1965,18,nvml,False,high,True,,1470.0,299.6165,3201.0,False,7.602517493069172,5.886033105886912,271.5165765285492,True,ok,"LEVEL HIGH (recorded, never an exclusion here): loaded clock 1965 MHz against the 1470 MHz reference. At a duty cycle below 1.0 a HIGH reading is the experiment working, not a cell to drop.","scripts/clock_elasticity.py: bursts of N back-to-back fused_experts calls under one pinned tile, each call L2-flushed and bracketed by its own pre-primed event pair, the FIRST call of every burst discarded as a drained-queue launch, a host-side idle gap after each burst setting the sustained duty cycle, and the SM clock, board power and memory clock read through NVML with the burst still in flight; NOT timing.TIMING_BASIS",,,13.0,580.159.04,True,1,33d28339d8e211bd7fb8caf92bd340b82ae40abb,NVIDIA H200,421a523e82cb,"scripts/clock_elasticity.py: bursts of N back-to-back fused_experts calls under one pinned tile, each call L2-flushed and bracketed by its own pre-primed event pair, the FIRST call of every burst discarded as a drained-queue launch, a host-side idle gap after each burst setting the sustained duty cycle, and the SM clock, board power and memory clock read through NVML with the burst still in flight; NOT timing.TIMING_BASIS",,bandwidth=not supplied by caller; bandwidth_source=not supplied by caller; iters=not supplied by caller; ridge=not supplied by caller; ridge_source=not supplied by caller; sglang=package not installed,1,3.12.3,,,,200.0,2.13.0,3.7.1,2026-09-23T18:03:27+00:00,0.27.1,200.0
0.25,0.2271366204345671,2,7,0,mixtral-8x7b,bf16,32,64,64,4,8,4,8,256,1024,8,18,3,4.200016021728516,4.164383888244629,0.014241344488609944,126,34.27562485800849,115.81931533813476,4.200688123703003,4.199520111083984,True,1965.0,1965.0,1965.0,1965 1965 1965 1965 1965 1965 1965 1935 1965 1920 1965 1965 1980 1920 1965 1920 1965 1965,18,nvml,False,high,True,,1470.0,309.1255,3201.0,False,7.759547792375088,6.0939618183145985,240.4514570236206,True,ok,"LEVEL HIGH (recorded, never an exclusion here): loaded clock 1965 MHz against the 1470 MHz reference. At a duty cycle below 1.0 a HIGH reading is the experiment working, not a cell to drop.","scripts/clock_elasticity.py: bursts of N back-to-back fused_experts calls under one pinned tile, each call L2-flushed and bracketed by its own pre-primed event pair, the FIRST call of every burst discarded as a drained-queue launch, a host-side idle gap after each burst setting the sustained duty cycle, and the SM clock, board power and memory clock read through NVML with the burst still in flight; NOT timing.TIMING_BASIS",,,13.0,580.159.04,True,1,33d28339d8e211bd7fb8caf92bd340b82ae40abb,NVIDIA H200,421a523e82cb,"scripts/clock_elasticity.py: bursts of N back-to-back fused_experts calls under one pinned tile, each call L2-flushed and bracketed by its own pre-primed event pair, the FIRST call of every burst discarded as a drained-queue launch, a host-side idle gap after each burst setting the sustained duty cycle, and the SM clock, board power and memory clock read through NVML with the burst still in flight; NOT timing.TIMING_BASIS",,bandwidth=not supplied by caller; bandwidth_source=not supplied by caller; iters=not supplied by caller; ridge=not supplied by caller; ridge_source=not supplied by caller; sglang=package not installed,1,3.12.3,,,,200.0,2.13.0,3.7.1,2026-09-23T18:03:27+00:00,0.27.1,200.0
0.5,0.473648042521108,1,7,1,mixtral-8x7b,bf16,32,64,64,4,8,4,1,32,128,53,18,3,0.7427040040493011,0.7323200106620789,0.0038692717319314825,936,39.52255113588439,40.11147417426109,0.7423520088195801,0.7438880205154419,True,1935.0,1965.0,1905.0,1965 1935 1935 1800 1935 1935 1920 1950 1770 1890 1935 1935 1905 1965 1965 1905 1905 1905,18,nvml,False,high,True,,1470.0,507.04449999999997,3201.0,False,11.685208417475224,38.05249598649264,315.65795159339905,True,ok,"LEVEL HIGH (recorded, never an exclusion here): loaded clock 1935 MHz against the 1470 MHz reference. At a duty cycle below 1.0 a HIGH reading is the experiment working, not a cell to drop.","scripts/clock_elasticity.py: bursts of N back-to-back fused_experts calls under one pinned tile, each call L2-flushed and bracketed by its own pre-primed event pair, the FIRST call of every burst discarded as a drained-queue launch, a host-side idle gap after each burst setting the sustained duty cycle, and the SM clock, board power and memory clock read through NVML with the burst still in flight; NOT timing.TIMING_BASIS",,,13.0,580.159.04,True,1,33d28339d8e211bd7fb8caf92bd340b82ae40abb,NVIDIA H200,421a523e82cb,"scripts/clock_elasticity.py: bursts of N back-to-back fused_experts calls under one pinned tile, each call L2-flushed and bracketed by its own pre-primed event pair, the FIRST call of every burst discarded as a drained-queue launch, a host-side idle gap after each burst setting the sustained duty cycle, and the SM clock, board power and memory clock read through NVML with the burst still in flight; NOT timing.TIMING_BASIS",,bandwidth=not supplied by caller; bandwidth_source=not supplied by caller; iters=not supplied by caller; ridge=not supplied by caller; ridge_source=not supplied by caller; sglang=package not installed,1,3.12.3,,,,200.0,2.13.0,3.7.1,2026-09-23T18:03:27+00:00,0.27.1,200.0
0.5,0.45709779450801064,1,7,1,mixtral-8x7b,bf16,32,64,64,4,8,4,2,64,256,32,18,3,1.11080002784729,1.09443199634552,0.0198224558774716,558,35.82512891954846,40.203604804144966,1.1138079762458801,1.1118559837341309,True,1912.5,1920.0,1950.0,1920 1965 1965 1950 1845 1890 1890 1935 1950 1800 1875 1875 1935 1905 1935 1845 1845 1950,18,nvml,False,high,True,,1470.0,499.609,3201.0,False,7.370490580797195,25.47085854949553,250.34710371494293,True,ok,"LEVEL HIGH (recorded, never an exclusion here): loaded clock 1912 MHz against the 1470 MHz reference. At a duty cycle below 1.0 a HIGH reading is the experiment working, not a cell to drop.","scripts/clock_elasticity.py: bursts of N back-to-back fused_experts calls under one pinned tile, each call L2-flushed and bracketed by its own pre-primed event pair, the FIRST call of every burst discarded as a drained-queue launch, a host-side idle gap after each burst setting the sustained duty cycle, and the SM clock, board power and memory clock read through NVML with the burst still in flight; NOT timing.TIMING_BASIS",,,13.0,580.159.04,True,1,33d28339d8e211bd7fb8caf92bd340b82ae40abb,NVIDIA H200,421a523e82cb,"scripts/clock_elasticity.py: bursts of N back-to-back fused_experts calls under one pinned tile, each call L2-flushed and bracketed by its own pre-primed event pair, the FIRST call of every burst discarded as a drained-queue launch, a host-side idle gap after each burst setting the sustained duty cycle, and the SM clock, board power and memory clock read through NVML with the burst still in flight; NOT timing.TIMING_BASIS",,bandwidth=not supplied by caller; bandwidth_source=not supplied by caller; iters=not supplied by caller; ridge=not supplied by caller; ridge_source=not supplied by caller; sglang=package not installed,1,3.12.3,,,,200.0,2.13.0,3.7.1,2026-09-23T18:03:27+00:00,0.27.1,200.0
0.5,0.4599888358948726,1,7,1,mixtral-8x7b,bf16,32,64,64,4,8,4,3,96,384,21,18,3,1.6468960046768188,1.6189440488815308,0.030238480588967883,360,34.958892484505974,39.45093631744385,1.6578559875488281,1.6350719928741455,True,1920.0,1905.0,1860.0,1905 1935 1950 1950 1950 1935 1890 1740 1950 1950 1965 1755 1845 1845 1965 1800 1860 1860,18,nvml,False,high,True,,1470.0,498.724,3201.0,False,4.917003680020571,17.880290550272786,208.67081558704376,True,ok,"LEVEL HIGH (recorded, never an exclusion here): loaded clock 1920 MHz against the 1470 MHz reference. At a duty cycle below 1.0 a HIGH reading is the experiment working, not a cell to drop.","scripts/clock_elasticity.py: bursts of N back-to-back fused_experts calls under one pinned tile, each call L2-flushed and bracketed by its own pre-primed event pair, the FIRST call of every burst discarded as a drained-queue launch, a host-side idle gap after each burst setting the sustained duty cycle, and the SM clock, board power and memory clock read through NVML with the burst still in flight; NOT timing.TIMING_BASIS",,,13.0,580.159.04,True,1,33d28339d8e211bd7fb8caf92bd340b82ae40abb,NVIDIA H200,421a523e82cb,"scripts/clock_elasticity.py: bursts of N back-to-back fused_experts calls under one pinned tile, each call L2-flushed and bracketed by its own pre-primed event pair, the FIRST call of every burst discarded as a drained-queue launch, a host-side idle gap after each burst setting the sustained duty cycle, and the SM clock, board power and memory clock read through NVML with the burst still in flight; NOT timing.TIMING_BASIS",,bandwidth=not supplied by caller; bandwidth_source=not supplied by caller; iters=not supplied by caller; ridge=not supplied by caller; ridge_source=not supplied by caller; sglang=package not installed,1,3.12.3,,,,200.0,2.13.0,3.7.1,2026-09-23T18:03:27+00:00,0.27.1,200.0
0.5,0.4625863099960391,1,7,1,mixtral-8x7b,bf16,32,64,64,4,8,4,4,128,512,17,18,3,2.1215840578079224,2.117151975631714,0.019479826027581505,288,36.43831813335419,41.01500095261468,2.128271996974945,2.1201599836349487,True,1965.0,1935.0,1965.0,1935 1950 1950 1965 1965 1875 1965 1965 1950 1965 1965 1935 1935 1965 1965 1965 1965 1965,18,nvml,False,high,True,,1470.0,485.968,3201.0,False,4.43853298202157,14.6332120997439,218.0053129196167,True,ok,"LEVEL HIGH (recorded, never an exclusion here): loaded clock 1965 MHz against the 1470 MHz reference. At a duty cycle below 1.0 a HIGH reading is the experiment working, not a cell to drop.","scripts/clock_elasticity.py: bursts of N back-to-back fused_experts calls under one pinned tile, each call L2-flushed and bracketed by its own pre-primed event pair, the FIRST call of every burst discarded as a drained-queue launch, a host-side idle gap after each burst setting the sustained duty cycle, and the SM clock, board power and memory clock read through NVML with the burst still in flight; NOT timing.TIMING_BASIS",,,13.0,580.159.04,True,1,33d28339d8e211bd7fb8caf92bd340b82ae40abb,NVIDIA H200,421a523e82cb,"scripts/clock_elasticity.py: bursts of N back-to-back fused_experts calls under one pinned tile, each call L2-flushed and bracketed by its own pre-primed event pair, the FIRST call of every burst discarded as a drained-queue launch, a host-side idle gap after each burst setting the sustained duty cycle, and the SM clock, board power and memory clock read through NVML with the burst still in flight; NOT timing.TIMING_BASIS",,bandwidth=not supplied by caller; bandwidth_source=not supplied by caller; iters=not supplied by caller; ridge=not supplied by caller; ridge_source=not supplied by caller; sglang=package not installed,1,3.12.3,,,,200.0,2.13.0,3.7.1,2026-09-23T18:03:27+00:00,0.27.1,200.0
0.5,0.465706509230861,1,7,1,mixtral-8x7b,bf16,32,64,64,4,8,4,5,160,640,13,18,3,2.6770719289779663,2.6418559551239014,0.03677445646746947,216,35.06980803277757,39.19872866358076,2.6829440593719482,2.664560079574585,True,1927.5,1935.0,1950.0,1935 1920 1905 1905 1935 1920 1905 1905 1935 1935 1965 1965 1935 1950 1920 1920 1905 1950,18,nvml,False,high,True,,1470.0,498.897,3201.0,False,3.5056136548519135,11.64099927956206,280.3847041130066,True,ok,"LEVEL HIGH (recorded, never an exclusion here): loaded clock 1928 MHz against the 1470 MHz reference. At a duty cycle below 1.0 a HIGH reading is the experiment working, not a cell to drop.","scripts/clock_elasticity.py: bursts of N back-to-back fused_experts calls under one pinned tile, each call L2-flushed and bracketed by its own pre-primed event pair, the FIRST call of every burst discarded as a drained-queue launch, a host-side idle gap after each burst setting the sustained duty cycle, and the SM clock, board power and memory clock read through NVML with the burst still in flight; NOT timing.TIMING_BASIS",,,13.0,580.159.04,True,1,33d28339d8e211bd7fb8caf92bd340b82ae40abb,NVIDIA H200,421a523e82cb,"scripts/clock_elasticity.py: bursts of N back-to-back fused_experts calls under one pinned tile, each call L2-flushed and bracketed by its own pre-primed event pair, the FIRST call of every burst discarded as a drained-queue launch, a host-side idle gap after each burst setting the sustained duty cycle, and the SM clock, board power and memory clock read through NVML with the burst still in flight; NOT timing.TIMING_BASIS",,bandwidth=not supplied by caller; bandwidth_source=not supplied by caller; iters=not supplied by caller; ridge=not supplied by caller; ridge_source=not supplied by caller; sglang=package not installed,1,3.12.3,,,,200.0,2.13.0,3.7.1,2026-09-23T18:03:27+00:00,0.27.1,200.0
0.5,0.467683374703562,1,7,1,mixtral-8x7b,bf16,32,64,64,4,8,4,6,192,768,11,18,3,3.1886879205703735,3.154047966003418,0.03632785941755117,180,35.37871641582913,39.3654507001241,3.2129679918289185,3.188655972480774,True,1920.0,1965.0,1935.0,1965 1950 1815 1920 1920 1950 1890 1890 1890 1965 1965 1890 1890 1935 1845 1920 1920 1935,18,nvml,False,high,True,,1470.0,495.3345,3201.0,False,3.058613743633032,9.941593431530094,212.49952054023743,True,ok,"LEVEL HIGH (recorded, never an exclusion here): loaded clock 1920 MHz against the 1470 MHz reference. At a duty cycle below 1.0 a HIGH reading is the experiment working, not a cell to drop.","scripts/clock_elasticity.py: bursts of N back-to-back fused_experts calls under one pinned tile, each call L2-flushed and bracketed by its own pre-primed event pair, the FIRST call of every burst discarded as a drained-queue launch, a host-side idle gap after each burst setting the sustained duty cycle, and the SM clock, board power and memory clock read through NVML with the burst still in flight; NOT timing.TIMING_BASIS",,,13.0,580.159.04,True,1,33d28339d8e211bd7fb8caf92bd340b82ae40abb,NVIDIA H200,421a523e82cb,"scripts/clock_elasticity.py: bursts of N back-to-back fused_experts calls under one pinned tile, each call L2-flushed and bracketed by its own pre-primed event pair, the FIRST call of every burst discarded as a drained-queue launch, a host-side idle gap after each burst setting the sustained duty cycle, and the SM clock, board power and memory clock read through NVML with the burst still in flight; NOT timing.TIMING_BASIS",,bandwidth=not supplied by caller; bandwidth_source=not supplied by caller; iters=not supplied by caller; ridge=not supplied by caller; ridge_source=not supplied by caller; sglang=package not installed,1,3.12.3,,,,200.0,2.13.0,3.7.1,2026-09-23T18:03:27+00:00,0.27.1,200.0
0.5,0.43447248543844014,1,7,1,mixtral-8x7b,bf16,32,64,64,4,8,4,7,224,896,8,18,3,3.6841280460357666,3.6794559955596924,0.03833582671083553,126,29.95767655637529,38.29125061035156,3.70307195186615,3.682687997817993,True,1950.0,1965.0,1920.0,1965 1905 1905 1965 1965 1920 1920 1965 1950 1950 1935 1965 1965 1950 1815 1815 1965 1920,18,nvml,False,high,True,,1470.0,480.622,3201.0,False,2.8887749649584293,7.1713603819754415,269.4283838272095,True,ok,"LEVEL HIGH (recorded, never an exclusion here): loaded clock 1950 MHz against the 1470 MHz reference. At a duty cycle below 1.0 a HIGH reading is the experiment working, not a cell to drop.","scripts/clock_elasticity.py: bursts of N back-to-back fused_experts calls under one pinned tile, each call L2-flushed and bracketed by its own pre-primed event pair, the FIRST call of every burst discarded as a drained-queue launch, a host-side idle gap after each burst setting the sustained duty cycle, and the SM clock, board power and memory clock read through NVML with the burst still in flight; NOT timing.TIMING_BASIS",,,13.0,580.159.04,True,1,33d28339d8e211bd7fb8caf92bd340b82ae40abb,NVIDIA H200,421a523e82cb,"scripts/clock_elasticity.py: bursts of N back-to-back fused_experts calls under one pinned tile, each call L2-flushed and bracketed by its own pre-primed event pair, the FIRST call of every burst discarded as a drained-queue launch, a host-side idle gap after each burst setting the sustained duty cycle, and the SM clock, board power and memory clock read through NVML with the burst still in flight; NOT timing.TIMING_BASIS",,bandwidth=not supplied by caller; bandwidth_source=not supplied by caller; iters=not supplied by caller; ridge=not supplied by caller; ridge_source=not supplied by caller; sglang=package not installed,1,3.12.3,,,,200.0,2.13.0,3.7.1,2026-09-23T18:03:27+00:00,0.27.1,200.0
0.5,0.4636046199733972,1,7,1,mixtral-8x7b,bf16,32,64,64,4,8,4,8,256,1024,8,18,3,4.200704097747803,4.1976318359375,0.034563641075931885,126,33.96369229422675,38.60643844604492,4.202895879745483,4.200735807418823,True,1965.0,1965.0,1950.0,1965 1965 1965 1965 1950 1950 1950 1965 1920 1920 1965 1860 1860 1965 1965 1965 1965 1950,18,nvml,False,high,True,,1470.0,483.994,3201.0,False,2.4386639706790447,7.374977196488677,238.2633285522461,True,ok,"LEVEL HIGH (recorded, never an exclusion here): loaded clock 1965 MHz against the 1470 MHz reference. At a duty cycle below 1.0 a HIGH reading is the experiment working, not a cell to drop.","scripts/clock_elasticity.py: bursts of N back-to-back fused_experts calls under one pinned tile, each call L2-flushed and bracketed by its own pre-primed event pair, the FIRST call of every burst discarded as a drained-queue launch, a host-side idle gap after each burst setting the sustained duty cycle, and the SM clock, board power and memory clock read through NVML with the burst still in flight; NOT timing.TIMING_BASIS",,,13.0,580.159.04,True,1,33d28339d8e211bd7fb8caf92bd340b82ae40abb,NVIDIA H200,421a523e82cb,"scripts/clock_elasticity.py: bursts of N back-to-back fused_experts calls under one pinned tile, each call L2-flushed and bracketed by its own pre-primed event pair, the FIRST call of every burst discarded as a drained-queue launch, a host-side idle gap after each burst setting the sustained duty cycle, and the SM clock, board power and memory clock read through NVML with the burst still in flight; NOT timing.TIMING_BASIS",,bandwidth=not supplied by caller; bandwidth_source=not supplied by caller; iters=not supplied by caller; ridge=not supplied by caller; ridge_source=not supplied by caller; sglang=package not installed,1,3.12.3,,,,200.0,2.13.0,3.7.1,2026-09-23T18:03:27+00:00,0.27.1,200.0
1.0,0.9153977280485691,0,7,2,mixtral-8x7b,bf16,32,64,64,4,8,4,1,32,128,53,18,3,0.7728639841079712,0.7609919905662537,0.004885426540744831,936,41.11167649096913,0.0,0.77292799949646,0.7720479965209961,True,1485.0,1500.0,1485.0,1500 1485 1485 1470 1470 1485 1485 1485 1485 1455 1455 1455 1485 1485 1485 1485 1485 1485,18,nvml,True,,True,,1470.0,693.4580000000001,3201.0,False,11.687779799103737,39.06062522964031,203.5723204612732,True,ok,,"scripts/clock_elasticity.py: bursts of N back-to-back fused_experts calls under one pinned tile, each call L2-flushed and bracketed by its own pre-primed event pair, the FIRST call of every burst discarded as a drained-queue launch, a host-side idle gap after each burst setting the sustained duty cycle, and the SM clock, board power and memory clock read through NVML with the burst still in flight; NOT timing.TIMING_BASIS",,,13.0,580.159.04,True,1,33d28339d8e211bd7fb8caf92bd340b82ae40abb,NVIDIA H200,421a523e82cb,"scripts/clock_elasticity.py: bursts of N back-to-back fused_experts calls under one pinned tile, each call L2-flushed and bracketed by its own pre-primed event pair, the FIRST call of every burst discarded as a drained-queue launch, a host-side idle gap after each burst setting the sustained duty cycle, and the SM clock, board power and memory clock read through NVML with the burst still in flight; NOT timing.TIMING_BASIS",,bandwidth=not supplied by caller; bandwidth_source=not supplied by caller; iters=not supplied by caller; ridge=not supplied by caller; ridge_source=not supplied by caller; sglang=package not installed,1,3.12.3,,,,200.0,2.13.0,3.7.1,2026-09-23T18:03:27+00:00,0.27.1,200.0
1.0,0.9488995920619441,0,7,2,mixtral-8x7b,bf16,32,64,64,4,8,4,2,64,256,32,18,3,1.3282399773597717,1.3090879917144775,0.013719879995962685,558,42.75377073552873,0.0,1.3326400518417358,1.32750403881073,True,1627.5,1665.0,1605.0,1665 1665 1635 1635 1635 1635 1635 1635 1635 1620 1620 1620 1620 1605 1605 1605 1605 1605,18,nvml,False,high,True,,1470.0,692.3354999999999,3201.0,False,7.1091982536017895,26.686986752531645,209.38166463375092,True,ok,"LEVEL HIGH (recorded, never an exclusion here): loaded clock 1628 MHz against the 1470 MHz reference. At a duty cycle below 1.0 a HIGH reading is the experiment working, not a cell to drop.","scripts/clock_elasticity.py: bursts of N back-to-back fused_experts calls under one pinned tile, each call L2-flushed and bracketed by its own pre-primed event pair, the FIRST call of every burst discarded as a drained-queue launch, a host-side idle gap after each burst setting the sustained duty cycle, and the SM clock, board power and memory clock read through NVML with the burst still in flight; NOT timing.TIMING_BASIS",,,13.0,580.159.04,True,1,33d28339d8e211bd7fb8caf92bd340b82ae40abb,NVIDIA H200,421a523e82cb,"scripts/clock_elasticity.py: bursts of N back-to-back fused_experts calls under one pinned tile, each call L2-flushed and bracketed by its own pre-primed event pair, the FIRST call of every burst discarded as a drained-queue launch, a host-side idle gap after each burst setting the sustained duty cycle, and the SM clock, board power and memory clock read through NVML with the burst still in flight; NOT timing.TIMING_BASIS",,bandwidth=not supplied by caller; bandwidth_source=not supplied by caller; iters=not supplied by caller; ridge=not supplied by caller; ridge_source=not supplied by caller; sglang=package not installed,1,3.12.3,,,,200.0,2.13.0,3.7.1,2026-09-23T18:03:27+00:00,0.27.1,200.0
1.0,0.9648796759725858,0,7,2,mixtral-8x7b,bf16,32,64,64,4,8,4,3,96,384,21,18,3,1.9995039701461792,1.939136028289795,0.02860868619280586,360,42.08294401566187,0.0,2.000928044319153,1.9998560547828674,True,1605.0,1635.0,1590.0,1635 1635 1635 1635 1605 1605 1620 1620 1620 1605 1605 1590 1590 1605 1605 1590 1590 1590,18,nvml,False,high,True,,1470.0,696.0225,3201.0,False,4.626983776688576,18.715886823569008,206.50595200061798,True,ok,"LEVEL HIGH (recorded, never an exclusion here): loaded clock 1605 MHz against the 1470 MHz reference. At a duty cycle below 1.0 a HIGH reading is the experiment working, not a cell to drop.","scripts/clock_elasticity.py: bursts of N back-to-back fused_experts calls under one pinned tile, each call L2-flushed and bracketed by its own pre-primed event pair, the FIRST call of every burst discarded as a drained-queue launch, a host-side idle gap after each burst setting the sustained duty cycle, and the SM clock, board power and memory clock read through NVML with the burst still in flight; NOT timing.TIMING_BASIS",,,13.0,580.159.04,True,1,33d28339d8e211bd7fb8caf92bd340b82ae40abb,NVIDIA H200,421a523e82cb,"scripts/clock_elasticity.py: bursts of N back-to-back fused_experts calls under one pinned tile, each call L2-flushed and bracketed by its own pre-primed event pair, the FIRST call of every burst discarded as a drained-queue launch, a host-side idle gap after each burst setting the sustained duty cycle, and the SM clock, board power and memory clock read through NVML with the burst still in flight; NOT timing.TIMING_BASIS",,bandwidth=not supplied by caller; bandwidth_source=not supplied by caller; iters=not supplied by caller; ridge=not supplied by caller; ridge_source=not supplied by caller; sglang=package not installed,1,3.12.3,,,,200.0,2.13.0,3.7.1,2026-09-23T18:03:27+00:00,0.27.1,200.0
1.0,0.9708631697567858,0,7,2,mixtral-8x7b,bf16,32,64,64,4,8,4,4,128,512,17,18,3,2.4370720386505127,2.329535961151123,0.07115197032071052,288,41.460791097746956,0.0,2.4282960295677185,2.437455952167511,True,1725.0,1830.0,1725.0,1830 1710 1710 1770 1770 1740 1740 1740 1710 1710 1755 1755 1725 1725 1725 1710 1710 1725,18,nvml,False,high,False,dropping,1470.0,693.6025,3201.0,False,3.8765673525631428,15.402710386372254,245.01292872428894,True,ok,"LEVEL HIGH (recorded, never an exclusion here): loaded clock 1725 MHz against the 1470 MHz reference. At a duty cycle below 1.0 a HIGH reading is the experiment working, not a cell to drop.; DRIFT failed, dropping: 1830 -> 1725 MHz over 18 bursts; this cell is EXCLUDED","scripts/clock_elasticity.py: bursts of N back-to-back fused_experts calls under one pinned tile, each call L2-flushed and bracketed by its own pre-primed event pair, the FIRST call of every burst discarded as a drained-queue launch, a host-side idle gap after each burst setting the sustained duty cycle, and the SM clock, board power and memory clock read through NVML with the burst still in flight; NOT timing.TIMING_BASIS",,,13.0,580.159.04,True,1,33d28339d8e211bd7fb8caf92bd340b82ae40abb,NVIDIA H200,421a523e82cb,"scripts/clock_elasticity.py: bursts of N back-to-back fused_experts calls under one pinned tile, each call L2-flushed and bracketed by its own pre-primed event pair, the FIRST call of every burst discarded as a drained-queue launch, a host-side idle gap after each burst setting the sustained duty cycle, and the SM clock, board power and memory clock read through NVML with the burst still in flight; NOT timing.TIMING_BASIS",,bandwidth=not supplied by caller; bandwidth_source=not supplied by caller; iters=not supplied by caller; ridge=not supplied by caller; ridge_source=not supplied by caller; sglang=package not installed,1,3.12.3,,,,200.0,2.13.0,3.7.1,2026-09-23T18:03:27+00:00,0.27.1,200.0
1.0,0.9774183297345508,0,7,2,mixtral-8x7b,bf16,32,64,64,4,8,4,5,160,640,13,18,3,3.2146719694137573,3.1213440895080566,0.10070207400968643,216,41.84770131111145,0.0,3.2154399156570435,3.2014559507369995,True,1635.0,1635.0,1635.0,1635 1635 1665 1665 1665 1650 1650 1665 1665 1635 1635 1635 1635 1635 1635 1635 1635 1635,18,nvml,False,high,True,,1470.0,693.4935,3201.0,False,3.0126702040433884,12.034767401009839,245.71462440490723,True,ok,"LEVEL HIGH (recorded, never an exclusion here): loaded clock 1635 MHz against the 1470 MHz reference. At a duty cycle below 1.0 a HIGH reading is the experiment working, not a cell to drop.","scripts/clock_elasticity.py: bursts of N back-to-back fused_experts calls under one pinned tile, each call L2-flushed and bracketed by its own pre-primed event pair, the FIRST call of every burst discarded as a drained-queue launch, a host-side idle gap after each burst setting the sustained duty cycle, and the SM clock, board power and memory clock read through NVML with the burst still in flight; NOT timing.TIMING_BASIS",,,13.0,580.159.04,True,1,33d28339d8e211bd7fb8caf92bd340b82ae40abb,NVIDIA H200,421a523e82cb,"scripts/clock_elasticity.py: bursts of N back-to-back fused_experts calls under one pinned tile, each call L2-flushed and bracketed by its own pre-primed event pair, the FIRST call of every burst discarded as a drained-queue launch, a host-side idle gap after each burst setting the sustained duty cycle, and the SM clock, board power and memory clock read through NVML with the burst still in flight; NOT timing.TIMING_BASIS",,bandwidth=not supplied by caller; bandwidth_source=not supplied by caller; iters=not supplied by caller; ridge=not supplied by caller; ridge_source=not supplied by caller; sglang=package not installed,1,3.12.3,,,,200.0,2.13.0,3.7.1,2026-09-23T18:03:27+00:00,0.27.1,200.0
1.0,0.9802147507681462,0,7,2,mixtral-8x7b,bf16,32,64,64,4,8,4,6,192,768,11,18,3,3.752784013748169,3.633791923522949,0.254189412156942,180,41.79372627205319,0.0,3.7719199657440186,3.7546160221099854,True,1680.0,1695.0,1680.0,1695 1695 1695 1680 1680 1665 1665 1665 1680 1680 1695 1695 1665 1665 1665 1665 1665 1680,18,nvml,False,high,True,,1470.0,694.241,3201.0,False,2.5993441231548786,10.283659948140674,202.53375959396362,True,ok,"LEVEL HIGH (recorded, never an exclusion here): loaded clock 1680 MHz against the 1470 MHz reference. At a duty cycle below 1.0 a HIGH reading is the experiment working, not a cell to drop.","scripts/clock_elasticity.py: bursts of N back-to-back fused_experts calls under one pinned tile, each call L2-flushed and bracketed by its own pre-primed event pair, the FIRST call of every burst discarded as a drained-queue launch, a host-side idle gap after each burst setting the sustained duty cycle, and the SM clock, board power and memory clock read through NVML with the burst still in flight; NOT timing.TIMING_BASIS",,,13.0,580.159.04,True,1,33d28339d8e211bd7fb8caf92bd340b82ae40abb,NVIDIA H200,421a523e82cb,"scripts/clock_elasticity.py: bursts of N back-to-back fused_experts calls under one pinned tile, each call L2-flushed and bracketed by its own pre-primed event pair, the FIRST call of every burst discarded as a drained-queue launch, a host-side idle gap after each burst setting the sustained duty cycle, and the SM clock, board power and memory clock read through NVML with the burst still in flight; NOT timing.TIMING_BASIS",,bandwidth=not supplied by caller; bandwidth_source=not supplied by caller; iters=not supplied by caller; ridge=not supplied by caller; ridge_source=not supplied by caller; sglang=package not installed,1,3.12.3,,,,200.0,2.13.0,3.7.1,2026-09-23T18:03:27+00:00,0.27.1,200.0
1.0,0.9830624659200677,0,7,2,mixtral-8x7b,bf16,32,64,64,4,8,4,7,224,896,8,18,3,4.448048114776611,4.360767841339111,0.04584023980611747,126,35.52814239925809,0.0,4.449023962020874,4.449120044708252,True,1665.0,1665.0,1680.0,1665 1650 1650 1650 1680 1680 1680 1650 1650 1665 1665 1665 1650 1650 1650 1680 1680 1680,18,nvml,False,high,True,,1470.0,693.511,3201.0,False,1.8709548749029636,7.559936373565479,207.34550428390503,True,ok,"LEVEL HIGH (recorded, never an exclusion here): loaded clock 1665 MHz against the 1470 MHz reference. At a duty cycle below 1.0 a HIGH reading is the experiment working, not a cell to drop.","scripts/clock_elasticity.py: bursts of N back-to-back fused_experts calls under one pinned tile, each call L2-flushed and bracketed by its own pre-primed event pair, the FIRST call of every burst discarded as a drained-queue launch, a host-side idle gap after each burst setting the sustained duty cycle, and the SM clock, board power and memory clock read through NVML with the burst still in flight; NOT timing.TIMING_BASIS",,,13.0,580.159.04,True,1,33d28339d8e211bd7fb8caf92bd340b82ae40abb,NVIDIA H200,421a523e82cb,"scripts/clock_elasticity.py: bursts of N back-to-back fused_experts calls under one pinned tile, each call L2-flushed and bracketed by its own pre-primed event pair, the FIRST call of every burst discarded as a drained-queue launch, a host-side idle gap after each burst setting the sustained duty cycle, and the SM clock, board power and memory clock read through NVML with the burst still in flight; NOT timing.TIMING_BASIS",,bandwidth=not supplied by caller; bandwidth_source=not supplied by caller; iters=not supplied by caller; ridge=not supplied by caller; ridge_source=not supplied by caller; sglang=package not installed,1,3.12.3,,,,200.0,2.13.0,3.7.1,2026-09-23T18:03:27+00:00,0.27.1,200.0
1.0,0.9845771379844623,0,7,2,mixtral-8x7b,bf16,32,64,64,4,8,4,8,256,1024,8,18,3,4.882287979125977,4.675360202789307,0.062275625811135174,126,39.12356448173523,0.0,4.8828959465026855,4.8999998569488525,True,1725.0,1770.0,1695.0,1770 1770 1770 1710 1710 1725 1725 1725 1740 1740 1740 1740 1740 1710 1710 1710 1695 1695,18,nvml,False,high,True,,1470.0,693.755,3201.0,False,1.8947864882647991,7.5962588708553245,266.9392647743225,True,ok,"LEVEL HIGH (recorded, never an exclusion here): loaded clock 1725 MHz against the 1470 MHz reference. At a duty cycle below 1.0 a HIGH reading is the experiment working, not a cell to drop.","scripts/clock_elasticity.py: bursts of N back-to-back fused_experts calls under one pinned tile, each call L2-flushed and bracketed by its own pre-primed event pair, the FIRST call of every burst discarded as a drained-queue launch, a host-side idle gap after each burst setting the sustained duty cycle, and the SM clock, board power and memory clock read through NVML with the burst still in flight; NOT timing.TIMING_BASIS",,,13.0,580.159.04,True,1,33d28339d8e211bd7fb8caf92bd340b82ae40abb,NVIDIA H200,421a523e82cb,"scripts/clock_elasticity.py: bursts of N back-to-back fused_experts calls under one pinned tile, each call L2-flushed and bracketed by its own pre-primed event pair, the FIRST call of every burst discarded as a drained-queue launch, a host-side idle gap after each burst setting the sustained duty cycle, and the SM clock, board power and memory clock read through NVML with the burst still in flight; NOT timing.TIMING_BASIS",,bandwidth=not supplied by caller; bandwidth_source=not supplied by caller; iters=not supplied by caller; ridge=not supplied by caller; ridge_source=not supplied by caller; sglang=package not installed,1,3.12.3,,,,200.0,2.13.0,3.7.1,2026-09-23T18:03:27+00:00,0.27.1,200.0
1.0,0.9155867296067545,0,8,0,mixtral-8x7b,bf16,32,64,64,4,8,4,1,32,128,53,18,3,0.7740000188350677,0.7627840042114258,0.004711845844408764,936,41.15541686614355,0.0,0.773360013961792,0.7746559977531433,True,1485.0,1455.0,1500.0,1455 1455 1455 1500 1500 1500 1500 1485 1485 1485 1485 1485 1455 1455 1485 1485 1500 1500,18,nvml,True,,True,,1470.0,693.7860000000001,3201.0,False,11.540654115378857,39.22480339984271,246.4939199090004,True,ok,,"scripts/clock_elasticity.py: bursts of N back-to-back fused_experts calls under one pinned tile, each call L2-flushed and bracketed by its own pre-primed event pair, the FIRST call of every burst discarded as a drained-queue launch, a host-side idle gap after each burst setting the sustained duty cycle, and the SM clock, board power and memory clock read through NVML with the burst still in flight; NOT timing.TIMING_BASIS",,,13.0,580.159.04,True,1,33d28339d8e211bd7fb8caf92bd340b82ae40abb,NVIDIA H200,421a523e82cb,"scripts/clock_elasticity.py: bursts of N back-to-back fused_experts calls under one pinned tile, each call L2-flushed and bracketed by its own pre-primed event pair, the FIRST call of every burst discarded as a drained-queue launch, a host-side idle gap after each burst setting the sustained duty cycle, and the SM clock, board power and memory clock read through NVML with the burst still in flight; NOT timing.TIMING_BASIS",,bandwidth=not supplied by caller; bandwidth_source=not supplied by caller; iters=not supplied by caller; ridge=not supplied by caller; ridge_source=not supplied by caller; sglang=package not installed,1,3.12.3,,,,200.0,2.13.0,3.7.1,2026-09-23T18:03:27+00:00,0.27.1,200.0
1.0,0.948891346997094,0,8,0,mixtral-8x7b,bf16,32,64,64,4,8,4,2,64,256,32,18,3,1.328719973564148,1.3100800514221191,0.014015080740307778,558,42.7177102499538,0.0,1.3270400166511536,1.328656017780304,True,1635.0,1635.0,1635.0,1635 1635 1635 1635 1650 1650 1620 1620 1620 1605 1605 1635 1635 1635 1635 1590 1590 1635,18,nvml,False,high,True,,1470.0,694.05,3201.0,False,7.026755716651678,26.868568021278143,211.46217584609985,True,ok,"LEVEL HIGH (recorded, never an exclusion here): loaded clock 1635 MHz against the 1470 MHz reference. At a duty cycle below 1.0 a HIGH reading is the experiment working, not a cell to drop.","scripts/clock_elasticity.py: bursts of N back-to-back fused_experts calls under one pinned tile, each call L2-flushed and bracketed by its own pre-primed event pair, the FIRST call of every burst discarded as a drained-queue launch, a host-side idle gap after each burst setting the sustained duty cycle, and the SM clock, board power and memory clock read through NVML with the burst still in flight; NOT timing.TIMING_BASIS",,,13.0,580.159.04,True,1,33d28339d8e211bd7fb8caf92bd340b82ae40abb,NVIDIA H200,421a523e82cb,"scripts/clock_elasticity.py: bursts of N back-to-back fused_experts calls under one pinned tile, each call L2-flushed and bracketed by its own pre-primed event pair, the FIRST call of every burst discarded as a drained-queue launch, a host-side idle gap after each burst setting the sustained duty cycle, and the SM clock, board power and memory clock read through NVML with the burst still in flight; NOT timing.TIMING_BASIS",,bandwidth=not supplied by caller; bandwidth_source=not supplied by caller; iters=not supplied by caller; ridge=not supplied by caller; ridge_source=not supplied by caller; sglang=package not installed,1,3.12.3,,,,200.0,2.13.0,3.7.1,2026-09-23T18:03:27+00:00,0.27.1,200.0
1.0,0.9644670242867069,0,8,0,mixtral-8x7b,bf16,32,64,64,4,8,4,3,96,384,21,18,3,2.0004959106445312,1.9387199878692627,0.023550559253408793,360,42.118186665905846,0.0,2.0024800300598145,2.0108799934387207,True,1605.0,1620.0,1605.0,1620 1620 1620 1620 1620 1620 1620 1605 1605 1590 1590 1590 1590 1590 1605 1605 1605 1605,18,nvml,False,high,True,,1470.0,694.5025,3201.0,False,4.66463016346097,17.055491066127534,250.015456199646,True,ok,"LEVEL HIGH (recorded, never an exclusion here): loaded clock 1605 MHz against the 1470 MHz reference. At a duty cycle below 1.0 a HIGH reading is the experiment working, not a cell to drop.","scripts/clock_elasticity.py: bursts of N back-to-back fused_experts calls under one pinned tile, each call L2-flushed and bracketed by its own pre-primed event pair, the FIRST call of every burst discarded as a drained-queue launch, a host-side idle gap after each burst setting the sustained duty cycle, and the SM clock, board power and memory clock read through NVML with the burst still in flight; NOT timing.TIMING_BASIS",,,13.0,580.159.04,True,1,33d28339d8e211bd7fb8caf92bd340b82ae40abb,NVIDIA H200,421a523e82cb,"scripts/clock_elasticity.py: bursts of N back-to-back fused_experts calls under one pinned tile, each call L2-flushed and bracketed by its own pre-primed event pair, the FIRST call of every burst discarded as a drained-queue launch, a host-side idle gap after each burst setting the sustained duty cycle, and the SM clock, board power and memory clock read through NVML with the burst still in flight; NOT timing.TIMING_BASIS",,bandwidth=not supplied by caller; bandwidth_source=not supplied by caller; iters=not supplied by caller; ridge=not supplied by caller; ridge_source=not supplied by caller; sglang=package not installed,1,3.12.3,,,,200.0,2.13.0,3.7.1,2026-09-23T18:03:27+00:00,0.27.1,200.0
1.0,0.9710971584059606,0,8,0,mixtral-8x7b,bf16,32,64,64,4,8,4,4,128,512,17,18,3,2.460192084312439,2.39136004447937,0.021020301418591795,288,41.771135952737595,0.0,2.4616640210151672,2.4619200229644775,True,1717.5,1755.0,1725.0,1755 1755 1755 1755 1755 1710 1710 1725 1725 1725 1710 1710 1710 1710 1710 1710 1710 1725,18,nvml,False,high,True,,1470.0,692.4755,3201.0,False,3.909103572368622,15.416906764935153,207.21910429000854,True,ok,"LEVEL HIGH (recorded, never an exclusion here): loaded clock 1718 MHz against the 1470 MHz reference. At a duty cycle below 1.0 a HIGH reading is the experiment working, not a cell to drop.","scripts/clock_elasticity.py: bursts of N back-to-back fused_experts calls under one pinned tile, each call L2-flushed and bracketed by its own pre-primed event pair, the FIRST call of every burst discarded as a drained-queue launch, a host-side idle gap after each burst setting the sustained duty cycle, and the SM clock, board power and memory clock read through NVML with the burst still in flight; NOT timing.TIMING_BASIS",,,13.0,580.159.04,True,1,33d28339d8e211bd7fb8caf92bd340b82ae40abb,NVIDIA H200,421a523e82cb,"scripts/clock_elasticity.py: bursts of N back-to-back fused_experts calls under one pinned tile, each call L2-flushed and bracketed by its own pre-primed event pair, the FIRST call of every burst discarded as a drained-queue launch, a host-side idle gap after each burst setting the sustained duty cycle, and the SM clock, board power and memory clock read through NVML with the burst still in flight; NOT timing.TIMING_BASIS",,bandwidth=not supplied by caller; bandwidth_source=not supplied by caller; iters=not supplied by caller; ridge=not supplied by caller; ridge_source=not supplied by caller; sglang=package not installed,1,3.12.3,,,,200.0,2.13.0,3.7.1,2026-09-23T18:03:27+00:00,0.27.1,200.0
1.0,0.9773928461713244,0,8,0,mixtral-8x7b,bf16,32,64,64,4,8,4,5,160,640,13,18,3,3.215648055076599,3.095263957977295,0.04080141551860488,216,41.799237317509125,0.0,3.220144033432007,3.2167840003967285,True,1650.0,1650.0,1635.0,1650 1680 1680 1590 1590 1665 1665 1665 1650 1650 1635 1635 1635 1635 1635 1650 1650 1635,18,nvml,False,high,True,,1470.0,696.333,3201.0,False,3.0109616927802563,12.04452134197267,205.39833664894104,True,ok,"LEVEL HIGH (recorded, never an exclusion here): loaded clock 1650 MHz against the 1470 MHz reference. At a duty cycle below 1.0 a HIGH reading is the experiment working, not a cell to drop.","scripts/clock_elasticity.py: bursts of N back-to-back fused_experts calls under one pinned tile, each call L2-flushed and bracketed by its own pre-primed event pair, the FIRST call of every burst discarded as a drained-queue launch, a host-side idle gap after each burst setting the sustained duty cycle, and the SM clock, board power and memory clock read through NVML with the burst still in flight; NOT timing.TIMING_BASIS",,,13.0,580.159.04,True,1,33d28339d8e211bd7fb8caf92bd340b82ae40abb,NVIDIA H200,421a523e82cb,"scripts/clock_elasticity.py: bursts of N back-to-back fused_experts calls under one pinned tile, each call L2-flushed and bracketed by its own pre-primed event pair, the FIRST call of every burst discarded as a drained-queue launch, a host-side idle gap after each burst setting the sustained duty cycle, and the SM clock, board power and memory clock read through NVML with the burst still in flight; NOT timing.TIMING_BASIS",,bandwidth=not supplied by caller; bandwidth_source=not supplied by caller; iters=not supplied by caller; ridge=not supplied by caller; ridge_source=not supplied by caller; sglang=package not installed,1,3.12.3,,,,200.0,2.13.0,3.7.1,2026-09-23T18:03:27+00:00,0.27.1,200.0
1.0,0.9805054054918394,0,8,0,mixtral-8x7b,bf16,32,64,64,4,8,4,6,192,768,11,18,3,3.7739999294281006,3.7046079635620117,0.026804137545760928,180,41.54422575897641,0.0,3.774679958820343,3.7741519808769226,True,1672.5,1680.0,1665.0,1680 1680 1680 1680 1680 1680 1680 1650 1650 1665 1665 1665 1680 1680 1665 1665 1665 1665,18,nvml,False,high,True,,1470.0,696.003,3201.0,False,2.5919359177351,10.307611613445266,247.04147124290466,True,ok,"LEVEL HIGH (recorded, never an exclusion here): loaded clock 1672 MHz against the 1470 MHz reference. At a duty cycle below 1.0 a HIGH reading is the experiment working, not a cell to drop.","scripts/clock_elasticity.py: bursts of N back-to-back fused_experts calls under one pinned tile, each call L2-flushed and bracketed by its own pre-primed event pair, the FIRST call of every burst discarded as a drained-queue launch, a host-side idle gap after each burst setting the sustained duty cycle, and the SM clock, board power and memory clock read through NVML with the burst still in flight; NOT timing.TIMING_BASIS",,,13.0,580.159.04,True,1,33d28339d8e211bd7fb8caf92bd340b82ae40abb,NVIDIA H200,421a523e82cb,"scripts/clock_elasticity.py: bursts of N back-to-back fused_experts calls under one pinned tile, each call L2-flushed and bracketed by its own pre-primed event pair, the FIRST call of every burst discarded as a drained-queue launch, a host-side idle gap after each burst setting the sustained duty cycle, and the SM clock, board power and memory clock read through NVML with the burst still in flight; NOT timing.TIMING_BASIS",,bandwidth=not supplied by caller; bandwidth_source=not supplied by caller; iters=not supplied by caller; ridge=not supplied by caller; ridge_source=not supplied by caller; sglang=package not installed,1,3.12.3,,,,200.0,2.13.0,3.7.1,2026-09-23T18:03:27+00:00,0.27.1,200.0
1.0,0.9831116917562912,0,8,0,mixtral-8x7b,bf16,32,64,64,4,8,4,7,224,896,8,18,3,4.427295923233032,4.319744110107422,0.04315003501548249,126,35.455987718370224,0.0,4.435839891433716,4.4486401081085205,True,1665.0,1665.0,1650.0,1665 1665 1665 1650 1650 1650 1695 1695 1695 1650 1650 1650 1680 1680 1665 1665 1665 1650,18,nvml,False,high,True,,1470.0,695.105,3201.0,False,1.8712426535785198,7.568707592386852,210.61964750289917,True,ok,"LEVEL HIGH (recorded, never an exclusion here): loaded clock 1665 MHz against the 1470 MHz reference. At a duty cycle below 1.0 a HIGH reading is the experiment working, not a cell to drop.","scripts/clock_elasticity.py: bursts of N back-to-back fused_experts calls under one pinned tile, each call L2-flushed and bracketed by its own pre-primed event pair, the FIRST call of every burst discarded as a drained-queue launch, a host-side idle gap after each burst setting the sustained duty cycle, and the SM clock, board power and memory clock read through NVML with the burst still in flight; NOT timing.TIMING_BASIS",,,13.0,580.159.04,True,1,33d28339d8e211bd7fb8caf92bd340b82ae40abb,NVIDIA H200,421a523e82cb,"scripts/clock_elasticity.py: bursts of N back-to-back fused_experts calls under one pinned tile, each call L2-flushed and bracketed by its own pre-primed event pair, the FIRST call of every burst discarded as a drained-queue launch, a host-side idle gap after each burst setting the sustained duty cycle, and the SM clock, board power and memory clock read through NVML with the burst still in flight; NOT timing.TIMING_BASIS",,bandwidth=not supplied by caller; bandwidth_source=not supplied by caller; iters=not supplied by caller; ridge=not supplied by caller; ridge_source=not supplied by caller; sglang=package not installed,1,3.12.3,,,,200.0,2.13.0,3.7.1,2026-09-23T18:03:27+00:00,0.27.1,200.0
1.0,0.9846459780020981,0,8,0,mixtral-8x7b,bf16,32,64,64,4,8,4,8,256,1024,8,18,3,4.883055925369263,4.832479953765869,0.03383861513405,126,39.23367635409037,0.0,4.883440017700195,4.882335901260376,True,1710.0,1725.0,1710.0,1725 1695 1695 1710 1710 1710 1710 1710 1710 1710 1710 1710 1710 1695 1695 1695 1710 1710,18,nvml,False,high,True,,1470.0,694.644,3201.0,False,1.8592281267046928,7.608023581465296,233.06076860427856,True,ok,"LEVEL HIGH (recorded, never an exclusion here): loaded clock 1710 MHz against the 1470 MHz reference. At a duty cycle below 1.0 a HIGH reading is the experiment working, not a cell to drop.","scripts/clock_elasticity.py: bursts of N back-to-back fused_experts calls under one pinned tile, each call L2-flushed and bracketed by its own pre-primed event pair, the FIRST call of every burst discarded as a drained-queue launch, a host-side idle gap after each burst setting the sustained duty cycle, and the SM clock, board power and memory clock read through NVML with the burst still in flight; NOT timing.TIMING_BASIS",,,13.0,580.159.04,True,1,33d28339d8e211bd7fb8caf92bd340b82ae40abb,NVIDIA H200,421a523e82cb,"scripts/clock_elasticity.py: bursts of N back-to-back fused_experts calls under one pinned tile, each call L2-flushed and bracketed by its own pre-primed event pair, the FIRST call of every burst discarded as a drained-queue launch, a host-side idle gap after each burst setting the sustained duty cycle, and the SM clock, board power and memory clock read through NVML with the burst still in flight; NOT timing.TIMING_BASIS",,bandwidth=not supplied by caller; bandwidth_source=not supplied by caller; iters=not supplied by caller; ridge=not supplied by caller; ridge_source=not supplied by caller; sglang=package not installed,1,3.12.3,,,,200.0,2.13.0,3.7.1,2026-09-23T18:03:27+00:00,0.27.1,200.0
0.5,0.47372362378012756,1,8,1,mixtral-8x7b,bf16,32,64,64,4,8,4,1,32,128,53,18,3,0.7429760098457336,0.7336639761924744,0.0039703835482895605,936,39.531827499469124,40.11147417426109,0.7429440021514893,0.7429760098457336,True,1905.0,1890.0,1950.0,1890 1680 1830 1830 1905 1950 1905 1965 1965 1965 1920 1965 1905 1965 1875 1875 1905 1950,18,nvml,False,high,True,,1470.0,504.646,3201.0,False,11.700184550136328,38.08749545316629,276.58454382419586,True,ok,"LEVEL HIGH (recorded, never an exclusion here): loaded clock 1905 MHz against the 1470 MHz reference. At a duty cycle below 1.0 a HIGH reading is the experiment working, not a cell to drop.","scripts/clock_elasticity.py: bursts of N back-to-back fused_experts calls under one pinned tile, each call L2-flushed and bracketed by its own pre-primed event pair, the FIRST call of every burst discarded as a drained-queue launch, a host-side idle gap after each burst setting the sustained duty cycle, and the SM clock, board power and memory clock read through NVML with the burst still in flight; NOT timing.TIMING_BASIS",,,13.0,580.159.04,True,1,33d28339d8e211bd7fb8caf92bd340b82ae40abb,NVIDIA H200,421a523e82cb,"scripts/clock_elasticity.py: bursts of N back-to-back fused_experts calls under one pinned tile, each call L2-flushed and bracketed by its own pre-primed event pair, the FIRST call of every burst discarded as a drained-queue launch, a host-side idle gap after each burst setting the sustained duty cycle, and the SM clock, board power and memory clock read through NVML with the burst still in flight; NOT timing.TIMING_BASIS",,bandwidth=not supplied by caller; bandwidth_source=not supplied by caller; iters=not supplied by caller; ridge=not supplied by caller; ridge_source=not supplied by caller; sglang=package not installed,1,3.12.3,,,,200.0,2.13.0,3.7.1,2026-09-23T18:03:27+00:00,0.27.1,200.0
0.5,0.45896586490276237,1,8,1,mixtral-8x7b,bf16,32,64,64,4,8,4,2,64,256,32,18,3,1.1152960062026978,1.0981119871139526,0.02126980090178578,558,36.09557684262594,40.203604804144966,1.1219840049743652,1.1189440488815308,True,1882.5,1845.0,1920.0,1845 1845 1845 1950 1905 1920 1920 1935 1950 1785 1785 1920 1950 1710 1860 1860 1845 1920,18,nvml,False,high,True,,1470.0,503.903,3201.0,False,7.383827120065689,25.5122698737646,216.95795166492462,True,ok,"LEVEL HIGH (recorded, never an exclusion here): loaded clock 1882 MHz against the 1470 MHz reference. At a duty cycle below 1.0 a HIGH reading is the experiment working, not a cell to drop.","scripts/clock_elasticity.py: bursts of N back-to-back fused_experts calls under one pinned tile, each call L2-flushed and bracketed by its own pre-primed event pair, the FIRST call of every burst discarded as a drained-queue launch, a host-side idle gap after each burst setting the sustained duty cycle, and the SM clock, board power and memory clock read through NVML with the burst still in flight; NOT timing.TIMING_BASIS",,,13.0,580.159.04,True,1,33d28339d8e211bd7fb8caf92bd340b82ae40abb,NVIDIA H200,421a523e82cb,"scripts/clock_elasticity.py: bursts of N back-to-back fused_experts calls under one pinned tile, each call L2-flushed and bracketed by its own pre-primed event pair, the FIRST call of every burst discarded as a drained-queue launch, a host-side idle gap after each burst setting the sustained duty cycle, and the SM clock, board power and memory clock read through NVML with the burst still in flight; NOT timing.TIMING_BASIS",,bandwidth=not supplied by caller; bandwidth_source=not supplied by caller; iters=not supplied by caller; ridge=not supplied by caller; ridge_source=not supplied by caller; sglang=package not installed,1,3.12.3,,,,200.0,2.13.0,3.7.1,2026-09-23T18:03:27+00:00,0.27.1,200.0
0.5,0.46003607964620913,1,8,1,mixtral-8x7b,bf16,32,64,64,4,8,4,3,96,384,21,18,3,1.6437280178070068,1.6277439594268799,0.029918586201751047,360,34.9624834590488,39.45093631744385,1.6559039950370789,1.641696035861969,True,1920.0,1935.0,1950.0,1935 1905 1860 1860 1905 1845 1950 1950 1920 1905 1920 1920 1920 1950 1800 1800 1950 1950,18,nvml,False,high,True,,1470.0,510.514,3201.0,False,5.2160159684717655,17.914574074180436,244.74310421943665,True,ok,"LEVEL HIGH (recorded, never an exclusion here): loaded clock 1920 MHz against the 1470 MHz reference. At a duty cycle below 1.0 a HIGH reading is the experiment working, not a cell to drop.","scripts/clock_elasticity.py: bursts of N back-to-back fused_experts calls under one pinned tile, each call L2-flushed and bracketed by its own pre-primed event pair, the FIRST call of every burst discarded as a drained-queue launch, a host-side idle gap after each burst setting the sustained duty cycle, and the SM clock, board power and memory clock read through NVML with the burst still in flight; NOT timing.TIMING_BASIS",,,13.0,580.159.04,True,1,33d28339d8e211bd7fb8caf92bd340b82ae40abb,NVIDIA H200,421a523e82cb,"scripts/clock_elasticity.py: bursts of N back-to-back fused_experts calls under one pinned tile, each call L2-flushed and bracketed by its own pre-primed event pair, the FIRST call of every burst discarded as a drained-queue launch, a host-side idle gap after each burst setting the sustained duty cycle, and the SM clock, board power and memory clock read through NVML with the burst still in flight; NOT timing.TIMING_BASIS",,bandwidth=not supplied by caller; bandwidth_source=not supplied by caller; iters=not supplied by caller; ridge=not supplied by caller; ridge_source=not supplied by caller; sglang=package not installed,1,3.12.3,,,,200.0,2.13.0,3.7.1,2026-09-23T18:03:27+00:00,0.27.1,200.0
0.5,0.463753044342473,1,8,1,mixtral-8x7b,bf16,32,64,64,4,8,4,4,128,512,17,18,3,2.1367039680480957,2.1171200275421143,0.021141756988862916,288,36.61028451389737,41.01500095261468,2.1391279697418213,2.137704074382782,True,1950.0,1935.0,1905.0,1935 1965 1965 1965 1965 1965 1920 1965 1965 1950 1965 1875 1920 1920 1935 1950 1845 1905,18,nvml,False,high,True,,1470.0,487.0155,3201.0,False,4.299371037632227,14.31701404653475,295.7803199291229,True,ok,"LEVEL HIGH (recorded, never an exclusion here): loaded clock 1950 MHz against the 1470 MHz reference. At a duty cycle below 1.0 a HIGH reading is the experiment working, not a cell to drop.","scripts/clock_elasticity.py: bursts of N back-to-back fused_experts calls under one pinned tile, each call L2-flushed and bracketed by its own pre-primed event pair, the FIRST call of every burst discarded as a drained-queue launch, a host-side idle gap after each burst setting the sustained duty cycle, and the SM clock, board power and memory clock read through NVML with the burst still in flight; NOT timing.TIMING_BASIS",,,13.0,580.159.04,True,1,33d28339d8e211bd7fb8caf92bd340b82ae40abb,NVIDIA H200,421a523e82cb,"scripts/clock_elasticity.py: bursts of N back-to-back fused_experts calls under one pinned tile, each call L2-flushed and bracketed by its own pre-primed event pair, the FIRST call of every burst discarded as a drained-queue launch, a host-side idle gap after each burst setting the sustained duty cycle, and the SM clock, board power and memory clock read through NVML with the burst still in flight; NOT timing.TIMING_BASIS",,bandwidth=not supplied by caller; bandwidth_source=not supplied by caller; iters=not supplied by caller; ridge=not supplied by caller; ridge_source=not supplied by caller; sglang=package not installed,1,3.12.3,,,,200.0,2.13.0,3.7.1,2026-09-23T18:03:27+00:00,0.27.1,200.0
0.5,0.4672088007751595,1,8,1,mixtral-8x7b,bf16,32,64,64,4,8,4,5,160,640,13,18,3,2.6813440322875977,2.648128032684326,0.046168863837083865,216,35.28058320946164,39.19872866358076,2.6945760250091553,2.671536087989807,True,1935.0,1950.0,1755.0,1950 1935 1935 1935 1950 1890 1890 1920 1950 1725 1725 1965 1950 1950 1950 1935 1965 1755,18,nvml,False,high,False,dropping,1470.0,503.2075,3201.0,False,3.443474415689707,11.689802873699351,211.72751998901367,True,ok,"LEVEL HIGH (recorded, never an exclusion here): loaded clock 1935 MHz against the 1470 MHz reference. At a duty cycle below 1.0 a HIGH reading is the experiment working, not a cell to drop.; DRIFT failed, dropping: 1950 -> 1755 MHz over 18 bursts; this cell is EXCLUDED","scripts/clock_elasticity.py: bursts of N back-to-back fused_experts calls under one pinned tile, each call L2-flushed and bracketed by its own pre-primed event pair, the FIRST call of every burst discarded as a drained-queue launch, a host-side idle gap after each burst setting the sustained duty cycle, and the SM clock, board power and memory clock read through NVML with the burst still in flight; NOT timing.TIMING_BASIS",,,13.0,580.159.04,True,1,33d28339d8e211bd7fb8caf92bd340b82ae40abb,NVIDIA H200,421a523e82cb,"scripts/clock_elasticity.py: bursts of N back-to-back fused_experts calls under one pinned tile, each call L2-flushed and bracketed by its own pre-primed event pair, the FIRST call of every burst discarded as a drained-queue launch, a host-side idle gap after each burst setting the sustained duty cycle, and the SM clock, board power and memory clock read through NVML with the burst still in flight; NOT timing.TIMING_BASIS",,bandwidth=not supplied by caller; bandwidth_source=not supplied by caller; iters=not supplied by caller; ridge=not supplied by caller; ridge_source=not supplied by caller; sglang=package not installed,1,3.12.3,,,,200.0,2.13.0,3.7.1,2026-09-23T18:03:27+00:00,0.27.1,200.0
0.5,0.4689227705377769,1,8,1,mixtral-8x7b,bf16,32,64,64,4,8,4,6,192,768,11,18,3,3.201311945915222,3.1565439701080322,0.04823983665033067,180,35.54984539084964,39.3654507001241,3.2107359766960144,3.2156800627708435,True,1920.0,1920.0,1950.0,1920 1905 1920 1920 1920 1905 1920 1920 1920 1950 1950 1950 1935 1950 1815 1815 1965 1950,18,nvml,False,high,True,,1470.0,504.061,3201.0,False,2.94848857447505,10.016978948488783,214.12655925750732,True,ok,"LEVEL HIGH (recorded, never an exclusion here): loaded clock 1920 MHz against the 1470 MHz reference. At a duty cycle below 1.0 a HIGH reading is the experiment working, not a cell to drop.","scripts/clock_elasticity.py: bursts of N back-to-back fused_experts calls under one pinned tile, each call L2-flushed and bracketed by its own pre-primed event pair, the FIRST call of every burst discarded as a drained-queue launch, a host-side idle gap after each burst setting the sustained duty cycle, and the SM clock, board power and memory clock read through NVML with the burst still in flight; NOT timing.TIMING_BASIS",,,13.0,580.159.04,True,1,33d28339d8e211bd7fb8caf92bd340b82ae40abb,NVIDIA H200,421a523e82cb,"scripts/clock_elasticity.py: bursts of N back-to-back fused_experts calls under one pinned tile, each call L2-flushed and bracketed by its own pre-primed event pair, the FIRST call of every burst discarded as a drained-queue launch, a host-side idle gap after each burst setting the sustained duty cycle, and the SM clock, board power and memory clock read through NVML with the burst still in flight; NOT timing.TIMING_BASIS",,bandwidth=not supplied by caller; bandwidth_source=not supplied by caller; iters=not supplied by caller; ridge=not supplied by caller; ridge_source=not supplied by caller; sglang=package not installed,1,3.12.3,,,,200.0,2.13.0,3.7.1,2026-09-23T18:03:27+00:00,0.27.1,200.0
0.5,0.43480143156607653,1,8,1,mixtral-8x7b,bf16,32,64,64,4,8,4,7,224,896,8,18,3,3.711440086364746,3.680095911026001,0.043128450948623574,126,29.991637296146816,38.29125061035156,3.714176058769226,3.6831520795822144,True,1942.5,1950.0,1950.0,1950 1935 1875 1875 1950 1845 1845 1965 1950 1875 1875 1965 1935 1935 1965 1965 1965 1950,18,nvml,False,high,True,,1470.0,487.191,3201.0,False,2.821833360940218,7.215006214560267,239.9397759437561,True,ok,"LEVEL HIGH (recorded, never an exclusion here): loaded clock 1942 MHz against the 1470 MHz reference. At a duty cycle below 1.0 a HIGH reading is the experiment working, not a cell to drop.","scripts/clock_elasticity.py: bursts of N back-to-back fused_experts calls under one pinned tile, each call L2-flushed and bracketed by its own pre-primed event pair, the FIRST call of every burst discarded as a drained-queue launch, a host-side idle gap after each burst setting the sustained duty cycle, and the SM clock, board power and memory clock read through NVML with the burst still in flight; NOT timing.TIMING_BASIS",,,13.0,580.159.04,True,1,33d28339d8e211bd7fb8caf92bd340b82ae40abb,NVIDIA H200,421a523e82cb,"scripts/clock_elasticity.py: bursts of N back-to-back fused_experts calls under one pinned tile, each call L2-flushed and bracketed by its own pre-primed event pair, the FIRST call of every burst discarded as a drained-queue launch, a host-side idle gap after each burst setting the sustained duty cycle, and the SM clock, board power and memory clock read through NVML with the burst still in flight; NOT timing.TIMING_BASIS",,bandwidth=not supplied by caller; bandwidth_source=not supplied by caller; iters=not supplied by caller; ridge=not supplied by caller; ridge_source=not supplied by caller; sglang=package not installed,1,3.12.3,,,,200.0,2.13.0,3.7.1,2026-09-23T18:03:27+00:00,0.27.1,200.0
0.5,0.46482239252141316,1,8,1,mixtral-8x7b,bf16,32,64,64,4,8,4,8,256,1024,8,18,3,4.233504056930542,4.197440147399902,0.04263146740475546,126,34.13114836480882,38.60643844604492,4.237823963165283,4.234544038772583,True,1942.5,1965.0,1965.0,1965 1965 1965 1965 1950 1935 1935 1935 1935 1890 1890 1905 1965 1845 1845 1965 1965 1965,18,nvml,False,high,True,,1470.0,484.64300000000003,3201.0,False,2.397964708507061,7.3779433447502205,205.5142421722412,True,ok,"LEVEL HIGH (recorded, never an exclusion here): loaded clock 1942 MHz against the 1470 MHz reference. At a duty cycle below 1.0 a HIGH reading is the experiment working, not a cell to drop.","scripts/clock_elasticity.py: bursts of N back-to-back fused_experts calls under one pinned tile, each call L2-flushed and bracketed by its own pre-primed event pair, the FIRST call of every burst discarded as a drained-queue launch, a host-side idle gap after each burst setting the sustained duty cycle, and the SM clock, board power and memory clock read through NVML with the burst still in flight; NOT timing.TIMING_BASIS",,,13.0,580.159.04,True,1,33d28339d8e211bd7fb8caf92bd340b82ae40abb,NVIDIA H200,421a523e82cb,"scripts/clock_elasticity.py: bursts of N back-to-back fused_experts calls under one pinned tile, each call L2-flushed and bracketed by its own pre-primed event pair, the FIRST call of every burst discarded as a drained-queue launch, a host-side idle gap after each burst setting the sustained duty cycle, and the SM clock, board power and memory clock read through NVML with the burst still in flight; NOT timing.TIMING_BASIS",,bandwidth=not supplied by caller; bandwidth_source=not supplied by caller; iters=not supplied by caller; ridge=not supplied by caller; ridge_source=not supplied by caller; sglang=package not installed,1,3.12.3,,,,200.0,2.13.0,3.7.1,2026-09-23T18:03:27+00:00,0.27.1,200.0
0.25,0.24200324876162807,2,8,2,mixtral-8x7b,bf16,32,64,64,4,8,4,1,32,128,53,18,3,0.7405120134353638,0.7330560088157654,0.012824123023351303,936,39.65282849139638,120.33442252278327,0.7406399846076965,0.7412160038948059,True,1965.0,1980.0,1935.0,1980 1965 1965 1965 1965 1785 1935 1965 1965 1980 1980 1980 1965 1965 1965 1965 1830 1935,18,nvml,False,high,True,,1470.0,316.5585,3201.0,False,16.954067163169384,30.492121717755374,396.3786875605583,True,ok,"LEVEL HIGH (recorded, never an exclusion here): loaded clock 1965 MHz against the 1470 MHz reference. At a duty cycle below 1.0 a HIGH reading is the experiment working, not a cell to drop.","scripts/clock_elasticity.py: bursts of N back-to-back fused_experts calls under one pinned tile, each call L2-flushed and bracketed by its own pre-primed event pair, the FIRST call of every burst discarded as a drained-queue launch, a host-side idle gap after each burst setting the sustained duty cycle, and the SM clock, board power and memory clock read through NVML with the burst still in flight; NOT timing.TIMING_BASIS",,,13.0,580.159.04,True,1,33d28339d8e211bd7fb8caf92bd340b82ae40abb,NVIDIA H200,421a523e82cb,"scripts/clock_elasticity.py: bursts of N back-to-back fused_experts calls under one pinned tile, each call L2-flushed and bracketed by its own pre-primed event pair, the FIRST call of every burst discarded as a drained-queue launch, a host-side idle gap after each burst setting the sustained duty cycle, and the SM clock, board power and memory clock read through NVML with the burst still in flight; NOT timing.TIMING_BASIS",,bandwidth=not supplied by caller; bandwidth_source=not supplied by caller; iters=not supplied by caller; ridge=not supplied by caller; ridge_source=not supplied by caller; sglang=package not installed,1,3.12.3,,,,200.0,2.13.0,3.7.1,2026-09-23T18:03:27+00:00,0.27.1,200.0
0.25,0.2251495387953957,2,8,2,mixtral-8x7b,bf16,32,64,64,4,8,4,2,64,256,32,18,3,1.099679946899414,1.0951039791107178,0.015648468589301974,558,35.754104885790085,120.6108144124349,1.098688006401062,1.1017760038375854,True,1965.0,1950.0,1935.0,1950 1965 1905 1935 1965 1935 1965 1965 1950 1965 1905 1965 1950 1965 1965 1965 1965 1935,18,nvml,False,high,True,,1470.0,312.947,3201.0,False,16.22501714155078,17.139582329600735,215.3206081390381,True,ok,"LEVEL HIGH (recorded, never an exclusion here): loaded clock 1965 MHz against the 1470 MHz reference. At a duty cycle below 1.0 a HIGH reading is the experiment working, not a cell to drop.","scripts/clock_elasticity.py: bursts of N back-to-back fused_experts calls under one pinned tile, each call L2-flushed and bracketed by its own pre-primed event pair, the FIRST call of every burst discarded as a drained-queue launch, a host-side idle gap after each burst setting the sustained duty cycle, and the SM clock, board power and memory clock read through NVML with the burst still in flight; NOT timing.TIMING_BASIS",,,13.0,580.159.04,True,1,33d28339d8e211bd7fb8caf92bd340b82ae40abb,NVIDIA H200,421a523e82cb,"scripts/clock_elasticity.py: bursts of N back-to-back fused_experts calls under one pinned tile, each call L2-flushed and bracketed by its own pre-primed event pair, the FIRST call of every burst discarded as a drained-queue launch, a host-side idle gap after each burst setting the sustained duty cycle, and the SM clock, board power and memory clock read through NVML with the burst still in flight; NOT timing.TIMING_BASIS",,bandwidth=not supplied by caller; bandwidth_source=not supplied by caller; iters=not supplied by caller; ridge=not supplied by caller; ridge_source=not supplied by caller; sglang=package not installed,1,3.12.3,,,,200.0,2.13.0,3.7.1,2026-09-23T18:03:27+00:00,0.27.1,200.0
0.25,0.2249257866882302,2,8,2,mixtral-8x7b,bf16,32,64,64,4,8,4,3,96,384,21,18,3,1.6259199976921082,1.6181440353393555,0.024106411130110156,360,34.84597868389554,118.35280895233154,1.6233279705047607,1.6277120113372803,True,1950.0,1920.0,1965.0,1920 1965 1845 1965 1890 1950 1965 1965 1965 1935 1965 1950 1950 1845 1950 1965 1935 1965,18,nvml,False,high,True,,1470.0,311.422,3201.0,False,16.757594421505928,11.037490936394303,209.63615953922272,True,ok,"LEVEL HIGH (recorded, never an exclusion here): loaded clock 1950 MHz against the 1470 MHz reference. At a duty cycle below 1.0 a HIGH reading is the experiment working, not a cell to drop.","scripts/clock_elasticity.py: bursts of N back-to-back fused_experts calls under one pinned tile, each call L2-flushed and bracketed by its own pre-primed event pair, the FIRST call of every burst discarded as a drained-queue launch, a host-side idle gap after each burst setting the sustained duty cycle, and the SM clock, board power and memory clock read through NVML with the burst still in flight; NOT timing.TIMING_BASIS",,,13.0,580.159.04,True,1,33d28339d8e211bd7fb8caf92bd340b82ae40abb,NVIDIA H200,421a523e82cb,"scripts/clock_elasticity.py: bursts of N back-to-back fused_experts calls under one pinned tile, each call L2-flushed and bracketed by its own pre-primed event pair, the FIRST call of every burst discarded as a drained-queue launch, a host-side idle gap after each burst setting the sustained duty cycle, and the SM clock, board power and memory clock read through NVML with the burst still in flight; NOT timing.TIMING_BASIS",,bandwidth=not supplied by caller; bandwidth_source=not supplied by caller; iters=not supplied by caller; ridge=not supplied by caller; ridge_source=not supplied by caller; sglang=package not installed,1,3.12.3,,,,200.0,2.13.0,3.7.1,2026-09-23T18:03:27+00:00,0.27.1,200.0
0.25,0.2276858973437989,2,8,2,mixtral-8x7b,bf16,32,64,64,4,8,4,4,128,512,17,18,3,2.12009596824646,2.101088047027588,0.008911774300616295,288,36.704159869088066,123.04500285784403,2.1204639673233032,2.11952805519104,True,1965.0,1965.0,1950.0,1965 1950 1965 1965 1965 1965 1965 1965 1965 1935 1950 1965 1950 1965 1920 1965 1965 1950,18,nvml,False,high,True,,1470.0,303.504,3201.0,False,10.638871230185032,11.581326155743204,219.7195839881897,True,ok,"LEVEL HIGH (recorded, never an exclusion here): loaded clock 1965 MHz against the 1470 MHz reference. At a duty cycle below 1.0 a HIGH reading is the experiment working, not a cell to drop.","scripts/clock_elasticity.py: bursts of N back-to-back fused_experts calls under one pinned tile, each call L2-flushed and bracketed by its own pre-primed event pair, the FIRST call of every burst discarded as a drained-queue launch, a host-side idle gap after each burst setting the sustained duty cycle, and the SM clock, board power and memory clock read through NVML with the burst still in flight; NOT timing.TIMING_BASIS",,,13.0,580.159.04,True,1,33d28339d8e211bd7fb8caf92bd340b82ae40abb,NVIDIA H200,421a523e82cb,"scripts/clock_elasticity.py: bursts of N back-to-back fused_experts calls under one pinned tile, each call L2-flushed and bracketed by its own pre-primed event pair, the FIRST call of every burst discarded as a drained-queue launch, a host-side idle gap after each burst setting the sustained duty cycle, and the SM clock, board power and memory clock read through NVML with the burst still in flight; NOT timing.TIMING_BASIS",,bandwidth=not supplied by caller; bandwidth_source=not supplied by caller; iters=not supplied by caller; ridge=not supplied by caller; ridge_source=not supplied by caller; sglang=package not installed,1,3.12.3,,,,200.0,2.13.0,3.7.1,2026-09-23T18:03:27+00:00,0.27.1,200.0
0.25,0.22827414585442102,2,8,2,mixtral-8x7b,bf16,32,64,64,4,8,4,5,160,640,13,18,3,2.650864005088806,2.6438400745391846,0.02589000248046446,216,35.155850648880005,117.59618599074227,2.6492960453033447,2.6532479524612427,True,1950.0,1965.0,1935.0,1965 1905 1965 1920 1950 1755 1965 1965 1935 1965 1950 1950 1965 1965 1905 1950 1950 1935,18,nvml,False,high,True,,1470.0,321.365,3201.0,False,9.168769232928753,8.6211401915387,317.83596873283386,True,ok,"LEVEL HIGH (recorded, never an exclusion here): loaded clock 1950 MHz against the 1470 MHz reference. At a duty cycle below 1.0 a HIGH reading is the experiment working, not a cell to drop.","scripts/clock_elasticity.py: bursts of N back-to-back fused_experts calls under one pinned tile, each call L2-flushed and bracketed by its own pre-primed event pair, the FIRST call of every burst discarded as a drained-queue launch, a host-side idle gap after each burst setting the sustained duty cycle, and the SM clock, board power and memory clock read through NVML with the burst still in flight; NOT timing.TIMING_BASIS",,,13.0,580.159.04,True,1,33d28339d8e211bd7fb8caf92bd340b82ae40abb,NVIDIA H200,421a523e82cb,"scripts/clock_elasticity.py: bursts of N back-to-back fused_experts calls under one pinned tile, each call L2-flushed and bracketed by its own pre-primed event pair, the FIRST call of every burst discarded as a drained-queue launch, a host-side idle gap after each burst setting the sustained duty cycle, and the SM clock, board power and memory clock read through NVML with the burst still in flight; NOT timing.TIMING_BASIS",,bandwidth=not supplied by caller; bandwidth_source=not supplied by caller; iters=not supplied by caller; ridge=not supplied by caller; ridge_source=not supplied by caller; sglang=package not installed,1,3.12.3,,,,200.0,2.13.0,3.7.1,2026-09-23T18:03:27+00:00,0.27.1,200.0
0.25,0.2288628355214722,2,8,2,mixtral-8x7b,bf16,32,64,64,4,8,4,6,192,768,11,18,3,3.1600159406661987,3.1381759643554688,0.023800319396655556,180,35.341340409384834,118.0963521003723,3.160800039768219,3.1616079807281494,True,1965.0,1965.0,1965.0,1965 1920 1965 1950 1965 1890 1965 1935 1950 1890 1965 1965 1965 1980 1935 1965 1890 1965,18,nvml,False,high,True,,1470.0,316.7895,3201.0,False,9.096214547753334,8.071410294403202,390.24867272377014,True,ok,"LEVEL HIGH (recorded, never an exclusion here): loaded clock 1965 MHz against the 1470 MHz reference. At a duty cycle below 1.0 a HIGH reading is the experiment working, not a cell to drop.","scripts/clock_elasticity.py: bursts of N back-to-back fused_experts calls under one pinned tile, each call L2-flushed and bracketed by its own pre-primed event pair, the FIRST call of every burst discarded as a drained-queue launch, a host-side idle gap after each burst setting the sustained duty cycle, and the SM clock, board power and memory clock read through NVML with the burst still in flight; NOT timing.TIMING_BASIS",,,13.0,580.159.04,True,1,33d28339d8e211bd7fb8caf92bd340b82ae40abb,NVIDIA H200,421a523e82cb,"scripts/clock_elasticity.py: bursts of N back-to-back fused_experts calls under one pinned tile, each call L2-flushed and bracketed by its own pre-primed event pair, the FIRST call of every burst discarded as a drained-queue launch, a host-side idle gap after each burst setting the sustained duty cycle, and the SM clock, board power and memory clock read through NVML with the burst still in flight; NOT timing.TIMING_BASIS",,bandwidth=not supplied by caller; bandwidth_source=not supplied by caller; iters=not supplied by caller; ridge=not supplied by caller; ridge_source=not supplied by caller; sglang=package not installed,1,3.12.3,,,,200.0,2.13.0,3.7.1,2026-09-23T18:03:27+00:00,0.27.1,200.0
0.25,0.20634706045851767,2,8,2,mixtral-8x7b,bf16,32,64,64,4,8,4,7,224,896,8,18,3,3.6821759939193726,3.6791679859161377,0.013652400268212817,126,30.06794481807285,114.87375183105468,3.6831040382385254,3.683039903640747,True,1965.0,1965.0,1965.0,1965 1935 1935 1965 1830 1965 1965 1965 1920 1965 1965 1950 1965 1965 1965 1845 1965 1965,18,nvml,False,high,True,,1470.0,301.28499999999997,3201.0,False,7.388330064713955,5.962615679381426,210.92563271522522,True,ok,"LEVEL HIGH (recorded, never an exclusion here): loaded clock 1965 MHz against the 1470 MHz reference. At a duty cycle below 1.0 a HIGH reading is the experiment working, not a cell to drop.","scripts/clock_elasticity.py: bursts of N back-to-back fused_experts calls under one pinned tile, each call L2-flushed and bracketed by its own pre-primed event pair, the FIRST call of every burst discarded as a drained-queue launch, a host-side idle gap after each burst setting the sustained duty cycle, and the SM clock, board power and memory clock read through NVML with the burst still in flight; NOT timing.TIMING_BASIS",,,13.0,580.159.04,True,1,33d28339d8e211bd7fb8caf92bd340b82ae40abb,NVIDIA H200,421a523e82cb,"scripts/clock_elasticity.py: bursts of N back-to-back fused_experts calls under one pinned tile, each call L2-flushed and bracketed by its own pre-primed event pair, the FIRST call of every burst discarded as a drained-queue launch, a host-side idle gap after each burst setting the sustained duty cycle, and the SM clock, board power and memory clock read through NVML with the burst still in flight; NOT timing.TIMING_BASIS",,bandwidth=not supplied by caller; bandwidth_source=not supplied by caller; iters=not supplied by caller; ridge=not supplied by caller; ridge_source=not supplied by caller; sglang=package not installed,1,3.12.3,,,,200.0,2.13.0,3.7.1,2026-09-23T18:03:27+00:00,0.27.1,200.0
0.25,0.2269253295213701,2,8,2,mixtral-8x7b,bf16,32,64,64,4,8,4,8,256,1024,8,18,3,4.1998560428619385,4.197055816650391,0.013438128848647004,126,34.22801767455207,115.81931533813476,4.200239896774292,4.200176000595093,True,1965.0,1965.0,1965.0,1965 1860 1965 1890 1965 1965 1965 1935 1935 1965 1935 1965 1950 1965 1950 1965 1950 1965,18,nvml,False,high,True,,1470.0,312.23900000000003,3201.0,False,7.365397643297911,6.127746442263182,342.5917797088623,True,ok,"LEVEL HIGH (recorded, never an exclusion here): loaded clock 1965 MHz against the 1470 MHz reference. At a duty cycle below 1.0 a HIGH reading is the experiment working, not a cell to drop.","scripts/clock_elasticity.py: bursts of N back-to-back fused_experts calls under one pinned tile, each call L2-flushed and bracketed by its own pre-primed event pair, the FIRST call of every burst discarded as a drained-queue launch, a host-side idle gap after each burst setting the sustained duty cycle, and the SM clock, board power and memory clock read through NVML with the burst still in flight; NOT timing.TIMING_BASIS",,,13.0,580.159.04,True,1,33d28339d8e211bd7fb8caf92bd340b82ae40abb,NVIDIA H200,421a523e82cb,"scripts/clock_elasticity.py: bursts of N back-to-back fused_experts calls under one pinned tile, each call L2-flushed and bracketed by its own pre-primed event pair, the FIRST call of every burst discarded as a drained-queue launch, a host-side idle gap after each burst setting the sustained duty cycle, and the SM clock, board power and memory clock read through NVML with the burst still in flight; NOT timing.TIMING_BASIS",,bandwidth=not supplied by caller; bandwidth_source=not supplied by caller; iters=not supplied by caller; ridge=not supplied by caller; ridge_source=not supplied by caller; sglang=package not installed,1,3.12.3,,,,200.0,2.13.0,3.7.1,2026-09-23T18:03:27+00:00,0.27.1,200.0
0.25,0.24273078088561692,2,9,0,mixtral-8x7b,bf16,32,64,64,4,8,4,1,32,128,53,18,3,0.7410560250282288,0.7320640087127686,0.016398756908051607,936,39.82383108801312,120.33442252278327,0.741104006767273,0.7407520115375519,True,1965.0,1920.0,1980.0,1920 1965 1965 1950 1965 1920 1965 1965 1920 1950 1965 1965 1965 1965 1980 1980 1980 1980,18,nvml,False,high,True,,1470.0,316.8515,3201.0,False,17.38766487687826,28.94377431817916,280.7852157354355,True,ok,"LEVEL HIGH (recorded, never an exclusion here): loaded clock 1965 MHz against the 1470 MHz reference. At a duty cycle below 1.0 a HIGH reading is the experiment working, not a cell to drop.","scripts/clock_elasticity.py: bursts of N back-to-back fused_experts calls under one pinned tile, each call L2-flushed and bracketed by its own pre-primed event pair, the FIRST call of every burst discarded as a drained-queue launch, a host-side idle gap after each burst setting the sustained duty cycle, and the SM clock, board power and memory clock read through NVML with the burst still in flight; NOT timing.TIMING_BASIS",,,13.0,580.159.04,True,1,33d28339d8e211bd7fb8caf92bd340b82ae40abb,NVIDIA H200,421a523e82cb,"scripts/clock_elasticity.py: bursts of N back-to-back fused_experts calls under one pinned tile, each call L2-flushed and bracketed by its own pre-primed event pair, the FIRST call of every burst discarded as a drained-queue launch, a host-side idle gap after each burst setting the sustained duty cycle, and the SM clock, board power and memory clock read through NVML with the burst still in flight; NOT timing.TIMING_BASIS",,bandwidth=not supplied by caller; bandwidth_source=not supplied by caller; iters=not supplied by caller; ridge=not supplied by caller; ridge_source=not supplied by caller; sglang=package not installed,1,3.12.3,,,,200.0,2.13.0,3.7.1,2026-09-23T18:03:27+00:00,0.27.1,200.0
0.25,0.2244858969842777,2,9,0,mixtral-8x7b,bf16,32,64,64,4,8,4,2,64,256,32,18,3,1.0982400178909302,1.0931520462036133,0.017745378928693618,558,35.60879288779365,120.6108144124349,1.096992015838623,1.1003519892692566,True,1950.0,1950.0,1935.0,1950 1965 1905 1950 1965 1935 1965 1875 1950 1965 1920 1965 1965 1965 1935 1950 1965 1935,18,nvml,False,high,True,,1470.0,310.5045,3201.0,False,15.897663775831461,17.624104165227354,214.60700845718384,True,ok,"LEVEL HIGH (recorded, never an exclusion here): loaded clock 1950 MHz against the 1470 MHz reference. At a duty cycle below 1.0 a HIGH reading is the experiment working, not a cell to drop.","scripts/clock_elasticity.py: bursts of N back-to-back fused_experts calls under one pinned tile, each call L2-flushed and bracketed by its own pre-primed event pair, the FIRST call of every burst discarded as a drained-queue launch, a host-side idle gap after each burst setting the sustained duty cycle, and the SM clock, board power and memory clock read through NVML with the burst still in flight; NOT timing.TIMING_BASIS",,,13.0,580.159.04,True,1,33d28339d8e211bd7fb8caf92bd340b82ae40abb,NVIDIA H200,421a523e82cb,"scripts/clock_elasticity.py: bursts of N back-to-back fused_experts calls under one pinned tile, each call L2-flushed and bracketed by its own pre-primed event pair, the FIRST call of every burst discarded as a drained-queue launch, a host-side idle gap after each burst setting the sustained duty cycle, and the SM clock, board power and memory clock read through NVML with the burst still in flight; NOT timing.TIMING_BASIS",,bandwidth=not supplied by caller; bandwidth_source=not supplied by caller; iters=not supplied by caller; ridge=not supplied by caller; ridge_source=not supplied by caller; sglang=package not installed,1,3.12.3,,,,200.0,2.13.0,3.7.1,2026-09-23T18:03:27+00:00,0.27.1,200.0
0.25,0.2238931271221998,2,9,0,mixtral-8x7b,bf16,32,64,64,4,8,4,3,96,384,21,18,3,1.6240639686584473,1.6182080507278442,0.023306253571060063,360,34.624206238322785,118.35280895233154,1.6219679713249207,1.6267200112342834,True,1950.0,1935.0,1965.0,1935 1950 1965 1950 1965 1950 1950 1950 1965 1935 1965 1935 1965 1965 1965 1905 1950 1965,18,nvml,False,high,True,,1470.0,309.894,3201.0,False,14.549161307513714,12.340566795322575,208.287615776062,True,ok,"LEVEL HIGH (recorded, never an exclusion here): loaded clock 1950 MHz against the 1470 MHz reference. At a duty cycle below 1.0 a HIGH reading is the experiment working, not a cell to drop.","scripts/clock_elasticity.py: bursts of N back-to-back fused_experts calls under one pinned tile, each call L2-flushed and bracketed by its own pre-primed event pair, the FIRST call of every burst discarded as a drained-queue launch, a host-side idle gap after each burst setting the sustained duty cycle, and the SM clock, board power and memory clock read through NVML with the burst still in flight; NOT timing.TIMING_BASIS",,,13.0,580.159.04,True,1,33d28339d8e211bd7fb8caf92bd340b82ae40abb,NVIDIA H200,421a523e82cb,"scripts/clock_elasticity.py: bursts of N back-to-back fused_experts calls under one pinned tile, each call L2-flushed and bracketed by its own pre-primed event pair, the FIRST call of every burst discarded as a drained-queue launch, a host-side idle gap after each burst setting the sustained duty cycle, and the SM clock, board power and memory clock read through NVML with the burst still in flight; NOT timing.TIMING_BASIS",,bandwidth=not supplied by caller; bandwidth_source=not supplied by caller; iters=not supplied by caller; ridge=not supplied by caller; ridge_source=not supplied by caller; sglang=package not installed,1,3.12.3,,,,200.0,2.13.0,3.7.1,2026-09-23T18:03:27+00:00,0.27.1,200.0
0.25,0.22707147919458934,2,9,0,mixtral-8x7b,bf16,32,64,64,4,8,4,4,128,512,17,18,3,2.121567964553833,2.102400064468384,0.01031345713081324,288,36.55471281210581,123.04500285784403,2.1215439438819885,2.122096002101898,True,1965.0,1965.0,1965.0,1965 1965 1965 1905 1965 1965 1950 1935 1965 1965 1965 1965 1965 1965 1965 1965 1965 1965,18,nvml,False,high,True,,1470.0,300.0665,3201.0,False,11.154085863381624,11.378384433826364,219.2124800682068,True,ok,"LEVEL HIGH (recorded, never an exclusion here): loaded clock 1965 MHz against the 1470 MHz reference. At a duty cycle below 1.0 a HIGH reading is the experiment working, not a cell to drop.","scripts/clock_elasticity.py: bursts of N back-to-back fused_experts calls under one pinned tile, each call L2-flushed and bracketed by its own pre-primed event pair, the FIRST call of every burst discarded as a drained-queue launch, a host-side idle gap after each burst setting the sustained duty cycle, and the SM clock, board power and memory clock read through NVML with the burst still in flight; NOT timing.TIMING_BASIS",,,13.0,580.159.04,True,1,33d28339d8e211bd7fb8caf92bd340b82ae40abb,NVIDIA H200,421a523e82cb,"scripts/clock_elasticity.py: bursts of N back-to-back fused_experts calls under one pinned tile, each call L2-flushed and bracketed by its own pre-primed event pair, the FIRST call of every burst discarded as a drained-queue launch, a host-side idle gap after each burst setting the sustained duty cycle, and the SM clock, board power and memory clock read through NVML with the burst still in flight; NOT timing.TIMING_BASIS",,bandwidth=not supplied by caller; bandwidth_source=not supplied by caller; iters=not supplied by caller; ridge=not supplied by caller; ridge_source=not supplied by caller; sglang=package not installed,1,3.12.3,,,,200.0,2.13.0,3.7.1,2026-09-23T18:03:27+00:00,0.27.1,200.0
0.25,0.22852653003918508,2,9,0,mixtral-8x7b,bf16,32,64,64,4,8,4,5,160,640,13,18,3,2.661439895629883,2.658112049102783,0.025420693324704785,216,35.16425953971015,117.59618599074227,2.660240054130554,2.663520097732544,True,1965.0,1950.0,1935.0,1950 1965 1965 1965 1935 1965 1950 1965 1965 1965 1890 1950 1965 1935 1965 1965 1965 1935,18,nvml,False,high,True,,1470.0,310.98249999999996,3201.0,False,9.482525289058685,8.945650948525834,353.5554542541504,True,ok,"LEVEL HIGH (recorded, never an exclusion here): loaded clock 1965 MHz against the 1470 MHz reference. At a duty cycle below 1.0 a HIGH reading is the experiment working, not a cell to drop.","scripts/clock_elasticity.py: bursts of N back-to-back fused_experts calls under one pinned tile, each call L2-flushed and bracketed by its own pre-primed event pair, the FIRST call of every burst discarded as a drained-queue launch, a host-side idle gap after each burst setting the sustained duty cycle, and the SM clock, board power and memory clock read through NVML with the burst still in flight; NOT timing.TIMING_BASIS",,,13.0,580.159.04,True,1,33d28339d8e211bd7fb8caf92bd340b82ae40abb,NVIDIA H200,421a523e82cb,"scripts/clock_elasticity.py: bursts of N back-to-back fused_experts calls under one pinned tile, each call L2-flushed and bracketed by its own pre-primed event pair, the FIRST call of every burst discarded as a drained-queue launch, a host-side idle gap after each burst setting the sustained duty cycle, and the SM clock, board power and memory clock read through NVML with the burst still in flight; NOT timing.TIMING_BASIS",,bandwidth=not supplied by caller; bandwidth_source=not supplied by caller; iters=not supplied by caller; ridge=not supplied by caller; ridge_source=not supplied by caller; sglang=package not installed,1,3.12.3,,,,200.0,2.13.0,3.7.1,2026-09-23T18:03:27+00:00,0.27.1,200.0
0.25,0.23021147093440517,2,9,0,mixtral-8x7b,bf16,32,64,64,4,8,4,6,192,768,11,18,3,3.1812639236450195,3.1781439781188965,0.03296649666631538,180,35.61349334981706,118.0963521003723,3.180832028388977,3.1817919611930847,True,1965.0,1965.0,1965.0,1965 1950 1965 1935 1965 1920 1965 1965 1950 1965 1965 1965 1965 1965 1965 1965 1935 1965,18,nvml,False,high,True,,1470.0,307.701,3201.0,False,9.028579108417034,8.064097650159379,249.17161583900452,True,ok,"LEVEL HIGH (recorded, never an exclusion here): loaded clock 1965 MHz against the 1470 MHz reference. At a duty cycle below 1.0 a HIGH reading is the experiment working, not a cell to drop.","scripts/clock_elasticity.py: bursts of N back-to-back fused_experts calls under one pinned tile, each call L2-flushed and bracketed by its own pre-primed event pair, the FIRST call of every burst discarded as a drained-queue launch, a host-side idle gap after each burst setting the sustained duty cycle, and the SM clock, board power and memory clock read through NVML with the burst still in flight; NOT timing.TIMING_BASIS",,,13.0,580.159.04,True,1,33d28339d8e211bd7fb8caf92bd340b82ae40abb,NVIDIA H200,421a523e82cb,"scripts/clock_elasticity.py: bursts of N back-to-back fused_experts calls under one pinned tile, each call L2-flushed and bracketed by its own pre-primed event pair, the FIRST call of every burst discarded as a drained-queue launch, a host-side idle gap after each burst setting the sustained duty cycle, and the SM clock, board power and memory clock read through NVML with the burst still in flight; NOT timing.TIMING_BASIS",,bandwidth=not supplied by caller; bandwidth_source=not supplied by caller; iters=not supplied by caller; ridge=not supplied by caller; ridge_source=not supplied by caller; sglang=package not installed,1,3.12.3,,,,200.0,2.13.0,3.7.1,2026-09-23T18:03:27+00:00,0.27.1,200.0
0.25,0.20766325320010837,2,9,0,mixtral-8x7b,bf16,32,64,64,4,8,4,7,224,896,8,18,3,3.712064027786255,3.650048017501831,0.013743484634949097,126,30.316590269406635,114.87375183105468,3.7130720615386963,3.711743950843811,True,1965.0,1980.0,1965.0,1980 1950 1965 1935 1965 1965 1965 1950 1950 1965 1905 1950 1965 1965 1950 1965 1965 1965,18,nvml,False,high,True,,1470.0,297.902,3201.0,False,7.411649450659752,5.76412598373569,211.9618878364563,True,ok,"LEVEL HIGH (recorded, never an exclusion here): loaded clock 1965 MHz against the 1470 MHz reference. At a duty cycle below 1.0 a HIGH reading is the experiment working, not a cell to drop.","scripts/clock_elasticity.py: bursts of N back-to-back fused_experts calls under one pinned tile, each call L2-flushed and bracketed by its own pre-primed event pair, the FIRST call of every burst discarded as a drained-queue launch, a host-side idle gap after each burst setting the sustained duty cycle, and the SM clock, board power and memory clock read through NVML with the burst still in flight; NOT timing.TIMING_BASIS",,,13.0,580.159.04,True,1,33d28339d8e211bd7fb8caf92bd340b82ae40abb,NVIDIA H200,421a523e82cb,"scripts/clock_elasticity.py: bursts of N back-to-back fused_experts calls under one pinned tile, each call L2-flushed and bracketed by its own pre-primed event pair, the FIRST call of every burst discarded as a drained-queue launch, a host-side idle gap after each burst setting the sustained duty cycle, and the SM clock, board power and memory clock read through NVML with the burst still in flight; NOT timing.TIMING_BASIS",,bandwidth=not supplied by caller; bandwidth_source=not supplied by caller; iters=not supplied by caller; ridge=not supplied by caller; ridge_source=not supplied by caller; sglang=package not installed,1,3.12.3,,,,200.0,2.13.0,3.7.1,2026-09-23T18:03:27+00:00,0.27.1,200.0
0.25,0.2281216813369888,2,9,0,mixtral-8x7b,bf16,32,64,64,4,8,4,8,256,1024,8,18,3,4.232976198196411,4.197504043579102,0.018627625580457916,126,34.46301688088311,115.81931533813476,4.233824014663696,4.233551979064941,True,1965.0,1935.0,1965.0,1935 1965 1950 1965 1950 1965 1950 1965 1950 1965 1965 1965 1965 1965 1965 1950 1965 1965,18,nvml,False,high,True,,1470.0,308.7595,3201.0,False,6.842624396085739,6.25757395842263,206.35888004302979,True,ok,"LEVEL HIGH (recorded, never an exclusion here): loaded clock 1965 MHz against the 1470 MHz reference. At a duty cycle below 1.0 a HIGH reading is the experiment working, not a cell to drop.","scripts/clock_elasticity.py: bursts of N back-to-back fused_experts calls under one pinned tile, each call L2-flushed and bracketed by its own pre-primed event pair, the FIRST call of every burst discarded as a drained-queue launch, a host-side idle gap after each burst setting the sustained duty cycle, and the SM clock, board power and memory clock read through NVML with the burst still in flight; NOT timing.TIMING_BASIS",,,13.0,580.159.04,True,1,33d28339d8e211bd7fb8caf92bd340b82ae40abb,NVIDIA H200,421a523e82cb,"scripts/clock_elasticity.py: bursts of N back-to-back fused_experts calls under one pinned tile, each call L2-flushed and bracketed by its own pre-primed event pair, the FIRST call of every burst discarded as a drained-queue launch, a host-side idle gap after each burst setting the sustained duty cycle, and the SM clock, board power and memory clock read through NVML with the burst still in flight; NOT timing.TIMING_BASIS",,bandwidth=not supplied by caller; bandwidth_source=not supplied by caller; iters=not supplied by caller; ridge=not supplied by caller; ridge_source=not supplied by caller; sglang=package not installed,1,3.12.3,,,,200.0,2.13.0,3.7.1,2026-09-23T18:03:27+00:00,0.27.1,200.0
0.5,0.4736122762119053,1,9,1,mixtral-8x7b,bf16,32,64,64,4,8,4,1,32,128,53,18,3,0.7420799732208252,0.733568012714386,0.003939889975419877,936,39.51567467384868,40.11147417426109,0.7417760193347931,0.7422719895839691,True,1950.0,1965.0,1950.0,1965 1950 1965 1740 1875 1875 1965 1965 1935 1965 1905 1965 1965 1950 1920 1935 1875 1950,18,nvml,False,high,True,,1470.0,490.413,3201.0,False,11.772500351071358,37.617671065161204,315.8375680446625,True,ok,"LEVEL HIGH (recorded, never an exclusion here): loaded clock 1950 MHz against the 1470 MHz reference. At a duty cycle below 1.0 a HIGH reading is the experiment working, not a cell to drop.","scripts/clock_elasticity.py: bursts of N back-to-back fused_experts calls under one pinned tile, each call L2-flushed and bracketed by its own pre-primed event pair, the FIRST call of every burst discarded as a drained-queue launch, a host-side idle gap after each burst setting the sustained duty cycle, and the SM clock, board power and memory clock read through NVML with the burst still in flight; NOT timing.TIMING_BASIS",,,13.0,580.159.04,True,1,33d28339d8e211bd7fb8caf92bd340b82ae40abb,NVIDIA H200,421a523e82cb,"scripts/clock_elasticity.py: bursts of N back-to-back fused_experts calls under one pinned tile, each call L2-flushed and bracketed by its own pre-primed event pair, the FIRST call of every burst discarded as a drained-queue launch, a host-side idle gap after each burst setting the sustained duty cycle, and the SM clock, board power and memory clock read through NVML with the burst still in flight; NOT timing.TIMING_BASIS",,bandwidth=not supplied by caller; bandwidth_source=not supplied by caller; iters=not supplied by caller; ridge=not supplied by caller; ridge_source=not supplied by caller; sglang=package not installed,1,3.12.3,,,,200.0,2.13.0,3.7.1,2026-09-23T18:03:27+00:00,0.27.1,200.0
0.5,0.4584351136118236,1,9,1,mixtral-8x7b,bf16,32,64,64,4,8,4,2,64,256,32,18,3,1.1211360096931458,1.0966399908065796,0.020172076612823126,558,36.01107380125258,40.203604804144966,1.1231200098991394,1.1204320192337036,True,1905.0,1935.0,1875.0,1935 1950 1800 1890 1890 1920 1950 1725 1725 1845 1875 1920 1920 1920 1950 1950 1785 1875,18,nvml,False,high,True,,1470.0,501.53099999999995,3201.0,False,7.108042947947979,25.534680973583328,360.17683148384094,True,ok,"LEVEL HIGH (recorded, never an exclusion here): loaded clock 1905 MHz against the 1470 MHz reference. At a duty cycle below 1.0 a HIGH reading is the experiment working, not a cell to drop.","scripts/clock_elasticity.py: bursts of N back-to-back fused_experts calls under one pinned tile, each call L2-flushed and bracketed by its own pre-primed event pair, the FIRST call of every burst discarded as a drained-queue launch, a host-side idle gap after each burst setting the sustained duty cycle, and the SM clock, board power and memory clock read through NVML with the burst still in flight; NOT timing.TIMING_BASIS",,,13.0,580.159.04,True,1,33d28339d8e211bd7fb8caf92bd340b82ae40abb,NVIDIA H200,421a523e82cb,"scripts/clock_elasticity.py: bursts of N back-to-back fused_experts calls under one pinned tile, each call L2-flushed and bracketed by its own pre-primed event pair, the FIRST call of every burst discarded as a drained-queue launch, a host-side idle gap after each burst setting the sustained duty cycle, and the SM clock, board power and memory clock read through NVML with the burst still in flight; NOT timing.TIMING_BASIS",,bandwidth=not supplied by caller; bandwidth_source=not supplied by caller; iters=not supplied by caller; ridge=not supplied by caller; ridge_source=not supplied by caller; sglang=package not installed,1,3.12.3,,,,200.0,2.13.0,3.7.1,2026-09-23T18:03:27+00:00,0.27.1,200.0
0.5,0.4606617284756685,1,9,1,mixtral-8x7b,bf16,32,64,64,4,8,4,3,96,384,21,18,3,1.6554719805717468,1.6239039897918701,0.028341274815163797,360,35.05070224073198,39.45093631744385,1.6581760048866272,1.6574879884719849,True,1867.5,1710.0,1920.0,1710 1710 1845 1965 1770 1770 1845 1920 1830 1830 1830 1920 1905 1905 1905 1890 1935 1920,18,nvml,False,high,False,settling upward,1470.0,501.88,3201.0,False,5.186006426811218,17.781373128228424,244.58991980552673,True,ok,"LEVEL HIGH (recorded, never an exclusion here): loaded clock 1868 MHz against the 1470 MHz reference. At a duty cycle below 1.0 a HIGH reading is the experiment working, not a cell to drop.; DRIFT failed, settling upward: 1710 -> 1920 MHz over 18 bursts; this cell is EXCLUDED","scripts/clock_elasticity.py: bursts of N back-to-back fused_experts calls under one pinned tile, each call L2-flushed and bracketed by its own pre-primed event pair, the FIRST call of every burst discarded as a drained-queue launch, a host-side idle gap after each burst setting the sustained duty cycle, and the SM clock, board power and memory clock read through NVML with the burst still in flight; NOT timing.TIMING_BASIS",,,13.0,580.159.04,True,1,33d28339d8e211bd7fb8caf92bd340b82ae40abb,NVIDIA H200,421a523e82cb,"scripts/clock_elasticity.py: bursts of N back-to-back fused_experts calls under one pinned tile, each call L2-flushed and bracketed by its own pre-primed event pair, the FIRST call of every burst discarded as a drained-queue launch, a host-side idle gap after each burst setting the sustained duty cycle, and the SM clock, board power and memory clock read through NVML with the burst still in flight; NOT timing.TIMING_BASIS",,bandwidth=not supplied by caller; bandwidth_source=not supplied by caller; iters=not supplied by caller; ridge=not supplied by caller; ridge_source=not supplied by caller; sglang=package not installed,1,3.12.3,,,,200.0,2.13.0,3.7.1,2026-09-23T18:03:27+00:00,0.27.1,200.0
0.5,0.46389882989998166,1,9,1,mixtral-8x7b,bf16,32,64,64,4,8,4,4,128,512,17,18,3,2.1359360218048096,2.1164159774780273,0.023362977279596686,288,36.62588976489173,41.01500095261468,2.1384719610214233,2.1291759610176086,True,1942.5,1950.0,1950.0,1950 1965 1860 1860 1860 1935 1950 1830 1830 1920 1935 1950 1965 1965 1965 1965 1920 1950,18,nvml,False,high,True,,1470.0,484.009,3201.0,False,4.233628045767546,14.205855350986916,218.88972878456116,True,ok,"LEVEL HIGH (recorded, never an exclusion here): loaded clock 1942 MHz against the 1470 MHz reference. At a duty cycle below 1.0 a HIGH reading is the experiment working, not a cell to drop.","scripts/clock_elasticity.py: bursts of N back-to-back fused_experts calls under one pinned tile, each call L2-flushed and bracketed by its own pre-primed event pair, the FIRST call of every burst discarded as a drained-queue launch, a host-side idle gap after each burst setting the sustained duty cycle, and the SM clock, board power and memory clock read through NVML with the burst still in flight; NOT timing.TIMING_BASIS",,,13.0,580.159.04,True,1,33d28339d8e211bd7fb8caf92bd340b82ae40abb,NVIDIA H200,421a523e82cb,"scripts/clock_elasticity.py: bursts of N back-to-back fused_experts calls under one pinned tile, each call L2-flushed and bracketed by its own pre-primed event pair, the FIRST call of every burst discarded as a drained-queue launch, a host-side idle gap after each burst setting the sustained duty cycle, and the SM clock, board power and memory clock read through NVML with the burst still in flight; NOT timing.TIMING_BASIS",,bandwidth=not supplied by caller; bandwidth_source=not supplied by caller; iters=not supplied by caller; ridge=not supplied by caller; ridge_source=not supplied by caller; sglang=package not installed,1,3.12.3,,,,200.0,2.13.0,3.7.1,2026-09-23T18:03:27+00:00,0.27.1,200.0
0.5,0.46717516041606316,1,9,1,mixtral-8x7b,bf16,32,64,64,4,8,4,5,160,640,13,18,3,2.702672004699707,2.6498560905456543,0.039926934192749314,216,35.27269682619307,39.19872866358076,2.704527974128723,2.703007936477661,True,1875.0,1875.0,1920.0,1875 1965 1800 1800 1875 1950 1800 1800 1875 1920 1860 1860 1875 1920 1845 1890 1890 1920,18,nvml,False,high,True,,1470.0,500.065,3201.0,False,3.445301204919815,11.655381614869025,317.2609918117523,True,ok,"LEVEL HIGH (recorded, never an exclusion here): loaded clock 1875 MHz against the 1470 MHz reference. At a duty cycle below 1.0 a HIGH reading is the experiment working, not a cell to drop.","scripts/clock_elasticity.py: bursts of N back-to-back fused_experts calls under one pinned tile, each call L2-flushed and bracketed by its own pre-primed event pair, the FIRST call of every burst discarded as a drained-queue launch, a host-side idle gap after each burst setting the sustained duty cycle, and the SM clock, board power and memory clock read through NVML with the burst still in flight; NOT timing.TIMING_BASIS",,,13.0,580.159.04,True,1,33d28339d8e211bd7fb8caf92bd340b82ae40abb,NVIDIA H200,421a523e82cb,"scripts/clock_elasticity.py: bursts of N back-to-back fused_experts calls under one pinned tile, each call L2-flushed and bracketed by its own pre-primed event pair, the FIRST call of every burst discarded as a drained-queue launch, a host-side idle gap after each burst setting the sustained duty cycle, and the SM clock, board power and memory clock read through NVML with the burst still in flight; NOT timing.TIMING_BASIS",,bandwidth=not supplied by caller; bandwidth_source=not supplied by caller; iters=not supplied by caller; ridge=not supplied by caller; ridge_source=not supplied by caller; sglang=package not installed,1,3.12.3,,,,200.0,2.13.0,3.7.1,2026-09-23T18:03:27+00:00,0.27.1,200.0
0.5,0.4685231063565736,1,9,1,mixtral-8x7b,bf16,32,64,64,4,8,4,6,192,768,11,18,3,3.186944007873535,3.155456066131592,0.04744881229448826,180,35.500693241755165,39.3654507001241,3.2208399772644043,3.183888018131256,True,1875.0,1920.0,1770.0,1920 1950 1950 1755 1755 1965 1950 1815 1815 1905 1965 1740 1740 1860 1950 1875 1875 1770,18,nvml,False,high,False,dropping,1470.0,504.134,3201.0,False,2.8742351569235325,9.858537366314906,212.71414422988892,True,ok,"LEVEL HIGH (recorded, never an exclusion here): loaded clock 1875 MHz against the 1470 MHz reference. At a duty cycle below 1.0 a HIGH reading is the experiment working, not a cell to drop.; DRIFT failed, dropping: 1920 -> 1770 MHz over 18 bursts; this cell is EXCLUDED","scripts/clock_elasticity.py: bursts of N back-to-back fused_experts calls under one pinned tile, each call L2-flushed and bracketed by its own pre-primed event pair, the FIRST call of every burst discarded as a drained-queue launch, a host-side idle gap after each burst setting the sustained duty cycle, and the SM clock, board power and memory clock read through NVML with the burst still in flight; NOT timing.TIMING_BASIS",,,13.0,580.159.04,True,1,33d28339d8e211bd7fb8caf92bd340b82ae40abb,NVIDIA H200,421a523e82cb,"scripts/clock_elasticity.py: bursts of N back-to-back fused_experts calls under one pinned tile, each call L2-flushed and bracketed by its own pre-primed event pair, the FIRST call of every burst discarded as a drained-queue launch, a host-side idle gap after each burst setting the sustained duty cycle, and the SM clock, board power and memory clock read through NVML with the burst still in flight; NOT timing.TIMING_BASIS",,bandwidth=not supplied by caller; bandwidth_source=not supplied by caller; iters=not supplied by caller; ridge=not supplied by caller; ridge_source=not supplied by caller; sglang=package not installed,1,3.12.3,,,,200.0,2.13.0,3.7.1,2026-09-23T18:03:27+00:00,0.27.1,200.0
0.5,0.4337062294783438,1,9,1,mixtral-8x7b,bf16,32,64,64,4,8,4,7,224,896,8,18,3,3.6838079690933228,3.679744005203247,0.031058556850497448,126,29.85154840681288,38.29125061035156,3.697775959968567,3.682031989097595,True,1965.0,1965.0,1950.0,1965 1950 1830 1830 1965 1905 1905 1965 1965 1965 1905 1965 1965 1950 1965 1965 1965 1950,18,nvml,False,high,True,,1470.0,481.84,3201.0,False,2.770946826785803,7.175378279483642,268.89513540267944,True,ok,"LEVEL HIGH (recorded, never an exclusion here): loaded clock 1965 MHz against the 1470 MHz reference. At a duty cycle below 1.0 a HIGH reading is the experiment working, not a cell to drop.","scripts/clock_elasticity.py: bursts of N back-to-back fused_experts calls under one pinned tile, each call L2-flushed and bracketed by its own pre-primed event pair, the FIRST call of every burst discarded as a drained-queue launch, a host-side idle gap after each burst setting the sustained duty cycle, and the SM clock, board power and memory clock read through NVML with the burst still in flight; NOT timing.TIMING_BASIS",,,13.0,580.159.04,True,1,33d28339d8e211bd7fb8caf92bd340b82ae40abb,NVIDIA H200,421a523e82cb,"scripts/clock_elasticity.py: bursts of N back-to-back fused_experts calls under one pinned tile, each call L2-flushed and bracketed by its own pre-primed event pair, the FIRST call of every burst discarded as a drained-queue launch, a host-side idle gap after each burst setting the sustained duty cycle, and the SM clock, board power and memory clock read through NVML with the burst still in flight; NOT timing.TIMING_BASIS",,bandwidth=not supplied by caller; bandwidth_source=not supplied by caller; iters=not supplied by caller; ridge=not supplied by caller; ridge_source=not supplied by caller; sglang=package not installed,1,3.12.3,,,,200.0,2.13.0,3.7.1,2026-09-23T18:03:27+00:00,0.27.1,200.0
0.5,0.464406024739191,1,9,1,mixtral-8x7b,bf16,32,64,64,4,8,4,8,256,1024,8,18,3,4.233312129974365,4.197792053222656,0.04344484680379702,126,34.06671457820468,38.60643844604492,4.236976146697998,4.23310399055481,True,1950.0,1965.0,1965.0,1965 1965 1965 1965 1950 1950 1950 1935 1905 1890 1890 1905 1965 1830 1830 1965 1965 1965,18,nvml,False,high,True,,1470.0,478.392,3201.0,False,2.2613941691815853,7.394723486415592,205.5998396873474,True,ok,"LEVEL HIGH (recorded, never an exclusion here): loaded clock 1950 MHz against the 1470 MHz reference. At a duty cycle below 1.0 a HIGH reading is the experiment working, not a cell to drop.","scripts/clock_elasticity.py: bursts of N back-to-back fused_experts calls under one pinned tile, each call L2-flushed and bracketed by its own pre-primed event pair, the FIRST call of every burst discarded as a drained-queue launch, a host-side idle gap after each burst setting the sustained duty cycle, and the SM clock, board power and memory clock read through NVML with the burst still in flight; NOT timing.TIMING_BASIS",,,13.0,580.159.04,True,1,33d28339d8e211bd7fb8caf92bd340b82ae40abb,NVIDIA H200,421a523e82cb,"scripts/clock_elasticity.py: bursts of N back-to-back fused_experts calls under one pinned tile, each call L2-flushed and bracketed by its own pre-primed event pair, the FIRST call of every burst discarded as a drained-queue launch, a host-side idle gap after each burst setting the sustained duty cycle, and the SM clock, board power and memory clock read through NVML with the burst still in flight; NOT timing.TIMING_BASIS",,bandwidth=not supplied by caller; bandwidth_source=not supplied by caller; iters=not supplied by caller; ridge=not supplied by caller; ridge_source=not supplied by caller; sglang=package not installed,1,3.12.3,,,,200.0,2.13.0,3.7.1,2026-09-23T18:03:27+00:00,0.27.1,200.0
1.0,0.915504753867385,0,9,2,mixtral-8x7b,bf16,32,64,64,4,8,4,1,32,128,53,18,3,0.7720799744129181,0.7553600072860718,0.005892982227930515,936,41.05563728345765,0.0,0.7726239860057831,0.7712799906730652,True,1485.0,1485.0,1470.0,1485 1485 1500 1500 1500 1500 1470 1470 1470 1485 1485 1485 1485 1485 1485 1470 1470 1470,18,nvml,True,,True,,1470.0,693.7585,3201.0,False,11.56608248129487,39.16530717122502,204.6111679673195,True,ok,,"scripts/clock_elasticity.py: bursts of N back-to-back fused_experts calls under one pinned tile, each call L2-flushed and bracketed by its own pre-primed event pair, the FIRST call of every burst discarded as a drained-queue launch, a host-side idle gap after each burst setting the sustained duty cycle, and the SM clock, board power and memory clock read through NVML with the burst still in flight; NOT timing.TIMING_BASIS",,,13.0,580.159.04,True,1,33d28339d8e211bd7fb8caf92bd340b82ae40abb,NVIDIA H200,421a523e82cb,"scripts/clock_elasticity.py: bursts of N back-to-back fused_experts calls under one pinned tile, each call L2-flushed and bracketed by its own pre-primed event pair, the FIRST call of every burst discarded as a drained-queue launch, a host-side idle gap after each burst setting the sustained duty cycle, and the SM clock, board power and memory clock read through NVML with the burst still in flight; NOT timing.TIMING_BASIS",,bandwidth=not supplied by caller; bandwidth_source=not supplied by caller; iters=not supplied by caller; ridge=not supplied by caller; ridge_source=not supplied by caller; sglang=package not installed,1,3.12.3,,,,200.0,2.13.0,3.7.1,2026-09-23T18:03:27+00:00,0.27.1,200.0
1.0,0.94859674317361,0,9,2,mixtral-8x7b,bf16,32,64,64,4,8,4,2,64,256,32,18,3,1.324064016342163,1.285823941230774,0.010054350150775064,558,42.36025424136056,0.0,1.325663983821869,1.3246399760246277,True,1635.0,1665.0,1635.0,1665 1665 1665 1650 1650 1650 1650 1620 1620 1635 1635 1635 1635 1635 1635 1635 1635 1635,18,nvml,False,high,True,,1470.0,692.9095,3201.0,False,7.015813607722521,26.867961420149438,252.49283230304718,True,ok,"LEVEL HIGH (recorded, never an exclusion here): loaded clock 1635 MHz against the 1470 MHz reference. At a duty cycle below 1.0 a HIGH reading is the experiment working, not a cell to drop.","scripts/clock_elasticity.py: bursts of N back-to-back fused_experts calls under one pinned tile, each call L2-flushed and bracketed by its own pre-primed event pair, the FIRST call of every burst discarded as a drained-queue launch, a host-side idle gap after each burst setting the sustained duty cycle, and the SM clock, board power and memory clock read through NVML with the burst still in flight; NOT timing.TIMING_BASIS",,,13.0,580.159.04,True,1,33d28339d8e211bd7fb8caf92bd340b82ae40abb,NVIDIA H200,421a523e82cb,"scripts/clock_elasticity.py: bursts of N back-to-back fused_experts calls under one pinned tile, each call L2-flushed and bracketed by its own pre-primed event pair, the FIRST call of every burst discarded as a drained-queue launch, a host-side idle gap after each burst setting the sustained duty cycle, and the SM clock, board power and memory clock read through NVML with the burst still in flight; NOT timing.TIMING_BASIS",,bandwidth=not supplied by caller; bandwidth_source=not supplied by caller; iters=not supplied by caller; ridge=not supplied by caller; ridge_source=not supplied by caller; sglang=package not installed,1,3.12.3,,,,200.0,2.13.0,3.7.1,2026-09-23T18:03:27+00:00,0.27.1,200.0
1.0,0.9645773585989827,0,9,2,mixtral-8x7b,bf16,32,64,64,4,8,4,3,96,384,21,18,3,1.9788159728050232,1.9399679899215698,0.01941290239849421,360,41.528625739945305,0.0,1.9800480008125305,1.9651040434837341,True,1620.0,1620.0,1605.0,1620 1620 1620 1620 1620 1635 1635 1635 1635 1620 1620 1620 1650 1650 1620 1620 1605 1605,18,nvml,False,high,True,,1470.0,694.457,3201.0,False,4.654378164559603,18.667421314786342,205.1639038324356,True,ok,"LEVEL HIGH (recorded, never an exclusion here): loaded clock 1620 MHz against the 1470 MHz reference. At a duty cycle below 1.0 a HIGH reading is the experiment working, not a cell to drop.","scripts/clock_elasticity.py: bursts of N back-to-back fused_experts calls under one pinned tile, each call L2-flushed and bracketed by its own pre-primed event pair, the FIRST call of every burst discarded as a drained-queue launch, a host-side idle gap after each burst setting the sustained duty cycle, and the SM clock, board power and memory clock read through NVML with the burst still in flight; NOT timing.TIMING_BASIS",,,13.0,580.159.04,True,1,33d28339d8e211bd7fb8caf92bd340b82ae40abb,NVIDIA H200,421a523e82cb,"scripts/clock_elasticity.py: bursts of N back-to-back fused_experts calls under one pinned tile, each call L2-flushed and bracketed by its own pre-primed event pair, the FIRST call of every burst discarded as a drained-queue launch, a host-side idle gap after each burst setting the sustained duty cycle, and the SM clock, board power and memory clock read through NVML with the burst still in flight; NOT timing.TIMING_BASIS",,bandwidth=not supplied by caller; bandwidth_source=not supplied by caller; iters=not supplied by caller; ridge=not supplied by caller; ridge_source=not supplied by caller; sglang=package not installed,1,3.12.3,,,,200.0,2.13.0,3.7.1,2026-09-23T18:03:27+00:00,0.27.1,200.0
1.0,0.9710561625536029,0,9,2,mixtral-8x7b,bf16,32,64,64,4,8,4,4,128,512,17,18,3,2.437440037727356,2.390048027038574,0.02396552672778612,288,41.484823160701325,0.0,2.4380319714546204,2.437623977661133,True,1725.0,1725.0,1725.0,1725 1725 1725 1740 1740 1710 1710 1725 1725 1725 1740 1740 1725 1725 1740 1740 1740 1725,18,nvml,False,high,True,,1470.0,692.4214999999999,3201.0,False,3.842469770461321,15.436999462046765,205.72927951812744,True,ok,"LEVEL HIGH (recorded, never an exclusion here): loaded clock 1725 MHz against the 1470 MHz reference. At a duty cycle below 1.0 a HIGH reading is the experiment working, not a cell to drop.","scripts/clock_elasticity.py: bursts of N back-to-back fused_experts calls under one pinned tile, each call L2-flushed and bracketed by its own pre-primed event pair, the FIRST call of every burst discarded as a drained-queue launch, a host-side idle gap after each burst setting the sustained duty cycle, and the SM clock, board power and memory clock read through NVML with the burst still in flight; NOT timing.TIMING_BASIS",,,13.0,580.159.04,True,1,33d28339d8e211bd7fb8caf92bd340b82ae40abb,NVIDIA H200,421a523e82cb,"scripts/clock_elasticity.py: bursts of N back-to-back fused_experts calls under one pinned tile, each call L2-flushed and bracketed by its own pre-primed event pair, the FIRST call of every burst discarded as a drained-queue launch, a host-side idle gap after each burst setting the sustained duty cycle, and the SM clock, board power and memory clock read through NVML with the burst still in flight; NOT timing.TIMING_BASIS",,bandwidth=not supplied by caller; bandwidth_source=not supplied by caller; iters=not supplied by caller; ridge=not supplied by caller; ridge_source=not supplied by caller; sglang=package not installed,1,3.12.3,,,,200.0,2.13.0,3.7.1,2026-09-23T18:03:27+00:00,0.27.1,200.0
1.0,0.9775259884582078,0,9,2,mixtral-8x7b,bf16,32,64,64,4,8,4,5,160,640,13,18,3,3.190559983253479,3.121567964553833,0.03492903348786678,216,41.751530726750694,0.0,3.190335988998413,3.1919519901275635,True,1650.0,1620.0,1620.0,1620 1650 1650 1650 1650 1650 1650 1650 1650 1650 1650 1650 1635 1635 1635 1620 1620 1620,18,nvml,False,high,True,,1470.0,696.052,3201.0,False,2.9475679621100426,12.078220736236165,204.92294454574585,True,ok,"LEVEL HIGH (recorded, never an exclusion here): loaded clock 1650 MHz against the 1470 MHz reference. At a duty cycle below 1.0 a HIGH reading is the experiment working, not a cell to drop.","scripts/clock_elasticity.py: bursts of N back-to-back fused_experts calls under one pinned tile, each call L2-flushed and bracketed by its own pre-primed event pair, the FIRST call of every burst discarded as a drained-queue launch, a host-side idle gap after each burst setting the sustained duty cycle, and the SM clock, board power and memory clock read through NVML with the burst still in flight; NOT timing.TIMING_BASIS",,,13.0,580.159.04,True,1,33d28339d8e211bd7fb8caf92bd340b82ae40abb,NVIDIA H200,421a523e82cb,"scripts/clock_elasticity.py: bursts of N back-to-back fused_experts calls under one pinned tile, each call L2-flushed and bracketed by its own pre-primed event pair, the FIRST call of every burst discarded as a drained-queue launch, a host-side idle gap after each burst setting the sustained duty cycle, and the SM clock, board power and memory clock read through NVML with the burst still in flight; NOT timing.TIMING_BASIS",,bandwidth=not supplied by caller; bandwidth_source=not supplied by caller; iters=not supplied by caller; ridge=not supplied by caller; ridge_source=not supplied by caller; sglang=package not installed,1,3.12.3,,,,200.0,2.13.0,3.7.1,2026-09-23T18:03:27+00:00,0.27.1,200.0
1.0,0.9805174416156492,0,9,2,mixtral-8x7b,bf16,32,64,64,4,8,4,6,192,768,11,18,3,3.743199944496155,3.699359893798828,0.03682691995214138,180,41.457173373964096,0.0,3.7495999932289124,3.7477999329566956,True,1680.0,1695.0,1665.0,1695 1695 1695 1695 1695 1680 1680 1680 1680 1680 1665 1665 1650 1650 1650 1650 1650 1665,18,nvml,False,high,True,,1470.0,695.352,3201.0,False,2.5267181918025017,10.323844097846273,244.3455035686493,True,ok,"LEVEL HIGH (recorded, never an exclusion here): loaded clock 1680 MHz against the 1470 MHz reference. At a duty cycle below 1.0 a HIGH reading is the experiment working, not a cell to drop.","scripts/clock_elasticity.py: bursts of N back-to-back fused_experts calls under one pinned tile, each call L2-flushed and bracketed by its own pre-primed event pair, the FIRST call of every burst discarded as a drained-queue launch, a host-side idle gap after each burst setting the sustained duty cycle, and the SM clock, board power and memory clock read through NVML with the burst still in flight; NOT timing.TIMING_BASIS",,,13.0,580.159.04,True,1,33d28339d8e211bd7fb8caf92bd340b82ae40abb,NVIDIA H200,421a523e82cb,"scripts/clock_elasticity.py: bursts of N back-to-back fused_experts calls under one pinned tile, each call L2-flushed and bracketed by its own pre-primed event pair, the FIRST call of every burst discarded as a drained-queue launch, a host-side idle gap after each burst setting the sustained duty cycle, and the SM clock, board power and memory clock read through NVML with the burst still in flight; NOT timing.TIMING_BASIS",,bandwidth=not supplied by caller; bandwidth_source=not supplied by caller; iters=not supplied by caller; ridge=not supplied by caller; ridge_source=not supplied by caller; sglang=package not installed,1,3.12.3,,,,200.0,2.13.0,3.7.1,2026-09-23T18:03:27+00:00,0.27.1,200.0
1.0,0.983191838639191,0,9,2,mixtral-8x7b,bf16,32,64,64,4,8,4,7,224,896,8,18,3,4.40665602684021,4.360608100891113,0.04140858422434569,126,35.37393061319987,0.0,4.426768064498901,4.408720016479492,True,1665.0,1665.0,1650.0,1665 1680 1680 1680 1680 1680 1650 1650 1650 1680 1680 1680 1665 1665 1665 1665 1665 1650,18,nvml,False,high,True,,1470.0,694.6975,3201.0,False,1.8537095747888088,7.578152205011625,207.1542398929596,True,ok,"LEVEL HIGH (recorded, never an exclusion here): loaded clock 1665 MHz against the 1470 MHz reference. At a duty cycle below 1.0 a HIGH reading is the experiment working, not a cell to drop.","scripts/clock_elasticity.py: bursts of N back-to-back fused_experts calls under one pinned tile, each call L2-flushed and bracketed by its own pre-primed event pair, the FIRST call of every burst discarded as a drained-queue launch, a host-side idle gap after each burst setting the sustained duty cycle, and the SM clock, board power and memory clock read through NVML with the burst still in flight; NOT timing.TIMING_BASIS",,,13.0,580.159.04,True,1,33d28339d8e211bd7fb8caf92bd340b82ae40abb,NVIDIA H200,421a523e82cb,"scripts/clock_elasticity.py: bursts of N back-to-back fused_experts calls under one pinned tile, each call L2-flushed and bracketed by its own pre-primed event pair, the FIRST call of every burst discarded as a drained-queue launch, a host-side idle gap after each burst setting the sustained duty cycle, and the SM clock, board power and memory clock read through NVML with the burst still in flight; NOT timing.TIMING_BASIS",,bandwidth=not supplied by caller; bandwidth_source=not supplied by caller; iters=not supplied by caller; ridge=not supplied by caller; ridge_source=not supplied by caller; sglang=package not installed,1,3.12.3,,,,200.0,2.13.0,3.7.1,2026-09-23T18:03:27+00:00,0.27.1,200.0
1.0,0.9847436113439839,0,9,2,mixtral-8x7b,bf16,32,64,64,4,8,4,8,256,1024,8,18,3,4.8814239501953125,4.657760143280029,0.07894071578612762,126,39.030520889494156,0.0,4.881280183792114,4.858112096786499,True,1725.0,1695.0,1740.0,1695 1725 1725 1695 1695 1695 1755 1755 1755 1710 1710 1770 1770 1770 1695 1695 1740 1740,18,nvml,False,high,True,,1470.0,695.85,3201.0,False,1.8315757624804974,7.612356115297796,232.54707050323486,True,ok,"LEVEL HIGH (recorded, never an exclusion here): loaded clock 1725 MHz against the 1470 MHz reference. At a duty cycle below 1.0 a HIGH reading is the experiment working, not a cell to drop.","scripts/clock_elasticity.py: bursts of N back-to-back fused_experts calls under one pinned tile, each call L2-flushed and bracketed by its own pre-primed event pair, the FIRST call of every burst discarded as a drained-queue launch, a host-side idle gap after each burst setting the sustained duty cycle, and the SM clock, board power and memory clock read through NVML with the burst still in flight; NOT timing.TIMING_BASIS",,,13.0,580.159.04,True,1,33d28339d8e211bd7fb8caf92bd340b82ae40abb,NVIDIA H200,421a523e82cb,"scripts/clock_elasticity.py: bursts of N back-to-back fused_experts calls under one pinned tile, each call L2-flushed and bracketed by its own pre-primed event pair, the FIRST call of every burst discarded as a drained-queue launch, a host-side idle gap after each burst setting the sustained duty cycle, and the SM clock, board power and memory clock read through NVML with the burst still in flight; NOT timing.TIMING_BASIS",,bandwidth=not supplied by caller; bandwidth_source=not supplied by caller; iters=not supplied by caller; ridge=not supplied by caller; ridge_source=not supplied by caller; sglang=package not installed,1,3.12.3,,,,200.0,2.13.0,3.7.1,2026-09-23T18:03:27+00:00,0.27.1,200.0
1.0,0.9158477409686768,0,10,0,mixtral-8x7b,bf16,32,64,64,4,8,4,1,32,128,53,18,3,0.7751039862632751,0.7587839961051941,0.005805495422891205,936,41.192407098081375,0.0,0.7742400169372559,0.7770560085773468,True,1485.0,1500.0,1485.0,1500 1560 1560 1500 1500 1485 1485 1470 1470 1470 1455 1455 1470 1470 1485 1485 1485 1485,18,nvml,True,,True,,1470.0,697.947,3201.0,False,11.592632159590721,39.19533858143696,246.29571217298508,True,ok,,"scripts/clock_elasticity.py: bursts of N back-to-back fused_experts calls under one pinned tile, each call L2-flushed and bracketed by its own pre-primed event pair, the FIRST call of every burst discarded as a drained-queue launch, a host-side idle gap after each burst setting the sustained duty cycle, and the SM clock, board power and memory clock read through NVML with the burst still in flight; NOT timing.TIMING_BASIS",,,13.0,580.159.04,True,1,33d28339d8e211bd7fb8caf92bd340b82ae40abb,NVIDIA H200,421a523e82cb,"scripts/clock_elasticity.py: bursts of N back-to-back fused_experts calls under one pinned tile, each call L2-flushed and bracketed by its own pre-primed event pair, the FIRST call of every burst discarded as a drained-queue launch, a host-side idle gap after each burst setting the sustained duty cycle, and the SM clock, board power and memory clock read through NVML with the burst still in flight; NOT timing.TIMING_BASIS",,bandwidth=not supplied by caller; bandwidth_source=not supplied by caller; iters=not supplied by caller; ridge=not supplied by caller; ridge_source=not supplied by caller; sglang=package not installed,1,3.12.3,,,,200.0,2.13.0,3.7.1,2026-09-23T18:03:27+00:00,0.27.1,200.0
1.0,0.9493026471183352,0,10,0,mixtral-8x7b,bf16,32,64,64,4,8,4,2,64,256,32,18,3,1.3393919467926025,1.3114880323410034,0.01693511394149053,558,42.89843197001351,0.0,1.3396639823913574,1.333728015422821,True,1620.0,1635.0,1575.0,1635 1635 1650 1650 1605 1605 1605 1605 1605 1620 1620 1620 1620 1650 1650 1650 1575 1575,18,nvml,False,high,True,,1470.0,693.6085,3201.0,False,7.018435746431351,26.909529577838523,211.1703360080719,True,ok,"LEVEL HIGH (recorded, never an exclusion here): loaded clock 1620 MHz against the 1470 MHz reference. At a duty cycle below 1.0 a HIGH reading is the experiment working, not a cell to drop.","scripts/clock_elasticity.py: bursts of N back-to-back fused_experts calls under one pinned tile, each call L2-flushed and bracketed by its own pre-primed event pair, the FIRST call of every burst discarded as a drained-queue launch, a host-side idle gap after each burst setting the sustained duty cycle, and the SM clock, board power and memory clock read through NVML with the burst still in flight; NOT timing.TIMING_BASIS",,,13.0,580.159.04,True,1,33d28339d8e211bd7fb8caf92bd340b82ae40abb,NVIDIA H200,421a523e82cb,"scripts/clock_elasticity.py: bursts of N back-to-back fused_experts calls under one pinned tile, each call L2-flushed and bracketed by its own pre-primed event pair, the FIRST call of every burst discarded as a drained-queue launch, a host-side idle gap after each burst setting the sustained duty cycle, and the SM clock, board power and memory clock read through NVML with the burst still in flight; NOT timing.TIMING_BASIS",,bandwidth=not supplied by caller; bandwidth_source=not supplied by caller; iters=not supplied by caller; ridge=not supplied by caller; ridge_source=not supplied by caller; sglang=package not installed,1,3.12.3,,,,200.0,2.13.0,3.7.1,2026-09-23T18:03:27+00:00,0.27.1,200.0
1.0,0.9652092258376186,0,10,0,mixtral-8x7b,bf16,32,64,64,4,8,4,3,96,384,21,18,3,2.002351999282837,1.9619840383529663,0.023176389807545602,360,42.28064705928167,0.0,2.002656102180481,2.002143979072571,True,1590.0,1575.0,1605.0,1575 1635 1635 1620 1620 1590 1590 1590 1590 1590 1575 1575 1590 1590 1560 1560 1560 1605,18,nvml,False,high,True,,1470.0,695.131,3201.0,False,4.617936443537474,18.73116549613835,247.96438467502594,True,ok,"LEVEL HIGH (recorded, never an exclusion here): loaded clock 1590 MHz against the 1470 MHz reference. At a duty cycle below 1.0 a HIGH reading is the experiment working, not a cell to drop.","scripts/clock_elasticity.py: bursts of N back-to-back fused_experts calls under one pinned tile, each call L2-flushed and bracketed by its own pre-primed event pair, the FIRST call of every burst discarded as a drained-queue launch, a host-side idle gap after each burst setting the sustained duty cycle, and the SM clock, board power and memory clock read through NVML with the burst still in flight; NOT timing.TIMING_BASIS",,,13.0,580.159.04,True,1,33d28339d8e211bd7fb8caf92bd340b82ae40abb,NVIDIA H200,421a523e82cb,"scripts/clock_elasticity.py: bursts of N back-to-back fused_experts calls under one pinned tile, each call L2-flushed and bracketed by its own pre-primed event pair, the FIRST call of every burst discarded as a drained-queue launch, a host-side idle gap after each burst setting the sustained duty cycle, and the SM clock, board power and memory clock read through NVML with the burst still in flight; NOT timing.TIMING_BASIS",,bandwidth=not supplied by caller; bandwidth_source=not supplied by caller; iters=not supplied by caller; ridge=not supplied by caller; ridge_source=not supplied by caller; sglang=package not installed,1,3.12.3,,,,200.0,2.13.0,3.7.1,2026-09-23T18:03:27+00:00,0.27.1,200.0
1.0,0.9712003377239918,0,10,0,mixtral-8x7b,bf16,32,64,64,4,8,4,4,128,512,17,18,3,2.4602240324020386,2.3906240463256836,0.022741012402986285,288,41.76245335737864,0.0,2.460040032863617,2.460151970386505,True,1710.0,1740.0,1710.0,1740 1740 1740 1710 1710 1740 1740 1710 1710 1710 1710 1710 1710 1710 1710 1710 1710 1710,18,nvml,False,high,True,,1470.0,693.8215,3201.0,False,3.8397503085434437,15.4329317006295,207.9401593208313,True,ok,"LEVEL HIGH (recorded, never an exclusion here): loaded clock 1710 MHz against the 1470 MHz reference. At a duty cycle below 1.0 a HIGH reading is the experiment working, not a cell to drop.","scripts/clock_elasticity.py: bursts of N back-to-back fused_experts calls under one pinned tile, each call L2-flushed and bracketed by its own pre-primed event pair, the FIRST call of every burst discarded as a drained-queue launch, a host-side idle gap after each burst setting the sustained duty cycle, and the SM clock, board power and memory clock read through NVML with the burst still in flight; NOT timing.TIMING_BASIS",,,13.0,580.159.04,True,1,33d28339d8e211bd7fb8caf92bd340b82ae40abb,NVIDIA H200,421a523e82cb,"scripts/clock_elasticity.py: bursts of N back-to-back fused_experts calls under one pinned tile, each call L2-flushed and bracketed by its own pre-primed event pair, the FIRST call of every burst discarded as a drained-queue launch, a host-side idle gap after each burst setting the sustained duty cycle, and the SM clock, board power and memory clock read through NVML with the burst still in flight; NOT timing.TIMING_BASIS",,bandwidth=not supplied by caller; bandwidth_source=not supplied by caller; iters=not supplied by caller; ridge=not supplied by caller; ridge_source=not supplied by caller; sglang=package not installed,1,3.12.3,,,,200.0,2.13.0,3.7.1,2026-09-23T18:03:27+00:00,0.27.1,200.0
1.0,0.9775987972174541,0,10,0,mixtral-8x7b,bf16,32,64,64,4,8,4,5,160,640,13,18,3,3.219104051589966,3.1525120735168457,0.022606620817643534,216,41.90652092297872,0.0,3.221295952796936,3.2168959379196167,True,1635.0,1635.0,1650.0,1635 1620 1620 1650 1650 1635 1635 1635 1620 1620 1635 1635 1620 1620 1620 1635 1635 1650,18,nvml,False,high,True,,1470.0,694.1245,3201.0,False,2.9457402415573597,12.088656940854806,205.6861116886139,True,ok,"LEVEL HIGH (recorded, never an exclusion here): loaded clock 1635 MHz against the 1470 MHz reference. At a duty cycle below 1.0 a HIGH reading is the experiment working, not a cell to drop.","scripts/clock_elasticity.py: bursts of N back-to-back fused_experts calls under one pinned tile, each call L2-flushed and bracketed by its own pre-primed event pair, the FIRST call of every burst discarded as a drained-queue launch, a host-side idle gap after each burst setting the sustained duty cycle, and the SM clock, board power and memory clock read through NVML with the burst still in flight; NOT timing.TIMING_BASIS",,,13.0,580.159.04,True,1,33d28339d8e211bd7fb8caf92bd340b82ae40abb,NVIDIA H200,421a523e82cb,"scripts/clock_elasticity.py: bursts of N back-to-back fused_experts calls under one pinned tile, each call L2-flushed and bracketed by its own pre-primed event pair, the FIRST call of every burst discarded as a drained-queue launch, a host-side idle gap after each burst setting the sustained duty cycle, and the SM clock, board power and memory clock read through NVML with the burst still in flight; NOT timing.TIMING_BASIS",,bandwidth=not supplied by caller; bandwidth_source=not supplied by caller; iters=not supplied by caller; ridge=not supplied by caller; ridge_source=not supplied by caller; sglang=package not installed,1,3.12.3,,,,200.0,2.13.0,3.7.1,2026-09-23T18:03:27+00:00,0.27.1,200.0
1.0,0.9806394600848825,0,10,0,mixtral-8x7b,bf16,32,64,64,4,8,4,6,192,768,11,18,3,3.77400004863739,3.705535888671875,0.024309044428129506,180,41.49562672773997,0.0,3.775175988674164,3.77400004863739,True,1665.0,1665.0,1665.0,1665 1665 1665 1695 1695 1665 1665 1665 1665 1665 1665 1665 1680 1680 1665 1665 1665 1665,18,nvml,False,high,True,,1470.0,696.225,3201.0,False,2.502591349184513,10.331551480376634,246.404705286026,True,ok,"LEVEL HIGH (recorded, never an exclusion here): loaded clock 1665 MHz against the 1470 MHz reference. At a duty cycle below 1.0 a HIGH reading is the experiment working, not a cell to drop.","scripts/clock_elasticity.py: bursts of N back-to-back fused_experts calls under one pinned tile, each call L2-flushed and bracketed by its own pre-primed event pair, the FIRST call of every burst discarded as a drained-queue launch, a host-side idle gap after each burst setting the sustained duty cycle, and the SM clock, board power and memory clock read through NVML with the burst still in flight; NOT timing.TIMING_BASIS",,,13.0,580.159.04,True,1,33d28339d8e211bd7fb8caf92bd340b82ae40abb,NVIDIA H200,421a523e82cb,"scripts/clock_elasticity.py: bursts of N back-to-back fused_experts calls under one pinned tile, each call L2-flushed and bracketed by its own pre-primed event pair, the FIRST call of every burst discarded as a drained-queue launch, a host-side idle gap after each burst setting the sustained duty cycle, and the SM clock, board power and memory clock read through NVML with the burst still in flight; NOT timing.TIMING_BASIS",,bandwidth=not supplied by caller; bandwidth_source=not supplied by caller; iters=not supplied by caller; ridge=not supplied by caller; ridge_source=not supplied by caller; sglang=package not installed,1,3.12.3,,,,200.0,2.13.0,3.7.1,2026-09-23T18:03:27+00:00,0.27.1,200.0
1.0,0.9832598512622348,0,10,0,mixtral-8x7b,bf16,32,64,64,4,8,4,7,224,896,8,18,3,4.449840068817139,4.360383987426758,0.04275825257782449,126,35.55550575256348,0.0,4.449664115905762,4.449855804443359,True,1650.0,1650.0,1650.0,1650 1650 1650 1680 1680 1680 1665 1665 1665 1650 1650 1650 1650 1650 1650 1650 1650 1650,18,nvml,False,high,True,,1470.0,694.103,3201.0,False,1.8434752710163593,7.5806207167987365,209.13184022903442,True,ok,"LEVEL HIGH (recorded, never an exclusion here): loaded clock 1650 MHz against the 1470 MHz reference. At a duty cycle below 1.0 a HIGH reading is the experiment working, not a cell to drop.","scripts/clock_elasticity.py: bursts of N back-to-back fused_experts calls under one pinned tile, each call L2-flushed and bracketed by its own pre-primed event pair, the FIRST call of every burst discarded as a drained-queue launch, a host-side idle gap after each burst setting the sustained duty cycle, and the SM clock, board power and memory clock read through NVML with the burst still in flight; NOT timing.TIMING_BASIS",,,13.0,580.159.04,True,1,33d28339d8e211bd7fb8caf92bd340b82ae40abb,NVIDIA H200,421a523e82cb,"scripts/clock_elasticity.py: bursts of N back-to-back fused_experts calls under one pinned tile, each call L2-flushed and bracketed by its own pre-primed event pair, the FIRST call of every burst discarded as a drained-queue launch, a host-side idle gap after each burst setting the sustained duty cycle, and the SM clock, board power and memory clock read through NVML with the burst still in flight; NOT timing.TIMING_BASIS",,bandwidth=not supplied by caller; bandwidth_source=not supplied by caller; iters=not supplied by caller; ridge=not supplied by caller; ridge_source=not supplied by caller; sglang=package not installed,1,3.12.3,,,,200.0,2.13.0,3.7.1,2026-09-23T18:03:27+00:00,0.27.1,200.0
1.0,0.9847395051268217,0,10,0,mixtral-8x7b,bf16,32,64,64,4,8,4,8,256,1024,8,18,3,4.882032155990601,4.661600112915039,0.062167898836185904,126,39.0680480533176,0.0,4.8821117877960205,4.882191896438599,True,1710.0,1710.0,1710.0,1710 1725 1725 1710 1710 1710 1710 1710 1740 1740 1740 1710 1710 1710 1710 1710 1710 1710,18,nvml,False,high,True,,1470.0,692.872,3201.0,False,1.8268311396241188,7.615635711615016,234.62838411331177,True,ok,"LEVEL HIGH (recorded, never an exclusion here): loaded clock 1710 MHz against the 1470 MHz reference. At a duty cycle below 1.0 a HIGH reading is the experiment working, not a cell to drop.","scripts/clock_elasticity.py: bursts of N back-to-back fused_experts calls under one pinned tile, each call L2-flushed and bracketed by its own pre-primed event pair, the FIRST call of every burst discarded as a drained-queue launch, a host-side idle gap after each burst setting the sustained duty cycle, and the SM clock, board power and memory clock read through NVML with the burst still in flight; NOT timing.TIMING_BASIS",,,13.0,580.159.04,True,1,33d28339d8e211bd7fb8caf92bd340b82ae40abb,NVIDIA H200,421a523e82cb,"scripts/clock_elasticity.py: bursts of N back-to-back fused_experts calls under one pinned tile, each call L2-flushed and bracketed by its own pre-primed event pair, the FIRST call of every burst discarded as a drained-queue launch, a host-side idle gap after each burst setting the sustained duty cycle, and the SM clock, board power and memory clock read through NVML with the burst still in flight; NOT timing.TIMING_BASIS",,bandwidth=not supplied by caller; bandwidth_source=not supplied by caller; iters=not supplied by caller; ridge=not supplied by caller; ridge_source=not supplied by caller; sglang=package not installed,1,3.12.3,,,,200.0,2.13.0,3.7.1,2026-09-23T18:03:27+00:00,0.27.1,200.0
0.5,0.47315467633962993,1,10,1,mixtral-8x7b,bf16,32,64,64,4,8,4,1,32,128,53,18,3,0.7419840097427368,0.7317439913749695,0.004270639564292759,936,39.439057717720665,40.11147417426109,0.7424319982528687,0.7418879866600037,True,1942.5,1965.0,1845.0,1965 1815 1815 1905 1950 1950 1680 1965 1965 1905 1935 1950 1680 1965 1965 1935 1950 1845,18,nvml,False,high,False,dropping,1470.0,508.5755,3201.0,False,11.589058674871922,38.66956984877299,236.65280014276505,True,ok,"LEVEL HIGH (recorded, never an exclusion here): loaded clock 1942 MHz against the 1470 MHz reference. At a duty cycle below 1.0 a HIGH reading is the experiment working, not a cell to drop.; DRIFT failed, dropping: 1965 -> 1845 MHz over 18 bursts; this cell is EXCLUDED","scripts/clock_elasticity.py: bursts of N back-to-back fused_experts calls under one pinned tile, each call L2-flushed and bracketed by its own pre-primed event pair, the FIRST call of every burst discarded as a drained-queue launch, a host-side idle gap after each burst setting the sustained duty cycle, and the SM clock, board power and memory clock read through NVML with the burst still in flight; NOT timing.TIMING_BASIS",,,13.0,580.159.04,True,1,33d28339d8e211bd7fb8caf92bd340b82ae40abb,NVIDIA H200,421a523e82cb,"scripts/clock_elasticity.py: bursts of N back-to-back fused_experts calls under one pinned tile, each call L2-flushed and bracketed by its own pre-primed event pair, the FIRST call of every burst discarded as a drained-queue launch, a host-side idle gap after each burst setting the sustained duty cycle, and the SM clock, board power and memory clock read through NVML with the burst still in flight; NOT timing.TIMING_BASIS",,bandwidth=not supplied by caller; bandwidth_source=not supplied by caller; iters=not supplied by caller; ridge=not supplied by caller; ridge_source=not supplied by caller; sglang=package not installed,1,3.12.3,,,,200.0,2.13.0,3.7.1,2026-09-23T18:03:27+00:00,0.27.1,200.0
0.5,0.45680857293067295,1,10,1,mixtral-8x7b,bf16,32,64,64,4,8,4,2,64,256,32,18,3,1.1092960238456726,1.0948799848556519,0.01765738788077323,558,35.77632710006502,40.203604804144966,1.1157599687576294,1.1099839806556702,True,1905.0,1950.0,1905.0,1950 1875 1905 1905 1950 1950 1845 1890 1890 1920 1950 1800 1800 1935 1965 1875 1905 1905,18,nvml,False,high,True,,1470.0,507.888,3201.0,False,7.531843148171902,25.597978667218236,287.3824952840805,True,ok,"LEVEL HIGH (recorded, never an exclusion here): loaded clock 1905 MHz against the 1470 MHz reference. At a duty cycle below 1.0 a HIGH reading is the experiment working, not a cell to drop.","scripts/clock_elasticity.py: bursts of N back-to-back fused_experts calls under one pinned tile, each call L2-flushed and bracketed by its own pre-primed event pair, the FIRST call of every burst discarded as a drained-queue launch, a host-side idle gap after each burst setting the sustained duty cycle, and the SM clock, board power and memory clock read through NVML with the burst still in flight; NOT timing.TIMING_BASIS",,,13.0,580.159.04,True,1,33d28339d8e211bd7fb8caf92bd340b82ae40abb,NVIDIA H200,421a523e82cb,"scripts/clock_elasticity.py: bursts of N back-to-back fused_experts calls under one pinned tile, each call L2-flushed and bracketed by its own pre-primed event pair, the FIRST call of every burst discarded as a drained-queue launch, a host-side idle gap after each burst setting the sustained duty cycle, and the SM clock, board power and memory clock read through NVML with the burst still in flight; NOT timing.TIMING_BASIS",,bandwidth=not supplied by caller; bandwidth_source=not supplied by caller; iters=not supplied by caller; ridge=not supplied by caller; ridge_source=not supplied by caller; sglang=package not installed,1,3.12.3,,,,200.0,2.13.0,3.7.1,2026-09-23T18:03:27+00:00,0.27.1,200.0
0.5,0.4590795223920023,1,10,1,mixtral-8x7b,bf16,32,64,64,4,8,4,3,96,384,21,18,3,1.6414880156517029,1.6185920238494873,0.030335522917203876,360,34.82494580745697,39.45093631744385,1.6478559970855713,1.6491039991378784,True,1920.0,1935.0,1950.0,1935 1815 1890 1890 1920 1905 1890 1890 1920 1935 1935 1935 1935 1950 1890 1890 1935 1950,18,nvml,False,high,True,,1470.0,507.9115,3201.0,False,5.173599347472191,17.74720941707903,313.5637125968933,True,ok,"LEVEL HIGH (recorded, never an exclusion here): loaded clock 1920 MHz against the 1470 MHz reference. At a duty cycle below 1.0 a HIGH reading is the experiment working, not a cell to drop.","scripts/clock_elasticity.py: bursts of N back-to-back fused_experts calls under one pinned tile, each call L2-flushed and bracketed by its own pre-primed event pair, the FIRST call of every burst discarded as a drained-queue launch, a host-side idle gap after each burst setting the sustained duty cycle, and the SM clock, board power and memory clock read through NVML with the burst still in flight; NOT timing.TIMING_BASIS",,,13.0,580.159.04,True,1,33d28339d8e211bd7fb8caf92bd340b82ae40abb,NVIDIA H200,421a523e82cb,"scripts/clock_elasticity.py: bursts of N back-to-back fused_experts calls under one pinned tile, each call L2-flushed and bracketed by its own pre-primed event pair, the FIRST call of every burst discarded as a drained-queue launch, a host-side idle gap after each burst setting the sustained duty cycle, and the SM clock, board power and memory clock read through NVML with the burst still in flight; NOT timing.TIMING_BASIS",,bandwidth=not supplied by caller; bandwidth_source=not supplied by caller; iters=not supplied by caller; ridge=not supplied by caller; ridge_source=not supplied by caller; sglang=package not installed,1,3.12.3,,,,200.0,2.13.0,3.7.1,2026-09-23T18:03:27+00:00,0.27.1,200.0
0.5,0.4631720900601792,1,10,1,mixtral-8x7b,bf16,32,64,64,4,8,4,4,128,512,17,18,3,2.136960029602051,2.116960048675537,0.018381003653571176,288,36.53017236126794,41.01500095261468,2.1427199840545654,2.137119948863983,True,1942.5,1935.0,1845.0,1935 1950 1965 1965 1965 1965 1965 1905 1935 1935 1950 1965 1845 1905 1905 1935 1950 1845,18,nvml,False,high,True,,1470.0,485.871,3201.0,False,4.348476883023977,14.669349367904498,256.75942397117615,True,ok,"LEVEL HIGH (recorded, never an exclusion here): loaded clock 1942 MHz against the 1470 MHz reference. At a duty cycle below 1.0 a HIGH reading is the experiment working, not a cell to drop.","scripts/clock_elasticity.py: bursts of N back-to-back fused_experts calls under one pinned tile, each call L2-flushed and bracketed by its own pre-primed event pair, the FIRST call of every burst discarded as a drained-queue launch, a host-side idle gap after each burst setting the sustained duty cycle, and the SM clock, board power and memory clock read through NVML with the burst still in flight; NOT timing.TIMING_BASIS",,,13.0,580.159.04,True,1,33d28339d8e211bd7fb8caf92bd340b82ae40abb,NVIDIA H200,421a523e82cb,"scripts/clock_elasticity.py: bursts of N back-to-back fused_experts calls under one pinned tile, each call L2-flushed and bracketed by its own pre-primed event pair, the FIRST call of every burst discarded as a drained-queue launch, a host-side idle gap after each burst setting the sustained duty cycle, and the SM clock, board power and memory clock read through NVML with the burst still in flight; NOT timing.TIMING_BASIS",,bandwidth=not supplied by caller; bandwidth_source=not supplied by caller; iters=not supplied by caller; ridge=not supplied by caller; ridge_source=not supplied by caller; sglang=package not installed,1,3.12.3,,,,200.0,2.13.0,3.7.1,2026-09-23T18:03:27+00:00,0.27.1,200.0
0.5,0.46613346792698707,1,10,1,mixtral-8x7b,bf16,32,64,64,4,8,4,5,160,640,13,18,3,2.6811360120773315,2.6458559036254883,0.039563584792331366,216,35.12215999762217,39.19872866358076,2.6824480295181274,2.681167960166931,True,1905.0,1920.0,1920.0,1920 1845 1905 1905 1935 1905 1890 1890 1935 1890 1905 1905 1920 1920 1905 1905 1935 1920,18,nvml,False,high,True,,1470.0,501.39750000000004,3201.0,False,3.4330706112086773,11.70194801541797,210.84944009780884,True,ok,"LEVEL HIGH (recorded, never an exclusion here): loaded clock 1905 MHz against the 1470 MHz reference. At a duty cycle below 1.0 a HIGH reading is the experiment working, not a cell to drop.","scripts/clock_elasticity.py: bursts of N back-to-back fused_experts calls under one pinned tile, each call L2-flushed and bracketed by its own pre-primed event pair, the FIRST call of every burst discarded as a drained-queue launch, a host-side idle gap after each burst setting the sustained duty cycle, and the SM clock, board power and memory clock read through NVML with the burst still in flight; NOT timing.TIMING_BASIS",,,13.0,580.159.04,True,1,33d28339d8e211bd7fb8caf92bd340b82ae40abb,NVIDIA H200,421a523e82cb,"scripts/clock_elasticity.py: bursts of N back-to-back fused_experts calls under one pinned tile, each call L2-flushed and bracketed by its own pre-primed event pair, the FIRST call of every burst discarded as a drained-queue launch, a host-side idle gap after each burst setting the sustained duty cycle, and the SM clock, board power and memory clock read through NVML with the burst still in flight; NOT timing.TIMING_BASIS",,bandwidth=not supplied by caller; bandwidth_source=not supplied by caller; iters=not supplied by caller; ridge=not supplied by caller; ridge_source=not supplied by caller; sglang=package not installed,1,3.12.3,,,,200.0,2.13.0,3.7.1,2026-09-23T18:03:27+00:00,0.27.1,200.0
0.5,0.4679272883710397,1,10,1,mixtral-8x7b,bf16,32,64,64,4,8,4,6,192,768,11,18,3,3.1861120462417603,3.155071973800659,0.050931860125746534,180,35.39966755443149,39.3654507001241,3.212879955768585,3.1866480112075806,True,1882.5,1950.0,1920.0,1950 1965 1755 1755 1965 1965 1755 1755 1875 1965 1770 1770 1890 1965 1800 1800 1890 1920,18,nvml,False,high,True,,1470.0,499.7875,3201.0,False,2.879056613892317,10.037783719651577,211.61884760856628,True,ok,"LEVEL HIGH (recorded, never an exclusion here): loaded clock 1882 MHz against the 1470 MHz reference. At a duty cycle below 1.0 a HIGH reading is the experiment working, not a cell to drop.","scripts/clock_elasticity.py: bursts of N back-to-back fused_experts calls under one pinned tile, each call L2-flushed and bracketed by its own pre-primed event pair, the FIRST call of every burst discarded as a drained-queue launch, a host-side idle gap after each burst setting the sustained duty cycle, and the SM clock, board power and memory clock read through NVML with the burst still in flight; NOT timing.TIMING_BASIS",,,13.0,580.159.04,True,1,33d28339d8e211bd7fb8caf92bd340b82ae40abb,NVIDIA H200,421a523e82cb,"scripts/clock_elasticity.py: bursts of N back-to-back fused_experts calls under one pinned tile, each call L2-flushed and bracketed by its own pre-primed event pair, the FIRST call of every burst discarded as a drained-queue launch, a host-side idle gap after each burst setting the sustained duty cycle, and the SM clock, board power and memory clock read through NVML with the burst still in flight; NOT timing.TIMING_BASIS",,bandwidth=not supplied by caller; bandwidth_source=not supplied by caller; iters=not supplied by caller; ridge=not supplied by caller; ridge_source=not supplied by caller; sglang=package not installed,1,3.12.3,,,,200.0,2.13.0,3.7.1,2026-09-23T18:03:27+00:00,0.27.1,200.0
0.5,0.4343103619619627,1,10,1,mixtral-8x7b,bf16,32,64,64,4,8,4,7,224,896,8,18,3,3.704383969306946,3.6800639629364014,0.03954956741470864,126,29.928412463929916,38.29125061035156,3.71286404132843,3.6876800060272217,True,1935.0,1860.0,1830.0,1860 1860 1950 1890 1890 1965 1950 1950 1890 1965 1935 1935 1965 1965 1965 1935 1830 1830,18,nvml,False,high,True,,1470.0,487.1905,3201.0,False,2.69437488168478,7.150825546258371,209.20217657089233,True,ok,"LEVEL HIGH (recorded, never an exclusion here): loaded clock 1935 MHz against the 1470 MHz reference. At a duty cycle below 1.0 a HIGH reading is the experiment working, not a cell to drop.","scripts/clock_elasticity.py: bursts of N back-to-back fused_experts calls under one pinned tile, each call L2-flushed and bracketed by its own pre-primed event pair, the FIRST call of every burst discarded as a drained-queue launch, a host-side idle gap after each burst setting the sustained duty cycle, and the SM clock, board power and memory clock read through NVML with the burst still in flight; NOT timing.TIMING_BASIS",,,13.0,580.159.04,True,1,33d28339d8e211bd7fb8caf92bd340b82ae40abb,NVIDIA H200,421a523e82cb,"scripts/clock_elasticity.py: bursts of N back-to-back fused_experts calls under one pinned tile, each call L2-flushed and bracketed by its own pre-primed event pair, the FIRST call of every burst discarded as a drained-queue launch, a host-side idle gap after each burst setting the sustained duty cycle, and the SM clock, board power and memory clock read through NVML with the burst still in flight; NOT timing.TIMING_BASIS",,bandwidth=not supplied by caller; bandwidth_source=not supplied by caller; iters=not supplied by caller; ridge=not supplied by caller; ridge_source=not supplied by caller; sglang=package not installed,1,3.12.3,,,,200.0,2.13.0,3.7.1,2026-09-23T18:03:27+00:00,0.27.1,200.0
0.5,0.4640225234180985,1,10,1,mixtral-8x7b,bf16,32,64,64,4,8,4,8,256,1024,8,18,3,4.201167821884155,4.196864128112793,0.05245880225708159,126,34.00847106509738,38.60643844604492,4.210896015167236,4.200223922729492,True,1957.5,1920.0,1965.0,1920 1905 1965 1965 1965 1950 1965 1965 1965 1965 1965 1950 1950 1935 1920 1920 1905 1965,18,nvml,False,high,True,,1470.0,487.821,3201.0,False,2.3238928988575935,7.3952751763724045,204.75865697860718,True,ok,"LEVEL HIGH (recorded, never an exclusion here): loaded clock 1958 MHz against the 1470 MHz reference. At a duty cycle below 1.0 a HIGH reading is the experiment working, not a cell to drop.","scripts/clock_elasticity.py: bursts of N back-to-back fused_experts calls under one pinned tile, each call L2-flushed and bracketed by its own pre-primed event pair, the FIRST call of every burst discarded as a drained-queue launch, a host-side idle gap after each burst setting the sustained duty cycle, and the SM clock, board power and memory clock read through NVML with the burst still in flight; NOT timing.TIMING_BASIS",,,13.0,580.159.04,True,1,33d28339d8e211bd7fb8caf92bd340b82ae40abb,NVIDIA H200,421a523e82cb,"scripts/clock_elasticity.py: bursts of N back-to-back fused_experts calls under one pinned tile, each call L2-flushed and bracketed by its own pre-primed event pair, the FIRST call of every burst discarded as a drained-queue launch, a host-side idle gap after each burst setting the sustained duty cycle, and the SM clock, board power and memory clock read through NVML with the burst still in flight; NOT timing.TIMING_BASIS",,bandwidth=not supplied by caller; bandwidth_source=not supplied by caller; iters=not supplied by caller; ridge=not supplied by caller; ridge_source=not supplied by caller; sglang=package not installed,1,3.12.3,,,,200.0,2.13.0,3.7.1,2026-09-23T18:03:27+00:00,0.27.1,200.0
0.25,0.24148877701069832,2,10,2,mixtral-8x7b,bf16,32,64,64,4,8,4,1,32,128,53,18,3,0.7407680153846741,0.7328000068664551,0.003958513375902593,936,39.536179569032456,120.33442252278327,0.7406240105628967,0.7410080134868622,True,1965.0,1890.0,1935.0,1890 1950 1965 1980 1980 1980 1980 1980 1965 1965 1965 1965 1965 1980 1875 1950 1800 1935,18,nvml,False,high,True,,1470.0,311.70349999999996,3201.0,False,17.31395674869418,30.45571177268863,316.9781759381294,True,ok,"LEVEL HIGH (recorded, never an exclusion here): loaded clock 1965 MHz against the 1470 MHz reference. At a duty cycle below 1.0 a HIGH reading is the experiment working, not a cell to drop.","scripts/clock_elasticity.py: bursts of N back-to-back fused_experts calls under one pinned tile, each call L2-flushed and bracketed by its own pre-primed event pair, the FIRST call of every burst discarded as a drained-queue launch, a host-side idle gap after each burst setting the sustained duty cycle, and the SM clock, board power and memory clock read through NVML with the burst still in flight; NOT timing.TIMING_BASIS",,,13.0,580.159.04,True,1,33d28339d8e211bd7fb8caf92bd340b82ae40abb,NVIDIA H200,421a523e82cb,"scripts/clock_elasticity.py: bursts of N back-to-back fused_experts calls under one pinned tile, each call L2-flushed and bracketed by its own pre-primed event pair, the FIRST call of every burst discarded as a drained-queue launch, a host-side idle gap after each burst setting the sustained duty cycle, and the SM clock, board power and memory clock read through NVML with the burst still in flight; NOT timing.TIMING_BASIS",,bandwidth=not supplied by caller; bandwidth_source=not supplied by caller; iters=not supplied by caller; ridge=not supplied by caller; ridge_source=not supplied by caller; sglang=package not installed,1,3.12.3,,,,200.0,2.13.0,3.7.1,2026-09-23T18:03:27+00:00,0.27.1,200.0
0.25,0.22472945885519235,2,10,2,mixtral-8x7b,bf16,32,64,64,4,8,4,2,64,256,32,18,3,1.0990400314331055,1.0936640501022339,0.016476952738689713,558,35.66484798987707,120.6108144124349,1.0977280139923096,1.1000800132751465,True,1957.5,1950.0,1950.0,1950 1965 1905 1950 1965 1935 1965 1905 1950 1965 1920 1965 1860 1965 1965 1965 1965 1950,18,nvml,False,high,True,,1470.0,313.289,3201.0,False,16.964766196906567,16.325896339726384,215.3041923046112,True,ok,"LEVEL HIGH (recorded, never an exclusion here): loaded clock 1958 MHz against the 1470 MHz reference. At a duty cycle below 1.0 a HIGH reading is the experiment working, not a cell to drop.","scripts/clock_elasticity.py: bursts of N back-to-back fused_experts calls under one pinned tile, each call L2-flushed and bracketed by its own pre-primed event pair, the FIRST call of every burst discarded as a drained-queue launch, a host-side idle gap after each burst setting the sustained duty cycle, and the SM clock, board power and memory clock read through NVML with the burst still in flight; NOT timing.TIMING_BASIS",,,13.0,580.159.04,True,1,33d28339d8e211bd7fb8caf92bd340b82ae40abb,NVIDIA H200,421a523e82cb,"scripts/clock_elasticity.py: bursts of N back-to-back fused_experts calls under one pinned tile, each call L2-flushed and bracketed by its own pre-primed event pair, the FIRST call of every burst discarded as a drained-queue launch, a host-side idle gap after each burst setting the sustained duty cycle, and the SM clock, board power and memory clock read through NVML with the burst still in flight; NOT timing.TIMING_BASIS",,bandwidth=not supplied by caller; bandwidth_source=not supplied by caller; iters=not supplied by caller; ridge=not supplied by caller; ridge_source=not supplied by caller; sglang=package not installed,1,3.12.3,,,,200.0,2.13.0,3.7.1,2026-09-23T18:03:27+00:00,0.27.1,200.0
0.25,0.22443186017276692,2,10,2,mixtral-8x7b,bf16,32,64,64,4,8,4,3,96,384,21,18,3,1.6242879629135132,1.6167360544204712,0.019908268921084046,360,34.738821314440834,118.35280895233154,1.6220639944076538,1.6277120113372803,True,1950.0,1920.0,1920.0,1920 1965 1950 1965 1860 1965 1920 1950 1965 1965 1965 1920 1950 1950 1965 1860 1950 1920,18,nvml,False,high,True,,1470.0,319.15549999999996,3201.0,False,16.227552201598883,11.278070945569556,521.6496013402939,True,ok,"LEVEL HIGH (recorded, never an exclusion here): loaded clock 1950 MHz against the 1470 MHz reference. At a duty cycle below 1.0 a HIGH reading is the experiment working, not a cell to drop.","scripts/clock_elasticity.py: bursts of N back-to-back fused_experts calls under one pinned tile, each call L2-flushed and bracketed by its own pre-primed event pair, the FIRST call of every burst discarded as a drained-queue launch, a host-side idle gap after each burst setting the sustained duty cycle, and the SM clock, board power and memory clock read through NVML with the burst still in flight; NOT timing.TIMING_BASIS",,,13.0,580.159.04,True,1,33d28339d8e211bd7fb8caf92bd340b82ae40abb,NVIDIA H200,421a523e82cb,"scripts/clock_elasticity.py: bursts of N back-to-back fused_experts calls under one pinned tile, each call L2-flushed and bracketed by its own pre-primed event pair, the FIRST call of every burst discarded as a drained-queue launch, a host-side idle gap after each burst setting the sustained duty cycle, and the SM clock, board power and memory clock read through NVML with the burst still in flight; NOT timing.TIMING_BASIS",,bandwidth=not supplied by caller; bandwidth_source=not supplied by caller; iters=not supplied by caller; ridge=not supplied by caller; ridge_source=not supplied by caller; sglang=package not installed,1,3.12.3,,,,200.0,2.13.0,3.7.1,2026-09-23T18:03:27+00:00,0.27.1,200.0
0.25,0.22724707822329634,2,10,2,mixtral-8x7b,bf16,32,64,64,4,8,4,4,128,512,17,18,3,2.1206719875335693,2.1003520488739014,0.011869339171444337,288,36.59418133894602,123.04500285784403,2.121328055858612,2.1211119890213013,True,1965.0,1980.0,1965.0,1980 1935 1965 1965 1935 1950 1920 1965 1965 1965 1965 1935 1965 1965 1965 1965 1965 1965,18,nvml,False,high,True,,1470.0,302.411,3201.0,False,11.629760731011629,10.827521917420745,219.70896124839783,True,ok,"LEVEL HIGH (recorded, never an exclusion here): loaded clock 1965 MHz against the 1470 MHz reference. At a duty cycle below 1.0 a HIGH reading is the experiment working, not a cell to drop.","scripts/clock_elasticity.py: bursts of N back-to-back fused_experts calls under one pinned tile, each call L2-flushed and bracketed by its own pre-primed event pair, the FIRST call of every burst discarded as a drained-queue launch, a host-side idle gap after each burst setting the sustained duty cycle, and the SM clock, board power and memory clock read through NVML with the burst still in flight; NOT timing.TIMING_BASIS",,,13.0,580.159.04,True,1,33d28339d8e211bd7fb8caf92bd340b82ae40abb,NVIDIA H200,421a523e82cb,"scripts/clock_elasticity.py: bursts of N back-to-back fused_experts calls under one pinned tile, each call L2-flushed and bracketed by its own pre-primed event pair, the FIRST call of every burst discarded as a drained-queue launch, a host-side idle gap after each burst setting the sustained duty cycle, and the SM clock, board power and memory clock read through NVML with the burst still in flight; NOT timing.TIMING_BASIS",,bandwidth=not supplied by caller; bandwidth_source=not supplied by caller; iters=not supplied by caller; ridge=not supplied by caller; ridge_source=not supplied by caller; sglang=package not installed,1,3.12.3,,,,200.0,2.13.0,3.7.1,2026-09-23T18:03:27+00:00,0.27.1,200.0
0.25,0.2278892227848115,2,10,2,mixtral-8x7b,bf16,32,64,64,4,8,4,5,160,640,13,18,3,2.649967908859253,2.6441280841827393,0.02479961255717423,216,35.039103892114426,117.59618599074227,2.647552013397217,2.652367949485779,True,1957.5,1950.0,1935.0,1950 1785 1935 1965 1935 1965 1965 1965 1875 1965 1920 1950 1950 1965 1965 1965 1965 1935,18,nvml,False,high,True,,1470.0,324.44849999999997,3201.0,False,10.425555519759655,9.031239199260227,210.5660479068756,True,ok,"LEVEL HIGH (recorded, never an exclusion here): loaded clock 1958 MHz against the 1470 MHz reference. At a duty cycle below 1.0 a HIGH reading is the experiment working, not a cell to drop.","scripts/clock_elasticity.py: bursts of N back-to-back fused_experts calls under one pinned tile, each call L2-flushed and bracketed by its own pre-primed event pair, the FIRST call of every burst discarded as a drained-queue launch, a host-side idle gap after each burst setting the sustained duty cycle, and the SM clock, board power and memory clock read through NVML with the burst still in flight; NOT timing.TIMING_BASIS",,,13.0,580.159.04,True,1,33d28339d8e211bd7fb8caf92bd340b82ae40abb,NVIDIA H200,421a523e82cb,"scripts/clock_elasticity.py: bursts of N back-to-back fused_experts calls under one pinned tile, each call L2-flushed and bracketed by its own pre-primed event pair, the FIRST call of every burst discarded as a drained-queue launch, a host-side idle gap after each burst setting the sustained duty cycle, and the SM clock, board power and memory clock read through NVML with the burst still in flight; NOT timing.TIMING_BASIS",,bandwidth=not supplied by caller; bandwidth_source=not supplied by caller; iters=not supplied by caller; ridge=not supplied by caller; ridge_source=not supplied by caller; sglang=package not installed,1,3.12.3,,,,200.0,2.13.0,3.7.1,2026-09-23T18:03:27+00:00,0.27.1,200.0
0.25,0.22854541171265516,2,10,2,mixtral-8x7b,bf16,32,64,64,4,8,4,6,192,768,11,18,3,3.1590720415115356,3.132927894592285,0.031363734971615376,180,35.27337419986725,118.0963521003723,3.160311996936798,3.1605039834976196,True,1965.0,1935.0,1965.0,1935 1815 1905 1965 1935 1965 1965 1965 1875 1920 1965 1965 1815 1950 1965 1965 1965 1965,18,nvml,False,high,True,,1470.0,322.183,3201.0,False,8.690164890140295,8.2111216991468,211.91564750671387,True,ok,"LEVEL HIGH (recorded, never an exclusion here): loaded clock 1965 MHz against the 1470 MHz reference. At a duty cycle below 1.0 a HIGH reading is the experiment working, not a cell to drop.","scripts/clock_elasticity.py: bursts of N back-to-back fused_experts calls under one pinned tile, each call L2-flushed and bracketed by its own pre-primed event pair, the FIRST call of every burst discarded as a drained-queue launch, a host-side idle gap after each burst setting the sustained duty cycle, and the SM clock, board power and memory clock read through NVML with the burst still in flight; NOT timing.TIMING_BASIS",,,13.0,580.159.04,True,1,33d28339d8e211bd7fb8caf92bd340b82ae40abb,NVIDIA H200,421a523e82cb,"scripts/clock_elasticity.py: bursts of N back-to-back fused_experts calls under one pinned tile, each call L2-flushed and bracketed by its own pre-primed event pair, the FIRST call of every burst discarded as a drained-queue launch, a host-side idle gap after each burst setting the sustained duty cycle, and the SM clock, board power and memory clock read through NVML with the burst still in flight; NOT timing.TIMING_BASIS",,bandwidth=not supplied by caller; bandwidth_source=not supplied by caller; iters=not supplied by caller; ridge=not supplied by caller; ridge_source=not supplied by caller; sglang=package not installed,1,3.12.3,,,,200.0,2.13.0,3.7.1,2026-09-23T18:03:27+00:00,0.27.1,200.0
0.25,0.2062660922562206,2,10,2,mixtral-8x7b,bf16,32,64,64,4,8,4,7,224,896,8,18,3,3.681823968887329,3.6532158851623535,0.015356397852120264,126,30.053221318456863,114.87375183105468,3.6828479766845703,3.6819679737091064,True,1965.0,1965.0,1965.0,1965 1890 1965 1965 1950 1935 1965 1965 1965 1965 1965 1935 1890 1965 1890 1965 1950 1965,18,nvml,False,high,True,,1470.0,300.461,3201.0,False,7.315415423363447,5.872667832616047,210.55763339996338,True,ok,"LEVEL HIGH (recorded, never an exclusion here): loaded clock 1965 MHz against the 1470 MHz reference. At a duty cycle below 1.0 a HIGH reading is the experiment working, not a cell to drop.","scripts/clock_elasticity.py: bursts of N back-to-back fused_experts calls under one pinned tile, each call L2-flushed and bracketed by its own pre-primed event pair, the FIRST call of every burst discarded as a drained-queue launch, a host-side idle gap after each burst setting the sustained duty cycle, and the SM clock, board power and memory clock read through NVML with the burst still in flight; NOT timing.TIMING_BASIS",,,13.0,580.159.04,True,1,33d28339d8e211bd7fb8caf92bd340b82ae40abb,NVIDIA H200,421a523e82cb,"scripts/clock_elasticity.py: bursts of N back-to-back fused_experts calls under one pinned tile, each call L2-flushed and bracketed by its own pre-primed event pair, the FIRST call of every burst discarded as a drained-queue launch, a host-side idle gap after each burst setting the sustained duty cycle, and the SM clock, board power and memory clock read through NVML with the burst still in flight; NOT timing.TIMING_BASIS",,bandwidth=not supplied by caller; bandwidth_source=not supplied by caller; iters=not supplied by caller; ridge=not supplied by caller; ridge_source=not supplied by caller; sglang=package not installed,1,3.12.3,,,,200.0,2.13.0,3.7.1,2026-09-23T18:03:27+00:00,0.27.1,200.0
0.25,0.22637169659191816,2,10,2,mixtral-8x7b,bf16,32,64,64,4,8,4,8,256,1024,8,18,3,4.199903964996338,4.163712024688721,0.018302447750648897,126,34.111413399378456,115.81931533813476,4.202672004699707,4.1997599601745605,True,1965.0,1950.0,1965.0,1950 1965 1980 1965 1965 1965 1965 1950 1965 1965 1965 1965 1905 1965 1965 1965 1920 1965,18,nvml,False,high,True,,1470.0,309.1395,3201.0,False,6.588988937437534,6.333273568988244,205.90735912322998,True,ok,"LEVEL HIGH (recorded, never an exclusion here): loaded clock 1965 MHz against the 1470 MHz reference. At a duty cycle below 1.0 a HIGH reading is the experiment working, not a cell to drop.","scripts/clock_elasticity.py: bursts of N back-to-back fused_experts calls under one pinned tile, each call L2-flushed and bracketed by its own pre-primed event pair, the FIRST call of every burst discarded as a drained-queue launch, a host-side idle gap after each burst setting the sustained duty cycle, and the SM clock, board power and memory clock read through NVML with the burst still in flight; NOT timing.TIMING_BASIS",,,13.0,580.159.04,True,1,33d28339d8e211bd7fb8caf92bd340b82ae40abb,NVIDIA H200,421a523e82cb,"scripts/clock_elasticity.py: bursts of N back-to-back fused_experts calls under one pinned tile, each call L2-flushed and bracketed by its own pre-primed event pair, the FIRST call of every burst discarded as a drained-queue launch, a host-side idle gap after each burst setting the sustained duty cycle, and the SM clock, board power and memory clock read through NVML with the burst still in flight; NOT timing.TIMING_BASIS",,bandwidth=not supplied by caller; bandwidth_source=not supplied by caller; iters=not supplied by caller; ridge=not supplied by caller; ridge_source=not supplied by caller; sglang=package not installed,1,3.12.3,,,,200.0,2.13.0,3.7.1,2026-09-23T18:03:27+00:00,0.27.1,200.0
0.25,0.24143880291278785,2,11,0,mixtral-8x7b,bf16,32,64,64,4,8,4,1,32,128,53,18,3,0.7409279942512512,0.7328640222549438,0.0038699068746013607,936,39.522451589504875,120.33442252278327,0.7404800057411194,0.7412000000476837,True,1965.0,1965.0,1965.0,1965 1965 1965 1980 1965 1890 1965 1980 1980 1965 1830 1950 1965 1950 1965 1965 1965 1965,18,nvml,False,high,True,,1470.0,312.6005,3201.0,False,17.38150278106332,25.25561344008228,201.54415994882584,True,ok,"LEVEL HIGH (recorded, never an exclusion here): loaded clock 1965 MHz against the 1470 MHz reference. At a duty cycle below 1.0 a HIGH reading is the experiment working, not a cell to drop.","scripts/clock_elasticity.py: bursts of N back-to-back fused_experts calls under one pinned tile, each call L2-flushed and bracketed by its own pre-primed event pair, the FIRST call of every burst discarded as a drained-queue launch, a host-side idle gap after each burst setting the sustained duty cycle, and the SM clock, board power and memory clock read through NVML with the burst still in flight; NOT timing.TIMING_BASIS",,,13.0,580.159.04,True,1,33d28339d8e211bd7fb8caf92bd340b82ae40abb,NVIDIA H200,421a523e82cb,"scripts/clock_elasticity.py: bursts of N back-to-back fused_experts calls under one pinned tile, each call L2-flushed and bracketed by its own pre-primed event pair, the FIRST call of every burst discarded as a drained-queue launch, a host-side idle gap after each burst setting the sustained duty cycle, and the SM clock, board power and memory clock read through NVML with the burst still in flight; NOT timing.TIMING_BASIS",,bandwidth=not supplied by caller; bandwidth_source=not supplied by caller; iters=not supplied by caller; ridge=not supplied by caller; ridge_source=not supplied by caller; sglang=package not installed,1,3.12.3,,,,200.0,2.13.0,3.7.1,2026-09-23T18:03:27+00:00,0.27.1,200.0
0.25,0.22408503396032337,2,11,0,mixtral-8x7b,bf16,32,64,64,4,8,4,2,64,256,32,18,3,1.0989760160446167,1.0944960117340088,0.014045730454580609,558,35.51989688475927,120.6108144124349,1.0981760025024414,1.1006399989128113,True,1965.0,1950.0,1965.0,1950 1965 1965 1965 1950 1965 1965 1950 1965 1935 1920 1875 1950 1965 1965 1965 1965 1965,18,nvml,False,high,True,,1470.0,309.5555,3201.0,False,13.40054115280509,20.20346415953411,390.82691168785095,True,ok,"LEVEL HIGH (recorded, never an exclusion here): loaded clock 1965 MHz against the 1470 MHz reference. At a duty cycle below 1.0 a HIGH reading is the experiment working, not a cell to drop.","scripts/clock_elasticity.py: bursts of N back-to-back fused_experts calls under one pinned tile, each call L2-flushed and bracketed by its own pre-primed event pair, the FIRST call of every burst discarded as a drained-queue launch, a host-side idle gap after each burst setting the sustained duty cycle, and the SM clock, board power and memory clock read through NVML with the burst still in flight; NOT timing.TIMING_BASIS",,,13.0,580.159.04,True,1,33d28339d8e211bd7fb8caf92bd340b82ae40abb,NVIDIA H200,421a523e82cb,"scripts/clock_elasticity.py: bursts of N back-to-back fused_experts calls under one pinned tile, each call L2-flushed and bracketed by its own pre-primed event pair, the FIRST call of every burst discarded as a drained-queue launch, a host-side idle gap after each burst setting the sustained duty cycle, and the SM clock, board power and memory clock read through NVML with the burst still in flight; NOT timing.TIMING_BASIS",,bandwidth=not supplied by caller; bandwidth_source=not supplied by caller; iters=not supplied by caller; ridge=not supplied by caller; ridge_source=not supplied by caller; sglang=package not installed,1,3.12.3,,,,200.0,2.13.0,3.7.1,2026-09-23T18:03:27+00:00,0.27.1,200.0
0.25,0.22408231511372392,2,11,0,mixtral-8x7b,bf16,32,64,64,4,8,4,3,96,384,21,18,3,1.624400019645691,1.6183359622955322,0.01855163392860232,360,34.66908620463477,118.35280895233154,1.6228479743003845,1.6268320083618164,True,1965.0,1965.0,1965.0,1965 1875 1920 1965 1950 1965 1950 1965 1935 1965 1965 1965 1965 1935 1965 1965 1965 1965,18,nvml,False,high,True,,1470.0,310.486,3201.0,False,14.60889121517539,11.818778488263279,208.31715202331543,True,ok,"LEVEL HIGH (recorded, never an exclusion here): loaded clock 1965 MHz against the 1470 MHz reference. At a duty cycle below 1.0 a HIGH reading is the experiment working, not a cell to drop.","scripts/clock_elasticity.py: bursts of N back-to-back fused_experts calls under one pinned tile, each call L2-flushed and bracketed by its own pre-primed event pair, the FIRST call of every burst discarded as a drained-queue launch, a host-side idle gap after each burst setting the sustained duty cycle, and the SM clock, board power and memory clock read through NVML with the burst still in flight; NOT timing.TIMING_BASIS",,,13.0,580.159.04,True,1,33d28339d8e211bd7fb8caf92bd340b82ae40abb,NVIDIA H200,421a523e82cb,"scripts/clock_elasticity.py: bursts of N back-to-back fused_experts calls under one pinned tile, each call L2-flushed and bracketed by its own pre-primed event pair, the FIRST call of every burst discarded as a drained-queue launch, a host-side idle gap after each burst setting the sustained duty cycle, and the SM clock, board power and memory clock read through NVML with the burst still in flight; NOT timing.TIMING_BASIS",,bandwidth=not supplied by caller; bandwidth_source=not supplied by caller; iters=not supplied by caller; ridge=not supplied by caller; ridge_source=not supplied by caller; sglang=package not installed,1,3.12.3,,,,200.0,2.13.0,3.7.1,2026-09-23T18:03:27+00:00,0.27.1,200.0
0.25,0.22640283617577003,2,11,0,mixtral-8x7b,bf16,32,64,64,4,8,4,4,128,512,17,18,3,2.1200640201568604,2.1007039546966553,0.013733148114551725,288,36.41041429837545,123.04500285784403,2.120032012462616,2.120512008666992,True,1965.0,1965.0,1935.0,1965 1965 1950 1965 1935 1965 1965 1965 1965 1965 1965 1965 1965 1965 1980 1980 1980 1935,18,nvml,False,high,True,,1470.0,297.79600000000005,3201.0,False,10.122154839336872,11.989309716975972,256.15216040611267,True,ok,"LEVEL HIGH (recorded, never an exclusion here): loaded clock 1965 MHz against the 1470 MHz reference. At a duty cycle below 1.0 a HIGH reading is the experiment working, not a cell to drop.","scripts/clock_elasticity.py: bursts of N back-to-back fused_experts calls under one pinned tile, each call L2-flushed and bracketed by its own pre-primed event pair, the FIRST call of every burst discarded as a drained-queue launch, a host-side idle gap after each burst setting the sustained duty cycle, and the SM clock, board power and memory clock read through NVML with the burst still in flight; NOT timing.TIMING_BASIS",,,13.0,580.159.04,True,1,33d28339d8e211bd7fb8caf92bd340b82ae40abb,NVIDIA H200,421a523e82cb,"scripts/clock_elasticity.py: bursts of N back-to-back fused_experts calls under one pinned tile, each call L2-flushed and bracketed by its own pre-primed event pair, the FIRST call of every burst discarded as a drained-queue launch, a host-side idle gap after each burst setting the sustained duty cycle, and the SM clock, board power and memory clock read through NVML with the burst still in flight; NOT timing.TIMING_BASIS",,bandwidth=not supplied by caller; bandwidth_source=not supplied by caller; iters=not supplied by caller; ridge=not supplied by caller; ridge_source=not supplied by caller; sglang=package not installed,1,3.12.3,,,,200.0,2.13.0,3.7.1,2026-09-23T18:03:27+00:00,0.27.1,200.0
0.25,0.22812502604542947,2,11,0,mixtral-8x7b,bf16,32,64,64,4,8,4,5,160,640,13,18,3,2.649775981903076,2.644576072692871,0.030450065471406447,216,35.090156396230064,117.59618599074227,2.648047924041748,2.6564959287643433,True,1965.0,1965.0,1950.0,1965 1875 1965 1965 1965 1965 1965 1965 1965 1965 1935 1965 1965 1950 1965 1965 1890 1950,18,nvml,False,high,True,,1470.0,310.03200000000004,3201.0,False,10.26347279548645,8.88545339294733,245.0567045211792,True,ok,"LEVEL HIGH (recorded, never an exclusion here): loaded clock 1965 MHz against the 1470 MHz reference. At a duty cycle below 1.0 a HIGH reading is the experiment working, not a cell to drop.","scripts/clock_elasticity.py: bursts of N back-to-back fused_experts calls under one pinned tile, each call L2-flushed and bracketed by its own pre-primed event pair, the FIRST call of every burst discarded as a drained-queue launch, a host-side idle gap after each burst setting the sustained duty cycle, and the SM clock, board power and memory clock read through NVML with the burst still in flight; NOT timing.TIMING_BASIS",,,13.0,580.159.04,True,1,33d28339d8e211bd7fb8caf92bd340b82ae40abb,NVIDIA H200,421a523e82cb,"scripts/clock_elasticity.py: bursts of N back-to-back fused_experts calls under one pinned tile, each call L2-flushed and bracketed by its own pre-primed event pair, the FIRST call of every burst discarded as a drained-queue launch, a host-side idle gap after each burst setting the sustained duty cycle, and the SM clock, board power and memory clock read through NVML with the burst still in flight; NOT timing.TIMING_BASIS",,bandwidth=not supplied by caller; bandwidth_source=not supplied by caller; iters=not supplied by caller; ridge=not supplied by caller; ridge_source=not supplied by caller; sglang=package not installed,1,3.12.3,,,,200.0,2.13.0,3.7.1,2026-09-23T18:03:27+00:00,0.27.1,200.0
0.25,0.2288225277666235,2,11,0,mixtral-8x7b,bf16,32,64,64,4,8,4,6,192,768,11,18,3,3.160256028175354,3.1543359756469727,0.024702364416511413,180,35.33134937286377,118.0963521003723,3.1625999808311462,3.160055994987488,True,1965.0,1965.0,1965.0,1965 1860 1965 1920 1920 1965 1965 1965 1800 1965 1950 1965 1860 1965 1965 1950 1860 1965,18,nvml,False,high,True,,1470.0,322.4365,3201.0,False,8.89624422416091,8.132307054172497,212.39443111419678,True,ok,"LEVEL HIGH (recorded, never an exclusion here): loaded clock 1965 MHz against the 1470 MHz reference. At a duty cycle below 1.0 a HIGH reading is the experiment working, not a cell to drop.","scripts/clock_elasticity.py: bursts of N back-to-back fused_experts calls under one pinned tile, each call L2-flushed and bracketed by its own pre-primed event pair, the FIRST call of every burst discarded as a drained-queue launch, a host-side idle gap after each burst setting the sustained duty cycle, and the SM clock, board power and memory clock read through NVML with the burst still in flight; NOT timing.TIMING_BASIS",,,13.0,580.159.04,True,1,33d28339d8e211bd7fb8caf92bd340b82ae40abb,NVIDIA H200,421a523e82cb,"scripts/clock_elasticity.py: bursts of N back-to-back fused_experts calls under one pinned tile, each call L2-flushed and bracketed by its own pre-primed event pair, the FIRST call of every burst discarded as a drained-queue launch, a host-side idle gap after each burst setting the sustained duty cycle, and the SM clock, board power and memory clock read through NVML with the burst still in flight; NOT timing.TIMING_BASIS",,bandwidth=not supplied by caller; bandwidth_source=not supplied by caller; iters=not supplied by caller; ridge=not supplied by caller; ridge_source=not supplied by caller; sglang=package not installed,1,3.12.3,,,,200.0,2.13.0,3.7.1,2026-09-23T18:03:27+00:00,0.27.1,200.0
0.25,0.20601033187180334,2,11,0,mixtral-8x7b,bf16,32,64,64,4,8,4,7,224,896,8,18,3,3.682015895843506,3.6795520782470703,0.01271914595455615,126,30.00415639082591,114.87375183105468,3.68286395072937,3.683344006538391,True,1965.0,1965.0,1965.0,1965 1905 1965 1965 1950 1950 1965 1965 1830 1965 1965 1965 1920 1965 1965 1965 1905 1965,18,nvml,False,high,True,,1470.0,299.1835,3201.0,False,7.303972262889147,6.026175529230055,210.70281648635864,True,ok,"LEVEL HIGH (recorded, never an exclusion here): loaded clock 1965 MHz against the 1470 MHz reference. At a duty cycle below 1.0 a HIGH reading is the experiment working, not a cell to drop.","scripts/clock_elasticity.py: bursts of N back-to-back fused_experts calls under one pinned tile, each call L2-flushed and bracketed by its own pre-primed event pair, the FIRST call of every burst discarded as a drained-queue launch, a host-side idle gap after each burst setting the sustained duty cycle, and the SM clock, board power and memory clock read through NVML with the burst still in flight; NOT timing.TIMING_BASIS",,,13.0,580.159.04,True,1,33d28339d8e211bd7fb8caf92bd340b82ae40abb,NVIDIA H200,421a523e82cb,"scripts/clock_elasticity.py: bursts of N back-to-back fused_experts calls under one pinned tile, each call L2-flushed and bracketed by its own pre-primed event pair, the FIRST call of every burst discarded as a drained-queue launch, a host-side idle gap after each burst setting the sustained duty cycle, and the SM clock, board power and memory clock read through NVML with the burst still in flight; NOT timing.TIMING_BASIS",,bandwidth=not supplied by caller; bandwidth_source=not supplied by caller; iters=not supplied by caller; ridge=not supplied by caller; ridge_source=not supplied by caller; sglang=package not installed,1,3.12.3,,,,200.0,2.13.0,3.7.1,2026-09-23T18:03:27+00:00,0.27.1,200.0
0.25,0.22666298416324449,2,11,0,mixtral-8x7b,bf16,32,64,64,4,8,4,8,256,1024,8,18,3,4.2001121044158936,4.165215969085693,0.021066186524097925,126,34.1721617380778,115.81931533813476,4.199824094772339,4.200863838195801,True,1965.0,1950.0,1965.0,1950 1965 1950 1965 1965 1965 1950 1965 1980 1965 1965 1965 1965 1950 1965 1965 1905 1965,18,nvml,False,high,True,,1470.0,307.336,3201.0,False,7.293443661183119,6.260401148599371,205.08649730682373,True,ok,"LEVEL HIGH (recorded, never an exclusion here): loaded clock 1965 MHz against the 1470 MHz reference. At a duty cycle below 1.0 a HIGH reading is the experiment working, not a cell to drop.","scripts/clock_elasticity.py: bursts of N back-to-back fused_experts calls under one pinned tile, each call L2-flushed and bracketed by its own pre-primed event pair, the FIRST call of every burst discarded as a drained-queue launch, a host-side idle gap after each burst setting the sustained duty cycle, and the SM clock, board power and memory clock read through NVML with the burst still in flight; NOT timing.TIMING_BASIS",,,13.0,580.159.04,True,1,33d28339d8e211bd7fb8caf92bd340b82ae40abb,NVIDIA H200,421a523e82cb,"scripts/clock_elasticity.py: bursts of N back-to-back fused_experts calls under one pinned tile, each call L2-flushed and bracketed by its own pre-primed event pair, the FIRST call of every burst discarded as a drained-queue launch, a host-side idle gap after each burst setting the sustained duty cycle, and the SM clock, board power and memory clock read through NVML with the burst still in flight; NOT timing.TIMING_BASIS",,bandwidth=not supplied by caller; bandwidth_source=not supplied by caller; iters=not supplied by caller; ridge=not supplied by caller; ridge_source=not supplied by caller; sglang=package not installed,1,3.12.3,,,,200.0,2.13.0,3.7.1,2026-09-23T18:03:27+00:00,0.27.1,200.0
0.5,0.4730276600894705,1,11,1,mixtral-8x7b,bf16,32,64,64,4,8,4,1,32,128,53,18,3,0.7416960000991821,0.7316799759864807,0.004277166458597989,936,39.419512854682075,40.11147417426109,0.7417599856853485,0.7418079972267151,True,1890.0,1800.0,1845.0,1800 1890 1935 1755 1935 1935 1830 1965 1950 1770 1965 1965 1800 1890 1950 1815 1845 1845,18,nvml,False,high,True,,1470.0,505.882,3201.0,False,11.581935454159975,38.652677022186666,236.56371176242828,True,ok,"LEVEL HIGH (recorded, never an exclusion here): loaded clock 1890 MHz against the 1470 MHz reference. At a duty cycle below 1.0 a HIGH reading is the experiment working, not a cell to drop.","scripts/clock_elasticity.py: bursts of N back-to-back fused_experts calls under one pinned tile, each call L2-flushed and bracketed by its own pre-primed event pair, the FIRST call of every burst discarded as a drained-queue launch, a host-side idle gap after each burst setting the sustained duty cycle, and the SM clock, board power and memory clock read through NVML with the burst still in flight; NOT timing.TIMING_BASIS",,,13.0,580.159.04,True,1,33d28339d8e211bd7fb8caf92bd340b82ae40abb,NVIDIA H200,421a523e82cb,"scripts/clock_elasticity.py: bursts of N back-to-back fused_experts calls under one pinned tile, each call L2-flushed and bracketed by its own pre-primed event pair, the FIRST call of every burst discarded as a drained-queue launch, a host-side idle gap after each burst setting the sustained duty cycle, and the SM clock, board power and memory clock read through NVML with the burst still in flight; NOT timing.TIMING_BASIS",,bandwidth=not supplied by caller; bandwidth_source=not supplied by caller; iters=not supplied by caller; ridge=not supplied by caller; ridge_source=not supplied by caller; sglang=package not installed,1,3.12.3,,,,200.0,2.13.0,3.7.1,2026-09-23T18:03:27+00:00,0.27.1,200.0
0.5,0.4567173484351543,1,11,1,mixtral-8x7b,bf16,32,64,64,4,8,4,2,64,256,32,18,3,1.1092320084571838,1.0927040576934814,0.01853147522979589,558,35.76409249835544,40.203604804144966,1.112671971321106,1.112991988658905,True,1935.0,1935.0,1935.0,1935 1935 1950 1965 1950 1890 1890 1935 1950 1755 1755 1890 1935 1875 1920 1920 1950 1935,18,nvml,False,high,True,,1470.0,502.15,3201.0,False,7.265824358910322,25.800675908895805,287.1698554754257,True,ok,"LEVEL HIGH (recorded, never an exclusion here): loaded clock 1935 MHz against the 1470 MHz reference. At a duty cycle below 1.0 a HIGH reading is the experiment working, not a cell to drop.","scripts/clock_elasticity.py: bursts of N back-to-back fused_experts calls under one pinned tile, each call L2-flushed and bracketed by its own pre-primed event pair, the FIRST call of every burst discarded as a drained-queue launch, a host-side idle gap after each burst setting the sustained duty cycle, and the SM clock, board power and memory clock read through NVML with the burst still in flight; NOT timing.TIMING_BASIS",,,13.0,580.159.04,True,1,33d28339d8e211bd7fb8caf92bd340b82ae40abb,NVIDIA H200,421a523e82cb,"scripts/clock_elasticity.py: bursts of N back-to-back fused_experts calls under one pinned tile, each call L2-flushed and bracketed by its own pre-primed event pair, the FIRST call of every burst discarded as a drained-queue launch, a host-side idle gap after each burst setting the sustained duty cycle, and the SM clock, board power and memory clock read through NVML with the burst still in flight; NOT timing.TIMING_BASIS",,bandwidth=not supplied by caller; bandwidth_source=not supplied by caller; iters=not supplied by caller; ridge=not supplied by caller; ridge_source=not supplied by caller; sglang=package not installed,1,3.12.3,,,,200.0,2.13.0,3.7.1,2026-09-23T18:03:27+00:00,0.27.1,200.0
0.5,0.45957125385720926,1,11,1,mixtral-8x7b,bf16,32,64,64,4,8,4,3,96,384,21,18,3,1.6467519998550415,1.6175999641418457,0.02958585836386749,360,34.89496349626117,39.45093631744385,1.666368007659912,1.6578720211982727,True,1920.0,1905.0,1845.0,1905 1920 1950 1920 1920 1950 1950 1815 1815 1950 1950 1725 1725 1920 1965 1935 1935 1845,18,nvml,False,high,True,,1470.0,505.3795,3201.0,False,5.185360554605722,17.913262400426408,208.62070393562317,True,ok,"LEVEL HIGH (recorded, never an exclusion here): loaded clock 1920 MHz against the 1470 MHz reference. At a duty cycle below 1.0 a HIGH reading is the experiment working, not a cell to drop.","scripts/clock_elasticity.py: bursts of N back-to-back fused_experts calls under one pinned tile, each call L2-flushed and bracketed by its own pre-primed event pair, the FIRST call of every burst discarded as a drained-queue launch, a host-side idle gap after each burst setting the sustained duty cycle, and the SM clock, board power and memory clock read through NVML with the burst still in flight; NOT timing.TIMING_BASIS",,,13.0,580.159.04,True,1,33d28339d8e211bd7fb8caf92bd340b82ae40abb,NVIDIA H200,421a523e82cb,"scripts/clock_elasticity.py: bursts of N back-to-back fused_experts calls under one pinned tile, each call L2-flushed and bracketed by its own pre-primed event pair, the FIRST call of every burst discarded as a drained-queue launch, a host-side idle gap after each burst setting the sustained duty cycle, and the SM clock, board power and memory clock read through NVML with the burst still in flight; NOT timing.TIMING_BASIS",,bandwidth=not supplied by caller; bandwidth_source=not supplied by caller; iters=not supplied by caller; ridge=not supplied by caller; ridge_source=not supplied by caller; sglang=package not installed,1,3.12.3,,,,200.0,2.13.0,3.7.1,2026-09-23T18:03:27+00:00,0.27.1,200.0
0.5,0.4627363168699468,1,11,1,mixtral-8x7b,bf16,32,64,64,4,8,4,4,128,512,17,18,3,2.1299999952316284,2.117248058319092,0.020056010103541334,288,36.442412323421905,41.01500095261468,2.1416879296302795,2.1210880279541016,True,1950.0,1950.0,1950.0,1950 1950 1920 1950 1965 1845 1845 1920 1920 1965 1965 1965 1965 1965 1920 1920 1935 1950,18,nvml,False,high,True,,1470.0,487.555,3201.0,False,4.147058818489313,15.052801276264207,218.5093765258789,True,ok,"LEVEL HIGH (recorded, never an exclusion here): loaded clock 1950 MHz against the 1470 MHz reference. At a duty cycle below 1.0 a HIGH reading is the experiment working, not a cell to drop.","scripts/clock_elasticity.py: bursts of N back-to-back fused_experts calls under one pinned tile, each call L2-flushed and bracketed by its own pre-primed event pair, the FIRST call of every burst discarded as a drained-queue launch, a host-side idle gap after each burst setting the sustained duty cycle, and the SM clock, board power and memory clock read through NVML with the burst still in flight; NOT timing.TIMING_BASIS",,,13.0,580.159.04,True,1,33d28339d8e211bd7fb8caf92bd340b82ae40abb,NVIDIA H200,421a523e82cb,"scripts/clock_elasticity.py: bursts of N back-to-back fused_experts calls under one pinned tile, each call L2-flushed and bracketed by its own pre-primed event pair, the FIRST call of every burst discarded as a drained-queue launch, a host-side idle gap after each burst setting the sustained duty cycle, and the SM clock, board power and memory clock read through NVML with the burst still in flight; NOT timing.TIMING_BASIS",,bandwidth=not supplied by caller; bandwidth_source=not supplied by caller; iters=not supplied by caller; ridge=not supplied by caller; ridge_source=not supplied by caller; sglang=package not installed,1,3.12.3,,,,200.0,2.13.0,3.7.1,2026-09-23T18:03:27+00:00,0.27.1,200.0
0.5,0.4660262678572551,1,11,1,mixtral-8x7b,bf16,32,64,64,4,8,4,5,160,640,13,18,3,2.680191993713379,2.6455678939819336,0.03611783368722576,216,35.11703288555145,39.19872866358076,2.685711979866028,2.665663957595825,True,1912.5,1875.0,1935.0,1875 1935 1950 1950 1890 1920 1845 1845 1890 1920 1875 1875 1905 1935 1935 1935 1905 1935,18,nvml,False,high,True,,1470.0,500.058,3201.0,False,3.359038382768631,11.630938265796631,245.66630339622498,True,ok,"LEVEL HIGH (recorded, never an exclusion here): loaded clock 1912 MHz against the 1470 MHz reference. At a duty cycle below 1.0 a HIGH reading is the experiment working, not a cell to drop.","scripts/clock_elasticity.py: bursts of N back-to-back fused_experts calls under one pinned tile, each call L2-flushed and bracketed by its own pre-primed event pair, the FIRST call of every burst discarded as a drained-queue launch, a host-side idle gap after each burst setting the sustained duty cycle, and the SM clock, board power and memory clock read through NVML with the burst still in flight; NOT timing.TIMING_BASIS",,,13.0,580.159.04,True,1,33d28339d8e211bd7fb8caf92bd340b82ae40abb,NVIDIA H200,421a523e82cb,"scripts/clock_elasticity.py: bursts of N back-to-back fused_experts calls under one pinned tile, each call L2-flushed and bracketed by its own pre-primed event pair, the FIRST call of every burst discarded as a drained-queue launch, a host-side idle gap after each burst setting the sustained duty cycle, and the SM clock, board power and memory clock read through NVML with the burst still in flight; NOT timing.TIMING_BASIS",,bandwidth=not supplied by caller; bandwidth_source=not supplied by caller; iters=not supplied by caller; ridge=not supplied by caller; ridge_source=not supplied by caller; sglang=package not installed,1,3.12.3,,,,200.0,2.13.0,3.7.1,2026-09-23T18:03:27+00:00,0.27.1,200.0
0.5,0.4666532492467546,1,11,1,mixtral-8x7b,bf16,32,64,64,4,8,4,6,192,768,11,18,3,3.183232069015503,3.1541121006011963,0.03297109155315929,180,35.22212625874413,39.3654507001241,3.1873520016670227,3.185151994228363,True,1942.5,1950.0,1965.0,1950 1935 1830 1830 1965 1965 1890 1890 1965 1965 1890 1890 1935 1965 1950 1950 1875 1965,18,nvml,False,high,True,,1470.0,497.77099999999996,3201.0,False,2.937058452516794,10.074778305528175,247.89033555984497,True,ok,"LEVEL HIGH (recorded, never an exclusion here): loaded clock 1942 MHz against the 1470 MHz reference. At a duty cycle below 1.0 a HIGH reading is the experiment working, not a cell to drop.","scripts/clock_elasticity.py: bursts of N back-to-back fused_experts calls under one pinned tile, each call L2-flushed and bracketed by its own pre-primed event pair, the FIRST call of every burst discarded as a drained-queue launch, a host-side idle gap after each burst setting the sustained duty cycle, and the SM clock, board power and memory clock read through NVML with the burst still in flight; NOT timing.TIMING_BASIS",,,13.0,580.159.04,True,1,33d28339d8e211bd7fb8caf92bd340b82ae40abb,NVIDIA H200,421a523e82cb,"scripts/clock_elasticity.py: bursts of N back-to-back fused_experts calls under one pinned tile, each call L2-flushed and bracketed by its own pre-primed event pair, the FIRST call of every burst discarded as a drained-queue launch, a host-side idle gap after each burst setting the sustained duty cycle, and the SM clock, board power and memory clock read through NVML with the burst still in flight; NOT timing.TIMING_BASIS",,bandwidth=not supplied by caller; bandwidth_source=not supplied by caller; iters=not supplied by caller; ridge=not supplied by caller; ridge_source=not supplied by caller; sglang=package not installed,1,3.12.3,,,,200.0,2.13.0,3.7.1,2026-09-23T18:03:27+00:00,0.27.1,200.0
0.5,0.43421774985430395,1,11,1,mixtral-8x7b,bf16,32,64,64,4,8,4,7,224,896,8,18,3,3.685167908668518,3.6791679859161377,0.04091570271976618,126,29.910887122154236,38.29125061035156,3.704095959663391,3.6958080530166626,True,1965.0,1965.0,1965.0,1965 1965 1950 1845 1845 1965 1920 1920 1965 1965 1965 1920 1965 1965 1950 1935 1965 1965,18,nvml,False,high,True,,1470.0,482.704,3201.0,False,2.764582633972168,7.243344954630698,209.71740770339966,True,ok,"LEVEL HIGH (recorded, never an exclusion here): loaded clock 1965 MHz against the 1470 MHz reference. At a duty cycle below 1.0 a HIGH reading is the experiment working, not a cell to drop.","scripts/clock_elasticity.py: bursts of N back-to-back fused_experts calls under one pinned tile, each call L2-flushed and bracketed by its own pre-primed event pair, the FIRST call of every burst discarded as a drained-queue launch, a host-side idle gap after each burst setting the sustained duty cycle, and the SM clock, board power and memory clock read through NVML with the burst still in flight; NOT timing.TIMING_BASIS",,,13.0,580.159.04,True,1,33d28339d8e211bd7fb8caf92bd340b82ae40abb,NVIDIA H200,421a523e82cb,"scripts/clock_elasticity.py: bursts of N back-to-back fused_experts calls under one pinned tile, each call L2-flushed and bracketed by its own pre-primed event pair, the FIRST call of every burst discarded as a drained-queue launch, a host-side idle gap after each burst setting the sustained duty cycle, and the SM clock, board power and memory clock read through NVML with the burst still in flight; NOT timing.TIMING_BASIS",,bandwidth=not supplied by caller; bandwidth_source=not supplied by caller; iters=not supplied by caller; ridge=not supplied by caller; ridge_source=not supplied by caller; sglang=package not installed,1,3.12.3,,,,200.0,2.13.0,3.7.1,2026-09-23T18:03:27+00:00,0.27.1,200.0
0.5,0.4644243178452107,1,11,1,mixtral-8x7b,bf16,32,64,64,4,8,4,8,256,1024,8,18,3,4.233536005020142,4.196991920471191,0.0360909853763378,126,34.070506705178154,38.60643844604492,4.244735956192017,4.2332799434661865,True,1950.0,1905.0,1845.0,1905 1965 1845 1845 1965 1965 1965 1965 1950 1950 1950 1920 1935 1965 1965 1905 1965 1845,18,nvml,False,high,True,,1470.0,480.3165,3201.0,False,2.3036464117467403,7.386991899657029,238.71676874160767,True,ok,"LEVEL HIGH (recorded, never an exclusion here): loaded clock 1950 MHz against the 1470 MHz reference. At a duty cycle below 1.0 a HIGH reading is the experiment working, not a cell to drop.","scripts/clock_elasticity.py: bursts of N back-to-back fused_experts calls under one pinned tile, each call L2-flushed and bracketed by its own pre-primed event pair, the FIRST call of every burst discarded as a drained-queue launch, a host-side idle gap after each burst setting the sustained duty cycle, and the SM clock, board power and memory clock read through NVML with the burst still in flight; NOT timing.TIMING_BASIS",,,13.0,580.159.04,True,1,33d28339d8e211bd7fb8caf92bd340b82ae40abb,NVIDIA H200,421a523e82cb,"scripts/clock_elasticity.py: bursts of N back-to-back fused_experts calls under one pinned tile, each call L2-flushed and bracketed by its own pre-primed event pair, the FIRST call of every burst discarded as a drained-queue launch, a host-side idle gap after each burst setting the sustained duty cycle, and the SM clock, board power and memory clock read through NVML with the burst still in flight; NOT timing.TIMING_BASIS",,bandwidth=not supplied by caller; bandwidth_source=not supplied by caller; iters=not supplied by caller; ridge=not supplied by caller; ridge_source=not supplied by caller; sglang=package not installed,1,3.12.3,,,,200.0,2.13.0,3.7.1,2026-09-23T18:03:27+00:00,0.27.1,200.0
1.0,0.9157253650581229,0,11,2,mixtral-8x7b,bf16,32,64,64,4,8,4,1,32,128,53,18,3,0.7734239995479584,0.7592319846153259,0.005776737353322728,936,41.11612265970972,0.0,0.7728639841079712,0.7739199995994568,True,1485.0,1500.0,1500.0,1500 1500 1515 1515 1470 1470 1455 1455 1500 1500 1500 1485 1485 1470 1470 1485 1485 1500,18,nvml,True,,True,,1470.0,696.4635000000001,3201.0,False,11.568581685423851,39.234476528100544,205.49280005693436,True,ok,,"scripts/clock_elasticity.py: bursts of N back-to-back fused_experts calls under one pinned tile, each call L2-flushed and bracketed by its own pre-primed event pair, the FIRST call of every burst discarded as a drained-queue launch, a host-side idle gap after each burst setting the sustained duty cycle, and the SM clock, board power and memory clock read through NVML with the burst still in flight; NOT timing.TIMING_BASIS",,,13.0,580.159.04,True,1,33d28339d8e211bd7fb8caf92bd340b82ae40abb,NVIDIA H200,421a523e82cb,"scripts/clock_elasticity.py: bursts of N back-to-back fused_experts calls under one pinned tile, each call L2-flushed and bracketed by its own pre-primed event pair, the FIRST call of every burst discarded as a drained-queue launch, a host-side idle gap after each burst setting the sustained duty cycle, and the SM clock, board power and memory clock read through NVML with the burst still in flight; NOT timing.TIMING_BASIS",,bandwidth=not supplied by caller; bandwidth_source=not supplied by caller; iters=not supplied by caller; ridge=not supplied by caller; ridge_source=not supplied by caller; sglang=package not installed,1,3.12.3,,,,200.0,2.13.0,3.7.1,2026-09-23T18:03:27+00:00,0.27.1,200.0
1.0,0.9491595819008658,0,11,2,mixtral-8x7b,bf16,32,64,64,4,8,4,2,64,256,32,18,3,1.3307839632034302,1.3125120401382446,0.012428282696068592,558,42.78923371765349,0.0,1.3304640054702759,1.3275840282440186,True,1635.0,1665.0,1605.0,1665 1620 1620 1620 1620 1620 1635 1635 1650 1650 1635 1635 1605 1605 1635 1635 1635 1605,18,nvml,False,high,True,,1470.0,694.0635,3201.0,False,7.0148492231965065,26.949044383268813,211.60038423538208,True,ok,"LEVEL HIGH (recorded, never an exclusion here): loaded clock 1635 MHz against the 1470 MHz reference. At a duty cycle below 1.0 a HIGH reading is the experiment working, not a cell to drop.","scripts/clock_elasticity.py: bursts of N back-to-back fused_experts calls under one pinned tile, each call L2-flushed and bracketed by its own pre-primed event pair, the FIRST call of every burst discarded as a drained-queue launch, a host-side idle gap after each burst setting the sustained duty cycle, and the SM clock, board power and memory clock read through NVML with the burst still in flight; NOT timing.TIMING_BASIS",,,13.0,580.159.04,True,1,33d28339d8e211bd7fb8caf92bd340b82ae40abb,NVIDIA H200,421a523e82cb,"scripts/clock_elasticity.py: bursts of N back-to-back fused_experts calls under one pinned tile, each call L2-flushed and bracketed by its own pre-primed event pair, the FIRST call of every burst discarded as a drained-queue launch, a host-side idle gap after each burst setting the sustained duty cycle, and the SM clock, board power and memory clock read through NVML with the burst still in flight; NOT timing.TIMING_BASIS",,bandwidth=not supplied by caller; bandwidth_source=not supplied by caller; iters=not supplied by caller; ridge=not supplied by caller; ridge_source=not supplied by caller; sglang=package not installed,1,3.12.3,,,,200.0,2.13.0,3.7.1,2026-09-23T18:03:27+00:00,0.27.1,200.0
1.0,0.9650247424649125,0,11,2,mixtral-8x7b,bf16,32,64,64,4,8,4,3,96,384,21,18,3,1.9991360306739807,1.9595199823379517,0.019499875282785337,360,42.031919956207275,0.0,2.0009279251098633,1.9914560317993164,True,1605.0,1620.0,1590.0,1620 1605 1605 1590 1590 1620 1620 1620 1620 1620 1590 1590 1605 1605 1605 1605 1605 1590,18,nvml,False,high,True,,1470.0,695.668,3201.0,False,4.639778286218643,18.720432037250205,205.00051188468933,True,ok,"LEVEL HIGH (recorded, never an exclusion here): loaded clock 1605 MHz against the 1470 MHz reference. At a duty cycle below 1.0 a HIGH reading is the experiment working, not a cell to drop.","scripts/clock_elasticity.py: bursts of N back-to-back fused_experts calls under one pinned tile, each call L2-flushed and bracketed by its own pre-primed event pair, the FIRST call of every burst discarded as a drained-queue launch, a host-side idle gap after each burst setting the sustained duty cycle, and the SM clock, board power and memory clock read through NVML with the burst still in flight; NOT timing.TIMING_BASIS",,,13.0,580.159.04,True,1,33d28339d8e211bd7fb8caf92bd340b82ae40abb,NVIDIA H200,421a523e82cb,"scripts/clock_elasticity.py: bursts of N back-to-back fused_experts calls under one pinned tile, each call L2-flushed and bracketed by its own pre-primed event pair, the FIRST call of every burst discarded as a drained-queue launch, a host-side idle gap after each burst setting the sustained duty cycle, and the SM clock, board power and memory clock read through NVML with the burst still in flight; NOT timing.TIMING_BASIS",,bandwidth=not supplied by caller; bandwidth_source=not supplied by caller; iters=not supplied by caller; ridge=not supplied by caller; ridge_source=not supplied by caller; sglang=package not installed,1,3.12.3,,,,200.0,2.13.0,3.7.1,2026-09-23T18:03:27+00:00,0.27.1,200.0
1.0,0.971242811979406,0,11,2,mixtral-8x7b,bf16,32,64,64,4,8,4,4,128,512,17,18,3,2.438912034034729,2.394047975540161,0.023619131941683285,288,41.74065068033006,0.0,2.449176013469696,2.459984004497528,True,1710.0,1740.0,1680.0,1740 1695 1695 1725 1725 1710 1710 1710 1725 1725 1695 1695 1755 1755 1755 1710 1710 1680,18,nvml,False,high,True,,1470.0,694.073,3201.0,False,3.8591097109019756,15.449091708289549,204.78489542007446,True,ok,"LEVEL HIGH (recorded, never an exclusion here): loaded clock 1710 MHz against the 1470 MHz reference. At a duty cycle below 1.0 a HIGH reading is the experiment working, not a cell to drop.","scripts/clock_elasticity.py: bursts of N back-to-back fused_experts calls under one pinned tile, each call L2-flushed and bracketed by its own pre-primed event pair, the FIRST call of every burst discarded as a drained-queue launch, a host-side idle gap after each burst setting the sustained duty cycle, and the SM clock, board power and memory clock read through NVML with the burst still in flight; NOT timing.TIMING_BASIS",,,13.0,580.159.04,True,1,33d28339d8e211bd7fb8caf92bd340b82ae40abb,NVIDIA H200,421a523e82cb,"scripts/clock_elasticity.py: bursts of N back-to-back fused_experts calls under one pinned tile, each call L2-flushed and bracketed by its own pre-primed event pair, the FIRST call of every burst discarded as a drained-queue launch, a host-side idle gap after each burst setting the sustained duty cycle, and the SM clock, board power and memory clock read through NVML with the burst still in flight; NOT timing.TIMING_BASIS",,bandwidth=not supplied by caller; bandwidth_source=not supplied by caller; iters=not supplied by caller; ridge=not supplied by caller; ridge_source=not supplied by caller; sglang=package not installed,1,3.12.3,,,,200.0,2.13.0,3.7.1,2026-09-23T18:03:27+00:00,0.27.1,200.0
1.0,0.9775156198978291,0,11,2,mixtral-8x7b,bf16,32,64,64,4,8,4,5,160,640,13,18,3,3.2164158821105957,3.0958399772644043,0.036155988483792034,216,41.75395193364885,0.0,3.2167999744415283,3.216368079185486,True,1635.0,1620.0,1635.0,1620 1620 1680 1680 1680 1635 1635 1635 1635 1635 1635 1635 1620 1620 1635 1635 1635 1635,18,nvml,False,high,True,,1470.0,694.477,3201.0,False,2.9491051100194454,12.082099489007811,247.36387133598328,True,ok,"LEVEL HIGH (recorded, never an exclusion here): loaded clock 1635 MHz against the 1470 MHz reference. At a duty cycle below 1.0 a HIGH reading is the experiment working, not a cell to drop.","scripts/clock_elasticity.py: bursts of N back-to-back fused_experts calls under one pinned tile, each call L2-flushed and bracketed by its own pre-primed event pair, the FIRST call of every burst discarded as a drained-queue launch, a host-side idle gap after each burst setting the sustained duty cycle, and the SM clock, board power and memory clock read through NVML with the burst still in flight; NOT timing.TIMING_BASIS",,,13.0,580.159.04,True,1,33d28339d8e211bd7fb8caf92bd340b82ae40abb,NVIDIA H200,421a523e82cb,"scripts/clock_elasticity.py: bursts of N back-to-back fused_experts calls under one pinned tile, each call L2-flushed and bracketed by its own pre-primed event pair, the FIRST call of every burst discarded as a drained-queue launch, a host-side idle gap after each burst setting the sustained duty cycle, and the SM clock, board power and memory clock read through NVML with the burst still in flight; NOT timing.TIMING_BASIS",,bandwidth=not supplied by caller; bandwidth_source=not supplied by caller; iters=not supplied by caller; ridge=not supplied by caller; ridge_source=not supplied by caller; sglang=package not installed,1,3.12.3,,,,200.0,2.13.0,3.7.1,2026-09-23T18:03:27+00:00,0.27.1,200.0
1.0,0.9806138247656415,0,11,2,mixtral-8x7b,bf16,32,64,64,4,8,4,6,192,768,11,18,3,3.7551039457321167,3.7049601078033447,0.04137280602018527,180,41.480913784768845,0.0,3.7626880407333374,3.7641680240631104,True,1680.0,1695.0,1635.0,1695 1695 1695 1680 1680 1695 1695 1665 1665 1665 1665 1665 1695 1695 1695 1650 1650 1635,18,nvml,False,high,True,,1470.0,695.13,3201.0,False,2.4999561719596386,10.320776343723052,202.8866240978241,True,ok,"LEVEL HIGH (recorded, never an exclusion here): loaded clock 1680 MHz against the 1470 MHz reference. At a duty cycle below 1.0 a HIGH reading is the experiment working, not a cell to drop.","scripts/clock_elasticity.py: bursts of N back-to-back fused_experts calls under one pinned tile, each call L2-flushed and bracketed by its own pre-primed event pair, the FIRST call of every burst discarded as a drained-queue launch, a host-side idle gap after each burst setting the sustained duty cycle, and the SM clock, board power and memory clock read through NVML with the burst still in flight; NOT timing.TIMING_BASIS",,,13.0,580.159.04,True,1,33d28339d8e211bd7fb8caf92bd340b82ae40abb,NVIDIA H200,421a523e82cb,"scripts/clock_elasticity.py: bursts of N back-to-back fused_experts calls under one pinned tile, each call L2-flushed and bracketed by its own pre-primed event pair, the FIRST call of every burst discarded as a drained-queue launch, a host-side idle gap after each burst setting the sustained duty cycle, and the SM clock, board power and memory clock read through NVML with the burst still in flight; NOT timing.TIMING_BASIS",,bandwidth=not supplied by caller; bandwidth_source=not supplied by caller; iters=not supplied by caller; ridge=not supplied by caller; ridge_source=not supplied by caller; sglang=package not installed,1,3.12.3,,,,200.0,2.13.0,3.7.1,2026-09-23T18:03:27+00:00,0.27.1,200.0
1.0,0.9831532911695112,0,11,2,mixtral-8x7b,bf16,32,64,64,4,8,4,7,224,896,8,18,3,4.406432151794434,4.361567974090576,0.034256657206608865,126,35.31948788960775,0.0,4.406064033508301,4.407727956771851,True,1665.0,1650.0,1650.0,1650 1680 1680 1680 1680 1680 1680 1680 1680 1665 1665 1665 1665 1665 1665 1650 1650 1650,18,nvml,False,high,True,,1470.0,693.7049999999999,3201.0,False,1.8322169780731201,7.5751115705588505,209.52713632583618,True,ok,"LEVEL HIGH (recorded, never an exclusion here): loaded clock 1665 MHz against the 1470 MHz reference. At a duty cycle below 1.0 a HIGH reading is the experiment working, not a cell to drop.","scripts/clock_elasticity.py: bursts of N back-to-back fused_experts calls under one pinned tile, each call L2-flushed and bracketed by its own pre-primed event pair, the FIRST call of every burst discarded as a drained-queue launch, a host-side idle gap after each burst setting the sustained duty cycle, and the SM clock, board power and memory clock read through NVML with the burst still in flight; NOT timing.TIMING_BASIS",,,13.0,580.159.04,True,1,33d28339d8e211bd7fb8caf92bd340b82ae40abb,NVIDIA H200,421a523e82cb,"scripts/clock_elasticity.py: bursts of N back-to-back fused_experts calls under one pinned tile, each call L2-flushed and bracketed by its own pre-primed event pair, the FIRST call of every burst discarded as a drained-queue launch, a host-side idle gap after each burst setting the sustained duty cycle, and the SM clock, board power and memory clock read through NVML with the burst still in flight; NOT timing.TIMING_BASIS",,bandwidth=not supplied by caller; bandwidth_source=not supplied by caller; iters=not supplied by caller; ridge=not supplied by caller; ridge_source=not supplied by caller; sglang=package not installed,1,3.12.3,,,,200.0,2.13.0,3.7.1,2026-09-23T18:03:27+00:00,0.27.1,200.0
1.0,0.9847824127622591,0,11,2,mixtral-8x7b,bf16,32,64,64,4,8,4,8,256,1024,8,18,3,4.881615877151489,4.787871837615967,0.04993459912992862,126,39.2177865770128,0.0,4.881215810775757,4.88156795501709,True,1710.0,1740.0,1710.0,1740 1740 1740 1710 1710 1710 1710 1710 1695 1695 1710 1710 1710 1695 1695 1710 1710 1710,18,nvml,False,high,True,,1470.0,693.803,3201.0,False,1.8545989878475666,7.612882525820978,269.55679988861084,True,ok,"LEVEL HIGH (recorded, never an exclusion here): loaded clock 1710 MHz against the 1470 MHz reference. At a duty cycle below 1.0 a HIGH reading is the experiment working, not a cell to drop.","scripts/clock_elasticity.py: bursts of N back-to-back fused_experts calls under one pinned tile, each call L2-flushed and bracketed by its own pre-primed event pair, the FIRST call of every burst discarded as a drained-queue launch, a host-side idle gap after each burst setting the sustained duty cycle, and the SM clock, board power and memory clock read through NVML with the burst still in flight; NOT timing.TIMING_BASIS",,,13.0,580.159.04,True,1,33d28339d8e211bd7fb8caf92bd340b82ae40abb,NVIDIA H200,421a523e82cb,"scripts/clock_elasticity.py: bursts of N back-to-back fused_experts calls under one pinned tile, each call L2-flushed and bracketed by its own pre-primed event pair, the FIRST call of every burst discarded as a drained-queue launch, a host-side idle gap after each burst setting the sustained duty cycle, and the SM clock, board power and memory clock read through NVML with the burst still in flight; NOT timing.TIMING_BASIS",,bandwidth=not supplied by caller; bandwidth_source=not supplied by caller; iters=not supplied by caller; ridge=not supplied by caller; ridge_source=not supplied by caller; sglang=package not installed,1,3.12.3,,,,200.0,2.13.0,3.7.1,2026-09-23T18:03:27+00:00,0.27.1,200.0
1.0,0.9155798703098266,0,12,0,mixtral-8x7b,bf16,32,64,64,4,8,4,1,32,128,53,18,3,0.7734400033950806,0.7611839771270752,0.00521183337736638,936,41.10894752211041,0.0,0.7740639746189117,0.7729760110378265,True,1485.0,1470.0,1485.0,1470 1470 1500 1500 1500 1500 1500 1500 1500 1470 1470 1485 1485 1455 1455 1455 1485 1485,18,nvml,True,,True,,1470.0,699.412,3201.0,False,11.56869949772954,39.08439233852629,247.10060840845108,True,ok,,"scripts/clock_elasticity.py: bursts of N back-to-back fused_experts calls under one pinned tile, each call L2-flushed and bracketed by its own pre-primed event pair, the FIRST call of every burst discarded as a drained-queue launch, a host-side idle gap after each burst setting the sustained duty cycle, and the SM clock, board power and memory clock read through NVML with the burst still in flight; NOT timing.TIMING_BASIS",,,13.0,580.159.04,True,1,33d28339d8e211bd7fb8caf92bd340b82ae40abb,NVIDIA H200,421a523e82cb,"scripts/clock_elasticity.py: bursts of N back-to-back fused_experts calls under one pinned tile, each call L2-flushed and bracketed by its own pre-primed event pair, the FIRST call of every burst discarded as a drained-queue launch, a host-side idle gap after each burst setting the sustained duty cycle, and the SM clock, board power and memory clock read through NVML with the burst still in flight; NOT timing.TIMING_BASIS",,bandwidth=not supplied by caller; bandwidth_source=not supplied by caller; iters=not supplied by caller; ridge=not supplied by caller; ridge_source=not supplied by caller; sglang=package not installed,1,3.12.3,,,,200.0,2.13.0,3.7.1,2026-09-23T18:03:27+00:00,0.27.1,200.0
1.0,0.9490913158690463,0,12,0,mixtral-8x7b,bf16,32,64,64,4,8,4,2,64,256,32,18,3,1.331167995929718,1.3091200590133667,0.014893283567257713,558,42.79007295767466,0.0,1.3338559865951538,1.3279359936714172,True,1620.0,1635.0,1605.0,1635 1650 1650 1650 1620 1620 1620 1620 1620 1620 1620 1620 1620 1635 1635 1635 1635 1605,18,nvml,False,high,True,,1470.0,694.656,3201.0,False,7.0229750126600266,26.915807834698526,212.7051202058792,True,ok,"LEVEL HIGH (recorded, never an exclusion here): loaded clock 1620 MHz against the 1470 MHz reference. At a duty cycle below 1.0 a HIGH reading is the experiment working, not a cell to drop.","scripts/clock_elasticity.py: bursts of N back-to-back fused_experts calls under one pinned tile, each call L2-flushed and bracketed by its own pre-primed event pair, the FIRST call of every burst discarded as a drained-queue launch, a host-side idle gap after each burst setting the sustained duty cycle, and the SM clock, board power and memory clock read through NVML with the burst still in flight; NOT timing.TIMING_BASIS",,,13.0,580.159.04,True,1,33d28339d8e211bd7fb8caf92bd340b82ae40abb,NVIDIA H200,421a523e82cb,"scripts/clock_elasticity.py: bursts of N back-to-back fused_experts calls under one pinned tile, each call L2-flushed and bracketed by its own pre-primed event pair, the FIRST call of every burst discarded as a drained-queue launch, a host-side idle gap after each burst setting the sustained duty cycle, and the SM clock, board power and memory clock read through NVML with the burst still in flight; NOT timing.TIMING_BASIS",,bandwidth=not supplied by caller; bandwidth_source=not supplied by caller; iters=not supplied by caller; ridge=not supplied by caller; ridge_source=not supplied by caller; sglang=package not installed,1,3.12.3,,,,200.0,2.13.0,3.7.1,2026-09-23T18:03:27+00:00,0.27.1,200.0
1.0,0.965073338410523,0,12,0,mixtral-8x7b,bf16,32,64,64,4,8,4,3,96,384,21,18,3,2.001855969429016,1.9594240188598633,0.02221624486517849,360,42.17283911175198,0.0,2.000175952911377,2.0016000270843506,True,1590.0,1605.0,1590.0,1605 1605 1620 1620 1590 1590 1590 1590 1590 1605 1605 1590 1590 1590 1605 1605 1590 1590,18,nvml,False,high,True,,1470.0,693.219,3201.0,False,4.650825168937445,18.71025499037867,250.4323207139969,True,ok,"LEVEL HIGH (recorded, never an exclusion here): loaded clock 1590 MHz against the 1470 MHz reference. At a duty cycle below 1.0 a HIGH reading is the experiment working, not a cell to drop.","scripts/clock_elasticity.py: bursts of N back-to-back fused_experts calls under one pinned tile, each call L2-flushed and bracketed by its own pre-primed event pair, the FIRST call of every burst discarded as a drained-queue launch, a host-side idle gap after each burst setting the sustained duty cycle, and the SM clock, board power and memory clock read through NVML with the burst still in flight; NOT timing.TIMING_BASIS",,,13.0,580.159.04,True,1,33d28339d8e211bd7fb8caf92bd340b82ae40abb,NVIDIA H200,421a523e82cb,"scripts/clock_elasticity.py: bursts of N back-to-back fused_experts calls under one pinned tile, each call L2-flushed and bracketed by its own pre-primed event pair, the FIRST call of every burst discarded as a drained-queue launch, a host-side idle gap after each burst setting the sustained duty cycle, and the SM clock, board power and memory clock read through NVML with the burst still in flight; NOT timing.TIMING_BASIS",,bandwidth=not supplied by caller; bandwidth_source=not supplied by caller; iters=not supplied by caller; ridge=not supplied by caller; ridge_source=not supplied by caller; sglang=package not installed,1,3.12.3,,,,200.0,2.13.0,3.7.1,2026-09-23T18:03:27+00:00,0.27.1,200.0
1.0,0.9710988197545335,0,12,0,mixtral-8x7b,bf16,32,64,64,4,8,4,4,128,512,17,18,3,2.4379040002822876,2.350559949874878,0.0322037651387626,288,41.617543114556206,0.0,2.4376959800720215,2.437831997871399,True,1725.0,1740.0,1710.0,1740 1740 1740 1740 1770 1770 1770 1725 1725 1710 1710 1725 1725 1725 1710 1710 1710 1710,18,nvml,False,high,True,,1470.0,693.306,3201.0,False,3.8642841391265392,15.415167591053194,207.58560037612915,True,ok,"LEVEL HIGH (recorded, never an exclusion here): loaded clock 1725 MHz against the 1470 MHz reference. At a duty cycle below 1.0 a HIGH reading is the experiment working, not a cell to drop.","scripts/clock_elasticity.py: bursts of N back-to-back fused_experts calls under one pinned tile, each call L2-flushed and bracketed by its own pre-primed event pair, the FIRST call of every burst discarded as a drained-queue launch, a host-side idle gap after each burst setting the sustained duty cycle, and the SM clock, board power and memory clock read through NVML with the burst still in flight; NOT timing.TIMING_BASIS",,,13.0,580.159.04,True,1,33d28339d8e211bd7fb8caf92bd340b82ae40abb,NVIDIA H200,421a523e82cb,"scripts/clock_elasticity.py: bursts of N back-to-back fused_experts calls under one pinned tile, each call L2-flushed and bracketed by its own pre-primed event pair, the FIRST call of every burst discarded as a drained-queue launch, a host-side idle gap after each burst setting the sustained duty cycle, and the SM clock, board power and memory clock read through NVML with the burst still in flight; NOT timing.TIMING_BASIS",,bandwidth=not supplied by caller; bandwidth_source=not supplied by caller; iters=not supplied by caller; ridge=not supplied by caller; ridge_source=not supplied by caller; sglang=package not installed,1,3.12.3,,,,200.0,2.13.0,3.7.1,2026-09-23T18:03:27+00:00,0.27.1,200.0
1.0,0.9775325199808375,0,12,0,mixtral-8x7b,bf16,32,64,64,4,8,4,5,160,640,13,18,3,3.2192959785461426,3.0952959060668945,0.03886326438589719,216,41.75402312808566,0.0,3.220752000808716,3.204911947250366,True,1635.0,1605.0,1605.0,1605 1605 1650 1650 1650 1665 1665 1650 1650 1620 1620 1620 1635 1635 1635 1635 1605 1605,18,nvml,False,high,True,,1470.0,694.077,3201.0,False,2.954862080514431,12.082056198193223,206.14268851280212,True,ok,"LEVEL HIGH (recorded, never an exclusion here): loaded clock 1635 MHz against the 1470 MHz reference. At a duty cycle below 1.0 a HIGH reading is the experiment working, not a cell to drop.","scripts/clock_elasticity.py: bursts of N back-to-back fused_experts calls under one pinned tile, each call L2-flushed and bracketed by its own pre-primed event pair, the FIRST call of every burst discarded as a drained-queue launch, a host-side idle gap after each burst setting the sustained duty cycle, and the SM clock, board power and memory clock read through NVML with the burst still in flight; NOT timing.TIMING_BASIS",,,13.0,580.159.04,True,1,33d28339d8e211bd7fb8caf92bd340b82ae40abb,NVIDIA H200,421a523e82cb,"scripts/clock_elasticity.py: bursts of N back-to-back fused_experts calls under one pinned tile, each call L2-flushed and bracketed by its own pre-primed event pair, the FIRST call of every burst discarded as a drained-queue launch, a host-side idle gap after each burst setting the sustained duty cycle, and the SM clock, board power and memory clock read through NVML with the burst still in flight; NOT timing.TIMING_BASIS",,bandwidth=not supplied by caller; bandwidth_source=not supplied by caller; iters=not supplied by caller; ridge=not supplied by caller; ridge_source=not supplied by caller; sglang=package not installed,1,3.12.3,,,,200.0,2.13.0,3.7.1,2026-09-23T18:03:27+00:00,0.27.1,200.0
1.0,0.9806009232555895,0,12,0,mixtral-8x7b,bf16,32,64,64,4,8,4,6,192,768,11,18,3,3.743391990661621,3.7051520347595215,0.03669243192801796,180,41.43839820226034,0.0,3.7483760118484497,3.743167996406555,True,1672.5,1650.0,1650.0,1650 1650 1650 1695 1695 1695 1695 1695 1680 1680 1680 1680 1665 1665 1665 1650 1650 1650,18,nvml,False,high,True,,1470.0,694.044,3201.0,False,2.4937703274190426,10.31803785622065,204.82985615730286,True,ok,"LEVEL HIGH (recorded, never an exclusion here): loaded clock 1672 MHz against the 1470 MHz reference. At a duty cycle below 1.0 a HIGH reading is the experiment working, not a cell to drop.","scripts/clock_elasticity.py: bursts of N back-to-back fused_experts calls under one pinned tile, each call L2-flushed and bracketed by its own pre-primed event pair, the FIRST call of every burst discarded as a drained-queue launch, a host-side idle gap after each burst setting the sustained duty cycle, and the SM clock, board power and memory clock read through NVML with the burst still in flight; NOT timing.TIMING_BASIS",,,13.0,580.159.04,True,1,33d28339d8e211bd7fb8caf92bd340b82ae40abb,NVIDIA H200,421a523e82cb,"scripts/clock_elasticity.py: bursts of N back-to-back fused_experts calls under one pinned tile, each call L2-flushed and bracketed by its own pre-primed event pair, the FIRST call of every burst discarded as a drained-queue launch, a host-side idle gap after each burst setting the sustained duty cycle, and the SM clock, board power and memory clock read through NVML with the burst still in flight; NOT timing.TIMING_BASIS",,bandwidth=not supplied by caller; bandwidth_source=not supplied by caller; iters=not supplied by caller; ridge=not supplied by caller; ridge_source=not supplied by caller; sglang=package not installed,1,3.12.3,,,,200.0,2.13.0,3.7.1,2026-09-23T18:03:27+00:00,0.27.1,200.0
1.0,0.9831866274590785,0,12,0,mixtral-8x7b,bf16,32,64,64,4,8,4,7,224,896,8,18,3,4.407072067260742,4.321055889129639,0.04164071974188042,126,35.38560173246596,0.0,4.4218080043792725,4.4102559089660645,True,1665.0,1650.0,1650.0,1650 1650 1650 1650 1680 1680 1680 1680 1680 1665 1665 1665 1680 1680 1680 1650 1650 1650,18,nvml,False,high,True,,1470.0,694.6659999999999,3201.0,False,1.8489300273358822,7.5773873948448776,211.89359998703003,True,ok,"LEVEL HIGH (recorded, never an exclusion here): loaded clock 1665 MHz against the 1470 MHz reference. At a duty cycle below 1.0 a HIGH reading is the experiment working, not a cell to drop.","scripts/clock_elasticity.py: bursts of N back-to-back fused_experts calls under one pinned tile, each call L2-flushed and bracketed by its own pre-primed event pair, the FIRST call of every burst discarded as a drained-queue launch, a host-side idle gap after each burst setting the sustained duty cycle, and the SM clock, board power and memory clock read through NVML with the burst still in flight; NOT timing.TIMING_BASIS",,,13.0,580.159.04,True,1,33d28339d8e211bd7fb8caf92bd340b82ae40abb,NVIDIA H200,421a523e82cb,"scripts/clock_elasticity.py: bursts of N back-to-back fused_experts calls under one pinned tile, each call L2-flushed and bracketed by its own pre-primed event pair, the FIRST call of every burst discarded as a drained-queue launch, a host-side idle gap after each burst setting the sustained duty cycle, and the SM clock, board power and memory clock read through NVML with the burst still in flight; NOT timing.TIMING_BASIS",,bandwidth=not supplied by caller; bandwidth_source=not supplied by caller; iters=not supplied by caller; ridge=not supplied by caller; ridge_source=not supplied by caller; sglang=package not installed,1,3.12.3,,,,200.0,2.13.0,3.7.1,2026-09-23T18:03:27+00:00,0.27.1,200.0
1.0,0.9847777427049326,0,12,0,mixtral-8x7b,bf16,32,64,64,4,8,4,8,256,1024,8,18,3,4.881648063659668,4.7869439125061035,0.036764159031166435,126,39.16891911294725,0.0,4.881664037704468,4.882319927215576,True,1710.0,1710.0,1695.0,1710 1740 1740 1740 1710 1710 1725 1725 1725 1710 1710 1710 1710 1710 1725 1725 1695 1695,18,nvml,False,high,True,,1470.0,692.577,3201.0,False,1.8415534868836403,7.6189984079219295,233.89183855056763,True,ok,"LEVEL HIGH (recorded, never an exclusion here): loaded clock 1710 MHz against the 1470 MHz reference. At a duty cycle below 1.0 a HIGH reading is the experiment working, not a cell to drop.","scripts/clock_elasticity.py: bursts of N back-to-back fused_experts calls under one pinned tile, each call L2-flushed and bracketed by its own pre-primed event pair, the FIRST call of every burst discarded as a drained-queue launch, a host-side idle gap after each burst setting the sustained duty cycle, and the SM clock, board power and memory clock read through NVML with the burst still in flight; NOT timing.TIMING_BASIS",,,13.0,580.159.04,True,1,33d28339d8e211bd7fb8caf92bd340b82ae40abb,NVIDIA H200,421a523e82cb,"scripts/clock_elasticity.py: bursts of N back-to-back fused_experts calls under one pinned tile, each call L2-flushed and bracketed by its own pre-primed event pair, the FIRST call of every burst discarded as a drained-queue launch, a host-side idle gap after each burst setting the sustained duty cycle, and the SM clock, board power and memory clock read through NVML with the burst still in flight; NOT timing.TIMING_BASIS",,bandwidth=not supplied by caller; bandwidth_source=not supplied by caller; iters=not supplied by caller; ridge=not supplied by caller; ridge_source=not supplied by caller; sglang=package not installed,1,3.12.3,,,,200.0,2.13.0,3.7.1,2026-09-23T18:03:27+00:00,0.27.1,200.0
0.5,0.4732443496640241,1,12,1,mixtral-8x7b,bf16,32,64,64,4,8,4,1,32,128,53,18,3,0.7416159808635712,0.732479989528656,0.0042859526311274775,936,39.458254251215195,40.11147417426109,0.7413440048694611,0.7416639924049377,True,1942.5,1905.0,1860.0,1905 1950 1935 1815 1830 1830 1965 1950 1950 1965 1815 1815 1950 1950 1950 1965 1860 1860,18,nvml,False,high,True,,1470.0,509.499,3201.0,False,11.577466037124395,37.50001077579175,315.8392316699028,True,ok,"LEVEL HIGH (recorded, never an exclusion here): loaded clock 1942 MHz against the 1470 MHz reference. At a duty cycle below 1.0 a HIGH reading is the experiment working, not a cell to drop.","scripts/clock_elasticity.py: bursts of N back-to-back fused_experts calls under one pinned tile, each call L2-flushed and bracketed by its own pre-primed event pair, the FIRST call of every burst discarded as a drained-queue launch, a host-side idle gap after each burst setting the sustained duty cycle, and the SM clock, board power and memory clock read through NVML with the burst still in flight; NOT timing.TIMING_BASIS",,,13.0,580.159.04,True,1,33d28339d8e211bd7fb8caf92bd340b82ae40abb,NVIDIA H200,421a523e82cb,"scripts/clock_elasticity.py: bursts of N back-to-back fused_experts calls under one pinned tile, each call L2-flushed and bracketed by its own pre-primed event pair, the FIRST call of every burst discarded as a drained-queue launch, a host-side idle gap after each burst setting the sustained duty cycle, and the SM clock, board power and memory clock read through NVML with the burst still in flight; NOT timing.TIMING_BASIS",,bandwidth=not supplied by caller; bandwidth_source=not supplied by caller; iters=not supplied by caller; ridge=not supplied by caller; ridge_source=not supplied by caller; sglang=package not installed,1,3.12.3,,,,200.0,2.13.0,3.7.1,2026-09-23T18:03:27+00:00,0.27.1,200.0
0.5,0.4577866717527515,1,12,1,mixtral-8x7b,bf16,32,64,64,4,8,4,2,64,256,32,18,3,1.111680030822754,1.0911040306091309,0.020904913916296945,558,35.91858668459786,40.203604804144966,1.117680013179779,1.109984040260315,True,1890.0,1800.0,1935.0,1800 1890 1890 1935 1935 1725 1725 1845 1920 1875 1950 1950 1950 1950 1845 1890 1890 1935,18,nvml,False,high,False,settling upward,1470.0,507.389,3201.0,False,7.066494319587946,25.294135534440624,250.8169595003128,True,ok,"LEVEL HIGH (recorded, never an exclusion here): loaded clock 1890 MHz against the 1470 MHz reference. At a duty cycle below 1.0 a HIGH reading is the experiment working, not a cell to drop.; DRIFT failed, settling upward: 1800 -> 1935 MHz over 18 bursts; this cell is EXCLUDED","scripts/clock_elasticity.py: bursts of N back-to-back fused_experts calls under one pinned tile, each call L2-flushed and bracketed by its own pre-primed event pair, the FIRST call of every burst discarded as a drained-queue launch, a host-side idle gap after each burst setting the sustained duty cycle, and the SM clock, board power and memory clock read through NVML with the burst still in flight; NOT timing.TIMING_BASIS",,,13.0,580.159.04,True,1,33d28339d8e211bd7fb8caf92bd340b82ae40abb,NVIDIA H200,421a523e82cb,"scripts/clock_elasticity.py: bursts of N back-to-back fused_experts calls under one pinned tile, each call L2-flushed and bracketed by its own pre-primed event pair, the FIRST call of every burst discarded as a drained-queue launch, a host-side idle gap after each burst setting the sustained duty cycle, and the SM clock, board power and memory clock read through NVML with the burst still in flight; NOT timing.TIMING_BASIS",,bandwidth=not supplied by caller; bandwidth_source=not supplied by caller; iters=not supplied by caller; ridge=not supplied by caller; ridge_source=not supplied by caller; sglang=package not installed,1,3.12.3,,,,200.0,2.13.0,3.7.1,2026-09-23T18:03:27+00:00,0.27.1,200.0
0.5,0.4596725395812433,1,12,1,mixtral-8x7b,bf16,32,64,64,4,8,4,3,96,384,21,18,3,1.6447040438652039,1.6227200031280518,0.030356228609928537,360,34.90939552254147,39.45093631744385,1.6538719534873962,1.6554719805717468,True,1905.0,1845.0,1950.0,1845 1935 1815 1815 1875 1920 1845 1905 1905 1920 1905 1905 1905 1950 1950 1815 1815 1950,18,nvml,False,high,False,settling upward,1470.0,509.50199999999995,3201.0,False,5.170595366507769,17.952059365077677,244.24041628837585,True,ok,"LEVEL HIGH (recorded, never an exclusion here): loaded clock 1905 MHz against the 1470 MHz reference. At a duty cycle below 1.0 a HIGH reading is the experiment working, not a cell to drop.; DRIFT failed, settling upward: 1845 -> 1950 MHz over 18 bursts; this cell is EXCLUDED","scripts/clock_elasticity.py: bursts of N back-to-back fused_experts calls under one pinned tile, each call L2-flushed and bracketed by its own pre-primed event pair, the FIRST call of every burst discarded as a drained-queue launch, a host-side idle gap after each burst setting the sustained duty cycle, and the SM clock, board power and memory clock read through NVML with the burst still in flight; NOT timing.TIMING_BASIS",,,13.0,580.159.04,True,1,33d28339d8e211bd7fb8caf92bd340b82ae40abb,NVIDIA H200,421a523e82cb,"scripts/clock_elasticity.py: bursts of N back-to-back fused_experts calls under one pinned tile, each call L2-flushed and bracketed by its own pre-primed event pair, the FIRST call of every burst discarded as a drained-queue launch, a host-side idle gap after each burst setting the sustained duty cycle, and the SM clock, board power and memory clock read through NVML with the burst still in flight; NOT timing.TIMING_BASIS",,bandwidth=not supplied by caller; bandwidth_source=not supplied by caller; iters=not supplied by caller; ridge=not supplied by caller; ridge_source=not supplied by caller; sglang=package not installed,1,3.12.3,,,,200.0,2.13.0,3.7.1,2026-09-23T18:03:27+00:00,0.27.1,200.0
0.5,0.46313408114220717,1,12,1,mixtral-8x7b,bf16,32,64,64,4,8,4,4,128,512,17,18,3,2.135856032371521,2.1125760078430176,0.021998240120799713,288,36.50178844398923,41.01500095261468,2.140496015548706,2.1361680030822754,True,1950.0,1965.0,1935.0,1965 1965 1905 1935 1950 1965 1965 1965 1965 1935 1950 1950 1965 1965 1860 1860 1920 1935,18,nvml,False,high,True,,1470.0,488.31,3201.0,False,4.15083859115839,15.012982918320738,219.26620841026306,True,ok,"LEVEL HIGH (recorded, never an exclusion here): loaded clock 1950 MHz against the 1470 MHz reference. At a duty cycle below 1.0 a HIGH reading is the experiment working, not a cell to drop.","scripts/clock_elasticity.py: bursts of N back-to-back fused_experts calls under one pinned tile, each call L2-flushed and bracketed by its own pre-primed event pair, the FIRST call of every burst discarded as a drained-queue launch, a host-side idle gap after each burst setting the sustained duty cycle, and the SM clock, board power and memory clock read through NVML with the burst still in flight; NOT timing.TIMING_BASIS",,,13.0,580.159.04,True,1,33d28339d8e211bd7fb8caf92bd340b82ae40abb,NVIDIA H200,421a523e82cb,"scripts/clock_elasticity.py: bursts of N back-to-back fused_experts calls under one pinned tile, each call L2-flushed and bracketed by its own pre-primed event pair, the FIRST call of every burst discarded as a drained-queue launch, a host-side idle gap after each burst setting the sustained duty cycle, and the SM clock, board power and memory clock read through NVML with the burst still in flight; NOT timing.TIMING_BASIS",,bandwidth=not supplied by caller; bandwidth_source=not supplied by caller; iters=not supplied by caller; ridge=not supplied by caller; ridge_source=not supplied by caller; sglang=package not installed,1,3.12.3,,,,200.0,2.13.0,3.7.1,2026-09-23T18:03:27+00:00,0.27.1,200.0
0.5,0.4665314305513276,1,12,1,mixtral-8x7b,bf16,32,64,64,4,8,4,5,160,640,13,18,3,2.6826239824295044,2.638335943222046,0.04458747383432392,216,35.177891506089104,39.19872866358076,2.690272092819214,2.686047911643982,True,1875.0,1875.0,1920.0,1875 1965 1755 1755 1875 1950 1785 1785 1860 1920 1875 1875 1890 1935 1965 1965 1875 1920,18,nvml,False,high,True,,1470.0,504.496,3201.0,False,3.368017263710499,11.693079253038231,247.203711271286,True,ok,"LEVEL HIGH (recorded, never an exclusion here): loaded clock 1875 MHz against the 1470 MHz reference. At a duty cycle below 1.0 a HIGH reading is the experiment working, not a cell to drop.","scripts/clock_elasticity.py: bursts of N back-to-back fused_experts calls under one pinned tile, each call L2-flushed and bracketed by its own pre-primed event pair, the FIRST call of every burst discarded as a drained-queue launch, a host-side idle gap after each burst setting the sustained duty cycle, and the SM clock, board power and memory clock read through NVML with the burst still in flight; NOT timing.TIMING_BASIS",,,13.0,580.159.04,True,1,33d28339d8e211bd7fb8caf92bd340b82ae40abb,NVIDIA H200,421a523e82cb,"scripts/clock_elasticity.py: bursts of N back-to-back fused_experts calls under one pinned tile, each call L2-flushed and bracketed by its own pre-primed event pair, the FIRST call of every burst discarded as a drained-queue launch, a host-side idle gap after each burst setting the sustained duty cycle, and the SM clock, board power and memory clock read through NVML with the burst still in flight; NOT timing.TIMING_BASIS",,bandwidth=not supplied by caller; bandwidth_source=not supplied by caller; iters=not supplied by caller; ridge=not supplied by caller; ridge_source=not supplied by caller; sglang=package not installed,1,3.12.3,,,,200.0,2.13.0,3.7.1,2026-09-23T18:03:27+00:00,0.27.1,200.0
0.5,0.4669312711527452,1,12,1,mixtral-8x7b,bf16,32,64,64,4,8,4,6,192,768,11,18,3,3.1882879734039307,3.1355199813842773,0.040146363057330006,180,35.2590647538503,39.3654507001241,3.2100239396095276,3.187391996383667,True,1950.0,1950.0,1890.0,1950 1950 1950 1935 1935 1950 1965 1860 1860 1965 1965 1830 1830 1965 1965 1950 1950 1890,18,nvml,False,high,True,,1470.0,503.7475,3201.0,False,2.911941148340702,10.077645297444267,211.9157121181488,True,ok,"LEVEL HIGH (recorded, never an exclusion here): loaded clock 1950 MHz against the 1470 MHz reference. At a duty cycle below 1.0 a HIGH reading is the experiment working, not a cell to drop.","scripts/clock_elasticity.py: bursts of N back-to-back fused_experts calls under one pinned tile, each call L2-flushed and bracketed by its own pre-primed event pair, the FIRST call of every burst discarded as a drained-queue launch, a host-side idle gap after each burst setting the sustained duty cycle, and the SM clock, board power and memory clock read through NVML with the burst still in flight; NOT timing.TIMING_BASIS",,,13.0,580.159.04,True,1,33d28339d8e211bd7fb8caf92bd340b82ae40abb,NVIDIA H200,421a523e82cb,"scripts/clock_elasticity.py: bursts of N back-to-back fused_experts calls under one pinned tile, each call L2-flushed and bracketed by its own pre-primed event pair, the FIRST call of every burst discarded as a drained-queue launch, a host-side idle gap after each burst setting the sustained duty cycle, and the SM clock, board power and memory clock read through NVML with the burst still in flight; NOT timing.TIMING_BASIS",,bandwidth=not supplied by caller; bandwidth_source=not supplied by caller; iters=not supplied by caller; ridge=not supplied by caller; ridge_source=not supplied by caller; sglang=package not installed,1,3.12.3,,,,200.0,2.13.0,3.7.1,2026-09-23T18:03:27+00:00,0.27.1,200.0
0.5,0.4332885113871815,1,12,1,mixtral-8x7b,bf16,32,64,64,4,8,4,7,224,896,8,18,3,3.697983980178833,3.6507198810577393,0.04900599455428628,126,29.79666660891639,38.29125061035156,3.7158238887786865,3.655824065208435,True,1935.0,1920.0,1965.0,1920 1965 1965 1965 1935 1890 1890 1950 1845 1845 1965 1935 1935 1875 1965 1965 1935 1965,18,nvml,False,high,True,,1470.0,487.192,3201.0,False,2.7819410897791386,7.221461374601619,269.1372492313385,True,ok,"LEVEL HIGH (recorded, never an exclusion here): loaded clock 1935 MHz against the 1470 MHz reference. At a duty cycle below 1.0 a HIGH reading is the experiment working, not a cell to drop.","scripts/clock_elasticity.py: bursts of N back-to-back fused_experts calls under one pinned tile, each call L2-flushed and bracketed by its own pre-primed event pair, the FIRST call of every burst discarded as a drained-queue launch, a host-side idle gap after each burst setting the sustained duty cycle, and the SM clock, board power and memory clock read through NVML with the burst still in flight; NOT timing.TIMING_BASIS",,,13.0,580.159.04,True,1,33d28339d8e211bd7fb8caf92bd340b82ae40abb,NVIDIA H200,421a523e82cb,"scripts/clock_elasticity.py: bursts of N back-to-back fused_experts calls under one pinned tile, each call L2-flushed and bracketed by its own pre-primed event pair, the FIRST call of every burst discarded as a drained-queue launch, a host-side idle gap after each burst setting the sustained duty cycle, and the SM clock, board power and memory clock read through NVML with the burst still in flight; NOT timing.TIMING_BASIS",,bandwidth=not supplied by caller; bandwidth_source=not supplied by caller; iters=not supplied by caller; ridge=not supplied by caller; ridge_source=not supplied by caller; sglang=package not installed,1,3.12.3,,,,200.0,2.13.0,3.7.1,2026-09-23T18:03:27+00:00,0.27.1,200.0
0.5,0.46394578704564354,1,12,1,mixtral-8x7b,bf16,32,64,64,4,8,4,8,256,1024,8,18,3,4.231407880783081,4.164031982421875,0.039582451929845414,126,34.002414306004844,38.60643844604492,4.2363200187683105,4.23473596572876,True,1935.0,1890.0,1905.0,1890 1890 1905 1965 1845 1845 1965 1965 1965 1965 1965 1950 1950 1935 1935 1905 1905 1905,18,nvml,False,high,True,,1470.0,489.781,3201.0,False,2.3771249689161777,7.370857165265227,237.0309100151062,True,ok,"LEVEL HIGH (recorded, never an exclusion here): loaded clock 1935 MHz against the 1470 MHz reference. At a duty cycle below 1.0 a HIGH reading is the experiment working, not a cell to drop.","scripts/clock_elasticity.py: bursts of N back-to-back fused_experts calls under one pinned tile, each call L2-flushed and bracketed by its own pre-primed event pair, the FIRST call of every burst discarded as a drained-queue launch, a host-side idle gap after each burst setting the sustained duty cycle, and the SM clock, board power and memory clock read through NVML with the burst still in flight; NOT timing.TIMING_BASIS",,,13.0,580.159.04,True,1,33d28339d8e211bd7fb8caf92bd340b82ae40abb,NVIDIA H200,421a523e82cb,"scripts/clock_elasticity.py: bursts of N back-to-back fused_experts calls under one pinned tile, each call L2-flushed and bracketed by its own pre-primed event pair, the FIRST call of every burst discarded as a drained-queue launch, a host-side idle gap after each burst setting the sustained duty cycle, and the SM clock, board power and memory clock read through NVML with the burst still in flight; NOT timing.TIMING_BASIS",,bandwidth=not supplied by caller; bandwidth_source=not supplied by caller; iters=not supplied by caller; ridge=not supplied by caller; ridge_source=not supplied by caller; sglang=package not installed,1,3.12.3,,,,200.0,2.13.0,3.7.1,2026-09-23T18:03:27+00:00,0.27.1,200.0
0.25,0.2413289805549697,2,12,2,mixtral-8x7b,bf16,32,64,64,4,8,4,1,32,128,53,18,3,0.7410080134868622,0.7326080203056335,0.004425016693193412,936,39.49604447020425,120.33442252278327,0.7408159971237183,0.7415680289268494,True,1950.0,1980.0,1980.0,1980 1950 1830 1935 1965 1890 1950 1965 1905 1965 1965 1905 1950 1845 1935 1965 1965 1980,18,nvml,False,high,True,,1470.0,326.7215,3201.0,False,17.43147987872362,30.39058413733476,237.32025587558746,True,ok,"LEVEL HIGH (recorded, never an exclusion here): loaded clock 1950 MHz against the 1470 MHz reference. At a duty cycle below 1.0 a HIGH reading is the experiment working, not a cell to drop.","scripts/clock_elasticity.py: bursts of N back-to-back fused_experts calls under one pinned tile, each call L2-flushed and bracketed by its own pre-primed event pair, the FIRST call of every burst discarded as a drained-queue launch, a host-side idle gap after each burst setting the sustained duty cycle, and the SM clock, board power and memory clock read through NVML with the burst still in flight; NOT timing.TIMING_BASIS",,,13.0,580.159.04,True,1,33d28339d8e211bd7fb8caf92bd340b82ae40abb,NVIDIA H200,421a523e82cb,"scripts/clock_elasticity.py: bursts of N back-to-back fused_experts calls under one pinned tile, each call L2-flushed and bracketed by its own pre-primed event pair, the FIRST call of every burst discarded as a drained-queue launch, a host-side idle gap after each burst setting the sustained duty cycle, and the SM clock, board power and memory clock read through NVML with the burst still in flight; NOT timing.TIMING_BASIS",,bandwidth=not supplied by caller; bandwidth_source=not supplied by caller; iters=not supplied by caller; ridge=not supplied by caller; ridge_source=not supplied by caller; sglang=package not installed,1,3.12.3,,,,200.0,2.13.0,3.7.1,2026-09-23T18:03:27+00:00,0.27.1,200.0
0.25,0.22474418060998047,2,12,2,mixtral-8x7b,bf16,32,64,64,4,8,4,2,64,256,32,18,3,1.0992000102996826,1.0950080156326294,0.016147601202226657,558,35.66482135322359,120.6108144124349,1.09825599193573,1.1005600094795227,True,1965.0,1935.0,1950.0,1935 1965 1875 1950 1965 1920 1965 1965 1965 1950 1965 1965 1950 1965 1950 1965 1965 1950,18,nvml,False,high,True,,1470.0,312.2875,3201.0,False,17.349128611385822,16.254178739619622,214.8057280778885,True,ok,"LEVEL HIGH (recorded, never an exclusion here): loaded clock 1965 MHz against the 1470 MHz reference. At a duty cycle below 1.0 a HIGH reading is the experiment working, not a cell to drop.","scripts/clock_elasticity.py: bursts of N back-to-back fused_experts calls under one pinned tile, each call L2-flushed and bracketed by its own pre-primed event pair, the FIRST call of every burst discarded as a drained-queue launch, a host-side idle gap after each burst setting the sustained duty cycle, and the SM clock, board power and memory clock read through NVML with the burst still in flight; NOT timing.TIMING_BASIS",,,13.0,580.159.04,True,1,33d28339d8e211bd7fb8caf92bd340b82ae40abb,NVIDIA H200,421a523e82cb,"scripts/clock_elasticity.py: bursts of N back-to-back fused_experts calls under one pinned tile, each call L2-flushed and bracketed by its own pre-primed event pair, the FIRST call of every burst discarded as a drained-queue launch, a host-side idle gap after each burst setting the sustained duty cycle, and the SM clock, board power and memory clock read through NVML with the burst still in flight; NOT timing.TIMING_BASIS",,bandwidth=not supplied by caller; bandwidth_source=not supplied by caller; iters=not supplied by caller; ridge=not supplied by caller; ridge_source=not supplied by caller; sglang=package not installed,1,3.12.3,,,,200.0,2.13.0,3.7.1,2026-09-23T18:03:27+00:00,0.27.1,200.0
0.25,0.2241359010357756,2,12,2,mixtral-8x7b,bf16,32,64,64,4,8,4,3,96,384,21,18,3,1.6244800090789795,1.6183359622955322,0.023214141964400446,360,34.677377793524,118.35280895233154,1.622767984867096,1.6269279718399048,True,1965.0,1935.0,1950.0,1935 1965 1950 1965 1920 1965 1935 1965 1875 1965 1965 1950 1965 1965 1965 1920 1965 1950,18,nvml,False,high,True,,1470.0,310.9745,3201.0,False,16.125986352562904,11.409177513127473,208.53328013420105,True,ok,"LEVEL HIGH (recorded, never an exclusion here): loaded clock 1965 MHz against the 1470 MHz reference. At a duty cycle below 1.0 a HIGH reading is the experiment working, not a cell to drop.","scripts/clock_elasticity.py: bursts of N back-to-back fused_experts calls under one pinned tile, each call L2-flushed and bracketed by its own pre-primed event pair, the FIRST call of every burst discarded as a drained-queue launch, a host-side idle gap after each burst setting the sustained duty cycle, and the SM clock, board power and memory clock read through NVML with the burst still in flight; NOT timing.TIMING_BASIS",,,13.0,580.159.04,True,1,33d28339d8e211bd7fb8caf92bd340b82ae40abb,NVIDIA H200,421a523e82cb,"scripts/clock_elasticity.py: bursts of N back-to-back fused_experts calls under one pinned tile, each call L2-flushed and bracketed by its own pre-primed event pair, the FIRST call of every burst discarded as a drained-queue launch, a host-side idle gap after each burst setting the sustained duty cycle, and the SM clock, board power and memory clock read through NVML with the burst still in flight; NOT timing.TIMING_BASIS",,bandwidth=not supplied by caller; bandwidth_source=not supplied by caller; iters=not supplied by caller; ridge=not supplied by caller; ridge_source=not supplied by caller; sglang=package not installed,1,3.12.3,,,,200.0,2.13.0,3.7.1,2026-09-23T18:03:27+00:00,0.27.1,200.0
0.25,0.22658028944290814,2,12,2,mixtral-8x7b,bf16,32,64,64,4,8,4,4,128,512,17,18,3,2.1198400259017944,2.1005759239196777,0.01023145994377547,288,36.450325263871086,123.04500285784403,2.1203519701957703,2.119879961013794,True,1965.0,1965.0,1965.0,1965 1965 1980 1980 1965 1965 1965 1965 1920 1950 1965 1950 1965 1965 1965 1965 1950 1965,18,nvml,False,high,True,,1470.0,303.0555,3201.0,False,10.947203263640404,11.412146701673665,219.96073651313782,True,ok,"LEVEL HIGH (recorded, never an exclusion here): loaded clock 1965 MHz against the 1470 MHz reference. At a duty cycle below 1.0 a HIGH reading is the experiment working, not a cell to drop.","scripts/clock_elasticity.py: bursts of N back-to-back fused_experts calls under one pinned tile, each call L2-flushed and bracketed by its own pre-primed event pair, the FIRST call of every burst discarded as a drained-queue launch, a host-side idle gap after each burst setting the sustained duty cycle, and the SM clock, board power and memory clock read through NVML with the burst still in flight; NOT timing.TIMING_BASIS",,,13.0,580.159.04,True,1,33d28339d8e211bd7fb8caf92bd340b82ae40abb,NVIDIA H200,421a523e82cb,"scripts/clock_elasticity.py: bursts of N back-to-back fused_experts calls under one pinned tile, each call L2-flushed and bracketed by its own pre-primed event pair, the FIRST call of every burst discarded as a drained-queue launch, a host-side idle gap after each burst setting the sustained duty cycle, and the SM clock, board power and memory clock read through NVML with the burst still in flight; NOT timing.TIMING_BASIS",,bandwidth=not supplied by caller; bandwidth_source=not supplied by caller; iters=not supplied by caller; ridge=not supplied by caller; ridge_source=not supplied by caller; sglang=package not installed,1,3.12.3,,,,200.0,2.13.0,3.7.1,2026-09-23T18:03:27+00:00,0.27.1,200.0
0.25,0.22817959766669366,2,12,2,mixtral-8x7b,bf16,32,64,64,4,8,4,5,160,640,13,18,3,2.649407982826233,2.6431679725646973,0.023212184710062544,216,35.100771559609306,117.59618599074227,2.64792001247406,2.6513919830322266,True,1965.0,1920.0,1950.0,1920 1965 1965 1905 1950 1965 1965 1965 1965 1965 1935 1965 1950 1965 1890 1965 1965 1950,18,nvml,False,high,True,,1470.0,314.5835,3201.0,False,10.630079545080662,9.028941920963268,210.92576026916504,True,ok,"LEVEL HIGH (recorded, never an exclusion here): loaded clock 1965 MHz against the 1470 MHz reference. At a duty cycle below 1.0 a HIGH reading is the experiment working, not a cell to drop.","scripts/clock_elasticity.py: bursts of N back-to-back fused_experts calls under one pinned tile, each call L2-flushed and bracketed by its own pre-primed event pair, the FIRST call of every burst discarded as a drained-queue launch, a host-side idle gap after each burst setting the sustained duty cycle, and the SM clock, board power and memory clock read through NVML with the burst still in flight; NOT timing.TIMING_BASIS",,,13.0,580.159.04,True,1,33d28339d8e211bd7fb8caf92bd340b82ae40abb,NVIDIA H200,421a523e82cb,"scripts/clock_elasticity.py: bursts of N back-to-back fused_experts calls under one pinned tile, each call L2-flushed and bracketed by its own pre-primed event pair, the FIRST call of every burst discarded as a drained-queue launch, a host-side idle gap after each burst setting the sustained duty cycle, and the SM clock, board power and memory clock read through NVML with the burst still in flight; NOT timing.TIMING_BASIS",,bandwidth=not supplied by caller; bandwidth_source=not supplied by caller; iters=not supplied by caller; ridge=not supplied by caller; ridge_source=not supplied by caller; sglang=package not installed,1,3.12.3,,,,200.0,2.13.0,3.7.1,2026-09-23T18:03:27+00:00,0.27.1,200.0
0.25,0.22887636195865502,2,12,2,mixtral-8x7b,bf16,32,64,64,4,8,4,6,192,768,11,18,3,3.1606240272521973,3.13753604888916,0.026254041196386142,180,35.34195551607344,118.0963521003723,3.1617760062217712,3.162112057209015,True,1965.0,1965.0,1965.0,1965 1965 1980 1920 1965 1965 1965 1965 1920 1965 1950 1965 1860 1965 1935 1875 1965 1965,18,nvml,False,high,True,,1470.0,307.11699999999996,3201.0,False,9.053867310285568,8.144368323213916,212.19849586486816,True,ok,"LEVEL HIGH (recorded, never an exclusion here): loaded clock 1965 MHz against the 1470 MHz reference. At a duty cycle below 1.0 a HIGH reading is the experiment working, not a cell to drop.","scripts/clock_elasticity.py: bursts of N back-to-back fused_experts calls under one pinned tile, each call L2-flushed and bracketed by its own pre-primed event pair, the FIRST call of every burst discarded as a drained-queue launch, a host-side idle gap after each burst setting the sustained duty cycle, and the SM clock, board power and memory clock read through NVML with the burst still in flight; NOT timing.TIMING_BASIS",,,13.0,580.159.04,True,1,33d28339d8e211bd7fb8caf92bd340b82ae40abb,NVIDIA H200,421a523e82cb,"scripts/clock_elasticity.py: bursts of N back-to-back fused_experts calls under one pinned tile, each call L2-flushed and bracketed by its own pre-primed event pair, the FIRST call of every burst discarded as a drained-queue launch, a host-side idle gap after each burst setting the sustained duty cycle, and the SM clock, board power and memory clock read through NVML with the burst still in flight; NOT timing.TIMING_BASIS",,bandwidth=not supplied by caller; bandwidth_source=not supplied by caller; iters=not supplied by caller; ridge=not supplied by caller; ridge_source=not supplied by caller; sglang=package not installed,1,3.12.3,,,,200.0,2.13.0,3.7.1,2026-09-23T18:03:27+00:00,0.27.1,200.0
0.25,0.20622763961974358,2,12,2,mixtral-8x7b,bf16,32,64,64,4,8,4,7,224,896,8,18,3,3.682255983352661,3.6795198917388916,0.009180569620684503,126,30.045436422030132,114.87375183105468,3.6827199459075928,3.682479977607727,True,1965.0,1890.0,1965.0,1890 1965 1965 1965 1935 1965 1965 1965 1950 1965 1965 1905 1965 1965 1965 1950 1965 1965,18,nvml,False,high,True,,1470.0,300.30600000000004,3201.0,False,7.354131434112787,6.0007624903737335,240.1335039138794,True,ok,"LEVEL HIGH (recorded, never an exclusion here): loaded clock 1965 MHz against the 1470 MHz reference. At a duty cycle below 1.0 a HIGH reading is the experiment working, not a cell to drop.","scripts/clock_elasticity.py: bursts of N back-to-back fused_experts calls under one pinned tile, each call L2-flushed and bracketed by its own pre-primed event pair, the FIRST call of every burst discarded as a drained-queue launch, a host-side idle gap after each burst setting the sustained duty cycle, and the SM clock, board power and memory clock read through NVML with the burst still in flight; NOT timing.TIMING_BASIS",,,13.0,580.159.04,True,1,33d28339d8e211bd7fb8caf92bd340b82ae40abb,NVIDIA H200,421a523e82cb,"scripts/clock_elasticity.py: bursts of N back-to-back fused_experts calls under one pinned tile, each call L2-flushed and bracketed by its own pre-primed event pair, the FIRST call of every burst discarded as a drained-queue launch, a host-side idle gap after each burst setting the sustained duty cycle, and the SM clock, board power and memory clock read through NVML with the burst still in flight; NOT timing.TIMING_BASIS",,bandwidth=not supplied by caller; bandwidth_source=not supplied by caller; iters=not supplied by caller; ridge=not supplied by caller; ridge_source=not supplied by caller; sglang=package not installed,1,3.12.3,,,,200.0,2.13.0,3.7.1,2026-09-23T18:03:27+00:00,0.27.1,200.0
0.25,0.22669345683942546,2,12,2,mixtral-8x7b,bf16,32,64,64,4,8,4,8,256,1024,8,18,3,4.1999359130859375,4.196896076202393,0.0058878916937390915,126,34.180652459462486,115.81931533813476,4.200863838195801,4.199504137039185,True,1965.0,1965.0,1965.0,1965 1950 1965 1950 1965 1950 1965 1965 1965 1965 1965 1965 1965 1965 1950 1965 1965 1965,18,nvml,False,high,True,,1470.0,307.2265,3201.0,False,6.732843816280365,6.38458549613743,205.04380702972412,True,ok,"LEVEL HIGH (recorded, never an exclusion here): loaded clock 1965 MHz against the 1470 MHz reference. At a duty cycle below 1.0 a HIGH reading is the experiment working, not a cell to drop.","scripts/clock_elasticity.py: bursts of N back-to-back fused_experts calls under one pinned tile, each call L2-flushed and bracketed by its own pre-primed event pair, the FIRST call of every burst discarded as a drained-queue launch, a host-side idle gap after each burst setting the sustained duty cycle, and the SM clock, board power and memory clock read through NVML with the burst still in flight; NOT timing.TIMING_BASIS",,,13.0,580.159.04,True,1,33d28339d8e211bd7fb8caf92bd340b82ae40abb,NVIDIA H200,421a523e82cb,"scripts/clock_elasticity.py: bursts of N back-to-back fused_experts calls under one pinned tile, each call L2-flushed and bracketed by its own pre-primed event pair, the FIRST call of every burst discarded as a drained-queue launch, a host-side idle gap after each burst setting the sustained duty cycle, and the SM clock, board power and memory clock read through NVML with the burst still in flight; NOT timing.TIMING_BASIS",,bandwidth=not supplied by caller; bandwidth_source=not supplied by caller; iters=not supplied by caller; ridge=not supplied by caller; ridge_source=not supplied by caller; sglang=package not installed,1,3.12.3,,,,200.0,2.13.0,3.7.1,2026-09-23T18:03:27+00:00,0.27.1,200.0
