arm,repeat,block_m,tiles,rows_per_expert,tokens,copies,experts_declared,ms_p50,ms_min,ms_stdev,iters,trials,warmup_ms,instrument,sm_clock_load_mhz,clock_level_ok,clock_level_side,clock_drift_ok,l2_flush,status,detail,duty,power_w,duty_achieved,calls_per_burst,gap_ms,gap_basis,head_ms,tail_ms,within_burst_ok,clock_samples_mhz,host_bound,prov_bandwidth,prov_bandwidth_source,prov_cuda_version,prov_driver_version,prov_git_dirty,prov_git_dirty_files,prov_git_sha,prov_gpu_name,prov_hostname,prov_instrument,prov_iters,prov_missing,prov_provenance_version,prov_python,prov_ridge,prov_ridge_source,prov_sglang,prov_target_ms,prov_torch,prov_triton,prov_utc,prov_vllm,prov_warmup_ms
native,0,32,1,32,256,1,64,1.0571520328521729,1.0533119440078735,0.0015427495817356097,185,3,322.82940769195557,"scripts/clock_elasticity.py: bursts of N back-to-back fused_experts calls under one pinned tile, each call L2-flushed and bracketed by its own pre-primed event pair, the FIRST call of every burst discarded as a drained-queue launch, a host-side idle gap after each burst setting the sustained duty cycle, and the SM clock, board power and memory clock read through NVML with the burst still in flight; NOT timing.TIMING_BASIS",1710.0,False,high,True,True,ok,"LEVEL HIGH (recorded, never an exclusion here): loaded clock 1710 MHz against the 1425 MHz reference. At a duty cycle below 1.0 a HIGH reading is the experiment working, not a cell to drop.",0.25,296.68,0.24989632257779323,38,117.87274751497898,burst,1.0566719770431519,1.0571199655532837,True,1710 1710 1710 1710 1710 1710 1710 1710 1710 1710 1710 1710 1710 1710 1710,False,3726.208637518389,"measured on this device: NVIDIA GH200 480GB (measured), 3726.2 GB/s (triad pattern)",13.0,580.105.08,True,1,684a9e9880f158b02ef3305c67bc5787aa9485d9,NVIDIA GH200 480GB,192-222-58-207,"scripts/clock_elasticity.py: bursts of N back-to-back fused_experts calls under one pinned tile, each call L2-flushed and bracketed by its own pre-primed event pair, the FIRST call of every burst discarded as a drained-queue launch, a host-side idle gap after each burst setting the sustained duty cycle, and the SM clock, board power and memory clock read through NVML with the burst still in flight; NOT timing.TIMING_BASIS | duty 0.25 | each idle gap sized from its own burst (gap_basis burst)",,iters=supplied as None; sglang=package not installed,1,3.12.14,173.5850634662988,"measured on this device: NVIDIA GH200 480GB (measured), 646.8 TFLOP/s bf16 over 3726.2 GB/s (triad pattern); calibrated 2026-09-28 at 684a9e98",,200.0,2.13.0,3.7.1,2026-09-28T23:09:09+00:00,0.27.1,300.0
shared,0,32,1,32,256,1,576,1.094048023223877,1.0913280248641968,0.0010888285416113612,180,3,325.24319982528687,"scripts/clock_elasticity.py: bursts of N back-to-back fused_experts calls under one pinned tile, each call L2-flushed and bracketed by its own pre-primed event pair, the FIRST call of every burst discarded as a drained-queue launch, a host-side idle gap after each burst setting the sustained duty cycle, and the SM clock, board power and memory clock read through NVML with the burst still in flight; NOT timing.TIMING_BASIS",1710.0,False,high,True,True,ok,"LEVEL HIGH (recorded, never an exclusion here): loaded clock 1710 MHz against the 1425 MHz reference. At a duty cycle below 1.0 a HIGH reading is the experiment working, not a cell to drop.",0.25,294.573,0.24989769596441092,37,118.9440101291184,burst,1.0938880443572998,1.0939840078353882,True,1710 1710 1710 1710 1710 1710 1710 1710 1710 1710 1710 1710 1710 1710 1710,False,3726.208637518389,"measured on this device: NVIDIA GH200 480GB (measured), 3726.2 GB/s (triad pattern)",13.0,580.105.08,True,1,684a9e9880f158b02ef3305c67bc5787aa9485d9,NVIDIA GH200 480GB,192-222-58-207,"scripts/clock_elasticity.py: bursts of N back-to-back fused_experts calls under one pinned tile, each call L2-flushed and bracketed by its own pre-primed event pair, the FIRST call of every burst discarded as a drained-queue launch, a host-side idle gap after each burst setting the sustained duty cycle, and the SM clock, board power and memory clock read through NVML with the burst still in flight; NOT timing.TIMING_BASIS | duty 0.25 | each idle gap sized from its own burst (gap_basis burst)",,iters=supplied as None; sglang=package not installed,1,3.12.14,173.5850634662988,"measured on this device: NVIDIA GH200 480GB (measured), 646.8 TFLOP/s bf16 over 3726.2 GB/s (triad pattern); calibrated 2026-09-28 at 684a9e98",,200.0,2.13.0,3.7.1,2026-09-28T23:09:09+00:00,0.27.1,300.0
private,0,32,1,32,256,1,576,1.094208002090454,1.0911999940872192,0.0011700379212983675,175,3,316.53219282627106,"scripts/clock_elasticity.py: bursts of N back-to-back fused_experts calls under one pinned tile, each call L2-flushed and bracketed by its own pre-primed event pair, the FIRST call of every burst discarded as a drained-queue launch, a host-side idle gap after each burst setting the sustained duty cycle, and the SM clock, board power and memory clock read through NVML with the burst still in flight; NOT timing.TIMING_BASIS",1710.0,False,high,True,True,ok,"LEVEL HIGH (recorded, never an exclusion here): loaded clock 1710 MHz against the 1425 MHz reference. At a duty cycle below 1.0 a HIGH reading is the experiment working, not a cell to drop.",0.25,294.131,0.2498923850021935,36,115.70913800781274,burst,1.0940639972686768,1.0942400097846985,True,1710 1710 1710 1710 1710 1710 1710 1710 1710 1710 1710 1710 1710 1710 1710,False,3726.208637518389,"measured on this device: NVIDIA GH200 480GB (measured), 3726.2 GB/s (triad pattern)",13.0,580.105.08,True,1,684a9e9880f158b02ef3305c67bc5787aa9485d9,NVIDIA GH200 480GB,192-222-58-207,"scripts/clock_elasticity.py: bursts of N back-to-back fused_experts calls under one pinned tile, each call L2-flushed and bracketed by its own pre-primed event pair, the FIRST call of every burst discarded as a drained-queue launch, a host-side idle gap after each burst setting the sustained duty cycle, and the SM clock, board power and memory clock read through NVML with the burst still in flight; NOT timing.TIMING_BASIS | duty 0.25 | each idle gap sized from its own burst (gap_basis burst)",,iters=supplied as None; sglang=package not installed,1,3.12.14,173.5850634662988,"measured on this device: NVIDIA GH200 480GB (measured), 646.8 TFLOP/s bf16 over 3726.2 GB/s (triad pattern); calibrated 2026-09-28 at 684a9e98",,200.0,2.13.0,3.7.1,2026-09-28T23:09:09+00:00,0.27.1,300.0
native,0,32,2,64,512,1,64,1.455199956893921,1.4447360038757324,0.022491609899472752,120,3,334.1494070291519,"scripts/clock_elasticity.py: bursts of N back-to-back fused_experts calls under one pinned tile, each call L2-flushed and bracketed by its own pre-primed event pair, the FIRST call of every burst discarded as a drained-queue launch, a host-side idle gap after each burst setting the sustained duty cycle, and the SM clock, board power and memory clock read through NVML with the burst still in flight; NOT timing.TIMING_BASIS",1710.0,False,high,True,True,ok,"LEVEL HIGH (recorded, never an exclusion here): loaded clock 1710 MHz against the 1425 MHz reference. At a duty cycle below 1.0 a HIGH reading is the experiment working, not a cell to drop.",0.25,326.687,0.24988740383811864,25,107.91834713204298,burst,1.4550880193710327,1.4575520157814026,True,1710 1710 1710 1710 1710 1710 1545 1710 1515 1710 1710 1710 1680 1710 1710,False,3726.208637518389,"measured on this device: NVIDIA GH200 480GB (measured), 3726.2 GB/s (triad pattern)",13.0,580.105.08,True,1,684a9e9880f158b02ef3305c67bc5787aa9485d9,NVIDIA GH200 480GB,192-222-58-207,"scripts/clock_elasticity.py: bursts of N back-to-back fused_experts calls under one pinned tile, each call L2-flushed and bracketed by its own pre-primed event pair, the FIRST call of every burst discarded as a drained-queue launch, a host-side idle gap after each burst setting the sustained duty cycle, and the SM clock, board power and memory clock read through NVML with the burst still in flight; NOT timing.TIMING_BASIS | duty 0.25 | each idle gap sized from its own burst (gap_basis burst)",,iters=supplied as None; sglang=package not installed,1,3.12.14,173.5850634662988,"measured on this device: NVIDIA GH200 480GB (measured), 646.8 TFLOP/s bf16 over 3726.2 GB/s (triad pattern); calibrated 2026-09-28 at 684a9e98",,200.0,2.13.0,3.7.1,2026-09-28T23:09:09+00:00,0.27.1,300.0
shared,0,32,2,64,512,1,576,1.5094720125198364,1.4967360496520996,0.01706093220808011,115,3,478.3381440639496,"scripts/clock_elasticity.py: bursts of N back-to-back fused_experts calls under one pinned tile, each call L2-flushed and bracketed by its own pre-primed event pair, the FIRST call of every burst discarded as a drained-queue launch, a host-side idle gap after each burst setting the sustained duty cycle, and the SM clock, board power and memory clock read through NVML with the burst still in flight; NOT timing.TIMING_BASIS",1710.0,False,high,True,True,ok,"LEVEL HIGH (recorded, never an exclusion here): loaded clock 1710 MHz against the 1425 MHz reference. At a duty cycle below 1.0 a HIGH reading is the experiment working, not a cell to drop.",0.25,319.203,0.24988681717774294,24,107.40334309617175,burst,1.51145601272583,1.5104639530181885,True,1710 1710 1710 1710 1710 1710 1710 1710 1560 1710 1575 1710 1710 1710 1710,False,3726.208637518389,"measured on this device: NVIDIA GH200 480GB (measured), 3726.2 GB/s (triad pattern)",13.0,580.105.08,True,1,684a9e9880f158b02ef3305c67bc5787aa9485d9,NVIDIA GH200 480GB,192-222-58-207,"scripts/clock_elasticity.py: bursts of N back-to-back fused_experts calls under one pinned tile, each call L2-flushed and bracketed by its own pre-primed event pair, the FIRST call of every burst discarded as a drained-queue launch, a host-side idle gap after each burst setting the sustained duty cycle, and the SM clock, board power and memory clock read through NVML with the burst still in flight; NOT timing.TIMING_BASIS | duty 0.25 | each idle gap sized from its own burst (gap_basis burst)",,iters=supplied as None; sglang=package not installed,1,3.12.14,173.5850634662988,"measured on this device: NVIDIA GH200 480GB (measured), 646.8 TFLOP/s bf16 over 3726.2 GB/s (triad pattern); calibrated 2026-09-28 at 684a9e98",,200.0,2.13.0,3.7.1,2026-09-28T23:09:09+00:00,0.27.1,300.0
private,0,32,2,64,512,2,576,2.1205759048461914,2.1161279678344727,0.0015269143238554287,90,3,323.9182074069977,"scripts/clock_elasticity.py: bursts of N back-to-back fused_experts calls under one pinned tile, each call L2-flushed and bracketed by its own pre-primed event pair, the FIRST call of every burst discarded as a drained-queue launch, a host-side idle gap after each burst setting the sustained duty cycle, and the SM clock, board power and memory clock read through NVML with the burst still in flight; NOT timing.TIMING_BASIS",1710.0,False,high,True,True,ok,"LEVEL HIGH (recorded, never an exclusion here): loaded clock 1710 MHz against the 1425 MHz reference. At a duty cycle below 1.0 a HIGH reading is the experiment working, not a cell to drop.",0.25,301.215,0.24989624769915805,19,119.7774594686125,burst,2.1205919981002808,2.1204479932785034,True,1710 1710 1710 1635 1710 1710 1710 1710 1710 1710 1710 1710 1710 1710 1710,False,3726.208637518389,"measured on this device: NVIDIA GH200 480GB (measured), 3726.2 GB/s (triad pattern)",13.0,580.105.08,True,1,684a9e9880f158b02ef3305c67bc5787aa9485d9,NVIDIA GH200 480GB,192-222-58-207,"scripts/clock_elasticity.py: bursts of N back-to-back fused_experts calls under one pinned tile, each call L2-flushed and bracketed by its own pre-primed event pair, the FIRST call of every burst discarded as a drained-queue launch, a host-side idle gap after each burst setting the sustained duty cycle, and the SM clock, board power and memory clock read through NVML with the burst still in flight; NOT timing.TIMING_BASIS | duty 0.25 | each idle gap sized from its own burst (gap_basis burst)",,iters=supplied as None; sglang=package not installed,1,3.12.14,173.5850634662988,"measured on this device: NVIDIA GH200 480GB (measured), 646.8 TFLOP/s bf16 over 3726.2 GB/s (triad pattern); calibrated 2026-09-28 at 684a9e98",,200.0,2.13.0,3.7.1,2026-09-28T23:09:09+00:00,0.27.1,300.0
native,0,32,3,96,768,1,64,2.15449595451355,2.140928030014038,0.041582442185227435,75,3,316.4711995124817,"scripts/clock_elasticity.py: bursts of N back-to-back fused_experts calls under one pinned tile, each call L2-flushed and bracketed by its own pre-primed event pair, the FIRST call of every burst discarded as a drained-queue launch, a host-side idle gap after each burst setting the sustained duty cycle, and the SM clock, board power and memory clock read through NVML with the burst still in flight; NOT timing.TIMING_BASIS",1710.0,False,high,True,True,ok,"LEVEL HIGH (recorded, never an exclusion here): loaded clock 1710 MHz against the 1425 MHz reference. At a duty cycle below 1.0 a HIGH reading is the experiment working, not a cell to drop.",0.25,315.177,0.24988010971161273,16,103.64585376307514,burst,2.1536319255828857,2.2551040649414062,True,1710 1710 1710 1710 1710 1710 1710 1710 1710 1710 1710 1710 1710 1710 1710,False,3726.208637518389,"measured on this device: NVIDIA GH200 480GB (measured), 3726.2 GB/s (triad pattern)",13.0,580.105.08,True,1,684a9e9880f158b02ef3305c67bc5787aa9485d9,NVIDIA GH200 480GB,192-222-58-207,"scripts/clock_elasticity.py: bursts of N back-to-back fused_experts calls under one pinned tile, each call L2-flushed and bracketed by its own pre-primed event pair, the FIRST call of every burst discarded as a drained-queue launch, a host-side idle gap after each burst setting the sustained duty cycle, and the SM clock, board power and memory clock read through NVML with the burst still in flight; NOT timing.TIMING_BASIS | duty 0.25 | each idle gap sized from its own burst (gap_basis burst)",,iters=supplied as None; sglang=package not installed,1,3.12.14,173.5850634662988,"measured on this device: NVIDIA GH200 480GB (measured), 646.8 TFLOP/s bf16 over 3726.2 GB/s (triad pattern); calibrated 2026-09-28 at 684a9e98",,200.0,2.13.0,3.7.1,2026-09-28T23:09:09+00:00,0.27.1,300.0
shared,0,32,3,96,768,1,576,2.207007884979248,2.19321608543396,0.041573191310313284,80,3,343.3782088756561,"scripts/clock_elasticity.py: bursts of N back-to-back fused_experts calls under one pinned tile, each call L2-flushed and bracketed by its own pre-primed event pair, the FIRST call of every burst discarded as a drained-queue launch, a host-side idle gap after each burst setting the sustained duty cycle, and the SM clock, board power and memory clock read through NVML with the burst still in flight; NOT timing.TIMING_BASIS",1710.0,False,high,True,True,ok,"LEVEL HIGH (recorded, never an exclusion here): loaded clock 1710 MHz against the 1425 MHz reference. At a duty cycle below 1.0 a HIGH reading is the experiment working, not a cell to drop.",0.25,326.096,0.24989139009744193,17,112.45635906627285,burst,2.2055519819259644,2.262239933013916,True,1710 1710 1710 1695 1710 1530 1710 1710 1710 1545 1710 1710 1710 1710 1710,False,3726.208637518389,"measured on this device: NVIDIA GH200 480GB (measured), 3726.2 GB/s (triad pattern)",13.0,580.105.08,True,1,684a9e9880f158b02ef3305c67bc5787aa9485d9,NVIDIA GH200 480GB,192-222-58-207,"scripts/clock_elasticity.py: bursts of N back-to-back fused_experts calls under one pinned tile, each call L2-flushed and bracketed by its own pre-primed event pair, the FIRST call of every burst discarded as a drained-queue launch, a host-side idle gap after each burst setting the sustained duty cycle, and the SM clock, board power and memory clock read through NVML with the burst still in flight; NOT timing.TIMING_BASIS | duty 0.25 | each idle gap sized from its own burst (gap_basis burst)",,iters=supplied as None; sglang=package not installed,1,3.12.14,173.5850634662988,"measured on this device: NVIDIA GH200 480GB (measured), 646.8 TFLOP/s bf16 over 3726.2 GB/s (triad pattern); calibrated 2026-09-28 at 684a9e98",,200.0,2.13.0,3.7.1,2026-09-28T23:09:09+00:00,0.27.1,300.0
private,0,32,3,96,768,3,576,3.1532480716705322,3.1491520404815674,0.001744425012566775,60,3,329.5737910270691,"scripts/clock_elasticity.py: bursts of N back-to-back fused_experts calls under one pinned tile, each call L2-flushed and bracketed by its own pre-primed event pair, the FIRST call of every burst discarded as a drained-queue launch, a host-side idle gap after each burst setting the sustained duty cycle, and the SM clock, board power and memory clock read through NVML with the burst still in flight; NOT timing.TIMING_BASIS",1710.0,False,high,True,True,ok,"LEVEL HIGH (recorded, never an exclusion here): loaded clock 1710 MHz against the 1425 MHz reference. At a duty cycle below 1.0 a HIGH reading is the experiment working, not a cell to drop.",0.25,304.953,0.24989694351698477,13,122.36011490457896,burst,3.1530559062957764,3.1524479389190674,True,1710 1590 1710 1710 1710 1710 1710 1710 1710 1710 1710 1710 1710 1695 1710,False,3726.208637518389,"measured on this device: NVIDIA GH200 480GB (measured), 3726.2 GB/s (triad pattern)",13.0,580.105.08,True,1,684a9e9880f158b02ef3305c67bc5787aa9485d9,NVIDIA GH200 480GB,192-222-58-207,"scripts/clock_elasticity.py: bursts of N back-to-back fused_experts calls under one pinned tile, each call L2-flushed and bracketed by its own pre-primed event pair, the FIRST call of every burst discarded as a drained-queue launch, a host-side idle gap after each burst setting the sustained duty cycle, and the SM clock, board power and memory clock read through NVML with the burst still in flight; NOT timing.TIMING_BASIS | duty 0.25 | each idle gap sized from its own burst (gap_basis burst)",,iters=supplied as None; sglang=package not installed,1,3.12.14,173.5850634662988,"measured on this device: NVIDIA GH200 480GB (measured), 646.8 TFLOP/s bf16 over 3726.2 GB/s (triad pattern); calibrated 2026-09-28 at 684a9e98",,200.0,2.13.0,3.7.1,2026-09-28T23:09:09+00:00,0.27.1,300.0
native,0,32,4,128,1024,1,64,2.845088005065918,2.8340799808502197,0.005807065731620065,60,3,336.6204171180725,"scripts/clock_elasticity.py: bursts of N back-to-back fused_experts calls under one pinned tile, each call L2-flushed and bracketed by its own pre-primed event pair, the FIRST call of every burst discarded as a drained-queue launch, a host-side idle gap after each burst setting the sustained duty cycle, and the SM clock, board power and memory clock read through NVML with the burst still in flight; NOT timing.TIMING_BASIS",1710.0,False,high,True,True,ok,"LEVEL HIGH (recorded, never an exclusion here): loaded clock 1710 MHz against the 1425 MHz reference. At a duty cycle below 1.0 a HIGH reading is the experiment working, not a cell to drop.",0.25,310.314,0.24988705953684215,13,110.41457642768366,burst,2.847327947616577,2.8439040184020996,True,1710 1710 1710 1710 1710 1710 1710 1710 1710 1710 1710 1710 1710 1710 1695,False,3726.208637518389,"measured on this device: NVIDIA GH200 480GB (measured), 3726.2 GB/s (triad pattern)",13.0,580.105.08,True,1,684a9e9880f158b02ef3305c67bc5787aa9485d9,NVIDIA GH200 480GB,192-222-58-207,"scripts/clock_elasticity.py: bursts of N back-to-back fused_experts calls under one pinned tile, each call L2-flushed and bracketed by its own pre-primed event pair, the FIRST call of every burst discarded as a drained-queue launch, a host-side idle gap after each burst setting the sustained duty cycle, and the SM clock, board power and memory clock read through NVML with the burst still in flight; NOT timing.TIMING_BASIS | duty 0.25 | each idle gap sized from its own burst (gap_basis burst)",,iters=supplied as None; sglang=package not installed,1,3.12.14,173.5850634662988,"measured on this device: NVIDIA GH200 480GB (measured), 646.8 TFLOP/s bf16 over 3726.2 GB/s (triad pattern); calibrated 2026-09-28 at 684a9e98",,200.0,2.13.0,3.7.1,2026-09-28T23:09:09+00:00,0.27.1,300.0
shared,0,32,4,128,1024,1,576,2.895008087158203,2.8803200721740723,0.010160566871386304,65,3,328.84121537208557,"scripts/clock_elasticity.py: bursts of N back-to-back fused_experts calls under one pinned tile, each call L2-flushed and bracketed by its own pre-primed event pair, the FIRST call of every burst discarded as a drained-queue launch, a host-side idle gap after each burst setting the sustained duty cycle, and the SM clock, board power and memory clock read through NVML with the burst still in flight; NOT timing.TIMING_BASIS",1710.0,False,high,True,True,ok,"LEVEL HIGH (recorded, never an exclusion here): loaded clock 1710 MHz against the 1425 MHz reference. At a duty cycle below 1.0 a HIGH reading is the experiment working, not a cell to drop.",0.25,302.426,0.24990072688673184,14,121.03973740308722,burst,2.900831937789917,2.8968958854675293,True,1710 1710 1620 1710 1710 1710 1710 1710 1710 1710 1635 1710 1710 1710 1710,False,3726.208637518389,"measured on this device: NVIDIA GH200 480GB (measured), 3726.2 GB/s (triad pattern)",13.0,580.105.08,True,1,684a9e9880f158b02ef3305c67bc5787aa9485d9,NVIDIA GH200 480GB,192-222-58-207,"scripts/clock_elasticity.py: bursts of N back-to-back fused_experts calls under one pinned tile, each call L2-flushed and bracketed by its own pre-primed event pair, the FIRST call of every burst discarded as a drained-queue launch, a host-side idle gap after each burst setting the sustained duty cycle, and the SM clock, board power and memory clock read through NVML with the burst still in flight; NOT timing.TIMING_BASIS | duty 0.25 | each idle gap sized from its own burst (gap_basis burst)",,iters=supplied as None; sglang=package not installed,1,3.12.14,173.5850634662988,"measured on this device: NVIDIA GH200 480GB (measured), 646.8 TFLOP/s bf16 over 3726.2 GB/s (triad pattern); calibrated 2026-09-28 at 684a9e98",,200.0,2.13.0,3.7.1,2026-09-28T23:09:09+00:00,0.27.1,300.0
private,0,32,4,128,1024,4,576,4.187359809875488,4.1833600997924805,0.0020366842610586573,45,3,336.85872077941895,"scripts/clock_elasticity.py: bursts of N back-to-back fused_experts calls under one pinned tile, each call L2-flushed and bracketed by its own pre-primed event pair, the FIRST call of every burst discarded as a drained-queue launch, a host-side idle gap after each burst setting the sustained duty cycle, and the SM clock, board power and memory clock read through NVML with the burst still in flight; NOT timing.TIMING_BASIS",1710.0,False,high,True,True,ok,"LEVEL HIGH (recorded, never an exclusion here): loaded clock 1710 MHz against the 1425 MHz reference. At a duty cycle below 1.0 a HIGH reading is the experiment working, not a cell to drop.",0.25,308.061,0.2499030685631245,10,125.23467182291643,burst,4.1877760887146,4.1882078647613525,True,1710 1710 1710 1710 1710 1710 1710 1710 1710 1710 1710 1710 1590 1710 1710,False,3726.208637518389,"measured on this device: NVIDIA GH200 480GB (measured), 3726.2 GB/s (triad pattern)",13.0,580.105.08,True,1,684a9e9880f158b02ef3305c67bc5787aa9485d9,NVIDIA GH200 480GB,192-222-58-207,"scripts/clock_elasticity.py: bursts of N back-to-back fused_experts calls under one pinned tile, each call L2-flushed and bracketed by its own pre-primed event pair, the FIRST call of every burst discarded as a drained-queue launch, a host-side idle gap after each burst setting the sustained duty cycle, and the SM clock, board power and memory clock read through NVML with the burst still in flight; NOT timing.TIMING_BASIS | duty 0.25 | each idle gap sized from its own burst (gap_basis burst)",,iters=supplied as None; sglang=package not installed,1,3.12.14,173.5850634662988,"measured on this device: NVIDIA GH200 480GB (measured), 646.8 TFLOP/s bf16 over 3726.2 GB/s (triad pattern); calibrated 2026-09-28 at 684a9e98",,200.0,2.13.0,3.7.1,2026-09-28T23:09:09+00:00,0.27.1,300.0
native,0,32,5,160,1280,1,64,3.55184006690979,3.5384318828582764,0.0265380419966208,45,3,432.4341115951538,"scripts/clock_elasticity.py: bursts of N back-to-back fused_experts calls under one pinned tile, each call L2-flushed and bracketed by its own pre-primed event pair, the FIRST call of every burst discarded as a drained-queue launch, a host-side idle gap after each burst setting the sustained duty cycle, and the SM clock, board power and memory clock read through NVML with the burst still in flight; NOT timing.TIMING_BASIS",1710.0,False,high,True,True,ok,"LEVEL HIGH (recorded, never an exclusion here): loaded clock 1710 MHz against the 1425 MHz reference. At a duty cycle below 1.0 a HIGH reading is the experiment working, not a cell to drop.",0.25,315.728,0.24988485150077375,10,106.58831724122867,burst,3.5518240928649902,3.558432102203369,True,1710 1710 1680 1710 1575 1710 1710 1710 1710 1710 1710 1590 1710 1710 1710,False,3726.208637518389,"measured on this device: NVIDIA GH200 480GB (measured), 3726.2 GB/s (triad pattern)",13.0,580.105.08,True,1,684a9e9880f158b02ef3305c67bc5787aa9485d9,NVIDIA GH200 480GB,192-222-58-207,"scripts/clock_elasticity.py: bursts of N back-to-back fused_experts calls under one pinned tile, each call L2-flushed and bracketed by its own pre-primed event pair, the FIRST call of every burst discarded as a drained-queue launch, a host-side idle gap after each burst setting the sustained duty cycle, and the SM clock, board power and memory clock read through NVML with the burst still in flight; NOT timing.TIMING_BASIS | duty 0.25 | each idle gap sized from its own burst (gap_basis burst)",,iters=supplied as None; sglang=package not installed,1,3.12.14,173.5850634662988,"measured on this device: NVIDIA GH200 480GB (measured), 646.8 TFLOP/s bf16 over 3726.2 GB/s (triad pattern); calibrated 2026-09-28 at 684a9e98",,200.0,2.13.0,3.7.1,2026-09-28T23:09:09+00:00,0.27.1,300.0
shared,0,32,5,160,1280,1,576,3.603584051132202,3.587552070617676,0.02910304745662254,45,3,330.36563324928284,"scripts/clock_elasticity.py: bursts of N back-to-back fused_experts calls under one pinned tile, each call L2-flushed and bracketed by its own pre-primed event pair, the FIRST call of every burst discarded as a drained-queue launch, a host-side idle gap after each burst setting the sustained duty cycle, and the SM clock, board power and memory clock read through NVML with the burst still in flight; NOT timing.TIMING_BASIS",1710.0,False,high,True,True,ok,"LEVEL HIGH (recorded, never an exclusion here): loaded clock 1710 MHz against the 1425 MHz reference. At a duty cycle below 1.0 a HIGH reading is the experiment working, not a cell to drop.",0.25,314.954,0.2498905999622005,10,107.9166334244801,burst,3.6056480407714844,3.605679988861084,True,1650 1710 1575 1710 1710 1710 1710 1710 1710 1710 1710 1620 1710 1575 1710,False,3726.208637518389,"measured on this device: NVIDIA GH200 480GB (measured), 3726.2 GB/s (triad pattern)",13.0,580.105.08,True,1,684a9e9880f158b02ef3305c67bc5787aa9485d9,NVIDIA GH200 480GB,192-222-58-207,"scripts/clock_elasticity.py: bursts of N back-to-back fused_experts calls under one pinned tile, each call L2-flushed and bracketed by its own pre-primed event pair, the FIRST call of every burst discarded as a drained-queue launch, a host-side idle gap after each burst setting the sustained duty cycle, and the SM clock, board power and memory clock read through NVML with the burst still in flight; NOT timing.TIMING_BASIS | duty 0.25 | each idle gap sized from its own burst (gap_basis burst)",,iters=supplied as None; sglang=package not installed,1,3.12.14,173.5850634662988,"measured on this device: NVIDIA GH200 480GB (measured), 646.8 TFLOP/s bf16 over 3726.2 GB/s (triad pattern); calibrated 2026-09-28 at 684a9e98",,200.0,2.13.0,3.7.1,2026-09-28T23:09:09+00:00,0.27.1,300.0
private,0,32,5,160,1280,5,576,5.22163200378418,5.21676778793335,0.00256034165420307,35,3,335.7046389579773,"scripts/clock_elasticity.py: bursts of N back-to-back fused_experts calls under one pinned tile, each call L2-flushed and bracketed by its own pre-primed event pair, the FIRST call of every burst discarded as a drained-queue launch, a host-side idle gap after each burst setting the sustained duty cycle, and the SM clock, board power and memory clock read through NVML with the burst still in flight; NOT timing.TIMING_BASIS",1710.0,False,high,True,True,ok,"LEVEL HIGH (recorded, never an exclusion here): loaded clock 1710 MHz against the 1425 MHz reference. At a duty cycle below 1.0 a HIGH reading is the experiment working, not a cell to drop.",0.25,308.252,0.24990198949262268,8,125.10875765207311,burst,5.22214412689209,5.224063873291016,True,1710 1710 1710 1710 1710 1710 1710 1710 1710 1710 1710 1710 1710 1710 1710,False,3726.208637518389,"measured on this device: NVIDIA GH200 480GB (measured), 3726.2 GB/s (triad pattern)",13.0,580.105.08,True,1,684a9e9880f158b02ef3305c67bc5787aa9485d9,NVIDIA GH200 480GB,192-222-58-207,"scripts/clock_elasticity.py: bursts of N back-to-back fused_experts calls under one pinned tile, each call L2-flushed and bracketed by its own pre-primed event pair, the FIRST call of every burst discarded as a drained-queue launch, a host-side idle gap after each burst setting the sustained duty cycle, and the SM clock, board power and memory clock read through NVML with the burst still in flight; NOT timing.TIMING_BASIS | duty 0.25 | each idle gap sized from its own burst (gap_basis burst)",,iters=supplied as None; sglang=package not installed,1,3.12.14,173.5850634662988,"measured on this device: NVIDIA GH200 480GB (measured), 646.8 TFLOP/s bf16 over 3726.2 GB/s (triad pattern); calibrated 2026-09-28 at 684a9e98",,200.0,2.13.0,3.7.1,2026-09-28T23:09:09+00:00,0.27.1,300.0
native,0,32,6,192,1536,1,64,4.249072074890137,4.232895851135254,0.028922547576188017,40,3,309.7378878593445,"scripts/clock_elasticity.py: bursts of N back-to-back fused_experts calls under one pinned tile, each call L2-flushed and bracketed by its own pre-primed event pair, the FIRST call of every burst discarded as a drained-queue launch, a host-side idle gap after each burst setting the sustained duty cycle, and the SM clock, board power and memory clock read through NVML with the burst still in flight; NOT timing.TIMING_BASIS",1710.0,False,high,True,True,ok,"LEVEL HIGH (recorded, never an exclusion here): loaded clock 1710 MHz against the 1425 MHz reference. At a duty cycle below 1.0 a HIGH reading is the experiment working, not a cell to drop.",0.25,319.502,0.24989053185208962,9,114.6433688448451,burst,4.255408048629761,4.247583866119385,True,1710 1710 1665 1710 1710 1710 1710 1710 1710 1710 1710 1710 1710 1620 1710,False,3726.208637518389,"measured on this device: NVIDIA GH200 480GB (measured), 3726.2 GB/s (triad pattern)",13.0,580.105.08,True,1,684a9e9880f158b02ef3305c67bc5787aa9485d9,NVIDIA GH200 480GB,192-222-58-207,"scripts/clock_elasticity.py: bursts of N back-to-back fused_experts calls under one pinned tile, each call L2-flushed and bracketed by its own pre-primed event pair, the FIRST call of every burst discarded as a drained-queue launch, a host-side idle gap after each burst setting the sustained duty cycle, and the SM clock, board power and memory clock read through NVML with the burst still in flight; NOT timing.TIMING_BASIS | duty 0.25 | each idle gap sized from its own burst (gap_basis burst)",,iters=supplied as None; sglang=package not installed,1,3.12.14,173.5850634662988,"measured on this device: NVIDIA GH200 480GB (measured), 646.8 TFLOP/s bf16 over 3726.2 GB/s (triad pattern); calibrated 2026-09-28 at 684a9e98",,200.0,2.13.0,3.7.1,2026-09-28T23:09:09+00:00,0.27.1,300.0
shared,0,32,6,192,1536,1,576,4.3013598918914795,4.284543991088867,0.015028486627146209,40,3,314.304669380188,"scripts/clock_elasticity.py: bursts of N back-to-back fused_experts calls under one pinned tile, each call L2-flushed and bracketed by its own pre-primed event pair, the FIRST call of every burst discarded as a drained-queue launch, a host-side idle gap after each burst setting the sustained duty cycle, and the SM clock, board power and memory clock read through NVML with the burst still in flight; NOT timing.TIMING_BASIS",1710.0,False,high,True,True,ok,"LEVEL HIGH (recorded, never an exclusion here): loaded clock 1710 MHz against the 1425 MHz reference. At a duty cycle below 1.0 a HIGH reading is the experiment working, not a cell to drop.",0.25,315.728,0.24989479523934727,9,115.94999085699965,burst,4.307728052139282,4.302639961242676,True,1710 1710 1710 1710 1710 1710 1710 1710 1710 1710 1710 1710 1710 1710 1710,False,3726.208637518389,"measured on this device: NVIDIA GH200 480GB (measured), 3726.2 GB/s (triad pattern)",13.0,580.105.08,True,1,684a9e9880f158b02ef3305c67bc5787aa9485d9,NVIDIA GH200 480GB,192-222-58-207,"scripts/clock_elasticity.py: bursts of N back-to-back fused_experts calls under one pinned tile, each call L2-flushed and bracketed by its own pre-primed event pair, the FIRST call of every burst discarded as a drained-queue launch, a host-side idle gap after each burst setting the sustained duty cycle, and the SM clock, board power and memory clock read through NVML with the burst still in flight; NOT timing.TIMING_BASIS | duty 0.25 | each idle gap sized from its own burst (gap_basis burst)",,iters=supplied as None; sglang=package not installed,1,3.12.14,173.5850634662988,"measured on this device: NVIDIA GH200 480GB (measured), 646.8 TFLOP/s bf16 over 3726.2 GB/s (triad pattern); calibrated 2026-09-28 at 684a9e98",,200.0,2.13.0,3.7.1,2026-09-28T23:09:09+00:00,0.27.1,300.0
private,0,32,6,192,1536,6,576,6.252384185791016,6.246463775634766,0.0024234110054447765,25,3,301.8170886039734,"scripts/clock_elasticity.py: bursts of N back-to-back fused_experts calls under one pinned tile, each call L2-flushed and bracketed by its own pre-primed event pair, the FIRST call of every burst discarded as a drained-queue launch, a host-side idle gap after each burst setting the sustained duty cycle, and the SM clock, board power and memory clock read through NVML with the burst still in flight; NOT timing.TIMING_BASIS",1710.0,False,high,True,True,ok,"LEVEL HIGH (recorded, never an exclusion here): loaded clock 1710 MHz against the 1425 MHz reference. At a duty cycle below 1.0 a HIGH reading is the experiment working, not a cell to drop.",0.25,314.224,0.2498923033612648,6,112.47598437221312,burst,6.252927780151367,6.253856182098389,True,1710 1710 1710 1710 1710 1710 1710 1710 1710 1710 1710 1710 1710 1710 1710,False,3726.208637518389,"measured on this device: NVIDIA GH200 480GB (measured), 3726.2 GB/s (triad pattern)",13.0,580.105.08,True,1,684a9e9880f158b02ef3305c67bc5787aa9485d9,NVIDIA GH200 480GB,192-222-58-207,"scripts/clock_elasticity.py: bursts of N back-to-back fused_experts calls under one pinned tile, each call L2-flushed and bracketed by its own pre-primed event pair, the FIRST call of every burst discarded as a drained-queue launch, a host-side idle gap after each burst setting the sustained duty cycle, and the SM clock, board power and memory clock read through NVML with the burst still in flight; NOT timing.TIMING_BASIS | duty 0.25 | each idle gap sized from its own burst (gap_basis burst)",,iters=supplied as None; sglang=package not installed,1,3.12.14,173.5850634662988,"measured on this device: NVIDIA GH200 480GB (measured), 646.8 TFLOP/s bf16 over 3726.2 GB/s (triad pattern); calibrated 2026-09-28 at 684a9e98",,200.0,2.13.0,3.7.1,2026-09-28T23:09:09+00:00,0.27.1,300.0
native,0,32,7,224,1792,1,64,4.952608108520508,4.937503814697266,0.039892435675385786,35,3,441.0828790664673,"scripts/clock_elasticity.py: bursts of N back-to-back fused_experts calls under one pinned tile, each call L2-flushed and bracketed by its own pre-primed event pair, the FIRST call of every burst discarded as a drained-queue launch, a host-side idle gap after each burst setting the sustained duty cycle, and the SM clock, board power and memory clock read through NVML with the burst still in flight; NOT timing.TIMING_BASIS",1710.0,False,high,True,True,ok,"LEVEL HIGH (recorded, never an exclusion here): loaded clock 1710 MHz against the 1425 MHz reference. At a duty cycle below 1.0 a HIGH reading is the experiment working, not a cell to drop.",0.25,305.672,0.24989390849034698,8,118.87468684356281,burst,4.956863880157471,4.990752220153809,True,1710 1710 1590 1710 1710 1710 1710 1710 1710 1710 1710 1710 1710 1710 1710,False,3726.208637518389,"measured on this device: NVIDIA GH200 480GB (measured), 3726.2 GB/s (triad pattern)",13.0,580.105.08,True,1,684a9e9880f158b02ef3305c67bc5787aa9485d9,NVIDIA GH200 480GB,192-222-58-207,"scripts/clock_elasticity.py: bursts of N back-to-back fused_experts calls under one pinned tile, each call L2-flushed and bracketed by its own pre-primed event pair, the FIRST call of every burst discarded as a drained-queue launch, a host-side idle gap after each burst setting the sustained duty cycle, and the SM clock, board power and memory clock read through NVML with the burst still in flight; NOT timing.TIMING_BASIS | duty 0.25 | each idle gap sized from its own burst (gap_basis burst)",,iters=supplied as None; sglang=package not installed,1,3.12.14,173.5850634662988,"measured on this device: NVIDIA GH200 480GB (measured), 646.8 TFLOP/s bf16 over 3726.2 GB/s (triad pattern); calibrated 2026-09-28 at 684a9e98",,200.0,2.13.0,3.7.1,2026-09-28T23:09:09+00:00,0.27.1,300.0
shared,0,32,7,224,1792,1,576,5.0011680126190186,4.987743854522705,0.02242129126009607,30,3,319.8093452453613,"scripts/clock_elasticity.py: bursts of N back-to-back fused_experts calls under one pinned tile, each call L2-flushed and bracketed by its own pre-primed event pair, the FIRST call of every burst discarded as a drained-queue launch, a host-side idle gap after each burst setting the sustained duty cycle, and the SM clock, board power and memory clock read through NVML with the burst still in flight; NOT timing.TIMING_BASIS",1710.0,False,high,True,True,ok,"LEVEL HIGH (recorded, never an exclusion here): loaded clock 1710 MHz against the 1425 MHz reference. At a duty cycle below 1.0 a HIGH reading is the experiment working, not a cell to drop.",0.25,310.284,0.24988147954156786,7,104.92828891578392,burst,5.00435209274292,4.997119903564453,True,1710 1710 1710 1620 1710 1620 1710 1710 1710 1710 1710 1710 1710 1710 1710,False,3726.208637518389,"measured on this device: NVIDIA GH200 480GB (measured), 3726.2 GB/s (triad pattern)",13.0,580.105.08,True,1,684a9e9880f158b02ef3305c67bc5787aa9485d9,NVIDIA GH200 480GB,192-222-58-207,"scripts/clock_elasticity.py: bursts of N back-to-back fused_experts calls under one pinned tile, each call L2-flushed and bracketed by its own pre-primed event pair, the FIRST call of every burst discarded as a drained-queue launch, a host-side idle gap after each burst setting the sustained duty cycle, and the SM clock, board power and memory clock read through NVML with the burst still in flight; NOT timing.TIMING_BASIS | duty 0.25 | each idle gap sized from its own burst (gap_basis burst)",,iters=supplied as None; sglang=package not installed,1,3.12.14,173.5850634662988,"measured on this device: NVIDIA GH200 480GB (measured), 646.8 TFLOP/s bf16 over 3726.2 GB/s (triad pattern); calibrated 2026-09-28 at 684a9e98",,200.0,2.13.0,3.7.1,2026-09-28T23:09:09+00:00,0.27.1,300.0
private,0,32,7,224,1792,7,576,7.285807847976685,7.281631946563721,0.0020396044027212825,20,3,329.60867166519165,"scripts/clock_elasticity.py: bursts of N back-to-back fused_experts calls under one pinned tile, each call L2-flushed and bracketed by its own pre-primed event pair, the FIRST call of every burst discarded as a drained-queue launch, a host-side idle gap after each burst setting the sustained duty cycle, and the SM clock, board power and memory clock read through NVML with the burst still in flight; NOT timing.TIMING_BASIS",1710.0,False,high,True,True,ok,"LEVEL HIGH (recorded, never an exclusion here): loaded clock 1710 MHz against the 1425 MHz reference. At a duty cycle below 1.0 a HIGH reading is the experiment working, not a cell to drop.",0.25,312.954,0.24988736863415675,5,109.25887237764984,burst,7.285888195037842,7.286143779754639,True,1710 1710 1710 1710 1710 1710 1710 1710 1710 1620 1710 1710 1710 1710 1710,False,3726.208637518389,"measured on this device: NVIDIA GH200 480GB (measured), 3726.2 GB/s (triad pattern)",13.0,580.105.08,True,1,684a9e9880f158b02ef3305c67bc5787aa9485d9,NVIDIA GH200 480GB,192-222-58-207,"scripts/clock_elasticity.py: bursts of N back-to-back fused_experts calls under one pinned tile, each call L2-flushed and bracketed by its own pre-primed event pair, the FIRST call of every burst discarded as a drained-queue launch, a host-side idle gap after each burst setting the sustained duty cycle, and the SM clock, board power and memory clock read through NVML with the burst still in flight; NOT timing.TIMING_BASIS | duty 0.25 | each idle gap sized from its own burst (gap_basis burst)",,iters=supplied as None; sglang=package not installed,1,3.12.14,173.5850634662988,"measured on this device: NVIDIA GH200 480GB (measured), 646.8 TFLOP/s bf16 over 3726.2 GB/s (triad pattern); calibrated 2026-09-28 at 684a9e98",,200.0,2.13.0,3.7.1,2026-09-28T23:09:09+00:00,0.27.1,300.0
native,0,32,8,256,2048,1,64,5.64414381980896,5.62883186340332,0.01771109906623472,30,3,319.71999979019165,"scripts/clock_elasticity.py: bursts of N back-to-back fused_experts calls under one pinned tile, each call L2-flushed and bracketed by its own pre-primed event pair, the FIRST call of every burst discarded as a drained-queue launch, a host-side idle gap after each burst setting the sustained duty cycle, and the SM clock, board power and memory clock read through NVML with the burst still in flight; NOT timing.TIMING_BASIS",1710.0,False,high,True,True,ok,"LEVEL HIGH (recorded, never an exclusion here): loaded clock 1710 MHz against the 1425 MHz reference. At a duty cycle below 1.0 a HIGH reading is the experiment working, not a cell to drop.",0.25,298.309,0.24989605165316292,7,118.46953876765473,burst,5.643871784210205,5.6532158851623535,True,1710 1710 1710 1710 1710 1710 1710 1710 1710 1710 1710 1710 1710 1710 1710,False,3726.208637518389,"measured on this device: NVIDIA GH200 480GB (measured), 3726.2 GB/s (triad pattern)",13.0,580.105.08,True,1,684a9e9880f158b02ef3305c67bc5787aa9485d9,NVIDIA GH200 480GB,192-222-58-207,"scripts/clock_elasticity.py: bursts of N back-to-back fused_experts calls under one pinned tile, each call L2-flushed and bracketed by its own pre-primed event pair, the FIRST call of every burst discarded as a drained-queue launch, a host-side idle gap after each burst setting the sustained duty cycle, and the SM clock, board power and memory clock read through NVML with the burst still in flight; NOT timing.TIMING_BASIS | duty 0.25 | each idle gap sized from its own burst (gap_basis burst)",,iters=supplied as None; sglang=package not installed,1,3.12.14,173.5850634662988,"measured on this device: NVIDIA GH200 480GB (measured), 646.8 TFLOP/s bf16 over 3726.2 GB/s (triad pattern); calibrated 2026-09-28 at 684a9e98",,200.0,2.13.0,3.7.1,2026-09-28T23:09:09+00:00,0.27.1,300.0
shared,0,32,8,256,2048,1,576,5.698400020599365,5.679967880249023,0.00954434003230483,30,3,322.5454716682434,"scripts/clock_elasticity.py: bursts of N back-to-back fused_experts calls under one pinned tile, each call L2-flushed and bracketed by its own pre-primed event pair, the FIRST call of every burst discarded as a drained-queue launch, a host-side idle gap after each burst setting the sustained duty cycle, and the SM clock, board power and memory clock read through NVML with the burst still in flight; NOT timing.TIMING_BASIS",1710.0,False,high,True,True,ok,"LEVEL HIGH (recorded, never an exclusion here): loaded clock 1710 MHz against the 1425 MHz reference. At a duty cycle below 1.0 a HIGH reading is the experiment working, not a cell to drop.",0.25,298.086,0.24989269250233787,7,119.57539092885416,burst,5.704415798187256,5.693568229675293,True,1710 1710 1710 1710 1710 1710 1710 1710 1710 1710 1710 1710 1710 1710 1710,False,3726.208637518389,"measured on this device: NVIDIA GH200 480GB (measured), 3726.2 GB/s (triad pattern)",13.0,580.105.08,True,1,684a9e9880f158b02ef3305c67bc5787aa9485d9,NVIDIA GH200 480GB,192-222-58-207,"scripts/clock_elasticity.py: bursts of N back-to-back fused_experts calls under one pinned tile, each call L2-flushed and bracketed by its own pre-primed event pair, the FIRST call of every burst discarded as a drained-queue launch, a host-side idle gap after each burst setting the sustained duty cycle, and the SM clock, board power and memory clock read through NVML with the burst still in flight; NOT timing.TIMING_BASIS | duty 0.25 | each idle gap sized from its own burst (gap_basis burst)",,iters=supplied as None; sglang=package not installed,1,3.12.14,173.5850634662988,"measured on this device: NVIDIA GH200 480GB (measured), 646.8 TFLOP/s bf16 over 3726.2 GB/s (triad pattern); calibrated 2026-09-28 at 684a9e98",,200.0,2.13.0,3.7.1,2026-09-28T23:09:09+00:00,0.27.1,300.0
private,0,32,8,256,2048,8,576,8.335536003112793,8.330559730529785,0.0033348329006153824,20,3,335.0190725326538,"scripts/clock_elasticity.py: bursts of N back-to-back fused_experts calls under one pinned tile, each call L2-flushed and bracketed by its own pre-primed event pair, the FIRST call of every burst discarded as a drained-queue launch, a host-side idle gap after each burst setting the sustained duty cycle, and the SM clock, board power and memory clock read through NVML with the burst still in flight; NOT timing.TIMING_BASIS",1710.0,False,high,True,True,ok,"LEVEL HIGH (recorded, never an exclusion here): loaded clock 1710 MHz against the 1425 MHz reference. At a duty cycle below 1.0 a HIGH reading is the experiment working, not a cell to drop.",0.25,309.598,0.24989887702068908,5,125.06004985833715,burst,8.334688186645508,8.33743953704834,True,1710 1710 1710 1710 1710 1710 1710 1710 1605 1710 1710 1710 1710 1710 1710,False,3726.208637518389,"measured on this device: NVIDIA GH200 480GB (measured), 3726.2 GB/s (triad pattern)",13.0,580.105.08,True,1,684a9e9880f158b02ef3305c67bc5787aa9485d9,NVIDIA GH200 480GB,192-222-58-207,"scripts/clock_elasticity.py: bursts of N back-to-back fused_experts calls under one pinned tile, each call L2-flushed and bracketed by its own pre-primed event pair, the FIRST call of every burst discarded as a drained-queue launch, a host-side idle gap after each burst setting the sustained duty cycle, and the SM clock, board power and memory clock read through NVML with the burst still in flight; NOT timing.TIMING_BASIS | duty 0.25 | each idle gap sized from its own burst (gap_basis burst)",,iters=supplied as None; sglang=package not installed,1,3.12.14,173.5850634662988,"measured on this device: NVIDIA GH200 480GB (measured), 646.8 TFLOP/s bf16 over 3726.2 GB/s (triad pattern); calibrated 2026-09-28 at 684a9e98",,200.0,2.13.0,3.7.1,2026-09-28T23:09:09+00:00,0.27.1,300.0
native,0,32,9,288,2304,1,64,6.347455978393555,6.331935882568359,0.03484960322698596,25,3,310.23062324523926,"scripts/clock_elasticity.py: bursts of N back-to-back fused_experts calls under one pinned tile, each call L2-flushed and bracketed by its own pre-primed event pair, the FIRST call of every burst discarded as a drained-queue launch, a host-side idle gap after each burst setting the sustained duty cycle, and the SM clock, board power and memory clock read through NVML with the burst still in flight; NOT timing.TIMING_BASIS",1710.0,False,high,True,True,ok,"LEVEL HIGH (recorded, never an exclusion here): loaded clock 1710 MHz against the 1425 MHz reference. At a duty cycle below 1.0 a HIGH reading is the experiment working, not a cell to drop.",0.25,318.866,0.24989317393112884,6,114.41341950323842,burst,6.354207992553711,6.359776020050049,True,1680 1710 1605 1710 1710 1710 1710 1710 1710 1710 1710 1710 1710 1635 1710,False,3726.208637518389,"measured on this device: NVIDIA GH200 480GB (measured), 3726.2 GB/s (triad pattern)",13.0,580.105.08,True,1,684a9e9880f158b02ef3305c67bc5787aa9485d9,NVIDIA GH200 480GB,192-222-58-207,"scripts/clock_elasticity.py: bursts of N back-to-back fused_experts calls under one pinned tile, each call L2-flushed and bracketed by its own pre-primed event pair, the FIRST call of every burst discarded as a drained-queue launch, a host-side idle gap after each burst setting the sustained duty cycle, and the SM clock, board power and memory clock read through NVML with the burst still in flight; NOT timing.TIMING_BASIS | duty 0.25 | each idle gap sized from its own burst (gap_basis burst)",,iters=supplied as None; sglang=package not installed,1,3.12.14,173.5850634662988,"measured on this device: NVIDIA GH200 480GB (measured), 646.8 TFLOP/s bf16 over 3726.2 GB/s (triad pattern); calibrated 2026-09-28 at 684a9e98",,200.0,2.13.0,3.7.1,2026-09-28T23:09:09+00:00,0.27.1,300.0
shared,0,32,9,288,2304,1,576,6.410367965698242,6.380959987640381,0.03165859373985255,25,3,311.56240129470825,"scripts/clock_elasticity.py: bursts of N back-to-back fused_experts calls under one pinned tile, each call L2-flushed and bracketed by its own pre-primed event pair, the FIRST call of every burst discarded as a drained-queue launch, a host-side idle gap after each burst setting the sustained duty cycle, and the SM clock, board power and memory clock read through NVML with the burst still in flight; NOT timing.TIMING_BASIS",1710.0,False,high,True,True,ok,"LEVEL HIGH (recorded, never an exclusion here): loaded clock 1710 MHz against the 1425 MHz reference. At a duty cycle below 1.0 a HIGH reading is the experiment working, not a cell to drop.",0.25,308.488,0.24989172972071122,6,115.43239400579478,burst,6.416543960571289,6.410592079162598,True,1710 1710 1680 1710 1710 1710 1710 1710 1710 1710 1710 1710 1710 1620 1710,False,3726.208637518389,"measured on this device: NVIDIA GH200 480GB (measured), 3726.2 GB/s (triad pattern)",13.0,580.105.08,True,1,684a9e9880f158b02ef3305c67bc5787aa9485d9,NVIDIA GH200 480GB,192-222-58-207,"scripts/clock_elasticity.py: bursts of N back-to-back fused_experts calls under one pinned tile, each call L2-flushed and bracketed by its own pre-primed event pair, the FIRST call of every burst discarded as a drained-queue launch, a host-side idle gap after each burst setting the sustained duty cycle, and the SM clock, board power and memory clock read through NVML with the burst still in flight; NOT timing.TIMING_BASIS | duty 0.25 | each idle gap sized from its own burst (gap_basis burst)",,iters=supplied as None; sglang=package not installed,1,3.12.14,173.5850634662988,"measured on this device: NVIDIA GH200 480GB (measured), 646.8 TFLOP/s bf16 over 3726.2 GB/s (triad pattern); calibrated 2026-09-28 at 684a9e98",,200.0,2.13.0,3.7.1,2026-09-28T23:09:09+00:00,0.27.1,300.0
private,0,32,9,288,2304,9,576,9.377728462219238,9.373311996459961,0.002498901667927934,15,3,301.5738887786865,"scripts/clock_elasticity.py: bursts of N back-to-back fused_experts calls under one pinned tile, each call L2-flushed and bracketed by its own pre-primed event pair, the FIRST call of every burst discarded as a drained-queue launch, a host-side idle gap after each burst setting the sustained duty cycle, and the SM clock, board power and memory clock read through NVML with the burst still in flight; NOT timing.TIMING_BASIS",1710.0,False,high,False,True,ok,"LEVEL HIGH (recorded, never an exclusion here): loaded clock 1710 MHz against the 1425 MHz reference. At a duty cycle below 1.0 a HIGH reading is the experiment working, not a cell to drop.; DRIFT failed, dropping: 1710 -> 1590 MHz over 15 bursts; this cell is EXCLUDED",0.25,317.315,0.24988653712634973,4,112.64222815771791,burst,,,,1710 1710 1710 1710 1695 1710 1710 1710 1710 1710 1575 1710 1710 1710 1590,False,3726.208637518389,"measured on this device: NVIDIA GH200 480GB (measured), 3726.2 GB/s (triad pattern)",13.0,580.105.08,True,1,684a9e9880f158b02ef3305c67bc5787aa9485d9,NVIDIA GH200 480GB,192-222-58-207,"scripts/clock_elasticity.py: bursts of N back-to-back fused_experts calls under one pinned tile, each call L2-flushed and bracketed by its own pre-primed event pair, the FIRST call of every burst discarded as a drained-queue launch, a host-side idle gap after each burst setting the sustained duty cycle, and the SM clock, board power and memory clock read through NVML with the burst still in flight; NOT timing.TIMING_BASIS | duty 0.25 | each idle gap sized from its own burst (gap_basis burst)",,iters=supplied as None; sglang=package not installed,1,3.12.14,173.5850634662988,"measured on this device: NVIDIA GH200 480GB (measured), 646.8 TFLOP/s bf16 over 3726.2 GB/s (triad pattern); calibrated 2026-09-28 at 684a9e98",,200.0,2.13.0,3.7.1,2026-09-28T23:09:09+00:00,0.27.1,300.0
shared,1,32,9,288,2304,1,576,6.408671855926514,6.387328147888184,0.03323942025999256,25,3,311.5174717903137,"scripts/clock_elasticity.py: bursts of N back-to-back fused_experts calls under one pinned tile, each call L2-flushed and bracketed by its own pre-primed event pair, the FIRST call of every burst discarded as a drained-queue launch, a host-side idle gap after each burst setting the sustained duty cycle, and the SM clock, board power and memory clock read through NVML with the burst still in flight; NOT timing.TIMING_BASIS",1710.0,False,high,True,True,ok,"LEVEL HIGH (recorded, never an exclusion here): loaded clock 1710 MHz against the 1425 MHz reference. At a duty cycle below 1.0 a HIGH reading is the experiment working, not a cell to drop.",0.25,310.185,0.24989540520902548,6,115.45066412327287,burst,6.411168098449707,6.4119038581848145,True,1710 1710 1710 1710 1710 1710 1710 1710 1710 1710 1710 1710 1710 1710 1710,False,3726.208637518389,"measured on this device: NVIDIA GH200 480GB (measured), 3726.2 GB/s (triad pattern)",13.0,580.105.08,True,1,684a9e9880f158b02ef3305c67bc5787aa9485d9,NVIDIA GH200 480GB,192-222-58-207,"scripts/clock_elasticity.py: bursts of N back-to-back fused_experts calls under one pinned tile, each call L2-flushed and bracketed by its own pre-primed event pair, the FIRST call of every burst discarded as a drained-queue launch, a host-side idle gap after each burst setting the sustained duty cycle, and the SM clock, board power and memory clock read through NVML with the burst still in flight; NOT timing.TIMING_BASIS | duty 0.25 | each idle gap sized from its own burst (gap_basis burst)",,iters=supplied as None; sglang=package not installed,1,3.12.14,173.5850634662988,"measured on this device: NVIDIA GH200 480GB (measured), 646.8 TFLOP/s bf16 over 3726.2 GB/s (triad pattern); calibrated 2026-09-28 at 684a9e98",,200.0,2.13.0,3.7.1,2026-09-28T23:09:09+00:00,0.27.1,300.0
private,1,32,9,288,2304,9,576,9.37724781036377,9.372960090637207,0.0028456049126600637,15,3,301.6543016433716,"scripts/clock_elasticity.py: bursts of N back-to-back fused_experts calls under one pinned tile, each call L2-flushed and bracketed by its own pre-primed event pair, the FIRST call of every burst discarded as a drained-queue launch, a host-side idle gap after each burst setting the sustained duty cycle, and the SM clock, board power and memory clock read through NVML with the burst still in flight; NOT timing.TIMING_BASIS",1710.0,False,high,True,True,ok,"LEVEL HIGH (recorded, never an exclusion here): loaded clock 1710 MHz against the 1425 MHz reference. At a duty cycle below 1.0 a HIGH reading is the experiment working, not a cell to drop.",0.25,311.902,0.24988687283205463,4,112.64670685068268,burst,,,,1710 1710 1710 1710 1710 1710 1710 1710 1710 1710 1710 1710 1710 1605 1710,False,3726.208637518389,"measured on this device: NVIDIA GH200 480GB (measured), 3726.2 GB/s (triad pattern)",13.0,580.105.08,True,1,684a9e9880f158b02ef3305c67bc5787aa9485d9,NVIDIA GH200 480GB,192-222-58-207,"scripts/clock_elasticity.py: bursts of N back-to-back fused_experts calls under one pinned tile, each call L2-flushed and bracketed by its own pre-primed event pair, the FIRST call of every burst discarded as a drained-queue launch, a host-side idle gap after each burst setting the sustained duty cycle, and the SM clock, board power and memory clock read through NVML with the burst still in flight; NOT timing.TIMING_BASIS | duty 0.25 | each idle gap sized from its own burst (gap_basis burst)",,iters=supplied as None; sglang=package not installed,1,3.12.14,173.5850634662988,"measured on this device: NVIDIA GH200 480GB (measured), 646.8 TFLOP/s bf16 over 3726.2 GB/s (triad pattern); calibrated 2026-09-28 at 684a9e98",,200.0,2.13.0,3.7.1,2026-09-28T23:09:09+00:00,0.27.1,300.0
native,1,32,9,288,2304,1,64,6.349664211273193,6.3288960456848145,0.028852322827536348,25,3,385.3878073692322,"scripts/clock_elasticity.py: bursts of N back-to-back fused_experts calls under one pinned tile, each call L2-flushed and bracketed by its own pre-primed event pair, the FIRST call of every burst discarded as a drained-queue launch, a host-side idle gap after each burst setting the sustained duty cycle, and the SM clock, board power and memory clock read through NVML with the burst still in flight; NOT timing.TIMING_BASIS",1710.0,False,high,True,True,ok,"LEVEL HIGH (recorded, never an exclusion here): loaded clock 1710 MHz against the 1425 MHz reference. At a duty cycle below 1.0 a HIGH reading is the experiment working, not a cell to drop.",0.25,319.785,0.24989941075829059,6,114.37150002778799,burst,6.352416038513184,6.350016117095947,True,1710 1710 1710 1710 1710 1710 1710 1710 1650 1710 1710 1710 1710 1710 1710,False,3726.208637518389,"measured on this device: NVIDIA GH200 480GB (measured), 3726.2 GB/s (triad pattern)",13.0,580.105.08,True,1,684a9e9880f158b02ef3305c67bc5787aa9485d9,NVIDIA GH200 480GB,192-222-58-207,"scripts/clock_elasticity.py: bursts of N back-to-back fused_experts calls under one pinned tile, each call L2-flushed and bracketed by its own pre-primed event pair, the FIRST call of every burst discarded as a drained-queue launch, a host-side idle gap after each burst setting the sustained duty cycle, and the SM clock, board power and memory clock read through NVML with the burst still in flight; NOT timing.TIMING_BASIS | duty 0.25 | each idle gap sized from its own burst (gap_basis burst)",,iters=supplied as None; sglang=package not installed,1,3.12.14,173.5850634662988,"measured on this device: NVIDIA GH200 480GB (measured), 646.8 TFLOP/s bf16 over 3726.2 GB/s (triad pattern); calibrated 2026-09-28 at 684a9e98",,200.0,2.13.0,3.7.1,2026-09-28T23:09:09+00:00,0.27.1,300.0
shared,1,32,8,256,2048,1,576,5.696127891540527,5.67907190322876,0.01036674370616822,30,3,402.8646402359009,"scripts/clock_elasticity.py: bursts of N back-to-back fused_experts calls under one pinned tile, each call L2-flushed and bracketed by its own pre-primed event pair, the FIRST call of every burst discarded as a drained-queue launch, a host-side idle gap after each burst setting the sustained duty cycle, and the SM clock, board power and memory clock read through NVML with the burst still in flight; NOT timing.TIMING_BASIS",1710.0,False,high,True,True,ok,"LEVEL HIGH (recorded, never an exclusion here): loaded clock 1710 MHz against the 1425 MHz reference. At a duty cycle below 1.0 a HIGH reading is the experiment working, not a cell to drop.",0.25,297.899,0.24989306630811853,7,119.59324695535905,burst,5.703904151916504,5.6943039894104,True,1710 1710 1710 1710 1710 1710 1710 1710 1710 1710 1710 1710 1710 1710 1710,False,3726.208637518389,"measured on this device: NVIDIA GH200 480GB (measured), 3726.2 GB/s (triad pattern)",13.0,580.105.08,True,1,684a9e9880f158b02ef3305c67bc5787aa9485d9,NVIDIA GH200 480GB,192-222-58-207,"scripts/clock_elasticity.py: bursts of N back-to-back fused_experts calls under one pinned tile, each call L2-flushed and bracketed by its own pre-primed event pair, the FIRST call of every burst discarded as a drained-queue launch, a host-side idle gap after each burst setting the sustained duty cycle, and the SM clock, board power and memory clock read through NVML with the burst still in flight; NOT timing.TIMING_BASIS | duty 0.25 | each idle gap sized from its own burst (gap_basis burst)",,iters=supplied as None; sglang=package not installed,1,3.12.14,173.5850634662988,"measured on this device: NVIDIA GH200 480GB (measured), 646.8 TFLOP/s bf16 over 3726.2 GB/s (triad pattern); calibrated 2026-09-28 at 684a9e98",,200.0,2.13.0,3.7.1,2026-09-28T23:09:09+00:00,0.27.1,300.0
private,1,32,8,256,2048,8,576,8.335792064666748,8.329279899597168,0.0024551690365219505,20,3,334.96384048461914,"scripts/clock_elasticity.py: bursts of N back-to-back fused_experts calls under one pinned tile, each call L2-flushed and bracketed by its own pre-primed event pair, the FIRST call of every burst discarded as a drained-queue launch, a host-side idle gap after each burst setting the sustained duty cycle, and the SM clock, board power and memory clock read through NVML with the burst still in flight; NOT timing.TIMING_BASIS",1710.0,False,high,True,True,ok,"LEVEL HIGH (recorded, never an exclusion here): loaded clock 1710 MHz against the 1425 MHz reference. At a duty cycle below 1.0 a HIGH reading is the experiment working, not a cell to drop.",0.25,312.237,0.24990204879979563,5,125.01048397483827,burst,8.334976196289062,8.337151527404785,True,1710 1710 1710 1710 1710 1710 1575 1710 1710 1695 1710 1710 1590 1710 1710,False,3726.208637518389,"measured on this device: NVIDIA GH200 480GB (measured), 3726.2 GB/s (triad pattern)",13.0,580.105.08,True,1,684a9e9880f158b02ef3305c67bc5787aa9485d9,NVIDIA GH200 480GB,192-222-58-207,"scripts/clock_elasticity.py: bursts of N back-to-back fused_experts calls under one pinned tile, each call L2-flushed and bracketed by its own pre-primed event pair, the FIRST call of every burst discarded as a drained-queue launch, a host-side idle gap after each burst setting the sustained duty cycle, and the SM clock, board power and memory clock read through NVML with the burst still in flight; NOT timing.TIMING_BASIS | duty 0.25 | each idle gap sized from its own burst (gap_basis burst)",,iters=supplied as None; sglang=package not installed,1,3.12.14,173.5850634662988,"measured on this device: NVIDIA GH200 480GB (measured), 646.8 TFLOP/s bf16 over 3726.2 GB/s (triad pattern); calibrated 2026-09-28 at 684a9e98",,200.0,2.13.0,3.7.1,2026-09-28T23:09:09+00:00,0.27.1,300.0
native,1,32,8,256,2048,1,64,5.6431519985198975,5.633024215698242,0.01215693527076764,30,3,359.4067521095276,"scripts/clock_elasticity.py: bursts of N back-to-back fused_experts calls under one pinned tile, each call L2-flushed and bracketed by its own pre-primed event pair, the FIRST call of every burst discarded as a drained-queue launch, a host-side idle gap after each burst setting the sustained duty cycle, and the SM clock, board power and memory clock read through NVML with the burst still in flight; NOT timing.TIMING_BASIS",1710.0,False,high,True,True,ok,"LEVEL HIGH (recorded, never an exclusion here): loaded clock 1710 MHz against the 1425 MHz reference. At a duty cycle below 1.0 a HIGH reading is the experiment working, not a cell to drop.",0.25,299.535,0.24989467846905794,7,118.51574376641658,burst,5.65177583694458,5.647712230682373,True,1710 1710 1710 1710 1710 1710 1710 1710 1710 1710 1680 1710 1665 1710 1650,False,3726.208637518389,"measured on this device: NVIDIA GH200 480GB (measured), 3726.2 GB/s (triad pattern)",13.0,580.105.08,True,1,684a9e9880f158b02ef3305c67bc5787aa9485d9,NVIDIA GH200 480GB,192-222-58-207,"scripts/clock_elasticity.py: bursts of N back-to-back fused_experts calls under one pinned tile, each call L2-flushed and bracketed by its own pre-primed event pair, the FIRST call of every burst discarded as a drained-queue launch, a host-side idle gap after each burst setting the sustained duty cycle, and the SM clock, board power and memory clock read through NVML with the burst still in flight; NOT timing.TIMING_BASIS | duty 0.25 | each idle gap sized from its own burst (gap_basis burst)",,iters=supplied as None; sglang=package not installed,1,3.12.14,173.5850634662988,"measured on this device: NVIDIA GH200 480GB (measured), 646.8 TFLOP/s bf16 over 3726.2 GB/s (triad pattern); calibrated 2026-09-28 at 684a9e98",,200.0,2.13.0,3.7.1,2026-09-28T23:09:09+00:00,0.27.1,300.0
shared,1,32,7,224,1792,1,576,5.000655889511108,4.981023788452148,0.025351626881817167,30,3,389.85059118270874,"scripts/clock_elasticity.py: bursts of N back-to-back fused_experts calls under one pinned tile, each call L2-flushed and bracketed by its own pre-primed event pair, the FIRST call of every burst discarded as a drained-queue launch, a host-side idle gap after each burst setting the sustained duty cycle, and the SM clock, board power and memory clock read through NVML with the burst still in flight; NOT timing.TIMING_BASIS",1710.0,False,high,True,True,ok,"LEVEL HIGH (recorded, never an exclusion here): loaded clock 1710 MHz against the 1425 MHz reference. At a duty cycle below 1.0 a HIGH reading is the experiment working, not a cell to drop.",0.25,311.547,0.24988871440675112,7,105.0523224093631,burst,5.00486421585083,5.0004801750183105,True,1710 1710 1620 1710 1620 1710 1710 1710 1710 1710 1710 1710 1710 1710 1710,False,3726.208637518389,"measured on this device: NVIDIA GH200 480GB (measured), 3726.2 GB/s (triad pattern)",13.0,580.105.08,True,1,684a9e9880f158b02ef3305c67bc5787aa9485d9,NVIDIA GH200 480GB,192-222-58-207,"scripts/clock_elasticity.py: bursts of N back-to-back fused_experts calls under one pinned tile, each call L2-flushed and bracketed by its own pre-primed event pair, the FIRST call of every burst discarded as a drained-queue launch, a host-side idle gap after each burst setting the sustained duty cycle, and the SM clock, board power and memory clock read through NVML with the burst still in flight; NOT timing.TIMING_BASIS | duty 0.25 | each idle gap sized from its own burst (gap_basis burst)",,iters=supplied as None; sglang=package not installed,1,3.12.14,173.5850634662988,"measured on this device: NVIDIA GH200 480GB (measured), 646.8 TFLOP/s bf16 over 3726.2 GB/s (triad pattern); calibrated 2026-09-28 at 684a9e98",,200.0,2.13.0,3.7.1,2026-09-28T23:09:09+00:00,0.27.1,300.0
private,1,32,7,224,1792,7,576,7.285696029663086,7.281856060028076,0.0023049904510787566,20,3,329.5735034942627,"scripts/clock_elasticity.py: bursts of N back-to-back fused_experts calls under one pinned tile, each call L2-flushed and bracketed by its own pre-primed event pair, the FIRST call of every burst discarded as a drained-queue launch, a host-side idle gap after each burst setting the sustained duty cycle, and the SM clock, board power and memory clock read through NVML with the burst still in flight; NOT timing.TIMING_BASIS",1710.0,False,high,True,True,ok,"LEVEL HIGH (recorded, never an exclusion here): loaded clock 1710 MHz against the 1425 MHz reference. At a duty cycle below 1.0 a HIGH reading is the experiment working, not a cell to drop.",0.25,315.157,0.24988598368454812,5,109.27784756510664,burst,7.285696029663086,7.2863359451293945,True,1710 1710 1605 1710 1710 1710 1710 1710 1710 1710 1710 1710 1710 1710 1710,False,3726.208637518389,"measured on this device: NVIDIA GH200 480GB (measured), 3726.2 GB/s (triad pattern)",13.0,580.105.08,True,1,684a9e9880f158b02ef3305c67bc5787aa9485d9,NVIDIA GH200 480GB,192-222-58-207,"scripts/clock_elasticity.py: bursts of N back-to-back fused_experts calls under one pinned tile, each call L2-flushed and bracketed by its own pre-primed event pair, the FIRST call of every burst discarded as a drained-queue launch, a host-side idle gap after each burst setting the sustained duty cycle, and the SM clock, board power and memory clock read through NVML with the burst still in flight; NOT timing.TIMING_BASIS | duty 0.25 | each idle gap sized from its own burst (gap_basis burst)",,iters=supplied as None; sglang=package not installed,1,3.12.14,173.5850634662988,"measured on this device: NVIDIA GH200 480GB (measured), 646.8 TFLOP/s bf16 over 3726.2 GB/s (triad pattern); calibrated 2026-09-28 at 684a9e98",,200.0,2.13.0,3.7.1,2026-09-28T23:09:09+00:00,0.27.1,300.0
native,1,32,7,224,1792,1,64,4.951728105545044,4.935200214385986,0.036817705353604596,30,3,317.31273651123047,"scripts/clock_elasticity.py: bursts of N back-to-back fused_experts calls under one pinned tile, each call L2-flushed and bracketed by its own pre-primed event pair, the FIRST call of every burst discarded as a drained-queue launch, a host-side idle gap after each burst setting the sustained duty cycle, and the SM clock, board power and memory clock read through NVML with the burst still in flight; NOT timing.TIMING_BASIS",1710.0,False,high,True,True,ok,"LEVEL HIGH (recorded, never an exclusion here): loaded clock 1710 MHz against the 1425 MHz reference. At a duty cycle below 1.0 a HIGH reading is the experiment working, not a cell to drop.",0.25,307.096,0.2498797678628089,7,104.10576392472285,burst,4.955103874206543,4.9561920166015625,True,1710 1710 1710 1710 1710 1710 1710 1710 1710 1710 1710 1710 1710 1710 1710,False,3726.208637518389,"measured on this device: NVIDIA GH200 480GB (measured), 3726.2 GB/s (triad pattern)",13.0,580.105.08,True,1,684a9e9880f158b02ef3305c67bc5787aa9485d9,NVIDIA GH200 480GB,192-222-58-207,"scripts/clock_elasticity.py: bursts of N back-to-back fused_experts calls under one pinned tile, each call L2-flushed and bracketed by its own pre-primed event pair, the FIRST call of every burst discarded as a drained-queue launch, a host-side idle gap after each burst setting the sustained duty cycle, and the SM clock, board power and memory clock read through NVML with the burst still in flight; NOT timing.TIMING_BASIS | duty 0.25 | each idle gap sized from its own burst (gap_basis burst)",,iters=supplied as None; sglang=package not installed,1,3.12.14,173.5850634662988,"measured on this device: NVIDIA GH200 480GB (measured), 646.8 TFLOP/s bf16 over 3726.2 GB/s (triad pattern); calibrated 2026-09-28 at 684a9e98",,200.0,2.13.0,3.7.1,2026-09-28T23:09:09+00:00,0.27.1,300.0
shared,1,32,6,192,1536,1,576,4.299871921539307,4.280735969543457,0.030435134721884416,40,3,315.26495599746704,"scripts/clock_elasticity.py: bursts of N back-to-back fused_experts calls under one pinned tile, each call L2-flushed and bracketed by its own pre-primed event pair, the FIRST call of every burst discarded as a drained-queue launch, a host-side idle gap after each burst setting the sustained duty cycle, and the SM clock, board power and memory clock read through NVML with the burst still in flight; NOT timing.TIMING_BASIS",1710.0,False,high,True,True,ok,"LEVEL HIGH (recorded, never an exclusion here): loaded clock 1710 MHz against the 1425 MHz reference. At a duty cycle below 1.0 a HIGH reading is the experiment working, not a cell to drop.",0.25,311.977,0.24989604953556363,9,116.05837581025844,burst,4.303296089172363,4.303216218948364,True,1710 1710 1710 1590 1710 1710 1710 1710 1590 1710 1710 1710 1710 1710 1710,False,3726.208637518389,"measured on this device: NVIDIA GH200 480GB (measured), 3726.2 GB/s (triad pattern)",13.0,580.105.08,True,1,684a9e9880f158b02ef3305c67bc5787aa9485d9,NVIDIA GH200 480GB,192-222-58-207,"scripts/clock_elasticity.py: bursts of N back-to-back fused_experts calls under one pinned tile, each call L2-flushed and bracketed by its own pre-primed event pair, the FIRST call of every burst discarded as a drained-queue launch, a host-side idle gap after each burst setting the sustained duty cycle, and the SM clock, board power and memory clock read through NVML with the burst still in flight; NOT timing.TIMING_BASIS | duty 0.25 | each idle gap sized from its own burst (gap_basis burst)",,iters=supplied as None; sglang=package not installed,1,3.12.14,173.5850634662988,"measured on this device: NVIDIA GH200 480GB (measured), 646.8 TFLOP/s bf16 over 3726.2 GB/s (triad pattern); calibrated 2026-09-28 at 684a9e98",,200.0,2.13.0,3.7.1,2026-09-28T23:09:09+00:00,0.27.1,300.0
private,1,32,6,192,1536,6,576,6.253376007080078,6.248064041137695,0.002565026833192065,25,3,301.71887969970703,"scripts/clock_elasticity.py: bursts of N back-to-back fused_experts calls under one pinned tile, each call L2-flushed and bracketed by its own pre-primed event pair, the FIRST call of every burst discarded as a drained-queue launch, a host-side idle gap after each burst setting the sustained duty cycle, and the SM clock, board power and memory clock read through NVML with the burst still in flight; NOT timing.TIMING_BASIS",1710.0,False,high,True,True,ok,"LEVEL HIGH (recorded, never an exclusion here): loaded clock 1710 MHz against the 1425 MHz reference. At a duty cycle below 1.0 a HIGH reading is the experiment working, not a cell to drop.",0.25,313.108,0.2498950520656442,6,112.49204857433506,burst,6.253119945526123,6.254816055297852,True,1710 1710 1710 1710 1710 1710 1710 1710 1710 1710 1710 1710 1710 1575 1710,False,3726.208637518389,"measured on this device: NVIDIA GH200 480GB (measured), 3726.2 GB/s (triad pattern)",13.0,580.105.08,True,1,684a9e9880f158b02ef3305c67bc5787aa9485d9,NVIDIA GH200 480GB,192-222-58-207,"scripts/clock_elasticity.py: bursts of N back-to-back fused_experts calls under one pinned tile, each call L2-flushed and bracketed by its own pre-primed event pair, the FIRST call of every burst discarded as a drained-queue launch, a host-side idle gap after each burst setting the sustained duty cycle, and the SM clock, board power and memory clock read through NVML with the burst still in flight; NOT timing.TIMING_BASIS | duty 0.25 | each idle gap sized from its own burst (gap_basis burst)",,iters=supplied as None; sglang=package not installed,1,3.12.14,173.5850634662988,"measured on this device: NVIDIA GH200 480GB (measured), 646.8 TFLOP/s bf16 over 3726.2 GB/s (triad pattern); calibrated 2026-09-28 at 684a9e98",,200.0,2.13.0,3.7.1,2026-09-28T23:09:09+00:00,0.27.1,300.0
native,1,32,6,192,1536,1,64,4.248816013336182,4.226240158081055,0.034836482881360924,40,3,310.6809287071228,"scripts/clock_elasticity.py: bursts of N back-to-back fused_experts calls under one pinned tile, each call L2-flushed and bracketed by its own pre-primed event pair, the FIRST call of every burst discarded as a drained-queue launch, a host-side idle gap after each burst setting the sustained duty cycle, and the SM clock, board power and memory clock read through NVML with the burst still in flight; NOT timing.TIMING_BASIS",1710.0,False,high,True,True,ok,"LEVEL HIGH (recorded, never an exclusion here): loaded clock 1710 MHz against the 1425 MHz reference. At a duty cycle below 1.0 a HIGH reading is the experiment working, not a cell to drop.",0.25,323.179,0.24988930932224684,9,114.65479168283491,burst,4.249664068222046,4.250912189483643,True,1710 1590 1710 1620 1710 1710 1710 1710 1710 1710 1710 1710 1710 1710 1710,False,3726.208637518389,"measured on this device: NVIDIA GH200 480GB (measured), 3726.2 GB/s (triad pattern)",13.0,580.105.08,True,1,684a9e9880f158b02ef3305c67bc5787aa9485d9,NVIDIA GH200 480GB,192-222-58-207,"scripts/clock_elasticity.py: bursts of N back-to-back fused_experts calls under one pinned tile, each call L2-flushed and bracketed by its own pre-primed event pair, the FIRST call of every burst discarded as a drained-queue launch, a host-side idle gap after each burst setting the sustained duty cycle, and the SM clock, board power and memory clock read through NVML with the burst still in flight; NOT timing.TIMING_BASIS | duty 0.25 | each idle gap sized from its own burst (gap_basis burst)",,iters=supplied as None; sglang=package not installed,1,3.12.14,173.5850634662988,"measured on this device: NVIDIA GH200 480GB (measured), 646.8 TFLOP/s bf16 over 3726.2 GB/s (triad pattern); calibrated 2026-09-28 at 684a9e98",,200.0,2.13.0,3.7.1,2026-09-28T23:09:09+00:00,0.27.1,300.0
shared,1,32,5,160,1280,1,576,3.607743978500366,3.588128089904785,0.033245225970566644,45,3,475.4998733997345,"scripts/clock_elasticity.py: bursts of N back-to-back fused_experts calls under one pinned tile, each call L2-flushed and bracketed by its own pre-primed event pair, the FIRST call of every burst discarded as a drained-queue launch, a host-side idle gap after each burst setting the sustained duty cycle, and the SM clock, board power and memory clock read through NVML with the burst still in flight; NOT timing.TIMING_BASIS",1710.0,False,high,True,True,ok,"LEVEL HIGH (recorded, never an exclusion here): loaded clock 1710 MHz against the 1425 MHz reference. At a duty cycle below 1.0 a HIGH reading is the experiment working, not a cell to drop.",0.25,321.221,0.2498926896454642,10,108.0812077014125,burst,3.6067839860916138,3.6147040128707886,True,1710 1710 1710 1710 1710 1710 1590 1710 1605 1710 1695 1710 1710 1710 1710,False,3726.208637518389,"measured on this device: NVIDIA GH200 480GB (measured), 3726.2 GB/s (triad pattern)",13.0,580.105.08,True,1,684a9e9880f158b02ef3305c67bc5787aa9485d9,NVIDIA GH200 480GB,192-222-58-207,"scripts/clock_elasticity.py: bursts of N back-to-back fused_experts calls under one pinned tile, each call L2-flushed and bracketed by its own pre-primed event pair, the FIRST call of every burst discarded as a drained-queue launch, a host-side idle gap after each burst setting the sustained duty cycle, and the SM clock, board power and memory clock read through NVML with the burst still in flight; NOT timing.TIMING_BASIS | duty 0.25 | each idle gap sized from its own burst (gap_basis burst)",,iters=supplied as None; sglang=package not installed,1,3.12.14,173.5850634662988,"measured on this device: NVIDIA GH200 480GB (measured), 646.8 TFLOP/s bf16 over 3726.2 GB/s (triad pattern); calibrated 2026-09-28 at 684a9e98",,200.0,2.13.0,3.7.1,2026-09-28T23:09:09+00:00,0.27.1,300.0
private,1,32,5,160,1280,5,576,5.222080230712891,5.2175679206848145,0.0026230117103044634,35,3,419.6635847091675,"scripts/clock_elasticity.py: bursts of N back-to-back fused_experts calls under one pinned tile, each call L2-flushed and bracketed by its own pre-primed event pair, the FIRST call of every burst discarded as a drained-queue launch, a host-side idle gap after each burst setting the sustained duty cycle, and the SM clock, board power and memory clock read through NVML with the burst still in flight; NOT timing.TIMING_BASIS",1710.0,False,high,False,True,ok,"LEVEL HIGH (recorded, never an exclusion here): loaded clock 1710 MHz against the 1425 MHz reference. At a duty cycle below 1.0 a HIGH reading is the experiment working, not a cell to drop.; DRIFT failed, settling upward: 1575 -> 1710 MHz over 15 bursts; this cell is EXCLUDED",0.25,312.709,0.24990180709569748,8,125.10187524404317,burst,5.222815990447998,5.222367763519287,True,1575 1710 1710 1710 1710 1710 1710 1710 1710 1710 1695 1710 1710 1575 1710,False,3726.208637518389,"measured on this device: NVIDIA GH200 480GB (measured), 3726.2 GB/s (triad pattern)",13.0,580.105.08,True,1,684a9e9880f158b02ef3305c67bc5787aa9485d9,NVIDIA GH200 480GB,192-222-58-207,"scripts/clock_elasticity.py: bursts of N back-to-back fused_experts calls under one pinned tile, each call L2-flushed and bracketed by its own pre-primed event pair, the FIRST call of every burst discarded as a drained-queue launch, a host-side idle gap after each burst setting the sustained duty cycle, and the SM clock, board power and memory clock read through NVML with the burst still in flight; NOT timing.TIMING_BASIS | duty 0.25 | each idle gap sized from its own burst (gap_basis burst)",,iters=supplied as None; sglang=package not installed,1,3.12.14,173.5850634662988,"measured on this device: NVIDIA GH200 480GB (measured), 646.8 TFLOP/s bf16 over 3726.2 GB/s (triad pattern); calibrated 2026-09-28 at 684a9e98",,200.0,2.13.0,3.7.1,2026-09-28T23:09:09+00:00,0.27.1,300.0
native,1,32,5,160,1280,1,64,3.5521280765533447,3.5392000675201416,0.03247390539595232,45,3,326.09193539619446,"scripts/clock_elasticity.py: bursts of N back-to-back fused_experts calls under one pinned tile, each call L2-flushed and bracketed by its own pre-primed event pair, the FIRST call of every burst discarded as a drained-queue launch, a host-side idle gap after each burst setting the sustained duty cycle, and the SM clock, board power and memory clock read through NVML with the burst still in flight; NOT timing.TIMING_BASIS",1710.0,False,high,True,True,ok,"LEVEL HIGH (recorded, never an exclusion here): loaded clock 1710 MHz against the 1425 MHz reference. At a duty cycle below 1.0 a HIGH reading is the experiment working, not a cell to drop.",0.25,318.006,0.24988418875287854,10,106.41705104875291,burst,3.554352045059204,3.5491360425949097,True,1710 1575 1710 1710 1710 1710 1710 1695 1605 1710 1650 1710 1695 1710 1710,False,3726.208637518389,"measured on this device: NVIDIA GH200 480GB (measured), 3726.2 GB/s (triad pattern)",13.0,580.105.08,True,1,684a9e9880f158b02ef3305c67bc5787aa9485d9,NVIDIA GH200 480GB,192-222-58-207,"scripts/clock_elasticity.py: bursts of N back-to-back fused_experts calls under one pinned tile, each call L2-flushed and bracketed by its own pre-primed event pair, the FIRST call of every burst discarded as a drained-queue launch, a host-side idle gap after each burst setting the sustained duty cycle, and the SM clock, board power and memory clock read through NVML with the burst still in flight; NOT timing.TIMING_BASIS | duty 0.25 | each idle gap sized from its own burst (gap_basis burst)",,iters=supplied as None; sglang=package not installed,1,3.12.14,173.5850634662988,"measured on this device: NVIDIA GH200 480GB (measured), 646.8 TFLOP/s bf16 over 3726.2 GB/s (triad pattern); calibrated 2026-09-28 at 684a9e98",,200.0,2.13.0,3.7.1,2026-09-28T23:09:09+00:00,0.27.1,300.0
shared,1,32,4,128,1024,1,576,2.8919360637664795,2.8803839683532715,0.01415863174507665,60,3,304.88057470321655,"scripts/clock_elasticity.py: bursts of N back-to-back fused_experts calls under one pinned tile, each call L2-flushed and bracketed by its own pre-primed event pair, the FIRST call of every burst discarded as a drained-queue launch, a host-side idle gap after each burst setting the sustained duty cycle, and the SM clock, board power and memory clock read through NVML with the burst still in flight; NOT timing.TIMING_BASIS",1710.0,False,high,True,True,ok,"LEVEL HIGH (recorded, never an exclusion here): loaded clock 1710 MHz against the 1425 MHz reference. At a duty cycle below 1.0 a HIGH reading is the experiment working, not a cell to drop.",0.25,317.927,0.24989694242585084,13,112.39034878489474,burst,2.892224073410034,2.89302396774292,True,1710 1710 1710 1710 1710 1710 1710 1710 1710 1710 1620 1710 1710 1710 1650,False,3726.208637518389,"measured on this device: NVIDIA GH200 480GB (measured), 3726.2 GB/s (triad pattern)",13.0,580.105.08,True,1,684a9e9880f158b02ef3305c67bc5787aa9485d9,NVIDIA GH200 480GB,192-222-58-207,"scripts/clock_elasticity.py: bursts of N back-to-back fused_experts calls under one pinned tile, each call L2-flushed and bracketed by its own pre-primed event pair, the FIRST call of every burst discarded as a drained-queue launch, a host-side idle gap after each burst setting the sustained duty cycle, and the SM clock, board power and memory clock read through NVML with the burst still in flight; NOT timing.TIMING_BASIS | duty 0.25 | each idle gap sized from its own burst (gap_basis burst)",,iters=supplied as None; sglang=package not installed,1,3.12.14,173.5850634662988,"measured on this device: NVIDIA GH200 480GB (measured), 646.8 TFLOP/s bf16 over 3726.2 GB/s (triad pattern); calibrated 2026-09-28 at 684a9e98",,200.0,2.13.0,3.7.1,2026-09-28T23:09:09+00:00,0.27.1,300.0
private,1,32,4,128,1024,4,576,4.187135934829712,4.182464122772217,0.0022008282164139173,40,3,302.99049615859985,"scripts/clock_elasticity.py: bursts of N back-to-back fused_experts calls under one pinned tile, each call L2-flushed and bracketed by its own pre-primed event pair, the FIRST call of every burst discarded as a drained-queue launch, a host-side idle gap after each burst setting the sustained duty cycle, and the SM clock, board power and memory clock read through NVML with the burst still in flight; NOT timing.TIMING_BASIS",1710.0,False,high,False,True,ok,"LEVEL HIGH (recorded, never an exclusion here): loaded clock 1710 MHz against the 1425 MHz reference. At a duty cycle below 1.0 a HIGH reading is the experiment working, not a cell to drop.; DRIFT failed, dropping: 1710 -> 1620 MHz over 15 bursts; this cell is EXCLUDED",0.25,318.348,0.24989341291142064,9,112.74020738796389,burst,4.187279939651489,4.186976194381714,True,1710 1710 1710 1710 1710 1710 1710 1710 1710 1710 1605 1710 1710 1710 1620,False,3726.208637518389,"measured on this device: NVIDIA GH200 480GB (measured), 3726.2 GB/s (triad pattern)",13.0,580.105.08,True,1,684a9e9880f158b02ef3305c67bc5787aa9485d9,NVIDIA GH200 480GB,192-222-58-207,"scripts/clock_elasticity.py: bursts of N back-to-back fused_experts calls under one pinned tile, each call L2-flushed and bracketed by its own pre-primed event pair, the FIRST call of every burst discarded as a drained-queue launch, a host-side idle gap after each burst setting the sustained duty cycle, and the SM clock, board power and memory clock read through NVML with the burst still in flight; NOT timing.TIMING_BASIS | duty 0.25 | each idle gap sized from its own burst (gap_basis burst)",,iters=supplied as None; sglang=package not installed,1,3.12.14,173.5850634662988,"measured on this device: NVIDIA GH200 480GB (measured), 646.8 TFLOP/s bf16 over 3726.2 GB/s (triad pattern); calibrated 2026-09-28 at 684a9e98",,200.0,2.13.0,3.7.1,2026-09-28T23:09:09+00:00,0.27.1,300.0
native,1,32,4,128,1024,1,64,2.841439962387085,2.8323519229888916,0.015580788290827758,60,3,522.8134725093842,"scripts/clock_elasticity.py: bursts of N back-to-back fused_experts calls under one pinned tile, each call L2-flushed and bracketed by its own pre-primed event pair, the FIRST call of every burst discarded as a drained-queue launch, a host-side idle gap after each burst setting the sustained duty cycle, and the SM clock, board power and memory clock read through NVML with the burst still in flight; NOT timing.TIMING_BASIS",1710.0,False,high,True,True,ok,"LEVEL HIGH (recorded, never an exclusion here): loaded clock 1710 MHz against the 1425 MHz reference. At a duty cycle below 1.0 a HIGH reading is the experiment working, not a cell to drop.",0.25,318.452,0.24988616894736435,13,110.35937685758107,burst,2.8431038856506348,2.8384640216827393,True,1710 1710 1710 1680 1710 1665 1710 1650 1710 1710 1710 1710 1710 1710 1710,False,3726.208637518389,"measured on this device: NVIDIA GH200 480GB (measured), 3726.2 GB/s (triad pattern)",13.0,580.105.08,True,1,684a9e9880f158b02ef3305c67bc5787aa9485d9,NVIDIA GH200 480GB,192-222-58-207,"scripts/clock_elasticity.py: bursts of N back-to-back fused_experts calls under one pinned tile, each call L2-flushed and bracketed by its own pre-primed event pair, the FIRST call of every burst discarded as a drained-queue launch, a host-side idle gap after each burst setting the sustained duty cycle, and the SM clock, board power and memory clock read through NVML with the burst still in flight; NOT timing.TIMING_BASIS | duty 0.25 | each idle gap sized from its own burst (gap_basis burst)",,iters=supplied as None; sglang=package not installed,1,3.12.14,173.5850634662988,"measured on this device: NVIDIA GH200 480GB (measured), 646.8 TFLOP/s bf16 over 3726.2 GB/s (triad pattern); calibrated 2026-09-28 at 684a9e98",,200.0,2.13.0,3.7.1,2026-09-28T23:09:09+00:00,0.27.1,300.0
shared,1,32,3,96,768,1,576,2.209887981414795,2.194591999053955,0.03297056347734084,75,3,324.1789128780365,"scripts/clock_elasticity.py: bursts of N back-to-back fused_experts calls under one pinned tile, each call L2-flushed and bracketed by its own pre-primed event pair, the FIRST call of every burst discarded as a drained-queue launch, a host-side idle gap after each burst setting the sustained duty cycle, and the SM clock, board power and memory clock read through NVML with the burst still in flight; NOT timing.TIMING_BASIS",1710.0,False,high,True,True,ok,"LEVEL HIGH (recorded, never an exclusion here): loaded clock 1710 MHz against the 1425 MHz reference. At a duty cycle below 1.0 a HIGH reading is the experiment working, not a cell to drop.",0.25,326.484,0.24989194596132394,16,105.32434485633712,burst,2.2119040489196777,2.2091519832611084,True,1710 1710 1635 1710 1515 1710 1710 1710 1710 1710 1710 1665 1710 1710 1710,False,3726.208637518389,"measured on this device: NVIDIA GH200 480GB (measured), 3726.2 GB/s (triad pattern)",13.0,580.105.08,True,1,684a9e9880f158b02ef3305c67bc5787aa9485d9,NVIDIA GH200 480GB,192-222-58-207,"scripts/clock_elasticity.py: bursts of N back-to-back fused_experts calls under one pinned tile, each call L2-flushed and bracketed by its own pre-primed event pair, the FIRST call of every burst discarded as a drained-queue launch, a host-side idle gap after each burst setting the sustained duty cycle, and the SM clock, board power and memory clock read through NVML with the burst still in flight; NOT timing.TIMING_BASIS | duty 0.25 | each idle gap sized from its own burst (gap_basis burst)",,iters=supplied as None; sglang=package not installed,1,3.12.14,173.5850634662988,"measured on this device: NVIDIA GH200 480GB (measured), 646.8 TFLOP/s bf16 over 3726.2 GB/s (triad pattern); calibrated 2026-09-28 at 684a9e98",,200.0,2.13.0,3.7.1,2026-09-28T23:09:09+00:00,0.27.1,300.0
private,1,32,3,96,768,3,576,3.153791904449463,3.1487998962402344,0.0021672861897334555,60,3,329.7231044769287,"scripts/clock_elasticity.py: bursts of N back-to-back fused_experts calls under one pinned tile, each call L2-flushed and bracketed by its own pre-primed event pair, the FIRST call of every burst discarded as a drained-queue launch, a host-side idle gap after each burst setting the sustained duty cycle, and the SM clock, board power and memory clock read through NVML with the burst still in flight; NOT timing.TIMING_BASIS",1710.0,False,high,True,True,ok,"LEVEL HIGH (recorded, never an exclusion here): loaded clock 1710 MHz against the 1425 MHz reference. At a duty cycle below 1.0 a HIGH reading is the experiment working, not a cell to drop.",0.25,308.785,0.24989941789960718,13,122.39406966238312,burst,3.153183937072754,3.1548800468444824,True,1710 1710 1710 1710 1710 1620 1710 1710 1695 1710 1710 1665 1710 1710 1710,False,3726.208637518389,"measured on this device: NVIDIA GH200 480GB (measured), 3726.2 GB/s (triad pattern)",13.0,580.105.08,True,1,684a9e9880f158b02ef3305c67bc5787aa9485d9,NVIDIA GH200 480GB,192-222-58-207,"scripts/clock_elasticity.py: bursts of N back-to-back fused_experts calls under one pinned tile, each call L2-flushed and bracketed by its own pre-primed event pair, the FIRST call of every burst discarded as a drained-queue launch, a host-side idle gap after each burst setting the sustained duty cycle, and the SM clock, board power and memory clock read through NVML with the burst still in flight; NOT timing.TIMING_BASIS | duty 0.25 | each idle gap sized from its own burst (gap_basis burst)",,iters=supplied as None; sglang=package not installed,1,3.12.14,173.5850634662988,"measured on this device: NVIDIA GH200 480GB (measured), 646.8 TFLOP/s bf16 over 3726.2 GB/s (triad pattern); calibrated 2026-09-28 at 684a9e98",,200.0,2.13.0,3.7.1,2026-09-28T23:09:09+00:00,0.27.1,300.0
native,1,32,3,96,768,1,64,2.153503894805908,2.1399359703063965,0.043899323014029,75,3,387.5571210384369,"scripts/clock_elasticity.py: bursts of N back-to-back fused_experts calls under one pinned tile, each call L2-flushed and bracketed by its own pre-primed event pair, the FIRST call of every burst discarded as a drained-queue launch, a host-side idle gap after each burst setting the sustained duty cycle, and the SM clock, board power and memory clock read through NVML with the burst still in flight; NOT timing.TIMING_BASIS",1710.0,False,high,True,True,ok,"LEVEL HIGH (recorded, never an exclusion here): loaded clock 1710 MHz against the 1425 MHz reference. At a duty cycle below 1.0 a HIGH reading is the experiment working, not a cell to drop.",0.25,332.999,0.24988356960774016,16,103.69116613109509,burst,2.153791904449463,2.235071897506714,True,1710 1710 1605 1710 1710 1710 1710 1665 1710 1710 1665 1710 1650 1710 1710,False,3726.208637518389,"measured on this device: NVIDIA GH200 480GB (measured), 3726.2 GB/s (triad pattern)",13.0,580.105.08,True,1,684a9e9880f158b02ef3305c67bc5787aa9485d9,NVIDIA GH200 480GB,192-222-58-207,"scripts/clock_elasticity.py: bursts of N back-to-back fused_experts calls under one pinned tile, each call L2-flushed and bracketed by its own pre-primed event pair, the FIRST call of every burst discarded as a drained-queue launch, a host-side idle gap after each burst setting the sustained duty cycle, and the SM clock, board power and memory clock read through NVML with the burst still in flight; NOT timing.TIMING_BASIS | duty 0.25 | each idle gap sized from its own burst (gap_basis burst)",,iters=supplied as None; sglang=package not installed,1,3.12.14,173.5850634662988,"measured on this device: NVIDIA GH200 480GB (measured), 646.8 TFLOP/s bf16 over 3726.2 GB/s (triad pattern); calibrated 2026-09-28 at 684a9e98",,200.0,2.13.0,3.7.1,2026-09-28T23:09:09+00:00,0.27.1,300.0
shared,1,32,2,64,512,1,576,1.511296033859253,1.499295949935913,0.026966219819839054,115,3,333.1446076631546,"scripts/clock_elasticity.py: bursts of N back-to-back fused_experts calls under one pinned tile, each call L2-flushed and bracketed by its own pre-primed event pair, the FIRST call of every burst discarded as a drained-queue launch, a host-side idle gap after each burst setting the sustained duty cycle, and the SM clock, board power and memory clock read through NVML with the burst still in flight; NOT timing.TIMING_BASIS",1710.0,False,high,True,True,ok,"LEVEL HIGH (recorded, never an exclusion here): loaded clock 1710 MHz against the 1425 MHz reference. At a duty cycle below 1.0 a HIGH reading is the experiment working, not a cell to drop.",0.25,328.796,0.24988544360621578,24,107.62065478853766,burst,1.5127359628677368,1.5238080024719238,True,1710 1710 1710 1515 1710 1635 1710 1695 1710 1515 1710 1695 1710 1695 1710,False,3726.208637518389,"measured on this device: NVIDIA GH200 480GB (measured), 3726.2 GB/s (triad pattern)",13.0,580.105.08,True,1,684a9e9880f158b02ef3305c67bc5787aa9485d9,NVIDIA GH200 480GB,192-222-58-207,"scripts/clock_elasticity.py: bursts of N back-to-back fused_experts calls under one pinned tile, each call L2-flushed and bracketed by its own pre-primed event pair, the FIRST call of every burst discarded as a drained-queue launch, a host-side idle gap after each burst setting the sustained duty cycle, and the SM clock, board power and memory clock read through NVML with the burst still in flight; NOT timing.TIMING_BASIS | duty 0.25 | each idle gap sized from its own burst (gap_basis burst)",,iters=supplied as None; sglang=package not installed,1,3.12.14,173.5850634662988,"measured on this device: NVIDIA GH200 480GB (measured), 646.8 TFLOP/s bf16 over 3726.2 GB/s (triad pattern); calibrated 2026-09-28 at 684a9e98",,200.0,2.13.0,3.7.1,2026-09-28T23:09:09+00:00,0.27.1,300.0
private,1,32,2,64,512,2,576,2.1202878952026367,2.1167359352111816,0.0018714695928274013,90,3,324.04326248168945,"scripts/clock_elasticity.py: bursts of N back-to-back fused_experts calls under one pinned tile, each call L2-flushed and bracketed by its own pre-primed event pair, the FIRST call of every burst discarded as a drained-queue launch, a host-side idle gap after each burst setting the sustained duty cycle, and the SM clock, board power and memory clock read through NVML with the burst still in flight; NOT timing.TIMING_BASIS",1710.0,False,high,True,True,ok,"LEVEL HIGH (recorded, never an exclusion here): loaded clock 1710 MHz against the 1425 MHz reference. At a duty cycle below 1.0 a HIGH reading is the experiment working, not a cell to drop.",0.25,307.043,0.24989937439092372,19,119.80687077114999,burst,2.1197280883789062,2.1208800077438354,True,1710 1710 1710 1710 1710 1710 1710 1605 1710 1620 1710 1710 1710 1710 1710,False,3726.208637518389,"measured on this device: NVIDIA GH200 480GB (measured), 3726.2 GB/s (triad pattern)",13.0,580.105.08,True,1,684a9e9880f158b02ef3305c67bc5787aa9485d9,NVIDIA GH200 480GB,192-222-58-207,"scripts/clock_elasticity.py: bursts of N back-to-back fused_experts calls under one pinned tile, each call L2-flushed and bracketed by its own pre-primed event pair, the FIRST call of every burst discarded as a drained-queue launch, a host-side idle gap after each burst setting the sustained duty cycle, and the SM clock, board power and memory clock read through NVML with the burst still in flight; NOT timing.TIMING_BASIS | duty 0.25 | each idle gap sized from its own burst (gap_basis burst)",,iters=supplied as None; sglang=package not installed,1,3.12.14,173.5850634662988,"measured on this device: NVIDIA GH200 480GB (measured), 646.8 TFLOP/s bf16 over 3726.2 GB/s (triad pattern); calibrated 2026-09-28 at 684a9e98",,200.0,2.13.0,3.7.1,2026-09-28T23:09:09+00:00,0.27.1,300.0
native,1,32,2,64,512,1,64,1.4544320106506348,1.4424320459365845,0.02125001339290242,115,3,321.0860162973404,"scripts/clock_elasticity.py: bursts of N back-to-back fused_experts calls under one pinned tile, each call L2-flushed and bracketed by its own pre-primed event pair, the FIRST call of every burst discarded as a drained-queue launch, a host-side idle gap after each burst setting the sustained duty cycle, and the SM clock, board power and memory clock read through NVML with the burst still in flight; NOT timing.TIMING_BASIS",1710.0,False,high,True,True,ok,"LEVEL HIGH (recorded, never an exclusion here): loaded clock 1710 MHz against the 1425 MHz reference. At a duty cycle below 1.0 a HIGH reading is the experiment working, not a cell to drop.",0.25,331.815,0.2498878468851643,24,103.40488852497948,burst,1.455839991569519,1.4528640508651733,True,1665 1710 1710 1515 1710 1500 1710 1710 1710 1710 1665 1710 1665 1545 1710,False,3726.208637518389,"measured on this device: NVIDIA GH200 480GB (measured), 3726.2 GB/s (triad pattern)",13.0,580.105.08,True,1,684a9e9880f158b02ef3305c67bc5787aa9485d9,NVIDIA GH200 480GB,192-222-58-207,"scripts/clock_elasticity.py: bursts of N back-to-back fused_experts calls under one pinned tile, each call L2-flushed and bracketed by its own pre-primed event pair, the FIRST call of every burst discarded as a drained-queue launch, a host-side idle gap after each burst setting the sustained duty cycle, and the SM clock, board power and memory clock read through NVML with the burst still in flight; NOT timing.TIMING_BASIS | duty 0.25 | each idle gap sized from its own burst (gap_basis burst)",,iters=supplied as None; sglang=package not installed,1,3.12.14,173.5850634662988,"measured on this device: NVIDIA GH200 480GB (measured), 646.8 TFLOP/s bf16 over 3726.2 GB/s (triad pattern); calibrated 2026-09-28 at 684a9e98",,200.0,2.13.0,3.7.1,2026-09-28T23:09:09+00:00,0.27.1,300.0
shared,1,32,1,32,256,1,576,1.094048023223877,1.0911999940872192,0.0011974740561487645,175,3,316.98720049858093,"scripts/clock_elasticity.py: bursts of N back-to-back fused_experts calls under one pinned tile, each call L2-flushed and bracketed by its own pre-primed event pair, the FIRST call of every burst discarded as a drained-queue launch, a host-side idle gap after each burst setting the sustained duty cycle, and the SM clock, board power and memory clock read through NVML with the burst still in flight; NOT timing.TIMING_BASIS",1710.0,False,high,True,True,ok,"LEVEL HIGH (recorded, never an exclusion here): loaded clock 1710 MHz against the 1425 MHz reference. At a duty cycle below 1.0 a HIGH reading is the experiment working, not a cell to drop.",0.25,308.999,0.24989519513107306,36,115.77614624807755,burst,1.0938720107078552,1.0940479636192322,True,1710 1710 1710 1710 1710 1710 1710 1710 1710 1665 1710 1710 1710 1710 1710,False,3726.208637518389,"measured on this device: NVIDIA GH200 480GB (measured), 3726.2 GB/s (triad pattern)",13.0,580.105.08,True,1,684a9e9880f158b02ef3305c67bc5787aa9485d9,NVIDIA GH200 480GB,192-222-58-207,"scripts/clock_elasticity.py: bursts of N back-to-back fused_experts calls under one pinned tile, each call L2-flushed and bracketed by its own pre-primed event pair, the FIRST call of every burst discarded as a drained-queue launch, a host-side idle gap after each burst setting the sustained duty cycle, and the SM clock, board power and memory clock read through NVML with the burst still in flight; NOT timing.TIMING_BASIS | duty 0.25 | each idle gap sized from its own burst (gap_basis burst)",,iters=supplied as None; sglang=package not installed,1,3.12.14,173.5850634662988,"measured on this device: NVIDIA GH200 480GB (measured), 646.8 TFLOP/s bf16 over 3726.2 GB/s (triad pattern); calibrated 2026-09-28 at 684a9e98",,200.0,2.13.0,3.7.1,2026-09-28T23:09:09+00:00,0.27.1,300.0
private,1,32,1,32,256,1,576,1.0940159559249878,1.0906239748001099,0.001205453512305677,175,3,356.3607031106949,"scripts/clock_elasticity.py: bursts of N back-to-back fused_experts calls under one pinned tile, each call L2-flushed and bracketed by its own pre-primed event pair, the FIRST call of every burst discarded as a drained-queue launch, a host-side idle gap after each burst setting the sustained duty cycle, and the SM clock, board power and memory clock read through NVML with the burst still in flight; NOT timing.TIMING_BASIS",1710.0,False,high,True,True,ok,"LEVEL HIGH (recorded, never an exclusion here): loaded clock 1710 MHz against the 1425 MHz reference. At a duty cycle below 1.0 a HIGH reading is the experiment working, not a cell to drop.",0.25,304.103,0.2498953318635586,36,115.66475603192522,burst,1.093936026096344,1.0938880443572998,True,1710 1710 1710 1710 1710 1710 1710 1665 1710 1635 1710 1710 1650 1710 1710,False,3726.208637518389,"measured on this device: NVIDIA GH200 480GB (measured), 3726.2 GB/s (triad pattern)",13.0,580.105.08,True,1,684a9e9880f158b02ef3305c67bc5787aa9485d9,NVIDIA GH200 480GB,192-222-58-207,"scripts/clock_elasticity.py: bursts of N back-to-back fused_experts calls under one pinned tile, each call L2-flushed and bracketed by its own pre-primed event pair, the FIRST call of every burst discarded as a drained-queue launch, a host-side idle gap after each burst setting the sustained duty cycle, and the SM clock, board power and memory clock read through NVML with the burst still in flight; NOT timing.TIMING_BASIS | duty 0.25 | each idle gap sized from its own burst (gap_basis burst)",,iters=supplied as None; sglang=package not installed,1,3.12.14,173.5850634662988,"measured on this device: NVIDIA GH200 480GB (measured), 646.8 TFLOP/s bf16 over 3726.2 GB/s (triad pattern); calibrated 2026-09-28 at 684a9e98",,200.0,2.13.0,3.7.1,2026-09-28T23:09:09+00:00,0.27.1,300.0
native,1,32,1,32,256,1,64,1.057088017463684,1.0525439977645874,0.0016295197722556764,185,3,323.02134346961975,"scripts/clock_elasticity.py: bursts of N back-to-back fused_experts calls under one pinned tile, each call L2-flushed and bracketed by its own pre-primed event pair, the FIRST call of every burst discarded as a drained-queue launch, a host-side idle gap after each burst setting the sustained duty cycle, and the SM clock, board power and memory clock read through NVML with the burst still in flight; NOT timing.TIMING_BASIS",1710.0,False,high,True,True,ok,"LEVEL HIGH (recorded, never an exclusion here): loaded clock 1710 MHz against the 1425 MHz reference. At a duty cycle below 1.0 a HIGH reading is the experiment working, not a cell to drop.",0.25,308.355,0.2498978518571326,38,117.90916203294182,burst,1.0571199655532837,1.0572160482406616,True,1710 1710 1710 1710 1710 1710 1710 1710 1710 1710 1710 1710 1710 1710 1710,False,3726.208637518389,"measured on this device: NVIDIA GH200 480GB (measured), 3726.2 GB/s (triad pattern)",13.0,580.105.08,True,1,684a9e9880f158b02ef3305c67bc5787aa9485d9,NVIDIA GH200 480GB,192-222-58-207,"scripts/clock_elasticity.py: bursts of N back-to-back fused_experts calls under one pinned tile, each call L2-flushed and bracketed by its own pre-primed event pair, the FIRST call of every burst discarded as a drained-queue launch, a host-side idle gap after each burst setting the sustained duty cycle, and the SM clock, board power and memory clock read through NVML with the burst still in flight; NOT timing.TIMING_BASIS | duty 0.25 | each idle gap sized from its own burst (gap_basis burst)",,iters=supplied as None; sglang=package not installed,1,3.12.14,173.5850634662988,"measured on this device: NVIDIA GH200 480GB (measured), 646.8 TFLOP/s bf16 over 3726.2 GB/s (triad pattern); calibrated 2026-09-28 at 684a9e98",,200.0,2.13.0,3.7.1,2026-09-28T23:09:09+00:00,0.27.1,300.0
private,2,32,1,32,256,1,576,1.0941439867019653,1.0906239748001099,0.0012445941587372483,175,3,317.03830456733704,"scripts/clock_elasticity.py: bursts of N back-to-back fused_experts calls under one pinned tile, each call L2-flushed and bracketed by its own pre-primed event pair, the FIRST call of every burst discarded as a drained-queue launch, a host-side idle gap after each burst setting the sustained duty cycle, and the SM clock, board power and memory clock read through NVML with the burst still in flight; NOT timing.TIMING_BASIS",1710.0,False,high,True,True,ok,"LEVEL HIGH (recorded, never an exclusion here): loaded clock 1710 MHz against the 1425 MHz reference. At a duty cycle below 1.0 a HIGH reading is the experiment working, not a cell to drop.",0.25,302.307,0.2498947572392499,36,115.69768305998879,burst,1.0940960049629211,1.094208002090454,True,1710 1710 1710 1710 1710 1710 1710 1710 1710 1710 1710 1710 1710 1710 1710,False,3726.208637518389,"measured on this device: NVIDIA GH200 480GB (measured), 3726.2 GB/s (triad pattern)",13.0,580.105.08,True,1,684a9e9880f158b02ef3305c67bc5787aa9485d9,NVIDIA GH200 480GB,192-222-58-207,"scripts/clock_elasticity.py: bursts of N back-to-back fused_experts calls under one pinned tile, each call L2-flushed and bracketed by its own pre-primed event pair, the FIRST call of every burst discarded as a drained-queue launch, a host-side idle gap after each burst setting the sustained duty cycle, and the SM clock, board power and memory clock read through NVML with the burst still in flight; NOT timing.TIMING_BASIS | duty 0.25 | each idle gap sized from its own burst (gap_basis burst)",,iters=supplied as None; sglang=package not installed,1,3.12.14,173.5850634662988,"measured on this device: NVIDIA GH200 480GB (measured), 646.8 TFLOP/s bf16 over 3726.2 GB/s (triad pattern); calibrated 2026-09-28 at 684a9e98",,200.0,2.13.0,3.7.1,2026-09-28T23:09:09+00:00,0.27.1,300.0
native,2,32,1,32,256,1,64,1.0574719905853271,1.0524159669876099,0.001704040359803854,185,3,323.2480959892273,"scripts/clock_elasticity.py: bursts of N back-to-back fused_experts calls under one pinned tile, each call L2-flushed and bracketed by its own pre-primed event pair, the FIRST call of every burst discarded as a drained-queue launch, a host-side idle gap after each burst setting the sustained duty cycle, and the SM clock, board power and memory clock read through NVML with the burst still in flight; NOT timing.TIMING_BASIS",1710.0,False,high,True,True,ok,"LEVEL HIGH (recorded, never an exclusion here): loaded clock 1710 MHz against the 1425 MHz reference. At a duty cycle below 1.0 a HIGH reading is the experiment working, not a cell to drop.",0.25,307.832,0.2498938468492022,38,117.94458753079378,burst,1.0573439598083496,1.0578240156173706,True,1710 1710 1710 1710 1710 1710 1710 1710 1710 1710 1710 1710 1710 1710 1710,False,3726.208637518389,"measured on this device: NVIDIA GH200 480GB (measured), 3726.2 GB/s (triad pattern)",13.0,580.105.08,True,1,684a9e9880f158b02ef3305c67bc5787aa9485d9,NVIDIA GH200 480GB,192-222-58-207,"scripts/clock_elasticity.py: bursts of N back-to-back fused_experts calls under one pinned tile, each call L2-flushed and bracketed by its own pre-primed event pair, the FIRST call of every burst discarded as a drained-queue launch, a host-side idle gap after each burst setting the sustained duty cycle, and the SM clock, board power and memory clock read through NVML with the burst still in flight; NOT timing.TIMING_BASIS | duty 0.25 | each idle gap sized from its own burst (gap_basis burst)",,iters=supplied as None; sglang=package not installed,1,3.12.14,173.5850634662988,"measured on this device: NVIDIA GH200 480GB (measured), 646.8 TFLOP/s bf16 over 3726.2 GB/s (triad pattern); calibrated 2026-09-28 at 684a9e98",,200.0,2.13.0,3.7.1,2026-09-28T23:09:09+00:00,0.27.1,300.0
shared,2,32,1,32,256,1,576,1.0943039655685425,1.0911040306091309,0.0012398627770620757,175,3,317.0735683441162,"scripts/clock_elasticity.py: bursts of N back-to-back fused_experts calls under one pinned tile, each call L2-flushed and bracketed by its own pre-primed event pair, the FIRST call of every burst discarded as a drained-queue launch, a host-side idle gap after each burst setting the sustained duty cycle, and the SM clock, board power and memory clock read through NVML with the burst still in flight; NOT timing.TIMING_BASIS",1710.0,False,high,True,True,ok,"LEVEL HIGH (recorded, never an exclusion here): loaded clock 1710 MHz against the 1425 MHz reference. At a duty cycle below 1.0 a HIGH reading is the experiment working, not a cell to drop.",0.25,304.406,0.24989313530691487,36,115.75230466869108,burst,1.0942879915237427,1.094208002090454,True,1710 1710 1710 1710 1710 1710 1710 1710 1710 1710 1710 1710 1710 1710 1710,False,3726.208637518389,"measured on this device: NVIDIA GH200 480GB (measured), 3726.2 GB/s (triad pattern)",13.0,580.105.08,True,1,684a9e9880f158b02ef3305c67bc5787aa9485d9,NVIDIA GH200 480GB,192-222-58-207,"scripts/clock_elasticity.py: bursts of N back-to-back fused_experts calls under one pinned tile, each call L2-flushed and bracketed by its own pre-primed event pair, the FIRST call of every burst discarded as a drained-queue launch, a host-side idle gap after each burst setting the sustained duty cycle, and the SM clock, board power and memory clock read through NVML with the burst still in flight; NOT timing.TIMING_BASIS | duty 0.25 | each idle gap sized from its own burst (gap_basis burst)",,iters=supplied as None; sglang=package not installed,1,3.12.14,173.5850634662988,"measured on this device: NVIDIA GH200 480GB (measured), 646.8 TFLOP/s bf16 over 3726.2 GB/s (triad pattern); calibrated 2026-09-28 at 684a9e98",,200.0,2.13.0,3.7.1,2026-09-28T23:09:09+00:00,0.27.1,300.0
private,2,32,2,64,512,2,576,2.1197760105133057,2.1168320178985596,0.0017383486028019449,90,3,323.82492756843567,"scripts/clock_elasticity.py: bursts of N back-to-back fused_experts calls under one pinned tile, each call L2-flushed and bracketed by its own pre-primed event pair, the FIRST call of every burst discarded as a drained-queue launch, a host-side idle gap after each burst setting the sustained duty cycle, and the SM clock, board power and memory clock read through NVML with the burst still in flight; NOT timing.TIMING_BASIS",1710.0,False,high,True,True,ok,"LEVEL HIGH (recorded, never an exclusion here): loaded clock 1710 MHz against the 1425 MHz reference. At a duty cycle below 1.0 a HIGH reading is the experiment working, not a cell to drop.",0.25,307.635,0.24990787100870757,19,119.72645323027972,burst,2.119968056678772,2.1196160316467285,True,1710 1710 1710 1710 1710 1710 1710 1710 1710 1710 1710 1710 1710 1710 1710,False,3726.208637518389,"measured on this device: NVIDIA GH200 480GB (measured), 3726.2 GB/s (triad pattern)",13.0,580.105.08,True,1,684a9e9880f158b02ef3305c67bc5787aa9485d9,NVIDIA GH200 480GB,192-222-58-207,"scripts/clock_elasticity.py: bursts of N back-to-back fused_experts calls under one pinned tile, each call L2-flushed and bracketed by its own pre-primed event pair, the FIRST call of every burst discarded as a drained-queue launch, a host-side idle gap after each burst setting the sustained duty cycle, and the SM clock, board power and memory clock read through NVML with the burst still in flight; NOT timing.TIMING_BASIS | duty 0.25 | each idle gap sized from its own burst (gap_basis burst)",,iters=supplied as None; sglang=package not installed,1,3.12.14,173.5850634662988,"measured on this device: NVIDIA GH200 480GB (measured), 646.8 TFLOP/s bf16 over 3726.2 GB/s (triad pattern); calibrated 2026-09-28 at 684a9e98",,200.0,2.13.0,3.7.1,2026-09-28T23:09:09+00:00,0.27.1,300.0
native,2,32,2,64,512,1,64,1.4555200338363647,1.4432640075683594,0.004767702700742819,115,3,322.57577550411224,"scripts/clock_elasticity.py: bursts of N back-to-back fused_experts calls under one pinned tile, each call L2-flushed and bracketed by its own pre-primed event pair, the FIRST call of every burst discarded as a drained-queue launch, a host-side idle gap after each burst setting the sustained duty cycle, and the SM clock, board power and memory clock read through NVML with the burst still in flight; NOT timing.TIMING_BASIS",1710.0,False,high,False,True,ok,"LEVEL HIGH (recorded, never an exclusion here): loaded clock 1710 MHz against the 1425 MHz reference. At a duty cycle below 1.0 a HIGH reading is the experiment working, not a cell to drop.; DRIFT failed, settling upward: 1500 -> 1710 MHz over 15 bursts; this cell is EXCLUDED",0.25,329.604,0.24988173177867784,24,103.41935319665208,burst,1.458016037940979,1.454367995262146,True,1500 1665 1665 1710 1665 1710 1665 1665 1710 1710 1710 1665 1710 1710 1710,False,3726.208637518389,"measured on this device: NVIDIA GH200 480GB (measured), 3726.2 GB/s (triad pattern)",13.0,580.105.08,True,1,684a9e9880f158b02ef3305c67bc5787aa9485d9,NVIDIA GH200 480GB,192-222-58-207,"scripts/clock_elasticity.py: bursts of N back-to-back fused_experts calls under one pinned tile, each call L2-flushed and bracketed by its own pre-primed event pair, the FIRST call of every burst discarded as a drained-queue launch, a host-side idle gap after each burst setting the sustained duty cycle, and the SM clock, board power and memory clock read through NVML with the burst still in flight; NOT timing.TIMING_BASIS | duty 0.25 | each idle gap sized from its own burst (gap_basis burst)",,iters=supplied as None; sglang=package not installed,1,3.12.14,173.5850634662988,"measured on this device: NVIDIA GH200 480GB (measured), 646.8 TFLOP/s bf16 over 3726.2 GB/s (triad pattern); calibrated 2026-09-28 at 684a9e98",,200.0,2.13.0,3.7.1,2026-09-28T23:09:09+00:00,0.27.1,300.0
shared,2,32,2,64,512,1,576,1.511296033859253,1.5001280307769775,0.02627473667952593,115,3,479.2440962791443,"scripts/clock_elasticity.py: bursts of N back-to-back fused_experts calls under one pinned tile, each call L2-flushed and bracketed by its own pre-primed event pair, the FIRST call of every burst discarded as a drained-queue launch, a host-side idle gap after each burst setting the sustained duty cycle, and the SM clock, board power and memory clock read through NVML with the burst still in flight; NOT timing.TIMING_BASIS",1710.0,False,high,True,True,ok,"LEVEL HIGH (recorded, never an exclusion here): loaded clock 1710 MHz against the 1425 MHz reference. At a duty cycle below 1.0 a HIGH reading is the experiment working, not a cell to drop.",0.25,328.102,0.24988689907873377,24,107.85287991989026,burst,1.5118399858474731,1.5141119956970215,True,1710 1710 1710 1710 1710 1710 1545 1710 1665 1710 1695 1710 1665 1710 1710,False,3726.208637518389,"measured on this device: NVIDIA GH200 480GB (measured), 3726.2 GB/s (triad pattern)",13.0,580.105.08,True,1,684a9e9880f158b02ef3305c67bc5787aa9485d9,NVIDIA GH200 480GB,192-222-58-207,"scripts/clock_elasticity.py: bursts of N back-to-back fused_experts calls under one pinned tile, each call L2-flushed and bracketed by its own pre-primed event pair, the FIRST call of every burst discarded as a drained-queue launch, a host-side idle gap after each burst setting the sustained duty cycle, and the SM clock, board power and memory clock read through NVML with the burst still in flight; NOT timing.TIMING_BASIS | duty 0.25 | each idle gap sized from its own burst (gap_basis burst)",,iters=supplied as None; sglang=package not installed,1,3.12.14,173.5850634662988,"measured on this device: NVIDIA GH200 480GB (measured), 646.8 TFLOP/s bf16 over 3726.2 GB/s (triad pattern); calibrated 2026-09-28 at 684a9e98",,200.0,2.13.0,3.7.1,2026-09-28T23:09:09+00:00,0.27.1,300.0
private,2,32,3,96,768,3,576,3.1537920236587524,3.150144100189209,0.0023292533475233472,60,3,329.64556860923767,"scripts/clock_elasticity.py: bursts of N back-to-back fused_experts calls under one pinned tile, each call L2-flushed and bracketed by its own pre-primed event pair, the FIRST call of every burst discarded as a drained-queue launch, a host-side idle gap after each burst setting the sustained duty cycle, and the SM clock, board power and memory clock read through NVML with the burst still in flight; NOT timing.TIMING_BASIS",1710.0,False,high,True,True,ok,"LEVEL HIGH (recorded, never an exclusion here): loaded clock 1710 MHz against the 1425 MHz reference. At a duty cycle below 1.0 a HIGH reading is the experiment working, not a cell to drop.",0.25,310.468,0.249898311869162,13,122.34977935683128,burst,3.1538240909576416,3.154207944869995,True,1710 1710 1710 1710 1710 1695 1710 1710 1695 1710 1710 1710 1710 1710 1710,False,3726.208637518389,"measured on this device: NVIDIA GH200 480GB (measured), 3726.2 GB/s (triad pattern)",13.0,580.105.08,True,1,684a9e9880f158b02ef3305c67bc5787aa9485d9,NVIDIA GH200 480GB,192-222-58-207,"scripts/clock_elasticity.py: bursts of N back-to-back fused_experts calls under one pinned tile, each call L2-flushed and bracketed by its own pre-primed event pair, the FIRST call of every burst discarded as a drained-queue launch, a host-side idle gap after each burst setting the sustained duty cycle, and the SM clock, board power and memory clock read through NVML with the burst still in flight; NOT timing.TIMING_BASIS | duty 0.25 | each idle gap sized from its own burst (gap_basis burst)",,iters=supplied as None; sglang=package not installed,1,3.12.14,173.5850634662988,"measured on this device: NVIDIA GH200 480GB (measured), 646.8 TFLOP/s bf16 over 3726.2 GB/s (triad pattern); calibrated 2026-09-28 at 684a9e98",,200.0,2.13.0,3.7.1,2026-09-28T23:09:09+00:00,0.27.1,300.0
native,2,32,3,96,768,1,64,2.1540160179138184,2.1403839588165283,0.04184399203264207,75,3,388.90300822257996,"scripts/clock_elasticity.py: bursts of N back-to-back fused_experts calls under one pinned tile, each call L2-flushed and bracketed by its own pre-primed event pair, the FIRST call of every burst discarded as a drained-queue launch, a host-side idle gap after each burst setting the sustained duty cycle, and the SM clock, board power and memory clock read through NVML with the burst still in flight; NOT timing.TIMING_BASIS",1710.0,False,high,True,True,ok,"LEVEL HIGH (recorded, never an exclusion here): loaded clock 1710 MHz against the 1425 MHz reference. At a duty cycle below 1.0 a HIGH reading is the experiment working, not a cell to drop.",0.25,334.873,0.2498795518632939,16,103.70650547889818,burst,2.153856039047241,2.23088002204895,True,1710 1710 1650 1710 1710 1710 1710 1665 1710 1710 1710 1710 1665 1710 1710,False,3726.208637518389,"measured on this device: NVIDIA GH200 480GB (measured), 3726.2 GB/s (triad pattern)",13.0,580.105.08,True,1,684a9e9880f158b02ef3305c67bc5787aa9485d9,NVIDIA GH200 480GB,192-222-58-207,"scripts/clock_elasticity.py: bursts of N back-to-back fused_experts calls under one pinned tile, each call L2-flushed and bracketed by its own pre-primed event pair, the FIRST call of every burst discarded as a drained-queue launch, a host-side idle gap after each burst setting the sustained duty cycle, and the SM clock, board power and memory clock read through NVML with the burst still in flight; NOT timing.TIMING_BASIS | duty 0.25 | each idle gap sized from its own burst (gap_basis burst)",,iters=supplied as None; sglang=package not installed,1,3.12.14,173.5850634662988,"measured on this device: NVIDIA GH200 480GB (measured), 646.8 TFLOP/s bf16 over 3726.2 GB/s (triad pattern); calibrated 2026-09-28 at 684a9e98",,200.0,2.13.0,3.7.1,2026-09-28T23:09:09+00:00,0.27.1,300.0
shared,2,32,3,96,768,1,576,2.207263946533203,2.1961278915405273,0.03373484538328523,75,3,324.83046412467957,"scripts/clock_elasticity.py: bursts of N back-to-back fused_experts calls under one pinned tile, each call L2-flushed and bracketed by its own pre-primed event pair, the FIRST call of every burst discarded as a drained-queue launch, a host-side idle gap after each burst setting the sustained duty cycle, and the SM clock, board power and memory clock read through NVML with the burst still in flight; NOT timing.TIMING_BASIS",1710.0,False,high,True,True,ok,"LEVEL HIGH (recorded, never an exclusion here): loaded clock 1710 MHz against the 1425 MHz reference. At a duty cycle below 1.0 a HIGH reading is the experiment working, not a cell to drop.",0.25,324.194,0.2498874816996356,16,105.35792365291854,burst,2.209791898727417,2.2078399658203125,True,1710 1710 1530 1710 1695 1710 1710 1710 1710 1515 1710 1695 1710 1710 1710,False,3726.208637518389,"measured on this device: NVIDIA GH200 480GB (measured), 3726.2 GB/s (triad pattern)",13.0,580.105.08,True,1,684a9e9880f158b02ef3305c67bc5787aa9485d9,NVIDIA GH200 480GB,192-222-58-207,"scripts/clock_elasticity.py: bursts of N back-to-back fused_experts calls under one pinned tile, each call L2-flushed and bracketed by its own pre-primed event pair, the FIRST call of every burst discarded as a drained-queue launch, a host-side idle gap after each burst setting the sustained duty cycle, and the SM clock, board power and memory clock read through NVML with the burst still in flight; NOT timing.TIMING_BASIS | duty 0.25 | each idle gap sized from its own burst (gap_basis burst)",,iters=supplied as None; sglang=package not installed,1,3.12.14,173.5850634662988,"measured on this device: NVIDIA GH200 480GB (measured), 646.8 TFLOP/s bf16 over 3726.2 GB/s (triad pattern); calibrated 2026-09-28 at 684a9e98",,200.0,2.13.0,3.7.1,2026-09-28T23:09:09+00:00,0.27.1,300.0
private,2,32,4,128,1024,4,576,4.186816215515137,4.18342399597168,0.001594350342316083,40,3,303.00492811203003,"scripts/clock_elasticity.py: bursts of N back-to-back fused_experts calls under one pinned tile, each call L2-flushed and bracketed by its own pre-primed event pair, the FIRST call of every burst discarded as a drained-queue launch, a host-side idle gap after each burst setting the sustained duty cycle, and the SM clock, board power and memory clock read through NVML with the burst still in flight; NOT timing.TIMING_BASIS",1710.0,False,high,True,True,ok,"LEVEL HIGH (recorded, never an exclusion here): loaded clock 1710 MHz against the 1425 MHz reference. At a duty cycle below 1.0 a HIGH reading is the experiment working, not a cell to drop.",0.25,317.405,0.24988943846688752,9,112.73551217533532,burst,4.187183856964111,4.187423944473267,True,1710 1710 1710 1710 1710 1710 1710 1695 1710 1710 1710 1710 1710 1710 1710,False,3726.208637518389,"measured on this device: NVIDIA GH200 480GB (measured), 3726.2 GB/s (triad pattern)",13.0,580.105.08,True,1,684a9e9880f158b02ef3305c67bc5787aa9485d9,NVIDIA GH200 480GB,192-222-58-207,"scripts/clock_elasticity.py: bursts of N back-to-back fused_experts calls under one pinned tile, each call L2-flushed and bracketed by its own pre-primed event pair, the FIRST call of every burst discarded as a drained-queue launch, a host-side idle gap after each burst setting the sustained duty cycle, and the SM clock, board power and memory clock read through NVML with the burst still in flight; NOT timing.TIMING_BASIS | duty 0.25 | each idle gap sized from its own burst (gap_basis burst)",,iters=supplied as None; sglang=package not installed,1,3.12.14,173.5850634662988,"measured on this device: NVIDIA GH200 480GB (measured), 646.8 TFLOP/s bf16 over 3726.2 GB/s (triad pattern); calibrated 2026-09-28 at 684a9e98",,200.0,2.13.0,3.7.1,2026-09-28T23:09:09+00:00,0.27.1,300.0
native,2,32,4,128,1024,1,64,2.842639923095703,2.83459210395813,0.008950358102604134,60,3,300.13318395614624,"scripts/clock_elasticity.py: bursts of N back-to-back fused_experts calls under one pinned tile, each call L2-flushed and bracketed by its own pre-primed event pair, the FIRST call of every burst discarded as a drained-queue launch, a host-side idle gap after each burst setting the sustained duty cycle, and the SM clock, board power and memory clock read through NVML with the burst still in flight; NOT timing.TIMING_BASIS",1710.0,False,high,True,True,ok,"LEVEL HIGH (recorded, never an exclusion here): loaded clock 1710 MHz against the 1425 MHz reference. At a duty cycle below 1.0 a HIGH reading is the experiment working, not a cell to drop.",0.25,319.633,0.2498856330400649,13,110.38978807955574,burst,2.8438398838043213,2.842207908630371,True,1710 1710 1620 1710 1710 1710 1605 1710 1710 1710 1710 1710 1710 1710 1710,False,3726.208637518389,"measured on this device: NVIDIA GH200 480GB (measured), 3726.2 GB/s (triad pattern)",13.0,580.105.08,True,1,684a9e9880f158b02ef3305c67bc5787aa9485d9,NVIDIA GH200 480GB,192-222-58-207,"scripts/clock_elasticity.py: bursts of N back-to-back fused_experts calls under one pinned tile, each call L2-flushed and bracketed by its own pre-primed event pair, the FIRST call of every burst discarded as a drained-queue launch, a host-side idle gap after each burst setting the sustained duty cycle, and the SM clock, board power and memory clock read through NVML with the burst still in flight; NOT timing.TIMING_BASIS | duty 0.25 | each idle gap sized from its own burst (gap_basis burst)",,iters=supplied as None; sglang=package not installed,1,3.12.14,173.5850634662988,"measured on this device: NVIDIA GH200 480GB (measured), 646.8 TFLOP/s bf16 over 3726.2 GB/s (triad pattern); calibrated 2026-09-28 at 684a9e98",,200.0,2.13.0,3.7.1,2026-09-28T23:09:09+00:00,0.27.1,300.0
shared,2,32,4,128,1024,1,576,2.893120050430298,2.881376028060913,0.010354139013680683,60,3,304.68809628486633,"scripts/clock_elasticity.py: bursts of N back-to-back fused_experts calls under one pinned tile, each call L2-flushed and bracketed by its own pre-primed event pair, the FIRST call of every burst discarded as a drained-queue launch, a host-side idle gap after each burst setting the sustained duty cycle, and the SM clock, board power and memory clock read through NVML with the burst still in flight; NOT timing.TIMING_BASIS",1710.0,False,high,True,True,ok,"LEVEL HIGH (recorded, never an exclusion here): loaded clock 1710 MHz against the 1425 MHz reference. At a duty cycle below 1.0 a HIGH reading is the experiment working, not a cell to drop.",0.25,316.206,0.24989215295148787,13,112.29570401117964,burst,2.8946239948272705,2.8930559158325195,True,1710 1710 1710 1710 1710 1710 1710 1710 1710 1710 1710 1710 1710 1710 1710,False,3726.208637518389,"measured on this device: NVIDIA GH200 480GB (measured), 3726.2 GB/s (triad pattern)",13.0,580.105.08,True,1,684a9e9880f158b02ef3305c67bc5787aa9485d9,NVIDIA GH200 480GB,192-222-58-207,"scripts/clock_elasticity.py: bursts of N back-to-back fused_experts calls under one pinned tile, each call L2-flushed and bracketed by its own pre-primed event pair, the FIRST call of every burst discarded as a drained-queue launch, a host-side idle gap after each burst setting the sustained duty cycle, and the SM clock, board power and memory clock read through NVML with the burst still in flight; NOT timing.TIMING_BASIS | duty 0.25 | each idle gap sized from its own burst (gap_basis burst)",,iters=supplied as None; sglang=package not installed,1,3.12.14,173.5850634662988,"measured on this device: NVIDIA GH200 480GB (measured), 646.8 TFLOP/s bf16 over 3726.2 GB/s (triad pattern); calibrated 2026-09-28 at 684a9e98",,200.0,2.13.0,3.7.1,2026-09-28T23:09:09+00:00,0.27.1,300.0
private,2,32,5,160,1280,5,576,5.222303867340088,5.218239784240723,0.0034576291970675075,35,3,336.10627126693726,"scripts/clock_elasticity.py: bursts of N back-to-back fused_experts calls under one pinned tile, each call L2-flushed and bracketed by its own pre-primed event pair, the FIRST call of every burst discarded as a drained-queue launch, a host-side idle gap after each burst setting the sustained duty cycle, and the SM clock, board power and memory clock read through NVML with the burst still in flight; NOT timing.TIMING_BASIS",1710.0,False,high,True,True,ok,"LEVEL HIGH (recorded, never an exclusion here): loaded clock 1710 MHz against the 1425 MHz reference. At a duty cycle below 1.0 a HIGH reading is the experiment working, not a cell to drop.",0.25,313.183,0.24990943629673623,8,125.12012082307774,burst,5.221504211425781,5.228127956390381,True,1710 1710 1710 1710 1710 1695 1710 1710 1695 1710 1710 1710 1710 1710 1710,False,3726.208637518389,"measured on this device: NVIDIA GH200 480GB (measured), 3726.2 GB/s (triad pattern)",13.0,580.105.08,True,1,684a9e9880f158b02ef3305c67bc5787aa9485d9,NVIDIA GH200 480GB,192-222-58-207,"scripts/clock_elasticity.py: bursts of N back-to-back fused_experts calls under one pinned tile, each call L2-flushed and bracketed by its own pre-primed event pair, the FIRST call of every burst discarded as a drained-queue launch, a host-side idle gap after each burst setting the sustained duty cycle, and the SM clock, board power and memory clock read through NVML with the burst still in flight; NOT timing.TIMING_BASIS | duty 0.25 | each idle gap sized from its own burst (gap_basis burst)",,iters=supplied as None; sglang=package not installed,1,3.12.14,173.5850634662988,"measured on this device: NVIDIA GH200 480GB (measured), 646.8 TFLOP/s bf16 over 3726.2 GB/s (triad pattern); calibrated 2026-09-28 at 684a9e98",,200.0,2.13.0,3.7.1,2026-09-28T23:09:09+00:00,0.27.1,300.0
native,2,32,5,160,1280,1,64,3.551647901535034,3.5377280712127686,0.04009539926956152,45,3,326.35296082496643,"scripts/clock_elasticity.py: bursts of N back-to-back fused_experts calls under one pinned tile, each call L2-flushed and bracketed by its own pre-primed event pair, the FIRST call of every burst discarded as a drained-queue launch, a host-side idle gap after each burst setting the sustained duty cycle, and the SM clock, board power and memory clock read through NVML with the burst still in flight; NOT timing.TIMING_BASIS",1710.0,False,high,True,True,ok,"LEVEL HIGH (recorded, never an exclusion here): loaded clock 1710 MHz against the 1425 MHz reference. At a duty cycle below 1.0 a HIGH reading is the experiment working, not a cell to drop.",0.25,321.204,0.24987718864664168,10,106.77318947883033,burst,3.553839921951294,3.5541279315948486,True,1575 1710 1710 1710 1650 1710 1710 1575 1710 1710 1710 1710 1710 1710 1575,False,3726.208637518389,"measured on this device: NVIDIA GH200 480GB (measured), 3726.2 GB/s (triad pattern)",13.0,580.105.08,True,1,684a9e9880f158b02ef3305c67bc5787aa9485d9,NVIDIA GH200 480GB,192-222-58-207,"scripts/clock_elasticity.py: bursts of N back-to-back fused_experts calls under one pinned tile, each call L2-flushed and bracketed by its own pre-primed event pair, the FIRST call of every burst discarded as a drained-queue launch, a host-side idle gap after each burst setting the sustained duty cycle, and the SM clock, board power and memory clock read through NVML with the burst still in flight; NOT timing.TIMING_BASIS | duty 0.25 | each idle gap sized from its own burst (gap_basis burst)",,iters=supplied as None; sglang=package not installed,1,3.12.14,173.5850634662988,"measured on this device: NVIDIA GH200 480GB (measured), 646.8 TFLOP/s bf16 over 3726.2 GB/s (triad pattern); calibrated 2026-09-28 at 684a9e98",,200.0,2.13.0,3.7.1,2026-09-28T23:09:09+00:00,0.27.1,300.0
shared,2,32,5,160,1280,1,576,3.609055995941162,3.587264060974121,0.03660237748933738,45,3,330.1271674633026,"scripts/clock_elasticity.py: bursts of N back-to-back fused_experts calls under one pinned tile, each call L2-flushed and bracketed by its own pre-primed event pair, the FIRST call of every burst discarded as a drained-queue launch, a host-side idle gap after each burst setting the sustained duty cycle, and the SM clock, board power and memory clock read through NVML with the burst still in flight; NOT timing.TIMING_BASIS",1710.0,False,high,True,True,ok,"LEVEL HIGH (recorded, never an exclusion here): loaded clock 1710 MHz against the 1425 MHz reference. At a duty cycle below 1.0 a HIGH reading is the experiment working, not a cell to drop.",0.25,319.044,0.24988605172740755,10,108.24851664697779,burst,3.60972797870636,3.665567994117737,True,1710 1710 1695 1710 1710 1710 1710 1605 1710 1575 1710 1710 1710 1695 1710,False,3726.208637518389,"measured on this device: NVIDIA GH200 480GB (measured), 3726.2 GB/s (triad pattern)",13.0,580.105.08,True,1,684a9e9880f158b02ef3305c67bc5787aa9485d9,NVIDIA GH200 480GB,192-222-58-207,"scripts/clock_elasticity.py: bursts of N back-to-back fused_experts calls under one pinned tile, each call L2-flushed and bracketed by its own pre-primed event pair, the FIRST call of every burst discarded as a drained-queue launch, a host-side idle gap after each burst setting the sustained duty cycle, and the SM clock, board power and memory clock read through NVML with the burst still in flight; NOT timing.TIMING_BASIS | duty 0.25 | each idle gap sized from its own burst (gap_basis burst)",,iters=supplied as None; sglang=package not installed,1,3.12.14,173.5850634662988,"measured on this device: NVIDIA GH200 480GB (measured), 646.8 TFLOP/s bf16 over 3726.2 GB/s (triad pattern); calibrated 2026-09-28 at 684a9e98",,200.0,2.13.0,3.7.1,2026-09-28T23:09:09+00:00,0.27.1,300.0
private,2,32,6,192,1536,6,576,6.252927780151367,6.247615814208984,0.003029351290981899,25,3,301.7198405265808,"scripts/clock_elasticity.py: bursts of N back-to-back fused_experts calls under one pinned tile, each call L2-flushed and bracketed by its own pre-primed event pair, the FIRST call of every burst discarded as a drained-queue launch, a host-side idle gap after each burst setting the sustained duty cycle, and the SM clock, board power and memory clock read through NVML with the burst still in flight; NOT timing.TIMING_BASIS",1710.0,False,high,True,True,ok,"LEVEL HIGH (recorded, never an exclusion here): loaded clock 1710 MHz against the 1425 MHz reference. At a duty cycle below 1.0 a HIGH reading is the experiment working, not a cell to drop.",0.25,317.116,0.24988892233941215,6,112.46818597228412,burst,6.253024101257324,6.253600120544434,True,1710 1710 1710 1710 1710 1710 1710 1710 1710 1710 1710 1710 1710 1710 1710,False,3726.208637518389,"measured on this device: NVIDIA GH200 480GB (measured), 3726.2 GB/s (triad pattern)",13.0,580.105.08,True,1,684a9e9880f158b02ef3305c67bc5787aa9485d9,NVIDIA GH200 480GB,192-222-58-207,"scripts/clock_elasticity.py: bursts of N back-to-back fused_experts calls under one pinned tile, each call L2-flushed and bracketed by its own pre-primed event pair, the FIRST call of every burst discarded as a drained-queue launch, a host-side idle gap after each burst setting the sustained duty cycle, and the SM clock, board power and memory clock read through NVML with the burst still in flight; NOT timing.TIMING_BASIS | duty 0.25 | each idle gap sized from its own burst (gap_basis burst)",,iters=supplied as None; sglang=package not installed,1,3.12.14,173.5850634662988,"measured on this device: NVIDIA GH200 480GB (measured), 646.8 TFLOP/s bf16 over 3726.2 GB/s (triad pattern); calibrated 2026-09-28 at 684a9e98",,200.0,2.13.0,3.7.1,2026-09-28T23:09:09+00:00,0.27.1,300.0
native,2,32,6,192,1536,1,64,4.2507359981536865,4.232992172241211,0.036353872394677904,40,3,311.0486717224121,"scripts/clock_elasticity.py: bursts of N back-to-back fused_experts calls under one pinned tile, each call L2-flushed and bracketed by its own pre-primed event pair, the FIRST call of every burst discarded as a drained-queue launch, a host-side idle gap after each burst setting the sustained duty cycle, and the SM clock, board power and memory clock read through NVML with the burst still in flight; NOT timing.TIMING_BASIS",1710.0,False,high,True,True,ok,"LEVEL HIGH (recorded, never an exclusion here): loaded clock 1710 MHz against the 1425 MHz reference. At a duty cycle below 1.0 a HIGH reading is the experiment working, not a cell to drop.",0.25,320.25,0.2498927878906809,9,114.58751006943201,burst,4.250799894332886,4.250175952911377,True,1710 1710 1590 1710 1710 1710 1710 1710 1710 1710 1710 1710 1710 1695 1710,False,3726.208637518389,"measured on this device: NVIDIA GH200 480GB (measured), 3726.2 GB/s (triad pattern)",13.0,580.105.08,True,1,684a9e9880f158b02ef3305c67bc5787aa9485d9,NVIDIA GH200 480GB,192-222-58-207,"scripts/clock_elasticity.py: bursts of N back-to-back fused_experts calls under one pinned tile, each call L2-flushed and bracketed by its own pre-primed event pair, the FIRST call of every burst discarded as a drained-queue launch, a host-side idle gap after each burst setting the sustained duty cycle, and the SM clock, board power and memory clock read through NVML with the burst still in flight; NOT timing.TIMING_BASIS | duty 0.25 | each idle gap sized from its own burst (gap_basis burst)",,iters=supplied as None; sglang=package not installed,1,3.12.14,173.5850634662988,"measured on this device: NVIDIA GH200 480GB (measured), 646.8 TFLOP/s bf16 over 3726.2 GB/s (triad pattern); calibrated 2026-09-28 at 684a9e98",,200.0,2.13.0,3.7.1,2026-09-28T23:09:09+00:00,0.27.1,300.0
shared,2,32,6,192,1536,1,576,4.303071975708008,4.286687850952148,0.030250717330232667,40,3,314.7234869003296,"scripts/clock_elasticity.py: bursts of N back-to-back fused_experts calls under one pinned tile, each call L2-flushed and bracketed by its own pre-primed event pair, the FIRST call of every burst discarded as a drained-queue launch, a host-side idle gap after each burst setting the sustained duty cycle, and the SM clock, board power and memory clock read through NVML with the burst still in flight; NOT timing.TIMING_BASIS",1710.0,False,high,True,True,ok,"LEVEL HIGH (recorded, never an exclusion here): loaded clock 1710 MHz against the 1425 MHz reference. At a duty cycle below 1.0 a HIGH reading is the experiment working, not a cell to drop.",0.25,318.492,0.24989291622079313,9,115.98801603922038,burst,4.300976037979126,4.30627179145813,True,1710 1710 1710 1710 1710 1710 1710 1710 1710 1710 1710 1620 1710 1710 1710,False,3726.208637518389,"measured on this device: NVIDIA GH200 480GB (measured), 3726.2 GB/s (triad pattern)",13.0,580.105.08,True,1,684a9e9880f158b02ef3305c67bc5787aa9485d9,NVIDIA GH200 480GB,192-222-58-207,"scripts/clock_elasticity.py: bursts of N back-to-back fused_experts calls under one pinned tile, each call L2-flushed and bracketed by its own pre-primed event pair, the FIRST call of every burst discarded as a drained-queue launch, a host-side idle gap after each burst setting the sustained duty cycle, and the SM clock, board power and memory clock read through NVML with the burst still in flight; NOT timing.TIMING_BASIS | duty 0.25 | each idle gap sized from its own burst (gap_basis burst)",,iters=supplied as None; sglang=package not installed,1,3.12.14,173.5850634662988,"measured on this device: NVIDIA GH200 480GB (measured), 646.8 TFLOP/s bf16 over 3726.2 GB/s (triad pattern); calibrated 2026-09-28 at 684a9e98",,200.0,2.13.0,3.7.1,2026-09-28T23:09:09+00:00,0.27.1,300.0
private,2,32,7,224,1792,7,576,7.285232067108154,7.280735969543457,0.00249208597066832,20,3,329.5102734565735,"scripts/clock_elasticity.py: bursts of N back-to-back fused_experts calls under one pinned tile, each call L2-flushed and bracketed by its own pre-primed event pair, the FIRST call of every burst discarded as a drained-queue launch, a host-side idle gap after each burst setting the sustained duty cycle, and the SM clock, board power and memory clock read through NVML with the burst still in flight; NOT timing.TIMING_BASIS",1710.0,False,high,True,True,ok,"LEVEL HIGH (recorded, never an exclusion here): loaded clock 1710 MHz against the 1425 MHz reference. At a duty cycle below 1.0 a HIGH reading is the experiment working, not a cell to drop.",0.25,315.299,0.24988259872095012,5,109.3281987104201,burst,7.284512042999268,7.284383773803711,True,1710 1710 1710 1650 1710 1590 1710 1710 1710 1710 1710 1710 1710 1710 1710,False,3726.208637518389,"measured on this device: NVIDIA GH200 480GB (measured), 3726.2 GB/s (triad pattern)",13.0,580.105.08,True,1,684a9e9880f158b02ef3305c67bc5787aa9485d9,NVIDIA GH200 480GB,192-222-58-207,"scripts/clock_elasticity.py: bursts of N back-to-back fused_experts calls under one pinned tile, each call L2-flushed and bracketed by its own pre-primed event pair, the FIRST call of every burst discarded as a drained-queue launch, a host-side idle gap after each burst setting the sustained duty cycle, and the SM clock, board power and memory clock read through NVML with the burst still in flight; NOT timing.TIMING_BASIS | duty 0.25 | each idle gap sized from its own burst (gap_basis burst)",,iters=supplied as None; sglang=package not installed,1,3.12.14,173.5850634662988,"measured on this device: NVIDIA GH200 480GB (measured), 646.8 TFLOP/s bf16 over 3726.2 GB/s (triad pattern); calibrated 2026-09-28 at 684a9e98",,200.0,2.13.0,3.7.1,2026-09-28T23:09:09+00:00,0.27.1,300.0
native,2,32,7,224,1792,1,64,4.956992149353027,4.932896137237549,0.03954238644716259,30,3,317.4212784767151,"scripts/clock_elasticity.py: bursts of N back-to-back fused_experts calls under one pinned tile, each call L2-flushed and bracketed by its own pre-primed event pair, the FIRST call of every burst discarded as a drained-queue launch, a host-side idle gap after each burst setting the sustained duty cycle, and the SM clock, board power and memory clock read through NVML with the burst still in flight; NOT timing.TIMING_BASIS",1710.0,False,high,True,True,ok,"LEVEL HIGH (recorded, never an exclusion here): loaded clock 1710 MHz against the 1425 MHz reference. At a duty cycle below 1.0 a HIGH reading is the experiment working, not a cell to drop.",0.25,313.507,0.24988308763208664,7,104.25976012303725,burst,4.960031986236572,5.043903827667236,True,1710 1680 1710 1710 1710 1710 1680 1710 1710 1710 1710 1680 1710 1710 1710,False,3726.208637518389,"measured on this device: NVIDIA GH200 480GB (measured), 3726.2 GB/s (triad pattern)",13.0,580.105.08,True,1,684a9e9880f158b02ef3305c67bc5787aa9485d9,NVIDIA GH200 480GB,192-222-58-207,"scripts/clock_elasticity.py: bursts of N back-to-back fused_experts calls under one pinned tile, each call L2-flushed and bracketed by its own pre-primed event pair, the FIRST call of every burst discarded as a drained-queue launch, a host-side idle gap after each burst setting the sustained duty cycle, and the SM clock, board power and memory clock read through NVML with the burst still in flight; NOT timing.TIMING_BASIS | duty 0.25 | each idle gap sized from its own burst (gap_basis burst)",,iters=supplied as None; sglang=package not installed,1,3.12.14,173.5850634662988,"measured on this device: NVIDIA GH200 480GB (measured), 646.8 TFLOP/s bf16 over 3726.2 GB/s (triad pattern); calibrated 2026-09-28 at 684a9e98",,200.0,2.13.0,3.7.1,2026-09-28T23:09:09+00:00,0.27.1,300.0
shared,2,32,7,224,1792,1,576,5.0071680545806885,4.986720085144043,0.023288275136734638,30,3,320.25001430511475,"scripts/clock_elasticity.py: bursts of N back-to-back fused_experts calls under one pinned tile, each call L2-flushed and bracketed by its own pre-primed event pair, the FIRST call of every burst discarded as a drained-queue launch, a host-side idle gap after each burst setting the sustained duty cycle, and the SM clock, board power and memory clock read through NVML with the burst still in flight; NOT timing.TIMING_BASIS",1710.0,False,high,False,True,ok,"LEVEL HIGH (recorded, never an exclusion here): loaded clock 1710 MHz against the 1425 MHz reference. At a duty cycle below 1.0 a HIGH reading is the experiment working, not a cell to drop.; DRIFT failed, settling upward: 1605 -> 1710 MHz over 15 bursts; this cell is EXCLUDED",0.25,315.049,0.24989402283427684,7,105.13470014435006,burst,5.01251220703125,5.003680229187012,True,1605 1710 1710 1710 1710 1665 1710 1710 1710 1710 1710 1710 1590 1710 1710,False,3726.208637518389,"measured on this device: NVIDIA GH200 480GB (measured), 3726.2 GB/s (triad pattern)",13.0,580.105.08,True,1,684a9e9880f158b02ef3305c67bc5787aa9485d9,NVIDIA GH200 480GB,192-222-58-207,"scripts/clock_elasticity.py: bursts of N back-to-back fused_experts calls under one pinned tile, each call L2-flushed and bracketed by its own pre-primed event pair, the FIRST call of every burst discarded as a drained-queue launch, a host-side idle gap after each burst setting the sustained duty cycle, and the SM clock, board power and memory clock read through NVML with the burst still in flight; NOT timing.TIMING_BASIS | duty 0.25 | each idle gap sized from its own burst (gap_basis burst)",,iters=supplied as None; sglang=package not installed,1,3.12.14,173.5850634662988,"measured on this device: NVIDIA GH200 480GB (measured), 646.8 TFLOP/s bf16 over 3726.2 GB/s (triad pattern); calibrated 2026-09-28 at 684a9e98",,200.0,2.13.0,3.7.1,2026-09-28T23:09:09+00:00,0.27.1,300.0
private,2,32,8,256,2048,8,576,8.336480140686035,8.331711769104004,0.004445003439307487,20,3,334.83222103118896,"scripts/clock_elasticity.py: bursts of N back-to-back fused_experts calls under one pinned tile, each call L2-flushed and bracketed by its own pre-primed event pair, the FIRST call of every burst discarded as a drained-queue launch, a host-side idle gap after each burst setting the sustained duty cycle, and the SM clock, board power and memory clock read through NVML with the burst still in flight; NOT timing.TIMING_BASIS",1710.0,False,high,True,True,ok,"LEVEL HIGH (recorded, never an exclusion here): loaded clock 1710 MHz against the 1425 MHz reference. At a duty cycle below 1.0 a HIGH reading is the experiment working, not a cell to drop.",0.25,312.39,0.2499001177407619,5,125.06184888138522,burst,8.335264205932617,8.342816352844238,True,1710 1710 1605 1710 1710 1545 1710 1710 1710 1710 1710 1710 1710 1710 1710,False,3726.208637518389,"measured on this device: NVIDIA GH200 480GB (measured), 3726.2 GB/s (triad pattern)",13.0,580.105.08,True,1,684a9e9880f158b02ef3305c67bc5787aa9485d9,NVIDIA GH200 480GB,192-222-58-207,"scripts/clock_elasticity.py: bursts of N back-to-back fused_experts calls under one pinned tile, each call L2-flushed and bracketed by its own pre-primed event pair, the FIRST call of every burst discarded as a drained-queue launch, a host-side idle gap after each burst setting the sustained duty cycle, and the SM clock, board power and memory clock read through NVML with the burst still in flight; NOT timing.TIMING_BASIS | duty 0.25 | each idle gap sized from its own burst (gap_basis burst)",,iters=supplied as None; sglang=package not installed,1,3.12.14,173.5850634662988,"measured on this device: NVIDIA GH200 480GB (measured), 646.8 TFLOP/s bf16 over 3726.2 GB/s (triad pattern); calibrated 2026-09-28 at 684a9e98",,200.0,2.13.0,3.7.1,2026-09-28T23:09:09+00:00,0.27.1,300.0
native,2,32,8,256,2048,1,64,5.643375873565674,5.6314239501953125,0.01057618336765895,30,3,320.3838701248169,"scripts/clock_elasticity.py: bursts of N back-to-back fused_experts calls under one pinned tile, each call L2-flushed and bracketed by its own pre-primed event pair, the FIRST call of every burst discarded as a drained-queue launch, a host-side idle gap after each burst setting the sustained duty cycle, and the SM clock, board power and memory clock read through NVML with the burst still in flight; NOT timing.TIMING_BASIS",1710.0,False,high,True,True,ok,"LEVEL HIGH (recorded, never an exclusion here): loaded clock 1710 MHz against the 1425 MHz reference. At a duty cycle below 1.0 a HIGH reading is the experiment working, not a cell to drop.",0.25,302.051,0.24989572914892677,7,118.50036358668875,burst,5.645855903625488,5.643008232116699,True,1710 1710 1710 1710 1710 1650 1710 1710 1710 1710 1665 1710 1710 1710 1710,False,3726.208637518389,"measured on this device: NVIDIA GH200 480GB (measured), 3726.2 GB/s (triad pattern)",13.0,580.105.08,True,1,684a9e9880f158b02ef3305c67bc5787aa9485d9,NVIDIA GH200 480GB,192-222-58-207,"scripts/clock_elasticity.py: bursts of N back-to-back fused_experts calls under one pinned tile, each call L2-flushed and bracketed by its own pre-primed event pair, the FIRST call of every burst discarded as a drained-queue launch, a host-side idle gap after each burst setting the sustained duty cycle, and the SM clock, board power and memory clock read through NVML with the burst still in flight; NOT timing.TIMING_BASIS | duty 0.25 | each idle gap sized from its own burst (gap_basis burst)",,iters=supplied as None; sglang=package not installed,1,3.12.14,173.5850634662988,"measured on this device: NVIDIA GH200 480GB (measured), 646.8 TFLOP/s bf16 over 3726.2 GB/s (triad pattern); calibrated 2026-09-28 at 684a9e98",,200.0,2.13.0,3.7.1,2026-09-28T23:09:09+00:00,0.27.1,300.0
shared,2,32,8,256,2048,1,576,5.696448087692261,5.681824207305908,0.020116076107504856,30,3,362.48985528945923,"scripts/clock_elasticity.py: bursts of N back-to-back fused_experts calls under one pinned tile, each call L2-flushed and bracketed by its own pre-primed event pair, the FIRST call of every burst discarded as a drained-queue launch, a host-side idle gap after each burst setting the sustained duty cycle, and the SM clock, board power and memory clock read through NVML with the burst still in flight; NOT timing.TIMING_BASIS",1710.0,False,high,True,True,ok,"LEVEL HIGH (recorded, never an exclusion here): loaded clock 1710 MHz against the 1425 MHz reference. At a duty cycle below 1.0 a HIGH reading is the experiment working, not a cell to drop.",0.25,301.804,0.24990117301763728,7,119.63191277469012,burst,5.704127788543701,5.731776237487793,True,1710 1710 1710 1710 1710 1710 1710 1710 1710 1710 1710 1710 1710 1710 1710,False,3726.208637518389,"measured on this device: NVIDIA GH200 480GB (measured), 3726.2 GB/s (triad pattern)",13.0,580.105.08,True,1,684a9e9880f158b02ef3305c67bc5787aa9485d9,NVIDIA GH200 480GB,192-222-58-207,"scripts/clock_elasticity.py: bursts of N back-to-back fused_experts calls under one pinned tile, each call L2-flushed and bracketed by its own pre-primed event pair, the FIRST call of every burst discarded as a drained-queue launch, a host-side idle gap after each burst setting the sustained duty cycle, and the SM clock, board power and memory clock read through NVML with the burst still in flight; NOT timing.TIMING_BASIS | duty 0.25 | each idle gap sized from its own burst (gap_basis burst)",,iters=supplied as None; sglang=package not installed,1,3.12.14,173.5850634662988,"measured on this device: NVIDIA GH200 480GB (measured), 646.8 TFLOP/s bf16 over 3726.2 GB/s (triad pattern); calibrated 2026-09-28 at 684a9e98",,200.0,2.13.0,3.7.1,2026-09-28T23:09:09+00:00,0.27.1,300.0
private,2,32,9,288,2304,9,576,9.376416206359863,9.371935844421387,0.003084243096994274,15,3,828.9403858184814,"scripts/clock_elasticity.py: bursts of N back-to-back fused_experts calls under one pinned tile, each call L2-flushed and bracketed by its own pre-primed event pair, the FIRST call of every burst discarded as a drained-queue launch, a host-side idle gap after each burst setting the sustained duty cycle, and the SM clock, board power and memory clock read through NVML with the burst still in flight; NOT timing.TIMING_BASIS",1710.0,False,high,True,True,ok,"LEVEL HIGH (recorded, never an exclusion here): loaded clock 1710 MHz against the 1425 MHz reference. At a duty cycle below 1.0 a HIGH reading is the experiment working, not a cell to drop.",0.25,315.386,0.2498927298120107,4,112.58828422669467,burst,,,,1710 1710 1710 1710 1710 1710 1710 1710 1710 1710 1710 1710 1710 1710 1710,False,3726.208637518389,"measured on this device: NVIDIA GH200 480GB (measured), 3726.2 GB/s (triad pattern)",13.0,580.105.08,True,1,684a9e9880f158b02ef3305c67bc5787aa9485d9,NVIDIA GH200 480GB,192-222-58-207,"scripts/clock_elasticity.py: bursts of N back-to-back fused_experts calls under one pinned tile, each call L2-flushed and bracketed by its own pre-primed event pair, the FIRST call of every burst discarded as a drained-queue launch, a host-side idle gap after each burst setting the sustained duty cycle, and the SM clock, board power and memory clock read through NVML with the burst still in flight; NOT timing.TIMING_BASIS | duty 0.25 | each idle gap sized from its own burst (gap_basis burst)",,iters=supplied as None; sglang=package not installed,1,3.12.14,173.5850634662988,"measured on this device: NVIDIA GH200 480GB (measured), 646.8 TFLOP/s bf16 over 3726.2 GB/s (triad pattern); calibrated 2026-09-28 at 684a9e98",,200.0,2.13.0,3.7.1,2026-09-28T23:09:09+00:00,0.27.1,300.0
native,2,32,9,288,2304,1,64,6.347424030303955,6.330143928527832,0.03754838598660653,25,3,347.5691833496094,"scripts/clock_elasticity.py: bursts of N back-to-back fused_experts calls under one pinned tile, each call L2-flushed and bracketed by its own pre-primed event pair, the FIRST call of every burst discarded as a drained-queue launch, a host-side idle gap after each burst setting the sustained duty cycle, and the SM clock, board power and memory clock read through NVML with the burst still in flight; NOT timing.TIMING_BASIS",1710.0,False,high,True,True,ok,"LEVEL HIGH (recorded, never an exclusion here): loaded clock 1710 MHz against the 1425 MHz reference. At a duty cycle below 1.0 a HIGH reading is the experiment working, not a cell to drop.",0.25,324.214,0.24989787631615232,6,114.21829406792678,burst,6.352511882781982,6.352704048156738,True,1710 1665 1710 1710 1710 1710 1710 1710 1710 1710 1710 1710 1710 1710 1710,False,3726.208637518389,"measured on this device: NVIDIA GH200 480GB (measured), 3726.2 GB/s (triad pattern)",13.0,580.105.08,True,1,684a9e9880f158b02ef3305c67bc5787aa9485d9,NVIDIA GH200 480GB,192-222-58-207,"scripts/clock_elasticity.py: bursts of N back-to-back fused_experts calls under one pinned tile, each call L2-flushed and bracketed by its own pre-primed event pair, the FIRST call of every burst discarded as a drained-queue launch, a host-side idle gap after each burst setting the sustained duty cycle, and the SM clock, board power and memory clock read through NVML with the burst still in flight; NOT timing.TIMING_BASIS | duty 0.25 | each idle gap sized from its own burst (gap_basis burst)",,iters=supplied as None; sglang=package not installed,1,3.12.14,173.5850634662988,"measured on this device: NVIDIA GH200 480GB (measured), 646.8 TFLOP/s bf16 over 3726.2 GB/s (triad pattern); calibrated 2026-09-28 at 684a9e98",,200.0,2.13.0,3.7.1,2026-09-28T23:09:09+00:00,0.27.1,300.0
shared,2,32,9,288,2304,1,576,6.411488056182861,6.380544185638428,0.03707603029441653,25,3,312.0270719528198,"scripts/clock_elasticity.py: bursts of N back-to-back fused_experts calls under one pinned tile, each call L2-flushed and bracketed by its own pre-primed event pair, the FIRST call of every burst discarded as a drained-queue launch, a host-side idle gap after each burst setting the sustained duty cycle, and the SM clock, board power and memory clock read through NVML with the burst still in flight; NOT timing.TIMING_BASIS",1710.0,False,high,True,True,ok,"LEVEL HIGH (recorded, never an exclusion here): loaded clock 1710 MHz against the 1425 MHz reference. At a duty cycle below 1.0 a HIGH reading is the experiment working, not a cell to drop.",0.25,317.484,0.24989076056028406,6,115.50306221436767,burst,6.419104099273682,6.416319847106934,True,1710 1620 1710 1710 1710 1710 1710 1710 1710 1710 1605 1710 1650 1710 1710,False,3726.208637518389,"measured on this device: NVIDIA GH200 480GB (measured), 3726.2 GB/s (triad pattern)",13.0,580.105.08,True,1,684a9e9880f158b02ef3305c67bc5787aa9485d9,NVIDIA GH200 480GB,192-222-58-207,"scripts/clock_elasticity.py: bursts of N back-to-back fused_experts calls under one pinned tile, each call L2-flushed and bracketed by its own pre-primed event pair, the FIRST call of every burst discarded as a drained-queue launch, a host-side idle gap after each burst setting the sustained duty cycle, and the SM clock, board power and memory clock read through NVML with the burst still in flight; NOT timing.TIMING_BASIS | duty 0.25 | each idle gap sized from its own burst (gap_basis burst)",,iters=supplied as None; sglang=package not installed,1,3.12.14,173.5850634662988,"measured on this device: NVIDIA GH200 480GB (measured), 646.8 TFLOP/s bf16 over 3726.2 GB/s (triad pattern); calibrated 2026-09-28 at 684a9e98",,200.0,2.13.0,3.7.1,2026-09-28T23:09:09+00:00,0.27.1,300.0
native,3,32,9,288,2304,1,64,6.349311828613281,6.334559917449951,0.0425862666743633,25,3,310.18444871902466,"scripts/clock_elasticity.py: bursts of N back-to-back fused_experts calls under one pinned tile, each call L2-flushed and bracketed by its own pre-primed event pair, the FIRST call of every burst discarded as a drained-queue launch, a host-side idle gap after each burst setting the sustained duty cycle, and the SM clock, board power and memory clock read through NVML with the burst still in flight; NOT timing.TIMING_BASIS",1710.0,False,high,True,True,ok,"LEVEL HIGH (recorded, never an exclusion here): loaded clock 1710 MHz against the 1425 MHz reference. At a duty cycle below 1.0 a HIGH reading is the experiment working, not a cell to drop.",0.25,322.459,0.249894407517873,6,114.40818258557556,burst,6.355967998504639,6.348576068878174,True,1710 1710 1710 1710 1710 1590 1710 1650 1710 1710 1710 1710 1710 1710 1710,False,3726.208637518389,"measured on this device: NVIDIA GH200 480GB (measured), 3726.2 GB/s (triad pattern)",13.0,580.105.08,True,1,684a9e9880f158b02ef3305c67bc5787aa9485d9,NVIDIA GH200 480GB,192-222-58-207,"scripts/clock_elasticity.py: bursts of N back-to-back fused_experts calls under one pinned tile, each call L2-flushed and bracketed by its own pre-primed event pair, the FIRST call of every burst discarded as a drained-queue launch, a host-side idle gap after each burst setting the sustained duty cycle, and the SM clock, board power and memory clock read through NVML with the burst still in flight; NOT timing.TIMING_BASIS | duty 0.25 | each idle gap sized from its own burst (gap_basis burst)",,iters=supplied as None; sglang=package not installed,1,3.12.14,173.5850634662988,"measured on this device: NVIDIA GH200 480GB (measured), 646.8 TFLOP/s bf16 over 3726.2 GB/s (triad pattern); calibrated 2026-09-28 at 684a9e98",,200.0,2.13.0,3.7.1,2026-09-28T23:09:09+00:00,0.27.1,300.0
shared,3,32,9,288,2304,1,576,6.407455921173096,6.389632225036621,0.04543610177441002,25,3,312.29359912872314,"scripts/clock_elasticity.py: bursts of N back-to-back fused_experts calls under one pinned tile, each call L2-flushed and bracketed by its own pre-primed event pair, the FIRST call of every burst discarded as a drained-queue launch, a host-side idle gap after each burst setting the sustained duty cycle, and the SM clock, board power and memory clock read through NVML with the burst still in flight; NOT timing.TIMING_BASIS",1710.0,False,high,True,True,ok,"LEVEL HIGH (recorded, never an exclusion here): loaded clock 1710 MHz against the 1425 MHz reference. At a duty cycle below 1.0 a HIGH reading is the experiment working, not a cell to drop.",0.25,320.55,0.2498948976177836,6,115.37944539738237,burst,6.40723180770874,6.408703804016113,True,1710 1710 1710 1710 1710 1710 1710 1680 1710 1710 1710 1710 1710 1710 1680,False,3726.208637518389,"measured on this device: NVIDIA GH200 480GB (measured), 3726.2 GB/s (triad pattern)",13.0,580.105.08,True,1,684a9e9880f158b02ef3305c67bc5787aa9485d9,NVIDIA GH200 480GB,192-222-58-207,"scripts/clock_elasticity.py: bursts of N back-to-back fused_experts calls under one pinned tile, each call L2-flushed and bracketed by its own pre-primed event pair, the FIRST call of every burst discarded as a drained-queue launch, a host-side idle gap after each burst setting the sustained duty cycle, and the SM clock, board power and memory clock read through NVML with the burst still in flight; NOT timing.TIMING_BASIS | duty 0.25 | each idle gap sized from its own burst (gap_basis burst)",,iters=supplied as None; sglang=package not installed,1,3.12.14,173.5850634662988,"measured on this device: NVIDIA GH200 480GB (measured), 646.8 TFLOP/s bf16 over 3726.2 GB/s (triad pattern); calibrated 2026-09-28 at 684a9e98",,200.0,2.13.0,3.7.1,2026-09-28T23:09:09+00:00,0.27.1,300.0
private,3,32,9,288,2304,9,576,9.37622356414795,9.372832298278809,0.0022821881204622948,15,3,301.6512975692749,"scripts/clock_elasticity.py: bursts of N back-to-back fused_experts calls under one pinned tile, each call L2-flushed and bracketed by its own pre-primed event pair, the FIRST call of every burst discarded as a drained-queue launch, a host-side idle gap after each burst setting the sustained duty cycle, and the SM clock, board power and memory clock read through NVML with the burst still in flight; NOT timing.TIMING_BASIS",1710.0,False,high,True,True,ok,"LEVEL HIGH (recorded, never an exclusion here): loaded clock 1710 MHz against the 1425 MHz reference. At a duty cycle below 1.0 a HIGH reading is the experiment working, not a cell to drop.",0.25,319.928,0.24989407659659155,4,112.60239558358445,burst,,,,1710 1710 1710 1710 1710 1710 1710 1710 1710 1710 1710 1710 1710 1710 1710,False,3726.208637518389,"measured on this device: NVIDIA GH200 480GB (measured), 3726.2 GB/s (triad pattern)",13.0,580.105.08,True,1,684a9e9880f158b02ef3305c67bc5787aa9485d9,NVIDIA GH200 480GB,192-222-58-207,"scripts/clock_elasticity.py: bursts of N back-to-back fused_experts calls under one pinned tile, each call L2-flushed and bracketed by its own pre-primed event pair, the FIRST call of every burst discarded as a drained-queue launch, a host-side idle gap after each burst setting the sustained duty cycle, and the SM clock, board power and memory clock read through NVML with the burst still in flight; NOT timing.TIMING_BASIS | duty 0.25 | each idle gap sized from its own burst (gap_basis burst)",,iters=supplied as None; sglang=package not installed,1,3.12.14,173.5850634662988,"measured on this device: NVIDIA GH200 480GB (measured), 646.8 TFLOP/s bf16 over 3726.2 GB/s (triad pattern); calibrated 2026-09-28 at 684a9e98",,200.0,2.13.0,3.7.1,2026-09-28T23:09:09+00:00,0.27.1,300.0
native,3,32,8,256,2048,1,64,5.643440008163452,5.631680011749268,0.014484173466365486,30,3,319.75676822662354,"scripts/clock_elasticity.py: bursts of N back-to-back fused_experts calls under one pinned tile, each call L2-flushed and bracketed by its own pre-primed event pair, the FIRST call of every burst discarded as a drained-queue launch, a host-side idle gap after each burst setting the sustained duty cycle, and the SM clock, board power and memory clock read through NVML with the burst still in flight; NOT timing.TIMING_BASIS",1710.0,False,high,True,True,ok,"LEVEL HIGH (recorded, never an exclusion here): loaded clock 1710 MHz against the 1425 MHz reference. At a duty cycle below 1.0 a HIGH reading is the experiment working, not a cell to drop.",0.25,306.167,0.24989640725437404,7,118.5485536867127,burst,5.6462721824646,5.644896030426025,True,1710 1710 1710 1710 1710 1710 1710 1710 1710 1680 1710 1710 1710 1710 1710,False,3726.208637518389,"measured on this device: NVIDIA GH200 480GB (measured), 3726.2 GB/s (triad pattern)",13.0,580.105.08,True,1,684a9e9880f158b02ef3305c67bc5787aa9485d9,NVIDIA GH200 480GB,192-222-58-207,"scripts/clock_elasticity.py: bursts of N back-to-back fused_experts calls under one pinned tile, each call L2-flushed and bracketed by its own pre-primed event pair, the FIRST call of every burst discarded as a drained-queue launch, a host-side idle gap after each burst setting the sustained duty cycle, and the SM clock, board power and memory clock read through NVML with the burst still in flight; NOT timing.TIMING_BASIS | duty 0.25 | each idle gap sized from its own burst (gap_basis burst)",,iters=supplied as None; sglang=package not installed,1,3.12.14,173.5850634662988,"measured on this device: NVIDIA GH200 480GB (measured), 646.8 TFLOP/s bf16 over 3726.2 GB/s (triad pattern); calibrated 2026-09-28 at 684a9e98",,200.0,2.13.0,3.7.1,2026-09-28T23:09:09+00:00,0.27.1,300.0
shared,3,32,8,256,2048,1,576,5.697279930114746,5.681503772735596,0.009338409297212304,30,3,322.756639957428,"scripts/clock_elasticity.py: bursts of N back-to-back fused_experts calls under one pinned tile, each call L2-flushed and bracketed by its own pre-primed event pair, the FIRST call of every burst discarded as a drained-queue launch, a host-side idle gap after each burst setting the sustained duty cycle, and the SM clock, board power and memory clock read through NVML with the burst still in flight; NOT timing.TIMING_BASIS",1710.0,False,high,True,True,ok,"LEVEL HIGH (recorded, never an exclusion here): loaded clock 1710 MHz against the 1425 MHz reference. At a duty cycle below 1.0 a HIGH reading is the experiment working, not a cell to drop.",0.25,300.077,0.249889919041678,7,119.66500365584942,burst,5.707039833068848,5.691775798797607,True,1695 1710 1710 1710 1710 1650 1710 1710 1710 1710 1635 1710 1710 1710 1710,False,3726.208637518389,"measured on this device: NVIDIA GH200 480GB (measured), 3726.2 GB/s (triad pattern)",13.0,580.105.08,True,1,684a9e9880f158b02ef3305c67bc5787aa9485d9,NVIDIA GH200 480GB,192-222-58-207,"scripts/clock_elasticity.py: bursts of N back-to-back fused_experts calls under one pinned tile, each call L2-flushed and bracketed by its own pre-primed event pair, the FIRST call of every burst discarded as a drained-queue launch, a host-side idle gap after each burst setting the sustained duty cycle, and the SM clock, board power and memory clock read through NVML with the burst still in flight; NOT timing.TIMING_BASIS | duty 0.25 | each idle gap sized from its own burst (gap_basis burst)",,iters=supplied as None; sglang=package not installed,1,3.12.14,173.5850634662988,"measured on this device: NVIDIA GH200 480GB (measured), 646.8 TFLOP/s bf16 over 3726.2 GB/s (triad pattern); calibrated 2026-09-28 at 684a9e98",,200.0,2.13.0,3.7.1,2026-09-28T23:09:09+00:00,0.27.1,300.0
private,3,32,8,256,2048,8,576,8.333967685699463,8.327775955200195,0.0033927486488697944,20,3,335.10105323791504,"scripts/clock_elasticity.py: bursts of N back-to-back fused_experts calls under one pinned tile, each call L2-flushed and bracketed by its own pre-primed event pair, the FIRST call of every burst discarded as a drained-queue launch, a host-side idle gap after each burst setting the sustained duty cycle, and the SM clock, board power and memory clock read through NVML with the burst still in flight; NOT timing.TIMING_BASIS",1710.0,False,high,True,True,ok,"LEVEL HIGH (recorded, never an exclusion here): loaded clock 1710 MHz against the 1425 MHz reference. At a duty cycle below 1.0 a HIGH reading is the experiment working, not a cell to drop.",0.25,311.474,0.24990149658146396,5,125.05494250313495,burst,8.333215713500977,8.337087631225586,True,1710 1710 1710 1710 1710 1710 1695 1710 1710 1710 1710 1710 1695 1710 1710,False,3726.208637518389,"measured on this device: NVIDIA GH200 480GB (measured), 3726.2 GB/s (triad pattern)",13.0,580.105.08,True,1,684a9e9880f158b02ef3305c67bc5787aa9485d9,NVIDIA GH200 480GB,192-222-58-207,"scripts/clock_elasticity.py: bursts of N back-to-back fused_experts calls under one pinned tile, each call L2-flushed and bracketed by its own pre-primed event pair, the FIRST call of every burst discarded as a drained-queue launch, a host-side idle gap after each burst setting the sustained duty cycle, and the SM clock, board power and memory clock read through NVML with the burst still in flight; NOT timing.TIMING_BASIS | duty 0.25 | each idle gap sized from its own burst (gap_basis burst)",,iters=supplied as None; sglang=package not installed,1,3.12.14,173.5850634662988,"measured on this device: NVIDIA GH200 480GB (measured), 646.8 TFLOP/s bf16 over 3726.2 GB/s (triad pattern); calibrated 2026-09-28 at 684a9e98",,200.0,2.13.0,3.7.1,2026-09-28T23:09:09+00:00,0.27.1,300.0
native,3,32,7,224,1792,1,64,4.951712131500244,4.9356160163879395,0.011204465560176522,30,3,351.27171087265015,"scripts/clock_elasticity.py: bursts of N back-to-back fused_experts calls under one pinned tile, each call L2-flushed and bracketed by its own pre-primed event pair, the FIRST call of every burst discarded as a drained-queue launch, a host-side idle gap after each burst setting the sustained duty cycle, and the SM clock, board power and memory clock read through NVML with the burst still in flight; NOT timing.TIMING_BASIS",1710.0,False,high,True,True,ok,"LEVEL HIGH (recorded, never an exclusion here): loaded clock 1710 MHz against the 1425 MHz reference. At a duty cycle below 1.0 a HIGH reading is the experiment working, not a cell to drop.",0.25,318.863,0.24988015009732317,7,103.9377420568344,burst,4.952864170074463,4.9449920654296875,True,1710 1710 1590 1710 1710 1710 1710 1680 1710 1710 1710 1710 1710 1710 1710,False,3726.208637518389,"measured on this device: NVIDIA GH200 480GB (measured), 3726.2 GB/s (triad pattern)",13.0,580.105.08,True,1,684a9e9880f158b02ef3305c67bc5787aa9485d9,NVIDIA GH200 480GB,192-222-58-207,"scripts/clock_elasticity.py: bursts of N back-to-back fused_experts calls under one pinned tile, each call L2-flushed and bracketed by its own pre-primed event pair, the FIRST call of every burst discarded as a drained-queue launch, a host-side idle gap after each burst setting the sustained duty cycle, and the SM clock, board power and memory clock read through NVML with the burst still in flight; NOT timing.TIMING_BASIS | duty 0.25 | each idle gap sized from its own burst (gap_basis burst)",,iters=supplied as None; sglang=package not installed,1,3.12.14,173.5850634662988,"measured on this device: NVIDIA GH200 480GB (measured), 646.8 TFLOP/s bf16 over 3726.2 GB/s (triad pattern); calibrated 2026-09-28 at 684a9e98",,200.0,2.13.0,3.7.1,2026-09-28T23:09:09+00:00,0.27.1,300.0
shared,3,32,7,224,1792,1,576,5.003744125366211,4.980000019073486,0.029133152152395366,30,3,320.4112629890442,"scripts/clock_elasticity.py: bursts of N back-to-back fused_experts calls under one pinned tile, each call L2-flushed and bracketed by its own pre-primed event pair, the FIRST call of every burst discarded as a drained-queue launch, a host-side idle gap after each burst setting the sustained duty cycle, and the SM clock, board power and memory clock read through NVML with the burst still in flight; NOT timing.TIMING_BASIS",1710.0,False,high,True,True,ok,"LEVEL HIGH (recorded, never an exclusion here): loaded clock 1710 MHz against the 1425 MHz reference. At a duty cycle below 1.0 a HIGH reading is the experiment working, not a cell to drop.",0.25,312.54,0.24988376545033797,7,105.06705465020057,burst,5.010848045349121,5.003392219543457,True,1710 1710 1620 1710 1710 1710 1710 1710 1710 1710 1710 1710 1710 1710 1665,False,3726.208637518389,"measured on this device: NVIDIA GH200 480GB (measured), 3726.2 GB/s (triad pattern)",13.0,580.105.08,True,1,684a9e9880f158b02ef3305c67bc5787aa9485d9,NVIDIA GH200 480GB,192-222-58-207,"scripts/clock_elasticity.py: bursts of N back-to-back fused_experts calls under one pinned tile, each call L2-flushed and bracketed by its own pre-primed event pair, the FIRST call of every burst discarded as a drained-queue launch, a host-side idle gap after each burst setting the sustained duty cycle, and the SM clock, board power and memory clock read through NVML with the burst still in flight; NOT timing.TIMING_BASIS | duty 0.25 | each idle gap sized from its own burst (gap_basis burst)",,iters=supplied as None; sglang=package not installed,1,3.12.14,173.5850634662988,"measured on this device: NVIDIA GH200 480GB (measured), 646.8 TFLOP/s bf16 over 3726.2 GB/s (triad pattern); calibrated 2026-09-28 at 684a9e98",,200.0,2.13.0,3.7.1,2026-09-28T23:09:09+00:00,0.27.1,300.0
private,3,32,7,224,1792,7,576,7.285839796066284,7.279168128967285,0.0025700733539398266,20,3,329.58080101013184,"scripts/clock_elasticity.py: bursts of N back-to-back fused_experts calls under one pinned tile, each call L2-flushed and bracketed by its own pre-primed event pair, the FIRST call of every burst discarded as a drained-queue launch, a host-side idle gap after each burst setting the sustained duty cycle, and the SM clock, board power and memory clock read through NVML with the burst still in flight; NOT timing.TIMING_BASIS",1710.0,False,high,True,True,ok,"LEVEL HIGH (recorded, never an exclusion here): loaded clock 1710 MHz against the 1425 MHz reference. At a duty cycle below 1.0 a HIGH reading is the experiment working, not a cell to drop.",0.25,314.854,0.2498820265446392,5,109.32279119233861,burst,7.285920143127441,7.28652811050415,True,1710 1710 1605 1710 1710 1710 1710 1710 1710 1710 1710 1710 1710 1710 1710,False,3726.208637518389,"measured on this device: NVIDIA GH200 480GB (measured), 3726.2 GB/s (triad pattern)",13.0,580.105.08,True,1,684a9e9880f158b02ef3305c67bc5787aa9485d9,NVIDIA GH200 480GB,192-222-58-207,"scripts/clock_elasticity.py: bursts of N back-to-back fused_experts calls under one pinned tile, each call L2-flushed and bracketed by its own pre-primed event pair, the FIRST call of every burst discarded as a drained-queue launch, a host-side idle gap after each burst setting the sustained duty cycle, and the SM clock, board power and memory clock read through NVML with the burst still in flight; NOT timing.TIMING_BASIS | duty 0.25 | each idle gap sized from its own burst (gap_basis burst)",,iters=supplied as None; sglang=package not installed,1,3.12.14,173.5850634662988,"measured on this device: NVIDIA GH200 480GB (measured), 646.8 TFLOP/s bf16 over 3726.2 GB/s (triad pattern); calibrated 2026-09-28 at 684a9e98",,200.0,2.13.0,3.7.1,2026-09-28T23:09:09+00:00,0.27.1,300.0
native,3,32,6,192,1536,1,64,4.249952077865601,4.227519989013672,0.030445898533681754,40,3,310.5727348327637,"scripts/clock_elasticity.py: bursts of N back-to-back fused_experts calls under one pinned tile, each call L2-flushed and bracketed by its own pre-primed event pair, the FIRST call of every burst discarded as a drained-queue launch, a host-side idle gap after each burst setting the sustained duty cycle, and the SM clock, board power and memory clock read through NVML with the burst still in flight; NOT timing.TIMING_BASIS",1710.0,False,high,True,True,ok,"LEVEL HIGH (recorded, never an exclusion here): loaded clock 1710 MHz against the 1425 MHz reference. At a duty cycle below 1.0 a HIGH reading is the experiment working, not a cell to drop.",0.25,318.235,0.2498928936587177,9,114.50155599405842,burst,4.2498719692230225,4.260159969329834,True,1710 1590 1710 1710 1710 1710 1710 1710 1710 1710 1710 1710 1710 1710 1710,False,3726.208637518389,"measured on this device: NVIDIA GH200 480GB (measured), 3726.2 GB/s (triad pattern)",13.0,580.105.08,True,1,684a9e9880f158b02ef3305c67bc5787aa9485d9,NVIDIA GH200 480GB,192-222-58-207,"scripts/clock_elasticity.py: bursts of N back-to-back fused_experts calls under one pinned tile, each call L2-flushed and bracketed by its own pre-primed event pair, the FIRST call of every burst discarded as a drained-queue launch, a host-side idle gap after each burst setting the sustained duty cycle, and the SM clock, board power and memory clock read through NVML with the burst still in flight; NOT timing.TIMING_BASIS | duty 0.25 | each idle gap sized from its own burst (gap_basis burst)",,iters=supplied as None; sglang=package not installed,1,3.12.14,173.5850634662988,"measured on this device: NVIDIA GH200 480GB (measured), 646.8 TFLOP/s bf16 over 3726.2 GB/s (triad pattern); calibrated 2026-09-28 at 684a9e98",,200.0,2.13.0,3.7.1,2026-09-28T23:09:09+00:00,0.27.1,300.0
shared,3,32,6,192,1536,1,576,4.300688028335571,4.282303810119629,0.03170079661225847,40,3,315.1497287750244,"scripts/clock_elasticity.py: bursts of N back-to-back fused_experts calls under one pinned tile, each call L2-flushed and bracketed by its own pre-primed event pair, the FIRST call of every burst discarded as a drained-queue launch, a host-side idle gap after each burst setting the sustained duty cycle, and the SM clock, board power and memory clock read through NVML with the burst still in flight; NOT timing.TIMING_BASIS",1710.0,False,high,True,True,ok,"LEVEL HIGH (recorded, never an exclusion here): loaded clock 1710 MHz against the 1425 MHz reference. At a duty cycle below 1.0 a HIGH reading is the experiment working, not a cell to drop.",0.25,305.266,0.24989561846500152,9,116.07905427491642,burst,4.300639867782593,4.307456016540527,True,1710 1710 1710 1710 1710 1710 1710 1710 1710 1710 1710 1710 1710 1710 1710,False,3726.208637518389,"measured on this device: NVIDIA GH200 480GB (measured), 3726.2 GB/s (triad pattern)",13.0,580.105.08,True,1,684a9e9880f158b02ef3305c67bc5787aa9485d9,NVIDIA GH200 480GB,192-222-58-207,"scripts/clock_elasticity.py: bursts of N back-to-back fused_experts calls under one pinned tile, each call L2-flushed and bracketed by its own pre-primed event pair, the FIRST call of every burst discarded as a drained-queue launch, a host-side idle gap after each burst setting the sustained duty cycle, and the SM clock, board power and memory clock read through NVML with the burst still in flight; NOT timing.TIMING_BASIS | duty 0.25 | each idle gap sized from its own burst (gap_basis burst)",,iters=supplied as None; sglang=package not installed,1,3.12.14,173.5850634662988,"measured on this device: NVIDIA GH200 480GB (measured), 646.8 TFLOP/s bf16 over 3726.2 GB/s (triad pattern); calibrated 2026-09-28 at 684a9e98",,200.0,2.13.0,3.7.1,2026-09-28T23:09:09+00:00,0.27.1,300.0
private,3,32,6,192,1536,6,576,6.25216007232666,6.246719837188721,0.002268890163508566,25,3,527.864191532135,"scripts/clock_elasticity.py: bursts of N back-to-back fused_experts calls under one pinned tile, each call L2-flushed and bracketed by its own pre-primed event pair, the FIRST call of every burst discarded as a drained-queue launch, a host-side idle gap after each burst setting the sustained duty cycle, and the SM clock, board power and memory clock read through NVML with the burst still in flight; NOT timing.TIMING_BASIS",1710.0,False,high,True,True,ok,"LEVEL HIGH (recorded, never an exclusion here): loaded clock 1710 MHz against the 1425 MHz reference. At a duty cycle below 1.0 a HIGH reading is the experiment working, not a cell to drop.",0.25,317.442,0.2498900327996332,6,112.51945190774131,burst,6.25161600112915,6.252255916595459,True,1710 1710 1710 1710 1710 1710 1710 1710 1710 1710 1710 1710 1710 1710 1710,False,3726.208637518389,"measured on this device: NVIDIA GH200 480GB (measured), 3726.2 GB/s (triad pattern)",13.0,580.105.08,True,1,684a9e9880f158b02ef3305c67bc5787aa9485d9,NVIDIA GH200 480GB,192-222-58-207,"scripts/clock_elasticity.py: bursts of N back-to-back fused_experts calls under one pinned tile, each call L2-flushed and bracketed by its own pre-primed event pair, the FIRST call of every burst discarded as a drained-queue launch, a host-side idle gap after each burst setting the sustained duty cycle, and the SM clock, board power and memory clock read through NVML with the burst still in flight; NOT timing.TIMING_BASIS | duty 0.25 | each idle gap sized from its own burst (gap_basis burst)",,iters=supplied as None; sglang=package not installed,1,3.12.14,173.5850634662988,"measured on this device: NVIDIA GH200 480GB (measured), 646.8 TFLOP/s bf16 over 3726.2 GB/s (triad pattern); calibrated 2026-09-28 at 684a9e98",,200.0,2.13.0,3.7.1,2026-09-28T23:09:09+00:00,0.27.1,300.0
native,3,32,5,160,1280,1,64,3.553567886352539,3.5399999618530273,0.038895760601352226,45,3,326.20835185050964,"scripts/clock_elasticity.py: bursts of N back-to-back fused_experts calls under one pinned tile, each call L2-flushed and bracketed by its own pre-primed event pair, the FIRST call of every burst discarded as a drained-queue launch, a host-side idle gap after each burst setting the sustained duty cycle, and the SM clock, board power and memory clock read through NVML with the burst still in flight; NOT timing.TIMING_BASIS",1710.0,False,high,True,True,ok,"LEVEL HIGH (recorded, never an exclusion here): loaded clock 1710 MHz against the 1425 MHz reference. At a duty cycle below 1.0 a HIGH reading is the experiment working, not a cell to drop.",0.25,319.251,0.24988133456020994,10,106.32180171293292,burst,3.5540640354156494,3.5577120780944824,True,1710 1710 1575 1710 1710 1710 1710 1710 1710 1575 1710 1710 1710 1695 1710,False,3726.208637518389,"measured on this device: NVIDIA GH200 480GB (measured), 3726.2 GB/s (triad pattern)",13.0,580.105.08,True,1,684a9e9880f158b02ef3305c67bc5787aa9485d9,NVIDIA GH200 480GB,192-222-58-207,"scripts/clock_elasticity.py: bursts of N back-to-back fused_experts calls under one pinned tile, each call L2-flushed and bracketed by its own pre-primed event pair, the FIRST call of every burst discarded as a drained-queue launch, a host-side idle gap after each burst setting the sustained duty cycle, and the SM clock, board power and memory clock read through NVML with the burst still in flight; NOT timing.TIMING_BASIS | duty 0.25 | each idle gap sized from its own burst (gap_basis burst)",,iters=supplied as None; sglang=package not installed,1,3.12.14,173.5850634662988,"measured on this device: NVIDIA GH200 480GB (measured), 646.8 TFLOP/s bf16 over 3726.2 GB/s (triad pattern); calibrated 2026-09-28 at 684a9e98",,200.0,2.13.0,3.7.1,2026-09-28T23:09:09+00:00,0.27.1,300.0
shared,3,32,5,160,1280,1,576,3.607232093811035,3.5862720012664795,0.035808106649957455,45,3,329.8245759010315,"scripts/clock_elasticity.py: bursts of N back-to-back fused_experts calls under one pinned tile, each call L2-flushed and bracketed by its own pre-primed event pair, the FIRST call of every burst discarded as a drained-queue launch, a host-side idle gap after each burst setting the sustained duty cycle, and the SM clock, board power and memory clock read through NVML with the burst still in flight; NOT timing.TIMING_BASIS",1710.0,False,high,True,True,ok,"LEVEL HIGH (recorded, never an exclusion here): loaded clock 1710 MHz against the 1425 MHz reference. At a duty cycle below 1.0 a HIGH reading is the experiment working, not a cell to drop.",0.25,321.219,0.24988224118053187,10,108.02992437968351,burst,3.6058080196380615,3.6132479906082153,True,1710 1710 1710 1710 1620 1710 1560 1710 1710 1710 1710 1710 1710 1710 1710,False,3726.208637518389,"measured on this device: NVIDIA GH200 480GB (measured), 3726.2 GB/s (triad pattern)",13.0,580.105.08,True,1,684a9e9880f158b02ef3305c67bc5787aa9485d9,NVIDIA GH200 480GB,192-222-58-207,"scripts/clock_elasticity.py: bursts of N back-to-back fused_experts calls under one pinned tile, each call L2-flushed and bracketed by its own pre-primed event pair, the FIRST call of every burst discarded as a drained-queue launch, a host-side idle gap after each burst setting the sustained duty cycle, and the SM clock, board power and memory clock read through NVML with the burst still in flight; NOT timing.TIMING_BASIS | duty 0.25 | each idle gap sized from its own burst (gap_basis burst)",,iters=supplied as None; sglang=package not installed,1,3.12.14,173.5850634662988,"measured on this device: NVIDIA GH200 480GB (measured), 646.8 TFLOP/s bf16 over 3726.2 GB/s (triad pattern); calibrated 2026-09-28 at 684a9e98",,200.0,2.13.0,3.7.1,2026-09-28T23:09:09+00:00,0.27.1,300.0
private,3,32,5,160,1280,5,576,5.221439838409424,5.218111991882324,0.0024759417666094354,35,3,335.9767994880676,"scripts/clock_elasticity.py: bursts of N back-to-back fused_experts calls under one pinned tile, each call L2-flushed and bracketed by its own pre-primed event pair, the FIRST call of every burst discarded as a drained-queue launch, a host-side idle gap after each burst setting the sustained duty cycle, and the SM clock, board power and memory clock read through NVML with the burst still in flight; NOT timing.TIMING_BASIS",1710.0,False,high,True,True,ok,"LEVEL HIGH (recorded, never an exclusion here): loaded clock 1710 MHz against the 1425 MHz reference. At a duty cycle below 1.0 a HIGH reading is the experiment working, not a cell to drop.",0.25,311.433,0.24990527689572356,8,125.10236171245195,burst,5.221312046051025,5.223904132843018,True,1710 1710 1710 1710 1710 1710 1710 1710 1710 1710 1710 1710 1695 1710 1710,False,3726.208637518389,"measured on this device: NVIDIA GH200 480GB (measured), 3726.2 GB/s (triad pattern)",13.0,580.105.08,True,1,684a9e9880f158b02ef3305c67bc5787aa9485d9,NVIDIA GH200 480GB,192-222-58-207,"scripts/clock_elasticity.py: bursts of N back-to-back fused_experts calls under one pinned tile, each call L2-flushed and bracketed by its own pre-primed event pair, the FIRST call of every burst discarded as a drained-queue launch, a host-side idle gap after each burst setting the sustained duty cycle, and the SM clock, board power and memory clock read through NVML with the burst still in flight; NOT timing.TIMING_BASIS | duty 0.25 | each idle gap sized from its own burst (gap_basis burst)",,iters=supplied as None; sglang=package not installed,1,3.12.14,173.5850634662988,"measured on this device: NVIDIA GH200 480GB (measured), 646.8 TFLOP/s bf16 over 3726.2 GB/s (triad pattern); calibrated 2026-09-28 at 684a9e98",,200.0,2.13.0,3.7.1,2026-09-28T23:09:09+00:00,0.27.1,300.0
native,3,32,4,128,1024,1,64,2.8440799713134766,2.834399938583374,0.01168325329151454,60,3,337.0603201389313,"scripts/clock_elasticity.py: bursts of N back-to-back fused_experts calls under one pinned tile, each call L2-flushed and bracketed by its own pre-primed event pair, the FIRST call of every burst discarded as a drained-queue launch, a host-side idle gap after each burst setting the sustained duty cycle, and the SM clock, board power and memory clock read through NVML with the burst still in flight; NOT timing.TIMING_BASIS",1710.0,False,high,True,True,ok,"LEVEL HIGH (recorded, never an exclusion here): loaded clock 1710 MHz against the 1425 MHz reference. At a duty cycle below 1.0 a HIGH reading is the experiment working, not a cell to drop.",0.25,317.043,0.24989271430035592,13,110.46031469577427,burst,2.8452799320220947,2.843168020248413,True,1710 1710 1710 1710 1710 1710 1710 1710 1710 1710 1710 1710 1710 1710 1710,False,3726.208637518389,"measured on this device: NVIDIA GH200 480GB (measured), 3726.2 GB/s (triad pattern)",13.0,580.105.08,True,1,684a9e9880f158b02ef3305c67bc5787aa9485d9,NVIDIA GH200 480GB,192-222-58-207,"scripts/clock_elasticity.py: bursts of N back-to-back fused_experts calls under one pinned tile, each call L2-flushed and bracketed by its own pre-primed event pair, the FIRST call of every burst discarded as a drained-queue launch, a host-side idle gap after each burst setting the sustained duty cycle, and the SM clock, board power and memory clock read through NVML with the burst still in flight; NOT timing.TIMING_BASIS | duty 0.25 | each idle gap sized from its own burst (gap_basis burst)",,iters=supplied as None; sglang=package not installed,1,3.12.14,173.5850634662988,"measured on this device: NVIDIA GH200 480GB (measured), 646.8 TFLOP/s bf16 over 3726.2 GB/s (triad pattern); calibrated 2026-09-28 at 684a9e98",,200.0,2.13.0,3.7.1,2026-09-28T23:09:09+00:00,0.27.1,300.0
shared,3,32,4,128,1024,1,576,2.8941919803619385,2.8808000087738037,0.009699510398387455,60,3,456.66995334625244,"scripts/clock_elasticity.py: bursts of N back-to-back fused_experts calls under one pinned tile, each call L2-flushed and bracketed by its own pre-primed event pair, the FIRST call of every burst discarded as a drained-queue launch, a host-side idle gap after each burst setting the sustained duty cycle, and the SM clock, board power and memory clock read through NVML with the burst still in flight; NOT timing.TIMING_BASIS",1710.0,False,high,True,True,ok,"LEVEL HIGH (recorded, never an exclusion here): loaded clock 1710 MHz against the 1425 MHz reference. At a duty cycle below 1.0 a HIGH reading is the experiment working, not a cell to drop.",0.25,317.034,0.2498938294763199,13,112.41058414333382,burst,2.8983359336853027,2.893984079360962,True,1710 1710 1710 1710 1710 1710 1710 1710 1710 1710 1710 1710 1710 1710 1710,False,3726.208637518389,"measured on this device: NVIDIA GH200 480GB (measured), 3726.2 GB/s (triad pattern)",13.0,580.105.08,True,1,684a9e9880f158b02ef3305c67bc5787aa9485d9,NVIDIA GH200 480GB,192-222-58-207,"scripts/clock_elasticity.py: bursts of N back-to-back fused_experts calls under one pinned tile, each call L2-flushed and bracketed by its own pre-primed event pair, the FIRST call of every burst discarded as a drained-queue launch, a host-side idle gap after each burst setting the sustained duty cycle, and the SM clock, board power and memory clock read through NVML with the burst still in flight; NOT timing.TIMING_BASIS | duty 0.25 | each idle gap sized from its own burst (gap_basis burst)",,iters=supplied as None; sglang=package not installed,1,3.12.14,173.5850634662988,"measured on this device: NVIDIA GH200 480GB (measured), 646.8 TFLOP/s bf16 over 3726.2 GB/s (triad pattern); calibrated 2026-09-28 at 684a9e98",,200.0,2.13.0,3.7.1,2026-09-28T23:09:09+00:00,0.27.1,300.0
private,3,32,4,128,1024,4,576,4.186944007873535,4.182816028594971,0.0018108766928064326,40,3,303.00086212158203,"scripts/clock_elasticity.py: bursts of N back-to-back fused_experts calls under one pinned tile, each call L2-flushed and bracketed by its own pre-primed event pair, the FIRST call of every burst discarded as a drained-queue launch, a host-side idle gap after each burst setting the sustained duty cycle, and the SM clock, board power and memory clock read through NVML with the burst still in flight; NOT timing.TIMING_BASIS",1710.0,False,high,True,True,ok,"LEVEL HIGH (recorded, never an exclusion here): loaded clock 1710 MHz against the 1425 MHz reference. At a duty cycle below 1.0 a HIGH reading is the experiment working, not a cell to drop.",0.25,317.599,0.24988728669538834,9,112.8236109882564,burst,4.187039852142334,4.186432123184204,True,1710 1710 1710 1710 1710 1710 1710 1710 1710 1710 1710 1710 1710 1710 1710,False,3726.208637518389,"measured on this device: NVIDIA GH200 480GB (measured), 3726.2 GB/s (triad pattern)",13.0,580.105.08,True,1,684a9e9880f158b02ef3305c67bc5787aa9485d9,NVIDIA GH200 480GB,192-222-58-207,"scripts/clock_elasticity.py: bursts of N back-to-back fused_experts calls under one pinned tile, each call L2-flushed and bracketed by its own pre-primed event pair, the FIRST call of every burst discarded as a drained-queue launch, a host-side idle gap after each burst setting the sustained duty cycle, and the SM clock, board power and memory clock read through NVML with the burst still in flight; NOT timing.TIMING_BASIS | duty 0.25 | each idle gap sized from its own burst (gap_basis burst)",,iters=supplied as None; sglang=package not installed,1,3.12.14,173.5850634662988,"measured on this device: NVIDIA GH200 480GB (measured), 646.8 TFLOP/s bf16 over 3726.2 GB/s (triad pattern); calibrated 2026-09-28 at 684a9e98",,200.0,2.13.0,3.7.1,2026-09-28T23:09:09+00:00,0.27.1,300.0
native,3,32,3,96,768,1,64,2.1540799140930176,2.139647960662842,0.040458840538639,75,3,352.06073665618896,"scripts/clock_elasticity.py: bursts of N back-to-back fused_experts calls under one pinned tile, each call L2-flushed and bracketed by its own pre-primed event pair, the FIRST call of every burst discarded as a drained-queue launch, a host-side idle gap after each burst setting the sustained duty cycle, and the SM clock, board power and memory clock read through NVML with the burst still in flight; NOT timing.TIMING_BASIS",1710.0,False,high,True,True,ok,"LEVEL HIGH (recorded, never an exclusion here): loaded clock 1710 MHz against the 1425 MHz reference. At a duty cycle below 1.0 a HIGH reading is the experiment working, not a cell to drop.",0.25,334.214,0.2498846845104981,16,103.6167454504466,burst,2.152384042739868,2.235167980194092,True,1710 1710 1650 1710 1710 1710 1710 1665 1710 1710 1710 1710 1680 1710 1710,False,3726.208637518389,"measured on this device: NVIDIA GH200 480GB (measured), 3726.2 GB/s (triad pattern)",13.0,580.105.08,True,1,684a9e9880f158b02ef3305c67bc5787aa9485d9,NVIDIA GH200 480GB,192-222-58-207,"scripts/clock_elasticity.py: bursts of N back-to-back fused_experts calls under one pinned tile, each call L2-flushed and bracketed by its own pre-primed event pair, the FIRST call of every burst discarded as a drained-queue launch, a host-side idle gap after each burst setting the sustained duty cycle, and the SM clock, board power and memory clock read through NVML with the burst still in flight; NOT timing.TIMING_BASIS | duty 0.25 | each idle gap sized from its own burst (gap_basis burst)",,iters=supplied as None; sglang=package not installed,1,3.12.14,173.5850634662988,"measured on this device: NVIDIA GH200 480GB (measured), 646.8 TFLOP/s bf16 over 3726.2 GB/s (triad pattern); calibrated 2026-09-28 at 684a9e98",,200.0,2.13.0,3.7.1,2026-09-28T23:09:09+00:00,0.27.1,300.0
shared,3,32,3,96,768,1,576,2.2058560848236084,2.196959972381592,0.03516964334806402,75,3,324.9756484031677,"scripts/clock_elasticity.py: bursts of N back-to-back fused_experts calls under one pinned tile, each call L2-flushed and bracketed by its own pre-primed event pair, the FIRST call of every burst discarded as a drained-queue launch, a host-side idle gap after each burst setting the sustained duty cycle, and the SM clock, board power and memory clock read through NVML with the burst still in flight; NOT timing.TIMING_BASIS",1710.0,False,high,True,True,ok,"LEVEL HIGH (recorded, never an exclusion here): loaded clock 1710 MHz against the 1425 MHz reference. At a duty cycle below 1.0 a HIGH reading is the experiment working, not a cell to drop.",0.25,328.093,0.24988563511720271,16,105.28163715791744,burst,2.2075839042663574,2.2029759883880615,True,1710 1710 1530 1710 1695 1710 1710 1710 1710 1515 1710 1680 1710 1710 1710,False,3726.208637518389,"measured on this device: NVIDIA GH200 480GB (measured), 3726.2 GB/s (triad pattern)",13.0,580.105.08,True,1,684a9e9880f158b02ef3305c67bc5787aa9485d9,NVIDIA GH200 480GB,192-222-58-207,"scripts/clock_elasticity.py: bursts of N back-to-back fused_experts calls under one pinned tile, each call L2-flushed and bracketed by its own pre-primed event pair, the FIRST call of every burst discarded as a drained-queue launch, a host-side idle gap after each burst setting the sustained duty cycle, and the SM clock, board power and memory clock read through NVML with the burst still in flight; NOT timing.TIMING_BASIS | duty 0.25 | each idle gap sized from its own burst (gap_basis burst)",,iters=supplied as None; sglang=package not installed,1,3.12.14,173.5850634662988,"measured on this device: NVIDIA GH200 480GB (measured), 646.8 TFLOP/s bf16 over 3726.2 GB/s (triad pattern); calibrated 2026-09-28 at 684a9e98",,200.0,2.13.0,3.7.1,2026-09-28T23:09:09+00:00,0.27.1,300.0
private,3,32,3,96,768,3,576,3.1532480716705322,3.1491200923919678,0.002314046565160353,60,3,329.51935958862305,"scripts/clock_elasticity.py: bursts of N back-to-back fused_experts calls under one pinned tile, each call L2-flushed and bracketed by its own pre-primed event pair, the FIRST call of every burst discarded as a drained-queue launch, a host-side idle gap after each burst setting the sustained duty cycle, and the SM clock, board power and memory clock read through NVML with the burst still in flight; NOT timing.TIMING_BASIS",1710.0,False,high,True,True,ok,"LEVEL HIGH (recorded, never an exclusion here): loaded clock 1710 MHz against the 1425 MHz reference. At a duty cycle below 1.0 a HIGH reading is the experiment working, not a cell to drop.",0.25,310.026,0.24989844814703852,13,122.46790098107884,burst,3.1532480716705322,3.1531200408935547,True,1710 1710 1605 1710 1710 1710 1710 1710 1710 1710 1710 1710 1710 1710 1710,False,3726.208637518389,"measured on this device: NVIDIA GH200 480GB (measured), 3726.2 GB/s (triad pattern)",13.0,580.105.08,True,1,684a9e9880f158b02ef3305c67bc5787aa9485d9,NVIDIA GH200 480GB,192-222-58-207,"scripts/clock_elasticity.py: bursts of N back-to-back fused_experts calls under one pinned tile, each call L2-flushed and bracketed by its own pre-primed event pair, the FIRST call of every burst discarded as a drained-queue launch, a host-side idle gap after each burst setting the sustained duty cycle, and the SM clock, board power and memory clock read through NVML with the burst still in flight; NOT timing.TIMING_BASIS | duty 0.25 | each idle gap sized from its own burst (gap_basis burst)",,iters=supplied as None; sglang=package not installed,1,3.12.14,173.5850634662988,"measured on this device: NVIDIA GH200 480GB (measured), 646.8 TFLOP/s bf16 over 3726.2 GB/s (triad pattern); calibrated 2026-09-28 at 684a9e98",,200.0,2.13.0,3.7.1,2026-09-28T23:09:09+00:00,0.27.1,300.0
native,3,32,2,64,512,1,64,1.4554879665374756,1.4444799423217773,0.027095133784910515,115,3,355.86102414131165,"scripts/clock_elasticity.py: bursts of N back-to-back fused_experts calls under one pinned tile, each call L2-flushed and bracketed by its own pre-primed event pair, the FIRST call of every burst discarded as a drained-queue launch, a host-side idle gap after each burst setting the sustained duty cycle, and the SM clock, board power and memory clock read through NVML with the burst still in flight; NOT timing.TIMING_BASIS",1710.0,False,high,False,True,ok,"LEVEL HIGH (recorded, never an exclusion here): loaded clock 1710 MHz against the 1425 MHz reference. At a duty cycle below 1.0 a HIGH reading is the experiment working, not a cell to drop.; DRIFT failed, settling upward: 1515 -> 1665 MHz over 15 bursts; this cell is EXCLUDED",0.25,329.241,0.24988507794856074,24,103.5797138768612,burst,1.4564800262451172,1.454367995262146,True,1515 1710 1665 1710 1710 1515 1710 1695 1710 1665 1710 1710 1500 1710 1665,False,3726.208637518389,"measured on this device: NVIDIA GH200 480GB (measured), 3726.2 GB/s (triad pattern)",13.0,580.105.08,True,1,684a9e9880f158b02ef3305c67bc5787aa9485d9,NVIDIA GH200 480GB,192-222-58-207,"scripts/clock_elasticity.py: bursts of N back-to-back fused_experts calls under one pinned tile, each call L2-flushed and bracketed by its own pre-primed event pair, the FIRST call of every burst discarded as a drained-queue launch, a host-side idle gap after each burst setting the sustained duty cycle, and the SM clock, board power and memory clock read through NVML with the burst still in flight; NOT timing.TIMING_BASIS | duty 0.25 | each idle gap sized from its own burst (gap_basis burst)",,iters=supplied as None; sglang=package not installed,1,3.12.14,173.5850634662988,"measured on this device: NVIDIA GH200 480GB (measured), 646.8 TFLOP/s bf16 over 3726.2 GB/s (triad pattern); calibrated 2026-09-28 at 684a9e98",,200.0,2.13.0,3.7.1,2026-09-28T23:09:09+00:00,0.27.1,300.0
shared,3,32,2,64,512,1,576,1.5094079971313477,1.4986560344696045,0.008786795078061098,110,3,319.1611201763153,"scripts/clock_elasticity.py: bursts of N back-to-back fused_experts calls under one pinned tile, each call L2-flushed and bracketed by its own pre-primed event pair, the FIRST call of every burst discarded as a drained-queue launch, a host-side idle gap after each burst setting the sustained duty cycle, and the SM clock, board power and memory clock read through NVML with the burst still in flight; NOT timing.TIMING_BASIS",1710.0,False,high,False,True,ok,"LEVEL HIGH (recorded, never an exclusion here): loaded clock 1710 MHz against the 1425 MHz reference. At a duty cycle below 1.0 a HIGH reading is the experiment working, not a cell to drop.; DRIFT failed, settling upward: 1575 -> 1710 MHz over 15 bursts; this cell is EXCLUDED",0.25,330.392,0.24988084488480566,23,102.98650251729852,burst,1.5101759433746338,1.5118080377578735,True,1575 1710 1710 1710 1710 1575 1710 1710 1710 1710 1620 1710 1710 1710 1710,False,3726.208637518389,"measured on this device: NVIDIA GH200 480GB (measured), 3726.2 GB/s (triad pattern)",13.0,580.105.08,True,1,684a9e9880f158b02ef3305c67bc5787aa9485d9,NVIDIA GH200 480GB,192-222-58-207,"scripts/clock_elasticity.py: bursts of N back-to-back fused_experts calls under one pinned tile, each call L2-flushed and bracketed by its own pre-primed event pair, the FIRST call of every burst discarded as a drained-queue launch, a host-side idle gap after each burst setting the sustained duty cycle, and the SM clock, board power and memory clock read through NVML with the burst still in flight; NOT timing.TIMING_BASIS | duty 0.25 | each idle gap sized from its own burst (gap_basis burst)",,iters=supplied as None; sglang=package not installed,1,3.12.14,173.5850634662988,"measured on this device: NVIDIA GH200 480GB (measured), 646.8 TFLOP/s bf16 over 3726.2 GB/s (triad pattern); calibrated 2026-09-28 at 684a9e98",,200.0,2.13.0,3.7.1,2026-09-28T23:09:09+00:00,0.27.1,300.0
private,3,32,2,64,512,2,576,2.120512008666992,2.1169281005859375,0.0018005821475155237,90,3,324.04111981391907,"scripts/clock_elasticity.py: bursts of N back-to-back fused_experts calls under one pinned tile, each call L2-flushed and bracketed by its own pre-primed event pair, the FIRST call of every burst discarded as a drained-queue launch, a host-side idle gap after each burst setting the sustained duty cycle, and the SM clock, board power and memory clock read through NVML with the burst still in flight; NOT timing.TIMING_BASIS",1710.0,False,high,True,True,ok,"LEVEL HIGH (recorded, never an exclusion here): loaded clock 1710 MHz against the 1425 MHz reference. At a duty cycle below 1.0 a HIGH reading is the experiment working, not a cell to drop.",0.25,308.094,0.2498926905384278,19,119.83446156771971,burst,2.1204639673233032,2.1209919452667236,True,1710 1710 1605 1710 1710 1710 1710 1710 1710 1710 1680 1710 1710 1710 1710,False,3726.208637518389,"measured on this device: NVIDIA GH200 480GB (measured), 3726.2 GB/s (triad pattern)",13.0,580.105.08,True,1,684a9e9880f158b02ef3305c67bc5787aa9485d9,NVIDIA GH200 480GB,192-222-58-207,"scripts/clock_elasticity.py: bursts of N back-to-back fused_experts calls under one pinned tile, each call L2-flushed and bracketed by its own pre-primed event pair, the FIRST call of every burst discarded as a drained-queue launch, a host-side idle gap after each burst setting the sustained duty cycle, and the SM clock, board power and memory clock read through NVML with the burst still in flight; NOT timing.TIMING_BASIS | duty 0.25 | each idle gap sized from its own burst (gap_basis burst)",,iters=supplied as None; sglang=package not installed,1,3.12.14,173.5850634662988,"measured on this device: NVIDIA GH200 480GB (measured), 646.8 TFLOP/s bf16 over 3726.2 GB/s (triad pattern); calibrated 2026-09-28 at 684a9e98",,200.0,2.13.0,3.7.1,2026-09-28T23:09:09+00:00,0.27.1,300.0
native,3,32,1,32,256,1,64,1.0573760271072388,1.053279995918274,0.0015581825384439025,185,3,322.8961604833603,"scripts/clock_elasticity.py: bursts of N back-to-back fused_experts calls under one pinned tile, each call L2-flushed and bracketed by its own pre-primed event pair, the FIRST call of every burst discarded as a drained-queue launch, a host-side idle gap after each burst setting the sustained duty cycle, and the SM clock, board power and memory clock read through NVML with the burst still in flight; NOT timing.TIMING_BASIS",1710.0,False,high,True,True,ok,"LEVEL HIGH (recorded, never an exclusion here): loaded clock 1710 MHz against the 1425 MHz reference. At a duty cycle below 1.0 a HIGH reading is the experiment working, not a cell to drop.",0.25,307.638,0.2498955871253906,38,117.90907559371408,burst,1.0572160482406616,1.0572160482406616,True,1710 1710 1710 1710 1710 1710 1710 1710 1710 1710 1710 1710 1710 1710 1710,False,3726.208637518389,"measured on this device: NVIDIA GH200 480GB (measured), 3726.2 GB/s (triad pattern)",13.0,580.105.08,True,1,684a9e9880f158b02ef3305c67bc5787aa9485d9,NVIDIA GH200 480GB,192-222-58-207,"scripts/clock_elasticity.py: bursts of N back-to-back fused_experts calls under one pinned tile, each call L2-flushed and bracketed by its own pre-primed event pair, the FIRST call of every burst discarded as a drained-queue launch, a host-side idle gap after each burst setting the sustained duty cycle, and the SM clock, board power and memory clock read through NVML with the burst still in flight; NOT timing.TIMING_BASIS | duty 0.25 | each idle gap sized from its own burst (gap_basis burst)",,iters=supplied as None; sglang=package not installed,1,3.12.14,173.5850634662988,"measured on this device: NVIDIA GH200 480GB (measured), 646.8 TFLOP/s bf16 over 3726.2 GB/s (triad pattern); calibrated 2026-09-28 at 684a9e98",,200.0,2.13.0,3.7.1,2026-09-28T23:09:09+00:00,0.27.1,300.0
shared,3,32,1,32,256,1,576,1.0941120386123657,1.0907520055770874,0.0011826857443973655,175,3,316.82678294181824,"scripts/clock_elasticity.py: bursts of N back-to-back fused_experts calls under one pinned tile, each call L2-flushed and bracketed by its own pre-primed event pair, the FIRST call of every burst discarded as a drained-queue launch, a host-side idle gap after each burst setting the sustained duty cycle, and the SM clock, board power and memory clock read through NVML with the burst still in flight; NOT timing.TIMING_BASIS",1710.0,False,high,True,True,ok,"LEVEL HIGH (recorded, never an exclusion here): loaded clock 1710 MHz against the 1425 MHz reference. At a duty cycle below 1.0 a HIGH reading is the experiment working, not a cell to drop.",0.25,303.308,0.2498963664011589,36,115.69765790546808,burst,1.0941280126571655,1.0940799713134766,True,1710 1710 1710 1710 1710 1710 1710 1710 1710 1710 1710 1710 1710 1710 1710,False,3726.208637518389,"measured on this device: NVIDIA GH200 480GB (measured), 3726.2 GB/s (triad pattern)",13.0,580.105.08,True,1,684a9e9880f158b02ef3305c67bc5787aa9485d9,NVIDIA GH200 480GB,192-222-58-207,"scripts/clock_elasticity.py: bursts of N back-to-back fused_experts calls under one pinned tile, each call L2-flushed and bracketed by its own pre-primed event pair, the FIRST call of every burst discarded as a drained-queue launch, a host-side idle gap after each burst setting the sustained duty cycle, and the SM clock, board power and memory clock read through NVML with the burst still in flight; NOT timing.TIMING_BASIS | duty 0.25 | each idle gap sized from its own burst (gap_basis burst)",,iters=supplied as None; sglang=package not installed,1,3.12.14,173.5850634662988,"measured on this device: NVIDIA GH200 480GB (measured), 646.8 TFLOP/s bf16 over 3726.2 GB/s (triad pattern); calibrated 2026-09-28 at 684a9e98",,200.0,2.13.0,3.7.1,2026-09-28T23:09:09+00:00,0.27.1,300.0
private,3,32,1,32,256,1,576,1.0941120386123657,1.0911680459976196,0.0012035688855921791,175,3,316.8831685781479,"scripts/clock_elasticity.py: bursts of N back-to-back fused_experts calls under one pinned tile, each call L2-flushed and bracketed by its own pre-primed event pair, the FIRST call of every burst discarded as a drained-queue launch, a host-side idle gap after each burst setting the sustained duty cycle, and the SM clock, board power and memory clock read through NVML with the burst still in flight; NOT timing.TIMING_BASIS",1710.0,False,high,True,True,ok,"LEVEL HIGH (recorded, never an exclusion here): loaded clock 1710 MHz against the 1425 MHz reference. At a duty cycle below 1.0 a HIGH reading is the experiment working, not a cell to drop.",0.25,303.502,0.24989414003116653,36,115.71669823984848,burst,1.0939840078353882,1.094048023223877,True,1710 1710 1710 1710 1710 1710 1710 1710 1710 1710 1710 1710 1710 1710 1710,False,3726.208637518389,"measured on this device: NVIDIA GH200 480GB (measured), 3726.2 GB/s (triad pattern)",13.0,580.105.08,True,1,684a9e9880f158b02ef3305c67bc5787aa9485d9,NVIDIA GH200 480GB,192-222-58-207,"scripts/clock_elasticity.py: bursts of N back-to-back fused_experts calls under one pinned tile, each call L2-flushed and bracketed by its own pre-primed event pair, the FIRST call of every burst discarded as a drained-queue launch, a host-side idle gap after each burst setting the sustained duty cycle, and the SM clock, board power and memory clock read through NVML with the burst still in flight; NOT timing.TIMING_BASIS | duty 0.25 | each idle gap sized from its own burst (gap_basis burst)",,iters=supplied as None; sglang=package not installed,1,3.12.14,173.5850634662988,"measured on this device: NVIDIA GH200 480GB (measured), 646.8 TFLOP/s bf16 over 3726.2 GB/s (triad pattern); calibrated 2026-09-28 at 684a9e98",,200.0,2.13.0,3.7.1,2026-09-28T23:09:09+00:00,0.27.1,300.0
shared,4,32,1,32,256,1,576,1.0940159559249878,1.0911680459976196,0.0011643539400925153,175,3,316.7160642147064,"scripts/clock_elasticity.py: bursts of N back-to-back fused_experts calls under one pinned tile, each call L2-flushed and bracketed by its own pre-primed event pair, the FIRST call of every burst discarded as a drained-queue launch, a host-side idle gap after each burst setting the sustained duty cycle, and the SM clock, board power and memory clock read through NVML with the burst still in flight; NOT timing.TIMING_BASIS",1710.0,False,high,True,True,ok,"LEVEL HIGH (recorded, never an exclusion here): loaded clock 1710 MHz against the 1425 MHz reference. At a duty cycle below 1.0 a HIGH reading is the experiment working, not a cell to drop.",0.25,303.14,0.24989251395124262,36,115.75436342999457,burst,1.0938079953193665,1.094223976135254,True,1710 1710 1710 1710 1710 1710 1710 1680 1710 1710 1710 1710 1710 1710 1710,False,3726.208637518389,"measured on this device: NVIDIA GH200 480GB (measured), 3726.2 GB/s (triad pattern)",13.0,580.105.08,True,1,684a9e9880f158b02ef3305c67bc5787aa9485d9,NVIDIA GH200 480GB,192-222-58-207,"scripts/clock_elasticity.py: bursts of N back-to-back fused_experts calls under one pinned tile, each call L2-flushed and bracketed by its own pre-primed event pair, the FIRST call of every burst discarded as a drained-queue launch, a host-side idle gap after each burst setting the sustained duty cycle, and the SM clock, board power and memory clock read through NVML with the burst still in flight; NOT timing.TIMING_BASIS | duty 0.25 | each idle gap sized from its own burst (gap_basis burst)",,iters=supplied as None; sglang=package not installed,1,3.12.14,173.5850634662988,"measured on this device: NVIDIA GH200 480GB (measured), 646.8 TFLOP/s bf16 over 3726.2 GB/s (triad pattern); calibrated 2026-09-28 at 684a9e98",,200.0,2.13.0,3.7.1,2026-09-28T23:09:09+00:00,0.27.1,300.0
private,4,32,1,32,256,1,576,1.093951940536499,1.0907520055770874,0.0012109472810301516,175,3,316.63625621795654,"scripts/clock_elasticity.py: bursts of N back-to-back fused_experts calls under one pinned tile, each call L2-flushed and bracketed by its own pre-primed event pair, the FIRST call of every burst discarded as a drained-queue launch, a host-side idle gap after each burst setting the sustained duty cycle, and the SM clock, board power and memory clock read through NVML with the burst still in flight; NOT timing.TIMING_BASIS",1710.0,False,high,True,True,ok,"LEVEL HIGH (recorded, never an exclusion here): loaded clock 1710 MHz against the 1425 MHz reference. At a duty cycle below 1.0 a HIGH reading is the experiment working, not a cell to drop.",0.25,303.374,0.2498952638292853,36,115.68111420323113,burst,1.0938720107078552,1.0939520001411438,True,1710 1710 1710 1710 1710 1710 1710 1710 1710 1710 1710 1710 1710 1710 1710,False,3726.208637518389,"measured on this device: NVIDIA GH200 480GB (measured), 3726.2 GB/s (triad pattern)",13.0,580.105.08,True,1,684a9e9880f158b02ef3305c67bc5787aa9485d9,NVIDIA GH200 480GB,192-222-58-207,"scripts/clock_elasticity.py: bursts of N back-to-back fused_experts calls under one pinned tile, each call L2-flushed and bracketed by its own pre-primed event pair, the FIRST call of every burst discarded as a drained-queue launch, a host-side idle gap after each burst setting the sustained duty cycle, and the SM clock, board power and memory clock read through NVML with the burst still in flight; NOT timing.TIMING_BASIS | duty 0.25 | each idle gap sized from its own burst (gap_basis burst)",,iters=supplied as None; sglang=package not installed,1,3.12.14,173.5850634662988,"measured on this device: NVIDIA GH200 480GB (measured), 646.8 TFLOP/s bf16 over 3726.2 GB/s (triad pattern); calibrated 2026-09-28 at 684a9e98",,200.0,2.13.0,3.7.1,2026-09-28T23:09:09+00:00,0.27.1,300.0
native,4,32,1,32,256,1,64,1.0572160482406616,1.0527039766311646,0.0016342129243282722,185,3,322.9695678949356,"scripts/clock_elasticity.py: bursts of N back-to-back fused_experts calls under one pinned tile, each call L2-flushed and bracketed by its own pre-primed event pair, the FIRST call of every burst discarded as a drained-queue launch, a host-side idle gap after each burst setting the sustained duty cycle, and the SM clock, board power and memory clock read through NVML with the burst still in flight; NOT timing.TIMING_BASIS",1710.0,False,high,True,True,ok,"LEVEL HIGH (recorded, never an exclusion here): loaded clock 1710 MHz against the 1425 MHz reference. At a duty cycle below 1.0 a HIGH reading is the experiment working, not a cell to drop.",0.25,308.326,0.2498985283842446,38,117.91908988028443,burst,1.0571839809417725,1.058143973350525,True,1710 1710 1710 1710 1710 1710 1710 1710 1710 1710 1710 1710 1710 1710 1710,False,3726.208637518389,"measured on this device: NVIDIA GH200 480GB (measured), 3726.2 GB/s (triad pattern)",13.0,580.105.08,True,1,684a9e9880f158b02ef3305c67bc5787aa9485d9,NVIDIA GH200 480GB,192-222-58-207,"scripts/clock_elasticity.py: bursts of N back-to-back fused_experts calls under one pinned tile, each call L2-flushed and bracketed by its own pre-primed event pair, the FIRST call of every burst discarded as a drained-queue launch, a host-side idle gap after each burst setting the sustained duty cycle, and the SM clock, board power and memory clock read through NVML with the burst still in flight; NOT timing.TIMING_BASIS | duty 0.25 | each idle gap sized from its own burst (gap_basis burst)",,iters=supplied as None; sglang=package not installed,1,3.12.14,173.5850634662988,"measured on this device: NVIDIA GH200 480GB (measured), 646.8 TFLOP/s bf16 over 3726.2 GB/s (triad pattern); calibrated 2026-09-28 at 684a9e98",,200.0,2.13.0,3.7.1,2026-09-28T23:09:09+00:00,0.27.1,300.0
shared,4,32,2,64,512,1,576,1.510591983795166,1.5013439655303955,0.02305455104739882,115,3,369.70716857910156,"scripts/clock_elasticity.py: bursts of N back-to-back fused_experts calls under one pinned tile, each call L2-flushed and bracketed by its own pre-primed event pair, the FIRST call of every burst discarded as a drained-queue launch, a host-side idle gap after each burst setting the sustained duty cycle, and the SM clock, board power and memory clock read through NVML with the burst still in flight; NOT timing.TIMING_BASIS",1710.0,False,high,True,True,ok,"LEVEL HIGH (recorded, never an exclusion here): loaded clock 1710 MHz against the 1425 MHz reference. At a duty cycle below 1.0 a HIGH reading is the experiment working, not a cell to drop.",0.25,326.107,0.2498797632496836,24,107.6577236977464,burst,1.509984016418457,1.5304960012435913,True,1710 1710 1575 1710 1575 1710 1545 1710 1710 1710 1680 1710 1665 1710 1710,False,3726.208637518389,"measured on this device: NVIDIA GH200 480GB (measured), 3726.2 GB/s (triad pattern)",13.0,580.105.08,True,1,684a9e9880f158b02ef3305c67bc5787aa9485d9,NVIDIA GH200 480GB,192-222-58-207,"scripts/clock_elasticity.py: bursts of N back-to-back fused_experts calls under one pinned tile, each call L2-flushed and bracketed by its own pre-primed event pair, the FIRST call of every burst discarded as a drained-queue launch, a host-side idle gap after each burst setting the sustained duty cycle, and the SM clock, board power and memory clock read through NVML with the burst still in flight; NOT timing.TIMING_BASIS | duty 0.25 | each idle gap sized from its own burst (gap_basis burst)",,iters=supplied as None; sglang=package not installed,1,3.12.14,173.5850634662988,"measured on this device: NVIDIA GH200 480GB (measured), 646.8 TFLOP/s bf16 over 3726.2 GB/s (triad pattern); calibrated 2026-09-28 at 684a9e98",,200.0,2.13.0,3.7.1,2026-09-28T23:09:09+00:00,0.27.1,300.0
private,4,32,2,64,512,2,576,2.120543956756592,2.115648031234741,0.001736938525768333,90,3,323.8862729072571,"scripts/clock_elasticity.py: bursts of N back-to-back fused_experts calls under one pinned tile, each call L2-flushed and bracketed by its own pre-primed event pair, the FIRST call of every burst discarded as a drained-queue launch, a host-side idle gap after each burst setting the sustained duty cycle, and the SM clock, board power and memory clock read through NVML with the burst still in flight; NOT timing.TIMING_BASIS",1710.0,False,high,False,True,ok,"LEVEL HIGH (recorded, never an exclusion here): loaded clock 1710 MHz against the 1425 MHz reference. At a duty cycle below 1.0 a HIGH reading is the experiment working, not a cell to drop.; DRIFT failed, settling upward: 1605 -> 1710 MHz over 15 bursts; this cell is EXCLUDED",0.25,305.698,0.2498999768722034,19,119.75068544150416,burst,2.1200000047683716,2.1208800077438354,True,1605 1710 1710 1710 1710 1710 1710 1710 1635 1710 1710 1710 1710 1710 1710,False,3726.208637518389,"measured on this device: NVIDIA GH200 480GB (measured), 3726.2 GB/s (triad pattern)",13.0,580.105.08,True,1,684a9e9880f158b02ef3305c67bc5787aa9485d9,NVIDIA GH200 480GB,192-222-58-207,"scripts/clock_elasticity.py: bursts of N back-to-back fused_experts calls under one pinned tile, each call L2-flushed and bracketed by its own pre-primed event pair, the FIRST call of every burst discarded as a drained-queue launch, a host-side idle gap after each burst setting the sustained duty cycle, and the SM clock, board power and memory clock read through NVML with the burst still in flight; NOT timing.TIMING_BASIS | duty 0.25 | each idle gap sized from its own burst (gap_basis burst)",,iters=supplied as None; sglang=package not installed,1,3.12.14,173.5850634662988,"measured on this device: NVIDIA GH200 480GB (measured), 646.8 TFLOP/s bf16 over 3726.2 GB/s (triad pattern); calibrated 2026-09-28 at 684a9e98",,200.0,2.13.0,3.7.1,2026-09-28T23:09:09+00:00,0.27.1,300.0
native,4,32,2,64,512,1,64,1.4541759490966797,1.4456000328063965,0.004723361144428565,115,3,462.5437442064285,"scripts/clock_elasticity.py: bursts of N back-to-back fused_experts calls under one pinned tile, each call L2-flushed and bracketed by its own pre-primed event pair, the FIRST call of every burst discarded as a drained-queue launch, a host-side idle gap after each burst setting the sustained duty cycle, and the SM clock, board power and memory clock read through NVML with the burst still in flight; NOT timing.TIMING_BASIS",1710.0,False,high,False,True,ok,"LEVEL HIGH (recorded, never an exclusion here): loaded clock 1710 MHz against the 1425 MHz reference. At a duty cycle below 1.0 a HIGH reading is the experiment working, not a cell to drop.; DRIFT failed, settling upward: 1500 -> 1710 MHz over 15 bursts; this cell is EXCLUDED",0.25,331.755,0.24988643838280936,24,103.20198888125742,burst,1.45632004737854,1.4523199796676636,True,1500 1710 1665 1710 1710 1500 1710 1665 1710 1710 1515 1710 1665 1710 1710,False,3726.208637518389,"measured on this device: NVIDIA GH200 480GB (measured), 3726.2 GB/s (triad pattern)",13.0,580.105.08,True,1,684a9e9880f158b02ef3305c67bc5787aa9485d9,NVIDIA GH200 480GB,192-222-58-207,"scripts/clock_elasticity.py: bursts of N back-to-back fused_experts calls under one pinned tile, each call L2-flushed and bracketed by its own pre-primed event pair, the FIRST call of every burst discarded as a drained-queue launch, a host-side idle gap after each burst setting the sustained duty cycle, and the SM clock, board power and memory clock read through NVML with the burst still in flight; NOT timing.TIMING_BASIS | duty 0.25 | each idle gap sized from its own burst (gap_basis burst)",,iters=supplied as None; sglang=package not installed,1,3.12.14,173.5850634662988,"measured on this device: NVIDIA GH200 480GB (measured), 646.8 TFLOP/s bf16 over 3726.2 GB/s (triad pattern); calibrated 2026-09-28 at 684a9e98",,200.0,2.13.0,3.7.1,2026-09-28T23:09:09+00:00,0.27.1,300.0
shared,4,32,3,96,768,1,576,2.2056639194488525,2.191391944885254,0.03220924438307039,75,3,325.49014234542847,"scripts/clock_elasticity.py: bursts of N back-to-back fused_experts calls under one pinned tile, each call L2-flushed and bracketed by its own pre-primed event pair, the FIRST call of every burst discarded as a drained-queue launch, a host-side idle gap after each burst setting the sustained duty cycle, and the SM clock, board power and memory clock read through NVML with the burst still in flight; NOT timing.TIMING_BASIS",1710.0,False,high,True,True,ok,"LEVEL HIGH (recorded, never an exclusion here): loaded clock 1710 MHz against the 1425 MHz reference. At a duty cycle below 1.0 a HIGH reading is the experiment working, not a cell to drop.",0.25,325.876,0.24988908460702194,16,105.30631014934625,burst,2.2087039947509766,2.207616090774536,True,1710 1665 1710 1710 1545 1710 1710 1710 1710 1710 1710 1710 1710 1695 1710,False,3726.208637518389,"measured on this device: NVIDIA GH200 480GB (measured), 3726.2 GB/s (triad pattern)",13.0,580.105.08,True,1,684a9e9880f158b02ef3305c67bc5787aa9485d9,NVIDIA GH200 480GB,192-222-58-207,"scripts/clock_elasticity.py: bursts of N back-to-back fused_experts calls under one pinned tile, each call L2-flushed and bracketed by its own pre-primed event pair, the FIRST call of every burst discarded as a drained-queue launch, a host-side idle gap after each burst setting the sustained duty cycle, and the SM clock, board power and memory clock read through NVML with the burst still in flight; NOT timing.TIMING_BASIS | duty 0.25 | each idle gap sized from its own burst (gap_basis burst)",,iters=supplied as None; sglang=package not installed,1,3.12.14,173.5850634662988,"measured on this device: NVIDIA GH200 480GB (measured), 646.8 TFLOP/s bf16 over 3726.2 GB/s (triad pattern); calibrated 2026-09-28 at 684a9e98",,200.0,2.13.0,3.7.1,2026-09-28T23:09:09+00:00,0.27.1,300.0
private,4,32,3,96,768,3,576,3.153231978416443,3.1491200923919678,0.0019350584314999125,60,3,329.63212752342224,"scripts/clock_elasticity.py: bursts of N back-to-back fused_experts calls under one pinned tile, each call L2-flushed and bracketed by its own pre-primed event pair, the FIRST call of every burst discarded as a drained-queue launch, a host-side idle gap after each burst setting the sustained duty cycle, and the SM clock, board power and memory clock read through NVML with the burst still in flight; NOT timing.TIMING_BASIS",1710.0,False,high,True,True,ok,"LEVEL HIGH (recorded, never an exclusion here): loaded clock 1710 MHz against the 1425 MHz reference. At a duty cycle below 1.0 a HIGH reading is the experiment working, not a cell to drop.",0.25,310.097,0.24990373200491797,13,122.38175622467679,burst,3.1528639793395996,3.1532480716705322,True,1710 1710 1710 1710 1710 1710 1710 1710 1620 1710 1710 1575 1710 1710 1710,False,3726.208637518389,"measured on this device: NVIDIA GH200 480GB (measured), 3726.2 GB/s (triad pattern)",13.0,580.105.08,True,1,684a9e9880f158b02ef3305c67bc5787aa9485d9,NVIDIA GH200 480GB,192-222-58-207,"scripts/clock_elasticity.py: bursts of N back-to-back fused_experts calls under one pinned tile, each call L2-flushed and bracketed by its own pre-primed event pair, the FIRST call of every burst discarded as a drained-queue launch, a host-side idle gap after each burst setting the sustained duty cycle, and the SM clock, board power and memory clock read through NVML with the burst still in flight; NOT timing.TIMING_BASIS | duty 0.25 | each idle gap sized from its own burst (gap_basis burst)",,iters=supplied as None; sglang=package not installed,1,3.12.14,173.5850634662988,"measured on this device: NVIDIA GH200 480GB (measured), 646.8 TFLOP/s bf16 over 3726.2 GB/s (triad pattern); calibrated 2026-09-28 at 684a9e98",,200.0,2.13.0,3.7.1,2026-09-28T23:09:09+00:00,0.27.1,300.0
native,4,32,3,96,768,1,64,2.152031898498535,2.1381120681762695,0.04344866426594324,75,3,458.0570237636566,"scripts/clock_elasticity.py: bursts of N back-to-back fused_experts calls under one pinned tile, each call L2-flushed and bracketed by its own pre-primed event pair, the FIRST call of every burst discarded as a drained-queue launch, a host-side idle gap after each burst setting the sustained duty cycle, and the SM clock, board power and memory clock read through NVML with the burst still in flight; NOT timing.TIMING_BASIS",1710.0,False,high,False,True,ok,"LEVEL HIGH (recorded, never an exclusion here): loaded clock 1710 MHz against the 1425 MHz reference. At a duty cycle below 1.0 a HIGH reading is the experiment working, not a cell to drop.; DRIFT failed, settling upward: 1620 -> 1710 MHz over 15 bursts; this cell is EXCLUDED",0.25,333.577,0.24988401944698074,16,103.6627612889206,burst,2.150496006011963,2.2516160011291504,True,1620 1710 1680 1710 1710 1605 1710 1680 1710 1710 1605 1710 1665 1710 1710,False,3726.208637518389,"measured on this device: NVIDIA GH200 480GB (measured), 3726.2 GB/s (triad pattern)",13.0,580.105.08,True,1,684a9e9880f158b02ef3305c67bc5787aa9485d9,NVIDIA GH200 480GB,192-222-58-207,"scripts/clock_elasticity.py: bursts of N back-to-back fused_experts calls under one pinned tile, each call L2-flushed and bracketed by its own pre-primed event pair, the FIRST call of every burst discarded as a drained-queue launch, a host-side idle gap after each burst setting the sustained duty cycle, and the SM clock, board power and memory clock read through NVML with the burst still in flight; NOT timing.TIMING_BASIS | duty 0.25 | each idle gap sized from its own burst (gap_basis burst)",,iters=supplied as None; sglang=package not installed,1,3.12.14,173.5850634662988,"measured on this device: NVIDIA GH200 480GB (measured), 646.8 TFLOP/s bf16 over 3726.2 GB/s (triad pattern); calibrated 2026-09-28 at 684a9e98",,200.0,2.13.0,3.7.1,2026-09-28T23:09:09+00:00,0.27.1,300.0
shared,4,32,4,128,1024,1,576,2.8940320014953613,2.881119966506958,0.01186483937357913,60,3,304.8534400463104,"scripts/clock_elasticity.py: bursts of N back-to-back fused_experts calls under one pinned tile, each call L2-flushed and bracketed by its own pre-primed event pair, the FIRST call of every burst discarded as a drained-queue launch, a host-side idle gap after each burst setting the sustained duty cycle, and the SM clock, board power and memory clock read through NVML with the burst still in flight; NOT timing.TIMING_BASIS",1710.0,False,high,True,True,ok,"LEVEL HIGH (recorded, never an exclusion here): loaded clock 1710 MHz against the 1425 MHz reference. At a duty cycle below 1.0 a HIGH reading is the experiment working, not a cell to drop.",0.25,314.357,0.24988855921097142,13,112.52837401615398,burst,2.8947200775146484,2.89737606048584,True,1710 1710 1710 1710 1710 1710 1710 1710 1710 1710 1710 1710 1710 1710 1710,False,3726.208637518389,"measured on this device: NVIDIA GH200 480GB (measured), 3726.2 GB/s (triad pattern)",13.0,580.105.08,True,1,684a9e9880f158b02ef3305c67bc5787aa9485d9,NVIDIA GH200 480GB,192-222-58-207,"scripts/clock_elasticity.py: bursts of N back-to-back fused_experts calls under one pinned tile, each call L2-flushed and bracketed by its own pre-primed event pair, the FIRST call of every burst discarded as a drained-queue launch, a host-side idle gap after each burst setting the sustained duty cycle, and the SM clock, board power and memory clock read through NVML with the burst still in flight; NOT timing.TIMING_BASIS | duty 0.25 | each idle gap sized from its own burst (gap_basis burst)",,iters=supplied as None; sglang=package not installed,1,3.12.14,173.5850634662988,"measured on this device: NVIDIA GH200 480GB (measured), 646.8 TFLOP/s bf16 over 3726.2 GB/s (triad pattern); calibrated 2026-09-28 at 684a9e98",,200.0,2.13.0,3.7.1,2026-09-28T23:09:09+00:00,0.27.1,300.0
private,4,32,4,128,1024,4,576,4.186928033828735,4.183487892150879,0.002248363091072179,40,3,303.00972604751587,"scripts/clock_elasticity.py: bursts of N back-to-back fused_experts calls under one pinned tile, each call L2-flushed and bracketed by its own pre-primed event pair, the FIRST call of every burst discarded as a drained-queue launch, a host-side idle gap after each burst setting the sustained duty cycle, and the SM clock, board power and memory clock read through NVML with the burst still in flight; NOT timing.TIMING_BASIS",1710.0,False,high,True,True,ok,"LEVEL HIGH (recorded, never an exclusion here): loaded clock 1710 MHz against the 1425 MHz reference. At a duty cycle below 1.0 a HIGH reading is the experiment working, not a cell to drop.",0.25,317.874,0.24989076038606622,9,112.74943424514642,burst,4.186880111694336,4.186575889587402,True,1710 1710 1710 1710 1710 1710 1710 1710 1710 1710 1710 1710 1710 1710 1710,False,3726.208637518389,"measured on this device: NVIDIA GH200 480GB (measured), 3726.2 GB/s (triad pattern)",13.0,580.105.08,True,1,684a9e9880f158b02ef3305c67bc5787aa9485d9,NVIDIA GH200 480GB,192-222-58-207,"scripts/clock_elasticity.py: bursts of N back-to-back fused_experts calls under one pinned tile, each call L2-flushed and bracketed by its own pre-primed event pair, the FIRST call of every burst discarded as a drained-queue launch, a host-side idle gap after each burst setting the sustained duty cycle, and the SM clock, board power and memory clock read through NVML with the burst still in flight; NOT timing.TIMING_BASIS | duty 0.25 | each idle gap sized from its own burst (gap_basis burst)",,iters=supplied as None; sglang=package not installed,1,3.12.14,173.5850634662988,"measured on this device: NVIDIA GH200 480GB (measured), 646.8 TFLOP/s bf16 over 3726.2 GB/s (triad pattern); calibrated 2026-09-28 at 684a9e98",,200.0,2.13.0,3.7.1,2026-09-28T23:09:09+00:00,0.27.1,300.0
native,4,32,4,128,1024,1,64,2.84278404712677,2.834399938583374,0.014506955798484301,60,3,336.89769530296326,"scripts/clock_elasticity.py: bursts of N back-to-back fused_experts calls under one pinned tile, each call L2-flushed and bracketed by its own pre-primed event pair, the FIRST call of every burst discarded as a drained-queue launch, a host-side idle gap after each burst setting the sustained duty cycle, and the SM clock, board power and memory clock read through NVML with the burst still in flight; NOT timing.TIMING_BASIS",1710.0,False,high,True,True,ok,"LEVEL HIGH (recorded, never an exclusion here): loaded clock 1710 MHz against the 1425 MHz reference. At a duty cycle below 1.0 a HIGH reading is the experiment working, not a cell to drop.",0.25,317.846,0.24988452214179424,13,110.39865347156591,burst,2.8434879779815674,2.845439910888672,True,1710 1710 1710 1710 1710 1710 1710 1710 1710 1710 1710 1710 1710 1710 1710,False,3726.208637518389,"measured on this device: NVIDIA GH200 480GB (measured), 3726.2 GB/s (triad pattern)",13.0,580.105.08,True,1,684a9e9880f158b02ef3305c67bc5787aa9485d9,NVIDIA GH200 480GB,192-222-58-207,"scripts/clock_elasticity.py: bursts of N back-to-back fused_experts calls under one pinned tile, each call L2-flushed and bracketed by its own pre-primed event pair, the FIRST call of every burst discarded as a drained-queue launch, a host-side idle gap after each burst setting the sustained duty cycle, and the SM clock, board power and memory clock read through NVML with the burst still in flight; NOT timing.TIMING_BASIS | duty 0.25 | each idle gap sized from its own burst (gap_basis burst)",,iters=supplied as None; sglang=package not installed,1,3.12.14,173.5850634662988,"measured on this device: NVIDIA GH200 480GB (measured), 646.8 TFLOP/s bf16 over 3726.2 GB/s (triad pattern); calibrated 2026-09-28 at 684a9e98",,200.0,2.13.0,3.7.1,2026-09-28T23:09:09+00:00,0.27.1,300.0
shared,4,32,5,160,1280,1,576,3.605695962905884,3.5912320613861084,0.04176996976784878,45,3,330.0607671737671,"scripts/clock_elasticity.py: bursts of N back-to-back fused_experts calls under one pinned tile, each call L2-flushed and bracketed by its own pre-primed event pair, the FIRST call of every burst discarded as a drained-queue launch, a host-side idle gap after each burst setting the sustained duty cycle, and the SM clock, board power and memory clock read through NVML with the burst still in flight; NOT timing.TIMING_BASIS",1710.0,False,high,True,True,ok,"LEVEL HIGH (recorded, never an exclusion here): loaded clock 1710 MHz against the 1425 MHz reference. At a duty cycle below 1.0 a HIGH reading is the experiment working, not a cell to drop.",0.25,322.92,0.2498851757704373,10,108.00413109135116,burst,3.604207992553711,3.6089119911193848,True,1710 1710 1710 1710 1710 1710 1560 1710 1710 1710 1695 1710 1710 1710 1710,False,3726.208637518389,"measured on this device: NVIDIA GH200 480GB (measured), 3726.2 GB/s (triad pattern)",13.0,580.105.08,True,1,684a9e9880f158b02ef3305c67bc5787aa9485d9,NVIDIA GH200 480GB,192-222-58-207,"scripts/clock_elasticity.py: bursts of N back-to-back fused_experts calls under one pinned tile, each call L2-flushed and bracketed by its own pre-primed event pair, the FIRST call of every burst discarded as a drained-queue launch, a host-side idle gap after each burst setting the sustained duty cycle, and the SM clock, board power and memory clock read through NVML with the burst still in flight; NOT timing.TIMING_BASIS | duty 0.25 | each idle gap sized from its own burst (gap_basis burst)",,iters=supplied as None; sglang=package not installed,1,3.12.14,173.5850634662988,"measured on this device: NVIDIA GH200 480GB (measured), 646.8 TFLOP/s bf16 over 3726.2 GB/s (triad pattern); calibrated 2026-09-28 at 684a9e98",,200.0,2.13.0,3.7.1,2026-09-28T23:09:09+00:00,0.27.1,300.0
private,4,32,5,160,1280,5,576,5.222015857696533,5.217696189880371,0.0034966151559129724,35,3,335.83315086364746,"scripts/clock_elasticity.py: bursts of N back-to-back fused_experts calls under one pinned tile, each call L2-flushed and bracketed by its own pre-primed event pair, the FIRST call of every burst discarded as a drained-queue launch, a host-side idle gap after each burst setting the sustained duty cycle, and the SM clock, board power and memory clock read through NVML with the burst still in flight; NOT timing.TIMING_BASIS",1710.0,False,high,True,True,ok,"LEVEL HIGH (recorded, never an exclusion here): loaded clock 1710 MHz against the 1425 MHz reference. At a duty cycle below 1.0 a HIGH reading is the experiment working, not a cell to drop.",0.25,314.051,0.24990072525408394,8,125.10581935915252,burst,5.223487854003906,5.226175785064697,True,1710 1710 1710 1710 1710 1710 1710 1710 1710 1710 1710 1710 1695 1710 1710,False,3726.208637518389,"measured on this device: NVIDIA GH200 480GB (measured), 3726.2 GB/s (triad pattern)",13.0,580.105.08,True,1,684a9e9880f158b02ef3305c67bc5787aa9485d9,NVIDIA GH200 480GB,192-222-58-207,"scripts/clock_elasticity.py: bursts of N back-to-back fused_experts calls under one pinned tile, each call L2-flushed and bracketed by its own pre-primed event pair, the FIRST call of every burst discarded as a drained-queue launch, a host-side idle gap after each burst setting the sustained duty cycle, and the SM clock, board power and memory clock read through NVML with the burst still in flight; NOT timing.TIMING_BASIS | duty 0.25 | each idle gap sized from its own burst (gap_basis burst)",,iters=supplied as None; sglang=package not installed,1,3.12.14,173.5850634662988,"measured on this device: NVIDIA GH200 480GB (measured), 646.8 TFLOP/s bf16 over 3726.2 GB/s (triad pattern); calibrated 2026-09-28 at 684a9e98",,200.0,2.13.0,3.7.1,2026-09-28T23:09:09+00:00,0.27.1,300.0
native,4,32,5,160,1280,1,64,3.551232099533081,3.539072036743164,0.04313232684538213,45,3,325.9122552871704,"scripts/clock_elasticity.py: bursts of N back-to-back fused_experts calls under one pinned tile, each call L2-flushed and bracketed by its own pre-primed event pair, the FIRST call of every burst discarded as a drained-queue launch, a host-side idle gap after each burst setting the sustained duty cycle, and the SM clock, board power and memory clock read through NVML with the burst still in flight; NOT timing.TIMING_BASIS",1710.0,False,high,True,True,ok,"LEVEL HIGH (recorded, never an exclusion here): loaded clock 1710 MHz against the 1425 MHz reference. At a duty cycle below 1.0 a HIGH reading is the experiment working, not a cell to drop.",0.25,322.272,0.24988379201068037,10,106.47130365577323,burst,3.5533759593963623,3.5636959075927734,True,1710 1710 1710 1710 1560 1710 1710 1710 1710 1710 1710 1560 1710 1710 1710,False,3726.208637518389,"measured on this device: NVIDIA GH200 480GB (measured), 3726.2 GB/s (triad pattern)",13.0,580.105.08,True,1,684a9e9880f158b02ef3305c67bc5787aa9485d9,NVIDIA GH200 480GB,192-222-58-207,"scripts/clock_elasticity.py: bursts of N back-to-back fused_experts calls under one pinned tile, each call L2-flushed and bracketed by its own pre-primed event pair, the FIRST call of every burst discarded as a drained-queue launch, a host-side idle gap after each burst setting the sustained duty cycle, and the SM clock, board power and memory clock read through NVML with the burst still in flight; NOT timing.TIMING_BASIS | duty 0.25 | each idle gap sized from its own burst (gap_basis burst)",,iters=supplied as None; sglang=package not installed,1,3.12.14,173.5850634662988,"measured on this device: NVIDIA GH200 480GB (measured), 646.8 TFLOP/s bf16 over 3726.2 GB/s (triad pattern); calibrated 2026-09-28 at 684a9e98",,200.0,2.13.0,3.7.1,2026-09-28T23:09:09+00:00,0.27.1,300.0
shared,4,32,6,192,1536,1,576,4.298079967498779,4.28604793548584,0.03509930445648668,40,3,314.63411378860474,"scripts/clock_elasticity.py: bursts of N back-to-back fused_experts calls under one pinned tile, each call L2-flushed and bracketed by its own pre-primed event pair, the FIRST call of every burst discarded as a drained-queue launch, a host-side idle gap after each burst setting the sustained duty cycle, and the SM clock, board power and memory clock read through NVML with the burst still in flight; NOT timing.TIMING_BASIS",1710.0,False,high,True,True,ok,"LEVEL HIGH (recorded, never an exclusion here): loaded clock 1710 MHz against the 1425 MHz reference. At a duty cycle below 1.0 a HIGH reading is the experiment working, not a cell to drop.",0.25,307.419,0.24989606491506663,9,115.97329670648467,burst,4.299776077270508,4.298399925231934,True,1710 1710 1710 1710 1710 1710 1710 1710 1710 1710 1710 1710 1710 1710 1710,False,3726.208637518389,"measured on this device: NVIDIA GH200 480GB (measured), 3726.2 GB/s (triad pattern)",13.0,580.105.08,True,1,684a9e9880f158b02ef3305c67bc5787aa9485d9,NVIDIA GH200 480GB,192-222-58-207,"scripts/clock_elasticity.py: bursts of N back-to-back fused_experts calls under one pinned tile, each call L2-flushed and bracketed by its own pre-primed event pair, the FIRST call of every burst discarded as a drained-queue launch, a host-side idle gap after each burst setting the sustained duty cycle, and the SM clock, board power and memory clock read through NVML with the burst still in flight; NOT timing.TIMING_BASIS | duty 0.25 | each idle gap sized from its own burst (gap_basis burst)",,iters=supplied as None; sglang=package not installed,1,3.12.14,173.5850634662988,"measured on this device: NVIDIA GH200 480GB (measured), 646.8 TFLOP/s bf16 over 3726.2 GB/s (triad pattern); calibrated 2026-09-28 at 684a9e98",,200.0,2.13.0,3.7.1,2026-09-28T23:09:09+00:00,0.27.1,300.0
private,4,32,6,192,1536,6,576,6.252768039703369,6.247551918029785,0.0022170215093934575,25,3,301.67663955688477,"scripts/clock_elasticity.py: bursts of N back-to-back fused_experts calls under one pinned tile, each call L2-flushed and bracketed by its own pre-primed event pair, the FIRST call of every burst discarded as a drained-queue launch, a host-side idle gap after each burst setting the sustained duty cycle, and the SM clock, board power and memory clock read through NVML with the burst still in flight; NOT timing.TIMING_BASIS",1710.0,False,high,False,True,ok,"LEVEL HIGH (recorded, never an exclusion here): loaded clock 1710 MHz against the 1425 MHz reference. At a duty cycle below 1.0 a HIGH reading is the experiment working, not a cell to drop.; DRIFT failed, dropping: 1710 -> 1575 MHz over 15 bursts; this cell is EXCLUDED",0.25,318.668,0.24988856276235302,6,112.51068373239104,burst,6.252768039703369,6.252575874328613,True,1710 1710 1710 1710 1710 1710 1710 1710 1710 1710 1605 1710 1575 1710 1575,False,3726.208637518389,"measured on this device: NVIDIA GH200 480GB (measured), 3726.2 GB/s (triad pattern)",13.0,580.105.08,True,1,684a9e9880f158b02ef3305c67bc5787aa9485d9,NVIDIA GH200 480GB,192-222-58-207,"scripts/clock_elasticity.py: bursts of N back-to-back fused_experts calls under one pinned tile, each call L2-flushed and bracketed by its own pre-primed event pair, the FIRST call of every burst discarded as a drained-queue launch, a host-side idle gap after each burst setting the sustained duty cycle, and the SM clock, board power and memory clock read through NVML with the burst still in flight; NOT timing.TIMING_BASIS | duty 0.25 | each idle gap sized from its own burst (gap_basis burst)",,iters=supplied as None; sglang=package not installed,1,3.12.14,173.5850634662988,"measured on this device: NVIDIA GH200 480GB (measured), 646.8 TFLOP/s bf16 over 3726.2 GB/s (triad pattern); calibrated 2026-09-28 at 684a9e98",,200.0,2.13.0,3.7.1,2026-09-28T23:09:09+00:00,0.27.1,300.0
native,4,32,6,192,1536,1,64,4.249200105667114,4.233312129974365,0.03471981325645648,40,3,310.55011224746704,"scripts/clock_elasticity.py: bursts of N back-to-back fused_experts calls under one pinned tile, each call L2-flushed and bracketed by its own pre-primed event pair, the FIRST call of every burst discarded as a drained-queue launch, a host-side idle gap after each burst setting the sustained duty cycle, and the SM clock, board power and memory clock read through NVML with the burst still in flight; NOT timing.TIMING_BASIS",1710.0,False,high,False,True,ok,"LEVEL HIGH (recorded, never an exclusion here): loaded clock 1710 MHz against the 1425 MHz reference. At a duty cycle below 1.0 a HIGH reading is the experiment working, not a cell to drop.; DRIFT failed, dropping: 1710 -> 1590 MHz over 15 bursts; this cell is EXCLUDED",0.25,319.331,0.24989799677144345,9,114.60366839304334,burst,4.256927967071533,4.251743793487549,True,1710 1710 1710 1710 1710 1710 1710 1710 1710 1710 1710 1710 1710 1710 1590,False,3726.208637518389,"measured on this device: NVIDIA GH200 480GB (measured), 3726.2 GB/s (triad pattern)",13.0,580.105.08,True,1,684a9e9880f158b02ef3305c67bc5787aa9485d9,NVIDIA GH200 480GB,192-222-58-207,"scripts/clock_elasticity.py: bursts of N back-to-back fused_experts calls under one pinned tile, each call L2-flushed and bracketed by its own pre-primed event pair, the FIRST call of every burst discarded as a drained-queue launch, a host-side idle gap after each burst setting the sustained duty cycle, and the SM clock, board power and memory clock read through NVML with the burst still in flight; NOT timing.TIMING_BASIS | duty 0.25 | each idle gap sized from its own burst (gap_basis burst)",,iters=supplied as None; sglang=package not installed,1,3.12.14,173.5850634662988,"measured on this device: NVIDIA GH200 480GB (measured), 646.8 TFLOP/s bf16 over 3726.2 GB/s (triad pattern); calibrated 2026-09-28 at 684a9e98",,200.0,2.13.0,3.7.1,2026-09-28T23:09:09+00:00,0.27.1,300.0
shared,4,32,7,224,1792,1,576,5.004527807235718,4.984928131103516,0.021032887489436523,30,3,320.09641695022583,"scripts/clock_elasticity.py: bursts of N back-to-back fused_experts calls under one pinned tile, each call L2-flushed and bracketed by its own pre-primed event pair, the FIRST call of every burst discarded as a drained-queue launch, a host-side idle gap after each burst setting the sustained duty cycle, and the SM clock, board power and memory clock read through NVML with the burst still in flight; NOT timing.TIMING_BASIS",1710.0,False,high,True,True,ok,"LEVEL HIGH (recorded, never an exclusion here): loaded clock 1710 MHz against the 1425 MHz reference. At a duty cycle below 1.0 a HIGH reading is the experiment working, not a cell to drop.",0.25,314.845,0.24988177200062195,7,105.08618866816688,burst,5.005663871765137,5.00432014465332,True,1710 1710 1710 1710 1710 1710 1710 1710 1710 1710 1710 1710 1710 1710 1710,False,3726.208637518389,"measured on this device: NVIDIA GH200 480GB (measured), 3726.2 GB/s (triad pattern)",13.0,580.105.08,True,1,684a9e9880f158b02ef3305c67bc5787aa9485d9,NVIDIA GH200 480GB,192-222-58-207,"scripts/clock_elasticity.py: bursts of N back-to-back fused_experts calls under one pinned tile, each call L2-flushed and bracketed by its own pre-primed event pair, the FIRST call of every burst discarded as a drained-queue launch, a host-side idle gap after each burst setting the sustained duty cycle, and the SM clock, board power and memory clock read through NVML with the burst still in flight; NOT timing.TIMING_BASIS | duty 0.25 | each idle gap sized from its own burst (gap_basis burst)",,iters=supplied as None; sglang=package not installed,1,3.12.14,173.5850634662988,"measured on this device: NVIDIA GH200 480GB (measured), 646.8 TFLOP/s bf16 over 3726.2 GB/s (triad pattern); calibrated 2026-09-28 at 684a9e98",,200.0,2.13.0,3.7.1,2026-09-28T23:09:09+00:00,0.27.1,300.0
private,4,32,7,224,1792,7,576,7.285599946975708,7.280032157897949,0.003014360414696745,20,3,329.4920320510864,"scripts/clock_elasticity.py: bursts of N back-to-back fused_experts calls under one pinned tile, each call L2-flushed and bracketed by its own pre-primed event pair, the FIRST call of every burst discarded as a drained-queue launch, a host-side idle gap after each burst setting the sustained duty cycle, and the SM clock, board power and memory clock read through NVML with the burst still in flight; NOT timing.TIMING_BASIS",1710.0,False,high,True,True,ok,"LEVEL HIGH (recorded, never an exclusion here): loaded clock 1710 MHz against the 1425 MHz reference. At a duty cycle below 1.0 a HIGH reading is the experiment working, not a cell to drop.",0.25,316.939,0.24988650774986254,5,109.28538155821296,burst,7.285056114196777,7.28604793548584,True,1710 1710 1710 1710 1590 1710 1710 1710 1710 1710 1695 1710 1710 1710 1710,False,3726.208637518389,"measured on this device: NVIDIA GH200 480GB (measured), 3726.2 GB/s (triad pattern)",13.0,580.105.08,True,1,684a9e9880f158b02ef3305c67bc5787aa9485d9,NVIDIA GH200 480GB,192-222-58-207,"scripts/clock_elasticity.py: bursts of N back-to-back fused_experts calls under one pinned tile, each call L2-flushed and bracketed by its own pre-primed event pair, the FIRST call of every burst discarded as a drained-queue launch, a host-side idle gap after each burst setting the sustained duty cycle, and the SM clock, board power and memory clock read through NVML with the burst still in flight; NOT timing.TIMING_BASIS | duty 0.25 | each idle gap sized from its own burst (gap_basis burst)",,iters=supplied as None; sglang=package not installed,1,3.12.14,173.5850634662988,"measured on this device: NVIDIA GH200 480GB (measured), 646.8 TFLOP/s bf16 over 3726.2 GB/s (triad pattern); calibrated 2026-09-28 at 684a9e98",,200.0,2.13.0,3.7.1,2026-09-28T23:09:09+00:00,0.27.1,300.0
native,4,32,7,224,1792,1,64,4.954463958740234,4.937632083892822,0.026728850395083603,30,3,316.40374422073364,"scripts/clock_elasticity.py: bursts of N back-to-back fused_experts calls under one pinned tile, each call L2-flushed and bracketed by its own pre-primed event pair, the FIRST call of every burst discarded as a drained-queue launch, a host-side idle gap after each burst setting the sustained duty cycle, and the SM clock, board power and memory clock read through NVML with the burst still in flight; NOT timing.TIMING_BASIS",1710.0,False,high,True,True,ok,"LEVEL HIGH (recorded, never an exclusion here): loaded clock 1710 MHz against the 1425 MHz reference. At a duty cycle below 1.0 a HIGH reading is the experiment working, not a cell to drop.",0.25,321.008,0.24988173989397852,7,104.06180794261307,burst,4.955552101135254,4.9878082275390625,True,1710 1710 1710 1710 1710 1710 1710 1710 1710 1710 1680 1710 1710 1710 1710,False,3726.208637518389,"measured on this device: NVIDIA GH200 480GB (measured), 3726.2 GB/s (triad pattern)",13.0,580.105.08,True,1,684a9e9880f158b02ef3305c67bc5787aa9485d9,NVIDIA GH200 480GB,192-222-58-207,"scripts/clock_elasticity.py: bursts of N back-to-back fused_experts calls under one pinned tile, each call L2-flushed and bracketed by its own pre-primed event pair, the FIRST call of every burst discarded as a drained-queue launch, a host-side idle gap after each burst setting the sustained duty cycle, and the SM clock, board power and memory clock read through NVML with the burst still in flight; NOT timing.TIMING_BASIS | duty 0.25 | each idle gap sized from its own burst (gap_basis burst)",,iters=supplied as None; sglang=package not installed,1,3.12.14,173.5850634662988,"measured on this device: NVIDIA GH200 480GB (measured), 646.8 TFLOP/s bf16 over 3726.2 GB/s (triad pattern); calibrated 2026-09-28 at 684a9e98",,200.0,2.13.0,3.7.1,2026-09-28T23:09:09+00:00,0.27.1,300.0
shared,4,32,8,256,2048,1,576,5.6915199756622314,5.676671981811523,0.01077828939056683,30,3,322.68480110168457,"scripts/clock_elasticity.py: bursts of N back-to-back fused_experts calls under one pinned tile, each call L2-flushed and bracketed by its own pre-primed event pair, the FIRST call of every burst discarded as a drained-queue launch, a host-side idle gap after each burst setting the sustained duty cycle, and the SM clock, board power and memory clock read through NVML with the burst still in flight; NOT timing.TIMING_BASIS",1710.0,False,high,True,True,ok,"LEVEL HIGH (recorded, never an exclusion here): loaded clock 1710 MHz against the 1425 MHz reference. At a duty cycle below 1.0 a HIGH reading is the experiment working, not a cell to drop.",0.25,302.253,0.24989708861181797,7,119.39165918075015,burst,5.689856052398682,5.685472011566162,True,1710 1710 1710 1710 1710 1710 1710 1710 1710 1710 1710 1710 1710 1710 1710,False,3726.208637518389,"measured on this device: NVIDIA GH200 480GB (measured), 3726.2 GB/s (triad pattern)",13.0,580.105.08,True,1,684a9e9880f158b02ef3305c67bc5787aa9485d9,NVIDIA GH200 480GB,192-222-58-207,"scripts/clock_elasticity.py: bursts of N back-to-back fused_experts calls under one pinned tile, each call L2-flushed and bracketed by its own pre-primed event pair, the FIRST call of every burst discarded as a drained-queue launch, a host-side idle gap after each burst setting the sustained duty cycle, and the SM clock, board power and memory clock read through NVML with the burst still in flight; NOT timing.TIMING_BASIS | duty 0.25 | each idle gap sized from its own burst (gap_basis burst)",,iters=supplied as None; sglang=package not installed,1,3.12.14,173.5850634662988,"measured on this device: NVIDIA GH200 480GB (measured), 646.8 TFLOP/s bf16 over 3726.2 GB/s (triad pattern); calibrated 2026-09-28 at 684a9e98",,200.0,2.13.0,3.7.1,2026-09-28T23:09:09+00:00,0.27.1,300.0
private,4,32,8,256,2048,8,576,8.336048126220703,8.331199645996094,0.004379370468320593,20,3,334.94201469421387,"scripts/clock_elasticity.py: bursts of N back-to-back fused_experts calls under one pinned tile, each call L2-flushed and bracketed by its own pre-primed event pair, the FIRST call of every burst discarded as a drained-queue launch, a host-side idle gap after each burst setting the sustained duty cycle, and the SM clock, board power and memory clock read through NVML with the burst still in flight; NOT timing.TIMING_BASIS",1710.0,False,high,True,True,ok,"LEVEL HIGH (recorded, never an exclusion here): loaded clock 1710 MHz against the 1425 MHz reference. At a duty cycle below 1.0 a HIGH reading is the experiment working, not a cell to drop.",0.25,311.477,0.2498996979438494,5,125.10226759724175,burst,8.335616111755371,8.339648246765137,True,1710 1710 1710 1710 1710 1710 1710 1710 1710 1710 1710 1710 1710 1710 1710,False,3726.208637518389,"measured on this device: NVIDIA GH200 480GB (measured), 3726.2 GB/s (triad pattern)",13.0,580.105.08,True,1,684a9e9880f158b02ef3305c67bc5787aa9485d9,NVIDIA GH200 480GB,192-222-58-207,"scripts/clock_elasticity.py: bursts of N back-to-back fused_experts calls under one pinned tile, each call L2-flushed and bracketed by its own pre-primed event pair, the FIRST call of every burst discarded as a drained-queue launch, a host-side idle gap after each burst setting the sustained duty cycle, and the SM clock, board power and memory clock read through NVML with the burst still in flight; NOT timing.TIMING_BASIS | duty 0.25 | each idle gap sized from its own burst (gap_basis burst)",,iters=supplied as None; sglang=package not installed,1,3.12.14,173.5850634662988,"measured on this device: NVIDIA GH200 480GB (measured), 646.8 TFLOP/s bf16 over 3726.2 GB/s (triad pattern); calibrated 2026-09-28 at 684a9e98",,200.0,2.13.0,3.7.1,2026-09-28T23:09:09+00:00,0.27.1,300.0
native,4,32,8,256,2048,1,64,5.645263910293579,5.631040096282959,0.02082058036276448,30,3,319.54271936416626,"scripts/clock_elasticity.py: bursts of N back-to-back fused_experts calls under one pinned tile, each call L2-flushed and bracketed by its own pre-primed event pair, the FIRST call of every burst discarded as a drained-queue launch, a host-side idle gap after each burst setting the sustained duty cycle, and the SM clock, board power and memory clock read through NVML with the burst still in flight; NOT timing.TIMING_BASIS",1710.0,False,high,True,True,ok,"LEVEL HIGH (recorded, never an exclusion here): loaded clock 1710 MHz against the 1425 MHz reference. At a duty cycle below 1.0 a HIGH reading is the experiment working, not a cell to drop.",0.25,302.376,0.24989575632747318,7,118.55780228936055,burst,5.643775939941406,5.64793586730957,True,1710 1710 1710 1710 1710 1710 1710 1710 1710 1710 1710 1710 1710 1710 1710,False,3726.208637518389,"measured on this device: NVIDIA GH200 480GB (measured), 3726.2 GB/s (triad pattern)",13.0,580.105.08,True,1,684a9e9880f158b02ef3305c67bc5787aa9485d9,NVIDIA GH200 480GB,192-222-58-207,"scripts/clock_elasticity.py: bursts of N back-to-back fused_experts calls under one pinned tile, each call L2-flushed and bracketed by its own pre-primed event pair, the FIRST call of every burst discarded as a drained-queue launch, a host-side idle gap after each burst setting the sustained duty cycle, and the SM clock, board power and memory clock read through NVML with the burst still in flight; NOT timing.TIMING_BASIS | duty 0.25 | each idle gap sized from its own burst (gap_basis burst)",,iters=supplied as None; sglang=package not installed,1,3.12.14,173.5850634662988,"measured on this device: NVIDIA GH200 480GB (measured), 646.8 TFLOP/s bf16 over 3726.2 GB/s (triad pattern); calibrated 2026-09-28 at 684a9e98",,200.0,2.13.0,3.7.1,2026-09-28T23:09:09+00:00,0.27.1,300.0
shared,4,32,9,288,2304,1,576,6.406688213348389,6.380832195281982,0.03484500812896462,25,3,312.7064962387085,"scripts/clock_elasticity.py: bursts of N back-to-back fused_experts calls under one pinned tile, each call L2-flushed and bracketed by its own pre-primed event pair, the FIRST call of every burst discarded as a drained-queue launch, a host-side idle gap after each burst setting the sustained duty cycle, and the SM clock, board power and memory clock read through NVML with the burst still in flight; NOT timing.TIMING_BASIS",1710.0,False,high,True,True,ok,"LEVEL HIGH (recorded, never an exclusion here): loaded clock 1710 MHz against the 1425 MHz reference. At a duty cycle below 1.0 a HIGH reading is the experiment working, not a cell to drop.",0.25,317.725,0.24989773544134644,6,115.3938136801007,burst,6.409408092498779,6.407167911529541,True,1710 1710 1710 1710 1710 1710 1710 1710 1710 1710 1710 1710 1710 1635 1710,False,3726.208637518389,"measured on this device: NVIDIA GH200 480GB (measured), 3726.2 GB/s (triad pattern)",13.0,580.105.08,True,1,684a9e9880f158b02ef3305c67bc5787aa9485d9,NVIDIA GH200 480GB,192-222-58-207,"scripts/clock_elasticity.py: bursts of N back-to-back fused_experts calls under one pinned tile, each call L2-flushed and bracketed by its own pre-primed event pair, the FIRST call of every burst discarded as a drained-queue launch, a host-side idle gap after each burst setting the sustained duty cycle, and the SM clock, board power and memory clock read through NVML with the burst still in flight; NOT timing.TIMING_BASIS | duty 0.25 | each idle gap sized from its own burst (gap_basis burst)",,iters=supplied as None; sglang=package not installed,1,3.12.14,173.5850634662988,"measured on this device: NVIDIA GH200 480GB (measured), 646.8 TFLOP/s bf16 over 3726.2 GB/s (triad pattern); calibrated 2026-09-28 at 684a9e98",,200.0,2.13.0,3.7.1,2026-09-28T23:09:09+00:00,0.27.1,300.0
private,4,32,9,288,2304,9,576,9.37673568725586,9.372480392456055,0.002111177083332259,15,3,301.7215690612793,"scripts/clock_elasticity.py: bursts of N back-to-back fused_experts calls under one pinned tile, each call L2-flushed and bracketed by its own pre-primed event pair, the FIRST call of every burst discarded as a drained-queue launch, a host-side idle gap after each burst setting the sustained duty cycle, and the SM clock, board power and memory clock read through NVML with the burst still in flight; NOT timing.TIMING_BASIS",1710.0,False,high,False,True,ok,"LEVEL HIGH (recorded, never an exclusion here): loaded clock 1710 MHz against the 1425 MHz reference. At a duty cycle below 1.0 a HIGH reading is the experiment working, not a cell to drop.; DRIFT failed, dropping: 1710 -> 1590 MHz over 15 bursts; this cell is EXCLUDED",0.25,320.62,0.24989015125874164,4,112.70178874956763,burst,,,,1710 1710 1710 1710 1710 1710 1665 1710 1575 1710 1575 1710 1575 1710 1590,False,3726.208637518389,"measured on this device: NVIDIA GH200 480GB (measured), 3726.2 GB/s (triad pattern)",13.0,580.105.08,True,1,684a9e9880f158b02ef3305c67bc5787aa9485d9,NVIDIA GH200 480GB,192-222-58-207,"scripts/clock_elasticity.py: bursts of N back-to-back fused_experts calls under one pinned tile, each call L2-flushed and bracketed by its own pre-primed event pair, the FIRST call of every burst discarded as a drained-queue launch, a host-side idle gap after each burst setting the sustained duty cycle, and the SM clock, board power and memory clock read through NVML with the burst still in flight; NOT timing.TIMING_BASIS | duty 0.25 | each idle gap sized from its own burst (gap_basis burst)",,iters=supplied as None; sglang=package not installed,1,3.12.14,173.5850634662988,"measured on this device: NVIDIA GH200 480GB (measured), 646.8 TFLOP/s bf16 over 3726.2 GB/s (triad pattern); calibrated 2026-09-28 at 684a9e98",,200.0,2.13.0,3.7.1,2026-09-28T23:09:09+00:00,0.27.1,300.0
native,4,32,9,288,2304,1,64,6.3455681800842285,6.333888053894043,0.032620391112207596,25,3,309.498496055603,"scripts/clock_elasticity.py: bursts of N back-to-back fused_experts calls under one pinned tile, each call L2-flushed and bracketed by its own pre-primed event pair, the FIRST call of every burst discarded as a drained-queue launch, a host-side idle gap after each burst setting the sustained duty cycle, and the SM clock, board power and memory clock read through NVML with the burst still in flight; NOT timing.TIMING_BASIS",1710.0,False,high,True,True,ok,"LEVEL HIGH (recorded, never an exclusion here): loaded clock 1710 MHz against the 1425 MHz reference. At a duty cycle below 1.0 a HIGH reading is the experiment working, not a cell to drop.",0.25,323.795,0.24989012384274098,6,114.28216602167959,burst,6.34281587600708,6.340991973876953,True,1710 1710 1710 1710 1710 1590 1710 1710 1710 1710 1710 1710 1710 1710 1710,False,3726.208637518389,"measured on this device: NVIDIA GH200 480GB (measured), 3726.2 GB/s (triad pattern)",13.0,580.105.08,True,1,684a9e9880f158b02ef3305c67bc5787aa9485d9,NVIDIA GH200 480GB,192-222-58-207,"scripts/clock_elasticity.py: bursts of N back-to-back fused_experts calls under one pinned tile, each call L2-flushed and bracketed by its own pre-primed event pair, the FIRST call of every burst discarded as a drained-queue launch, a host-side idle gap after each burst setting the sustained duty cycle, and the SM clock, board power and memory clock read through NVML with the burst still in flight; NOT timing.TIMING_BASIS | duty 0.25 | each idle gap sized from its own burst (gap_basis burst)",,iters=supplied as None; sglang=package not installed,1,3.12.14,173.5850634662988,"measured on this device: NVIDIA GH200 480GB (measured), 646.8 TFLOP/s bf16 over 3726.2 GB/s (triad pattern); calibrated 2026-09-28 at 684a9e98",,200.0,2.13.0,3.7.1,2026-09-28T23:09:09+00:00,0.27.1,300.0
private,5,32,9,288,2304,9,576,9.377056121826172,9.37168025970459,0.003590392332488148,15,3,791.3236446380615,"scripts/clock_elasticity.py: bursts of N back-to-back fused_experts calls under one pinned tile, each call L2-flushed and bracketed by its own pre-primed event pair, the FIRST call of every burst discarded as a drained-queue launch, a host-side idle gap after each burst setting the sustained duty cycle, and the SM clock, board power and memory clock read through NVML with the burst still in flight; NOT timing.TIMING_BASIS",1710.0,False,high,True,True,ok,"LEVEL HIGH (recorded, never an exclusion here): loaded clock 1710 MHz against the 1425 MHz reference. At a duty cycle below 1.0 a HIGH reading is the experiment working, not a cell to drop.",0.25,318.145,0.24988562352528398,4,112.69819948171062,burst,,,,1710 1710 1710 1710 1710 1710 1710 1710 1710 1710 1710 1710 1710 1710 1710,False,3726.208637518389,"measured on this device: NVIDIA GH200 480GB (measured), 3726.2 GB/s (triad pattern)",13.0,580.105.08,True,1,684a9e9880f158b02ef3305c67bc5787aa9485d9,NVIDIA GH200 480GB,192-222-58-207,"scripts/clock_elasticity.py: bursts of N back-to-back fused_experts calls under one pinned tile, each call L2-flushed and bracketed by its own pre-primed event pair, the FIRST call of every burst discarded as a drained-queue launch, a host-side idle gap after each burst setting the sustained duty cycle, and the SM clock, board power and memory clock read through NVML with the burst still in flight; NOT timing.TIMING_BASIS | duty 0.25 | each idle gap sized from its own burst (gap_basis burst)",,iters=supplied as None; sglang=package not installed,1,3.12.14,173.5850634662988,"measured on this device: NVIDIA GH200 480GB (measured), 646.8 TFLOP/s bf16 over 3726.2 GB/s (triad pattern); calibrated 2026-09-28 at 684a9e98",,200.0,2.13.0,3.7.1,2026-09-28T23:09:09+00:00,0.27.1,300.0
native,5,32,9,288,2304,1,64,6.354944229125977,6.334496021270752,0.04455310192576622,25,3,309.7324504852295,"scripts/clock_elasticity.py: bursts of N back-to-back fused_experts calls under one pinned tile, each call L2-flushed and bracketed by its own pre-primed event pair, the FIRST call of every burst discarded as a drained-queue launch, a host-side idle gap after each burst setting the sustained duty cycle, and the SM clock, board power and memory clock read through NVML with the burst still in flight; NOT timing.TIMING_BASIS",1710.0,False,high,False,True,ok,"LEVEL HIGH (recorded, never an exclusion here): loaded clock 1710 MHz against the 1425 MHz reference. At a duty cycle below 1.0 a HIGH reading is the experiment working, not a cell to drop.; DRIFT failed, settling upward: 1620 -> 1710 MHz over 15 bursts; this cell is EXCLUDED",0.25,321.345,0.2498866994865028,6,114.45295344596526,burst,6.356927871704102,6.357183933258057,True,1620 1710 1710 1710 1710 1710 1710 1710 1710 1710 1710 1710 1710 1710 1710,False,3726.208637518389,"measured on this device: NVIDIA GH200 480GB (measured), 3726.2 GB/s (triad pattern)",13.0,580.105.08,True,1,684a9e9880f158b02ef3305c67bc5787aa9485d9,NVIDIA GH200 480GB,192-222-58-207,"scripts/clock_elasticity.py: bursts of N back-to-back fused_experts calls under one pinned tile, each call L2-flushed and bracketed by its own pre-primed event pair, the FIRST call of every burst discarded as a drained-queue launch, a host-side idle gap after each burst setting the sustained duty cycle, and the SM clock, board power and memory clock read through NVML with the burst still in flight; NOT timing.TIMING_BASIS | duty 0.25 | each idle gap sized from its own burst (gap_basis burst)",,iters=supplied as None; sglang=package not installed,1,3.12.14,173.5850634662988,"measured on this device: NVIDIA GH200 480GB (measured), 646.8 TFLOP/s bf16 over 3726.2 GB/s (triad pattern); calibrated 2026-09-28 at 684a9e98",,200.0,2.13.0,3.7.1,2026-09-28T23:09:09+00:00,0.27.1,300.0
shared,5,32,9,288,2304,1,576,6.408576011657715,6.385056018829346,0.050204491877854654,25,3,313.0278401374817,"scripts/clock_elasticity.py: bursts of N back-to-back fused_experts calls under one pinned tile, each call L2-flushed and bracketed by its own pre-primed event pair, the FIRST call of every burst discarded as a drained-queue launch, a host-side idle gap after each burst setting the sustained duty cycle, and the SM clock, board power and memory clock read through NVML with the burst still in flight; NOT timing.TIMING_BASIS",1710.0,False,high,False,True,ok,"LEVEL HIGH (recorded, never an exclusion here): loaded clock 1710 MHz against the 1425 MHz reference. At a duty cycle below 1.0 a HIGH reading is the experiment working, not a cell to drop.; DRIFT failed, settling upward: 1620 -> 1710 MHz over 15 bursts; this cell is EXCLUDED",0.25,319.858,0.24989044583133405,6,115.55211553109257,burst,6.404799938201904,6.4390082359313965,True,1620 1710 1710 1710 1710 1710 1710 1710 1710 1590 1710 1710 1710 1710 1710,False,3726.208637518389,"measured on this device: NVIDIA GH200 480GB (measured), 3726.2 GB/s (triad pattern)",13.0,580.105.08,True,1,684a9e9880f158b02ef3305c67bc5787aa9485d9,NVIDIA GH200 480GB,192-222-58-207,"scripts/clock_elasticity.py: bursts of N back-to-back fused_experts calls under one pinned tile, each call L2-flushed and bracketed by its own pre-primed event pair, the FIRST call of every burst discarded as a drained-queue launch, a host-side idle gap after each burst setting the sustained duty cycle, and the SM clock, board power and memory clock read through NVML with the burst still in flight; NOT timing.TIMING_BASIS | duty 0.25 | each idle gap sized from its own burst (gap_basis burst)",,iters=supplied as None; sglang=package not installed,1,3.12.14,173.5850634662988,"measured on this device: NVIDIA GH200 480GB (measured), 646.8 TFLOP/s bf16 over 3726.2 GB/s (triad pattern); calibrated 2026-09-28 at 684a9e98",,200.0,2.13.0,3.7.1,2026-09-28T23:09:09+00:00,0.27.1,300.0
private,5,32,8,256,2048,8,576,8.336416244506836,8.329536437988281,0.002857706359322602,20,3,335.1165771484375,"scripts/clock_elasticity.py: bursts of N back-to-back fused_experts calls under one pinned tile, each call L2-flushed and bracketed by its own pre-primed event pair, the FIRST call of every burst discarded as a drained-queue launch, a host-side idle gap after each burst setting the sustained duty cycle, and the SM clock, board power and memory clock read through NVML with the burst still in flight; NOT timing.TIMING_BASIS",1710.0,False,high,True,True,ok,"LEVEL HIGH (recorded, never an exclusion here): loaded clock 1710 MHz against the 1425 MHz reference. At a duty cycle below 1.0 a HIGH reading is the experiment working, not a cell to drop.",0.25,312.299,0.24990050904932037,5,125.03788340913161,burst,8.336511611938477,8.336576461791992,True,1695 1710 1710 1695 1710 1710 1710 1710 1710 1710 1710 1710 1710 1710 1710,False,3726.208637518389,"measured on this device: NVIDIA GH200 480GB (measured), 3726.2 GB/s (triad pattern)",13.0,580.105.08,True,1,684a9e9880f158b02ef3305c67bc5787aa9485d9,NVIDIA GH200 480GB,192-222-58-207,"scripts/clock_elasticity.py: bursts of N back-to-back fused_experts calls under one pinned tile, each call L2-flushed and bracketed by its own pre-primed event pair, the FIRST call of every burst discarded as a drained-queue launch, a host-side idle gap after each burst setting the sustained duty cycle, and the SM clock, board power and memory clock read through NVML with the burst still in flight; NOT timing.TIMING_BASIS | duty 0.25 | each idle gap sized from its own burst (gap_basis burst)",,iters=supplied as None; sglang=package not installed,1,3.12.14,173.5850634662988,"measured on this device: NVIDIA GH200 480GB (measured), 646.8 TFLOP/s bf16 over 3726.2 GB/s (triad pattern); calibrated 2026-09-28 at 684a9e98",,200.0,2.13.0,3.7.1,2026-09-28T23:09:09+00:00,0.27.1,300.0
native,5,32,8,256,2048,1,64,5.642528057098389,5.632063865661621,0.014425670392741344,30,3,320.2368326187134,"scripts/clock_elasticity.py: bursts of N back-to-back fused_experts calls under one pinned tile, each call L2-flushed and bracketed by its own pre-primed event pair, the FIRST call of every burst discarded as a drained-queue launch, a host-side idle gap after each burst setting the sustained duty cycle, and the SM clock, board power and memory clock read through NVML with the burst still in flight; NOT timing.TIMING_BASIS",1710.0,False,high,True,True,ok,"LEVEL HIGH (recorded, never an exclusion here): loaded clock 1710 MHz against the 1425 MHz reference. At a duty cycle below 1.0 a HIGH reading is the experiment working, not a cell to drop.",0.25,305.315,0.2498979015918428,7,118.4463781688537,burst,5.648255825042725,5.641088008880615,True,1710 1710 1710 1710 1710 1710 1710 1710 1710 1710 1710 1710 1710 1710 1710,False,3726.208637518389,"measured on this device: NVIDIA GH200 480GB (measured), 3726.2 GB/s (triad pattern)",13.0,580.105.08,True,1,684a9e9880f158b02ef3305c67bc5787aa9485d9,NVIDIA GH200 480GB,192-222-58-207,"scripts/clock_elasticity.py: bursts of N back-to-back fused_experts calls under one pinned tile, each call L2-flushed and bracketed by its own pre-primed event pair, the FIRST call of every burst discarded as a drained-queue launch, a host-side idle gap after each burst setting the sustained duty cycle, and the SM clock, board power and memory clock read through NVML with the burst still in flight; NOT timing.TIMING_BASIS | duty 0.25 | each idle gap sized from its own burst (gap_basis burst)",,iters=supplied as None; sglang=package not installed,1,3.12.14,173.5850634662988,"measured on this device: NVIDIA GH200 480GB (measured), 646.8 TFLOP/s bf16 over 3726.2 GB/s (triad pattern); calibrated 2026-09-28 at 684a9e98",,200.0,2.13.0,3.7.1,2026-09-28T23:09:09+00:00,0.27.1,300.0
shared,5,32,8,256,2048,1,576,5.700959920883179,5.679135799407959,0.028520042614527782,30,3,322.7762894630432,"scripts/clock_elasticity.py: bursts of N back-to-back fused_experts calls under one pinned tile, each call L2-flushed and bracketed by its own pre-primed event pair, the FIRST call of every burst discarded as a drained-queue launch, a host-side idle gap after each burst setting the sustained duty cycle, and the SM clock, board power and memory clock read through NVML with the burst still in flight; NOT timing.TIMING_BASIS",1710.0,False,high,True,True,ok,"LEVEL HIGH (recorded, never an exclusion here): loaded clock 1710 MHz against the 1425 MHz reference. At a duty cycle below 1.0 a HIGH reading is the experiment working, not a cell to drop.",0.25,301.992,0.24989278752181576,7,119.69808782384645,burst,5.70684814453125,5.735712051391602,True,1710 1710 1710 1710 1710 1710 1710 1710 1710 1710 1710 1710 1710 1710 1710,False,3726.208637518389,"measured on this device: NVIDIA GH200 480GB (measured), 3726.2 GB/s (triad pattern)",13.0,580.105.08,True,1,684a9e9880f158b02ef3305c67bc5787aa9485d9,NVIDIA GH200 480GB,192-222-58-207,"scripts/clock_elasticity.py: bursts of N back-to-back fused_experts calls under one pinned tile, each call L2-flushed and bracketed by its own pre-primed event pair, the FIRST call of every burst discarded as a drained-queue launch, a host-side idle gap after each burst setting the sustained duty cycle, and the SM clock, board power and memory clock read through NVML with the burst still in flight; NOT timing.TIMING_BASIS | duty 0.25 | each idle gap sized from its own burst (gap_basis burst)",,iters=supplied as None; sglang=package not installed,1,3.12.14,173.5850634662988,"measured on this device: NVIDIA GH200 480GB (measured), 646.8 TFLOP/s bf16 over 3726.2 GB/s (triad pattern); calibrated 2026-09-28 at 684a9e98",,200.0,2.13.0,3.7.1,2026-09-28T23:09:09+00:00,0.27.1,300.0
private,5,32,7,224,1792,7,576,7.284991979598999,7.280288219451904,0.0028563755000570183,20,3,439.51606369018555,"scripts/clock_elasticity.py: bursts of N back-to-back fused_experts calls under one pinned tile, each call L2-flushed and bracketed by its own pre-primed event pair, the FIRST call of every burst discarded as a drained-queue launch, a host-side idle gap after each burst setting the sustained duty cycle, and the SM clock, board power and memory clock read through NVML with the burst still in flight; NOT timing.TIMING_BASIS",1710.0,False,high,True,True,ok,"LEVEL HIGH (recorded, never an exclusion here): loaded clock 1710 MHz against the 1425 MHz reference. At a duty cycle below 1.0 a HIGH reading is the experiment working, not a cell to drop.",0.25,316.164,0.24988965024726345,5,109.25533224664832,burst,7.285120010375977,7.284927845001221,True,1710 1710 1710 1710 1710 1710 1710 1710 1620 1710 1575 1710 1710 1710 1710,False,3726.208637518389,"measured on this device: NVIDIA GH200 480GB (measured), 3726.2 GB/s (triad pattern)",13.0,580.105.08,True,1,684a9e9880f158b02ef3305c67bc5787aa9485d9,NVIDIA GH200 480GB,192-222-58-207,"scripts/clock_elasticity.py: bursts of N back-to-back fused_experts calls under one pinned tile, each call L2-flushed and bracketed by its own pre-primed event pair, the FIRST call of every burst discarded as a drained-queue launch, a host-side idle gap after each burst setting the sustained duty cycle, and the SM clock, board power and memory clock read through NVML with the burst still in flight; NOT timing.TIMING_BASIS | duty 0.25 | each idle gap sized from its own burst (gap_basis burst)",,iters=supplied as None; sglang=package not installed,1,3.12.14,173.5850634662988,"measured on this device: NVIDIA GH200 480GB (measured), 646.8 TFLOP/s bf16 over 3726.2 GB/s (triad pattern); calibrated 2026-09-28 at 684a9e98",,200.0,2.13.0,3.7.1,2026-09-28T23:09:09+00:00,0.27.1,300.0
native,5,32,7,224,1792,1,64,4.95412802696228,4.935808181762695,0.028856188786672093,30,3,386.61648178100586,"scripts/clock_elasticity.py: bursts of N back-to-back fused_experts calls under one pinned tile, each call L2-flushed and bracketed by its own pre-primed event pair, the FIRST call of every burst discarded as a drained-queue launch, a host-side idle gap after each burst setting the sustained duty cycle, and the SM clock, board power and memory clock read through NVML with the burst still in flight; NOT timing.TIMING_BASIS",1710.0,False,high,True,True,ok,"LEVEL HIGH (recorded, never an exclusion here): loaded clock 1710 MHz against the 1425 MHz reference. At a duty cycle below 1.0 a HIGH reading is the experiment working, not a cell to drop.",0.25,320.496,0.24988157691485713,7,104.1352467839024,burst,4.961088180541992,4.981184005737305,True,1710 1710 1710 1710 1710 1695 1710 1710 1710 1710 1680 1710 1710 1710 1710,False,3726.208637518389,"measured on this device: NVIDIA GH200 480GB (measured), 3726.2 GB/s (triad pattern)",13.0,580.105.08,True,1,684a9e9880f158b02ef3305c67bc5787aa9485d9,NVIDIA GH200 480GB,192-222-58-207,"scripts/clock_elasticity.py: bursts of N back-to-back fused_experts calls under one pinned tile, each call L2-flushed and bracketed by its own pre-primed event pair, the FIRST call of every burst discarded as a drained-queue launch, a host-side idle gap after each burst setting the sustained duty cycle, and the SM clock, board power and memory clock read through NVML with the burst still in flight; NOT timing.TIMING_BASIS | duty 0.25 | each idle gap sized from its own burst (gap_basis burst)",,iters=supplied as None; sglang=package not installed,1,3.12.14,173.5850634662988,"measured on this device: NVIDIA GH200 480GB (measured), 646.8 TFLOP/s bf16 over 3726.2 GB/s (triad pattern); calibrated 2026-09-28 at 684a9e98",,200.0,2.13.0,3.7.1,2026-09-28T23:09:09+00:00,0.27.1,300.0
shared,5,32,7,224,1792,1,576,5.0029120445251465,4.982880115509033,0.030584675197475455,30,3,319.4016342163086,"scripts/clock_elasticity.py: bursts of N back-to-back fused_experts calls under one pinned tile, each call L2-flushed and bracketed by its own pre-primed event pair, the FIRST call of every burst discarded as a drained-queue launch, a host-side idle gap after each burst setting the sustained duty cycle, and the SM clock, board power and memory clock read through NVML with the burst still in flight; NOT timing.TIMING_BASIS",1710.0,False,high,True,True,ok,"LEVEL HIGH (recorded, never an exclusion here): loaded clock 1710 MHz against the 1425 MHz reference. At a duty cycle below 1.0 a HIGH reading is the experiment working, not a cell to drop.",0.25,314.804,0.2498848978457352,7,105.03835177092697,burst,5.005280017852783,5.009952068328857,True,1710 1710 1605 1710 1710 1710 1710 1620 1710 1710 1710 1710 1665 1710 1710,False,3726.208637518389,"measured on this device: NVIDIA GH200 480GB (measured), 3726.2 GB/s (triad pattern)",13.0,580.105.08,True,1,684a9e9880f158b02ef3305c67bc5787aa9485d9,NVIDIA GH200 480GB,192-222-58-207,"scripts/clock_elasticity.py: bursts of N back-to-back fused_experts calls under one pinned tile, each call L2-flushed and bracketed by its own pre-primed event pair, the FIRST call of every burst discarded as a drained-queue launch, a host-side idle gap after each burst setting the sustained duty cycle, and the SM clock, board power and memory clock read through NVML with the burst still in flight; NOT timing.TIMING_BASIS | duty 0.25 | each idle gap sized from its own burst (gap_basis burst)",,iters=supplied as None; sglang=package not installed,1,3.12.14,173.5850634662988,"measured on this device: NVIDIA GH200 480GB (measured), 646.8 TFLOP/s bf16 over 3726.2 GB/s (triad pattern); calibrated 2026-09-28 at 684a9e98",,200.0,2.13.0,3.7.1,2026-09-28T23:09:09+00:00,0.27.1,300.0
private,5,32,6,192,1536,6,576,6.25324821472168,6.248544216156006,0.00256012942488664,25,3,301.6175036430359,"scripts/clock_elasticity.py: bursts of N back-to-back fused_experts calls under one pinned tile, each call L2-flushed and bracketed by its own pre-primed event pair, the FIRST call of every burst discarded as a drained-queue launch, a host-side idle gap after each burst setting the sustained duty cycle, and the SM clock, board power and memory clock read through NVML with the burst still in flight; NOT timing.TIMING_BASIS",1710.0,False,high,True,True,ok,"LEVEL HIGH (recorded, never an exclusion here): loaded clock 1710 MHz against the 1425 MHz reference. At a duty cycle below 1.0 a HIGH reading is the experiment working, not a cell to drop.",0.25,314.336,0.24989069285609586,6,112.46498802532007,burst,6.25324821472168,6.254335880279541,True,1710 1710 1710 1710 1710 1710 1710 1695 1710 1695 1710 1695 1710 1710 1710,False,3726.208637518389,"measured on this device: NVIDIA GH200 480GB (measured), 3726.2 GB/s (triad pattern)",13.0,580.105.08,True,1,684a9e9880f158b02ef3305c67bc5787aa9485d9,NVIDIA GH200 480GB,192-222-58-207,"scripts/clock_elasticity.py: bursts of N back-to-back fused_experts calls under one pinned tile, each call L2-flushed and bracketed by its own pre-primed event pair, the FIRST call of every burst discarded as a drained-queue launch, a host-side idle gap after each burst setting the sustained duty cycle, and the SM clock, board power and memory clock read through NVML with the burst still in flight; NOT timing.TIMING_BASIS | duty 0.25 | each idle gap sized from its own burst (gap_basis burst)",,iters=supplied as None; sglang=package not installed,1,3.12.14,173.5850634662988,"measured on this device: NVIDIA GH200 480GB (measured), 646.8 TFLOP/s bf16 over 3726.2 GB/s (triad pattern); calibrated 2026-09-28 at 684a9e98",,200.0,2.13.0,3.7.1,2026-09-28T23:09:09+00:00,0.27.1,300.0
native,5,32,6,192,1536,1,64,4.24620795249939,4.234335899353027,0.036100446044273544,40,3,310.71151971817017,"scripts/clock_elasticity.py: bursts of N back-to-back fused_experts calls under one pinned tile, each call L2-flushed and bracketed by its own pre-primed event pair, the FIRST call of every burst discarded as a drained-queue launch, a host-side idle gap after each burst setting the sustained duty cycle, and the SM clock, board power and memory clock read through NVML with the burst still in flight; NOT timing.TIMING_BASIS",1710.0,False,high,False,True,ok,"LEVEL HIGH (recorded, never an exclusion here): loaded clock 1710 MHz against the 1425 MHz reference. At a duty cycle below 1.0 a HIGH reading is the experiment working, not a cell to drop.; DRIFT failed, dropping: 1710 -> 1605 MHz over 15 bursts; this cell is EXCLUDED",0.25,326.413,0.24989430304181307,9,114.58239025845978,burst,4.247983932495117,4.247856140136719,True,1710 1605 1710 1710 1710 1710 1710 1710 1710 1710 1710 1710 1605 1710 1605,False,3726.208637518389,"measured on this device: NVIDIA GH200 480GB (measured), 3726.2 GB/s (triad pattern)",13.0,580.105.08,True,1,684a9e9880f158b02ef3305c67bc5787aa9485d9,NVIDIA GH200 480GB,192-222-58-207,"scripts/clock_elasticity.py: bursts of N back-to-back fused_experts calls under one pinned tile, each call L2-flushed and bracketed by its own pre-primed event pair, the FIRST call of every burst discarded as a drained-queue launch, a host-side idle gap after each burst setting the sustained duty cycle, and the SM clock, board power and memory clock read through NVML with the burst still in flight; NOT timing.TIMING_BASIS | duty 0.25 | each idle gap sized from its own burst (gap_basis burst)",,iters=supplied as None; sglang=package not installed,1,3.12.14,173.5850634662988,"measured on this device: NVIDIA GH200 480GB (measured), 646.8 TFLOP/s bf16 over 3726.2 GB/s (triad pattern); calibrated 2026-09-28 at 684a9e98",,200.0,2.13.0,3.7.1,2026-09-28T23:09:09+00:00,0.27.1,300.0
shared,5,32,6,192,1536,1,576,4.2990241050720215,4.28495979309082,0.023384992495995335,40,3,315.1112947463989,"scripts/clock_elasticity.py: bursts of N back-to-back fused_experts calls under one pinned tile, each call L2-flushed and bracketed by its own pre-primed event pair, the FIRST call of every burst discarded as a drained-queue launch, a host-side idle gap after each burst setting the sustained duty cycle, and the SM clock, board power and memory clock read through NVML with the burst still in flight; NOT timing.TIMING_BASIS",1710.0,False,high,True,True,ok,"LEVEL HIGH (recorded, never an exclusion here): loaded clock 1710 MHz against the 1425 MHz reference. At a duty cycle below 1.0 a HIGH reading is the experiment working, not a cell to drop.",0.25,319.299,0.249892984408521,9,115.94359980856825,burst,4.2979841232299805,4.3213279247283936,True,1710 1710 1710 1710 1710 1710 1605 1710 1710 1710 1710 1710 1710 1710 1710,False,3726.208637518389,"measured on this device: NVIDIA GH200 480GB (measured), 3726.2 GB/s (triad pattern)",13.0,580.105.08,True,1,684a9e9880f158b02ef3305c67bc5787aa9485d9,NVIDIA GH200 480GB,192-222-58-207,"scripts/clock_elasticity.py: bursts of N back-to-back fused_experts calls under one pinned tile, each call L2-flushed and bracketed by its own pre-primed event pair, the FIRST call of every burst discarded as a drained-queue launch, a host-side idle gap after each burst setting the sustained duty cycle, and the SM clock, board power and memory clock read through NVML with the burst still in flight; NOT timing.TIMING_BASIS | duty 0.25 | each idle gap sized from its own burst (gap_basis burst)",,iters=supplied as None; sglang=package not installed,1,3.12.14,173.5850634662988,"measured on this device: NVIDIA GH200 480GB (measured), 646.8 TFLOP/s bf16 over 3726.2 GB/s (triad pattern); calibrated 2026-09-28 at 684a9e98",,200.0,2.13.0,3.7.1,2026-09-28T23:09:09+00:00,0.27.1,300.0
private,5,32,5,160,1280,5,576,5.221536159515381,5.217023849487305,0.0028064490087285586,35,3,335.6816325187683,"scripts/clock_elasticity.py: bursts of N back-to-back fused_experts calls under one pinned tile, each call L2-flushed and bracketed by its own pre-primed event pair, the FIRST call of every burst discarded as a drained-queue launch, a host-side idle gap after each burst setting the sustained duty cycle, and the SM clock, board power and memory clock read through NVML with the burst still in flight; NOT timing.TIMING_BASIS",1710.0,False,high,True,True,ok,"LEVEL HIGH (recorded, never an exclusion here): loaded clock 1710 MHz against the 1425 MHz reference. At a duty cycle below 1.0 a HIGH reading is the experiment working, not a cell to drop.",0.25,311.724,0.2498973069122678,8,125.08095671675254,burst,5.219808101654053,5.222655773162842,True,1710 1695 1710 1710 1710 1710 1710 1710 1710 1710 1710 1710 1710 1710 1710,False,3726.208637518389,"measured on this device: NVIDIA GH200 480GB (measured), 3726.2 GB/s (triad pattern)",13.0,580.105.08,True,1,684a9e9880f158b02ef3305c67bc5787aa9485d9,NVIDIA GH200 480GB,192-222-58-207,"scripts/clock_elasticity.py: bursts of N back-to-back fused_experts calls under one pinned tile, each call L2-flushed and bracketed by its own pre-primed event pair, the FIRST call of every burst discarded as a drained-queue launch, a host-side idle gap after each burst setting the sustained duty cycle, and the SM clock, board power and memory clock read through NVML with the burst still in flight; NOT timing.TIMING_BASIS | duty 0.25 | each idle gap sized from its own burst (gap_basis burst)",,iters=supplied as None; sglang=package not installed,1,3.12.14,173.5850634662988,"measured on this device: NVIDIA GH200 480GB (measured), 646.8 TFLOP/s bf16 over 3726.2 GB/s (triad pattern); calibrated 2026-09-28 at 684a9e98",,200.0,2.13.0,3.7.1,2026-09-28T23:09:09+00:00,0.27.1,300.0
native,5,32,5,160,1280,1,64,3.551071882247925,3.5382080078125,0.03274791762231259,45,3,325.69753551483154,"scripts/clock_elasticity.py: bursts of N back-to-back fused_experts calls under one pinned tile, each call L2-flushed and bracketed by its own pre-primed event pair, the FIRST call of every burst discarded as a drained-queue launch, a host-side idle gap after each burst setting the sustained duty cycle, and the SM clock, board power and memory clock read through NVML with the burst still in flight; NOT timing.TIMING_BASIS",1710.0,False,high,True,True,ok,"LEVEL HIGH (recorded, never an exclusion here): loaded clock 1710 MHz against the 1425 MHz reference. At a duty cycle below 1.0 a HIGH reading is the experiment working, not a cell to drop.",0.25,321.986,0.24987903526464497,10,106.51034383427759,burst,3.5532959699630737,3.557455897331238,True,1710 1650 1710 1545 1710 1710 1710 1710 1710 1710 1575 1710 1710 1710 1710,False,3726.208637518389,"measured on this device: NVIDIA GH200 480GB (measured), 3726.2 GB/s (triad pattern)",13.0,580.105.08,True,1,684a9e9880f158b02ef3305c67bc5787aa9485d9,NVIDIA GH200 480GB,192-222-58-207,"scripts/clock_elasticity.py: bursts of N back-to-back fused_experts calls under one pinned tile, each call L2-flushed and bracketed by its own pre-primed event pair, the FIRST call of every burst discarded as a drained-queue launch, a host-side idle gap after each burst setting the sustained duty cycle, and the SM clock, board power and memory clock read through NVML with the burst still in flight; NOT timing.TIMING_BASIS | duty 0.25 | each idle gap sized from its own burst (gap_basis burst)",,iters=supplied as None; sglang=package not installed,1,3.12.14,173.5850634662988,"measured on this device: NVIDIA GH200 480GB (measured), 646.8 TFLOP/s bf16 over 3726.2 GB/s (triad pattern); calibrated 2026-09-28 at 684a9e98",,200.0,2.13.0,3.7.1,2026-09-28T23:09:09+00:00,0.27.1,300.0
shared,5,32,5,160,1280,1,576,3.6034560203552246,3.585983991622925,0.031247449218746993,45,3,331.0480623245239,"scripts/clock_elasticity.py: bursts of N back-to-back fused_experts calls under one pinned tile, each call L2-flushed and bracketed by its own pre-primed event pair, the FIRST call of every burst discarded as a drained-queue launch, a host-side idle gap after each burst setting the sustained duty cycle, and the SM clock, board power and memory clock read through NVML with the burst still in flight; NOT timing.TIMING_BASIS",1710.0,False,high,True,True,ok,"LEVEL HIGH (recorded, never an exclusion here): loaded clock 1710 MHz against the 1425 MHz reference. At a duty cycle below 1.0 a HIGH reading is the experiment working, not a cell to drop.",0.25,318.367,0.24988716710243916,10,108.00278704764061,burst,3.604912042617798,3.6088799238204956,True,1710 1605 1710 1590 1710 1620 1710 1710 1710 1710 1710 1710 1605 1710 1635,False,3726.208637518389,"measured on this device: NVIDIA GH200 480GB (measured), 3726.2 GB/s (triad pattern)",13.0,580.105.08,True,1,684a9e9880f158b02ef3305c67bc5787aa9485d9,NVIDIA GH200 480GB,192-222-58-207,"scripts/clock_elasticity.py: bursts of N back-to-back fused_experts calls under one pinned tile, each call L2-flushed and bracketed by its own pre-primed event pair, the FIRST call of every burst discarded as a drained-queue launch, a host-side idle gap after each burst setting the sustained duty cycle, and the SM clock, board power and memory clock read through NVML with the burst still in flight; NOT timing.TIMING_BASIS | duty 0.25 | each idle gap sized from its own burst (gap_basis burst)",,iters=supplied as None; sglang=package not installed,1,3.12.14,173.5850634662988,"measured on this device: NVIDIA GH200 480GB (measured), 646.8 TFLOP/s bf16 over 3726.2 GB/s (triad pattern); calibrated 2026-09-28 at 684a9e98",,200.0,2.13.0,3.7.1,2026-09-28T23:09:09+00:00,0.27.1,300.0
private,5,32,4,128,1024,4,576,4.18721604347229,4.183551788330078,0.0022211624827516785,40,3,568.4043831825256,"scripts/clock_elasticity.py: bursts of N back-to-back fused_experts calls under one pinned tile, each call L2-flushed and bracketed by its own pre-primed event pair, the FIRST call of every burst discarded as a drained-queue launch, a host-side idle gap after each burst setting the sustained duty cycle, and the SM clock, board power and memory clock read through NVML with the burst still in flight; NOT timing.TIMING_BASIS",1710.0,False,high,True,True,ok,"LEVEL HIGH (recorded, never an exclusion here): loaded clock 1710 MHz against the 1425 MHz reference. At a duty cycle below 1.0 a HIGH reading is the experiment working, not a cell to drop.",0.25,318.375,0.24988914262825515,9,112.78210681810013,burst,4.187968015670776,4.187328100204468,True,1710 1710 1710 1710 1710 1710 1710 1710 1710 1710 1710 1710 1710 1710 1710,False,3726.208637518389,"measured on this device: NVIDIA GH200 480GB (measured), 3726.2 GB/s (triad pattern)",13.0,580.105.08,True,1,684a9e9880f158b02ef3305c67bc5787aa9485d9,NVIDIA GH200 480GB,192-222-58-207,"scripts/clock_elasticity.py: bursts of N back-to-back fused_experts calls under one pinned tile, each call L2-flushed and bracketed by its own pre-primed event pair, the FIRST call of every burst discarded as a drained-queue launch, a host-side idle gap after each burst setting the sustained duty cycle, and the SM clock, board power and memory clock read through NVML with the burst still in flight; NOT timing.TIMING_BASIS | duty 0.25 | each idle gap sized from its own burst (gap_basis burst)",,iters=supplied as None; sglang=package not installed,1,3.12.14,173.5850634662988,"measured on this device: NVIDIA GH200 480GB (measured), 646.8 TFLOP/s bf16 over 3726.2 GB/s (triad pattern); calibrated 2026-09-28 at 684a9e98",,200.0,2.13.0,3.7.1,2026-09-28T23:09:09+00:00,0.27.1,300.0
native,5,32,4,128,1024,1,64,2.8438719511032104,2.8352320194244385,0.01331062348261736,60,3,448.5268483161926,"scripts/clock_elasticity.py: bursts of N back-to-back fused_experts calls under one pinned tile, each call L2-flushed and bracketed by its own pre-primed event pair, the FIRST call of every burst discarded as a drained-queue launch, a host-side idle gap after each burst setting the sustained duty cycle, and the SM clock, board power and memory clock read through NVML with the burst still in flight; NOT timing.TIMING_BASIS",1710.0,False,high,True,True,ok,"LEVEL HIGH (recorded, never an exclusion here): loaded clock 1710 MHz against the 1425 MHz reference. At a duty cycle below 1.0 a HIGH reading is the experiment working, not a cell to drop.",0.25,319.576,0.24988788965583725,13,110.41157832074533,burst,2.8463680744171143,2.8433279991149902,True,1710 1710 1710 1710 1710 1710 1710 1650 1710 1710 1710 1710 1710 1710 1710,False,3726.208637518389,"measured on this device: NVIDIA GH200 480GB (measured), 3726.2 GB/s (triad pattern)",13.0,580.105.08,True,1,684a9e9880f158b02ef3305c67bc5787aa9485d9,NVIDIA GH200 480GB,192-222-58-207,"scripts/clock_elasticity.py: bursts of N back-to-back fused_experts calls under one pinned tile, each call L2-flushed and bracketed by its own pre-primed event pair, the FIRST call of every burst discarded as a drained-queue launch, a host-side idle gap after each burst setting the sustained duty cycle, and the SM clock, board power and memory clock read through NVML with the burst still in flight; NOT timing.TIMING_BASIS | duty 0.25 | each idle gap sized from its own burst (gap_basis burst)",,iters=supplied as None; sglang=package not installed,1,3.12.14,173.5850634662988,"measured on this device: NVIDIA GH200 480GB (measured), 646.8 TFLOP/s bf16 over 3726.2 GB/s (triad pattern); calibrated 2026-09-28 at 684a9e98",,200.0,2.13.0,3.7.1,2026-09-28T23:09:09+00:00,0.27.1,300.0
shared,5,32,4,128,1024,1,576,2.8925280570983887,2.882175922393799,0.015575944963542648,60,3,342.6948492527008,"scripts/clock_elasticity.py: bursts of N back-to-back fused_experts calls under one pinned tile, each call L2-flushed and bracketed by its own pre-primed event pair, the FIRST call of every burst discarded as a drained-queue launch, a host-side idle gap after each burst setting the sustained duty cycle, and the SM clock, board power and memory clock read through NVML with the burst still in flight; NOT timing.TIMING_BASIS",1710.0,False,high,True,True,ok,"LEVEL HIGH (recorded, never an exclusion here): loaded clock 1710 MHz against the 1425 MHz reference. At a duty cycle below 1.0 a HIGH reading is the experiment working, not a cell to drop.",0.25,317.318,0.24989431455303834,13,112.43906328571029,burst,2.8925440311431885,2.8942720890045166,True,1710 1650 1710 1710 1710 1710 1710 1710 1710 1710 1710 1710 1710 1710 1710,False,3726.208637518389,"measured on this device: NVIDIA GH200 480GB (measured), 3726.2 GB/s (triad pattern)",13.0,580.105.08,True,1,684a9e9880f158b02ef3305c67bc5787aa9485d9,NVIDIA GH200 480GB,192-222-58-207,"scripts/clock_elasticity.py: bursts of N back-to-back fused_experts calls under one pinned tile, each call L2-flushed and bracketed by its own pre-primed event pair, the FIRST call of every burst discarded as a drained-queue launch, a host-side idle gap after each burst setting the sustained duty cycle, and the SM clock, board power and memory clock read through NVML with the burst still in flight; NOT timing.TIMING_BASIS | duty 0.25 | each idle gap sized from its own burst (gap_basis burst)",,iters=supplied as None; sglang=package not installed,1,3.12.14,173.5850634662988,"measured on this device: NVIDIA GH200 480GB (measured), 646.8 TFLOP/s bf16 over 3726.2 GB/s (triad pattern); calibrated 2026-09-28 at 684a9e98",,200.0,2.13.0,3.7.1,2026-09-28T23:09:09+00:00,0.27.1,300.0
private,5,32,3,96,768,3,576,3.1531039476394653,3.1485440731048584,0.00237706621779965,60,3,329.9221441745758,"scripts/clock_elasticity.py: bursts of N back-to-back fused_experts calls under one pinned tile, each call L2-flushed and bracketed by its own pre-primed event pair, the FIRST call of every burst discarded as a drained-queue launch, a host-side idle gap after each burst setting the sustained duty cycle, and the SM clock, board power and memory clock read through NVML with the burst still in flight; NOT timing.TIMING_BASIS",1710.0,False,high,True,True,ok,"LEVEL HIGH (recorded, never an exclusion here): loaded clock 1710 MHz against the 1425 MHz reference. At a duty cycle below 1.0 a HIGH reading is the experiment working, not a cell to drop.",0.25,309.626,0.24989612858322047,13,122.5524130970807,burst,3.1530559062957764,3.1536319255828857,True,1710 1710 1710 1710 1710 1605 1710 1710 1695 1710 1710 1710 1710 1710 1710,False,3726.208637518389,"measured on this device: NVIDIA GH200 480GB (measured), 3726.2 GB/s (triad pattern)",13.0,580.105.08,True,1,684a9e9880f158b02ef3305c67bc5787aa9485d9,NVIDIA GH200 480GB,192-222-58-207,"scripts/clock_elasticity.py: bursts of N back-to-back fused_experts calls under one pinned tile, each call L2-flushed and bracketed by its own pre-primed event pair, the FIRST call of every burst discarded as a drained-queue launch, a host-side idle gap after each burst setting the sustained duty cycle, and the SM clock, board power and memory clock read through NVML with the burst still in flight; NOT timing.TIMING_BASIS | duty 0.25 | each idle gap sized from its own burst (gap_basis burst)",,iters=supplied as None; sglang=package not installed,1,3.12.14,173.5850634662988,"measured on this device: NVIDIA GH200 480GB (measured), 646.8 TFLOP/s bf16 over 3726.2 GB/s (triad pattern); calibrated 2026-09-28 at 684a9e98",,200.0,2.13.0,3.7.1,2026-09-28T23:09:09+00:00,0.27.1,300.0
native,5,32,3,96,768,1,64,2.1551361083984375,2.1424319744110107,0.036989062960302306,75,3,459.33996653556824,"scripts/clock_elasticity.py: bursts of N back-to-back fused_experts calls under one pinned tile, each call L2-flushed and bracketed by its own pre-primed event pair, the FIRST call of every burst discarded as a drained-queue launch, a host-side idle gap after each burst setting the sustained duty cycle, and the SM clock, board power and memory clock read through NVML with the burst still in flight; NOT timing.TIMING_BASIS",1710.0,False,high,True,True,ok,"LEVEL HIGH (recorded, never an exclusion here): loaded clock 1710 MHz against the 1425 MHz reference. At a duty cycle below 1.0 a HIGH reading is the experiment working, not a cell to drop.",0.25,334.495,0.2498821507236308,16,103.67220110810013,burst,2.153856039047241,2.216736078262329,True,1650 1710 1665 1710 1710 1650 1710 1650 1710 1710 1650 1710 1650 1710 1710,False,3726.208637518389,"measured on this device: NVIDIA GH200 480GB (measured), 3726.2 GB/s (triad pattern)",13.0,580.105.08,True,1,684a9e9880f158b02ef3305c67bc5787aa9485d9,NVIDIA GH200 480GB,192-222-58-207,"scripts/clock_elasticity.py: bursts of N back-to-back fused_experts calls under one pinned tile, each call L2-flushed and bracketed by its own pre-primed event pair, the FIRST call of every burst discarded as a drained-queue launch, a host-side idle gap after each burst setting the sustained duty cycle, and the SM clock, board power and memory clock read through NVML with the burst still in flight; NOT timing.TIMING_BASIS | duty 0.25 | each idle gap sized from its own burst (gap_basis burst)",,iters=supplied as None; sglang=package not installed,1,3.12.14,173.5850634662988,"measured on this device: NVIDIA GH200 480GB (measured), 646.8 TFLOP/s bf16 over 3726.2 GB/s (triad pattern); calibrated 2026-09-28 at 684a9e98",,200.0,2.13.0,3.7.1,2026-09-28T23:09:09+00:00,0.27.1,300.0
shared,5,32,3,96,768,1,576,2.2045440673828125,2.1970560550689697,0.0331967035521959,75,3,324.30448150634766,"scripts/clock_elasticity.py: bursts of N back-to-back fused_experts calls under one pinned tile, each call L2-flushed and bracketed by its own pre-primed event pair, the FIRST call of every burst discarded as a drained-queue launch, a host-side idle gap after each burst setting the sustained duty cycle, and the SM clock, board power and memory clock read through NVML with the burst still in flight; NOT timing.TIMING_BASIS",1710.0,False,high,False,True,ok,"LEVEL HIGH (recorded, never an exclusion here): loaded clock 1710 MHz against the 1425 MHz reference. At a duty cycle below 1.0 a HIGH reading is the experiment working, not a cell to drop.; DRIFT failed, dropping: 1695 -> 1605 MHz over 15 bursts; this cell is EXCLUDED",0.25,326.721,0.24987656495479346,16,105.24554085849377,burst,2.2058560848236084,2.2018239498138428,True,1695 1710 1515 1710 1695 1710 1710 1665 1710 1710 1710 1710 1710 1710 1605,False,3726.208637518389,"measured on this device: NVIDIA GH200 480GB (measured), 3726.2 GB/s (triad pattern)",13.0,580.105.08,True,1,684a9e9880f158b02ef3305c67bc5787aa9485d9,NVIDIA GH200 480GB,192-222-58-207,"scripts/clock_elasticity.py: bursts of N back-to-back fused_experts calls under one pinned tile, each call L2-flushed and bracketed by its own pre-primed event pair, the FIRST call of every burst discarded as a drained-queue launch, a host-side idle gap after each burst setting the sustained duty cycle, and the SM clock, board power and memory clock read through NVML with the burst still in flight; NOT timing.TIMING_BASIS | duty 0.25 | each idle gap sized from its own burst (gap_basis burst)",,iters=supplied as None; sglang=package not installed,1,3.12.14,173.5850634662988,"measured on this device: NVIDIA GH200 480GB (measured), 646.8 TFLOP/s bf16 over 3726.2 GB/s (triad pattern); calibrated 2026-09-28 at 684a9e98",,200.0,2.13.0,3.7.1,2026-09-28T23:09:09+00:00,0.27.1,300.0
private,5,32,2,64,512,2,576,2.119904041290283,2.1154561042785645,0.0018426423867095693,90,3,324.3416006565094,"scripts/clock_elasticity.py: bursts of N back-to-back fused_experts calls under one pinned tile, each call L2-flushed and bracketed by its own pre-primed event pair, the FIRST call of every burst discarded as a drained-queue launch, a host-side idle gap after each burst setting the sustained duty cycle, and the SM clock, board power and memory clock read through NVML with the burst still in flight; NOT timing.TIMING_BASIS",1710.0,False,high,True,True,ok,"LEVEL HIGH (recorded, never an exclusion here): loaded clock 1710 MHz against the 1425 MHz reference. At a duty cycle below 1.0 a HIGH reading is the experiment working, not a cell to drop.",0.25,306.541,0.24989405236946327,19,119.78953636879305,burst,2.1199840307235718,2.1203839778900146,True,1710 1710 1710 1710 1710 1710 1710 1710 1710 1710 1710 1710 1605 1710 1710,False,3726.208637518389,"measured on this device: NVIDIA GH200 480GB (measured), 3726.2 GB/s (triad pattern)",13.0,580.105.08,True,1,684a9e9880f158b02ef3305c67bc5787aa9485d9,NVIDIA GH200 480GB,192-222-58-207,"scripts/clock_elasticity.py: bursts of N back-to-back fused_experts calls under one pinned tile, each call L2-flushed and bracketed by its own pre-primed event pair, the FIRST call of every burst discarded as a drained-queue launch, a host-side idle gap after each burst setting the sustained duty cycle, and the SM clock, board power and memory clock read through NVML with the burst still in flight; NOT timing.TIMING_BASIS | duty 0.25 | each idle gap sized from its own burst (gap_basis burst)",,iters=supplied as None; sglang=package not installed,1,3.12.14,173.5850634662988,"measured on this device: NVIDIA GH200 480GB (measured), 646.8 TFLOP/s bf16 over 3726.2 GB/s (triad pattern); calibrated 2026-09-28 at 684a9e98",,200.0,2.13.0,3.7.1,2026-09-28T23:09:09+00:00,0.27.1,300.0
native,5,32,2,64,512,1,64,1.452895998954773,1.444640040397644,0.010903317830214086,115,3,321.70012724399567,"scripts/clock_elasticity.py: bursts of N back-to-back fused_experts calls under one pinned tile, each call L2-flushed and bracketed by its own pre-primed event pair, the FIRST call of every burst discarded as a drained-queue launch, a host-side idle gap after each burst setting the sustained duty cycle, and the SM clock, board power and memory clock read through NVML with the burst still in flight; NOT timing.TIMING_BASIS",1710.0,False,high,False,True,ok,"LEVEL HIGH (recorded, never an exclusion here): loaded clock 1710 MHz against the 1425 MHz reference. At a duty cycle below 1.0 a HIGH reading is the experiment working, not a cell to drop.; DRIFT failed, oscillating: 1590 -> 1710 MHz over 15 bursts; this cell is EXCLUDED",0.25,329.818,0.2498839554529367,24,103.3122936455984,burst,1.4553279876708984,1.4521600008010864,True,1590 1710 1695 1680 1710 1500 1710 1665 1710 1710 1500 1710 1665 1710 1710,False,3726.208637518389,"measured on this device: NVIDIA GH200 480GB (measured), 3726.2 GB/s (triad pattern)",13.0,580.105.08,True,1,684a9e9880f158b02ef3305c67bc5787aa9485d9,NVIDIA GH200 480GB,192-222-58-207,"scripts/clock_elasticity.py: bursts of N back-to-back fused_experts calls under one pinned tile, each call L2-flushed and bracketed by its own pre-primed event pair, the FIRST call of every burst discarded as a drained-queue launch, a host-side idle gap after each burst setting the sustained duty cycle, and the SM clock, board power and memory clock read through NVML with the burst still in flight; NOT timing.TIMING_BASIS | duty 0.25 | each idle gap sized from its own burst (gap_basis burst)",,iters=supplied as None; sglang=package not installed,1,3.12.14,173.5850634662988,"measured on this device: NVIDIA GH200 480GB (measured), 646.8 TFLOP/s bf16 over 3726.2 GB/s (triad pattern); calibrated 2026-09-28 at 684a9e98",,200.0,2.13.0,3.7.1,2026-09-28T23:09:09+00:00,0.27.1,300.0
shared,5,32,2,64,512,1,576,1.5087519884109497,1.4981759786605835,0.007511195708095658,110,3,423.9785279035568,"scripts/clock_elasticity.py: bursts of N back-to-back fused_experts calls under one pinned tile, each call L2-flushed and bracketed by its own pre-primed event pair, the FIRST call of every burst discarded as a drained-queue launch, a host-side idle gap after each burst setting the sustained duty cycle, and the SM clock, board power and memory clock read through NVML with the burst still in flight; NOT timing.TIMING_BASIS",1710.0,False,high,False,True,ok,"LEVEL HIGH (recorded, never an exclusion here): loaded clock 1710 MHz against the 1425 MHz reference. At a duty cycle below 1.0 a HIGH reading is the experiment working, not a cell to drop.; DRIFT failed, settling upward: 1515 -> 1710 MHz over 15 bursts; this cell is EXCLUDED",0.25,329.316,0.24988312356190748,23,102.86931875588925,burst,1.509600043296814,1.5086719989776611,True,1515 1710 1680 1710 1710 1545 1710 1710 1680 1710 1680 1710 1710 1710 1710,False,3726.208637518389,"measured on this device: NVIDIA GH200 480GB (measured), 3726.2 GB/s (triad pattern)",13.0,580.105.08,True,1,684a9e9880f158b02ef3305c67bc5787aa9485d9,NVIDIA GH200 480GB,192-222-58-207,"scripts/clock_elasticity.py: bursts of N back-to-back fused_experts calls under one pinned tile, each call L2-flushed and bracketed by its own pre-primed event pair, the FIRST call of every burst discarded as a drained-queue launch, a host-side idle gap after each burst setting the sustained duty cycle, and the SM clock, board power and memory clock read through NVML with the burst still in flight; NOT timing.TIMING_BASIS | duty 0.25 | each idle gap sized from its own burst (gap_basis burst)",,iters=supplied as None; sglang=package not installed,1,3.12.14,173.5850634662988,"measured on this device: NVIDIA GH200 480GB (measured), 646.8 TFLOP/s bf16 over 3726.2 GB/s (triad pattern); calibrated 2026-09-28 at 684a9e98",,200.0,2.13.0,3.7.1,2026-09-28T23:09:09+00:00,0.27.1,300.0
private,5,32,1,32,256,1,576,1.0943360328674316,1.0903359651565552,0.0011423241598032571,175,3,395.8758724927902,"scripts/clock_elasticity.py: bursts of N back-to-back fused_experts calls under one pinned tile, each call L2-flushed and bracketed by its own pre-primed event pair, the FIRST call of every burst discarded as a drained-queue launch, a host-side idle gap after each burst setting the sustained duty cycle, and the SM clock, board power and memory clock read through NVML with the burst still in flight; NOT timing.TIMING_BASIS",1710.0,False,high,True,True,ok,"LEVEL HIGH (recorded, never an exclusion here): loaded clock 1710 MHz against the 1425 MHz reference. At a duty cycle below 1.0 a HIGH reading is the experiment working, not a cell to drop.",0.25,304.398,0.2498943722275752,36,115.75634732104665,burst,1.0941919684410095,1.0940800309181213,True,1710 1710 1710 1710 1710 1710 1710 1710 1710 1650 1710 1710 1710 1710 1710,False,3726.208637518389,"measured on this device: NVIDIA GH200 480GB (measured), 3726.2 GB/s (triad pattern)",13.0,580.105.08,True,1,684a9e9880f158b02ef3305c67bc5787aa9485d9,NVIDIA GH200 480GB,192-222-58-207,"scripts/clock_elasticity.py: bursts of N back-to-back fused_experts calls under one pinned tile, each call L2-flushed and bracketed by its own pre-primed event pair, the FIRST call of every burst discarded as a drained-queue launch, a host-side idle gap after each burst setting the sustained duty cycle, and the SM clock, board power and memory clock read through NVML with the burst still in flight; NOT timing.TIMING_BASIS | duty 0.25 | each idle gap sized from its own burst (gap_basis burst)",,iters=supplied as None; sglang=package not installed,1,3.12.14,173.5850634662988,"measured on this device: NVIDIA GH200 480GB (measured), 646.8 TFLOP/s bf16 over 3726.2 GB/s (triad pattern); calibrated 2026-09-28 at 684a9e98",,200.0,2.13.0,3.7.1,2026-09-28T23:09:09+00:00,0.27.1,300.0
native,5,32,1,32,256,1,64,1.057055950164795,1.0528960227966309,0.001610730509628056,185,3,322.9336631298065,"scripts/clock_elasticity.py: bursts of N back-to-back fused_experts calls under one pinned tile, each call L2-flushed and bracketed by its own pre-primed event pair, the FIRST call of every burst discarded as a drained-queue launch, a host-side idle gap after each burst setting the sustained duty cycle, and the SM clock, board power and memory clock read through NVML with the burst still in flight; NOT timing.TIMING_BASIS",1710.0,False,high,False,True,ok,"LEVEL HIGH (recorded, never an exclusion here): loaded clock 1710 MHz against the 1425 MHz reference. At a duty cycle below 1.0 a HIGH reading is the experiment working, not a cell to drop.; DRIFT failed, dropping: 1710 -> 1620 MHz over 15 bursts; this cell is EXCLUDED",0.25,307.877,0.24989377872967586,38,117.92369993039756,burst,1.0569920539855957,1.0574400424957275,True,1710 1605 1710 1710 1710 1710 1710 1710 1710 1710 1710 1710 1710 1710 1620,False,3726.208637518389,"measured on this device: NVIDIA GH200 480GB (measured), 3726.2 GB/s (triad pattern)",13.0,580.105.08,True,1,684a9e9880f158b02ef3305c67bc5787aa9485d9,NVIDIA GH200 480GB,192-222-58-207,"scripts/clock_elasticity.py: bursts of N back-to-back fused_experts calls under one pinned tile, each call L2-flushed and bracketed by its own pre-primed event pair, the FIRST call of every burst discarded as a drained-queue launch, a host-side idle gap after each burst setting the sustained duty cycle, and the SM clock, board power and memory clock read through NVML with the burst still in flight; NOT timing.TIMING_BASIS | duty 0.25 | each idle gap sized from its own burst (gap_basis burst)",,iters=supplied as None; sglang=package not installed,1,3.12.14,173.5850634662988,"measured on this device: NVIDIA GH200 480GB (measured), 646.8 TFLOP/s bf16 over 3726.2 GB/s (triad pattern); calibrated 2026-09-28 at 684a9e98",,200.0,2.13.0,3.7.1,2026-09-28T23:09:09+00:00,0.27.1,300.0
shared,5,32,1,32,256,1,576,1.094208002090454,1.0908160209655762,0.0011501371978219278,175,3,316.70086443424225,"scripts/clock_elasticity.py: bursts of N back-to-back fused_experts calls under one pinned tile, each call L2-flushed and bracketed by its own pre-primed event pair, the FIRST call of every burst discarded as a drained-queue launch, a host-side idle gap after each burst setting the sustained duty cycle, and the SM clock, board power and memory clock read through NVML with the burst still in flight; NOT timing.TIMING_BASIS",1710.0,False,high,True,True,ok,"LEVEL HIGH (recorded, never an exclusion here): loaded clock 1710 MHz against the 1425 MHz reference. At a duty cycle below 1.0 a HIGH reading is the experiment working, not a cell to drop.",0.25,302.952,0.2498925273680622,36,115.73673129027884,burst,1.0940639972686768,1.0940639972686768,True,1710 1710 1710 1710 1710 1710 1710 1710 1710 1710 1710 1710 1710 1710 1710,False,3726.208637518389,"measured on this device: NVIDIA GH200 480GB (measured), 3726.2 GB/s (triad pattern)",13.0,580.105.08,True,1,684a9e9880f158b02ef3305c67bc5787aa9485d9,NVIDIA GH200 480GB,192-222-58-207,"scripts/clock_elasticity.py: bursts of N back-to-back fused_experts calls under one pinned tile, each call L2-flushed and bracketed by its own pre-primed event pair, the FIRST call of every burst discarded as a drained-queue launch, a host-side idle gap after each burst setting the sustained duty cycle, and the SM clock, board power and memory clock read through NVML with the burst still in flight; NOT timing.TIMING_BASIS | duty 0.25 | each idle gap sized from its own burst (gap_basis burst)",,iters=supplied as None; sglang=package not installed,1,3.12.14,173.5850634662988,"measured on this device: NVIDIA GH200 480GB (measured), 646.8 TFLOP/s bf16 over 3726.2 GB/s (triad pattern); calibrated 2026-09-28 at 684a9e98",,200.0,2.13.0,3.7.1,2026-09-28T23:09:09+00:00,0.27.1,300.0
native,6,32,1,32,256,1,64,1.0572799444198608,1.0532159805297852,0.0015395813820175978,185,3,323.1249271631241,"scripts/clock_elasticity.py: bursts of N back-to-back fused_experts calls under one pinned tile, each call L2-flushed and bracketed by its own pre-primed event pair, the FIRST call of every burst discarded as a drained-queue launch, a host-side idle gap after each burst setting the sustained duty cycle, and the SM clock, board power and memory clock read through NVML with the burst still in flight; NOT timing.TIMING_BASIS",1710.0,False,high,False,True,ok,"LEVEL HIGH (recorded, never an exclusion here): loaded clock 1710 MHz against the 1425 MHz reference. At a duty cycle below 1.0 a HIGH reading is the experiment working, not a cell to drop.; DRIFT failed, settling upward: 1605 -> 1710 MHz over 15 bursts; this cell is EXCLUDED",0.25,308.313,0.2499026496173499,38,117.90667560295698,burst,1.0573439598083496,1.0574719905853271,True,1605 1710 1710 1710 1710 1710 1710 1710 1710 1710 1710 1710 1710 1605 1710,False,3726.208637518389,"measured on this device: NVIDIA GH200 480GB (measured), 3726.2 GB/s (triad pattern)",13.0,580.105.08,True,1,684a9e9880f158b02ef3305c67bc5787aa9485d9,NVIDIA GH200 480GB,192-222-58-207,"scripts/clock_elasticity.py: bursts of N back-to-back fused_experts calls under one pinned tile, each call L2-flushed and bracketed by its own pre-primed event pair, the FIRST call of every burst discarded as a drained-queue launch, a host-side idle gap after each burst setting the sustained duty cycle, and the SM clock, board power and memory clock read through NVML with the burst still in flight; NOT timing.TIMING_BASIS | duty 0.25 | each idle gap sized from its own burst (gap_basis burst)",,iters=supplied as None; sglang=package not installed,1,3.12.14,173.5850634662988,"measured on this device: NVIDIA GH200 480GB (measured), 646.8 TFLOP/s bf16 over 3726.2 GB/s (triad pattern); calibrated 2026-09-28 at 684a9e98",,200.0,2.13.0,3.7.1,2026-09-28T23:09:09+00:00,0.27.1,300.0
shared,6,32,1,32,256,1,576,1.0943360328674316,1.0908160209655762,0.0011935709094892488,175,3,316.76073598861694,"scripts/clock_elasticity.py: bursts of N back-to-back fused_experts calls under one pinned tile, each call L2-flushed and bracketed by its own pre-primed event pair, the FIRST call of every burst discarded as a drained-queue launch, a host-side idle gap after each burst setting the sustained duty cycle, and the SM clock, board power and memory clock read through NVML with the burst still in flight; NOT timing.TIMING_BASIS",1710.0,False,high,True,True,ok,"LEVEL HIGH (recorded, never an exclusion here): loaded clock 1710 MHz against the 1425 MHz reference. At a duty cycle below 1.0 a HIGH reading is the experiment working, not a cell to drop.",0.25,302.799,0.24989496876601722,36,115.74505085078998,burst,1.094208002090454,1.0942720174789429,True,1710 1710 1710 1710 1710 1710 1710 1650 1710 1710 1710 1710 1710 1710 1710,False,3726.208637518389,"measured on this device: NVIDIA GH200 480GB (measured), 3726.2 GB/s (triad pattern)",13.0,580.105.08,True,1,684a9e9880f158b02ef3305c67bc5787aa9485d9,NVIDIA GH200 480GB,192-222-58-207,"scripts/clock_elasticity.py: bursts of N back-to-back fused_experts calls under one pinned tile, each call L2-flushed and bracketed by its own pre-primed event pair, the FIRST call of every burst discarded as a drained-queue launch, a host-side idle gap after each burst setting the sustained duty cycle, and the SM clock, board power and memory clock read through NVML with the burst still in flight; NOT timing.TIMING_BASIS | duty 0.25 | each idle gap sized from its own burst (gap_basis burst)",,iters=supplied as None; sglang=package not installed,1,3.12.14,173.5850634662988,"measured on this device: NVIDIA GH200 480GB (measured), 646.8 TFLOP/s bf16 over 3726.2 GB/s (triad pattern); calibrated 2026-09-28 at 684a9e98",,200.0,2.13.0,3.7.1,2026-09-28T23:09:09+00:00,0.27.1,300.0
private,6,32,1,32,256,1,576,1.0944000482559204,1.0913280248641968,0.0012261656205184172,175,3,317.04099225997925,"scripts/clock_elasticity.py: bursts of N back-to-back fused_experts calls under one pinned tile, each call L2-flushed and bracketed by its own pre-primed event pair, the FIRST call of every burst discarded as a drained-queue launch, a host-side idle gap after each burst setting the sustained duty cycle, and the SM clock, board power and memory clock read through NVML with the burst still in flight; NOT timing.TIMING_BASIS",1710.0,False,high,True,True,ok,"LEVEL HIGH (recorded, never an exclusion here): loaded clock 1710 MHz against the 1425 MHz reference. At a duty cycle below 1.0 a HIGH reading is the experiment working, not a cell to drop.",0.25,303.718,0.24989513748517966,36,115.71167598541068,burst,1.0943040251731873,1.094208002090454,True,1710 1710 1710 1710 1710 1710 1710 1710 1620 1710 1710 1710 1710 1710 1710,False,3726.208637518389,"measured on this device: NVIDIA GH200 480GB (measured), 3726.2 GB/s (triad pattern)",13.0,580.105.08,True,1,684a9e9880f158b02ef3305c67bc5787aa9485d9,NVIDIA GH200 480GB,192-222-58-207,"scripts/clock_elasticity.py: bursts of N back-to-back fused_experts calls under one pinned tile, each call L2-flushed and bracketed by its own pre-primed event pair, the FIRST call of every burst discarded as a drained-queue launch, a host-side idle gap after each burst setting the sustained duty cycle, and the SM clock, board power and memory clock read through NVML with the burst still in flight; NOT timing.TIMING_BASIS | duty 0.25 | each idle gap sized from its own burst (gap_basis burst)",,iters=supplied as None; sglang=package not installed,1,3.12.14,173.5850634662988,"measured on this device: NVIDIA GH200 480GB (measured), 646.8 TFLOP/s bf16 over 3726.2 GB/s (triad pattern); calibrated 2026-09-28 at 684a9e98",,200.0,2.13.0,3.7.1,2026-09-28T23:09:09+00:00,0.27.1,300.0
native,6,32,2,64,512,1,64,1.4531199932098389,1.442463994026184,0.02292050136837229,115,3,320.88288044929504,"scripts/clock_elasticity.py: bursts of N back-to-back fused_experts calls under one pinned tile, each call L2-flushed and bracketed by its own pre-primed event pair, the FIRST call of every burst discarded as a drained-queue launch, a host-side idle gap after each burst setting the sustained duty cycle, and the SM clock, board power and memory clock read through NVML with the burst still in flight; NOT timing.TIMING_BASIS",1710.0,False,high,False,True,ok,"LEVEL HIGH (recorded, never an exclusion here): loaded clock 1710 MHz against the 1425 MHz reference. At a duty cycle below 1.0 a HIGH reading is the experiment working, not a cell to drop.; DRIFT failed, settling upward: 1500 -> 1710 MHz over 15 bursts; this cell is EXCLUDED",0.25,329.958,0.2498823857542737,24,103.3070765045195,burst,1.4542720317840576,1.4523199796676636,True,1500 1710 1665 1710 1710 1515 1710 1665 1710 1710 1710 1710 1695 1710 1710,False,3726.208637518389,"measured on this device: NVIDIA GH200 480GB (measured), 3726.2 GB/s (triad pattern)",13.0,580.105.08,True,1,684a9e9880f158b02ef3305c67bc5787aa9485d9,NVIDIA GH200 480GB,192-222-58-207,"scripts/clock_elasticity.py: bursts of N back-to-back fused_experts calls under one pinned tile, each call L2-flushed and bracketed by its own pre-primed event pair, the FIRST call of every burst discarded as a drained-queue launch, a host-side idle gap after each burst setting the sustained duty cycle, and the SM clock, board power and memory clock read through NVML with the burst still in flight; NOT timing.TIMING_BASIS | duty 0.25 | each idle gap sized from its own burst (gap_basis burst)",,iters=supplied as None; sglang=package not installed,1,3.12.14,173.5850634662988,"measured on this device: NVIDIA GH200 480GB (measured), 646.8 TFLOP/s bf16 over 3726.2 GB/s (triad pattern); calibrated 2026-09-28 at 684a9e98",,200.0,2.13.0,3.7.1,2026-09-28T23:09:09+00:00,0.27.1,300.0
shared,6,32,2,64,512,1,576,1.5108799934387207,1.4975039958953857,0.023443625137381262,115,3,334.22902381420135,"scripts/clock_elasticity.py: bursts of N back-to-back fused_experts calls under one pinned tile, each call L2-flushed and bracketed by its own pre-primed event pair, the FIRST call of every burst discarded as a drained-queue launch, a host-side idle gap after each burst setting the sustained duty cycle, and the SM clock, board power and memory clock read through NVML with the burst still in flight; NOT timing.TIMING_BASIS",1710.0,False,high,False,True,ok,"LEVEL HIGH (recorded, never an exclusion here): loaded clock 1710 MHz against the 1425 MHz reference. At a duty cycle below 1.0 a HIGH reading is the experiment working, not a cell to drop.; DRIFT failed, dropping: 1710 -> 1605 MHz over 15 bursts; this cell is EXCLUDED",0.25,326.552,0.24988374484408968,24,107.61125870074464,burst,1.5111360549926758,1.5112639665603638,True,1710 1710 1710 1680 1710 1665 1710 1710 1710 1710 1710 1710 1710 1710 1605,False,3726.208637518389,"measured on this device: NVIDIA GH200 480GB (measured), 3726.2 GB/s (triad pattern)",13.0,580.105.08,True,1,684a9e9880f158b02ef3305c67bc5787aa9485d9,NVIDIA GH200 480GB,192-222-58-207,"scripts/clock_elasticity.py: bursts of N back-to-back fused_experts calls under one pinned tile, each call L2-flushed and bracketed by its own pre-primed event pair, the FIRST call of every burst discarded as a drained-queue launch, a host-side idle gap after each burst setting the sustained duty cycle, and the SM clock, board power and memory clock read through NVML with the burst still in flight; NOT timing.TIMING_BASIS | duty 0.25 | each idle gap sized from its own burst (gap_basis burst)",,iters=supplied as None; sglang=package not installed,1,3.12.14,173.5850634662988,"measured on this device: NVIDIA GH200 480GB (measured), 646.8 TFLOP/s bf16 over 3726.2 GB/s (triad pattern); calibrated 2026-09-28 at 684a9e98",,200.0,2.13.0,3.7.1,2026-09-28T23:09:09+00:00,0.27.1,300.0
private,6,32,2,64,512,2,576,2.12007999420166,2.1157760620117188,0.0019960145934552094,90,3,323.88624000549316,"scripts/clock_elasticity.py: bursts of N back-to-back fused_experts calls under one pinned tile, each call L2-flushed and bracketed by its own pre-primed event pair, the FIRST call of every burst discarded as a drained-queue launch, a host-side idle gap after each burst setting the sustained duty cycle, and the SM clock, board power and memory clock read through NVML with the burst still in flight; NOT timing.TIMING_BASIS",1710.0,False,high,True,True,ok,"LEVEL HIGH (recorded, never an exclusion here): loaded clock 1710 MHz against the 1425 MHz reference. At a duty cycle below 1.0 a HIGH reading is the experiment working, not a cell to drop.",0.25,306.963,0.24990056797609692,19,119.76220645807916,burst,2.119599938392639,2.1219199895858765,True,1710 1710 1710 1710 1710 1710 1710 1710 1710 1710 1710 1710 1710 1710 1710,False,3726.208637518389,"measured on this device: NVIDIA GH200 480GB (measured), 3726.2 GB/s (triad pattern)",13.0,580.105.08,True,1,684a9e9880f158b02ef3305c67bc5787aa9485d9,NVIDIA GH200 480GB,192-222-58-207,"scripts/clock_elasticity.py: bursts of N back-to-back fused_experts calls under one pinned tile, each call L2-flushed and bracketed by its own pre-primed event pair, the FIRST call of every burst discarded as a drained-queue launch, a host-side idle gap after each burst setting the sustained duty cycle, and the SM clock, board power and memory clock read through NVML with the burst still in flight; NOT timing.TIMING_BASIS | duty 0.25 | each idle gap sized from its own burst (gap_basis burst)",,iters=supplied as None; sglang=package not installed,1,3.12.14,173.5850634662988,"measured on this device: NVIDIA GH200 480GB (measured), 646.8 TFLOP/s bf16 over 3726.2 GB/s (triad pattern); calibrated 2026-09-28 at 684a9e98",,200.0,2.13.0,3.7.1,2026-09-28T23:09:09+00:00,0.27.1,300.0
native,6,32,3,96,768,1,64,2.155776023864746,2.144063949584961,0.0372350067948931,75,3,352.3959357738495,"scripts/clock_elasticity.py: bursts of N back-to-back fused_experts calls under one pinned tile, each call L2-flushed and bracketed by its own pre-primed event pair, the FIRST call of every burst discarded as a drained-queue launch, a host-side idle gap after each burst setting the sustained duty cycle, and the SM clock, board power and memory clock read through NVML with the burst still in flight; NOT timing.TIMING_BASIS",1710.0,False,high,True,True,ok,"LEVEL HIGH (recorded, never an exclusion here): loaded clock 1710 MHz against the 1425 MHz reference. At a duty cycle below 1.0 a HIGH reading is the experiment working, not a cell to drop.",0.25,333.612,0.24987971383058608,16,103.7396243390249,burst,2.1555840969085693,2.218751907348633,True,1710 1710 1665 1710 1710 1710 1710 1680 1710 1710 1710 1710 1665 1710 1710,False,3726.208637518389,"measured on this device: NVIDIA GH200 480GB (measured), 3726.2 GB/s (triad pattern)",13.0,580.105.08,True,1,684a9e9880f158b02ef3305c67bc5787aa9485d9,NVIDIA GH200 480GB,192-222-58-207,"scripts/clock_elasticity.py: bursts of N back-to-back fused_experts calls under one pinned tile, each call L2-flushed and bracketed by its own pre-primed event pair, the FIRST call of every burst discarded as a drained-queue launch, a host-side idle gap after each burst setting the sustained duty cycle, and the SM clock, board power and memory clock read through NVML with the burst still in flight; NOT timing.TIMING_BASIS | duty 0.25 | each idle gap sized from its own burst (gap_basis burst)",,iters=supplied as None; sglang=package not installed,1,3.12.14,173.5850634662988,"measured on this device: NVIDIA GH200 480GB (measured), 646.8 TFLOP/s bf16 over 3726.2 GB/s (triad pattern); calibrated 2026-09-28 at 684a9e98",,200.0,2.13.0,3.7.1,2026-09-28T23:09:09+00:00,0.27.1,300.0
shared,6,32,3,96,768,1,576,2.2059199810028076,2.195552110671997,0.03158408341378325,75,3,324.64198184013367,"scripts/clock_elasticity.py: bursts of N back-to-back fused_experts calls under one pinned tile, each call L2-flushed and bracketed by its own pre-primed event pair, the FIRST call of every burst discarded as a drained-queue launch, a host-side idle gap after each burst setting the sustained duty cycle, and the SM clock, board power and memory clock read through NVML with the burst still in flight; NOT timing.TIMING_BASIS",1710.0,False,high,True,True,ok,"LEVEL HIGH (recorded, never an exclusion here): loaded clock 1710 MHz against the 1425 MHz reference. At a duty cycle below 1.0 a HIGH reading is the experiment working, not a cell to drop.",0.25,325.682,0.24987905074261754,16,105.45706238203276,burst,2.2070720195770264,2.2092161178588867,True,1710 1710 1515 1710 1695 1710 1710 1710 1710 1515 1710 1695 1710 1710 1710,False,3726.208637518389,"measured on this device: NVIDIA GH200 480GB (measured), 3726.2 GB/s (triad pattern)",13.0,580.105.08,True,1,684a9e9880f158b02ef3305c67bc5787aa9485d9,NVIDIA GH200 480GB,192-222-58-207,"scripts/clock_elasticity.py: bursts of N back-to-back fused_experts calls under one pinned tile, each call L2-flushed and bracketed by its own pre-primed event pair, the FIRST call of every burst discarded as a drained-queue launch, a host-side idle gap after each burst setting the sustained duty cycle, and the SM clock, board power and memory clock read through NVML with the burst still in flight; NOT timing.TIMING_BASIS | duty 0.25 | each idle gap sized from its own burst (gap_basis burst)",,iters=supplied as None; sglang=package not installed,1,3.12.14,173.5850634662988,"measured on this device: NVIDIA GH200 480GB (measured), 646.8 TFLOP/s bf16 over 3726.2 GB/s (triad pattern); calibrated 2026-09-28 at 684a9e98",,200.0,2.13.0,3.7.1,2026-09-28T23:09:09+00:00,0.27.1,300.0
private,6,32,3,96,768,3,576,3.153424024581909,3.150592088699341,0.0017987599979510259,60,3,329.5946247577667,"scripts/clock_elasticity.py: bursts of N back-to-back fused_experts calls under one pinned tile, each call L2-flushed and bracketed by its own pre-primed event pair, the FIRST call of every burst discarded as a drained-queue launch, a host-side idle gap after each burst setting the sustained duty cycle, and the SM clock, board power and memory clock read through NVML with the burst still in flight; NOT timing.TIMING_BASIS",1710.0,False,high,True,True,ok,"LEVEL HIGH (recorded, never an exclusion here): loaded clock 1710 MHz against the 1425 MHz reference. At a duty cycle below 1.0 a HIGH reading is the experiment working, not a cell to drop.",0.25,310.237,0.24989781583605603,13,122.35810781097098,burst,3.1531519889831543,3.152895927429199,True,1710 1710 1710 1710 1710 1710 1710 1710 1710 1710 1710 1710 1710 1710 1710,False,3726.208637518389,"measured on this device: NVIDIA GH200 480GB (measured), 3726.2 GB/s (triad pattern)",13.0,580.105.08,True,1,684a9e9880f158b02ef3305c67bc5787aa9485d9,NVIDIA GH200 480GB,192-222-58-207,"scripts/clock_elasticity.py: bursts of N back-to-back fused_experts calls under one pinned tile, each call L2-flushed and bracketed by its own pre-primed event pair, the FIRST call of every burst discarded as a drained-queue launch, a host-side idle gap after each burst setting the sustained duty cycle, and the SM clock, board power and memory clock read through NVML with the burst still in flight; NOT timing.TIMING_BASIS | duty 0.25 | each idle gap sized from its own burst (gap_basis burst)",,iters=supplied as None; sglang=package not installed,1,3.12.14,173.5850634662988,"measured on this device: NVIDIA GH200 480GB (measured), 646.8 TFLOP/s bf16 over 3726.2 GB/s (triad pattern); calibrated 2026-09-28 at 684a9e98",,200.0,2.13.0,3.7.1,2026-09-28T23:09:09+00:00,0.27.1,300.0
native,6,32,4,128,1024,1,64,2.843775987625122,2.8338561058044434,0.012573218663522599,60,3,485.61852741241455,"scripts/clock_elasticity.py: bursts of N back-to-back fused_experts calls under one pinned tile, each call L2-flushed and bracketed by its own pre-primed event pair, the FIRST call of every burst discarded as a drained-queue launch, a host-side idle gap after each burst setting the sustained duty cycle, and the SM clock, board power and memory clock read through NVML with the burst still in flight; NOT timing.TIMING_BASIS",1710.0,False,high,True,True,ok,"LEVEL HIGH (recorded, never an exclusion here): loaded clock 1710 MHz against the 1425 MHz reference. At a duty cycle below 1.0 a HIGH reading is the experiment working, not a cell to drop.",0.25,315.434,0.24989008786629763,13,110.42645833129791,burst,2.8459839820861816,2.8425281047821045,True,1710 1710 1710 1710 1710 1710 1710 1710 1710 1710 1710 1710 1710 1710 1710,False,3726.208637518389,"measured on this device: NVIDIA GH200 480GB (measured), 3726.2 GB/s (triad pattern)",13.0,580.105.08,True,1,684a9e9880f158b02ef3305c67bc5787aa9485d9,NVIDIA GH200 480GB,192-222-58-207,"scripts/clock_elasticity.py: bursts of N back-to-back fused_experts calls under one pinned tile, each call L2-flushed and bracketed by its own pre-primed event pair, the FIRST call of every burst discarded as a drained-queue launch, a host-side idle gap after each burst setting the sustained duty cycle, and the SM clock, board power and memory clock read through NVML with the burst still in flight; NOT timing.TIMING_BASIS | duty 0.25 | each idle gap sized from its own burst (gap_basis burst)",,iters=supplied as None; sglang=package not installed,1,3.12.14,173.5850634662988,"measured on this device: NVIDIA GH200 480GB (measured), 646.8 TFLOP/s bf16 over 3726.2 GB/s (triad pattern); calibrated 2026-09-28 at 684a9e98",,200.0,2.13.0,3.7.1,2026-09-28T23:09:09+00:00,0.27.1,300.0
shared,6,32,4,128,1024,1,576,2.894927978515625,2.880959987640381,0.009716258703699021,60,3,418.6161918640137,"scripts/clock_elasticity.py: bursts of N back-to-back fused_experts calls under one pinned tile, each call L2-flushed and bracketed by its own pre-primed event pair, the FIRST call of every burst discarded as a drained-queue launch, a host-side idle gap after each burst setting the sustained duty cycle, and the SM clock, board power and memory clock read through NVML with the burst still in flight; NOT timing.TIMING_BASIS",1710.0,False,high,True,True,ok,"LEVEL HIGH (recorded, never an exclusion here): loaded clock 1710 MHz against the 1425 MHz reference. At a duty cycle below 1.0 a HIGH reading is the experiment working, not a cell to drop.",0.25,318.039,0.24989152104330778,13,112.41685253738979,burst,2.899807929992676,2.895263910293579,True,1710 1710 1710 1710 1710 1710 1710 1710 1710 1710 1710 1710 1710 1710 1710,False,3726.208637518389,"measured on this device: NVIDIA GH200 480GB (measured), 3726.2 GB/s (triad pattern)",13.0,580.105.08,True,1,684a9e9880f158b02ef3305c67bc5787aa9485d9,NVIDIA GH200 480GB,192-222-58-207,"scripts/clock_elasticity.py: bursts of N back-to-back fused_experts calls under one pinned tile, each call L2-flushed and bracketed by its own pre-primed event pair, the FIRST call of every burst discarded as a drained-queue launch, a host-side idle gap after each burst setting the sustained duty cycle, and the SM clock, board power and memory clock read through NVML with the burst still in flight; NOT timing.TIMING_BASIS | duty 0.25 | each idle gap sized from its own burst (gap_basis burst)",,iters=supplied as None; sglang=package not installed,1,3.12.14,173.5850634662988,"measured on this device: NVIDIA GH200 480GB (measured), 646.8 TFLOP/s bf16 over 3726.2 GB/s (triad pattern); calibrated 2026-09-28 at 684a9e98",,200.0,2.13.0,3.7.1,2026-09-28T23:09:09+00:00,0.27.1,300.0
private,6,32,4,128,1024,4,576,4.186975955963135,4.18284797668457,0.0017213981225549983,40,3,303.045343875885,"scripts/clock_elasticity.py: bursts of N back-to-back fused_experts calls under one pinned tile, each call L2-flushed and bracketed by its own pre-primed event pair, the FIRST call of every burst discarded as a drained-queue launch, a host-side idle gap after each burst setting the sustained duty cycle, and the SM clock, board power and memory clock read through NVML with the burst still in flight; NOT timing.TIMING_BASIS",1710.0,False,high,True,True,ok,"LEVEL HIGH (recorded, never an exclusion here): loaded clock 1710 MHz against the 1425 MHz reference. At a duty cycle below 1.0 a HIGH reading is the experiment working, not a cell to drop.",0.25,318.841,0.24989080036983335,9,112.69458452114486,burst,4.186752080917358,4.1865761280059814,True,1710 1710 1710 1710 1710 1710 1710 1710 1710 1710 1710 1710 1710 1710 1710,False,3726.208637518389,"measured on this device: NVIDIA GH200 480GB (measured), 3726.2 GB/s (triad pattern)",13.0,580.105.08,True,1,684a9e9880f158b02ef3305c67bc5787aa9485d9,NVIDIA GH200 480GB,192-222-58-207,"scripts/clock_elasticity.py: bursts of N back-to-back fused_experts calls under one pinned tile, each call L2-flushed and bracketed by its own pre-primed event pair, the FIRST call of every burst discarded as a drained-queue launch, a host-side idle gap after each burst setting the sustained duty cycle, and the SM clock, board power and memory clock read through NVML with the burst still in flight; NOT timing.TIMING_BASIS | duty 0.25 | each idle gap sized from its own burst (gap_basis burst)",,iters=supplied as None; sglang=package not installed,1,3.12.14,173.5850634662988,"measured on this device: NVIDIA GH200 480GB (measured), 646.8 TFLOP/s bf16 over 3726.2 GB/s (triad pattern); calibrated 2026-09-28 at 684a9e98",,200.0,2.13.0,3.7.1,2026-09-28T23:09:09+00:00,0.27.1,300.0
native,6,32,5,160,1280,1,64,3.5554559230804443,3.5385921001434326,0.04457488556271028,45,3,325.63980770111084,"scripts/clock_elasticity.py: bursts of N back-to-back fused_experts calls under one pinned tile, each call L2-flushed and bracketed by its own pre-primed event pair, the FIRST call of every burst discarded as a drained-queue launch, a host-side idle gap after each burst setting the sustained duty cycle, and the SM clock, board power and memory clock read through NVML with the burst still in flight; NOT timing.TIMING_BASIS",1710.0,False,high,True,True,ok,"LEVEL HIGH (recorded, never an exclusion here): loaded clock 1710 MHz against the 1425 MHz reference. At a duty cycle below 1.0 a HIGH reading is the experiment working, not a cell to drop.",0.25,322.737,0.2498833511697841,10,106.50851983197934,burst,3.5559359788894653,3.574831962585449,True,1575 1710 1710 1710 1695 1710 1710 1605 1710 1680 1710 1695 1710 1710 1650,False,3726.208637518389,"measured on this device: NVIDIA GH200 480GB (measured), 3726.2 GB/s (triad pattern)",13.0,580.105.08,True,1,684a9e9880f158b02ef3305c67bc5787aa9485d9,NVIDIA GH200 480GB,192-222-58-207,"scripts/clock_elasticity.py: bursts of N back-to-back fused_experts calls under one pinned tile, each call L2-flushed and bracketed by its own pre-primed event pair, the FIRST call of every burst discarded as a drained-queue launch, a host-side idle gap after each burst setting the sustained duty cycle, and the SM clock, board power and memory clock read through NVML with the burst still in flight; NOT timing.TIMING_BASIS | duty 0.25 | each idle gap sized from its own burst (gap_basis burst)",,iters=supplied as None; sglang=package not installed,1,3.12.14,173.5850634662988,"measured on this device: NVIDIA GH200 480GB (measured), 646.8 TFLOP/s bf16 over 3726.2 GB/s (triad pattern); calibrated 2026-09-28 at 684a9e98",,200.0,2.13.0,3.7.1,2026-09-28T23:09:09+00:00,0.27.1,300.0
shared,6,32,5,160,1280,1,576,3.604288101196289,3.5907840728759766,0.038799952127438184,45,3,439.5047674179077,"scripts/clock_elasticity.py: bursts of N back-to-back fused_experts calls under one pinned tile, each call L2-flushed and bracketed by its own pre-primed event pair, the FIRST call of every burst discarded as a drained-queue launch, a host-side idle gap after each burst setting the sustained duty cycle, and the SM clock, board power and memory clock read through NVML with the burst still in flight; NOT timing.TIMING_BASIS",1710.0,False,high,True,True,ok,"LEVEL HIGH (recorded, never an exclusion here): loaded clock 1710 MHz against the 1425 MHz reference. At a duty cycle below 1.0 a HIGH reading is the experiment working, not a cell to drop.",0.25,320.52,0.2498823510892752,10,108.07548999848952,burst,3.605247974395752,3.611855983734131,True,1710 1695 1710 1710 1710 1710 1590 1710 1560 1710 1710 1710 1695 1710 1710,False,3726.208637518389,"measured on this device: NVIDIA GH200 480GB (measured), 3726.2 GB/s (triad pattern)",13.0,580.105.08,True,1,684a9e9880f158b02ef3305c67bc5787aa9485d9,NVIDIA GH200 480GB,192-222-58-207,"scripts/clock_elasticity.py: bursts of N back-to-back fused_experts calls under one pinned tile, each call L2-flushed and bracketed by its own pre-primed event pair, the FIRST call of every burst discarded as a drained-queue launch, a host-side idle gap after each burst setting the sustained duty cycle, and the SM clock, board power and memory clock read through NVML with the burst still in flight; NOT timing.TIMING_BASIS | duty 0.25 | each idle gap sized from its own burst (gap_basis burst)",,iters=supplied as None; sglang=package not installed,1,3.12.14,173.5850634662988,"measured on this device: NVIDIA GH200 480GB (measured), 646.8 TFLOP/s bf16 over 3726.2 GB/s (triad pattern); calibrated 2026-09-28 at 684a9e98",,200.0,2.13.0,3.7.1,2026-09-28T23:09:09+00:00,0.27.1,300.0
private,6,32,5,160,1280,5,576,5.221983909606934,5.21779203414917,0.003320089542170129,35,3,335.86534357070923,"scripts/clock_elasticity.py: bursts of N back-to-back fused_experts calls under one pinned tile, each call L2-flushed and bracketed by its own pre-primed event pair, the FIRST call of every burst discarded as a drained-queue launch, a host-side idle gap after each burst setting the sustained duty cycle, and the SM clock, board power and memory clock read through NVML with the burst still in flight; NOT timing.TIMING_BASIS",1710.0,False,high,True,True,ok,"LEVEL HIGH (recorded, never an exclusion here): loaded clock 1710 MHz against the 1425 MHz reference. At a duty cycle below 1.0 a HIGH reading is the experiment working, not a cell to drop.",0.25,311.831,0.24990107385543828,8,125.10050601239345,burst,5.2221760749816895,5.227263927459717,True,1710 1710 1710 1695 1710 1710 1695 1710 1710 1710 1710 1710 1710 1710 1710,False,3726.208637518389,"measured on this device: NVIDIA GH200 480GB (measured), 3726.2 GB/s (triad pattern)",13.0,580.105.08,True,1,684a9e9880f158b02ef3305c67bc5787aa9485d9,NVIDIA GH200 480GB,192-222-58-207,"scripts/clock_elasticity.py: bursts of N back-to-back fused_experts calls under one pinned tile, each call L2-flushed and bracketed by its own pre-primed event pair, the FIRST call of every burst discarded as a drained-queue launch, a host-side idle gap after each burst setting the sustained duty cycle, and the SM clock, board power and memory clock read through NVML with the burst still in flight; NOT timing.TIMING_BASIS | duty 0.25 | each idle gap sized from its own burst (gap_basis burst)",,iters=supplied as None; sglang=package not installed,1,3.12.14,173.5850634662988,"measured on this device: NVIDIA GH200 480GB (measured), 646.8 TFLOP/s bf16 over 3726.2 GB/s (triad pattern); calibrated 2026-09-28 at 684a9e98",,200.0,2.13.0,3.7.1,2026-09-28T23:09:09+00:00,0.27.1,300.0
native,6,32,6,192,1536,1,64,4.249119997024536,4.231423854827881,0.03449987278771982,40,3,311.2187523841858,"scripts/clock_elasticity.py: bursts of N back-to-back fused_experts calls under one pinned tile, each call L2-flushed and bracketed by its own pre-primed event pair, the FIRST call of every burst discarded as a drained-queue launch, a host-side idle gap after each burst setting the sustained duty cycle, and the SM clock, board power and memory clock read through NVML with the burst still in flight; NOT timing.TIMING_BASIS",1710.0,False,high,True,True,ok,"LEVEL HIGH (recorded, never an exclusion here): loaded clock 1710 MHz against the 1425 MHz reference. At a duty cycle below 1.0 a HIGH reading is the experiment working, not a cell to drop.",0.25,325.949,0.2498959815504812,9,114.66955541859353,burst,4.252048015594482,4.254256010055542,True,1710 1710 1710 1710 1710 1710 1710 1590 1710 1620 1710 1710 1710 1710 1710,False,3726.208637518389,"measured on this device: NVIDIA GH200 480GB (measured), 3726.2 GB/s (triad pattern)",13.0,580.105.08,True,1,684a9e9880f158b02ef3305c67bc5787aa9485d9,NVIDIA GH200 480GB,192-222-58-207,"scripts/clock_elasticity.py: bursts of N back-to-back fused_experts calls under one pinned tile, each call L2-flushed and bracketed by its own pre-primed event pair, the FIRST call of every burst discarded as a drained-queue launch, a host-side idle gap after each burst setting the sustained duty cycle, and the SM clock, board power and memory clock read through NVML with the burst still in flight; NOT timing.TIMING_BASIS | duty 0.25 | each idle gap sized from its own burst (gap_basis burst)",,iters=supplied as None; sglang=package not installed,1,3.12.14,173.5850634662988,"measured on this device: NVIDIA GH200 480GB (measured), 646.8 TFLOP/s bf16 over 3726.2 GB/s (triad pattern); calibrated 2026-09-28 at 684a9e98",,200.0,2.13.0,3.7.1,2026-09-28T23:09:09+00:00,0.27.1,300.0
shared,6,32,6,192,1536,1,576,4.29857611656189,4.285664081573486,0.033618476845368346,40,3,354.4296941757202,"scripts/clock_elasticity.py: bursts of N back-to-back fused_experts calls under one pinned tile, each call L2-flushed and bracketed by its own pre-primed event pair, the FIRST call of every burst discarded as a drained-queue launch, a host-side idle gap after each burst setting the sustained duty cycle, and the SM clock, board power and memory clock read through NVML with the burst still in flight; NOT timing.TIMING_BASIS",1710.0,False,high,True,True,ok,"LEVEL HIGH (recorded, never an exclusion here): loaded clock 1710 MHz against the 1425 MHz reference. At a duty cycle below 1.0 a HIGH reading is the experiment working, not a cell to drop.",0.25,318.01,0.24989180864219623,9,116.00472051941324,burst,4.299311876296997,4.301919937133789,True,1710 1710 1710 1710 1590 1710 1710 1710 1710 1710 1710 1710 1710 1590 1710,False,3726.208637518389,"measured on this device: NVIDIA GH200 480GB (measured), 3726.2 GB/s (triad pattern)",13.0,580.105.08,True,1,684a9e9880f158b02ef3305c67bc5787aa9485d9,NVIDIA GH200 480GB,192-222-58-207,"scripts/clock_elasticity.py: bursts of N back-to-back fused_experts calls under one pinned tile, each call L2-flushed and bracketed by its own pre-primed event pair, the FIRST call of every burst discarded as a drained-queue launch, a host-side idle gap after each burst setting the sustained duty cycle, and the SM clock, board power and memory clock read through NVML with the burst still in flight; NOT timing.TIMING_BASIS | duty 0.25 | each idle gap sized from its own burst (gap_basis burst)",,iters=supplied as None; sglang=package not installed,1,3.12.14,173.5850634662988,"measured on this device: NVIDIA GH200 480GB (measured), 646.8 TFLOP/s bf16 over 3726.2 GB/s (triad pattern); calibrated 2026-09-28 at 684a9e98",,200.0,2.13.0,3.7.1,2026-09-28T23:09:09+00:00,0.27.1,300.0
private,6,32,6,192,1536,6,576,6.252384185791016,6.247392177581787,0.0025888892146283438,25,3,603.1518096923828,"scripts/clock_elasticity.py: bursts of N back-to-back fused_experts calls under one pinned tile, each call L2-flushed and bracketed by its own pre-primed event pair, the FIRST call of every burst discarded as a drained-queue launch, a host-side idle gap after each burst setting the sustained duty cycle, and the SM clock, board power and memory clock read through NVML with the burst still in flight; NOT timing.TIMING_BASIS",1710.0,False,high,True,True,ok,"LEVEL HIGH (recorded, never an exclusion here): loaded clock 1710 MHz against the 1425 MHz reference. At a duty cycle below 1.0 a HIGH reading is the experiment working, not a cell to drop.",0.25,318.31,0.24989097465969068,6,112.44642736964306,burst,6.252895832061768,6.253983974456787,True,1710 1710 1710 1710 1710 1710 1710 1710 1710 1710 1710 1710 1710 1710 1710,False,3726.208637518389,"measured on this device: NVIDIA GH200 480GB (measured), 3726.2 GB/s (triad pattern)",13.0,580.105.08,True,1,684a9e9880f158b02ef3305c67bc5787aa9485d9,NVIDIA GH200 480GB,192-222-58-207,"scripts/clock_elasticity.py: bursts of N back-to-back fused_experts calls under one pinned tile, each call L2-flushed and bracketed by its own pre-primed event pair, the FIRST call of every burst discarded as a drained-queue launch, a host-side idle gap after each burst setting the sustained duty cycle, and the SM clock, board power and memory clock read through NVML with the burst still in flight; NOT timing.TIMING_BASIS | duty 0.25 | each idle gap sized from its own burst (gap_basis burst)",,iters=supplied as None; sglang=package not installed,1,3.12.14,173.5850634662988,"measured on this device: NVIDIA GH200 480GB (measured), 646.8 TFLOP/s bf16 over 3726.2 GB/s (triad pattern); calibrated 2026-09-28 at 684a9e98",,200.0,2.13.0,3.7.1,2026-09-28T23:09:09+00:00,0.27.1,300.0
native,6,32,7,224,1792,1,64,4.955439805984497,4.933248043060303,0.03221986157108802,30,3,317.1246724128723,"scripts/clock_elasticity.py: bursts of N back-to-back fused_experts calls under one pinned tile, each call L2-flushed and bracketed by its own pre-primed event pair, the FIRST call of every burst discarded as a drained-queue launch, a host-side idle gap after each burst setting the sustained duty cycle, and the SM clock, board power and memory clock read through NVML with the burst still in flight; NOT timing.TIMING_BASIS",1710.0,False,high,True,True,ok,"LEVEL HIGH (recorded, never an exclusion here): loaded clock 1710 MHz against the 1425 MHz reference. At a duty cycle below 1.0 a HIGH reading is the experiment working, not a cell to drop.",0.25,318.38,0.24988029423649477,7,104.20449443098187,burst,4.956768035888672,5.027359962463379,True,1710 1710 1710 1680 1710 1710 1710 1710 1665 1710 1710 1710 1710 1680 1710,False,3726.208637518389,"measured on this device: NVIDIA GH200 480GB (measured), 3726.2 GB/s (triad pattern)",13.0,580.105.08,True,1,684a9e9880f158b02ef3305c67bc5787aa9485d9,NVIDIA GH200 480GB,192-222-58-207,"scripts/clock_elasticity.py: bursts of N back-to-back fused_experts calls under one pinned tile, each call L2-flushed and bracketed by its own pre-primed event pair, the FIRST call of every burst discarded as a drained-queue launch, a host-side idle gap after each burst setting the sustained duty cycle, and the SM clock, board power and memory clock read through NVML with the burst still in flight; NOT timing.TIMING_BASIS | duty 0.25 | each idle gap sized from its own burst (gap_basis burst)",,iters=supplied as None; sglang=package not installed,1,3.12.14,173.5850634662988,"measured on this device: NVIDIA GH200 480GB (measured), 646.8 TFLOP/s bf16 over 3726.2 GB/s (triad pattern); calibrated 2026-09-28 at 684a9e98",,200.0,2.13.0,3.7.1,2026-09-28T23:09:09+00:00,0.27.1,300.0
shared,6,32,7,224,1792,1,576,5.0074238777160645,4.982848167419434,0.03432836528571197,30,3,319.6106243133545,"scripts/clock_elasticity.py: bursts of N back-to-back fused_experts calls under one pinned tile, each call L2-flushed and bracketed by its own pre-primed event pair, the FIRST call of every burst discarded as a drained-queue launch, a host-side idle gap after each burst setting the sustained duty cycle, and the SM clock, board power and memory clock read through NVML with the burst still in flight; NOT timing.TIMING_BASIS",1710.0,False,high,False,True,ok,"LEVEL HIGH (recorded, never an exclusion here): loaded clock 1710 MHz against the 1425 MHz reference. At a duty cycle below 1.0 a HIGH reading is the experiment working, not a cell to drop.; DRIFT failed, settling upward: 1590 -> 1710 MHz over 15 bursts; this cell is EXCLUDED",0.25,315.678,0.2498887233063665,7,105.09470293822231,burst,5.0122880935668945,5.0037760734558105,True,1590 1710 1710 1710 1710 1605 1710 1710 1710 1710 1680 1710 1710 1710 1710,False,3726.208637518389,"measured on this device: NVIDIA GH200 480GB (measured), 3726.2 GB/s (triad pattern)",13.0,580.105.08,True,1,684a9e9880f158b02ef3305c67bc5787aa9485d9,NVIDIA GH200 480GB,192-222-58-207,"scripts/clock_elasticity.py: bursts of N back-to-back fused_experts calls under one pinned tile, each call L2-flushed and bracketed by its own pre-primed event pair, the FIRST call of every burst discarded as a drained-queue launch, a host-side idle gap after each burst setting the sustained duty cycle, and the SM clock, board power and memory clock read through NVML with the burst still in flight; NOT timing.TIMING_BASIS | duty 0.25 | each idle gap sized from its own burst (gap_basis burst)",,iters=supplied as None; sglang=package not installed,1,3.12.14,173.5850634662988,"measured on this device: NVIDIA GH200 480GB (measured), 646.8 TFLOP/s bf16 over 3726.2 GB/s (triad pattern); calibrated 2026-09-28 at 684a9e98",,200.0,2.13.0,3.7.1,2026-09-28T23:09:09+00:00,0.27.1,300.0
private,6,32,7,224,1792,7,576,7.285759925842285,7.281856060028076,0.002864637831105955,20,3,366.1870713233948,"scripts/clock_elasticity.py: bursts of N back-to-back fused_experts calls under one pinned tile, each call L2-flushed and bracketed by its own pre-primed event pair, the FIRST call of every burst discarded as a drained-queue launch, a host-side idle gap after each burst setting the sustained duty cycle, and the SM clock, board power and memory clock read through NVML with the burst still in flight; NOT timing.TIMING_BASIS",1710.0,False,high,True,True,ok,"LEVEL HIGH (recorded, never an exclusion here): loaded clock 1710 MHz against the 1425 MHz reference. At a duty cycle below 1.0 a HIGH reading is the experiment working, not a cell to drop.",0.25,317.705,0.2498841192272833,5,109.30909135444381,burst,7.286496162414551,7.284639835357666,True,1710 1710 1710 1710 1710 1710 1710 1710 1620 1710 1590 1710 1710 1710 1710,False,3726.208637518389,"measured on this device: NVIDIA GH200 480GB (measured), 3726.2 GB/s (triad pattern)",13.0,580.105.08,True,1,684a9e9880f158b02ef3305c67bc5787aa9485d9,NVIDIA GH200 480GB,192-222-58-207,"scripts/clock_elasticity.py: bursts of N back-to-back fused_experts calls under one pinned tile, each call L2-flushed and bracketed by its own pre-primed event pair, the FIRST call of every burst discarded as a drained-queue launch, a host-side idle gap after each burst setting the sustained duty cycle, and the SM clock, board power and memory clock read through NVML with the burst still in flight; NOT timing.TIMING_BASIS | duty 0.25 | each idle gap sized from its own burst (gap_basis burst)",,iters=supplied as None; sglang=package not installed,1,3.12.14,173.5850634662988,"measured on this device: NVIDIA GH200 480GB (measured), 646.8 TFLOP/s bf16 over 3726.2 GB/s (triad pattern); calibrated 2026-09-28 at 684a9e98",,200.0,2.13.0,3.7.1,2026-09-28T23:09:09+00:00,0.27.1,300.0
native,6,32,8,256,2048,1,64,5.643728017807007,5.634047985076904,0.019873293760538868,30,3,319.79657649993896,"scripts/clock_elasticity.py: bursts of N back-to-back fused_experts calls under one pinned tile, each call L2-flushed and bracketed by its own pre-primed event pair, the FIRST call of every burst discarded as a drained-queue launch, a host-side idle gap after each burst setting the sustained duty cycle, and the SM clock, board power and memory clock read through NVML with the burst still in flight; NOT timing.TIMING_BASIS",1710.0,False,high,True,True,ok,"LEVEL HIGH (recorded, never an exclusion here): loaded clock 1710 MHz against the 1425 MHz reference. At a duty cycle below 1.0 a HIGH reading is the experiment working, not a cell to drop.",0.25,304.3,0.24989193572970111,7,118.56980719466081,burst,5.647136211395264,5.659615993499756,True,1710 1710 1710 1710 1710 1710 1710 1710 1710 1710 1680 1710 1710 1710 1710,False,3726.208637518389,"measured on this device: NVIDIA GH200 480GB (measured), 3726.2 GB/s (triad pattern)",13.0,580.105.08,True,1,684a9e9880f158b02ef3305c67bc5787aa9485d9,NVIDIA GH200 480GB,192-222-58-207,"scripts/clock_elasticity.py: bursts of N back-to-back fused_experts calls under one pinned tile, each call L2-flushed and bracketed by its own pre-primed event pair, the FIRST call of every burst discarded as a drained-queue launch, a host-side idle gap after each burst setting the sustained duty cycle, and the SM clock, board power and memory clock read through NVML with the burst still in flight; NOT timing.TIMING_BASIS | duty 0.25 | each idle gap sized from its own burst (gap_basis burst)",,iters=supplied as None; sglang=package not installed,1,3.12.14,173.5850634662988,"measured on this device: NVIDIA GH200 480GB (measured), 646.8 TFLOP/s bf16 over 3726.2 GB/s (triad pattern); calibrated 2026-09-28 at 684a9e98",,200.0,2.13.0,3.7.1,2026-09-28T23:09:09+00:00,0.27.1,300.0
shared,6,32,8,256,2048,1,576,5.694144010543823,5.678592205047607,0.00851552240644535,30,3,322.24009561538696,"scripts/clock_elasticity.py: bursts of N back-to-back fused_experts calls under one pinned tile, each call L2-flushed and bracketed by its own pre-primed event pair, the FIRST call of every burst discarded as a drained-queue launch, a host-side idle gap after each burst setting the sustained duty cycle, and the SM clock, board power and memory clock read through NVML with the burst still in flight; NOT timing.TIMING_BASIS",1710.0,False,high,True,True,ok,"LEVEL HIGH (recorded, never an exclusion here): loaded clock 1710 MHz against the 1425 MHz reference. At a duty cycle below 1.0 a HIGH reading is the experiment working, not a cell to drop.",0.25,300.651,0.24990302054116262,7,119.56157785133837,burst,5.69923210144043,5.68998384475708,True,1710 1680 1710 1710 1710 1710 1710 1710 1710 1710 1710 1635 1710 1710 1710,False,3726.208637518389,"measured on this device: NVIDIA GH200 480GB (measured), 3726.2 GB/s (triad pattern)",13.0,580.105.08,True,1,684a9e9880f158b02ef3305c67bc5787aa9485d9,NVIDIA GH200 480GB,192-222-58-207,"scripts/clock_elasticity.py: bursts of N back-to-back fused_experts calls under one pinned tile, each call L2-flushed and bracketed by its own pre-primed event pair, the FIRST call of every burst discarded as a drained-queue launch, a host-side idle gap after each burst setting the sustained duty cycle, and the SM clock, board power and memory clock read through NVML with the burst still in flight; NOT timing.TIMING_BASIS | duty 0.25 | each idle gap sized from its own burst (gap_basis burst)",,iters=supplied as None; sglang=package not installed,1,3.12.14,173.5850634662988,"measured on this device: NVIDIA GH200 480GB (measured), 646.8 TFLOP/s bf16 over 3726.2 GB/s (triad pattern); calibrated 2026-09-28 at 684a9e98",,200.0,2.13.0,3.7.1,2026-09-28T23:09:09+00:00,0.27.1,300.0
private,6,32,8,256,2048,8,576,8.335360050201416,8.329631805419922,0.0029793261251194023,20,3,334.98595333099365,"scripts/clock_elasticity.py: bursts of N back-to-back fused_experts calls under one pinned tile, each call L2-flushed and bracketed by its own pre-primed event pair, the FIRST call of every burst discarded as a drained-queue launch, a host-side idle gap after each burst setting the sustained duty cycle, and the SM clock, board power and memory clock read through NVML with the burst still in flight; NOT timing.TIMING_BASIS",1710.0,False,high,True,True,ok,"LEVEL HIGH (recorded, never an exclusion here): loaded clock 1710 MHz against the 1425 MHz reference. At a duty cycle below 1.0 a HIGH reading is the experiment working, not a cell to drop.",0.25,313.253,0.24990079414731697,5,125.08664780770779,burst,8.334783554077148,8.336735725402832,True,1710 1695 1710 1710 1575 1710 1710 1695 1710 1710 1590 1710 1710 1710 1710,False,3726.208637518389,"measured on this device: NVIDIA GH200 480GB (measured), 3726.2 GB/s (triad pattern)",13.0,580.105.08,True,1,684a9e9880f158b02ef3305c67bc5787aa9485d9,NVIDIA GH200 480GB,192-222-58-207,"scripts/clock_elasticity.py: bursts of N back-to-back fused_experts calls under one pinned tile, each call L2-flushed and bracketed by its own pre-primed event pair, the FIRST call of every burst discarded as a drained-queue launch, a host-side idle gap after each burst setting the sustained duty cycle, and the SM clock, board power and memory clock read through NVML with the burst still in flight; NOT timing.TIMING_BASIS | duty 0.25 | each idle gap sized from its own burst (gap_basis burst)",,iters=supplied as None; sglang=package not installed,1,3.12.14,173.5850634662988,"measured on this device: NVIDIA GH200 480GB (measured), 646.8 TFLOP/s bf16 over 3726.2 GB/s (triad pattern); calibrated 2026-09-28 at 684a9e98",,200.0,2.13.0,3.7.1,2026-09-28T23:09:09+00:00,0.27.1,300.0
native,6,32,9,288,2304,1,64,6.350175857543945,6.331999778747559,0.039083830872148916,25,3,309.74239921569824,"scripts/clock_elasticity.py: bursts of N back-to-back fused_experts calls under one pinned tile, each call L2-flushed and bracketed by its own pre-primed event pair, the FIRST call of every burst discarded as a drained-queue launch, a host-side idle gap after each burst setting the sustained duty cycle, and the SM clock, board power and memory clock read through NVML with the burst still in flight; NOT timing.TIMING_BASIS",1710.0,False,high,True,True,ok,"LEVEL HIGH (recorded, never an exclusion here): loaded clock 1710 MHz against the 1425 MHz reference. At a duty cycle below 1.0 a HIGH reading is the experiment working, not a cell to drop.",0.25,319.746,0.24989811710268098,6,114.40101493949622,burst,6.354112148284912,6.350719928741455,True,1710 1710 1710 1710 1710 1710 1710 1710 1710 1710 1710 1680 1710 1710 1710,False,3726.208637518389,"measured on this device: NVIDIA GH200 480GB (measured), 3726.2 GB/s (triad pattern)",13.0,580.105.08,True,1,684a9e9880f158b02ef3305c67bc5787aa9485d9,NVIDIA GH200 480GB,192-222-58-207,"scripts/clock_elasticity.py: bursts of N back-to-back fused_experts calls under one pinned tile, each call L2-flushed and bracketed by its own pre-primed event pair, the FIRST call of every burst discarded as a drained-queue launch, a host-side idle gap after each burst setting the sustained duty cycle, and the SM clock, board power and memory clock read through NVML with the burst still in flight; NOT timing.TIMING_BASIS | duty 0.25 | each idle gap sized from its own burst (gap_basis burst)",,iters=supplied as None; sglang=package not installed,1,3.12.14,173.5850634662988,"measured on this device: NVIDIA GH200 480GB (measured), 646.8 TFLOP/s bf16 over 3726.2 GB/s (triad pattern); calibrated 2026-09-28 at 684a9e98",,200.0,2.13.0,3.7.1,2026-09-28T23:09:09+00:00,0.27.1,300.0
shared,6,32,9,288,2304,1,576,6.410848140716553,6.388864040374756,0.041647450077316045,25,3,350.3012170791626,"scripts/clock_elasticity.py: bursts of N back-to-back fused_experts calls under one pinned tile, each call L2-flushed and bracketed by its own pre-primed event pair, the FIRST call of every burst discarded as a drained-queue launch, a host-side idle gap after each burst setting the sustained duty cycle, and the SM clock, board power and memory clock read through NVML with the burst still in flight; NOT timing.TIMING_BASIS",1710.0,False,high,True,True,ok,"LEVEL HIGH (recorded, never an exclusion here): loaded clock 1710 MHz against the 1425 MHz reference. At a duty cycle below 1.0 a HIGH reading is the experiment working, not a cell to drop.",0.25,311.216,0.24989045293366752,6,115.47701181125011,burst,6.414015769958496,6.417312145233154,True,1710 1710 1710 1710 1710 1710 1605 1710 1710 1710 1710 1710 1680 1710 1710,False,3726.208637518389,"measured on this device: NVIDIA GH200 480GB (measured), 3726.2 GB/s (triad pattern)",13.0,580.105.08,True,1,684a9e9880f158b02ef3305c67bc5787aa9485d9,NVIDIA GH200 480GB,192-222-58-207,"scripts/clock_elasticity.py: bursts of N back-to-back fused_experts calls under one pinned tile, each call L2-flushed and bracketed by its own pre-primed event pair, the FIRST call of every burst discarded as a drained-queue launch, a host-side idle gap after each burst setting the sustained duty cycle, and the SM clock, board power and memory clock read through NVML with the burst still in flight; NOT timing.TIMING_BASIS | duty 0.25 | each idle gap sized from its own burst (gap_basis burst)",,iters=supplied as None; sglang=package not installed,1,3.12.14,173.5850634662988,"measured on this device: NVIDIA GH200 480GB (measured), 646.8 TFLOP/s bf16 over 3726.2 GB/s (triad pattern); calibrated 2026-09-28 at 684a9e98",,200.0,2.13.0,3.7.1,2026-09-28T23:09:09+00:00,0.27.1,300.0
private,6,32,9,288,2304,9,576,9.377440452575684,9.372480392456055,0.002051955931012013,15,3,301.8236780166626,"scripts/clock_elasticity.py: bursts of N back-to-back fused_experts calls under one pinned tile, each call L2-flushed and bracketed by its own pre-primed event pair, the FIRST call of every burst discarded as a drained-queue launch, a host-side idle gap after each burst setting the sustained duty cycle, and the SM clock, board power and memory clock read through NVML with the burst still in flight; NOT timing.TIMING_BASIS",1710.0,False,high,True,True,ok,"LEVEL HIGH (recorded, never an exclusion here): loaded clock 1710 MHz against the 1425 MHz reference. At a duty cycle below 1.0 a HIGH reading is the experiment working, not a cell to drop.",0.25,319.815,0.24989640493327456,4,112.63715050178871,burst,,,,1710 1710 1710 1710 1710 1710 1710 1575 1710 1710 1710 1575 1710 1710 1710,False,3726.208637518389,"measured on this device: NVIDIA GH200 480GB (measured), 3726.2 GB/s (triad pattern)",13.0,580.105.08,True,1,684a9e9880f158b02ef3305c67bc5787aa9485d9,NVIDIA GH200 480GB,192-222-58-207,"scripts/clock_elasticity.py: bursts of N back-to-back fused_experts calls under one pinned tile, each call L2-flushed and bracketed by its own pre-primed event pair, the FIRST call of every burst discarded as a drained-queue launch, a host-side idle gap after each burst setting the sustained duty cycle, and the SM clock, board power and memory clock read through NVML with the burst still in flight; NOT timing.TIMING_BASIS | duty 0.25 | each idle gap sized from its own burst (gap_basis burst)",,iters=supplied as None; sglang=package not installed,1,3.12.14,173.5850634662988,"measured on this device: NVIDIA GH200 480GB (measured), 646.8 TFLOP/s bf16 over 3726.2 GB/s (triad pattern); calibrated 2026-09-28 at 684a9e98",,200.0,2.13.0,3.7.1,2026-09-28T23:09:09+00:00,0.27.1,300.0
shared,7,32,9,288,2304,1,576,6.404416084289551,6.391488075256348,0.05521471266403823,25,3,312.57615995407104,"scripts/clock_elasticity.py: bursts of N back-to-back fused_experts calls under one pinned tile, each call L2-flushed and bracketed by its own pre-primed event pair, the FIRST call of every burst discarded as a drained-queue launch, a host-side idle gap after each burst setting the sustained duty cycle, and the SM clock, board power and memory clock read through NVML with the burst still in flight; NOT timing.TIMING_BASIS",1710.0,False,high,True,True,ok,"LEVEL HIGH (recorded, never an exclusion here): loaded clock 1710 MHz against the 1425 MHz reference. At a duty cycle below 1.0 a HIGH reading is the experiment working, not a cell to drop.",0.25,319.461,0.24989414850389363,6,115.36913851968711,burst,6.409535884857178,6.40937614440918,True,1710 1710 1710 1710 1710 1710 1710 1710 1710 1710 1710 1710 1710 1635 1710,False,3726.208637518389,"measured on this device: NVIDIA GH200 480GB (measured), 3726.2 GB/s (triad pattern)",13.0,580.105.08,True,1,684a9e9880f158b02ef3305c67bc5787aa9485d9,NVIDIA GH200 480GB,192-222-58-207,"scripts/clock_elasticity.py: bursts of N back-to-back fused_experts calls under one pinned tile, each call L2-flushed and bracketed by its own pre-primed event pair, the FIRST call of every burst discarded as a drained-queue launch, a host-side idle gap after each burst setting the sustained duty cycle, and the SM clock, board power and memory clock read through NVML with the burst still in flight; NOT timing.TIMING_BASIS | duty 0.25 | each idle gap sized from its own burst (gap_basis burst)",,iters=supplied as None; sglang=package not installed,1,3.12.14,173.5850634662988,"measured on this device: NVIDIA GH200 480GB (measured), 646.8 TFLOP/s bf16 over 3726.2 GB/s (triad pattern); calibrated 2026-09-28 at 684a9e98",,200.0,2.13.0,3.7.1,2026-09-28T23:09:09+00:00,0.27.1,300.0
private,7,32,9,288,2304,9,576,9.37775993347168,9.373279571533203,0.0031850279780049643,15,3,301.4420156478882,"scripts/clock_elasticity.py: bursts of N back-to-back fused_experts calls under one pinned tile, each call L2-flushed and bracketed by its own pre-primed event pair, the FIRST call of every burst discarded as a drained-queue launch, a host-side idle gap after each burst setting the sustained duty cycle, and the SM clock, board power and memory clock read through NVML with the burst still in flight; NOT timing.TIMING_BASIS",1710.0,False,high,True,True,ok,"LEVEL HIGH (recorded, never an exclusion here): loaded clock 1710 MHz against the 1425 MHz reference. At a duty cycle below 1.0 a HIGH reading is the experiment working, not a cell to drop.",0.25,320.959,0.24988829149827838,4,112.64757922734134,burst,,,,1695 1710 1695 1710 1695 1710 1590 1710 1710 1710 1620 1710 1710 1710 1635,False,3726.208637518389,"measured on this device: NVIDIA GH200 480GB (measured), 3726.2 GB/s (triad pattern)",13.0,580.105.08,True,1,684a9e9880f158b02ef3305c67bc5787aa9485d9,NVIDIA GH200 480GB,192-222-58-207,"scripts/clock_elasticity.py: bursts of N back-to-back fused_experts calls under one pinned tile, each call L2-flushed and bracketed by its own pre-primed event pair, the FIRST call of every burst discarded as a drained-queue launch, a host-side idle gap after each burst setting the sustained duty cycle, and the SM clock, board power and memory clock read through NVML with the burst still in flight; NOT timing.TIMING_BASIS | duty 0.25 | each idle gap sized from its own burst (gap_basis burst)",,iters=supplied as None; sglang=package not installed,1,3.12.14,173.5850634662988,"measured on this device: NVIDIA GH200 480GB (measured), 646.8 TFLOP/s bf16 over 3726.2 GB/s (triad pattern); calibrated 2026-09-28 at 684a9e98",,200.0,2.13.0,3.7.1,2026-09-28T23:09:09+00:00,0.27.1,300.0
native,7,32,9,288,2304,1,64,6.349343776702881,6.333536148071289,0.044460307649309694,25,3,309.77468729019165,"scripts/clock_elasticity.py: bursts of N back-to-back fused_experts calls under one pinned tile, each call L2-flushed and bracketed by its own pre-primed event pair, the FIRST call of every burst discarded as a drained-queue launch, a host-side idle gap after each burst setting the sustained duty cycle, and the SM clock, board power and memory clock read through NVML with the burst still in flight; NOT timing.TIMING_BASIS",1710.0,False,high,True,True,ok,"LEVEL HIGH (recorded, never an exclusion here): loaded clock 1710 MHz against the 1425 MHz reference. At a duty cycle below 1.0 a HIGH reading is the experiment working, not a cell to drop.",0.25,322.326,0.24989175345968626,6,114.39701647844777,burst,6.349184036254883,6.358016014099121,True,1710 1710 1710 1710 1710 1710 1710 1710 1710 1590 1710 1710 1710 1710 1710,False,3726.208637518389,"measured on this device: NVIDIA GH200 480GB (measured), 3726.2 GB/s (triad pattern)",13.0,580.105.08,True,1,684a9e9880f158b02ef3305c67bc5787aa9485d9,NVIDIA GH200 480GB,192-222-58-207,"scripts/clock_elasticity.py: bursts of N back-to-back fused_experts calls under one pinned tile, each call L2-flushed and bracketed by its own pre-primed event pair, the FIRST call of every burst discarded as a drained-queue launch, a host-side idle gap after each burst setting the sustained duty cycle, and the SM clock, board power and memory clock read through NVML with the burst still in flight; NOT timing.TIMING_BASIS | duty 0.25 | each idle gap sized from its own burst (gap_basis burst)",,iters=supplied as None; sglang=package not installed,1,3.12.14,173.5850634662988,"measured on this device: NVIDIA GH200 480GB (measured), 646.8 TFLOP/s bf16 over 3726.2 GB/s (triad pattern); calibrated 2026-09-28 at 684a9e98",,200.0,2.13.0,3.7.1,2026-09-28T23:09:09+00:00,0.27.1,300.0
shared,7,32,8,256,2048,1,576,5.695903778076172,5.677984237670898,0.01650147581148859,30,3,362.7373456954956,"scripts/clock_elasticity.py: bursts of N back-to-back fused_experts calls under one pinned tile, each call L2-flushed and bracketed by its own pre-primed event pair, the FIRST call of every burst discarded as a drained-queue launch, a host-side idle gap after each burst setting the sustained duty cycle, and the SM clock, board power and memory clock read through NVML with the burst still in flight; NOT timing.TIMING_BASIS",1710.0,False,high,True,True,ok,"LEVEL HIGH (recorded, never an exclusion here): loaded clock 1710 MHz against the 1425 MHz reference. At a duty cycle below 1.0 a HIGH reading is the experiment working, not a cell to drop.",0.25,301.652,0.24989572088403156,7,119.61671251762162,burst,5.698304176330566,5.6981120109558105,True,1710 1710 1710 1710 1710 1710 1710 1710 1710 1710 1710 1710 1710 1710 1710,False,3726.208637518389,"measured on this device: NVIDIA GH200 480GB (measured), 3726.2 GB/s (triad pattern)",13.0,580.105.08,True,1,684a9e9880f158b02ef3305c67bc5787aa9485d9,NVIDIA GH200 480GB,192-222-58-207,"scripts/clock_elasticity.py: bursts of N back-to-back fused_experts calls under one pinned tile, each call L2-flushed and bracketed by its own pre-primed event pair, the FIRST call of every burst discarded as a drained-queue launch, a host-side idle gap after each burst setting the sustained duty cycle, and the SM clock, board power and memory clock read through NVML with the burst still in flight; NOT timing.TIMING_BASIS | duty 0.25 | each idle gap sized from its own burst (gap_basis burst)",,iters=supplied as None; sglang=package not installed,1,3.12.14,173.5850634662988,"measured on this device: NVIDIA GH200 480GB (measured), 646.8 TFLOP/s bf16 over 3726.2 GB/s (triad pattern); calibrated 2026-09-28 at 684a9e98",,200.0,2.13.0,3.7.1,2026-09-28T23:09:09+00:00,0.27.1,300.0
private,7,32,8,256,2048,8,576,8.334751605987549,8.328224182128906,0.003894437698826875,20,3,335.1565771102905,"scripts/clock_elasticity.py: bursts of N back-to-back fused_experts calls under one pinned tile, each call L2-flushed and bracketed by its own pre-primed event pair, the FIRST call of every burst discarded as a drained-queue launch, a host-side idle gap after each burst setting the sustained duty cycle, and the SM clock, board power and memory clock read through NVML with the burst still in flight; NOT timing.TIMING_BASIS",1710.0,False,high,False,True,ok,"LEVEL HIGH (recorded, never an exclusion here): loaded clock 1710 MHz against the 1425 MHz reference. At a duty cycle below 1.0 a HIGH reading is the experiment working, not a cell to drop.; DRIFT failed, settling upward: 1575 -> 1710 MHz over 15 bursts; this cell is EXCLUDED",0.25,313.815,0.2499090893909034,5,125.02245937669068,burst,8.335647583007812,8.335007667541504,True,1575 1710 1710 1695 1710 1710 1575 1710 1710 1710 1710 1710 1590 1710 1710,False,3726.208637518389,"measured on this device: NVIDIA GH200 480GB (measured), 3726.2 GB/s (triad pattern)",13.0,580.105.08,True,1,684a9e9880f158b02ef3305c67bc5787aa9485d9,NVIDIA GH200 480GB,192-222-58-207,"scripts/clock_elasticity.py: bursts of N back-to-back fused_experts calls under one pinned tile, each call L2-flushed and bracketed by its own pre-primed event pair, the FIRST call of every burst discarded as a drained-queue launch, a host-side idle gap after each burst setting the sustained duty cycle, and the SM clock, board power and memory clock read through NVML with the burst still in flight; NOT timing.TIMING_BASIS | duty 0.25 | each idle gap sized from its own burst (gap_basis burst)",,iters=supplied as None; sglang=package not installed,1,3.12.14,173.5850634662988,"measured on this device: NVIDIA GH200 480GB (measured), 646.8 TFLOP/s bf16 over 3726.2 GB/s (triad pattern); calibrated 2026-09-28 at 684a9e98",,200.0,2.13.0,3.7.1,2026-09-28T23:09:09+00:00,0.27.1,300.0
native,7,32,8,256,2048,1,64,5.6411519050598145,5.631008148193359,0.013329501847936014,30,3,359.72966384887695,"scripts/clock_elasticity.py: bursts of N back-to-back fused_experts calls under one pinned tile, each call L2-flushed and bracketed by its own pre-primed event pair, the FIRST call of every burst discarded as a drained-queue launch, a host-side idle gap after each burst setting the sustained duty cycle, and the SM clock, board power and memory clock read through NVML with the burst still in flight; NOT timing.TIMING_BASIS",1710.0,False,high,True,True,ok,"LEVEL HIGH (recorded, never an exclusion here): loaded clock 1710 MHz against the 1425 MHz reference. At a duty cycle below 1.0 a HIGH reading is the experiment working, not a cell to drop.",0.25,304.907,0.24989734479625775,7,118.52954720838171,burst,5.643104076385498,5.638495922088623,True,1710 1710 1665 1710 1710 1710 1710 1710 1710 1710 1710 1710 1710 1710 1665,False,3726.208637518389,"measured on this device: NVIDIA GH200 480GB (measured), 3726.2 GB/s (triad pattern)",13.0,580.105.08,True,1,684a9e9880f158b02ef3305c67bc5787aa9485d9,NVIDIA GH200 480GB,192-222-58-207,"scripts/clock_elasticity.py: bursts of N back-to-back fused_experts calls under one pinned tile, each call L2-flushed and bracketed by its own pre-primed event pair, the FIRST call of every burst discarded as a drained-queue launch, a host-side idle gap after each burst setting the sustained duty cycle, and the SM clock, board power and memory clock read through NVML with the burst still in flight; NOT timing.TIMING_BASIS | duty 0.25 | each idle gap sized from its own burst (gap_basis burst)",,iters=supplied as None; sglang=package not installed,1,3.12.14,173.5850634662988,"measured on this device: NVIDIA GH200 480GB (measured), 646.8 TFLOP/s bf16 over 3726.2 GB/s (triad pattern); calibrated 2026-09-28 at 684a9e98",,200.0,2.13.0,3.7.1,2026-09-28T23:09:09+00:00,0.27.1,300.0
shared,7,32,7,224,1792,1,576,5.0036962032318115,4.979231834411621,0.02669762949105672,30,3,389.4615340232849,"scripts/clock_elasticity.py: bursts of N back-to-back fused_experts calls under one pinned tile, each call L2-flushed and bracketed by its own pre-primed event pair, the FIRST call of every burst discarded as a drained-queue launch, a host-side idle gap after each burst setting the sustained duty cycle, and the SM clock, board power and memory clock read through NVML with the burst still in flight; NOT timing.TIMING_BASIS",1710.0,False,high,True,True,ok,"LEVEL HIGH (recorded, never an exclusion here): loaded clock 1710 MHz against the 1425 MHz reference. At a duty cycle below 1.0 a HIGH reading is the experiment working, not a cell to drop.",0.25,314.197,0.24987901314047314,7,105.13796819087293,burst,5.005311965942383,5.006464004516602,True,1710 1710 1605 1710 1635 1710 1710 1710 1710 1710 1710 1710 1710 1710 1710,False,3726.208637518389,"measured on this device: NVIDIA GH200 480GB (measured), 3726.2 GB/s (triad pattern)",13.0,580.105.08,True,1,684a9e9880f158b02ef3305c67bc5787aa9485d9,NVIDIA GH200 480GB,192-222-58-207,"scripts/clock_elasticity.py: bursts of N back-to-back fused_experts calls under one pinned tile, each call L2-flushed and bracketed by its own pre-primed event pair, the FIRST call of every burst discarded as a drained-queue launch, a host-side idle gap after each burst setting the sustained duty cycle, and the SM clock, board power and memory clock read through NVML with the burst still in flight; NOT timing.TIMING_BASIS | duty 0.25 | each idle gap sized from its own burst (gap_basis burst)",,iters=supplied as None; sglang=package not installed,1,3.12.14,173.5850634662988,"measured on this device: NVIDIA GH200 480GB (measured), 646.8 TFLOP/s bf16 over 3726.2 GB/s (triad pattern); calibrated 2026-09-28 at 684a9e98",,200.0,2.13.0,3.7.1,2026-09-28T23:09:09+00:00,0.27.1,300.0
private,7,32,7,224,1792,7,576,7.2858240604400635,7.281311988830566,0.002581083529626266,20,3,329.4656958580017,"scripts/clock_elasticity.py: bursts of N back-to-back fused_experts calls under one pinned tile, each call L2-flushed and bracketed by its own pre-primed event pair, the FIRST call of every burst discarded as a drained-queue launch, a host-side idle gap after each burst setting the sustained duty cycle, and the SM clock, board power and memory clock read through NVML with the burst still in flight; NOT timing.TIMING_BASIS",1710.0,False,high,True,True,ok,"LEVEL HIGH (recorded, never an exclusion here): loaded clock 1710 MHz against the 1425 MHz reference. At a duty cycle below 1.0 a HIGH reading is the experiment working, not a cell to drop.",0.25,315.562,0.24989968992150516,5,109.26403677765484,burst,7.2860798835754395,7.285888195037842,True,1710 1710 1605 1710 1710 1710 1710 1710 1605 1710 1710 1710 1710 1710 1710,False,3726.208637518389,"measured on this device: NVIDIA GH200 480GB (measured), 3726.2 GB/s (triad pattern)",13.0,580.105.08,True,1,684a9e9880f158b02ef3305c67bc5787aa9485d9,NVIDIA GH200 480GB,192-222-58-207,"scripts/clock_elasticity.py: bursts of N back-to-back fused_experts calls under one pinned tile, each call L2-flushed and bracketed by its own pre-primed event pair, the FIRST call of every burst discarded as a drained-queue launch, a host-side idle gap after each burst setting the sustained duty cycle, and the SM clock, board power and memory clock read through NVML with the burst still in flight; NOT timing.TIMING_BASIS | duty 0.25 | each idle gap sized from its own burst (gap_basis burst)",,iters=supplied as None; sglang=package not installed,1,3.12.14,173.5850634662988,"measured on this device: NVIDIA GH200 480GB (measured), 646.8 TFLOP/s bf16 over 3726.2 GB/s (triad pattern); calibrated 2026-09-28 at 684a9e98",,200.0,2.13.0,3.7.1,2026-09-28T23:09:09+00:00,0.27.1,300.0
native,7,32,7,224,1792,1,64,4.953903913497925,4.9317121505737305,0.03494135246590171,30,3,317.43311977386475,"scripts/clock_elasticity.py: bursts of N back-to-back fused_experts calls under one pinned tile, each call L2-flushed and bracketed by its own pre-primed event pair, the FIRST call of every burst discarded as a drained-queue launch, a host-side idle gap after each burst setting the sustained duty cycle, and the SM clock, board power and memory clock read through NVML with the burst still in flight; NOT timing.TIMING_BASIS",1710.0,False,high,True,True,ok,"LEVEL HIGH (recorded, never an exclusion here): loaded clock 1710 MHz against the 1425 MHz reference. At a duty cycle below 1.0 a HIGH reading is the experiment working, not a cell to drop.",0.25,318.089,0.24987964482567687,7,104.2171019720845,burst,4.955776214599609,5.020671844482422,True,1680 1710 1710 1710 1710 1680 1710 1680 1710 1710 1710 1710 1710 1710 1710,False,3726.208637518389,"measured on this device: NVIDIA GH200 480GB (measured), 3726.2 GB/s (triad pattern)",13.0,580.105.08,True,1,684a9e9880f158b02ef3305c67bc5787aa9485d9,NVIDIA GH200 480GB,192-222-58-207,"scripts/clock_elasticity.py: bursts of N back-to-back fused_experts calls under one pinned tile, each call L2-flushed and bracketed by its own pre-primed event pair, the FIRST call of every burst discarded as a drained-queue launch, a host-side idle gap after each burst setting the sustained duty cycle, and the SM clock, board power and memory clock read through NVML with the burst still in flight; NOT timing.TIMING_BASIS | duty 0.25 | each idle gap sized from its own burst (gap_basis burst)",,iters=supplied as None; sglang=package not installed,1,3.12.14,173.5850634662988,"measured on this device: NVIDIA GH200 480GB (measured), 646.8 TFLOP/s bf16 over 3726.2 GB/s (triad pattern); calibrated 2026-09-28 at 684a9e98",,200.0,2.13.0,3.7.1,2026-09-28T23:09:09+00:00,0.27.1,300.0
shared,7,32,6,192,1536,1,576,4.302512168884277,4.282015800476074,0.031568731630822036,40,3,392.0548791885376,"scripts/clock_elasticity.py: bursts of N back-to-back fused_experts calls under one pinned tile, each call L2-flushed and bracketed by its own pre-primed event pair, the FIRST call of every burst discarded as a drained-queue launch, a host-side idle gap after each burst setting the sustained duty cycle, and the SM clock, board power and memory clock read through NVML with the burst still in flight; NOT timing.TIMING_BASIS",1710.0,False,high,True,True,ok,"LEVEL HIGH (recorded, never an exclusion here): loaded clock 1710 MHz against the 1425 MHz reference. At a duty cycle below 1.0 a HIGH reading is the experiment working, not a cell to drop.",0.25,313.254,0.2498951886009524,9,116.03051104586484,burst,4.309823989868164,4.3037919998168945,True,1710 1605 1710 1710 1710 1710 1590 1710 1710 1710 1710 1710 1710 1710 1710,False,3726.208637518389,"measured on this device: NVIDIA GH200 480GB (measured), 3726.2 GB/s (triad pattern)",13.0,580.105.08,True,1,684a9e9880f158b02ef3305c67bc5787aa9485d9,NVIDIA GH200 480GB,192-222-58-207,"scripts/clock_elasticity.py: bursts of N back-to-back fused_experts calls under one pinned tile, each call L2-flushed and bracketed by its own pre-primed event pair, the FIRST call of every burst discarded as a drained-queue launch, a host-side idle gap after each burst setting the sustained duty cycle, and the SM clock, board power and memory clock read through NVML with the burst still in flight; NOT timing.TIMING_BASIS | duty 0.25 | each idle gap sized from its own burst (gap_basis burst)",,iters=supplied as None; sglang=package not installed,1,3.12.14,173.5850634662988,"measured on this device: NVIDIA GH200 480GB (measured), 646.8 TFLOP/s bf16 over 3726.2 GB/s (triad pattern); calibrated 2026-09-28 at 684a9e98",,200.0,2.13.0,3.7.1,2026-09-28T23:09:09+00:00,0.27.1,300.0
private,7,32,6,192,1536,6,576,6.25267219543457,6.248640060424805,0.0028476664198657333,25,3,301.664608001709,"scripts/clock_elasticity.py: bursts of N back-to-back fused_experts calls under one pinned tile, each call L2-flushed and bracketed by its own pre-primed event pair, the FIRST call of every burst discarded as a drained-queue launch, a host-side idle gap after each burst setting the sustained duty cycle, and the SM clock, board power and memory clock read through NVML with the burst still in flight; NOT timing.TIMING_BASIS",1710.0,False,high,True,True,ok,"LEVEL HIGH (recorded, never an exclusion here): loaded clock 1710 MHz against the 1425 MHz reference. At a duty cycle below 1.0 a HIGH reading is the experiment working, not a cell to drop.",0.25,320.36,0.2498965890423907,6,112.45727700112911,burst,6.252384185791016,6.255072116851807,True,1710 1710 1710 1710 1710 1710 1710 1605 1710 1710 1710 1620 1710 1710 1710,False,3726.208637518389,"measured on this device: NVIDIA GH200 480GB (measured), 3726.2 GB/s (triad pattern)",13.0,580.105.08,True,1,684a9e9880f158b02ef3305c67bc5787aa9485d9,NVIDIA GH200 480GB,192-222-58-207,"scripts/clock_elasticity.py: bursts of N back-to-back fused_experts calls under one pinned tile, each call L2-flushed and bracketed by its own pre-primed event pair, the FIRST call of every burst discarded as a drained-queue launch, a host-side idle gap after each burst setting the sustained duty cycle, and the SM clock, board power and memory clock read through NVML with the burst still in flight; NOT timing.TIMING_BASIS | duty 0.25 | each idle gap sized from its own burst (gap_basis burst)",,iters=supplied as None; sglang=package not installed,1,3.12.14,173.5850634662988,"measured on this device: NVIDIA GH200 480GB (measured), 646.8 TFLOP/s bf16 over 3726.2 GB/s (triad pattern); calibrated 2026-09-28 at 684a9e98",,200.0,2.13.0,3.7.1,2026-09-28T23:09:09+00:00,0.27.1,300.0
native,7,32,6,192,1536,1,64,4.25276780128479,4.233312129974365,0.03288435120373966,40,3,387.79267263412476,"scripts/clock_elasticity.py: bursts of N back-to-back fused_experts calls under one pinned tile, each call L2-flushed and bracketed by its own pre-primed event pair, the FIRST call of every burst discarded as a drained-queue launch, a host-side idle gap after each burst setting the sustained duty cycle, and the SM clock, board power and memory clock read through NVML with the burst still in flight; NOT timing.TIMING_BASIS",1710.0,False,high,True,True,ok,"LEVEL HIGH (recorded, never an exclusion here): loaded clock 1710 MHz against the 1425 MHz reference. At a duty cycle below 1.0 a HIGH reading is the experiment working, not a cell to drop.",0.25,325.273,0.24989928672334985,9,114.63646857458662,burst,4.257328033447266,4.254608154296875,True,1710 1710 1710 1710 1710 1710 1665 1710 1590 1710 1710 1710 1710 1710 1710,False,3726.208637518389,"measured on this device: NVIDIA GH200 480GB (measured), 3726.2 GB/s (triad pattern)",13.0,580.105.08,True,1,684a9e9880f158b02ef3305c67bc5787aa9485d9,NVIDIA GH200 480GB,192-222-58-207,"scripts/clock_elasticity.py: bursts of N back-to-back fused_experts calls under one pinned tile, each call L2-flushed and bracketed by its own pre-primed event pair, the FIRST call of every burst discarded as a drained-queue launch, a host-side idle gap after each burst setting the sustained duty cycle, and the SM clock, board power and memory clock read through NVML with the burst still in flight; NOT timing.TIMING_BASIS | duty 0.25 | each idle gap sized from its own burst (gap_basis burst)",,iters=supplied as None; sglang=package not installed,1,3.12.14,173.5850634662988,"measured on this device: NVIDIA GH200 480GB (measured), 646.8 TFLOP/s bf16 over 3726.2 GB/s (triad pattern); calibrated 2026-09-28 at 684a9e98",,200.0,2.13.0,3.7.1,2026-09-28T23:09:09+00:00,0.27.1,300.0
shared,7,32,5,160,1280,1,576,3.6046080589294434,3.5916800498962402,0.038306460561768084,45,3,330.4191675186157,"scripts/clock_elasticity.py: bursts of N back-to-back fused_experts calls under one pinned tile, each call L2-flushed and bracketed by its own pre-primed event pair, the FIRST call of every burst discarded as a drained-queue launch, a host-side idle gap after each burst setting the sustained duty cycle, and the SM clock, board power and memory clock read through NVML with the burst still in flight; NOT timing.TIMING_BASIS",1710.0,False,high,False,True,ok,"LEVEL HIGH (recorded, never an exclusion here): loaded clock 1710 MHz against the 1425 MHz reference. At a duty cycle below 1.0 a HIGH reading is the experiment working, not a cell to drop.; DRIFT failed, dropping: 1710 -> 1590 MHz over 15 bursts; this cell is EXCLUDED",0.25,319.858,0.2498853314980018,10,108.02633986000728,burst,3.6068159341812134,3.607904076576233,True,1710 1665 1695 1575 1710 1680 1710 1710 1710 1665 1710 1710 1710 1710 1590,False,3726.208637518389,"measured on this device: NVIDIA GH200 480GB (measured), 3726.2 GB/s (triad pattern)",13.0,580.105.08,True,1,684a9e9880f158b02ef3305c67bc5787aa9485d9,NVIDIA GH200 480GB,192-222-58-207,"scripts/clock_elasticity.py: bursts of N back-to-back fused_experts calls under one pinned tile, each call L2-flushed and bracketed by its own pre-primed event pair, the FIRST call of every burst discarded as a drained-queue launch, a host-side idle gap after each burst setting the sustained duty cycle, and the SM clock, board power and memory clock read through NVML with the burst still in flight; NOT timing.TIMING_BASIS | duty 0.25 | each idle gap sized from its own burst (gap_basis burst)",,iters=supplied as None; sglang=package not installed,1,3.12.14,173.5850634662988,"measured on this device: NVIDIA GH200 480GB (measured), 646.8 TFLOP/s bf16 over 3726.2 GB/s (triad pattern); calibrated 2026-09-28 at 684a9e98",,200.0,2.13.0,3.7.1,2026-09-28T23:09:09+00:00,0.27.1,300.0
private,7,32,5,160,1280,5,576,5.221792221069336,5.21830415725708,0.00257362054889718,35,3,335.7745957374573,"scripts/clock_elasticity.py: bursts of N back-to-back fused_experts calls under one pinned tile, each call L2-flushed and bracketed by its own pre-primed event pair, the FIRST call of every burst discarded as a drained-queue launch, a host-side idle gap after each burst setting the sustained duty cycle, and the SM clock, board power and memory clock read through NVML with the burst still in flight; NOT timing.TIMING_BASIS",1710.0,False,high,False,True,ok,"LEVEL HIGH (recorded, never an exclusion here): loaded clock 1710 MHz against the 1425 MHz reference. At a duty cycle below 1.0 a HIGH reading is the experiment working, not a cell to drop.; DRIFT failed, settling upward: 1590 -> 1710 MHz over 15 bursts; this cell is EXCLUDED",0.25,313.243,0.2499011611704941,8,125.0740389713683,burst,5.220736026763916,5.222976207733154,True,1590 1710 1710 1710 1710 1710 1710 1710 1710 1710 1710 1710 1710 1710 1710,False,3726.208637518389,"measured on this device: NVIDIA GH200 480GB (measured), 3726.2 GB/s (triad pattern)",13.0,580.105.08,True,1,684a9e9880f158b02ef3305c67bc5787aa9485d9,NVIDIA GH200 480GB,192-222-58-207,"scripts/clock_elasticity.py: bursts of N back-to-back fused_experts calls under one pinned tile, each call L2-flushed and bracketed by its own pre-primed event pair, the FIRST call of every burst discarded as a drained-queue launch, a host-side idle gap after each burst setting the sustained duty cycle, and the SM clock, board power and memory clock read through NVML with the burst still in flight; NOT timing.TIMING_BASIS | duty 0.25 | each idle gap sized from its own burst (gap_basis burst)",,iters=supplied as None; sglang=package not installed,1,3.12.14,173.5850634662988,"measured on this device: NVIDIA GH200 480GB (measured), 646.8 TFLOP/s bf16 over 3726.2 GB/s (triad pattern); calibrated 2026-09-28 at 684a9e98",,200.0,2.13.0,3.7.1,2026-09-28T23:09:09+00:00,0.27.1,300.0
native,7,32,5,160,1280,1,64,3.551071882247925,3.5405759811401367,0.03487936455017427,45,3,325.8598082065582,"scripts/clock_elasticity.py: bursts of N back-to-back fused_experts calls under one pinned tile, each call L2-flushed and bracketed by its own pre-primed event pair, the FIRST call of every burst discarded as a drained-queue launch, a host-side idle gap after each burst setting the sustained duty cycle, and the SM clock, board power and memory clock read through NVML with the burst still in flight; NOT timing.TIMING_BASIS",1710.0,False,high,True,True,ok,"LEVEL HIGH (recorded, never an exclusion here): loaded clock 1710 MHz against the 1425 MHz reference. At a duty cycle below 1.0 a HIGH reading is the experiment working, not a cell to drop.",0.25,319.142,0.24988130603018605,10,106.57146135479707,burst,3.5533599853515625,3.5564799308776855,True,1710 1710 1710 1710 1710 1710 1575 1710 1710 1710 1710 1710 1710 1590 1710,False,3726.208637518389,"measured on this device: NVIDIA GH200 480GB (measured), 3726.2 GB/s (triad pattern)",13.0,580.105.08,True,1,684a9e9880f158b02ef3305c67bc5787aa9485d9,NVIDIA GH200 480GB,192-222-58-207,"scripts/clock_elasticity.py: bursts of N back-to-back fused_experts calls under one pinned tile, each call L2-flushed and bracketed by its own pre-primed event pair, the FIRST call of every burst discarded as a drained-queue launch, a host-side idle gap after each burst setting the sustained duty cycle, and the SM clock, board power and memory clock read through NVML with the burst still in flight; NOT timing.TIMING_BASIS | duty 0.25 | each idle gap sized from its own burst (gap_basis burst)",,iters=supplied as None; sglang=package not installed,1,3.12.14,173.5850634662988,"measured on this device: NVIDIA GH200 480GB (measured), 646.8 TFLOP/s bf16 over 3726.2 GB/s (triad pattern); calibrated 2026-09-28 at 684a9e98",,200.0,2.13.0,3.7.1,2026-09-28T23:09:09+00:00,0.27.1,300.0
shared,7,32,4,128,1024,1,576,2.8905599117279053,2.8799679279327393,0.014280244912819167,60,3,380.4855682849884,"scripts/clock_elasticity.py: bursts of N back-to-back fused_experts calls under one pinned tile, each call L2-flushed and bracketed by its own pre-primed event pair, the FIRST call of every burst discarded as a drained-queue launch, a host-side idle gap after each burst setting the sustained duty cycle, and the SM clock, board power and memory clock read through NVML with the burst still in flight; NOT timing.TIMING_BASIS",1710.0,False,high,True,True,ok,"LEVEL HIGH (recorded, never an exclusion here): loaded clock 1710 MHz against the 1425 MHz reference. At a duty cycle below 1.0 a HIGH reading is the experiment working, not a cell to drop.",0.25,317.964,0.24989700583424768,13,112.25327106690384,burst,2.8951680660247803,2.8954880237579346,True,1710 1710 1710 1710 1710 1710 1710 1710 1710 1710 1710 1710 1710 1710 1710,False,3726.208637518389,"measured on this device: NVIDIA GH200 480GB (measured), 3726.2 GB/s (triad pattern)",13.0,580.105.08,True,1,684a9e9880f158b02ef3305c67bc5787aa9485d9,NVIDIA GH200 480GB,192-222-58-207,"scripts/clock_elasticity.py: bursts of N back-to-back fused_experts calls under one pinned tile, each call L2-flushed and bracketed by its own pre-primed event pair, the FIRST call of every burst discarded as a drained-queue launch, a host-side idle gap after each burst setting the sustained duty cycle, and the SM clock, board power and memory clock read through NVML with the burst still in flight; NOT timing.TIMING_BASIS | duty 0.25 | each idle gap sized from its own burst (gap_basis burst)",,iters=supplied as None; sglang=package not installed,1,3.12.14,173.5850634662988,"measured on this device: NVIDIA GH200 480GB (measured), 646.8 TFLOP/s bf16 over 3726.2 GB/s (triad pattern); calibrated 2026-09-28 at 684a9e98",,200.0,2.13.0,3.7.1,2026-09-28T23:09:09+00:00,0.27.1,300.0
private,7,32,4,128,1024,4,576,4.187055826187134,4.182591915130615,0.002022631646264454,40,3,303.31372594833374,"scripts/clock_elasticity.py: bursts of N back-to-back fused_experts calls under one pinned tile, each call L2-flushed and bracketed by its own pre-primed event pair, the FIRST call of every burst discarded as a drained-queue launch, a host-side idle gap after each burst setting the sustained duty cycle, and the SM clock, board power and memory clock read through NVML with the burst still in flight; NOT timing.TIMING_BASIS",1710.0,False,high,True,True,ok,"LEVEL HIGH (recorded, never an exclusion here): loaded clock 1710 MHz against the 1425 MHz reference. At a duty cycle below 1.0 a HIGH reading is the experiment working, not a cell to drop.",0.25,317.678,0.2498898439531996,9,112.73410357527611,burst,4.187327861785889,4.187295913696289,True,1710 1710 1710 1710 1710 1710 1710 1710 1710 1710 1710 1710 1710 1710 1710,False,3726.208637518389,"measured on this device: NVIDIA GH200 480GB (measured), 3726.2 GB/s (triad pattern)",13.0,580.105.08,True,1,684a9e9880f158b02ef3305c67bc5787aa9485d9,NVIDIA GH200 480GB,192-222-58-207,"scripts/clock_elasticity.py: bursts of N back-to-back fused_experts calls under one pinned tile, each call L2-flushed and bracketed by its own pre-primed event pair, the FIRST call of every burst discarded as a drained-queue launch, a host-side idle gap after each burst setting the sustained duty cycle, and the SM clock, board power and memory clock read through NVML with the burst still in flight; NOT timing.TIMING_BASIS | duty 0.25 | each idle gap sized from its own burst (gap_basis burst)",,iters=supplied as None; sglang=package not installed,1,3.12.14,173.5850634662988,"measured on this device: NVIDIA GH200 480GB (measured), 646.8 TFLOP/s bf16 over 3726.2 GB/s (triad pattern); calibrated 2026-09-28 at 684a9e98",,200.0,2.13.0,3.7.1,2026-09-28T23:09:09+00:00,0.27.1,300.0
native,7,32,4,128,1024,1,64,2.8447680473327637,2.8325119018554688,0.008155800542899116,60,3,336.8517110347748,"scripts/clock_elasticity.py: bursts of N back-to-back fused_experts calls under one pinned tile, each call L2-flushed and bracketed by its own pre-primed event pair, the FIRST call of every burst discarded as a drained-queue launch, a host-side idle gap after each burst setting the sustained duty cycle, and the SM clock, board power and memory clock read through NVML with the burst still in flight; NOT timing.TIMING_BASIS",1710.0,False,high,True,True,ok,"LEVEL HIGH (recorded, never an exclusion here): loaded clock 1710 MHz against the 1425 MHz reference. At a duty cycle below 1.0 a HIGH reading is the experiment working, not a cell to drop.",0.25,316.946,0.24989509558335296,13,110.36677838242032,burst,2.8462400436401367,2.843935966491699,True,1710 1710 1710 1710 1710 1710 1710 1710 1710 1710 1710 1710 1710 1710 1710,False,3726.208637518389,"measured on this device: NVIDIA GH200 480GB (measured), 3726.2 GB/s (triad pattern)",13.0,580.105.08,True,1,684a9e9880f158b02ef3305c67bc5787aa9485d9,NVIDIA GH200 480GB,192-222-58-207,"scripts/clock_elasticity.py: bursts of N back-to-back fused_experts calls under one pinned tile, each call L2-flushed and bracketed by its own pre-primed event pair, the FIRST call of every burst discarded as a drained-queue launch, a host-side idle gap after each burst setting the sustained duty cycle, and the SM clock, board power and memory clock read through NVML with the burst still in flight; NOT timing.TIMING_BASIS | duty 0.25 | each idle gap sized from its own burst (gap_basis burst)",,iters=supplied as None; sglang=package not installed,1,3.12.14,173.5850634662988,"measured on this device: NVIDIA GH200 480GB (measured), 646.8 TFLOP/s bf16 over 3726.2 GB/s (triad pattern); calibrated 2026-09-28 at 684a9e98",,200.0,2.13.0,3.7.1,2026-09-28T23:09:09+00:00,0.27.1,300.0
shared,7,32,3,96,768,1,576,2.204511880874634,2.19321608543396,0.03325961888590114,75,3,325.27526235580444,"scripts/clock_elasticity.py: bursts of N back-to-back fused_experts calls under one pinned tile, each call L2-flushed and bracketed by its own pre-primed event pair, the FIRST call of every burst discarded as a drained-queue launch, a host-side idle gap after each burst setting the sustained duty cycle, and the SM clock, board power and memory clock read through NVML with the burst still in flight; NOT timing.TIMING_BASIS",1710.0,False,high,True,True,ok,"LEVEL HIGH (recorded, never an exclusion here): loaded clock 1710 MHz against the 1425 MHz reference. At a duty cycle below 1.0 a HIGH reading is the experiment working, not a cell to drop.",0.25,327.711,0.24988424448499363,16,105.00045464210417,burst,2.2063679695129395,2.2053439617156982,True,1710 1500 1710 1680 1710 1710 1710 1710 1635 1710 1665 1710 1710 1530 1710,False,3726.208637518389,"measured on this device: NVIDIA GH200 480GB (measured), 3726.2 GB/s (triad pattern)",13.0,580.105.08,True,1,684a9e9880f158b02ef3305c67bc5787aa9485d9,NVIDIA GH200 480GB,192-222-58-207,"scripts/clock_elasticity.py: bursts of N back-to-back fused_experts calls under one pinned tile, each call L2-flushed and bracketed by its own pre-primed event pair, the FIRST call of every burst discarded as a drained-queue launch, a host-side idle gap after each burst setting the sustained duty cycle, and the SM clock, board power and memory clock read through NVML with the burst still in flight; NOT timing.TIMING_BASIS | duty 0.25 | each idle gap sized from its own burst (gap_basis burst)",,iters=supplied as None; sglang=package not installed,1,3.12.14,173.5850634662988,"measured on this device: NVIDIA GH200 480GB (measured), 646.8 TFLOP/s bf16 over 3726.2 GB/s (triad pattern); calibrated 2026-09-28 at 684a9e98",,200.0,2.13.0,3.7.1,2026-09-28T23:09:09+00:00,0.27.1,300.0
private,7,32,3,96,768,3,576,3.1533440351486206,3.1501119136810303,0.00202165527528399,60,3,329.5768642425537,"scripts/clock_elasticity.py: bursts of N back-to-back fused_experts calls under one pinned tile, each call L2-flushed and bracketed by its own pre-primed event pair, the FIRST call of every burst discarded as a drained-queue launch, a host-side idle gap after each burst setting the sustained duty cycle, and the SM clock, board power and memory clock read through NVML with the burst still in flight; NOT timing.TIMING_BASIS",1710.0,False,high,True,True,ok,"LEVEL HIGH (recorded, never an exclusion here): loaded clock 1710 MHz against the 1425 MHz reference. At a duty cycle below 1.0 a HIGH reading is the experiment working, not a cell to drop.",0.25,309.304,0.24989943580754662,13,122.32943550851633,burst,3.1532480716705322,3.1539840698242188,True,1710 1710 1710 1710 1710 1710 1710 1710 1710 1710 1710 1710 1695 1710 1710,False,3726.208637518389,"measured on this device: NVIDIA GH200 480GB (measured), 3726.2 GB/s (triad pattern)",13.0,580.105.08,True,1,684a9e9880f158b02ef3305c67bc5787aa9485d9,NVIDIA GH200 480GB,192-222-58-207,"scripts/clock_elasticity.py: bursts of N back-to-back fused_experts calls under one pinned tile, each call L2-flushed and bracketed by its own pre-primed event pair, the FIRST call of every burst discarded as a drained-queue launch, a host-side idle gap after each burst setting the sustained duty cycle, and the SM clock, board power and memory clock read through NVML with the burst still in flight; NOT timing.TIMING_BASIS | duty 0.25 | each idle gap sized from its own burst (gap_basis burst)",,iters=supplied as None; sglang=package not installed,1,3.12.14,173.5850634662988,"measured on this device: NVIDIA GH200 480GB (measured), 646.8 TFLOP/s bf16 over 3726.2 GB/s (triad pattern); calibrated 2026-09-28 at 684a9e98",,200.0,2.13.0,3.7.1,2026-09-28T23:09:09+00:00,0.27.1,300.0
native,7,32,3,96,768,1,64,2.153599977493286,2.1408638954162598,0.04161877411811336,75,3,353.7364799976349,"scripts/clock_elasticity.py: bursts of N back-to-back fused_experts calls under one pinned tile, each call L2-flushed and bracketed by its own pre-primed event pair, the FIRST call of every burst discarded as a drained-queue launch, a host-side idle gap after each burst setting the sustained duty cycle, and the SM clock, board power and memory clock read through NVML with the burst still in flight; NOT timing.TIMING_BASIS",1710.0,False,high,True,True,ok,"LEVEL HIGH (recorded, never an exclusion here): loaded clock 1710 MHz against the 1425 MHz reference. At a duty cycle below 1.0 a HIGH reading is the experiment working, not a cell to drop.",0.25,333.055,0.24988289727568144,16,103.65661632631965,burst,2.1524479389190674,2.237215995788574,True,1710 1710 1665 1710 1710 1710 1710 1680 1710 1710 1710 1710 1695 1710 1710,False,3726.208637518389,"measured on this device: NVIDIA GH200 480GB (measured), 3726.2 GB/s (triad pattern)",13.0,580.105.08,True,1,684a9e9880f158b02ef3305c67bc5787aa9485d9,NVIDIA GH200 480GB,192-222-58-207,"scripts/clock_elasticity.py: bursts of N back-to-back fused_experts calls under one pinned tile, each call L2-flushed and bracketed by its own pre-primed event pair, the FIRST call of every burst discarded as a drained-queue launch, a host-side idle gap after each burst setting the sustained duty cycle, and the SM clock, board power and memory clock read through NVML with the burst still in flight; NOT timing.TIMING_BASIS | duty 0.25 | each idle gap sized from its own burst (gap_basis burst)",,iters=supplied as None; sglang=package not installed,1,3.12.14,173.5850634662988,"measured on this device: NVIDIA GH200 480GB (measured), 646.8 TFLOP/s bf16 over 3726.2 GB/s (triad pattern); calibrated 2026-09-28 at 684a9e98",,200.0,2.13.0,3.7.1,2026-09-28T23:09:09+00:00,0.27.1,300.0
shared,7,32,2,64,512,1,576,1.5111680030822754,1.5014400482177734,0.02666976353289451,125,3,322.32835137844086,"scripts/clock_elasticity.py: bursts of N back-to-back fused_experts calls under one pinned tile, each call L2-flushed and bracketed by its own pre-primed event pair, the FIRST call of every burst discarded as a drained-queue launch, a host-side idle gap after each burst setting the sustained duty cycle, and the SM clock, board power and memory clock read through NVML with the burst still in flight; NOT timing.TIMING_BASIS",1710.0,False,high,True,True,ok,"LEVEL HIGH (recorded, never an exclusion here): loaded clock 1710 MHz against the 1425 MHz reference. At a duty cycle below 1.0 a HIGH reading is the experiment working, not a cell to drop.",0.25,314.82,0.24990283728766727,26,117.13910453468272,burst,1.5092639923095703,1.5452960133552551,True,1710 1710 1710 1680 1710 1710 1710 1710 1665 1665 1710 1710 1710 1710 1710,False,3726.208637518389,"measured on this device: NVIDIA GH200 480GB (measured), 3726.2 GB/s (triad pattern)",13.0,580.105.08,True,1,684a9e9880f158b02ef3305c67bc5787aa9485d9,NVIDIA GH200 480GB,192-222-58-207,"scripts/clock_elasticity.py: bursts of N back-to-back fused_experts calls under one pinned tile, each call L2-flushed and bracketed by its own pre-primed event pair, the FIRST call of every burst discarded as a drained-queue launch, a host-side idle gap after each burst setting the sustained duty cycle, and the SM clock, board power and memory clock read through NVML with the burst still in flight; NOT timing.TIMING_BASIS | duty 0.25 | each idle gap sized from its own burst (gap_basis burst)",,iters=supplied as None; sglang=package not installed,1,3.12.14,173.5850634662988,"measured on this device: NVIDIA GH200 480GB (measured), 646.8 TFLOP/s bf16 over 3726.2 GB/s (triad pattern); calibrated 2026-09-28 at 684a9e98",,200.0,2.13.0,3.7.1,2026-09-28T23:09:09+00:00,0.27.1,300.0
private,7,32,2,64,512,2,576,2.1205599308013916,2.1173439025878906,0.0019294055997295069,90,3,323.7874550819397,"scripts/clock_elasticity.py: bursts of N back-to-back fused_experts calls under one pinned tile, each call L2-flushed and bracketed by its own pre-primed event pair, the FIRST call of every burst discarded as a drained-queue launch, a host-side idle gap after each burst setting the sustained duty cycle, and the SM clock, board power and memory clock read through NVML with the burst still in flight; NOT timing.TIMING_BASIS",1710.0,False,high,True,True,ok,"LEVEL HIGH (recorded, never an exclusion here): loaded clock 1710 MHz against the 1425 MHz reference. At a duty cycle below 1.0 a HIGH reading is the experiment working, not a cell to drop.",0.25,307.62,0.24989621292740116,19,119.81167935786652,burst,2.119920015335083,2.122688055038452,True,1710 1710 1710 1710 1710 1695 1710 1710 1710 1710 1710 1710 1710 1710 1710,False,3726.208637518389,"measured on this device: NVIDIA GH200 480GB (measured), 3726.2 GB/s (triad pattern)",13.0,580.105.08,True,1,684a9e9880f158b02ef3305c67bc5787aa9485d9,NVIDIA GH200 480GB,192-222-58-207,"scripts/clock_elasticity.py: bursts of N back-to-back fused_experts calls under one pinned tile, each call L2-flushed and bracketed by its own pre-primed event pair, the FIRST call of every burst discarded as a drained-queue launch, a host-side idle gap after each burst setting the sustained duty cycle, and the SM clock, board power and memory clock read through NVML with the burst still in flight; NOT timing.TIMING_BASIS | duty 0.25 | each idle gap sized from its own burst (gap_basis burst)",,iters=supplied as None; sglang=package not installed,1,3.12.14,173.5850634662988,"measured on this device: NVIDIA GH200 480GB (measured), 646.8 TFLOP/s bf16 over 3726.2 GB/s (triad pattern); calibrated 2026-09-28 at 684a9e98",,200.0,2.13.0,3.7.1,2026-09-28T23:09:09+00:00,0.27.1,300.0
native,7,32,2,64,512,1,64,1.4539200067520142,1.4447040557861328,0.018281923087470058,115,3,391.2336322069168,"scripts/clock_elasticity.py: bursts of N back-to-back fused_experts calls under one pinned tile, each call L2-flushed and bracketed by its own pre-primed event pair, the FIRST call of every burst discarded as a drained-queue launch, a host-side idle gap after each burst setting the sustained duty cycle, and the SM clock, board power and memory clock read through NVML with the burst still in flight; NOT timing.TIMING_BASIS",1710.0,False,high,False,True,ok,"LEVEL HIGH (recorded, never an exclusion here): loaded clock 1710 MHz against the 1425 MHz reference. At a duty cycle below 1.0 a HIGH reading is the experiment working, not a cell to drop.; DRIFT failed, settling upward: 1500 -> 1710 MHz over 15 bursts; this cell is EXCLUDED",0.25,332.246,0.24989065559855342,24,103.25789241267194,burst,1.456544041633606,1.452288031578064,True,1500 1710 1665 1710 1710 1500 1710 1665 1710 1710 1500 1710 1665 1710 1710,False,3726.208637518389,"measured on this device: NVIDIA GH200 480GB (measured), 3726.2 GB/s (triad pattern)",13.0,580.105.08,True,1,684a9e9880f158b02ef3305c67bc5787aa9485d9,NVIDIA GH200 480GB,192-222-58-207,"scripts/clock_elasticity.py: bursts of N back-to-back fused_experts calls under one pinned tile, each call L2-flushed and bracketed by its own pre-primed event pair, the FIRST call of every burst discarded as a drained-queue launch, a host-side idle gap after each burst setting the sustained duty cycle, and the SM clock, board power and memory clock read through NVML with the burst still in flight; NOT timing.TIMING_BASIS | duty 0.25 | each idle gap sized from its own burst (gap_basis burst)",,iters=supplied as None; sglang=package not installed,1,3.12.14,173.5850634662988,"measured on this device: NVIDIA GH200 480GB (measured), 646.8 TFLOP/s bf16 over 3726.2 GB/s (triad pattern); calibrated 2026-09-28 at 684a9e98",,200.0,2.13.0,3.7.1,2026-09-28T23:09:09+00:00,0.27.1,300.0
shared,7,32,1,32,256,1,576,1.0944639444351196,1.0913599729537964,0.001243586995638205,175,3,316.7988483905792,"scripts/clock_elasticity.py: bursts of N back-to-back fused_experts calls under one pinned tile, each call L2-flushed and bracketed by its own pre-primed event pair, the FIRST call of every burst discarded as a drained-queue launch, a host-side idle gap after each burst setting the sustained duty cycle, and the SM clock, board power and memory clock read through NVML with the burst still in flight; NOT timing.TIMING_BASIS",1710.0,False,high,True,True,ok,"LEVEL HIGH (recorded, never an exclusion here): loaded clock 1710 MHz against the 1425 MHz reference. At a duty cycle below 1.0 a HIGH reading is the experiment working, not a cell to drop.",0.25,303.75,0.24989511384159654,36,115.72850850786925,burst,1.0943840146064758,1.0944799780845642,True,1710 1710 1710 1710 1710 1710 1710 1710 1710 1710 1710 1710 1710 1710 1710,False,3726.208637518389,"measured on this device: NVIDIA GH200 480GB (measured), 3726.2 GB/s (triad pattern)",13.0,580.105.08,True,1,684a9e9880f158b02ef3305c67bc5787aa9485d9,NVIDIA GH200 480GB,192-222-58-207,"scripts/clock_elasticity.py: bursts of N back-to-back fused_experts calls under one pinned tile, each call L2-flushed and bracketed by its own pre-primed event pair, the FIRST call of every burst discarded as a drained-queue launch, a host-side idle gap after each burst setting the sustained duty cycle, and the SM clock, board power and memory clock read through NVML with the burst still in flight; NOT timing.TIMING_BASIS | duty 0.25 | each idle gap sized from its own burst (gap_basis burst)",,iters=supplied as None; sglang=package not installed,1,3.12.14,173.5850634662988,"measured on this device: NVIDIA GH200 480GB (measured), 646.8 TFLOP/s bf16 over 3726.2 GB/s (triad pattern); calibrated 2026-09-28 at 684a9e98",,200.0,2.13.0,3.7.1,2026-09-28T23:09:09+00:00,0.27.1,300.0
private,7,32,1,32,256,1,576,1.0940159559249878,1.0908479690551758,0.0011731952822358613,175,3,316.6983994245529,"scripts/clock_elasticity.py: bursts of N back-to-back fused_experts calls under one pinned tile, each call L2-flushed and bracketed by its own pre-primed event pair, the FIRST call of every burst discarded as a drained-queue launch, a host-side idle gap after each burst setting the sustained duty cycle, and the SM clock, board power and memory clock read through NVML with the burst still in flight; NOT timing.TIMING_BASIS",1710.0,False,high,True,True,ok,"LEVEL HIGH (recorded, never an exclusion here): loaded clock 1710 MHz against the 1425 MHz reference. At a duty cycle below 1.0 a HIGH reading is the experiment working, not a cell to drop.",0.25,301.884,0.2498914224802778,36,115.72447485553857,burst,1.0941599607467651,1.0939679741859436,True,1710 1710 1710 1710 1710 1710 1710 1710 1710 1710 1710 1710 1710 1710 1710,False,3726.208637518389,"measured on this device: NVIDIA GH200 480GB (measured), 3726.2 GB/s (triad pattern)",13.0,580.105.08,True,1,684a9e9880f158b02ef3305c67bc5787aa9485d9,NVIDIA GH200 480GB,192-222-58-207,"scripts/clock_elasticity.py: bursts of N back-to-back fused_experts calls under one pinned tile, each call L2-flushed and bracketed by its own pre-primed event pair, the FIRST call of every burst discarded as a drained-queue launch, a host-side idle gap after each burst setting the sustained duty cycle, and the SM clock, board power and memory clock read through NVML with the burst still in flight; NOT timing.TIMING_BASIS | duty 0.25 | each idle gap sized from its own burst (gap_basis burst)",,iters=supplied as None; sglang=package not installed,1,3.12.14,173.5850634662988,"measured on this device: NVIDIA GH200 480GB (measured), 646.8 TFLOP/s bf16 over 3726.2 GB/s (triad pattern); calibrated 2026-09-28 at 684a9e98",,200.0,2.13.0,3.7.1,2026-09-28T23:09:09+00:00,0.27.1,300.0
native,7,32,1,32,256,1,64,1.0571520328521729,1.0533119440078735,0.0015687856410999295,185,3,322.99590253829956,"scripts/clock_elasticity.py: bursts of N back-to-back fused_experts calls under one pinned tile, each call L2-flushed and bracketed by its own pre-primed event pair, the FIRST call of every burst discarded as a drained-queue launch, a host-side idle gap after each burst setting the sustained duty cycle, and the SM clock, board power and memory clock read through NVML with the burst still in flight; NOT timing.TIMING_BASIS",1710.0,False,high,True,True,ok,"LEVEL HIGH (recorded, never an exclusion here): loaded clock 1710 MHz against the 1425 MHz reference. At a duty cycle below 1.0 a HIGH reading is the experiment working, not a cell to drop.",0.25,308.088,0.24989938985045837,38,117.95304394078265,burst,1.0572799444198608,1.0571520328521729,True,1710 1710 1695 1710 1710 1710 1710 1710 1710 1710 1710 1710 1710 1710 1710,False,3726.208637518389,"measured on this device: NVIDIA GH200 480GB (measured), 3726.2 GB/s (triad pattern)",13.0,580.105.08,True,1,684a9e9880f158b02ef3305c67bc5787aa9485d9,NVIDIA GH200 480GB,192-222-58-207,"scripts/clock_elasticity.py: bursts of N back-to-back fused_experts calls under one pinned tile, each call L2-flushed and bracketed by its own pre-primed event pair, the FIRST call of every burst discarded as a drained-queue launch, a host-side idle gap after each burst setting the sustained duty cycle, and the SM clock, board power and memory clock read through NVML with the burst still in flight; NOT timing.TIMING_BASIS | duty 0.25 | each idle gap sized from its own burst (gap_basis burst)",,iters=supplied as None; sglang=package not installed,1,3.12.14,173.5850634662988,"measured on this device: NVIDIA GH200 480GB (measured), 646.8 TFLOP/s bf16 over 3726.2 GB/s (triad pattern); calibrated 2026-09-28 at 684a9e98",,200.0,2.13.0,3.7.1,2026-09-28T23:09:09+00:00,0.27.1,300.0
private,8,32,1,32,256,1,576,1.0939199924468994,1.0912319421768188,0.0012040968201839834,175,3,316.61183977127075,"scripts/clock_elasticity.py: bursts of N back-to-back fused_experts calls under one pinned tile, each call L2-flushed and bracketed by its own pre-primed event pair, the FIRST call of every burst discarded as a drained-queue launch, a host-side idle gap after each burst setting the sustained duty cycle, and the SM clock, board power and memory clock read through NVML with the burst still in flight; NOT timing.TIMING_BASIS",1710.0,False,high,True,True,ok,"LEVEL HIGH (recorded, never an exclusion here): loaded clock 1710 MHz against the 1425 MHz reference. At a duty cycle below 1.0 a HIGH reading is the experiment working, not a cell to drop.",0.25,304.135,0.24989004454481756,36,115.70393002876517,burst,1.0937440395355225,1.0942400097846985,True,1710 1710 1710 1710 1710 1710 1710 1710 1710 1665 1710 1710 1710 1710 1710,False,3726.208637518389,"measured on this device: NVIDIA GH200 480GB (measured), 3726.2 GB/s (triad pattern)",13.0,580.105.08,True,1,684a9e9880f158b02ef3305c67bc5787aa9485d9,NVIDIA GH200 480GB,192-222-58-207,"scripts/clock_elasticity.py: bursts of N back-to-back fused_experts calls under one pinned tile, each call L2-flushed and bracketed by its own pre-primed event pair, the FIRST call of every burst discarded as a drained-queue launch, a host-side idle gap after each burst setting the sustained duty cycle, and the SM clock, board power and memory clock read through NVML with the burst still in flight; NOT timing.TIMING_BASIS | duty 0.25 | each idle gap sized from its own burst (gap_basis burst)",,iters=supplied as None; sglang=package not installed,1,3.12.14,173.5850634662988,"measured on this device: NVIDIA GH200 480GB (measured), 646.8 TFLOP/s bf16 over 3726.2 GB/s (triad pattern); calibrated 2026-09-28 at 684a9e98",,200.0,2.13.0,3.7.1,2026-09-28T23:09:09+00:00,0.27.1,300.0
native,8,32,1,32,256,1,64,1.0571199655532837,1.052832007408142,0.001494990040497978,185,3,322.9912954568863,"scripts/clock_elasticity.py: bursts of N back-to-back fused_experts calls under one pinned tile, each call L2-flushed and bracketed by its own pre-primed event pair, the FIRST call of every burst discarded as a drained-queue launch, a host-side idle gap after each burst setting the sustained duty cycle, and the SM clock, board power and memory clock read through NVML with the burst still in flight; NOT timing.TIMING_BASIS",1710.0,False,high,True,True,ok,"LEVEL HIGH (recorded, never an exclusion here): loaded clock 1710 MHz against the 1425 MHz reference. At a duty cycle below 1.0 a HIGH reading is the experiment working, not a cell to drop.",0.25,309.143,0.24989695058575936,38,117.9360500840121,burst,1.05731201171875,1.0572479963302612,True,1710 1710 1710 1710 1710 1710 1710 1710 1710 1710 1710 1710 1710 1710 1710,False,3726.208637518389,"measured on this device: NVIDIA GH200 480GB (measured), 3726.2 GB/s (triad pattern)",13.0,580.105.08,True,1,684a9e9880f158b02ef3305c67bc5787aa9485d9,NVIDIA GH200 480GB,192-222-58-207,"scripts/clock_elasticity.py: bursts of N back-to-back fused_experts calls under one pinned tile, each call L2-flushed and bracketed by its own pre-primed event pair, the FIRST call of every burst discarded as a drained-queue launch, a host-side idle gap after each burst setting the sustained duty cycle, and the SM clock, board power and memory clock read through NVML with the burst still in flight; NOT timing.TIMING_BASIS | duty 0.25 | each idle gap sized from its own burst (gap_basis burst)",,iters=supplied as None; sglang=package not installed,1,3.12.14,173.5850634662988,"measured on this device: NVIDIA GH200 480GB (measured), 646.8 TFLOP/s bf16 over 3726.2 GB/s (triad pattern); calibrated 2026-09-28 at 684a9e98",,200.0,2.13.0,3.7.1,2026-09-28T23:09:09+00:00,0.27.1,300.0
shared,8,32,1,32,256,1,576,1.094048023223877,1.0908160209655762,0.0012289790362396984,175,3,316.74857568740845,"scripts/clock_elasticity.py: bursts of N back-to-back fused_experts calls under one pinned tile, each call L2-flushed and bracketed by its own pre-primed event pair, the FIRST call of every burst discarded as a drained-queue launch, a host-side idle gap after each burst setting the sustained duty cycle, and the SM clock, board power and memory clock read through NVML with the burst still in flight; NOT timing.TIMING_BASIS",1710.0,False,high,True,True,ok,"LEVEL HIGH (recorded, never an exclusion here): loaded clock 1710 MHz against the 1425 MHz reference. At a duty cycle below 1.0 a HIGH reading is the experiment working, not a cell to drop.",0.25,302.912,0.24989431365407633,36,115.71721124792383,burst,1.0939679741859436,1.0941280126571655,True,1710 1710 1710 1635 1710 1710 1710 1710 1710 1710 1710 1710 1710 1710 1710,False,3726.208637518389,"measured on this device: NVIDIA GH200 480GB (measured), 3726.2 GB/s (triad pattern)",13.0,580.105.08,True,1,684a9e9880f158b02ef3305c67bc5787aa9485d9,NVIDIA GH200 480GB,192-222-58-207,"scripts/clock_elasticity.py: bursts of N back-to-back fused_experts calls under one pinned tile, each call L2-flushed and bracketed by its own pre-primed event pair, the FIRST call of every burst discarded as a drained-queue launch, a host-side idle gap after each burst setting the sustained duty cycle, and the SM clock, board power and memory clock read through NVML with the burst still in flight; NOT timing.TIMING_BASIS | duty 0.25 | each idle gap sized from its own burst (gap_basis burst)",,iters=supplied as None; sglang=package not installed,1,3.12.14,173.5850634662988,"measured on this device: NVIDIA GH200 480GB (measured), 646.8 TFLOP/s bf16 over 3726.2 GB/s (triad pattern); calibrated 2026-09-28 at 684a9e98",,200.0,2.13.0,3.7.1,2026-09-28T23:09:09+00:00,0.27.1,300.0
private,8,32,2,64,512,2,576,2.1204320192337036,2.1169919967651367,0.0017790689848430096,90,3,323.86643266677856,"scripts/clock_elasticity.py: bursts of N back-to-back fused_experts calls under one pinned tile, each call L2-flushed and bracketed by its own pre-primed event pair, the FIRST call of every burst discarded as a drained-queue launch, a host-side idle gap after each burst setting the sustained duty cycle, and the SM clock, board power and memory clock read through NVML with the burst still in flight; NOT timing.TIMING_BASIS",1710.0,False,high,True,True,ok,"LEVEL HIGH (recorded, never an exclusion here): loaded clock 1710 MHz against the 1425 MHz reference. At a duty cycle below 1.0 a HIGH reading is the experiment working, not a cell to drop.",0.25,307.494,0.2499012456842103,19,119.77139135866311,burst,2.120927929878235,2.1202720403671265,True,1710 1710 1710 1710 1710 1710 1710 1710 1605 1710 1710 1710 1710 1710 1710,False,3726.208637518389,"measured on this device: NVIDIA GH200 480GB (measured), 3726.2 GB/s (triad pattern)",13.0,580.105.08,True,1,684a9e9880f158b02ef3305c67bc5787aa9485d9,NVIDIA GH200 480GB,192-222-58-207,"scripts/clock_elasticity.py: bursts of N back-to-back fused_experts calls under one pinned tile, each call L2-flushed and bracketed by its own pre-primed event pair, the FIRST call of every burst discarded as a drained-queue launch, a host-side idle gap after each burst setting the sustained duty cycle, and the SM clock, board power and memory clock read through NVML with the burst still in flight; NOT timing.TIMING_BASIS | duty 0.25 | each idle gap sized from its own burst (gap_basis burst)",,iters=supplied as None; sglang=package not installed,1,3.12.14,173.5850634662988,"measured on this device: NVIDIA GH200 480GB (measured), 646.8 TFLOP/s bf16 over 3726.2 GB/s (triad pattern); calibrated 2026-09-28 at 684a9e98",,200.0,2.13.0,3.7.1,2026-09-28T23:09:09+00:00,0.27.1,300.0
native,8,32,2,64,512,1,64,1.4548799991607666,1.445024013519287,0.02557762078073897,115,3,461.22854375839233,"scripts/clock_elasticity.py: bursts of N back-to-back fused_experts calls under one pinned tile, each call L2-flushed and bracketed by its own pre-primed event pair, the FIRST call of every burst discarded as a drained-queue launch, a host-side idle gap after each burst setting the sustained duty cycle, and the SM clock, board power and memory clock read through NVML with the burst still in flight; NOT timing.TIMING_BASIS",1710.0,False,high,True,True,ok,"LEVEL HIGH (recorded, never an exclusion here): loaded clock 1710 MHz against the 1425 MHz reference. At a duty cycle below 1.0 a HIGH reading is the experiment working, not a cell to drop.",0.25,330.959,0.24988632378617426,24,103.50563570077065,burst,1.4575040340423584,1.4551039934158325,True,1665 1710 1710 1500 1710 1665 1710 1710 1710 1710 1680 1710 1710 1710 1710,False,3726.208637518389,"measured on this device: NVIDIA GH200 480GB (measured), 3726.2 GB/s (triad pattern)",13.0,580.105.08,True,1,684a9e9880f158b02ef3305c67bc5787aa9485d9,NVIDIA GH200 480GB,192-222-58-207,"scripts/clock_elasticity.py: bursts of N back-to-back fused_experts calls under one pinned tile, each call L2-flushed and bracketed by its own pre-primed event pair, the FIRST call of every burst discarded as a drained-queue launch, a host-side idle gap after each burst setting the sustained duty cycle, and the SM clock, board power and memory clock read through NVML with the burst still in flight; NOT timing.TIMING_BASIS | duty 0.25 | each idle gap sized from its own burst (gap_basis burst)",,iters=supplied as None; sglang=package not installed,1,3.12.14,173.5850634662988,"measured on this device: NVIDIA GH200 480GB (measured), 646.8 TFLOP/s bf16 over 3726.2 GB/s (triad pattern); calibrated 2026-09-28 at 684a9e98",,200.0,2.13.0,3.7.1,2026-09-28T23:09:09+00:00,0.27.1,300.0
shared,8,32,2,64,512,1,576,1.5100480318069458,1.5008959770202637,0.02618702012788253,115,3,406.66870403289795,"scripts/clock_elasticity.py: bursts of N back-to-back fused_experts calls under one pinned tile, each call L2-flushed and bracketed by its own pre-primed event pair, the FIRST call of every burst discarded as a drained-queue launch, a host-side idle gap after each burst setting the sustained duty cycle, and the SM clock, board power and memory clock read through NVML with the burst still in flight; NOT timing.TIMING_BASIS",1710.0,False,high,True,True,ok,"LEVEL HIGH (recorded, never an exclusion here): loaded clock 1710 MHz against the 1425 MHz reference. At a duty cycle below 1.0 a HIGH reading is the experiment working, not a cell to drop.",0.25,327.629,0.2498849190626934,24,107.56594743314055,burst,1.5105279684066772,1.5130239725112915,True,1710 1710 1710 1710 1710 1710 1620 1710 1695 1710 1665 1710 1695 1710 1710,False,3726.208637518389,"measured on this device: NVIDIA GH200 480GB (measured), 3726.2 GB/s (triad pattern)",13.0,580.105.08,True,1,684a9e9880f158b02ef3305c67bc5787aa9485d9,NVIDIA GH200 480GB,192-222-58-207,"scripts/clock_elasticity.py: bursts of N back-to-back fused_experts calls under one pinned tile, each call L2-flushed and bracketed by its own pre-primed event pair, the FIRST call of every burst discarded as a drained-queue launch, a host-side idle gap after each burst setting the sustained duty cycle, and the SM clock, board power and memory clock read through NVML with the burst still in flight; NOT timing.TIMING_BASIS | duty 0.25 | each idle gap sized from its own burst (gap_basis burst)",,iters=supplied as None; sglang=package not installed,1,3.12.14,173.5850634662988,"measured on this device: NVIDIA GH200 480GB (measured), 646.8 TFLOP/s bf16 over 3726.2 GB/s (triad pattern); calibrated 2026-09-28 at 684a9e98",,200.0,2.13.0,3.7.1,2026-09-28T23:09:09+00:00,0.27.1,300.0
private,8,32,3,96,768,3,576,3.1533920764923096,3.150559902191162,0.0021233466715155015,60,3,329.55590415000916,"scripts/clock_elasticity.py: bursts of N back-to-back fused_experts calls under one pinned tile, each call L2-flushed and bracketed by its own pre-primed event pair, the FIRST call of every burst discarded as a drained-queue launch, a host-side idle gap after each burst setting the sustained duty cycle, and the SM clock, board power and memory clock read through NVML with the burst still in flight; NOT timing.TIMING_BASIS",1710.0,False,high,True,True,ok,"LEVEL HIGH (recorded, never an exclusion here): loaded clock 1710 MHz against the 1425 MHz reference. At a duty cycle below 1.0 a HIGH reading is the experiment working, not a cell to drop.",0.25,309.267,0.24990142915026312,13,122.33474854653467,burst,3.1530239582061768,3.154207944869995,True,1710 1710 1710 1710 1710 1710 1710 1710 1710 1710 1710 1710 1710 1710 1710,False,3726.208637518389,"measured on this device: NVIDIA GH200 480GB (measured), 3726.2 GB/s (triad pattern)",13.0,580.105.08,True,1,684a9e9880f158b02ef3305c67bc5787aa9485d9,NVIDIA GH200 480GB,192-222-58-207,"scripts/clock_elasticity.py: bursts of N back-to-back fused_experts calls under one pinned tile, each call L2-flushed and bracketed by its own pre-primed event pair, the FIRST call of every burst discarded as a drained-queue launch, a host-side idle gap after each burst setting the sustained duty cycle, and the SM clock, board power and memory clock read through NVML with the burst still in flight; NOT timing.TIMING_BASIS | duty 0.25 | each idle gap sized from its own burst (gap_basis burst)",,iters=supplied as None; sglang=package not installed,1,3.12.14,173.5850634662988,"measured on this device: NVIDIA GH200 480GB (measured), 646.8 TFLOP/s bf16 over 3726.2 GB/s (triad pattern); calibrated 2026-09-28 at 684a9e98",,200.0,2.13.0,3.7.1,2026-09-28T23:09:09+00:00,0.27.1,300.0
native,8,32,3,96,768,1,64,2.1545920372009277,2.1405439376831055,0.03232539540903842,75,3,387.4625906944275,"scripts/clock_elasticity.py: bursts of N back-to-back fused_experts calls under one pinned tile, each call L2-flushed and bracketed by its own pre-primed event pair, the FIRST call of every burst discarded as a drained-queue launch, a host-side idle gap after each burst setting the sustained duty cycle, and the SM clock, board power and memory clock read through NVML with the burst still in flight; NOT timing.TIMING_BASIS",1710.0,False,high,False,True,ok,"LEVEL HIGH (recorded, never an exclusion here): loaded clock 1710 MHz against the 1425 MHz reference. At a duty cycle below 1.0 a HIGH reading is the experiment working, not a cell to drop.; DRIFT failed, settling upward: 1515 -> 1710 MHz over 15 bursts; this cell is EXCLUDED",0.25,330.427,0.24988108277895382,16,103.31578667286523,burst,2.1552319526672363,2.1915841102600098,True,1515 1710 1665 1710 1710 1575 1710 1710 1710 1710 1665 1710 1710 1710 1710,False,3726.208637518389,"measured on this device: NVIDIA GH200 480GB (measured), 3726.2 GB/s (triad pattern)",13.0,580.105.08,True,1,684a9e9880f158b02ef3305c67bc5787aa9485d9,NVIDIA GH200 480GB,192-222-58-207,"scripts/clock_elasticity.py: bursts of N back-to-back fused_experts calls under one pinned tile, each call L2-flushed and bracketed by its own pre-primed event pair, the FIRST call of every burst discarded as a drained-queue launch, a host-side idle gap after each burst setting the sustained duty cycle, and the SM clock, board power and memory clock read through NVML with the burst still in flight; NOT timing.TIMING_BASIS | duty 0.25 | each idle gap sized from its own burst (gap_basis burst)",,iters=supplied as None; sglang=package not installed,1,3.12.14,173.5850634662988,"measured on this device: NVIDIA GH200 480GB (measured), 646.8 TFLOP/s bf16 over 3726.2 GB/s (triad pattern); calibrated 2026-09-28 at 684a9e98",,200.0,2.13.0,3.7.1,2026-09-28T23:09:09+00:00,0.27.1,300.0
shared,8,32,3,96,768,1,576,2.205728054046631,2.1972479820251465,0.030577833721023417,75,3,324.7219181060791,"scripts/clock_elasticity.py: bursts of N back-to-back fused_experts calls under one pinned tile, each call L2-flushed and bracketed by its own pre-primed event pair, the FIRST call of every burst discarded as a drained-queue launch, a host-side idle gap after each burst setting the sustained duty cycle, and the SM clock, board power and memory clock read through NVML with the burst still in flight; NOT timing.TIMING_BASIS",1710.0,False,high,False,True,ok,"LEVEL HIGH (recorded, never an exclusion here): loaded clock 1710 MHz against the 1425 MHz reference. At a duty cycle below 1.0 a HIGH reading is the experiment working, not a cell to drop.; DRIFT failed, settling upward: 1500 -> 1710 MHz over 15 bursts; this cell is EXCLUDED",0.25,325.533,0.249887284913039,16,105.30922220151115,burst,2.2072958946228027,2.2069759368896484,True,1500 1710 1680 1710 1710 1710 1710 1650 1710 1665 1710 1710 1560 1710 1710,False,3726.208637518389,"measured on this device: NVIDIA GH200 480GB (measured), 3726.2 GB/s (triad pattern)",13.0,580.105.08,True,1,684a9e9880f158b02ef3305c67bc5787aa9485d9,NVIDIA GH200 480GB,192-222-58-207,"scripts/clock_elasticity.py: bursts of N back-to-back fused_experts calls under one pinned tile, each call L2-flushed and bracketed by its own pre-primed event pair, the FIRST call of every burst discarded as a drained-queue launch, a host-side idle gap after each burst setting the sustained duty cycle, and the SM clock, board power and memory clock read through NVML with the burst still in flight; NOT timing.TIMING_BASIS | duty 0.25 | each idle gap sized from its own burst (gap_basis burst)",,iters=supplied as None; sglang=package not installed,1,3.12.14,173.5850634662988,"measured on this device: NVIDIA GH200 480GB (measured), 646.8 TFLOP/s bf16 over 3726.2 GB/s (triad pattern); calibrated 2026-09-28 at 684a9e98",,200.0,2.13.0,3.7.1,2026-09-28T23:09:09+00:00,0.27.1,300.0
private,8,32,4,128,1024,4,576,4.187104225158691,4.18284797668457,0.0027972352208280498,45,3,336.47455883026123,"scripts/clock_elasticity.py: bursts of N back-to-back fused_experts calls under one pinned tile, each call L2-flushed and bracketed by its own pre-primed event pair, the FIRST call of every burst discarded as a drained-queue launch, a host-side idle gap after each burst setting the sustained duty cycle, and the SM clock, board power and memory clock read through NVML with the burst still in flight; NOT timing.TIMING_BASIS",1710.0,False,high,True,True,ok,"LEVEL HIGH (recorded, never an exclusion here): loaded clock 1710 MHz against the 1425 MHz reference. At a duty cycle below 1.0 a HIGH reading is the experiment working, not a cell to drop.",0.25,312.842,0.24989976441701997,10,125.22847489428388,burst,4.18721604347229,4.188416004180908,True,1710 1695 1710 1710 1710 1710 1710 1710 1710 1710 1710 1710 1710 1710 1710,False,3726.208637518389,"measured on this device: NVIDIA GH200 480GB (measured), 3726.2 GB/s (triad pattern)",13.0,580.105.08,True,1,684a9e9880f158b02ef3305c67bc5787aa9485d9,NVIDIA GH200 480GB,192-222-58-207,"scripts/clock_elasticity.py: bursts of N back-to-back fused_experts calls under one pinned tile, each call L2-flushed and bracketed by its own pre-primed event pair, the FIRST call of every burst discarded as a drained-queue launch, a host-side idle gap after each burst setting the sustained duty cycle, and the SM clock, board power and memory clock read through NVML with the burst still in flight; NOT timing.TIMING_BASIS | duty 0.25 | each idle gap sized from its own burst (gap_basis burst)",,iters=supplied as None; sglang=package not installed,1,3.12.14,173.5850634662988,"measured on this device: NVIDIA GH200 480GB (measured), 646.8 TFLOP/s bf16 over 3726.2 GB/s (triad pattern); calibrated 2026-09-28 at 684a9e98",,200.0,2.13.0,3.7.1,2026-09-28T23:09:09+00:00,0.27.1,300.0
native,8,32,4,128,1024,1,64,2.8446720838546753,2.8334081172943115,0.013285632848526772,60,3,336.6492483615875,"scripts/clock_elasticity.py: bursts of N back-to-back fused_experts calls under one pinned tile, each call L2-flushed and bracketed by its own pre-primed event pair, the FIRST call of every burst discarded as a drained-queue launch, a host-side idle gap after each burst setting the sustained duty cycle, and the SM clock, board power and memory clock read through NVML with the burst still in flight; NOT timing.TIMING_BASIS",1710.0,False,high,True,True,ok,"LEVEL HIGH (recorded, never an exclusion here): loaded clock 1710 MHz against the 1425 MHz reference. At a duty cycle below 1.0 a HIGH reading is the experiment working, not a cell to drop.",0.25,317.369,0.24988974165183678,13,110.40882649709238,burst,2.8466238975524902,2.8436479568481445,True,1710 1710 1710 1710 1710 1710 1650 1710 1620 1710 1710 1710 1620 1710 1695,False,3726.208637518389,"measured on this device: NVIDIA GH200 480GB (measured), 3726.2 GB/s (triad pattern)",13.0,580.105.08,True,1,684a9e9880f158b02ef3305c67bc5787aa9485d9,NVIDIA GH200 480GB,192-222-58-207,"scripts/clock_elasticity.py: bursts of N back-to-back fused_experts calls under one pinned tile, each call L2-flushed and bracketed by its own pre-primed event pair, the FIRST call of every burst discarded as a drained-queue launch, a host-side idle gap after each burst setting the sustained duty cycle, and the SM clock, board power and memory clock read through NVML with the burst still in flight; NOT timing.TIMING_BASIS | duty 0.25 | each idle gap sized from its own burst (gap_basis burst)",,iters=supplied as None; sglang=package not installed,1,3.12.14,173.5850634662988,"measured on this device: NVIDIA GH200 480GB (measured), 646.8 TFLOP/s bf16 over 3726.2 GB/s (triad pattern); calibrated 2026-09-28 at 684a9e98",,200.0,2.13.0,3.7.1,2026-09-28T23:09:09+00:00,0.27.1,300.0
shared,8,32,4,128,1024,1,576,2.892575979232788,2.880768060684204,0.014230738145004963,60,3,304.93523240089417,"scripts/clock_elasticity.py: bursts of N back-to-back fused_experts calls under one pinned tile, each call L2-flushed and bracketed by its own pre-primed event pair, the FIRST call of every burst discarded as a drained-queue launch, a host-side idle gap after each burst setting the sustained duty cycle, and the SM clock, board power and memory clock read through NVML with the burst still in flight; NOT timing.TIMING_BASIS",1710.0,False,high,True,True,ok,"LEVEL HIGH (recorded, never an exclusion here): loaded clock 1710 MHz against the 1425 MHz reference. At a duty cycle below 1.0 a HIGH reading is the experiment working, not a cell to drop.",0.25,316.866,0.24989220832244188,13,112.45131913812656,burst,2.896735906600952,2.892575979232788,True,1710 1710 1710 1710 1710 1710 1710 1710 1710 1710 1710 1710 1710 1710 1710,False,3726.208637518389,"measured on this device: NVIDIA GH200 480GB (measured), 3726.2 GB/s (triad pattern)",13.0,580.105.08,True,1,684a9e9880f158b02ef3305c67bc5787aa9485d9,NVIDIA GH200 480GB,192-222-58-207,"scripts/clock_elasticity.py: bursts of N back-to-back fused_experts calls under one pinned tile, each call L2-flushed and bracketed by its own pre-primed event pair, the FIRST call of every burst discarded as a drained-queue launch, a host-side idle gap after each burst setting the sustained duty cycle, and the SM clock, board power and memory clock read through NVML with the burst still in flight; NOT timing.TIMING_BASIS | duty 0.25 | each idle gap sized from its own burst (gap_basis burst)",,iters=supplied as None; sglang=package not installed,1,3.12.14,173.5850634662988,"measured on this device: NVIDIA GH200 480GB (measured), 646.8 TFLOP/s bf16 over 3726.2 GB/s (triad pattern); calibrated 2026-09-28 at 684a9e98",,200.0,2.13.0,3.7.1,2026-09-28T23:09:09+00:00,0.27.1,300.0
private,8,32,5,160,1280,5,576,5.2215681076049805,5.217728137969971,0.0029529972302789658,35,3,335.8297619819641,"scripts/clock_elasticity.py: bursts of N back-to-back fused_experts calls under one pinned tile, each call L2-flushed and bracketed by its own pre-primed event pair, the FIRST call of every burst discarded as a drained-queue launch, a host-side idle gap after each burst setting the sustained duty cycle, and the SM clock, board power and memory clock read through NVML with the burst still in flight; NOT timing.TIMING_BASIS",1710.0,False,high,True,True,ok,"LEVEL HIGH (recorded, never an exclusion here): loaded clock 1710 MHz against the 1425 MHz reference. At a duty cycle below 1.0 a HIGH reading is the experiment working, not a cell to drop.",0.25,311.681,0.24990101037423137,8,125.09685673634522,burst,5.22211217880249,5.227136135101318,True,1710 1710 1695 1710 1710 1710 1710 1710 1710 1710 1710 1710 1710 1710 1710,False,3726.208637518389,"measured on this device: NVIDIA GH200 480GB (measured), 3726.2 GB/s (triad pattern)",13.0,580.105.08,True,1,684a9e9880f158b02ef3305c67bc5787aa9485d9,NVIDIA GH200 480GB,192-222-58-207,"scripts/clock_elasticity.py: bursts of N back-to-back fused_experts calls under one pinned tile, each call L2-flushed and bracketed by its own pre-primed event pair, the FIRST call of every burst discarded as a drained-queue launch, a host-side idle gap after each burst setting the sustained duty cycle, and the SM clock, board power and memory clock read through NVML with the burst still in flight; NOT timing.TIMING_BASIS | duty 0.25 | each idle gap sized from its own burst (gap_basis burst)",,iters=supplied as None; sglang=package not installed,1,3.12.14,173.5850634662988,"measured on this device: NVIDIA GH200 480GB (measured), 646.8 TFLOP/s bf16 over 3726.2 GB/s (triad pattern); calibrated 2026-09-28 at 684a9e98",,200.0,2.13.0,3.7.1,2026-09-28T23:09:09+00:00,0.27.1,300.0
native,8,32,5,160,1280,1,64,3.55679988861084,3.5391039848327637,0.037141988962448566,45,3,326.28723192214966,"scripts/clock_elasticity.py: bursts of N back-to-back fused_experts calls under one pinned tile, each call L2-flushed and bracketed by its own pre-primed event pair, the FIRST call of every burst discarded as a drained-queue launch, a host-side idle gap after each burst setting the sustained duty cycle, and the SM clock, board power and memory clock read through NVML with the burst still in flight; NOT timing.TIMING_BASIS",1710.0,False,high,False,True,ok,"LEVEL HIGH (recorded, never an exclusion here): loaded clock 1710 MHz against the 1425 MHz reference. At a duty cycle below 1.0 a HIGH reading is the experiment working, not a cell to drop.; DRIFT failed, settling upward: 1605 -> 1710 MHz over 15 bursts; this cell is EXCLUDED",0.25,320.436,0.24988593113704313,10,106.46276130797924,burst,3.5577759742736816,3.5589599609375,True,1605 1710 1590 1710 1710 1710 1710 1710 1710 1575 1710 1710 1710 1710 1710,False,3726.208637518389,"measured on this device: NVIDIA GH200 480GB (measured), 3726.2 GB/s (triad pattern)",13.0,580.105.08,True,1,684a9e9880f158b02ef3305c67bc5787aa9485d9,NVIDIA GH200 480GB,192-222-58-207,"scripts/clock_elasticity.py: bursts of N back-to-back fused_experts calls under one pinned tile, each call L2-flushed and bracketed by its own pre-primed event pair, the FIRST call of every burst discarded as a drained-queue launch, a host-side idle gap after each burst setting the sustained duty cycle, and the SM clock, board power and memory clock read through NVML with the burst still in flight; NOT timing.TIMING_BASIS | duty 0.25 | each idle gap sized from its own burst (gap_basis burst)",,iters=supplied as None; sglang=package not installed,1,3.12.14,173.5850634662988,"measured on this device: NVIDIA GH200 480GB (measured), 646.8 TFLOP/s bf16 over 3726.2 GB/s (triad pattern); calibrated 2026-09-28 at 684a9e98",,200.0,2.13.0,3.7.1,2026-09-28T23:09:09+00:00,0.27.1,300.0
shared,8,32,5,160,1280,1,576,3.608959913253784,3.5881600379943848,0.03184839708984562,45,3,439.90963315963745,"scripts/clock_elasticity.py: bursts of N back-to-back fused_experts calls under one pinned tile, each call L2-flushed and bracketed by its own pre-primed event pair, the FIRST call of every burst discarded as a drained-queue launch, a host-side idle gap after each burst setting the sustained duty cycle, and the SM clock, board power and memory clock read through NVML with the burst still in flight; NOT timing.TIMING_BASIS",1710.0,False,high,True,True,ok,"LEVEL HIGH (recorded, never an exclusion here): loaded clock 1710 MHz against the 1425 MHz reference. At a duty cycle below 1.0 a HIGH reading is the experiment working, not a cell to drop.",0.25,319.149,0.2498843772256198,10,108.1087388525557,burst,3.608832001686096,3.6136159896850586,True,1710 1710 1710 1710 1710 1710 1665 1710 1590 1710 1695 1710 1710 1710 1695,False,3726.208637518389,"measured on this device: NVIDIA GH200 480GB (measured), 3726.2 GB/s (triad pattern)",13.0,580.105.08,True,1,684a9e9880f158b02ef3305c67bc5787aa9485d9,NVIDIA GH200 480GB,192-222-58-207,"scripts/clock_elasticity.py: bursts of N back-to-back fused_experts calls under one pinned tile, each call L2-flushed and bracketed by its own pre-primed event pair, the FIRST call of every burst discarded as a drained-queue launch, a host-side idle gap after each burst setting the sustained duty cycle, and the SM clock, board power and memory clock read through NVML with the burst still in flight; NOT timing.TIMING_BASIS | duty 0.25 | each idle gap sized from its own burst (gap_basis burst)",,iters=supplied as None; sglang=package not installed,1,3.12.14,173.5850634662988,"measured on this device: NVIDIA GH200 480GB (measured), 646.8 TFLOP/s bf16 over 3726.2 GB/s (triad pattern); calibrated 2026-09-28 at 684a9e98",,200.0,2.13.0,3.7.1,2026-09-28T23:09:09+00:00,0.27.1,300.0
private,8,32,6,192,1536,6,576,6.2521281242370605,6.246623992919922,0.0022888523541215637,25,3,565.7424311637878,"scripts/clock_elasticity.py: bursts of N back-to-back fused_experts calls under one pinned tile, each call L2-flushed and bracketed by its own pre-primed event pair, the FIRST call of every burst discarded as a drained-queue launch, a host-side idle gap after each burst setting the sustained duty cycle, and the SM clock, board power and memory clock read through NVML with the burst still in flight; NOT timing.TIMING_BASIS",1710.0,False,high,True,True,ok,"LEVEL HIGH (recorded, never an exclusion here): loaded clock 1710 MHz against the 1425 MHz reference. At a duty cycle below 1.0 a HIGH reading is the experiment working, not a cell to drop.",0.25,318.591,0.249888098291855,6,112.50485912332078,burst,6.25267219543457,6.253183841705322,True,1710 1710 1710 1710 1710 1710 1710 1710 1710 1710 1710 1710 1710 1710 1710,False,3726.208637518389,"measured on this device: NVIDIA GH200 480GB (measured), 3726.2 GB/s (triad pattern)",13.0,580.105.08,True,1,684a9e9880f158b02ef3305c67bc5787aa9485d9,NVIDIA GH200 480GB,192-222-58-207,"scripts/clock_elasticity.py: bursts of N back-to-back fused_experts calls under one pinned tile, each call L2-flushed and bracketed by its own pre-primed event pair, the FIRST call of every burst discarded as a drained-queue launch, a host-side idle gap after each burst setting the sustained duty cycle, and the SM clock, board power and memory clock read through NVML with the burst still in flight; NOT timing.TIMING_BASIS | duty 0.25 | each idle gap sized from its own burst (gap_basis burst)",,iters=supplied as None; sglang=package not installed,1,3.12.14,173.5850634662988,"measured on this device: NVIDIA GH200 480GB (measured), 646.8 TFLOP/s bf16 over 3726.2 GB/s (triad pattern); calibrated 2026-09-28 at 684a9e98",,200.0,2.13.0,3.7.1,2026-09-28T23:09:09+00:00,0.27.1,300.0
native,8,32,6,192,1536,1,64,4.2504801750183105,4.229824066162109,0.03328466122699322,40,3,311.2772789001465,"scripts/clock_elasticity.py: bursts of N back-to-back fused_experts calls under one pinned tile, each call L2-flushed and bracketed by its own pre-primed event pair, the FIRST call of every burst discarded as a drained-queue launch, a host-side idle gap after each burst setting the sustained duty cycle, and the SM clock, board power and memory clock read through NVML with the burst still in flight; NOT timing.TIMING_BASIS",1710.0,False,high,True,True,ok,"LEVEL HIGH (recorded, never an exclusion here): loaded clock 1710 MHz against the 1425 MHz reference. At a duty cycle below 1.0 a HIGH reading is the experiment working, not a cell to drop.",0.25,322.381,0.24989180190356894,9,114.65602016327468,burst,4.257295846939087,4.252719879150391,True,1680 1710 1710 1710 1710 1710 1710 1710 1710 1710 1710 1710 1710 1575 1710,False,3726.208637518389,"measured on this device: NVIDIA GH200 480GB (measured), 3726.2 GB/s (triad pattern)",13.0,580.105.08,True,1,684a9e9880f158b02ef3305c67bc5787aa9485d9,NVIDIA GH200 480GB,192-222-58-207,"scripts/clock_elasticity.py: bursts of N back-to-back fused_experts calls under one pinned tile, each call L2-flushed and bracketed by its own pre-primed event pair, the FIRST call of every burst discarded as a drained-queue launch, a host-side idle gap after each burst setting the sustained duty cycle, and the SM clock, board power and memory clock read through NVML with the burst still in flight; NOT timing.TIMING_BASIS | duty 0.25 | each idle gap sized from its own burst (gap_basis burst)",,iters=supplied as None; sglang=package not installed,1,3.12.14,173.5850634662988,"measured on this device: NVIDIA GH200 480GB (measured), 646.8 TFLOP/s bf16 over 3726.2 GB/s (triad pattern); calibrated 2026-09-28 at 684a9e98",,200.0,2.13.0,3.7.1,2026-09-28T23:09:09+00:00,0.27.1,300.0
shared,8,32,6,192,1536,1,576,4.299808025360107,4.286655902862549,0.040116837309017876,40,3,314.5516495704651,"scripts/clock_elasticity.py: bursts of N back-to-back fused_experts calls under one pinned tile, each call L2-flushed and bracketed by its own pre-primed event pair, the FIRST call of every burst discarded as a drained-queue launch, a host-side idle gap after each burst setting the sustained duty cycle, and the SM clock, board power and memory clock read through NVML with the burst still in flight; NOT timing.TIMING_BASIS",1710.0,False,high,True,True,ok,"LEVEL HIGH (recorded, never an exclusion here): loaded clock 1710 MHz against the 1425 MHz reference. At a duty cycle below 1.0 a HIGH reading is the experiment working, not a cell to drop.",0.25,317.852,0.24989626532691234,9,116.01869989585975,burst,4.3006720542907715,4.304975986480713,True,1710 1710 1620 1710 1710 1710 1710 1710 1710 1710 1710 1620 1710 1710 1710,False,3726.208637518389,"measured on this device: NVIDIA GH200 480GB (measured), 3726.2 GB/s (triad pattern)",13.0,580.105.08,True,1,684a9e9880f158b02ef3305c67bc5787aa9485d9,NVIDIA GH200 480GB,192-222-58-207,"scripts/clock_elasticity.py: bursts of N back-to-back fused_experts calls under one pinned tile, each call L2-flushed and bracketed by its own pre-primed event pair, the FIRST call of every burst discarded as a drained-queue launch, a host-side idle gap after each burst setting the sustained duty cycle, and the SM clock, board power and memory clock read through NVML with the burst still in flight; NOT timing.TIMING_BASIS | duty 0.25 | each idle gap sized from its own burst (gap_basis burst)",,iters=supplied as None; sglang=package not installed,1,3.12.14,173.5850634662988,"measured on this device: NVIDIA GH200 480GB (measured), 646.8 TFLOP/s bf16 over 3726.2 GB/s (triad pattern); calibrated 2026-09-28 at 684a9e98",,200.0,2.13.0,3.7.1,2026-09-28T23:09:09+00:00,0.27.1,300.0
private,8,32,7,224,1792,7,576,7.285248041152954,7.280896186828613,0.0024120087473336227,20,3,329.4285454750061,"scripts/clock_elasticity.py: bursts of N back-to-back fused_experts calls under one pinned tile, each call L2-flushed and bracketed by its own pre-primed event pair, the FIRST call of every burst discarded as a drained-queue launch, a host-side idle gap after each burst setting the sustained duty cycle, and the SM clock, board power and memory clock read through NVML with the burst still in flight; NOT timing.TIMING_BASIS",1710.0,False,high,True,True,ok,"LEVEL HIGH (recorded, never an exclusion here): loaded clock 1710 MHz against the 1425 MHz reference. At a duty cycle below 1.0 a HIGH reading is the experiment working, not a cell to drop.",0.25,317.618,0.24988982297631476,5,109.26074035605416,burst,7.285600185394287,7.28553581237793,True,1710 1695 1710 1620 1710 1575 1710 1710 1710 1710 1710 1710 1710 1710 1710,False,3726.208637518389,"measured on this device: NVIDIA GH200 480GB (measured), 3726.2 GB/s (triad pattern)",13.0,580.105.08,True,1,684a9e9880f158b02ef3305c67bc5787aa9485d9,NVIDIA GH200 480GB,192-222-58-207,"scripts/clock_elasticity.py: bursts of N back-to-back fused_experts calls under one pinned tile, each call L2-flushed and bracketed by its own pre-primed event pair, the FIRST call of every burst discarded as a drained-queue launch, a host-side idle gap after each burst setting the sustained duty cycle, and the SM clock, board power and memory clock read through NVML with the burst still in flight; NOT timing.TIMING_BASIS | duty 0.25 | each idle gap sized from its own burst (gap_basis burst)",,iters=supplied as None; sglang=package not installed,1,3.12.14,173.5850634662988,"measured on this device: NVIDIA GH200 480GB (measured), 646.8 TFLOP/s bf16 over 3726.2 GB/s (triad pattern); calibrated 2026-09-28 at 684a9e98",,200.0,2.13.0,3.7.1,2026-09-28T23:09:09+00:00,0.27.1,300.0
native,8,32,7,224,1792,1,64,4.951119899749756,4.930592060089111,0.05644891067651606,30,3,317.6039686203003,"scripts/clock_elasticity.py: bursts of N back-to-back fused_experts calls under one pinned tile, each call L2-flushed and bracketed by its own pre-primed event pair, the FIRST call of every burst discarded as a drained-queue launch, a host-side idle gap after each burst setting the sustained duty cycle, and the SM clock, board power and memory clock read through NVML with the burst still in flight; NOT timing.TIMING_BASIS",1710.0,False,high,True,True,ok,"LEVEL HIGH (recorded, never an exclusion here): loaded clock 1710 MHz against the 1425 MHz reference. At a duty cycle below 1.0 a HIGH reading is the experiment working, not a cell to drop.",0.25,305.893,0.2498854875400909,7,104.41243182285689,burst,4.95414400100708,5.109856128692627,True,1710 1650 1710 1710 1710 1710 1635 1710 1710 1710 1710 1650 1710 1710 1710,False,3726.208637518389,"measured on this device: NVIDIA GH200 480GB (measured), 3726.2 GB/s (triad pattern)",13.0,580.105.08,True,1,684a9e9880f158b02ef3305c67bc5787aa9485d9,NVIDIA GH200 480GB,192-222-58-207,"scripts/clock_elasticity.py: bursts of N back-to-back fused_experts calls under one pinned tile, each call L2-flushed and bracketed by its own pre-primed event pair, the FIRST call of every burst discarded as a drained-queue launch, a host-side idle gap after each burst setting the sustained duty cycle, and the SM clock, board power and memory clock read through NVML with the burst still in flight; NOT timing.TIMING_BASIS | duty 0.25 | each idle gap sized from its own burst (gap_basis burst)",,iters=supplied as None; sglang=package not installed,1,3.12.14,173.5850634662988,"measured on this device: NVIDIA GH200 480GB (measured), 646.8 TFLOP/s bf16 over 3726.2 GB/s (triad pattern); calibrated 2026-09-28 at 684a9e98",,200.0,2.13.0,3.7.1,2026-09-28T23:09:09+00:00,0.27.1,300.0
shared,8,32,7,224,1792,1,576,4.999104022979736,4.983168125152588,0.035455153594519416,30,3,354.9908490180969,"scripts/clock_elasticity.py: bursts of N back-to-back fused_experts calls under one pinned tile, each call L2-flushed and bracketed by its own pre-primed event pair, the FIRST call of every burst discarded as a drained-queue launch, a host-side idle gap after each burst setting the sustained duty cycle, and the SM clock, board power and memory clock read through NVML with the burst still in flight; NOT timing.TIMING_BASIS",1710.0,False,high,True,True,ok,"LEVEL HIGH (recorded, never an exclusion here): loaded clock 1710 MHz against the 1425 MHz reference. At a duty cycle below 1.0 a HIGH reading is the experiment working, not a cell to drop.",0.25,314.901,0.24988570558982406,7,104.9358876627739,burst,5.005055904388428,4.994143962860107,True,1710 1710 1620 1710 1710 1710 1710 1650 1710 1710 1710 1710 1695 1710 1710,False,3726.208637518389,"measured on this device: NVIDIA GH200 480GB (measured), 3726.2 GB/s (triad pattern)",13.0,580.105.08,True,1,684a9e9880f158b02ef3305c67bc5787aa9485d9,NVIDIA GH200 480GB,192-222-58-207,"scripts/clock_elasticity.py: bursts of N back-to-back fused_experts calls under one pinned tile, each call L2-flushed and bracketed by its own pre-primed event pair, the FIRST call of every burst discarded as a drained-queue launch, a host-side idle gap after each burst setting the sustained duty cycle, and the SM clock, board power and memory clock read through NVML with the burst still in flight; NOT timing.TIMING_BASIS | duty 0.25 | each idle gap sized from its own burst (gap_basis burst)",,iters=supplied as None; sglang=package not installed,1,3.12.14,173.5850634662988,"measured on this device: NVIDIA GH200 480GB (measured), 646.8 TFLOP/s bf16 over 3726.2 GB/s (triad pattern); calibrated 2026-09-28 at 684a9e98",,200.0,2.13.0,3.7.1,2026-09-28T23:09:09+00:00,0.27.1,300.0
private,8,32,8,256,2048,8,576,8.335072040557861,8.331647872924805,0.004528062624959882,20,3,334.8480930328369,"scripts/clock_elasticity.py: bursts of N back-to-back fused_experts calls under one pinned tile, each call L2-flushed and bracketed by its own pre-primed event pair, the FIRST call of every burst discarded as a drained-queue launch, a host-side idle gap after each burst setting the sustained duty cycle, and the SM clock, board power and memory clock read through NVML with the burst still in flight; NOT timing.TIMING_BASIS",1710.0,False,high,True,True,ok,"LEVEL HIGH (recorded, never an exclusion here): loaded clock 1710 MHz against the 1425 MHz reference. At a duty cycle below 1.0 a HIGH reading is the experiment working, not a cell to drop.",0.25,313.083,0.24990074049635755,5,125.0389734226992,burst,8.334912300109863,8.341888427734375,True,1695 1710 1710 1695 1710 1710 1695 1710 1710 1710 1710 1710 1710 1710 1710,False,3726.208637518389,"measured on this device: NVIDIA GH200 480GB (measured), 3726.2 GB/s (triad pattern)",13.0,580.105.08,True,1,684a9e9880f158b02ef3305c67bc5787aa9485d9,NVIDIA GH200 480GB,192-222-58-207,"scripts/clock_elasticity.py: bursts of N back-to-back fused_experts calls under one pinned tile, each call L2-flushed and bracketed by its own pre-primed event pair, the FIRST call of every burst discarded as a drained-queue launch, a host-side idle gap after each burst setting the sustained duty cycle, and the SM clock, board power and memory clock read through NVML with the burst still in flight; NOT timing.TIMING_BASIS | duty 0.25 | each idle gap sized from its own burst (gap_basis burst)",,iters=supplied as None; sglang=package not installed,1,3.12.14,173.5850634662988,"measured on this device: NVIDIA GH200 480GB (measured), 646.8 TFLOP/s bf16 over 3726.2 GB/s (triad pattern); calibrated 2026-09-28 at 684a9e98",,200.0,2.13.0,3.7.1,2026-09-28T23:09:09+00:00,0.27.1,300.0
native,8,32,8,256,2048,1,64,5.644223928451538,5.631135940551758,0.016224268529513617,30,3,359.6462073326111,"scripts/clock_elasticity.py: bursts of N back-to-back fused_experts calls under one pinned tile, each call L2-flushed and bracketed by its own pre-primed event pair, the FIRST call of every burst discarded as a drained-queue launch, a host-side idle gap after each burst setting the sustained duty cycle, and the SM clock, board power and memory clock read through NVML with the burst still in flight; NOT timing.TIMING_BASIS",1710.0,False,high,True,True,ok,"LEVEL HIGH (recorded, never an exclusion here): loaded clock 1710 MHz against the 1425 MHz reference. At a duty cycle below 1.0 a HIGH reading is the experiment working, not a cell to drop.",0.25,307.196,0.24989578768727877,7,118.48177189219861,burst,5.646495819091797,5.64518404006958,True,1710 1710 1665 1710 1710 1710 1710 1710 1710 1680 1710 1710 1710 1710 1710,False,3726.208637518389,"measured on this device: NVIDIA GH200 480GB (measured), 3726.2 GB/s (triad pattern)",13.0,580.105.08,True,1,684a9e9880f158b02ef3305c67bc5787aa9485d9,NVIDIA GH200 480GB,192-222-58-207,"scripts/clock_elasticity.py: bursts of N back-to-back fused_experts calls under one pinned tile, each call L2-flushed and bracketed by its own pre-primed event pair, the FIRST call of every burst discarded as a drained-queue launch, a host-side idle gap after each burst setting the sustained duty cycle, and the SM clock, board power and memory clock read through NVML with the burst still in flight; NOT timing.TIMING_BASIS | duty 0.25 | each idle gap sized from its own burst (gap_basis burst)",,iters=supplied as None; sglang=package not installed,1,3.12.14,173.5850634662988,"measured on this device: NVIDIA GH200 480GB (measured), 646.8 TFLOP/s bf16 over 3726.2 GB/s (triad pattern); calibrated 2026-09-28 at 684a9e98",,200.0,2.13.0,3.7.1,2026-09-28T23:09:09+00:00,0.27.1,300.0
shared,8,32,8,256,2048,1,576,5.701168060302734,5.679200172424316,0.013013804805979376,30,3,322.6785922050476,"scripts/clock_elasticity.py: bursts of N back-to-back fused_experts calls under one pinned tile, each call L2-flushed and bracketed by its own pre-primed event pair, the FIRST call of every burst discarded as a drained-queue launch, a host-side idle gap after each burst setting the sustained duty cycle, and the SM clock, board power and memory clock read through NVML with the burst still in flight; NOT timing.TIMING_BASIS",1710.0,False,high,True,True,ok,"LEVEL HIGH (recorded, never an exclusion here): loaded clock 1710 MHz against the 1425 MHz reference. At a duty cycle below 1.0 a HIGH reading is the experiment working, not a cell to drop.",0.25,301.28,0.24989652566367462,7,119.66154764669045,burst,5.708479881286621,5.693183898925781,True,1710 1710 1710 1710 1710 1710 1710 1710 1710 1710 1710 1710 1710 1710 1710,False,3726.208637518389,"measured on this device: NVIDIA GH200 480GB (measured), 3726.2 GB/s (triad pattern)",13.0,580.105.08,True,1,684a9e9880f158b02ef3305c67bc5787aa9485d9,NVIDIA GH200 480GB,192-222-58-207,"scripts/clock_elasticity.py: bursts of N back-to-back fused_experts calls under one pinned tile, each call L2-flushed and bracketed by its own pre-primed event pair, the FIRST call of every burst discarded as a drained-queue launch, a host-side idle gap after each burst setting the sustained duty cycle, and the SM clock, board power and memory clock read through NVML with the burst still in flight; NOT timing.TIMING_BASIS | duty 0.25 | each idle gap sized from its own burst (gap_basis burst)",,iters=supplied as None; sglang=package not installed,1,3.12.14,173.5850634662988,"measured on this device: NVIDIA GH200 480GB (measured), 646.8 TFLOP/s bf16 over 3726.2 GB/s (triad pattern); calibrated 2026-09-28 at 684a9e98",,200.0,2.13.0,3.7.1,2026-09-28T23:09:09+00:00,0.27.1,300.0
private,8,32,9,288,2304,9,576,9.37775993347168,9.374015808105469,0.0025582287336161883,15,3,301.73600006103516,"scripts/clock_elasticity.py: bursts of N back-to-back fused_experts calls under one pinned tile, each call L2-flushed and bracketed by its own pre-primed event pair, the FIRST call of every burst discarded as a drained-queue launch, a host-side idle gap after each burst setting the sustained duty cycle, and the SM clock, board power and memory clock read through NVML with the burst still in flight; NOT timing.TIMING_BASIS",1710.0,False,high,True,True,ok,"LEVEL HIGH (recorded, never an exclusion here): loaded clock 1710 MHz against the 1425 MHz reference. At a duty cycle below 1.0 a HIGH reading is the experiment working, not a cell to drop.",0.25,320.436,0.24988985661407706,4,112.65926022136411,burst,,,,1710 1710 1710 1650 1710 1560 1710 1575 1710 1575 1710 1710 1710 1710 1710,False,3726.208637518389,"measured on this device: NVIDIA GH200 480GB (measured), 3726.2 GB/s (triad pattern)",13.0,580.105.08,True,1,684a9e9880f158b02ef3305c67bc5787aa9485d9,NVIDIA GH200 480GB,192-222-58-207,"scripts/clock_elasticity.py: bursts of N back-to-back fused_experts calls under one pinned tile, each call L2-flushed and bracketed by its own pre-primed event pair, the FIRST call of every burst discarded as a drained-queue launch, a host-side idle gap after each burst setting the sustained duty cycle, and the SM clock, board power and memory clock read through NVML with the burst still in flight; NOT timing.TIMING_BASIS | duty 0.25 | each idle gap sized from its own burst (gap_basis burst)",,iters=supplied as None; sglang=package not installed,1,3.12.14,173.5850634662988,"measured on this device: NVIDIA GH200 480GB (measured), 646.8 TFLOP/s bf16 over 3726.2 GB/s (triad pattern); calibrated 2026-09-28 at 684a9e98",,200.0,2.13.0,3.7.1,2026-09-28T23:09:09+00:00,0.27.1,300.0
native,8,32,9,288,2304,1,64,6.354527950286865,6.333951950073242,0.048306923081895645,25,3,309.82675075531006,"scripts/clock_elasticity.py: bursts of N back-to-back fused_experts calls under one pinned tile, each call L2-flushed and bracketed by its own pre-primed event pair, the FIRST call of every burst discarded as a drained-queue launch, a host-side idle gap after each burst setting the sustained duty cycle, and the SM clock, board power and memory clock read through NVML with the burst still in flight; NOT timing.TIMING_BASIS",1710.0,False,high,True,True,ok,"LEVEL HIGH (recorded, never an exclusion here): loaded clock 1710 MHz against the 1425 MHz reference. At a duty cycle below 1.0 a HIGH reading is the experiment working, not a cell to drop.",0.25,318.88,0.24989311452444746,6,114.39480579940573,burst,6.3559041023254395,6.354464054107666,True,1710 1710 1680 1710 1710 1710 1710 1710 1710 1710 1710 1710 1710 1710 1710,False,3726.208637518389,"measured on this device: NVIDIA GH200 480GB (measured), 3726.2 GB/s (triad pattern)",13.0,580.105.08,True,1,684a9e9880f158b02ef3305c67bc5787aa9485d9,NVIDIA GH200 480GB,192-222-58-207,"scripts/clock_elasticity.py: bursts of N back-to-back fused_experts calls under one pinned tile, each call L2-flushed and bracketed by its own pre-primed event pair, the FIRST call of every burst discarded as a drained-queue launch, a host-side idle gap after each burst setting the sustained duty cycle, and the SM clock, board power and memory clock read through NVML with the burst still in flight; NOT timing.TIMING_BASIS | duty 0.25 | each idle gap sized from its own burst (gap_basis burst)",,iters=supplied as None; sglang=package not installed,1,3.12.14,173.5850634662988,"measured on this device: NVIDIA GH200 480GB (measured), 646.8 TFLOP/s bf16 over 3726.2 GB/s (triad pattern); calibrated 2026-09-28 at 684a9e98",,200.0,2.13.0,3.7.1,2026-09-28T23:09:09+00:00,0.27.1,300.0
shared,8,32,9,288,2304,1,576,6.4145917892456055,6.3849921226501465,0.046474584642156196,25,3,312.62956619262695,"scripts/clock_elasticity.py: bursts of N back-to-back fused_experts calls under one pinned tile, each call L2-flushed and bracketed by its own pre-primed event pair, the FIRST call of every burst discarded as a drained-queue launch, a host-side idle gap after each burst setting the sustained duty cycle, and the SM clock, board power and memory clock read through NVML with the burst still in flight; NOT timing.TIMING_BASIS",1710.0,False,high,True,True,ok,"LEVEL HIGH (recorded, never an exclusion here): loaded clock 1710 MHz against the 1425 MHz reference. At a duty cycle below 1.0 a HIGH reading is the experiment working, not a cell to drop.",0.25,318.533,0.24989204055700023,6,115.50030989127843,burst,6.422272205352783,6.406144142150879,True,1710 1710 1680 1710 1710 1710 1710 1710 1710 1710 1710 1710 1710 1710 1710,False,3726.208637518389,"measured on this device: NVIDIA GH200 480GB (measured), 3726.2 GB/s (triad pattern)",13.0,580.105.08,True,1,684a9e9880f158b02ef3305c67bc5787aa9485d9,NVIDIA GH200 480GB,192-222-58-207,"scripts/clock_elasticity.py: bursts of N back-to-back fused_experts calls under one pinned tile, each call L2-flushed and bracketed by its own pre-primed event pair, the FIRST call of every burst discarded as a drained-queue launch, a host-side idle gap after each burst setting the sustained duty cycle, and the SM clock, board power and memory clock read through NVML with the burst still in flight; NOT timing.TIMING_BASIS | duty 0.25 | each idle gap sized from its own burst (gap_basis burst)",,iters=supplied as None; sglang=package not installed,1,3.12.14,173.5850634662988,"measured on this device: NVIDIA GH200 480GB (measured), 646.8 TFLOP/s bf16 over 3726.2 GB/s (triad pattern); calibrated 2026-09-28 at 684a9e98",,200.0,2.13.0,3.7.1,2026-09-28T23:09:09+00:00,0.27.1,300.0
