block_m,tokens,rows_per_expert,tiles_per_expert,padded_rows,tile_eff,aligned,waves_up,waves_down,ms_p50,ms_min,ms_stdev,iters,useful_tflops,padded_tflops,status,detail,instrument,warmup_ms,trials,sm_clock_load_mhz,clock_level_ok,clock_drift_ok,clock_level_side,l2_flush,prov_bandwidth,prov_bandwidth_source,prov_cuda_version,prov_driver_version,prov_git_dirty,prov_git_dirty_files,prov_git_sha,prov_gpu_name,prov_hostname,prov_instrument,prov_iters,prov_missing,prov_provenance_version,prov_python,prov_ridge,prov_ridge_source,prov_sglang,prov_target_ms,prov_torch,prov_triton,prov_utc,prov_vllm,prov_warmup_ms
32,112,28.0,1,256,0.875,False,27.151515151515152,3.878787878787879,0.7453439831733704,0.7296320199966431,0.05543887004109051,535,105.88402918071567,121.01031906367504,ok,,queue-deep/l2-flush/settled-warmup/clock-under-load/v4,347.38777726888657,3,1695.0,False,True,high,True,4374.299702465323,"calibration: measured on this device: NVIDIA H200 (measured), 4374.3 GB/s (triad pattern)",13.0,580.159.04,True,1,c0644beadd3dfe2fde7045520d6dee61b7655971,NVIDIA H200,eec145fd46b6,queue-deep/l2-flush/settled-warmup/clock-under-load/v4,,iters=supplied as None; sglang=package not installed,1,3.12.3,155.9303223641331,"calibration: measured on this device: NVIDIA H200 (measured), 682.1 TFLOP/s bf16 over 4374.3 GB/s (triad pattern); calibrated 2026-09-10 at c0644bea",,400.0,2.13.0,3.7.1,2026-09-10T05:02:31+00:00,0.27.1,300.0
32,128,32.0,1,256,1.0,True,27.151515151515152,3.878787878787879,0.7581120133399963,0.7405440211296082,0.018990923622856,512,118.97227801289287,118.97227801289287,ok,,queue-deep/l2-flush/settled-warmup/clock-under-load/v4,386.74957060813904,3,1545.0,True,True,,True,4374.299702465323,"calibration: measured on this device: NVIDIA H200 (measured), 4374.3 GB/s (triad pattern)",13.0,580.159.04,True,1,c0644beadd3dfe2fde7045520d6dee61b7655971,NVIDIA H200,eec145fd46b6,queue-deep/l2-flush/settled-warmup/clock-under-load/v4,,iters=supplied as None; sglang=package not installed,1,3.12.3,155.9303223641331,"calibration: measured on this device: NVIDIA H200 (measured), 682.1 TFLOP/s bf16 over 4374.3 GB/s (triad pattern); calibrated 2026-09-10 at c0644bea",,400.0,2.13.0,3.7.1,2026-09-10T05:02:31+00:00,0.27.1,300.0
32,144,36.0,2,512,0.5625,False,54.303030303030305,7.757575757575758,1.4614239931106567,1.3896640539169312,0.03333271986358651,272,69.4313237269514,123.43346440346916,ok,,queue-deep/l2-flush/settled-warmup/clock-under-load/v4,386.8354594707489,3,1515.0,True,True,,True,4374.299702465323,"calibration: measured on this device: NVIDIA H200 (measured), 4374.3 GB/s (triad pattern)",13.0,580.159.04,True,1,c0644beadd3dfe2fde7045520d6dee61b7655971,NVIDIA H200,eec145fd46b6,queue-deep/l2-flush/settled-warmup/clock-under-load/v4,,iters=supplied as None; sglang=package not installed,1,3.12.3,155.9303223641331,"calibration: measured on this device: NVIDIA H200 (measured), 682.1 TFLOP/s bf16 over 4374.3 GB/s (triad pattern); calibrated 2026-09-10 at c0644bea",,400.0,2.13.0,3.7.1,2026-09-10T05:02:31+00:00,0.27.1,300.0
32,224,56.0,2,512,0.875,False,54.303030303030305,7.757575757575758,1.4614720344543457,1.3817600011825562,0.025799735912860295,278,108.00073104849457,123.42940691256524,ok,,queue-deep/l2-flush/settled-warmup/clock-under-load/v4,363.89193189144135,3,1515.0,True,True,,True,4374.299702465323,"calibration: measured on this device: NVIDIA H200 (measured), 4374.3 GB/s (triad pattern)",13.0,580.159.04,True,1,c0644beadd3dfe2fde7045520d6dee61b7655971,NVIDIA H200,eec145fd46b6,queue-deep/l2-flush/settled-warmup/clock-under-load/v4,,iters=supplied as None; sglang=package not installed,1,3.12.3,155.9303223641331,"calibration: measured on this device: NVIDIA H200 (measured), 682.1 TFLOP/s bf16 over 4374.3 GB/s (triad pattern); calibrated 2026-09-10 at c0644bea",,400.0,2.13.0,3.7.1,2026-09-10T05:02:31+00:00,0.27.1,300.0
32,240,60.0,2,512,0.9375,False,54.303030303030305,7.757575757575758,1.463744044303894,1.4020800590515137,0.02187443709665133,269,115.53545713002366,123.23782093869191,ok,,queue-deep/l2-flush/settled-warmup/clock-under-load/v4,368.66335785388947,3,1492.5,True,False,,True,4374.299702465323,"calibration: measured on this device: NVIDIA H200 (measured), 4374.3 GB/s (triad pattern)",13.0,580.159.04,True,1,c0644beadd3dfe2fde7045520d6dee61b7655971,NVIDIA H200,eec145fd46b6,queue-deep/l2-flush/settled-warmup/clock-under-load/v4,,iters=supplied as None; sglang=package not installed,1,3.12.3,155.9303223641331,"calibration: measured on this device: NVIDIA H200 (measured), 682.1 TFLOP/s bf16 over 4374.3 GB/s (triad pattern); calibrated 2026-09-10 at c0644bea",,400.0,2.13.0,3.7.1,2026-09-10T05:02:31+00:00,0.27.1,300.0
32,256,64.0,2,512,1.0,True,54.303030303030305,7.757575757575758,1.478559970855713,1.4474560022354126,0.013814938551744142,268,122.00291499004976,122.00291499004976,ok,,queue-deep/l2-flush/settled-warmup/clock-under-load/v4,365.3555201292038,3,1485.0,True,True,,True,4374.299702465323,"calibration: measured on this device: NVIDIA H200 (measured), 4374.3 GB/s (triad pattern)",13.0,580.159.04,True,1,c0644beadd3dfe2fde7045520d6dee61b7655971,NVIDIA H200,eec145fd46b6,queue-deep/l2-flush/settled-warmup/clock-under-load/v4,,iters=supplied as None; sglang=package not installed,1,3.12.3,155.9303223641331,"calibration: measured on this device: NVIDIA H200 (measured), 682.1 TFLOP/s bf16 over 4374.3 GB/s (triad pattern); calibrated 2026-09-10 at c0644bea",,400.0,2.13.0,3.7.1,2026-09-10T05:02:31+00:00,0.27.1,300.0
32,272,68.0,3,768,0.7083333333333334,False,81.45454545454545,11.636363636363637,2.163583993911743,2.1061758995056152,0.029346353874792175,186,88.58584465559618,125.06236892554753,ok,,queue-deep/l2-flush/settled-warmup/clock-under-load/v4,363.8365068435669,3,1515.0,True,True,,True,4374.299702465323,"calibration: measured on this device: NVIDIA H200 (measured), 4374.3 GB/s (triad pattern)",13.0,580.159.04,True,1,c0644beadd3dfe2fde7045520d6dee61b7655971,NVIDIA H200,eec145fd46b6,queue-deep/l2-flush/settled-warmup/clock-under-load/v4,,iters=supplied as None; sglang=package not installed,1,3.12.3,155.9303223641331,"calibration: measured on this device: NVIDIA H200 (measured), 682.1 TFLOP/s bf16 over 4374.3 GB/s (triad pattern); calibrated 2026-09-10 at c0644bea",,400.0,2.13.0,3.7.1,2026-09-10T05:02:31+00:00,0.27.1,300.0
32,288,72.0,3,768,0.75,False,81.45454545454545,11.636363636363637,2.166368007659912,2.090240001678467,0.023363265273943206,181,93.6762378406846,124.90165045424614,ok,,queue-deep/l2-flush/settled-warmup/clock-under-load/v4,362.56496000289917,3,1500.0,True,True,,True,4374.299702465323,"calibration: measured on this device: NVIDIA H200 (measured), 4374.3 GB/s (triad pattern)",13.0,580.159.04,True,1,c0644beadd3dfe2fde7045520d6dee61b7655971,NVIDIA H200,eec145fd46b6,queue-deep/l2-flush/settled-warmup/clock-under-load/v4,,iters=supplied as None; sglang=package not installed,1,3.12.3,155.9303223641331,"calibration: measured on this device: NVIDIA H200 (measured), 682.1 TFLOP/s bf16 over 4374.3 GB/s (triad pattern); calibrated 2026-09-10 at c0644bea",,400.0,2.13.0,3.7.1,2026-09-10T05:02:31+00:00,0.27.1,300.0
32,368,92.0,3,768,0.9583333333333334,False,81.45454545454545,11.636363636363637,2.196320056915283,2.166624069213867,0.016929318564212436,181,118.06505599197472,123.19831929597362,ok,,queue-deep/l2-flush/settled-warmup/clock-under-load/v4,369.099746465683,3,1470.0,True,True,,True,4374.299702465323,"calibration: measured on this device: NVIDIA H200 (measured), 4374.3 GB/s (triad pattern)",13.0,580.159.04,True,1,c0644beadd3dfe2fde7045520d6dee61b7655971,NVIDIA H200,eec145fd46b6,queue-deep/l2-flush/settled-warmup/clock-under-load/v4,,iters=supplied as None; sglang=package not installed,1,3.12.3,155.9303223641331,"calibration: measured on this device: NVIDIA H200 (measured), 682.1 TFLOP/s bf16 over 4374.3 GB/s (triad pattern); calibrated 2026-09-10 at c0644bea",,400.0,2.13.0,3.7.1,2026-09-10T05:02:31+00:00,0.27.1,300.0
32,384,96.0,3,768,1.0,True,81.45454545454545,11.636363636363637,2.1977601051330566,2.1163198947906494,0.018424403719217254,181,123.117595508277,123.117595508277,ok,,queue-deep/l2-flush/settled-warmup/clock-under-load/v4,363.57897758483887,3,1470.0,True,False,,True,4374.299702465323,"calibration: measured on this device: NVIDIA H200 (measured), 4374.3 GB/s (triad pattern)",13.0,580.159.04,True,1,c0644beadd3dfe2fde7045520d6dee61b7655971,NVIDIA H200,eec145fd46b6,queue-deep/l2-flush/settled-warmup/clock-under-load/v4,,iters=supplied as None; sglang=package not installed,1,3.12.3,155.9303223641331,"calibration: measured on this device: NVIDIA H200 (measured), 682.1 TFLOP/s bf16 over 4374.3 GB/s (triad pattern); calibrated 2026-09-10 at c0644bea",,400.0,2.13.0,3.7.1,2026-09-10T05:02:31+00:00,0.27.1,300.0
32,400,100.0,4,1024,0.78125,False,108.60606060606061,15.515151515151516,2.910975933074951,2.852735996246338,0.023658206739955147,137,96.82568158585418,123.93687242989336,ok,,queue-deep/l2-flush/settled-warmup/clock-under-load/v4,355.5975694656372,3,1485.0,True,True,,True,4374.299702465323,"calibration: measured on this device: NVIDIA H200 (measured), 4374.3 GB/s (triad pattern)",13.0,580.159.04,True,1,c0644beadd3dfe2fde7045520d6dee61b7655971,NVIDIA H200,eec145fd46b6,queue-deep/l2-flush/settled-warmup/clock-under-load/v4,,iters=supplied as None; sglang=package not installed,1,3.12.3,155.9303223641331,"calibration: measured on this device: NVIDIA H200 (measured), 682.1 TFLOP/s bf16 over 4374.3 GB/s (triad pattern); calibrated 2026-09-10 at c0644bea",,400.0,2.13.0,3.7.1,2026-09-10T05:02:31+00:00,0.27.1,300.0
32,480,120.0,4,1024,0.9375,False,108.60606060606061,15.515151515151516,2.911871910095215,2.871392011642456,0.020112027920681383,137,116.15506622643312,123.89873730819532,ok,,queue-deep/l2-flush/settled-warmup/clock-under-load/v4,357.2679691314697,3,1470.0,True,True,,True,4374.299702465323,"calibration: measured on this device: NVIDIA H200 (measured), 4374.3 GB/s (triad pattern)",13.0,580.159.04,True,1,c0644beadd3dfe2fde7045520d6dee61b7655971,NVIDIA H200,eec145fd46b6,queue-deep/l2-flush/settled-warmup/clock-under-load/v4,,iters=supplied as None; sglang=package not installed,1,3.12.3,155.9303223641331,"calibration: measured on this device: NVIDIA H200 (measured), 682.1 TFLOP/s bf16 over 4374.3 GB/s (triad pattern); calibrated 2026-09-10 at c0644bea",,400.0,2.13.0,3.7.1,2026-09-10T05:02:31+00:00,0.27.1,300.0
32,496,124.0,4,1024,0.96875,False,108.60606060606061,15.515151515151516,2.910720109939575,2.8544960021972656,0.02133029473049885,137,120.07439757553861,123.94776523926565,ok,,queue-deep/l2-flush/settled-warmup/clock-under-load/v4,358.1310393810272,3,1455.0,True,True,,True,4374.299702465323,"calibration: measured on this device: NVIDIA H200 (measured), 4374.3 GB/s (triad pattern)",13.0,580.159.04,True,1,c0644beadd3dfe2fde7045520d6dee61b7655971,NVIDIA H200,eec145fd46b6,queue-deep/l2-flush/settled-warmup/clock-under-load/v4,,iters=supplied as None; sglang=package not installed,1,3.12.3,155.9303223641331,"calibration: measured on this device: NVIDIA H200 (measured), 682.1 TFLOP/s bf16 over 4374.3 GB/s (triad pattern); calibrated 2026-09-10 at c0644bea",,400.0,2.13.0,3.7.1,2026-09-10T05:02:31+00:00,0.27.1,300.0
32,512,128.0,4,1024,1.0,True,108.60606060606061,15.515151515151516,2.8978240489959717,2.8389439582824707,0.032320821119626995,135,124.49936461428736,124.49936461428736,ok,,queue-deep/l2-flush/settled-warmup/clock-under-load/v4,358.4715518951416,3,1455.0,True,True,,True,4374.299702465323,"calibration: measured on this device: NVIDIA H200 (measured), 4374.3 GB/s (triad pattern)",13.0,580.159.04,True,1,c0644beadd3dfe2fde7045520d6dee61b7655971,NVIDIA H200,eec145fd46b6,queue-deep/l2-flush/settled-warmup/clock-under-load/v4,,iters=supplied as None; sglang=package not installed,1,3.12.3,155.9303223641331,"calibration: measured on this device: NVIDIA H200 (measured), 682.1 TFLOP/s bf16 over 4374.3 GB/s (triad pattern); calibrated 2026-09-10 at c0644bea",,400.0,2.13.0,3.7.1,2026-09-10T05:02:31+00:00,0.27.1,300.0
32,528,132.0,5,1280,0.825,False,135.75757575757575,19.393939393939394,3.6041280031204224,3.550816059112549,0.03469322018323574,110,103.22928089509612,125.126401084965,ok,,queue-deep/l2-flush/settled-warmup/clock-under-load/v4,363.9188799858093,3,1470.0,True,True,,True,4374.299702465323,"calibration: measured on this device: NVIDIA H200 (measured), 4374.3 GB/s (triad pattern)",13.0,580.159.04,True,1,c0644beadd3dfe2fde7045520d6dee61b7655971,NVIDIA H200,eec145fd46b6,queue-deep/l2-flush/settled-warmup/clock-under-load/v4,,iters=supplied as None; sglang=package not installed,1,3.12.3,155.9303223641331,"calibration: measured on this device: NVIDIA H200 (measured), 682.1 TFLOP/s bf16 over 4374.3 GB/s (triad pattern); calibrated 2026-09-10 at c0644bea",,400.0,2.13.0,3.7.1,2026-09-10T05:02:31+00:00,0.27.1,300.0
32,544,136.0,5,1280,0.85,False,135.75757575757575,19.393939393939394,3.6193439960479736,3.5353920459747314,0.038714342133164645,110,105.91030628383494,124.60036033392348,ok,,queue-deep/l2-flush/settled-warmup/clock-under-load/v4,346.5636782646179,3,1477.5,True,True,,True,4374.299702465323,"calibration: measured on this device: NVIDIA H200 (measured), 4374.3 GB/s (triad pattern)",13.0,580.159.04,True,1,c0644beadd3dfe2fde7045520d6dee61b7655971,NVIDIA H200,eec145fd46b6,queue-deep/l2-flush/settled-warmup/clock-under-load/v4,,iters=supplied as None; sglang=package not installed,1,3.12.3,155.9303223641331,"calibration: measured on this device: NVIDIA H200 (measured), 682.1 TFLOP/s bf16 over 4374.3 GB/s (triad pattern); calibrated 2026-09-10 at c0644bea",,400.0,2.13.0,3.7.1,2026-09-10T05:02:31+00:00,0.27.1,300.0
32,624,156.0,5,1280,0.975,False,135.75757575757575,19.393939393939394,3.6207679510116577,3.5567679405212402,0.02969403274292326,110,121.43757425966686,124.55135821504292,ok,,queue-deep/l2-flush/settled-warmup/clock-under-load/v4,361.98175859451294,3,1470.0,True,True,,True,4374.299702465323,"calibration: measured on this device: NVIDIA H200 (measured), 4374.3 GB/s (triad pattern)",13.0,580.159.04,True,1,c0644beadd3dfe2fde7045520d6dee61b7655971,NVIDIA H200,eec145fd46b6,queue-deep/l2-flush/settled-warmup/clock-under-load/v4,,iters=supplied as None; sglang=package not installed,1,3.12.3,155.9303223641331,"calibration: measured on this device: NVIDIA H200 (measured), 682.1 TFLOP/s bf16 over 4374.3 GB/s (triad pattern); calibrated 2026-09-10 at c0644bea",,400.0,2.13.0,3.7.1,2026-09-10T05:02:31+00:00,0.27.1,300.0
32,640,160.0,5,1280,1.0,True,135.75757575757575,19.393939393939394,3.6227200031280518,3.5115840435028076,0.04065288677449993,107,124.48424545385976,124.48424545385976,ok,,queue-deep/l2-flush/settled-warmup/clock-under-load/v4,385.6897642612457,3,1470.0,True,False,,True,4374.299702465323,"calibration: measured on this device: NVIDIA H200 (measured), 4374.3 GB/s (triad pattern)",13.0,580.159.04,True,1,c0644beadd3dfe2fde7045520d6dee61b7655971,NVIDIA H200,eec145fd46b6,queue-deep/l2-flush/settled-warmup/clock-under-load/v4,,iters=supplied as None; sglang=package not installed,1,3.12.3,155.9303223641331,"calibration: measured on this device: NVIDIA H200 (measured), 682.1 TFLOP/s bf16 over 4374.3 GB/s (triad pattern); calibrated 2026-09-10 at c0644bea",,400.0,2.13.0,3.7.1,2026-09-10T05:02:31+00:00,0.27.1,300.0
32,656,164.0,6,1536,0.8541666666666666,False,162.9090909090909,23.272727272727273,4.338816165924072,4.25980806350708,0.04227490965055029,91,106.53732206087874,124.72662094932144,ok,,queue-deep/l2-flush/settled-warmup/clock-under-load/v4,361.8659825325012,3,1470.0,True,True,,True,4374.299702465323,"calibration: measured on this device: NVIDIA H200 (measured), 4374.3 GB/s (triad pattern)",13.0,580.159.04,True,1,c0644beadd3dfe2fde7045520d6dee61b7655971,NVIDIA H200,eec145fd46b6,queue-deep/l2-flush/settled-warmup/clock-under-load/v4,,iters=supplied as None; sglang=package not installed,1,3.12.3,155.9303223641331,"calibration: measured on this device: NVIDIA H200 (measured), 682.1 TFLOP/s bf16 over 4374.3 GB/s (triad pattern); calibrated 2026-09-10 at c0644bea",,400.0,2.13.0,3.7.1,2026-09-10T05:02:31+00:00,0.27.1,300.0
32,736,184.0,6,1536,0.9583333333333334,False,162.9090909090909,23.272727272727273,4.330431938171387,4.261663913726807,0.02980667892693956,93,119.76110198628285,124.96810642046906,ok,,queue-deep/l2-flush/settled-warmup/clock-under-load/v4,357.8339190483093,3,1470.0,True,True,,True,4374.299702465323,"calibration: measured on this device: NVIDIA H200 (measured), 4374.3 GB/s (triad pattern)",13.0,580.159.04,True,1,c0644beadd3dfe2fde7045520d6dee61b7655971,NVIDIA H200,eec145fd46b6,queue-deep/l2-flush/settled-warmup/clock-under-load/v4,,iters=supplied as None; sglang=package not installed,1,3.12.3,155.9303223641331,"calibration: measured on this device: NVIDIA H200 (measured), 682.1 TFLOP/s bf16 over 4374.3 GB/s (triad pattern); calibrated 2026-09-10 at c0644bea",,400.0,2.13.0,3.7.1,2026-09-10T05:02:31+00:00,0.27.1,300.0
32,752,188.0,6,1536,0.9791666666666666,False,162.9090909090909,23.272727272727273,4.353599786758423,4.2603840827941895,0.03539020533925323,90,121.71343625927166,124.30308383925617,ok,,queue-deep/l2-flush/settled-warmup/clock-under-load/v4,363.04169940948486,3,1470.0,True,True,,True,4374.299702465323,"calibration: measured on this device: NVIDIA H200 (measured), 4374.3 GB/s (triad pattern)",13.0,580.159.04,True,1,c0644beadd3dfe2fde7045520d6dee61b7655971,NVIDIA H200,eec145fd46b6,queue-deep/l2-flush/settled-warmup/clock-under-load/v4,,iters=supplied as None; sglang=package not installed,1,3.12.3,155.9303223641331,"calibration: measured on this device: NVIDIA H200 (measured), 682.1 TFLOP/s bf16 over 4374.3 GB/s (triad pattern); calibrated 2026-09-10 at c0644bea",,400.0,2.13.0,3.7.1,2026-09-10T05:02:31+00:00,0.27.1,300.0
32,768,192.0,6,1536,1.0,True,162.9090909090909,23.272727272727273,4.354656219482422,4.260511875152588,0.03926599687104384,91,124.27292810735835,124.27292810735835,ok,,queue-deep/l2-flush/settled-warmup/clock-under-load/v4,354.5754566192627,3,1455.0,True,True,,True,4374.299702465323,"calibration: measured on this device: NVIDIA H200 (measured), 4374.3 GB/s (triad pattern)",13.0,580.159.04,True,1,c0644beadd3dfe2fde7045520d6dee61b7655971,NVIDIA H200,eec145fd46b6,queue-deep/l2-flush/settled-warmup/clock-under-load/v4,,iters=supplied as None; sglang=package not installed,1,3.12.3,155.9303223641331,"calibration: measured on this device: NVIDIA H200 (measured), 682.1 TFLOP/s bf16 over 4374.3 GB/s (triad pattern); calibrated 2026-09-10 at c0644bea",,400.0,2.13.0,3.7.1,2026-09-10T05:02:31+00:00,0.27.1,300.0
32,784,196.0,7,1792,0.875,False,190.06060606060606,27.151515151515152,5.046175956726074,4.879295825958252,0.08028994470170231,79,109.47699271398764,125.11656310170015,ok,,queue-deep/l2-flush/settled-warmup/clock-under-load/v4,345.4560966491699,3,1462.5,True,True,,True,4374.299702465323,"calibration: measured on this device: NVIDIA H200 (measured), 4374.3 GB/s (triad pattern)",13.0,580.159.04,True,1,c0644beadd3dfe2fde7045520d6dee61b7655971,NVIDIA H200,eec145fd46b6,queue-deep/l2-flush/settled-warmup/clock-under-load/v4,,iters=supplied as None; sglang=package not installed,1,3.12.3,155.9303223641331,"calibration: measured on this device: NVIDIA H200 (measured), 682.1 TFLOP/s bf16 over 4374.3 GB/s (triad pattern); calibrated 2026-09-10 at c0644bea",,400.0,2.13.0,3.7.1,2026-09-10T05:02:31+00:00,0.27.1,300.0
32,800,200.0,7,1792,0.8928571428571429,False,190.06060606060606,27.151515151515152,5.078335762023926,4.930528163909912,0.05355903551884248,78,111.00377840620301,124.3242318149474,ok,,queue-deep/l2-flush/settled-warmup/clock-under-load/v4,344.31839656829834,3,1470.0,True,True,,True,4374.299702465323,"calibration: measured on this device: NVIDIA H200 (measured), 4374.3 GB/s (triad pattern)",13.0,580.159.04,True,1,c0644beadd3dfe2fde7045520d6dee61b7655971,NVIDIA H200,eec145fd46b6,queue-deep/l2-flush/settled-warmup/clock-under-load/v4,,iters=supplied as None; sglang=package not installed,1,3.12.3,155.9303223641331,"calibration: measured on this device: NVIDIA H200 (measured), 682.1 TFLOP/s bf16 over 4374.3 GB/s (triad pattern); calibrated 2026-09-10 at c0644bea",,400.0,2.13.0,3.7.1,2026-09-10T05:02:31+00:00,0.27.1,300.0
32,896,224.0,7,1792,1.0,True,190.06060606060606,27.151515151515152,5.071167945861816,4.958240032196045,0.046365206412001675,78,124.49995725880144,124.49995725880144,ok,,queue-deep/l2-flush/settled-warmup/clock-under-load/v4,346.4626202583313,3,1455.0,True,True,,True,4374.299702465323,"calibration: measured on this device: NVIDIA H200 (measured), 4374.3 GB/s (triad pattern)",13.0,580.159.04,True,1,c0644beadd3dfe2fde7045520d6dee61b7655971,NVIDIA H200,eec145fd46b6,queue-deep/l2-flush/settled-warmup/clock-under-load/v4,,iters=supplied as None; sglang=package not installed,1,3.12.3,155.9303223641331,"calibration: measured on this device: NVIDIA H200 (measured), 682.1 TFLOP/s bf16 over 4374.3 GB/s (triad pattern); calibrated 2026-09-10 at c0644bea",,400.0,2.13.0,3.7.1,2026-09-10T05:02:31+00:00,0.27.1,300.0
32,992,248.0,8,2048,0.96875,False,217.21212121212122,31.03030303030303,5.784287929534912,5.659743785858154,0.08331174145762893,68,120.84563146568739,124.74387764199989,ok,,queue-deep/l2-flush/settled-warmup/clock-under-load/v4,354.52979278564453,3,1455.0,True,True,,True,4374.299702465323,"calibration: measured on this device: NVIDIA H200 (measured), 4374.3 GB/s (triad pattern)",13.0,580.159.04,True,1,c0644beadd3dfe2fde7045520d6dee61b7655971,NVIDIA H200,eec145fd46b6,queue-deep/l2-flush/settled-warmup/clock-under-load/v4,,iters=supplied as None; sglang=package not installed,1,3.12.3,155.9303223641331,"calibration: measured on this device: NVIDIA H200 (measured), 682.1 TFLOP/s bf16 over 4374.3 GB/s (triad pattern); calibrated 2026-09-10 at c0644bea",,400.0,2.13.0,3.7.1,2026-09-10T05:02:31+00:00,0.27.1,300.0
32,1024,256.0,8,2048,1.0,True,217.21212121212122,31.03030303030303,5.783455848693848,5.663712024688721,0.06656554869398576,69,124.76182486825034,124.76182486825034,ok,,queue-deep/l2-flush/settled-warmup/clock-under-load/v4,352.80191946029663,3,1455.0,True,True,,True,4374.299702465323,"calibration: measured on this device: NVIDIA H200 (measured), 4374.3 GB/s (triad pattern)",13.0,580.159.04,True,1,c0644beadd3dfe2fde7045520d6dee61b7655971,NVIDIA H200,eec145fd46b6,queue-deep/l2-flush/settled-warmup/clock-under-load/v4,,iters=supplied as None; sglang=package not installed,1,3.12.3,155.9303223641331,"calibration: measured on this device: NVIDIA H200 (measured), 682.1 TFLOP/s bf16 over 4374.3 GB/s (triad pattern); calibrated 2026-09-10 at c0644bea",,400.0,2.13.0,3.7.1,2026-09-10T05:02:31+00:00,0.27.1,300.0
32,1056,264.0,9,2304,0.9166666666666666,False,244.36363636363637,34.90909090909091,6.432544231414795,6.3048319816589355,0.07269944621482513,61,115.67788067402678,126.19405164439284,ok,,queue-deep/l2-flush/settled-warmup/clock-under-load/v4,347.797532081604,3,1470.0,True,True,,True,4374.299702465323,"calibration: measured on this device: NVIDIA H200 (measured), 4374.3 GB/s (triad pattern)",13.0,580.159.04,True,1,c0644beadd3dfe2fde7045520d6dee61b7655971,NVIDIA H200,eec145fd46b6,queue-deep/l2-flush/settled-warmup/clock-under-load/v4,,iters=supplied as None; sglang=package not installed,1,3.12.3,155.9303223641331,"calibration: measured on this device: NVIDIA H200 (measured), 682.1 TFLOP/s bf16 over 4374.3 GB/s (triad pattern); calibrated 2026-09-10 at c0644bea",,400.0,2.13.0,3.7.1,2026-09-10T05:02:31+00:00,0.27.1,300.0
32,1152,288.0,9,2304,1.0,True,244.36363636363637,34.90909090909091,6.451935768127441,6.376575946807861,0.061118140267557464,61,125.8147706544195,125.8147706544195,ok,,queue-deep/l2-flush/settled-warmup/clock-under-load/v4,350.4081597328186,3,1455.0,True,True,,True,4374.299702465323,"calibration: measured on this device: NVIDIA H200 (measured), 4374.3 GB/s (triad pattern)",13.0,580.159.04,True,1,c0644beadd3dfe2fde7045520d6dee61b7655971,NVIDIA H200,eec145fd46b6,queue-deep/l2-flush/settled-warmup/clock-under-load/v4,,iters=supplied as None; sglang=package not installed,1,3.12.3,155.9303223641331,"calibration: measured on this device: NVIDIA H200 (measured), 682.1 TFLOP/s bf16 over 4374.3 GB/s (triad pattern); calibrated 2026-09-10 at c0644bea",,400.0,2.13.0,3.7.1,2026-09-10T05:02:31+00:00,0.27.1,300.0
32,1248,312.0,10,2560,0.975,False,271.5151515151515,38.78787878787879,7.167488098144531,7.026879787445068,0.08104423336229,55,122.69215404538326,125.8381067132136,ok,,queue-deep/l2-flush/settled-warmup/clock-under-load/v4,352.4957127571106,3,1455.0,True,True,,True,4374.299702465323,"calibration: measured on this device: NVIDIA H200 (measured), 4374.3 GB/s (triad pattern)",13.0,580.159.04,True,1,c0644beadd3dfe2fde7045520d6dee61b7655971,NVIDIA H200,eec145fd46b6,queue-deep/l2-flush/settled-warmup/clock-under-load/v4,,iters=supplied as None; sglang=package not installed,1,3.12.3,155.9303223641331,"calibration: measured on this device: NVIDIA H200 (measured), 682.1 TFLOP/s bf16 over 4374.3 GB/s (triad pattern); calibrated 2026-09-10 at c0644bea",,400.0,2.13.0,3.7.1,2026-09-10T05:02:31+00:00,0.27.1,300.0
32,1280,320.0,10,2560,1.0,True,271.5151515151515,38.78787878787879,7.169055938720703,7.032256126403809,0.06997771450339216,55,125.81058648022615,125.81058648022615,ok,,queue-deep/l2-flush/settled-warmup/clock-under-load/v4,352.8253116607666,3,1455.0,True,True,,True,4374.299702465323,"calibration: measured on this device: NVIDIA H200 (measured), 4374.3 GB/s (triad pattern)",13.0,580.159.04,True,1,c0644beadd3dfe2fde7045520d6dee61b7655971,NVIDIA H200,eec145fd46b6,queue-deep/l2-flush/settled-warmup/clock-under-load/v4,,iters=supplied as None; sglang=package not installed,1,3.12.3,155.9303223641331,"calibration: measured on this device: NVIDIA H200 (measured), 682.1 TFLOP/s bf16 over 4374.3 GB/s (triad pattern); calibrated 2026-09-10 at c0644bea",,400.0,2.13.0,3.7.1,2026-09-10T05:02:31+00:00,0.27.1,300.0
32,1312,328.0,11,2816,0.9318181818181818,False,298.6666666666667,42.666666666666664,7.8958399295806885,7.712704181671143,0.08451232095591356,50,117.08592356343469,125.65318626319821,ok,,queue-deep/l2-flush/settled-warmup/clock-under-load/v4,363.09123277664185,3,1455.0,True,True,,True,4374.299702465323,"calibration: measured on this device: NVIDIA H200 (measured), 4374.3 GB/s (triad pattern)",13.0,580.159.04,True,1,c0644beadd3dfe2fde7045520d6dee61b7655971,NVIDIA H200,eec145fd46b6,queue-deep/l2-flush/settled-warmup/clock-under-load/v4,,iters=supplied as None; sglang=package not installed,1,3.12.3,155.9303223641331,"calibration: measured on this device: NVIDIA H200 (measured), 682.1 TFLOP/s bf16 over 4374.3 GB/s (triad pattern); calibrated 2026-09-10 at c0644bea",,400.0,2.13.0,3.7.1,2026-09-10T05:02:31+00:00,0.27.1,300.0
32,1408,352.0,11,2816,1.0,True,298.6666666666667,42.666666666666664,7.884095907211304,7.737887859344482,0.060764943456069316,50,125.84035722707623,125.84035722707623,ok,,queue-deep/l2-flush/settled-warmup/clock-under-load/v4,364.3100814819336,3,1455.0,True,True,,True,4374.299702465323,"calibration: measured on this device: NVIDIA H200 (measured), 4374.3 GB/s (triad pattern)",13.0,580.159.04,True,1,c0644beadd3dfe2fde7045520d6dee61b7655971,NVIDIA H200,eec145fd46b6,queue-deep/l2-flush/settled-warmup/clock-under-load/v4,,iters=supplied as None; sglang=package not installed,1,3.12.3,155.9303223641331,"calibration: measured on this device: NVIDIA H200 (measured), 682.1 TFLOP/s bf16 over 4374.3 GB/s (triad pattern); calibrated 2026-09-10 at c0644bea",,400.0,2.13.0,3.7.1,2026-09-10T05:02:31+00:00,0.27.1,300.0
32,1504,376.0,12,3072,0.9791666666666666,False,325.8181818181818,46.54545454545455,8.60097599029541,8.4235200881958,0.07798953974501413,46,123.21661884462492,125.83824903280843,ok,,queue-deep/l2-flush/settled-warmup/clock-under-load/v4,344.0043821334839,3,1455.0,True,True,,True,4374.299702465323,"calibration: measured on this device: NVIDIA H200 (measured), 4374.3 GB/s (triad pattern)",13.0,580.159.04,True,1,c0644beadd3dfe2fde7045520d6dee61b7655971,NVIDIA H200,eec145fd46b6,queue-deep/l2-flush/settled-warmup/clock-under-load/v4,,iters=supplied as None; sglang=package not installed,1,3.12.3,155.9303223641331,"calibration: measured on this device: NVIDIA H200 (measured), 682.1 TFLOP/s bf16 over 4374.3 GB/s (triad pattern); calibrated 2026-09-10 at c0644bea",,400.0,2.13.0,3.7.1,2026-09-10T05:02:31+00:00,0.27.1,300.0
32,1536,384.0,12,3072,1.0,True,325.8181818181818,46.54545454545455,8.606752395629883,8.540351867675781,0.07903387765254952,45,125.75379293373872,125.75379293373872,ok,,queue-deep/l2-flush/settled-warmup/clock-under-load/v4,337.366397857666,3,1455.0,True,True,,True,4374.299702465323,"calibration: measured on this device: NVIDIA H200 (measured), 4374.3 GB/s (triad pattern)",13.0,580.159.04,True,1,c0644beadd3dfe2fde7045520d6dee61b7655971,NVIDIA H200,eec145fd46b6,queue-deep/l2-flush/settled-warmup/clock-under-load/v4,,iters=supplied as None; sglang=package not installed,1,3.12.3,155.9303223641331,"calibration: measured on this device: NVIDIA H200 (measured), 682.1 TFLOP/s bf16 over 4374.3 GB/s (triad pattern); calibrated 2026-09-10 at c0644bea",,400.0,2.13.0,3.7.1,2026-09-10T05:02:31+00:00,0.27.1,300.0
32,1568,392.0,13,3328,0.9423076923076923,False,352.969696969697,50.42424242424242,9.32531213760376,9.256735801696777,0.07191985467489438,42,118.48186104576988,125.73585253836804,ok,,queue-deep/l2-flush/settled-warmup/clock-under-load/v4,345.2062692642212,3,1455.0,True,True,,True,4374.299702465323,"calibration: measured on this device: NVIDIA H200 (measured), 4374.3 GB/s (triad pattern)",13.0,580.159.04,True,1,c0644beadd3dfe2fde7045520d6dee61b7655971,NVIDIA H200,eec145fd46b6,queue-deep/l2-flush/settled-warmup/clock-under-load/v4,,iters=supplied as None; sglang=package not installed,1,3.12.3,155.9303223641331,"calibration: measured on this device: NVIDIA H200 (measured), 682.1 TFLOP/s bf16 over 4374.3 GB/s (triad pattern); calibrated 2026-09-10 at c0644bea",,400.0,2.13.0,3.7.1,2026-09-10T05:02:31+00:00,0.27.1,300.0
32,1664,416.0,13,3328,1.0,True,352.969696969697,50.42424242424242,9.32092809677124,9.122048377990723,0.1262208656351543,42,125.79499161828764,125.79499161828764,ok,,queue-deep/l2-flush/settled-warmup/clock-under-load/v4,344.57660579681396,3,1455.0,True,True,,True,4374.299702465323,"calibration: measured on this device: NVIDIA H200 (measured), 4374.3 GB/s (triad pattern)",13.0,580.159.04,True,1,c0644beadd3dfe2fde7045520d6dee61b7655971,NVIDIA H200,eec145fd46b6,queue-deep/l2-flush/settled-warmup/clock-under-load/v4,,iters=supplied as None; sglang=package not installed,1,3.12.3,155.9303223641331,"calibration: measured on this device: NVIDIA H200 (measured), 682.1 TFLOP/s bf16 over 4374.3 GB/s (triad pattern); calibrated 2026-09-10 at c0644bea",,400.0,2.13.0,3.7.1,2026-09-10T05:02:31+00:00,0.27.1,300.0
32,1792,448.0,14,3584,1.0,True,380.1212121212121,54.303030303030305,10.022815704345703,9.828703880310059,0.153050923380703,39,125.98459577347194,125.98459577347194,ok,,queue-deep/l2-flush/settled-warmup/clock-under-load/v4,352.38130950927734,3,1455.0,True,True,,True,4374.299702465323,"calibration: measured on this device: NVIDIA H200 (measured), 4374.3 GB/s (triad pattern)",13.0,580.159.04,True,1,c0644beadd3dfe2fde7045520d6dee61b7655971,NVIDIA H200,eec145fd46b6,queue-deep/l2-flush/settled-warmup/clock-under-load/v4,,iters=supplied as None; sglang=package not installed,1,3.12.3,155.9303223641331,"calibration: measured on this device: NVIDIA H200 (measured), 682.1 TFLOP/s bf16 over 4374.3 GB/s (triad pattern); calibrated 2026-09-10 at c0644bea",,400.0,2.13.0,3.7.1,2026-09-10T05:02:31+00:00,0.27.1,300.0
32,1920,480.0,15,3840,1.0,True,407.27272727272725,58.18181818181818,10.748512268066406,10.639007568359375,0.14948699687520467,37,125.8699496728938,125.8699496728938,ok,,queue-deep/l2-flush/settled-warmup/clock-under-load/v4,355.7930221557617,3,1455.0,True,True,,True,4374.299702465323,"calibration: measured on this device: NVIDIA H200 (measured), 4374.3 GB/s (triad pattern)",13.0,580.159.04,True,1,c0644beadd3dfe2fde7045520d6dee61b7655971,NVIDIA H200,eec145fd46b6,queue-deep/l2-flush/settled-warmup/clock-under-load/v4,,iters=supplied as None; sglang=package not installed,1,3.12.3,155.9303223641331,"calibration: measured on this device: NVIDIA H200 (measured), 682.1 TFLOP/s bf16 over 4374.3 GB/s (triad pattern); calibrated 2026-09-10 at c0644bea",,400.0,2.13.0,3.7.1,2026-09-10T05:02:31+00:00,0.27.1,300.0
32,2048,512.0,16,4096,1.0,True,434.42424242424244,62.06060606060606,11.46780776977539,11.232159614562988,0.19367151302716354,34,125.84000712494196,125.84000712494196,ok,,queue-deep/l2-flush/settled-warmup/clock-under-load/v4,352.8703680038452,3,1455.0,True,True,,True,4374.299702465323,"calibration: measured on this device: NVIDIA H200 (measured), 4374.3 GB/s (triad pattern)",13.0,580.159.04,True,1,c0644beadd3dfe2fde7045520d6dee61b7655971,NVIDIA H200,eec145fd46b6,queue-deep/l2-flush/settled-warmup/clock-under-load/v4,,iters=supplied as None; sglang=package not installed,1,3.12.3,155.9303223641331,"calibration: measured on this device: NVIDIA H200 (measured), 682.1 TFLOP/s bf16 over 4374.3 GB/s (triad pattern); calibrated 2026-09-10 at c0644bea",,400.0,2.13.0,3.7.1,2026-09-10T05:02:31+00:00,0.27.1,300.0
32,2176,544.0,17,4352,1.0,True,461.57575757575756,65.93939393939394,12.205967903137207,11.919168472290039,0.14265824141935152,32,125.61915096285864,125.61915096285864,ok,,queue-deep/l2-flush/settled-warmup/clock-under-load/v4,351.70940685272217,3,1440.0,True,True,,True,4374.299702465323,"calibration: measured on this device: NVIDIA H200 (measured), 4374.3 GB/s (triad pattern)",13.0,580.159.04,True,1,c0644beadd3dfe2fde7045520d6dee61b7655971,NVIDIA H200,eec145fd46b6,queue-deep/l2-flush/settled-warmup/clock-under-load/v4,,iters=supplied as None; sglang=package not installed,1,3.12.3,155.9303223641331,"calibration: measured on this device: NVIDIA H200 (measured), 682.1 TFLOP/s bf16 over 4374.3 GB/s (triad pattern); calibrated 2026-09-10 at c0644bea",,400.0,2.13.0,3.7.1,2026-09-10T05:02:31+00:00,0.27.1,300.0
32,2304,576.0,18,4608,1.0,True,488.72727272727275,69.81818181818181,12.936592102050781,12.579936027526855,0.14324951154793825,30,125.49654693299281,125.49654693299281,ok,,queue-deep/l2-flush/settled-warmup/clock-under-load/v4,334.13769817352295,3,1440.0,True,True,,True,4374.299702465323,"calibration: measured on this device: NVIDIA H200 (measured), 4374.3 GB/s (triad pattern)",13.0,580.159.04,True,1,c0644beadd3dfe2fde7045520d6dee61b7655971,NVIDIA H200,eec145fd46b6,queue-deep/l2-flush/settled-warmup/clock-under-load/v4,,iters=supplied as None; sglang=package not installed,1,3.12.3,155.9303223641331,"calibration: measured on this device: NVIDIA H200 (measured), 682.1 TFLOP/s bf16 over 4374.3 GB/s (triad pattern); calibrated 2026-09-10 at c0644bea",,400.0,2.13.0,3.7.1,2026-09-10T05:02:31+00:00,0.27.1,300.0
32,2432,608.0,19,4864,1.0,True,515.8787878787879,73.6969696969697,13.650303840637207,13.33459186553955,0.15967013277116207,29,125.54240338609222,125.54240338609222,ok,,queue-deep/l2-flush/settled-warmup/clock-under-load/v4,338.7066898345947,3,1440.0,True,True,,True,4374.299702465323,"calibration: measured on this device: NVIDIA H200 (measured), 4374.3 GB/s (triad pattern)",13.0,580.159.04,True,1,c0644beadd3dfe2fde7045520d6dee61b7655971,NVIDIA H200,eec145fd46b6,queue-deep/l2-flush/settled-warmup/clock-under-load/v4,,iters=supplied as None; sglang=package not installed,1,3.12.3,155.9303223641331,"calibration: measured on this device: NVIDIA H200 (measured), 682.1 TFLOP/s bf16 over 4374.3 GB/s (triad pattern); calibrated 2026-09-10 at c0644bea",,400.0,2.13.0,3.7.1,2026-09-10T05:02:31+00:00,0.27.1,300.0
32,2560,640.0,20,5120,1.0,True,543.030303030303,77.57575757575758,14.296480178833008,14.18284797668457,0.2179635084702458,27,126.17694997337782,126.17694997337782,ok,,queue-deep/l2-flush/settled-warmup/clock-under-load/v4,341.93900966644287,3,1455.0,True,True,,True,4374.299702465323,"calibration: measured on this device: NVIDIA H200 (measured), 4374.3 GB/s (triad pattern)",13.0,580.159.04,True,1,c0644beadd3dfe2fde7045520d6dee61b7655971,NVIDIA H200,eec145fd46b6,queue-deep/l2-flush/settled-warmup/clock-under-load/v4,,iters=supplied as None; sglang=package not installed,1,3.12.3,155.9303223641331,"calibration: measured on this device: NVIDIA H200 (measured), 682.1 TFLOP/s bf16 over 4374.3 GB/s (triad pattern); calibrated 2026-09-10 at c0644bea",,400.0,2.13.0,3.7.1,2026-09-10T05:02:31+00:00,0.27.1,300.0
32,2688,672.0,21,5376,1.0,True,570.1818181818181,81.45454545454545,15.043007850646973,14.681504249572754,0.2863859908422023,25,125.91102765757972,125.91102765757972,ok,,queue-deep/l2-flush/settled-warmup/clock-under-load/v4,343.3161277770996,3,1455.0,True,True,,True,4374.299702465323,"calibration: measured on this device: NVIDIA H200 (measured), 4374.3 GB/s (triad pattern)",13.0,580.159.04,True,1,c0644beadd3dfe2fde7045520d6dee61b7655971,NVIDIA H200,eec145fd46b6,queue-deep/l2-flush/settled-warmup/clock-under-load/v4,,iters=supplied as None; sglang=package not installed,1,3.12.3,155.9303223641331,"calibration: measured on this device: NVIDIA H200 (measured), 682.1 TFLOP/s bf16 over 4374.3 GB/s (triad pattern); calibrated 2026-09-10 at c0644bea",,400.0,2.13.0,3.7.1,2026-09-10T05:02:31+00:00,0.27.1,300.0
32,2816,704.0,22,5632,1.0,True,597.3333333333334,85.33333333333333,15.81884765625,15.412063598632812,0.32941315974075985,25,125.43738544495157,125.43738544495157,ok,,queue-deep/l2-flush/settled-warmup/clock-under-load/v4,342.6852807998657,3,1455.0,True,True,,True,4374.299702465323,"calibration: measured on this device: NVIDIA H200 (measured), 4374.3 GB/s (triad pattern)",13.0,580.159.04,True,1,c0644beadd3dfe2fde7045520d6dee61b7655971,NVIDIA H200,eec145fd46b6,queue-deep/l2-flush/settled-warmup/clock-under-load/v4,,iters=supplied as None; sglang=package not installed,1,3.12.3,155.9303223641331,"calibration: measured on this device: NVIDIA H200 (measured), 682.1 TFLOP/s bf16 over 4374.3 GB/s (triad pattern); calibrated 2026-09-10 at c0644bea",,400.0,2.13.0,3.7.1,2026-09-10T05:02:31+00:00,0.27.1,300.0
32,2944,736.0,23,5888,1.0,True,624.4848484848485,89.21212121212122,16.476112365722656,16.137664794921875,0.20351345053931982,24,125.9076873185073,125.9076873185073,ok,,queue-deep/l2-flush/settled-warmup/clock-under-load/v4,344.4955530166626,3,1455.0,True,True,,True,4374.299702465323,"calibration: measured on this device: NVIDIA H200 (measured), 4374.3 GB/s (triad pattern)",13.0,580.159.04,True,1,c0644beadd3dfe2fde7045520d6dee61b7655971,NVIDIA H200,eec145fd46b6,queue-deep/l2-flush/settled-warmup/clock-under-load/v4,,iters=supplied as None; sglang=package not installed,1,3.12.3,155.9303223641331,"calibration: measured on this device: NVIDIA H200 (measured), 682.1 TFLOP/s bf16 over 4374.3 GB/s (triad pattern); calibrated 2026-09-10 at c0644bea",,400.0,2.13.0,3.7.1,2026-09-10T05:02:31+00:00,0.27.1,300.0
32,3072,768.0,24,6144,1.0,True,651.6363636363636,93.0909090909091,17.25372886657715,16.819551467895508,0.21482381890308783,23,125.46061978389214,125.46061978389214,ok,,queue-deep/l2-flush/settled-warmup/clock-under-load/v4,344.49702072143555,3,1440.0,True,True,,True,4374.299702465323,"calibration: measured on this device: NVIDIA H200 (measured), 4374.3 GB/s (triad pattern)",13.0,580.159.04,True,1,c0644beadd3dfe2fde7045520d6dee61b7655971,NVIDIA H200,eec145fd46b6,queue-deep/l2-flush/settled-warmup/clock-under-load/v4,,iters=supplied as None; sglang=package not installed,1,3.12.3,155.9303223641331,"calibration: measured on this device: NVIDIA H200 (measured), 682.1 TFLOP/s bf16 over 4374.3 GB/s (triad pattern); calibrated 2026-09-10 at c0644bea",,400.0,2.13.0,3.7.1,2026-09-10T05:02:31+00:00,0.27.1,300.0
32,3200,800.0,25,6400,1.0,True,678.7878787878788,96.96969696969697,17.93441677093506,17.685632705688477,0.3556154529542303,22,125.72797092873832,125.72797092873832,ok,,queue-deep/l2-flush/settled-warmup/clock-under-load/v4,338.2212162017822,3,1440.0,True,True,,True,4374.299702465323,"calibration: measured on this device: NVIDIA H200 (measured), 4374.3 GB/s (triad pattern)",13.0,580.159.04,True,1,c0644beadd3dfe2fde7045520d6dee61b7655971,NVIDIA H200,eec145fd46b6,queue-deep/l2-flush/settled-warmup/clock-under-load/v4,,iters=supplied as None; sglang=package not installed,1,3.12.3,155.9303223641331,"calibration: measured on this device: NVIDIA H200 (measured), 682.1 TFLOP/s bf16 over 4374.3 GB/s (triad pattern); calibrated 2026-09-10 at c0644bea",,400.0,2.13.0,3.7.1,2026-09-10T05:02:31+00:00,0.27.1,300.0
32,3328,832.0,26,6656,1.0,True,705.939393939394,100.84848484848484,18.650015830993652,18.401472091674805,0.37785969024604055,20,125.73995458592908,125.73995458592908,ok,,queue-deep/l2-flush/settled-warmup/clock-under-load/v4,352.4370231628418,3,1447.5,True,True,,True,4374.299702465323,"calibration: measured on this device: NVIDIA H200 (measured), 4374.3 GB/s (triad pattern)",13.0,580.159.04,True,1,c0644beadd3dfe2fde7045520d6dee61b7655971,NVIDIA H200,eec145fd46b6,queue-deep/l2-flush/settled-warmup/clock-under-load/v4,,iters=supplied as None; sglang=package not installed,1,3.12.3,155.9303223641331,"calibration: measured on this device: NVIDIA H200 (measured), 682.1 TFLOP/s bf16 over 4374.3 GB/s (triad pattern); calibrated 2026-09-10 at c0644bea",,400.0,2.13.0,3.7.1,2026-09-10T05:02:31+00:00,0.27.1,300.0
32,3456,864.0,27,6912,1.0,True,733.0909090909091,104.72727272727273,19.400928497314453,18.843904495239258,0.24101219359988293,20,125.52216030119875,125.52216030119875,ok,,queue-deep/l2-flush/settled-warmup/clock-under-load/v4,364.4083843231201,3,1440.0,True,True,,True,4374.299702465323,"calibration: measured on this device: NVIDIA H200 (measured), 4374.3 GB/s (triad pattern)",13.0,580.159.04,True,1,c0644beadd3dfe2fde7045520d6dee61b7655971,NVIDIA H200,eec145fd46b6,queue-deep/l2-flush/settled-warmup/clock-under-load/v4,,iters=supplied as None; sglang=package not installed,1,3.12.3,155.9303223641331,"calibration: measured on this device: NVIDIA H200 (measured), 682.1 TFLOP/s bf16 over 4374.3 GB/s (triad pattern); calibrated 2026-09-10 at c0644bea",,400.0,2.13.0,3.7.1,2026-09-10T05:02:31+00:00,0.27.1,300.0
32,3584,896.0,28,7168,1.0,True,760.2424242424242,108.60606060606061,19.95008087158203,19.53878402709961,0.2633715354568717,19,126.5879966253858,126.5879966253858,ok,,queue-deep/l2-flush/settled-warmup/clock-under-load/v4,341.8733711242676,3,1455.0,True,True,,True,4374.299702465323,"calibration: measured on this device: NVIDIA H200 (measured), 4374.3 GB/s (triad pattern)",13.0,580.159.04,True,1,c0644beadd3dfe2fde7045520d6dee61b7655971,NVIDIA H200,eec145fd46b6,queue-deep/l2-flush/settled-warmup/clock-under-load/v4,,iters=supplied as None; sglang=package not installed,1,3.12.3,155.9303223641331,"calibration: measured on this device: NVIDIA H200 (measured), 682.1 TFLOP/s bf16 over 4374.3 GB/s (triad pattern); calibrated 2026-09-10 at c0644bea",,400.0,2.13.0,3.7.1,2026-09-10T05:02:31+00:00,0.27.1,300.0
32,3712,928.0,29,7424,1.0,True,787.3939393939394,112.48484848484848,20.837343215942383,20.233760833740234,0.4647822875942266,19,125.52632339725591,125.52632339725591,ok,,queue-deep/l2-flush/settled-warmup/clock-under-load/v4,350.3343963623047,3,1440.0,True,True,,True,4374.299702465323,"calibration: measured on this device: NVIDIA H200 (measured), 4374.3 GB/s (triad pattern)",13.0,580.159.04,True,1,c0644beadd3dfe2fde7045520d6dee61b7655971,NVIDIA H200,eec145fd46b6,queue-deep/l2-flush/settled-warmup/clock-under-load/v4,,iters=supplied as None; sglang=package not installed,1,3.12.3,155.9303223641331,"calibration: measured on this device: NVIDIA H200 (measured), 682.1 TFLOP/s bf16 over 4374.3 GB/s (triad pattern); calibrated 2026-09-10 at c0644bea",,400.0,2.13.0,3.7.1,2026-09-10T05:02:31+00:00,0.27.1,300.0
32,3840,960.0,30,7680,1.0,True,814.5454545454545,116.36363636363636,21.55227279663086,20.978303909301758,0.5523653913903318,18,125.54728784348843,125.54728784348843,ok,,queue-deep/l2-flush/settled-warmup/clock-under-load/v4,363.17305755615234,3,1440.0,True,False,,True,4374.299702465323,"calibration: measured on this device: NVIDIA H200 (measured), 4374.3 GB/s (triad pattern)",13.0,580.159.04,True,1,c0644beadd3dfe2fde7045520d6dee61b7655971,NVIDIA H200,eec145fd46b6,queue-deep/l2-flush/settled-warmup/clock-under-load/v4,,iters=supplied as None; sglang=package not installed,1,3.12.3,155.9303223641331,"calibration: measured on this device: NVIDIA H200 (measured), 682.1 TFLOP/s bf16 over 4374.3 GB/s (triad pattern); calibrated 2026-09-10 at c0644bea",,400.0,2.13.0,3.7.1,2026-09-10T05:02:31+00:00,0.27.1,300.0
32,3968,992.0,31,7936,1.0,True,841.6969696969697,120.24242424242425,22.25721549987793,21.95270347595215,0.4037051648792537,17,125.62324832193562,125.62324832193562,ok,,queue-deep/l2-flush/settled-warmup/clock-under-load/v4,354.88339042663574,3,1440.0,True,True,,True,4374.299702465323,"calibration: measured on this device: NVIDIA H200 (measured), 4374.3 GB/s (triad pattern)",13.0,580.159.04,True,1,c0644beadd3dfe2fde7045520d6dee61b7655971,NVIDIA H200,eec145fd46b6,queue-deep/l2-flush/settled-warmup/clock-under-load/v4,,iters=supplied as None; sglang=package not installed,1,3.12.3,155.9303223641331,"calibration: measured on this device: NVIDIA H200 (measured), 682.1 TFLOP/s bf16 over 4374.3 GB/s (triad pattern); calibrated 2026-09-10 at c0644bea",,400.0,2.13.0,3.7.1,2026-09-10T05:02:31+00:00,0.27.1,300.0
32,4096,1024.0,32,8192,1.0,True,868.8484848484849,124.12121212121212,22.96931266784668,22.456768035888672,0.5552953914485808,17,125.65539355264374,125.65539355264374,ok,,queue-deep/l2-flush/settled-warmup/clock-under-load/v4,364.78479957580566,3,1440.0,True,True,,True,4374.299702465323,"calibration: measured on this device: NVIDIA H200 (measured), 4374.3 GB/s (triad pattern)",13.0,580.159.04,True,1,c0644beadd3dfe2fde7045520d6dee61b7655971,NVIDIA H200,eec145fd46b6,queue-deep/l2-flush/settled-warmup/clock-under-load/v4,,iters=supplied as None; sglang=package not installed,1,3.12.3,155.9303223641331,"calibration: measured on this device: NVIDIA H200 (measured), 682.1 TFLOP/s bf16 over 4374.3 GB/s (triad pattern); calibrated 2026-09-10 at c0644bea",,400.0,2.13.0,3.7.1,2026-09-10T05:02:31+00:00,0.27.1,300.0
32,4224,1056.0,33,8448,1.0,True,896.0,128.0,23.656304359436035,22.993919372558594,0.6049967103232042,16,125.81899061257079,125.81899061257079,ok,,queue-deep/l2-flush/settled-warmup/clock-under-load/v4,352.92883110046387,3,1440.0,True,True,,True,4374.299702465323,"calibration: measured on this device: NVIDIA H200 (measured), 4374.3 GB/s (triad pattern)",13.0,580.159.04,True,1,c0644beadd3dfe2fde7045520d6dee61b7655971,NVIDIA H200,eec145fd46b6,queue-deep/l2-flush/settled-warmup/clock-under-load/v4,,iters=supplied as None; sglang=package not installed,1,3.12.3,155.9303223641331,"calibration: measured on this device: NVIDIA H200 (measured), 682.1 TFLOP/s bf16 over 4374.3 GB/s (triad pattern); calibrated 2026-09-10 at c0644bea",,400.0,2.13.0,3.7.1,2026-09-10T05:02:31+00:00,0.27.1,300.0
64,112,28.0,1,512,0.4375,False,27.151515151515152,3.878787878787879,0.7894080281257629,0.7591680288314819,0.05133956556092635,505,99.97367806275594,228.51126414344213,ok,,queue-deep/l2-flush/settled-warmup/clock-under-load/v4,365.97628831863403,3,1620.0,False,True,high,True,4374.299702465323,"calibration: measured on this device: NVIDIA H200 (measured), 4374.3 GB/s (triad pattern)",13.0,580.159.04,True,1,c0644beadd3dfe2fde7045520d6dee61b7655971,NVIDIA H200,eec145fd46b6,queue-deep/l2-flush/settled-warmup/clock-under-load/v4,,iters=supplied as None; sglang=package not installed,1,3.12.3,155.9303223641331,"calibration: measured on this device: NVIDIA H200 (measured), 682.1 TFLOP/s bf16 over 4374.3 GB/s (triad pattern); calibrated 2026-09-10 at c0644bea",,400.0,2.13.0,3.7.1,2026-09-10T05:02:31+00:00,0.27.1,300.0
64,128,32.0,1,512,0.5,False,27.151515151515152,3.878787878787879,0.8069760203361511,0.7668160200119019,0.014033107634190507,492,111.76826936992374,223.5365387398475,ok,,queue-deep/l2-flush/settled-warmup/clock-under-load/v4,365.17350602149963,3,1500.0,True,True,,True,4374.299702465323,"calibration: measured on this device: NVIDIA H200 (measured), 4374.3 GB/s (triad pattern)",13.0,580.159.04,True,1,c0644beadd3dfe2fde7045520d6dee61b7655971,NVIDIA H200,eec145fd46b6,queue-deep/l2-flush/settled-warmup/clock-under-load/v4,,iters=supplied as None; sglang=package not installed,1,3.12.3,155.9303223641331,"calibration: measured on this device: NVIDIA H200 (measured), 682.1 TFLOP/s bf16 over 4374.3 GB/s (triad pattern); calibrated 2026-09-10 at c0644bea",,400.0,2.13.0,3.7.1,2026-09-10T05:02:31+00:00,0.27.1,300.0
64,144,36.0,1,512,0.5625,False,27.151515151515152,3.878787878787879,0.8072320222854614,0.7767040133476257,0.01101757551119076,494,125.69942664157303,223.4656473627965,ok,,queue-deep/l2-flush/settled-warmup/clock-under-load/v4,365.8270397782326,3,1500.0,True,True,,True,4374.299702465323,"calibration: measured on this device: NVIDIA H200 (measured), 4374.3 GB/s (triad pattern)",13.0,580.159.04,True,1,c0644beadd3dfe2fde7045520d6dee61b7655971,NVIDIA H200,eec145fd46b6,queue-deep/l2-flush/settled-warmup/clock-under-load/v4,,iters=supplied as None; sglang=package not installed,1,3.12.3,155.9303223641331,"calibration: measured on this device: NVIDIA H200 (measured), 682.1 TFLOP/s bf16 over 4374.3 GB/s (triad pattern); calibrated 2026-09-10 at c0644bea",,400.0,2.13.0,3.7.1,2026-09-10T05:02:31+00:00,0.27.1,300.0
64,224,56.0,1,512,0.875,False,27.151515151515152,3.878787878787879,0.81740802526474,0.7898240089416504,0.011786560621176731,487,193.09823643691186,220.68369878504217,ok,,queue-deep/l2-flush/settled-warmup/clock-under-load/v4,365.403937458992,3,1440.0,True,True,,True,4374.299702465323,"calibration: measured on this device: NVIDIA H200 (measured), 4374.3 GB/s (triad pattern)",13.0,580.159.04,True,1,c0644beadd3dfe2fde7045520d6dee61b7655971,NVIDIA H200,eec145fd46b6,queue-deep/l2-flush/settled-warmup/clock-under-load/v4,,iters=supplied as None; sglang=package not installed,1,3.12.3,155.9303223641331,"calibration: measured on this device: NVIDIA H200 (measured), 682.1 TFLOP/s bf16 over 4374.3 GB/s (triad pattern); calibrated 2026-09-10 at c0644bea",,400.0,2.13.0,3.7.1,2026-09-10T05:02:31+00:00,0.27.1,300.0
64,240,60.0,1,512,0.9375,False,27.151515151515152,3.878787878787879,0.8205280005931854,0.7880319952964783,0.019002608482278006,488,206.10428548171657,219.84457118049767,ok,,queue-deep/l2-flush/settled-warmup/clock-under-load/v4,360.68150305747986,3,1440.0,True,True,,True,4374.299702465323,"calibration: measured on this device: NVIDIA H200 (measured), 4374.3 GB/s (triad pattern)",13.0,580.159.04,True,1,c0644beadd3dfe2fde7045520d6dee61b7655971,NVIDIA H200,eec145fd46b6,queue-deep/l2-flush/settled-warmup/clock-under-load/v4,,iters=supplied as None; sglang=package not installed,1,3.12.3,155.9303223641331,"calibration: measured on this device: NVIDIA H200 (measured), 682.1 TFLOP/s bf16 over 4374.3 GB/s (triad pattern); calibrated 2026-09-10 at c0644bea",,400.0,2.13.0,3.7.1,2026-09-10T05:02:31+00:00,0.27.1,300.0
64,256,64.0,1,512,1.0,True,27.151515151515152,3.878787878787879,0.8601920008659363,0.7872959971427917,0.025838551375840742,468,209.7073981743689,209.7073981743689,ok,,queue-deep/l2-flush/settled-warmup/clock-under-load/v4,361.8117418885231,3,1455.0,True,True,,True,4374.299702465323,"calibration: measured on this device: NVIDIA H200 (measured), 4374.3 GB/s (triad pattern)",13.0,580.159.04,True,1,c0644beadd3dfe2fde7045520d6dee61b7655971,NVIDIA H200,eec145fd46b6,queue-deep/l2-flush/settled-warmup/clock-under-load/v4,,iters=supplied as None; sglang=package not installed,1,3.12.3,155.9303223641331,"calibration: measured on this device: NVIDIA H200 (measured), 682.1 TFLOP/s bf16 over 4374.3 GB/s (triad pattern); calibrated 2026-09-10 at c0644bea",,400.0,2.13.0,3.7.1,2026-09-10T05:02:31+00:00,0.27.1,300.0
64,272,68.0,2,1024,0.53125,False,54.303030303030305,7.757575757575758,1.5724480152130127,1.5025919675827026,0.03718313788606859,253,121.88823651383875,229.43668049663765,ok,,queue-deep/l2-flush/settled-warmup/clock-under-load/v4,363.4110701084137,3,1470.0,True,True,,True,4374.299702465323,"calibration: measured on this device: NVIDIA H200 (measured), 4374.3 GB/s (triad pattern)",13.0,580.159.04,True,1,c0644beadd3dfe2fde7045520d6dee61b7655971,NVIDIA H200,eec145fd46b6,queue-deep/l2-flush/settled-warmup/clock-under-load/v4,,iters=supplied as None; sglang=package not installed,1,3.12.3,155.9303223641331,"calibration: measured on this device: NVIDIA H200 (measured), 682.1 TFLOP/s bf16 over 4374.3 GB/s (triad pattern); calibrated 2026-09-10 at c0644bea",,400.0,2.13.0,3.7.1,2026-09-10T05:02:31+00:00,0.27.1,300.0
64,288,72.0,2,1024,0.5625,False,54.303030303030305,7.757575757575758,1.584816038608551,1.531167984008789,0.027683173999935428,254,128.05095341802343,227.64613940981943,ok,,queue-deep/l2-flush/settled-warmup/clock-under-load/v4,362.8298261165619,3,1455.0,True,True,,True,4374.299702465323,"calibration: measured on this device: NVIDIA H200 (measured), 4374.3 GB/s (triad pattern)",13.0,580.159.04,True,1,c0644beadd3dfe2fde7045520d6dee61b7655971,NVIDIA H200,eec145fd46b6,queue-deep/l2-flush/settled-warmup/clock-under-load/v4,,iters=supplied as None; sglang=package not installed,1,3.12.3,155.9303223641331,"calibration: measured on this device: NVIDIA H200 (measured), 682.1 TFLOP/s bf16 over 4374.3 GB/s (triad pattern); calibrated 2026-09-10 at c0644bea",,400.0,2.13.0,3.7.1,2026-09-10T05:02:31+00:00,0.27.1,300.0
64,368,92.0,2,1024,0.71875,False,54.303030303030305,7.757575757575758,1.6118719577789307,1.5369600057601929,0.0357570340276164,244,160.87422406263138,223.82500739148713,ok,,queue-deep/l2-flush/settled-warmup/clock-under-load/v4,363.38332414627075,3,1417.5,True,True,,True,4374.299702465323,"calibration: measured on this device: NVIDIA H200 (measured), 4374.3 GB/s (triad pattern)",13.0,580.159.04,True,1,c0644beadd3dfe2fde7045520d6dee61b7655971,NVIDIA H200,eec145fd46b6,queue-deep/l2-flush/settled-warmup/clock-under-load/v4,,iters=supplied as None; sglang=package not installed,1,3.12.3,155.9303223641331,"calibration: measured on this device: NVIDIA H200 (measured), 682.1 TFLOP/s bf16 over 4374.3 GB/s (triad pattern); calibrated 2026-09-10 at c0644bea",,400.0,2.13.0,3.7.1,2026-09-10T05:02:31+00:00,0.27.1,300.0
64,384,96.0,2,1024,0.75,False,54.303030303030305,7.757575757575758,1.5814720392227173,1.5274560451507568,0.03589249465106295,247,171.0956203696081,228.12749382614413,ok,,queue-deep/l2-flush/settled-warmup/clock-under-load/v4,361.9160614013672,3,1447.5,True,True,,True,4374.299702465323,"calibration: measured on this device: NVIDIA H200 (measured), 4374.3 GB/s (triad pattern)",13.0,580.159.04,True,1,c0644beadd3dfe2fde7045520d6dee61b7655971,NVIDIA H200,eec145fd46b6,queue-deep/l2-flush/settled-warmup/clock-under-load/v4,,iters=supplied as None; sglang=package not installed,1,3.12.3,155.9303223641331,"calibration: measured on this device: NVIDIA H200 (measured), 682.1 TFLOP/s bf16 over 4374.3 GB/s (triad pattern); calibrated 2026-09-10 at c0644bea",,400.0,2.13.0,3.7.1,2026-09-10T05:02:31+00:00,0.27.1,300.0
64,400,100.0,2,1024,0.78125,False,54.303030303030305,7.757575757575758,1.5765759944915771,1.523743987083435,0.02973874902246307,253,178.77807970233295,228.83594201898615,ok,,queue-deep/l2-flush/settled-warmup/clock-under-load/v4,360.58879816532135,3,1440.0,True,True,,True,4374.299702465323,"calibration: measured on this device: NVIDIA H200 (measured), 4374.3 GB/s (triad pattern)",13.0,580.159.04,True,1,c0644beadd3dfe2fde7045520d6dee61b7655971,NVIDIA H200,eec145fd46b6,queue-deep/l2-flush/settled-warmup/clock-under-load/v4,,iters=supplied as None; sglang=package not installed,1,3.12.3,155.9303223641331,"calibration: measured on this device: NVIDIA H200 (measured), 682.1 TFLOP/s bf16 over 4374.3 GB/s (triad pattern); calibrated 2026-09-10 at c0644bea",,400.0,2.13.0,3.7.1,2026-09-10T05:02:31+00:00,0.27.1,300.0
64,480,120.0,2,1024,0.9375,False,54.303030303030305,7.757575757575758,1.5835679769515991,1.496832013130188,0.03897723985499369,254,213.5864575962802,227.82555476936557,ok,,queue-deep/l2-flush/settled-warmup/clock-under-load/v4,390.2947529554367,3,1380.0,False,False,low,True,4374.299702465323,"calibration: measured on this device: NVIDIA H200 (measured), 4374.3 GB/s (triad pattern)",13.0,580.159.04,True,1,c0644beadd3dfe2fde7045520d6dee61b7655971,NVIDIA H200,eec145fd46b6,queue-deep/l2-flush/settled-warmup/clock-under-load/v4,,iters=supplied as None; sglang=package not installed,1,3.12.3,155.9303223641331,"calibration: measured on this device: NVIDIA H200 (measured), 682.1 TFLOP/s bf16 over 4374.3 GB/s (triad pattern); calibrated 2026-09-10 at c0644bea",,400.0,2.13.0,3.7.1,2026-09-10T05:02:31+00:00,0.27.1,300.0
64,496,124.0,2,1024,0.96875,False,54.303030303030305,7.757575757575758,1.5799840092658997,1.510591983795166,0.038532179954088655,256,221.2066461826964,228.34234444665438,ok,,queue-deep/l2-flush/settled-warmup/clock-under-load/v4,361.0813126564026,3,1395.0,True,True,,True,4374.299702465323,"calibration: measured on this device: NVIDIA H200 (measured), 4374.3 GB/s (triad pattern)",13.0,580.159.04,True,1,c0644beadd3dfe2fde7045520d6dee61b7655971,NVIDIA H200,eec145fd46b6,queue-deep/l2-flush/settled-warmup/clock-under-load/v4,,iters=supplied as None; sglang=package not installed,1,3.12.3,155.9303223641331,"calibration: measured on this device: NVIDIA H200 (measured), 682.1 TFLOP/s bf16 over 4374.3 GB/s (triad pattern); calibrated 2026-09-10 at c0644bea",,400.0,2.13.0,3.7.1,2026-09-10T05:02:31+00:00,0.27.1,300.0
64,512,128.0,2,1024,1.0,True,54.303030303030305,7.757575757575758,1.5271680355072021,1.4793599843978882,0.03816881945118676,263,236.23939506053037,236.23939506053037,ok,,queue-deep/l2-flush/settled-warmup/clock-under-load/v4,361.0432662963867,3,1365.0,False,True,low,True,4374.299702465323,"calibration: measured on this device: NVIDIA H200 (measured), 4374.3 GB/s (triad pattern)",13.0,580.159.04,True,1,c0644beadd3dfe2fde7045520d6dee61b7655971,NVIDIA H200,eec145fd46b6,queue-deep/l2-flush/settled-warmup/clock-under-load/v4,,iters=supplied as None; sglang=package not installed,1,3.12.3,155.9303223641331,"calibration: measured on this device: NVIDIA H200 (measured), 682.1 TFLOP/s bf16 over 4374.3 GB/s (triad pattern); calibrated 2026-09-10 at c0644bea",,400.0,2.13.0,3.7.1,2026-09-10T05:02:31+00:00,0.27.1,300.0
64,528,132.0,3,1536,0.6875,False,81.45454545454545,11.636363636363637,2.31171190738678,2.1756479740142822,0.05917928681688887,172,160.94200182434363,234.09745719904524,ok,,queue-deep/l2-flush/settled-warmup/clock-under-load/v4,386.4165451526642,3,1425.0,True,False,,True,4374.299702465323,"calibration: measured on this device: NVIDIA H200 (measured), 4374.3 GB/s (triad pattern)",13.0,580.159.04,True,1,c0644beadd3dfe2fde7045520d6dee61b7655971,NVIDIA H200,eec145fd46b6,queue-deep/l2-flush/settled-warmup/clock-under-load/v4,,iters=supplied as None; sglang=package not installed,1,3.12.3,155.9303223641331,"calibration: measured on this device: NVIDIA H200 (measured), 682.1 TFLOP/s bf16 over 4374.3 GB/s (triad pattern); calibrated 2026-09-10 at c0644bea",,400.0,2.13.0,3.7.1,2026-09-10T05:02:31+00:00,0.27.1,300.0
64,544,136.0,3,1536,0.7083333333333334,False,81.45454545454545,11.636363636363637,2.3140480518341064,2.2636160850524902,0.03146352633446133,170,165.65162977673575,233.86112439068575,ok,,queue-deep/l2-flush/settled-warmup/clock-under-load/v4,362.0985288619995,3,1425.0,True,True,,True,4374.299702465323,"calibration: measured on this device: NVIDIA H200 (measured), 4374.3 GB/s (triad pattern)",13.0,580.159.04,True,1,c0644beadd3dfe2fde7045520d6dee61b7655971,NVIDIA H200,eec145fd46b6,queue-deep/l2-flush/settled-warmup/clock-under-load/v4,,iters=supplied as None; sglang=package not installed,1,3.12.3,155.9303223641331,"calibration: measured on this device: NVIDIA H200 (measured), 682.1 TFLOP/s bf16 over 4374.3 GB/s (triad pattern); calibrated 2026-09-10 at c0644bea",,400.0,2.13.0,3.7.1,2026-09-10T05:02:31+00:00,0.27.1,300.0
64,624,156.0,3,1536,0.8125,False,81.45454545454545,11.636363636363637,2.3405439853668213,2.261631965637207,0.030841923158493517,169,187.86114667231453,231.2137189813102,ok,,queue-deep/l2-flush/settled-warmup/clock-under-load/v4,358.4580788612366,3,1395.0,True,True,,True,4374.299702465323,"calibration: measured on this device: NVIDIA H200 (measured), 4374.3 GB/s (triad pattern)",13.0,580.159.04,True,1,c0644beadd3dfe2fde7045520d6dee61b7655971,NVIDIA H200,eec145fd46b6,queue-deep/l2-flush/settled-warmup/clock-under-load/v4,,iters=supplied as None; sglang=package not installed,1,3.12.3,155.9303223641331,"calibration: measured on this device: NVIDIA H200 (measured), 682.1 TFLOP/s bf16 over 4374.3 GB/s (triad pattern); calibrated 2026-09-10 at c0644bea",,400.0,2.13.0,3.7.1,2026-09-10T05:02:31+00:00,0.27.1,300.0
64,640,160.0,3,1536,0.8333333333333334,False,81.45454545454545,11.636363636363637,2.3371200561523438,2.2843520641326904,0.03269079532120501,170,192.96037655097837,231.55245186117406,ok,,queue-deep/l2-flush/settled-warmup/clock-under-load/v4,360.0455985069275,3,1395.0,True,True,,True,4374.299702465323,"calibration: measured on this device: NVIDIA H200 (measured), 4374.3 GB/s (triad pattern)",13.0,580.159.04,True,1,c0644beadd3dfe2fde7045520d6dee61b7655971,NVIDIA H200,eec145fd46b6,queue-deep/l2-flush/settled-warmup/clock-under-load/v4,,iters=supplied as None; sglang=package not installed,1,3.12.3,155.9303223641331,"calibration: measured on this device: NVIDIA H200 (measured), 682.1 TFLOP/s bf16 over 4374.3 GB/s (triad pattern); calibrated 2026-09-10 at c0644bea",,400.0,2.13.0,3.7.1,2026-09-10T05:02:31+00:00,0.27.1,300.0
64,656,164.0,3,1536,0.8541666666666666,False,81.45454545454545,11.636363636363637,2.3307199478149414,2.27292799949646,0.02985970269608265,171,198.3274977610919,232.18829006176614,ok,,queue-deep/l2-flush/settled-warmup/clock-under-load/v4,361.00188660621643,3,1395.0,True,True,,True,4374.299702465323,"calibration: measured on this device: NVIDIA H200 (measured), 4374.3 GB/s (triad pattern)",13.0,580.159.04,True,1,c0644beadd3dfe2fde7045520d6dee61b7655971,NVIDIA H200,eec145fd46b6,queue-deep/l2-flush/settled-warmup/clock-under-load/v4,,iters=supplied as None; sglang=package not installed,1,3.12.3,155.9303223641331,"calibration: measured on this device: NVIDIA H200 (measured), 682.1 TFLOP/s bf16 over 4374.3 GB/s (triad pattern); calibrated 2026-09-10 at c0644bea",,400.0,2.13.0,3.7.1,2026-09-10T05:02:31+00:00,0.27.1,300.0
64,736,184.0,3,1536,0.9583333333333334,False,81.45454545454545,11.636363636363637,2.312191963195801,2.2206079959869385,0.03549769663627995,170,224.2968184506584,234.04885403546965,ok,,queue-deep/l2-flush/settled-warmup/clock-under-load/v4,359.97077679634094,3,1365.0,False,True,low,True,4374.299702465323,"calibration: measured on this device: NVIDIA H200 (measured), 4374.3 GB/s (triad pattern)",13.0,580.159.04,True,1,c0644beadd3dfe2fde7045520d6dee61b7655971,NVIDIA H200,eec145fd46b6,queue-deep/l2-flush/settled-warmup/clock-under-load/v4,,iters=supplied as None; sglang=package not installed,1,3.12.3,155.9303223641331,"calibration: measured on this device: NVIDIA H200 (measured), 682.1 TFLOP/s bf16 over 4374.3 GB/s (triad pattern); calibrated 2026-09-10 at c0644bea",,400.0,2.13.0,3.7.1,2026-09-10T05:02:31+00:00,0.27.1,300.0
64,752,188.0,3,1536,0.9791666666666666,False,81.45454545454545,11.636363636363637,2.323456048965454,2.2728641033172607,0.0271429974111963,171,228.0618092087175,232.9141881280519,ok,,queue-deep/l2-flush/settled-warmup/clock-under-load/v4,361.4803202152252,3,1365.0,False,True,low,True,4374.299702465323,"calibration: measured on this device: NVIDIA H200 (measured), 4374.3 GB/s (triad pattern)",13.0,580.159.04,True,1,c0644beadd3dfe2fde7045520d6dee61b7655971,NVIDIA H200,eec145fd46b6,queue-deep/l2-flush/settled-warmup/clock-under-load/v4,,iters=supplied as None; sglang=package not installed,1,3.12.3,155.9303223641331,"calibration: measured on this device: NVIDIA H200 (measured), 682.1 TFLOP/s bf16 over 4374.3 GB/s (triad pattern); calibrated 2026-09-10 at c0644bea",,400.0,2.13.0,3.7.1,2026-09-10T05:02:31+00:00,0.27.1,300.0
64,768,192.0,3,1536,1.0,True,81.45454545454545,11.636363636363637,2.2962080240249634,2.1652159690856934,0.02938662398006825,174,235.6780716876881,235.6780716876881,ok,,queue-deep/l2-flush/settled-warmup/clock-under-load/v4,358.255872964859,3,1350.0,False,True,low,True,4374.299702465323,"calibration: measured on this device: NVIDIA H200 (measured), 4374.3 GB/s (triad pattern)",13.0,580.159.04,True,1,c0644beadd3dfe2fde7045520d6dee61b7655971,NVIDIA H200,eec145fd46b6,queue-deep/l2-flush/settled-warmup/clock-under-load/v4,,iters=supplied as None; sglang=package not installed,1,3.12.3,155.9303223641331,"calibration: measured on this device: NVIDIA H200 (measured), 682.1 TFLOP/s bf16 over 4374.3 GB/s (triad pattern); calibrated 2026-09-10 at c0644bea",,400.0,2.13.0,3.7.1,2026-09-10T05:02:31+00:00,0.27.1,300.0
64,784,196.0,4,2048,0.765625,False,108.60606060606061,15.515151515151516,3.108128070831299,3.0449600219726562,0.0514992379705538,129,177.7404778240829,232.15082817839397,ok,,queue-deep/l2-flush/settled-warmup/clock-under-load/v4,361.5653157234192,3,1410.0,True,True,,True,4374.299702465323,"calibration: measured on this device: NVIDIA H200 (measured), 4374.3 GB/s (triad pattern)",13.0,580.159.04,True,1,c0644beadd3dfe2fde7045520d6dee61b7655971,NVIDIA H200,eec145fd46b6,queue-deep/l2-flush/settled-warmup/clock-under-load/v4,,iters=supplied as None; sglang=package not installed,1,3.12.3,155.9303223641331,"calibration: measured on this device: NVIDIA H200 (measured), 682.1 TFLOP/s bf16 over 4374.3 GB/s (triad pattern); calibrated 2026-09-10 at c0644bea",,400.0,2.13.0,3.7.1,2026-09-10T05:02:31+00:00,0.27.1,300.0
64,800,200.0,4,2048,0.78125,False,108.60606060606061,15.515151515151516,3.1141440868377686,3.040640115737915,0.04329164047575658,127,181.0174615820102,231.70235082497305,ok,,queue-deep/l2-flush/settled-warmup/clock-under-load/v4,346.65635085105896,3,1410.0,True,True,,True,4374.299702465323,"calibration: measured on this device: NVIDIA H200 (measured), 4374.3 GB/s (triad pattern)",13.0,580.159.04,True,1,c0644beadd3dfe2fde7045520d6dee61b7655971,NVIDIA H200,eec145fd46b6,queue-deep/l2-flush/settled-warmup/clock-under-load/v4,,iters=supplied as None; sglang=package not installed,1,3.12.3,155.9303223641331,"calibration: measured on this device: NVIDIA H200 (measured), 682.1 TFLOP/s bf16 over 4374.3 GB/s (triad pattern); calibrated 2026-09-10 at c0644bea",,400.0,2.13.0,3.7.1,2026-09-10T05:02:31+00:00,0.27.1,300.0
64,896,224.0,4,2048,0.875,False,108.60606060606061,15.515151515151516,3.115936040878296,2.998016119003296,0.054930543712846426,125,202.62296280447302,231.5691003479692,ok,,queue-deep/l2-flush/settled-warmup/clock-under-load/v4,347.9743061065674,3,1395.0,True,True,,True,4374.299702465323,"calibration: measured on this device: NVIDIA H200 (measured), 4374.3 GB/s (triad pattern)",13.0,580.159.04,True,1,c0644beadd3dfe2fde7045520d6dee61b7655971,NVIDIA H200,eec145fd46b6,queue-deep/l2-flush/settled-warmup/clock-under-load/v4,,iters=supplied as None; sglang=package not installed,1,3.12.3,155.9303223641331,"calibration: measured on this device: NVIDIA H200 (measured), 682.1 TFLOP/s bf16 over 4374.3 GB/s (triad pattern); calibrated 2026-09-10 at c0644bea",,400.0,2.13.0,3.7.1,2026-09-10T05:02:31+00:00,0.27.1,300.0
64,992,248.0,4,2048,0.96875,False,108.60606060606061,15.515151515151516,3.1415199041366577,3.0304319858551025,0.03431761292820787,126,222.50564973456648,229.68325133890735,ok,,queue-deep/l2-flush/settled-warmup/clock-under-load/v4,346.31347489356995,3,1350.0,False,True,low,True,4374.299702465323,"calibration: measured on this device: NVIDIA H200 (measured), 4374.3 GB/s (triad pattern)",13.0,580.159.04,True,1,c0644beadd3dfe2fde7045520d6dee61b7655971,NVIDIA H200,eec145fd46b6,queue-deep/l2-flush/settled-warmup/clock-under-load/v4,,iters=supplied as None; sglang=package not installed,1,3.12.3,155.9303223641331,"calibration: measured on this device: NVIDIA H200 (measured), 682.1 TFLOP/s bf16 over 4374.3 GB/s (triad pattern); calibrated 2026-09-10 at c0644bea",,400.0,2.13.0,3.7.1,2026-09-10T05:02:31+00:00,0.27.1,300.0
64,1024,256.0,4,2048,1.0,True,108.60606060606061,15.515151515151516,3.08134388923645,3.014080047607422,0.03610930341885382,129,234.168769103795,234.168769103795,ok,,queue-deep/l2-flush/settled-warmup/clock-under-load/v4,344.32736015319824,3,1365.0,False,True,low,True,4374.299702465323,"calibration: measured on this device: NVIDIA H200 (measured), 4374.3 GB/s (triad pattern)",13.0,580.159.04,True,1,c0644beadd3dfe2fde7045520d6dee61b7655971,NVIDIA H200,eec145fd46b6,queue-deep/l2-flush/settled-warmup/clock-under-load/v4,,iters=supplied as None; sglang=package not installed,1,3.12.3,155.9303223641331,"calibration: measured on this device: NVIDIA H200 (measured), 682.1 TFLOP/s bf16 over 4374.3 GB/s (triad pattern); calibrated 2026-09-10 at c0644bea",,400.0,2.13.0,3.7.1,2026-09-10T05:02:31+00:00,0.27.1,300.0
64,1056,264.0,5,2560,0.825,False,135.75757575757575,19.393939393939394,3.8744640350341797,3.7824959754943848,0.04663916322409068,101,192.05316588399708,232.79171622302675,ok,,queue-deep/l2-flush/settled-warmup/clock-under-load/v4,358.14262294769287,3,1395.0,True,True,,True,4374.299702465323,"calibration: measured on this device: NVIDIA H200 (measured), 4374.3 GB/s (triad pattern)",13.0,580.159.04,True,1,c0644beadd3dfe2fde7045520d6dee61b7655971,NVIDIA H200,eec145fd46b6,queue-deep/l2-flush/settled-warmup/clock-under-load/v4,,iters=supplied as None; sglang=package not installed,1,3.12.3,155.9303223641331,"calibration: measured on this device: NVIDIA H200 (measured), 682.1 TFLOP/s bf16 over 4374.3 GB/s (triad pattern); calibrated 2026-09-10 at c0644bea",,400.0,2.13.0,3.7.1,2026-09-10T05:02:31+00:00,0.27.1,300.0
64,1152,288.0,5,2560,0.9,False,135.75757575757575,19.393939393939394,3.9119679927825928,3.802016019821167,0.046603045066624806,101,207.503952087962,230.5599467644022,ok,,queue-deep/l2-flush/settled-warmup/clock-under-load/v4,356.793536901474,3,1365.0,False,True,low,True,4374.299702465323,"calibration: measured on this device: NVIDIA H200 (measured), 4374.3 GB/s (triad pattern)",13.0,580.159.04,True,1,c0644beadd3dfe2fde7045520d6dee61b7655971,NVIDIA H200,eec145fd46b6,queue-deep/l2-flush/settled-warmup/clock-under-load/v4,,iters=supplied as None; sglang=package not installed,1,3.12.3,155.9303223641331,"calibration: measured on this device: NVIDIA H200 (measured), 682.1 TFLOP/s bf16 over 4374.3 GB/s (triad pattern); calibrated 2026-09-10 at c0644bea",,400.0,2.13.0,3.7.1,2026-09-10T05:02:31+00:00,0.27.1,300.0
64,1248,312.0,5,2560,0.975,False,135.75757575757575,19.393939393939394,3.881615996360779,3.8108479976654053,0.04342595371771267,102,226.5537226455371,232.36279245696113,ok,,queue-deep/l2-flush/settled-warmup/clock-under-load/v4,357.2980797290802,3,1342.5,False,True,low,True,4374.299702465323,"calibration: measured on this device: NVIDIA H200 (measured), 4374.3 GB/s (triad pattern)",13.0,580.159.04,True,1,c0644beadd3dfe2fde7045520d6dee61b7655971,NVIDIA H200,eec145fd46b6,queue-deep/l2-flush/settled-warmup/clock-under-load/v4,,iters=supplied as None; sglang=package not installed,1,3.12.3,155.9303223641331,"calibration: measured on this device: NVIDIA H200 (measured), 682.1 TFLOP/s bf16 over 4374.3 GB/s (triad pattern); calibrated 2026-09-10 at c0644bea",,400.0,2.13.0,3.7.1,2026-09-10T05:02:31+00:00,0.27.1,300.0
64,1280,320.0,5,2560,1.0,True,135.75757575757575,19.393939393939394,3.8166879415512085,3.7767040729522705,0.031159507589394796,104,236.31566058644688,236.31566058644688,ok,,queue-deep/l2-flush/settled-warmup/clock-under-load/v4,353.5615701675415,3,1320.0,False,True,low,True,4374.299702465323,"calibration: measured on this device: NVIDIA H200 (measured), 4374.3 GB/s (triad pattern)",13.0,580.159.04,True,1,c0644beadd3dfe2fde7045520d6dee61b7655971,NVIDIA H200,eec145fd46b6,queue-deep/l2-flush/settled-warmup/clock-under-load/v4,,iters=supplied as None; sglang=package not installed,1,3.12.3,155.9303223641331,"calibration: measured on this device: NVIDIA H200 (measured), 682.1 TFLOP/s bf16 over 4374.3 GB/s (triad pattern); calibrated 2026-09-10 at c0644bea",,400.0,2.13.0,3.7.1,2026-09-10T05:02:31+00:00,0.27.1,300.0
64,1312,328.0,6,3072,0.8541666666666666,False,162.9090909090909,23.272727272727273,4.6507041454315186,4.4423041343688965,0.07961438902455749,86,198.78531971812203,232.72427674316728,ok,,queue-deep/l2-flush/settled-warmup/clock-under-load/v4,355.62211513519287,3,1380.0,False,True,low,True,4374.299702465323,"calibration: measured on this device: NVIDIA H200 (measured), 4374.3 GB/s (triad pattern)",13.0,580.159.04,True,1,c0644beadd3dfe2fde7045520d6dee61b7655971,NVIDIA H200,eec145fd46b6,queue-deep/l2-flush/settled-warmup/clock-under-load/v4,,iters=supplied as None; sglang=package not installed,1,3.12.3,155.9303223641331,"calibration: measured on this device: NVIDIA H200 (measured), 682.1 TFLOP/s bf16 over 4374.3 GB/s (triad pattern); calibrated 2026-09-10 at c0644bea",,400.0,2.13.0,3.7.1,2026-09-10T05:02:31+00:00,0.27.1,300.0
64,1408,352.0,6,3072,0.9166666666666666,False,162.9090909090909,23.272727272727273,4.705647945404053,4.60313606262207,0.0442074308235743,84,210.83970940601455,230.00695571565225,ok,,queue-deep/l2-flush/settled-warmup/clock-under-load/v4,359.00508642196655,3,1365.0,False,True,low,True,4374.299702465323,"calibration: measured on this device: NVIDIA H200 (measured), 4374.3 GB/s (triad pattern)",13.0,580.159.04,True,1,c0644beadd3dfe2fde7045520d6dee61b7655971,NVIDIA H200,eec145fd46b6,queue-deep/l2-flush/settled-warmup/clock-under-load/v4,,iters=supplied as None; sglang=package not installed,1,3.12.3,155.9303223641331,"calibration: measured on this device: NVIDIA H200 (measured), 682.1 TFLOP/s bf16 over 4374.3 GB/s (triad pattern); calibrated 2026-09-10 at c0644bea",,400.0,2.13.0,3.7.1,2026-09-10T05:02:31+00:00,0.27.1,300.0
64,1504,376.0,6,3072,0.9791666666666666,False,162.9090909090909,23.272727272727273,4.654576063156128,4.523071765899658,0.10670849988664347,86,227.68629535927977,232.5306846222432,ok,,queue-deep/l2-flush/settled-warmup/clock-under-load/v4,352.4254722595215,3,1327.5,False,True,low,True,4374.299702465323,"calibration: measured on this device: NVIDIA H200 (measured), 4374.3 GB/s (triad pattern)",13.0,580.159.04,True,1,c0644beadd3dfe2fde7045520d6dee61b7655971,NVIDIA H200,eec145fd46b6,queue-deep/l2-flush/settled-warmup/clock-under-load/v4,,iters=supplied as None; sglang=package not installed,1,3.12.3,155.9303223641331,"calibration: measured on this device: NVIDIA H200 (measured), 682.1 TFLOP/s bf16 over 4374.3 GB/s (triad pattern); calibrated 2026-09-10 at c0644bea",,400.0,2.13.0,3.7.1,2026-09-10T05:02:31+00:00,0.27.1,300.0
64,1536,384.0,6,3072,1.0,True,162.9090909090909,23.272727272727273,4.575263977050781,4.515423774719238,0.03426528120609974,87,236.56159819868404,236.56159819868404,ok,,queue-deep/l2-flush/settled-warmup/clock-under-load/v4,350.64028692245483,3,1327.5,False,True,low,True,4374.299702465323,"calibration: measured on this device: NVIDIA H200 (measured), 4374.3 GB/s (triad pattern)",13.0,580.159.04,True,1,c0644beadd3dfe2fde7045520d6dee61b7655971,NVIDIA H200,eec145fd46b6,queue-deep/l2-flush/settled-warmup/clock-under-load/v4,,iters=supplied as None; sglang=package not installed,1,3.12.3,155.9303223641331,"calibration: measured on this device: NVIDIA H200 (measured), 682.1 TFLOP/s bf16 over 4374.3 GB/s (triad pattern); calibrated 2026-09-10 at c0644bea",,400.0,2.13.0,3.7.1,2026-09-10T05:02:31+00:00,0.27.1,300.0
64,1568,392.0,7,3584,0.875,False,190.06060606060606,27.151515151515152,5.495423793792725,5.227807998657227,0.07779817466264863,73,201.05461896205375,229.77670738520428,ok,,queue-deep/l2-flush/settled-warmup/clock-under-load/v4,353.74022483825684,3,1372.5,False,True,low,True,4374.299702465323,"calibration: measured on this device: NVIDIA H200 (measured), 4374.3 GB/s (triad pattern)",13.0,580.159.04,True,1,c0644beadd3dfe2fde7045520d6dee61b7655971,NVIDIA H200,eec145fd46b6,queue-deep/l2-flush/settled-warmup/clock-under-load/v4,,iters=supplied as None; sglang=package not installed,1,3.12.3,155.9303223641331,"calibration: measured on this device: NVIDIA H200 (measured), 682.1 TFLOP/s bf16 over 4374.3 GB/s (triad pattern); calibrated 2026-09-10 at c0644bea",,400.0,2.13.0,3.7.1,2026-09-10T05:02:31+00:00,0.27.1,300.0
64,1664,416.0,7,3584,0.9285714285714286,False,190.06060606060606,27.151515151515152,5.491071939468384,5.4152960777282715,0.04725730844160477,72,213.53318345370607,229.95881295014496,ok,,queue-deep/l2-flush/settled-warmup/clock-under-load/v4,358.59551763534546,3,1342.5,False,True,low,True,4374.299702465323,"calibration: measured on this device: NVIDIA H200 (measured), 4374.3 GB/s (triad pattern)",13.0,580.159.04,True,1,c0644beadd3dfe2fde7045520d6dee61b7655971,NVIDIA H200,eec145fd46b6,queue-deep/l2-flush/settled-warmup/clock-under-load/v4,,iters=supplied as None; sglang=package not installed,1,3.12.3,155.9303223641331,"calibration: measured on this device: NVIDIA H200 (measured), 682.1 TFLOP/s bf16 over 4374.3 GB/s (triad pattern); calibrated 2026-09-10 at c0644bea",,400.0,2.13.0,3.7.1,2026-09-10T05:02:31+00:00,0.27.1,300.0
64,1792,448.0,7,3584,1.0,True,190.06060606060606,27.151515151515152,5.329551935195923,5.264095783233643,0.09866792797053676,74,236.92805706331487,236.92805706331487,ok,,queue-deep/l2-flush/settled-warmup/clock-under-load/v4,356.44976139068604,3,1297.5,False,True,low,True,4374.299702465323,"calibration: measured on this device: NVIDIA H200 (measured), 4374.3 GB/s (triad pattern)",13.0,580.159.04,True,1,c0644beadd3dfe2fde7045520d6dee61b7655971,NVIDIA H200,eec145fd46b6,queue-deep/l2-flush/settled-warmup/clock-under-load/v4,,iters=supplied as None; sglang=package not installed,1,3.12.3,155.9303223641331,"calibration: measured on this device: NVIDIA H200 (measured), 682.1 TFLOP/s bf16 over 4374.3 GB/s (triad pattern); calibrated 2026-09-10 at c0644bea",,400.0,2.13.0,3.7.1,2026-09-10T05:02:31+00:00,0.27.1,300.0
64,1920,480.0,8,4096,0.9375,False,217.21212121212122,31.03030303030303,6.253439903259277,6.102975845336914,0.14274089128270825,63,216.34727752558462,230.77042936062358,ok,,queue-deep/l2-flush/settled-warmup/clock-under-load/v4,349.0980181694031,3,1335.0,False,True,low,True,4374.299702465323,"calibration: measured on this device: NVIDIA H200 (measured), 4374.3 GB/s (triad pattern)",13.0,580.159.04,True,1,c0644beadd3dfe2fde7045520d6dee61b7655971,NVIDIA H200,eec145fd46b6,queue-deep/l2-flush/settled-warmup/clock-under-load/v4,,iters=supplied as None; sglang=package not installed,1,3.12.3,155.9303223641331,"calibration: measured on this device: NVIDIA H200 (measured), 682.1 TFLOP/s bf16 over 4374.3 GB/s (triad pattern); calibrated 2026-09-10 at c0644bea",,400.0,2.13.0,3.7.1,2026-09-10T05:02:31+00:00,0.27.1,300.0
64,2048,512.0,8,4096,1.0,True,217.21212121212122,31.03030303030303,6.088640213012695,6.025504112243652,0.10802323509456596,65,237.0166344156409,237.0166344156409,ok,,queue-deep/l2-flush/settled-warmup/clock-under-load/v4,371.75513553619385,3,1305.0,False,True,low,True,4374.299702465323,"calibration: measured on this device: NVIDIA H200 (measured), 4374.3 GB/s (triad pattern)",13.0,580.159.04,True,1,c0644beadd3dfe2fde7045520d6dee61b7655971,NVIDIA H200,eec145fd46b6,queue-deep/l2-flush/settled-warmup/clock-under-load/v4,,iters=supplied as None; sglang=package not installed,1,3.12.3,155.9303223641331,"calibration: measured on this device: NVIDIA H200 (measured), 682.1 TFLOP/s bf16 over 4374.3 GB/s (triad pattern); calibrated 2026-09-10 at c0644bea",,400.0,2.13.0,3.7.1,2026-09-10T05:02:31+00:00,0.27.1,300.0
64,2176,544.0,9,4608,0.9444444444444444,False,244.36363636363637,34.90909090909091,7.054095983505249,7.0108160972595215,0.06796843359466524,56,217.36354711608087,230.14963812290915,ok,,queue-deep/l2-flush/settled-warmup/clock-under-load/v4,346.05929803848267,3,1335.0,False,True,low,True,4374.299702465323,"calibration: measured on this device: NVIDIA H200 (measured), 4374.3 GB/s (triad pattern)",13.0,580.159.04,True,1,c0644beadd3dfe2fde7045520d6dee61b7655971,NVIDIA H200,eec145fd46b6,queue-deep/l2-flush/settled-warmup/clock-under-load/v4,,iters=supplied as None; sglang=package not installed,1,3.12.3,155.9303223641331,"calibration: measured on this device: NVIDIA H200 (measured), 682.1 TFLOP/s bf16 over 4374.3 GB/s (triad pattern); calibrated 2026-09-10 at c0644bea",,400.0,2.13.0,3.7.1,2026-09-10T05:02:31+00:00,0.27.1,300.0
64,2304,576.0,9,4608,1.0,True,244.36363636363637,34.90909090909091,6.849599838256836,6.722271919250488,0.10969687100692575,58,237.02080066346855,237.02080066346855,ok,,queue-deep/l2-flush/settled-warmup/clock-under-load/v4,356.829731464386,3,1290.0,False,True,low,True,4374.299702465323,"calibration: measured on this device: NVIDIA H200 (measured), 4374.3 GB/s (triad pattern)",13.0,580.159.04,True,1,c0644beadd3dfe2fde7045520d6dee61b7655971,NVIDIA H200,eec145fd46b6,queue-deep/l2-flush/settled-warmup/clock-under-load/v4,,iters=supplied as None; sglang=package not installed,1,3.12.3,155.9303223641331,"calibration: measured on this device: NVIDIA H200 (measured), 682.1 TFLOP/s bf16 over 4374.3 GB/s (triad pattern); calibrated 2026-09-10 at c0644bea",,400.0,2.13.0,3.7.1,2026-09-10T05:02:31+00:00,0.27.1,300.0
64,2432,608.0,10,5120,0.95,False,271.5151515151515,38.78787878787879,7.8472161293029785,7.725823879241943,0.16995182590832525,50,218.38215271078778,229.87595022188188,ok,,queue-deep/l2-flush/settled-warmup/clock-under-load/v4,360.3980803489685,3,1320.0,False,True,low,True,4374.299702465323,"calibration: measured on this device: NVIDIA H200 (measured), 4374.3 GB/s (triad pattern)",13.0,580.159.04,True,1,c0644beadd3dfe2fde7045520d6dee61b7655971,NVIDIA H200,eec145fd46b6,queue-deep/l2-flush/settled-warmup/clock-under-load/v4,,iters=supplied as None; sglang=package not installed,1,3.12.3,155.9303223641331,"calibration: measured on this device: NVIDIA H200 (measured), 682.1 TFLOP/s bf16 over 4374.3 GB/s (triad pattern); calibrated 2026-09-10 at c0644bea",,400.0,2.13.0,3.7.1,2026-09-10T05:02:31+00:00,0.27.1,300.0
64,2560,640.0,10,5120,1.0,True,271.5151515151515,38.78787878787879,7.6147520542144775,7.435488224029541,0.15806130785453132,52,236.89363113558204,236.89363113558204,ok,,queue-deep/l2-flush/settled-warmup/clock-under-load/v4,370.70857429504395,3,1305.0,False,True,low,True,4374.299702465323,"calibration: measured on this device: NVIDIA H200 (measured), 4374.3 GB/s (triad pattern)",13.0,580.159.04,True,1,c0644beadd3dfe2fde7045520d6dee61b7655971,NVIDIA H200,eec145fd46b6,queue-deep/l2-flush/settled-warmup/clock-under-load/v4,,iters=supplied as None; sglang=package not installed,1,3.12.3,155.9303223641331,"calibration: measured on this device: NVIDIA H200 (measured), 682.1 TFLOP/s bf16 over 4374.3 GB/s (triad pattern); calibrated 2026-09-10 at c0644bea",,400.0,2.13.0,3.7.1,2026-09-10T05:02:31+00:00,0.27.1,300.0
64,2688,672.0,11,5632,0.9545454545454546,False,298.6666666666667,42.666666666666664,8.599200248718262,8.37292766571045,0.22059621149990977,47,220.26241077689969,230.75109700437113,ok,,queue-deep/l2-flush/settled-warmup/clock-under-load/v4,350.7321939468384,3,1350.0,False,True,low,True,4374.299702465323,"calibration: measured on this device: NVIDIA H200 (measured), 4374.3 GB/s (triad pattern)",13.0,580.159.04,True,1,c0644beadd3dfe2fde7045520d6dee61b7655971,NVIDIA H200,eec145fd46b6,queue-deep/l2-flush/settled-warmup/clock-under-load/v4,,iters=supplied as None; sglang=package not installed,1,3.12.3,155.9303223641331,"calibration: measured on this device: NVIDIA H200 (measured), 682.1 TFLOP/s bf16 over 4374.3 GB/s (triad pattern); calibrated 2026-09-10 at c0644bea",,400.0,2.13.0,3.7.1,2026-09-10T05:02:31+00:00,0.27.1,300.0
64,2816,704.0,11,5632,1.0,True,298.6666666666667,42.666666666666664,8.434880256652832,8.278335571289062,0.2970418782429553,47,235.24636158135684,235.24636158135684,ok,,queue-deep/l2-flush/settled-warmup/clock-under-load/v4,335.8217945098877,3,1312.5,False,True,low,True,4374.299702465323,"calibration: measured on this device: NVIDIA H200 (measured), 4374.3 GB/s (triad pattern)",13.0,580.159.04,True,1,c0644beadd3dfe2fde7045520d6dee61b7655971,NVIDIA H200,eec145fd46b6,queue-deep/l2-flush/settled-warmup/clock-under-load/v4,,iters=supplied as None; sglang=package not installed,1,3.12.3,155.9303223641331,"calibration: measured on this device: NVIDIA H200 (measured), 682.1 TFLOP/s bf16 over 4374.3 GB/s (triad pattern); calibrated 2026-09-10 at c0644bea",,400.0,2.13.0,3.7.1,2026-09-10T05:02:31+00:00,0.27.1,300.0
64,2944,736.0,12,6144,0.9583333333333334,False,325.8181818181818,46.54545454545455,9.407855987548828,9.210368156433105,0.23013856158522927,42,220.50392849481668,230.0910558206783,ok,,queue-deep/l2-flush/settled-warmup/clock-under-load/v4,343.704062461853,3,1320.0,False,True,low,True,4374.299702465323,"calibration: measured on this device: NVIDIA H200 (measured), 4374.3 GB/s (triad pattern)",13.0,580.159.04,True,1,c0644beadd3dfe2fde7045520d6dee61b7655971,NVIDIA H200,eec145fd46b6,queue-deep/l2-flush/settled-warmup/clock-under-load/v4,,iters=supplied as None; sglang=package not installed,1,3.12.3,155.9303223641331,"calibration: measured on this device: NVIDIA H200 (measured), 682.1 TFLOP/s bf16 over 4374.3 GB/s (triad pattern); calibrated 2026-09-10 at c0644bea",,400.0,2.13.0,3.7.1,2026-09-10T05:02:31+00:00,0.27.1,300.0
64,3072,768.0,12,6144,1.0,True,325.8181818181818,46.54545454545455,9.15443229675293,9.004063606262207,0.1316056775781649,43,236.4607052642472,236.4607052642472,ok,,queue-deep/l2-flush/settled-warmup/clock-under-load/v4,356.36646366119385,3,1290.0,False,False,low,True,4374.299702465323,"calibration: measured on this device: NVIDIA H200 (measured), 4374.3 GB/s (triad pattern)",13.0,580.159.04,True,1,c0644beadd3dfe2fde7045520d6dee61b7655971,NVIDIA H200,eec145fd46b6,queue-deep/l2-flush/settled-warmup/clock-under-load/v4,,iters=supplied as None; sglang=package not installed,1,3.12.3,155.9303223641331,"calibration: measured on this device: NVIDIA H200 (measured), 682.1 TFLOP/s bf16 over 4374.3 GB/s (triad pattern); calibrated 2026-09-10 at c0644bea",,400.0,2.13.0,3.7.1,2026-09-10T05:02:31+00:00,0.27.1,300.0
64,3200,800.0,13,6656,0.9615384615384616,False,352.969696969697,50.42424242424242,10.174847602844238,10.008607864379883,0.3443357451115549,39,221.61096838145127,230.47540711670933,ok,,queue-deep/l2-flush/settled-warmup/clock-under-load/v4,371.9977331161499,3,1312.5,False,True,low,True,4374.299702465323,"calibration: measured on this device: NVIDIA H200 (measured), 4374.3 GB/s (triad pattern)",13.0,580.159.04,True,1,c0644beadd3dfe2fde7045520d6dee61b7655971,NVIDIA H200,eec145fd46b6,queue-deep/l2-flush/settled-warmup/clock-under-load/v4,,iters=supplied as None; sglang=package not installed,1,3.12.3,155.9303223641331,"calibration: measured on this device: NVIDIA H200 (measured), 682.1 TFLOP/s bf16 over 4374.3 GB/s (triad pattern); calibrated 2026-09-10 at c0644bea",,400.0,2.13.0,3.7.1,2026-09-10T05:02:31+00:00,0.27.1,300.0
64,3328,832.0,13,6656,1.0,True,352.969696969697,50.42424242424242,9.970815658569336,9.770655632019043,0.22512371473392784,39,235.19160557346822,235.19160557346822,ok,,queue-deep/l2-flush/settled-warmup/clock-under-load/v4,347.19757080078125,3,1320.0,False,True,low,True,4374.299702465323,"calibration: measured on this device: NVIDIA H200 (measured), 4374.3 GB/s (triad pattern)",13.0,580.159.04,True,1,c0644beadd3dfe2fde7045520d6dee61b7655971,NVIDIA H200,eec145fd46b6,queue-deep/l2-flush/settled-warmup/clock-under-load/v4,,iters=supplied as None; sglang=package not installed,1,3.12.3,155.9303223641331,"calibration: measured on this device: NVIDIA H200 (measured), 682.1 TFLOP/s bf16 over 4374.3 GB/s (triad pattern); calibrated 2026-09-10 at c0644bea",,400.0,2.13.0,3.7.1,2026-09-10T05:02:31+00:00,0.27.1,300.0
64,3456,864.0,14,7168,0.9642857142857143,False,380.1212121212121,54.303030303030305,10.963263988494873,10.69871997833252,0.42243802780917206,36,222.12786806808714,230.35482614468293,ok,,queue-deep/l2-flush/settled-warmup/clock-under-load/v4,358.6032943725586,3,1290.0,False,True,low,True,4374.299702465323,"calibration: measured on this device: NVIDIA H200 (measured), 4374.3 GB/s (triad pattern)",13.0,580.159.04,True,1,c0644beadd3dfe2fde7045520d6dee61b7655971,NVIDIA H200,eec145fd46b6,queue-deep/l2-flush/settled-warmup/clock-under-load/v4,,iters=supplied as None; sglang=package not installed,1,3.12.3,155.9303223641331,"calibration: measured on this device: NVIDIA H200 (measured), 682.1 TFLOP/s bf16 over 4374.3 GB/s (triad pattern); calibrated 2026-09-10 at c0644bea",,400.0,2.13.0,3.7.1,2026-09-10T05:02:31+00:00,0.27.1,300.0
64,3584,896.0,14,7168,1.0,True,380.1212121212121,54.303030303030305,10.714847564697266,10.512288093566895,0.4483000423016767,37,235.69544548339576,235.69544548339576,ok,,queue-deep/l2-flush/settled-warmup/clock-under-load/v4,350.500452041626,3,1290.0,False,True,low,True,4374.299702465323,"calibration: measured on this device: NVIDIA H200 (measured), 4374.3 GB/s (triad pattern)",13.0,580.159.04,True,1,c0644beadd3dfe2fde7045520d6dee61b7655971,NVIDIA H200,eec145fd46b6,queue-deep/l2-flush/settled-warmup/clock-under-load/v4,,iters=supplied as None; sglang=package not installed,1,3.12.3,155.9303223641331,"calibration: measured on this device: NVIDIA H200 (measured), 682.1 TFLOP/s bf16 over 4374.3 GB/s (triad pattern); calibrated 2026-09-10 at c0644bea",,400.0,2.13.0,3.7.1,2026-09-10T05:02:31+00:00,0.27.1,300.0
64,3712,928.0,15,7680,0.9666666666666667,False,407.27272727272725,58.18181818181818,11.716064453125,11.52729606628418,0.42044985258002476,33,223.25202236031888,230.95036795895055,ok,,queue-deep/l2-flush/settled-warmup/clock-under-load/v4,361.2958736419678,3,1320.0,False,True,low,True,4374.299702465323,"calibration: measured on this device: NVIDIA H200 (measured), 4374.3 GB/s (triad pattern)",13.0,580.159.04,True,1,c0644beadd3dfe2fde7045520d6dee61b7655971,NVIDIA H200,eec145fd46b6,queue-deep/l2-flush/settled-warmup/clock-under-load/v4,,iters=supplied as None; sglang=package not installed,1,3.12.3,155.9303223641331,"calibration: measured on this device: NVIDIA H200 (measured), 682.1 TFLOP/s bf16 over 4374.3 GB/s (triad pattern); calibrated 2026-09-10 at c0644bea",,400.0,2.13.0,3.7.1,2026-09-10T05:02:31+00:00,0.27.1,300.0
64,3840,960.0,15,7680,1.0,True,407.27272727272725,58.18181818181818,11.484799861907959,11.26147174835205,0.19239479606769505,34,235.60091851966178,235.60091851966178,ok,,queue-deep/l2-flush/settled-warmup/clock-under-load/v4,353.6598377227783,3,1275.0,False,True,low,True,4374.299702465323,"calibration: measured on this device: NVIDIA H200 (measured), 4374.3 GB/s (triad pattern)",13.0,580.159.04,True,1,c0644beadd3dfe2fde7045520d6dee61b7655971,NVIDIA H200,eec145fd46b6,queue-deep/l2-flush/settled-warmup/clock-under-load/v4,,iters=supplied as None; sglang=package not installed,1,3.12.3,155.9303223641331,"calibration: measured on this device: NVIDIA H200 (measured), 682.1 TFLOP/s bf16 over 4374.3 GB/s (triad pattern); calibrated 2026-09-10 at c0644bea",,400.0,2.13.0,3.7.1,2026-09-10T05:02:31+00:00,0.27.1,300.0
64,3968,992.0,16,8192,0.96875,False,434.42424242424244,62.06060606060606,12.529088020324707,12.384032249450684,0.5544415460094357,31,223.16258814370892,230.361381309635,ok,,queue-deep/l2-flush/settled-warmup/clock-under-load/v4,333.7352342605591,3,1290.0,False,True,low,True,4374.299702465323,"calibration: measured on this device: NVIDIA H200 (measured), 4374.3 GB/s (triad pattern)",13.0,580.159.04,True,1,c0644beadd3dfe2fde7045520d6dee61b7655971,NVIDIA H200,eec145fd46b6,queue-deep/l2-flush/settled-warmup/clock-under-load/v4,,iters=supplied as None; sglang=package not installed,1,3.12.3,155.9303223641331,"calibration: measured on this device: NVIDIA H200 (measured), 682.1 TFLOP/s bf16 over 4374.3 GB/s (triad pattern); calibrated 2026-09-10 at c0644bea",,400.0,2.13.0,3.7.1,2026-09-10T05:02:31+00:00,0.27.1,300.0
64,4096,1024.0,16,8192,1.0,True,434.42424242424244,62.06060606060606,12.304336071014404,12.032447814941406,0.46766254054948103,32,234.56918002354692,234.56918002354692,ok,,queue-deep/l2-flush/settled-warmup/clock-under-load/v4,351.94214248657227,3,1290.0,False,True,low,True,4374.299702465323,"calibration: measured on this device: NVIDIA H200 (measured), 4374.3 GB/s (triad pattern)",13.0,580.159.04,True,1,c0644beadd3dfe2fde7045520d6dee61b7655971,NVIDIA H200,eec145fd46b6,queue-deep/l2-flush/settled-warmup/clock-under-load/v4,,iters=supplied as None; sglang=package not installed,1,3.12.3,155.9303223641331,"calibration: measured on this device: NVIDIA H200 (measured), 682.1 TFLOP/s bf16 over 4374.3 GB/s (triad pattern); calibrated 2026-09-10 at c0644bea",,400.0,2.13.0,3.7.1,2026-09-10T05:02:31+00:00,0.27.1,300.0
64,4224,1056.0,17,8704,0.9705882352941176,False,461.57575757575756,65.93939393939394,13.323264122009277,12.939007759094238,0.2534076492307659,29,223.39963456936468,230.16932046540603,ok,,queue-deep/l2-flush/settled-warmup/clock-under-load/v4,332.13984203338623,3,1290.0,False,False,low,True,4374.299702465323,"calibration: measured on this device: NVIDIA H200 (measured), 4374.3 GB/s (triad pattern)",13.0,580.159.04,True,1,c0644beadd3dfe2fde7045520d6dee61b7655971,NVIDIA H200,eec145fd46b6,queue-deep/l2-flush/settled-warmup/clock-under-load/v4,,iters=supplied as None; sglang=package not installed,1,3.12.3,155.9303223641331,"calibration: measured on this device: NVIDIA H200 (measured), 682.1 TFLOP/s bf16 over 4374.3 GB/s (triad pattern); calibrated 2026-09-10 at c0644bea",,400.0,2.13.0,3.7.1,2026-09-10T05:02:31+00:00,0.27.1,300.0
256,112,28.0,1,2048,0.109375,False,27.151515151515152,3.878787878787879,1.6147199869155884,1.611199975013733,0.007825959049455678,246,48.87536210829454,446.86045356155006,ok,,queue-deep/l2-flush/settled-warmup/clock-under-load/v4,351.1610872745514,3,1980.0,False,True,high,True,4374.299702465323,"calibration: measured on this device: NVIDIA H200 (measured), 4374.3 GB/s (triad pattern)",13.0,580.159.04,True,1,c0644beadd3dfe2fde7045520d6dee61b7655971,NVIDIA H200,eec145fd46b6,queue-deep/l2-flush/settled-warmup/clock-under-load/v4,,iters=supplied as None; sglang=package not installed,1,3.12.3,155.9303223641331,"calibration: measured on this device: NVIDIA H200 (measured), 682.1 TFLOP/s bf16 over 4374.3 GB/s (triad pattern); calibrated 2026-09-10 at c0644bea",,400.0,2.13.0,3.7.1,2026-09-10T05:02:31+00:00,0.27.1,300.0
256,128,32.0,1,2048,0.125,False,27.151515151515152,3.878787878787879,1.6232320070266724,1.6206400394439697,0.008465211765411143,245,55.56464684380632,444.5171747504506,ok,,queue-deep/l2-flush/settled-warmup/clock-under-load/v4,354.46883058547974,3,1980.0,False,True,high,True,4374.299702465323,"calibration: measured on this device: NVIDIA H200 (measured), 4374.3 GB/s (triad pattern)",13.0,580.159.04,True,1,c0644beadd3dfe2fde7045520d6dee61b7655971,NVIDIA H200,eec145fd46b6,queue-deep/l2-flush/settled-warmup/clock-under-load/v4,,iters=supplied as None; sglang=package not installed,1,3.12.3,155.9303223641331,"calibration: measured on this device: NVIDIA H200 (measured), 682.1 TFLOP/s bf16 over 4374.3 GB/s (triad pattern); calibrated 2026-09-10 at c0644bea",,400.0,2.13.0,3.7.1,2026-09-10T05:02:31+00:00,0.27.1,300.0
256,144,36.0,1,2048,0.140625,False,27.151515151515152,3.878787878787879,1.6300159692764282,1.6256959438323975,0.011164525681761055,244,62.25006642912977,442.66713905158946,ok,,queue-deep/l2-flush/settled-warmup/clock-under-load/v4,355.64041697978973,3,1980.0,False,True,high,True,4374.299702465323,"calibration: measured on this device: NVIDIA H200 (measured), 4374.3 GB/s (triad pattern)",13.0,580.159.04,True,1,c0644beadd3dfe2fde7045520d6dee61b7655971,NVIDIA H200,eec145fd46b6,queue-deep/l2-flush/settled-warmup/clock-under-load/v4,,iters=supplied as None; sglang=package not installed,1,3.12.3,155.9303223641331,"calibration: measured on this device: NVIDIA H200 (measured), 682.1 TFLOP/s bf16 over 4374.3 GB/s (triad pattern); calibrated 2026-09-10 at c0644bea",,400.0,2.13.0,3.7.1,2026-09-10T05:02:31+00:00,0.27.1,300.0
256,224,56.0,1,2048,0.21875,False,27.151515151515152,3.878787878787879,1.6883200407028198,1.6701760292053223,0.025992332690341038,238,93.48941215096504,427.3801698329831,ok,,queue-deep/l2-flush/settled-warmup/clock-under-load/v4,365.03046548366547,3,1965.0,False,True,high,True,4374.299702465323,"calibration: measured on this device: NVIDIA H200 (measured), 4374.3 GB/s (triad pattern)",13.0,580.159.04,True,1,c0644beadd3dfe2fde7045520d6dee61b7655971,NVIDIA H200,eec145fd46b6,queue-deep/l2-flush/settled-warmup/clock-under-load/v4,,iters=supplied as None; sglang=package not installed,1,3.12.3,155.9303223641331,"calibration: measured on this device: NVIDIA H200 (measured), 682.1 TFLOP/s bf16 over 4374.3 GB/s (triad pattern); calibrated 2026-09-10 at c0644bea",,400.0,2.13.0,3.7.1,2026-09-10T05:02:31+00:00,0.27.1,300.0
256,240,60.0,1,2048,0.234375,False,27.151515151515152,3.878787878787879,1.7000319957733154,1.6912319660186768,0.01207093294334916,234,99.47714966568778,424.4358385736012,ok,,queue-deep/l2-flush/settled-warmup/clock-under-load/v4,369.37548649311066,3,1965.0,False,True,high,True,4374.299702465323,"calibration: measured on this device: NVIDIA H200 (measured), 4374.3 GB/s (triad pattern)",13.0,580.159.04,True,1,c0644beadd3dfe2fde7045520d6dee61b7655971,NVIDIA H200,eec145fd46b6,queue-deep/l2-flush/settled-warmup/clock-under-load/v4,,iters=supplied as None; sglang=package not installed,1,3.12.3,155.9303223641331,"calibration: measured on this device: NVIDIA H200 (measured), 682.1 TFLOP/s bf16 over 4374.3 GB/s (triad pattern); calibrated 2026-09-10 at c0644bea",,400.0,2.13.0,3.7.1,2026-09-10T05:02:31+00:00,0.27.1,300.0
256,256,64.0,1,2048,0.25,False,27.151515151515152,3.878787878787879,1.7068480253219604,1.6872639656066895,0.02425804917705504,235,105.6852301762329,422.7409207049316,ok,,queue-deep/l2-flush/settled-warmup/clock-under-load/v4,369.0804167985916,3,1965.0,False,True,high,True,4374.299702465323,"calibration: measured on this device: NVIDIA H200 (measured), 4374.3 GB/s (triad pattern)",13.0,580.159.04,True,1,c0644beadd3dfe2fde7045520d6dee61b7655971,NVIDIA H200,eec145fd46b6,queue-deep/l2-flush/settled-warmup/clock-under-load/v4,,iters=supplied as None; sglang=package not installed,1,3.12.3,155.9303223641331,"calibration: measured on this device: NVIDIA H200 (measured), 682.1 TFLOP/s bf16 over 4374.3 GB/s (triad pattern); calibrated 2026-09-10 at c0644bea",,400.0,2.13.0,3.7.1,2026-09-10T05:02:31+00:00,0.27.1,300.0
256,272,68.0,1,2048,0.265625,False,27.151515151515152,3.878787878787879,1.7261120080947876,1.7083840370178223,0.017356230710017666,229,111.03735718491973,418.02299175499195,ok,,queue-deep/l2-flush/settled-warmup/clock-under-load/v4,361.1027830839157,3,1950.0,False,True,high,True,4374.299702465323,"calibration: measured on this device: NVIDIA H200 (measured), 4374.3 GB/s (triad pattern)",13.0,580.159.04,True,1,c0644beadd3dfe2fde7045520d6dee61b7655971,NVIDIA H200,eec145fd46b6,queue-deep/l2-flush/settled-warmup/clock-under-load/v4,,iters=supplied as None; sglang=package not installed,1,3.12.3,155.9303223641331,"calibration: measured on this device: NVIDIA H200 (measured), 682.1 TFLOP/s bf16 over 4374.3 GB/s (triad pattern); calibrated 2026-09-10 at c0644bea",,400.0,2.13.0,3.7.1,2026-09-10T05:02:31+00:00,0.27.1,300.0
256,288,72.0,1,2048,0.28125,False,27.151515151515152,3.878787878787879,1.7345119714736938,1.7163840532302856,0.022471319766392345,230,116.99959877681238,415.9985734286662,ok,,queue-deep/l2-flush/settled-warmup/clock-under-load/v4,352.36822414398193,3,1942.5,False,True,high,True,4374.299702465323,"calibration: measured on this device: NVIDIA H200 (measured), 4374.3 GB/s (triad pattern)",13.0,580.159.04,True,1,c0644beadd3dfe2fde7045520d6dee61b7655971,NVIDIA H200,eec145fd46b6,queue-deep/l2-flush/settled-warmup/clock-under-load/v4,,iters=supplied as None; sglang=package not installed,1,3.12.3,155.9303223641331,"calibration: measured on this device: NVIDIA H200 (measured), 682.1 TFLOP/s bf16 over 4374.3 GB/s (triad pattern); calibrated 2026-09-10 at c0644bea",,400.0,2.13.0,3.7.1,2026-09-10T05:02:31+00:00,0.27.1,300.0
256,368,92.0,1,2048,0.359375,False,27.151515151515152,3.878787878787879,1.7992960214614868,1.7724800109863281,0.024650971909424415,222,144.11672532092598,401.02045306692446,ok,,queue-deep/l2-flush/settled-warmup/clock-under-load/v4,361.8814744949341,3,1927.5,False,True,high,True,4374.299702465323,"calibration: measured on this device: NVIDIA H200 (measured), 4374.3 GB/s (triad pattern)",13.0,580.159.04,True,1,c0644beadd3dfe2fde7045520d6dee61b7655971,NVIDIA H200,eec145fd46b6,queue-deep/l2-flush/settled-warmup/clock-under-load/v4,,iters=supplied as None; sglang=package not installed,1,3.12.3,155.9303223641331,"calibration: measured on this device: NVIDIA H200 (measured), 682.1 TFLOP/s bf16 over 4374.3 GB/s (triad pattern); calibrated 2026-09-10 at c0644bea",,400.0,2.13.0,3.7.1,2026-09-10T05:02:31+00:00,0.27.1,300.0
256,384,96.0,1,2048,0.375,False,27.151515151515152,3.878787878787879,1.8094079494476318,1.7806400060653687,0.02197327877337778,221,149.54225205576353,398.7793388153694,ok,,queue-deep/l2-flush/settled-warmup/clock-under-load/v4,363.84688234329224,3,1905.0,False,True,high,True,4374.299702465323,"calibration: measured on this device: NVIDIA H200 (measured), 4374.3 GB/s (triad pattern)",13.0,580.159.04,True,1,c0644beadd3dfe2fde7045520d6dee61b7655971,NVIDIA H200,eec145fd46b6,queue-deep/l2-flush/settled-warmup/clock-under-load/v4,,iters=supplied as None; sglang=package not installed,1,3.12.3,155.9303223641331,"calibration: measured on this device: NVIDIA H200 (measured), 682.1 TFLOP/s bf16 over 4374.3 GB/s (triad pattern); calibrated 2026-09-10 at c0644bea",,400.0,2.13.0,3.7.1,2026-09-10T05:02:31+00:00,0.27.1,300.0
256,400,100.0,1,2048,0.390625,False,27.151515151515152,3.878787878787879,1.8357279896736145,1.7873280048370361,0.017960726377426472,222,153.5397566445087,393.0617770099424,ok,,queue-deep/l2-flush/settled-warmup/clock-under-load/v4,365.49491024017334,3,1905.0,False,True,high,True,4374.299702465323,"calibration: measured on this device: NVIDIA H200 (measured), 4374.3 GB/s (triad pattern)",13.0,580.159.04,True,1,c0644beadd3dfe2fde7045520d6dee61b7655971,NVIDIA H200,eec145fd46b6,queue-deep/l2-flush/settled-warmup/clock-under-load/v4,,iters=supplied as None; sglang=package not installed,1,3.12.3,155.9303223641331,"calibration: measured on this device: NVIDIA H200 (measured), 682.1 TFLOP/s bf16 over 4374.3 GB/s (triad pattern); calibrated 2026-09-10 at c0644bea",,400.0,2.13.0,3.7.1,2026-09-10T05:02:31+00:00,0.27.1,300.0
256,480,120.0,1,2048,0.46875,False,27.151515151515152,3.878787878787879,1.8760960102081299,1.822208046913147,0.027352388844851458,213,180.2832438849852,384.60425362130184,ok,,queue-deep/l2-flush/settled-warmup/clock-under-load/v4,356.52608239650726,3,1875.0,False,True,high,True,4374.299702465323,"calibration: measured on this device: NVIDIA H200 (measured), 4374.3 GB/s (triad pattern)",13.0,580.159.04,True,1,c0644beadd3dfe2fde7045520d6dee61b7655971,NVIDIA H200,eec145fd46b6,queue-deep/l2-flush/settled-warmup/clock-under-load/v4,,iters=supplied as None; sglang=package not installed,1,3.12.3,155.9303223641331,"calibration: measured on this device: NVIDIA H200 (measured), 682.1 TFLOP/s bf16 over 4374.3 GB/s (triad pattern); calibrated 2026-09-10 at c0644bea",,400.0,2.13.0,3.7.1,2026-09-10T05:02:31+00:00,0.27.1,300.0
256,496,124.0,1,2048,0.484375,False,27.151515151515152,3.878787878787879,1.8836159706115723,1.8647359609603882,0.0225265908380039,210,185.54894902410675,383.0687979852526,ok,,queue-deep/l2-flush/settled-warmup/clock-under-load/v4,357.58076667785645,3,1875.0,False,True,high,True,4374.299702465323,"calibration: measured on this device: NVIDIA H200 (measured), 4374.3 GB/s (triad pattern)",13.0,580.159.04,True,1,c0644beadd3dfe2fde7045520d6dee61b7655971,NVIDIA H200,eec145fd46b6,queue-deep/l2-flush/settled-warmup/clock-under-load/v4,,iters=supplied as None; sglang=package not installed,1,3.12.3,155.9303223641331,"calibration: measured on this device: NVIDIA H200 (measured), 682.1 TFLOP/s bf16 over 4374.3 GB/s (triad pattern); calibrated 2026-09-10 at c0644bea",,400.0,2.13.0,3.7.1,2026-09-10T05:02:31+00:00,0.27.1,300.0
256,512,128.0,1,2048,0.5,False,27.151515151515152,3.878787878787879,1.8953280448913574,1.8316160440444946,0.02866871866435665,208,190.35082282269516,380.70164564539033,ok,,queue-deep/l2-flush/settled-warmup/clock-under-load/v4,357.09967720508575,3,1860.0,False,True,high,True,4374.299702465323,"calibration: measured on this device: NVIDIA H200 (measured), 4374.3 GB/s (triad pattern)",13.0,580.159.04,True,1,c0644beadd3dfe2fde7045520d6dee61b7655971,NVIDIA H200,eec145fd46b6,queue-deep/l2-flush/settled-warmup/clock-under-load/v4,,iters=supplied as None; sglang=package not installed,1,3.12.3,155.9303223641331,"calibration: measured on this device: NVIDIA H200 (measured), 682.1 TFLOP/s bf16 over 4374.3 GB/s (triad pattern); calibrated 2026-09-10 at c0644bea",,400.0,2.13.0,3.7.1,2026-09-10T05:02:31+00:00,0.27.1,300.0
256,528,132.0,1,2048,0.515625,False,27.151515151515152,3.878787878787879,1.9057600498199463,1.8585920333862305,0.02927017493172491,208,195.22475667970423,378.61770992427483,ok,,queue-deep/l2-flush/settled-warmup/clock-under-load/v4,358.33292627334595,3,1860.0,False,True,high,True,4374.299702465323,"calibration: measured on this device: NVIDIA H200 (measured), 4374.3 GB/s (triad pattern)",13.0,580.159.04,True,1,c0644beadd3dfe2fde7045520d6dee61b7655971,NVIDIA H200,eec145fd46b6,queue-deep/l2-flush/settled-warmup/clock-under-load/v4,,iters=supplied as None; sglang=package not installed,1,3.12.3,155.9303223641331,"calibration: measured on this device: NVIDIA H200 (measured), 682.1 TFLOP/s bf16 over 4374.3 GB/s (triad pattern); calibrated 2026-09-10 at c0644bea",,400.0,2.13.0,3.7.1,2026-09-10T05:02:31+00:00,0.27.1,300.0
256,544,136.0,1,2048,0.53125,False,27.151515151515152,3.878787878787879,1.9087040424346924,1.8559679985046387,0.035369042270617386,207,200.8304182554356,378.03372848081995,ok,,queue-deep/l2-flush/settled-warmup/clock-under-load/v4,355.9914883375168,3,1845.0,False,True,high,True,4374.299702465323,"calibration: measured on this device: NVIDIA H200 (measured), 4374.3 GB/s (triad pattern)",13.0,580.159.04,True,1,c0644beadd3dfe2fde7045520d6dee61b7655971,NVIDIA H200,eec145fd46b6,queue-deep/l2-flush/settled-warmup/clock-under-load/v4,,iters=supplied as None; sglang=package not installed,1,3.12.3,155.9303223641331,"calibration: measured on this device: NVIDIA H200 (measured), 682.1 TFLOP/s bf16 over 4374.3 GB/s (triad pattern); calibrated 2026-09-10 at c0644bea",,400.0,2.13.0,3.7.1,2026-09-10T05:02:31+00:00,0.27.1,300.0
256,624,156.0,1,2048,0.609375,False,27.151515151515152,3.878787878787879,1.9633599519729614,1.8987840414047241,0.0306507951341305,201,223.95143411484605,367.5100457269269,ok,,queue-deep/l2-flush/settled-warmup/clock-under-load/v4,364.22611701488495,3,1815.0,False,True,high,True,4374.299702465323,"calibration: measured on this device: NVIDIA H200 (measured), 4374.3 GB/s (triad pattern)",13.0,580.159.04,True,1,c0644beadd3dfe2fde7045520d6dee61b7655971,NVIDIA H200,eec145fd46b6,queue-deep/l2-flush/settled-warmup/clock-under-load/v4,,iters=supplied as None; sglang=package not installed,1,3.12.3,155.9303223641331,"calibration: measured on this device: NVIDIA H200 (measured), 682.1 TFLOP/s bf16 over 4374.3 GB/s (triad pattern); calibrated 2026-09-10 at c0644bea",,400.0,2.13.0,3.7.1,2026-09-10T05:02:31+00:00,0.27.1,300.0
256,640,160.0,1,2048,0.625,False,27.151515151515152,3.878787878787879,1.9773119688034058,1.8597439527511597,0.028851882506863234,203,228.07304724550414,364.9168755928066,ok,,queue-deep/l2-flush/settled-warmup/clock-under-load/v4,364.91375708580017,3,1800.0,False,True,high,True,4374.299702465323,"calibration: measured on this device: NVIDIA H200 (measured), 4374.3 GB/s (triad pattern)",13.0,580.159.04,True,1,c0644beadd3dfe2fde7045520d6dee61b7655971,NVIDIA H200,eec145fd46b6,queue-deep/l2-flush/settled-warmup/clock-under-load/v4,,iters=supplied as None; sglang=package not installed,1,3.12.3,155.9303223641331,"calibration: measured on this device: NVIDIA H200 (measured), 682.1 TFLOP/s bf16 over 4374.3 GB/s (triad pattern); calibrated 2026-09-10 at c0644bea",,400.0,2.13.0,3.7.1,2026-09-10T05:02:31+00:00,0.27.1,300.0
256,656,164.0,1,2048,0.640625,False,27.151515151515152,3.878787878787879,1.9753600358963013,1.8652479648590088,0.035867729894263685,203,234.00587580595666,365.2774646727129,ok,,queue-deep/l2-flush/settled-warmup/clock-under-load/v4,366.8609937429428,3,1785.0,False,True,high,True,4374.299702465323,"calibration: measured on this device: NVIDIA H200 (measured), 4374.3 GB/s (triad pattern)",13.0,580.159.04,True,1,c0644beadd3dfe2fde7045520d6dee61b7655971,NVIDIA H200,eec145fd46b6,queue-deep/l2-flush/settled-warmup/clock-under-load/v4,,iters=supplied as None; sglang=package not installed,1,3.12.3,155.9303223641331,"calibration: measured on this device: NVIDIA H200 (measured), 682.1 TFLOP/s bf16 over 4374.3 GB/s (triad pattern); calibrated 2026-09-10 at c0644bea",,400.0,2.13.0,3.7.1,2026-09-10T05:02:31+00:00,0.27.1,300.0
256,736,184.0,1,2048,0.71875,False,27.151515151515152,3.878787878787879,1.999184012413025,1.9332159757614136,0.03400575681578854,204,259.4144899978599,360.92450782310937,ok,,queue-deep/l2-flush/settled-warmup/clock-under-load/v4,366.79260528087616,3,1740.0,False,True,high,True,4374.299702465323,"calibration: measured on this device: NVIDIA H200 (measured), 4374.3 GB/s (triad pattern)",13.0,580.159.04,True,1,c0644beadd3dfe2fde7045520d6dee61b7655971,NVIDIA H200,eec145fd46b6,queue-deep/l2-flush/settled-warmup/clock-under-load/v4,,iters=supplied as None; sglang=package not installed,1,3.12.3,155.9303223641331,"calibration: measured on this device: NVIDIA H200 (measured), 682.1 TFLOP/s bf16 over 4374.3 GB/s (triad pattern); calibrated 2026-09-10 at c0644bea",,400.0,2.13.0,3.7.1,2026-09-10T05:02:31+00:00,0.27.1,300.0
256,752,188.0,1,2048,0.734375,False,27.151515151515152,3.878787878787879,2.0204479694366455,1.8823039531707764,0.043894114806683725,197,262.264407774751,357.12600207625667,ok,,queue-deep/l2-flush/settled-warmup/clock-under-load/v4,355.397598028183,3,1725.0,False,True,high,True,4374.299702465323,"calibration: measured on this device: NVIDIA H200 (measured), 4374.3 GB/s (triad pattern)",13.0,580.159.04,True,1,c0644beadd3dfe2fde7045520d6dee61b7655971,NVIDIA H200,eec145fd46b6,queue-deep/l2-flush/settled-warmup/clock-under-load/v4,,iters=supplied as None; sglang=package not installed,1,3.12.3,155.9303223641331,"calibration: measured on this device: NVIDIA H200 (measured), 682.1 TFLOP/s bf16 over 4374.3 GB/s (triad pattern); calibrated 2026-09-10 at c0644bea",,400.0,2.13.0,3.7.1,2026-09-10T05:02:31+00:00,0.27.1,300.0
256,768,192.0,1,2048,0.75,False,27.151515151515152,3.878787878787879,2.0144639015197754,1.9610559940338135,0.03259288481127777,199,268.6401473303778,358.1868631071703,ok,,queue-deep/l2-flush/settled-warmup/clock-under-load/v4,387.3466912508011,3,1740.0,False,True,high,True,4374.299702465323,"calibration: measured on this device: NVIDIA H200 (measured), 4374.3 GB/s (triad pattern)",13.0,580.159.04,True,1,c0644beadd3dfe2fde7045520d6dee61b7655971,NVIDIA H200,eec145fd46b6,queue-deep/l2-flush/settled-warmup/clock-under-load/v4,,iters=supplied as None; sglang=package not installed,1,3.12.3,155.9303223641331,"calibration: measured on this device: NVIDIA H200 (measured), 682.1 TFLOP/s bf16 over 4374.3 GB/s (triad pattern); calibrated 2026-09-10 at c0644bea",,400.0,2.13.0,3.7.1,2026-09-10T05:02:31+00:00,0.27.1,300.0
256,784,196.0,1,2048,0.765625,False,27.151515151515152,3.878787878787879,2.0072959661483765,1.8719680309295654,0.03879470185335842,202,275.2161005474587,359.46592724566045,ok,,queue-deep/l2-flush/settled-warmup/clock-under-load/v4,354.8164156675339,3,1725.0,False,True,high,True,4374.299702465323,"calibration: measured on this device: NVIDIA H200 (measured), 4374.3 GB/s (triad pattern)",13.0,580.159.04,True,1,c0644beadd3dfe2fde7045520d6dee61b7655971,NVIDIA H200,eec145fd46b6,queue-deep/l2-flush/settled-warmup/clock-under-load/v4,,iters=supplied as None; sglang=package not installed,1,3.12.3,155.9303223641331,"calibration: measured on this device: NVIDIA H200 (measured), 682.1 TFLOP/s bf16 over 4374.3 GB/s (triad pattern); calibrated 2026-09-10 at c0644bea",,400.0,2.13.0,3.7.1,2026-09-10T05:02:31+00:00,0.27.1,300.0
256,800,200.0,1,2048,0.78125,False,27.151515151515152,3.878787878787879,2.0037119388580322,1.8968640565872192,0.030045290569511652,199,281.3350794931509,360.1089017512332,ok,,queue-deep/l2-flush/settled-warmup/clock-under-load/v4,363.90531408786774,3,1710.0,False,True,high,True,4374.299702465323,"calibration: measured on this device: NVIDIA H200 (measured), 4374.3 GB/s (triad pattern)",13.0,580.159.04,True,1,c0644beadd3dfe2fde7045520d6dee61b7655971,NVIDIA H200,eec145fd46b6,queue-deep/l2-flush/settled-warmup/clock-under-load/v4,,iters=supplied as None; sglang=package not installed,1,3.12.3,155.9303223641331,"calibration: measured on this device: NVIDIA H200 (measured), 682.1 TFLOP/s bf16 over 4374.3 GB/s (triad pattern); calibrated 2026-09-10 at c0644bea",,400.0,2.13.0,3.7.1,2026-09-10T05:02:31+00:00,0.27.1,300.0
256,896,224.0,1,2048,0.875,False,27.151515151515152,3.878787878787879,2.0097919702529907,1.891487956047058,0.03591410242682924,196,314.14206139579954,359.0194987380566,ok,,queue-deep/l2-flush/settled-warmup/clock-under-load/v4,358.5878429412842,3,1657.5,False,False,high,True,4374.299702465323,"calibration: measured on this device: NVIDIA H200 (measured), 4374.3 GB/s (triad pattern)",13.0,580.159.04,True,1,c0644beadd3dfe2fde7045520d6dee61b7655971,NVIDIA H200,eec145fd46b6,queue-deep/l2-flush/settled-warmup/clock-under-load/v4,,iters=supplied as None; sglang=package not installed,1,3.12.3,155.9303223641331,"calibration: measured on this device: NVIDIA H200 (measured), 682.1 TFLOP/s bf16 over 4374.3 GB/s (triad pattern); calibrated 2026-09-10 at c0644bea",,400.0,2.13.0,3.7.1,2026-09-10T05:02:31+00:00,0.27.1,300.0
256,992,248.0,1,2048,0.96875,False,27.151515151515152,3.878787878787879,2.002255916595459,1.9462720155715942,0.04430382249556511,202,349.1091831120952,360.37076966409825,ok,,queue-deep/l2-flush/settled-warmup/clock-under-load/v4,365.24095690250397,3,1665.0,False,True,high,True,4374.299702465323,"calibration: measured on this device: NVIDIA H200 (measured), 4374.3 GB/s (triad pattern)",13.0,580.159.04,True,1,c0644beadd3dfe2fde7045520d6dee61b7655971,NVIDIA H200,eec145fd46b6,queue-deep/l2-flush/settled-warmup/clock-under-load/v4,,iters=supplied as None; sglang=package not installed,1,3.12.3,155.9303223641331,"calibration: measured on this device: NVIDIA H200 (measured), 682.1 TFLOP/s bf16 over 4374.3 GB/s (triad pattern); calibrated 2026-09-10 at c0644bea",,400.0,2.13.0,3.7.1,2026-09-10T05:02:31+00:00,0.27.1,300.0
256,1024,256.0,1,2048,1.0,True,27.151515151515152,3.878787878787879,2.0040640830993652,1.864192008972168,0.040390043885657055,201,360.04562519382466,360.04562519382466,ok,,queue-deep/l2-flush/settled-warmup/clock-under-load/v4,383.3303978443146,3,1665.0,False,False,high,True,4374.299702465323,"calibration: measured on this device: NVIDIA H200 (measured), 4374.3 GB/s (triad pattern)",13.0,580.159.04,True,1,c0644beadd3dfe2fde7045520d6dee61b7655971,NVIDIA H200,eec145fd46b6,queue-deep/l2-flush/settled-warmup/clock-under-load/v4,,iters=supplied as None; sglang=package not installed,1,3.12.3,155.9303223641331,"calibration: measured on this device: NVIDIA H200 (measured), 682.1 TFLOP/s bf16 over 4374.3 GB/s (triad pattern); calibrated 2026-09-10 at c0644bea",,400.0,2.13.0,3.7.1,2026-09-10T05:02:31+00:00,0.27.1,300.0
256,1056,264.0,2,4096,0.515625,False,54.303030303030305,7.757575757575758,3.511183977127075,3.426208019256592,0.06675344843593449,114,211.9236955053665,411.0035306770744,ok,,queue-deep/l2-flush/settled-warmup/clock-under-load/v4,383.5964820384979,3,1815.0,False,True,high,True,4374.299702465323,"calibration: measured on this device: NVIDIA H200 (measured), 4374.3 GB/s (triad pattern)",13.0,580.159.04,True,1,c0644beadd3dfe2fde7045520d6dee61b7655971,NVIDIA H200,eec145fd46b6,queue-deep/l2-flush/settled-warmup/clock-under-load/v4,,iters=supplied as None; sglang=package not installed,1,3.12.3,155.9303223641331,"calibration: measured on this device: NVIDIA H200 (measured), 682.1 TFLOP/s bf16 over 4374.3 GB/s (triad pattern); calibrated 2026-09-10 at c0644bea",,400.0,2.13.0,3.7.1,2026-09-10T05:02:31+00:00,0.27.1,300.0
256,1152,288.0,2,4096,0.5625,False,54.303030303030305,7.757575757575758,3.578144073486328,3.4761600494384766,0.07566326672940442,111,226.86308943202525,403.3121589902671,ok,,queue-deep/l2-flush/settled-warmup/clock-under-load/v4,344.8663082122803,3,1800.0,False,True,high,True,4374.299702465323,"calibration: measured on this device: NVIDIA H200 (measured), 4374.3 GB/s (triad pattern)",13.0,580.159.04,True,1,c0644beadd3dfe2fde7045520d6dee61b7655971,NVIDIA H200,eec145fd46b6,queue-deep/l2-flush/settled-warmup/clock-under-load/v4,,iters=supplied as None; sglang=package not installed,1,3.12.3,155.9303223641331,"calibration: measured on this device: NVIDIA H200 (measured), 682.1 TFLOP/s bf16 over 4374.3 GB/s (triad pattern); calibrated 2026-09-10 at c0644bea",,400.0,2.13.0,3.7.1,2026-09-10T05:02:31+00:00,0.27.1,300.0
256,1248,312.0,2,4096,0.609375,False,54.303030303030305,7.757575757575758,3.673087954521179,3.5838398933410645,0.0620253121497182,108,239.41559928440026,392.88713728722087,ok,,queue-deep/l2-flush/settled-warmup/clock-under-load/v4,363.24323415756226,3,1770.0,False,True,high,True,4374.299702465323,"calibration: measured on this device: NVIDIA H200 (measured), 4374.3 GB/s (triad pattern)",13.0,580.159.04,True,1,c0644beadd3dfe2fde7045520d6dee61b7655971,NVIDIA H200,eec145fd46b6,queue-deep/l2-flush/settled-warmup/clock-under-load/v4,,iters=supplied as None; sglang=package not installed,1,3.12.3,155.9303223641331,"calibration: measured on this device: NVIDIA H200 (measured), 682.1 TFLOP/s bf16 over 4374.3 GB/s (triad pattern); calibrated 2026-09-10 at c0644bea",,400.0,2.13.0,3.7.1,2026-09-10T05:02:31+00:00,0.27.1,300.0
256,1280,320.0,2,4096,0.625,False,54.303030303030305,7.757575757575758,3.6965759992599487,3.6434240341186523,0.05550038186099157,106,243.99420770479716,390.39073232767544,ok,,queue-deep/l2-flush/settled-warmup/clock-under-load/v4,361.90220379829407,3,1770.0,False,True,high,True,4374.299702465323,"calibration: measured on this device: NVIDIA H200 (measured), 4374.3 GB/s (triad pattern)",13.0,580.159.04,True,1,c0644beadd3dfe2fde7045520d6dee61b7655971,NVIDIA H200,eec145fd46b6,queue-deep/l2-flush/settled-warmup/clock-under-load/v4,,iters=supplied as None; sglang=package not installed,1,3.12.3,155.9303223641331,"calibration: measured on this device: NVIDIA H200 (measured), 682.1 TFLOP/s bf16 over 4374.3 GB/s (triad pattern); calibrated 2026-09-10 at c0644bea",,400.0,2.13.0,3.7.1,2026-09-10T05:02:31+00:00,0.27.1,300.0
256,1312,328.0,2,4096,0.640625,False,54.303030303030305,7.757575757575758,3.709696054458618,3.5652480125427246,0.11075605139596091,107,249.20955703442866,389.01004024886424,ok,,queue-deep/l2-flush/settled-warmup/clock-under-load/v4,345.6419847011566,3,1785.0,False,True,high,True,4374.299702465323,"calibration: measured on this device: NVIDIA H200 (measured), 4374.3 GB/s (triad pattern)",13.0,580.159.04,True,1,c0644beadd3dfe2fde7045520d6dee61b7655971,NVIDIA H200,eec145fd46b6,queue-deep/l2-flush/settled-warmup/clock-under-load/v4,,iters=supplied as None; sglang=package not installed,1,3.12.3,155.9303223641331,"calibration: measured on this device: NVIDIA H200 (measured), 682.1 TFLOP/s bf16 over 4374.3 GB/s (triad pattern); calibrated 2026-09-10 at c0644bea",,400.0,2.13.0,3.7.1,2026-09-10T05:02:31+00:00,0.27.1,300.0
256,1408,352.0,2,4096,0.6875,False,54.303030303030305,7.757575757575758,3.8121280670166016,3.723680019378662,0.06886409338231891,103,260.2581623529909,378.5573270588958,ok,,queue-deep/l2-flush/settled-warmup/clock-under-load/v4,352.3031680583954,3,1755.0,False,True,high,True,4374.299702465323,"calibration: measured on this device: NVIDIA H200 (measured), 4374.3 GB/s (triad pattern)",13.0,580.159.04,True,1,c0644beadd3dfe2fde7045520d6dee61b7655971,NVIDIA H200,eec145fd46b6,queue-deep/l2-flush/settled-warmup/clock-under-load/v4,,iters=supplied as None; sglang=package not installed,1,3.12.3,155.9303223641331,"calibration: measured on this device: NVIDIA H200 (measured), 682.1 TFLOP/s bf16 over 4374.3 GB/s (triad pattern); calibrated 2026-09-10 at c0644bea",,400.0,2.13.0,3.7.1,2026-09-10T05:02:31+00:00,0.27.1,300.0
256,1504,376.0,2,4096,0.734375,False,54.303030303030305,7.757575757575758,3.910032033920288,3.8405120372772217,0.042353306576350155,100,271.042071035269,369.07856481398323,ok,,queue-deep/l2-flush/settled-warmup/clock-under-load/v4,361.194367647171,3,1725.0,False,True,high,True,4374.299702465323,"calibration: measured on this device: NVIDIA H200 (measured), 4374.3 GB/s (triad pattern)",13.0,580.159.04,True,1,c0644beadd3dfe2fde7045520d6dee61b7655971,NVIDIA H200,eec145fd46b6,queue-deep/l2-flush/settled-warmup/clock-under-load/v4,,iters=supplied as None; sglang=package not installed,1,3.12.3,155.9303223641331,"calibration: measured on this device: NVIDIA H200 (measured), 682.1 TFLOP/s bf16 over 4374.3 GB/s (triad pattern); calibrated 2026-09-10 at c0644bea",,400.0,2.13.0,3.7.1,2026-09-10T05:02:31+00:00,0.27.1,300.0
256,1536,384.0,2,4096,0.75,False,54.303030303030305,7.757575757575758,3.9272000789642334,3.821183919906616,0.08208025596702714,101,275.59883296739395,367.46511062319195,ok,,queue-deep/l2-flush/settled-warmup/clock-under-load/v4,354.87922954559326,3,1725.0,False,True,high,True,4374.299702465323,"calibration: measured on this device: NVIDIA H200 (measured), 4374.3 GB/s (triad pattern)",13.0,580.159.04,True,1,c0644beadd3dfe2fde7045520d6dee61b7655971,NVIDIA H200,eec145fd46b6,queue-deep/l2-flush/settled-warmup/clock-under-load/v4,,iters=supplied as None; sglang=package not installed,1,3.12.3,155.9303223641331,"calibration: measured on this device: NVIDIA H200 (measured), 682.1 TFLOP/s bf16 over 4374.3 GB/s (triad pattern); calibrated 2026-09-10 at c0644bea",,400.0,2.13.0,3.7.1,2026-09-10T05:02:31+00:00,0.27.1,300.0
256,1568,392.0,2,4096,0.765625,False,54.303030303030305,7.757575757575758,3.9315199851989746,3.7659521102905273,0.06610053742498771,101,281.0313418361224,367.061344439017,ok,,queue-deep/l2-flush/settled-warmup/clock-under-load/v4,385.2587847709656,3,1725.0,False,True,high,True,4374.299702465323,"calibration: measured on this device: NVIDIA H200 (measured), 4374.3 GB/s (triad pattern)",13.0,580.159.04,True,1,c0644beadd3dfe2fde7045520d6dee61b7655971,NVIDIA H200,eec145fd46b6,queue-deep/l2-flush/settled-warmup/clock-under-load/v4,,iters=supplied as None; sglang=package not installed,1,3.12.3,155.9303223641331,"calibration: measured on this device: NVIDIA H200 (measured), 682.1 TFLOP/s bf16 over 4374.3 GB/s (triad pattern); calibrated 2026-09-10 at c0644bea",,400.0,2.13.0,3.7.1,2026-09-10T05:02:31+00:00,0.27.1,300.0
256,1664,416.0,2,4096,0.8125,False,54.303030303030305,7.757575757575758,3.978224039077759,3.869472026824951,0.0544484248358484,100,294.73605817328917,362.7520715978944,ok,,queue-deep/l2-flush/settled-warmup/clock-under-load/v4,363.54566621780396,3,1710.0,False,True,high,True,4374.299702465323,"calibration: measured on this device: NVIDIA H200 (measured), 4374.3 GB/s (triad pattern)",13.0,580.159.04,True,1,c0644beadd3dfe2fde7045520d6dee61b7655971,NVIDIA H200,eec145fd46b6,queue-deep/l2-flush/settled-warmup/clock-under-load/v4,,iters=supplied as None; sglang=package not installed,1,3.12.3,155.9303223641331,"calibration: measured on this device: NVIDIA H200 (measured), 682.1 TFLOP/s bf16 over 4374.3 GB/s (triad pattern); calibrated 2026-09-10 at c0644bea",,400.0,2.13.0,3.7.1,2026-09-10T05:02:31+00:00,0.27.1,300.0
256,1792,448.0,2,4096,0.875,False,54.303030303030305,7.757575757575758,4.006752014160156,3.882335901260376,0.07156636996242988,99,315.1481251051857,360.169285834498,ok,,queue-deep/l2-flush/settled-warmup/clock-under-load/v4,364.28908824920654,3,1665.0,False,True,high,True,4374.299702465323,"calibration: measured on this device: NVIDIA H200 (measured), 4374.3 GB/s (triad pattern)",13.0,580.159.04,True,1,c0644beadd3dfe2fde7045520d6dee61b7655971,NVIDIA H200,eec145fd46b6,queue-deep/l2-flush/settled-warmup/clock-under-load/v4,,iters=supplied as None; sglang=package not installed,1,3.12.3,155.9303223641331,"calibration: measured on this device: NVIDIA H200 (measured), 682.1 TFLOP/s bf16 over 4374.3 GB/s (triad pattern); calibrated 2026-09-10 at c0644bea",,400.0,2.13.0,3.7.1,2026-09-10T05:02:31+00:00,0.27.1,300.0
256,1920,480.0,2,4096,0.9375,False,54.303030303030305,7.757575757575758,3.9801440238952637,3.8559041023254395,0.08858930997989001,100,339.9160156309966,362.5770833397296,ok,,queue-deep/l2-flush/settled-warmup/clock-under-load/v4,357.2267515659332,3,1650.0,False,True,high,True,4374.299702465323,"calibration: measured on this device: NVIDIA H200 (measured), 4374.3 GB/s (triad pattern)",13.0,580.159.04,True,1,c0644beadd3dfe2fde7045520d6dee61b7655971,NVIDIA H200,eec145fd46b6,queue-deep/l2-flush/settled-warmup/clock-under-load/v4,,iters=supplied as None; sglang=package not installed,1,3.12.3,155.9303223641331,"calibration: measured on this device: NVIDIA H200 (measured), 682.1 TFLOP/s bf16 over 4374.3 GB/s (triad pattern); calibrated 2026-09-10 at c0644bea",,400.0,2.13.0,3.7.1,2026-09-10T05:02:31+00:00,0.27.1,300.0
256,2048,512.0,2,4096,1.0,True,54.303030303030305,7.757575757575758,3.9390079975128174,3.790719985961914,0.07821298062852339,99,366.3635647267568,366.3635647267568,ok,,queue-deep/l2-flush/settled-warmup/clock-under-load/v4,360.19263982772827,3,1665.0,False,True,high,True,4374.299702465323,"calibration: measured on this device: NVIDIA H200 (measured), 4374.3 GB/s (triad pattern)",13.0,580.159.04,True,1,c0644beadd3dfe2fde7045520d6dee61b7655971,NVIDIA H200,eec145fd46b6,queue-deep/l2-flush/settled-warmup/clock-under-load/v4,,iters=supplied as None; sglang=package not installed,1,3.12.3,155.9303223641331,"calibration: measured on this device: NVIDIA H200 (measured), 682.1 TFLOP/s bf16 over 4374.3 GB/s (triad pattern); calibrated 2026-09-10 at c0644bea",,400.0,2.13.0,3.7.1,2026-09-10T05:02:31+00:00,0.27.1,300.0
256,2176,544.0,3,6144,0.7083333333333334,False,81.45454545454545,11.636363636363637,5.585856199264526,5.364384174346924,0.12512434560365718,72,274.49745750237634,387.5258223562961,ok,,queue-deep/l2-flush/settled-warmup/clock-under-load/v4,360.8071699142456,3,1725.0,False,True,high,True,4374.299702465323,"calibration: measured on this device: NVIDIA H200 (measured), 4374.3 GB/s (triad pattern)",13.0,580.159.04,True,1,c0644beadd3dfe2fde7045520d6dee61b7655971,NVIDIA H200,eec145fd46b6,queue-deep/l2-flush/settled-warmup/clock-under-load/v4,,iters=supplied as None; sglang=package not installed,1,3.12.3,155.9303223641331,"calibration: measured on this device: NVIDIA H200 (measured), 682.1 TFLOP/s bf16 over 4374.3 GB/s (triad pattern); calibrated 2026-09-10 at c0644bea",,400.0,2.13.0,3.7.1,2026-09-10T05:02:31+00:00,0.27.1,300.0
256,2304,576.0,3,6144,0.75,False,81.45454545454545,11.636363636363637,5.705952167510986,5.54966402053833,0.10077513479376883,69,284.52703251387254,379.36937668516345,ok,,queue-deep/l2-flush/settled-warmup/clock-under-load/v4,350.65136098861694,3,1710.0,False,True,high,True,4374.299702465323,"calibration: measured on this device: NVIDIA H200 (measured), 4374.3 GB/s (triad pattern)",13.0,580.159.04,True,1,c0644beadd3dfe2fde7045520d6dee61b7655971,NVIDIA H200,eec145fd46b6,queue-deep/l2-flush/settled-warmup/clock-under-load/v4,,iters=supplied as None; sglang=package not installed,1,3.12.3,155.9303223641331,"calibration: measured on this device: NVIDIA H200 (measured), 682.1 TFLOP/s bf16 over 4374.3 GB/s (triad pattern); calibrated 2026-09-10 at c0644bea",,400.0,2.13.0,3.7.1,2026-09-10T05:02:31+00:00,0.27.1,300.0
256,2432,608.0,3,6144,0.7916666666666666,False,81.45454545454545,11.636363636363637,5.815936088562012,5.55628776550293,0.15165924329352481,69,294.65453626188486,372.19520369922293,ok,,queue-deep/l2-flush/settled-warmup/clock-under-load/v4,350.5971541404724,3,1695.0,False,True,high,True,4374.299702465323,"calibration: measured on this device: NVIDIA H200 (measured), 4374.3 GB/s (triad pattern)",13.0,580.159.04,True,1,c0644beadd3dfe2fde7045520d6dee61b7655971,NVIDIA H200,eec145fd46b6,queue-deep/l2-flush/settled-warmup/clock-under-load/v4,,iters=supplied as None; sglang=package not installed,1,3.12.3,155.9303223641331,"calibration: measured on this device: NVIDIA H200 (measured), 682.1 TFLOP/s bf16 over 4374.3 GB/s (triad pattern); calibrated 2026-09-10 at c0644bea",,400.0,2.13.0,3.7.1,2026-09-10T05:02:31+00:00,0.27.1,300.0
256,2560,640.0,3,6144,0.8333333333333334,False,81.45454545454545,11.636363636363637,5.930079936981201,5.811967849731445,0.08846979691157092,67,304.19257134639844,365.03108561567814,ok,,queue-deep/l2-flush/settled-warmup/clock-under-load/v4,386.45219135284424,3,1680.0,False,True,high,True,4374.299702465323,"calibration: measured on this device: NVIDIA H200 (measured), 4374.3 GB/s (triad pattern)",13.0,580.159.04,True,1,c0644beadd3dfe2fde7045520d6dee61b7655971,NVIDIA H200,eec145fd46b6,queue-deep/l2-flush/settled-warmup/clock-under-load/v4,,iters=supplied as None; sglang=package not installed,1,3.12.3,155.9303223641331,"calibration: measured on this device: NVIDIA H200 (measured), 682.1 TFLOP/s bf16 over 4374.3 GB/s (triad pattern); calibrated 2026-09-10 at c0644bea",,400.0,2.13.0,3.7.1,2026-09-10T05:02:31+00:00,0.27.1,300.0
256,2688,672.0,3,6144,0.875,False,81.45454545454545,11.636363636363637,6.001120090484619,5.786367893218994,0.12880255641806576,67,315.62117554342154,360.7099149067675,ok,,queue-deep/l2-flush/settled-warmup/clock-under-load/v4,360.8490867614746,3,1665.0,False,True,high,True,4374.299702465323,"calibration: measured on this device: NVIDIA H200 (measured), 4374.3 GB/s (triad pattern)",13.0,580.159.04,True,1,c0644beadd3dfe2fde7045520d6dee61b7655971,NVIDIA H200,eec145fd46b6,queue-deep/l2-flush/settled-warmup/clock-under-load/v4,,iters=supplied as None; sglang=package not installed,1,3.12.3,155.9303223641331,"calibration: measured on this device: NVIDIA H200 (measured), 682.1 TFLOP/s bf16 over 4374.3 GB/s (triad pattern); calibrated 2026-09-10 at c0644bea",,400.0,2.13.0,3.7.1,2026-09-10T05:02:31+00:00,0.27.1,300.0
256,2816,704.0,3,6144,0.9166666666666666,False,81.45454545454545,11.636363636363637,6.015055894851685,5.895264148712158,0.14128502939042287,66,329.8846969070313,359.8742148076705,ok,,queue-deep/l2-flush/settled-warmup/clock-under-load/v4,364.0685091018677,3,1650.0,False,True,high,True,4374.299702465323,"calibration: measured on this device: NVIDIA H200 (measured), 4374.3 GB/s (triad pattern)",13.0,580.159.04,True,1,c0644beadd3dfe2fde7045520d6dee61b7655971,NVIDIA H200,eec145fd46b6,queue-deep/l2-flush/settled-warmup/clock-under-load/v4,,iters=supplied as None; sglang=package not installed,1,3.12.3,155.9303223641331,"calibration: measured on this device: NVIDIA H200 (measured), 682.1 TFLOP/s bf16 over 4374.3 GB/s (triad pattern); calibrated 2026-09-10 at c0644bea",,400.0,2.13.0,3.7.1,2026-09-10T05:02:31+00:00,0.27.1,300.0
256,2944,736.0,3,6144,0.9583333333333334,False,81.45454545454545,11.636363636363637,5.9805920124053955,5.866432189941406,0.17625157224707097,66,346.8668652977797,361.94803335420494,ok,,queue-deep/l2-flush/settled-warmup/clock-under-load/v4,359.5020503997803,3,1635.0,False,True,high,True,4374.299702465323,"calibration: measured on this device: NVIDIA H200 (measured), 4374.3 GB/s (triad pattern)",13.0,580.159.04,True,1,c0644beadd3dfe2fde7045520d6dee61b7655971,NVIDIA H200,eec145fd46b6,queue-deep/l2-flush/settled-warmup/clock-under-load/v4,,iters=supplied as None; sglang=package not installed,1,3.12.3,155.9303223641331,"calibration: measured on this device: NVIDIA H200 (measured), 682.1 TFLOP/s bf16 over 4374.3 GB/s (triad pattern); calibrated 2026-09-10 at c0644bea",,400.0,2.13.0,3.7.1,2026-09-10T05:02:31+00:00,0.27.1,300.0
256,3072,768.0,3,6144,1.0,True,81.45454545454545,11.636363636363637,5.923072099685669,5.745120048522949,0.1286125781231033,66,365.46296934303336,365.46296934303336,ok,,queue-deep/l2-flush/settled-warmup/clock-under-load/v4,362.15007638931274,3,1650.0,False,True,high,True,4374.299702465323,"calibration: measured on this device: NVIDIA H200 (measured), 4374.3 GB/s (triad pattern)",13.0,580.159.04,True,1,c0644beadd3dfe2fde7045520d6dee61b7655971,NVIDIA H200,eec145fd46b6,queue-deep/l2-flush/settled-warmup/clock-under-load/v4,,iters=supplied as None; sglang=package not installed,1,3.12.3,155.9303223641331,"calibration: measured on this device: NVIDIA H200 (measured), 682.1 TFLOP/s bf16 over 4374.3 GB/s (triad pattern); calibrated 2026-09-10 at c0644bea",,400.0,2.13.0,3.7.1,2026-09-10T05:02:31+00:00,0.27.1,300.0
256,3200,800.0,4,8192,0.78125,False,108.60606060606061,15.515151515151516,7.375808000564575,7.244095802307129,0.4528084659566387,54,305.7099412332051,391.30872477850244,ok,,queue-deep/l2-flush/settled-warmup/clock-under-load/v4,359.46419191360474,3,1755.0,False,True,high,True,4374.299702465323,"calibration: measured on this device: NVIDIA H200 (measured), 4374.3 GB/s (triad pattern)",13.0,580.159.04,True,1,c0644beadd3dfe2fde7045520d6dee61b7655971,NVIDIA H200,eec145fd46b6,queue-deep/l2-flush/settled-warmup/clock-under-load/v4,,iters=supplied as None; sglang=package not installed,1,3.12.3,155.9303223641331,"calibration: measured on this device: NVIDIA H200 (measured), 682.1 TFLOP/s bf16 over 4374.3 GB/s (triad pattern); calibrated 2026-09-10 at c0644bea",,400.0,2.13.0,3.7.1,2026-09-10T05:02:31+00:00,0.27.1,300.0
256,3328,832.0,4,8192,0.8125,False,108.60606060606061,15.515151515151516,7.709983825683594,7.327104091644287,0.18431588451896402,50,304.1578551441487,374.348129408183,ok,,queue-deep/l2-flush/settled-warmup/clock-under-load/v4,360.1000933647156,3,1680.0,False,True,high,True,4374.299702465323,"calibration: measured on this device: NVIDIA H200 (measured), 4374.3 GB/s (triad pattern)",13.0,580.159.04,True,1,c0644beadd3dfe2fde7045520d6dee61b7655971,NVIDIA H200,eec145fd46b6,queue-deep/l2-flush/settled-warmup/clock-under-load/v4,,iters=supplied as None; sglang=package not installed,1,3.12.3,155.9303223641331,"calibration: measured on this device: NVIDIA H200 (measured), 682.1 TFLOP/s bf16 over 4374.3 GB/s (triad pattern); calibrated 2026-09-10 at c0644bea",,400.0,2.13.0,3.7.1,2026-09-10T05:02:31+00:00,0.27.1,300.0
256,3456,864.0,4,8192,0.84375,False,108.60606060606061,15.515151515151516,7.855775833129883,7.634880065917969,0.20075155186667337,51,309.9943924776878,367.40076145503735,ok,,queue-deep/l2-flush/settled-warmup/clock-under-load/v4,353.186815738678,3,1665.0,False,True,high,True,4374.299702465323,"calibration: measured on this device: NVIDIA H200 (measured), 4374.3 GB/s (triad pattern)",13.0,580.159.04,True,1,c0644beadd3dfe2fde7045520d6dee61b7655971,NVIDIA H200,eec145fd46b6,queue-deep/l2-flush/settled-warmup/clock-under-load/v4,,iters=supplied as None; sglang=package not installed,1,3.12.3,155.9303223641331,"calibration: measured on this device: NVIDIA H200 (measured), 682.1 TFLOP/s bf16 over 4374.3 GB/s (triad pattern); calibrated 2026-09-10 at c0644bea",,400.0,2.13.0,3.7.1,2026-09-10T05:02:31+00:00,0.27.1,300.0
256,3584,896.0,4,8192,0.875,False,108.60606060606061,15.515151515151516,7.924032211303711,7.7679362297058105,0.22684451436923395,49,318.7065249994104,364.2360285707548,ok,,queue-deep/l2-flush/settled-warmup/clock-under-load/v4,364.62873697280884,3,1665.0,False,True,high,True,4374.299702465323,"calibration: measured on this device: NVIDIA H200 (measured), 4374.3 GB/s (triad pattern)",13.0,580.159.04,True,1,c0644beadd3dfe2fde7045520d6dee61b7655971,NVIDIA H200,eec145fd46b6,queue-deep/l2-flush/settled-warmup/clock-under-load/v4,,iters=supplied as None; sglang=package not installed,1,3.12.3,155.9303223641331,"calibration: measured on this device: NVIDIA H200 (measured), 682.1 TFLOP/s bf16 over 4374.3 GB/s (triad pattern); calibrated 2026-09-10 at c0644bea",,400.0,2.13.0,3.7.1,2026-09-10T05:02:31+00:00,0.27.1,300.0
256,3712,928.0,4,8192,0.90625,False,108.60606060606061,15.515151515151516,8.000608444213867,7.783167839050293,0.23204822055746832,49,326.9295206111052,360.74981584673674,ok,,queue-deep/l2-flush/settled-warmup/clock-under-load/v4,361.7291193008423,3,1650.0,False,True,high,True,4374.299702465323,"calibration: measured on this device: NVIDIA H200 (measured), 4374.3 GB/s (triad pattern)",13.0,580.159.04,True,1,c0644beadd3dfe2fde7045520d6dee61b7655971,NVIDIA H200,eec145fd46b6,queue-deep/l2-flush/settled-warmup/clock-under-load/v4,,iters=supplied as None; sglang=package not installed,1,3.12.3,155.9303223641331,"calibration: measured on this device: NVIDIA H200 (measured), 682.1 TFLOP/s bf16 over 4374.3 GB/s (triad pattern); calibrated 2026-09-10 at c0644bea",,400.0,2.13.0,3.7.1,2026-09-10T05:02:31+00:00,0.27.1,300.0
256,3840,960.0,4,8192,0.9375,False,108.60606060606061,15.515151515151516,7.997407913208008,7.725152015686035,0.23563792052991042,49,338.33829983978,360.8941864957653,ok,,queue-deep/l2-flush/settled-warmup/clock-under-load/v4,357.14537811279297,3,1635.0,False,True,high,True,4374.299702465323,"calibration: measured on this device: NVIDIA H200 (measured), 4374.3 GB/s (triad pattern)",13.0,580.159.04,True,1,c0644beadd3dfe2fde7045520d6dee61b7655971,NVIDIA H200,eec145fd46b6,queue-deep/l2-flush/settled-warmup/clock-under-load/v4,,iters=supplied as None; sglang=package not installed,1,3.12.3,155.9303223641331,"calibration: measured on this device: NVIDIA H200 (measured), 682.1 TFLOP/s bf16 over 4374.3 GB/s (triad pattern); calibrated 2026-09-10 at c0644bea",,400.0,2.13.0,3.7.1,2026-09-10T05:02:31+00:00,0.27.1,300.0
256,3968,992.0,4,8192,0.96875,False,108.60606060606061,15.515151515151516,8.013471603393555,7.857247829437256,0.20501853769705344,49,348.91540746359374,360.1707431882258,ok,,queue-deep/l2-flush/settled-warmup/clock-under-load/v4,363.11145544052124,3,1620.0,False,True,high,True,4374.299702465323,"calibration: measured on this device: NVIDIA H200 (measured), 4374.3 GB/s (triad pattern)",13.0,580.159.04,True,1,c0644beadd3dfe2fde7045520d6dee61b7655971,NVIDIA H200,eec145fd46b6,queue-deep/l2-flush/settled-warmup/clock-under-load/v4,,iters=supplied as None; sglang=package not installed,1,3.12.3,155.9303223641331,"calibration: measured on this device: NVIDIA H200 (measured), 682.1 TFLOP/s bf16 over 4374.3 GB/s (triad pattern); calibrated 2026-09-10 at c0644bea",,400.0,2.13.0,3.7.1,2026-09-10T05:02:31+00:00,0.27.1,300.0
256,4096,1024.0,4,8192,1.0,True,108.60606060606061,15.515151515151516,7.881968021392822,7.782527923583984,0.16019609204002228,50,366.17986968208686,366.17986968208686,ok,,queue-deep/l2-flush/settled-warmup/clock-under-load/v4,361.307168006897,3,1650.0,False,True,high,True,4374.299702465323,"calibration: measured on this device: NVIDIA H200 (measured), 4374.3 GB/s (triad pattern)",13.0,580.159.04,True,1,c0644beadd3dfe2fde7045520d6dee61b7655971,NVIDIA H200,eec145fd46b6,queue-deep/l2-flush/settled-warmup/clock-under-load/v4,,iters=supplied as None; sglang=package not installed,1,3.12.3,155.9303223641331,"calibration: measured on this device: NVIDIA H200 (measured), 682.1 TFLOP/s bf16 over 4374.3 GB/s (triad pattern); calibrated 2026-09-10 at c0644bea",,400.0,2.13.0,3.7.1,2026-09-10T05:02:31+00:00,0.27.1,300.0
256,4224,1056.0,5,10240,0.825,False,135.75757575757575,19.393939393939394,9.47547197341919,9.327136039733887,0.2348994158151079,42,314.11758110598606,380.74858315877094,ok,,queue-deep/l2-flush/settled-warmup/clock-under-load/v4,364.257248878479,3,1695.0,False,True,high,True,4374.299702465323,"calibration: measured on this device: NVIDIA H200 (measured), 4374.3 GB/s (triad pattern)",13.0,580.159.04,True,1,c0644beadd3dfe2fde7045520d6dee61b7655971,NVIDIA H200,eec145fd46b6,queue-deep/l2-flush/settled-warmup/clock-under-load/v4,,iters=supplied as None; sglang=package not installed,1,3.12.3,155.9303223641331,"calibration: measured on this device: NVIDIA H200 (measured), 682.1 TFLOP/s bf16 over 4374.3 GB/s (triad pattern); calibrated 2026-09-10 at c0644bea",,400.0,2.13.0,3.7.1,2026-09-10T05:02:31+00:00,0.27.1,300.0
