timestamp, clocks.current.sm [MHz], clocks.current.memory [MHz], power.draw [W], power.limit [W], temperature.gpu, utilization.gpu [%], clocks_event_reasons.active
2026/10/09 00:27:51.776, 1980 MHz, 2619 MHz, 146.51 W, 700.00 W, 38, 0 %, 0x0000000000000000
2026/10/09 00:27:52.284, 1710 MHz, 2619 MHz, 143.65 W, 700.00 W, 38, 0 %, 0x0000000000000000
2026/10/09 00:27:52.785, 1710 MHz, 2619 MHz, 140.27 W, 700.00 W, 38, 0 %, 0x0000000000000000
2026/10/09 00:27:53.285, 1710 MHz, 2619 MHz, 139.05 W, 700.00 W, 38, 0 %, 0x0000000000000000
2026/10/09 00:27:53.786, 1710 MHz, 2619 MHz, 137.31 W, 700.00 W, 37, 0 %, 0x0000000000000000
2026/10/09 00:27:54.286, 1710 MHz, 2619 MHz, 135.82 W, 700.00 W, 37, 0 %, 0x0000000000000000
2026/10/09 00:27:54.786, 1710 MHz, 2619 MHz, 135.78 W, 700.00 W, 37, 0 %, 0x0000000000000000
2026/10/09 00:27:55.287, 1710 MHz, 2619 MHz, 135.70 W, 700.00 W, 37, 0 %, 0x0000000000000000
2026/10/09 00:27:55.787, 1710 MHz, 2619 MHz, 135.67 W, 700.00 W, 37, 0 %, 0x0000000000000000
2026/10/09 00:27:56.288, 1710 MHz, 2619 MHz, 135.62 W, 700.00 W, 37, 0 %, 0x0000000000000000
2026/10/09 00:27:56.788, 1710 MHz, 2619 MHz, 135.52 W, 700.00 W, 37, 0 %, 0x0000000000000000
2026/10/09 00:27:57.289, 1710 MHz, 2619 MHz, 135.54 W, 700.00 W, 37, 0 %, 0x0000000000000000
2026/10/09 00:27:57.789, 1710 MHz, 2619 MHz, 137.80 W, 700.00 W, 38, 0 %, 0x0000000000000000
2026/10/09 00:27:58.448, 1710 MHz, 2619 MHz, 142.82 W, 700.00 W, 38, 0 %, 0x0000000000000000
2026/10/09 00:27:58.948, 1710 MHz, 2619 MHz, 140.13 W, 700.00 W, 37, 0 %, 0x0000000000000000
2026/10/09 00:27:59.449, 1710 MHz, 2619 MHz, 245.17 W, 700.00 W, 42, 2 %, 0x0000000000000000
2026/10/09 00:27:59.950, 1710 MHz, 2619 MHz, 335.39 W, 700.00 W, 42, 48 %, 0x0000000000000000
2026/10/09 00:28:00.450, 1710 MHz, 2619 MHz, 313.74 W, 700.00 W, 42, 30 %, 0x0000000000000000
2026/10/09 00:28:00.951, 1710 MHz, 2619 MHz, 311.57 W, 700.00 W, 42, 43 %, 0x0000000000000000
2026/10/09 00:28:01.451, 1710 MHz, 2619 MHz, 314.88 W, 700.00 W, 42, 48 %, 0x0000000000000000
2026/10/09 00:28:01.952, 1710 MHz, 2619 MHz, 319.43 W, 700.00 W, 43, 13 %, 0x0000000000000000
2026/10/09 00:28:02.452, 1710 MHz, 2619 MHz, 300.64 W, 700.00 W, 45, 49 %, 0x0000000000000000
2026/10/09 00:28:02.953, 1695 MHz, 2619 MHz, 320.20 W, 700.00 W, 46, 2 %, 0x0000000000000004
2026/10/09 00:28:03.453, 1710 MHz, 2619 MHz, 331.93 W, 700.00 W, 44, 0 %, 0x0000000000000000
2026/10/09 00:28:03.954, 1710 MHz, 2619 MHz, 327.59 W, 700.00 W, 43, 48 %, 0x0000000000000000
2026/10/09 00:28:04.455, 1710 MHz, 2619 MHz, 314.44 W, 700.00 W, 42, 34 %, 0x0000000000000000
2026/10/09 00:28:04.955, 1710 MHz, 2619 MHz, 313.46 W, 700.00 W, 42, 36 %, 0x0000000000000000
2026/10/09 00:28:05.456, 1710 MHz, 2619 MHz, 310.43 W, 700.00 W, 42, 48 %, 0x0000000000000000
2026/10/09 00:28:05.956, 1710 MHz, 2619 MHz, 295.01 W, 700.00 W, 45, 2 %, 0x0000000000000000
2026/10/09 00:28:06.457, 1710 MHz, 2619 MHz, 294.08 W, 700.00 W, 46, 44 %, 0x0000000000000000
2026/10/09 00:28:06.957, 1710 MHz, 2619 MHz, 336.17 W, 700.00 W, 46, 71 %, 0x0000000000000000
2026/10/09 00:28:07.458, 1710 MHz, 2619 MHz, 330.91 W, 700.00 W, 44, 8 %, 0x0000000000000000
2026/10/09 00:28:07.959, 1710 MHz, 2619 MHz, 300.41 W, 700.00 W, 43, 48 %, 0x0000000000000000
2026/10/09 00:28:08.459, 1710 MHz, 2619 MHz, 314.80 W, 700.00 W, 43, 45 %, 0x0000000000000000
2026/10/09 00:28:08.960, 1710 MHz, 2619 MHz, 319.67 W, 700.00 W, 43, 24 %, 0x0000000000000000
2026/10/09 00:28:09.460, 1710 MHz, 2619 MHz, 315.18 W, 700.00 W, 45, 48 %, 0x0000000000000004
2026/10/09 00:28:09.960, 1710 MHz, 2619 MHz, 302.78 W, 700.00 W, 46, 1 %, 0x0000000000000000
2026/10/09 00:28:10.461, 1710 MHz, 2619 MHz, 302.58 W, 700.00 W, 46, 28 %, 0x0000000000000000
2026/10/09 00:28:10.961, 1710 MHz, 2619 MHz, 348.88 W, 700.00 W, 44, 48 %, 0x0000000000000000
2026/10/09 00:28:11.462, 1710 MHz, 2619 MHz, 348.92 W, 700.00 W, 43, 30 %, 0x0000000000000000
2026/10/09 00:28:11.962, 1710 MHz, 2619 MHz, 306.71 W, 700.00 W, 43, 42 %, 0x0000000000000000
2026/10/09 00:28:12.463, 1710 MHz, 2619 MHz, 314.82 W, 700.00 W, 43, 48 %, 0x0000000000000000
2026/10/09 00:28:12.963, 1710 MHz, 2619 MHz, 310.08 W, 700.00 W, 45, 10 %, 0x0000000000000000
2026/10/09 00:28:13.464, 1710 MHz, 2619 MHz, 302.69 W, 700.00 W, 46, 48 %, 0x0000000000000000
2026/10/09 00:28:13.964, 1710 MHz, 2619 MHz, 290.03 W, 700.00 W, 47, 9 %, 0x0000000000000000
2026/10/09 00:28:14.464, 1710 MHz, 2619 MHz, 317.30 W, 700.00 W, 47, 98 %, 0x0000000000000004
2026/10/09 00:28:14.965, 1710 MHz, 2619 MHz, 340.48 W, 700.00 W, 45, 48 %, 0x0000000000000000
2026/10/09 00:28:15.465, 1710 MHz, 2619 MHz, 317.00 W, 700.00 W, 44, 26 %, 0x0000000000000000
2026/10/09 00:28:15.966, 1710 MHz, 2619 MHz, 308.54 W, 700.00 W, 44, 46 %, 0x0000000000000000
2026/10/09 00:28:16.466, 1710 MHz, 2619 MHz, 315.99 W, 700.00 W, 43, 28 %, 0x0000000000000000
2026/10/09 00:28:16.967, 1710 MHz, 2619 MHz, 318.72 W, 700.00 W, 45, 13 %, 0x0000000000000004
2026/10/09 00:28:17.467, 1710 MHz, 2619 MHz, 305.67 W, 700.00 W, 47, 48 %, 0x0000000000000000
2026/10/09 00:28:17.968, 1710 MHz, 2619 MHz, 291.61 W, 700.00 W, 47, 8 %, 0x0000000000000000
2026/10/09 00:28:18.468, 1710 MHz, 2619 MHz, 333.01 W, 700.00 W, 47, 0 %, 0x0000000000000000
2026/10/09 00:28:18.969, 1710 MHz, 2619 MHz, 343.66 W, 700.00 W, 45, 48 %, 0x0000000000000000
2026/10/09 00:28:19.469, 1710 MHz, 2619 MHz, 318.71 W, 700.00 W, 44, 39 %, 0x0000000000000000
2026/10/09 00:28:19.970, 1710 MHz, 2619 MHz, 330.08 W, 700.00 W, 44, 30 %, 0x0000000000000000
2026/10/09 00:28:20.470, 1695 MHz, 2619 MHz, 318.66 W, 700.00 W, 46, 46 %, 0x0000000000000004
2026/10/09 00:28:20.970, 1710 MHz, 2619 MHz, 305.95 W, 700.00 W, 48, 3 %, 0x0000000000000000
2026/10/09 00:28:21.471, 1710 MHz, 2619 MHz, 299.26 W, 700.00 W, 46, 23 %, 0x0000000000000000
2026/10/09 00:28:21.972, 1710 MHz, 2619 MHz, 295.52 W, 700.00 W, 45, 47 %, 0x0000000000000000
2026/10/09 00:28:22.473, 1710 MHz, 2619 MHz, 341.58 W, 700.00 W, 45, 33 %, 0x0000000000000000
2026/10/09 00:28:22.973, 1710 MHz, 2619 MHz, 338.61 W, 700.00 W, 44, 41 %, 0x0000000000000000
2026/10/09 00:28:23.473, 1710 MHz, 2619 MHz, 307.15 W, 700.00 W, 44, 50 %, 0x0000000000000000
2026/10/09 00:28:23.974, 1710 MHz, 2619 MHz, 301.66 W, 700.00 W, 46, 9 %, 0x0000000000000000
2026/10/09 00:28:24.474, 1710 MHz, 2619 MHz, 299.78 W, 700.00 W, 47, 49 %, 0x0000000000000000
2026/10/09 00:28:24.975, 1710 MHz, 2619 MHz, 290.81 W, 700.00 W, 47, 11 %, 0x0000000000000000
2026/10/09 00:28:25.475, 1710 MHz, 2619 MHz, 285.11 W, 700.00 W, 46, 22 %, 0x0000000000000000
2026/10/09 00:28:25.976, 1710 MHz, 2619 MHz, 328.68 W, 700.00 W, 48, 41 %, 0x0000000000000000
2026/10/09 00:28:26.476, 1710 MHz, 2619 MHz, 337.02 W, 700.00 W, 45, 36 %, 0x0000000000000000
2026/10/09 00:28:26.977, 1710 MHz, 2619 MHz, 312.19 W, 700.00 W, 44, 35 %, 0x0000000000000000
2026/10/09 00:28:27.477, 1710 MHz, 2619 MHz, 302.59 W, 700.00 W, 44, 49 %, 0x0000000000000000
2026/10/09 00:28:27.978, 1710 MHz, 2619 MHz, 293.62 W, 700.00 W, 46, 4 %, 0x0000000000000000
2026/10/09 00:28:28.478, 1710 MHz, 2619 MHz, 289.51 W, 700.00 W, 47, 48 %, 0x0000000000000000
2026/10/09 00:28:28.979, 1710 MHz, 2619 MHz, 289.16 W, 700.00 W, 47, 18 %, 0x0000000000000000
2026/10/09 00:28:29.479, 1710 MHz, 2619 MHz, 291.99 W, 700.00 W, 46, 15 %, 0x0000000000000000
2026/10/09 00:28:29.980, 1710 MHz, 2619 MHz, 329.36 W, 700.00 W, 46, 67 %, 0x0000000000000000
2026/10/09 00:28:30.481, 1710 MHz, 2619 MHz, 339.52 W, 700.00 W, 45, 34 %, 0x0000000000000000
2026/10/09 00:28:30.981, 1710 MHz, 2619 MHz, 309.01 W, 700.00 W, 44, 38 %, 0x0000000000000000
2026/10/09 00:28:31.481, 1710 MHz, 2619 MHz, 300.33 W, 700.00 W, 44, 49 %, 0x0000000000000000
2026/10/09 00:28:31.982, 1710 MHz, 2619 MHz, 298.66 W, 700.00 W, 46, 7 %, 0x0000000000000000
2026/10/09 00:28:32.482, 1710 MHz, 2619 MHz, 298.99 W, 700.00 W, 47, 49 %, 0x0000000000000000
2026/10/09 00:28:32.983, 1710 MHz, 2619 MHz, 293.29 W, 700.00 W, 48, 14 %, 0x0000000000000000
2026/10/09 00:28:33.484, 1710 MHz, 2619 MHz, 287.10 W, 700.00 W, 46, 21 %, 0x0000000000000000
2026/10/09 00:28:33.984, 1710 MHz, 2619 MHz, 332.70 W, 700.00 W, 46, 50 %, 0x0000000000000000
2026/10/09 00:28:34.485, 1710 MHz, 2619 MHz, 346.38 W, 700.00 W, 45, 36 %, 0x0000000000000000
2026/10/09 00:28:34.985, 1710 MHz, 2619 MHz, 305.13 W, 700.00 W, 45, 35 %, 0x0000000000000000
2026/10/09 00:28:35.486, 1710 MHz, 2619 MHz, 293.68 W, 700.00 W, 44, 49 %, 0x0000000000000000
2026/10/09 00:28:35.986, 1710 MHz, 2619 MHz, 286.14 W, 700.00 W, 47, 4 %, 0x0000000000000000
2026/10/09 00:28:36.487, 1710 MHz, 2619 MHz, 289.13 W, 700.00 W, 48, 49 %, 0x0000000000000000
2026/10/09 00:28:36.987, 1710 MHz, 2619 MHz, 289.48 W, 700.00 W, 48, 16 %, 0x0000000000000000
2026/10/09 00:28:37.488, 1650 MHz, 2619 MHz, 321.48 W, 700.00 W, 49, 10 %, 0x0000000000000004
2026/10/09 00:28:37.989, 1710 MHz, 2619 MHz, 331.29 W, 700.00 W, 46, 47 %, 0x0000000000000000
2026/10/09 00:28:38.489, 1710 MHz, 2619 MHz, 316.93 W, 700.00 W, 45, 41 %, 0x0000000000000000
2026/10/09 00:28:38.989, 1710 MHz, 2619 MHz, 307.56 W, 700.00 W, 49, 0 %, 0x0000000000000000
2026/10/09 00:28:39.490, 1710 MHz, 2619 MHz, 288.85 W, 700.00 W, 48, 20 %, 0x0000000000000000
2026/10/09 00:28:39.991, 1710 MHz, 2619 MHz, 297.82 W, 700.00 W, 46, 43 %, 0x0000000000000000
2026/10/09 00:28:40.491, 1710 MHz, 2619 MHz, 304.61 W, 700.00 W, 46, 33 %, 0x0000000000000000
2026/10/09 00:28:40.991, 1710 MHz, 2619 MHz, 312.17 W, 700.00 W, 45, 26 %, 0x0000000000000000
2026/10/09 00:28:41.492, 1710 MHz, 2619 MHz, 334.07 W, 700.00 W, 48, 0 %, 0x0000000000000000
2026/10/09 00:28:41.992, 1710 MHz, 2619 MHz, 335.33 W, 700.00 W, 46, 43 %, 0x0000000000000000
2026/10/09 00:28:42.493, 1710 MHz, 2619 MHz, 307.27 W, 700.00 W, 46, 44 %, 0x0000000000000000
2026/10/09 00:28:42.993, 1710 MHz, 2619 MHz, 303.44 W, 700.00 W, 47, 32 %, 0x0000000000000004
2026/10/09 00:28:43.494, 1710 MHz, 2619 MHz, 291.20 W, 700.00 W, 50, 40 %, 0x0000000000000000
2026/10/09 00:28:43.994, 1710 MHz, 2619 MHz, 287.17 W, 700.00 W, 47, 34 %, 0x0000000000000000
2026/10/09 00:28:44.495, 1710 MHz, 2619 MHz, 291.54 W, 700.00 W, 46, 45 %, 0x0000000000000000
2026/10/09 00:28:44.995, 1710 MHz, 2619 MHz, 342.11 W, 700.00 W, 52, 76 %, 0x0000000000000004
2026/10/09 00:28:45.495, 1710 MHz, 2619 MHz, 343.46 W, 700.00 W, 50, 45 %, 0x0000000000000000
2026/10/09 00:28:45.996, 1710 MHz, 2619 MHz, 298.58 W, 700.00 W, 50, 17 %, 0x0000000000000000
2026/10/09 00:28:46.496, 1710 MHz, 2619 MHz, 299.01 W, 700.00 W, 47, 10 %, 0x0000000000000000
2026/10/09 00:28:46.997, 1710 MHz, 2619 MHz, 305.31 W, 700.00 W, 47, 44 %, 0x0000000000000000
2026/10/09 00:28:47.497, 1710 MHz, 2619 MHz, 312.40 W, 700.00 W, 46, 18 %, 0x0000000000000000
2026/10/09 00:28:47.998, 1710 MHz, 2619 MHz, 321.93 W, 700.00 W, 46, 43 %, 0x0000000000000000
2026/10/09 00:28:48.498, 1710 MHz, 2619 MHz, 318.92 W, 700.00 W, 46, 27 %, 0x0000000000000000
2026/10/09 00:28:48.999, 1710 MHz, 2619 MHz, 323.86 W, 700.00 W, 48, 41 %, 0x0000000000000000
2026/10/09 00:28:49.499, 1710 MHz, 2619 MHz, 326.12 W, 700.00 W, 47, 7 %, 0x0000000000000000
2026/10/09 00:28:49.999, 1710 MHz, 2619 MHz, 317.14 W, 700.00 W, 46, 44 %, 0x0000000000000000
2026/10/09 00:28:50.500, 1695 MHz, 2619 MHz, 309.10 W, 700.00 W, 46, 43 %, 0x0000000000000000
2026/10/09 00:28:51.000, 1710 MHz, 2619 MHz, 308.80 W, 700.00 W, 48, 8 %, 0x0000000000000004
2026/10/09 00:28:51.501, 1710 MHz, 2619 MHz, 289.58 W, 700.00 W, 50, 41 %, 0x0000000000000000
2026/10/09 00:28:52.001, 1710 MHz, 2619 MHz, 286.62 W, 700.00 W, 48, 26 %, 0x0000000000000000
2026/10/09 00:28:52.502, 1680 MHz, 2619 MHz, 339.40 W, 700.00 W, 51, 97 %, 0x0000000000000000
2026/10/09 00:28:53.002, 1710 MHz, 2619 MHz, 343.51 W, 700.00 W, 47, 45 %, 0x0000000000000000
2026/10/09 00:28:53.503, 1710 MHz, 2619 MHz, 319.97 W, 700.00 W, 47, 43 %, 0x0000000000000004
2026/10/09 00:28:54.003, 1710 MHz, 2619 MHz, 299.38 W, 700.00 W, 51, 6 %, 0x0000000000000000
2026/10/09 00:28:54.503, 1710 MHz, 2619 MHz, 282.88 W, 700.00 W, 48, 3 %, 0x0000000000000000
2026/10/09 00:28:55.004, 1710 MHz, 2619 MHz, 299.46 W, 700.00 W, 47, 43 %, 0x0000000000000000
2026/10/09 00:28:55.504, 1710 MHz, 2619 MHz, 305.50 W, 700.00 W, 46, 33 %, 0x0000000000000000
2026/10/09 00:28:56.005, 1710 MHz, 2619 MHz, 301.95 W, 700.00 W, 50, 0 %, 0x0000000000000000
2026/10/09 00:28:56.505, 1710 MHz, 2619 MHz, 330.18 W, 700.00 W, 48, 4 %, 0x0000000000000000
2026/10/09 00:28:57.006, 1710 MHz, 2619 MHz, 347.27 W, 700.00 W, 47, 44 %, 0x0000000000000000
2026/10/09 00:28:57.506, 1665 MHz, 2619 MHz, 310.17 W, 700.00 W, 46, 43 %, 0x0000000000000000
2026/10/09 00:28:58.006, 1710 MHz, 2619 MHz, 301.41 W, 700.00 W, 49, 0 %, 0x0000000000000000
2026/10/09 00:28:58.507, 1710 MHz, 2619 MHz, 295.30 W, 700.00 W, 51, 15 %, 0x0000000000000000
2026/10/09 00:28:59.007, 1710 MHz, 2619 MHz, 293.04 W, 700.00 W, 48, 42 %, 0x0000000000000000
2026/10/09 00:28:59.508, 1710 MHz, 2619 MHz, 302.85 W, 700.00 W, 47, 12 %, 0x0000000000000000
2026/10/09 00:29:00.008, 1710 MHz, 2619 MHz, 337.22 W, 700.00 W, 52, 0 %, 0x0000000000000004
2026/10/09 00:29:00.509, 1710 MHz, 2619 MHz, 340.22 W, 700.00 W, 52, 35 %, 0x0000000000000000
2026/10/09 00:29:01.009, 1710 MHz, 2619 MHz, 300.58 W, 700.00 W, 48, 43 %, 0x0000000000000000
2026/10/09 00:29:01.510, 1710 MHz, 2619 MHz, 306.67 W, 700.00 W, 47, 27 %, 0x0000000000000000
2026/10/09 00:29:02.010, 1710 MHz, 2619 MHz, 325.59 W, 700.00 W, 46, 27 %, 0x0000000000000004
2026/10/09 00:29:02.510, 1710 MHz, 2619 MHz, 317.17 W, 700.00 W, 51, 45 %, 0x0000000000000004
2026/10/09 00:29:03.011, 1710 MHz, 2619 MHz, 293.42 W, 700.00 W, 48, 37 %, 0x0000000000000000
2026/10/09 00:29:03.511, 1710 MHz, 2619 MHz, 309.25 W, 700.00 W, 47, 16 %, 0x0000000000000000
2026/10/09 00:29:04.012, 1710 MHz, 2619 MHz, 361.15 W, 700.00 W, 50, 35 %, 0x0000000000000004
2026/10/09 00:29:04.512, 1710 MHz, 2619 MHz, 355.76 W, 700.00 W, 51, 37 %, 0x0000000000000000
2026/10/09 00:29:05.013, 1710 MHz, 2619 MHz, 298.08 W, 700.00 W, 48, 38 %, 0x0000000000000000
2026/10/09 00:29:05.513, 1710 MHz, 2619 MHz, 309.39 W, 700.00 W, 47, 10 %, 0x0000000000000000
2026/10/09 00:29:06.014, 1710 MHz, 2619 MHz, 323.65 W, 700.00 W, 47, 45 %, 0x0000000000000000
2026/10/09 00:29:06.514, 1695 MHz, 2619 MHz, 311.62 W, 700.00 W, 47, 42 %, 0x0000000000000004
2026/10/09 00:29:07.015, 1710 MHz, 2619 MHz, 301.22 W, 700.00 W, 51, 2 %, 0x0000000000000000
2026/10/09 00:29:07.515, 1710 MHz, 2619 MHz, 326.20 W, 700.00 W, 50, 0 %, 0x0000000000000000
2026/10/09 00:29:08.016, 1710 MHz, 2619 MHz, 352.68 W, 700.00 W, 48, 43 %, 0x0000000000000000
2026/10/09 00:29:08.516, 1710 MHz, 2619 MHz, 331.86 W, 700.00 W, 47, 44 %, 0x0000000000000004
2026/10/09 00:29:09.017, 1710 MHz, 2619 MHz, 313.36 W, 700.00 W, 51, 0 %, 0x0000000000000000
2026/10/09 00:29:09.517, 1710 MHz, 2619 MHz, 317.12 W, 700.00 W, 49, 35 %, 0x0000000000000000
2026/10/09 00:29:10.018, 1710 MHz, 2619 MHz, 313.41 W, 700.00 W, 48, 43 %, 0x0000000000000000
2026/10/09 00:29:10.518, 1710 MHz, 2619 MHz, 310.20 W, 700.00 W, 47, 46 %, 0x0000000000000000
2026/10/09 00:29:11.019, 1665 MHz, 2619 MHz, 334.04 W, 700.00 W, 50, 0 %, 0x0000000000000004
2026/10/09 00:29:11.519, 1710 MHz, 2619 MHz, 341.10 W, 700.00 W, 48, 12 %, 0x0000000000000000
2026/10/09 00:29:12.019, 1710 MHz, 2619 MHz, 327.69 W, 700.00 W, 47, 46 %, 0x0000000000000000
2026/10/09 00:29:12.520, 1710 MHz, 2619 MHz, 323.87 W, 700.00 W, 47, 29 %, 0x0000000000000000
2026/10/09 00:29:13.020, 1710 MHz, 2619 MHz, 316.22 W, 700.00 W, 50, 6 %, 0x0000000000000004
2026/10/09 00:29:13.521, 1710 MHz, 2619 MHz, 298.17 W, 700.00 W, 51, 41 %, 0x0000000000000000
2026/10/09 00:29:14.021, 1710 MHz, 2619 MHz, 292.91 W, 700.00 W, 49, 30 %, 0x0000000000000000
2026/10/09 00:29:14.522, 1710 MHz, 2619 MHz, 288.15 W, 700.00 W, 48, 0 %, 0x0000000000000000
2026/10/09 00:29:15.022, 1710 MHz, 2619 MHz, 315.61 W, 700.00 W, 50, 74 %, 0x0000000000000000
2026/10/09 00:29:15.523, 1710 MHz, 2619 MHz, 311.45 W, 700.00 W, 48, 25 %, 0x0000000000000000
2026/10/09 00:29:16.023, 1710 MHz, 2619 MHz, 299.32 W, 700.00 W, 47, 33 %, 0x0000000000000000
2026/10/09 00:29:16.523, 1710 MHz, 2619 MHz, 297.49 W, 700.00 W, 48, 41 %, 0x0000000000000000
2026/10/09 00:29:17.024, 1710 MHz, 2619 MHz, 275.33 W, 700.00 W, 52, 0 %, 0x0000000000000000
2026/10/09 00:29:17.524, 1710 MHz, 2619 MHz, 275.40 W, 700.00 W, 50, 20 %, 0x0000000000000000
2026/10/09 00:29:18.025, 1710 MHz, 2619 MHz, 266.33 W, 700.00 W, 48, 36 %, 0x0000000000000000
2026/10/09 00:29:18.525, 1710 MHz, 2619 MHz, 282.51 W, 700.00 W, 48, 11 %, 0x0000000000000000
2026/10/09 00:29:19.026, 1710 MHz, 2619 MHz, 334.26 W, 700.00 W, 52, 0 %, 0x0000000000000000
2026/10/09 00:29:19.526, 1710 MHz, 2619 MHz, 328.05 W, 700.00 W, 52, 25 %, 0x0000000000000000
2026/10/09 00:29:20.027, 1710 MHz, 2619 MHz, 276.19 W, 700.00 W, 49, 31 %, 0x0000000000000000
2026/10/09 00:29:20.527, 1710 MHz, 2619 MHz, 277.65 W, 700.00 W, 48, 0 %, 0x0000000000000000
2026/10/09 00:29:21.028, 1710 MHz, 2619 MHz, 276.42 W, 700.00 W, 48, 41 %, 0x0000000000000000
2026/10/09 00:29:21.528, 1710 MHz, 2619 MHz, 291.56 W, 700.00 W, 47, 28 %, 0x0000000000000000
2026/10/09 00:29:22.028, 1710 MHz, 2619 MHz, 291.53 W, 700.00 W, 47, 34 %, 0x0000000000000000
2026/10/09 00:29:22.529, 1710 MHz, 2619 MHz, 305.83 W, 700.00 W, 54, 77 %, 0x0000000000000004
2026/10/09 00:29:23.029, 1710 MHz, 2619 MHz, 304.85 W, 700.00 W, 51, 0 %, 0x0000000000000000
2026/10/09 00:29:23.530, 1710 MHz, 2619 MHz, 273.78 W, 700.00 W, 51, 27 %, 0x0000000000000000
2026/10/09 00:29:24.030, 1710 MHz, 2619 MHz, 276.43 W, 700.00 W, 49, 39 %, 0x0000000000000000
2026/10/09 00:29:24.531, 1710 MHz, 2619 MHz, 284.06 W, 700.00 W, 48, 7 %, 0x0000000000000000
2026/10/09 00:29:25.031, 1710 MHz, 2619 MHz, 293.53 W, 700.00 W, 47, 41 %, 0x0000000000000000
2026/10/09 00:29:25.532, 1710 MHz, 2619 MHz, 293.69 W, 700.00 W, 47, 41 %, 0x0000000000000000
2026/10/09 00:29:26.032, 1710 MHz, 2619 MHz, 273.15 W, 700.00 W, 50, 0 %, 0x0000000000000000
2026/10/09 00:29:26.533, 1710 MHz, 2619 MHz, 311.92 W, 700.00 W, 49, 8 %, 0x0000000000000000
2026/10/09 00:29:27.033, 1710 MHz, 2619 MHz, 325.80 W, 700.00 W, 48, 41 %, 0x0000000000000000
2026/10/09 00:29:27.534, 1710 MHz, 2619 MHz, 292.46 W, 700.00 W, 47, 41 %, 0x0000000000000000
2026/10/09 00:29:28.034, 1710 MHz, 2619 MHz, 289.27 W, 700.00 W, 47, 13 %, 0x0000000000000000
2026/10/09 00:29:28.535, 1710 MHz, 2619 MHz, 279.31 W, 700.00 W, 51, 41 %, 0x0000000000000000
2026/10/09 00:29:29.035, 1710 MHz, 2619 MHz, 277.68 W, 700.00 W, 53, 8 %, 0x0000000000000000
2026/10/09 00:29:29.536, 1710 MHz, 2619 MHz, 276.49 W, 700.00 W, 49, 14 %, 0x0000000000000000
2026/10/09 00:29:30.036, 1710 MHz, 2619 MHz, 292.87 W, 700.00 W, 49, 0 %, 0x0000000000000000
2026/10/09 00:29:30.536, 1710 MHz, 2619 MHz, 315.14 W, 700.00 W, 48, 10 %, 0x0000000000000000
2026/10/09 00:29:31.037, 1710 MHz, 2619 MHz, 309.15 W, 700.00 W, 48, 42 %, 0x0000000000000000
2026/10/09 00:29:31.537, 1710 MHz, 2619 MHz, 296.30 W, 700.00 W, 47, 42 %, 0x0000000000000000
2026/10/09 00:29:32.038, 1710 MHz, 2619 MHz, 279.81 W, 700.00 W, 51, 0 %, 0x0000000000000000
2026/10/09 00:29:32.538, 1710 MHz, 2619 MHz, 277.23 W, 700.00 W, 51, 28 %, 0x0000000000000000
2026/10/09 00:29:33.039, 1710 MHz, 2619 MHz, 271.28 W, 700.00 W, 49, 39 %, 0x0000000000000000
2026/10/09 00:29:33.539, 1710 MHz, 2619 MHz, 279.23 W, 700.00 W, 48, 8 %, 0x0000000000000000
2026/10/09 00:29:34.040, 1710 MHz, 2619 MHz, 321.32 W, 700.00 W, 49, 46 %, 0x0000000000000000
2026/10/09 00:29:34.540, 1710 MHz, 2619 MHz, 322.45 W, 700.00 W, 47, 41 %, 0x0000000000000000
2026/10/09 00:29:35.041, 1710 MHz, 2619 MHz, 288.44 W, 700.00 W, 51, 0 %, 0x0000000000000000
2026/10/09 00:29:35.541, 1710 MHz, 2619 MHz, 279.45 W, 700.00 W, 52, 31 %, 0x0000000000000000
2026/10/09 00:29:36.042, 1710 MHz, 2619 MHz, 280.96 W, 700.00 W, 49, 36 %, 0x0000000000000000
2026/10/09 00:29:36.542, 1710 MHz, 2619 MHz, 285.27 W, 700.00 W, 48, 4 %, 0x0000000000000000
2026/10/09 00:29:37.042, 1710 MHz, 2619 MHz, 295.69 W, 700.00 W, 48, 40 %, 0x0000000000000000
2026/10/09 00:29:37.543, 1710 MHz, 2619 MHz, 272.08 W, 700.00 W, 47, 0 %, 0x0000000000000000
2026/10/09 00:29:38.044, 1710 MHz, 2619 MHz, 326.41 W, 700.00 W, 48, 10 %, 0x0000000000000000
2026/10/09 00:29:38.544, 1710 MHz, 2619 MHz, 337.24 W, 700.00 W, 50, 41 %, 0x0000000000000000
2026/10/09 00:29:39.045, 1710 MHz, 2619 MHz, 277.00 W, 700.00 W, 51, 0 %, 0x0000000000000000
2026/10/09 00:29:39.545, 1710 MHz, 2619 MHz, 277.83 W, 700.00 W, 52, 42 %, 0x0000000000000000
2026/10/09 00:29:40.045, 1710 MHz, 2619 MHz, 291.34 W, 700.00 W, 53, 5 %, 0x0000000000000000
2026/10/09 00:29:40.546, 1710 MHz, 2619 MHz, 289.53 W, 700.00 W, 47, 16 %, 0x0000000000000000
2026/10/09 00:29:41.046, 1710 MHz, 2619 MHz, 281.64 W, 700.00 W, 47, 43 %, 0x0000000000000000
2026/10/09 00:29:41.547, 1710 MHz, 2619 MHz, 308.18 W, 700.00 W, 52, 94 %, 0x0000000000000000
2026/10/09 00:29:42.047, 1710 MHz, 2619 MHz, 311.89 W, 700.00 W, 49, 4 %, 0x0000000000000000
2026/10/09 00:29:42.548, 1710 MHz, 2619 MHz, 297.27 W, 700.00 W, 48, 40 %, 0x0000000000000000
2026/10/09 00:29:43.048, 1710 MHz, 2619 MHz, 285.39 W, 700.00 W, 47, 35 %, 0x0000000000000000
2026/10/09 00:29:43.549, 1710 MHz, 2619 MHz, 283.13 W, 700.00 W, 50, 6 %, 0x0000000000000000
2026/10/09 00:29:44.049, 1710 MHz, 2619 MHz, 278.01 W, 700.00 W, 52, 39 %, 0x0000000000000000
2026/10/09 00:29:44.550, 1710 MHz, 2619 MHz, 269.45 W, 700.00 W, 50, 26 %, 0x0000000000000000
2026/10/09 00:29:45.050, 1710 MHz, 2619 MHz, 271.83 W, 700.00 W, 48, 0 %, 0x0000000000000000
2026/10/09 00:29:45.551, 1710 MHz, 2619 MHz, 313.42 W, 700.00 W, 49, 43 %, 0x0000000000000000
2026/10/09 00:29:46.051, 1710 MHz, 2619 MHz, 321.12 W, 700.00 W, 48, 8 %, 0x0000000000000000
2026/10/09 00:29:46.552, 1710 MHz, 2619 MHz, 293.89 W, 700.00 W, 48, 45 %, 0x0000000000000000
2026/10/09 00:29:47.052, 1710 MHz, 2619 MHz, 294.50 W, 700.00 W, 48, 29 %, 0x0000000000000000
2026/10/09 00:29:47.553, 1710 MHz, 2619 MHz, 295.29 W, 700.00 W, 48, 40 %, 0x0000000000000000
2026/10/09 00:29:48.053, 1710 MHz, 2619 MHz, 291.61 W, 700.00 W, 47, 42 %, 0x0000000000000000
2026/10/09 00:29:48.553, 1710 MHz, 2619 MHz, 285.01 W, 700.00 W, 47, 21 %, 0x0000000000000000
2026/10/09 00:29:49.054, 1710 MHz, 2619 MHz, 290.39 W, 700.00 W, 48, 69 %, 0x0000000000000000
2026/10/09 00:29:49.554, 1710 MHz, 2619 MHz, 311.25 W, 700.00 W, 49, 41 %, 0x0000000000000000
2026/10/09 00:29:50.055, 1710 MHz, 2619 MHz, 315.89 W, 700.00 W, 48, 21 %, 0x0000000000000000
2026/10/09 00:29:50.556, 1710 MHz, 2619 MHz, 299.21 W, 700.00 W, 48, 38 %, 0x0000000000000000
2026/10/09 00:29:51.056, 1710 MHz, 2619 MHz, 285.72 W, 700.00 W, 48, 41 %, 0x0000000000000000
2026/10/09 00:29:51.556, 1710 MHz, 2619 MHz, 281.68 W, 700.00 W, 52, 0 %, 0x0000000000000000
2026/10/09 00:29:52.057, 1710 MHz, 2619 MHz, 278.90 W, 700.00 W, 51, 24 %, 0x0000000000000000
2026/10/09 00:29:52.557, 1710 MHz, 2619 MHz, 278.07 W, 700.00 W, 49, 41 %, 0x0000000000000000
2026/10/09 00:29:53.058, 1710 MHz, 2619 MHz, 314.01 W, 700.00 W, 51, 0 %, 0x0000000000000000
2026/10/09 00:29:53.559, 1710 MHz, 2619 MHz, 327.76 W, 700.00 W, 48, 41 %, 0x0000000000000000
2026/10/09 00:29:54.059, 1710 MHz, 2619 MHz, 298.36 W, 700.00 W, 48, 41 %, 0x0000000000000000
2026/10/09 00:29:54.560, 1710 MHz, 2619 MHz, 285.09 W, 700.00 W, 48, 13 %, 0x0000000000000000
2026/10/09 00:29:55.060, 1710 MHz, 2619 MHz, 281.16 W, 700.00 W, 52, 41 %, 0x0000000000000000
2026/10/09 00:29:55.561, 1710 MHz, 2619 MHz, 278.88 W, 700.00 W, 51, 19 %, 0x0000000000000000
2026/10/09 00:29:56.061, 1710 MHz, 2619 MHz, 277.73 W, 700.00 W, 49, 0 %, 0x0000000000000000
2026/10/09 00:29:56.562, 1710 MHz, 2619 MHz, 287.10 W, 700.00 W, 48, 41 %, 0x0000000000000000
2026/10/09 00:29:57.062, 1710 MHz, 2619 MHz, 326.79 W, 700.00 W, 53, 41 %, 0x0000000000000000
2026/10/09 00:29:57.562, 1710 MHz, 2619 MHz, 324.40 W, 700.00 W, 50, 31 %, 0x0000000000000000
2026/10/09 00:29:58.063, 1710 MHz, 2619 MHz, 284.98 W, 700.00 W, 48, 5 %, 0x0000000000000000
2026/10/09 00:29:58.563, 1710 MHz, 2619 MHz, 297.81 W, 700.00 W, 48, 40 %, 0x0000000000000000
2026/10/09 00:29:59.064, 1710 MHz, 2619 MHz, 292.09 W, 700.00 W, 48, 40 %, 0x0000000000000000
2026/10/09 00:29:59.564, 1710 MHz, 2619 MHz, 296.69 W, 700.00 W, 53, 4 %, 0x0000000000000000
2026/10/09 00:30:00.065, 1710 MHz, 2619 MHz, 288.31 W, 700.00 W, 50, 9 %, 0x0000000000000000
2026/10/09 00:30:00.565, 1710 MHz, 2619 MHz, 311.81 W, 700.00 W, 51, 91 %, 0x0000000000000000
2026/10/09 00:30:01.066, 1710 MHz, 2619 MHz, 320.73 W, 700.00 W, 48, 15 %, 0x0000000000000000
2026/10/09 00:30:01.566, 1710 MHz, 2619 MHz, 291.37 W, 700.00 W, 48, 42 %, 0x0000000000000000
2026/10/09 00:30:02.066, 1710 MHz, 2619 MHz, 289.91 W, 700.00 W, 47, 41 %, 0x0000000000000000
2026/10/09 00:30:02.567, 1710 MHz, 2619 MHz, 274.13 W, 700.00 W, 51, 0 %, 0x0000000000000000
2026/10/09 00:30:03.067, 1710 MHz, 2619 MHz, 273.93 W, 700.00 W, 52, 29 %, 0x0000000000000000
2026/10/09 00:30:03.568, 1710 MHz, 2619 MHz, 271.69 W, 700.00 W, 49, 36 %, 0x0000000000000000
2026/10/09 00:30:04.068, 1710 MHz, 2619 MHz, 273.43 W, 700.00 W, 48, 2 %, 0x0000000000000000
2026/10/09 00:30:04.569, 1710 MHz, 2619 MHz, 326.32 W, 700.00 W, 51, 0 %, 0x0000000000000000
2026/10/09 00:30:05.069, 1710 MHz, 2619 MHz, 335.32 W, 700.00 W, 52, 42 %, 0x0000000000000000
2026/10/09 00:30:05.569, 1710 MHz, 2619 MHz, 287.02 W, 700.00 W, 53, 0 %, 0x0000000000000000
2026/10/09 00:30:06.070, 1710 MHz, 2619 MHz, 283.99 W, 700.00 W, 53, 34 %, 0x0000000000000000
2026/10/09 00:30:06.570, 1710 MHz, 2619 MHz, 283.31 W, 700.00 W, 51, 18 %, 0x0000000000000000
2026/10/09 00:30:07.071, 1710 MHz, 2619 MHz, 284.28 W, 700.00 W, 50, 15 %, 0x0000000000000000
2026/10/09 00:30:07.571, 1710 MHz, 2619 MHz, 285.53 W, 700.00 W, 49, 38 %, 0x0000000000000000
2026/10/09 00:30:08.072, 1710 MHz, 2619 MHz, 309.53 W, 700.00 W, 49, 77 %, 0x0000000000000000
2026/10/09 00:30:08.572, 1710 MHz, 2619 MHz, 322.12 W, 700.00 W, 49, 41 %, 0x0000000000000000
2026/10/09 00:30:09.073, 1710 MHz, 2619 MHz, 326.33 W, 700.00 W, 48, 34 %, 0x0000000000000000
2026/10/09 00:30:09.573, 1710 MHz, 2619 MHz, 295.01 W, 700.00 W, 47, 24 %, 0x0000000000000000
2026/10/09 00:30:10.074, 1710 MHz, 2619 MHz, 274.66 W, 700.00 W, 51, 43 %, 0x0000000000000000
2026/10/09 00:30:10.574, 1710 MHz, 2619 MHz, 272.11 W, 700.00 W, 53, 11 %, 0x0000000000000000
2026/10/09 00:30:11.074, 1710 MHz, 2619 MHz, 274.80 W, 700.00 W, 49, 5 %, 0x0000000000000000
2026/10/09 00:30:11.575, 1710 MHz, 2619 MHz, 283.21 W, 700.00 W, 48, 41 %, 0x0000000000000000
2026/10/09 00:30:12.075, 1710 MHz, 2619 MHz, 320.80 W, 700.00 W, 50, 27 %, 0x0000000000000000
2026/10/09 00:30:12.576, 1710 MHz, 2619 MHz, 323.08 W, 700.00 W, 48, 30 %, 0x0000000000000000
2026/10/09 00:30:13.076, 1710 MHz, 2619 MHz, 291.70 W, 700.00 W, 50, 43 %, 0x0000000000000000
2026/10/09 00:30:13.577, 1710 MHz, 2619 MHz, 280.86 W, 700.00 W, 53, 4 %, 0x0000000000000000
2026/10/09 00:30:14.077, 1710 MHz, 2619 MHz, 278.69 W, 700.00 W, 50, 12 %, 0x0000000000000000
2026/10/09 00:30:14.578, 1710 MHz, 2619 MHz, 275.79 W, 700.00 W, 49, 41 %, 0x0000000000000000
2026/10/09 00:30:15.078, 1710 MHz, 2619 MHz, 287.47 W, 700.00 W, 48, 23 %, 0x0000000000000000
2026/10/09 00:30:15.578, 1710 MHz, 2619 MHz, 263.50 W, 700.00 W, 48, 10 %, 0x0000000000000000
2026/10/09 00:30:16.079, 1710 MHz, 2619 MHz, 310.26 W, 700.00 W, 48, 42 %, 0x0000000000000000
2026/10/09 00:30:16.579, 1710 MHz, 2619 MHz, 321.93 W, 700.00 W, 51, 0 %, 0x0000000000000000
2026/10/09 00:30:17.080, 1710 MHz, 2619 MHz, 277.87 W, 700.00 W, 53, 37 %, 0x0000000000000000
2026/10/09 00:30:17.580, 1710 MHz, 2619 MHz, 281.21 W, 700.00 W, 50, 25 %, 0x0000000000000000
2026/10/09 00:30:18.081, 1710 MHz, 2619 MHz, 277.68 W, 700.00 W, 49, 0 %, 0x0000000000000000
2026/10/09 00:30:18.581, 1710 MHz, 2619 MHz, 285.71 W, 700.00 W, 48, 41 %, 0x0000000000000000
2026/10/09 00:30:19.082, 1710 MHz, 2619 MHz, 287.11 W, 700.00 W, 48, 27 %, 0x0000000000000000
2026/10/09 00:30:19.582, 1710 MHz, 2619 MHz, 312.16 W, 700.00 W, 55, 98 %, 0x0000000000000000
2026/10/09 00:30:20.083, 1710 MHz, 2619 MHz, 315.76 W, 700.00 W, 50, 4 %, 0x0000000000000000
2026/10/09 00:30:20.583, 1710 MHz, 2619 MHz, 280.42 W, 700.00 W, 49, 42 %, 0x0000000000000000
2026/10/09 00:30:21.084, 1710 MHz, 2619 MHz, 287.16 W, 700.00 W, 48, 40 %, 0x0000000000000000
2026/10/09 00:30:21.584, 1710 MHz, 2619 MHz, 284.38 W, 700.00 W, 48, 28 %, 0x0000000000000000
2026/10/09 00:30:22.084, 1710 MHz, 2619 MHz, 281.26 W, 700.00 W, 50, 41 %, 0x0000000000000000
2026/10/09 00:30:22.585, 1710 MHz, 2619 MHz, 276.58 W, 700.00 W, 53, 6 %, 0x0000000000000000
2026/10/09 00:30:23.085, 1710 MHz, 2619 MHz, 270.60 W, 700.00 W, 50, 10 %, 0x0000000000000000
2026/10/09 00:30:23.586, 1710 MHz, 2619 MHz, 299.96 W, 700.00 W, 50, 41 %, 0x0000000000000000
2026/10/09 00:30:24.086, 1710 MHz, 2619 MHz, 317.33 W, 700.00 W, 49, 9 %, 0x0000000000000000
2026/10/09 00:30:24.587, 1710 MHz, 2619 MHz, 297.99 W, 700.00 W, 48, 41 %, 0x0000000000000000
2026/10/09 00:30:25.087, 1710 MHz, 2619 MHz, 298.21 W, 700.00 W, 48, 42 %, 0x0000000000000000
2026/10/09 00:30:25.588, 1710 MHz, 2619 MHz, 291.28 W, 700.00 W, 47, 17 %, 0x0000000000000000
2026/10/09 00:30:26.088, 1710 MHz, 2619 MHz, 282.60 W, 700.00 W, 51, 41 %, 0x0000000000000000
2026/10/09 00:30:26.588, 1710 MHz, 2619 MHz, 280.49 W, 700.00 W, 53, 2 %, 0x0000000000000000
2026/10/09 00:30:27.089, 1710 MHz, 2619 MHz, 329.19 W, 700.00 W, 54, 98 %, 0x0000000000000000
2026/10/09 00:30:27.589, 1710 MHz, 2619 MHz, 328.12 W, 700.00 W, 48, 32 %, 0x0000000000000000
2026/10/09 00:30:28.090, 1710 MHz, 2619 MHz, 292.48 W, 700.00 W, 50, 41 %, 0x0000000000000000
2026/10/09 00:30:28.590, 1710 MHz, 2619 MHz, 282.75 W, 700.00 W, 53, 0 %, 0x0000000000000000
2026/10/09 00:30:29.091, 1710 MHz, 2619 MHz, 279.24 W, 700.00 W, 50, 18 %, 0x0000000000000000
2026/10/09 00:30:29.591, 1710 MHz, 2619 MHz, 280.63 W, 700.00 W, 49, 41 %, 0x0000000000000000
2026/10/09 00:30:30.092, 1710 MHz, 2619 MHz, 290.23 W, 700.00 W, 48, 14 %, 0x0000000000000000
2026/10/09 00:30:30.592, 1710 MHz, 2619 MHz, 303.41 W, 700.00 W, 48, 41 %, 0x0000000000000000
2026/10/09 00:30:31.092, 1710 MHz, 2619 MHz, 342.57 W, 700.00 W, 52, 46 %, 0x0000000000000000
2026/10/09 00:30:31.593, 1710 MHz, 2619 MHz, 339.99 W, 700.00 W, 52, 18 %, 0x0000000000000000
2026/10/09 00:30:32.093, 1710 MHz, 2619 MHz, 302.78 W, 700.00 W, 49, 0 %, 0x0000000000000000
2026/10/09 00:30:32.594, 1710 MHz, 2619 MHz, 319.99 W, 700.00 W, 48, 44 %, 0x0000000000000000
2026/10/09 00:30:33.094, 1710 MHz, 2619 MHz, 322.38 W, 700.00 W, 48, 43 %, 0x0000000000000004
2026/10/09 00:30:33.595, 1710 MHz, 2619 MHz, 311.69 W, 700.00 W, 52, 3 %, 0x0000000000000000
2026/10/09 00:30:34.095, 1710 MHz, 2619 MHz, 300.94 W, 700.00 W, 49, 6 %, 0x0000000000000000
2026/10/09 00:30:34.596, 1710 MHz, 2619 MHz, 352.65 W, 700.00 W, 54, 71 %, 0x0000000000000004
2026/10/09 00:30:35.096, 1710 MHz, 2619 MHz, 357.25 W, 700.00 W, 53, 41 %, 0x0000000000000000
2026/10/09 00:30:35.597, 1710 MHz, 2619 MHz, 301.95 W, 700.00 W, 50, 32 %, 0x0000000000000000
2026/10/09 00:30:36.097, 1710 MHz, 2619 MHz, 310.25 W, 700.00 W, 49, 4 %, 0x0000000000000000
2026/10/09 00:30:36.598, 1710 MHz, 2619 MHz, 317.30 W, 700.00 W, 48, 45 %, 0x0000000000000000
2026/10/09 00:30:37.098, 1710 MHz, 2619 MHz, 321.48 W, 700.00 W, 48, 45 %, 0x0000000000000004
2026/10/09 00:30:37.598, 1710 MHz, 2619 MHz, 313.39 W, 700.00 W, 52, 0 %, 0x0000000000000000
2026/10/09 00:30:38.099, 1710 MHz, 2619 MHz, 302.32 W, 700.00 W, 51, 24 %, 0x0000000000000000
2026/10/09 00:30:38.600, 1710 MHz, 2619 MHz, 359.95 W, 700.00 W, 49, 44 %, 0x0000000000000000
2026/10/09 00:30:39.100, 1710 MHz, 2619 MHz, 352.56 W, 700.00 W, 49, 43 %, 0x0000000000000004
2026/10/09 00:30:39.601, 1710 MHz, 2619 MHz, 304.75 W, 700.00 W, 52, 4 %, 0x0000000000000000
2026/10/09 00:30:40.101, 1710 MHz, 2619 MHz, 291.24 W, 700.00 W, 49, 3 %, 0x0000000000000000
2026/10/09 00:30:40.602, 1710 MHz, 2619 MHz, 306.84 W, 700.00 W, 49, 43 %, 0x0000000000000000
2026/10/09 00:30:41.102, 1665 MHz, 2619 MHz, 315.39 W, 700.00 W, 48, 43 %, 0x0000000000000000
2026/10/09 00:30:41.602, 1710 MHz, 2619 MHz, 303.32 W, 700.00 W, 51, 2 %, 0x0000000000000000
2026/10/09 00:30:42.103, 1710 MHz, 2619 MHz, 350.22 W, 700.00 W, 51, 19 %, 0x0000000000000000
2026/10/09 00:30:42.603, 1710 MHz, 2619 MHz, 366.45 W, 700.00 W, 49, 47 %, 0x0000000000000000
2026/10/09 00:30:43.104, 1650 MHz, 2619 MHz, 321.82 W, 700.00 W, 49, 41 %, 0x0000000000000004
2026/10/09 00:30:43.604, 1710 MHz, 2619 MHz, 311.16 W, 700.00 W, 53, 24 %, 0x0000000000000000
2026/10/09 00:30:44.105, 1710 MHz, 2619 MHz, 295.33 W, 700.00 W, 50, 1 %, 0x0000000000000000
2026/10/09 00:30:44.605, 1710 MHz, 2619 MHz, 318.36 W, 700.00 W, 49, 41 %, 0x0000000000000000
2026/10/09 00:30:45.106, 1620 MHz, 2619 MHz, 327.36 W, 700.00 W, 48, 43 %, 0x0000000000000000
2026/10/09 00:30:45.606, 1665 MHz, 2619 MHz, 321.01 W, 700.00 W, 49, 0 %, 0x0000000000000004
2026/10/09 00:30:46.106, 1710 MHz, 2619 MHz, 321.22 W, 700.00 W, 50, 0 %, 0x0000000000000000
2026/10/09 00:30:46.607, 1710 MHz, 2619 MHz, 333.38 W, 700.00 W, 49, 45 %, 0x0000000000000000
2026/10/09 00:30:47.107, 1695 MHz, 2619 MHz, 317.76 W, 700.00 W, 48, 43 %, 0x0000000000000000
2026/10/09 00:30:47.608, 1710 MHz, 2619 MHz, 312.20 W, 700.00 W, 50, 13 %, 0x0000000000000004
2026/10/09 00:30:48.108, 1710 MHz, 2619 MHz, 302.73 W, 700.00 W, 52, 45 %, 0x0000000000000000
2026/10/09 00:30:48.609, 1710 MHz, 2619 MHz, 300.94 W, 700.00 W, 51, 25 %, 0x0000000000000000
2026/10/09 00:30:49.109, 1710 MHz, 2619 MHz, 297.91 W, 700.00 W, 49, 0 %, 0x0000000000000000
2026/10/09 00:30:49.609, 1710 MHz, 2619 MHz, 341.40 W, 700.00 W, 49, 20 %, 0x0000000000000000
2026/10/09 00:30:50.110, 1710 MHz, 2619 MHz, 341.03 W, 700.00 W, 51, 45 %, 0x0000000000000000
2026/10/09 00:30:50.610, 1710 MHz, 2619 MHz, 292.62 W, 700.00 W, 53, 9 %, 0x0000000000000000
2026/10/09 00:30:51.111, 1710 MHz, 2619 MHz, 287.30 W, 700.00 W, 50, 14 %, 0x0000000000000000
2026/10/09 00:30:51.611, 1710 MHz, 2619 MHz, 296.59 W, 700.00 W, 49, 41 %, 0x0000000000000000
2026/10/09 00:30:52.112, 1710 MHz, 2619 MHz, 312.03 W, 700.00 W, 49, 25 %, 0x0000000000000000
2026/10/09 00:30:52.612, 1710 MHz, 2619 MHz, 316.44 W, 700.00 W, 48, 37 %, 0x0000000000000000
2026/10/09 00:30:53.112, 1710 MHz, 2619 MHz, 316.04 W, 700.00 W, 48, 60 %, 0x0000000000000000
2026/10/09 00:30:53.613, 1710 MHz, 2619 MHz, 325.42 W, 700.00 W, 50, 40 %, 0x0000000000000000
2026/10/09 00:30:54.113, 1710 MHz, 2619 MHz, 342.00 W, 700.00 W, 49, 2 %, 0x0000000000000000
2026/10/09 00:30:54.614, 1710 MHz, 2619 MHz, 315.94 W, 700.00 W, 49, 45 %, 0x0000000000000000
2026/10/09 00:30:55.114, 1710 MHz, 2619 MHz, 311.83 W, 700.00 W, 48, 45 %, 0x0000000000000000
2026/10/09 00:30:55.615, 1710 MHz, 2619 MHz, 303.59 W, 700.00 W, 48, 16 %, 0x0000000000000004
2026/10/09 00:30:56.115, 1710 MHz, 2619 MHz, 288.70 W, 700.00 W, 52, 46 %, 0x0000000000000000
2026/10/09 00:30:56.616, 1710 MHz, 2619 MHz, 290.15 W, 700.00 W, 52, 16 %, 0x0000000000000000
2026/10/09 00:30:57.116, 1710 MHz, 2619 MHz, 358.50 W, 700.00 W, 51, 20 %, 0x0000000000000000
2026/10/09 00:30:57.617, 1710 MHz, 2619 MHz, 360.07 W, 700.00 W, 49, 44 %, 0x0000000000000000
2026/10/09 00:30:58.117, 1710 MHz, 2619 MHz, 313.55 W, 700.00 W, 50, 44 %, 0x0000000000000004
2026/10/09 00:30:58.618, 1710 MHz, 2619 MHz, 294.91 W, 700.00 W, 53, 4 %, 0x0000000000000000
2026/10/09 00:30:59.118, 1710 MHz, 2619 MHz, 289.81 W, 700.00 W, 50, 5 %, 0x0000000000000000
2026/10/09 00:30:59.619, 1710 MHz, 2619 MHz, 301.32 W, 700.00 W, 49, 44 %, 0x0000000000000000
2026/10/09 00:31:00.119, 1710 MHz, 2619 MHz, 316.43 W, 700.00 W, 48, 43 %, 0x0000000000000000
2026/10/09 00:31:00.620, 1665 MHz, 2619 MHz, 324.29 W, 700.00 W, 48, 14 %, 0x0000000000000000
2026/10/09 00:31:01.120, 1710 MHz, 2619 MHz, 328.58 W, 700.00 W, 50, 0 %, 0x0000000000000000
2026/10/09 00:31:01.621, 1710 MHz, 2619 MHz, 322.59 W, 700.00 W, 49, 38 %, 0x0000000000000000
2026/10/09 00:31:02.121, 1710 MHz, 2619 MHz, 312.09 W, 700.00 W, 48, 37 %, 0x0000000000000000
2026/10/09 00:31:02.621, 1710 MHz, 2619 MHz, 314.86 W, 700.00 W, 48, 23 %, 0x0000000000000000
2026/10/09 00:31:03.122, 1710 MHz, 2619 MHz, 300.97 W, 700.00 W, 52, 44 %, 0x0000000000000000
2026/10/09 00:31:03.622, 1710 MHz, 2619 MHz, 292.11 W, 700.00 W, 52, 20 %, 0x0000000000000000
2026/10/09 00:31:04.123, 1710 MHz, 2619 MHz, 295.51 W, 700.00 W, 50, 0 %, 0x0000000000000000
2026/10/09 00:31:04.624, 1710 MHz, 2619 MHz, 343.57 W, 700.00 W, 51, 7 %, 0x0000000000000000
2026/10/09 00:31:05.124, 1710 MHz, 2619 MHz, 349.67 W, 700.00 W, 52, 43 %, 0x0000000000000000
2026/10/09 00:31:05.625, 1710 MHz, 2619 MHz, 302.01 W, 700.00 W, 53, 16 %, 0x0000000000000000
2026/10/09 00:31:06.125, 1710 MHz, 2619 MHz, 299.70 W, 700.00 W, 50, 8 %, 0x0000000000000000
2026/10/09 00:31:06.626, 1710 MHz, 2619 MHz, 304.14 W, 700.00 W, 49, 43 %, 0x0000000000000000
2026/10/09 00:31:07.126, 1710 MHz, 2619 MHz, 318.62 W, 700.00 W, 49, 22 %, 0x0000000000000000
2026/10/09 00:31:07.626, 1710 MHz, 2619 MHz, 320.07 W, 700.00 W, 49, 43 %, 0x0000000000000000
2026/10/09 00:31:08.127, 1710 MHz, 2619 MHz, 312.67 W, 700.00 W, 48, 56 %, 0x0000000000000000
2026/10/09 00:31:08.628, 1710 MHz, 2619 MHz, 332.73 W, 700.00 W, 52, 11 %, 0x0000000000000000
2026/10/09 00:31:09.128, 1710 MHz, 2619 MHz, 325.76 W, 700.00 W, 50, 23 %, 0x0000000000000000
2026/10/09 00:31:09.628, 1710 MHz, 2619 MHz, 292.26 W, 700.00 W, 49, 42 %, 0x0000000000000000
2026/10/09 00:31:10.129, 1710 MHz, 2619 MHz, 300.61 W, 700.00 W, 49, 0 %, 0x0000000000000000
2026/10/09 00:31:10.629, 1710 MHz, 2619 MHz, 302.38 W, 700.00 W, 48, 49 %, 0x0000000000000000
2026/10/09 00:31:11.130, 1710 MHz, 2619 MHz, 304.53 W, 700.00 W, 48, 26 %, 0x0000000000000000
2026/10/09 00:31:11.630, 1710 MHz, 2619 MHz, 305.99 W, 700.00 W, 48, 45 %, 0x0000000000000000
2026/10/09 00:31:12.131, 1710 MHz, 2619 MHz, 340.60 W, 700.00 W, 54, 50 %, 0x0000000000000000
2026/10/09 00:31:12.631, 1710 MHz, 2619 MHz, 337.95 W, 700.00 W, 52, 14 %, 0x0000000000000000
2026/10/09 00:31:13.132, 1710 MHz, 2619 MHz, 293.53 W, 700.00 W, 50, 20 %, 0x0000000000000000
2026/10/09 00:31:13.632, 1710 MHz, 2619 MHz, 296.84 W, 700.00 W, 49, 42 %, 0x0000000000000000
2026/10/09 00:31:14.133, 1710 MHz, 2619 MHz, 306.51 W, 700.00 W, 49, 0 %, 0x0000000000000000
2026/10/09 00:31:14.633, 1710 MHz, 2619 MHz, 312.20 W, 700.00 W, 49, 49 %, 0x0000000000000000
2026/10/09 00:31:15.134, 1710 MHz, 2619 MHz, 309.32 W, 700.00 W, 48, 34 %, 0x0000000000000000
2026/10/09 00:31:15.634, 1710 MHz, 2619 MHz, 305.54 W, 700.00 W, 48, 47 %, 0x0000000000000000
2026/10/09 00:31:16.135, 1710 MHz, 2619 MHz, 343.74 W, 700.00 W, 52, 52 %, 0x0000000000000000
2026/10/09 00:31:16.635, 1710 MHz, 2619 MHz, 335.44 W, 700.00 W, 51, 2 %, 0x0000000000000000
2026/10/09 00:31:17.136, 1710 MHz, 2619 MHz, 295.09 W, 700.00 W, 51, 30 %, 0x0000000000000000
2026/10/09 00:31:17.636, 1710 MHz, 2619 MHz, 295.10 W, 700.00 W, 50, 34 %, 0x0000000000000000
2026/10/09 00:31:18.137, 1710 MHz, 2619 MHz, 288.90 W, 700.00 W, 49, 0 %, 0x0000000000000000
2026/10/09 00:31:18.637, 1710 MHz, 2619 MHz, 292.87 W, 700.00 W, 49, 49 %, 0x0000000000000000
2026/10/09 00:31:19.138, 1710 MHz, 2619 MHz, 308.56 W, 700.00 W, 48, 20 %, 0x0000000000000000
2026/10/09 00:31:19.638, 1710 MHz, 2619 MHz, 315.07 W, 700.00 W, 48, 49 %, 0x0000000000000000
2026/10/09 00:31:20.139, 1710 MHz, 2619 MHz, 351.22 W, 700.00 W, 52, 51 %, 0x0000000000000000
2026/10/09 00:31:20.640, 1710 MHz, 2619 MHz, 341.44 W, 700.00 W, 52, 14 %, 0x0000000000000000
2026/10/09 00:31:21.141, 1710 MHz, 2619 MHz, 292.30 W, 700.00 W, 50, 15 %, 0x0000000000000000
2026/10/09 00:31:21.641, 1710 MHz, 2619 MHz, 285.94 W, 700.00 W, 49, 49 %, 0x0000000000000000
2026/10/09 00:31:22.141, 1710 MHz, 2619 MHz, 293.38 W, 700.00 W, 49, 11 %, 0x0000000000000000
2026/10/09 00:31:22.642, 1710 MHz, 2619 MHz, 312.13 W, 700.00 W, 48, 49 %, 0x0000000000000000
2026/10/09 00:31:23.142, 1710 MHz, 2619 MHz, 308.98 W, 700.00 W, 48, 48 %, 0x0000000000000000
2026/10/09 00:31:23.643, 1710 MHz, 2619 MHz, 336.13 W, 700.00 W, 55, 97 %, 0x0000000000000000
2026/10/09 00:31:24.143, 1710 MHz, 2619 MHz, 347.12 W, 700.00 W, 52, 26 %, 0x0000000000000000
2026/10/09 00:31:24.644, 1710 MHz, 2619 MHz, 306.33 W, 700.00 W, 50, 45 %, 0x0000000000000000
2026/10/09 00:31:25.145, 1710 MHz, 2619 MHz, 312.34 W, 700.00 W, 49, 10 %, 0x0000000000000000
2026/10/09 00:31:25.645, 1710 MHz, 2619 MHz, 326.24 W, 700.00 W, 49, 47 %, 0x0000000000000000
2026/10/09 00:31:26.145, 1665 MHz, 2619 MHz, 325.64 W, 700.00 W, 48, 46 %, 0x0000000000000000
2026/10/09 00:31:26.646, 1710 MHz, 2619 MHz, 318.48 W, 700.00 W, 51, 3 %, 0x0000000000000000
2026/10/09 00:31:27.147, 1710 MHz, 2619 MHz, 300.85 W, 700.00 W, 53, 37 %, 0x0000000000000000
2026/10/09 00:31:27.648, 1710 MHz, 2619 MHz, 349.00 W, 700.00 W, 50, 48 %, 0x0000000000000000
2026/10/09 00:31:28.148, 1710 MHz, 2619 MHz, 364.31 W, 700.00 W, 49, 34 %, 0x0000000000000000
2026/10/09 00:31:28.648, 1710 MHz, 2619 MHz, 323.78 W, 700.00 W, 48, 27 %, 0x0000000000000000
2026/10/09 00:31:29.149, 1710 MHz, 2619 MHz, 315.79 W, 700.00 W, 51, 47 %, 0x0000000000000000
2026/10/09 00:31:29.650, 1710 MHz, 2619 MHz, 299.86 W, 700.00 W, 52, 19 %, 0x0000000000000000
2026/10/09 00:31:30.150, 1710 MHz, 2619 MHz, 313.30 W, 700.00 W, 50, 2 %, 0x0000000000000000
2026/10/09 00:31:30.650, 1710 MHz, 2619 MHz, 316.16 W, 700.00 W, 49, 46 %, 0x0000000000000000
2026/10/09 00:31:31.151, 1710 MHz, 2619 MHz, 362.79 W, 700.00 W, 54, 66 %, 0x0000000000000004
2026/10/09 00:31:31.651, 1710 MHz, 2619 MHz, 348.20 W, 700.00 W, 52, 0 %, 0x0000000000000000
2026/10/09 00:31:32.152, 1710 MHz, 2619 MHz, 297.48 W, 700.00 W, 53, 37 %, 0x0000000000000000
2026/10/09 00:31:32.652, 1710 MHz, 2619 MHz, 295.01 W, 700.00 W, 51, 30 %, 0x0000000000000000
2026/10/09 00:31:33.153, 1710 MHz, 2619 MHz, 294.75 W, 700.00 W, 50, 0 %, 0x0000000000000000
2026/10/09 00:31:33.653, 1710 MHz, 2619 MHz, 310.80 W, 700.00 W, 49, 43 %, 0x0000000000000000
2026/10/09 00:31:34.154, 1710 MHz, 2619 MHz, 317.09 W, 700.00 W, 49, 30 %, 0x0000000000000000
2026/10/09 00:31:34.654, 1710 MHz, 2619 MHz, 311.21 W, 700.00 W, 48, 37 %, 0x0000000000000000
2026/10/09 00:31:35.155, 1710 MHz, 2619 MHz, 344.61 W, 700.00 W, 54, 42 %, 0x0000000000000000
2026/10/09 00:31:35.655, 1710 MHz, 2619 MHz, 341.72 W, 700.00 W, 51, 27 %, 0x0000000000000000
2026/10/09 00:31:36.156, 1710 MHz, 2619 MHz, 311.14 W, 700.00 W, 50, 0 %, 0x0000000000000000
2026/10/09 00:31:36.656, 1710 MHz, 2619 MHz, 320.12 W, 700.00 W, 49, 47 %, 0x0000000000000000
2026/10/09 00:31:37.157, 1695 MHz, 2619 MHz, 316.64 W, 700.00 W, 49, 32 %, 0x0000000000000000
2026/10/09 00:31:37.657, 1710 MHz, 2619 MHz, 309.21 W, 700.00 W, 49, 34 %, 0x0000000000000000
2026/10/09 00:31:38.158, 1710 MHz, 2619 MHz, 308.59 W, 700.00 W, 50, 46 %, 0x0000000000000004
2026/10/09 00:31:38.659, 1695 MHz, 2619 MHz, 344.18 W, 700.00 W, 51, 0 %, 0x0000000000000004
2026/10/09 00:31:39.159, 1710 MHz, 2619 MHz, 349.81 W, 700.00 W, 51, 5 %, 0x0000000000000000
2026/10/09 00:31:39.659, 1710 MHz, 2619 MHz, 329.45 W, 700.00 W, 50, 38 %, 0x0000000000000000
2026/10/09 00:31:40.160, 1710 MHz, 2619 MHz, 303.00 W, 700.00 W, 53, 14 %, 0x0000000000000000
2026/10/09 00:31:40.660, 1710 MHz, 2619 MHz, 300.11 W, 700.00 W, 51, 15 %, 0x0000000000000000
2026/10/09 00:31:41.161, 1710 MHz, 2619 MHz, 303.77 W, 700.00 W, 50, 47 %, 0x0000000000000000
2026/10/09 00:31:41.661, 1710 MHz, 2619 MHz, 315.80 W, 700.00 W, 49, 4 %, 0x0000000000000000
2026/10/09 00:31:42.162, 1710 MHz, 2619 MHz, 321.71 W, 700.00 W, 49, 46 %, 0x0000000000000000
2026/10/09 00:31:42.663, 1710 MHz, 2619 MHz, 355.27 W, 700.00 W, 52, 49 %, 0x0000000000000004
2026/10/09 00:31:43.163, 1710 MHz, 2619 MHz, 357.71 W, 700.00 W, 52, 0 %, 0x0000000000000000
2026/10/09 00:31:43.663, 1710 MHz, 2619 MHz, 320.75 W, 700.00 W, 52, 29 %, 0x0000000000000000
2026/10/09 00:31:44.164, 1710 MHz, 2619 MHz, 320.92 W, 700.00 W, 50, 40 %, 0x0000000000000000
2026/10/09 00:31:44.664, 1710 MHz, 2619 MHz, 329.09 W, 700.00 W, 49, 3 %, 0x0000000000000000
2026/10/09 00:31:45.165, 1710 MHz, 2619 MHz, 329.47 W, 700.00 W, 49, 48 %, 0x0000000000000000
2026/10/09 00:31:45.665, 1710 MHz, 2619 MHz, 313.45 W, 700.00 W, 49, 47 %, 0x0000000000000000
2026/10/09 00:31:46.166, 1665 MHz, 2619 MHz, 321.11 W, 700.00 W, 48, 19 %, 0x0000000000000000
2026/10/09 00:31:46.667, 1710 MHz, 2619 MHz, 343.58 W, 700.00 W, 52, 22 %, 0x0000000000000000
2026/10/09 00:31:47.167, 1710 MHz, 2619 MHz, 337.19 W, 700.00 W, 50, 46 %, 0x0000000000000000
2026/10/09 00:31:47.668, 1710 MHz, 2619 MHz, 320.07 W, 700.00 W, 49, 18 %, 0x0000000000000000
2026/10/09 00:31:48.168, 1710 MHz, 2619 MHz, 323.38 W, 700.00 W, 49, 43 %, 0x0000000000000000
2026/10/09 00:31:48.669, 1710 MHz, 2619 MHz, 307.71 W, 700.00 W, 49, 44 %, 0x0000000000000000
2026/10/09 00:31:49.169, 1710 MHz, 2619 MHz, 300.00 W, 700.00 W, 52, 0 %, 0x0000000000000000
2026/10/09 00:31:49.669, 1710 MHz, 2619 MHz, 300.90 W, 700.00 W, 51, 24 %, 0x0000000000000000
2026/10/09 00:31:50.170, 1710 MHz, 2619 MHz, 353.37 W, 700.00 W, 51, 57 %, 0x0000000000000000
2026/10/09 00:31:50.671, 1710 MHz, 2619 MHz, 358.33 W, 700.00 W, 49, 47 %, 0x0000000000000000
2026/10/09 00:31:51.171, 1710 MHz, 2619 MHz, 303.58 W, 700.00 W, 49, 19 %, 0x0000000000000000
2026/10/09 00:31:51.672, 1710 MHz, 2619 MHz, 294.87 W, 700.00 W, 52, 47 %, 0x0000000000000000
2026/10/09 00:31:52.172, 1710 MHz, 2619 MHz, 295.02 W, 700.00 W, 53, 11 %, 0x0000000000000000
2026/10/09 00:31:52.672, 1710 MHz, 2619 MHz, 293.75 W, 700.00 W, 51, 16 %, 0x0000000000000000
2026/10/09 00:31:53.173, 1710 MHz, 2619 MHz, 308.95 W, 700.00 W, 50, 47 %, 0x0000000000000000
2026/10/09 00:31:53.674, 1710 MHz, 2619 MHz, 315.75 W, 700.00 W, 49, 3 %, 0x0000000000000000
2026/10/09 00:31:54.174, 1710 MHz, 2619 MHz, 361.67 W, 700.00 W, 49, 23 %, 0x0000000000000000
2026/10/09 00:31:54.675, 1710 MHz, 2619 MHz, 360.84 W, 700.00 W, 52, 47 %, 0x0000000000000000
2026/10/09 00:31:55.175, 1710 MHz, 2619 MHz, 298.77 W, 700.00 W, 53, 16 %, 0x0000000000000000
2026/10/09 00:31:55.676, 1710 MHz, 2619 MHz, 315.87 W, 700.00 W, 51, 6 %, 0x0000000000000000
2026/10/09 00:31:56.177, 1710 MHz, 2619 MHz, 313.29 W, 700.00 W, 53, 41 %, 0x0000000000000000
2026/10/09 00:31:56.677, 1710 MHz, 2619 MHz, 319.79 W, 700.00 W, 50, 36 %, 0x0000000000000000
2026/10/09 00:31:57.177, 1710 MHz, 2619 MHz, 314.60 W, 700.00 W, 50, 28 %, 0x0000000000000000
2026/10/09 00:31:57.678, 1710 MHz, 2619 MHz, 333.12 W, 700.00 W, 50, 17 %, 0x0000000000000000
2026/10/09 00:31:58.178, 1710 MHz, 2619 MHz, 336.34 W, 700.00 W, 51, 43 %, 0x0000000000000000
2026/10/09 00:31:58.679, 1710 MHz, 2619 MHz, 319.86 W, 700.00 W, 52, 3 %, 0x0000000000000000
2026/10/09 00:31:59.180, 1710 MHz, 2619 MHz, 323.20 W, 700.00 W, 52, 46 %, 0x0000000000000000
2026/10/09 00:31:59.680, 1695 MHz, 2619 MHz, 316.44 W, 700.00 W, 50, 41 %, 0x0000000000000000
2026/10/09 00:32:00.180, 1710 MHz, 2619 MHz, 315.76 W, 700.00 W, 50, 27 %, 0x0000000000000000
2026/10/09 00:32:00.681, 1710 MHz, 2619 MHz, 306.46 W, 700.00 W, 49, 48 %, 0x0000000000000000
2026/10/09 00:32:01.181, 1710 MHz, 2619 MHz, 307.96 W, 700.00 W, 49, 0 %, 0x0000000000000000
2026/10/09 00:32:01.682, 1710 MHz, 2619 MHz, 359.45 W, 700.00 W, 52, 1 %, 0x0000000000000000
2026/10/09 00:32:02.183, 1710 MHz, 2619 MHz, 362.55 W, 700.00 W, 53, 48 %, 0x0000000000000000
2026/10/09 00:32:02.683, 1680 MHz, 2619 MHz, 312.75 W, 700.00 W, 51, 35 %, 0x0000000000000000
2026/10/09 00:32:03.184, 1710 MHz, 2619 MHz, 305.23 W, 700.00 W, 50, 26 %, 0x0000000000000000
2026/10/09 00:32:03.684, 1710 MHz, 2619 MHz, 306.86 W, 700.00 W, 49, 48 %, 0x0000000000000004
2026/10/09 00:32:04.184, 1710 MHz, 2619 MHz, 304.75 W, 700.00 W, 49, 5 %, 0x0000000000000000
2026/10/09 00:32:04.685, 1710 MHz, 2619 MHz, 305.85 W, 700.00 W, 49, 18 %, 0x0000000000000000
2026/10/09 00:32:05.186, 1665 MHz, 2619 MHz, 364.56 W, 700.00 W, 55, 42 %, 0x0000000000000004
2026/10/09 00:32:05.686, 1710 MHz, 2619 MHz, 366.17 W, 700.00 W, 51, 46 %, 0x0000000000000000
2026/10/09 00:32:06.187, 1710 MHz, 2619 MHz, 309.94 W, 700.00 W, 50, 18 %, 0x0000000000000000
2026/10/09 00:32:06.687, 1710 MHz, 2619 MHz, 301.84 W, 700.00 W, 49, 46 %, 0x0000000000000000
2026/10/09 00:32:07.188, 1710 MHz, 2619 MHz, 305.85 W, 700.00 W, 49, 22 %, 0x0000000000000000
2026/10/09 00:32:07.688, 1710 MHz, 2619 MHz, 307.66 W, 700.00 W, 52, 2 %, 0x0000000000000000
2026/10/09 00:32:08.189, 1710 MHz, 2619 MHz, 322.26 W, 700.00 W, 53, 47 %, 0x0000000000000000
2026/10/09 00:32:08.689, 1680 MHz, 2619 MHz, 318.95 W, 700.00 W, 50, 37 %, 0x0000000000000000
2026/10/09 00:32:09.190, 1710 MHz, 2619 MHz, 352.30 W, 700.00 W, 50, 3 %, 0x0000000000000000
2026/10/09 00:32:09.690, 1710 MHz, 2619 MHz, 337.57 W, 700.00 W, 49, 49 %, 0x0000000000000000
2026/10/09 00:32:10.191, 1710 MHz, 2619 MHz, 297.05 W, 700.00 W, 49, 16 %, 0x0000000000000000
2026/10/09 00:32:10.692, 1710 MHz, 2619 MHz, 294.24 W, 700.00 W, 49, 19 %, 0x0000000000000000
2026/10/09 00:32:11.193, 1710 MHz, 2619 MHz, 296.00 W, 700.00 W, 51, 46 %, 0x0000000000000000
2026/10/09 00:32:11.693, 1710 MHz, 2619 MHz, 309.96 W, 700.00 W, 52, 1 %, 0x0000000000000000
2026/10/09 00:32:12.194, 1710 MHz, 2619 MHz, 313.99 W, 700.00 W, 52, 52 %, 0x0000000000000000
2026/10/09 00:32:12.694, 1710 MHz, 2619 MHz, 317.20 W, 700.00 W, 53, 29 %, 0x0000000000000000
2026/10/09 00:32:13.195, 1710 MHz, 2619 MHz, 337.32 W, 700.00 W, 49, 0 %, 0x0000000000000000
2026/10/09 00:32:13.696, 1710 MHz, 2619 MHz, 340.27 W, 700.00 W, 49, 47 %, 0x0000000000000000
2026/10/09 00:32:14.196, 1710 MHz, 2619 MHz, 298.56 W, 700.00 W, 49, 16 %, 0x0000000000000000
2026/10/09 00:32:14.697, 1710 MHz, 2619 MHz, 293.24 W, 700.00 W, 49, 18 %, 0x0000000000000000
2026/10/09 00:32:15.198, 1710 MHz, 2619 MHz, 291.74 W, 700.00 W, 51, 46 %, 0x0000000000000000
2026/10/09 00:32:15.699, 1710 MHz, 2619 MHz, 300.60 W, 700.00 W, 52, 1 %, 0x0000000000000000
2026/10/09 00:32:16.199, 1710 MHz, 2619 MHz, 309.40 W, 700.00 W, 52, 49 %, 0x0000000000000000
2026/10/09 00:32:16.700, 1710 MHz, 2619 MHz, 347.75 W, 700.00 W, 51, 83 %, 0x0000000000000000
2026/10/09 00:32:17.200, 1710 MHz, 2619 MHz, 343.81 W, 700.00 W, 49, 8 %, 0x0000000000000000
2026/10/09 00:32:17.700, 1710 MHz, 2619 MHz, 304.74 W, 700.00 W, 49, 49 %, 0x0000000000000000
2026/10/09 00:32:18.201, 1710 MHz, 2619 MHz, 294.18 W, 700.00 W, 49, 10 %, 0x0000000000000000
2026/10/09 00:32:18.702, 1710 MHz, 2619 MHz, 287.41 W, 700.00 W, 48, 19 %, 0x0000000000000000
2026/10/09 00:32:19.203, 1710 MHz, 2619 MHz, 300.29 W, 700.00 W, 50, 42 %, 0x0000000000000000
2026/10/09 00:32:19.704, 1710 MHz, 2619 MHz, 315.11 W, 700.00 W, 51, 0 %, 0x0000000000000000
2026/10/09 00:32:20.204, 1710 MHz, 2619 MHz, 316.96 W, 700.00 W, 49, 49 %, 0x0000000000000000
2026/10/09 00:32:20.704, 1710 MHz, 2619 MHz, 344.85 W, 700.00 W, 50, 50 %, 0x0000000000000000
2026/10/09 00:32:21.205, 1710 MHz, 2619 MHz, 337.62 W, 700.00 W, 49, 5 %, 0x0000000000000000
2026/10/09 00:32:21.705, 1710 MHz, 2619 MHz, 293.72 W, 700.00 W, 49, 49 %, 0x0000000000000000
2026/10/09 00:32:22.206, 1710 MHz, 2619 MHz, 297.62 W, 700.00 W, 49, 14 %, 0x0000000000000000
2026/10/09 00:32:22.707, 1710 MHz, 2619 MHz, 290.17 W, 700.00 W, 48, 19 %, 0x0000000000000000
2026/10/09 00:32:23.208, 1710 MHz, 2619 MHz, 294.59 W, 700.00 W, 51, 44 %, 0x0000000000000000
2026/10/09 00:32:23.708, 1710 MHz, 2619 MHz, 308.76 W, 700.00 W, 52, 0 %, 0x0000000000000000
2026/10/09 00:32:24.209, 1710 MHz, 2619 MHz, 306.09 W, 700.00 W, 52, 49 %, 0x0000000000000000
2026/10/09 00:32:24.709, 1710 MHz, 2619 MHz, 354.29 W, 700.00 W, 50, 43 %, 0x0000000000000000
2026/10/09 00:32:25.210, 1710 MHz, 2619 MHz, 354.55 W, 700.00 W, 49, 0 %, 0x0000000000000000
2026/10/09 00:32:25.710, 1710 MHz, 2619 MHz, 299.36 W, 700.00 W, 50, 15 %, 0x0000000000000000
2026/10/09 00:32:26.211, 1710 MHz, 2619 MHz, 318.18 W, 700.00 W, 54, 44 %, 0x0000000000000000
2026/10/09 00:32:26.711, 1710 MHz, 2619 MHz, 322.68 W, 700.00 W, 50, 43 %, 0x0000000000000000
2026/10/09 00:32:27.212, 1710 MHz, 2619 MHz, 312.11 W, 700.00 W, 49, 11 %, 0x0000000000000004
2026/10/09 00:32:27.712, 1710 MHz, 2619 MHz, 295.67 W, 700.00 W, 49, 31 %, 0x0000000000000000
2026/10/09 00:32:28.213, 1710 MHz, 2619 MHz, 354.10 W, 700.00 W, 51, 41 %, 0x0000000000000000
2026/10/09 00:32:28.713, 1710 MHz, 2619 MHz, 353.10 W, 700.00 W, 50, 43 %, 0x0000000000000004
2026/10/09 00:32:29.214, 1710 MHz, 2619 MHz, 296.23 W, 700.00 W, 49, 0 %, 0x0000000000000000
2026/10/09 00:32:29.714, 1710 MHz, 2619 MHz, 297.69 W, 700.00 W, 49, 23 %, 0x0000000000000000
2026/10/09 00:32:30.215, 1710 MHz, 2619 MHz, 303.71 W, 700.00 W, 52, 43 %, 0x0000000000000000
2026/10/09 00:32:30.715, 1710 MHz, 2619 MHz, 321.53 W, 700.00 W, 52, 18 %, 0x0000000000000000
2026/10/09 00:32:31.216, 1710 MHz, 2619 MHz, 320.46 W, 700.00 W, 50, 41 %, 0x0000000000000000
2026/10/09 00:32:31.716, 1665 MHz, 2619 MHz, 318.02 W, 700.00 W, 55, 52 %, 0x0000000000000000
2026/10/09 00:32:32.217, 1710 MHz, 2619 MHz, 331.56 W, 700.00 W, 51, 36 %, 0x0000000000000000
2026/10/09 00:32:32.717, 1710 MHz, 2619 MHz, 337.89 W, 700.00 W, 54, 21 %, 0x0000000000000000
2026/10/09 00:32:33.218, 1695 MHz, 2619 MHz, 320.09 W, 700.00 W, 51, 47 %, 0x0000000000000000
2026/10/09 00:32:33.718, 1710 MHz, 2619 MHz, 303.54 W, 700.00 W, 50, 43 %, 0x0000000000000000
2026/10/09 00:32:34.219, 1710 MHz, 2619 MHz, 295.91 W, 700.00 W, 50, 12 %, 0x0000000000000000
2026/10/09 00:32:34.719, 1710 MHz, 2619 MHz, 298.55 W, 700.00 W, 49, 41 %, 0x0000000000000000
2026/10/09 00:32:35.220, 1710 MHz, 2619 MHz, 296.45 W, 700.00 W, 49, 24 %, 0x0000000000000000
2026/10/09 00:32:35.720, 1695 MHz, 2619 MHz, 338.83 W, 700.00 W, 51, 35 %, 0x0000000000000000
2026/10/09 00:32:36.221, 1710 MHz, 2619 MHz, 344.58 W, 700.00 W, 50, 15 %, 0x0000000000000004
2026/10/09 00:32:36.721, 1710 MHz, 2619 MHz, 298.02 W, 700.00 W, 49, 45 %, 0x0000000000000000
2026/10/09 00:32:37.222, 1710 MHz, 2619 MHz, 294.87 W, 700.00 W, 49, 16 %, 0x0000000000000000
2026/10/09 00:32:37.722, 1710 MHz, 2619 MHz, 302.02 W, 700.00 W, 51, 8 %, 0x0000000000000000
2026/10/09 00:32:38.223, 1710 MHz, 2619 MHz, 308.82 W, 700.00 W, 53, 39 %, 0x0000000000000000
2026/10/09 00:32:38.723, 1710 MHz, 2619 MHz, 312.51 W, 700.00 W, 52, 22 %, 0x0000000000000000
2026/10/09 00:32:39.223, 1710 MHz, 2619 MHz, 311.27 W, 700.00 W, 54, 40 %, 0x0000000000000000
2026/10/09 00:32:39.724, 1710 MHz, 2619 MHz, 320.57 W, 700.00 W, 49, 29 %, 0x0000000000000000
2026/10/09 00:32:40.224, 1710 MHz, 2619 MHz, 319.52 W, 700.00 W, 50, 32 %, 0x0000000000000000
2026/10/09 00:32:40.725, 1710 MHz, 2619 MHz, 319.81 W, 700.00 W, 53, 0 %, 0x0000000000000000
2026/10/09 00:32:41.225, 1710 MHz, 2619 MHz, 321.93 W, 700.00 W, 52, 43 %, 0x0000000000000000
2026/10/09 00:32:41.726, 1710 MHz, 2619 MHz, 304.17 W, 700.00 W, 50, 43 %, 0x0000000000000000
2026/10/09 00:32:42.226, 1710 MHz, 2619 MHz, 295.18 W, 700.00 W, 50, 14 %, 0x0000000000000004
2026/10/09 00:32:42.727, 1710 MHz, 2619 MHz, 292.21 W, 700.00 W, 49, 46 %, 0x0000000000000000
2026/10/09 00:32:43.227, 1710 MHz, 2619 MHz, 343.02 W, 700.00 W, 55, 69 %, 0x0000000000000000
2026/10/09 00:32:43.728, 1710 MHz, 2619 MHz, 354.27 W, 700.00 W, 52, 22 %, 0x0000000000000000
2026/10/09 00:32:44.228, 1650 MHz, 2619 MHz, 311.35 W, 700.00 W, 51, 45 %, 0x0000000000000000
2026/10/09 00:32:44.729, 1710 MHz, 2619 MHz, 309.67 W, 700.00 W, 50, 45 %, 0x0000000000000000
2026/10/09 00:32:45.229, 1710 MHz, 2619 MHz, 301.15 W, 700.00 W, 50, 9 %, 0x0000000000000004
2026/10/09 00:32:45.730, 1710 MHz, 2619 MHz, 298.81 W, 700.00 W, 49, 45 %, 0x0000000000000000
2026/10/09 00:32:46.230, 1710 MHz, 2619 MHz, 293.03 W, 700.00 W, 49, 11 %, 0x0000000000000000
2026/10/09 00:32:46.731, 1710 MHz, 2619 MHz, 291.59 W, 700.00 W, 49, 14 %, 0x0000000000000000
2026/10/09 00:32:47.231, 1635 MHz, 2619 MHz, 346.74 W, 700.00 W, 51, 47 %, 0x0000000000000000
2026/10/09 00:32:47.732, 1710 MHz, 2619 MHz, 352.77 W, 700.00 W, 50, 43 %, 0x0000000000000004
2026/10/09 00:32:48.232, 1710 MHz, 2619 MHz, 302.06 W, 700.00 W, 49, 21 %, 0x0000000000000000
2026/10/09 00:32:48.733, 1710 MHz, 2619 MHz, 306.87 W, 700.00 W, 54, 10 %, 0x0000000000000000
2026/10/09 00:32:49.233, 1710 MHz, 2619 MHz, 317.32 W, 700.00 W, 50, 42 %, 0x0000000000000000
2026/10/09 00:32:49.734, 1710 MHz, 2619 MHz, 313.26 W, 700.00 W, 49, 46 %, 0x0000000000000000
2026/10/09 00:32:50.234, 1710 MHz, 2619 MHz, 308.95 W, 700.00 W, 52, 33 %, 0x0000000000000000
2026/10/09 00:32:50.735, 1710 MHz, 2619 MHz, 363.16 W, 700.00 W, 52, 44 %, 0x0000000000000000
2026/10/09 00:32:51.235, 1710 MHz, 2619 MHz, 364.86 W, 700.00 W, 50, 14 %, 0x0000000000000004
2026/10/09 00:32:51.736, 1710 MHz, 2619 MHz, 306.93 W, 700.00 W, 49, 44 %, 0x0000000000000000
2026/10/09 00:32:52.236, 1710 MHz, 2619 MHz, 303.31 W, 700.00 W, 50, 29 %, 0x0000000000000000
2026/10/09 00:32:52.737, 1710 MHz, 2619 MHz, 319.10 W, 700.00 W, 54, 3 %, 0x0000000000000000
2026/10/09 00:32:53.237, 1665 MHz, 2619 MHz, 325.72 W, 700.00 W, 51, 45 %, 0x0000000000000000
2026/10/09 00:32:53.738, 1710 MHz, 2619 MHz, 318.18 W, 700.00 W, 50, 45 %, 0x0000000000000000
2026/10/09 00:32:54.238, 1635 MHz, 2619 MHz, 331.91 W, 700.00 W, 55, 0 %, 0x0000000000000004
2026/10/09 00:32:54.739, 1710 MHz, 2619 MHz, 353.81 W, 700.00 W, 55, 10 %, 0x0000000000000000
2026/10/09 00:32:55.239, 1710 MHz, 2619 MHz, 337.69 W, 700.00 W, 50, 40 %, 0x0000000000000000
2026/10/09 00:32:55.740, 1710 MHz, 2619 MHz, 316.30 W, 700.00 W, 50, 44 %, 0x0000000000000000
2026/10/09 00:32:56.240, 1710 MHz, 2619 MHz, 308.33 W, 700.00 W, 52, 33 %, 0x0000000000000000
2026/10/09 00:32:56.741, 1665 MHz, 2619 MHz, 330.46 W, 700.00 W, 52, 22 %, 0x0000000000000000
2026/10/09 00:32:57.241, 1710 MHz, 2619 MHz, 325.80 W, 700.00 W, 50, 30 %, 0x0000000000000004
2026/10/09 00:32:57.742, 1710 MHz, 2619 MHz, 311.37 W, 700.00 W, 49, 43 %, 0x0000000000000000
2026/10/09 00:32:58.242, 1710 MHz, 2619 MHz, 362.88 W, 700.00 W, 55, 45 %, 0x0000000000000000
2026/10/09 00:32:58.743, 1665 MHz, 2619 MHz, 363.58 W, 700.00 W, 51, 35 %, 0x0000000000000000
2026/10/09 00:32:59.243, 1710 MHz, 2619 MHz, 310.87 W, 700.00 W, 50, 21 %, 0x0000000000000004
2026/10/09 00:32:59.744, 1710 MHz, 2619 MHz, 293.23 W, 700.00 W, 49, 45 %, 0x0000000000000000
2026/10/09 00:33:00.244, 1710 MHz, 2619 MHz, 295.37 W, 700.00 W, 49, 23 %, 0x0000000000000000
2026/10/09 00:33:00.745, 1710 MHz, 2619 MHz, 309.34 W, 700.00 W, 53, 0 %, 0x0000000000000000
2026/10/09 00:33:01.245, 1710 MHz, 2619 MHz, 316.22 W, 700.00 W, 52, 48 %, 0x0000000000000000
2026/10/09 00:33:01.745, 1695 MHz, 2619 MHz, 328.69 W, 700.00 W, 53, 85 %, 0x0000000000000004
2026/10/09 00:33:02.246, 1710 MHz, 2619 MHz, 308.33 W, 700.00 W, 50, 11 %, 0x0000000000000000
2026/10/09 00:33:02.746, 1710 MHz, 2619 MHz, 281.80 W, 700.00 W, 49, 40 %, 0x0000000000000000
2026/10/09 00:33:03.247, 1710 MHz, 2619 MHz, 279.36 W, 700.00 W, 49, 21 %, 0x0000000000000000
2026/10/09 00:33:03.747, 1710 MHz, 2619 MHz, 276.32 W, 700.00 W, 53, 0 %, 0x0000000000000000
2026/10/09 00:33:04.248, 1710 MHz, 2619 MHz, 289.21 W, 700.00 W, 54, 42 %, 0x0000000000000000
2026/10/09 00:33:04.748, 1710 MHz, 2619 MHz, 295.35 W, 700.00 W, 51, 36 %, 0x0000000000000000
2026/10/09 00:33:05.249, 1710 MHz, 2619 MHz, 277.81 W, 700.00 W, 50, 23 %, 0x0000000000000000
2026/10/09 00:33:05.749, 1710 MHz, 2619 MHz, 315.24 W, 700.00 W, 53, 0 %, 0x0000000000000000
2026/10/09 00:33:06.250, 1710 MHz, 2619 MHz, 317.56 W, 700.00 W, 54, 36 %, 0x0000000000000000
2026/10/09 00:33:06.750, 1710 MHz, 2619 MHz, 289.51 W, 700.00 W, 52, 20 %, 0x0000000000000000
2026/10/09 00:33:07.251, 1710 MHz, 2619 MHz, 291.98 W, 700.00 W, 51, 42 %, 0x0000000000000000
2026/10/09 00:33:07.751, 1710 MHz, 2619 MHz, 281.37 W, 700.00 W, 50, 33 %, 0x0000000000000000
2026/10/09 00:33:08.252, 1710 MHz, 2619 MHz, 281.52 W, 700.00 W, 50, 5 %, 0x0000000000000000
2026/10/09 00:33:08.752, 1710 MHz, 2619 MHz, 279.08 W, 700.00 W, 49, 41 %, 0x0000000000000000
2026/10/09 00:33:09.253, 1710 MHz, 2619 MHz, 295.58 W, 700.00 W, 56, 0 %, 0x0000000000000000
2026/10/09 00:33:09.753, 1710 MHz, 2619 MHz, 308.57 W, 700.00 W, 52, 5 %, 0x0000000000000000
2026/10/09 00:33:10.253, 1710 MHz, 2619 MHz, 311.00 W, 700.00 W, 54, 38 %, 0x0000000000000000
2026/10/09 00:33:10.754, 1710 MHz, 2619 MHz, 290.42 W, 700.00 W, 51, 28 %, 0x0000000000000000
2026/10/09 00:33:11.254, 1710 MHz, 2619 MHz, 286.99 W, 700.00 W, 50, 31 %, 0x0000000000000000
2026/10/09 00:33:11.755, 1710 MHz, 2619 MHz, 282.01 W, 700.00 W, 49, 41 %, 0x0000000000000000
2026/10/09 00:33:12.255, 1710 MHz, 2619 MHz, 279.34 W, 700.00 W, 49, 4 %, 0x0000000000000000
2026/10/09 00:33:12.756, 1710 MHz, 2619 MHz, 277.22 W, 700.00 W, 50, 13 %, 0x0000000000000000
2026/10/09 00:33:13.256, 1710 MHz, 2619 MHz, 326.08 W, 700.00 W, 51, 22 %, 0x0000000000000000
2026/10/09 00:33:13.757, 1710 MHz, 2619 MHz, 328.52 W, 700.00 W, 50, 41 %, 0x0000000000000000
2026/10/09 00:33:14.257, 1710 MHz, 2619 MHz, 281.96 W, 700.00 W, 49, 0 %, 0x0000000000000000
2026/10/09 00:33:14.758, 1710 MHz, 2619 MHz, 284.63 W, 700.00 W, 49, 26 %, 0x0000000000000000
2026/10/09 00:33:15.258, 1710 MHz, 2619 MHz, 288.23 W, 700.00 W, 51, 36 %, 0x0000000000000000
2026/10/09 00:33:15.759, 1710 MHz, 2619 MHz, 297.08 W, 700.00 W, 54, 0 %, 0x0000000000000000
2026/10/09 00:33:16.259, 1710 MHz, 2619 MHz, 303.10 W, 700.00 W, 53, 41 %, 0x0000000000000000
2026/10/09 00:33:16.760, 1710 MHz, 2619 MHz, 279.30 W, 700.00 W, 49, 0 %, 0x0000000000000000
2026/10/09 00:33:17.260, 1710 MHz, 2619 MHz, 313.07 W, 700.00 W, 50, 23 %, 0x0000000000000000
2026/10/09 00:33:17.761, 1710 MHz, 2619 MHz, 325.18 W, 700.00 W, 49, 41 %, 0x0000000000000000
2026/10/09 00:33:18.261, 1710 MHz, 2619 MHz, 282.09 W, 700.00 W, 49, 10 %, 0x0000000000000000
2026/10/09 00:33:18.762, 1710 MHz, 2619 MHz, 286.69 W, 700.00 W, 51, 6 %, 0x0000000000000000
2026/10/09 00:33:19.262, 1710 MHz, 2619 MHz, 296.91 W, 700.00 W, 54, 41 %, 0x0000000000000000
2026/10/09 00:33:19.763, 1710 MHz, 2619 MHz, 301.50 W, 700.00 W, 51, 26 %, 0x0000000000000000
2026/10/09 00:33:20.263, 1710 MHz, 2619 MHz, 288.60 W, 700.00 W, 50, 32 %, 0x0000000000000000
2026/10/09 00:33:20.764, 1710 MHz, 2619 MHz, 310.96 W, 700.00 W, 52, 64 %, 0x0000000000000004
2026/10/09 00:33:21.264, 1710 MHz, 2619 MHz, 310.53 W, 700.00 W, 49, 0 %, 0x0000000000000000
2026/10/09 00:33:21.765, 1710 MHz, 2619 MHz, 281.44 W, 700.00 W, 49, 18 %, 0x0000000000000000
2026/10/09 00:33:22.265, 1710 MHz, 2619 MHz, 291.14 W, 700.00 W, 53, 41 %, 0x0000000000000000
2026/10/09 00:33:22.766, 1710 MHz, 2619 MHz, 301.21 W, 700.00 W, 53, 16 %, 0x0000000000000000
2026/10/09 00:33:23.266, 1710 MHz, 2619 MHz, 303.96 W, 700.00 W, 50, 41 %, 0x0000000000000000
2026/10/09 00:33:23.766, 1710 MHz, 2619 MHz, 285.17 W, 700.00 W, 50, 41 %, 0x0000000000000000
2026/10/09 00:33:24.267, 1710 MHz, 2619 MHz, 282.41 W, 700.00 W, 49, 0 %, 0x0000000000000000
2026/10/09 00:33:24.767, 1710 MHz, 2619 MHz, 309.68 W, 700.00 W, 50, 24 %, 0x0000000000000000
2026/10/09 00:33:25.268, 1710 MHz, 2619 MHz, 318.45 W, 700.00 W, 53, 41 %, 0x0000000000000000
2026/10/09 00:33:25.768, 1710 MHz, 2619 MHz, 295.71 W, 700.00 W, 52, 19 %, 0x0000000000000000
2026/10/09 00:33:26.269, 1710 MHz, 2619 MHz, 291.41 W, 700.00 W, 50, 35 %, 0x0000000000000000
2026/10/09 00:33:26.769, 1710 MHz, 2619 MHz, 284.74 W, 700.00 W, 49, 39 %, 0x0000000000000000
2026/10/09 00:33:27.270, 1710 MHz, 2619 MHz, 283.00 W, 700.00 W, 49, 25 %, 0x0000000000000000
2026/10/09 00:33:27.770, 1710 MHz, 2619 MHz, 294.82 W, 700.00 W, 53, 0 %, 0x0000000000000000
2026/10/09 00:33:28.270, 1710 MHz, 2619 MHz, 336.58 W, 700.00 W, 52, 73 %, 0x0000000000000004
2026/10/09 00:33:28.771, 1710 MHz, 2619 MHz, 332.48 W, 700.00 W, 49, 42 %, 0x0000000000000000
2026/10/09 00:33:29.271, 1710 MHz, 2619 MHz, 280.47 W, 700.00 W, 49, 22 %, 0x0000000000000000
2026/10/09 00:33:29.772, 1710 MHz, 2619 MHz, 288.62 W, 700.00 W, 53, 0 %, 0x0000000000000000
2026/10/09 00:33:30.272, 1710 MHz, 2619 MHz, 294.29 W, 700.00 W, 53, 41 %, 0x0000000000000000
2026/10/09 00:33:30.773, 1710 MHz, 2619 MHz, 288.10 W, 700.00 W, 50, 38 %, 0x0000000000000000
2026/10/09 00:33:31.273, 1710 MHz, 2619 MHz, 276.50 W, 700.00 W, 50, 21 %, 0x0000000000000000
2026/10/09 00:33:31.774, 1710 MHz, 2619 MHz, 274.33 W, 700.00 W, 49, 42 %, 0x0000000000000000
2026/10/09 00:33:32.274, 1710 MHz, 2619 MHz, 303.68 W, 700.00 W, 50, 0 %, 0x0000000000000000
2026/10/09 00:33:32.775, 1710 MHz, 2619 MHz, 306.88 W, 700.00 W, 49, 36 %, 0x0000000000000000
2026/10/09 00:33:33.275, 1710 MHz, 2619 MHz, 282.60 W, 700.00 W, 49, 17 %, 0x0000000000000000
2026/10/09 00:33:33.776, 1710 MHz, 2619 MHz, 285.01 W, 700.00 W, 49, 17 %, 0x0000000000000000
2026/10/09 00:33:34.276, 1710 MHz, 2619 MHz, 285.15 W, 700.00 W, 50, 36 %, 0x0000000000000000
2026/10/09 00:33:34.776, 1710 MHz, 2619 MHz, 287.69 W, 700.00 W, 52, 0 %, 0x0000000000000000
2026/10/09 00:33:35.277, 1710 MHz, 2619 MHz, 292.87 W, 700.00 W, 53, 43 %, 0x0000000000000000
2026/10/09 00:33:35.777, 1710 MHz, 2619 MHz, 293.68 W, 700.00 W, 54, 3 %, 0x0000000000000000
2026/10/09 00:33:36.278, 1710 MHz, 2619 MHz, 331.93 W, 700.00 W, 50, 0 %, 0x0000000000000000
2026/10/09 00:33:36.778, 1710 MHz, 2619 MHz, 319.89 W, 700.00 W, 49, 29 %, 0x0000000000000000
2026/10/09 00:33:37.279, 1710 MHz, 2619 MHz, 284.74 W, 700.00 W, 51, 36 %, 0x0000000000000000
2026/10/09 00:33:37.779, 1710 MHz, 2619 MHz, 295.64 W, 700.00 W, 54, 2 %, 0x0000000000000000
2026/10/09 00:33:38.280, 1710 MHz, 2619 MHz, 278.90 W, 700.00 W, 49, 16 %, 0x0000000000000000
2026/10/09 00:33:38.780, 1710 MHz, 2619 MHz, 289.89 W, 700.00 W, 53, 41 %, 0x0000000000000000
2026/10/09 00:33:39.281, 1710 MHz, 2619 MHz, 302.88 W, 700.00 W, 52, 16 %, 0x0000000000000000
2026/10/09 00:33:39.781, 1710 MHz, 2619 MHz, 334.47 W, 700.00 W, 52, 51 %, 0x0000000000000000
2026/10/09 00:33:40.282, 1710 MHz, 2619 MHz, 317.74 W, 700.00 W, 50, 40 %, 0x0000000000000000
2026/10/09 00:33:40.782, 1710 MHz, 2619 MHz, 274.87 W, 700.00 W, 49, 3 %, 0x0000000000000000
2026/10/09 00:33:41.283, 1710 MHz, 2619 MHz, 272.69 W, 700.00 W, 49, 40 %, 0x0000000000000000
2026/10/09 00:33:41.783, 1710 MHz, 2619 MHz, 276.20 W, 700.00 W, 49, 25 %, 0x0000000000000000
2026/10/09 00:33:42.284, 1710 MHz, 2619 MHz, 286.36 W, 700.00 W, 53, 0 %, 0x0000000000000000
2026/10/09 00:33:42.784, 1710 MHz, 2619 MHz, 294.70 W, 700.00 W, 52, 41 %, 0x0000000000000000
2026/10/09 00:33:43.285, 1710 MHz, 2619 MHz, 306.56 W, 700.00 W, 56, 38 %, 0x0000000000000000
2026/10/09 00:33:43.785, 1710 MHz, 2619 MHz, 308.20 W, 700.00 W, 49, 16 %, 0x0000000000000000
2026/10/09 00:33:44.286, 1710 MHz, 2619 MHz, 300.65 W, 700.00 W, 49, 17 %, 0x0000000000000000
2026/10/09 00:33:44.786, 1710 MHz, 2619 MHz, 299.06 W, 700.00 W, 50, 36 %, 0x0000000000000000
2026/10/09 00:33:45.287, 1710 MHz, 2619 MHz, 298.84 W, 700.00 W, 52, 0 %, 0x0000000000000000
2026/10/09 00:33:45.787, 1710 MHz, 2619 MHz, 306.58 W, 700.00 W, 53, 42 %, 0x0000000000000000
2026/10/09 00:33:46.288, 1710 MHz, 2619 MHz, 300.84 W, 700.00 W, 54, 5 %, 0x0000000000000000
2026/10/09 00:33:46.788, 1710 MHz, 2619 MHz, 290.33 W, 700.00 W, 53, 42 %, 0x0000000000000000
2026/10/09 00:33:47.289, 1695 MHz, 2619 MHz, 321.33 W, 700.00 W, 55, 98 %, 0x0000000000000000
2026/10/09 00:33:47.789, 1710 MHz, 2619 MHz, 311.54 W, 700.00 W, 50, 40 %, 0x0000000000000000
2026/10/09 00:33:48.290, 1710 MHz, 2619 MHz, 281.77 W, 700.00 W, 50, 41 %, 0x0000000000000000
2026/10/09 00:33:48.790, 1710 MHz, 2619 MHz, 281.62 W, 700.00 W, 49, 0 %, 0x0000000000000000
2026/10/09 00:33:49.291, 1710 MHz, 2619 MHz, 285.31 W, 700.00 W, 49, 27 %, 0x0000000000000000
2026/10/09 00:33:49.791, 1710 MHz, 2619 MHz, 295.08 W, 700.00 W, 51, 38 %, 0x0000000000000000
2026/10/09 00:33:50.292, 1710 MHz, 2619 MHz, 300.37 W, 700.00 W, 54, 6 %, 0x0000000000000000
2026/10/09 00:33:50.792, 1710 MHz, 2619 MHz, 288.93 W, 700.00 W, 51, 41 %, 0x0000000000000000
2026/10/09 00:33:51.293, 1710 MHz, 2619 MHz, 318.90 W, 700.00 W, 50, 23 %, 0x0000000000000000
2026/10/09 00:33:51.793, 1710 MHz, 2619 MHz, 325.11 W, 700.00 W, 53, 41 %, 0x0000000000000000
2026/10/09 00:33:52.294, 1710 MHz, 2619 MHz, 291.87 W, 700.00 W, 52, 21 %, 0x0000000000000000
2026/10/09 00:33:52.794, 1710 MHz, 2619 MHz, 273.03 W, 700.00 W, 50, 33 %, 0x0000000000000000
2026/10/09 00:33:53.295, 1710 MHz, 2619 MHz, 273.73 W, 700.00 W, 49, 36 %, 0x0000000000000000
2026/10/09 00:33:53.795, 1710 MHz, 2619 MHz, 276.34 W, 700.00 W, 49, 13 %, 0x0000000000000000
2026/10/09 00:33:54.296, 1710 MHz, 2619 MHz, 290.80 W, 700.00 W, 53, 0 %, 0x0000000000000000
2026/10/09 00:33:54.796, 1695 MHz, 2619 MHz, 327.44 W, 700.00 W, 57, 4 %, 0x0000000000000004
2026/10/09 00:33:55.297, 1710 MHz, 2619 MHz, 318.17 W, 700.00 W, 51, 33 %, 0x0000000000000000
2026/10/09 00:33:55.797, 1710 MHz, 2619 MHz, 281.57 W, 700.00 W, 50, 23 %, 0x0000000000000000
2026/10/09 00:33:56.297, 1710 MHz, 2619 MHz, 274.63 W, 700.00 W, 49, 41 %, 0x0000000000000000
2026/10/09 00:33:56.798, 1710 MHz, 2619 MHz, 277.95 W, 700.00 W, 49, 13 %, 0x0000000000000000
2026/10/09 00:33:57.298, 1710 MHz, 2619 MHz, 289.55 W, 700.00 W, 51, 3 %, 0x0000000000000000
2026/10/09 00:33:57.799, 1710 MHz, 2619 MHz, 294.27 W, 700.00 W, 54, 38 %, 0x0000000000000000
2026/10/09 00:33:58.299, 1710 MHz, 2619 MHz, 288.00 W, 700.00 W, 51, 31 %, 0x0000000000000000
2026/10/09 00:33:58.800, 1710 MHz, 2619 MHz, 307.62 W, 700.00 W, 51, 25 %, 0x0000000000000000
2026/10/09 00:33:59.300, 1710 MHz, 2619 MHz, 307.57 W, 700.00 W, 49, 41 %, 0x0000000000000000
2026/10/09 00:33:59.801, 1710 MHz, 2619 MHz, 271.71 W, 700.00 W, 49, 7 %, 0x0000000000000000
2026/10/09 00:34:00.301, 1710 MHz, 2619 MHz, 282.03 W, 700.00 W, 50, 7 %, 0x0000000000000000
2026/10/09 00:34:00.802, 1710 MHz, 2619 MHz, 298.64 W, 700.00 W, 53, 35 %, 0x0000000000000000
2026/10/09 00:34:01.302, 1710 MHz, 2619 MHz, 292.87 W, 700.00 W, 51, 25 %, 0x0000000000000000
2026/10/09 00:34:01.802, 1710 MHz, 2619 MHz, 285.88 W, 700.00 W, 50, 33 %, 0x0000000000000000
2026/10/09 00:34:02.303, 1710 MHz, 2619 MHz, 280.49 W, 700.00 W, 53, 9 %, 0x0000000000000000
2026/10/09 00:34:02.803, 1710 MHz, 2619 MHz, 307.91 W, 700.00 W, 49, 0 %, 0x0000000000000000
2026/10/09 00:34:03.304, 1710 MHz, 2619 MHz, 310.45 W, 700.00 W, 49, 28 %, 0x0000000000000000
2026/10/09 00:34:03.805, 1710 MHz, 2619 MHz, 290.90 W, 700.00 W, 50, 34 %, 0x0000000000000000
2026/10/09 00:34:04.305, 1710 MHz, 2619 MHz, 296.42 W, 700.00 W, 53, 0 %, 0x0000000000000000
2026/10/09 00:34:04.805, 1710 MHz, 2619 MHz, 301.54 W, 700.00 W, 53, 38 %, 0x0000000000000000
2026/10/09 00:34:05.306, 1710 MHz, 2619 MHz, 280.79 W, 700.00 W, 50, 33 %, 0x0000000000000000
2026/10/09 00:34:05.806, 1710 MHz, 2619 MHz, 278.33 W, 700.00 W, 50, 29 %, 0x0000000000000000
2026/10/09 00:34:06.307, 1710 MHz, 2619 MHz, 325.93 W, 700.00 W, 53, 2 %, 0x0000000000000000
2026/10/09 00:34:06.807, 1710 MHz, 2619 MHz, 324.54 W, 700.00 W, 54, 41 %, 0x0000000000000000
2026/10/09 00:34:07.308, 1710 MHz, 2619 MHz, 275.57 W, 700.00 W, 51, 31 %, 0x0000000000000000
2026/10/09 00:34:07.808, 1710 MHz, 2619 MHz, 271.22 W, 700.00 W, 50, 28 %, 0x0000000000000000
2026/10/09 00:34:08.309, 1710 MHz, 2619 MHz, 276.76 W, 700.00 W, 49, 43 %, 0x0000000000000000
2026/10/09 00:34:08.809, 1710 MHz, 2619 MHz, 276.12 W, 700.00 W, 49, 5 %, 0x0000000000000000
2026/10/09 00:34:09.310, 1710 MHz, 2619 MHz, 289.83 W, 700.00 W, 50, 10 %, 0x0000000000000000
2026/10/09 00:34:09.810, 1710 MHz, 2619 MHz, 272.34 W, 700.00 W, 48, 41 %, 0x0000000000000000
2026/10/09 00:34:10.311, 1710 MHz, 2619 MHz, 325.77 W, 700.00 W, 54, 21 %, 0x0000000000000000
2026/10/09 00:34:10.811, 1710 MHz, 2619 MHz, 329.41 W, 700.00 W, 51, 42 %, 0x0000000000000000
2026/10/09 00:34:11.312, 1710 MHz, 2619 MHz, 271.45 W, 700.00 W, 50, 41 %, 0x0000000000000000
2026/10/09 00:34:11.812, 1710 MHz, 2619 MHz, 271.28 W, 700.00 W, 49, 12 %, 0x0000000000000000
2026/10/09 00:34:12.312, 1710 MHz, 2619 MHz, 271.43 W, 700.00 W, 49, 43 %, 0x0000000000000000
2026/10/09 00:34:12.813, 1710 MHz, 2619 MHz, 266.95 W, 700.00 W, 49, 8 %, 0x0000000000000000
2026/10/09 00:34:13.314, 1710 MHz, 2619 MHz, 279.68 W, 700.00 W, 48, 15 %, 0x0000000000000000
2026/10/09 00:34:13.814, 1710 MHz, 2619 MHz, 330.62 W, 700.00 W, 52, 43 %, 0x0000000000000004
2026/10/09 00:34:14.314, 1710 MHz, 2619 MHz, 321.26 W, 700.00 W, 50, 37 %, 0x0000000000000000
2026/10/09 00:34:14.815, 1710 MHz, 2619 MHz, 278.65 W, 700.00 W, 49, 0 %, 0x0000000000000000
2026/10/09 00:34:15.315, 1710 MHz, 2619 MHz, 283.80 W, 700.00 W, 48, 18 %, 0x0000000000000000
2026/10/09 00:34:15.816, 1710 MHz, 2619 MHz, 289.07 W, 700.00 W, 53, 42 %, 0x0000000000000000
2026/10/09 00:34:16.316, 1710 MHz, 2619 MHz, 286.04 W, 700.00 W, 53, 15 %, 0x0000000000000000
2026/10/09 00:34:16.817, 1710 MHz, 2619 MHz, 288.11 W, 700.00 W, 50, 41 %, 0x0000000000000000
2026/10/09 00:34:17.317, 1710 MHz, 2619 MHz, 276.95 W, 700.00 W, 49, 37 %, 0x0000000000000000
2026/10/09 00:34:17.817, 1710 MHz, 2619 MHz, 312.17 W, 700.00 W, 49, 28 %, 0x0000000000000000
2026/10/09 00:34:18.318, 1710 MHz, 2619 MHz, 344.70 W, 700.00 W, 52, 0 %, 0x0000000000000000
2026/10/09 00:34:18.818, 1680 MHz, 2619 MHz, 321.98 W, 700.00 W, 53, 44 %, 0x0000000000000000
2026/10/09 00:34:19.319, 1710 MHz, 2619 MHz, 314.62 W, 700.00 W, 50, 36 %, 0x0000000000000000
2026/10/09 00:34:19.819, 1710 MHz, 2619 MHz, 309.66 W, 700.00 W, 50, 28 %, 0x0000000000000000
2026/10/09 00:34:20.320, 1710 MHz, 2619 MHz, 309.08 W, 700.00 W, 49, 45 %, 0x0000000000000004
2026/10/09 00:34:20.820, 1710 MHz, 2619 MHz, 300.14 W, 700.00 W, 49, 6 %, 0x0000000000000000
2026/10/09 00:34:21.321, 1605 MHz, 2619 MHz, 361.69 W, 700.00 W, 56, 97 %, 0x0000000000000004
2026/10/09 00:34:21.821, 1710 MHz, 2619 MHz, 367.58 W, 700.00 W, 51, 44 %, 0x0000000000000000
2026/10/09 00:34:22.322, 1710 MHz, 2619 MHz, 312.19 W, 700.00 W, 49, 44 %, 0x0000000000000000
2026/10/09 00:34:22.822, 1710 MHz, 2619 MHz, 321.28 W, 700.00 W, 49, 22 %, 0x0000000000000000
2026/10/09 00:34:23.323, 1695 MHz, 2619 MHz, 333.85 W, 700.00 W, 54, 10 %, 0x0000000000000000
2026/10/09 00:34:23.823, 1710 MHz, 2619 MHz, 325.98 W, 700.00 W, 50, 41 %, 0x0000000000000000
2026/10/09 00:34:24.324, 1710 MHz, 2619 MHz, 306.80 W, 700.00 W, 49, 44 %, 0x0000000000000000
2026/10/09 00:34:24.824, 1710 MHz, 2619 MHz, 312.01 W, 700.00 W, 48, 32 %, 0x0000000000000000
2026/10/09 00:34:25.325, 1710 MHz, 2619 MHz, 365.33 W, 700.00 W, 52, 26 %, 0x0000000000000000
2026/10/09 00:34:25.825, 1710 MHz, 2619 MHz, 366.48 W, 700.00 W, 50, 31 %, 0x0000000000000000
2026/10/09 00:34:26.326, 1710 MHz, 2619 MHz, 300.74 W, 700.00 W, 49, 44 %, 0x0000000000000000
2026/10/09 00:34:26.826, 1710 MHz, 2619 MHz, 310.07 W, 700.00 W, 50, 29 %, 0x0000000000000000
2026/10/09 00:34:27.327, 1665 MHz, 2619 MHz, 324.56 W, 700.00 W, 53, 9 %, 0x0000000000000000
2026/10/09 00:34:27.827, 1710 MHz, 2619 MHz, 322.69 W, 700.00 W, 50, 44 %, 0x0000000000000000
2026/10/09 00:34:28.328, 1710 MHz, 2619 MHz, 304.67 W, 700.00 W, 49, 40 %, 0x0000000000000004
2026/10/09 00:34:28.828, 1710 MHz, 2619 MHz, 355.85 W, 700.00 W, 53, 86 %, 0x0000000000000000
2026/10/09 00:34:29.329, 1635 MHz, 2619 MHz, 366.77 W, 700.00 W, 53, 17 %, 0x0000000000000000
2026/10/09 00:34:29.829, 1710 MHz, 2619 MHz, 322.81 W, 700.00 W, 50, 37 %, 0x0000000000000000
2026/10/09 00:34:30.329, 1710 MHz, 2619 MHz, 305.99 W, 700.00 W, 49, 44 %, 0x0000000000000000
2026/10/09 00:34:30.830, 1710 MHz, 2619 MHz, 316.34 W, 700.00 W, 49, 21 %, 0x0000000000000000
2026/10/09 00:34:31.330, 1665 MHz, 2619 MHz, 330.83 W, 700.00 W, 53, 4 %, 0x0000000000000000
2026/10/09 00:34:31.831, 1710 MHz, 2619 MHz, 325.68 W, 700.00 W, 51, 45 %, 0x0000000000000000
2026/10/09 00:34:32.331, 1635 MHz, 2619 MHz, 329.86 W, 700.00 W, 54, 41 %, 0x0000000000000000
2026/10/09 00:34:32.832, 1710 MHz, 2619 MHz, 338.91 W, 700.00 W, 50, 35 %, 0x0000000000000000
2026/10/09 00:34:33.332, 1710 MHz, 2619 MHz, 331.57 W, 700.00 W, 53, 5 %, 0x0000000000000000
2026/10/09 00:34:33.833, 1710 MHz, 2619 MHz, 320.61 W, 700.00 W, 50, 44 %, 0x0000000000000000
2026/10/09 00:34:34.333, 1710 MHz, 2619 MHz, 299.45 W, 700.00 W, 49, 40 %, 0x0000000000000004
2026/10/09 00:34:34.834, 1710 MHz, 2619 MHz, 298.33 W, 700.00 W, 49, 0 %, 0x0000000000000000
2026/10/09 00:34:35.334, 1710 MHz, 2619 MHz, 308.93 W, 700.00 W, 50, 14 %, 0x0000000000000000
2026/10/09 00:34:35.835, 1695 MHz, 2619 MHz, 321.23 W, 700.00 W, 53, 44 %, 0x0000000000000000
2026/10/09 00:34:36.335, 1710 MHz, 2619 MHz, 362.68 W, 700.00 W, 51, 40 %, 0x0000000000000000
2026/10/09 00:34:36.835, 1710 MHz, 2619 MHz, 351.65 W, 700.00 W, 50, 10 %, 0x0000000000000004
2026/10/09 00:34:37.336, 1710 MHz, 2619 MHz, 305.93 W, 700.00 W, 49, 33 %, 0x0000000000000000
2026/10/09 00:34:37.836, 1710 MHz, 2619 MHz, 317.26 W, 700.00 W, 52, 41 %, 0x0000000000000000
2026/10/09 00:34:38.337, 1665 MHz, 2619 MHz, 321.78 W, 700.00 W, 53, 17 %, 0x0000000000000000
2026/10/09 00:34:38.837, 1710 MHz, 2619 MHz, 305.20 W, 700.00 W, 50, 41 %, 0x0000000000000000
2026/10/09 00:34:39.338, 1710 MHz, 2619 MHz, 288.80 W, 700.00 W, 49, 44 %, 0x0000000000000000
2026/10/09 00:34:39.838, 1665 MHz, 2619 MHz, 344.25 W, 700.00 W, 56, 0 %, 0x0000000000000004
2026/10/09 00:34:40.339, 1710 MHz, 2619 MHz, 347.03 W, 700.00 W, 52, 23 %, 0x0000000000000000
2026/10/09 00:34:40.839, 1710 MHz, 2619 MHz, 299.51 W, 700.00 W, 50, 37 %, 0x0000000000000000
2026/10/09 00:34:41.340, 1710 MHz, 2619 MHz, 295.41 W, 700.00 W, 49, 41 %, 0x0000000000000004
2026/10/09 00:34:41.840, 1710 MHz, 2619 MHz, 292.36 W, 700.00 W, 49, 10 %, 0x0000000000000000
2026/10/09 00:34:42.341, 1710 MHz, 2619 MHz, 309.87 W, 700.00 W, 51, 3 %, 0x0000000000000000
2026/10/09 00:34:42.841, 1710 MHz, 2619 MHz, 318.18 W, 700.00 W, 53, 44 %, 0x0000000000000000
2026/10/09 00:34:43.342, 1710 MHz, 2619 MHz, 302.34 W, 700.00 W, 50, 42 %, 0x0000000000000000
2026/10/09 00:34:43.842, 1710 MHz, 2619 MHz, 334.78 W, 700.00 W, 49, 24 %, 0x0000000000000000
2026/10/09 00:34:44.342, 1710 MHz, 2619 MHz, 348.19 W, 700.00 W, 53, 0 %, 0x0000000000000000
2026/10/09 00:34:44.843, 1665 MHz, 2619 MHz, 310.75 W, 700.00 W, 53, 46 %, 0x0000000000000000
2026/10/09 00:34:45.343, 1710 MHz, 2619 MHz, 307.76 W, 700.00 W, 50, 40 %, 0x0000000000000000
2026/10/09 00:34:45.844, 1710 MHz, 2619 MHz, 300.06 W, 700.00 W, 50, 18 %, 0x0000000000000000
2026/10/09 00:34:46.345, 1710 MHz, 2619 MHz, 294.35 W, 700.00 W, 49, 42 %, 0x0000000000000000
2026/10/09 00:34:46.845, 1710 MHz, 2619 MHz, 296.89 W, 700.00 W, 49, 14 %, 0x0000000000000000
2026/10/09 00:34:47.346, 1665 MHz, 2619 MHz, 341.72 W, 700.00 W, 54, 92 %, 0x0000000000000004
2026/10/09 00:34:47.846, 1710 MHz, 2619 MHz, 346.31 W, 700.00 W, 50, 39 %, 0x0000000000000000
2026/10/09 00:34:48.346, 1710 MHz, 2619 MHz, 302.64 W, 700.00 W, 50, 40 %, 0x0000000000000004
2026/10/09 00:34:48.847, 1710 MHz, 2619 MHz, 291.41 W, 700.00 W, 49, 0 %, 0x0000000000000000
2026/10/09 00:34:49.347, 1710 MHz, 2619 MHz, 303.86 W, 700.00 W, 49, 19 %, 0x0000000000000000
2026/10/09 00:34:49.848, 1710 MHz, 2619 MHz, 318.47 W, 700.00 W, 52, 43 %, 0x0000000000000000
2026/10/09 00:34:50.348, 1650 MHz, 2619 MHz, 314.61 W, 700.00 W, 52, 22 %, 0x0000000000000000
2026/10/09 00:34:50.849, 1710 MHz, 2619 MHz, 309.61 W, 700.00 W, 50, 40 %, 0x0000000000000000
2026/10/09 00:34:51.349, 1710 MHz, 2619 MHz, 337.51 W, 700.00 W, 51, 10 %, 0x0000000000000000
2026/10/09 00:34:51.850, 1710 MHz, 2619 MHz, 349.96 W, 700.00 W, 53, 44 %, 0x0000000000000000
2026/10/09 00:34:52.350, 1710 MHz, 2619 MHz, 311.50 W, 700.00 W, 51, 32 %, 0x0000000000000000
2026/10/09 00:34:52.851, 1710 MHz, 2619 MHz, 297.70 W, 700.00 W, 50, 23 %, 0x0000000000000000
2026/10/09 00:34:53.351, 1710 MHz, 2619 MHz, 293.58 W, 700.00 W, 49, 40 %, 0x0000000000000000
2026/10/09 00:34:53.852, 1710 MHz, 2619 MHz, 303.19 W, 700.00 W, 49, 15 %, 0x0000000000000000
2026/10/09 00:34:54.352, 1710 MHz, 2619 MHz, 313.61 W, 700.00 W, 52, 1 %, 0x0000000000000000
2026/10/09 00:34:54.852, 1710 MHz, 2619 MHz, 346.24 W, 700.00 W, 52, 63 %, 0x0000000000000000
2026/10/09 00:34:55.353, 1710 MHz, 2619 MHz, 343.44 W, 700.00 W, 50, 48 %, 0x0000000000000000
2026/10/09 00:34:55.854, 1710 MHz, 2619 MHz, 295.39 W, 700.00 W, 49, 8 %, 0x0000000000000000
2026/10/09 00:34:56.355, 1710 MHz, 2619 MHz, 297.79 W, 700.00 W, 49, 48 %, 0x0000000000000000
2026/10/09 00:34:56.855, 1710 MHz, 2619 MHz, 304.34 W, 700.00 W, 48, 20 %, 0x0000000000000000
2026/10/09 00:34:57.356, 1710 MHz, 2619 MHz, 314.27 W, 700.00 W, 50, 9 %, 0x0000000000000000
2026/10/09 00:34:57.856, 1710 MHz, 2619 MHz, 318.51 W, 700.00 W, 52, 48 %, 0x0000000000000000
2026/10/09 00:34:58.357, 1710 MHz, 2619 MHz, 317.79 W, 700.00 W, 52, 21 %, 0x0000000000000000
2026/10/09 00:34:58.857, 1710 MHz, 2619 MHz, 348.64 W, 700.00 W, 50, 8 %, 0x0000000000000000
2026/10/09 00:34:59.358, 1710 MHz, 2619 MHz, 336.28 W, 700.00 W, 49, 48 %, 0x0000000000000000
2026/10/09 00:34:59.858, 1710 MHz, 2619 MHz, 296.77 W, 700.00 W, 49, 14 %, 0x0000000000000000
2026/10/09 00:35:00.359, 1710 MHz, 2619 MHz, 299.27 W, 700.00 W, 49, 17 %, 0x0000000000000000
2026/10/09 00:35:00.859, 1710 MHz, 2619 MHz, 302.73 W, 700.00 W, 51, 49 %, 0x0000000000000000
2026/10/09 00:35:01.360, 1710 MHz, 2619 MHz, 307.09 W, 700.00 W, 52, 12 %, 0x0000000000000000
2026/10/09 00:35:01.860, 1710 MHz, 2619 MHz, 298.75 W, 700.00 W, 50, 48 %, 0x0000000000000000
2026/10/09 00:35:02.361, 1710 MHz, 2619 MHz, 314.27 W, 700.00 W, 53, 39 %, 0x0000000000000000
2026/10/09 00:35:02.862, 1710 MHz, 2619 MHz, 328.19 W, 700.00 W, 49, 0 %, 0x0000000000000000
2026/10/09 00:35:03.362, 1710 MHz, 2619 MHz, 316.36 W, 700.00 W, 49, 39 %, 0x0000000000000000
2026/10/09 00:35:03.863, 1710 MHz, 2619 MHz, 296.44 W, 700.00 W, 48, 25 %, 0x0000000000000000
2026/10/09 00:35:04.363, 1710 MHz, 2619 MHz, 308.73 W, 700.00 W, 50, 8 %, 0x0000000000000000
2026/10/09 00:35:04.864, 1710 MHz, 2619 MHz, 318.23 W, 700.00 W, 51, 48 %, 0x0000000000000000
2026/10/09 00:35:05.364, 1710 MHz, 2619 MHz, 313.86 W, 700.00 W, 52, 14 %, 0x0000000000000000
2026/10/09 00:35:05.864, 1710 MHz, 2619 MHz, 301.24 W, 700.00 W, 50, 49 %, 0x0000000000000000
2026/10/09 00:35:06.365, 1710 MHz, 2619 MHz, 333.92 W, 700.00 W, 51, 64 %, 0x0000000000000000
2026/10/09 00:35:06.866, 1710 MHz, 2619 MHz, 335.80 W, 700.00 W, 49, 0 %, 0x0000000000000000
2026/10/09 00:35:07.366, 1710 MHz, 2619 MHz, 300.28 W, 700.00 W, 49, 35 %, 0x0000000000000000
2026/10/09 00:35:07.867, 1710 MHz, 2619 MHz, 305.40 W, 700.00 W, 48, 28 %, 0x0000000000000000
2026/10/09 00:35:08.367, 1710 MHz, 2619 MHz, 305.56 W, 700.00 W, 51, 6 %, 0x0000000000000000
2026/10/09 00:35:08.868, 1710 MHz, 2619 MHz, 310.26 W, 700.00 W, 52, 50 %, 0x0000000000000000
2026/10/09 00:35:09.368, 1710 MHz, 2619 MHz, 313.77 W, 700.00 W, 52, 15 %, 0x0000000000000000
2026/10/09 00:35:09.868, 1710 MHz, 2619 MHz, 301.13 W, 700.00 W, 51, 51 %, 0x0000000000000000
2026/10/09 00:35:10.369, 1710 MHz, 2619 MHz, 339.57 W, 700.00 W, 50, 44 %, 0x0000000000000004
2026/10/09 00:35:10.869, 1710 MHz, 2619 MHz, 350.53 W, 700.00 W, 49, 1 %, 0x0000000000000000
2026/10/09 00:35:11.370, 1710 MHz, 2619 MHz, 317.23 W, 700.00 W, 49, 21 %, 0x0000000000000000
2026/10/09 00:35:11.870, 1710 MHz, 2619 MHz, 314.05 W, 700.00 W, 52, 47 %, 0x0000000000000000
2026/10/09 00:35:12.371, 1680 MHz, 2619 MHz, 312.82 W, 700.00 W, 53, 17 %, 0x0000000000000000
2026/10/09 00:35:12.871, 1710 MHz, 2619 MHz, 317.56 W, 700.00 W, 50, 47 %, 0x0000000000000000
2026/10/09 00:35:13.372, 1710 MHz, 2619 MHz, 313.16 W, 700.00 W, 50, 43 %, 0x0000000000000000
2026/10/09 00:35:13.872, 1665 MHz, 2619 MHz, 345.20 W, 700.00 W, 55, 0 %, 0x0000000000000000
2026/10/09 00:35:14.373, 1710 MHz, 2619 MHz, 362.17 W, 700.00 W, 51, 9 %, 0x0000000000000000
2026/10/09 00:35:14.873, 1710 MHz, 2619 MHz, 341.52 W, 700.00 W, 53, 47 %, 0x0000000000000000
2026/10/09 00:35:15.373, 1680 MHz, 2619 MHz, 312.52 W, 700.00 W, 51, 39 %, 0x0000000000000000
2026/10/09 00:35:15.874, 1710 MHz, 2619 MHz, 305.51 W, 700.00 W, 50, 37 %, 0x0000000000000000
2026/10/09 00:35:16.375, 1710 MHz, 2619 MHz, 308.05 W, 700.00 W, 49, 44 %, 0x0000000000000004
2026/10/09 00:35:16.875, 1710 MHz, 2619 MHz, 303.24 W, 700.00 W, 49, 0 %, 0x0000000000000000
2026/10/09 00:35:17.376, 1710 MHz, 2619 MHz, 311.82 W, 700.00 W, 49, 24 %, 0x0000000000000000
2026/10/09 00:35:17.876, 1710 MHz, 2619 MHz, 360.96 W, 700.00 W, 54, 71 %, 0x0000000000000000
2026/10/09 00:35:18.376, 1710 MHz, 2619 MHz, 361.35 W, 700.00 W, 51, 32 %, 0x0000000000000000
2026/10/09 00:35:18.877, 1710 MHz, 2619 MHz, 300.14 W, 700.00 W, 50, 37 %, 0x0000000000000000
2026/10/09 00:35:19.378, 1710 MHz, 2619 MHz, 295.78 W, 700.00 W, 50, 47 %, 0x0000000000000000
2026/10/09 00:35:19.878, 1710 MHz, 2619 MHz, 299.11 W, 700.00 W, 49, 0 %, 0x0000000000000000
2026/10/09 00:35:20.379, 1710 MHz, 2619 MHz, 289.07 W, 700.00 W, 49, 38 %, 0x0000000000000000
2026/10/09 00:35:20.879, 1710 MHz, 2619 MHz, 306.67 W, 700.00 W, 49, 30 %, 0x0000000000000000
2026/10/09 00:35:21.379, 1710 MHz, 2619 MHz, 309.40 W, 700.00 W, 52, 0 %, 0x0000000000000000
2026/10/09 00:35:21.880, 1710 MHz, 2619 MHz, 352.40 W, 700.00 W, 51, 41 %, 0x0000000000000000
2026/10/09 00:35:22.381, 1710 MHz, 2619 MHz, 355.25 W, 700.00 W, 50, 43 %, 0x0000000000000004
2026/10/09 00:35:22.881, 1710 MHz, 2619 MHz, 304.35 W, 700.00 W, 49, 1 %, 0x0000000000000000
2026/10/09 00:35:23.382, 1710 MHz, 2619 MHz, 313.03 W, 700.00 W, 49, 19 %, 0x0000000000000000
2026/10/09 00:35:23.882, 1710 MHz, 2619 MHz, 313.15 W, 700.00 W, 52, 45 %, 0x0000000000000000
2026/10/09 00:35:24.382, 1665 MHz, 2619 MHz, 319.88 W, 700.00 W, 52, 23 %, 0x0000000000000000
2026/10/09 00:35:24.883, 1710 MHz, 2619 MHz, 310.80 W, 700.00 W, 50, 42 %, 0x0000000000000000
2026/10/09 00:35:25.384, 1710 MHz, 2619 MHz, 328.18 W, 700.00 W, 51, 45 %, 0x0000000000000000
2026/10/09 00:35:25.884, 1710 MHz, 2619 MHz, 348.77 W, 700.00 W, 49, 20 %, 0x0000000000000000
2026/10/09 00:35:26.385, 1710 MHz, 2619 MHz, 328.11 W, 700.00 W, 51, 7 %, 0x0000000000000000
2026/10/09 00:35:26.885, 1710 MHz, 2619 MHz, 328.97 W, 700.00 W, 53, 46 %, 0x0000000000000000
2026/10/09 00:35:27.386, 1695 MHz, 2619 MHz, 319.21 W, 700.00 W, 52, 25 %, 0x0000000000000000
2026/10/09 00:35:27.886, 1710 MHz, 2619 MHz, 311.65 W, 700.00 W, 50, 43 %, 0x0000000000000000
2026/10/09 00:35:28.387, 1710 MHz, 2619 MHz, 300.14 W, 700.00 W, 50, 47 %, 0x0000000000000000
2026/10/09 00:35:28.887, 1710 MHz, 2619 MHz, 300.37 W, 700.00 W, 49, 1 %, 0x0000000000000000
2026/10/09 00:35:29.388, 1710 MHz, 2619 MHz, 364.38 W, 700.00 W, 52, 0 %, 0x0000000000000000
2026/10/09 00:35:29.888, 1710 MHz, 2619 MHz, 380.44 W, 700.00 W, 53, 47 %, 0x0000000000000000
2026/10/09 00:35:30.389, 1680 MHz, 2619 MHz, 325.24 W, 700.00 W, 53, 19 %, 0x0000000000000000
2026/10/09 00:35:30.889, 1710 MHz, 2619 MHz, 323.89 W, 700.00 W, 51, 48 %, 0x0000000000000000
2026/10/09 00:35:31.390, 1710 MHz, 2619 MHz, 308.81 W, 700.00 W, 50, 43 %, 0x0000000000000000
2026/10/09 00:35:31.890, 1710 MHz, 2619 MHz, 304.17 W, 700.00 W, 50, 19 %, 0x0000000000000000
2026/10/09 00:35:32.391, 1710 MHz, 2619 MHz, 303.95 W, 700.00 W, 49, 47 %, 0x0000000000000000
2026/10/09 00:35:32.891, 1665 MHz, 2619 MHz, 355.88 W, 700.00 W, 55, 0 %, 0x0000000000000004
2026/10/09 00:35:33.391, 1710 MHz, 2619 MHz, 363.96 W, 700.00 W, 53, 0 %, 0x0000000000000000
2026/10/09 00:35:33.892, 1710 MHz, 2619 MHz, 324.45 W, 700.00 W, 53, 46 %, 0x0000000000000000
2026/10/09 00:35:34.392, 1710 MHz, 2619 MHz, 318.28 W, 700.00 W, 51, 35 %, 0x0000000000000000
2026/10/09 00:35:34.893, 1710 MHz, 2619 MHz, 311.40 W, 700.00 W, 50, 33 %, 0x0000000000000000
2026/10/09 00:35:35.393, 1710 MHz, 2619 MHz, 310.56 W, 700.00 W, 50, 43 %, 0x0000000000000004
2026/10/09 00:35:35.894, 1710 MHz, 2619 MHz, 310.06 W, 700.00 W, 49, 1 %, 0x0000000000000000
2026/10/09 00:35:36.394, 1710 MHz, 2619 MHz, 319.08 W, 700.00 W, 49, 25 %, 0x0000000000000000
2026/10/09 00:35:36.895, 1665 MHz, 2619 MHz, 370.68 W, 700.00 W, 53, 61 %, 0x0000000000000000
2026/10/09 00:35:37.395, 1710 MHz, 2619 MHz, 362.42 W, 700.00 W, 50, 46 %, 0x0000000000000000
2026/10/09 00:35:37.896, 1710 MHz, 2619 MHz, 299.72 W, 700.00 W, 50, 14 %, 0x0000000000000004
2026/10/09 00:35:38.396, 1710 MHz, 2619 MHz, 301.69 W, 700.00 W, 49, 47 %, 0x0000000000000000
2026/10/09 00:35:38.897, 1710 MHz, 2619 MHz, 311.19 W, 700.00 W, 49, 27 %, 0x0000000000000000
2026/10/09 00:35:39.397, 1710 MHz, 2619 MHz, 324.11 W, 700.00 W, 52, 0 %, 0x0000000000000000
2026/10/09 00:35:39.898, 1680 MHz, 2619 MHz, 321.65 W, 700.00 W, 52, 45 %, 0x0000000000000000
2026/10/09 00:35:40.398, 1635 MHz, 2619 MHz, 368.47 W, 700.00 W, 55, 38 %, 0x0000000000000004
2026/10/09 00:35:40.899, 1710 MHz, 2619 MHz, 364.84 W, 700.00 W, 51, 39 %, 0x0000000000000000
2026/10/09 00:35:41.400, 1710 MHz, 2619 MHz, 304.93 W, 700.00 W, 50, 28 %, 0x0000000000000000
2026/10/09 00:35:41.900, 1710 MHz, 2619 MHz, 304.55 W, 700.00 W, 50, 48 %, 0x0000000000000004
2026/10/09 00:35:42.400, 1710 MHz, 2619 MHz, 298.10 W, 700.00 W, 49, 6 %, 0x0000000000000000
2026/10/09 00:35:42.901, 1710 MHz, 2619 MHz, 308.79 W, 700.00 W, 49, 21 %, 0x0000000000000000
2026/10/09 00:35:43.402, 1710 MHz, 2619 MHz, 324.31 W, 700.00 W, 52, 38 %, 0x0000000000000000
2026/10/09 00:35:43.902, 1710 MHz, 2619 MHz, 321.80 W, 700.00 W, 53, 7 %, 0x0000000000000000
2026/10/09 00:35:44.403, 1710 MHz, 2619 MHz, 358.86 W, 700.00 W, 51, 18 %, 0x0000000000000000
2026/10/09 00:35:44.903, 1710 MHz, 2619 MHz, 344.56 W, 700.00 W, 50, 47 %, 0x0000000000000000
2026/10/09 00:35:45.403, 1710 MHz, 2619 MHz, 305.39 W, 700.00 W, 49, 4 %, 0x0000000000000000
2026/10/09 00:35:45.904, 1710 MHz, 2619 MHz, 312.95 W, 700.00 W, 49, 26 %, 0x0000000000000000
2026/10/09 00:35:46.405, 1710 MHz, 2619 MHz, 320.41 W, 700.00 W, 51, 43 %, 0x0000000000000000
2026/10/09 00:35:46.905, 1710 MHz, 2619 MHz, 325.33 W, 700.00 W, 53, 2 %, 0x0000000000000000
2026/10/09 00:35:47.406, 1695 MHz, 2619 MHz, 317.77 W, 700.00 W, 52, 43 %, 0x0000000000000000
2026/10/09 00:35:47.906, 1650 MHz, 2619 MHz, 325.65 W, 700.00 W, 54, 31 %, 0x0000000000000000
2026/10/09 00:35:48.407, 1710 MHz, 2619 MHz, 340.21 W, 700.00 W, 50, 0 %, 0x0000000000000004
2026/10/09 00:35:48.908, 1710 MHz, 2619 MHz, 327.74 W, 700.00 W, 49, 41 %, 0x0000000000000000
2026/10/09 00:35:49.408, 1710 MHz, 2619 MHz, 306.25 W, 700.00 W, 49, 26 %, 0x0000000000000000
2026/10/09 00:35:49.909, 1710 MHz, 2619 MHz, 325.61 W, 700.00 W, 52, 3 %, 0x0000000000000000
2026/10/09 00:35:50.410, 1710 MHz, 2619 MHz, 319.89 W, 700.00 W, 53, 47 %, 0x0000000000000000
2026/10/09 00:35:50.910, 1710 MHz, 2619 MHz, 316.29 W, 700.00 W, 52, 34 %, 0x0000000000000000
2026/10/09 00:35:51.410, 1710 MHz, 2619 MHz, 303.81 W, 700.00 W, 50, 42 %, 0x0000000000000000
2026/10/09 00:35:51.911, 1710 MHz, 2619 MHz, 332.59 W, 700.00 W, 51, 52 %, 0x0000000000000004
2026/10/09 00:35:52.412, 1710 MHz, 2619 MHz, 346.80 W, 700.00 W, 49, 17 %, 0x0000000000000000
2026/10/09 00:35:52.912, 1710 MHz, 2619 MHz, 330.75 W, 700.00 W, 51, 8 %, 0x0000000000000000
2026/10/09 00:35:53.413, 1710 MHz, 2619 MHz, 335.11 W, 700.00 W, 53, 43 %, 0x0000000000000000
2026/10/09 00:35:53.913, 1710 MHz, 2619 MHz, 317.02 W, 700.00 W, 51, 29 %, 0x0000000000000000
2026/10/09 00:35:54.414, 1710 MHz, 2619 MHz, 305.38 W, 700.00 W, 50, 35 %, 0x0000000000000000
2026/10/09 00:35:54.914, 1710 MHz, 2619 MHz, 309.66 W, 700.00 W, 50, 46 %, 0x0000000000000004
2026/10/09 00:35:55.415, 1710 MHz, 2619 MHz, 307.19 W, 700.00 W, 49, 5 %, 0x0000000000000000
2026/10/09 00:35:55.916, 1710 MHz, 2619 MHz, 356.93 W, 700.00 W, 52, 0 %, 0x0000000000000000
2026/10/09 00:35:56.416, 1710 MHz, 2619 MHz, 354.80 W, 700.00 W, 53, 48 %, 0x0000000000000000
2026/10/09 00:35:56.917, 1710 MHz, 2619 MHz, 306.30 W, 700.00 W, 51, 32 %, 0x0000000000000000
2026/10/09 00:35:57.417, 1710 MHz, 2619 MHz, 295.08 W, 700.00 W, 50, 38 %, 0x0000000000000000
2026/10/09 00:35:57.918, 1710 MHz, 2619 MHz, 291.72 W, 700.00 W, 49, 49 %, 0x0000000000000000
2026/10/09 00:35:58.418, 1710 MHz, 2619 MHz, 290.59 W, 700.00 W, 49, 0 %, 0x0000000000000000
2026/10/09 00:35:58.919, 1710 MHz, 2619 MHz, 290.84 W, 700.00 W, 49, 39 %, 0x0000000000000000
2026/10/09 00:35:59.420, 1710 MHz, 2619 MHz, 346.66 W, 700.00 W, 55, 29 %, 0x0000000000000000
2026/10/09 00:35:59.920, 1710 MHz, 2619 MHz, 358.55 W, 700.00 W, 52, 23 %, 0x0000000000000000
2026/10/09 00:36:00.421, 1710 MHz, 2619 MHz, 307.43 W, 700.00 W, 50, 48 %, 0x0000000000000000
2026/10/09 00:36:00.921, 1710 MHz, 2619 MHz, 297.32 W, 700.00 W, 50, 49 %, 0x0000000000000000
2026/10/09 00:36:01.422, 1710 MHz, 2619 MHz, 290.34 W, 700.00 W, 49, 18 %, 0x0000000000000000
2026/10/09 00:36:01.922, 1710 MHz, 2619 MHz, 287.59 W, 700.00 W, 49, 49 %, 0x0000000000000000
2026/10/09 00:36:02.423, 1710 MHz, 2619 MHz, 294.04 W, 700.00 W, 49, 3 %, 0x0000000000000000
2026/10/09 00:36:02.924, 1710 MHz, 2619 MHz, 302.63 W, 700.00 W, 49, 31 %, 0x0000000000000000
2026/10/09 00:36:03.424, 1710 MHz, 2619 MHz, 363.94 W, 700.00 W, 53, 83 %, 0x0000000000000000
2026/10/09 00:36:03.925, 1710 MHz, 2619 MHz, 359.14 W, 700.00 W, 53, 17 %, 0x0000000000000000
2026/10/09 00:36:04.425, 1710 MHz, 2619 MHz, 308.30 W, 700.00 W, 51, 50 %, 0x0000000000000000
2026/10/09 00:36:04.926, 1710 MHz, 2619 MHz, 292.84 W, 700.00 W, 50, 48 %, 0x0000000000000000
2026/10/09 00:36:05.426, 1710 MHz, 2619 MHz, 288.87 W, 700.00 W, 50, 21 %, 0x0000000000000000
2026/10/09 00:36:05.927, 1710 MHz, 2619 MHz, 297.16 W, 700.00 W, 49, 52 %, 0x0000000000000000
2026/10/09 00:36:06.428, 1710 MHz, 2619 MHz, 299.56 W, 700.00 W, 49, 6 %, 0x0000000000000000
2026/10/09 00:36:06.928, 1710 MHz, 2619 MHz, 297.65 W, 700.00 W, 49, 36 %, 0x0000000000000000
2026/10/09 00:36:07.429, 1710 MHz, 2619 MHz, 350.08 W, 700.00 W, 53, 49 %, 0x0000000000000000
2026/10/09 00:36:07.930, 1710 MHz, 2619 MHz, 355.64 W, 700.00 W, 52, 27 %, 0x0000000000000000
2026/10/09 00:36:08.431, 1710 MHz, 2619 MHz, 301.48 W, 700.00 W, 50, 49 %, 0x0000000000000000
2026/10/09 00:36:08.931, 1710 MHz, 2619 MHz, 284.76 W, 700.00 W, 50, 49 %, 0x0000000000000000
2026/10/09 00:36:09.431, 1710 MHz, 2619 MHz, 281.87 W, 700.00 W, 49, 21 %, 0x0000000000000000
2026/10/09 00:36:09.932, 1710 MHz, 2619 MHz, 289.81 W, 700.00 W, 49, 49 %, 0x0000000000000000
2026/10/09 00:36:10.433, 1710 MHz, 2619 MHz, 292.72 W, 700.00 W, 49, 1 %, 0x0000000000000000
2026/10/09 00:36:10.934, 1635 MHz, 2619 MHz, 344.15 W, 700.00 W, 56, 93 %, 0x0000000000000004
2026/10/09 00:36:11.434, 1710 MHz, 2619 MHz, 352.26 W, 700.00 W, 52, 42 %, 0x0000000000000000
2026/10/09 00:36:11.935, 1710 MHz, 2619 MHz, 300.78 W, 700.00 W, 50, 43 %, 0x0000000000000000
2026/10/09 00:36:12.435, 1710 MHz, 2619 MHz, 294.43 W, 700.00 W, 50, 7 %, 0x0000000000000000
2026/10/09 00:36:12.936, 1710 MHz, 2619 MHz, 300.41 W, 700.00 W, 49, 37 %, 0x0000000000000000
2026/10/09 00:36:13.437, 1710 MHz, 2619 MHz, 304.21 W, 700.00 W, 52, 37 %, 0x0000000000000000
2026/10/09 00:36:13.937, 1710 MHz, 2619 MHz, 313.11 W, 700.00 W, 54, 9 %, 0x0000000000000000
2026/10/09 00:36:14.438, 1710 MHz, 2619 MHz, 303.92 W, 700.00 W, 51, 44 %, 0x0000000000000000
2026/10/09 00:36:14.938, 1710 MHz, 2619 MHz, 331.67 W, 700.00 W, 50, 21 %, 0x0000000000000000
2026/10/09 00:36:15.438, 1710 MHz, 2619 MHz, 354.21 W, 700.00 W, 53, 41 %, 0x0000000000000000
2026/10/09 00:36:15.939, 1710 MHz, 2619 MHz, 325.60 W, 700.00 W, 53, 19 %, 0x0000000000000000
2026/10/09 00:36:16.439, 1710 MHz, 2619 MHz, 311.65 W, 700.00 W, 50, 42 %, 0x0000000000000000
2026/10/09 00:36:16.940, 1710 MHz, 2619 MHz, 292.40 W, 700.00 W, 50, 43 %, 0x0000000000000004
2026/10/09 00:36:17.440, 1710 MHz, 2619 MHz, 300.75 W, 700.00 W, 49, 0 %, 0x0000000000000000
2026/10/09 00:36:17.941, 1710 MHz, 2619 MHz, 319.83 W, 700.00 W, 49, 20 %, 0x0000000000000000
2026/10/09 00:36:18.441, 1710 MHz, 2619 MHz, 345.03 W, 700.00 W, 53, 32 %, 0x0000000000000004
2026/10/09 00:36:18.942, 1710 MHz, 2619 MHz, 336.97 W, 700.00 W, 50, 45 %, 0x0000000000000004
2026/10/09 00:36:19.442, 1710 MHz, 2619 MHz, 311.47 W, 700.00 W, 49, 0 %, 0x0000000000000000
2026/10/09 00:36:19.943, 1710 MHz, 2619 MHz, 322.74 W, 700.00 W, 50, 16 %, 0x0000000000000000
2026/10/09 00:36:20.443, 1710 MHz, 2619 MHz, 310.16 W, 700.00 W, 53, 41 %, 0x0000000000000000
2026/10/09 00:36:20.944, 1710 MHz, 2619 MHz, 306.64 W, 700.00 W, 51, 35 %, 0x0000000000000000
2026/10/09 00:36:21.444, 1710 MHz, 2619 MHz, 297.03 W, 700.00 W, 50, 22 %, 0x0000000000000004
2026/10/09 00:36:21.945, 1710 MHz, 2619 MHz, 298.84 W, 700.00 W, 49, 44 %, 0x0000000000000000
2026/10/09 00:36:22.445, 1710 MHz, 2619 MHz, 362.55 W, 700.00 W, 54, 43 %, 0x0000000000000000
2026/10/09 00:36:22.945, 1710 MHz, 2619 MHz, 362.74 W, 700.00 W, 51, 35 %, 0x0000000000000000
2026/10/09 00:36:23.446, 1710 MHz, 2619 MHz, 290.11 W, 700.00 W, 50, 22 %, 0x0000000000000000
2026/10/09 00:36:23.946, 1710 MHz, 2619 MHz, 293.19 W, 700.00 W, 49, 45 %, 0x0000000000000000
2026/10/09 00:36:24.447, 1710 MHz, 2619 MHz, 311.75 W, 700.00 W, 49, 24 %, 0x0000000000000000
2026/10/09 00:36:24.947, 1710 MHz, 2619 MHz, 317.81 W, 700.00 W, 53, 0 %, 0x0000000000000000
2026/10/09 00:36:25.448, 1710 MHz, 2619 MHz, 310.55 W, 700.00 W, 52, 44 %, 0x0000000000000000
2026/10/09 00:36:25.948, 1710 MHz, 2619 MHz, 320.86 W, 700.00 W, 51, 49 %, 0x0000000000000000
2026/10/09 00:36:26.449, 1710 MHz, 2619 MHz, 332.29 W, 700.00 W, 49, 17 %, 0x0000000000000000
2026/10/09 00:36:26.949, 1710 MHz, 2619 MHz, 323.26 W, 700.00 W, 52, 7 %, 0x0000000000000000
2026/10/09 00:36:27.450, 1710 MHz, 2619 MHz, 319.56 W, 700.00 W, 54, 45 %, 0x0000000000000000
2026/10/09 00:36:27.950, 1710 MHz, 2619 MHz, 302.09 W, 700.00 W, 51, 30 %, 0x0000000000000000
2026/10/09 00:36:28.450, 1710 MHz, 2619 MHz, 291.11 W, 700.00 W, 50, 33 %, 0x0000000000000000
2026/10/09 00:36:28.951, 1710 MHz, 2619 MHz, 291.19 W, 700.00 W, 50, 41 %, 0x0000000000000004
2026/10/09 00:36:29.452, 1710 MHz, 2619 MHz, 300.33 W, 700.00 W, 49, 22 %, 0x0000000000000000
2026/10/09 00:36:29.952, 1710 MHz, 2619 MHz, 343.83 W, 700.00 W, 54, 15 %, 0x0000000000000000
2026/10/09 00:36:30.453, 1710 MHz, 2619 MHz, 337.60 W, 700.00 W, 50, 37 %, 0x0000000000000000
2026/10/09 00:36:30.953, 1710 MHz, 2619 MHz, 296.44 W, 700.00 W, 49, 45 %, 0x0000000000000000
2026/10/09 00:36:31.454, 1710 MHz, 2619 MHz, 305.42 W, 700.00 W, 51, 31 %, 0x0000000000000000
2026/10/09 00:36:31.954, 1710 MHz, 2619 MHz, 313.16 W, 700.00 W, 53, 15 %, 0x0000000000000000
2026/10/09 00:36:32.454, 1710 MHz, 2619 MHz, 299.31 W, 700.00 W, 50, 29 %, 0x0000000000000000
2026/10/09 00:36:32.955, 1710 MHz, 2619 MHz, 297.52 W, 700.00 W, 49, 43 %, 0x0000000000000000
2026/10/09 00:36:33.455, 1620 MHz, 2619 MHz, 354.38 W, 700.00 W, 54, 84 %, 0x0000000000000000
2026/10/09 00:36:33.956, 1710 MHz, 2619 MHz, 363.01 W, 700.00 W, 52, 27 %, 0x0000000000000000
2026/10/09 00:36:34.456, 1710 MHz, 2619 MHz, 314.68 W, 700.00 W, 50, 24 %, 0x0000000000000004
2026/10/09 00:36:34.957, 1710 MHz, 2619 MHz, 313.95 W, 700.00 W, 49, 36 %, 0x0000000000000000
2026/10/09 00:36:35.457, 1560 MHz, 2619 MHz, 332.21 W, 700.00 W, 54, 40 %, 0x0000000000000000
2026/10/09 00:36:35.958, 1710 MHz, 2619 MHz, 320.39 W, 700.00 W, 51, 40 %, 0x0000000000000000
2026/10/09 00:36:36.458, 1710 MHz, 2619 MHz, 304.55 W, 700.00 W, 50, 12 %, 0x0000000000000004
2026/10/09 00:36:36.959, 1710 MHz, 2619 MHz, 352.87 W, 700.00 W, 54, 97 %, 0x0000000000000004
2026/10/09 00:36:37.459, 1710 MHz, 2619 MHz, 347.05 W, 700.00 W, 51, 36 %, 0x0000000000000000
2026/10/09 00:36:37.960, 1710 MHz, 2619 MHz, 299.49 W, 700.00 W, 50, 44 %, 0x0000000000000000
2026/10/09 00:36:38.460, 1710 MHz, 2619 MHz, 322.64 W, 700.00 W, 49, 24 %, 0x0000000000000000
2026/10/09 00:36:38.961, 1710 MHz, 2619 MHz, 325.85 W, 700.00 W, 54, 5 %, 0x0000000000000000
2026/10/09 00:36:39.461, 1710 MHz, 2619 MHz, 313.33 W, 700.00 W, 51, 44 %, 0x0000000000000000
2026/10/09 00:36:39.962, 1710 MHz, 2619 MHz, 298.14 W, 700.00 W, 50, 43 %, 0x0000000000000004
2026/10/09 00:36:40.462, 1710 MHz, 2619 MHz, 300.37 W, 700.00 W, 49, 10 %, 0x0000000000000000
2026/10/09 00:36:40.963, 1710 MHz, 2619 MHz, 357.06 W, 700.00 W, 53, 24 %, 0x0000000000000000
2026/10/09 00:36:41.463, 1710 MHz, 2619 MHz, 356.27 W, 700.00 W, 50, 32 %, 0x0000000000000004
2026/10/09 00:36:41.964, 1710 MHz, 2619 MHz, 297.68 W, 700.00 W, 50, 46 %, 0x0000000000000000
2026/10/09 00:36:42.464, 1710 MHz, 2619 MHz, 317.10 W, 700.00 W, 50, 28 %, 0x0000000000000000
2026/10/09 00:36:42.965, 1650 MHz, 2619 MHz, 326.35 W, 700.00 W, 54, 8 %, 0x0000000000000000
2026/10/09 00:36:43.465, 1710 MHz, 2619 MHz, 307.87 W, 700.00 W, 51, 45 %, 0x0000000000000000
2026/10/09 00:36:43.966, 1710 MHz, 2619 MHz, 295.02 W, 700.00 W, 50, 44 %, 0x0000000000000004
2026/10/09 00:36:44.466, 1695 MHz, 2619 MHz, 361.38 W, 700.00 W, 54, 88 %, 0x0000000000000000
2026/10/09 00:36:44.966, 1710 MHz, 2619 MHz, 359.17 W, 700.00 W, 53, 19 %, 0x0000000000000000
2026/10/09 00:36:45.467, 1710 MHz, 2619 MHz, 303.52 W, 700.00 W, 50, 36 %, 0x0000000000000000
2026/10/09 00:36:45.967, 1710 MHz, 2619 MHz, 298.35 W, 700.00 W, 50, 45 %, 0x0000000000000000
2026/10/09 00:36:46.468, 1710 MHz, 2619 MHz, 322.24 W, 700.00 W, 49, 23 %, 0x0000000000000000
2026/10/09 00:36:46.968, 1710 MHz, 2619 MHz, 323.31 W, 700.00 W, 54, 2 %, 0x0000000000000000
2026/10/09 00:36:47.469, 1710 MHz, 2619 MHz, 314.02 W, 700.00 W, 51, 44 %, 0x0000000000000000
2026/10/09 00:36:47.969, 1710 MHz, 2619 MHz, 306.56 W, 700.00 W, 54, 4 %, 0x0000000000000000
2026/10/09 00:36:48.470, 1710 MHz, 2619 MHz, 316.99 W, 700.00 W, 50, 3 %, 0x0000000000000000
2026/10/09 00:36:48.970, 1710 MHz, 2619 MHz, 310.34 W, 700.00 W, 49, 20 %, 0x0000000000000000
2026/10/09 00:36:49.471, 1710 MHz, 2619 MHz, 296.69 W, 700.00 W, 53, 41 %, 0x0000000000000000
2026/10/09 00:36:49.971, 1710 MHz, 2619 MHz, 294.17 W, 700.00 W, 55, 6 %, 0x0000000000000000
2026/10/09 00:36:50.471, 1710 MHz, 2619 MHz, 273.46 W, 700.00 W, 51, 41 %, 0x0000000000000000
2026/10/09 00:36:50.972, 1710 MHz, 2619 MHz, 272.22 W, 700.00 W, 50, 41 %, 0x0000000000000000
2026/10/09 00:36:51.472, 1710 MHz, 2619 MHz, 277.38 W, 700.00 W, 50, 2 %, 0x0000000000000000
2026/10/09 00:36:51.973, 1710 MHz, 2619 MHz, 326.25 W, 700.00 W, 56, 7 %, 0x0000000000000000
2026/10/09 00:36:52.473, 1710 MHz, 2619 MHz, 328.00 W, 700.00 W, 52, 41 %, 0x0000000000000000
2026/10/09 00:36:52.974, 1710 MHz, 2619 MHz, 281.37 W, 700.00 W, 51, 41 %, 0x0000000000000000
2026/10/09 00:36:53.474, 1710 MHz, 2619 MHz, 280.80 W, 700.00 W, 50, 21 %, 0x0000000000000000
2026/10/09 00:36:53.975, 1710 MHz, 2619 MHz, 284.08 W, 700.00 W, 50, 41 %, 0x0000000000000000
2026/10/09 00:36:54.475, 1710 MHz, 2619 MHz, 287.98 W, 700.00 W, 49, 0 %, 0x0000000000000000
2026/10/09 00:36:54.976, 1710 MHz, 2619 MHz, 297.67 W, 700.00 W, 49, 26 %, 0x0000000000000000
2026/10/09 00:36:55.476, 1710 MHz, 2619 MHz, 282.58 W, 700.00 W, 49, 36 %, 0x0000000000000000
2026/10/09 00:36:55.977, 1710 MHz, 2619 MHz, 328.07 W, 700.00 W, 54, 0 %, 0x0000000000000000
2026/10/09 00:36:56.477, 1710 MHz, 2619 MHz, 335.41 W, 700.00 W, 53, 40 %, 0x0000000000000000
2026/10/09 00:36:56.978, 1710 MHz, 2619 MHz, 284.95 W, 700.00 W, 51, 41 %, 0x0000000000000000
2026/10/09 00:36:57.478, 1710 MHz, 2619 MHz, 280.62 W, 700.00 W, 50, 15 %, 0x0000000000000000
2026/10/09 00:36:57.979, 1710 MHz, 2619 MHz, 285.06 W, 700.00 W, 49, 41 %, 0x0000000000000000
2026/10/09 00:36:58.479, 1710 MHz, 2619 MHz, 296.71 W, 700.00 W, 49, 20 %, 0x0000000000000000
2026/10/09 00:36:58.980, 1710 MHz, 2619 MHz, 303.62 W, 700.00 W, 53, 0 %, 0x0000000000000000
2026/10/09 00:36:59.480, 1710 MHz, 2619 MHz, 330.33 W, 700.00 W, 52, 68 %, 0x0000000000000004
2026/10/09 00:36:59.980, 1710 MHz, 2619 MHz, 317.71 W, 700.00 W, 50, 41 %, 0x0000000000000000
2026/10/09 00:37:00.481, 1710 MHz, 2619 MHz, 289.90 W, 700.00 W, 49, 16 %, 0x0000000000000000
2026/10/09 00:37:00.981, 1710 MHz, 2619 MHz, 296.99 W, 700.00 W, 51, 6 %, 0x0000000000000000
2026/10/09 00:37:01.482, 1710 MHz, 2619 MHz, 293.24 W, 700.00 W, 54, 35 %, 0x0000000000000000
2026/10/09 00:37:01.982, 1710 MHz, 2619 MHz, 285.43 W, 700.00 W, 53, 14 %, 0x0000000000000000
2026/10/09 00:37:02.483, 1710 MHz, 2619 MHz, 282.33 W, 700.00 W, 51, 41 %, 0x0000000000000000
2026/10/09 00:37:02.983, 1710 MHz, 2619 MHz, 281.45 W, 700.00 W, 50, 33 %, 0x0000000000000000
2026/10/09 00:37:03.484, 1710 MHz, 2619 MHz, 313.34 W, 700.00 W, 51, 5 %, 0x0000000000000000
2026/10/09 00:37:03.984, 1710 MHz, 2619 MHz, 313.18 W, 700.00 W, 49, 41 %, 0x0000000000000000
2026/10/09 00:37:04.484, 1710 MHz, 2619 MHz, 293.10 W, 700.00 W, 49, 25 %, 0x0000000000000000
2026/10/09 00:37:04.985, 1710 MHz, 2619 MHz, 288.87 W, 700.00 W, 53, 0 %, 0x0000000000000000
2026/10/09 00:37:05.485, 1710 MHz, 2619 MHz, 275.49 W, 700.00 W, 53, 37 %, 0x0000000000000000
2026/10/09 00:37:05.986, 1710 MHz, 2619 MHz, 278.46 W, 700.00 W, 50, 40 %, 0x0000000000000000
2026/10/09 00:37:06.486, 1710 MHz, 2619 MHz, 277.48 W, 700.00 W, 50, 17 %, 0x0000000000000000
2026/10/09 00:37:06.987, 1710 MHz, 2619 MHz, 293.84 W, 700.00 W, 54, 22 %, 0x0000000000000000
2026/10/09 00:37:07.487, 1710 MHz, 2619 MHz, 318.25 W, 700.00 W, 49, 13 %, 0x0000000000000000
2026/10/09 00:37:07.988, 1710 MHz, 2619 MHz, 308.59 W, 700.00 W, 52, 2 %, 0x0000000000000000
2026/10/09 00:37:08.488, 1710 MHz, 2619 MHz, 290.78 W, 700.00 W, 54, 38 %, 0x0000000000000000
2026/10/09 00:37:08.988, 1710 MHz, 2619 MHz, 281.96 W, 700.00 W, 51, 30 %, 0x0000000000000000
2026/10/09 00:37:09.489, 1710 MHz, 2619 MHz, 287.02 W, 700.00 W, 50, 27 %, 0x0000000000000000
2026/10/09 00:37:09.990, 1710 MHz, 2619 MHz, 277.66 W, 700.00 W, 49, 41 %, 0x0000000000000000
2026/10/09 00:37:10.490, 1710 MHz, 2619 MHz, 280.65 W, 700.00 W, 49, 7 %, 0x0000000000000000
2026/10/09 00:37:10.991, 1710 MHz, 2619 MHz, 323.82 W, 700.00 W, 51, 25 %, 0x0000000000000000
2026/10/09 00:37:11.491, 1710 MHz, 2619 MHz, 336.67 W, 700.00 W, 49, 29 %, 0x0000000000000000
2026/10/09 00:37:11.991, 1710 MHz, 2619 MHz, 296.14 W, 700.00 W, 51, 5 %, 0x0000000000000000
2026/10/09 00:37:12.492, 1710 MHz, 2619 MHz, 289.35 W, 700.00 W, 53, 42 %, 0x0000000000000000
2026/10/09 00:37:12.992, 1710 MHz, 2619 MHz, 294.03 W, 700.00 W, 54, 0 %, 0x0000000000000000
2026/10/09 00:37:13.492, 1710 MHz, 2619 MHz, 286.82 W, 700.00 W, 54, 43 %, 0x0000000000000000
2026/10/09 00:37:13.993, 1710 MHz, 2619 MHz, 284.16 W, 700.00 W, 54, 13 %, 0x0000000000000000
2026/10/09 00:37:14.493, 1710 MHz, 2619 MHz, 285.79 W, 700.00 W, 52, 43 %, 0x0000000000000000
2026/10/09 00:37:14.994, 1710 MHz, 2619 MHz, 323.44 W, 700.00 W, 50, 37 %, 0x0000000000000000
2026/10/09 00:37:15.494, 1710 MHz, 2619 MHz, 324.80 W, 700.00 W, 49, 28 %, 0x0000000000000000
2026/10/09 00:37:15.995, 1710 MHz, 2619 MHz, 290.98 W, 700.00 W, 53, 0 %, 0x0000000000000000
2026/10/09 00:37:16.495, 1710 MHz, 2619 MHz, 280.98 W, 700.00 W, 53, 37 %, 0x0000000000000000
2026/10/09 00:37:16.996, 1710 MHz, 2619 MHz, 277.65 W, 700.00 W, 50, 33 %, 0x0000000000000000
2026/10/09 00:37:17.496, 1710 MHz, 2619 MHz, 276.13 W, 700.00 W, 50, 19 %, 0x0000000000000000
2026/10/09 00:37:17.997, 1710 MHz, 2619 MHz, 271.60 W, 700.00 W, 49, 41 %, 0x0000000000000000
2026/10/09 00:37:18.497, 1710 MHz, 2619 MHz, 310.20 W, 700.00 W, 55, 0 %, 0x0000000000000000
2026/10/09 00:37:18.997, 1710 MHz, 2619 MHz, 324.98 W, 700.00 W, 49, 25 %, 0x0000000000000000
2026/10/09 00:37:19.498, 1710 MHz, 2619 MHz, 307.14 W, 700.00 W, 49, 28 %, 0x0000000000000000
2026/10/09 00:37:19.998, 1710 MHz, 2619 MHz, 294.79 W, 700.00 W, 51, 5 %, 0x0000000000000000
2026/10/09 00:37:20.499, 1710 MHz, 2619 MHz, 298.39 W, 700.00 W, 53, 42 %, 0x0000000000000000
2026/10/09 00:37:20.999, 1710 MHz, 2619 MHz, 294.67 W, 700.00 W, 54, 0 %, 0x0000000000000000
2026/10/09 00:37:21.500, 1710 MHz, 2619 MHz, 281.57 W, 700.00 W, 54, 42 %, 0x0000000000000000
2026/10/09 00:37:22.000, 1710 MHz, 2619 MHz, 280.39 W, 700.00 W, 53, 14 %, 0x0000000000000000
2026/10/09 00:37:22.501, 1710 MHz, 2619 MHz, 317.22 W, 700.00 W, 51, 87 %, 0x0000000000000000
2026/10/09 00:37:23.001, 1710 MHz, 2619 MHz, 325.01 W, 700.00 W, 49, 28 %, 0x0000000000000000
2026/10/09 00:37:23.501, 1710 MHz, 2619 MHz, 301.64 W, 700.00 W, 52, 39 %, 0x0000000000000000
2026/10/09 00:37:24.002, 1710 MHz, 2619 MHz, 299.17 W, 700.00 W, 54, 3 %, 0x0000000000000000
2026/10/09 00:37:24.502, 1710 MHz, 2619 MHz, 283.57 W, 700.00 W, 51, 41 %, 0x0000000000000000
2026/10/09 00:37:25.003, 1710 MHz, 2619 MHz, 280.62 W, 700.00 W, 50, 41 %, 0x0000000000000000
2026/10/09 00:37:25.503, 1710 MHz, 2619 MHz, 279.88 W, 700.00 W, 49, 8 %, 0x0000000000000000
2026/10/09 00:37:26.004, 1710 MHz, 2619 MHz, 284.05 W, 700.00 W, 49, 41 %, 0x0000000000000000
2026/10/09 00:37:26.504, 1710 MHz, 2619 MHz, 331.75 W, 700.00 W, 50, 20 %, 0x0000000000000000
2026/10/09 00:37:27.005, 1710 MHz, 2619 MHz, 334.23 W, 700.00 W, 53, 0 %, 0x0000000000000000
2026/10/09 00:37:27.505, 1710 MHz, 2619 MHz, 297.11 W, 700.00 W, 54, 41 %, 0x0000000000000000
2026/10/09 00:37:28.005, 1710 MHz, 2619 MHz, 283.42 W, 700.00 W, 51, 31 %, 0x0000000000000000
2026/10/09 00:37:28.506, 1710 MHz, 2619 MHz, 281.86 W, 700.00 W, 50, 27 %, 0x0000000000000000
2026/10/09 00:37:29.006, 1710 MHz, 2619 MHz, 283.85 W, 700.00 W, 49, 41 %, 0x0000000000000000
2026/10/09 00:37:29.507, 1710 MHz, 2619 MHz, 289.45 W, 700.00 W, 49, 4 %, 0x0000000000000000
2026/10/09 00:37:30.007, 1710 MHz, 2619 MHz, 336.61 W, 700.00 W, 54, 98 %, 0x0000000000000004
2026/10/09 00:37:30.508, 1710 MHz, 2619 MHz, 335.96 W, 700.00 W, 51, 40 %, 0x0000000000000000
2026/10/09 00:37:31.008, 1710 MHz, 2619 MHz, 287.05 W, 700.00 W, 50, 42 %, 0x0000000000000000
2026/10/09 00:37:31.509, 1710 MHz, 2619 MHz, 287.09 W, 700.00 W, 50, 20 %, 0x0000000000000000
2026/10/09 00:37:32.009, 1710 MHz, 2619 MHz, 288.62 W, 700.00 W, 50, 42 %, 0x0000000000000000
2026/10/09 00:37:32.510, 1710 MHz, 2619 MHz, 288.01 W, 700.00 W, 49, 16 %, 0x0000000000000000
2026/10/09 00:37:33.011, 1710 MHz, 2619 MHz, 289.61 W, 700.00 W, 51, 42 %, 0x0000000000000000
2026/10/09 00:37:33.511, 1710 MHz, 2619 MHz, 288.86 W, 700.00 W, 51, 38 %, 0x0000000000000000
2026/10/09 00:37:34.012, 1710 MHz, 2619 MHz, 313.28 W, 700.00 W, 51, 33 %, 0x0000000000000000
2026/10/09 00:37:34.512, 1710 MHz, 2619 MHz, 310.39 W, 700.00 W, 50, 41 %, 0x0000000000000000
2026/10/09 00:37:35.013, 1710 MHz, 2619 MHz, 288.35 W, 700.00 W, 49, 0 %, 0x0000000000000000
2026/10/09 00:37:35.513, 1710 MHz, 2619 MHz, 298.25 W, 700.00 W, 49, 21 %, 0x0000000000000000
2026/10/09 00:37:36.014, 1710 MHz, 2619 MHz, 302.63 W, 700.00 W, 53, 41 %, 0x0000000000000000
2026/10/09 00:37:36.514, 1710 MHz, 2619 MHz, 288.47 W, 700.00 W, 53, 12 %, 0x0000000000000000
2026/10/09 00:37:37.015, 1710 MHz, 2619 MHz, 284.14 W, 700.00 W, 50, 41 %, 0x0000000000000000
2026/10/09 00:37:37.515, 1710 MHz, 2619 MHz, 327.42 W, 700.00 W, 57, 58 %, 0x0000000000000000
2026/10/09 00:37:38.016, 1710 MHz, 2619 MHz, 338.06 W, 700.00 W, 51, 35 %, 0x0000000000000000
2026/10/09 00:37:38.516, 1710 MHz, 2619 MHz, 295.22 W, 700.00 W, 52, 0 %, 0x0000000000000000
2026/10/09 00:37:39.017, 1710 MHz, 2619 MHz, 290.26 W, 700.00 W, 53, 42 %, 0x0000000000000000
2026/10/09 00:37:39.517, 1710 MHz, 2619 MHz, 291.76 W, 700.00 W, 54, 2 %, 0x0000000000000000
2026/10/09 00:37:40.018, 1710 MHz, 2619 MHz, 288.81 W, 700.00 W, 54, 42 %, 0x0000000000000000
2026/10/09 00:37:40.518, 1710 MHz, 2619 MHz, 287.59 W, 700.00 W, 52, 21 %, 0x0000000000000000
2026/10/09 00:37:41.019, 1710 MHz, 2619 MHz, 289.08 W, 700.00 W, 51, 42 %, 0x0000000000000000
2026/10/09 00:37:41.519, 1710 MHz, 2619 MHz, 315.62 W, 700.00 W, 53, 98 %, 0x0000000000000000
2026/10/09 00:37:42.020, 1710 MHz, 2619 MHz, 309.02 W, 700.00 W, 50, 20 %, 0x0000000000000000
2026/10/09 00:37:42.520, 1710 MHz, 2619 MHz, 279.73 W, 700.00 W, 49, 41 %, 0x0000000000000000
2026/10/09 00:37:43.021, 1710 MHz, 2619 MHz, 302.01 W, 700.00 W, 49, 14 %, 0x0000000000000000
2026/10/09 00:37:43.521, 1710 MHz, 2619 MHz, 297.41 W, 700.00 W, 52, 3 %, 0x0000000000000000
2026/10/09 00:37:44.021, 1710 MHz, 2619 MHz, 289.99 W, 700.00 W, 54, 41 %, 0x0000000000000000
2026/10/09 00:37:44.522, 1710 MHz, 2619 MHz, 283.23 W, 700.00 W, 51, 32 %, 0x0000000000000000
2026/10/09 00:37:45.022, 1710 MHz, 2619 MHz, 280.33 W, 700.00 W, 50, 21 %, 0x0000000000000000
2026/10/09 00:37:45.523, 1710 MHz, 2619 MHz, 306.11 W, 700.00 W, 50, 41 %, 0x0000000000000000
2026/10/09 00:37:46.023, 1710 MHz, 2619 MHz, 313.22 W, 700.00 W, 49, 1 %, 0x0000000000000000
2026/10/09 00:37:46.524, 1710 MHz, 2619 MHz, 295.93 W, 700.00 W, 49, 15 %, 0x0000000000000000
2026/10/09 00:37:47.024, 1710 MHz, 2619 MHz, 301.03 W, 700.00 W, 53, 41 %, 0x0000000000000000
2026/10/09 00:37:47.525, 1710 MHz, 2619 MHz, 281.22 W, 700.00 W, 52, 19 %, 0x0000000000000000
2026/10/09 00:37:48.025, 1710 MHz, 2619 MHz, 277.67 W, 700.00 W, 50, 38 %, 0x0000000000000000
2026/10/09 00:37:48.526, 1710 MHz, 2619 MHz, 273.82 W, 700.00 W, 49, 41 %, 0x0000000000000000
2026/10/09 00:37:49.026, 1710 MHz, 2619 MHz, 303.64 W, 700.00 W, 54, 0 %, 0x0000000000000000
2026/10/09 00:37:49.527, 1710 MHz, 2619 MHz, 321.44 W, 700.00 W, 49, 27 %, 0x0000000000000000
2026/10/09 00:37:50.027, 1710 MHz, 2619 MHz, 297.11 W, 700.00 W, 49, 30 %, 0x0000000000000000
2026/10/09 00:37:50.528, 1710 MHz, 2619 MHz, 287.69 W, 700.00 W, 53, 0 %, 0x0000000000000000
2026/10/09 00:37:51.028, 1710 MHz, 2619 MHz, 281.20 W, 700.00 W, 54, 44 %, 0x0000000000000000
2026/10/09 00:37:51.528, 1710 MHz, 2619 MHz, 273.15 W, 700.00 W, 51, 29 %, 0x0000000000000000
2026/10/09 00:37:52.029, 1710 MHz, 2619 MHz, 271.07 W, 700.00 W, 50, 26 %, 0x0000000000000000
2026/10/09 00:37:52.529, 1710 MHz, 2619 MHz, 268.99 W, 700.00 W, 49, 42 %, 0x0000000000000000
2026/10/09 00:37:53.030, 1710 MHz, 2619 MHz, 320.32 W, 700.00 W, 55, 79 %, 0x0000000000000000
2026/10/09 00:37:53.530, 1710 MHz, 2619 MHz, 321.20 W, 700.00 W, 52, 21 %, 0x0000000000000000
2026/10/09 00:37:54.031, 1710 MHz, 2619 MHz, 279.84 W, 700.00 W, 50, 38 %, 0x0000000000000000
2026/10/09 00:37:54.531, 1710 MHz, 2619 MHz, 277.81 W, 700.00 W, 49, 41 %, 0x0000000000000000
2026/10/09 00:37:55.032, 1710 MHz, 2619 MHz, 276.32 W, 700.00 W, 49, 0 %, 0x0000000000000000
2026/10/09 00:37:55.532, 1710 MHz, 2619 MHz, 287.55 W, 700.00 W, 49, 21 %, 0x0000000000000000
2026/10/09 00:37:56.033, 1710 MHz, 2619 MHz, 288.23 W, 700.00 W, 53, 35 %, 0x0000000000000000
2026/10/09 00:37:56.533, 1710 MHz, 2619 MHz, 274.17 W, 700.00 W, 48, 0 %, 0x0000000000000000
2026/10/09 00:37:57.034, 1710 MHz, 2619 MHz, 316.43 W, 700.00 W, 52, 41 %, 0x0000000000000000
2026/10/09 00:37:57.534, 1710 MHz, 2619 MHz, 332.15 W, 700.00 W, 50, 33 %, 0x0000000000000000
2026/10/09 00:37:58.035, 1710 MHz, 2619 MHz, 275.59 W, 700.00 W, 50, 17 %, 0x0000000000000000
2026/10/09 00:37:58.535, 1710 MHz, 2619 MHz, 275.50 W, 700.00 W, 49, 41 %, 0x0000000000000000
2026/10/09 00:37:59.036, 1710 MHz, 2619 MHz, 282.96 W, 700.00 W, 49, 1 %, 0x0000000000000000
2026/10/09 00:37:59.536, 1710 MHz, 2619 MHz, 291.03 W, 700.00 W, 49, 23 %, 0x0000000000000000
2026/10/09 00:38:00.037, 1710 MHz, 2619 MHz, 299.58 W, 700.00 W, 51, 39 %, 0x0000000000000000
2026/10/09 00:38:00.537, 1710 MHz, 2619 MHz, 324.64 W, 700.00 W, 52, 76 %, 0x0000000000000004
2026/10/09 00:38:01.038, 1710 MHz, 2619 MHz, 314.35 W, 700.00 W, 49, 0 %, 0x0000000000000000
2026/10/09 00:38:01.538, 1710 MHz, 2619 MHz, 293.11 W, 700.00 W, 49, 31 %, 0x0000000000000000
2026/10/09 00:38:02.039, 1710 MHz, 2619 MHz, 295.40 W, 700.00 W, 51, 34 %, 0x0000000000000000
2026/10/09 00:38:02.539, 1710 MHz, 2619 MHz, 291.11 W, 700.00 W, 54, 0 %, 0x0000000000000000
2026/10/09 00:38:03.040, 1710 MHz, 2619 MHz, 281.65 W, 700.00 W, 51, 41 %, 0x0000000000000000
2026/10/09 00:38:03.540, 1710 MHz, 2619 MHz, 276.81 W, 700.00 W, 50, 41 %, 0x0000000000000000
2026/10/09 00:38:04.041, 1710 MHz, 2619 MHz, 276.22 W, 700.00 W, 49, 9 %, 0x0000000000000000
2026/10/09 00:38:04.541, 1710 MHz, 2619 MHz, 350.27 W, 700.00 W, 50, 30 %, 0x0000000000000000
2026/10/09 00:38:05.042, 1710 MHz, 2619 MHz, 370.96 W, 700.00 W, 52, 44 %, 0x0000000000000000
2026/10/09 00:38:05.542, 1710 MHz, 2619 MHz, 322.79 W, 700.00 W, 54, 13 %, 0x0000000000000000
2026/10/09 00:38:06.042, 1710 MHz, 2619 MHz, 298.88 W, 700.00 W, 50, 45 %, 0x0000000000000000
2026/10/09 00:38:06.543, 1710 MHz, 2619 MHz, 291.45 W, 700.00 W, 49, 45 %, 0x0000000000000004
2026/10/09 00:38:07.043, 1710 MHz, 2619 MHz, 302.86 W, 700.00 W, 49, 0 %, 0x0000000000000000
2026/10/09 00:38:07.544, 1710 MHz, 2619 MHz, 321.22 W, 700.00 W, 49, 19 %, 0x0000000000000000
2026/10/09 00:38:08.044, 1710 MHz, 2619 MHz, 361.93 W, 700.00 W, 54, 53 %, 0x0000000000000004
2026/10/09 00:38:08.545, 1710 MHz, 2619 MHz, 342.06 W, 700.00 W, 50, 39 %, 0x0000000000000000
2026/10/09 00:38:09.045, 1710 MHz, 2619 MHz, 307.27 W, 700.00 W, 49, 0 %, 0x0000000000000000
2026/10/09 00:38:09.546, 1710 MHz, 2619 MHz, 324.60 W, 700.00 W, 50, 18 %, 0x0000000000000000
2026/10/09 00:38:10.046, 1635 MHz, 2619 MHz, 320.54 W, 700.00 W, 53, 39 %, 0x0000000000000000
2026/10/09 00:38:10.546, 1710 MHz, 2619 MHz, 313.85 W, 700.00 W, 50, 41 %, 0x0000000000000000
2026/10/09 00:38:11.047, 1710 MHz, 2619 MHz, 305.89 W, 700.00 W, 49, 13 %, 0x0000000000000004
2026/10/09 00:38:11.548, 1710 MHz, 2619 MHz, 300.92 W, 700.00 W, 49, 25 %, 0x0000000000000000
2026/10/09 00:38:12.048, 1680 MHz, 2619 MHz, 366.17 W, 700.00 W, 54, 43 %, 0x0000000000000000
2026/10/09 00:38:12.549, 1710 MHz, 2619 MHz, 368.29 W, 700.00 W, 51, 35 %, 0x0000000000000000
2026/10/09 00:38:13.049, 1710 MHz, 2619 MHz, 294.74 W, 700.00 W, 50, 16 %, 0x0000000000000000
2026/10/09 00:38:13.550, 1710 MHz, 2619 MHz, 305.17 W, 700.00 W, 49, 42 %, 0x0000000000000000
2026/10/09 00:38:14.050, 1710 MHz, 2619 MHz, 325.39 W, 700.00 W, 52, 39 %, 0x0000000000000000
2026/10/09 00:38:14.551, 1710 MHz, 2619 MHz, 320.15 W, 700.00 W, 53, 18 %, 0x0000000000000000
2026/10/09 00:38:15.051, 1710 MHz, 2619 MHz, 301.84 W, 700.00 W, 50, 38 %, 0x0000000000000000
2026/10/09 00:38:15.552, 1710 MHz, 2619 MHz, 353.22 W, 700.00 W, 51, 22 %, 0x0000000000000000
2026/10/09 00:38:16.052, 1635 MHz, 2619 MHz, 365.38 W, 700.00 W, 53, 43 %, 0x0000000000000000
2026/10/09 00:38:16.553, 1710 MHz, 2619 MHz, 326.28 W, 700.00 W, 51, 27 %, 0x0000000000000000
2026/10/09 00:38:17.053, 1710 MHz, 2619 MHz, 308.54 W, 700.00 W, 50, 29 %, 0x0000000000000004
2026/10/09 00:38:17.554, 1710 MHz, 2619 MHz, 312.84 W, 700.00 W, 49, 45 %, 0x0000000000000004
2026/10/09 00:38:18.054, 1695 MHz, 2619 MHz, 332.76 W, 700.00 W, 51, 32 %, 0x0000000000000000
2026/10/09 00:38:18.555, 1710 MHz, 2619 MHz, 331.54 W, 700.00 W, 54, 9 %, 0x0000000000000000
2026/10/09 00:38:19.055, 1635 MHz, 2619 MHz, 333.79 W, 700.00 W, 54, 45 %, 0x0000000000000000
2026/10/09 00:38:19.555, 1710 MHz, 2619 MHz, 341.69 W, 700.00 W, 49, 33 %, 0x0000000000000000
2026/10/09 00:38:20.056, 1695 MHz, 2619 MHz, 324.68 W, 700.00 W, 52, 43 %, 0x0000000000000000
2026/10/09 00:38:20.556, 1710 MHz, 2619 MHz, 312.64 W, 700.00 W, 53, 17 %, 0x0000000000000000
2026/10/09 00:38:21.057, 1710 MHz, 2619 MHz, 301.48 W, 700.00 W, 50, 41 %, 0x0000000000000000
2026/10/09 00:38:21.558, 1710 MHz, 2619 MHz, 297.09 W, 700.00 W, 49, 42 %, 0x0000000000000004
2026/10/09 00:38:22.058, 1710 MHz, 2619 MHz, 313.51 W, 700.00 W, 49, 12 %, 0x0000000000000000
2026/10/09 00:38:22.558, 1695 MHz, 2619 MHz, 323.53 W, 700.00 W, 52, 1 %, 0x0000000000000000
2026/10/09 00:38:23.059, 1710 MHz, 2619 MHz, 342.48 W, 700.00 W, 51, 26 %, 0x0000000000000000
2026/10/09 00:38:23.559, 1710 MHz, 2619 MHz, 323.52 W, 700.00 W, 50, 43 %, 0x0000000000000000
2026/10/09 00:38:24.060, 1710 MHz, 2619 MHz, 306.14 W, 700.00 W, 49, 5 %, 0x0000000000000000
2026/10/09 00:38:24.560, 1710 MHz, 2619 MHz, 314.67 W, 700.00 W, 49, 16 %, 0x0000000000000000
2026/10/09 00:38:25.061, 1665 MHz, 2619 MHz, 309.52 W, 700.00 W, 53, 44 %, 0x0000000000000000
2026/10/09 00:38:25.561, 1710 MHz, 2619 MHz, 309.46 W, 700.00 W, 53, 19 %, 0x0000000000000000
2026/10/09 00:38:26.062, 1710 MHz, 2619 MHz, 300.40 W, 700.00 W, 50, 44 %, 0x0000000000000000
2026/10/09 00:38:26.563, 1680 MHz, 2619 MHz, 333.86 W, 700.00 W, 55, 46 %, 0x0000000000000000
2026/10/09 00:38:27.063, 1710 MHz, 2619 MHz, 359.96 W, 700.00 W, 51, 34 %, 0x0000000000000000
2026/10/09 00:38:27.563, 1665 MHz, 2619 MHz, 328.60 W, 700.00 W, 53, 0 %, 0x0000000000000000
2026/10/09 00:38:28.064, 1710 MHz, 2619 MHz, 318.30 W, 700.00 W, 53, 44 %, 0x0000000000000000
2026/10/09 00:38:28.564, 1710 MHz, 2619 MHz, 300.57 W, 700.00 W, 50, 40 %, 0x0000000000000000
2026/10/09 00:38:29.065, 1710 MHz, 2619 MHz, 296.38 W, 700.00 W, 50, 24 %, 0x0000000000000000
2026/10/09 00:38:29.565, 1710 MHz, 2619 MHz, 295.75 W, 700.00 W, 49, 45 %, 0x0000000000000000
2026/10/09 00:38:30.066, 1710 MHz, 2619 MHz, 302.33 W, 700.00 W, 49, 8 %, 0x0000000000000000
2026/10/09 00:38:30.566, 1710 MHz, 2619 MHz, 350.71 W, 700.00 W, 52, 35 %, 0x0000000000000000
2026/10/09 00:38:31.067, 1710 MHz, 2619 MHz, 356.00 W, 700.00 W, 50, 25 %, 0x0000000000000000
2026/10/09 00:38:31.568, 1710 MHz, 2619 MHz, 299.94 W, 700.00 W, 49, 44 %, 0x0000000000000000
2026/10/09 00:38:32.068, 1710 MHz, 2619 MHz, 316.28 W, 700.00 W, 49, 25 %, 0x0000000000000000
2026/10/09 00:38:32.568, 1680 MHz, 2619 MHz, 321.17 W, 700.00 W, 53, 1 %, 0x0000000000000000
2026/10/09 00:38:33.069, 1710 MHz, 2619 MHz, 308.43 W, 700.00 W, 51, 46 %, 0x0000000000000000
2026/10/09 00:38:33.569, 1710 MHz, 2619 MHz, 294.10 W, 700.00 W, 50, 41 %, 0x0000000000000000
2026/10/09 00:38:34.070, 1695 MHz, 2619 MHz, 348.55 W, 700.00 W, 55, 0 %, 0x0000000000000004
2026/10/09 00:38:34.570, 1710 MHz, 2619 MHz, 351.41 W, 700.00 W, 54, 4 %, 0x0000000000000000
2026/10/09 00:38:35.071, 1710 MHz, 2619 MHz, 304.79 W, 700.00 W, 51, 44 %, 0x0000000000000000
2026/10/09 00:38:35.571, 1710 MHz, 2619 MHz, 297.49 W, 700.00 W, 50, 43 %, 0x0000000000000000
2026/10/09 00:38:36.072, 1710 MHz, 2619 MHz, 301.74 W, 700.00 W, 49, 6 %, 0x0000000000000000
2026/10/09 00:38:36.572, 1710 MHz, 2619 MHz, 309.14 W, 700.00 W, 49, 38 %, 0x0000000000000000
2026/10/09 00:38:37.073, 1710 MHz, 2619 MHz, 322.40 W, 700.00 W, 50, 33 %, 0x0000000000000004
2026/10/09 00:38:37.573, 1665 MHz, 2619 MHz, 318.70 W, 700.00 W, 53, 0 %, 0x0000000000000000
2026/10/09 00:38:38.073, 1710 MHz, 2619 MHz, 350.97 W, 700.00 W, 51, 21 %, 0x0000000000000000
2026/10/09 00:38:38.574, 1710 MHz, 2619 MHz, 340.88 W, 700.00 W, 50, 44 %, 0x0000000000000000
2026/10/09 00:38:39.074, 1710 MHz, 2619 MHz, 322.77 W, 700.00 W, 50, 29 %, 0x0000000000000004
2026/10/09 00:38:39.575, 1710 MHz, 2619 MHz, 322.48 W, 700.00 W, 54, 8 %, 0x0000000000000000
2026/10/09 00:38:40.075, 1710 MHz, 2619 MHz, 312.22 W, 700.00 W, 50, 44 %, 0x0000000000000000
2026/10/09 00:38:40.576, 1710 MHz, 2619 MHz, 299.70 W, 700.00 W, 50, 42 %, 0x0000000000000000
2026/10/09 00:38:41.076, 1710 MHz, 2619 MHz, 311.37 W, 700.00 W, 49, 12 %, 0x0000000000000000
2026/10/09 00:38:41.576, 1710 MHz, 2619 MHz, 357.77 W, 700.00 W, 55, 96 %, 0x0000000000000000
2026/10/09 00:38:42.077, 1710 MHz, 2619 MHz, 341.10 W, 700.00 W, 51, 49 %, 0x0000000000000000
2026/10/09 00:38:42.578, 1710 MHz, 2619 MHz, 289.92 W, 700.00 W, 50, 48 %, 0x0000000000000000
2026/10/09 00:38:43.078, 1710 MHz, 2619 MHz, 291.44 W, 700.00 W, 49, 27 %, 0x0000000000000000
2026/10/09 00:38:43.579, 1710 MHz, 2619 MHz, 299.62 W, 700.00 W, 49, 49 %, 0x0000000000000000
2026/10/09 00:38:44.080, 1710 MHz, 2619 MHz, 299.05 W, 700.00 W, 49, 0 %, 0x0000000000000000
2026/10/09 00:38:44.580, 1710 MHz, 2619 MHz, 299.75 W, 700.00 W, 49, 41 %, 0x0000000000000000
2026/10/09 00:38:45.080, 1710 MHz, 2619 MHz, 306.91 W, 700.00 W, 48, 23 %, 0x0000000000000000
2026/10/09 00:38:45.581, 1710 MHz, 2619 MHz, 357.97 W, 700.00 W, 53, 19 %, 0x0000000000000000
2026/10/09 00:38:46.082, 1710 MHz, 2619 MHz, 352.12 W, 700.00 W, 50, 49 %, 0x0000000000000000
2026/10/09 00:38:46.582, 1710 MHz, 2619 MHz, 303.66 W, 700.00 W, 50, 49 %, 0x0000000000000000
2026/10/09 00:38:47.083, 1710 MHz, 2619 MHz, 300.54 W, 700.00 W, 49, 12 %, 0x0000000000000000
2026/10/09 00:38:47.584, 1710 MHz, 2619 MHz, 304.13 W, 700.00 W, 49, 49 %, 0x0000000000000000
2026/10/09 00:38:48.084, 1710 MHz, 2619 MHz, 311.75 W, 700.00 W, 49, 15 %, 0x0000000000000000
2026/10/09 00:38:48.585, 1710 MHz, 2619 MHz, 316.24 W, 700.00 W, 50, 16 %, 0x0000000000000000
2026/10/09 00:38:49.085, 1710 MHz, 2619 MHz, 317.74 W, 700.00 W, 51, 48 %, 0x0000000000000000
2026/10/09 00:38:49.586, 1710 MHz, 2619 MHz, 343.03 W, 700.00 W, 51, 40 %, 0x0000000000000000
2026/10/09 00:38:50.087, 1710 MHz, 2619 MHz, 349.36 W, 700.00 W, 50, 28 %, 0x0000000000000000
2026/10/09 00:38:50.587, 1710 MHz, 2619 MHz, 301.44 W, 700.00 W, 49, 49 %, 0x0000000000000000
2026/10/09 00:38:51.087, 1710 MHz, 2619 MHz, 299.10 W, 700.00 W, 49, 0 %, 0x0000000000000000
2026/10/09 00:38:51.588, 1710 MHz, 2619 MHz, 309.63 W, 700.00 W, 49, 29 %, 0x0000000000000000
2026/10/09 00:38:52.089, 1710 MHz, 2619 MHz, 316.07 W, 700.00 W, 50, 40 %, 0x0000000000000000
2026/10/09 00:38:52.589, 1710 MHz, 2619 MHz, 307.70 W, 700.00 W, 52, 0 %, 0x0000000000000000
2026/10/09 00:38:53.089, 1710 MHz, 2619 MHz, 346.34 W, 700.00 W, 51, 79 %, 0x0000000000000000
2026/10/09 00:38:53.590, 1710 MHz, 2619 MHz, 340.91 W, 700.00 W, 50, 49 %, 0x0000000000000000
2026/10/09 00:38:54.090, 1710 MHz, 2619 MHz, 298.18 W, 700.00 W, 49, 0 %, 0x0000000000000000
2026/10/09 00:38:54.591, 1710 MHz, 2619 MHz, 300.17 W, 700.00 W, 49, 46 %, 0x0000000000000000
2026/10/09 00:38:55.091, 1710 MHz, 2619 MHz, 313.22 W, 700.00 W, 49, 20 %, 0x0000000000000000
2026/10/09 00:38:55.591, 1710 MHz, 2619 MHz, 316.24 W, 700.00 W, 49, 15 %, 0x0000000000000000
2026/10/09 00:38:56.092, 1710 MHz, 2619 MHz, 308.64 W, 700.00 W, 51, 49 %, 0x0000000000000000
2026/10/09 00:38:56.592, 1710 MHz, 2619 MHz, 305.59 W, 700.00 W, 52, 3 %, 0x0000000000000000
2026/10/09 00:38:57.093, 1710 MHz, 2619 MHz, 351.12 W, 700.00 W, 51, 37 %, 0x0000000000000000
2026/10/09 00:38:57.593, 1710 MHz, 2619 MHz, 339.83 W, 700.00 W, 50, 46 %, 0x0000000000000000
2026/10/09 00:38:58.094, 1710 MHz, 2619 MHz, 302.92 W, 700.00 W, 49, 0 %, 0x0000000000000000
2026/10/09 00:38:58.594, 1710 MHz, 2619 MHz, 321.54 W, 700.00 W, 49, 29 %, 0x0000000000000000
2026/10/09 00:38:59.094, 1710 MHz, 2619 MHz, 327.28 W, 700.00 W, 52, 43 %, 0x0000000000000000
2026/10/09 00:38:59.595, 1710 MHz, 2619 MHz, 317.86 W, 700.00 W, 53, 11 %, 0x0000000000000000
2026/10/09 00:39:00.096, 1710 MHz, 2619 MHz, 298.68 W, 700.00 W, 51, 48 %, 0x0000000000000000
2026/10/09 00:39:00.596, 1635 MHz, 2619 MHz, 340.97 W, 700.00 W, 54, 57 %, 0x0000000000000004
2026/10/09 00:39:01.097, 1710 MHz, 2619 MHz, 356.02 W, 700.00 W, 50, 10 %, 0x0000000000000000
2026/10/09 00:39:01.597, 1710 MHz, 2619 MHz, 336.76 W, 700.00 W, 51, 9 %, 0x0000000000000004
2026/10/09 00:39:02.098, 1710 MHz, 2619 MHz, 316.96 W, 700.00 W, 53, 47 %, 0x0000000000000000
2026/10/09 00:39:02.598, 1710 MHz, 2619 MHz, 310.58 W, 700.00 W, 51, 35 %, 0x0000000000000000
2026/10/09 00:39:03.099, 1710 MHz, 2619 MHz, 300.91 W, 700.00 W, 50, 27 %, 0x0000000000000000
2026/10/09 00:39:03.600, 1710 MHz, 2619 MHz, 297.18 W, 700.00 W, 49, 49 %, 0x0000000000000000
2026/10/09 00:39:04.100, 1710 MHz, 2619 MHz, 313.42 W, 700.00 W, 49, 20 %, 0x0000000000000000
2026/10/09 00:39:04.600, 1710 MHz, 2619 MHz, 372.39 W, 700.00 W, 54, 26 %, 0x0000000000000000
2026/10/09 00:39:05.101, 1710 MHz, 2619 MHz, 366.91 W, 700.00 W, 51, 49 %, 0x0000000000000000
2026/10/09 00:39:05.602, 1710 MHz, 2619 MHz, 303.37 W, 700.00 W, 50, 48 %, 0x0000000000000000
2026/10/09 00:39:06.102, 1710 MHz, 2619 MHz, 300.91 W, 700.00 W, 49, 4 %, 0x0000000000000000
2026/10/09 00:39:06.603, 1710 MHz, 2619 MHz, 304.58 W, 700.00 W, 49, 39 %, 0x0000000000000000
2026/10/09 00:39:07.103, 1710 MHz, 2619 MHz, 311.88 W, 700.00 W, 50, 32 %, 0x0000000000000000
2026/10/09 00:39:07.603, 1710 MHz, 2619 MHz, 314.01 W, 700.00 W, 52, 0 %, 0x0000000000000000
2026/10/09 00:39:08.104, 1620 MHz, 2619 MHz, 331.08 W, 700.00 W, 53, 48 %, 0x0000000000000004
2026/10/09 00:39:08.605, 1710 MHz, 2619 MHz, 341.21 W, 700.00 W, 50, 47 %, 0x0000000000000000
2026/10/09 00:39:09.105, 1710 MHz, 2619 MHz, 343.22 W, 700.00 W, 49, 14 %, 0x0000000000000000
2026/10/09 00:39:09.605, 1710 MHz, 2619 MHz, 328.42 W, 700.00 W, 52, 4 %, 0x0000000000000000
2026/10/09 00:39:10.106, 1710 MHz, 2619 MHz, 327.24 W, 700.00 W, 53, 45 %, 0x0000000000000000
2026/10/09 00:39:10.607, 1710 MHz, 2619 MHz, 309.28 W, 700.00 W, 50, 47 %, 0x0000000000000000
2026/10/09 00:39:11.107, 1710 MHz, 2619 MHz, 302.54 W, 700.00 W, 50, 13 %, 0x0000000000000000
2026/10/09 00:39:11.607, 1710 MHz, 2619 MHz, 315.27 W, 700.00 W, 49, 39 %, 0x0000000000000000
2026/10/09 00:39:12.108, 1710 MHz, 2619 MHz, 368.22 W, 700.00 W, 54, 80 %, 0x0000000000000000
2026/10/09 00:39:12.608, 1710 MHz, 2619 MHz, 365.55 W, 700.00 W, 51, 30 %, 0x0000000000000000
2026/10/09 00:39:13.109, 1710 MHz, 2619 MHz, 300.73 W, 700.00 W, 50, 34 %, 0x0000000000000000
2026/10/09 00:39:13.609, 1710 MHz, 2619 MHz, 301.30 W, 700.00 W, 50, 48 %, 0x0000000000000000
2026/10/09 00:39:14.110, 1710 MHz, 2619 MHz, 309.33 W, 700.00 W, 49, 5 %, 0x0000000000000000
2026/10/09 00:39:14.610, 1710 MHz, 2619 MHz, 319.27 W, 700.00 W, 50, 17 %, 0x0000000000000000
2026/10/09 00:39:15.111, 1680 MHz, 2619 MHz, 316.55 W, 700.00 W, 53, 45 %, 0x0000000000000000
2026/10/09 00:39:15.611, 1650 MHz, 2619 MHz, 334.59 W, 700.00 W, 54, 23 %, 0x0000000000000004
2026/10/09 00:39:16.112, 1710 MHz, 2619 MHz, 340.59 W, 700.00 W, 50, 2 %, 0x0000000000000000
2026/10/09 00:39:16.612, 1710 MHz, 2619 MHz, 331.30 W, 700.00 W, 49, 37 %, 0x0000000000000000
2026/10/09 00:39:17.112, 1665 MHz, 2619 MHz, 330.14 W, 700.00 W, 51, 36 %, 0x0000000000000004
2026/10/09 00:39:17.613, 1710 MHz, 2619 MHz, 319.92 W, 700.00 W, 53, 5 %, 0x0000000000000000
2026/10/09 00:39:18.114, 1710 MHz, 2619 MHz, 299.57 W, 700.00 W, 51, 46 %, 0x0000000000000000
2026/10/09 00:39:18.614, 1710 MHz, 2619 MHz, 299.37 W, 700.00 W, 50, 41 %, 0x0000000000000000
2026/10/09 00:39:19.114, 1710 MHz, 2619 MHz, 313.73 W, 700.00 W, 50, 6 %, 0x0000000000000000
2026/10/09 00:39:19.615, 1665 MHz, 2619 MHz, 367.64 W, 700.00 W, 52, 13 %, 0x0000000000000004
2026/10/09 00:39:20.115, 1710 MHz, 2619 MHz, 365.64 W, 700.00 W, 53, 46 %, 0x0000000000000000
2026/10/09 00:39:20.616, 1710 MHz, 2619 MHz, 312.93 W, 700.00 W, 52, 27 %, 0x0000000000000000
2026/10/09 00:39:21.116, 1710 MHz, 2619 MHz, 302.85 W, 700.00 W, 50, 37 %, 0x0000000000000000
2026/10/09 00:39:21.617, 1710 MHz, 2619 MHz, 311.00 W, 700.00 W, 50, 46 %, 0x0000000000000000
2026/10/09 00:39:22.117, 1710 MHz, 2619 MHz, 329.53 W, 700.00 W, 49, 5 %, 0x0000000000000000
2026/10/09 00:39:22.618, 1665 MHz, 2619 MHz, 323.33 W, 700.00 W, 50, 16 %, 0x0000000000000004
2026/10/09 00:39:23.118, 1650 MHz, 2619 MHz, 335.30 W, 700.00 W, 53, 45 %, 0x0000000000000004
2026/10/09 00:39:23.618, 1710 MHz, 2619 MHz, 348.49 W, 700.00 W, 51, 45 %, 0x0000000000000000
2026/10/09 00:39:24.119, 1710 MHz, 2619 MHz, 340.21 W, 700.00 W, 50, 5 %, 0x0000000000000000
2026/10/09 00:39:24.619, 1710 MHz, 2619 MHz, 319.21 W, 700.00 W, 49, 38 %, 0x0000000000000000
2026/10/09 00:39:25.120, 1680 MHz, 2619 MHz, 317.74 W, 700.00 W, 51, 35 %, 0x0000000000000004
2026/10/09 00:39:25.620, 1710 MHz, 2619 MHz, 318.52 W, 700.00 W, 53, 3 %, 0x0000000000000000
2026/10/09 00:39:26.121, 1710 MHz, 2619 MHz, 302.99 W, 700.00 W, 51, 47 %, 0x0000000000000000
2026/10/09 00:39:26.621, 1710 MHz, 2619 MHz, 298.33 W, 700.00 W, 50, 46 %, 0x0000000000000000
2026/10/09 00:39:27.122, 1710 MHz, 2619 MHz, 363.36 W, 700.00 W, 51, 97 %, 0x0000000000000000
2026/10/09 00:39:27.622, 1695 MHz, 2619 MHz, 365.55 W, 700.00 W, 50, 18 %, 0x0000000000000004
2026/10/09 00:39:28.123, 1710 MHz, 2619 MHz, 314.85 W, 700.00 W, 53, 47 %, 0x0000000000000000
2026/10/09 00:39:28.624, 1710 MHz, 2619 MHz, 305.83 W, 700.00 W, 52, 22 %, 0x0000000000000000
2026/10/09 00:39:29.124, 1710 MHz, 2619 MHz, 294.63 W, 700.00 W, 50, 42 %, 0x0000000000000000
2026/10/09 00:39:29.624, 1710 MHz, 2619 MHz, 297.57 W, 700.00 W, 50, 44 %, 0x0000000000000000
2026/10/09 00:39:30.125, 1710 MHz, 2619 MHz, 324.17 W, 700.00 W, 49, 14 %, 0x0000000000000000
2026/10/09 00:39:30.625, 1710 MHz, 2619 MHz, 340.55 W, 700.00 W, 49, 22 %, 0x0000000000000000
2026/10/09 00:39:31.126, 1710 MHz, 2619 MHz, 372.28 W, 700.00 W, 53, 46 %, 0x0000000000000000
2026/10/09 00:39:31.626, 1710 MHz, 2619 MHz, 360.02 W, 700.00 W, 51, 43 %, 0x0000000000000000
2026/10/09 00:39:32.127, 1710 MHz, 2619 MHz, 300.32 W, 700.00 W, 50, 26 %, 0x0000000000000000
2026/10/09 00:39:32.627, 1710 MHz, 2619 MHz, 309.49 W, 700.00 W, 50, 46 %, 0x0000000000000000
2026/10/09 00:39:33.128, 1710 MHz, 2619 MHz, 320.14 W, 700.00 W, 49, 0 %, 0x0000000000000000
2026/10/09 00:39:33.628, 1710 MHz, 2619 MHz, 326.35 W, 700.00 W, 49, 29 %, 0x0000000000000000
2026/10/09 00:39:34.128, 1695 MHz, 2619 MHz, 317.31 W, 700.00 W, 51, 38 %, 0x0000000000000004
2026/10/09 00:39:34.629, 1710 MHz, 2619 MHz, 361.72 W, 700.00 W, 54, 97 %, 0x0000000000000004
2026/10/09 00:39:35.130, 1710 MHz, 2619 MHz, 356.23 W, 700.00 W, 51, 45 %, 0x0000000000000000
2026/10/09 00:39:35.630, 1710 MHz, 2619 MHz, 307.55 W, 700.00 W, 50, 46 %, 0x0000000000000000
2026/10/09 00:39:36.130, 1710 MHz, 2619 MHz, 316.74 W, 700.00 W, 50, 10 %, 0x0000000000000000
2026/10/09 00:39:36.631, 1710 MHz, 2619 MHz, 327.16 W, 700.00 W, 50, 48 %, 0x0000000000000000
2026/10/09 00:39:37.131, 1710 MHz, 2619 MHz, 330.30 W, 700.00 W, 49, 17 %, 0x0000000000000000
2026/10/09 00:39:37.632, 1680 MHz, 2619 MHz, 319.50 W, 700.00 W, 51, 13 %, 0x0000000000000004
2026/10/09 00:39:38.132, 1710 MHz, 2619 MHz, 313.34 W, 700.00 W, 52, 44 %, 0x0000000000000000
2026/10/09 00:39:38.633, 1710 MHz, 2619 MHz, 350.58 W, 700.00 W, 52, 40 %, 0x0000000000000000
2026/10/09 00:39:39.133, 1710 MHz, 2619 MHz, 340.64 W, 700.00 W, 50, 24 %, 0x0000000000000000
2026/10/09 00:39:39.634, 1710 MHz, 2619 MHz, 299.90 W, 700.00 W, 51, 47 %, 0x0000000000000000
2026/10/09 00:39:40.134, 1710 MHz, 2619 MHz, 299.50 W, 700.00 W, 50, 46 %, 0x0000000000000000
2026/10/09 00:39:40.635, 1710 MHz, 2619 MHz, 307.89 W, 700.00 W, 50, 5 %, 0x0000000000000000
2026/10/09 00:39:41.135, 1710 MHz, 2619 MHz, 320.16 W, 700.00 W, 49, 32 %, 0x0000000000000000
2026/10/09 00:39:41.636, 1665 MHz, 2619 MHz, 315.90 W, 700.00 W, 50, 32 %, 0x0000000000000004
2026/10/09 00:39:42.136, 1710 MHz, 2619 MHz, 351.60 W, 700.00 W, 54, 97 %, 0x0000000000000000
2026/10/09 00:39:42.637, 1710 MHz, 2619 MHz, 337.48 W, 700.00 W, 51, 42 %, 0x0000000000000000
2026/10/09 00:39:43.137, 1710 MHz, 2619 MHz, 305.28 W, 700.00 W, 50, 0 %, 0x0000000000000000
2026/10/09 00:39:43.638, 1710 MHz, 2619 MHz, 306.63 W, 700.00 W, 50, 50 %, 0x0000000000000000
2026/10/09 00:39:44.139, 1710 MHz, 2619 MHz, 300.94 W, 700.00 W, 49, 27 %, 0x0000000000000000
2026/10/09 00:39:44.640, 1710 MHz, 2619 MHz, 303.59 W, 700.00 W, 49, 45 %, 0x0000000000000000
2026/10/09 00:39:45.141, 1710 MHz, 2619 MHz, 314.00 W, 700.00 W, 49, 49 %, 0x0000000000000000
2026/10/09 00:39:45.641, 1710 MHz, 2619 MHz, 309.56 W, 700.00 W, 50, 35 %, 0x0000000000000000
2026/10/09 00:39:46.142, 1710 MHz, 2619 MHz, 337.19 W, 700.00 W, 52, 11 %, 0x0000000000000000
2026/10/09 00:39:46.642, 1710 MHz, 2619 MHz, 335.70 W, 700.00 W, 50, 43 %, 0x0000000000000000
2026/10/09 00:39:47.143, 1710 MHz, 2619 MHz, 296.36 W, 700.00 W, 50, 0 %, 0x0000000000000000
2026/10/09 00:39:47.643, 1710 MHz, 2619 MHz, 297.98 W, 700.00 W, 49, 49 %, 0x0000000000000000
2026/10/09 00:39:48.144, 1710 MHz, 2619 MHz, 298.33 W, 700.00 W, 49, 27 %, 0x0000000000000000
2026/10/09 00:39:48.645, 1710 MHz, 2619 MHz, 304.36 W, 700.00 W, 49, 45 %, 0x0000000000000000
2026/10/09 00:39:49.146, 1710 MHz, 2619 MHz, 311.90 W, 700.00 W, 49, 49 %, 0x0000000000000000
2026/10/09 00:39:49.646, 1710 MHz, 2619 MHz, 312.78 W, 700.00 W, 49, 11 %, 0x0000000000000000
2026/10/09 00:39:50.147, 1710 MHz, 2619 MHz, 340.70 W, 700.00 W, 53, 28 %, 0x0000000000000000
2026/10/09 00:39:50.647, 1710 MHz, 2619 MHz, 357.18 W, 700.00 W, 51, 38 %, 0x0000000000000000
2026/10/09 00:39:51.148, 1710 MHz, 2619 MHz, 297.87 W, 700.00 W, 50, 49 %, 0x0000000000000000
2026/10/09 00:39:51.649, 1710 MHz, 2619 MHz, 295.52 W, 700.00 W, 50, 49 %, 0x0000000000000000
2026/10/09 00:39:52.150, 1710 MHz, 2619 MHz, 303.14 W, 700.00 W, 49, 23 %, 0x0000000000000000
2026/10/09 00:39:52.650, 1710 MHz, 2619 MHz, 311.64 W, 700.00 W, 49, 49 %, 0x0000000000000000
2026/10/09 00:39:53.151, 1710 MHz, 2619 MHz, 314.04 W, 700.00 W, 49, 50 %, 0x0000000000000000
2026/10/09 00:39:53.651, 1710 MHz, 2619 MHz, 342.61 W, 700.00 W, 55, 96 %, 0x0000000000000000
2026/10/09 00:39:54.152, 1710 MHz, 2619 MHz, 334.09 W, 700.00 W, 52, 26 %, 0x0000000000000000
2026/10/09 00:39:54.652, 1710 MHz, 2619 MHz, 296.60 W, 700.00 W, 50, 38 %, 0x0000000000000000
2026/10/09 00:39:55.153, 1710 MHz, 2619 MHz, 295.31 W, 700.00 W, 50, 0 %, 0x0000000000000000
2026/10/09 00:39:55.654, 1710 MHz, 2619 MHz, 289.91 W, 700.00 W, 50, 49 %, 0x0000000000000000
2026/10/09 00:39:56.155, 1710 MHz, 2619 MHz, 299.68 W, 700.00 W, 49, 23 %, 0x0000000000000000
2026/10/09 00:39:56.655, 1710 MHz, 2619 MHz, 312.01 W, 700.00 W, 49, 49 %, 0x0000000000000000
2026/10/09 00:39:57.156, 1710 MHz, 2619 MHz, 316.06 W, 700.00 W, 49, 49 %, 0x0000000000000000
2026/10/09 00:39:57.656, 1710 MHz, 2619 MHz, 347.22 W, 700.00 W, 54, 16 %, 0x0000000000000000
2026/10/09 00:39:58.157, 1710 MHz, 2619 MHz, 333.68 W, 700.00 W, 51, 0 %, 0x0000000000000000
2026/10/09 00:39:58.657, 1710 MHz, 2619 MHz, 303.38 W, 700.00 W, 50, 43 %, 0x0000000000000000
2026/10/09 00:39:59.158, 1710 MHz, 2619 MHz, 318.53 W, 700.00 W, 50, 43 %, 0x0000000000000000
2026/10/09 00:39:59.658, 1665 MHz, 2619 MHz, 313.79 W, 700.00 W, 50, 16 %, 0x0000000000000004
2026/10/09 00:40:00.159, 1710 MHz, 2619 MHz, 316.28 W, 700.00 W, 53, 44 %, 0x0000000000000000
2026/10/09 00:40:00.659, 1710 MHz, 2619 MHz, 307.09 W, 700.00 W, 52, 25 %, 0x0000000000000000
2026/10/09 00:40:01.160, 1635 MHz, 2619 MHz, 348.01 W, 700.00 W, 55, 87 %, 0x0000000000000004
2026/10/09 00:40:01.660, 1650 MHz, 2619 MHz, 358.19 W, 700.00 W, 52, 7 %, 0x0000000000000004
2026/10/09 00:40:02.161, 1710 MHz, 2619 MHz, 303.11 W, 700.00 W, 54, 39 %, 0x0000000000000000
2026/10/09 00:40:02.661, 1710 MHz, 2619 MHz, 295.07 W, 700.00 W, 51, 31 %, 0x0000000000000000
2026/10/09 00:40:03.162, 1710 MHz, 2619 MHz, 297.10 W, 700.00 W, 50, 0 %, 0x0000000000000000
2026/10/09 00:40:03.662, 1710 MHz, 2619 MHz, 307.46 W, 700.00 W, 50, 43 %, 0x0000000000000000
2026/10/09 00:40:04.163, 1710 MHz, 2619 MHz, 317.58 W, 700.00 W, 49, 43 %, 0x0000000000000000
2026/10/09 00:40:04.663, 1665 MHz, 2619 MHz, 322.97 W, 700.00 W, 52, 9 %, 0x0000000000000004
2026/10/09 00:40:05.163, 1710 MHz, 2619 MHz, 340.87 W, 700.00 W, 52, 0 %, 0x0000000000000000
2026/10/09 00:40:05.664, 1710 MHz, 2619 MHz, 325.14 W, 700.00 W, 50, 44 %, 0x0000000000000000
2026/10/09 00:40:06.165, 1695 MHz, 2619 MHz, 312.81 W, 700.00 W, 49, 50 %, 0x0000000000000004
2026/10/09 00:40:06.665, 1710 MHz, 2619 MHz, 306.70 W, 700.00 W, 54, 1 %, 0x0000000000000000
2026/10/09 00:40:07.165, 1710 MHz, 2619 MHz, 293.18 W, 700.00 W, 51, 0 %, 0x0000000000000000
2026/10/09 00:40:07.666, 1710 MHz, 2619 MHz, 300.64 W, 700.00 W, 50, 46 %, 0x0000000000000000
2026/10/09 00:40:08.167, 1710 MHz, 2619 MHz, 315.21 W, 700.00 W, 49, 43 %, 0x0000000000000000
2026/10/09 00:40:08.667, 1710 MHz, 2619 MHz, 340.05 W, 700.00 W, 52, 85 %, 0x0000000000000000
2026/10/09 00:40:09.168, 1710 MHz, 2619 MHz, 333.27 W, 700.00 W, 50, 16 %, 0x0000000000000000
2026/10/09 00:40:09.668, 1710 MHz, 2619 MHz, 325.94 W, 700.00 W, 50, 45 %, 0x0000000000000000
2026/10/09 00:40:10.168, 1710 MHz, 2619 MHz, 323.70 W, 700.00 W, 49, 44 %, 0x0000000000000000
2026/10/09 00:40:10.669, 1665 MHz, 2619 MHz, 308.13 W, 700.00 W, 52, 0 %, 0x0000000000000004
2026/10/09 00:40:11.169, 1710 MHz, 2619 MHz, 297.98 W, 700.00 W, 54, 44 %, 0x0000000000000000
2026/10/09 00:40:11.670, 1710 MHz, 2619 MHz, 305.14 W, 700.00 W, 52, 22 %, 0x0000000000000000
2026/10/09 00:40:12.170, 1710 MHz, 2619 MHz, 293.50 W, 700.00 W, 51, 0 %, 0x0000000000000000
2026/10/09 00:40:12.671, 1710 MHz, 2619 MHz, 334.09 W, 700.00 W, 50, 35 %, 0x0000000000000000
2026/10/09 00:40:13.171, 1650 MHz, 2619 MHz, 340.94 W, 700.00 W, 51, 52 %, 0x0000000000000004
2026/10/09 00:40:13.671, 1710 MHz, 2619 MHz, 310.75 W, 700.00 W, 53, 0 %, 0x0000000000000000
2026/10/09 00:40:14.172, 1710 MHz, 2619 MHz, 302.17 W, 700.00 W, 53, 24 %, 0x0000000000000000
2026/10/09 00:40:14.672, 1710 MHz, 2619 MHz, 295.75 W, 700.00 W, 51, 44 %, 0x0000000000000000
2026/10/09 00:40:15.173, 1710 MHz, 2619 MHz, 288.12 W, 700.00 W, 50, 13 %, 0x0000000000000004
2026/10/09 00:40:15.673, 1710 MHz, 2619 MHz, 317.54 W, 700.00 W, 50, 47 %, 0x0000000000000000
2026/10/09 00:40:16.174, 1620 MHz, 2619 MHz, 375.27 W, 700.00 W, 56, 57 %, 0x0000000000000004
2026/10/09 00:40:16.674, 1710 MHz, 2619 MHz, 363.74 W, 700.00 W, 54, 3 %, 0x0000000000000000
2026/10/09 00:40:17.175, 1710 MHz, 2619 MHz, 301.12 W, 700.00 W, 51, 9 %, 0x0000000000000000
2026/10/09 00:40:17.675, 1710 MHz, 2619 MHz, 300.95 W, 700.00 W, 50, 43 %, 0x0000000000000000
2026/10/09 00:40:18.176, 1710 MHz, 2619 MHz, 316.60 W, 700.00 W, 50, 39 %, 0x0000000000000000
2026/10/09 00:40:18.676, 1710 MHz, 2619 MHz, 323.41 W, 700.00 W, 50, 17 %, 0x0000000000000004
2026/10/09 00:40:19.176, 1710 MHz, 2619 MHz, 316.12 W, 700.00 W, 54, 41 %, 0x0000000000000000
2026/10/09 00:40:19.677, 1710 MHz, 2619 MHz, 301.39 W, 700.00 W, 51, 35 %, 0x0000000000000000
2026/10/09 00:40:20.177, 1710 MHz, 2619 MHz, 357.71 W, 700.00 W, 51, 29 %, 0x0000000000000000
2026/10/09 00:40:20.677, 1710 MHz, 2619 MHz, 368.18 W, 700.00 W, 51, 16 %, 0x0000000000000004
2026/10/09 00:40:21.178, 1710 MHz, 2619 MHz, 311.29 W, 700.00 W, 53, 24 %, 0x0000000000000000
2026/10/09 00:40:21.678, 1710 MHz, 2619 MHz, 313.08 W, 700.00 W, 50, 50 %, 0x0000000000000000
2026/10/09 00:40:22.179, 1710 MHz, 2619 MHz, 316.65 W, 700.00 W, 49, 43 %, 0x0000000000000000
2026/10/09 00:40:22.679, 1710 MHz, 2619 MHz, 308.74 W, 700.00 W, 54, 7 %, 0x0000000000000000
2026/10/09 00:40:23.180, 1710 MHz, 2619 MHz, 299.42 W, 700.00 W, 50, 6 %, 0x0000000000000000
2026/10/09 00:40:23.680, 1710 MHz, 2619 MHz, 363.31 W, 700.00 W, 51, 17 %, 0x0000000000000004
2026/10/09 00:40:24.180, 1710 MHz, 2619 MHz, 361.72 W, 700.00 W, 53, 46 %, 0x0000000000000000
2026/10/09 00:40:24.681, 1710 MHz, 2619 MHz, 304.35 W, 700.00 W, 53, 22 %, 0x0000000000000000
2026/10/09 00:40:25.181, 1710 MHz, 2619 MHz, 305.15 W, 700.00 W, 51, 0 %, 0x0000000000000000
2026/10/09 00:40:25.682, 1710 MHz, 2619 MHz, 320.82 W, 700.00 W, 50, 44 %, 0x0000000000000000
2026/10/09 00:40:26.183, 1650 MHz, 2619 MHz, 328.15 W, 700.00 W, 49, 44 %, 0x0000000000000000
2026/10/09 00:40:26.683, 1710 MHz, 2619 MHz, 318.48 W, 700.00 W, 52, 9 %, 0x0000000000000004
2026/10/09 00:40:27.183, 1620 MHz, 2619 MHz, 333.02 W, 700.00 W, 53, 88 %, 0x0000000000000004
2026/10/09 00:40:27.684, 1710 MHz, 2619 MHz, 343.07 W, 700.00 W, 51, 42 %, 0x0000000000000000
2026/10/09 00:40:28.184, 1710 MHz, 2619 MHz, 340.53 W, 700.00 W, 50, 41 %, 0x0000000000000000
2026/10/09 00:40:28.685, 1710 MHz, 2619 MHz, 324.91 W, 700.00 W, 52, 10 %, 0x0000000000000004
2026/10/09 00:40:29.185, 1710 MHz, 2619 MHz, 321.77 W, 700.00 W, 52, 22 %, 0x0000000000000000
2026/10/09 00:40:29.686, 1710 MHz, 2619 MHz, 313.75 W, 700.00 W, 50, 44 %, 0x0000000000000000
2026/10/09 00:40:30.186, 1620 MHz, 2619 MHz, 314.52 W, 700.00 W, 50, 43 %, 0x0000000000000000
2026/10/09 00:40:30.687, 1710 MHz, 2619 MHz, 317.95 W, 700.00 W, 53, 0 %, 0x0000000000000000
2026/10/09 00:40:31.187, 1710 MHz, 2619 MHz, 347.73 W, 700.00 W, 51, 20 %, 0x0000000000000000
2026/10/09 00:40:31.687, 1665 MHz, 2619 MHz, 354.01 W, 700.00 W, 50, 40 %, 0x0000000000000000
2026/10/09 00:40:32.188, 1710 MHz, 2619 MHz, 313.37 W, 700.00 W, 51, 44 %, 0x0000000000000004
2026/10/09 00:40:32.688, 1710 MHz, 2619 MHz, 303.37 W, 700.00 W, 54, 3 %, 0x0000000000000000
2026/10/09 00:40:33.189, 1710 MHz, 2619 MHz, 293.99 W, 700.00 W, 51, 13 %, 0x0000000000000000
2026/10/09 00:40:33.689, 1710 MHz, 2619 MHz, 308.88 W, 700.00 W, 50, 46 %, 0x0000000000000000
2026/10/09 00:40:34.190, 1710 MHz, 2619 MHz, 325.11 W, 700.00 W, 50, 32 %, 0x0000000000000000
2026/10/09 00:40:34.690, 1710 MHz, 2619 MHz, 339.26 W, 700.00 W, 56, 50 %, 0x0000000000000004
2026/10/09 00:40:35.190, 1710 MHz, 2619 MHz, 327.26 W, 700.00 W, 53, 43 %, 0x0000000000000000
2026/10/09 00:40:35.691, 1710 MHz, 2619 MHz, 282.89 W, 700.00 W, 55, 6 %, 0x0000000000000000
2026/10/09 00:40:36.191, 1710 MHz, 2619 MHz, 278.37 W, 700.00 W, 52, 14 %, 0x0000000000000000
2026/10/09 00:40:36.692, 1710 MHz, 2619 MHz, 281.09 W, 700.00 W, 51, 41 %, 0x0000000000000000
2026/10/09 00:40:37.192, 1710 MHz, 2619 MHz, 284.20 W, 700.00 W, 50, 15 %, 0x0000000000000000
2026/10/09 00:40:37.693, 1710 MHz, 2619 MHz, 293.27 W, 700.00 W, 50, 41 %, 0x0000000000000000
2026/10/09 00:40:38.193, 1710 MHz, 2619 MHz, 282.45 W, 700.00 W, 49, 42 %, 0x0000000000000000
2026/10/09 00:40:38.693, 1710 MHz, 2619 MHz, 314.23 W, 700.00 W, 52, 56 %, 0x0000000000000000
2026/10/09 00:40:39.194, 1710 MHz, 2619 MHz, 321.12 W, 700.00 W, 50, 9 %, 0x0000000000000000
2026/10/09 00:40:39.694, 1710 MHz, 2619 MHz, 295.54 W, 700.00 W, 50, 42 %, 0x0000000000000000
2026/10/09 00:40:40.195, 1710 MHz, 2619 MHz, 296.11 W, 700.00 W, 49, 42 %, 0x0000000000000000
2026/10/09 00:40:40.695, 1710 MHz, 2619 MHz, 279.99 W, 700.00 W, 49, 16 %, 0x0000000000000000
2026/10/09 00:40:41.196, 1710 MHz, 2619 MHz, 282.35 W, 700.00 W, 53, 41 %, 0x0000000000000000
2026/10/09 00:40:41.696, 1710 MHz, 2619 MHz, 280.40 W, 700.00 W, 54, 1 %, 0x0000000000000000
2026/10/09 00:40:42.197, 1710 MHz, 2619 MHz, 276.09 W, 700.00 W, 48, 49 %, 0x0000000000000000
2026/10/09 00:40:42.697, 1710 MHz, 2619 MHz, 313.80 W, 700.00 W, 52, 39 %, 0x0000000000000000
2026/10/09 00:40:43.197, 1710 MHz, 2619 MHz, 316.59 W, 700.00 W, 50, 4 %, 0x0000000000000000
2026/10/09 00:40:43.698, 1710 MHz, 2619 MHz, 293.73 W, 700.00 W, 50, 43 %, 0x0000000000000000
2026/10/09 00:40:44.198, 1710 MHz, 2619 MHz, 294.86 W, 700.00 W, 49, 54 %, 0x0000000000000000
2026/10/09 00:40:44.699, 1710 MHz, 2619 MHz, 278.73 W, 700.00 W, 52, 5 %, 0x0000000000000000
2026/10/09 00:40:45.199, 1710 MHz, 2619 MHz, 277.20 W, 700.00 W, 54, 39 %, 0x0000000000000000
2026/10/09 00:40:45.700, 1710 MHz, 2619 MHz, 276.07 W, 700.00 W, 51, 31 %, 0x0000000000000000
2026/10/09 00:40:46.200, 1710 MHz, 2619 MHz, 330.03 W, 700.00 W, 51, 41 %, 0x0000000000000000
2026/10/09 00:40:46.701, 1710 MHz, 2619 MHz, 332.71 W, 700.00 W, 51, 6 %, 0x0000000000000000
2026/10/09 00:40:47.201, 1710 MHz, 2619 MHz, 278.89 W, 700.00 W, 54, 42 %, 0x0000000000000000
2026/10/09 00:40:47.702, 1710 MHz, 2619 MHz, 278.93 W, 700.00 W, 53, 14 %, 0x0000000000000000
2026/10/09 00:40:48.202, 1710 MHz, 2619 MHz, 280.67 W, 700.00 W, 51, 8 %, 0x0000000000000000
2026/10/09 00:40:48.703, 1710 MHz, 2619 MHz, 276.38 W, 700.00 W, 50, 39 %, 0x0000000000000000
2026/10/09 00:40:49.203, 1710 MHz, 2619 MHz, 285.18 W, 700.00 W, 50, 14 %, 0x0000000000000000
2026/10/09 00:40:49.703, 1710 MHz, 2619 MHz, 279.83 W, 700.00 W, 49, 41 %, 0x0000000000000000
2026/10/09 00:40:50.204, 1710 MHz, 2619 MHz, 329.68 W, 700.00 W, 50, 40 %, 0x0000000000000000
2026/10/09 00:40:50.704, 1710 MHz, 2619 MHz, 333.08 W, 700.00 W, 52, 4 %, 0x0000000000000000
2026/10/09 00:40:51.205, 1710 MHz, 2619 MHz, 279.90 W, 700.00 W, 54, 38 %, 0x0000000000000000
2026/10/09 00:40:51.705, 1710 MHz, 2619 MHz, 273.39 W, 700.00 W, 51, 28 %, 0x0000000000000000
2026/10/09 00:40:52.206, 1710 MHz, 2619 MHz, 270.49 W, 700.00 W, 50, 0 %, 0x0000000000000000
2026/10/09 00:40:52.706, 1710 MHz, 2619 MHz, 288.22 W, 700.00 W, 50, 40 %, 0x0000000000000000
2026/10/09 00:40:53.207, 1710 MHz, 2619 MHz, 300.12 W, 700.00 W, 49, 40 %, 0x0000000000000000
2026/10/09 00:40:53.707, 1710 MHz, 2619 MHz, 316.30 W, 700.00 W, 56, 62 %, 0x0000000000000004
2026/10/09 00:40:54.207, 1710 MHz, 2619 MHz, 304.97 W, 700.00 W, 54, 41 %, 0x0000000000000000
2026/10/09 00:40:54.708, 1710 MHz, 2619 MHz, 275.90 W, 700.00 W, 52, 19 %, 0x0000000000000000
2026/10/09 00:40:55.208, 1710 MHz, 2619 MHz, 279.38 W, 700.00 W, 51, 0 %, 0x0000000000000000
2026/10/09 00:40:55.709, 1710 MHz, 2619 MHz, 284.88 W, 700.00 W, 50, 39 %, 0x0000000000000000
2026/10/09 00:40:56.210, 1710 MHz, 2619 MHz, 294.09 W, 700.00 W, 49, 36 %, 0x0000000000000000
2026/10/09 00:40:56.710, 1710 MHz, 2619 MHz, 297.96 W, 700.00 W, 49, 22 %, 0x0000000000000000
2026/10/09 00:40:57.210, 1710 MHz, 2619 MHz, 283.29 W, 700.00 W, 53, 41 %, 0x0000000000000000
2026/10/09 00:40:57.711, 1710 MHz, 2619 MHz, 315.75 W, 700.00 W, 55, 0 %, 0x0000000000000000
2026/10/09 00:40:58.211, 1710 MHz, 2619 MHz, 320.38 W, 700.00 W, 55, 38 %, 0x0000000000000000
2026/10/09 00:40:58.712, 1710 MHz, 2619 MHz, 282.10 W, 700.00 W, 54, 13 %, 0x0000000000000000
2026/10/09 00:40:59.212, 1710 MHz, 2619 MHz, 281.89 W, 700.00 W, 52, 19 %, 0x0000000000000000
2026/10/09 00:40:59.713, 1710 MHz, 2619 MHz, 281.99 W, 700.00 W, 51, 33 %, 0x0000000000000000
2026/10/09 00:41:00.213, 1710 MHz, 2619 MHz, 280.60 W, 700.00 W, 51, 0 %, 0x0000000000000000
2026/10/09 00:41:00.714, 1710 MHz, 2619 MHz, 279.68 W, 700.00 W, 50, 43 %, 0x0000000000000000
2026/10/09 00:41:01.214, 1710 MHz, 2619 MHz, 286.28 W, 700.00 W, 50, 0 %, 0x0000000000000000
2026/10/09 00:41:01.715, 1710 MHz, 2619 MHz, 336.95 W, 700.00 W, 54, 0 %, 0x0000000000000000
2026/10/09 00:41:02.215, 1710 MHz, 2619 MHz, 325.71 W, 700.00 W, 55, 33 %, 0x0000000000000000
2026/10/09 00:41:02.716, 1710 MHz, 2619 MHz, 274.05 W, 700.00 W, 51, 32 %, 0x0000000000000000
2026/10/09 00:41:03.216, 1710 MHz, 2619 MHz, 279.48 W, 700.00 W, 50, 0 %, 0x0000000000000000
2026/10/09 00:41:03.717, 1710 MHz, 2619 MHz, 294.56 W, 700.00 W, 50, 40 %, 0x0000000000000000
2026/10/09 00:41:04.217, 1710 MHz, 2619 MHz, 288.88 W, 700.00 W, 49, 41 %, 0x0000000000000000
2026/10/09 00:41:04.717, 1710 MHz, 2619 MHz, 275.54 W, 700.00 W, 49, 13 %, 0x0000000000000000
2026/10/09 00:41:05.218, 1710 MHz, 2619 MHz, 313.86 W, 700.00 W, 57, 42 %, 0x0000000000000000
2026/10/09 00:41:05.718, 1710 MHz, 2619 MHz, 313.02 W, 700.00 W, 54, 0 %, 0x0000000000000000
2026/10/09 00:41:06.219, 1710 MHz, 2619 MHz, 285.70 W, 700.00 W, 55, 35 %, 0x0000000000000000
2026/10/09 00:41:06.719, 1710 MHz, 2619 MHz, 288.04 W, 700.00 W, 53, 18 %, 0x0000000000000000
2026/10/09 00:41:07.220, 1710 MHz, 2619 MHz, 288.41 W, 700.00 W, 51, 15 %, 0x0000000000000000
2026/10/09 00:41:07.720, 1710 MHz, 2619 MHz, 285.18 W, 700.00 W, 51, 38 %, 0x0000000000000000
2026/10/09 00:41:08.221, 1710 MHz, 2619 MHz, 288.75 W, 700.00 W, 50, 0 %, 0x0000000000000000
2026/10/09 00:41:08.721, 1710 MHz, 2619 MHz, 290.79 W, 700.00 W, 50, 43 %, 0x0000000000000000
2026/10/09 00:41:09.222, 1710 MHz, 2619 MHz, 336.67 W, 700.00 W, 53, 49 %, 0x0000000000000000
2026/10/09 00:41:09.722, 1710 MHz, 2619 MHz, 336.34 W, 700.00 W, 54, 0 %, 0x0000000000000000
2026/10/09 00:41:10.223, 1710 MHz, 2619 MHz, 283.61 W, 700.00 W, 52, 19 %, 0x0000000000000000
2026/10/09 00:41:10.723, 1710 MHz, 2619 MHz, 279.40 W, 700.00 W, 50, 42 %, 0x0000000000000000
2026/10/09 00:41:11.224, 1710 MHz, 2619 MHz, 290.01 W, 700.00 W, 50, 10 %, 0x0000000000000000
2026/10/09 00:41:11.724, 1710 MHz, 2619 MHz, 300.47 W, 700.00 W, 49, 41 %, 0x0000000000000000
2026/10/09 00:41:12.225, 1710 MHz, 2619 MHz, 302.12 W, 700.00 W, 49, 42 %, 0x0000000000000000
2026/10/09 00:41:12.725, 1710 MHz, 2619 MHz, 277.83 W, 700.00 W, 49, 0 %, 0x0000000000000000
2026/10/09 00:41:13.226, 1710 MHz, 2619 MHz, 312.97 W, 700.00 W, 55, 41 %, 0x0000000000000000
2026/10/09 00:41:13.726, 1710 MHz, 2619 MHz, 324.79 W, 700.00 W, 52, 24 %, 0x0000000000000000
2026/10/09 00:41:14.227, 1710 MHz, 2619 MHz, 279.36 W, 700.00 W, 50, 0 %, 0x0000000000000000
2026/10/09 00:41:14.727, 1710 MHz, 2619 MHz, 290.57 W, 700.00 W, 50, 42 %, 0x0000000000000000
2026/10/09 00:41:15.227, 1710 MHz, 2619 MHz, 304.05 W, 700.00 W, 49, 36 %, 0x0000000000000000
2026/10/09 00:41:15.728, 1710 MHz, 2619 MHz, 296.45 W, 700.00 W, 49, 23 %, 0x0000000000000000
2026/10/09 00:41:16.229, 1710 MHz, 2619 MHz, 284.42 W, 700.00 W, 53, 41 %, 0x0000000000000000
2026/10/09 00:41:16.729, 1710 MHz, 2619 MHz, 324.99 W, 700.00 W, 52, 65 %, 0x0000000000000000
2026/10/09 00:41:17.229, 1710 MHz, 2619 MHz, 332.40 W, 700.00 W, 49, 41 %, 0x0000000000000000
2026/10/09 00:41:17.730, 1710 MHz, 2619 MHz, 299.92 W, 700.00 W, 52, 7 %, 0x0000000000000000
2026/10/09 00:41:18.230, 1710 MHz, 2619 MHz, 282.20 W, 700.00 W, 54, 33 %, 0x0000000000000000
2026/10/09 00:41:18.731, 1710 MHz, 2619 MHz, 279.93 W, 700.00 W, 50, 39 %, 0x0000000000000000
2026/10/09 00:41:19.231, 1710 MHz, 2619 MHz, 293.19 W, 700.00 W, 50, 15 %, 0x0000000000000000
2026/10/09 00:41:19.732, 1710 MHz, 2619 MHz, 305.34 W, 700.00 W, 49, 38 %, 0x0000000000000000
2026/10/09 00:41:20.232, 1710 MHz, 2619 MHz, 283.42 W, 700.00 W, 49, 6 %, 0x0000000000000000
2026/10/09 00:41:20.732, 1710 MHz, 2619 MHz, 315.60 W, 700.00 W, 54, 0 %, 0x0000000000000000
2026/10/09 00:41:21.233, 1710 MHz, 2619 MHz, 330.46 W, 700.00 W, 53, 25 %, 0x0000000000000000
2026/10/09 00:41:21.733, 1710 MHz, 2619 MHz, 279.23 W, 700.00 W, 50, 40 %, 0x0000000000000000
2026/10/09 00:41:22.234, 1710 MHz, 2619 MHz, 287.82 W, 700.00 W, 50, 5 %, 0x0000000000000000
2026/10/09 00:41:22.734, 1710 MHz, 2619 MHz, 289.68 W, 700.00 W, 49, 42 %, 0x0000000000000000
2026/10/09 00:41:23.235, 1710 MHz, 2619 MHz, 290.52 W, 700.00 W, 49, 49 %, 0x0000000000000000
2026/10/09 00:41:23.735, 1710 MHz, 2619 MHz, 278.79 W, 700.00 W, 52, 4 %, 0x0000000000000000
2026/10/09 00:41:24.236, 1710 MHz, 2619 MHz, 314.43 W, 700.00 W, 52, 0 %, 0x0000000000000000
2026/10/09 00:41:24.736, 1710 MHz, 2619 MHz, 323.77 W, 700.00 W, 50, 42 %, 0x0000000000000000
2026/10/09 00:41:25.236, 1710 MHz, 2619 MHz, 304.49 W, 700.00 W, 49, 21 %, 0x0000000000000000
2026/10/09 00:41:25.737, 1710 MHz, 2619 MHz, 299.31 W, 700.00 W, 49, 43 %, 0x0000000000000000
2026/10/09 00:41:26.237, 1710 MHz, 2619 MHz, 300.83 W, 700.00 W, 49, 40 %, 0x0000000000000000
2026/10/09 00:41:26.738, 1710 MHz, 2619 MHz, 291.63 W, 700.00 W, 49, 29 %, 0x0000000000000000
2026/10/09 00:41:27.238, 1710 MHz, 2619 MHz, 293.31 W, 700.00 W, 49, 42 %, 0x0000000000000000
2026/10/09 00:41:27.739, 1710 MHz, 2619 MHz, 287.46 W, 700.00 W, 49, 9 %, 0x0000000000000000
2026/10/09 00:41:28.239, 1710 MHz, 2619 MHz, 312.73 W, 700.00 W, 54, 40 %, 0x0000000000000000
2026/10/09 00:41:28.740, 1710 MHz, 2619 MHz, 307.81 W, 700.00 W, 54, 11 %, 0x0000000000000000
2026/10/09 00:41:29.240, 1710 MHz, 2619 MHz, 274.89 W, 700.00 W, 51, 5 %, 0x0000000000000000
2026/10/09 00:41:29.741, 1710 MHz, 2619 MHz, 286.44 W, 700.00 W, 50, 41 %, 0x0000000000000000
2026/10/09 00:41:30.241, 1710 MHz, 2619 MHz, 301.32 W, 700.00 W, 49, 28 %, 0x0000000000000000
2026/10/09 00:41:30.741, 1710 MHz, 2619 MHz, 296.42 W, 700.00 W, 49, 29 %, 0x0000000000000000
2026/10/09 00:41:31.242, 1710 MHz, 2619 MHz, 284.69 W, 700.00 W, 52, 47 %, 0x0000000000000000
2026/10/09 00:41:31.742, 1710 MHz, 2619 MHz, 282.53 W, 700.00 W, 48, 0 %, 0x0000000000000000
2026/10/09 00:41:32.243, 1710 MHz, 2619 MHz, 309.30 W, 700.00 W, 52, 17 %, 0x0000000000000000
2026/10/09 00:41:32.743, 1710 MHz, 2619 MHz, 318.82 W, 700.00 W, 50, 41 %, 0x0000000000000000
2026/10/09 00:41:33.244, 1710 MHz, 2619 MHz, 290.71 W, 700.00 W, 49, 16 %, 0x0000000000000000
2026/10/09 00:41:33.744, 1710 MHz, 2619 MHz, 290.81 W, 700.00 W, 49, 40 %, 0x0000000000000000
2026/10/09 00:41:34.244, 1710 MHz, 2619 MHz, 280.69 W, 700.00 W, 49, 41 %, 0x0000000000000000
2026/10/09 00:41:34.745, 1710 MHz, 2619 MHz, 285.31 W, 700.00 W, 53, 0 %, 0x0000000000000000
2026/10/09 00:41:35.245, 1710 MHz, 2619 MHz, 286.20 W, 700.00 W, 52, 22 %, 0x0000000000000000
2026/10/09 00:41:35.746, 1710 MHz, 2619 MHz, 309.63 W, 700.00 W, 53, 98 %, 0x0000000000000000
2026/10/09 00:41:36.246, 1710 MHz, 2619 MHz, 313.01 W, 700.00 W, 50, 0 %, 0x0000000000000000
2026/10/09 00:41:36.747, 1710 MHz, 2619 MHz, 291.29 W, 700.00 W, 49, 42 %, 0x0000000000000000
2026/10/09 00:41:37.247, 1710 MHz, 2619 MHz, 304.76 W, 700.00 W, 49, 34 %, 0x0000000000000000
2026/10/09 00:41:37.748, 1710 MHz, 2619 MHz, 298.14 W, 700.00 W, 49, 27 %, 0x0000000000000000
2026/10/09 00:41:38.248, 1710 MHz, 2619 MHz, 294.43 W, 700.00 W, 50, 42 %, 0x0000000000000000
2026/10/09 00:41:38.749, 1710 MHz, 2619 MHz, 285.52 W, 700.00 W, 53, 0 %, 0x0000000000000000
2026/10/09 00:41:39.249, 1710 MHz, 2619 MHz, 283.96 W, 700.00 W, 53, 29 %, 0x0000000000000000
2026/10/09 00:41:39.750, 1710 MHz, 2619 MHz, 335.74 W, 700.00 W, 50, 39 %, 0x0000000000000000
2026/10/09 00:41:40.250, 1710 MHz, 2619 MHz, 329.98 W, 700.00 W, 49, 52 %, 0x0000000000000000
2026/10/09 00:41:40.751, 1710 MHz, 2619 MHz, 280.01 W, 700.00 W, 53, 0 %, 0x0000000000000000
2026/10/09 00:41:41.251, 1710 MHz, 2619 MHz, 280.65 W, 700.00 W, 53, 19 %, 0x0000000000000000
2026/10/09 00:41:41.751, 1710 MHz, 2619 MHz, 278.90 W, 700.00 W, 50, 41 %, 0x0000000000000000
2026/10/09 00:41:42.252, 1710 MHz, 2619 MHz, 293.62 W, 700.00 W, 50, 6 %, 0x0000000000000000
2026/10/09 00:41:42.752, 1710 MHz, 2619 MHz, 291.78 W, 700.00 W, 49, 41 %, 0x0000000000000000
2026/10/09 00:41:43.253, 1710 MHz, 2619 MHz, 310.80 W, 700.00 W, 55, 88 %, 0x0000000000000004
2026/10/09 00:41:43.753, 1710 MHz, 2619 MHz, 312.92 W, 700.00 W, 50, 10 %, 0x0000000000000000
2026/10/09 00:41:44.254, 1710 MHz, 2619 MHz, 284.46 W, 700.00 W, 53, 41 %, 0x0000000000000000
2026/10/09 00:41:44.754, 1710 MHz, 2619 MHz, 274.76 W, 700.00 W, 54, 9 %, 0x0000000000000000
2026/10/09 00:41:45.255, 1710 MHz, 2619 MHz, 266.62 W, 700.00 W, 51, 15 %, 0x0000000000000000
2026/10/09 00:41:45.755, 1710 MHz, 2619 MHz, 276.80 W, 700.00 W, 50, 42 %, 0x0000000000000000
2026/10/09 00:41:46.255, 1710 MHz, 2619 MHz, 292.57 W, 700.00 W, 50, 5 %, 0x0000000000000000
2026/10/09 00:41:46.756, 1710 MHz, 2619 MHz, 299.16 W, 700.00 W, 49, 48 %, 0x0000000000000000
2026/10/09 00:41:47.256, 1710 MHz, 2619 MHz, 321.66 W, 700.00 W, 56, 13 %, 0x0000000000000000
2026/10/09 00:41:47.757, 1710 MHz, 2619 MHz, 308.76 W, 700.00 W, 51, 30 %, 0x0000000000000000
2026/10/09 00:41:48.257, 1710 MHz, 2619 MHz, 289.48 W, 700.00 W, 50, 0 %, 0x0000000000000000
2026/10/09 00:41:48.758, 1710 MHz, 2619 MHz, 298.52 W, 700.00 W, 49, 40 %, 0x0000000000000000
2026/10/09 00:41:49.258, 1710 MHz, 2619 MHz, 296.33 W, 700.00 W, 49, 40 %, 0x0000000000000000
2026/10/09 00:41:49.758, 1710 MHz, 2619 MHz, 284.52 W, 700.00 W, 49, 15 %, 0x0000000000000000
2026/10/09 00:41:50.259, 1710 MHz, 2619 MHz, 273.70 W, 700.00 W, 53, 41 %, 0x0000000000000000
2026/10/09 00:41:50.759, 1650 MHz, 2619 MHz, 322.30 W, 700.00 W, 52, 0 %, 0x0000000000000004
2026/10/09 00:41:51.260, 1710 MHz, 2619 MHz, 353.83 W, 700.00 W, 50, 3 %, 0x0000000000000000
2026/10/09 00:41:51.760, 1710 MHz, 2619 MHz, 341.16 W, 700.00 W, 49, 45 %, 0x0000000000000000
2026/10/09 00:41:52.260, 1710 MHz, 2619 MHz, 313.74 W, 700.00 W, 49, 44 %, 0x0000000000000000
2026/10/09 00:41:52.761, 1710 MHz, 2619 MHz, 301.08 W, 700.00 W, 52, 2 %, 0x0000000000000000
2026/10/09 00:41:53.261, 1710 MHz, 2619 MHz, 293.26 W, 700.00 W, 53, 32 %, 0x0000000000000000
2026/10/09 00:41:53.762, 1710 MHz, 2619 MHz, 306.96 W, 700.00 W, 50, 40 %, 0x0000000000000000
2026/10/09 00:41:54.262, 1710 MHz, 2619 MHz, 324.21 W, 700.00 W, 49, 12 %, 0x0000000000000000
2026/10/09 00:41:54.763, 1710 MHz, 2619 MHz, 362.91 W, 700.00 W, 52, 14 %, 0x0000000000000004
2026/10/09 00:41:55.263, 1710 MHz, 2619 MHz, 353.87 W, 700.00 W, 52, 25 %, 0x0000000000000000
2026/10/09 00:41:55.764, 1710 MHz, 2619 MHz, 327.21 W, 700.00 W, 50, 43 %, 0x0000000000000000
2026/10/09 00:41:56.264, 1710 MHz, 2619 MHz, 329.30 W, 700.00 W, 49, 43 %, 0x0000000000000004
2026/10/09 00:41:56.765, 1710 MHz, 2619 MHz, 313.67 W, 700.00 W, 49, 5 %, 0x0000000000000000
2026/10/09 00:41:57.265, 1710 MHz, 2619 MHz, 316.02 W, 700.00 W, 53, 1 %, 0x0000000000000000
2026/10/09 00:41:57.766, 1710 MHz, 2619 MHz, 328.41 W, 700.00 W, 50, 44 %, 0x0000000000000000
2026/10/09 00:41:58.266, 1710 MHz, 2619 MHz, 360.40 W, 700.00 W, 51, 28 %, 0x0000000000000000
2026/10/09 00:41:58.767, 1710 MHz, 2619 MHz, 346.00 W, 700.00 W, 52, 41 %, 0x0000000000000000
2026/10/09 00:41:59.267, 1710 MHz, 2619 MHz, 316.26 W, 700.00 W, 51, 30 %, 0x0000000000000000
2026/10/09 00:41:59.767, 1710 MHz, 2619 MHz, 310.99 W, 700.00 W, 50, 24 %, 0x0000000000000004
2026/10/09 00:42:00.268, 1710 MHz, 2619 MHz, 296.53 W, 700.00 W, 49, 37 %, 0x0000000000000000
2026/10/09 00:42:00.768, 1710 MHz, 2619 MHz, 305.74 W, 700.00 W, 53, 43 %, 0x0000000000000000
2026/10/09 00:42:01.269, 1650 MHz, 2619 MHz, 321.92 W, 700.00 W, 51, 34 %, 0x0000000000000000
2026/10/09 00:42:01.769, 1560 MHz, 2619 MHz, 337.05 W, 700.00 W, 55, 16 %, 0x0000000000000004
2026/10/09 00:42:02.270, 1710 MHz, 2619 MHz, 348.20 W, 700.00 W, 53, 2 %, 0x0000000000000000
2026/10/09 00:42:02.770, 1620 MHz, 2619 MHz, 347.74 W, 700.00 W, 51, 44 %, 0x0000000000000000
2026/10/09 00:42:03.271, 1710 MHz, 2619 MHz, 321.90 W, 700.00 W, 50, 43 %, 0x0000000000000004
2026/10/09 00:42:03.771, 1710 MHz, 2619 MHz, 306.81 W, 700.00 W, 51, 26 %, 0x0000000000000000
2026/10/09 00:42:04.271, 1695 MHz, 2619 MHz, 330.11 W, 700.00 W, 52, 21 %, 0x0000000000000000
2026/10/09 00:42:04.772, 1710 MHz, 2619 MHz, 325.50 W, 700.00 W, 50, 26 %, 0x0000000000000004
2026/10/09 00:42:05.272, 1710 MHz, 2619 MHz, 309.16 W, 700.00 W, 49, 31 %, 0x0000000000000000
2026/10/09 00:42:05.773, 1665 MHz, 2619 MHz, 352.26 W, 700.00 W, 52, 44 %, 0x0000000000000000
2026/10/09 00:42:06.274, 1710 MHz, 2619 MHz, 338.66 W, 700.00 W, 50, 44 %, 0x0000000000000000
2026/10/09 00:42:06.774, 1665 MHz, 2619 MHz, 324.48 W, 700.00 W, 51, 37 %, 0x0000000000000000
2026/10/09 00:42:07.275, 1710 MHz, 2619 MHz, 314.32 W, 700.00 W, 50, 20 %, 0x0000000000000004
2026/10/09 00:42:07.775, 1710 MHz, 2619 MHz, 298.31 W, 700.00 W, 49, 44 %, 0x0000000000000000
2026/10/09 00:42:08.275, 1710 MHz, 2619 MHz, 297.88 W, 700.00 W, 50, 29 %, 0x0000000000000000
2026/10/09 00:42:08.776, 1710 MHz, 2619 MHz, 318.91 W, 700.00 W, 53, 5 %, 0x0000000000000000
2026/10/09 00:42:09.276, 1710 MHz, 2619 MHz, 356.51 W, 700.00 W, 51, 1 %, 0x0000000000000004
2026/10/09 00:42:09.777, 1710 MHz, 2619 MHz, 345.18 W, 700.00 W, 49, 45 %, 0x0000000000000000
2026/10/09 00:42:10.277, 1710 MHz, 2619 MHz, 300.23 W, 700.00 W, 49, 23 %, 0x0000000000000000
2026/10/09 00:42:10.778, 1710 MHz, 2619 MHz, 302.93 W, 700.00 W, 52, 0 %, 0x0000000000000000
2026/10/09 00:42:11.279, 1710 MHz, 2619 MHz, 314.65 W, 700.00 W, 54, 43 %, 0x0000000000000000
2026/10/09 00:42:11.779, 1710 MHz, 2619 MHz, 322.00 W, 700.00 W, 51, 35 %, 0x0000000000000000
2026/10/09 00:42:12.279, 1710 MHz, 2619 MHz, 313.87 W, 700.00 W, 50, 28 %, 0x0000000000000000
2026/10/09 00:42:12.780, 1650 MHz, 2619 MHz, 328.82 W, 700.00 W, 55, 62 %, 0x0000000000000000
2026/10/09 00:42:13.280, 1710 MHz, 2619 MHz, 330.51 W, 700.00 W, 51, 38 %, 0x0000000000000000
2026/10/09 00:42:13.781, 1710 MHz, 2619 MHz, 323.39 W, 700.00 W, 53, 0 %, 0x0000000000000000
2026/10/09 00:42:14.281, 1710 MHz, 2619 MHz, 315.90 W, 700.00 W, 54, 45 %, 0x0000000000000000
2026/10/09 00:42:14.782, 1710 MHz, 2619 MHz, 307.41 W, 700.00 W, 52, 22 %, 0x0000000000000000
2026/10/09 00:42:15.282, 1710 MHz, 2619 MHz, 315.16 W, 700.00 W, 51, 31 %, 0x0000000000000000
2026/10/09 00:42:15.783, 1665 MHz, 2619 MHz, 307.55 W, 700.00 W, 50, 44 %, 0x0000000000000000
2026/10/09 00:42:16.283, 1695 MHz, 2619 MHz, 297.17 W, 700.00 W, 50, 17 %, 0x0000000000000004
2026/10/09 00:42:16.784, 1620 MHz, 2619 MHz, 329.06 W, 700.00 W, 55, 79 %, 0x0000000000000004
2026/10/09 00:42:17.284, 1710 MHz, 2619 MHz, 350.02 W, 700.00 W, 53, 42 %, 0x0000000000000000
2026/10/09 00:42:17.785, 1710 MHz, 2619 MHz, 326.07 W, 700.00 W, 50, 42 %, 0x0000000000000000
2026/10/09 00:42:18.285, 1710 MHz, 2619 MHz, 306.00 W, 700.00 W, 49, 0 %, 0x0000000000000000
2026/10/09 00:42:18.786, 1710 MHz, 2619 MHz, 297.69 W, 700.00 W, 50, 15 %, 0x0000000000000000
2026/10/09 00:42:19.286, 1710 MHz, 2619 MHz, 321.09 W, 700.00 W, 54, 42 %, 0x0000000000000000
2026/10/09 00:42:19.787, 1710 MHz, 2619 MHz, 321.11 W, 700.00 W, 50, 42 %, 0x0000000000000000
2026/10/09 00:42:20.287, 1710 MHz, 2619 MHz, 309.69 W, 700.00 W, 49, 2 %, 0x0000000000000000
2026/10/09 00:42:20.787, 1710 MHz, 2619 MHz, 342.91 W, 700.00 W, 54, 0 %, 0x0000000000000000
2026/10/09 00:42:21.288, 1710 MHz, 2619 MHz, 347.79 W, 700.00 W, 51, 45 %, 0x0000000000000000
2026/10/09 00:42:21.788, 1710 MHz, 2619 MHz, 303.80 W, 700.00 W, 50, 43 %, 0x0000000000000000
2026/10/09 00:42:22.289, 1710 MHz, 2619 MHz, 299.58 W, 700.00 W, 50, 11 %, 0x0000000000000004
2026/10/09 00:42:22.789, 1710 MHz, 2619 MHz, 292.55 W, 700.00 W, 49, 42 %, 0x0000000000000000
2026/10/09 00:42:23.290, 1710 MHz, 2619 MHz, 292.69 W, 700.00 W, 49, 28 %, 0x0000000000000000
2026/10/09 00:42:23.790, 1710 MHz, 2619 MHz, 311.48 W, 700.00 W, 53, 0 %, 0x0000000000000000
2026/10/09 00:42:24.291, 1710 MHz, 2619 MHz, 345.83 W, 700.00 W, 51, 78 %, 0x0000000000000004
2026/10/09 00:42:24.791, 1710 MHz, 2619 MHz, 339.45 W, 700.00 W, 49, 31 %, 0x0000000000000000
2026/10/09 00:42:25.292, 1710 MHz, 2619 MHz, 305.07 W, 700.00 W, 53, 43 %, 0x0000000000000000
2026/10/09 00:42:25.792, 1680 MHz, 2619 MHz, 320.11 W, 700.00 W, 51, 27 %, 0x0000000000000000
2026/10/09 00:42:26.292, 1710 MHz, 2619 MHz, 318.49 W, 700.00 W, 50, 28 %, 0x0000000000000000
2026/10/09 00:42:26.793, 1710 MHz, 2619 MHz, 301.86 W, 700.00 W, 49, 44 %, 0x0000000000000000
2026/10/09 00:42:27.293, 1710 MHz, 2619 MHz, 294.38 W, 700.00 W, 51, 31 %, 0x0000000000000000
2026/10/09 00:42:27.794, 1710 MHz, 2619 MHz, 306.92 W, 700.00 W, 52, 0 %, 0x0000000000000000
2026/10/09 00:42:28.295, 1710 MHz, 2619 MHz, 356.71 W, 700.00 W, 50, 34 %, 0x0000000000000000
2026/10/09 00:42:28.795, 1710 MHz, 2619 MHz, 347.27 W, 700.00 W, 49, 49 %, 0x0000000000000000
2026/10/09 00:42:29.295, 1710 MHz, 2619 MHz, 292.31 W, 700.00 W, 49, 4 %, 0x0000000000000000
2026/10/09 00:42:29.796, 1710 MHz, 2619 MHz, 298.01 W, 700.00 W, 49, 49 %, 0x0000000000000000
2026/10/09 00:42:30.296, 1710 MHz, 2619 MHz, 294.49 W, 700.00 W, 49, 12 %, 0x0000000000000000
2026/10/09 00:42:30.797, 1710 MHz, 2619 MHz, 288.69 W, 700.00 W, 48, 22 %, 0x0000000000000000
2026/10/09 00:42:31.298, 1710 MHz, 2619 MHz, 298.63 W, 700.00 W, 51, 43 %, 0x0000000000000000
2026/10/09 00:42:31.799, 1710 MHz, 2619 MHz, 359.89 W, 700.00 W, 52, 97 %, 0x0000000000000000
2026/10/09 00:42:32.299, 1710 MHz, 2619 MHz, 354.49 W, 700.00 W, 50, 36 %, 0x0000000000000000
2026/10/09 00:42:32.800, 1710 MHz, 2619 MHz, 293.23 W, 700.00 W, 49, 49 %, 0x0000000000000000
2026/10/09 00:42:33.300, 1710 MHz, 2619 MHz, 293.18 W, 700.00 W, 49, 8 %, 0x0000000000000000
2026/10/09 00:42:33.801, 1710 MHz, 2619 MHz, 294.26 W, 700.00 W, 49, 50 %, 0x0000000000000000
2026/10/09 00:42:34.301, 1710 MHz, 2619 MHz, 296.15 W, 700.00 W, 49, 13 %, 0x0000000000000000
2026/10/09 00:42:34.802, 1710 MHz, 2619 MHz, 294.30 W, 700.00 W, 48, 22 %, 0x0000000000000000
2026/10/09 00:42:35.303, 1710 MHz, 2619 MHz, 295.52 W, 700.00 W, 51, 42 %, 0x0000000000000000
2026/10/09 00:42:35.804, 1710 MHz, 2619 MHz, 355.05 W, 700.00 W, 52, 25 %, 0x0000000000000000
2026/10/09 00:42:36.304, 1710 MHz, 2619 MHz, 352.15 W, 700.00 W, 50, 29 %, 0x0000000000000000
2026/10/09 00:42:36.805, 1710 MHz, 2619 MHz, 302.60 W, 700.00 W, 50, 48 %, 0x0000000000000000
2026/10/09 00:42:37.305, 1710 MHz, 2619 MHz, 294.11 W, 700.00 W, 49, 16 %, 0x0000000000000000
2026/10/09 00:42:37.806, 1710 MHz, 2619 MHz, 288.86 W, 700.00 W, 49, 50 %, 0x0000000000000000
2026/10/09 00:42:38.306, 1710 MHz, 2619 MHz, 290.57 W, 700.00 W, 49, 1 %, 0x0000000000000000
2026/10/09 00:42:38.807, 1710 MHz, 2619 MHz, 294.26 W, 700.00 W, 49, 30 %, 0x0000000000000000
2026/10/09 00:42:39.308, 1710 MHz, 2619 MHz, 294.57 W, 700.00 W, 49, 34 %, 0x0000000000000000
2026/10/09 00:42:39.808, 1710 MHz, 2619 MHz, 360.30 W, 700.00 W, 52, 29 %, 0x0000000000000000
2026/10/09 00:42:40.309, 1710 MHz, 2619 MHz, 361.95 W, 700.00 W, 50, 46 %, 0x0000000000000000
2026/10/09 00:42:40.809, 1710 MHz, 2619 MHz, 308.55 W, 700.00 W, 50, 50 %, 0x0000000000000000
2026/10/09 00:42:41.310, 1710 MHz, 2619 MHz, 301.21 W, 700.00 W, 49, 14 %, 0x0000000000000000
2026/10/09 00:42:41.810, 1710 MHz, 2619 MHz, 292.80 W, 700.00 W, 49, 48 %, 0x0000000000000000
2026/10/09 00:42:42.311, 1710 MHz, 2619 MHz, 291.28 W, 700.00 W, 49, 3 %, 0x0000000000000000
2026/10/09 00:42:42.812, 1710 MHz, 2619 MHz, 297.82 W, 700.00 W, 49, 30 %, 0x0000000000000000
2026/10/09 00:42:43.313, 1680 MHz, 2619 MHz, 352.85 W, 700.00 W, 55, 25 %, 0x0000000000000004
2026/10/09 00:42:43.813, 1695 MHz, 2619 MHz, 366.48 W, 700.00 W, 51, 32 %, 0x0000000000000000
2026/10/09 00:42:44.314, 1710 MHz, 2619 MHz, 312.56 W, 700.00 W, 50, 31 %, 0x0000000000000000
2026/10/09 00:42:44.814, 1710 MHz, 2619 MHz, 302.45 W, 700.00 W, 49, 47 %, 0x0000000000000000
2026/10/09 00:42:45.315, 1710 MHz, 2619 MHz, 301.47 W, 700.00 W, 49, 16 %, 0x0000000000000000
2026/10/09 00:42:45.816, 1710 MHz, 2619 MHz, 304.29 W, 700.00 W, 52, 0 %, 0x0000000000000000
2026/10/09 00:42:46.316, 1710 MHz, 2619 MHz, 324.85 W, 700.00 W, 53, 45 %, 0x0000000000000000
2026/10/09 00:42:46.817, 1710 MHz, 2619 MHz, 330.09 W, 700.00 W, 50, 46 %, 0x0000000000000000
2026/10/09 00:42:47.317, 1710 MHz, 2619 MHz, 352.63 W, 700.00 W, 50, 0 %, 0x0000000000000000
2026/10/09 00:42:47.818, 1710 MHz, 2619 MHz, 348.43 W, 700.00 W, 49, 22 %, 0x0000000000000000
2026/10/09 00:42:48.318, 1710 MHz, 2619 MHz, 320.20 W, 700.00 W, 52, 46 %, 0x0000000000000000
2026/10/09 00:42:48.819, 1710 MHz, 2619 MHz, 330.07 W, 700.00 W, 52, 24 %, 0x0000000000000000
2026/10/09 00:42:49.319, 1710 MHz, 2619 MHz, 319.95 W, 700.00 W, 50, 39 %, 0x0000000000000000
2026/10/09 00:42:49.819, 1710 MHz, 2619 MHz, 307.48 W, 700.00 W, 50, 46 %, 0x0000000000000004
2026/10/09 00:42:50.320, 1710 MHz, 2619 MHz, 305.49 W, 700.00 W, 49, 7 %, 0x0000000000000000
2026/10/09 00:42:50.821, 1665 MHz, 2619 MHz, 354.30 W, 700.00 W, 56, 97 %, 0x0000000000000004
2026/10/09 00:42:51.321, 1710 MHz, 2619 MHz, 362.31 W, 700.00 W, 52, 51 %, 0x0000000000000000
2026/10/09 00:42:51.822, 1710 MHz, 2619 MHz, 304.93 W, 700.00 W, 50, 47 %, 0x0000000000000000
2026/10/09 00:42:52.322, 1710 MHz, 2619 MHz, 298.40 W, 700.00 W, 50, 17 %, 0x0000000000000000
2026/10/09 00:42:52.823, 1710 MHz, 2619 MHz, 295.66 W, 700.00 W, 49, 46 %, 0x0000000000000000
2026/10/09 00:42:53.323, 1710 MHz, 2619 MHz, 310.02 W, 700.00 W, 49, 26 %, 0x0000000000000000
2026/10/09 00:42:53.824, 1710 MHz, 2619 MHz, 317.35 W, 700.00 W, 52, 3 %, 0x0000000000000000
2026/10/09 00:42:54.324, 1710 MHz, 2619 MHz, 312.82 W, 700.00 W, 53, 56 %, 0x0000000000000000
2026/10/09 00:42:54.825, 1710 MHz, 2619 MHz, 346.84 W, 700.00 W, 51, 47 %, 0x0000000000000004
2026/10/09 00:42:55.325, 1710 MHz, 2619 MHz, 339.72 W, 700.00 W, 50, 2 %, 0x0000000000000000
2026/10/09 00:42:55.826, 1710 MHz, 2619 MHz, 303.14 W, 700.00 W, 49, 47 %, 0x0000000000000000
2026/10/09 00:42:56.327, 1710 MHz, 2619 MHz, 310.33 W, 700.00 W, 49, 17 %, 0x0000000000000000
2026/10/09 00:42:56.827, 1710 MHz, 2619 MHz, 318.59 W, 700.00 W, 50, 15 %, 0x0000000000000000
2026/10/09 00:42:57.328, 1710 MHz, 2619 MHz, 317.31 W, 700.00 W, 52, 64 %, 0x0000000000000000
2026/10/09 00:42:57.828, 1710 MHz, 2619 MHz, 317.65 W, 700.00 W, 53, 5 %, 0x0000000000000000
2026/10/09 00:42:58.329, 1710 MHz, 2619 MHz, 313.51 W, 700.00 W, 53, 51 %, 0x0000000000000000
2026/10/09 00:42:58.829, 1710 MHz, 2619 MHz, 351.53 W, 700.00 W, 50, 45 %, 0x0000000000000004
2026/10/09 00:42:59.330, 1710 MHz, 2619 MHz, 343.40 W, 700.00 W, 50, 0 %, 0x0000000000000000
2026/10/09 00:42:59.831, 1710 MHz, 2619 MHz, 296.37 W, 700.00 W, 49, 37 %, 0x0000000000000000
2026/10/09 00:43:00.331, 1710 MHz, 2619 MHz, 309.73 W, 700.00 W, 50, 32 %, 0x0000000000000000
2026/10/09 00:43:00.832, 1710 MHz, 2619 MHz, 320.60 W, 700.00 W, 52, 0 %, 0x0000000000000000
2026/10/09 00:43:01.332, 1695 MHz, 2619 MHz, 316.80 W, 700.00 W, 53, 55 %, 0x0000000000000000
2026/10/09 00:43:01.833, 1710 MHz, 2619 MHz, 315.93 W, 700.00 W, 51, 38 %, 0x0000000000000000
2026/10/09 00:43:02.333, 1710 MHz, 2619 MHz, 355.97 W, 700.00 W, 51, 98 %, 0x0000000000000000
2026/10/09 00:43:02.834, 1710 MHz, 2619 MHz, 354.06 W, 700.00 W, 49, 26 %, 0x0000000000000000
2026/10/09 00:43:03.334, 1710 MHz, 2619 MHz, 313.20 W, 700.00 W, 52, 47 %, 0x0000000000000000
2026/10/09 00:43:03.835, 1665 MHz, 2619 MHz, 311.98 W, 700.00 W, 54, 15 %, 0x0000000000000000
2026/10/09 00:43:04.335, 1710 MHz, 2619 MHz, 319.32 W, 700.00 W, 51, 32 %, 0x0000000000000000
2026/10/09 00:43:04.836, 1710 MHz, 2619 MHz, 308.48 W, 700.00 W, 50, 47 %, 0x0000000000000000
2026/10/09 00:43:05.336, 1710 MHz, 2619 MHz, 302.77 W, 700.00 W, 49, 0 %, 0x0000000000000000
2026/10/09 00:43:05.837, 1710 MHz, 2619 MHz, 301.86 W, 700.00 W, 49, 27 %, 0x0000000000000000
2026/10/09 00:43:06.338, 1710 MHz, 2619 MHz, 367.77 W, 700.00 W, 54, 48 %, 0x0000000000000000
2026/10/09 00:43:06.838, 1710 MHz, 2619 MHz, 368.14 W, 700.00 W, 51, 31 %, 0x0000000000000000
2026/10/09 00:43:07.339, 1710 MHz, 2619 MHz, 303.24 W, 700.00 W, 50, 35 %, 0x0000000000000000
2026/10/09 00:43:07.839, 1710 MHz, 2619 MHz, 299.83 W, 700.00 W, 50, 46 %, 0x0000000000000004
2026/10/09 00:43:08.340, 1710 MHz, 2619 MHz, 298.04 W, 700.00 W, 49, 0 %, 0x0000000000000000
2026/10/09 00:43:08.841, 1710 MHz, 2619 MHz, 305.70 W, 700.00 W, 49, 31 %, 0x0000000000000000
2026/10/09 00:43:09.341, 1710 MHz, 2619 MHz, 320.99 W, 700.00 W, 51, 37 %, 0x0000000000000000
2026/10/09 00:43:09.841, 1710 MHz, 2619 MHz, 372.03 W, 700.00 W, 53, 97 %, 0x0000000000000000
2026/10/09 00:43:10.342, 1710 MHz, 2619 MHz, 369.23 W, 700.00 W, 50, 29 %, 0x0000000000000000
2026/10/09 00:43:10.843, 1710 MHz, 2619 MHz, 303.52 W, 700.00 W, 50, 50 %, 0x0000000000000004
2026/10/09 00:43:11.344, 1710 MHz, 2619 MHz, 305.22 W, 700.00 W, 49, 4 %, 0x0000000000000000
2026/10/09 00:43:11.844, 1710 MHz, 2619 MHz, 311.94 W, 700.00 W, 49, 26 %, 0x0000000000000000
2026/10/09 00:43:12.345, 1710 MHz, 2619 MHz, 318.94 W, 700.00 W, 52, 43 %, 0x0000000000000000
2026/10/09 00:43:12.845, 1710 MHz, 2619 MHz, 322.19 W, 700.00 W, 53, 3 %, 0x0000000000000000
2026/10/09 00:43:13.345, 1710 MHz, 2619 MHz, 308.51 W, 700.00 W, 52, 48 %, 0x0000000000000000
2026/10/09 00:43:13.846, 1710 MHz, 2619 MHz, 344.28 W, 700.00 W, 51, 55 %, 0x0000000000000004
2026/10/09 00:43:14.347, 1710 MHz, 2619 MHz, 345.17 W, 700.00 W, 50, 0 %, 0x0000000000000000
2026/10/09 00:43:14.847, 1710 MHz, 2619 MHz, 315.94 W, 700.00 W, 49, 24 %, 0x0000000000000000
2026/10/09 00:43:15.348, 1710 MHz, 2619 MHz, 326.76 W, 700.00 W, 52, 46 %, 0x0000000000000000
2026/10/09 00:43:15.848, 1665 MHz, 2619 MHz, 322.72 W, 700.00 W, 53, 17 %, 0x0000000000000000
2026/10/09 00:43:16.348, 1710 MHz, 2619 MHz, 321.65 W, 700.00 W, 51, 47 %, 0x0000000000000000
2026/10/09 00:43:16.849, 1710 MHz, 2619 MHz, 312.90 W, 700.00 W, 50, 60 %, 0x0000000000000000
2026/10/09 00:43:17.350, 1680 MHz, 2619 MHz, 347.54 W, 700.00 W, 55, 0 %, 0x0000000000000004
2026/10/09 00:43:17.850, 1710 MHz, 2619 MHz, 356.18 W, 700.00 W, 53, 0 %, 0x0000000000000000
2026/10/09 00:43:18.350, 1710 MHz, 2619 MHz, 320.21 W, 700.00 W, 53, 48 %, 0x0000000000000000
2026/10/09 00:43:18.851, 1710 MHz, 2619 MHz, 310.76 W, 700.00 W, 52, 27 %, 0x0000000000000000
2026/10/09 00:43:19.351, 1710 MHz, 2619 MHz, 291.45 W, 700.00 W, 50, 41 %, 0x0000000000000000
2026/10/09 00:43:19.852, 1710 MHz, 2619 MHz, 293.14 W, 700.00 W, 50, 45 %, 0x0000000000000000
2026/10/09 00:43:20.352, 1710 MHz, 2619 MHz, 298.52 W, 700.00 W, 50, 2 %, 0x0000000000000000
2026/10/09 00:43:20.853, 1710 MHz, 2619 MHz, 295.72 W, 700.00 W, 49, 43 %, 0x0000000000000000
2026/10/09 00:43:21.353, 1710 MHz, 2619 MHz, 357.55 W, 700.00 W, 54, 87 %, 0x0000000000000000
2026/10/09 00:43:21.854, 1650 MHz, 2619 MHz, 371.93 W, 700.00 W, 53, 21 %, 0x0000000000000000
2026/10/09 00:43:22.354, 1710 MHz, 2619 MHz, 319.72 W, 700.00 W, 51, 41 %, 0x0000000000000000
2026/10/09 00:43:22.855, 1710 MHz, 2619 MHz, 301.83 W, 700.00 W, 50, 46 %, 0x0000000000000004
2026/10/09 00:43:23.356, 1710 MHz, 2619 MHz, 303.37 W, 700.00 W, 49, 4 %, 0x0000000000000000
2026/10/09 00:43:23.856, 1710 MHz, 2619 MHz, 318.34 W, 700.00 W, 51, 15 %, 0x0000000000000000
2026/10/09 00:43:24.357, 1710 MHz, 2619 MHz, 332.71 W, 700.00 W, 53, 46 %, 0x0000000000000000
2026/10/09 00:43:24.857, 1665 MHz, 2619 MHz, 334.01 W, 700.00 W, 54, 20 %, 0x0000000000000000
2026/10/09 00:43:25.358, 1710 MHz, 2619 MHz, 345.87 W, 700.00 W, 50, 0 %, 0x0000000000000004
2026/10/09 00:43:25.858, 1710 MHz, 2619 MHz, 336.36 W, 700.00 W, 50, 42 %, 0x0000000000000000
2026/10/09 00:43:26.359, 1710 MHz, 2619 MHz, 314.34 W, 700.00 W, 50, 30 %, 0x0000000000000000
2026/10/09 00:43:26.859, 1710 MHz, 2619 MHz, 322.24 W, 700.00 W, 53, 0 %, 0x0000000000000000
2026/10/09 00:43:27.360, 1650 MHz, 2619 MHz, 322.87 W, 700.00 W, 52, 46 %, 0x0000000000000000
2026/10/09 00:43:27.860, 1710 MHz, 2619 MHz, 311.89 W, 700.00 W, 51, 47 %, 0x0000000000000000
2026/10/09 00:43:28.361, 1710 MHz, 2619 MHz, 295.93 W, 700.00 W, 50, 16 %, 0x0000000000000004
2026/10/09 00:43:28.862, 1710 MHz, 2619 MHz, 344.89 W, 700.00 W, 51, 26 %, 0x0000000000000000
2026/10/09 00:43:29.362, 1710 MHz, 2619 MHz, 358.81 W, 700.00 W, 51, 44 %, 0x0000000000000000
2026/10/09 00:43:29.863, 1710 MHz, 2619 MHz, 320.21 W, 700.00 W, 52, 2 %, 0x0000000000000000
2026/10/09 00:43:30.363, 1710 MHz, 2619 MHz, 312.79 W, 700.00 W, 52, 51 %, 0x0000000000000000
2026/10/09 00:43:30.863, 1710 MHz, 2619 MHz, 302.68 W, 700.00 W, 50, 40 %, 0x0000000000000000
2026/10/09 00:43:31.364, 1710 MHz, 2619 MHz, 297.28 W, 700.00 W, 50, 29 %, 0x0000000000000000
2026/10/09 00:43:31.865, 1710 MHz, 2619 MHz, 302.31 W, 700.00 W, 49, 53 %, 0x0000000000000000
2026/10/09 00:43:32.366, 1710 MHz, 2619 MHz, 302.97 W, 700.00 W, 49, 3 %, 0x0000000000000000
2026/10/09 00:43:32.867, 1710 MHz, 2619 MHz, 359.61 W, 700.00 W, 53, 0 %, 0x0000000000000000
2026/10/09 00:43:33.368, 1710 MHz, 2619 MHz, 354.80 W, 700.00 W, 53, 49 %, 0x0000000000000000
2026/10/09 00:43:33.868, 1710 MHz, 2619 MHz, 307.90 W, 700.00 W, 51, 35 %, 0x0000000000000000
2026/10/09 00:43:34.369, 1710 MHz, 2619 MHz, 297.90 W, 700.00 W, 50, 34 %, 0x0000000000000000
2026/10/09 00:43:34.870, 1710 MHz, 2619 MHz, 295.64 W, 700.00 W, 49, 48 %, 0x0000000000000000
2026/10/09 00:43:35.371, 1710 MHz, 2619 MHz, 292.74 W, 700.00 W, 49, 0 %, 0x0000000000000000
2026/10/09 00:43:35.871, 1710 MHz, 2619 MHz, 299.10 W, 700.00 W, 49, 33 %, 0x0000000000000000
2026/10/09 00:43:36.372, 1710 MHz, 2619 MHz, 358.57 W, 700.00 W, 55, 23 %, 0x0000000000000000
2026/10/09 00:43:36.872, 1710 MHz, 2619 MHz, 356.91 W, 700.00 W, 53, 20 %, 0x0000000000000000
2026/10/09 00:43:37.373, 1710 MHz, 2619 MHz, 309.96 W, 700.00 W, 51, 50 %, 0x0000000000000000
2026/10/09 00:43:37.873, 1710 MHz, 2619 MHz, 297.92 W, 700.00 W, 50, 50 %, 0x0000000000000000
2026/10/09 00:43:38.374, 1710 MHz, 2619 MHz, 292.42 W, 700.00 W, 50, 22 %, 0x0000000000000000
2026/10/09 00:43:38.875, 1710 MHz, 2619 MHz, 298.50 W, 700.00 W, 49, 54 %, 0x0000000000000000
2026/10/09 00:43:39.376, 1710 MHz, 2619 MHz, 301.22 W, 700.00 W, 49, 3 %, 0x0000000000000000
2026/10/09 00:43:39.876, 1710 MHz, 2619 MHz, 304.24 W, 700.00 W, 49, 34 %, 0x0000000000000000
2026/10/09 00:43:40.377, 1710 MHz, 2619 MHz, 362.89 W, 700.00 W, 54, 76 %, 0x0000000000000000
2026/10/09 00:43:40.877, 1710 MHz, 2619 MHz, 355.65 W, 700.00 W, 52, 23 %, 0x0000000000000000
2026/10/09 00:43:41.378, 1710 MHz, 2619 MHz, 291.26 W, 700.00 W, 50, 47 %, 0x0000000000000000
2026/10/09 00:43:41.879, 1710 MHz, 2619 MHz, 290.82 W, 700.00 W, 50, 49 %, 0x0000000000000000
2026/10/09 00:43:42.379, 1710 MHz, 2619 MHz, 287.84 W, 700.00 W, 50, 19 %, 0x0000000000000000
2026/10/09 00:43:42.880, 1710 MHz, 2619 MHz, 283.68 W, 700.00 W, 49, 49 %, 0x0000000000000000
2026/10/09 00:43:43.380, 1710 MHz, 2619 MHz, 290.53 W, 700.00 W, 49, 1 %, 0x0000000000000000
2026/10/09 00:43:43.881, 1710 MHz, 2619 MHz, 296.07 W, 700.00 W, 49, 32 %, 0x0000000000000000
2026/10/09 00:43:44.381, 1710 MHz, 2619 MHz, 350.60 W, 700.00 W, 53, 43 %, 0x0000000000000000
2026/10/09 00:43:44.882, 1710 MHz, 2619 MHz, 343.70 W, 700.00 W, 51, 43 %, 0x0000000000000000
2026/10/09 00:43:45.382, 1710 MHz, 2619 MHz, 295.30 W, 700.00 W, 50, 9 %, 0x0000000000000004
2026/10/09 00:43:45.883, 1710 MHz, 2619 MHz, 304.34 W, 700.00 W, 49, 39 %, 0x0000000000000000
2026/10/09 00:43:46.383, 1710 MHz, 2619 MHz, 307.18 W, 700.00 W, 51, 33 %, 0x0000000000000000
2026/10/09 00:43:46.884, 1695 MHz, 2619 MHz, 316.35 W, 700.00 W, 54, 3 %, 0x0000000000000000
2026/10/09 00:43:47.384, 1710 MHz, 2619 MHz, 313.62 W, 700.00 W, 51, 48 %, 0x0000000000000000
2026/10/09 00:43:47.885, 1710 MHz, 2619 MHz, 337.40 W, 700.00 W, 51, 23 %, 0x0000000000000000
2026/10/09 00:43:48.385, 1710 MHz, 2619 MHz, 347.03 W, 700.00 W, 53, 43 %, 0x0000000000000000
2026/10/09 00:43:48.886, 1710 MHz, 2619 MHz, 313.32 W, 700.00 W, 54, 14 %, 0x0000000000000000
2026/10/09 00:43:49.386, 1650 MHz, 2619 MHz, 299.61 W, 700.00 W, 51, 45 %, 0x0000000000000000
2026/10/09 00:43:49.887, 1710 MHz, 2619 MHz, 301.10 W, 700.00 W, 50, 45 %, 0x0000000000000000
2026/10/09 00:43:50.387, 1710 MHz, 2619 MHz, 292.47 W, 700.00 W, 50, 0 %, 0x0000000000000000
2026/10/09 00:43:50.887, 1710 MHz, 2619 MHz, 295.88 W, 700.00 W, 49, 31 %, 0x0000000000000000
2026/10/09 00:43:51.388, 1710 MHz, 2619 MHz, 300.48 W, 700.00 W, 49, 40 %, 0x0000000000000000
2026/10/09 00:43:51.888, 1710 MHz, 2619 MHz, 341.49 W, 700.00 W, 51, 56 %, 0x0000000000000000
2026/10/09 00:43:52.389, 1710 MHz, 2619 MHz, 341.01 W, 700.00 W, 50, 0 %, 0x0000000000000000
2026/10/09 00:43:52.889, 1710 MHz, 2619 MHz, 306.36 W, 700.00 W, 51, 6 %, 0x0000000000000000
2026/10/09 00:43:53.390, 1650 MHz, 2619 MHz, 317.46 W, 700.00 W, 53, 55 %, 0x0000000000000000
2026/10/09 00:43:53.890, 1710 MHz, 2619 MHz, 311.23 W, 700.00 W, 50, 42 %, 0x0000000000000000
2026/10/09 00:43:54.391, 1710 MHz, 2619 MHz, 296.41 W, 700.00 W, 50, 0 %, 0x0000000000000000
2026/10/09 00:43:54.891, 1710 MHz, 2619 MHz, 303.60 W, 700.00 W, 50, 17 %, 0x0000000000000000
2026/10/09 00:43:55.391, 1710 MHz, 2619 MHz, 348.08 W, 700.00 W, 51, 21 %, 0x0000000000000000
2026/10/09 00:43:55.892, 1710 MHz, 2619 MHz, 356.42 W, 700.00 W, 50, 44 %, 0x0000000000000004
2026/10/09 00:43:56.392, 1710 MHz, 2619 MHz, 303.38 W, 700.00 W, 50, 1 %, 0x0000000000000000
2026/10/09 00:43:56.893, 1710 MHz, 2619 MHz, 305.07 W, 700.00 W, 49, 22 %, 0x0000000000000000
2026/10/09 00:43:57.393, 1710 MHz, 2619 MHz, 314.56 W, 700.00 W, 52, 44 %, 0x0000000000000000
2026/10/09 00:43:57.893, 1695 MHz, 2619 MHz, 314.78 W, 700.00 W, 54, 8 %, 0x0000000000000000
2026/10/09 00:43:58.394, 1710 MHz, 2619 MHz, 303.56 W, 700.00 W, 51, 45 %, 0x0000000000000000
2026/10/09 00:43:58.894, 1710 MHz, 2619 MHz, 299.86 W, 700.00 W, 50, 44 %, 0x0000000000000000
2026/10/09 00:43:59.395, 1710 MHz, 2619 MHz, 345.10 W, 700.00 W, 51, 0 %, 0x0000000000000000
2026/10/09 00:43:59.895, 1710 MHz, 2619 MHz, 355.48 W, 700.00 W, 50, 20 %, 0x0000000000000000
2026/10/09 00:44:00.396, 1710 MHz, 2619 MHz, 322.08 W, 700.00 W, 54, 43 %, 0x0000000000000000
2026/10/09 00:44:00.896, 1710 MHz, 2619 MHz, 322.52 W, 700.00 W, 51, 28 %, 0x0000000000000000
2026/10/09 00:44:01.397, 1710 MHz, 2619 MHz, 303.53 W, 700.00 W, 50, 29 %, 0x0000000000000000
2026/10/09 00:44:01.897, 1710 MHz, 2619 MHz, 297.60 W, 700.00 W, 50, 44 %, 0x0000000000000000
2026/10/09 00:44:02.398, 1710 MHz, 2619 MHz, 305.49 W, 700.00 W, 49, 24 %, 0x0000000000000000
2026/10/09 00:44:02.898, 1635 MHz, 2619 MHz, 314.92 W, 700.00 W, 54, 0 %, 0x0000000000000000
2026/10/09 00:44:03.398, 1710 MHz, 2619 MHz, 350.61 W, 700.00 W, 52, 45 %, 0x0000000000000000
2026/10/09 00:44:03.899, 1710 MHz, 2619 MHz, 340.69 W, 700.00 W, 50, 43 %, 0x0000000000000004
2026/10/09 00:44:04.399, 1710 MHz, 2619 MHz, 298.42 W, 700.00 W, 50, 5 %, 0x0000000000000000
2026/10/09 00:44:04.900, 1710 MHz, 2619 MHz, 308.98 W, 700.00 W, 51, 11 %, 0x0000000000000000
2026/10/09 00:44:05.400, 1710 MHz, 2619 MHz, 314.25 W, 700.00 W, 54, 43 %, 0x0000000000000000
2026/10/09 00:44:05.901, 1710 MHz, 2619 MHz, 300.89 W, 700.00 W, 51, 39 %, 0x0000000000000000
2026/10/09 00:44:06.401, 1710 MHz, 2619 MHz, 290.32 W, 700.00 W, 50, 17 %, 0x0000000000000004
2026/10/09 00:44:06.902, 1635 MHz, 2619 MHz, 356.95 W, 700.00 W, 56, 82 %, 0x0000000000000004
2026/10/09 00:44:07.402, 1650 MHz, 2619 MHz, 369.65 W, 700.00 W, 54, 43 %, 0x0000000000000000
2026/10/09 00:44:07.903, 1710 MHz, 2619 MHz, 321.14 W, 700.00 W, 51, 43 %, 0x0000000000000000
2026/10/09 00:44:08.403, 1710 MHz, 2619 MHz, 311.19 W, 700.00 W, 50, 0 %, 0x0000000000000000
2026/10/09 00:44:08.903, 1635 MHz, 2619 MHz, 331.35 W, 700.00 W, 53, 7 %, 0x0000000000000000
2026/10/09 00:44:09.404, 1710 MHz, 2619 MHz, 328.35 W, 700.00 W, 51, 44 %, 0x0000000000000000
2026/10/09 00:44:09.904, 1710 MHz, 2619 MHz, 308.49 W, 700.00 W, 50, 43 %, 0x0000000000000004
2026/10/09 00:44:10.405, 1710 MHz, 2619 MHz, 326.00 W, 700.00 W, 50, 25 %, 0x0000000000000000
2026/10/09 00:44:10.905, 1710 MHz, 2619 MHz, 360.12 W, 700.00 W, 52, 37 %, 0x0000000000000000
2026/10/09 00:44:11.406, 1710 MHz, 2619 MHz, 352.65 W, 700.00 W, 50, 26 %, 0x0000000000000000
2026/10/09 00:44:11.906, 1710 MHz, 2619 MHz, 304.13 W, 700.00 W, 50, 46 %, 0x0000000000000000
2026/10/09 00:44:12.407, 1710 MHz, 2619 MHz, 313.55 W, 700.00 W, 49, 17 %, 0x0000000000000000
2026/10/09 00:44:12.907, 1680 MHz, 2619 MHz, 320.40 W, 700.00 W, 53, 0 %, 0x0000000000000000
2026/10/09 00:44:13.407, 1710 MHz, 2619 MHz, 304.17 W, 700.00 W, 54, 44 %, 0x0000000000000000
2026/10/09 00:44:13.908, 1710 MHz, 2619 MHz, 302.21 W, 700.00 W, 51, 44 %, 0x0000000000000000
2026/10/09 00:44:14.408, 1710 MHz, 2619 MHz, 339.21 W, 700.00 W, 52, 98 %, 0x0000000000000004
2026/10/09 00:44:14.909, 1710 MHz, 2619 MHz, 353.44 W, 700.00 W, 52, 17 %, 0x0000000000000000
2026/10/09 00:44:15.409, 1710 MHz, 2619 MHz, 325.10 W, 700.00 W, 53, 43 %, 0x0000000000000000
2026/10/09 00:44:15.910, 1710 MHz, 2619 MHz, 312.68 W, 700.00 W, 50, 42 %, 0x0000000000000004
2026/10/09 00:44:16.410, 1710 MHz, 2619 MHz, 320.52 W, 700.00 W, 50, 13 %, 0x0000000000000000
2026/10/09 00:44:16.910, 1710 MHz, 2619 MHz, 318.70 W, 700.00 W, 53, 10 %, 0x0000000000000000
2026/10/09 00:44:17.411, 1710 MHz, 2619 MHz, 311.76 W, 700.00 W, 51, 39 %, 0x0000000000000000
2026/10/09 00:44:17.911, 1620 MHz, 2619 MHz, 368.11 W, 700.00 W, 56, 98 %, 0x0000000000000004
2026/10/09 00:44:18.412, 1710 MHz, 2619 MHz, 371.56 W, 700.00 W, 55, 45 %, 0x0000000000000000
2026/10/09 00:44:18.912, 1710 MHz, 2619 MHz, 300.99 W, 700.00 W, 51, 43 %, 0x0000000000000000
2026/10/09 00:44:19.413, 1710 MHz, 2619 MHz, 295.32 W, 700.00 W, 50, 14 %, 0x0000000000000004
2026/10/09 00:44:19.913, 1710 MHz, 2619 MHz, 312.52 W, 700.00 W, 50, 33 %, 0x0000000000000000
2026/10/09 00:44:20.414, 1710 MHz, 2619 MHz, 296.65 W, 700.00 W, 53, 45 %, 0x0000000000000000
2026/10/09 00:44:20.914, 1710 MHz, 2619 MHz, 317.77 W, 700.00 W, 50, 24 %, 0x0000000000000000
2026/10/09 00:44:21.415, 1710 MHz, 2619 MHz, 299.27 W, 700.00 W, 49, 0 %, 0x0000000000000000
2026/10/09 00:44:21.915, 1710 MHz, 2619 MHz, 329.68 W, 700.00 W, 54, 41 %, 0x0000000000000000
2026/10/09 00:44:22.416, 1710 MHz, 2619 MHz, 337.42 W, 700.00 W, 51, 41 %, 0x0000000000000000
2026/10/09 00:44:22.916, 1710 MHz, 2619 MHz, 274.91 W, 700.00 W, 50, 17 %, 0x0000000000000000
2026/10/09 00:44:23.417, 1710 MHz, 2619 MHz, 277.46 W, 700.00 W, 50, 47 %, 0x0000000000000000
2026/10/09 00:44:23.917, 1710 MHz, 2619 MHz, 286.30 W, 700.00 W, 49, 12 %, 0x0000000000000000
2026/10/09 00:44:24.418, 1710 MHz, 2619 MHz, 287.88 W, 700.00 W, 52, 4 %, 0x0000000000000000
2026/10/09 00:44:24.918, 1710 MHz, 2619 MHz, 296.87 W, 700.00 W, 54, 41 %, 0x0000000000000000
2026/10/09 00:44:25.419, 1710 MHz, 2619 MHz, 314.14 W, 700.00 W, 52, 38 %, 0x0000000000000000
2026/10/09 00:44:25.919, 1710 MHz, 2619 MHz, 319.48 W, 700.00 W, 50, 6 %, 0x0000000000000000
2026/10/09 00:44:26.420, 1710 MHz, 2619 MHz, 298.58 W, 700.00 W, 49, 17 %, 0x0000000000000000
2026/10/09 00:44:26.920, 1710 MHz, 2619 MHz, 298.33 W, 700.00 W, 53, 42 %, 0x0000000000000000
2026/10/09 00:44:27.420, 1710 MHz, 2619 MHz, 288.36 W, 700.00 W, 54, 0 %, 0x0000000000000000
2026/10/09 00:44:27.921, 1710 MHz, 2619 MHz, 287.05 W, 700.00 W, 53, 42 %, 0x0000000000000000
2026/10/09 00:44:28.421, 1710 MHz, 2619 MHz, 282.51 W, 700.00 W, 51, 37 %, 0x0000000000000000
2026/10/09 00:44:28.922, 1710 MHz, 2619 MHz, 284.58 W, 700.00 W, 50, 26 %, 0x0000000000000000
2026/10/09 00:44:29.422, 1710 MHz, 2619 MHz, 312.80 W, 700.00 W, 51, 49 %, 0x0000000000000000
2026/10/09 00:44:29.923, 1710 MHz, 2619 MHz, 314.87 W, 700.00 W, 50, 0 %, 0x0000000000000000
2026/10/09 00:44:30.423, 1710 MHz, 2619 MHz, 295.55 W, 700.00 W, 49, 14 %, 0x0000000000000000
2026/10/09 00:44:30.924, 1710 MHz, 2619 MHz, 299.57 W, 700.00 W, 54, 41 %, 0x0000000000000000
2026/10/09 00:44:31.424, 1710 MHz, 2619 MHz, 288.41 W, 700.00 W, 53, 17 %, 0x0000000000000000
2026/10/09 00:44:31.925, 1710 MHz, 2619 MHz, 277.20 W, 700.00 W, 51, 41 %, 0x0000000000000000
2026/10/09 00:44:32.425, 1710 MHz, 2619 MHz, 275.28 W, 700.00 W, 50, 53 %, 0x0000000000000000
2026/10/09 00:44:32.925, 1680 MHz, 2619 MHz, 335.21 W, 700.00 W, 58, 0 %, 0x0000000000000000
2026/10/09 00:44:33.426, 1710 MHz, 2619 MHz, 342.89 W, 700.00 W, 53, 17 %, 0x0000000000000000
2026/10/09 00:44:33.926, 1710 MHz, 2619 MHz, 282.82 W, 700.00 W, 51, 28 %, 0x0000000000000000
2026/10/09 00:44:34.427, 1710 MHz, 2619 MHz, 281.48 W, 700.00 W, 50, 41 %, 0x0000000000000000
2026/10/09 00:44:34.927, 1710 MHz, 2619 MHz, 284.25 W, 700.00 W, 50, 6 %, 0x0000000000000000
2026/10/09 00:44:35.428, 1710 MHz, 2619 MHz, 281.86 W, 700.00 W, 49, 43 %, 0x0000000000000000
2026/10/09 00:44:35.928, 1710 MHz, 2619 MHz, 290.43 W, 700.00 W, 49, 17 %, 0x0000000000000000
2026/10/09 00:44:36.429, 1710 MHz, 2619 MHz, 295.54 W, 700.00 W, 51, 4 %, 0x0000000000000000
2026/10/09 00:44:36.929, 1710 MHz, 2619 MHz, 316.66 W, 700.00 W, 55, 80 %, 0x0000000000000000
2026/10/09 00:44:37.430, 1710 MHz, 2619 MHz, 309.71 W, 700.00 W, 52, 25 %, 0x0000000000000000
2026/10/09 00:44:37.930, 1710 MHz, 2619 MHz, 285.19 W, 700.00 W, 50, 36 %, 0x0000000000000000
2026/10/09 00:44:38.430, 1710 MHz, 2619 MHz, 279.70 W, 700.00 W, 50, 42 %, 0x0000000000000000
2026/10/09 00:44:38.931, 1710 MHz, 2619 MHz, 280.00 W, 700.00 W, 49, 0 %, 0x0000000000000000
2026/10/09 00:44:39.432, 1710 MHz, 2619 MHz, 291.39 W, 700.00 W, 49, 17 %, 0x0000000000000000
2026/10/09 00:44:39.932, 1710 MHz, 2619 MHz, 286.99 W, 700.00 W, 53, 41 %, 0x0000000000000000
2026/10/09 00:44:40.432, 1710 MHz, 2619 MHz, 258.00 W, 700.00 W, 48, 0 %, 0x0000000000000000
2026/10/09 00:44:40.933, 1710 MHz, 2619 MHz, 312.59 W, 700.00 W, 52, 35 %, 0x0000000000000000
2026/10/09 00:44:41.433, 1710 MHz, 2619 MHz, 335.25 W, 700.00 W, 50, 42 %, 0x0000000000000000
2026/10/09 00:44:41.934, 1710 MHz, 2619 MHz, 280.34 W, 700.00 W, 50, 1 %, 0x0000000000000000
2026/10/09 00:44:42.434, 1710 MHz, 2619 MHz, 285.97 W, 700.00 W, 49, 34 %, 0x0000000000000000
2026/10/09 00:44:42.935, 1710 MHz, 2619 MHz, 303.50 W, 700.00 W, 51, 32 %, 0x0000000000000000
2026/10/09 00:44:43.435, 1710 MHz, 2619 MHz, 291.58 W, 700.00 W, 54, 1 %, 0x0000000000000000
2026/10/09 00:44:43.936, 1710 MHz, 2619 MHz, 277.21 W, 700.00 W, 52, 41 %, 0x0000000000000000
2026/10/09 00:44:44.436, 1710 MHz, 2619 MHz, 308.14 W, 700.00 W, 53, 98 %, 0x0000000000000004
2026/10/09 00:44:44.937, 1710 MHz, 2619 MHz, 312.36 W, 700.00 W, 51, 29 %, 0x0000000000000000
2026/10/09 00:44:45.437, 1710 MHz, 2619 MHz, 282.48 W, 700.00 W, 50, 42 %, 0x0000000000000000
2026/10/09 00:44:45.937, 1710 MHz, 2619 MHz, 278.32 W, 700.00 W, 50, 10 %, 0x0000000000000000
2026/10/09 00:44:46.438, 1710 MHz, 2619 MHz, 278.01 W, 700.00 W, 50, 42 %, 0x0000000000000000
2026/10/09 00:44:46.938, 1710 MHz, 2619 MHz, 282.81 W, 700.00 W, 49, 0 %, 0x0000000000000000
2026/10/09 00:44:47.439, 1710 MHz, 2619 MHz, 284.45 W, 700.00 W, 49, 43 %, 0x0000000000000000
2026/10/09 00:44:47.939, 1710 MHz, 2619 MHz, 286.21 W, 700.00 W, 49, 8 %, 0x0000000000000000
2026/10/09 00:44:48.440, 1710 MHz, 2619 MHz, 334.91 W, 700.00 W, 53, 27 %, 0x0000000000000000
2026/10/09 00:44:48.940, 1710 MHz, 2619 MHz, 333.27 W, 700.00 W, 51, 35 %, 0x0000000000000000
2026/10/09 00:44:49.441, 1710 MHz, 2619 MHz, 279.61 W, 700.00 W, 50, 42 %, 0x0000000000000000
2026/10/09 00:44:49.941, 1710 MHz, 2619 MHz, 286.78 W, 700.00 W, 49, 0 %, 0x0000000000000000
2026/10/09 00:44:50.442, 1710 MHz, 2619 MHz, 299.61 W, 700.00 W, 49, 21 %, 0x0000000000000000
2026/10/09 00:44:50.942, 1710 MHz, 2619 MHz, 301.21 W, 700.00 W, 53, 41 %, 0x0000000000000000
2026/10/09 00:44:51.443, 1710 MHz, 2619 MHz, 294.63 W, 700.00 W, 54, 8 %, 0x0000000000000000
2026/10/09 00:44:51.943, 1710 MHz, 2619 MHz, 278.76 W, 700.00 W, 48, 41 %, 0x0000000000000000
2026/10/09 00:44:52.444, 1710 MHz, 2619 MHz, 314.70 W, 700.00 W, 51, 40 %, 0x0000000000000000
2026/10/09 00:44:52.944, 1710 MHz, 2619 MHz, 326.70 W, 700.00 W, 50, 0 %, 0x0000000000000000
2026/10/09 00:44:53.445, 1710 MHz, 2619 MHz, 293.31 W, 700.00 W, 49, 20 %, 0x0000000000000000
2026/10/09 00:44:53.945, 1710 MHz, 2619 MHz, 292.41 W, 700.00 W, 54, 40 %, 0x0000000000000000
2026/10/09 00:44:54.446, 1710 MHz, 2619 MHz, 278.47 W, 700.00 W, 51, 26 %, 0x0000000000000000
2026/10/09 00:44:54.946, 1710 MHz, 2619 MHz, 281.03 W, 700.00 W, 50, 27 %, 0x0000000000000000
2026/10/09 00:44:55.447, 1710 MHz, 2619 MHz, 269.29 W, 700.00 W, 49, 41 %, 0x0000000000000000
2026/10/09 00:44:55.947, 1710 MHz, 2619 MHz, 335.50 W, 700.00 W, 54, 57 %, 0x0000000000000000
2026/10/09 00:44:56.448, 1710 MHz, 2619 MHz, 340.83 W, 700.00 W, 51, 56 %, 0x0000000000000000
2026/10/09 00:44:56.948, 1710 MHz, 2619 MHz, 274.62 W, 700.00 W, 50, 15 %, 0x0000000000000000
2026/10/09 00:44:57.449, 1710 MHz, 2619 MHz, 275.86 W, 700.00 W, 49, 41 %, 0x0000000000000000
2026/10/09 00:44:57.949, 1710 MHz, 2619 MHz, 292.53 W, 700.00 W, 49, 20 %, 0x0000000000000000
2026/10/09 00:44:58.450, 1710 MHz, 2619 MHz, 294.46 W, 700.00 W, 52, 0 %, 0x0000000000000000
2026/10/09 00:44:58.950, 1710 MHz, 2619 MHz, 288.14 W, 700.00 W, 54, 49 %, 0x0000000000000000
2026/10/09 00:44:59.451, 1710 MHz, 2619 MHz, 254.64 W, 700.00 W, 48, 0 %, 0x0000000000000000
2026/10/09 00:44:59.951, 1710 MHz, 2619 MHz, 183.62 W, 700.00 W, 46, 0 %, 0x0000000000000000
2026/10/09 00:45:00.452, 1710 MHz, 2619 MHz, 142.29 W, 700.00 W, 46, 0 %, 0x0000000000000000
2026/10/09 00:45:00.952, 1710 MHz, 2619 MHz, 143.26 W, 700.00 W, 45, 0 %, 0x0000000000000000
2026/10/09 00:45:01.452, 1710 MHz, 2619 MHz, 143.84 W, 700.00 W, 45, 0 %, 0x0000000000000000
2026/10/09 00:45:01.953, 1710 MHz, 2619 MHz, 143.63 W, 700.00 W, 45, 0 %, 0x0000000000000001
2026/10/09 00:45:02.453, 1710 MHz, 2619 MHz, 143.58 W, 700.00 W, 45, 0 %, 0x0000000000000001
2026/10/09 00:45:02.954, 1710 MHz, 2619 MHz, 143.51 W, 700.00 W, 45, 0 %, 0x0000000000000001
