arm,repeat,block_m,tiles,rows_per_expert,tokens,copies,experts_declared,ms_p50,ms_min,ms_stdev,iters,trials,warmup_ms,instrument,sm_clock_load_mhz,clock_level_ok,clock_level_side,clock_drift_ok,l2_flush,status,detail,duty,power_w,duty_achieved,calls_per_burst,gap_ms,gap_basis,head_ms,tail_ms,within_burst_ok,clock_samples_mhz,host_bound,prov_bandwidth,prov_bandwidth_source,prov_cuda_version,prov_driver_version,prov_git_dirty,prov_git_dirty_files,prov_git_sha,prov_gpu_name,prov_hostname,prov_instrument,prov_iters,prov_missing,prov_provenance_version,prov_python,prov_ridge,prov_ridge_source,prov_sglang,prov_target_ms,prov_torch,prov_triton,prov_utc,prov_vllm,prov_warmup_ms
native,0,32,1,32,128,1,8,0.8492479920387268,0.842303991317749,0.0024132322435412783,230,3,320.7438714504242,"scripts/clock_elasticity.py: bursts of N back-to-back fused_experts calls under one pinned tile, each call L2-flushed and bracketed by its own pre-primed event pair, the FIRST call of every burst discarded as a drained-queue launch, a host-side idle gap after each burst setting the sustained duty cycle, and the SM clock, board power and memory clock read through NVML with the burst still in flight; NOT timing.TIMING_BASIS",1965.0,False,high,True,True,ok,"LEVEL HIGH (recorded, never an exclusion here): loaded clock 1965 MHz against the 1455 MHz reference. At a duty cycle below 1.0 a HIGH reading is the experiment working, not a cell to drop.",0.25,283.273,0.24989712175713008,47,116.4655817808889,burst,0.8492159843444824,0.8500159978866577,True,1965 1965 1965 1965 1950 1965 1965 1950 1965 1950 1965 1965 1965 1965 1965,False,3725.122836206298,"measured on this device: NVIDIA GH200 480GB (measured), 3725.1 GB/s (triad pattern)",13.0,580.105.08,True,1,f49a2133c942c20c3b1b72e002b03af1ccd216a3,NVIDIA GH200 480GB,192-222-57-200,"scripts/clock_elasticity.py: bursts of N back-to-back fused_experts calls under one pinned tile, each call L2-flushed and bracketed by its own pre-primed event pair, the FIRST call of every burst discarded as a drained-queue launch, a host-side idle gap after each burst setting the sustained duty cycle, and the SM clock, board power and memory clock read through NVML with the burst still in flight; NOT timing.TIMING_BASIS | duty 0.25 | each idle gap sized from its own burst (gap_basis burst)",,iters=supplied as None; sglang=package not installed,1,3.12.14,177.93141728460498,"measured on this device: NVIDIA GH200 480GB (measured), 662.8 TFLOP/s bf16 over 3725.1 GB/s (triad pattern); calibrated 2026-09-25 at f49a2133",,200.0,2.13.0,3.7.1,2026-09-25T07:38:13+00:00,0.27.1,300.0
shared,0,32,1,32,128,1,72,0.847104012966156,0.8399040102958679,0.0023736698958867018,230,3,320.3043515086174,"scripts/clock_elasticity.py: bursts of N back-to-back fused_experts calls under one pinned tile, each call L2-flushed and bracketed by its own pre-primed event pair, the FIRST call of every burst discarded as a drained-queue launch, a host-side idle gap after each burst setting the sustained duty cycle, and the SM clock, board power and memory clock read through NVML with the burst still in flight; NOT timing.TIMING_BASIS",1965.0,False,high,True,True,ok,"LEVEL HIGH (recorded, never an exclusion here): loaded clock 1965 MHz against the 1455 MHz reference. At a duty cycle below 1.0 a HIGH reading is the experiment working, not a cell to drop.",0.25,290.045,0.24990058406941826,47,116.12638216193227,burst,0.8466240167617798,0.8472639918327332,True,1965 1965 1965 1965 1965 1965 1965 1965 1965 1980 1965 1965 1965 1965 1965,False,3725.122836206298,"measured on this device: NVIDIA GH200 480GB (measured), 3725.1 GB/s (triad pattern)",13.0,580.105.08,True,1,f49a2133c942c20c3b1b72e002b03af1ccd216a3,NVIDIA GH200 480GB,192-222-57-200,"scripts/clock_elasticity.py: bursts of N back-to-back fused_experts calls under one pinned tile, each call L2-flushed and bracketed by its own pre-primed event pair, the FIRST call of every burst discarded as a drained-queue launch, a host-side idle gap after each burst setting the sustained duty cycle, and the SM clock, board power and memory clock read through NVML with the burst still in flight; NOT timing.TIMING_BASIS | duty 0.25 | each idle gap sized from its own burst (gap_basis burst)",,iters=supplied as None; sglang=package not installed,1,3.12.14,177.93141728460498,"measured on this device: NVIDIA GH200 480GB (measured), 662.8 TFLOP/s bf16 over 3725.1 GB/s (triad pattern); calibrated 2026-09-25 at f49a2133",,200.0,2.13.0,3.7.1,2026-09-25T07:38:13+00:00,0.27.1,300.0
private,0,32,1,32,128,1,72,0.847648024559021,0.8378880023956299,0.0024431477959436223,230,3,360.23488014936447,"scripts/clock_elasticity.py: bursts of N back-to-back fused_experts calls under one pinned tile, each call L2-flushed and bracketed by its own pre-primed event pair, the FIRST call of every burst discarded as a drained-queue launch, a host-side idle gap after each burst setting the sustained duty cycle, and the SM clock, board power and memory clock read through NVML with the burst still in flight; NOT timing.TIMING_BASIS",1965.0,False,high,True,True,ok,"LEVEL HIGH (recorded, never an exclusion here): loaded clock 1965 MHz against the 1455 MHz reference. At a duty cycle below 1.0 a HIGH reading is the experiment working, not a cell to drop.",0.25,287.685,0.24989518905530797,47,116.15255957680712,burst,0.847648024559021,0.8479359745979309,True,1965 1965 1965 1965 1965 1965 1965 1935 1965 1965 1965 1965 1950 1965 1965,False,3725.122836206298,"measured on this device: NVIDIA GH200 480GB (measured), 3725.1 GB/s (triad pattern)",13.0,580.105.08,True,1,f49a2133c942c20c3b1b72e002b03af1ccd216a3,NVIDIA GH200 480GB,192-222-57-200,"scripts/clock_elasticity.py: bursts of N back-to-back fused_experts calls under one pinned tile, each call L2-flushed and bracketed by its own pre-primed event pair, the FIRST call of every burst discarded as a drained-queue launch, a host-side idle gap after each burst setting the sustained duty cycle, and the SM clock, board power and memory clock read through NVML with the burst still in flight; NOT timing.TIMING_BASIS | duty 0.25 | each idle gap sized from its own burst (gap_basis burst)",,iters=supplied as None; sglang=package not installed,1,3.12.14,177.93141728460498,"measured on this device: NVIDIA GH200 480GB (measured), 662.8 TFLOP/s bf16 over 3725.1 GB/s (triad pattern); calibrated 2026-09-25 at f49a2133",,200.0,2.13.0,3.7.1,2026-09-25T07:38:13+00:00,0.27.1,300.0
native,0,32,2,64,256,1,8,1.1285439729690552,1.1184320449829102,0.02065466318330224,150,3,922.6268162727356,"scripts/clock_elasticity.py: bursts of N back-to-back fused_experts calls under one pinned tile, each call L2-flushed and bracketed by its own pre-primed event pair, the FIRST call of every burst discarded as a drained-queue launch, a host-side idle gap after each burst setting the sustained duty cycle, and the SM clock, board power and memory clock read through NVML with the burst still in flight; NOT timing.TIMING_BASIS",1905.0,False,high,True,True,ok,"LEVEL HIGH (recorded, never an exclusion here): loaded clock 1905 MHz against the 1455 MHz reference. At a duty cycle below 1.0 a HIGH reading is the experiment working, not a cell to drop.",0.25,311.525,0.24987788547500914,31,103.15659900470928,burst,1.1296000480651855,1.1287360191345215,True,1890 1965 1875 1950 1890 1695 1935 1830 1950 1905 1725 1935 1860 1965 1920,False,3725.122836206298,"measured on this device: NVIDIA GH200 480GB (measured), 3725.1 GB/s (triad pattern)",13.0,580.105.08,True,1,f49a2133c942c20c3b1b72e002b03af1ccd216a3,NVIDIA GH200 480GB,192-222-57-200,"scripts/clock_elasticity.py: bursts of N back-to-back fused_experts calls under one pinned tile, each call L2-flushed and bracketed by its own pre-primed event pair, the FIRST call of every burst discarded as a drained-queue launch, a host-side idle gap after each burst setting the sustained duty cycle, and the SM clock, board power and memory clock read through NVML with the burst still in flight; NOT timing.TIMING_BASIS | duty 0.25 | each idle gap sized from its own burst (gap_basis burst)",,iters=supplied as None; sglang=package not installed,1,3.12.14,177.93141728460498,"measured on this device: NVIDIA GH200 480GB (measured), 662.8 TFLOP/s bf16 over 3725.1 GB/s (triad pattern); calibrated 2026-09-25 at f49a2133",,200.0,2.13.0,3.7.1,2026-09-25T07:38:13+00:00,0.27.1,300.0
shared,0,32,2,64,256,1,72,1.1239999532699585,1.115231990814209,0.024360839853861754,145,3,620.1216324567795,"scripts/clock_elasticity.py: bursts of N back-to-back fused_experts calls under one pinned tile, each call L2-flushed and bracketed by its own pre-primed event pair, the FIRST call of every burst discarded as a drained-queue launch, a host-side idle gap after each burst setting the sustained duty cycle, and the SM clock, board power and memory clock read through NVML with the burst still in flight; NOT timing.TIMING_BASIS",1920.0,False,high,True,True,ok,"LEVEL HIGH (recorded, never an exclusion here): loaded clock 1920 MHz against the 1455 MHz reference. At a duty cycle below 1.0 a HIGH reading is the experiment working, not a cell to drop.",0.25,314.567,0.24988135143427262,30,99.8956227540257,burst,1.1239680051803589,1.1255040168762207,True,1890 1950 1920 1725 1935 1830 1965 1950 1890 1965 1905 1710 1950 1935 1800,False,3725.122836206298,"measured on this device: NVIDIA GH200 480GB (measured), 3725.1 GB/s (triad pattern)",13.0,580.105.08,True,1,f49a2133c942c20c3b1b72e002b03af1ccd216a3,NVIDIA GH200 480GB,192-222-57-200,"scripts/clock_elasticity.py: bursts of N back-to-back fused_experts calls under one pinned tile, each call L2-flushed and bracketed by its own pre-primed event pair, the FIRST call of every burst discarded as a drained-queue launch, a host-side idle gap after each burst setting the sustained duty cycle, and the SM clock, board power and memory clock read through NVML with the burst still in flight; NOT timing.TIMING_BASIS | duty 0.25 | each idle gap sized from its own burst (gap_basis burst)",,iters=supplied as None; sglang=package not installed,1,3.12.14,177.93141728460498,"measured on this device: NVIDIA GH200 480GB (measured), 662.8 TFLOP/s bf16 over 3725.1 GB/s (triad pattern); calibrated 2026-09-25 at f49a2133",,200.0,2.13.0,3.7.1,2026-09-25T07:38:13+00:00,0.27.1,300.0
private,0,32,2,64,256,2,72,1.642240047454834,1.6302720308303833,0.004174428424651338,115,3,435.8401919603348,"scripts/clock_elasticity.py: bursts of N back-to-back fused_experts calls under one pinned tile, each call L2-flushed and bracketed by its own pre-primed event pair, the FIRST call of every burst discarded as a drained-queue launch, a host-side idle gap after each burst setting the sustained duty cycle, and the SM clock, board power and memory clock read through NVML with the burst still in flight; NOT timing.TIMING_BASIS",1950.0,False,high,True,True,ok,"LEVEL HIGH (recorded, never an exclusion here): loaded clock 1950 MHz against the 1455 MHz reference. At a duty cycle below 1.0 a HIGH reading is the experiment working, not a cell to drop.",0.25,288.108,0.2498915887787096,24,116.7231141661905,burst,1.642240047454834,1.642240047454834,True,1950 1965 1920 1950 1965 1935 1965 1890 1950 1920 1965 1965 1950 1965 1920,False,3725.122836206298,"measured on this device: NVIDIA GH200 480GB (measured), 3725.1 GB/s (triad pattern)",13.0,580.105.08,True,1,f49a2133c942c20c3b1b72e002b03af1ccd216a3,NVIDIA GH200 480GB,192-222-57-200,"scripts/clock_elasticity.py: bursts of N back-to-back fused_experts calls under one pinned tile, each call L2-flushed and bracketed by its own pre-primed event pair, the FIRST call of every burst discarded as a drained-queue launch, a host-side idle gap after each burst setting the sustained duty cycle, and the SM clock, board power and memory clock read through NVML with the burst still in flight; NOT timing.TIMING_BASIS | duty 0.25 | each idle gap sized from its own burst (gap_basis burst)",,iters=supplied as None; sglang=package not installed,1,3.12.14,177.93141728460498,"measured on this device: NVIDIA GH200 480GB (measured), 662.8 TFLOP/s bf16 over 3725.1 GB/s (triad pattern); calibrated 2026-09-25 at f49a2133",,200.0,2.13.0,3.7.1,2026-09-25T07:38:13+00:00,0.27.1,300.0
native,0,32,3,96,384,1,8,1.6690239906311035,1.6543999910354614,0.034736473586614046,95,3,309.87679970264435,"scripts/clock_elasticity.py: bursts of N back-to-back fused_experts calls under one pinned tile, each call L2-flushed and bracketed by its own pre-primed event pair, the FIRST call of every burst discarded as a drained-queue launch, a host-side idle gap after each burst setting the sustained duty cycle, and the SM clock, board power and memory clock read through NVML with the burst still in flight; NOT timing.TIMING_BASIS",1905.0,False,high,False,True,ok,"LEVEL HIGH (recorded, never an exclusion here): loaded clock 1905 MHz against the 1455 MHz reference. At a duty cycle below 1.0 a HIGH reading is the experiment working, not a cell to drop.; DRIFT failed, dropping: 1950 -> 1800 MHz over 15 bursts; this cell is EXCLUDED",0.25,318.458,0.2498769295893491,20,99.24872634058194,burst,1.6727839708328247,1.6680480241775513,True,1950 1905 1725 1965 1905 1665 1965 1905 1680 1950 1935 1725 1905 1965 1800,False,3725.122836206298,"measured on this device: NVIDIA GH200 480GB (measured), 3725.1 GB/s (triad pattern)",13.0,580.105.08,True,1,f49a2133c942c20c3b1b72e002b03af1ccd216a3,NVIDIA GH200 480GB,192-222-57-200,"scripts/clock_elasticity.py: bursts of N back-to-back fused_experts calls under one pinned tile, each call L2-flushed and bracketed by its own pre-primed event pair, the FIRST call of every burst discarded as a drained-queue launch, a host-side idle gap after each burst setting the sustained duty cycle, and the SM clock, board power and memory clock read through NVML with the burst still in flight; NOT timing.TIMING_BASIS | duty 0.25 | each idle gap sized from its own burst (gap_basis burst)",,iters=supplied as None; sglang=package not installed,1,3.12.14,177.93141728460498,"measured on this device: NVIDIA GH200 480GB (measured), 662.8 TFLOP/s bf16 over 3725.1 GB/s (triad pattern); calibrated 2026-09-25 at f49a2133",,200.0,2.13.0,3.7.1,2026-09-25T07:38:13+00:00,0.27.1,300.0
shared,0,32,3,96,384,1,72,1.6533439755439758,1.6395519971847534,0.012319138681958773,100,3,916.9003211259842,"scripts/clock_elasticity.py: bursts of N back-to-back fused_experts calls under one pinned tile, each call L2-flushed and bracketed by its own pre-primed event pair, the FIRST call of every burst discarded as a drained-queue launch, a host-side idle gap after each burst setting the sustained duty cycle, and the SM clock, board power and memory clock read through NVML with the burst still in flight; NOT timing.TIMING_BASIS",1890.0,False,high,False,True,ok,"LEVEL HIGH (recorded, never an exclusion here): loaded clock 1890 MHz against the 1455 MHz reference. At a duty cycle below 1.0 a HIGH reading is the experiment working, not a cell to drop.; DRIFT failed, dropping: 1950 -> 1815 MHz over 15 bursts; this cell is EXCLUDED",0.25,320.084,0.2498884907753466,21,102.96906222803226,burst,1.656000018119812,1.651487946510315,True,1950 1890 1620 1935 1815 1950 1890 1635 1935 1815 1950 1890 1635 1935 1815,False,3725.122836206298,"measured on this device: NVIDIA GH200 480GB (measured), 3725.1 GB/s (triad pattern)",13.0,580.105.08,True,1,f49a2133c942c20c3b1b72e002b03af1ccd216a3,NVIDIA GH200 480GB,192-222-57-200,"scripts/clock_elasticity.py: bursts of N back-to-back fused_experts calls under one pinned tile, each call L2-flushed and bracketed by its own pre-primed event pair, the FIRST call of every burst discarded as a drained-queue launch, a host-side idle gap after each burst setting the sustained duty cycle, and the SM clock, board power and memory clock read through NVML with the burst still in flight; NOT timing.TIMING_BASIS | duty 0.25 | each idle gap sized from its own burst (gap_basis burst)",,iters=supplied as None; sglang=package not installed,1,3.12.14,177.93141728460498,"measured on this device: NVIDIA GH200 480GB (measured), 662.8 TFLOP/s bf16 over 3725.1 GB/s (triad pattern); calibrated 2026-09-25 at f49a2133",,200.0,2.13.0,3.7.1,2026-09-25T07:38:13+00:00,0.27.1,300.0
private,0,32,3,96,384,3,72,2.448064088821411,2.439039945602417,0.00405250880436607,75,3,315.2133765220642,"scripts/clock_elasticity.py: bursts of N back-to-back fused_experts calls under one pinned tile, each call L2-flushed and bracketed by its own pre-primed event pair, the FIRST call of every burst discarded as a drained-queue launch, a host-side idle gap after each burst setting the sustained duty cycle, and the SM clock, board power and memory clock read through NVML with the burst still in flight; NOT timing.TIMING_BASIS",1950.0,False,high,True,True,ok,"LEVEL HIGH (recorded, never an exclusion here): loaded clock 1950 MHz against the 1455 MHz reference. At a duty cycle below 1.0 a HIGH reading is the experiment working, not a cell to drop.",0.25,294.263,0.24989483613465374,16,116.65880570075751,burst,2.448863983154297,2.4472639560699463,True,1935 1965 1890 1950 1935 1950 1965 1950 1950 1965 1950 1800 1950 1965 1950,False,3725.122836206298,"measured on this device: NVIDIA GH200 480GB (measured), 3725.1 GB/s (triad pattern)",13.0,580.105.08,True,1,f49a2133c942c20c3b1b72e002b03af1ccd216a3,NVIDIA GH200 480GB,192-222-57-200,"scripts/clock_elasticity.py: bursts of N back-to-back fused_experts calls under one pinned tile, each call L2-flushed and bracketed by its own pre-primed event pair, the FIRST call of every burst discarded as a drained-queue launch, a host-side idle gap after each burst setting the sustained duty cycle, and the SM clock, board power and memory clock read through NVML with the burst still in flight; NOT timing.TIMING_BASIS | duty 0.25 | each idle gap sized from its own burst (gap_basis burst)",,iters=supplied as None; sglang=package not installed,1,3.12.14,177.93141728460498,"measured on this device: NVIDIA GH200 480GB (measured), 662.8 TFLOP/s bf16 over 3725.1 GB/s (triad pattern); calibrated 2026-09-25 at f49a2133",,200.0,2.13.0,3.7.1,2026-09-25T07:38:13+00:00,0.27.1,300.0
native,0,32,4,128,512,1,8,2.151247978210449,2.138751983642578,0.02300647112800335,80,3,446.7964780330658,"scripts/clock_elasticity.py: bursts of N back-to-back fused_experts calls under one pinned tile, each call L2-flushed and bracketed by its own pre-primed event pair, the FIRST call of every burst discarded as a drained-queue launch, a host-side idle gap after each burst setting the sustained duty cycle, and the SM clock, board power and memory clock read through NVML with the burst still in flight; NOT timing.TIMING_BASIS",1950.0,False,high,True,True,ok,"LEVEL HIGH (recorded, never an exclusion here): loaded clock 1950 MHz against the 1455 MHz reference. At a duty cycle below 1.0 a HIGH reading is the experiment working, not a cell to drop.",0.25,305.838,0.24988836415755245,17,108.88325073574015,burst,2.1535840034484863,2.151808023452759,True,1935 1935 1965 1905 1965 1890 1965 1920 1965 1950 1965 1950 1965 1935 1860,False,3725.122836206298,"measured on this device: NVIDIA GH200 480GB (measured), 3725.1 GB/s (triad pattern)",13.0,580.105.08,True,1,f49a2133c942c20c3b1b72e002b03af1ccd216a3,NVIDIA GH200 480GB,192-222-57-200,"scripts/clock_elasticity.py: bursts of N back-to-back fused_experts calls under one pinned tile, each call L2-flushed and bracketed by its own pre-primed event pair, the FIRST call of every burst discarded as a drained-queue launch, a host-side idle gap after each burst setting the sustained duty cycle, and the SM clock, board power and memory clock read through NVML with the burst still in flight; NOT timing.TIMING_BASIS | duty 0.25 | each idle gap sized from its own burst (gap_basis burst)",,iters=supplied as None; sglang=package not installed,1,3.12.14,177.93141728460498,"measured on this device: NVIDIA GH200 480GB (measured), 662.8 TFLOP/s bf16 over 3725.1 GB/s (triad pattern); calibrated 2026-09-25 at f49a2133",,200.0,2.13.0,3.7.1,2026-09-25T07:38:13+00:00,0.27.1,300.0
shared,0,32,4,128,512,1,72,2.160175919532776,2.151616096496582,0.026307558670659655,80,3,559.4684791564941,"scripts/clock_elasticity.py: bursts of N back-to-back fused_experts calls under one pinned tile, each call L2-flushed and bracketed by its own pre-primed event pair, the FIRST call of every burst discarded as a drained-queue launch, a host-side idle gap after each burst setting the sustained duty cycle, and the SM clock, board power and memory clock read through NVML with the burst still in flight; NOT timing.TIMING_BASIS",1935.0,False,high,True,True,ok,"LEVEL HIGH (recorded, never an exclusion here): loaded clock 1935 MHz against the 1455 MHz reference. At a duty cycle below 1.0 a HIGH reading is the experiment working, not a cell to drop.",0.25,306.335,0.249885012571153,17,109.41928053217634,burst,2.162160038948059,2.1591999530792236,True,1965 1965 1800 1965 1800 1950 1935 1935 1920 1965 1905 1965 1890 1965 1905,False,3725.122836206298,"measured on this device: NVIDIA GH200 480GB (measured), 3725.1 GB/s (triad pattern)",13.0,580.105.08,True,1,f49a2133c942c20c3b1b72e002b03af1ccd216a3,NVIDIA GH200 480GB,192-222-57-200,"scripts/clock_elasticity.py: bursts of N back-to-back fused_experts calls under one pinned tile, each call L2-flushed and bracketed by its own pre-primed event pair, the FIRST call of every burst discarded as a drained-queue launch, a host-side idle gap after each burst setting the sustained duty cycle, and the SM clock, board power and memory clock read through NVML with the burst still in flight; NOT timing.TIMING_BASIS | duty 0.25 | each idle gap sized from its own burst (gap_basis burst)",,iters=supplied as None; sglang=package not installed,1,3.12.14,177.93141728460498,"measured on this device: NVIDIA GH200 480GB (measured), 662.8 TFLOP/s bf16 over 3725.1 GB/s (triad pattern); calibrated 2026-09-25 at f49a2133",,200.0,2.13.0,3.7.1,2026-09-25T07:38:13+00:00,0.27.1,300.0
private,0,32,4,128,512,4,72,3.261215925216675,3.2510080337524414,0.004379617048429965,55,3,314.8910403251648,"scripts/clock_elasticity.py: bursts of N back-to-back fused_experts calls under one pinned tile, each call L2-flushed and bracketed by its own pre-primed event pair, the FIRST call of every burst discarded as a drained-queue launch, a host-side idle gap after each burst setting the sustained duty cycle, and the SM clock, board power and memory clock read through NVML with the burst still in flight; NOT timing.TIMING_BASIS",1935.0,False,high,True,True,ok,"LEVEL HIGH (recorded, never an exclusion here): loaded clock 1935 MHz against the 1455 MHz reference. At a duty cycle below 1.0 a HIGH reading is the experiment working, not a cell to drop.",0.25,301.145,0.24989331852423993,12,116.8465222892337,burst,3.2611199617385864,3.2596479654312134,True,1920 1950 1965 1965 1965 1860 1965 1920 1890 1860 1935 1965 1860 1965 1890,False,3725.122836206298,"measured on this device: NVIDIA GH200 480GB (measured), 3725.1 GB/s (triad pattern)",13.0,580.105.08,True,1,f49a2133c942c20c3b1b72e002b03af1ccd216a3,NVIDIA GH200 480GB,192-222-57-200,"scripts/clock_elasticity.py: bursts of N back-to-back fused_experts calls under one pinned tile, each call L2-flushed and bracketed by its own pre-primed event pair, the FIRST call of every burst discarded as a drained-queue launch, a host-side idle gap after each burst setting the sustained duty cycle, and the SM clock, board power and memory clock read through NVML with the burst still in flight; NOT timing.TIMING_BASIS | duty 0.25 | each idle gap sized from its own burst (gap_basis burst)",,iters=supplied as None; sglang=package not installed,1,3.12.14,177.93141728460498,"measured on this device: NVIDIA GH200 480GB (measured), 662.8 TFLOP/s bf16 over 3725.1 GB/s (triad pattern); calibrated 2026-09-25 at f49a2133",,200.0,2.13.0,3.7.1,2026-09-25T07:38:13+00:00,0.27.1,300.0
native,0,32,5,160,640,1,8,2.675487995147705,2.6474881172180176,0.010947158124583073,60,3,324.2267200946808,"scripts/clock_elasticity.py: bursts of N back-to-back fused_experts calls under one pinned tile, each call L2-flushed and bracketed by its own pre-primed event pair, the FIRST call of every burst discarded as a drained-queue launch, a host-side idle gap after each burst setting the sustained duty cycle, and the SM clock, board power and memory clock read through NVML with the burst still in flight; NOT timing.TIMING_BASIS",1965.0,False,high,True,True,ok,"LEVEL HIGH (recorded, never an exclusion here): loaded clock 1965 MHz against the 1455 MHz reference. At a duty cycle below 1.0 a HIGH reading is the experiment working, not a cell to drop.",0.25,322.608,0.2498801342510745,13,103.92820474646578,burst,2.678272008895874,2.674720048904419,True,1965 1965 1965 1965 1980 1980 1980 1980 1965 1965 1965 1980 1980 1980 1965,False,3725.122836206298,"measured on this device: NVIDIA GH200 480GB (measured), 3725.1 GB/s (triad pattern)",13.0,580.105.08,True,1,f49a2133c942c20c3b1b72e002b03af1ccd216a3,NVIDIA GH200 480GB,192-222-57-200,"scripts/clock_elasticity.py: bursts of N back-to-back fused_experts calls under one pinned tile, each call L2-flushed and bracketed by its own pre-primed event pair, the FIRST call of every burst discarded as a drained-queue launch, a host-side idle gap after each burst setting the sustained duty cycle, and the SM clock, board power and memory clock read through NVML with the burst still in flight; NOT timing.TIMING_BASIS | duty 0.25 | each idle gap sized from its own burst (gap_basis burst)",,iters=supplied as None; sglang=package not installed,1,3.12.14,177.93141728460498,"measured on this device: NVIDIA GH200 480GB (measured), 662.8 TFLOP/s bf16 over 3725.1 GB/s (triad pattern); calibrated 2026-09-25 at f49a2133",,200.0,2.13.0,3.7.1,2026-09-25T07:38:13+00:00,0.27.1,300.0
shared,0,32,5,160,640,1,72,2.697535991668701,2.682176113128662,0.04104574193846664,55,3,332.3936641216278,"scripts/clock_elasticity.py: bursts of N back-to-back fused_experts calls under one pinned tile, each call L2-flushed and bracketed by its own pre-primed event pair, the FIRST call of every burst discarded as a drained-queue launch, a host-side idle gap after each burst setting the sustained duty cycle, and the SM clock, board power and memory clock read through NVML with the burst still in flight; NOT timing.TIMING_BASIS",1935.0,False,high,True,True,ok,"LEVEL HIGH (recorded, never an exclusion here): loaded clock 1935 MHz against the 1455 MHz reference. At a duty cycle below 1.0 a HIGH reading is the experiment working, not a cell to drop.",0.25,322.976,0.24987570554576882,12,96.71741873459905,burst,2.704192042350769,2.6951040029525757,True,1905 1890 1965 1950 1935 1965 1950 1845 1800 1935 1950 1725 1965 1920 1935,False,3725.122836206298,"measured on this device: NVIDIA GH200 480GB (measured), 3725.1 GB/s (triad pattern)",13.0,580.105.08,True,1,f49a2133c942c20c3b1b72e002b03af1ccd216a3,NVIDIA GH200 480GB,192-222-57-200,"scripts/clock_elasticity.py: bursts of N back-to-back fused_experts calls under one pinned tile, each call L2-flushed and bracketed by its own pre-primed event pair, the FIRST call of every burst discarded as a drained-queue launch, a host-side idle gap after each burst setting the sustained duty cycle, and the SM clock, board power and memory clock read through NVML with the burst still in flight; NOT timing.TIMING_BASIS | duty 0.25 | each idle gap sized from its own burst (gap_basis burst)",,iters=supplied as None; sglang=package not installed,1,3.12.14,177.93141728460498,"measured on this device: NVIDIA GH200 480GB (measured), 662.8 TFLOP/s bf16 over 3725.1 GB/s (triad pattern); calibrated 2026-09-25 at f49a2133",,200.0,2.13.0,3.7.1,2026-09-25T07:38:13+00:00,0.27.1,300.0
private,0,32,5,160,640,5,72,4.075456142425537,4.063551902770996,0.005619832691362522,45,3,450.8272008895874,"scripts/clock_elasticity.py: bursts of N back-to-back fused_experts calls under one pinned tile, each call L2-flushed and bracketed by its own pre-primed event pair, the FIRST call of every burst discarded as a drained-queue launch, a host-side idle gap after each burst setting the sustained duty cycle, and the SM clock, board power and memory clock read through NVML with the burst still in flight; NOT timing.TIMING_BASIS",1965.0,False,high,True,True,ok,"LEVEL HIGH (recorded, never an exclusion here): loaded clock 1965 MHz against the 1455 MHz reference. At a duty cycle below 1.0 a HIGH reading is the experiment working, not a cell to drop.",0.25,295.011,0.2499010007920246,10,121.85290434607305,burst,4.074256181716919,4.077423810958862,True,1965 1965 1950 1965 1950 1950 1965 1950 1965 1920 1920 1965 1965 1935 1965,False,3725.122836206298,"measured on this device: NVIDIA GH200 480GB (measured), 3725.1 GB/s (triad pattern)",13.0,580.105.08,True,1,f49a2133c942c20c3b1b72e002b03af1ccd216a3,NVIDIA GH200 480GB,192-222-57-200,"scripts/clock_elasticity.py: bursts of N back-to-back fused_experts calls under one pinned tile, each call L2-flushed and bracketed by its own pre-primed event pair, the FIRST call of every burst discarded as a drained-queue launch, a host-side idle gap after each burst setting the sustained duty cycle, and the SM clock, board power and memory clock read through NVML with the burst still in flight; NOT timing.TIMING_BASIS | duty 0.25 | each idle gap sized from its own burst (gap_basis burst)",,iters=supplied as None; sglang=package not installed,1,3.12.14,177.93141728460498,"measured on this device: NVIDIA GH200 480GB (measured), 662.8 TFLOP/s bf16 over 3725.1 GB/s (triad pattern); calibrated 2026-09-25 at f49a2133",,200.0,2.13.0,3.7.1,2026-09-25T07:38:13+00:00,0.27.1,300.0
native,0,32,6,192,768,1,8,3.200160026550293,3.1656320095062256,0.055976656058224404,50,3,397.0284171104431,"scripts/clock_elasticity.py: bursts of N back-to-back fused_experts calls under one pinned tile, each call L2-flushed and bracketed by its own pre-primed event pair, the FIRST call of every burst discarded as a drained-queue launch, a host-side idle gap after each burst setting the sustained duty cycle, and the SM clock, board power and memory clock read through NVML with the burst still in flight; NOT timing.TIMING_BASIS",1965.0,False,high,True,True,ok,"LEVEL HIGH (recorded, never an exclusion here): loaded clock 1965 MHz against the 1455 MHz reference. At a duty cycle below 1.0 a HIGH reading is the experiment working, not a cell to drop.",0.25,310.724,0.24988230445612422,11,105.27572002757005,burst,3.2001760005950928,3.1985440254211426,True,1920 1950 1965 1965 1965 1980 1980 1980 1980 1980 1965 1875 1965 1935 1890,False,3725.122836206298,"measured on this device: NVIDIA GH200 480GB (measured), 3725.1 GB/s (triad pattern)",13.0,580.105.08,True,1,f49a2133c942c20c3b1b72e002b03af1ccd216a3,NVIDIA GH200 480GB,192-222-57-200,"scripts/clock_elasticity.py: bursts of N back-to-back fused_experts calls under one pinned tile, each call L2-flushed and bracketed by its own pre-primed event pair, the FIRST call of every burst discarded as a drained-queue launch, a host-side idle gap after each burst setting the sustained duty cycle, and the SM clock, board power and memory clock read through NVML with the burst still in flight; NOT timing.TIMING_BASIS | duty 0.25 | each idle gap sized from its own burst (gap_basis burst)",,iters=supplied as None; sglang=package not installed,1,3.12.14,177.93141728460498,"measured on this device: NVIDIA GH200 480GB (measured), 662.8 TFLOP/s bf16 over 3725.1 GB/s (triad pattern); calibrated 2026-09-25 at f49a2133",,200.0,2.13.0,3.7.1,2026-09-25T07:38:13+00:00,0.27.1,300.0
shared,0,32,6,192,768,1,72,3.2184959650039673,3.202080011367798,0.05065335870706227,50,3,683.2768626213074,"scripts/clock_elasticity.py: bursts of N back-to-back fused_experts calls under one pinned tile, each call L2-flushed and bracketed by its own pre-primed event pair, the FIRST call of every burst discarded as a drained-queue launch, a host-side idle gap after each burst setting the sustained duty cycle, and the SM clock, board power and memory clock read through NVML with the burst still in flight; NOT timing.TIMING_BASIS",1920.0,False,high,True,True,ok,"LEVEL HIGH (recorded, never an exclusion here): loaded clock 1920 MHz against the 1455 MHz reference. At a duty cycle below 1.0 a HIGH reading is the experiment working, not a cell to drop.",0.25,309.866,0.2498846941308841,11,106.02803964439225,burst,3.2205599546432495,3.220639944076538,True,1965 1920 1725 1950 1875 1965 1935 1860 1905 1710 1950 1845 1965 1935 1920,False,3725.122836206298,"measured on this device: NVIDIA GH200 480GB (measured), 3725.1 GB/s (triad pattern)",13.0,580.105.08,True,1,f49a2133c942c20c3b1b72e002b03af1ccd216a3,NVIDIA GH200 480GB,192-222-57-200,"scripts/clock_elasticity.py: bursts of N back-to-back fused_experts calls under one pinned tile, each call L2-flushed and bracketed by its own pre-primed event pair, the FIRST call of every burst discarded as a drained-queue launch, a host-side idle gap after each burst setting the sustained duty cycle, and the SM clock, board power and memory clock read through NVML with the burst still in flight; NOT timing.TIMING_BASIS | duty 0.25 | each idle gap sized from its own burst (gap_basis burst)",,iters=supplied as None; sglang=package not installed,1,3.12.14,177.93141728460498,"measured on this device: NVIDIA GH200 480GB (measured), 662.8 TFLOP/s bf16 over 3725.1 GB/s (triad pattern); calibrated 2026-09-25 at f49a2133",,200.0,2.13.0,3.7.1,2026-09-25T07:38:13+00:00,0.27.1,300.0
private,0,32,6,192,768,6,72,4.86624002456665,4.855264186859131,0.007453552431105381,35,3,352.53990411758423,"scripts/clock_elasticity.py: bursts of N back-to-back fused_experts calls under one pinned tile, each call L2-flushed and bracketed by its own pre-primed event pair, the FIRST call of every burst discarded as a drained-queue launch, a host-side idle gap after each burst setting the sustained duty cycle, and the SM clock, board power and memory clock read through NVML with the burst still in flight; NOT timing.TIMING_BASIS",1950.0,False,high,True,True,ok,"LEVEL HIGH (recorded, never an exclusion here): loaded clock 1950 MHz against the 1455 MHz reference. At a duty cycle below 1.0 a HIGH reading is the experiment working, not a cell to drop.",0.25,292.788,0.24989196934421987,8,116.71193659902929,burst,4.864511966705322,4.869503974914551,True,1905 1950 1965 1935 1965 1950 1950 1905 1950 1785 1965 1965 1965 1965 1890,False,3725.122836206298,"measured on this device: NVIDIA GH200 480GB (measured), 3725.1 GB/s (triad pattern)",13.0,580.105.08,True,1,f49a2133c942c20c3b1b72e002b03af1ccd216a3,NVIDIA GH200 480GB,192-222-57-200,"scripts/clock_elasticity.py: bursts of N back-to-back fused_experts calls under one pinned tile, each call L2-flushed and bracketed by its own pre-primed event pair, the FIRST call of every burst discarded as a drained-queue launch, a host-side idle gap after each burst setting the sustained duty cycle, and the SM clock, board power and memory clock read through NVML with the burst still in flight; NOT timing.TIMING_BASIS | duty 0.25 | each idle gap sized from its own burst (gap_basis burst)",,iters=supplied as None; sglang=package not installed,1,3.12.14,177.93141728460498,"measured on this device: NVIDIA GH200 480GB (measured), 662.8 TFLOP/s bf16 over 3725.1 GB/s (triad pattern); calibrated 2026-09-25 at f49a2133",,200.0,2.13.0,3.7.1,2026-09-25T07:38:13+00:00,0.27.1,300.0
shared,1,32,6,192,768,1,72,3.2152000665664673,3.1804161071777344,0.05462833441033085,50,3,327.9639675617218,"scripts/clock_elasticity.py: bursts of N back-to-back fused_experts calls under one pinned tile, each call L2-flushed and bracketed by its own pre-primed event pair, the FIRST call of every burst discarded as a drained-queue launch, a host-side idle gap after each burst setting the sustained duty cycle, and the SM clock, board power and memory clock read through NVML with the burst still in flight; NOT timing.TIMING_BASIS",1965.0,False,high,True,True,ok,"LEVEL HIGH (recorded, never an exclusion here): loaded clock 1965 MHz against the 1455 MHz reference. At a duty cycle below 1.0 a HIGH reading is the experiment working, not a cell to drop.",0.25,312.229,0.24988461969260503,11,105.98026077829853,burst,3.2161120176315308,3.2244479656219482,True,1965 1965 1965 1965 1980 1980 1980 1860 1965 1935 1875 1905 1725 1950 1875,False,3725.122836206298,"measured on this device: NVIDIA GH200 480GB (measured), 3725.1 GB/s (triad pattern)",13.0,580.105.08,True,1,f49a2133c942c20c3b1b72e002b03af1ccd216a3,NVIDIA GH200 480GB,192-222-57-200,"scripts/clock_elasticity.py: bursts of N back-to-back fused_experts calls under one pinned tile, each call L2-flushed and bracketed by its own pre-primed event pair, the FIRST call of every burst discarded as a drained-queue launch, a host-side idle gap after each burst setting the sustained duty cycle, and the SM clock, board power and memory clock read through NVML with the burst still in flight; NOT timing.TIMING_BASIS | duty 0.25 | each idle gap sized from its own burst (gap_basis burst)",,iters=supplied as None; sglang=package not installed,1,3.12.14,177.93141728460498,"measured on this device: NVIDIA GH200 480GB (measured), 662.8 TFLOP/s bf16 over 3725.1 GB/s (triad pattern); calibrated 2026-09-25 at f49a2133",,200.0,2.13.0,3.7.1,2026-09-25T07:38:13+00:00,0.27.1,300.0
private,1,32,6,192,768,6,72,4.8666558265686035,4.856704235076904,0.006777363025577894,35,3,352.5211215019226,"scripts/clock_elasticity.py: bursts of N back-to-back fused_experts calls under one pinned tile, each call L2-flushed and bracketed by its own pre-primed event pair, the FIRST call of every burst discarded as a drained-queue launch, a host-side idle gap after each burst setting the sustained duty cycle, and the SM clock, board power and memory clock read through NVML with the burst still in flight; NOT timing.TIMING_BASIS",1950.0,False,high,True,True,ok,"LEVEL HIGH (recorded, never an exclusion here): loaded clock 1950 MHz against the 1455 MHz reference. At a duty cycle below 1.0 a HIGH reading is the experiment working, not a cell to drop.",0.25,295.954,0.24988904105151333,8,116.74898929764093,burst,4.8651838302612305,4.869887828826904,True,1920 1965 1875 1950 1920 1950 1965 1965 1875 1965 1920 1935 1965 1935 1965,False,3725.122836206298,"measured on this device: NVIDIA GH200 480GB (measured), 3725.1 GB/s (triad pattern)",13.0,580.105.08,True,1,f49a2133c942c20c3b1b72e002b03af1ccd216a3,NVIDIA GH200 480GB,192-222-57-200,"scripts/clock_elasticity.py: bursts of N back-to-back fused_experts calls under one pinned tile, each call L2-flushed and bracketed by its own pre-primed event pair, the FIRST call of every burst discarded as a drained-queue launch, a host-side idle gap after each burst setting the sustained duty cycle, and the SM clock, board power and memory clock read through NVML with the burst still in flight; NOT timing.TIMING_BASIS | duty 0.25 | each idle gap sized from its own burst (gap_basis burst)",,iters=supplied as None; sglang=package not installed,1,3.12.14,177.93141728460498,"measured on this device: NVIDIA GH200 480GB (measured), 662.8 TFLOP/s bf16 over 3725.1 GB/s (triad pattern); calibrated 2026-09-25 at f49a2133",,200.0,2.13.0,3.7.1,2026-09-25T07:38:13+00:00,0.27.1,300.0
native,1,32,6,192,768,1,8,3.207871913909912,3.194080114364624,0.03376384060050122,50,3,647.0402884483337,"scripts/clock_elasticity.py: bursts of N back-to-back fused_experts calls under one pinned tile, each call L2-flushed and bracketed by its own pre-primed event pair, the FIRST call of every burst discarded as a drained-queue launch, a host-side idle gap after each burst setting the sustained duty cycle, and the SM clock, board power and memory clock read through NVML with the burst still in flight; NOT timing.TIMING_BASIS",1935.0,False,high,True,True,ok,"LEVEL HIGH (recorded, never an exclusion here): loaded clock 1935 MHz against the 1455 MHz reference. At a duty cycle below 1.0 a HIGH reading is the experiment working, not a cell to drop.",0.25,309.843,0.24988555971520884,11,105.6189844022265,burst,3.210736036300659,3.208016037940979,True,1965 1905 1965 1920 1920 1965 1935 1965 1950 1875 1950 1920 1725 1950 1875,False,3725.122836206298,"measured on this device: NVIDIA GH200 480GB (measured), 3725.1 GB/s (triad pattern)",13.0,580.105.08,True,1,f49a2133c942c20c3b1b72e002b03af1ccd216a3,NVIDIA GH200 480GB,192-222-57-200,"scripts/clock_elasticity.py: bursts of N back-to-back fused_experts calls under one pinned tile, each call L2-flushed and bracketed by its own pre-primed event pair, the FIRST call of every burst discarded as a drained-queue launch, a host-side idle gap after each burst setting the sustained duty cycle, and the SM clock, board power and memory clock read through NVML with the burst still in flight; NOT timing.TIMING_BASIS | duty 0.25 | each idle gap sized from its own burst (gap_basis burst)",,iters=supplied as None; sglang=package not installed,1,3.12.14,177.93141728460498,"measured on this device: NVIDIA GH200 480GB (measured), 662.8 TFLOP/s bf16 over 3725.1 GB/s (triad pattern); calibrated 2026-09-25 at f49a2133",,200.0,2.13.0,3.7.1,2026-09-25T07:38:13+00:00,0.27.1,300.0
shared,1,32,5,160,640,1,72,2.6909120082855225,2.6804161071777344,0.055633393231514325,60,3,536.5287363529205,"scripts/clock_elasticity.py: bursts of N back-to-back fused_experts calls under one pinned tile, each call L2-flushed and bracketed by its own pre-primed event pair, the FIRST call of every burst discarded as a drained-queue launch, a host-side idle gap after each burst setting the sustained duty cycle, and the SM clock, board power and memory clock read through NVML with the burst still in flight; NOT timing.TIMING_BASIS",1905.0,False,high,False,True,ok,"LEVEL HIGH (recorded, never an exclusion here): loaded clock 1905 MHz against the 1455 MHz reference. At a duty cycle below 1.0 a HIGH reading is the experiment working, not a cell to drop.; DRIFT failed, settling upward: 1695 -> 1875 MHz over 15 bursts; this cell is EXCLUDED",0.25,314.085,0.24988767873920414,13,104.55252231450868,burst,2.6912639141082764,2.6909120082855225,True,1695 1935 1830 1950 1905 1695 1935 1845 1950 1905 1725 1950 1875 1965 1875,False,3725.122836206298,"measured on this device: NVIDIA GH200 480GB (measured), 3725.1 GB/s (triad pattern)",13.0,580.105.08,True,1,f49a2133c942c20c3b1b72e002b03af1ccd216a3,NVIDIA GH200 480GB,192-222-57-200,"scripts/clock_elasticity.py: bursts of N back-to-back fused_experts calls under one pinned tile, each call L2-flushed and bracketed by its own pre-primed event pair, the FIRST call of every burst discarded as a drained-queue launch, a host-side idle gap after each burst setting the sustained duty cycle, and the SM clock, board power and memory clock read through NVML with the burst still in flight; NOT timing.TIMING_BASIS | duty 0.25 | each idle gap sized from its own burst (gap_basis burst)",,iters=supplied as None; sglang=package not installed,1,3.12.14,177.93141728460498,"measured on this device: NVIDIA GH200 480GB (measured), 662.8 TFLOP/s bf16 over 3725.1 GB/s (triad pattern); calibrated 2026-09-25 at f49a2133",,200.0,2.13.0,3.7.1,2026-09-25T07:38:13+00:00,0.27.1,300.0
private,1,32,5,160,640,5,72,4.074272155761719,4.064703941345215,0.005419000157764407,45,3,368.8128309249878,"scripts/clock_elasticity.py: bursts of N back-to-back fused_experts calls under one pinned tile, each call L2-flushed and bracketed by its own pre-primed event pair, the FIRST call of every burst discarded as a drained-queue launch, a host-side idle gap after each burst setting the sustained duty cycle, and the SM clock, board power and memory clock read through NVML with the burst still in flight; NOT timing.TIMING_BASIS",1950.0,False,high,True,True,ok,"LEVEL HIGH (recorded, never an exclusion here): loaded clock 1950 MHz against the 1455 MHz reference. At a duty cycle below 1.0 a HIGH reading is the experiment working, not a cell to drop.",0.25,293.673,0.24989997494321034,10,121.89085548964795,burst,4.074320077896118,4.077167987823486,True,1905 1965 1950 1875 1950 1965 1950 1875 1965 1935 1950 1965 1950 1920 1890,False,3725.122836206298,"measured on this device: NVIDIA GH200 480GB (measured), 3725.1 GB/s (triad pattern)",13.0,580.105.08,True,1,f49a2133c942c20c3b1b72e002b03af1ccd216a3,NVIDIA GH200 480GB,192-222-57-200,"scripts/clock_elasticity.py: bursts of N back-to-back fused_experts calls under one pinned tile, each call L2-flushed and bracketed by its own pre-primed event pair, the FIRST call of every burst discarded as a drained-queue launch, a host-side idle gap after each burst setting the sustained duty cycle, and the SM clock, board power and memory clock read through NVML with the burst still in flight; NOT timing.TIMING_BASIS | duty 0.25 | each idle gap sized from its own burst (gap_basis burst)",,iters=supplied as None; sglang=package not installed,1,3.12.14,177.93141728460498,"measured on this device: NVIDIA GH200 480GB (measured), 662.8 TFLOP/s bf16 over 3725.1 GB/s (triad pattern); calibrated 2026-09-25 at f49a2133",,200.0,2.13.0,3.7.1,2026-09-25T07:38:13+00:00,0.27.1,300.0
native,1,32,5,160,640,1,8,2.682976007461548,2.6486399173736572,0.05196939785526949,60,3,322.28943967819214,"scripts/clock_elasticity.py: bursts of N back-to-back fused_experts calls under one pinned tile, each call L2-flushed and bracketed by its own pre-primed event pair, the FIRST call of every burst discarded as a drained-queue launch, a host-side idle gap after each burst setting the sustained duty cycle, and the SM clock, board power and memory clock read through NVML with the burst still in flight; NOT timing.TIMING_BASIS",1965.0,False,high,False,True,ok,"LEVEL HIGH (recorded, never an exclusion here): loaded clock 1965 MHz against the 1455 MHz reference. At a duty cycle below 1.0 a HIGH reading is the experiment working, not a cell to drop.; DRIFT failed, settling upward: 1845 -> 1965 MHz over 15 bursts; this cell is EXCLUDED",0.25,314.156,0.2498826311940225,13,104.12785388504925,burst,2.682784080505371,2.6822080612182617,True,1845 1950 1920 1965 1965 1890 1965 1965 1980 1965 1965 1980 1980 1980 1965,False,3725.122836206298,"measured on this device: NVIDIA GH200 480GB (measured), 3725.1 GB/s (triad pattern)",13.0,580.105.08,True,1,f49a2133c942c20c3b1b72e002b03af1ccd216a3,NVIDIA GH200 480GB,192-222-57-200,"scripts/clock_elasticity.py: bursts of N back-to-back fused_experts calls under one pinned tile, each call L2-flushed and bracketed by its own pre-primed event pair, the FIRST call of every burst discarded as a drained-queue launch, a host-side idle gap after each burst setting the sustained duty cycle, and the SM clock, board power and memory clock read through NVML with the burst still in flight; NOT timing.TIMING_BASIS | duty 0.25 | each idle gap sized from its own burst (gap_basis burst)",,iters=supplied as None; sglang=package not installed,1,3.12.14,177.93141728460498,"measured on this device: NVIDIA GH200 480GB (measured), 662.8 TFLOP/s bf16 over 3725.1 GB/s (triad pattern); calibrated 2026-09-25 at f49a2133",,200.0,2.13.0,3.7.1,2026-09-25T07:38:13+00:00,0.27.1,300.0
shared,1,32,4,128,512,1,72,2.161679983139038,2.150144100189209,0.030478351154592055,80,3,558.9982721805573,"scripts/clock_elasticity.py: bursts of N back-to-back fused_experts calls under one pinned tile, each call L2-flushed and bracketed by its own pre-primed event pair, the FIRST call of every burst discarded as a drained-queue launch, a host-side idle gap after each burst setting the sustained duty cycle, and the SM clock, board power and memory clock read through NVML with the burst still in flight; NOT timing.TIMING_BASIS",1965.0,False,high,True,True,ok,"LEVEL HIGH (recorded, never an exclusion here): loaded clock 1965 MHz against the 1455 MHz reference. At a duty cycle below 1.0 a HIGH reading is the experiment working, not a cell to drop.",0.25,305.982,0.24989458885311866,17,109.53787213787655,burst,2.1662399768829346,2.1617119312286377,True,1965 1950 1965 1905 1965 1965 1965 1935 1965 1935 1965 1965 1965 1950 1965,False,3725.122836206298,"measured on this device: NVIDIA GH200 480GB (measured), 3725.1 GB/s (triad pattern)",13.0,580.105.08,True,1,f49a2133c942c20c3b1b72e002b03af1ccd216a3,NVIDIA GH200 480GB,192-222-57-200,"scripts/clock_elasticity.py: bursts of N back-to-back fused_experts calls under one pinned tile, each call L2-flushed and bracketed by its own pre-primed event pair, the FIRST call of every burst discarded as a drained-queue launch, a host-side idle gap after each burst setting the sustained duty cycle, and the SM clock, board power and memory clock read through NVML with the burst still in flight; NOT timing.TIMING_BASIS | duty 0.25 | each idle gap sized from its own burst (gap_basis burst)",,iters=supplied as None; sglang=package not installed,1,3.12.14,177.93141728460498,"measured on this device: NVIDIA GH200 480GB (measured), 662.8 TFLOP/s bf16 over 3725.1 GB/s (triad pattern); calibrated 2026-09-25 at f49a2133",,200.0,2.13.0,3.7.1,2026-09-25T07:38:13+00:00,0.27.1,300.0
private,1,32,4,128,512,4,72,3.2607998847961426,3.2505600452423096,0.0049165508304414105,55,3,314.8424654006958,"scripts/clock_elasticity.py: bursts of N back-to-back fused_experts calls under one pinned tile, each call L2-flushed and bracketed by its own pre-primed event pair, the FIRST call of every burst discarded as a drained-queue launch, a host-side idle gap after each burst setting the sustained duty cycle, and the SM clock, board power and memory clock read through NVML with the burst still in flight; NOT timing.TIMING_BASIS",1950.0,False,high,True,True,ok,"LEVEL HIGH (recorded, never an exclusion here): loaded clock 1950 MHz against the 1455 MHz reference. At a duty cycle below 1.0 a HIGH reading is the experiment working, not a cell to drop.",0.25,289.339,0.24989418061584825,12,116.81324113928711,burst,3.25927996635437,3.263551950454712,True,1965 1950 1965 1905 1950 1965 1935 1965 1950 1965 1890 1950 1965 1920 1965,False,3725.122836206298,"measured on this device: NVIDIA GH200 480GB (measured), 3725.1 GB/s (triad pattern)",13.0,580.105.08,True,1,f49a2133c942c20c3b1b72e002b03af1ccd216a3,NVIDIA GH200 480GB,192-222-57-200,"scripts/clock_elasticity.py: bursts of N back-to-back fused_experts calls under one pinned tile, each call L2-flushed and bracketed by its own pre-primed event pair, the FIRST call of every burst discarded as a drained-queue launch, a host-side idle gap after each burst setting the sustained duty cycle, and the SM clock, board power and memory clock read through NVML with the burst still in flight; NOT timing.TIMING_BASIS | duty 0.25 | each idle gap sized from its own burst (gap_basis burst)",,iters=supplied as None; sglang=package not installed,1,3.12.14,177.93141728460498,"measured on this device: NVIDIA GH200 480GB (measured), 662.8 TFLOP/s bf16 over 3725.1 GB/s (triad pattern); calibrated 2026-09-25 at f49a2133",,200.0,2.13.0,3.7.1,2026-09-25T07:38:13+00:00,0.27.1,300.0
native,1,32,4,128,512,1,8,2.1516799926757812,2.141184091567993,0.02774527674426953,80,3,482.8855035305023,"scripts/clock_elasticity.py: bursts of N back-to-back fused_experts calls under one pinned tile, each call L2-flushed and bracketed by its own pre-primed event pair, the FIRST call of every burst discarded as a drained-queue launch, a host-side idle gap after each burst setting the sustained duty cycle, and the SM clock, board power and memory clock read through NVML with the burst still in flight; NOT timing.TIMING_BASIS",1950.0,False,high,True,True,ok,"LEVEL HIGH (recorded, never an exclusion here): loaded clock 1950 MHz against the 1455 MHz reference. At a duty cycle below 1.0 a HIGH reading is the experiment working, not a cell to drop.",0.25,305.679,0.2498862613056942,17,109.27918525827043,burst,2.154255986213684,2.162992000579834,True,1965 1950 1965 1935 1965 1935 1965 1965 1800 1965 1800 1950 1950 1950 1905,False,3725.122836206298,"measured on this device: NVIDIA GH200 480GB (measured), 3725.1 GB/s (triad pattern)",13.0,580.105.08,True,1,f49a2133c942c20c3b1b72e002b03af1ccd216a3,NVIDIA GH200 480GB,192-222-57-200,"scripts/clock_elasticity.py: bursts of N back-to-back fused_experts calls under one pinned tile, each call L2-flushed and bracketed by its own pre-primed event pair, the FIRST call of every burst discarded as a drained-queue launch, a host-side idle gap after each burst setting the sustained duty cycle, and the SM clock, board power and memory clock read through NVML with the burst still in flight; NOT timing.TIMING_BASIS | duty 0.25 | each idle gap sized from its own burst (gap_basis burst)",,iters=supplied as None; sglang=package not installed,1,3.12.14,177.93141728460498,"measured on this device: NVIDIA GH200 480GB (measured), 662.8 TFLOP/s bf16 over 3725.1 GB/s (triad pattern); calibrated 2026-09-25 at f49a2133",,200.0,2.13.0,3.7.1,2026-09-25T07:38:13+00:00,0.27.1,300.0
shared,1,32,3,96,384,1,72,1.651520013809204,1.640928030014038,0.02051724171125335,95,3,407.9919364452362,"scripts/clock_elasticity.py: bursts of N back-to-back fused_experts calls under one pinned tile, each call L2-flushed and bracketed by its own pre-primed event pair, the FIRST call of every burst discarded as a drained-queue launch, a host-side idle gap after each burst setting the sustained duty cycle, and the SM clock, board power and memory clock read through NVML with the burst still in flight; NOT timing.TIMING_BASIS",1950.0,False,high,False,True,ok,"LEVEL HIGH (recorded, never an exclusion here): loaded clock 1950 MHz against the 1455 MHz reference. At a duty cycle below 1.0 a HIGH reading is the experiment working, not a cell to drop.; DRIFT failed, settling upward: 1845 -> 1950 MHz over 15 bursts; this cell is EXCLUDED",0.25,320.658,0.24987519709042247,20,98.09298616615342,burst,1.6546080112457275,1.6495199799537659,True,1845 1950 1950 1860 1965 1950 1965 1935 1890 1875 1950 1905 1875 1950 1950,False,3725.122836206298,"measured on this device: NVIDIA GH200 480GB (measured), 3725.1 GB/s (triad pattern)",13.0,580.105.08,True,1,f49a2133c942c20c3b1b72e002b03af1ccd216a3,NVIDIA GH200 480GB,192-222-57-200,"scripts/clock_elasticity.py: bursts of N back-to-back fused_experts calls under one pinned tile, each call L2-flushed and bracketed by its own pre-primed event pair, the FIRST call of every burst discarded as a drained-queue launch, a host-side idle gap after each burst setting the sustained duty cycle, and the SM clock, board power and memory clock read through NVML with the burst still in flight; NOT timing.TIMING_BASIS | duty 0.25 | each idle gap sized from its own burst (gap_basis burst)",,iters=supplied as None; sglang=package not installed,1,3.12.14,177.93141728460498,"measured on this device: NVIDIA GH200 480GB (measured), 662.8 TFLOP/s bf16 over 3725.1 GB/s (triad pattern); calibrated 2026-09-25 at f49a2133",,200.0,2.13.0,3.7.1,2026-09-25T07:38:13+00:00,0.27.1,300.0
private,1,32,3,96,384,3,72,2.4499518871307373,2.441312074661255,0.004237040724890632,75,3,315.32329535484314,"scripts/clock_elasticity.py: bursts of N back-to-back fused_experts calls under one pinned tile, each call L2-flushed and bracketed by its own pre-primed event pair, the FIRST call of every burst discarded as a drained-queue launch, a host-side idle gap after each burst setting the sustained duty cycle, and the SM clock, board power and memory clock read through NVML with the burst still in flight; NOT timing.TIMING_BASIS",1950.0,False,high,True,True,ok,"LEVEL HIGH (recorded, never an exclusion here): loaded clock 1950 MHz against the 1455 MHz reference. At a duty cycle below 1.0 a HIGH reading is the experiment working, not a cell to drop.",0.25,291.554,0.24989634247505965,16,116.78706004076231,burst,2.4495038986206055,2.450655937194824,True,1935 1965 1950 1965 1920 1950 1965 1935 1965 1935 1950 1935 1965 1950 1965,False,3725.122836206298,"measured on this device: NVIDIA GH200 480GB (measured), 3725.1 GB/s (triad pattern)",13.0,580.105.08,True,1,f49a2133c942c20c3b1b72e002b03af1ccd216a3,NVIDIA GH200 480GB,192-222-57-200,"scripts/clock_elasticity.py: bursts of N back-to-back fused_experts calls under one pinned tile, each call L2-flushed and bracketed by its own pre-primed event pair, the FIRST call of every burst discarded as a drained-queue launch, a host-side idle gap after each burst setting the sustained duty cycle, and the SM clock, board power and memory clock read through NVML with the burst still in flight; NOT timing.TIMING_BASIS | duty 0.25 | each idle gap sized from its own burst (gap_basis burst)",,iters=supplied as None; sglang=package not installed,1,3.12.14,177.93141728460498,"measured on this device: NVIDIA GH200 480GB (measured), 662.8 TFLOP/s bf16 over 3725.1 GB/s (triad pattern); calibrated 2026-09-25 at f49a2133",,200.0,2.13.0,3.7.1,2026-09-25T07:38:13+00:00,0.27.1,300.0
native,1,32,3,96,384,1,8,1.6658560037612915,1.6518720388412476,0.02393226954388505,95,3,411.13574516773224,"scripts/clock_elasticity.py: bursts of N back-to-back fused_experts calls under one pinned tile, each call L2-flushed and bracketed by its own pre-primed event pair, the FIRST call of every burst discarded as a drained-queue launch, a host-side idle gap after each burst setting the sustained duty cycle, and the SM clock, board power and memory clock read through NVML with the burst still in flight; NOT timing.TIMING_BASIS",1905.0,False,high,True,True,ok,"LEVEL HIGH (recorded, never an exclusion here): loaded clock 1905 MHz against the 1455 MHz reference. At a duty cycle below 1.0 a HIGH reading is the experiment working, not a cell to drop.",0.25,314.794,0.249880958430763,20,98.75643963540642,burst,1.6700640320777893,1.6657599806785583,True,1860 1950 1920 1860 1950 1935 1890 1905 1890 1815 1965 1890 1785 1965 1905,False,3725.122836206298,"measured on this device: NVIDIA GH200 480GB (measured), 3725.1 GB/s (triad pattern)",13.0,580.105.08,True,1,f49a2133c942c20c3b1b72e002b03af1ccd216a3,NVIDIA GH200 480GB,192-222-57-200,"scripts/clock_elasticity.py: bursts of N back-to-back fused_experts calls under one pinned tile, each call L2-flushed and bracketed by its own pre-primed event pair, the FIRST call of every burst discarded as a drained-queue launch, a host-side idle gap after each burst setting the sustained duty cycle, and the SM clock, board power and memory clock read through NVML with the burst still in flight; NOT timing.TIMING_BASIS | duty 0.25 | each idle gap sized from its own burst (gap_basis burst)",,iters=supplied as None; sglang=package not installed,1,3.12.14,177.93141728460498,"measured on this device: NVIDIA GH200 480GB (measured), 662.8 TFLOP/s bf16 over 3725.1 GB/s (triad pattern); calibrated 2026-09-25 at f49a2133",,200.0,2.13.0,3.7.1,2026-09-25T07:38:13+00:00,0.27.1,300.0
shared,1,32,2,64,256,1,72,1.1219840049743652,1.1070079803466797,0.009587241602659457,150,3,319.2699519395828,"scripts/clock_elasticity.py: bursts of N back-to-back fused_experts calls under one pinned tile, each call L2-flushed and bracketed by its own pre-primed event pair, the FIRST call of every burst discarded as a drained-queue launch, a host-side idle gap after each burst setting the sustained duty cycle, and the SM clock, board power and memory clock read through NVML with the burst still in flight; NOT timing.TIMING_BASIS",1965.0,False,high,True,True,ok,"LEVEL HIGH (recorded, never an exclusion here): loaded clock 1965 MHz against the 1455 MHz reference. At a duty cycle below 1.0 a HIGH reading is the experiment working, not a cell to drop.",0.25,320.791,0.24987999579987413,31,102.47506661555964,burst,1.1225919723510742,1.1246399879455566,True,1965 1965 1980 1980 1965 1965 1980 1980 1980 1965 1965 1965 1980 1980 1965,False,3725.122836206298,"measured on this device: NVIDIA GH200 480GB (measured), 3725.1 GB/s (triad pattern)",13.0,580.105.08,True,1,f49a2133c942c20c3b1b72e002b03af1ccd216a3,NVIDIA GH200 480GB,192-222-57-200,"scripts/clock_elasticity.py: bursts of N back-to-back fused_experts calls under one pinned tile, each call L2-flushed and bracketed by its own pre-primed event pair, the FIRST call of every burst discarded as a drained-queue launch, a host-side idle gap after each burst setting the sustained duty cycle, and the SM clock, board power and memory clock read through NVML with the burst still in flight; NOT timing.TIMING_BASIS | duty 0.25 | each idle gap sized from its own burst (gap_basis burst)",,iters=supplied as None; sglang=package not installed,1,3.12.14,177.93141728460498,"measured on this device: NVIDIA GH200 480GB (measured), 662.8 TFLOP/s bf16 over 3725.1 GB/s (triad pattern); calibrated 2026-09-25 at f49a2133",,200.0,2.13.0,3.7.1,2026-09-25T07:38:13+00:00,0.27.1,300.0
private,1,32,2,64,256,2,72,1.640928030014038,1.6308480501174927,0.004222829549690197,115,3,316.8472638130188,"scripts/clock_elasticity.py: bursts of N back-to-back fused_experts calls under one pinned tile, each call L2-flushed and bracketed by its own pre-primed event pair, the FIRST call of every burst discarded as a drained-queue launch, a host-side idle gap after each burst setting the sustained duty cycle, and the SM clock, board power and memory clock read through NVML with the burst still in flight; NOT timing.TIMING_BASIS",1950.0,False,high,True,True,ok,"LEVEL HIGH (recorded, never an exclusion here): loaded clock 1950 MHz against the 1455 MHz reference. At a duty cycle below 1.0 a HIGH reading is the experiment working, not a cell to drop.",0.25,291.485,0.2498939007037804,24,116.64100309956122,burst,1.6416640281677246,1.6413439512252808,True,1965 1920 1965 1965 1935 1965 1890 1950 1860 1965 1965 1935 1965 1920 1950,False,3725.122836206298,"measured on this device: NVIDIA GH200 480GB (measured), 3725.1 GB/s (triad pattern)",13.0,580.105.08,True,1,f49a2133c942c20c3b1b72e002b03af1ccd216a3,NVIDIA GH200 480GB,192-222-57-200,"scripts/clock_elasticity.py: bursts of N back-to-back fused_experts calls under one pinned tile, each call L2-flushed and bracketed by its own pre-primed event pair, the FIRST call of every burst discarded as a drained-queue launch, a host-side idle gap after each burst setting the sustained duty cycle, and the SM clock, board power and memory clock read through NVML with the burst still in flight; NOT timing.TIMING_BASIS | duty 0.25 | each idle gap sized from its own burst (gap_basis burst)",,iters=supplied as None; sglang=package not installed,1,3.12.14,177.93141728460498,"measured on this device: NVIDIA GH200 480GB (measured), 662.8 TFLOP/s bf16 over 3725.1 GB/s (triad pattern); calibrated 2026-09-25 at f49a2133",,200.0,2.13.0,3.7.1,2026-09-25T07:38:13+00:00,0.27.1,300.0
native,1,32,2,64,256,1,8,1.1281440258026123,1.118656039237976,0.02270806744982494,150,3,920.8581454753876,"scripts/clock_elasticity.py: bursts of N back-to-back fused_experts calls under one pinned tile, each call L2-flushed and bracketed by its own pre-primed event pair, the FIRST call of every burst discarded as a drained-queue launch, a host-side idle gap after each burst setting the sustained duty cycle, and the SM clock, board power and memory clock read through NVML with the burst still in flight; NOT timing.TIMING_BASIS",1905.0,False,high,False,True,ok,"LEVEL HIGH (recorded, never an exclusion here): loaded clock 1905 MHz against the 1455 MHz reference. At a duty cycle below 1.0 a HIGH reading is the experiment working, not a cell to drop.; DRIFT failed, settling upward: 1725 -> 1830 MHz over 15 bursts; this cell is EXCLUDED",0.25,312.761,0.2498811850217761,31,103.03896933966824,burst,1.1304960250854492,1.1283520460128784,True,1725 1935 1845 1950 1920 1770 1950 1830 1950 1830 1950 1905 1680 1935 1830,False,3725.122836206298,"measured on this device: NVIDIA GH200 480GB (measured), 3725.1 GB/s (triad pattern)",13.0,580.105.08,True,1,f49a2133c942c20c3b1b72e002b03af1ccd216a3,NVIDIA GH200 480GB,192-222-57-200,"scripts/clock_elasticity.py: bursts of N back-to-back fused_experts calls under one pinned tile, each call L2-flushed and bracketed by its own pre-primed event pair, the FIRST call of every burst discarded as a drained-queue launch, a host-side idle gap after each burst setting the sustained duty cycle, and the SM clock, board power and memory clock read through NVML with the burst still in flight; NOT timing.TIMING_BASIS | duty 0.25 | each idle gap sized from its own burst (gap_basis burst)",,iters=supplied as None; sglang=package not installed,1,3.12.14,177.93141728460498,"measured on this device: NVIDIA GH200 480GB (measured), 662.8 TFLOP/s bf16 over 3725.1 GB/s (triad pattern); calibrated 2026-09-25 at f49a2133",,200.0,2.13.0,3.7.1,2026-09-25T07:38:13+00:00,0.27.1,300.0
shared,1,32,1,32,128,1,72,0.8474879860877991,0.839136004447937,0.0026006226048174283,230,3,320.3004487156868,"scripts/clock_elasticity.py: bursts of N back-to-back fused_experts calls under one pinned tile, each call L2-flushed and bracketed by its own pre-primed event pair, the FIRST call of every burst discarded as a drained-queue launch, a host-side idle gap after each burst setting the sustained duty cycle, and the SM clock, board power and memory clock read through NVML with the burst still in flight; NOT timing.TIMING_BASIS",1965.0,False,high,True,True,ok,"LEVEL HIGH (recorded, never an exclusion here): loaded clock 1965 MHz against the 1455 MHz reference. At a duty cycle below 1.0 a HIGH reading is the experiment working, not a cell to drop.",0.25,290.017,0.2498996492159722,47,116.1744148103826,burst,0.8469439744949341,0.8484159708023071,True,1935 1965 1965 1950 1965 1935 1950 1965 1950 1965 1965 1965 1965 1950 1965,False,3725.122836206298,"measured on this device: NVIDIA GH200 480GB (measured), 3725.1 GB/s (triad pattern)",13.0,580.105.08,True,1,f49a2133c942c20c3b1b72e002b03af1ccd216a3,NVIDIA GH200 480GB,192-222-57-200,"scripts/clock_elasticity.py: bursts of N back-to-back fused_experts calls under one pinned tile, each call L2-flushed and bracketed by its own pre-primed event pair, the FIRST call of every burst discarded as a drained-queue launch, a host-side idle gap after each burst setting the sustained duty cycle, and the SM clock, board power and memory clock read through NVML with the burst still in flight; NOT timing.TIMING_BASIS | duty 0.25 | each idle gap sized from its own burst (gap_basis burst)",,iters=supplied as None; sglang=package not installed,1,3.12.14,177.93141728460498,"measured on this device: NVIDIA GH200 480GB (measured), 662.8 TFLOP/s bf16 over 3725.1 GB/s (triad pattern); calibrated 2026-09-25 at f49a2133",,200.0,2.13.0,3.7.1,2026-09-25T07:38:13+00:00,0.27.1,300.0
private,1,32,1,32,128,1,72,0.847104012966156,0.8377919793128967,0.002404330892047328,230,3,320.103679895401,"scripts/clock_elasticity.py: bursts of N back-to-back fused_experts calls under one pinned tile, each call L2-flushed and bracketed by its own pre-primed event pair, the FIRST call of every burst discarded as a drained-queue launch, a host-side idle gap after each burst setting the sustained duty cycle, and the SM clock, board power and memory clock read through NVML with the burst still in flight; NOT timing.TIMING_BASIS",1965.0,False,high,True,True,ok,"LEVEL HIGH (recorded, never an exclusion here): loaded clock 1965 MHz against the 1455 MHz reference. At a duty cycle below 1.0 a HIGH reading is the experiment working, not a cell to drop.",0.25,289.564,0.24989313925624482,47,116.14846337806011,burst,0.8470399975776672,0.8472959995269775,True,1950 1965 1965 1965 1965 1950 1950 1935 1965 1965 1965 1965 1920 1950 1965,False,3725.122836206298,"measured on this device: NVIDIA GH200 480GB (measured), 3725.1 GB/s (triad pattern)",13.0,580.105.08,True,1,f49a2133c942c20c3b1b72e002b03af1ccd216a3,NVIDIA GH200 480GB,192-222-57-200,"scripts/clock_elasticity.py: bursts of N back-to-back fused_experts calls under one pinned tile, each call L2-flushed and bracketed by its own pre-primed event pair, the FIRST call of every burst discarded as a drained-queue launch, a host-side idle gap after each burst setting the sustained duty cycle, and the SM clock, board power and memory clock read through NVML with the burst still in flight; NOT timing.TIMING_BASIS | duty 0.25 | each idle gap sized from its own burst (gap_basis burst)",,iters=supplied as None; sglang=package not installed,1,3.12.14,177.93141728460498,"measured on this device: NVIDIA GH200 480GB (measured), 662.8 TFLOP/s bf16 over 3725.1 GB/s (triad pattern); calibrated 2026-09-25 at f49a2133",,200.0,2.13.0,3.7.1,2026-09-25T07:38:13+00:00,0.27.1,300.0
native,1,32,1,32,128,1,8,0.8479519784450531,0.841759979724884,0.002591336894547414,230,3,320.2845118045807,"scripts/clock_elasticity.py: bursts of N back-to-back fused_experts calls under one pinned tile, each call L2-flushed and bracketed by its own pre-primed event pair, the FIRST call of every burst discarded as a drained-queue launch, a host-side idle gap after each burst setting the sustained duty cycle, and the SM clock, board power and memory clock read through NVML with the burst still in flight; NOT timing.TIMING_BASIS",1965.0,False,high,True,True,ok,"LEVEL HIGH (recorded, never an exclusion here): loaded clock 1965 MHz against the 1455 MHz reference. At a duty cycle below 1.0 a HIGH reading is the experiment working, not a cell to drop.",0.25,285.992,0.24989183419299182,47,116.23326286050722,burst,0.8479999899864197,0.8480640053749084,True,1965 1965 1950 1965 1950 1965 1965 1950 1965 1920 1965 1965 1950 1965 1950,False,3725.122836206298,"measured on this device: NVIDIA GH200 480GB (measured), 3725.1 GB/s (triad pattern)",13.0,580.105.08,True,1,f49a2133c942c20c3b1b72e002b03af1ccd216a3,NVIDIA GH200 480GB,192-222-57-200,"scripts/clock_elasticity.py: bursts of N back-to-back fused_experts calls under one pinned tile, each call L2-flushed and bracketed by its own pre-primed event pair, the FIRST call of every burst discarded as a drained-queue launch, a host-side idle gap after each burst setting the sustained duty cycle, and the SM clock, board power and memory clock read through NVML with the burst still in flight; NOT timing.TIMING_BASIS | duty 0.25 | each idle gap sized from its own burst (gap_basis burst)",,iters=supplied as None; sglang=package not installed,1,3.12.14,177.93141728460498,"measured on this device: NVIDIA GH200 480GB (measured), 662.8 TFLOP/s bf16 over 3725.1 GB/s (triad pattern); calibrated 2026-09-25 at f49a2133",,200.0,2.13.0,3.7.1,2026-09-25T07:38:13+00:00,0.27.1,300.0
private,2,32,1,32,128,1,72,0.8469919860363007,0.8406080007553101,0.002566981301508597,230,3,320.2093122601509,"scripts/clock_elasticity.py: bursts of N back-to-back fused_experts calls under one pinned tile, each call L2-flushed and bracketed by its own pre-primed event pair, the FIRST call of every burst discarded as a drained-queue launch, a host-side idle gap after each burst setting the sustained duty cycle, and the SM clock, board power and memory clock read through NVML with the burst still in flight; NOT timing.TIMING_BASIS",1965.0,False,high,True,True,ok,"LEVEL HIGH (recorded, never an exclusion here): loaded clock 1965 MHz against the 1455 MHz reference. At a duty cycle below 1.0 a HIGH reading is the experiment working, not a cell to drop.",0.25,289.735,0.24989201827663202,47,116.20263809064635,burst,0.8466240167617798,0.8479679822921753,True,1965 1935 1965 1965 1965 1965 1965 1965 1965 1935 1950 1935 1965 1965 1965,False,3725.122836206298,"measured on this device: NVIDIA GH200 480GB (measured), 3725.1 GB/s (triad pattern)",13.0,580.105.08,True,1,f49a2133c942c20c3b1b72e002b03af1ccd216a3,NVIDIA GH200 480GB,192-222-57-200,"scripts/clock_elasticity.py: bursts of N back-to-back fused_experts calls under one pinned tile, each call L2-flushed and bracketed by its own pre-primed event pair, the FIRST call of every burst discarded as a drained-queue launch, a host-side idle gap after each burst setting the sustained duty cycle, and the SM clock, board power and memory clock read through NVML with the burst still in flight; NOT timing.TIMING_BASIS | duty 0.25 | each idle gap sized from its own burst (gap_basis burst)",,iters=supplied as None; sglang=package not installed,1,3.12.14,177.93141728460498,"measured on this device: NVIDIA GH200 480GB (measured), 662.8 TFLOP/s bf16 over 3725.1 GB/s (triad pattern); calibrated 2026-09-25 at f49a2133",,200.0,2.13.0,3.7.1,2026-09-25T07:38:13+00:00,0.27.1,300.0
native,2,32,1,32,128,1,8,0.8480480015277863,0.840831995010376,0.0025133455959935286,230,3,320.4142720103264,"scripts/clock_elasticity.py: bursts of N back-to-back fused_experts calls under one pinned tile, each call L2-flushed and bracketed by its own pre-primed event pair, the FIRST call of every burst discarded as a drained-queue launch, a host-side idle gap after each burst setting the sustained duty cycle, and the SM clock, board power and memory clock read through NVML with the burst still in flight; NOT timing.TIMING_BASIS",1965.0,False,high,True,True,ok,"LEVEL HIGH (recorded, never an exclusion here): loaded clock 1965 MHz against the 1455 MHz reference. At a duty cycle below 1.0 a HIGH reading is the experiment working, not a cell to drop.",0.25,287.725,0.24989747219392758,47,116.24939159887072,burst,0.8478080034255981,0.8481919765472412,True,1965 1965 1965 1965 1965 1965 1965 1965 1965 1965 1965 1950 1965 1965 1965,False,3725.122836206298,"measured on this device: NVIDIA GH200 480GB (measured), 3725.1 GB/s (triad pattern)",13.0,580.105.08,True,1,f49a2133c942c20c3b1b72e002b03af1ccd216a3,NVIDIA GH200 480GB,192-222-57-200,"scripts/clock_elasticity.py: bursts of N back-to-back fused_experts calls under one pinned tile, each call L2-flushed and bracketed by its own pre-primed event pair, the FIRST call of every burst discarded as a drained-queue launch, a host-side idle gap after each burst setting the sustained duty cycle, and the SM clock, board power and memory clock read through NVML with the burst still in flight; NOT timing.TIMING_BASIS | duty 0.25 | each idle gap sized from its own burst (gap_basis burst)",,iters=supplied as None; sglang=package not installed,1,3.12.14,177.93141728460498,"measured on this device: NVIDIA GH200 480GB (measured), 662.8 TFLOP/s bf16 over 3725.1 GB/s (triad pattern); calibrated 2026-09-25 at f49a2133",,200.0,2.13.0,3.7.1,2026-09-25T07:38:13+00:00,0.27.1,300.0
shared,2,32,1,32,128,1,72,0.8470079898834229,0.8392959833145142,0.0025193650898993098,230,3,320.15833562612534,"scripts/clock_elasticity.py: bursts of N back-to-back fused_experts calls under one pinned tile, each call L2-flushed and bracketed by its own pre-primed event pair, the FIRST call of every burst discarded as a drained-queue launch, a host-side idle gap after each burst setting the sustained duty cycle, and the SM clock, board power and memory clock read through NVML with the burst still in flight; NOT timing.TIMING_BASIS",1965.0,False,high,True,True,ok,"LEVEL HIGH (recorded, never an exclusion here): loaded clock 1965 MHz against the 1455 MHz reference. At a duty cycle below 1.0 a HIGH reading is the experiment working, not a cell to drop.",0.25,288.697,0.24989938426320912,47,116.13649430640363,burst,0.8470399975776672,0.847104012966156,True,1920 1965 1965 1950 1965 1935 1950 1965 1950 1965 1965 1965 1965 1950 1965,False,3725.122836206298,"measured on this device: NVIDIA GH200 480GB (measured), 3725.1 GB/s (triad pattern)",13.0,580.105.08,True,1,f49a2133c942c20c3b1b72e002b03af1ccd216a3,NVIDIA GH200 480GB,192-222-57-200,"scripts/clock_elasticity.py: bursts of N back-to-back fused_experts calls under one pinned tile, each call L2-flushed and bracketed by its own pre-primed event pair, the FIRST call of every burst discarded as a drained-queue launch, a host-side idle gap after each burst setting the sustained duty cycle, and the SM clock, board power and memory clock read through NVML with the burst still in flight; NOT timing.TIMING_BASIS | duty 0.25 | each idle gap sized from its own burst (gap_basis burst)",,iters=supplied as None; sglang=package not installed,1,3.12.14,177.93141728460498,"measured on this device: NVIDIA GH200 480GB (measured), 662.8 TFLOP/s bf16 over 3725.1 GB/s (triad pattern); calibrated 2026-09-25 at f49a2133",,200.0,2.13.0,3.7.1,2026-09-25T07:38:13+00:00,0.27.1,300.0
private,2,32,2,64,256,2,72,1.6418559551239014,1.6326080560684204,0.00422141490311911,115,3,316.8385603427887,"scripts/clock_elasticity.py: bursts of N back-to-back fused_experts calls under one pinned tile, each call L2-flushed and bracketed by its own pre-primed event pair, the FIRST call of every burst discarded as a drained-queue launch, a host-side idle gap after each burst setting the sustained duty cycle, and the SM clock, board power and memory clock read through NVML with the burst still in flight; NOT timing.TIMING_BASIS",1965.0,False,high,True,True,ok,"LEVEL HIGH (recorded, never an exclusion here): loaded clock 1965 MHz against the 1455 MHz reference. At a duty cycle below 1.0 a HIGH reading is the experiment working, not a cell to drop.",0.25,289.725,0.24989268712676144,24,116.69386521637354,burst,1.6418559551239014,1.6423039436340332,True,1965 1965 1950 1965 1965 1965 1965 1935 1965 1890 1950 1965 1935 1965 1965,False,3725.122836206298,"measured on this device: NVIDIA GH200 480GB (measured), 3725.1 GB/s (triad pattern)",13.0,580.105.08,True,1,f49a2133c942c20c3b1b72e002b03af1ccd216a3,NVIDIA GH200 480GB,192-222-57-200,"scripts/clock_elasticity.py: bursts of N back-to-back fused_experts calls under one pinned tile, each call L2-flushed and bracketed by its own pre-primed event pair, the FIRST call of every burst discarded as a drained-queue launch, a host-side idle gap after each burst setting the sustained duty cycle, and the SM clock, board power and memory clock read through NVML with the burst still in flight; NOT timing.TIMING_BASIS | duty 0.25 | each idle gap sized from its own burst (gap_basis burst)",,iters=supplied as None; sglang=package not installed,1,3.12.14,177.93141728460498,"measured on this device: NVIDIA GH200 480GB (measured), 662.8 TFLOP/s bf16 over 3725.1 GB/s (triad pattern); calibrated 2026-09-25 at f49a2133",,200.0,2.13.0,3.7.1,2026-09-25T07:38:13+00:00,0.27.1,300.0
native,2,32,2,64,256,1,8,1.1303999423980713,1.1194560527801514,0.026893594258629888,145,3,520.3534722328186,"scripts/clock_elasticity.py: bursts of N back-to-back fused_experts calls under one pinned tile, each call L2-flushed and bracketed by its own pre-primed event pair, the FIRST call of every burst discarded as a drained-queue launch, a host-side idle gap after each burst setting the sustained duty cycle, and the SM clock, board power and memory clock read through NVML with the burst still in flight; NOT timing.TIMING_BASIS",1920.0,False,high,True,True,ok,"LEVEL HIGH (recorded, never an exclusion here): loaded clock 1920 MHz against the 1455 MHz reference. At a duty cycle below 1.0 a HIGH reading is the experiment working, not a cell to drop.",0.25,308.323,0.2498784146819969,30,100.36915720576872,burst,1.1286720037460327,1.1311359405517578,True,1965 1935 1770 1950 1860 1965 1890 1890 1950 1920 1725 1935 1830 1920 1950,False,3725.122836206298,"measured on this device: NVIDIA GH200 480GB (measured), 3725.1 GB/s (triad pattern)",13.0,580.105.08,True,1,f49a2133c942c20c3b1b72e002b03af1ccd216a3,NVIDIA GH200 480GB,192-222-57-200,"scripts/clock_elasticity.py: bursts of N back-to-back fused_experts calls under one pinned tile, each call L2-flushed and bracketed by its own pre-primed event pair, the FIRST call of every burst discarded as a drained-queue launch, a host-side idle gap after each burst setting the sustained duty cycle, and the SM clock, board power and memory clock read through NVML with the burst still in flight; NOT timing.TIMING_BASIS | duty 0.25 | each idle gap sized from its own burst (gap_basis burst)",,iters=supplied as None; sglang=package not installed,1,3.12.14,177.93141728460498,"measured on this device: NVIDIA GH200 480GB (measured), 662.8 TFLOP/s bf16 over 3725.1 GB/s (triad pattern); calibrated 2026-09-25 at f49a2133",,200.0,2.13.0,3.7.1,2026-09-25T07:38:13+00:00,0.27.1,300.0
shared,2,32,2,64,256,1,72,1.1251840591430664,1.1142719984054565,0.007471266480319919,150,3,884.8275839090347,"scripts/clock_elasticity.py: bursts of N back-to-back fused_experts calls under one pinned tile, each call L2-flushed and bracketed by its own pre-primed event pair, the FIRST call of every burst discarded as a drained-queue launch, a host-side idle gap after each burst setting the sustained duty cycle, and the SM clock, board power and memory clock read through NVML with the burst still in flight; NOT timing.TIMING_BASIS",1905.0,False,high,True,True,ok,"LEVEL HIGH (recorded, never an exclusion here): loaded clock 1905 MHz against the 1455 MHz reference. At a duty cycle below 1.0 a HIGH reading is the experiment working, not a cell to drop.",0.25,314.68,0.24988062050158952,31,102.7308103191899,burst,1.1274559497833252,1.1245440244674683,True,1890 1680 1935 1815 1950 1905 1695 1935 1830 1950 1905 1695 1935 1815 1950,False,3725.122836206298,"measured on this device: NVIDIA GH200 480GB (measured), 3725.1 GB/s (triad pattern)",13.0,580.105.08,True,1,f49a2133c942c20c3b1b72e002b03af1ccd216a3,NVIDIA GH200 480GB,192-222-57-200,"scripts/clock_elasticity.py: bursts of N back-to-back fused_experts calls under one pinned tile, each call L2-flushed and bracketed by its own pre-primed event pair, the FIRST call of every burst discarded as a drained-queue launch, a host-side idle gap after each burst setting the sustained duty cycle, and the SM clock, board power and memory clock read through NVML with the burst still in flight; NOT timing.TIMING_BASIS | duty 0.25 | each idle gap sized from its own burst (gap_basis burst)",,iters=supplied as None; sglang=package not installed,1,3.12.14,177.93141728460498,"measured on this device: NVIDIA GH200 480GB (measured), 662.8 TFLOP/s bf16 over 3725.1 GB/s (triad pattern); calibrated 2026-09-25 at f49a2133",,200.0,2.13.0,3.7.1,2026-09-25T07:38:13+00:00,0.27.1,300.0
private,2,32,3,96,384,3,72,2.4490559101104736,2.439296007156372,0.004522807128393394,75,3,393.9661431312561,"scripts/clock_elasticity.py: bursts of N back-to-back fused_experts calls under one pinned tile, each call L2-flushed and bracketed by its own pre-primed event pair, the FIRST call of every burst discarded as a drained-queue launch, a host-side idle gap after each burst setting the sustained duty cycle, and the SM clock, board power and memory clock read through NVML with the burst still in flight; NOT timing.TIMING_BASIS",1935.0,False,high,True,True,ok,"LEVEL HIGH (recorded, never an exclusion here): loaded clock 1935 MHz against the 1455 MHz reference. At a duty cycle below 1.0 a HIGH reading is the experiment working, not a cell to drop.",0.25,293.273,0.24989276999609397,16,116.72450185542402,burst,2.4489920139312744,2.448863983154297,True,1965 1935 1950 1965 1905 1965 1890 1965 1935 1965 1800 1905 1935 1875 1950,False,3725.122836206298,"measured on this device: NVIDIA GH200 480GB (measured), 3725.1 GB/s (triad pattern)",13.0,580.105.08,True,1,f49a2133c942c20c3b1b72e002b03af1ccd216a3,NVIDIA GH200 480GB,192-222-57-200,"scripts/clock_elasticity.py: bursts of N back-to-back fused_experts calls under one pinned tile, each call L2-flushed and bracketed by its own pre-primed event pair, the FIRST call of every burst discarded as a drained-queue launch, a host-side idle gap after each burst setting the sustained duty cycle, and the SM clock, board power and memory clock read through NVML with the burst still in flight; NOT timing.TIMING_BASIS | duty 0.25 | each idle gap sized from its own burst (gap_basis burst)",,iters=supplied as None; sglang=package not installed,1,3.12.14,177.93141728460498,"measured on this device: NVIDIA GH200 480GB (measured), 662.8 TFLOP/s bf16 over 3725.1 GB/s (triad pattern); calibrated 2026-09-25 at f49a2133",,200.0,2.13.0,3.7.1,2026-09-25T07:38:13+00:00,0.27.1,300.0
native,2,32,3,96,384,1,8,1.6603519916534424,1.6466560363769531,0.015181722282594921,95,3,342.55756771564484,"scripts/clock_elasticity.py: bursts of N back-to-back fused_experts calls under one pinned tile, each call L2-flushed and bracketed by its own pre-primed event pair, the FIRST call of every burst discarded as a drained-queue launch, a host-side idle gap after each burst setting the sustained duty cycle, and the SM clock, board power and memory clock read through NVML with the burst still in flight; NOT timing.TIMING_BASIS",1890.0,False,high,True,True,ok,"LEVEL HIGH (recorded, never an exclusion here): loaded clock 1890 MHz against the 1455 MHz reference. At a duty cycle below 1.0 a HIGH reading is the experiment working, not a cell to drop.",0.25,320.059,0.24987977738006797,20,98.53599203526392,burst,1.6641440391540527,1.6603520512580872,True,1875 1965 1800 1965 1965 1890 1890 1965 1890 1890 1965 1890 1890 1965 1965,False,3725.122836206298,"measured on this device: NVIDIA GH200 480GB (measured), 3725.1 GB/s (triad pattern)",13.0,580.105.08,True,1,f49a2133c942c20c3b1b72e002b03af1ccd216a3,NVIDIA GH200 480GB,192-222-57-200,"scripts/clock_elasticity.py: bursts of N back-to-back fused_experts calls under one pinned tile, each call L2-flushed and bracketed by its own pre-primed event pair, the FIRST call of every burst discarded as a drained-queue launch, a host-side idle gap after each burst setting the sustained duty cycle, and the SM clock, board power and memory clock read through NVML with the burst still in flight; NOT timing.TIMING_BASIS | duty 0.25 | each idle gap sized from its own burst (gap_basis burst)",,iters=supplied as None; sglang=package not installed,1,3.12.14,177.93141728460498,"measured on this device: NVIDIA GH200 480GB (measured), 662.8 TFLOP/s bf16 over 3725.1 GB/s (triad pattern); calibrated 2026-09-25 at f49a2133",,200.0,2.13.0,3.7.1,2026-09-25T07:38:13+00:00,0.27.1,300.0
shared,2,32,3,96,384,1,72,1.6540800333023071,1.641152024269104,0.01631075994202261,95,3,339.3398072719574,"scripts/clock_elasticity.py: bursts of N back-to-back fused_experts calls under one pinned tile, each call L2-flushed and bracketed by its own pre-primed event pair, the FIRST call of every burst discarded as a drained-queue launch, a host-side idle gap after each burst setting the sustained duty cycle, and the SM clock, board power and memory clock read through NVML with the burst still in flight; NOT timing.TIMING_BASIS",1905.0,False,high,True,True,ok,"LEVEL HIGH (recorded, never an exclusion here): loaded clock 1905 MHz against the 1455 MHz reference. At a duty cycle below 1.0 a HIGH reading is the experiment working, not a cell to drop.",0.25,325.751,0.24987785370060428,20,98.34997641683002,burst,1.656768023967743,1.652239978313446,True,1905 1860 1965 1905 1860 1965 1920 1875 1965 1965 1785 1965 1890 1875 1965,False,3725.122836206298,"measured on this device: NVIDIA GH200 480GB (measured), 3725.1 GB/s (triad pattern)",13.0,580.105.08,True,1,f49a2133c942c20c3b1b72e002b03af1ccd216a3,NVIDIA GH200 480GB,192-222-57-200,"scripts/clock_elasticity.py: bursts of N back-to-back fused_experts calls under one pinned tile, each call L2-flushed and bracketed by its own pre-primed event pair, the FIRST call of every burst discarded as a drained-queue launch, a host-side idle gap after each burst setting the sustained duty cycle, and the SM clock, board power and memory clock read through NVML with the burst still in flight; NOT timing.TIMING_BASIS | duty 0.25 | each idle gap sized from its own burst (gap_basis burst)",,iters=supplied as None; sglang=package not installed,1,3.12.14,177.93141728460498,"measured on this device: NVIDIA GH200 480GB (measured), 662.8 TFLOP/s bf16 over 3725.1 GB/s (triad pattern); calibrated 2026-09-25 at f49a2133",,200.0,2.13.0,3.7.1,2026-09-25T07:38:13+00:00,0.27.1,300.0
private,2,32,4,128,512,4,72,3.2604479789733887,3.2509119510650635,0.004738890506226252,55,3,353.93043208122253,"scripts/clock_elasticity.py: bursts of N back-to-back fused_experts calls under one pinned tile, each call L2-flushed and bracketed by its own pre-primed event pair, the FIRST call of every burst discarded as a drained-queue launch, a host-side idle gap after each burst setting the sustained duty cycle, and the SM clock, board power and memory clock read through NVML with the burst still in flight; NOT timing.TIMING_BASIS",1965.0,False,high,True,True,ok,"LEVEL HIGH (recorded, never an exclusion here): loaded clock 1965 MHz against the 1455 MHz reference. At a duty cycle below 1.0 a HIGH reading is the experiment working, not a cell to drop.",0.25,302.437,0.24989916482672248,12,116.83141657269516,burst,3.2597439289093018,3.261504054069519,True,1965 1965 1920 1950 1965 1920 1965 1935 1965 1905 1950 1965 1965 1965 1920,False,3725.122836206298,"measured on this device: NVIDIA GH200 480GB (measured), 3725.1 GB/s (triad pattern)",13.0,580.105.08,True,1,f49a2133c942c20c3b1b72e002b03af1ccd216a3,NVIDIA GH200 480GB,192-222-57-200,"scripts/clock_elasticity.py: bursts of N back-to-back fused_experts calls under one pinned tile, each call L2-flushed and bracketed by its own pre-primed event pair, the FIRST call of every burst discarded as a drained-queue launch, a host-side idle gap after each burst setting the sustained duty cycle, and the SM clock, board power and memory clock read through NVML with the burst still in flight; NOT timing.TIMING_BASIS | duty 0.25 | each idle gap sized from its own burst (gap_basis burst)",,iters=supplied as None; sglang=package not installed,1,3.12.14,177.93141728460498,"measured on this device: NVIDIA GH200 480GB (measured), 662.8 TFLOP/s bf16 over 3725.1 GB/s (triad pattern); calibrated 2026-09-25 at f49a2133",,200.0,2.13.0,3.7.1,2026-09-25T07:38:13+00:00,0.27.1,300.0
native,2,32,4,128,512,1,8,2.149392008781433,2.1399359703063965,0.025345226611537066,80,3,519.8806722164154,"scripts/clock_elasticity.py: bursts of N back-to-back fused_experts calls under one pinned tile, each call L2-flushed and bracketed by its own pre-primed event pair, the FIRST call of every burst discarded as a drained-queue launch, a host-side idle gap after each burst setting the sustained duty cycle, and the SM clock, board power and memory clock read through NVML with the burst still in flight; NOT timing.TIMING_BASIS",1950.0,False,high,True,True,ok,"LEVEL HIGH (recorded, never an exclusion here): loaded clock 1950 MHz against the 1455 MHz reference. At a duty cycle below 1.0 a HIGH reading is the experiment working, not a cell to drop.",0.25,307.265,0.24988761523120948,17,108.8703542336516,burst,2.151136040687561,2.151776075363159,True,1965 1950 1965 1950 1965 1935 1860 1890 1965 1950 1965 1950 1965 1950 1920,False,3725.122836206298,"measured on this device: NVIDIA GH200 480GB (measured), 3725.1 GB/s (triad pattern)",13.0,580.105.08,True,1,f49a2133c942c20c3b1b72e002b03af1ccd216a3,NVIDIA GH200 480GB,192-222-57-200,"scripts/clock_elasticity.py: bursts of N back-to-back fused_experts calls under one pinned tile, each call L2-flushed and bracketed by its own pre-primed event pair, the FIRST call of every burst discarded as a drained-queue launch, a host-side idle gap after each burst setting the sustained duty cycle, and the SM clock, board power and memory clock read through NVML with the burst still in flight; NOT timing.TIMING_BASIS | duty 0.25 | each idle gap sized from its own burst (gap_basis burst)",,iters=supplied as None; sglang=package not installed,1,3.12.14,177.93141728460498,"measured on this device: NVIDIA GH200 480GB (measured), 662.8 TFLOP/s bf16 over 3725.1 GB/s (triad pattern); calibrated 2026-09-25 at f49a2133",,200.0,2.13.0,3.7.1,2026-09-25T07:38:13+00:00,0.27.1,300.0
shared,2,32,4,128,512,1,72,2.1605440378189087,2.150304079055786,0.023262247330701567,80,3,300.176064491272,"scripts/clock_elasticity.py: bursts of N back-to-back fused_experts calls under one pinned tile, each call L2-flushed and bracketed by its own pre-primed event pair, the FIRST call of every burst discarded as a drained-queue launch, a host-side idle gap after each burst setting the sustained duty cycle, and the SM clock, board power and memory clock read through NVML with the burst still in flight; NOT timing.TIMING_BASIS",1965.0,False,high,True,True,ok,"LEVEL HIGH (recorded, never an exclusion here): loaded clock 1965 MHz against the 1455 MHz reference. At a duty cycle below 1.0 a HIGH reading is the experiment working, not a cell to drop.",0.25,307.875,0.249886894805843,17,109.45700914798725,burst,2.1657919883728027,2.160272002220154,True,1965 1950 1965 1935 1965 1935 1965 1935 1965 1965 1965 1965 1800 1935 1965,False,3725.122836206298,"measured on this device: NVIDIA GH200 480GB (measured), 3725.1 GB/s (triad pattern)",13.0,580.105.08,True,1,f49a2133c942c20c3b1b72e002b03af1ccd216a3,NVIDIA GH200 480GB,192-222-57-200,"scripts/clock_elasticity.py: bursts of N back-to-back fused_experts calls under one pinned tile, each call L2-flushed and bracketed by its own pre-primed event pair, the FIRST call of every burst discarded as a drained-queue launch, a host-side idle gap after each burst setting the sustained duty cycle, and the SM clock, board power and memory clock read through NVML with the burst still in flight; NOT timing.TIMING_BASIS | duty 0.25 | each idle gap sized from its own burst (gap_basis burst)",,iters=supplied as None; sglang=package not installed,1,3.12.14,177.93141728460498,"measured on this device: NVIDIA GH200 480GB (measured), 662.8 TFLOP/s bf16 over 3725.1 GB/s (triad pattern); calibrated 2026-09-25 at f49a2133",,200.0,2.13.0,3.7.1,2026-09-25T07:38:13+00:00,0.27.1,300.0
private,2,32,5,160,640,5,72,4.075488090515137,4.066559791564941,0.005494256611148773,45,3,327.71123218536377,"scripts/clock_elasticity.py: bursts of N back-to-back fused_experts calls under one pinned tile, each call L2-flushed and bracketed by its own pre-primed event pair, the FIRST call of every burst discarded as a drained-queue launch, a host-side idle gap after each burst setting the sustained duty cycle, and the SM clock, board power and memory clock read through NVML with the burst still in flight; NOT timing.TIMING_BASIS",1965.0,False,high,True,True,ok,"LEVEL HIGH (recorded, never an exclusion here): loaded clock 1965 MHz against the 1455 MHz reference. At a duty cycle below 1.0 a HIGH reading is the experiment working, not a cell to drop.",0.25,294.038,0.24989861431505764,10,121.84922596882825,burst,4.0759360790252686,4.078143835067749,True,1935 1965 1965 1920 1965 1965 1950 1965 1950 1950 1965 1965 1965 1965 1965,False,3725.122836206298,"measured on this device: NVIDIA GH200 480GB (measured), 3725.1 GB/s (triad pattern)",13.0,580.105.08,True,1,f49a2133c942c20c3b1b72e002b03af1ccd216a3,NVIDIA GH200 480GB,192-222-57-200,"scripts/clock_elasticity.py: bursts of N back-to-back fused_experts calls under one pinned tile, each call L2-flushed and bracketed by its own pre-primed event pair, the FIRST call of every burst discarded as a drained-queue launch, a host-side idle gap after each burst setting the sustained duty cycle, and the SM clock, board power and memory clock read through NVML with the burst still in flight; NOT timing.TIMING_BASIS | duty 0.25 | each idle gap sized from its own burst (gap_basis burst)",,iters=supplied as None; sglang=package not installed,1,3.12.14,177.93141728460498,"measured on this device: NVIDIA GH200 480GB (measured), 662.8 TFLOP/s bf16 over 3725.1 GB/s (triad pattern); calibrated 2026-09-25 at f49a2133",,200.0,2.13.0,3.7.1,2026-09-25T07:38:13+00:00,0.27.1,300.0
native,2,32,5,160,640,1,8,2.681504011154175,2.6482880115509033,0.01666985324274818,60,3,359.7329273223877,"scripts/clock_elasticity.py: bursts of N back-to-back fused_experts calls under one pinned tile, each call L2-flushed and bracketed by its own pre-primed event pair, the FIRST call of every burst discarded as a drained-queue launch, a host-side idle gap after each burst setting the sustained duty cycle, and the SM clock, board power and memory clock read through NVML with the burst still in flight; NOT timing.TIMING_BASIS",1965.0,False,high,True,True,ok,"LEVEL HIGH (recorded, never an exclusion here): loaded clock 1965 MHz against the 1455 MHz reference. At a duty cycle below 1.0 a HIGH reading is the experiment working, not a cell to drop.",0.25,320.218,0.24988013284107494,13,104.14186681216597,burst,2.68556809425354,2.6816320419311523,True,1965 1980 1980 1965 1965 1965 1965 1965 1965 1965 1965 1980 1980 1965 1965,False,3725.122836206298,"measured on this device: NVIDIA GH200 480GB (measured), 3725.1 GB/s (triad pattern)",13.0,580.105.08,True,1,f49a2133c942c20c3b1b72e002b03af1ccd216a3,NVIDIA GH200 480GB,192-222-57-200,"scripts/clock_elasticity.py: bursts of N back-to-back fused_experts calls under one pinned tile, each call L2-flushed and bracketed by its own pre-primed event pair, the FIRST call of every burst discarded as a drained-queue launch, a host-side idle gap after each burst setting the sustained duty cycle, and the SM clock, board power and memory clock read through NVML with the burst still in flight; NOT timing.TIMING_BASIS | duty 0.25 | each idle gap sized from its own burst (gap_basis burst)",,iters=supplied as None; sglang=package not installed,1,3.12.14,177.93141728460498,"measured on this device: NVIDIA GH200 480GB (measured), 662.8 TFLOP/s bf16 over 3725.1 GB/s (triad pattern); calibrated 2026-09-25 at f49a2133",,200.0,2.13.0,3.7.1,2026-09-25T07:38:13+00:00,0.27.1,300.0
shared,2,32,5,160,640,1,72,2.697472095489502,2.6802239418029785,0.04774494313607706,55,3,300.5809602737427,"scripts/clock_elasticity.py: bursts of N back-to-back fused_experts calls under one pinned tile, each call L2-flushed and bracketed by its own pre-primed event pair, the FIRST call of every burst discarded as a drained-queue launch, a host-side idle gap after each burst setting the sustained duty cycle, and the SM clock, board power and memory clock read through NVML with the burst still in flight; NOT timing.TIMING_BASIS",1950.0,False,high,True,True,ok,"LEVEL HIGH (recorded, never an exclusion here): loaded clock 1950 MHz against the 1455 MHz reference. At a duty cycle below 1.0 a HIGH reading is the experiment working, not a cell to drop.",0.25,320.825,0.24987586996438096,12,96.75268221609076,burst,2.703920006752014,2.7020480632781982,True,1920 1965 1845 1950 1950 1830 1860 1965 1965 1965 1965 1905 1890 1965 1920,False,3725.122836206298,"measured on this device: NVIDIA GH200 480GB (measured), 3725.1 GB/s (triad pattern)",13.0,580.105.08,True,1,f49a2133c942c20c3b1b72e002b03af1ccd216a3,NVIDIA GH200 480GB,192-222-57-200,"scripts/clock_elasticity.py: bursts of N back-to-back fused_experts calls under one pinned tile, each call L2-flushed and bracketed by its own pre-primed event pair, the FIRST call of every burst discarded as a drained-queue launch, a host-side idle gap after each burst setting the sustained duty cycle, and the SM clock, board power and memory clock read through NVML with the burst still in flight; NOT timing.TIMING_BASIS | duty 0.25 | each idle gap sized from its own burst (gap_basis burst)",,iters=supplied as None; sglang=package not installed,1,3.12.14,177.93141728460498,"measured on this device: NVIDIA GH200 480GB (measured), 662.8 TFLOP/s bf16 over 3725.1 GB/s (triad pattern); calibrated 2026-09-25 at f49a2133",,200.0,2.13.0,3.7.1,2026-09-25T07:38:13+00:00,0.27.1,300.0
private,2,32,6,192,768,6,72,4.868927955627441,4.85532808303833,0.0076672918878451105,35,3,391.382399559021,"scripts/clock_elasticity.py: bursts of N back-to-back fused_experts calls under one pinned tile, each call L2-flushed and bracketed by its own pre-primed event pair, the FIRST call of every burst discarded as a drained-queue launch, a host-side idle gap after each burst setting the sustained duty cycle, and the SM clock, board power and memory clock read through NVML with the burst still in flight; NOT timing.TIMING_BASIS",1950.0,False,high,True,True,ok,"LEVEL HIGH (recorded, never an exclusion here): loaded clock 1950 MHz against the 1455 MHz reference. At a duty cycle below 1.0 a HIGH reading is the experiment working, not a cell to drop.",0.25,299.86,0.24988933185681947,8,116.61222349088712,burst,4.872735977172852,4.867936134338379,True,1950 1965 1905 1920 1965 1950 1965 1935 1935 1965 1950 1920 1950 1965 1935,False,3725.122836206298,"measured on this device: NVIDIA GH200 480GB (measured), 3725.1 GB/s (triad pattern)",13.0,580.105.08,True,1,f49a2133c942c20c3b1b72e002b03af1ccd216a3,NVIDIA GH200 480GB,192-222-57-200,"scripts/clock_elasticity.py: bursts of N back-to-back fused_experts calls under one pinned tile, each call L2-flushed and bracketed by its own pre-primed event pair, the FIRST call of every burst discarded as a drained-queue launch, a host-side idle gap after each burst setting the sustained duty cycle, and the SM clock, board power and memory clock read through NVML with the burst still in flight; NOT timing.TIMING_BASIS | duty 0.25 | each idle gap sized from its own burst (gap_basis burst)",,iters=supplied as None; sglang=package not installed,1,3.12.14,177.93141728460498,"measured on this device: NVIDIA GH200 480GB (measured), 662.8 TFLOP/s bf16 over 3725.1 GB/s (triad pattern); calibrated 2026-09-25 at f49a2133",,200.0,2.13.0,3.7.1,2026-09-25T07:38:13+00:00,0.27.1,300.0
native,2,32,6,192,768,1,8,3.2076799869537354,3.19484806060791,0.06121220346602465,50,3,396.1931195259094,"scripts/clock_elasticity.py: bursts of N back-to-back fused_experts calls under one pinned tile, each call L2-flushed and bracketed by its own pre-primed event pair, the FIRST call of every burst discarded as a drained-queue launch, a host-side idle gap after each burst setting the sustained duty cycle, and the SM clock, board power and memory clock read through NVML with the burst still in flight; NOT timing.TIMING_BASIS",1950.0,False,high,True,True,ok,"LEVEL HIGH (recorded, never an exclusion here): loaded clock 1950 MHz against the 1455 MHz reference. At a duty cycle below 1.0 a HIGH reading is the experiment working, not a cell to drop.",0.25,311.202,0.24988831657894509,11,105.61427870863918,burst,3.2093600034713745,3.2158079147338867,True,1950 1965 1950 1905 1740 1950 1905 1965 1845 1950 1920 1740 1950 1890 1965,False,3725.122836206298,"measured on this device: NVIDIA GH200 480GB (measured), 3725.1 GB/s (triad pattern)",13.0,580.105.08,True,1,f49a2133c942c20c3b1b72e002b03af1ccd216a3,NVIDIA GH200 480GB,192-222-57-200,"scripts/clock_elasticity.py: bursts of N back-to-back fused_experts calls under one pinned tile, each call L2-flushed and bracketed by its own pre-primed event pair, the FIRST call of every burst discarded as a drained-queue launch, a host-side idle gap after each burst setting the sustained duty cycle, and the SM clock, board power and memory clock read through NVML with the burst still in flight; NOT timing.TIMING_BASIS | duty 0.25 | each idle gap sized from its own burst (gap_basis burst)",,iters=supplied as None; sglang=package not installed,1,3.12.14,177.93141728460498,"measured on this device: NVIDIA GH200 480GB (measured), 662.8 TFLOP/s bf16 over 3725.1 GB/s (triad pattern); calibrated 2026-09-25 at f49a2133",,200.0,2.13.0,3.7.1,2026-09-25T07:38:13+00:00,0.27.1,300.0
shared,2,32,6,192,768,1,72,3.2209759950637817,3.206592082977295,0.04991279008788941,50,3,721.3189761638641,"scripts/clock_elasticity.py: bursts of N back-to-back fused_experts calls under one pinned tile, each call L2-flushed and bracketed by its own pre-primed event pair, the FIRST call of every burst discarded as a drained-queue launch, a host-side idle gap after each burst setting the sustained duty cycle, and the SM clock, board power and memory clock read through NVML with the burst still in flight; NOT timing.TIMING_BASIS",1935.0,False,high,True,True,ok,"LEVEL HIGH (recorded, never an exclusion here): loaded clock 1935 MHz against the 1455 MHz reference. At a duty cycle below 1.0 a HIGH reading is the experiment working, not a cell to drop.",0.25,311.602,0.24988262779137954,11,105.89146120078658,burst,3.222416043281555,3.224128007888794,True,1965 1905 1935 1935 1965 1950 1920 1785 1965 1785 1935 1845 1965 1935 1965,False,3725.122836206298,"measured on this device: NVIDIA GH200 480GB (measured), 3725.1 GB/s (triad pattern)",13.0,580.105.08,True,1,f49a2133c942c20c3b1b72e002b03af1ccd216a3,NVIDIA GH200 480GB,192-222-57-200,"scripts/clock_elasticity.py: bursts of N back-to-back fused_experts calls under one pinned tile, each call L2-flushed and bracketed by its own pre-primed event pair, the FIRST call of every burst discarded as a drained-queue launch, a host-side idle gap after each burst setting the sustained duty cycle, and the SM clock, board power and memory clock read through NVML with the burst still in flight; NOT timing.TIMING_BASIS | duty 0.25 | each idle gap sized from its own burst (gap_basis burst)",,iters=supplied as None; sglang=package not installed,1,3.12.14,177.93141728460498,"measured on this device: NVIDIA GH200 480GB (measured), 662.8 TFLOP/s bf16 over 3725.1 GB/s (triad pattern); calibrated 2026-09-25 at f49a2133",,200.0,2.13.0,3.7.1,2026-09-25T07:38:13+00:00,0.27.1,300.0
native,3,32,6,192,768,1,8,3.2072319984436035,3.1943039894104004,0.05313275703034725,50,3,324.447518825531,"scripts/clock_elasticity.py: bursts of N back-to-back fused_experts calls under one pinned tile, each call L2-flushed and bracketed by its own pre-primed event pair, the FIRST call of every burst discarded as a drained-queue launch, a host-side idle gap after each burst setting the sustained duty cycle, and the SM clock, board power and memory clock read through NVML with the burst still in flight; NOT timing.TIMING_BASIS",1935.0,False,high,False,True,ok,"LEVEL HIGH (recorded, never an exclusion here): loaded clock 1935 MHz against the 1455 MHz reference. At a duty cycle below 1.0 a HIGH reading is the experiment working, not a cell to drop.; DRIFT failed, dropping: 1965 -> 1860 MHz over 15 bursts; this cell is EXCLUDED",0.25,310.52,0.24988183238805842,11,105.88928717056478,burst,3.2108960151672363,3.2161439657211304,True,1965 1965 1935 1965 1935 1710 1935 1860 1965 1920 1815 1950 1785 1935 1860,False,3725.122836206298,"measured on this device: NVIDIA GH200 480GB (measured), 3725.1 GB/s (triad pattern)",13.0,580.105.08,True,1,f49a2133c942c20c3b1b72e002b03af1ccd216a3,NVIDIA GH200 480GB,192-222-57-200,"scripts/clock_elasticity.py: bursts of N back-to-back fused_experts calls under one pinned tile, each call L2-flushed and bracketed by its own pre-primed event pair, the FIRST call of every burst discarded as a drained-queue launch, a host-side idle gap after each burst setting the sustained duty cycle, and the SM clock, board power and memory clock read through NVML with the burst still in flight; NOT timing.TIMING_BASIS | duty 0.25 | each idle gap sized from its own burst (gap_basis burst)",,iters=supplied as None; sglang=package not installed,1,3.12.14,177.93141728460498,"measured on this device: NVIDIA GH200 480GB (measured), 662.8 TFLOP/s bf16 over 3725.1 GB/s (triad pattern); calibrated 2026-09-25 at f49a2133",,200.0,2.13.0,3.7.1,2026-09-25T07:38:13+00:00,0.27.1,300.0
shared,3,32,6,192,768,1,72,3.2156959772109985,3.205471992492676,0.057408523167520306,50,3,398.4503037929535,"scripts/clock_elasticity.py: bursts of N back-to-back fused_experts calls under one pinned tile, each call L2-flushed and bracketed by its own pre-primed event pair, the FIRST call of every burst discarded as a drained-queue launch, a host-side idle gap after each burst setting the sustained duty cycle, and the SM clock, board power and memory clock read through NVML with the burst still in flight; NOT timing.TIMING_BASIS",1935.0,False,high,True,True,ok,"LEVEL HIGH (recorded, never an exclusion here): loaded clock 1935 MHz against the 1455 MHz reference. At a duty cycle below 1.0 a HIGH reading is the experiment working, not a cell to drop.",0.25,311.55,0.24987859649368396,11,106.12166838965639,burst,3.2175999879837036,3.2356640100479126,True,1950 1965 1935 1905 1770 1950 1830 1935 1845 1965 1920 1800 1950 1695 1935,False,3725.122836206298,"measured on this device: NVIDIA GH200 480GB (measured), 3725.1 GB/s (triad pattern)",13.0,580.105.08,True,1,f49a2133c942c20c3b1b72e002b03af1ccd216a3,NVIDIA GH200 480GB,192-222-57-200,"scripts/clock_elasticity.py: bursts of N back-to-back fused_experts calls under one pinned tile, each call L2-flushed and bracketed by its own pre-primed event pair, the FIRST call of every burst discarded as a drained-queue launch, a host-side idle gap after each burst setting the sustained duty cycle, and the SM clock, board power and memory clock read through NVML with the burst still in flight; NOT timing.TIMING_BASIS | duty 0.25 | each idle gap sized from its own burst (gap_basis burst)",,iters=supplied as None; sglang=package not installed,1,3.12.14,177.93141728460498,"measured on this device: NVIDIA GH200 480GB (measured), 662.8 TFLOP/s bf16 over 3725.1 GB/s (triad pattern); calibrated 2026-09-25 at f49a2133",,200.0,2.13.0,3.7.1,2026-09-25T07:38:13+00:00,0.27.1,300.0
private,3,32,6,192,768,6,72,4.8685760498046875,4.858016014099121,0.0076477130527026725,35,3,587.2660155296326,"scripts/clock_elasticity.py: bursts of N back-to-back fused_experts calls under one pinned tile, each call L2-flushed and bracketed by its own pre-primed event pair, the FIRST call of every burst discarded as a drained-queue launch, a host-side idle gap after each burst setting the sustained duty cycle, and the SM clock, board power and memory clock read through NVML with the burst still in flight; NOT timing.TIMING_BASIS",1965.0,False,high,True,True,ok,"LEVEL HIGH (recorded, never an exclusion here): loaded clock 1965 MHz against the 1455 MHz reference. At a duty cycle below 1.0 a HIGH reading is the experiment working, not a cell to drop.",0.25,290.63,0.24989309401132176,8,116.615742191756,burst,4.869887828826904,4.869952201843262,True,1935 1965 1935 1965 1965 1965 1935 1965 1965 1890 1965 1950 1965 1920 1950,False,3725.122836206298,"measured on this device: NVIDIA GH200 480GB (measured), 3725.1 GB/s (triad pattern)",13.0,580.105.08,True,1,f49a2133c942c20c3b1b72e002b03af1ccd216a3,NVIDIA GH200 480GB,192-222-57-200,"scripts/clock_elasticity.py: bursts of N back-to-back fused_experts calls under one pinned tile, each call L2-flushed and bracketed by its own pre-primed event pair, the FIRST call of every burst discarded as a drained-queue launch, a host-side idle gap after each burst setting the sustained duty cycle, and the SM clock, board power and memory clock read through NVML with the burst still in flight; NOT timing.TIMING_BASIS | duty 0.25 | each idle gap sized from its own burst (gap_basis burst)",,iters=supplied as None; sglang=package not installed,1,3.12.14,177.93141728460498,"measured on this device: NVIDIA GH200 480GB (measured), 662.8 TFLOP/s bf16 over 3725.1 GB/s (triad pattern); calibrated 2026-09-25 at f49a2133",,200.0,2.13.0,3.7.1,2026-09-25T07:38:13+00:00,0.27.1,300.0
native,3,32,5,160,640,1,8,2.6838080883026123,2.6708478927612305,0.02456275789633243,55,3,657.9118728637695,"scripts/clock_elasticity.py: bursts of N back-to-back fused_experts calls under one pinned tile, each call L2-flushed and bracketed by its own pre-primed event pair, the FIRST call of every burst discarded as a drained-queue launch, a host-side idle gap after each burst setting the sustained duty cycle, and the SM clock, board power and memory clock read through NVML with the burst still in flight; NOT timing.TIMING_BASIS",1950.0,False,high,True,True,ok,"LEVEL HIGH (recorded, never an exclusion here): loaded clock 1950 MHz against the 1455 MHz reference. At a duty cycle below 1.0 a HIGH reading is the experiment working, not a cell to drop.",0.25,324.879,0.24987161955107706,12,96.19073114611457,burst,2.688271999359131,2.6826400756835938,True,1890 1950 1965 1920 1875 1965 1950 1845 1965 1920 1950 1725 1965 1920 1950,False,3725.122836206298,"measured on this device: NVIDIA GH200 480GB (measured), 3725.1 GB/s (triad pattern)",13.0,580.105.08,True,1,f49a2133c942c20c3b1b72e002b03af1ccd216a3,NVIDIA GH200 480GB,192-222-57-200,"scripts/clock_elasticity.py: bursts of N back-to-back fused_experts calls under one pinned tile, each call L2-flushed and bracketed by its own pre-primed event pair, the FIRST call of every burst discarded as a drained-queue launch, a host-side idle gap after each burst setting the sustained duty cycle, and the SM clock, board power and memory clock read through NVML with the burst still in flight; NOT timing.TIMING_BASIS | duty 0.25 | each idle gap sized from its own burst (gap_basis burst)",,iters=supplied as None; sglang=package not installed,1,3.12.14,177.93141728460498,"measured on this device: NVIDIA GH200 480GB (measured), 662.8 TFLOP/s bf16 over 3725.1 GB/s (triad pattern); calibrated 2026-09-25 at f49a2133",,200.0,2.13.0,3.7.1,2026-09-25T07:38:13+00:00,0.27.1,300.0
shared,3,32,5,160,640,1,72,2.69596791267395,2.6798079013824463,0.044409450144207586,55,3,301.36547207832336,"scripts/clock_elasticity.py: bursts of N back-to-back fused_experts calls under one pinned tile, each call L2-flushed and bracketed by its own pre-primed event pair, the FIRST call of every burst discarded as a drained-queue launch, a host-side idle gap after each burst setting the sustained duty cycle, and the SM clock, board power and memory clock read through NVML with the burst still in flight; NOT timing.TIMING_BASIS",1920.0,False,high,True,True,ok,"LEVEL HIGH (recorded, never an exclusion here): loaded clock 1920 MHz against the 1455 MHz reference. At a duty cycle below 1.0 a HIGH reading is the experiment working, not a cell to drop.",0.25,318.272,0.24988012404455015,12,96.69191476131164,burst,2.703903913497925,2.694704055786133,True,1965 1920 1815 1965 1905 1920 1965 1935 1845 1830 1935 1950 1725 1950 1905,False,3725.122836206298,"measured on this device: NVIDIA GH200 480GB (measured), 3725.1 GB/s (triad pattern)",13.0,580.105.08,True,1,f49a2133c942c20c3b1b72e002b03af1ccd216a3,NVIDIA GH200 480GB,192-222-57-200,"scripts/clock_elasticity.py: bursts of N back-to-back fused_experts calls under one pinned tile, each call L2-flushed and bracketed by its own pre-primed event pair, the FIRST call of every burst discarded as a drained-queue launch, a host-side idle gap after each burst setting the sustained duty cycle, and the SM clock, board power and memory clock read through NVML with the burst still in flight; NOT timing.TIMING_BASIS | duty 0.25 | each idle gap sized from its own burst (gap_basis burst)",,iters=supplied as None; sglang=package not installed,1,3.12.14,177.93141728460498,"measured on this device: NVIDIA GH200 480GB (measured), 662.8 TFLOP/s bf16 over 3725.1 GB/s (triad pattern); calibrated 2026-09-25 at f49a2133",,200.0,2.13.0,3.7.1,2026-09-25T07:38:13+00:00,0.27.1,300.0
private,3,32,5,160,640,5,72,4.07539176940918,4.065184116363525,0.005581917827457699,45,3,369.04326486587524,"scripts/clock_elasticity.py: bursts of N back-to-back fused_experts calls under one pinned tile, each call L2-flushed and bracketed by its own pre-primed event pair, the FIRST call of every burst discarded as a drained-queue launch, a host-side idle gap after each burst setting the sustained duty cycle, and the SM clock, board power and memory clock read through NVML with the burst still in flight; NOT timing.TIMING_BASIS",1950.0,False,high,True,True,ok,"LEVEL HIGH (recorded, never an exclusion here): loaded clock 1950 MHz against the 1455 MHz reference. At a duty cycle below 1.0 a HIGH reading is the experiment working, not a cell to drop.",0.25,292.443,0.2498954052675584,10,121.89412042093318,burst,4.07532811164856,4.077280044555664,True,1875 1920 1965 1950 1845 1965 1935 1950 1785 1935 1875 1965 1950 1965 1965,False,3725.122836206298,"measured on this device: NVIDIA GH200 480GB (measured), 3725.1 GB/s (triad pattern)",13.0,580.105.08,True,1,f49a2133c942c20c3b1b72e002b03af1ccd216a3,NVIDIA GH200 480GB,192-222-57-200,"scripts/clock_elasticity.py: bursts of N back-to-back fused_experts calls under one pinned tile, each call L2-flushed and bracketed by its own pre-primed event pair, the FIRST call of every burst discarded as a drained-queue launch, a host-side idle gap after each burst setting the sustained duty cycle, and the SM clock, board power and memory clock read through NVML with the burst still in flight; NOT timing.TIMING_BASIS | duty 0.25 | each idle gap sized from its own burst (gap_basis burst)",,iters=supplied as None; sglang=package not installed,1,3.12.14,177.93141728460498,"measured on this device: NVIDIA GH200 480GB (measured), 662.8 TFLOP/s bf16 over 3725.1 GB/s (triad pattern); calibrated 2026-09-25 at f49a2133",,200.0,2.13.0,3.7.1,2026-09-25T07:38:13+00:00,0.27.1,300.0
native,3,32,4,128,512,1,8,2.1515679359436035,2.140768051147461,0.025335412175801496,80,3,445.9087998867035,"scripts/clock_elasticity.py: bursts of N back-to-back fused_experts calls under one pinned tile, each call L2-flushed and bracketed by its own pre-primed event pair, the FIRST call of every burst discarded as a drained-queue launch, a host-side idle gap after each burst setting the sustained duty cycle, and the SM clock, board power and memory clock read through NVML with the burst still in flight; NOT timing.TIMING_BASIS",1950.0,False,high,True,True,ok,"LEVEL HIGH (recorded, never an exclusion here): loaded clock 1950 MHz against the 1455 MHz reference. At a duty cycle below 1.0 a HIGH reading is the experiment working, not a cell to drop.",0.25,308.442,0.24989138797303148,17,108.93157137234446,burst,2.153615951538086,2.1524640321731567,True,1965 1890 1950 1920 1950 1935 1965 1890 1965 1890 1950 1950 1965 1935 1965,False,3725.122836206298,"measured on this device: NVIDIA GH200 480GB (measured), 3725.1 GB/s (triad pattern)",13.0,580.105.08,True,1,f49a2133c942c20c3b1b72e002b03af1ccd216a3,NVIDIA GH200 480GB,192-222-57-200,"scripts/clock_elasticity.py: bursts of N back-to-back fused_experts calls under one pinned tile, each call L2-flushed and bracketed by its own pre-primed event pair, the FIRST call of every burst discarded as a drained-queue launch, a host-side idle gap after each burst setting the sustained duty cycle, and the SM clock, board power and memory clock read through NVML with the burst still in flight; NOT timing.TIMING_BASIS | duty 0.25 | each idle gap sized from its own burst (gap_basis burst)",,iters=supplied as None; sglang=package not installed,1,3.12.14,177.93141728460498,"measured on this device: NVIDIA GH200 480GB (measured), 662.8 TFLOP/s bf16 over 3725.1 GB/s (triad pattern); calibrated 2026-09-25 at f49a2133",,200.0,2.13.0,3.7.1,2026-09-25T07:38:13+00:00,0.27.1,300.0
shared,3,32,4,128,512,1,72,2.1617919206619263,2.1503360271453857,0.02413170675592636,80,3,336.0947210788727,"scripts/clock_elasticity.py: bursts of N back-to-back fused_experts calls under one pinned tile, each call L2-flushed and bracketed by its own pre-primed event pair, the FIRST call of every burst discarded as a drained-queue launch, a host-side idle gap after each burst setting the sustained duty cycle, and the SM clock, board power and memory clock read through NVML with the burst still in flight; NOT timing.TIMING_BASIS",1935.0,False,high,False,True,ok,"LEVEL HIGH (recorded, never an exclusion here): loaded clock 1935 MHz against the 1455 MHz reference. At a duty cycle below 1.0 a HIGH reading is the experiment working, not a cell to drop.; DRIFT failed, dropping: 1965 -> 1860 MHz over 15 bursts; this cell is EXCLUDED",0.25,309.511,0.2498797626211177,17,109.66135929408846,burst,2.166240096092224,2.1605759859085083,True,1965 1935 1965 1935 1830 1965 1965 1935 1785 1965 1860 1950 1935 1950 1860,False,3725.122836206298,"measured on this device: NVIDIA GH200 480GB (measured), 3725.1 GB/s (triad pattern)",13.0,580.105.08,True,1,f49a2133c942c20c3b1b72e002b03af1ccd216a3,NVIDIA GH200 480GB,192-222-57-200,"scripts/clock_elasticity.py: bursts of N back-to-back fused_experts calls under one pinned tile, each call L2-flushed and bracketed by its own pre-primed event pair, the FIRST call of every burst discarded as a drained-queue launch, a host-side idle gap after each burst setting the sustained duty cycle, and the SM clock, board power and memory clock read through NVML with the burst still in flight; NOT timing.TIMING_BASIS | duty 0.25 | each idle gap sized from its own burst (gap_basis burst)",,iters=supplied as None; sglang=package not installed,1,3.12.14,177.93141728460498,"measured on this device: NVIDIA GH200 480GB (measured), 662.8 TFLOP/s bf16 over 3725.1 GB/s (triad pattern); calibrated 2026-09-25 at f49a2133",,200.0,2.13.0,3.7.1,2026-09-25T07:38:13+00:00,0.27.1,300.0
private,3,32,4,128,512,4,72,3.260416030883789,3.2504000663757324,0.0041503452709644555,55,3,354.0279359817505,"scripts/clock_elasticity.py: bursts of N back-to-back fused_experts calls under one pinned tile, each call L2-flushed and bracketed by its own pre-primed event pair, the FIRST call of every burst discarded as a drained-queue launch, a host-side idle gap after each burst setting the sustained duty cycle, and the SM clock, board power and memory clock read through NVML with the burst still in flight; NOT timing.TIMING_BASIS",1950.0,False,high,True,True,ok,"LEVEL HIGH (recorded, never an exclusion here): loaded clock 1950 MHz against the 1455 MHz reference. At a duty cycle below 1.0 a HIGH reading is the experiment working, not a cell to drop.",0.25,294.047,0.24989537895931724,12,116.82255479432204,burst,3.2599679231643677,3.2596640586853027,True,1920 1965 1875 1965 1920 1950 1965 1920 1950 1965 1965 1920 1965 1965 1875,False,3725.122836206298,"measured on this device: NVIDIA GH200 480GB (measured), 3725.1 GB/s (triad pattern)",13.0,580.105.08,True,1,f49a2133c942c20c3b1b72e002b03af1ccd216a3,NVIDIA GH200 480GB,192-222-57-200,"scripts/clock_elasticity.py: bursts of N back-to-back fused_experts calls under one pinned tile, each call L2-flushed and bracketed by its own pre-primed event pair, the FIRST call of every burst discarded as a drained-queue launch, a host-side idle gap after each burst setting the sustained duty cycle, and the SM clock, board power and memory clock read through NVML with the burst still in flight; NOT timing.TIMING_BASIS | duty 0.25 | each idle gap sized from its own burst (gap_basis burst)",,iters=supplied as None; sglang=package not installed,1,3.12.14,177.93141728460498,"measured on this device: NVIDIA GH200 480GB (measured), 662.8 TFLOP/s bf16 over 3725.1 GB/s (triad pattern); calibrated 2026-09-25 at f49a2133",,200.0,2.13.0,3.7.1,2026-09-25T07:38:13+00:00,0.27.1,300.0
native,3,32,3,96,384,1,8,1.6546720266342163,1.6399680376052856,0.011208705125836686,100,3,573.7870725393295,"scripts/clock_elasticity.py: bursts of N back-to-back fused_experts calls under one pinned tile, each call L2-flushed and bracketed by its own pre-primed event pair, the FIRST call of every burst discarded as a drained-queue launch, a host-side idle gap after each burst setting the sustained duty cycle, and the SM clock, board power and memory clock read through NVML with the burst still in flight; NOT timing.TIMING_BASIS",1980.0,False,high,True,True,ok,"LEVEL HIGH (recorded, never an exclusion here): loaded clock 1980 MHz against the 1455 MHz reference. At a duty cycle below 1.0 a HIGH reading is the experiment working, not a cell to drop.",0.25,324.514,0.24988513526328973,21,103.03098193222831,burst,1.655295968055725,1.6549760103225708,True,1965 1965 1980 1980 1980 1980 1980 1980 1965 1920 1965 1980 1980 1980 1980,False,3725.122836206298,"measured on this device: NVIDIA GH200 480GB (measured), 3725.1 GB/s (triad pattern)",13.0,580.105.08,True,1,f49a2133c942c20c3b1b72e002b03af1ccd216a3,NVIDIA GH200 480GB,192-222-57-200,"scripts/clock_elasticity.py: bursts of N back-to-back fused_experts calls under one pinned tile, each call L2-flushed and bracketed by its own pre-primed event pair, the FIRST call of every burst discarded as a drained-queue launch, a host-side idle gap after each burst setting the sustained duty cycle, and the SM clock, board power and memory clock read through NVML with the burst still in flight; NOT timing.TIMING_BASIS | duty 0.25 | each idle gap sized from its own burst (gap_basis burst)",,iters=supplied as None; sglang=package not installed,1,3.12.14,177.93141728460498,"measured on this device: NVIDIA GH200 480GB (measured), 662.8 TFLOP/s bf16 over 3725.1 GB/s (triad pattern); calibrated 2026-09-25 at f49a2133",,200.0,2.13.0,3.7.1,2026-09-25T07:38:13+00:00,0.27.1,300.0
shared,3,32,3,96,384,1,72,1.6535999774932861,1.6389119625091553,0.02545476644775697,95,3,339.70697605609894,"scripts/clock_elasticity.py: bursts of N back-to-back fused_experts calls under one pinned tile, each call L2-flushed and bracketed by its own pre-primed event pair, the FIRST call of every burst discarded as a drained-queue launch, a host-side idle gap after each burst setting the sustained duty cycle, and the SM clock, board power and memory clock read through NVML with the burst still in flight; NOT timing.TIMING_BASIS",1920.0,False,high,True,True,ok,"LEVEL HIGH (recorded, never an exclusion here): loaded clock 1920 MHz against the 1455 MHz reference. At a duty cycle below 1.0 a HIGH reading is the experiment working, not a cell to drop.",0.25,327.456,0.2498734326680223,20,98.32661569397533,burst,1.654367983341217,1.651856005191803,True,1965 1800 1920 1725 1935 1920 1710 1935 1920 1725 1965 1950 1965 1935 1920,False,3725.122836206298,"measured on this device: NVIDIA GH200 480GB (measured), 3725.1 GB/s (triad pattern)",13.0,580.105.08,True,1,f49a2133c942c20c3b1b72e002b03af1ccd216a3,NVIDIA GH200 480GB,192-222-57-200,"scripts/clock_elasticity.py: bursts of N back-to-back fused_experts calls under one pinned tile, each call L2-flushed and bracketed by its own pre-primed event pair, the FIRST call of every burst discarded as a drained-queue launch, a host-side idle gap after each burst setting the sustained duty cycle, and the SM clock, board power and memory clock read through NVML with the burst still in flight; NOT timing.TIMING_BASIS | duty 0.25 | each idle gap sized from its own burst (gap_basis burst)",,iters=supplied as None; sglang=package not installed,1,3.12.14,177.93141728460498,"measured on this device: NVIDIA GH200 480GB (measured), 662.8 TFLOP/s bf16 over 3725.1 GB/s (triad pattern); calibrated 2026-09-25 at f49a2133",,200.0,2.13.0,3.7.1,2026-09-25T07:38:13+00:00,0.27.1,300.0
private,3,32,3,96,384,3,72,2.4503040313720703,2.4390718936920166,0.005228083073121151,75,3,315.48643040657043,"scripts/clock_elasticity.py: bursts of N back-to-back fused_experts calls under one pinned tile, each call L2-flushed and bracketed by its own pre-primed event pair, the FIRST call of every burst discarded as a drained-queue launch, a host-side idle gap after each burst setting the sustained duty cycle, and the SM clock, board power and memory clock read through NVML with the burst still in flight; NOT timing.TIMING_BASIS",1950.0,False,high,True,True,ok,"LEVEL HIGH (recorded, never an exclusion here): loaded clock 1950 MHz against the 1455 MHz reference. At a duty cycle below 1.0 a HIGH reading is the experiment working, not a cell to drop.",0.25,296.629,0.24989517714090023,16,116.7264523412232,burst,2.449887990951538,2.4520320892333984,True,1965 1965 1935 1965 1845 1965 1770 1950 1965 1950 1965 1905 1935 1965 1920,False,3725.122836206298,"measured on this device: NVIDIA GH200 480GB (measured), 3725.1 GB/s (triad pattern)",13.0,580.105.08,True,1,f49a2133c942c20c3b1b72e002b03af1ccd216a3,NVIDIA GH200 480GB,192-222-57-200,"scripts/clock_elasticity.py: bursts of N back-to-back fused_experts calls under one pinned tile, each call L2-flushed and bracketed by its own pre-primed event pair, the FIRST call of every burst discarded as a drained-queue launch, a host-side idle gap after each burst setting the sustained duty cycle, and the SM clock, board power and memory clock read through NVML with the burst still in flight; NOT timing.TIMING_BASIS | duty 0.25 | each idle gap sized from its own burst (gap_basis burst)",,iters=supplied as None; sglang=package not installed,1,3.12.14,177.93141728460498,"measured on this device: NVIDIA GH200 480GB (measured), 662.8 TFLOP/s bf16 over 3725.1 GB/s (triad pattern); calibrated 2026-09-25 at f49a2133",,200.0,2.13.0,3.7.1,2026-09-25T07:38:13+00:00,0.27.1,300.0
native,3,32,2,64,256,1,8,1.1261759996414185,1.115615963935852,0.005413233626884232,150,3,921.6049916744232,"scripts/clock_elasticity.py: bursts of N back-to-back fused_experts calls under one pinned tile, each call L2-flushed and bracketed by its own pre-primed event pair, the FIRST call of every burst discarded as a drained-queue launch, a host-side idle gap after each burst setting the sustained duty cycle, and the SM clock, board power and memory clock read through NVML with the burst still in flight; NOT timing.TIMING_BASIS",1920.0,False,high,True,True,ok,"LEVEL HIGH (recorded, never an exclusion here): loaded clock 1920 MHz against the 1455 MHz reference. At a duty cycle below 1.0 a HIGH reading is the experiment working, not a cell to drop.",0.25,309.035,0.24987974206814045,31,102.72968954337559,burst,1.1293439865112305,1.124351978302002,True,1935 1905 1965 1905 1845 1935 1920 1965 1920 1845 1935 1920 1965 1860 1860,False,3725.122836206298,"measured on this device: NVIDIA GH200 480GB (measured), 3725.1 GB/s (triad pattern)",13.0,580.105.08,True,1,f49a2133c942c20c3b1b72e002b03af1ccd216a3,NVIDIA GH200 480GB,192-222-57-200,"scripts/clock_elasticity.py: bursts of N back-to-back fused_experts calls under one pinned tile, each call L2-flushed and bracketed by its own pre-primed event pair, the FIRST call of every burst discarded as a drained-queue launch, a host-side idle gap after each burst setting the sustained duty cycle, and the SM clock, board power and memory clock read through NVML with the burst still in flight; NOT timing.TIMING_BASIS | duty 0.25 | each idle gap sized from its own burst (gap_basis burst)",,iters=supplied as None; sglang=package not installed,1,3.12.14,177.93141728460498,"measured on this device: NVIDIA GH200 480GB (measured), 662.8 TFLOP/s bf16 over 3725.1 GB/s (triad pattern); calibrated 2026-09-25 at f49a2133",,200.0,2.13.0,3.7.1,2026-09-25T07:38:13+00:00,0.27.1,300.0
shared,3,32,2,64,256,1,72,1.1265599727630615,1.1144640445709229,0.030417792302057326,145,3,619.744831442833,"scripts/clock_elasticity.py: bursts of N back-to-back fused_experts calls under one pinned tile, each call L2-flushed and bracketed by its own pre-primed event pair, the FIRST call of every burst discarded as a drained-queue launch, a host-side idle gap after each burst setting the sustained duty cycle, and the SM clock, board power and memory clock read through NVML with the burst still in flight; NOT timing.TIMING_BASIS",1935.0,False,high,True,True,ok,"LEVEL HIGH (recorded, never an exclusion here): loaded clock 1935 MHz against the 1455 MHz reference. At a duty cycle below 1.0 a HIGH reading is the experiment working, not a cell to drop.",0.25,316.093,0.24986955517074913,30,100.10438928215082,burst,1.1277439594268799,1.1265599727630615,True,1965 1920 1710 1935 1905 1695 1965 1935 1785 1935 1830 1965 1950 1875 1965,False,3725.122836206298,"measured on this device: NVIDIA GH200 480GB (measured), 3725.1 GB/s (triad pattern)",13.0,580.105.08,True,1,f49a2133c942c20c3b1b72e002b03af1ccd216a3,NVIDIA GH200 480GB,192-222-57-200,"scripts/clock_elasticity.py: bursts of N back-to-back fused_experts calls under one pinned tile, each call L2-flushed and bracketed by its own pre-primed event pair, the FIRST call of every burst discarded as a drained-queue launch, a host-side idle gap after each burst setting the sustained duty cycle, and the SM clock, board power and memory clock read through NVML with the burst still in flight; NOT timing.TIMING_BASIS | duty 0.25 | each idle gap sized from its own burst (gap_basis burst)",,iters=supplied as None; sglang=package not installed,1,3.12.14,177.93141728460498,"measured on this device: NVIDIA GH200 480GB (measured), 662.8 TFLOP/s bf16 over 3725.1 GB/s (triad pattern); calibrated 2026-09-25 at f49a2133",,200.0,2.13.0,3.7.1,2026-09-25T07:38:13+00:00,0.27.1,300.0
private,3,32,2,64,256,2,72,1.6413120031356812,1.6331520080566406,0.004306976096439014,115,3,554.5539203882217,"scripts/clock_elasticity.py: bursts of N back-to-back fused_experts calls under one pinned tile, each call L2-flushed and bracketed by its own pre-primed event pair, the FIRST call of every burst discarded as a drained-queue launch, a host-side idle gap after each burst setting the sustained duty cycle, and the SM clock, board power and memory clock read through NVML with the burst still in flight; NOT timing.TIMING_BASIS",1965.0,False,high,False,True,ok,"LEVEL HIGH (recorded, never an exclusion here): loaded clock 1965 MHz against the 1455 MHz reference. At a duty cycle below 1.0 a HIGH reading is the experiment working, not a cell to drop.; DRIFT failed, dropping: 1965 -> 1845 MHz over 15 bursts; this cell is EXCLUDED",0.25,296.06,0.24989407509426464,24,116.70397946390221,burst,1.6407999992370605,1.6431039571762085,True,1965 1965 1905 1935 1815 1935 1965 1965 1965 1950 1965 1965 1950 1965 1845,False,3725.122836206298,"measured on this device: NVIDIA GH200 480GB (measured), 3725.1 GB/s (triad pattern)",13.0,580.105.08,True,1,f49a2133c942c20c3b1b72e002b03af1ccd216a3,NVIDIA GH200 480GB,192-222-57-200,"scripts/clock_elasticity.py: bursts of N back-to-back fused_experts calls under one pinned tile, each call L2-flushed and bracketed by its own pre-primed event pair, the FIRST call of every burst discarded as a drained-queue launch, a host-side idle gap after each burst setting the sustained duty cycle, and the SM clock, board power and memory clock read through NVML with the burst still in flight; NOT timing.TIMING_BASIS | duty 0.25 | each idle gap sized from its own burst (gap_basis burst)",,iters=supplied as None; sglang=package not installed,1,3.12.14,177.93141728460498,"measured on this device: NVIDIA GH200 480GB (measured), 662.8 TFLOP/s bf16 over 3725.1 GB/s (triad pattern); calibrated 2026-09-25 at f49a2133",,200.0,2.13.0,3.7.1,2026-09-25T07:38:13+00:00,0.27.1,300.0
native,3,32,1,32,128,1,8,0.8482239842414856,0.842303991317749,0.002367240503654398,230,3,320.37702399492264,"scripts/clock_elasticity.py: bursts of N back-to-back fused_experts calls under one pinned tile, each call L2-flushed and bracketed by its own pre-primed event pair, the FIRST call of every burst discarded as a drained-queue launch, a host-side idle gap after each burst setting the sustained duty cycle, and the SM clock, board power and memory clock read through NVML with the burst still in flight; NOT timing.TIMING_BASIS",1965.0,False,high,True,True,ok,"LEVEL HIGH (recorded, never an exclusion here): loaded clock 1965 MHz against the 1455 MHz reference. At a duty cycle below 1.0 a HIGH reading is the experiment working, not a cell to drop.",0.25,285.671,0.2498966290352121,47,116.244845522986,burst,0.8482879996299744,0.8479999899864197,True,1965 1965 1965 1965 1950 1965 1935 1950 1965 1950 1965 1935 1965 1965 1950,False,3725.122836206298,"measured on this device: NVIDIA GH200 480GB (measured), 3725.1 GB/s (triad pattern)",13.0,580.105.08,True,1,f49a2133c942c20c3b1b72e002b03af1ccd216a3,NVIDIA GH200 480GB,192-222-57-200,"scripts/clock_elasticity.py: bursts of N back-to-back fused_experts calls under one pinned tile, each call L2-flushed and bracketed by its own pre-primed event pair, the FIRST call of every burst discarded as a drained-queue launch, a host-side idle gap after each burst setting the sustained duty cycle, and the SM clock, board power and memory clock read through NVML with the burst still in flight; NOT timing.TIMING_BASIS | duty 0.25 | each idle gap sized from its own burst (gap_basis burst)",,iters=supplied as None; sglang=package not installed,1,3.12.14,177.93141728460498,"measured on this device: NVIDIA GH200 480GB (measured), 662.8 TFLOP/s bf16 over 3725.1 GB/s (triad pattern); calibrated 2026-09-25 at f49a2133",,200.0,2.13.0,3.7.1,2026-09-25T07:38:13+00:00,0.27.1,300.0
shared,3,32,1,32,128,1,72,0.8469439744949341,0.8399680256843567,0.002479727461763121,230,3,320.16409611701965,"scripts/clock_elasticity.py: bursts of N back-to-back fused_experts calls under one pinned tile, each call L2-flushed and bracketed by its own pre-primed event pair, the FIRST call of every burst discarded as a drained-queue launch, a host-side idle gap after each burst setting the sustained duty cycle, and the SM clock, board power and memory clock read through NVML with the burst still in flight; NOT timing.TIMING_BASIS",1965.0,False,high,True,True,ok,"LEVEL HIGH (recorded, never an exclusion here): loaded clock 1965 MHz against the 1455 MHz reference. At a duty cycle below 1.0 a HIGH reading is the experiment working, not a cell to drop.",0.25,287.748,0.24989783977826732,47,116.16411159695053,burst,0.8468160033226013,0.8475199937820435,True,1965 1965 1965 1920 1950 1965 1965 1965 1965 1965 1965 1950 1965 1920 1950,False,3725.122836206298,"measured on this device: NVIDIA GH200 480GB (measured), 3725.1 GB/s (triad pattern)",13.0,580.105.08,True,1,f49a2133c942c20c3b1b72e002b03af1ccd216a3,NVIDIA GH200 480GB,192-222-57-200,"scripts/clock_elasticity.py: bursts of N back-to-back fused_experts calls under one pinned tile, each call L2-flushed and bracketed by its own pre-primed event pair, the FIRST call of every burst discarded as a drained-queue launch, a host-side idle gap after each burst setting the sustained duty cycle, and the SM clock, board power and memory clock read through NVML with the burst still in flight; NOT timing.TIMING_BASIS | duty 0.25 | each idle gap sized from its own burst (gap_basis burst)",,iters=supplied as None; sglang=package not installed,1,3.12.14,177.93141728460498,"measured on this device: NVIDIA GH200 480GB (measured), 662.8 TFLOP/s bf16 over 3725.1 GB/s (triad pattern); calibrated 2026-09-25 at f49a2133",,200.0,2.13.0,3.7.1,2026-09-25T07:38:13+00:00,0.27.1,300.0
private,3,32,1,32,128,1,72,0.8468800187110901,0.8403519988059998,0.002431195541755475,230,3,440.04188776016235,"scripts/clock_elasticity.py: bursts of N back-to-back fused_experts calls under one pinned tile, each call L2-flushed and bracketed by its own pre-primed event pair, the FIRST call of every burst discarded as a drained-queue launch, a host-side idle gap after each burst setting the sustained duty cycle, and the SM clock, board power and memory clock read through NVML with the burst still in flight; NOT timing.TIMING_BASIS",1965.0,False,high,True,True,ok,"LEVEL HIGH (recorded, never an exclusion here): loaded clock 1965 MHz against the 1455 MHz reference. At a duty cycle below 1.0 a HIGH reading is the experiment working, not a cell to drop.",0.25,286.862,0.2498981688907592,47,116.08135885827141,burst,0.8466879725456238,0.8467199802398682,True,1950 1965 1965 1965 1965 1965 1965 1935 1935 1965 1935 1965 1920 1965 1965,False,3725.122836206298,"measured on this device: NVIDIA GH200 480GB (measured), 3725.1 GB/s (triad pattern)",13.0,580.105.08,True,1,f49a2133c942c20c3b1b72e002b03af1ccd216a3,NVIDIA GH200 480GB,192-222-57-200,"scripts/clock_elasticity.py: bursts of N back-to-back fused_experts calls under one pinned tile, each call L2-flushed and bracketed by its own pre-primed event pair, the FIRST call of every burst discarded as a drained-queue launch, a host-side idle gap after each burst setting the sustained duty cycle, and the SM clock, board power and memory clock read through NVML with the burst still in flight; NOT timing.TIMING_BASIS | duty 0.25 | each idle gap sized from its own burst (gap_basis burst)",,iters=supplied as None; sglang=package not installed,1,3.12.14,177.93141728460498,"measured on this device: NVIDIA GH200 480GB (measured), 662.8 TFLOP/s bf16 over 3725.1 GB/s (triad pattern); calibrated 2026-09-25 at f49a2133",,200.0,2.13.0,3.7.1,2026-09-25T07:38:13+00:00,0.27.1,300.0
shared,4,32,1,32,128,1,72,0.8470399975776672,0.8405439853668213,0.002502870639393696,230,3,400.0414717197418,"scripts/clock_elasticity.py: bursts of N back-to-back fused_experts calls under one pinned tile, each call L2-flushed and bracketed by its own pre-primed event pair, the FIRST call of every burst discarded as a drained-queue launch, a host-side idle gap after each burst setting the sustained duty cycle, and the SM clock, board power and memory clock read through NVML with the burst still in flight; NOT timing.TIMING_BASIS",1965.0,False,high,True,True,ok,"LEVEL HIGH (recorded, never an exclusion here): loaded clock 1965 MHz against the 1455 MHz reference. At a duty cycle below 1.0 a HIGH reading is the experiment working, not a cell to drop.",0.25,286.743,0.2498943728619469,47,116.09963209194393,burst,0.8470079898834229,0.8467839956283569,True,1935 1965 1905 1965 1965 1935 1950 1965 1965 1965 1965 1965 1935 1950 1965,False,3725.122836206298,"measured on this device: NVIDIA GH200 480GB (measured), 3725.1 GB/s (triad pattern)",13.0,580.105.08,True,1,f49a2133c942c20c3b1b72e002b03af1ccd216a3,NVIDIA GH200 480GB,192-222-57-200,"scripts/clock_elasticity.py: bursts of N back-to-back fused_experts calls under one pinned tile, each call L2-flushed and bracketed by its own pre-primed event pair, the FIRST call of every burst discarded as a drained-queue launch, a host-side idle gap after each burst setting the sustained duty cycle, and the SM clock, board power and memory clock read through NVML with the burst still in flight; NOT timing.TIMING_BASIS | duty 0.25 | each idle gap sized from its own burst (gap_basis burst)",,iters=supplied as None; sglang=package not installed,1,3.12.14,177.93141728460498,"measured on this device: NVIDIA GH200 480GB (measured), 662.8 TFLOP/s bf16 over 3725.1 GB/s (triad pattern); calibrated 2026-09-25 at f49a2133",,200.0,2.13.0,3.7.1,2026-09-25T07:38:13+00:00,0.27.1,300.0
private,4,32,1,32,128,1,72,0.8471360206604004,0.83542400598526,0.0025858154909701348,230,3,479.9167670607567,"scripts/clock_elasticity.py: bursts of N back-to-back fused_experts calls under one pinned tile, each call L2-flushed and bracketed by its own pre-primed event pair, the FIRST call of every burst discarded as a drained-queue launch, a host-side idle gap after each burst setting the sustained duty cycle, and the SM clock, board power and memory clock read through NVML with the burst still in flight; NOT timing.TIMING_BASIS",1965.0,False,high,True,True,ok,"LEVEL HIGH (recorded, never an exclusion here): loaded clock 1965 MHz against the 1455 MHz reference. At a duty cycle below 1.0 a HIGH reading is the experiment working, not a cell to drop.",0.25,286.537,0.24989842171805376,47,116.17521528847647,burst,0.8468160033226013,0.847104012966156,True,1920 1965 1965 1965 1965 1905 1965 1845 1950 1965 1965 1950 1860 1965 1965,False,3725.122836206298,"measured on this device: NVIDIA GH200 480GB (measured), 3725.1 GB/s (triad pattern)",13.0,580.105.08,True,1,f49a2133c942c20c3b1b72e002b03af1ccd216a3,NVIDIA GH200 480GB,192-222-57-200,"scripts/clock_elasticity.py: bursts of N back-to-back fused_experts calls under one pinned tile, each call L2-flushed and bracketed by its own pre-primed event pair, the FIRST call of every burst discarded as a drained-queue launch, a host-side idle gap after each burst setting the sustained duty cycle, and the SM clock, board power and memory clock read through NVML with the burst still in flight; NOT timing.TIMING_BASIS | duty 0.25 | each idle gap sized from its own burst (gap_basis burst)",,iters=supplied as None; sglang=package not installed,1,3.12.14,177.93141728460498,"measured on this device: NVIDIA GH200 480GB (measured), 662.8 TFLOP/s bf16 over 3725.1 GB/s (triad pattern); calibrated 2026-09-25 at f49a2133",,200.0,2.13.0,3.7.1,2026-09-25T07:38:13+00:00,0.27.1,300.0
native,4,32,1,32,128,1,8,0.8486080169677734,0.8398399949073792,0.0026622127879679775,230,3,320.3794884085655,"scripts/clock_elasticity.py: bursts of N back-to-back fused_experts calls under one pinned tile, each call L2-flushed and bracketed by its own pre-primed event pair, the FIRST call of every burst discarded as a drained-queue launch, a host-side idle gap after each burst setting the sustained duty cycle, and the SM clock, board power and memory clock read through NVML with the burst still in flight; NOT timing.TIMING_BASIS",1965.0,False,high,True,True,ok,"LEVEL HIGH (recorded, never an exclusion here): loaded clock 1965 MHz against the 1455 MHz reference. At a duty cycle below 1.0 a HIGH reading is the experiment working, not a cell to drop.",0.25,283.931,0.24989374770261139,47,116.40298974198959,burst,0.8487359881401062,0.848800003528595,True,1935 1950 1965 1950 1965 1965 1965 1965 1950 1965 1965 1950 1965 1965 1965,False,3725.122836206298,"measured on this device: NVIDIA GH200 480GB (measured), 3725.1 GB/s (triad pattern)",13.0,580.105.08,True,1,f49a2133c942c20c3b1b72e002b03af1ccd216a3,NVIDIA GH200 480GB,192-222-57-200,"scripts/clock_elasticity.py: bursts of N back-to-back fused_experts calls under one pinned tile, each call L2-flushed and bracketed by its own pre-primed event pair, the FIRST call of every burst discarded as a drained-queue launch, a host-side idle gap after each burst setting the sustained duty cycle, and the SM clock, board power and memory clock read through NVML with the burst still in flight; NOT timing.TIMING_BASIS | duty 0.25 | each idle gap sized from its own burst (gap_basis burst)",,iters=supplied as None; sglang=package not installed,1,3.12.14,177.93141728460498,"measured on this device: NVIDIA GH200 480GB (measured), 662.8 TFLOP/s bf16 over 3725.1 GB/s (triad pattern); calibrated 2026-09-25 at f49a2133",,200.0,2.13.0,3.7.1,2026-09-25T07:38:13+00:00,0.27.1,300.0
shared,4,32,2,64,256,1,72,1.125216007232666,1.1168639659881592,0.02159215949141965,150,3,918.8735687732697,"scripts/clock_elasticity.py: bursts of N back-to-back fused_experts calls under one pinned tile, each call L2-flushed and bracketed by its own pre-primed event pair, the FIRST call of every burst discarded as a drained-queue launch, a host-side idle gap after each burst setting the sustained duty cycle, and the SM clock, board power and memory clock read through NVML with the burst still in flight; NOT timing.TIMING_BASIS",1890.0,False,high,False,True,ok,"LEVEL HIGH (recorded, never an exclusion here): loaded clock 1890 MHz against the 1455 MHz reference. At a duty cycle below 1.0 a HIGH reading is the experiment working, not a cell to drop.; DRIFT failed, settling upward: 1725 -> 1845 MHz over 15 bursts; this cell is EXCLUDED",0.25,315.932,0.2498792088724288,31,102.79100069890046,burst,1.1270719766616821,1.1242239475250244,True,1725 1935 1890 1950 1815 1965 1890 1695 1935 1845 1950 1890 1665 1935 1845,False,3725.122836206298,"measured on this device: NVIDIA GH200 480GB (measured), 3725.1 GB/s (triad pattern)",13.0,580.105.08,True,1,f49a2133c942c20c3b1b72e002b03af1ccd216a3,NVIDIA GH200 480GB,192-222-57-200,"scripts/clock_elasticity.py: bursts of N back-to-back fused_experts calls under one pinned tile, each call L2-flushed and bracketed by its own pre-primed event pair, the FIRST call of every burst discarded as a drained-queue launch, a host-side idle gap after each burst setting the sustained duty cycle, and the SM clock, board power and memory clock read through NVML with the burst still in flight; NOT timing.TIMING_BASIS | duty 0.25 | each idle gap sized from its own burst (gap_basis burst)",,iters=supplied as None; sglang=package not installed,1,3.12.14,177.93141728460498,"measured on this device: NVIDIA GH200 480GB (measured), 662.8 TFLOP/s bf16 over 3725.1 GB/s (triad pattern); calibrated 2026-09-25 at f49a2133",,200.0,2.13.0,3.7.1,2026-09-25T07:38:13+00:00,0.27.1,300.0
private,4,32,2,64,256,2,72,1.6418240070343018,1.6313600540161133,0.004236158224271456,115,3,356.5680649280548,"scripts/clock_elasticity.py: bursts of N back-to-back fused_experts calls under one pinned tile, each call L2-flushed and bracketed by its own pre-primed event pair, the FIRST call of every burst discarded as a drained-queue launch, a host-side idle gap after each burst setting the sustained duty cycle, and the SM clock, board power and memory clock read through NVML with the burst still in flight; NOT timing.TIMING_BASIS",1950.0,False,high,True,True,ok,"LEVEL HIGH (recorded, never an exclusion here): loaded clock 1950 MHz against the 1455 MHz reference. At a duty cycle below 1.0 a HIGH reading is the experiment working, not a cell to drop.",0.25,293.258,0.24989233680234443,24,116.7735138885073,burst,1.6417920589447021,1.6418559551239014,True,1965 1920 1950 1965 1950 1965 1905 1935 1800 1935 1965 1965 1965 1935 1935,False,3725.122836206298,"measured on this device: NVIDIA GH200 480GB (measured), 3725.1 GB/s (triad pattern)",13.0,580.105.08,True,1,f49a2133c942c20c3b1b72e002b03af1ccd216a3,NVIDIA GH200 480GB,192-222-57-200,"scripts/clock_elasticity.py: bursts of N back-to-back fused_experts calls under one pinned tile, each call L2-flushed and bracketed by its own pre-primed event pair, the FIRST call of every burst discarded as a drained-queue launch, a host-side idle gap after each burst setting the sustained duty cycle, and the SM clock, board power and memory clock read through NVML with the burst still in flight; NOT timing.TIMING_BASIS | duty 0.25 | each idle gap sized from its own burst (gap_basis burst)",,iters=supplied as None; sglang=package not installed,1,3.12.14,177.93141728460498,"measured on this device: NVIDIA GH200 480GB (measured), 662.8 TFLOP/s bf16 over 3725.1 GB/s (triad pattern); calibrated 2026-09-25 at f49a2133",,200.0,2.13.0,3.7.1,2026-09-25T07:38:13+00:00,0.27.1,300.0
native,4,32,2,64,256,1,8,1.1232320070266724,1.110592007637024,0.007696031556649308,150,3,927.8543368577957,"scripts/clock_elasticity.py: bursts of N back-to-back fused_experts calls under one pinned tile, each call L2-flushed and bracketed by its own pre-primed event pair, the FIRST call of every burst discarded as a drained-queue launch, a host-side idle gap after each burst setting the sustained duty cycle, and the SM clock, board power and memory clock read through NVML with the burst still in flight; NOT timing.TIMING_BASIS",1980.0,False,high,True,True,ok,"LEVEL HIGH (recorded, never an exclusion here): loaded clock 1980 MHz against the 1455 MHz reference. At a duty cycle below 1.0 a HIGH reading is the experiment working, not a cell to drop.",0.25,315.285,0.24987921276830272,31,102.20460375728,burst,1.121664047241211,1.1220799684524536,True,1950 1965 1965 1965 1965 1980 1980 1980 1980 1980 1980 1980 1980 1965 1965,False,3725.122836206298,"measured on this device: NVIDIA GH200 480GB (measured), 3725.1 GB/s (triad pattern)",13.0,580.105.08,True,1,f49a2133c942c20c3b1b72e002b03af1ccd216a3,NVIDIA GH200 480GB,192-222-57-200,"scripts/clock_elasticity.py: bursts of N back-to-back fused_experts calls under one pinned tile, each call L2-flushed and bracketed by its own pre-primed event pair, the FIRST call of every burst discarded as a drained-queue launch, a host-side idle gap after each burst setting the sustained duty cycle, and the SM clock, board power and memory clock read through NVML with the burst still in flight; NOT timing.TIMING_BASIS | duty 0.25 | each idle gap sized from its own burst (gap_basis burst)",,iters=supplied as None; sglang=package not installed,1,3.12.14,177.93141728460498,"measured on this device: NVIDIA GH200 480GB (measured), 662.8 TFLOP/s bf16 over 3725.1 GB/s (triad pattern); calibrated 2026-09-25 at f49a2133",,200.0,2.13.0,3.7.1,2026-09-25T07:38:13+00:00,0.27.1,300.0
shared,4,32,3,96,384,1,72,1.6545920372009277,1.639359951019287,0.048051138974580195,95,3,639.5422406196594,"scripts/clock_elasticity.py: bursts of N back-to-back fused_experts calls under one pinned tile, each call L2-flushed and bracketed by its own pre-primed event pair, the FIRST call of every burst discarded as a drained-queue launch, a host-side idle gap after each burst setting the sustained duty cycle, and the SM clock, board power and memory clock read through NVML with the burst still in flight; NOT timing.TIMING_BASIS",1935.0,False,high,False,True,ok,"LEVEL HIGH (recorded, never an exclusion here): loaded clock 1935 MHz against the 1455 MHz reference. At a duty cycle below 1.0 a HIGH reading is the experiment working, not a cell to drop.; DRIFT failed, settling upward: 1725 -> 1845 MHz over 15 bursts; this cell is EXCLUDED",0.25,326.804,0.24987454715819032,20,98.61999157072931,burst,1.6579359769821167,1.6539679765701294,True,1725 1965 1950 1965 1890 1905 1800 1935 1830 1965 1950 1920 1965 1950 1845,False,3725.122836206298,"measured on this device: NVIDIA GH200 480GB (measured), 3725.1 GB/s (triad pattern)",13.0,580.105.08,True,1,f49a2133c942c20c3b1b72e002b03af1ccd216a3,NVIDIA GH200 480GB,192-222-57-200,"scripts/clock_elasticity.py: bursts of N back-to-back fused_experts calls under one pinned tile, each call L2-flushed and bracketed by its own pre-primed event pair, the FIRST call of every burst discarded as a drained-queue launch, a host-side idle gap after each burst setting the sustained duty cycle, and the SM clock, board power and memory clock read through NVML with the burst still in flight; NOT timing.TIMING_BASIS | duty 0.25 | each idle gap sized from its own burst (gap_basis burst)",,iters=supplied as None; sglang=package not installed,1,3.12.14,177.93141728460498,"measured on this device: NVIDIA GH200 480GB (measured), 662.8 TFLOP/s bf16 over 3725.1 GB/s (triad pattern); calibrated 2026-09-25 at f49a2133",,200.0,2.13.0,3.7.1,2026-09-25T07:38:13+00:00,0.27.1,300.0
private,4,32,3,96,384,3,72,2.4491519927978516,2.436415910720825,0.004332832874915185,75,3,315.3455054759979,"scripts/clock_elasticity.py: bursts of N back-to-back fused_experts calls under one pinned tile, each call L2-flushed and bracketed by its own pre-primed event pair, the FIRST call of every burst discarded as a drained-queue launch, a host-side idle gap after each burst setting the sustained duty cycle, and the SM clock, board power and memory clock read through NVML with the burst still in flight; NOT timing.TIMING_BASIS",1950.0,False,high,True,True,ok,"LEVEL HIGH (recorded, never an exclusion here): loaded clock 1950 MHz against the 1455 MHz reference. At a duty cycle below 1.0 a HIGH reading is the experiment working, not a cell to drop.",0.25,291.511,0.24989362384563046,16,116.66872453343238,burst,2.448767900466919,2.450687885284424,True,1965 1965 1905 1935 1845 1950 1965 1920 1965 1890 1950 1965 1965 1965 1950,False,3725.122836206298,"measured on this device: NVIDIA GH200 480GB (measured), 3725.1 GB/s (triad pattern)",13.0,580.105.08,True,1,f49a2133c942c20c3b1b72e002b03af1ccd216a3,NVIDIA GH200 480GB,192-222-57-200,"scripts/clock_elasticity.py: bursts of N back-to-back fused_experts calls under one pinned tile, each call L2-flushed and bracketed by its own pre-primed event pair, the FIRST call of every burst discarded as a drained-queue launch, a host-side idle gap after each burst setting the sustained duty cycle, and the SM clock, board power and memory clock read through NVML with the burst still in flight; NOT timing.TIMING_BASIS | duty 0.25 | each idle gap sized from its own burst (gap_basis burst)",,iters=supplied as None; sglang=package not installed,1,3.12.14,177.93141728460498,"measured on this device: NVIDIA GH200 480GB (measured), 662.8 TFLOP/s bf16 over 3725.1 GB/s (triad pattern); calibrated 2026-09-25 at f49a2133",,200.0,2.13.0,3.7.1,2026-09-25T07:38:13+00:00,0.27.1,300.0
native,4,32,3,96,384,1,8,1.664639949798584,1.6490559577941895,0.023086106450193374,95,3,309.81177592277527,"scripts/clock_elasticity.py: bursts of N back-to-back fused_experts calls under one pinned tile, each call L2-flushed and bracketed by its own pre-primed event pair, the FIRST call of every burst discarded as a drained-queue launch, a host-side idle gap after each burst setting the sustained duty cycle, and the SM clock, board power and memory clock read through NVML with the burst still in flight; NOT timing.TIMING_BASIS",1920.0,False,high,True,True,ok,"LEVEL HIGH (recorded, never an exclusion here): loaded clock 1920 MHz against the 1455 MHz reference. At a duty cycle below 1.0 a HIGH reading is the experiment working, not a cell to drop.",0.25,316.44,0.2498758379699195,20,98.82575027028726,burst,1.6687360405921936,1.6629599928855896,True,1875 1965 1890 1920 1965 1905 1815 1965 1905 1665 1950 1920 1680 1935 1935,False,3725.122836206298,"measured on this device: NVIDIA GH200 480GB (measured), 3725.1 GB/s (triad pattern)",13.0,580.105.08,True,1,f49a2133c942c20c3b1b72e002b03af1ccd216a3,NVIDIA GH200 480GB,192-222-57-200,"scripts/clock_elasticity.py: bursts of N back-to-back fused_experts calls under one pinned tile, each call L2-flushed and bracketed by its own pre-primed event pair, the FIRST call of every burst discarded as a drained-queue launch, a host-side idle gap after each burst setting the sustained duty cycle, and the SM clock, board power and memory clock read through NVML with the burst still in flight; NOT timing.TIMING_BASIS | duty 0.25 | each idle gap sized from its own burst (gap_basis burst)",,iters=supplied as None; sglang=package not installed,1,3.12.14,177.93141728460498,"measured on this device: NVIDIA GH200 480GB (measured), 662.8 TFLOP/s bf16 over 3725.1 GB/s (triad pattern); calibrated 2026-09-25 at f49a2133",,200.0,2.13.0,3.7.1,2026-09-25T07:38:13+00:00,0.27.1,300.0
shared,4,32,4,128,512,1,72,2.1604480743408203,2.1510400772094727,0.026727761295694635,80,3,633.348450422287,"scripts/clock_elasticity.py: bursts of N back-to-back fused_experts calls under one pinned tile, each call L2-flushed and bracketed by its own pre-primed event pair, the FIRST call of every burst discarded as a drained-queue launch, a host-side idle gap after each burst setting the sustained duty cycle, and the SM clock, board power and memory clock read through NVML with the burst still in flight; NOT timing.TIMING_BASIS",1950.0,False,high,False,True,ok,"LEVEL HIGH (recorded, never an exclusion here): loaded clock 1950 MHz against the 1455 MHz reference. At a duty cycle below 1.0 a HIGH reading is the experiment working, not a cell to drop.; DRIFT failed, dropping: 1935 -> 1800 MHz over 15 bursts; this cell is EXCLUDED",0.25,305.411,0.24988836988729912,17,109.49544066640738,burst,2.163599967956543,2.1603519916534424,True,1935 1950 1965 1950 1965 1935 1965 1935 1965 1920 1965 1950 1965 1965 1800,False,3725.122836206298,"measured on this device: NVIDIA GH200 480GB (measured), 3725.1 GB/s (triad pattern)",13.0,580.105.08,True,1,f49a2133c942c20c3b1b72e002b03af1ccd216a3,NVIDIA GH200 480GB,192-222-57-200,"scripts/clock_elasticity.py: bursts of N back-to-back fused_experts calls under one pinned tile, each call L2-flushed and bracketed by its own pre-primed event pair, the FIRST call of every burst discarded as a drained-queue launch, a host-side idle gap after each burst setting the sustained duty cycle, and the SM clock, board power and memory clock read through NVML with the burst still in flight; NOT timing.TIMING_BASIS | duty 0.25 | each idle gap sized from its own burst (gap_basis burst)",,iters=supplied as None; sglang=package not installed,1,3.12.14,177.93141728460498,"measured on this device: NVIDIA GH200 480GB (measured), 662.8 TFLOP/s bf16 over 3725.1 GB/s (triad pattern); calibrated 2026-09-25 at f49a2133",,200.0,2.13.0,3.7.1,2026-09-25T07:38:13+00:00,0.27.1,300.0
private,4,32,4,128,512,4,72,3.2601919174194336,3.251552104949951,0.004437506000355042,55,3,314.7983672618866,"scripts/clock_elasticity.py: bursts of N back-to-back fused_experts calls under one pinned tile, each call L2-flushed and bracketed by its own pre-primed event pair, the FIRST call of every burst discarded as a drained-queue launch, a host-side idle gap after each burst setting the sustained duty cycle, and the SM clock, board power and memory clock read through NVML with the burst still in flight; NOT timing.TIMING_BASIS",1965.0,False,high,True,True,ok,"LEVEL HIGH (recorded, never an exclusion here): loaded clock 1965 MHz against the 1455 MHz reference. At a duty cycle below 1.0 a HIGH reading is the experiment working, not a cell to drop.",0.25,289.693,0.24989151552567132,12,116.9172422162519,burst,3.2597440481185913,3.2611680030822754,True,1965 1905 1965 1965 1965 1965 1950 1950 1950 1965 1890 1950 1965 1920 1965,False,3725.122836206298,"measured on this device: NVIDIA GH200 480GB (measured), 3725.1 GB/s (triad pattern)",13.0,580.105.08,True,1,f49a2133c942c20c3b1b72e002b03af1ccd216a3,NVIDIA GH200 480GB,192-222-57-200,"scripts/clock_elasticity.py: bursts of N back-to-back fused_experts calls under one pinned tile, each call L2-flushed and bracketed by its own pre-primed event pair, the FIRST call of every burst discarded as a drained-queue launch, a host-side idle gap after each burst setting the sustained duty cycle, and the SM clock, board power and memory clock read through NVML with the burst still in flight; NOT timing.TIMING_BASIS | duty 0.25 | each idle gap sized from its own burst (gap_basis burst)",,iters=supplied as None; sglang=package not installed,1,3.12.14,177.93141728460498,"measured on this device: NVIDIA GH200 480GB (measured), 662.8 TFLOP/s bf16 over 3725.1 GB/s (triad pattern); calibrated 2026-09-25 at f49a2133",,200.0,2.13.0,3.7.1,2026-09-25T07:38:13+00:00,0.27.1,300.0
native,4,32,4,128,512,1,8,2.151471972465515,2.139904022216797,0.02671202993539219,80,3,446.7163841724396,"scripts/clock_elasticity.py: bursts of N back-to-back fused_experts calls under one pinned tile, each call L2-flushed and bracketed by its own pre-primed event pair, the FIRST call of every burst discarded as a drained-queue launch, a host-side idle gap after each burst setting the sustained duty cycle, and the SM clock, board power and memory clock read through NVML with the burst still in flight; NOT timing.TIMING_BASIS",1950.0,False,high,True,True,ok,"LEVEL HIGH (recorded, never an exclusion here): loaded clock 1950 MHz against the 1455 MHz reference. At a duty cycle below 1.0 a HIGH reading is the experiment working, not a cell to drop.",0.25,306.12,0.24988434618783334,17,108.97409823364795,burst,2.1552159786224365,2.1529440879821777,True,1950 1965 1935 1965 1935 1965 1935 1965 1965 1965 1950 1890 1950 1920 1950,False,3725.122836206298,"measured on this device: NVIDIA GH200 480GB (measured), 3725.1 GB/s (triad pattern)",13.0,580.105.08,True,1,f49a2133c942c20c3b1b72e002b03af1ccd216a3,NVIDIA GH200 480GB,192-222-57-200,"scripts/clock_elasticity.py: bursts of N back-to-back fused_experts calls under one pinned tile, each call L2-flushed and bracketed by its own pre-primed event pair, the FIRST call of every burst discarded as a drained-queue launch, a host-side idle gap after each burst setting the sustained duty cycle, and the SM clock, board power and memory clock read through NVML with the burst still in flight; NOT timing.TIMING_BASIS | duty 0.25 | each idle gap sized from its own burst (gap_basis burst)",,iters=supplied as None; sglang=package not installed,1,3.12.14,177.93141728460498,"measured on this device: NVIDIA GH200 480GB (measured), 662.8 TFLOP/s bf16 over 3725.1 GB/s (triad pattern); calibrated 2026-09-25 at f49a2133",,200.0,2.13.0,3.7.1,2026-09-25T07:38:13+00:00,0.27.1,300.0
shared,4,32,5,160,640,1,72,2.6735039949417114,2.657792091369629,0.008734148618893533,60,3,503.94108748435974,"scripts/clock_elasticity.py: bursts of N back-to-back fused_experts calls under one pinned tile, each call L2-flushed and bracketed by its own pre-primed event pair, the FIRST call of every burst discarded as a drained-queue launch, a host-side idle gap after each burst setting the sustained duty cycle, and the SM clock, board power and memory clock read through NVML with the burst still in flight; NOT timing.TIMING_BASIS",1980.0,False,high,True,True,ok,"LEVEL HIGH (recorded, never an exclusion here): loaded clock 1980 MHz against the 1455 MHz reference. At a duty cycle below 1.0 a HIGH reading is the experiment working, not a cell to drop.",0.25,321.716,0.24987690685176092,13,103.86330780511707,burst,2.6768639087677,2.6722559928894043,True,1965 1965 1965 1980 1980 1980 1980 1980 1980 1980 1980 1980 1980 1980 1980,False,3725.122836206298,"measured on this device: NVIDIA GH200 480GB (measured), 3725.1 GB/s (triad pattern)",13.0,580.105.08,True,1,f49a2133c942c20c3b1b72e002b03af1ccd216a3,NVIDIA GH200 480GB,192-222-57-200,"scripts/clock_elasticity.py: bursts of N back-to-back fused_experts calls under one pinned tile, each call L2-flushed and bracketed by its own pre-primed event pair, the FIRST call of every burst discarded as a drained-queue launch, a host-side idle gap after each burst setting the sustained duty cycle, and the SM clock, board power and memory clock read through NVML with the burst still in flight; NOT timing.TIMING_BASIS | duty 0.25 | each idle gap sized from its own burst (gap_basis burst)",,iters=supplied as None; sglang=package not installed,1,3.12.14,177.93141728460498,"measured on this device: NVIDIA GH200 480GB (measured), 662.8 TFLOP/s bf16 over 3725.1 GB/s (triad pattern); calibrated 2026-09-25 at f49a2133",,200.0,2.13.0,3.7.1,2026-09-25T07:38:13+00:00,0.27.1,300.0
private,4,32,5,160,640,5,72,4.0747199058532715,4.063136100769043,0.004657816509650255,45,3,410.0400948524475,"scripts/clock_elasticity.py: bursts of N back-to-back fused_experts calls under one pinned tile, each call L2-flushed and bracketed by its own pre-primed event pair, the FIRST call of every burst discarded as a drained-queue launch, a host-side idle gap after each burst setting the sustained duty cycle, and the SM clock, board power and memory clock read through NVML with the burst still in flight; NOT timing.TIMING_BASIS",1950.0,False,high,True,True,ok,"LEVEL HIGH (recorded, never an exclusion here): loaded clock 1950 MHz against the 1455 MHz reference. At a duty cycle below 1.0 a HIGH reading is the experiment working, not a cell to drop.",0.25,294.167,0.24989878854068365,10,121.85133681441584,burst,4.074639797210693,4.076208114624023,True,1920 1965 1890 1950 1965 1905 1950 1965 1965 1935 1965 1920 1920 1890 1965,False,3725.122836206298,"measured on this device: NVIDIA GH200 480GB (measured), 3725.1 GB/s (triad pattern)",13.0,580.105.08,True,1,f49a2133c942c20c3b1b72e002b03af1ccd216a3,NVIDIA GH200 480GB,192-222-57-200,"scripts/clock_elasticity.py: bursts of N back-to-back fused_experts calls under one pinned tile, each call L2-flushed and bracketed by its own pre-primed event pair, the FIRST call of every burst discarded as a drained-queue launch, a host-side idle gap after each burst setting the sustained duty cycle, and the SM clock, board power and memory clock read through NVML with the burst still in flight; NOT timing.TIMING_BASIS | duty 0.25 | each idle gap sized from its own burst (gap_basis burst)",,iters=supplied as None; sglang=package not installed,1,3.12.14,177.93141728460498,"measured on this device: NVIDIA GH200 480GB (measured), 662.8 TFLOP/s bf16 over 3725.1 GB/s (triad pattern); calibrated 2026-09-25 at f49a2133",,200.0,2.13.0,3.7.1,2026-09-25T07:38:13+00:00,0.27.1,300.0
native,4,32,5,160,640,1,8,2.683535933494568,2.668992042541504,0.041244037306439586,60,3,920.7427825927734,"scripts/clock_elasticity.py: bursts of N back-to-back fused_experts calls under one pinned tile, each call L2-flushed and bracketed by its own pre-primed event pair, the FIRST call of every burst discarded as a drained-queue launch, a host-side idle gap after each burst setting the sustained duty cycle, and the SM clock, board power and memory clock read through NVML with the burst still in flight; NOT timing.TIMING_BASIS",1920.0,False,high,False,True,ok,"LEVEL HIGH (recorded, never an exclusion here): loaded clock 1920 MHz against the 1455 MHz reference. At a duty cycle below 1.0 a HIGH reading is the experiment working, not a cell to drop.; DRIFT failed, dropping: 1965 -> 1680 MHz over 15 bursts; this cell is EXCLUDED",0.25,315.968,0.24988167019059482,13,104.19437961100267,burst,2.68723201751709,2.683135986328125,True,1965 1920 1965 1920 1695 1935 1815 1950 1890 1665 1935 1815 1950 1905 1680,False,3725.122836206298,"measured on this device: NVIDIA GH200 480GB (measured), 3725.1 GB/s (triad pattern)",13.0,580.105.08,True,1,f49a2133c942c20c3b1b72e002b03af1ccd216a3,NVIDIA GH200 480GB,192-222-57-200,"scripts/clock_elasticity.py: bursts of N back-to-back fused_experts calls under one pinned tile, each call L2-flushed and bracketed by its own pre-primed event pair, the FIRST call of every burst discarded as a drained-queue launch, a host-side idle gap after each burst setting the sustained duty cycle, and the SM clock, board power and memory clock read through NVML with the burst still in flight; NOT timing.TIMING_BASIS | duty 0.25 | each idle gap sized from its own burst (gap_basis burst)",,iters=supplied as None; sglang=package not installed,1,3.12.14,177.93141728460498,"measured on this device: NVIDIA GH200 480GB (measured), 662.8 TFLOP/s bf16 over 3725.1 GB/s (triad pattern); calibrated 2026-09-25 at f49a2133",,200.0,2.13.0,3.7.1,2026-09-25T07:38:13+00:00,0.27.1,300.0
shared,4,32,6,192,768,1,72,3.2188479900360107,3.2061119079589844,0.0576582965932074,50,3,325.93772864341736,"scripts/clock_elasticity.py: bursts of N back-to-back fused_experts calls under one pinned tile, each call L2-flushed and bracketed by its own pre-primed event pair, the FIRST call of every burst discarded as a drained-queue launch, a host-side idle gap after each burst setting the sustained duty cycle, and the SM clock, board power and memory clock read through NVML with the burst still in flight; NOT timing.TIMING_BASIS",1935.0,False,high,True,True,ok,"LEVEL HIGH (recorded, never an exclusion here): loaded clock 1935 MHz against the 1455 MHz reference. At a duty cycle below 1.0 a HIGH reading is the experiment working, not a cell to drop.",0.25,309.777,0.249882180246965,11,106.31827316172348,burst,3.221984028816223,3.2334399223327637,True,1935 1965 1965 1725 1950 1875 1965 1920 1950 1905 1725 1950 1890 1965 1845,False,3725.122836206298,"measured on this device: NVIDIA GH200 480GB (measured), 3725.1 GB/s (triad pattern)",13.0,580.105.08,True,1,f49a2133c942c20c3b1b72e002b03af1ccd216a3,NVIDIA GH200 480GB,192-222-57-200,"scripts/clock_elasticity.py: bursts of N back-to-back fused_experts calls under one pinned tile, each call L2-flushed and bracketed by its own pre-primed event pair, the FIRST call of every burst discarded as a drained-queue launch, a host-side idle gap after each burst setting the sustained duty cycle, and the SM clock, board power and memory clock read through NVML with the burst still in flight; NOT timing.TIMING_BASIS | duty 0.25 | each idle gap sized from its own burst (gap_basis burst)",,iters=supplied as None; sglang=package not installed,1,3.12.14,177.93141728460498,"measured on this device: NVIDIA GH200 480GB (measured), 662.8 TFLOP/s bf16 over 3725.1 GB/s (triad pattern); calibrated 2026-09-25 at f49a2133",,200.0,2.13.0,3.7.1,2026-09-25T07:38:13+00:00,0.27.1,300.0
private,4,32,6,192,768,6,72,4.866720199584961,4.854400157928467,0.008005390936804038,35,3,430.78118085861206,"scripts/clock_elasticity.py: bursts of N back-to-back fused_experts calls under one pinned tile, each call L2-flushed and bracketed by its own pre-primed event pair, the FIRST call of every burst discarded as a drained-queue launch, a host-side idle gap after each burst setting the sustained duty cycle, and the SM clock, board power and memory clock read through NVML with the burst still in flight; NOT timing.TIMING_BASIS",1950.0,False,high,True,True,ok,"LEVEL HIGH (recorded, never an exclusion here): loaded clock 1950 MHz against the 1455 MHz reference. At a duty cycle below 1.0 a HIGH reading is the experiment working, not a cell to drop.",0.25,293.061,0.24989339621263063,8,116.65737417434138,burst,4.8633599281311035,4.872191905975342,True,1965 1965 1875 1965 1935 1950 1965 1920 1965 1950 1965 1890 1935 1965 1920,False,3725.122836206298,"measured on this device: NVIDIA GH200 480GB (measured), 3725.1 GB/s (triad pattern)",13.0,580.105.08,True,1,f49a2133c942c20c3b1b72e002b03af1ccd216a3,NVIDIA GH200 480GB,192-222-57-200,"scripts/clock_elasticity.py: bursts of N back-to-back fused_experts calls under one pinned tile, each call L2-flushed and bracketed by its own pre-primed event pair, the FIRST call of every burst discarded as a drained-queue launch, a host-side idle gap after each burst setting the sustained duty cycle, and the SM clock, board power and memory clock read through NVML with the burst still in flight; NOT timing.TIMING_BASIS | duty 0.25 | each idle gap sized from its own burst (gap_basis burst)",,iters=supplied as None; sglang=package not installed,1,3.12.14,177.93141728460498,"measured on this device: NVIDIA GH200 480GB (measured), 662.8 TFLOP/s bf16 over 3725.1 GB/s (triad pattern); calibrated 2026-09-25 at f49a2133",,200.0,2.13.0,3.7.1,2026-09-25T07:38:13+00:00,0.27.1,300.0
native,4,32,6,192,768,1,8,3.205615997314453,3.175839900970459,0.0592703399795678,50,3,323.9017286300659,"scripts/clock_elasticity.py: bursts of N back-to-back fused_experts calls under one pinned tile, each call L2-flushed and bracketed by its own pre-primed event pair, the FIRST call of every burst discarded as a drained-queue launch, a host-side idle gap after each burst setting the sustained duty cycle, and the SM clock, board power and memory clock read through NVML with the burst still in flight; NOT timing.TIMING_BASIS",1950.0,False,high,True,True,ok,"LEVEL HIGH (recorded, never an exclusion here): loaded clock 1950 MHz against the 1455 MHz reference. At a duty cycle below 1.0 a HIGH reading is the experiment working, not a cell to drop.",0.25,312.336,0.24988198886537732,11,105.52167089602882,burst,3.207152009010315,3.2067679166793823,True,1980 1965 1965 1920 1965 1950 1815 1935 1845 1965 1920 1770 1950 1905 1950,False,3725.122836206298,"measured on this device: NVIDIA GH200 480GB (measured), 3725.1 GB/s (triad pattern)",13.0,580.105.08,True,1,f49a2133c942c20c3b1b72e002b03af1ccd216a3,NVIDIA GH200 480GB,192-222-57-200,"scripts/clock_elasticity.py: bursts of N back-to-back fused_experts calls under one pinned tile, each call L2-flushed and bracketed by its own pre-primed event pair, the FIRST call of every burst discarded as a drained-queue launch, a host-side idle gap after each burst setting the sustained duty cycle, and the SM clock, board power and memory clock read through NVML with the burst still in flight; NOT timing.TIMING_BASIS | duty 0.25 | each idle gap sized from its own burst (gap_basis burst)",,iters=supplied as None; sglang=package not installed,1,3.12.14,177.93141728460498,"measured on this device: NVIDIA GH200 480GB (measured), 662.8 TFLOP/s bf16 over 3725.1 GB/s (triad pattern); calibrated 2026-09-25 at f49a2133",,200.0,2.13.0,3.7.1,2026-09-25T07:38:13+00:00,0.27.1,300.0
private,5,32,6,192,768,6,72,4.864799976348877,4.854176044464111,0.0062792105588018775,35,3,430.43046474456787,"scripts/clock_elasticity.py: bursts of N back-to-back fused_experts calls under one pinned tile, each call L2-flushed and bracketed by its own pre-primed event pair, the FIRST call of every burst discarded as a drained-queue launch, a host-side idle gap after each burst setting the sustained duty cycle, and the SM clock, board power and memory clock read through NVML with the burst still in flight; NOT timing.TIMING_BASIS",1965.0,False,high,True,True,ok,"LEVEL HIGH (recorded, never an exclusion here): loaded clock 1965 MHz against the 1455 MHz reference. At a duty cycle below 1.0 a HIGH reading is the experiment working, not a cell to drop.",0.25,292.129,0.24989237125305105,8,116.52063907124466,burst,4.864096164703369,4.867040157318115,True,1905 1890 1950 1785 1965 1965 1935 1965 1875 1965 1935 1965 1965 1965 1965,False,3725.122836206298,"measured on this device: NVIDIA GH200 480GB (measured), 3725.1 GB/s (triad pattern)",13.0,580.105.08,True,1,f49a2133c942c20c3b1b72e002b03af1ccd216a3,NVIDIA GH200 480GB,192-222-57-200,"scripts/clock_elasticity.py: bursts of N back-to-back fused_experts calls under one pinned tile, each call L2-flushed and bracketed by its own pre-primed event pair, the FIRST call of every burst discarded as a drained-queue launch, a host-side idle gap after each burst setting the sustained duty cycle, and the SM clock, board power and memory clock read through NVML with the burst still in flight; NOT timing.TIMING_BASIS | duty 0.25 | each idle gap sized from its own burst (gap_basis burst)",,iters=supplied as None; sglang=package not installed,1,3.12.14,177.93141728460498,"measured on this device: NVIDIA GH200 480GB (measured), 662.8 TFLOP/s bf16 over 3725.1 GB/s (triad pattern); calibrated 2026-09-25 at f49a2133",,200.0,2.13.0,3.7.1,2026-09-25T07:38:13+00:00,0.27.1,300.0
native,5,32,6,192,768,1,8,3.208591938018799,3.193727970123291,0.0637214548283391,50,3,502.12752056121826,"scripts/clock_elasticity.py: bursts of N back-to-back fused_experts calls under one pinned tile, each call L2-flushed and bracketed by its own pre-primed event pair, the FIRST call of every burst discarded as a drained-queue launch, a host-side idle gap after each burst setting the sustained duty cycle, and the SM clock, board power and memory clock read through NVML with the burst still in flight; NOT timing.TIMING_BASIS",1935.0,False,high,True,True,ok,"LEVEL HIGH (recorded, never an exclusion here): loaded clock 1935 MHz against the 1455 MHz reference. At a duty cycle below 1.0 a HIGH reading is the experiment working, not a cell to drop.",0.25,311.336,0.2498872577698359,11,105.68560760407125,burst,3.2123680114746094,3.216976046562195,True,1950 1965 1710 1935 1875 1965 1935 1965 1905 1725 1950 1845 1965 1935 1965,False,3725.122836206298,"measured on this device: NVIDIA GH200 480GB (measured), 3725.1 GB/s (triad pattern)",13.0,580.105.08,True,1,f49a2133c942c20c3b1b72e002b03af1ccd216a3,NVIDIA GH200 480GB,192-222-57-200,"scripts/clock_elasticity.py: bursts of N back-to-back fused_experts calls under one pinned tile, each call L2-flushed and bracketed by its own pre-primed event pair, the FIRST call of every burst discarded as a drained-queue launch, a host-side idle gap after each burst setting the sustained duty cycle, and the SM clock, board power and memory clock read through NVML with the burst still in flight; NOT timing.TIMING_BASIS | duty 0.25 | each idle gap sized from its own burst (gap_basis burst)",,iters=supplied as None; sglang=package not installed,1,3.12.14,177.93141728460498,"measured on this device: NVIDIA GH200 480GB (measured), 662.8 TFLOP/s bf16 over 3725.1 GB/s (triad pattern); calibrated 2026-09-25 at f49a2133",,200.0,2.13.0,3.7.1,2026-09-25T07:38:13+00:00,0.27.1,300.0
shared,5,32,6,192,768,1,72,3.220784068107605,3.184448003768921,0.06614004313394214,50,3,325.8716154098511,"scripts/clock_elasticity.py: bursts of N back-to-back fused_experts calls under one pinned tile, each call L2-flushed and bracketed by its own pre-primed event pair, the FIRST call of every burst discarded as a drained-queue launch, a host-side idle gap after each burst setting the sustained duty cycle, and the SM clock, board power and memory clock read through NVML with the burst still in flight; NOT timing.TIMING_BASIS",1935.0,False,high,False,True,ok,"LEVEL HIGH (recorded, never an exclusion here): loaded clock 1935 MHz against the 1455 MHz reference. At a duty cycle below 1.0 a HIGH reading is the experiment working, not a cell to drop.; DRIFT failed, dropping: 1980 -> 1845 MHz over 15 bursts; this cell is EXCLUDED",0.25,310.23,0.2498901096019221,11,105.90867846643232,burst,3.2249600887298584,3.2289440631866455,True,1980 1965 1965 1800 1965 1845 1935 1845 1965 1920 1965 1905 1725 1935 1845,False,3725.122836206298,"measured on this device: NVIDIA GH200 480GB (measured), 3725.1 GB/s (triad pattern)",13.0,580.105.08,True,1,f49a2133c942c20c3b1b72e002b03af1ccd216a3,NVIDIA GH200 480GB,192-222-57-200,"scripts/clock_elasticity.py: bursts of N back-to-back fused_experts calls under one pinned tile, each call L2-flushed and bracketed by its own pre-primed event pair, the FIRST call of every burst discarded as a drained-queue launch, a host-side idle gap after each burst setting the sustained duty cycle, and the SM clock, board power and memory clock read through NVML with the burst still in flight; NOT timing.TIMING_BASIS | duty 0.25 | each idle gap sized from its own burst (gap_basis burst)",,iters=supplied as None; sglang=package not installed,1,3.12.14,177.93141728460498,"measured on this device: NVIDIA GH200 480GB (measured), 662.8 TFLOP/s bf16 over 3725.1 GB/s (triad pattern); calibrated 2026-09-25 at f49a2133",,200.0,2.13.0,3.7.1,2026-09-25T07:38:13+00:00,0.27.1,300.0
private,5,32,5,160,640,5,72,4.074624061584473,4.066336154937744,0.005422765207166678,45,3,532.3629760742188,"scripts/clock_elasticity.py: bursts of N back-to-back fused_experts calls under one pinned tile, each call L2-flushed and bracketed by its own pre-primed event pair, the FIRST call of every burst discarded as a drained-queue launch, a host-side idle gap after each burst setting the sustained duty cycle, and the SM clock, board power and memory clock read through NVML with the burst still in flight; NOT timing.TIMING_BASIS",1935.0,False,high,True,True,ok,"LEVEL HIGH (recorded, never an exclusion here): loaded clock 1935 MHz against the 1455 MHz reference. At a duty cycle below 1.0 a HIGH reading is the experiment working, not a cell to drop.",0.25,293.129,0.24989982627141136,10,121.8746925876985,burst,4.076272010803223,4.075711965560913,True,1935 1935 1920 1935 1965 1890 1950 1965 1920 1950 1965 1935 1965 1935 1920,False,3725.122836206298,"measured on this device: NVIDIA GH200 480GB (measured), 3725.1 GB/s (triad pattern)",13.0,580.105.08,True,1,f49a2133c942c20c3b1b72e002b03af1ccd216a3,NVIDIA GH200 480GB,192-222-57-200,"scripts/clock_elasticity.py: bursts of N back-to-back fused_experts calls under one pinned tile, each call L2-flushed and bracketed by its own pre-primed event pair, the FIRST call of every burst discarded as a drained-queue launch, a host-side idle gap after each burst setting the sustained duty cycle, and the SM clock, board power and memory clock read through NVML with the burst still in flight; NOT timing.TIMING_BASIS | duty 0.25 | each idle gap sized from its own burst (gap_basis burst)",,iters=supplied as None; sglang=package not installed,1,3.12.14,177.93141728460498,"measured on this device: NVIDIA GH200 480GB (measured), 662.8 TFLOP/s bf16 over 3725.1 GB/s (triad pattern); calibrated 2026-09-25 at f49a2133",,200.0,2.13.0,3.7.1,2026-09-25T07:38:13+00:00,0.27.1,300.0
native,5,32,5,160,640,1,8,2.686431884765625,2.6709439754486084,0.05046217530126928,55,3,330.3112952709198,"scripts/clock_elasticity.py: bursts of N back-to-back fused_experts calls under one pinned tile, each call L2-flushed and bracketed by its own pre-primed event pair, the FIRST call of every burst discarded as a drained-queue launch, a host-side idle gap after each burst setting the sustained duty cycle, and the SM clock, board power and memory clock read through NVML with the burst still in flight; NOT timing.TIMING_BASIS",1920.0,False,high,True,True,ok,"LEVEL HIGH (recorded, never an exclusion here): loaded clock 1920 MHz against the 1455 MHz reference. At a duty cycle below 1.0 a HIGH reading is the experiment working, not a cell to drop.",0.25,320.676,0.24987491530249,12,96.320173203545,burst,2.6902400255203247,2.7143360376358032,True,1830 1800 1935 1950 1965 1965 1905 1905 1965 1935 1860 1965 1920 1905 1800,False,3725.122836206298,"measured on this device: NVIDIA GH200 480GB (measured), 3725.1 GB/s (triad pattern)",13.0,580.105.08,True,1,f49a2133c942c20c3b1b72e002b03af1ccd216a3,NVIDIA GH200 480GB,192-222-57-200,"scripts/clock_elasticity.py: bursts of N back-to-back fused_experts calls under one pinned tile, each call L2-flushed and bracketed by its own pre-primed event pair, the FIRST call of every burst discarded as a drained-queue launch, a host-side idle gap after each burst setting the sustained duty cycle, and the SM clock, board power and memory clock read through NVML with the burst still in flight; NOT timing.TIMING_BASIS | duty 0.25 | each idle gap sized from its own burst (gap_basis burst)",,iters=supplied as None; sglang=package not installed,1,3.12.14,177.93141728460498,"measured on this device: NVIDIA GH200 480GB (measured), 662.8 TFLOP/s bf16 over 3725.1 GB/s (triad pattern); calibrated 2026-09-25 at f49a2133",,200.0,2.13.0,3.7.1,2026-09-25T07:38:13+00:00,0.27.1,300.0
shared,5,32,5,160,640,1,72,2.69596791267395,2.6803200244903564,0.008898609617551881,60,3,890.7250542640686,"scripts/clock_elasticity.py: bursts of N back-to-back fused_experts calls under one pinned tile, each call L2-flushed and bracketed by its own pre-primed event pair, the FIRST call of every burst discarded as a drained-queue launch, a host-side idle gap after each burst setting the sustained duty cycle, and the SM clock, board power and memory clock read through NVML with the burst still in flight; NOT timing.TIMING_BASIS",1935.0,False,high,False,True,ok,"LEVEL HIGH (recorded, never an exclusion here): loaded clock 1935 MHz against the 1455 MHz reference. At a duty cycle below 1.0 a HIGH reading is the experiment working, not a cell to drop.; DRIFT failed, dropping: 1965 -> 1845 MHz over 15 bursts; this cell is EXCLUDED",0.25,313.448,0.24987951459835567,13,104.57696810326524,burst,2.700608015060425,2.6952641010284424,True,1965 1920 1890 1935 1935 1965 1950 1920 1965 1920 1950 1965 1710 1935 1845,False,3725.122836206298,"measured on this device: NVIDIA GH200 480GB (measured), 3725.1 GB/s (triad pattern)",13.0,580.105.08,True,1,f49a2133c942c20c3b1b72e002b03af1ccd216a3,NVIDIA GH200 480GB,192-222-57-200,"scripts/clock_elasticity.py: bursts of N back-to-back fused_experts calls under one pinned tile, each call L2-flushed and bracketed by its own pre-primed event pair, the FIRST call of every burst discarded as a drained-queue launch, a host-side idle gap after each burst setting the sustained duty cycle, and the SM clock, board power and memory clock read through NVML with the burst still in flight; NOT timing.TIMING_BASIS | duty 0.25 | each idle gap sized from its own burst (gap_basis burst)",,iters=supplied as None; sglang=package not installed,1,3.12.14,177.93141728460498,"measured on this device: NVIDIA GH200 480GB (measured), 662.8 TFLOP/s bf16 over 3725.1 GB/s (triad pattern); calibrated 2026-09-25 at f49a2133",,200.0,2.13.0,3.7.1,2026-09-25T07:38:13+00:00,0.27.1,300.0
private,5,32,4,128,512,4,72,3.259711980819702,3.2523839473724365,0.004166113943793562,55,3,393.4938876628876,"scripts/clock_elasticity.py: bursts of N back-to-back fused_experts calls under one pinned tile, each call L2-flushed and bracketed by its own pre-primed event pair, the FIRST call of every burst discarded as a drained-queue launch, a host-side idle gap after each burst setting the sustained duty cycle, and the SM clock, board power and memory clock read through NVML with the burst still in flight; NOT timing.TIMING_BASIS",1965.0,False,high,True,True,ok,"LEVEL HIGH (recorded, never an exclusion here): loaded clock 1965 MHz against the 1455 MHz reference. At a duty cycle below 1.0 a HIGH reading is the experiment working, not a cell to drop.",0.25,292.494,0.24989327807201964,12,116.78809404254933,burst,3.259600043296814,3.2603200674057007,True,1965 1935 1965 1965 1965 1920 1950 1965 1965 1965 1890 1950 1875 1965 1965,False,3725.122836206298,"measured on this device: NVIDIA GH200 480GB (measured), 3725.1 GB/s (triad pattern)",13.0,580.105.08,True,1,f49a2133c942c20c3b1b72e002b03af1ccd216a3,NVIDIA GH200 480GB,192-222-57-200,"scripts/clock_elasticity.py: bursts of N back-to-back fused_experts calls under one pinned tile, each call L2-flushed and bracketed by its own pre-primed event pair, the FIRST call of every burst discarded as a drained-queue launch, a host-side idle gap after each burst setting the sustained duty cycle, and the SM clock, board power and memory clock read through NVML with the burst still in flight; NOT timing.TIMING_BASIS | duty 0.25 | each idle gap sized from its own burst (gap_basis burst)",,iters=supplied as None; sglang=package not installed,1,3.12.14,177.93141728460498,"measured on this device: NVIDIA GH200 480GB (measured), 662.8 TFLOP/s bf16 over 3725.1 GB/s (triad pattern); calibrated 2026-09-25 at f49a2133",,200.0,2.13.0,3.7.1,2026-09-25T07:38:13+00:00,0.27.1,300.0
native,5,32,4,128,512,1,8,2.1486880779266357,2.1392641067504883,0.03360286480030839,80,3,408.3496642112732,"scripts/clock_elasticity.py: bursts of N back-to-back fused_experts calls under one pinned tile, each call L2-flushed and bracketed by its own pre-primed event pair, the FIRST call of every burst discarded as a drained-queue launch, a host-side idle gap after each burst setting the sustained duty cycle, and the SM clock, board power and memory clock read through NVML with the burst still in flight; NOT timing.TIMING_BASIS",1950.0,False,high,True,True,ok,"LEVEL HIGH (recorded, never an exclusion here): loaded clock 1950 MHz against the 1455 MHz reference. At a duty cycle below 1.0 a HIGH reading is the experiment working, not a cell to drop.",0.25,307.604,0.24988646967564399,17,109.29419838259491,burst,2.1486719846725464,2.1630879640579224,True,1950 1905 1965 1890 1965 1890 1965 1950 1965 1950 1965 1935 1860 1935 1860,False,3725.122836206298,"measured on this device: NVIDIA GH200 480GB (measured), 3725.1 GB/s (triad pattern)",13.0,580.105.08,True,1,f49a2133c942c20c3b1b72e002b03af1ccd216a3,NVIDIA GH200 480GB,192-222-57-200,"scripts/clock_elasticity.py: bursts of N back-to-back fused_experts calls under one pinned tile, each call L2-flushed and bracketed by its own pre-primed event pair, the FIRST call of every burst discarded as a drained-queue launch, a host-side idle gap after each burst setting the sustained duty cycle, and the SM clock, board power and memory clock read through NVML with the burst still in flight; NOT timing.TIMING_BASIS | duty 0.25 | each idle gap sized from its own burst (gap_basis burst)",,iters=supplied as None; sglang=package not installed,1,3.12.14,177.93141728460498,"measured on this device: NVIDIA GH200 480GB (measured), 662.8 TFLOP/s bf16 over 3725.1 GB/s (triad pattern); calibrated 2026-09-25 at f49a2133",,200.0,2.13.0,3.7.1,2026-09-25T07:38:13+00:00,0.27.1,300.0
shared,5,32,4,128,512,1,72,2.1610080003738403,2.1507198810577393,0.02964965524164263,80,3,745.0020475387573,"scripts/clock_elasticity.py: bursts of N back-to-back fused_experts calls under one pinned tile, each call L2-flushed and bracketed by its own pre-primed event pair, the FIRST call of every burst discarded as a drained-queue launch, a host-side idle gap after each burst setting the sustained duty cycle, and the SM clock, board power and memory clock read through NVML with the burst still in flight; NOT timing.TIMING_BASIS",1950.0,False,high,True,True,ok,"LEVEL HIGH (recorded, never an exclusion here): loaded clock 1950 MHz against the 1455 MHz reference. At a duty cycle below 1.0 a HIGH reading is the experiment working, not a cell to drop.",0.25,306.219,0.24989293753536848,17,110.09541007425285,burst,2.1629120111465454,2.1839519739151,True,1950 1935 1950 1920 1950 1905 1965 1890 1965 1890 1965 1935 1965 1950 1965,False,3725.122836206298,"measured on this device: NVIDIA GH200 480GB (measured), 3725.1 GB/s (triad pattern)",13.0,580.105.08,True,1,f49a2133c942c20c3b1b72e002b03af1ccd216a3,NVIDIA GH200 480GB,192-222-57-200,"scripts/clock_elasticity.py: bursts of N back-to-back fused_experts calls under one pinned tile, each call L2-flushed and bracketed by its own pre-primed event pair, the FIRST call of every burst discarded as a drained-queue launch, a host-side idle gap after each burst setting the sustained duty cycle, and the SM clock, board power and memory clock read through NVML with the burst still in flight; NOT timing.TIMING_BASIS | duty 0.25 | each idle gap sized from its own burst (gap_basis burst)",,iters=supplied as None; sglang=package not installed,1,3.12.14,177.93141728460498,"measured on this device: NVIDIA GH200 480GB (measured), 662.8 TFLOP/s bf16 over 3725.1 GB/s (triad pattern); calibrated 2026-09-25 at f49a2133",,200.0,2.13.0,3.7.1,2026-09-25T07:38:13+00:00,0.27.1,300.0
private,5,32,3,96,384,3,72,2.450079917907715,2.4406399726867676,0.004699064722442957,75,3,315.4231684207916,"scripts/clock_elasticity.py: bursts of N back-to-back fused_experts calls under one pinned tile, each call L2-flushed and bracketed by its own pre-primed event pair, the FIRST call of every burst discarded as a drained-queue launch, a host-side idle gap after each burst setting the sustained duty cycle, and the SM clock, board power and memory clock read through NVML with the burst still in flight; NOT timing.TIMING_BASIS",1965.0,False,high,True,True,ok,"LEVEL HIGH (recorded, never an exclusion here): loaded clock 1965 MHz against the 1455 MHz reference. At a duty cycle below 1.0 a HIGH reading is the experiment working, not a cell to drop.",0.25,292.425,0.2498954502784674,16,116.71877754043089,burst,2.4495038986206055,2.4505279064178467,True,1965 1920 1950 1965 1920 1965 1935 1965 1920 1950 1965 1965 1965 1875 1965,False,3725.122836206298,"measured on this device: NVIDIA GH200 480GB (measured), 3725.1 GB/s (triad pattern)",13.0,580.105.08,True,1,f49a2133c942c20c3b1b72e002b03af1ccd216a3,NVIDIA GH200 480GB,192-222-57-200,"scripts/clock_elasticity.py: bursts of N back-to-back fused_experts calls under one pinned tile, each call L2-flushed and bracketed by its own pre-primed event pair, the FIRST call of every burst discarded as a drained-queue launch, a host-side idle gap after each burst setting the sustained duty cycle, and the SM clock, board power and memory clock read through NVML with the burst still in flight; NOT timing.TIMING_BASIS | duty 0.25 | each idle gap sized from its own burst (gap_basis burst)",,iters=supplied as None; sglang=package not installed,1,3.12.14,177.93141728460498,"measured on this device: NVIDIA GH200 480GB (measured), 662.8 TFLOP/s bf16 over 3725.1 GB/s (triad pattern); calibrated 2026-09-25 at f49a2133",,200.0,2.13.0,3.7.1,2026-09-25T07:38:13+00:00,0.27.1,300.0
native,5,32,3,96,384,1,8,1.6659519672393799,1.6505279541015625,0.03827116335496679,95,3,441.93865621089935,"scripts/clock_elasticity.py: bursts of N back-to-back fused_experts calls under one pinned tile, each call L2-flushed and bracketed by its own pre-primed event pair, the FIRST call of every burst discarded as a drained-queue launch, a host-side idle gap after each burst setting the sustained duty cycle, and the SM clock, board power and memory clock read through NVML with the burst still in flight; NOT timing.TIMING_BASIS",1935.0,False,high,True,True,ok,"LEVEL HIGH (recorded, never an exclusion here): loaded clock 1935 MHz against the 1455 MHz reference. At a duty cycle below 1.0 a HIGH reading is the experiment working, not a cell to drop.",0.25,323.154,0.2498747925340912,20,98.958714557637,burst,1.6677119731903076,1.6656160354614258,True,1830 1965 1935 1710 1965 1935 1860 1965 1890 1875 1965 1950 1695 1965 1920,False,3725.122836206298,"measured on this device: NVIDIA GH200 480GB (measured), 3725.1 GB/s (triad pattern)",13.0,580.105.08,True,1,f49a2133c942c20c3b1b72e002b03af1ccd216a3,NVIDIA GH200 480GB,192-222-57-200,"scripts/clock_elasticity.py: bursts of N back-to-back fused_experts calls under one pinned tile, each call L2-flushed and bracketed by its own pre-primed event pair, the FIRST call of every burst discarded as a drained-queue launch, a host-side idle gap after each burst setting the sustained duty cycle, and the SM clock, board power and memory clock read through NVML with the burst still in flight; NOT timing.TIMING_BASIS | duty 0.25 | each idle gap sized from its own burst (gap_basis burst)",,iters=supplied as None; sglang=package not installed,1,3.12.14,177.93141728460498,"measured on this device: NVIDIA GH200 480GB (measured), 662.8 TFLOP/s bf16 over 3725.1 GB/s (triad pattern); calibrated 2026-09-25 at f49a2133",,200.0,2.13.0,3.7.1,2026-09-25T07:38:13+00:00,0.27.1,300.0
shared,5,32,3,96,384,1,72,1.6550400257110596,1.6407359838485718,0.015558255976705565,95,3,376.5494397878647,"scripts/clock_elasticity.py: bursts of N back-to-back fused_experts calls under one pinned tile, each call L2-flushed and bracketed by its own pre-primed event pair, the FIRST call of every burst discarded as a drained-queue launch, a host-side idle gap after each burst setting the sustained duty cycle, and the SM clock, board power and memory clock read through NVML with the burst still in flight; NOT timing.TIMING_BASIS",1905.0,False,high,False,True,ok,"LEVEL HIGH (recorded, never an exclusion here): loaded clock 1905 MHz against the 1455 MHz reference. At a duty cycle below 1.0 a HIGH reading is the experiment working, not a cell to drop.; DRIFT failed, dropping: 1965 -> 1815 MHz over 15 bursts; this cell is EXCLUDED",0.25,326.16,0.2498781387313875,20,98.22278272361653,burst,1.657632052898407,1.653328001499176,True,1965 1905 1815 1920 1950 1830 1905 1950 1815 1965 1905 1815 1950 1935 1815,False,3725.122836206298,"measured on this device: NVIDIA GH200 480GB (measured), 3725.1 GB/s (triad pattern)",13.0,580.105.08,True,1,f49a2133c942c20c3b1b72e002b03af1ccd216a3,NVIDIA GH200 480GB,192-222-57-200,"scripts/clock_elasticity.py: bursts of N back-to-back fused_experts calls under one pinned tile, each call L2-flushed and bracketed by its own pre-primed event pair, the FIRST call of every burst discarded as a drained-queue launch, a host-side idle gap after each burst setting the sustained duty cycle, and the SM clock, board power and memory clock read through NVML with the burst still in flight; NOT timing.TIMING_BASIS | duty 0.25 | each idle gap sized from its own burst (gap_basis burst)",,iters=supplied as None; sglang=package not installed,1,3.12.14,177.93141728460498,"measured on this device: NVIDIA GH200 480GB (measured), 662.8 TFLOP/s bf16 over 3725.1 GB/s (triad pattern); calibrated 2026-09-25 at f49a2133",,200.0,2.13.0,3.7.1,2026-09-25T07:38:13+00:00,0.27.1,300.0
private,5,32,2,64,256,2,72,1.6407040357589722,1.6320639848709106,0.004400634321651834,115,3,316.8749442100525,"scripts/clock_elasticity.py: bursts of N back-to-back fused_experts calls under one pinned tile, each call L2-flushed and bracketed by its own pre-primed event pair, the FIRST call of every burst discarded as a drained-queue launch, a host-side idle gap after each burst setting the sustained duty cycle, and the SM clock, board power and memory clock read through NVML with the burst still in flight; NOT timing.TIMING_BASIS",1950.0,False,high,True,True,ok,"LEVEL HIGH (recorded, never an exclusion here): loaded clock 1950 MHz against the 1455 MHz reference. At a duty cycle below 1.0 a HIGH reading is the experiment working, not a cell to drop.",0.25,292.334,0.24989416111923846,24,116.68475227534508,burst,1.6408319473266602,1.6398719549179077,True,1950 1965 1890 1950 1965 1965 1965 1950 1950 1890 1965 1860 1935 1965 1905,False,3725.122836206298,"measured on this device: NVIDIA GH200 480GB (measured), 3725.1 GB/s (triad pattern)",13.0,580.105.08,True,1,f49a2133c942c20c3b1b72e002b03af1ccd216a3,NVIDIA GH200 480GB,192-222-57-200,"scripts/clock_elasticity.py: bursts of N back-to-back fused_experts calls under one pinned tile, each call L2-flushed and bracketed by its own pre-primed event pair, the FIRST call of every burst discarded as a drained-queue launch, a host-side idle gap after each burst setting the sustained duty cycle, and the SM clock, board power and memory clock read through NVML with the burst still in flight; NOT timing.TIMING_BASIS | duty 0.25 | each idle gap sized from its own burst (gap_basis burst)",,iters=supplied as None; sglang=package not installed,1,3.12.14,177.93141728460498,"measured on this device: NVIDIA GH200 480GB (measured), 662.8 TFLOP/s bf16 over 3725.1 GB/s (triad pattern); calibrated 2026-09-25 at f49a2133",,200.0,2.13.0,3.7.1,2026-09-25T07:38:13+00:00,0.27.1,300.0
native,5,32,2,64,256,1,8,1.128640055656433,1.1166720390319824,0.024943854248160143,145,3,483.26636826992035,"scripts/clock_elasticity.py: bursts of N back-to-back fused_experts calls under one pinned tile, each call L2-flushed and bracketed by its own pre-primed event pair, the FIRST call of every burst discarded as a drained-queue launch, a host-side idle gap after each burst setting the sustained duty cycle, and the SM clock, board power and memory clock read through NVML with the burst still in flight; NOT timing.TIMING_BASIS",1935.0,False,high,True,True,ok,"LEVEL HIGH (recorded, never an exclusion here): loaded clock 1935 MHz against the 1455 MHz reference. At a duty cycle below 1.0 a HIGH reading is the experiment working, not a cell to drop.",0.25,313.076,0.24987438377855636,30,99.84234858378113,burst,1.1305919885635376,1.1279679536819458,True,1890 1950 1920 1965 1950 1935 1815 1950 1860 1965 1890 1860 1965 1935 1800,False,3725.122836206298,"measured on this device: NVIDIA GH200 480GB (measured), 3725.1 GB/s (triad pattern)",13.0,580.105.08,True,1,f49a2133c942c20c3b1b72e002b03af1ccd216a3,NVIDIA GH200 480GB,192-222-57-200,"scripts/clock_elasticity.py: bursts of N back-to-back fused_experts calls under one pinned tile, each call L2-flushed and bracketed by its own pre-primed event pair, the FIRST call of every burst discarded as a drained-queue launch, a host-side idle gap after each burst setting the sustained duty cycle, and the SM clock, board power and memory clock read through NVML with the burst still in flight; NOT timing.TIMING_BASIS | duty 0.25 | each idle gap sized from its own burst (gap_basis burst)",,iters=supplied as None; sglang=package not installed,1,3.12.14,177.93141728460498,"measured on this device: NVIDIA GH200 480GB (measured), 662.8 TFLOP/s bf16 over 3725.1 GB/s (triad pattern); calibrated 2026-09-25 at f49a2133",,200.0,2.13.0,3.7.1,2026-09-25T07:38:13+00:00,0.27.1,300.0
shared,5,32,2,64,256,1,72,1.1263680458068848,1.1137919425964355,0.019271387523868123,145,3,313.2451846599579,"scripts/clock_elasticity.py: bursts of N back-to-back fused_experts calls under one pinned tile, each call L2-flushed and bracketed by its own pre-primed event pair, the FIRST call of every burst discarded as a drained-queue launch, a host-side idle gap after each burst setting the sustained duty cycle, and the SM clock, board power and memory clock read through NVML with the burst still in flight; NOT timing.TIMING_BASIS",1905.0,False,high,True,True,ok,"LEVEL HIGH (recorded, never an exclusion here): loaded clock 1905 MHz against the 1455 MHz reference. At a duty cycle below 1.0 a HIGH reading is the experiment working, not a cell to drop.",0.25,308.439,0.24988016724402828,30,99.75901921216426,burst,1.1290559768676758,1.1263680458068848,True,1965 1935 1845 1860 1950 1845 1965 1905 1875 1965 1905 1725 1935 1890 1875,False,3725.122836206298,"measured on this device: NVIDIA GH200 480GB (measured), 3725.1 GB/s (triad pattern)",13.0,580.105.08,True,1,f49a2133c942c20c3b1b72e002b03af1ccd216a3,NVIDIA GH200 480GB,192-222-57-200,"scripts/clock_elasticity.py: bursts of N back-to-back fused_experts calls under one pinned tile, each call L2-flushed and bracketed by its own pre-primed event pair, the FIRST call of every burst discarded as a drained-queue launch, a host-side idle gap after each burst setting the sustained duty cycle, and the SM clock, board power and memory clock read through NVML with the burst still in flight; NOT timing.TIMING_BASIS | duty 0.25 | each idle gap sized from its own burst (gap_basis burst)",,iters=supplied as None; sglang=package not installed,1,3.12.14,177.93141728460498,"measured on this device: NVIDIA GH200 480GB (measured), 662.8 TFLOP/s bf16 over 3725.1 GB/s (triad pattern); calibrated 2026-09-25 at f49a2133",,200.0,2.13.0,3.7.1,2026-09-25T07:38:13+00:00,0.27.1,300.0
private,5,32,1,32,128,1,72,0.8467359840869904,0.8380159735679626,0.0024593950973272336,230,3,320.1808317899704,"scripts/clock_elasticity.py: bursts of N back-to-back fused_experts calls under one pinned tile, each call L2-flushed and bracketed by its own pre-primed event pair, the FIRST call of every burst discarded as a drained-queue launch, a host-side idle gap after each burst setting the sustained duty cycle, and the SM clock, board power and memory clock read through NVML with the burst still in flight; NOT timing.TIMING_BASIS",1965.0,False,high,True,True,ok,"LEVEL HIGH (recorded, never an exclusion here): loaded clock 1965 MHz against the 1455 MHz reference. At a duty cycle below 1.0 a HIGH reading is the experiment working, not a cell to drop.",0.25,294.078,0.24990308271728973,47,116.08469366064675,burst,0.8467839956283569,0.8467199802398682,True,1965 1965 1965 1965 1965 1965 1965 1965 1980 1965 1980 1965 1965 1965 1980,False,3725.122836206298,"measured on this device: NVIDIA GH200 480GB (measured), 3725.1 GB/s (triad pattern)",13.0,580.105.08,True,1,f49a2133c942c20c3b1b72e002b03af1ccd216a3,NVIDIA GH200 480GB,192-222-57-200,"scripts/clock_elasticity.py: bursts of N back-to-back fused_experts calls under one pinned tile, each call L2-flushed and bracketed by its own pre-primed event pair, the FIRST call of every burst discarded as a drained-queue launch, a host-side idle gap after each burst setting the sustained duty cycle, and the SM clock, board power and memory clock read through NVML with the burst still in flight; NOT timing.TIMING_BASIS | duty 0.25 | each idle gap sized from its own burst (gap_basis burst)",,iters=supplied as None; sglang=package not installed,1,3.12.14,177.93141728460498,"measured on this device: NVIDIA GH200 480GB (measured), 662.8 TFLOP/s bf16 over 3725.1 GB/s (triad pattern); calibrated 2026-09-25 at f49a2133",,200.0,2.13.0,3.7.1,2026-09-25T07:38:13+00:00,0.27.1,300.0
native,5,32,1,32,128,1,8,0.8491999804973602,0.8390719890594482,0.002439208133369793,230,3,320.8311043381691,"scripts/clock_elasticity.py: bursts of N back-to-back fused_experts calls under one pinned tile, each call L2-flushed and bracketed by its own pre-primed event pair, the FIRST call of every burst discarded as a drained-queue launch, a host-side idle gap after each burst setting the sustained duty cycle, and the SM clock, board power and memory clock read through NVML with the burst still in flight; NOT timing.TIMING_BASIS",1965.0,False,high,True,True,ok,"LEVEL HIGH (recorded, never an exclusion here): loaded clock 1965 MHz against the 1455 MHz reference. At a duty cycle below 1.0 a HIGH reading is the experiment working, not a cell to drop.",0.25,287.133,0.2498968408293871,47,116.37672410107552,burst,0.8487039804458618,0.8490880131721497,True,1965 1965 1965 1965 1965 1965 1965 1965 1950 1965 1935 1965 1965 1950 1965,False,3725.122836206298,"measured on this device: NVIDIA GH200 480GB (measured), 3725.1 GB/s (triad pattern)",13.0,580.105.08,True,1,f49a2133c942c20c3b1b72e002b03af1ccd216a3,NVIDIA GH200 480GB,192-222-57-200,"scripts/clock_elasticity.py: bursts of N back-to-back fused_experts calls under one pinned tile, each call L2-flushed and bracketed by its own pre-primed event pair, the FIRST call of every burst discarded as a drained-queue launch, a host-side idle gap after each burst setting the sustained duty cycle, and the SM clock, board power and memory clock read through NVML with the burst still in flight; NOT timing.TIMING_BASIS | duty 0.25 | each idle gap sized from its own burst (gap_basis burst)",,iters=supplied as None; sglang=package not installed,1,3.12.14,177.93141728460498,"measured on this device: NVIDIA GH200 480GB (measured), 662.8 TFLOP/s bf16 over 3725.1 GB/s (triad pattern); calibrated 2026-09-25 at f49a2133",,200.0,2.13.0,3.7.1,2026-09-25T07:38:13+00:00,0.27.1,300.0
shared,5,32,1,32,128,1,72,0.8469439744949341,0.8402559757232666,0.0024689491060433935,230,3,320.0595519542694,"scripts/clock_elasticity.py: bursts of N back-to-back fused_experts calls under one pinned tile, each call L2-flushed and bracketed by its own pre-primed event pair, the FIRST call of every burst discarded as a drained-queue launch, a host-side idle gap after each burst setting the sustained duty cycle, and the SM clock, board power and memory clock read through NVML with the burst still in flight; NOT timing.TIMING_BASIS",1965.0,False,high,True,True,ok,"LEVEL HIGH (recorded, never an exclusion here): loaded clock 1965 MHz against the 1455 MHz reference. At a duty cycle below 1.0 a HIGH reading is the experiment working, not a cell to drop.",0.25,287.324,0.2498955740065325,47,116.09842065419798,burst,0.8468800187110901,0.846560001373291,True,1950 1965 1965 1965 1965 1965 1965 1920 1935 1965 1950 1965 1965 1950 1965,False,3725.122836206298,"measured on this device: NVIDIA GH200 480GB (measured), 3725.1 GB/s (triad pattern)",13.0,580.105.08,True,1,f49a2133c942c20c3b1b72e002b03af1ccd216a3,NVIDIA GH200 480GB,192-222-57-200,"scripts/clock_elasticity.py: bursts of N back-to-back fused_experts calls under one pinned tile, each call L2-flushed and bracketed by its own pre-primed event pair, the FIRST call of every burst discarded as a drained-queue launch, a host-side idle gap after each burst setting the sustained duty cycle, and the SM clock, board power and memory clock read through NVML with the burst still in flight; NOT timing.TIMING_BASIS | duty 0.25 | each idle gap sized from its own burst (gap_basis burst)",,iters=supplied as None; sglang=package not installed,1,3.12.14,177.93141728460498,"measured on this device: NVIDIA GH200 480GB (measured), 662.8 TFLOP/s bf16 over 3725.1 GB/s (triad pattern); calibrated 2026-09-25 at f49a2133",,200.0,2.13.0,3.7.1,2026-09-25T07:38:13+00:00,0.27.1,300.0
native,6,32,1,32,128,1,8,0.8491680026054382,0.8408960103988647,0.0023759095174366906,230,3,400.79763185977936,"scripts/clock_elasticity.py: bursts of N back-to-back fused_experts calls under one pinned tile, each call L2-flushed and bracketed by its own pre-primed event pair, the FIRST call of every burst discarded as a drained-queue launch, a host-side idle gap after each burst setting the sustained duty cycle, and the SM clock, board power and memory clock read through NVML with the burst still in flight; NOT timing.TIMING_BASIS",1965.0,False,high,True,True,ok,"LEVEL HIGH (recorded, never an exclusion here): loaded clock 1965 MHz against the 1455 MHz reference. At a duty cycle below 1.0 a HIGH reading is the experiment working, not a cell to drop.",0.25,283.151,0.24989567029549775,47,116.4065799730124,burst,0.8491520285606384,0.8494719862937927,True,1935 1965 1935 1965 1965 1950 1950 1935 1965 1965 1965 1965 1935 1950 1965,False,3725.122836206298,"measured on this device: NVIDIA GH200 480GB (measured), 3725.1 GB/s (triad pattern)",13.0,580.105.08,True,1,f49a2133c942c20c3b1b72e002b03af1ccd216a3,NVIDIA GH200 480GB,192-222-57-200,"scripts/clock_elasticity.py: bursts of N back-to-back fused_experts calls under one pinned tile, each call L2-flushed and bracketed by its own pre-primed event pair, the FIRST call of every burst discarded as a drained-queue launch, a host-side idle gap after each burst setting the sustained duty cycle, and the SM clock, board power and memory clock read through NVML with the burst still in flight; NOT timing.TIMING_BASIS | duty 0.25 | each idle gap sized from its own burst (gap_basis burst)",,iters=supplied as None; sglang=package not installed,1,3.12.14,177.93141728460498,"measured on this device: NVIDIA GH200 480GB (measured), 662.8 TFLOP/s bf16 over 3725.1 GB/s (triad pattern); calibrated 2026-09-25 at f49a2133",,200.0,2.13.0,3.7.1,2026-09-25T07:38:13+00:00,0.27.1,300.0
shared,6,32,1,32,128,1,72,0.8468480110168457,0.8394880294799805,0.0025424781893480333,230,3,400.29759937524796,"scripts/clock_elasticity.py: bursts of N back-to-back fused_experts calls under one pinned tile, each call L2-flushed and bracketed by its own pre-primed event pair, the FIRST call of every burst discarded as a drained-queue launch, a host-side idle gap after each burst setting the sustained duty cycle, and the SM clock, board power and memory clock read through NVML with the burst still in flight; NOT timing.TIMING_BASIS",1965.0,False,high,True,True,ok,"LEVEL HIGH (recorded, never an exclusion here): loaded clock 1965 MHz against the 1455 MHz reference. At a duty cycle below 1.0 a HIGH reading is the experiment working, not a cell to drop.",0.25,287.246,0.24989611271027592,47,116.14581322343656,burst,0.8466240167617798,0.8468800187110901,True,1935 1965 1920 1965 1965 1950 1965 1935 1965 1965 1950 1950 1905 1965 1965,False,3725.122836206298,"measured on this device: NVIDIA GH200 480GB (measured), 3725.1 GB/s (triad pattern)",13.0,580.105.08,True,1,f49a2133c942c20c3b1b72e002b03af1ccd216a3,NVIDIA GH200 480GB,192-222-57-200,"scripts/clock_elasticity.py: bursts of N back-to-back fused_experts calls under one pinned tile, each call L2-flushed and bracketed by its own pre-primed event pair, the FIRST call of every burst discarded as a drained-queue launch, a host-side idle gap after each burst setting the sustained duty cycle, and the SM clock, board power and memory clock read through NVML with the burst still in flight; NOT timing.TIMING_BASIS | duty 0.25 | each idle gap sized from its own burst (gap_basis burst)",,iters=supplied as None; sglang=package not installed,1,3.12.14,177.93141728460498,"measured on this device: NVIDIA GH200 480GB (measured), 662.8 TFLOP/s bf16 over 3725.1 GB/s (triad pattern); calibrated 2026-09-25 at f49a2133",,200.0,2.13.0,3.7.1,2026-09-25T07:38:13+00:00,0.27.1,300.0
private,6,32,1,32,128,1,72,0.8466879725456238,0.8405759930610657,0.002538622277705898,230,3,400.02288007736206,"scripts/clock_elasticity.py: bursts of N back-to-back fused_experts calls under one pinned tile, each call L2-flushed and bracketed by its own pre-primed event pair, the FIRST call of every burst discarded as a drained-queue launch, a host-side idle gap after each burst setting the sustained duty cycle, and the SM clock, board power and memory clock read through NVML with the burst still in flight; NOT timing.TIMING_BASIS",1965.0,False,high,True,True,ok,"LEVEL HIGH (recorded, never an exclusion here): loaded clock 1965 MHz against the 1455 MHz reference. At a duty cycle below 1.0 a HIGH reading is the experiment working, not a cell to drop.",0.25,285.149,0.2498966438640517,47,116.14478825263721,burst,0.8465279936790466,0.8464639782905579,True,1950 1965 1920 1965 1965 1950 1965 1920 1965 1965 1935 1965 1905 1965 1965,False,3725.122836206298,"measured on this device: NVIDIA GH200 480GB (measured), 3725.1 GB/s (triad pattern)",13.0,580.105.08,True,1,f49a2133c942c20c3b1b72e002b03af1ccd216a3,NVIDIA GH200 480GB,192-222-57-200,"scripts/clock_elasticity.py: bursts of N back-to-back fused_experts calls under one pinned tile, each call L2-flushed and bracketed by its own pre-primed event pair, the FIRST call of every burst discarded as a drained-queue launch, a host-side idle gap after each burst setting the sustained duty cycle, and the SM clock, board power and memory clock read through NVML with the burst still in flight; NOT timing.TIMING_BASIS | duty 0.25 | each idle gap sized from its own burst (gap_basis burst)",,iters=supplied as None; sglang=package not installed,1,3.12.14,177.93141728460498,"measured on this device: NVIDIA GH200 480GB (measured), 662.8 TFLOP/s bf16 over 3725.1 GB/s (triad pattern); calibrated 2026-09-25 at f49a2133",,200.0,2.13.0,3.7.1,2026-09-25T07:38:13+00:00,0.27.1,300.0
native,6,32,2,64,256,1,8,1.1317279934883118,1.1197760105133057,0.01793933217149458,170,3,325.66460847854614,"scripts/clock_elasticity.py: bursts of N back-to-back fused_experts calls under one pinned tile, each call L2-flushed and bracketed by its own pre-primed event pair, the FIRST call of every burst discarded as a drained-queue launch, a host-side idle gap after each burst setting the sustained duty cycle, and the SM clock, board power and memory clock read through NVML with the burst still in flight; NOT timing.TIMING_BASIS",1935.0,False,high,True,True,ok,"LEVEL HIGH (recorded, never an exclusion here): loaded clock 1935 MHz against the 1455 MHz reference. At a duty cycle below 1.0 a HIGH reading is the experiment working, not a cell to drop.",0.25,303.033,0.24989634387375223,35,116.88780998142464,burst,1.1314719915390015,1.140720009803772,True,1905 1890 1830 1935 1965 1965 1950 1830 1905 1965 1905 1950 1965 1935 1965,False,3725.122836206298,"measured on this device: NVIDIA GH200 480GB (measured), 3725.1 GB/s (triad pattern)",13.0,580.105.08,True,1,f49a2133c942c20c3b1b72e002b03af1ccd216a3,NVIDIA GH200 480GB,192-222-57-200,"scripts/clock_elasticity.py: bursts of N back-to-back fused_experts calls under one pinned tile, each call L2-flushed and bracketed by its own pre-primed event pair, the FIRST call of every burst discarded as a drained-queue launch, a host-side idle gap after each burst setting the sustained duty cycle, and the SM clock, board power and memory clock read through NVML with the burst still in flight; NOT timing.TIMING_BASIS | duty 0.25 | each idle gap sized from its own burst (gap_basis burst)",,iters=supplied as None; sglang=package not installed,1,3.12.14,177.93141728460498,"measured on this device: NVIDIA GH200 480GB (measured), 662.8 TFLOP/s bf16 over 3725.1 GB/s (triad pattern); calibrated 2026-09-25 at f49a2133",,200.0,2.13.0,3.7.1,2026-09-25T07:38:13+00:00,0.27.1,300.0
shared,6,32,2,64,256,1,72,1.1249920129776,1.1145919561386108,0.024191646017893097,145,3,312.4586559534073,"scripts/clock_elasticity.py: bursts of N back-to-back fused_experts calls under one pinned tile, each call L2-flushed and bracketed by its own pre-primed event pair, the FIRST call of every burst discarded as a drained-queue launch, a host-side idle gap after each burst setting the sustained duty cycle, and the SM clock, board power and memory clock read through NVML with the burst still in flight; NOT timing.TIMING_BASIS",1905.0,False,high,True,True,ok,"LEVEL HIGH (recorded, never an exclusion here): loaded clock 1905 MHz against the 1455 MHz reference. At a duty cycle below 1.0 a HIGH reading is the experiment working, not a cell to drop.",0.25,312.371,0.24988378762715976,30,99.6014196636279,burst,1.127135992050171,1.1246720552444458,True,1950 1905 1965 1905 1680 1935 1935 1800 1950 1875 1950 1905 1725 1965 1905,False,3725.122836206298,"measured on this device: NVIDIA GH200 480GB (measured), 3725.1 GB/s (triad pattern)",13.0,580.105.08,True,1,f49a2133c942c20c3b1b72e002b03af1ccd216a3,NVIDIA GH200 480GB,192-222-57-200,"scripts/clock_elasticity.py: bursts of N back-to-back fused_experts calls under one pinned tile, each call L2-flushed and bracketed by its own pre-primed event pair, the FIRST call of every burst discarded as a drained-queue launch, a host-side idle gap after each burst setting the sustained duty cycle, and the SM clock, board power and memory clock read through NVML with the burst still in flight; NOT timing.TIMING_BASIS | duty 0.25 | each idle gap sized from its own burst (gap_basis burst)",,iters=supplied as None; sglang=package not installed,1,3.12.14,177.93141728460498,"measured on this device: NVIDIA GH200 480GB (measured), 662.8 TFLOP/s bf16 over 3725.1 GB/s (triad pattern); calibrated 2026-09-25 at f49a2133",,200.0,2.13.0,3.7.1,2026-09-25T07:38:13+00:00,0.27.1,300.0
private,6,32,2,64,256,2,72,1.641759991645813,1.6307200193405151,0.004241126866148446,115,3,316.89347195625305,"scripts/clock_elasticity.py: bursts of N back-to-back fused_experts calls under one pinned tile, each call L2-flushed and bracketed by its own pre-primed event pair, the FIRST call of every burst discarded as a drained-queue launch, a host-side idle gap after each burst setting the sustained duty cycle, and the SM clock, board power and memory clock read through NVML with the burst still in flight; NOT timing.TIMING_BASIS",1950.0,False,high,True,True,ok,"LEVEL HIGH (recorded, never an exclusion here): loaded clock 1950 MHz against the 1455 MHz reference. At a duty cycle below 1.0 a HIGH reading is the experiment working, not a cell to drop.",0.25,289.503,0.24989328647150952,24,116.70814368833818,burst,1.6413439512252808,1.6416640281677246,True,1905 1965 1950 1965 1905 1950 1965 1905 1965 1890 1965 1905 1965 1965 1950,False,3725.122836206298,"measured on this device: NVIDIA GH200 480GB (measured), 3725.1 GB/s (triad pattern)",13.0,580.105.08,True,1,f49a2133c942c20c3b1b72e002b03af1ccd216a3,NVIDIA GH200 480GB,192-222-57-200,"scripts/clock_elasticity.py: bursts of N back-to-back fused_experts calls under one pinned tile, each call L2-flushed and bracketed by its own pre-primed event pair, the FIRST call of every burst discarded as a drained-queue launch, a host-side idle gap after each burst setting the sustained duty cycle, and the SM clock, board power and memory clock read through NVML with the burst still in flight; NOT timing.TIMING_BASIS | duty 0.25 | each idle gap sized from its own burst (gap_basis burst)",,iters=supplied as None; sglang=package not installed,1,3.12.14,177.93141728460498,"measured on this device: NVIDIA GH200 480GB (measured), 662.8 TFLOP/s bf16 over 3725.1 GB/s (triad pattern); calibrated 2026-09-25 at f49a2133",,200.0,2.13.0,3.7.1,2026-09-25T07:38:13+00:00,0.27.1,300.0
native,6,32,3,96,384,1,8,1.662559986114502,1.6437439918518066,0.027041301009966674,95,3,442.1905287504196,"scripts/clock_elasticity.py: bursts of N back-to-back fused_experts calls under one pinned tile, each call L2-flushed and bracketed by its own pre-primed event pair, the FIRST call of every burst discarded as a drained-queue launch, a host-side idle gap after each burst setting the sustained duty cycle, and the SM clock, board power and memory clock read through NVML with the burst still in flight; NOT timing.TIMING_BASIS",1935.0,False,high,False,True,ok,"LEVEL HIGH (recorded, never an exclusion here): loaded clock 1935 MHz against the 1455 MHz reference. At a duty cycle below 1.0 a HIGH reading is the experiment working, not a cell to drop.; DRIFT failed, dropping: 1950 -> 1695 MHz over 15 bursts; this cell is EXCLUDED",0.25,319.966,0.24987373916581723,20,98.70492452055987,burst,1.6673759818077087,1.6618559956550598,True,1950 1890 1845 1965 1965 1965 1950 1935 1665 1965 1905 1665 1950 1920 1695,False,3725.122836206298,"measured on this device: NVIDIA GH200 480GB (measured), 3725.1 GB/s (triad pattern)",13.0,580.105.08,True,1,f49a2133c942c20c3b1b72e002b03af1ccd216a3,NVIDIA GH200 480GB,192-222-57-200,"scripts/clock_elasticity.py: bursts of N back-to-back fused_experts calls under one pinned tile, each call L2-flushed and bracketed by its own pre-primed event pair, the FIRST call of every burst discarded as a drained-queue launch, a host-side idle gap after each burst setting the sustained duty cycle, and the SM clock, board power and memory clock read through NVML with the burst still in flight; NOT timing.TIMING_BASIS | duty 0.25 | each idle gap sized from its own burst (gap_basis burst)",,iters=supplied as None; sglang=package not installed,1,3.12.14,177.93141728460498,"measured on this device: NVIDIA GH200 480GB (measured), 662.8 TFLOP/s bf16 over 3725.1 GB/s (triad pattern); calibrated 2026-09-25 at f49a2133",,200.0,2.13.0,3.7.1,2026-09-25T07:38:13+00:00,0.27.1,300.0
shared,6,32,3,96,384,1,72,1.6554880142211914,1.6391680240631104,0.04471647854120269,95,3,442.4134078025818,"scripts/clock_elasticity.py: bursts of N back-to-back fused_experts calls under one pinned tile, each call L2-flushed and bracketed by its own pre-primed event pair, the FIRST call of every burst discarded as a drained-queue launch, a host-side idle gap after each burst setting the sustained duty cycle, and the SM clock, board power and memory clock read through NVML with the burst still in flight; NOT timing.TIMING_BASIS",1890.0,False,high,False,True,ok,"LEVEL HIGH (recorded, never an exclusion here): loaded clock 1890 MHz against the 1455 MHz reference. At a duty cycle below 1.0 a HIGH reading is the experiment working, not a cell to drop.; DRIFT failed, dropping: 1980 -> 1860 MHz over 15 bursts; this cell is EXCLUDED",0.25,319.691,0.2498735983991367,20,98.89740455539503,burst,1.665008008480072,1.679103970527649,True,1980 1935 1965 1860 1950 1845 1965 1935 1860 1950 1890 1860 1890 1890 1860,False,3725.122836206298,"measured on this device: NVIDIA GH200 480GB (measured), 3725.1 GB/s (triad pattern)",13.0,580.105.08,True,1,f49a2133c942c20c3b1b72e002b03af1ccd216a3,NVIDIA GH200 480GB,192-222-57-200,"scripts/clock_elasticity.py: bursts of N back-to-back fused_experts calls under one pinned tile, each call L2-flushed and bracketed by its own pre-primed event pair, the FIRST call of every burst discarded as a drained-queue launch, a host-side idle gap after each burst setting the sustained duty cycle, and the SM clock, board power and memory clock read through NVML with the burst still in flight; NOT timing.TIMING_BASIS | duty 0.25 | each idle gap sized from its own burst (gap_basis burst)",,iters=supplied as None; sglang=package not installed,1,3.12.14,177.93141728460498,"measured on this device: NVIDIA GH200 480GB (measured), 662.8 TFLOP/s bf16 over 3725.1 GB/s (triad pattern); calibrated 2026-09-25 at f49a2133",,200.0,2.13.0,3.7.1,2026-09-25T07:38:13+00:00,0.27.1,300.0
private,6,32,3,96,384,3,72,2.4487040042877197,2.4399359226226807,0.004102731310318831,75,3,354.47043323516846,"scripts/clock_elasticity.py: bursts of N back-to-back fused_experts calls under one pinned tile, each call L2-flushed and bracketed by its own pre-primed event pair, the FIRST call of every burst discarded as a drained-queue launch, a host-side idle gap after each burst setting the sustained duty cycle, and the SM clock, board power and memory clock read through NVML with the burst still in flight; NOT timing.TIMING_BASIS",1950.0,False,high,True,True,ok,"LEVEL HIGH (recorded, never an exclusion here): loaded clock 1950 MHz against the 1455 MHz reference. At a duty cycle below 1.0 a HIGH reading is the experiment working, not a cell to drop.",0.25,296.063,0.2498946811935178,16,116.66364176166464,burst,2.4490559101104736,2.449536085128784,True,1965 1920 1950 1965 1875 1965 1920 1965 1875 1965 1815 1920 1965 1875 1965,False,3725.122836206298,"measured on this device: NVIDIA GH200 480GB (measured), 3725.1 GB/s (triad pattern)",13.0,580.105.08,True,1,f49a2133c942c20c3b1b72e002b03af1ccd216a3,NVIDIA GH200 480GB,192-222-57-200,"scripts/clock_elasticity.py: bursts of N back-to-back fused_experts calls under one pinned tile, each call L2-flushed and bracketed by its own pre-primed event pair, the FIRST call of every burst discarded as a drained-queue launch, a host-side idle gap after each burst setting the sustained duty cycle, and the SM clock, board power and memory clock read through NVML with the burst still in flight; NOT timing.TIMING_BASIS | duty 0.25 | each idle gap sized from its own burst (gap_basis burst)",,iters=supplied as None; sglang=package not installed,1,3.12.14,177.93141728460498,"measured on this device: NVIDIA GH200 480GB (measured), 662.8 TFLOP/s bf16 over 3725.1 GB/s (triad pattern); calibrated 2026-09-25 at f49a2133",,200.0,2.13.0,3.7.1,2026-09-25T07:38:13+00:00,0.27.1,300.0
native,6,32,4,128,512,1,8,2.152127981185913,2.1252479553222656,0.02594951397194034,80,3,445.9958384037018,"scripts/clock_elasticity.py: bursts of N back-to-back fused_experts calls under one pinned tile, each call L2-flushed and bracketed by its own pre-primed event pair, the FIRST call of every burst discarded as a drained-queue launch, a host-side idle gap after each burst setting the sustained duty cycle, and the SM clock, board power and memory clock read through NVML with the burst still in flight; NOT timing.TIMING_BASIS",1950.0,False,high,False,True,ok,"LEVEL HIGH (recorded, never an exclusion here): loaded clock 1950 MHz against the 1455 MHz reference. At a duty cycle below 1.0 a HIGH reading is the experiment working, not a cell to drop.; DRIFT failed, settling upward: 1785 -> 1935 MHz over 15 bursts; this cell is EXCLUDED",0.25,304.484,0.2498875525605588,17,108.93858166668724,burst,2.154320001602173,2.1515679359436035,True,1785 1950 1935 1950 1920 1950 1965 1965 1965 1980 1950 1965 1935 1920 1935,False,3725.122836206298,"measured on this device: NVIDIA GH200 480GB (measured), 3725.1 GB/s (triad pattern)",13.0,580.105.08,True,1,f49a2133c942c20c3b1b72e002b03af1ccd216a3,NVIDIA GH200 480GB,192-222-57-200,"scripts/clock_elasticity.py: bursts of N back-to-back fused_experts calls under one pinned tile, each call L2-flushed and bracketed by its own pre-primed event pair, the FIRST call of every burst discarded as a drained-queue launch, a host-side idle gap after each burst setting the sustained duty cycle, and the SM clock, board power and memory clock read through NVML with the burst still in flight; NOT timing.TIMING_BASIS | duty 0.25 | each idle gap sized from its own burst (gap_basis burst)",,iters=supplied as None; sglang=package not installed,1,3.12.14,177.93141728460498,"measured on this device: NVIDIA GH200 480GB (measured), 662.8 TFLOP/s bf16 over 3725.1 GB/s (triad pattern); calibrated 2026-09-25 at f49a2133",,200.0,2.13.0,3.7.1,2026-09-25T07:38:13+00:00,0.27.1,300.0
shared,6,32,4,128,512,1,72,2.162559986114502,2.152224063873291,0.025295834432817462,75,3,317.96313667297363,"scripts/clock_elasticity.py: bursts of N back-to-back fused_experts calls under one pinned tile, each call L2-flushed and bracketed by its own pre-primed event pair, the FIRST call of every burst discarded as a drained-queue launch, a host-side idle gap after each burst setting the sustained duty cycle, and the SM clock, board power and memory clock read through NVML with the burst still in flight; NOT timing.TIMING_BASIS",1965.0,False,high,True,True,ok,"LEVEL HIGH (recorded, never an exclusion here): loaded clock 1965 MHz against the 1455 MHz reference. At a duty cycle below 1.0 a HIGH reading is the experiment working, not a cell to drop.",0.25,299.507,0.24988442280890083,16,103.49966147153464,burst,2.1629440784454346,2.2186880111694336,True,1965 1965 1965 1905 1965 1950 1965 1950 1905 1965 1935 1965 1950 1890 1965,False,3725.122836206298,"measured on this device: NVIDIA GH200 480GB (measured), 3725.1 GB/s (triad pattern)",13.0,580.105.08,True,1,f49a2133c942c20c3b1b72e002b03af1ccd216a3,NVIDIA GH200 480GB,192-222-57-200,"scripts/clock_elasticity.py: bursts of N back-to-back fused_experts calls under one pinned tile, each call L2-flushed and bracketed by its own pre-primed event pair, the FIRST call of every burst discarded as a drained-queue launch, a host-side idle gap after each burst setting the sustained duty cycle, and the SM clock, board power and memory clock read through NVML with the burst still in flight; NOT timing.TIMING_BASIS | duty 0.25 | each idle gap sized from its own burst (gap_basis burst)",,iters=supplied as None; sglang=package not installed,1,3.12.14,177.93141728460498,"measured on this device: NVIDIA GH200 480GB (measured), 662.8 TFLOP/s bf16 over 3725.1 GB/s (triad pattern); calibrated 2026-09-25 at f49a2133",,200.0,2.13.0,3.7.1,2026-09-25T07:38:13+00:00,0.27.1,300.0
private,6,32,4,128,512,4,72,3.2599360942840576,3.2499520778656006,0.004946032556933797,55,3,353.9164171218872,"scripts/clock_elasticity.py: bursts of N back-to-back fused_experts calls under one pinned tile, each call L2-flushed and bracketed by its own pre-primed event pair, the FIRST call of every burst discarded as a drained-queue launch, a host-side idle gap after each burst setting the sustained duty cycle, and the SM clock, board power and memory clock read through NVML with the burst still in flight; NOT timing.TIMING_BASIS",1950.0,False,high,True,True,ok,"LEVEL HIGH (recorded, never an exclusion here): loaded clock 1950 MHz against the 1455 MHz reference. At a duty cycle below 1.0 a HIGH reading is the experiment working, not a cell to drop.",0.25,300.32,0.2498998111511499,12,116.8556458148414,burst,3.2593599557876587,3.260736107826233,True,1965 1905 1950 1800 1920 1965 1950 1965 1905 1950 1815 1920 1965 1950 1965,False,3725.122836206298,"measured on this device: NVIDIA GH200 480GB (measured), 3725.1 GB/s (triad pattern)",13.0,580.105.08,True,1,f49a2133c942c20c3b1b72e002b03af1ccd216a3,NVIDIA GH200 480GB,192-222-57-200,"scripts/clock_elasticity.py: bursts of N back-to-back fused_experts calls under one pinned tile, each call L2-flushed and bracketed by its own pre-primed event pair, the FIRST call of every burst discarded as a drained-queue launch, a host-side idle gap after each burst setting the sustained duty cycle, and the SM clock, board power and memory clock read through NVML with the burst still in flight; NOT timing.TIMING_BASIS | duty 0.25 | each idle gap sized from its own burst (gap_basis burst)",,iters=supplied as None; sglang=package not installed,1,3.12.14,177.93141728460498,"measured on this device: NVIDIA GH200 480GB (measured), 662.8 TFLOP/s bf16 over 3725.1 GB/s (triad pattern); calibrated 2026-09-25 at f49a2133",,200.0,2.13.0,3.7.1,2026-09-25T07:38:13+00:00,0.27.1,300.0
native,6,32,5,160,640,1,8,2.687183976173401,2.6706559658050537,0.04353935697639403,60,3,919.224287033081,"scripts/clock_elasticity.py: bursts of N back-to-back fused_experts calls under one pinned tile, each call L2-flushed and bracketed by its own pre-primed event pair, the FIRST call of every burst discarded as a drained-queue launch, a host-side idle gap after each burst setting the sustained duty cycle, and the SM clock, board power and memory clock read through NVML with the burst still in flight; NOT timing.TIMING_BASIS",1905.0,False,high,False,True,ok,"LEVEL HIGH (recorded, never an exclusion here): loaded clock 1905 MHz against the 1455 MHz reference. At a duty cycle below 1.0 a HIGH reading is the experiment working, not a cell to drop.; DRIFT failed, settling upward: 1725 -> 1845 MHz over 15 bursts; this cell is EXCLUDED",0.25,312.879,0.24988220449367732,13,104.33387102951747,burst,2.689568042755127,2.6850879192352295,True,1725 1950 1890 1950 1875 1965 1905 1965 1905 1830 1965 1905 1965 1905 1845,False,3725.122836206298,"measured on this device: NVIDIA GH200 480GB (measured), 3725.1 GB/s (triad pattern)",13.0,580.105.08,True,1,f49a2133c942c20c3b1b72e002b03af1ccd216a3,NVIDIA GH200 480GB,192-222-57-200,"scripts/clock_elasticity.py: bursts of N back-to-back fused_experts calls under one pinned tile, each call L2-flushed and bracketed by its own pre-primed event pair, the FIRST call of every burst discarded as a drained-queue launch, a host-side idle gap after each burst setting the sustained duty cycle, and the SM clock, board power and memory clock read through NVML with the burst still in flight; NOT timing.TIMING_BASIS | duty 0.25 | each idle gap sized from its own burst (gap_basis burst)",,iters=supplied as None; sglang=package not installed,1,3.12.14,177.93141728460498,"measured on this device: NVIDIA GH200 480GB (measured), 662.8 TFLOP/s bf16 over 3725.1 GB/s (triad pattern); calibrated 2026-09-25 at f49a2133",,200.0,2.13.0,3.7.1,2026-09-25T07:38:13+00:00,0.27.1,300.0
shared,6,32,5,160,640,1,72,2.6952319145202637,2.6814401149749756,0.05547787992535334,55,3,333.3220794200897,"scripts/clock_elasticity.py: bursts of N back-to-back fused_experts calls under one pinned tile, each call L2-flushed and bracketed by its own pre-primed event pair, the FIRST call of every burst discarded as a drained-queue launch, a host-side idle gap after each burst setting the sustained duty cycle, and the SM clock, board power and memory clock read through NVML with the burst still in flight; NOT timing.TIMING_BASIS",1935.0,False,high,True,True,ok,"LEVEL HIGH (recorded, never an exclusion here): loaded clock 1935 MHz against the 1455 MHz reference. At a duty cycle below 1.0 a HIGH reading is the experiment working, not a cell to drop.",0.25,317.562,0.2498787478804781,12,97.01425215339624,burst,2.7029119729995728,2.705392003059387,True,1920 1785 1935 1935 1695 1965 1905 1920 1965 1965 1875 1965 1950 1965 1965,False,3725.122836206298,"measured on this device: NVIDIA GH200 480GB (measured), 3725.1 GB/s (triad pattern)",13.0,580.105.08,True,1,f49a2133c942c20c3b1b72e002b03af1ccd216a3,NVIDIA GH200 480GB,192-222-57-200,"scripts/clock_elasticity.py: bursts of N back-to-back fused_experts calls under one pinned tile, each call L2-flushed and bracketed by its own pre-primed event pair, the FIRST call of every burst discarded as a drained-queue launch, a host-side idle gap after each burst setting the sustained duty cycle, and the SM clock, board power and memory clock read through NVML with the burst still in flight; NOT timing.TIMING_BASIS | duty 0.25 | each idle gap sized from its own burst (gap_basis burst)",,iters=supplied as None; sglang=package not installed,1,3.12.14,177.93141728460498,"measured on this device: NVIDIA GH200 480GB (measured), 662.8 TFLOP/s bf16 over 3725.1 GB/s (triad pattern); calibrated 2026-09-25 at f49a2133",,200.0,2.13.0,3.7.1,2026-09-25T07:38:13+00:00,0.27.1,300.0
private,6,32,5,160,640,5,72,4.074495792388916,4.064799785614014,0.004655427968820029,45,3,491.83519983291626,"scripts/clock_elasticity.py: bursts of N back-to-back fused_experts calls under one pinned tile, each call L2-flushed and bracketed by its own pre-primed event pair, the FIRST call of every burst discarded as a drained-queue launch, a host-side idle gap after each burst setting the sustained duty cycle, and the SM clock, board power and memory clock read through NVML with the burst still in flight; NOT timing.TIMING_BASIS",1950.0,False,high,False,True,ok,"LEVEL HIGH (recorded, never an exclusion here): loaded clock 1950 MHz against the 1455 MHz reference. At a duty cycle below 1.0 a HIGH reading is the experiment working, not a cell to drop.; DRIFT failed, dropping: 1965 -> 1860 MHz over 15 bursts; this cell is EXCLUDED",0.25,293.542,0.2498978437946957,10,121.84778949175598,burst,4.07478404045105,4.076560020446777,True,1965 1935 1935 1875 1965 1965 1875 1950 1965 1935 1950 1965 1950 1965 1860,False,3725.122836206298,"measured on this device: NVIDIA GH200 480GB (measured), 3725.1 GB/s (triad pattern)",13.0,580.105.08,True,1,f49a2133c942c20c3b1b72e002b03af1ccd216a3,NVIDIA GH200 480GB,192-222-57-200,"scripts/clock_elasticity.py: bursts of N back-to-back fused_experts calls under one pinned tile, each call L2-flushed and bracketed by its own pre-primed event pair, the FIRST call of every burst discarded as a drained-queue launch, a host-side idle gap after each burst setting the sustained duty cycle, and the SM clock, board power and memory clock read through NVML with the burst still in flight; NOT timing.TIMING_BASIS | duty 0.25 | each idle gap sized from its own burst (gap_basis burst)",,iters=supplied as None; sglang=package not installed,1,3.12.14,177.93141728460498,"measured on this device: NVIDIA GH200 480GB (measured), 662.8 TFLOP/s bf16 over 3725.1 GB/s (triad pattern); calibrated 2026-09-25 at f49a2133",,200.0,2.13.0,3.7.1,2026-09-25T07:38:13+00:00,0.27.1,300.0
native,6,32,6,192,768,1,8,3.1997599601745605,3.1688640117645264,0.06240826469671093,50,3,787.8830070495605,"scripts/clock_elasticity.py: bursts of N back-to-back fused_experts calls under one pinned tile, each call L2-flushed and bracketed by its own pre-primed event pair, the FIRST call of every burst discarded as a drained-queue launch, a host-side idle gap after each burst setting the sustained duty cycle, and the SM clock, board power and memory clock read through NVML with the burst still in flight; NOT timing.TIMING_BASIS",1965.0,False,high,True,True,ok,"LEVEL HIGH (recorded, never an exclusion here): loaded clock 1965 MHz against the 1455 MHz reference. At a duty cycle below 1.0 a HIGH reading is the experiment working, not a cell to drop.",0.25,311.876,0.24988569151986875,11,105.43898741319208,burst,3.2027039527893066,3.1992480754852295,True,1905 1725 1950 1965 1950 1875 1965 1965 1980 1980 1980 1980 1965 1965 1950,False,3725.122836206298,"measured on this device: NVIDIA GH200 480GB (measured), 3725.1 GB/s (triad pattern)",13.0,580.105.08,True,1,f49a2133c942c20c3b1b72e002b03af1ccd216a3,NVIDIA GH200 480GB,192-222-57-200,"scripts/clock_elasticity.py: bursts of N back-to-back fused_experts calls under one pinned tile, each call L2-flushed and bracketed by its own pre-primed event pair, the FIRST call of every burst discarded as a drained-queue launch, a host-side idle gap after each burst setting the sustained duty cycle, and the SM clock, board power and memory clock read through NVML with the burst still in flight; NOT timing.TIMING_BASIS | duty 0.25 | each idle gap sized from its own burst (gap_basis burst)",,iters=supplied as None; sglang=package not installed,1,3.12.14,177.93141728460498,"measured on this device: NVIDIA GH200 480GB (measured), 662.8 TFLOP/s bf16 over 3725.1 GB/s (triad pattern); calibrated 2026-09-25 at f49a2133",,200.0,2.13.0,3.7.1,2026-09-25T07:38:13+00:00,0.27.1,300.0
shared,6,32,6,192,768,1,72,3.2179839611053467,3.2056000232696533,0.050870798220893236,50,3,791.565920829773,"scripts/clock_elasticity.py: bursts of N back-to-back fused_experts calls under one pinned tile, each call L2-flushed and bracketed by its own pre-primed event pair, the FIRST call of every burst discarded as a drained-queue launch, a host-side idle gap after each burst setting the sustained duty cycle, and the SM clock, board power and memory clock read through NVML with the burst still in flight; NOT timing.TIMING_BASIS",1920.0,False,high,False,True,ok,"LEVEL HIGH (recorded, never an exclusion here): loaded clock 1920 MHz against the 1455 MHz reference. At a duty cycle below 1.0 a HIGH reading is the experiment working, not a cell to drop.; DRIFT failed, settling upward: 1710 -> 1845 MHz over 15 bursts; this cell is EXCLUDED",0.25,308.786,0.24988339815403893,11,105.90615551807423,burst,3.222223997116089,3.2169920206069946,True,1710 1965 1920 1800 1950 1890 1935 1860 1950 1920 1815 1950 1860 1935 1845,False,3725.122836206298,"measured on this device: NVIDIA GH200 480GB (measured), 3725.1 GB/s (triad pattern)",13.0,580.105.08,True,1,f49a2133c942c20c3b1b72e002b03af1ccd216a3,NVIDIA GH200 480GB,192-222-57-200,"scripts/clock_elasticity.py: bursts of N back-to-back fused_experts calls under one pinned tile, each call L2-flushed and bracketed by its own pre-primed event pair, the FIRST call of every burst discarded as a drained-queue launch, a host-side idle gap after each burst setting the sustained duty cycle, and the SM clock, board power and memory clock read through NVML with the burst still in flight; NOT timing.TIMING_BASIS | duty 0.25 | each idle gap sized from its own burst (gap_basis burst)",,iters=supplied as None; sglang=package not installed,1,3.12.14,177.93141728460498,"measured on this device: NVIDIA GH200 480GB (measured), 662.8 TFLOP/s bf16 over 3725.1 GB/s (triad pattern); calibrated 2026-09-25 at f49a2133",,200.0,2.13.0,3.7.1,2026-09-25T07:38:13+00:00,0.27.1,300.0
private,6,32,6,192,768,6,72,4.866176128387451,4.857024192810059,0.006908450640530591,35,3,430.72748613357544,"scripts/clock_elasticity.py: bursts of N back-to-back fused_experts calls under one pinned tile, each call L2-flushed and bracketed by its own pre-primed event pair, the FIRST call of every burst discarded as a drained-queue launch, a host-side idle gap after each burst setting the sustained duty cycle, and the SM clock, board power and memory clock read through NVML with the burst still in flight; NOT timing.TIMING_BASIS",1935.0,False,high,True,True,ok,"LEVEL HIGH (recorded, never an exclusion here): loaded clock 1935 MHz against the 1455 MHz reference. At a duty cycle below 1.0 a HIGH reading is the experiment working, not a cell to drop.",0.25,296.422,0.2498934991272255,8,116.56425766936083,burst,4.865824222564697,4.871007919311523,True,1920 1965 1875 1935 1965 1965 1965 1920 1965 1935 1965 1905 1935 1965 1920,False,3725.122836206298,"measured on this device: NVIDIA GH200 480GB (measured), 3725.1 GB/s (triad pattern)",13.0,580.105.08,True,1,f49a2133c942c20c3b1b72e002b03af1ccd216a3,NVIDIA GH200 480GB,192-222-57-200,"scripts/clock_elasticity.py: bursts of N back-to-back fused_experts calls under one pinned tile, each call L2-flushed and bracketed by its own pre-primed event pair, the FIRST call of every burst discarded as a drained-queue launch, a host-side idle gap after each burst setting the sustained duty cycle, and the SM clock, board power and memory clock read through NVML with the burst still in flight; NOT timing.TIMING_BASIS | duty 0.25 | each idle gap sized from its own burst (gap_basis burst)",,iters=supplied as None; sglang=package not installed,1,3.12.14,177.93141728460498,"measured on this device: NVIDIA GH200 480GB (measured), 662.8 TFLOP/s bf16 over 3725.1 GB/s (triad pattern); calibrated 2026-09-25 at f49a2133",,200.0,2.13.0,3.7.1,2026-09-25T07:38:13+00:00,0.27.1,300.0
shared,7,32,6,192,768,1,72,3.215391993522644,3.2056961059570312,0.035855132414331005,50,3,506.9649279117584,"scripts/clock_elasticity.py: bursts of N back-to-back fused_experts calls under one pinned tile, each call L2-flushed and bracketed by its own pre-primed event pair, the FIRST call of every burst discarded as a drained-queue launch, a host-side idle gap after each burst setting the sustained duty cycle, and the SM clock, board power and memory clock read through NVML with the burst still in flight; NOT timing.TIMING_BASIS",1920.0,False,high,True,True,ok,"LEVEL HIGH (recorded, never an exclusion here): loaded clock 1920 MHz against the 1455 MHz reference. At a duty cycle below 1.0 a HIGH reading is the experiment working, not a cell to drop.",0.25,309.913,0.24988193573071257,11,105.90090542531836,burst,3.222335934638977,3.2171679735183716,True,1845 1965 1920 1785 1950 1860 1905 1965 1905 1920 1965 1965 1965 1950 1845,False,3725.122836206298,"measured on this device: NVIDIA GH200 480GB (measured), 3725.1 GB/s (triad pattern)",13.0,580.105.08,True,1,f49a2133c942c20c3b1b72e002b03af1ccd216a3,NVIDIA GH200 480GB,192-222-57-200,"scripts/clock_elasticity.py: bursts of N back-to-back fused_experts calls under one pinned tile, each call L2-flushed and bracketed by its own pre-primed event pair, the FIRST call of every burst discarded as a drained-queue launch, a host-side idle gap after each burst setting the sustained duty cycle, and the SM clock, board power and memory clock read through NVML with the burst still in flight; NOT timing.TIMING_BASIS | duty 0.25 | each idle gap sized from its own burst (gap_basis burst)",,iters=supplied as None; sglang=package not installed,1,3.12.14,177.93141728460498,"measured on this device: NVIDIA GH200 480GB (measured), 662.8 TFLOP/s bf16 over 3725.1 GB/s (triad pattern); calibrated 2026-09-25 at f49a2133",,200.0,2.13.0,3.7.1,2026-09-25T07:38:13+00:00,0.27.1,300.0
private,7,32,6,192,768,6,72,4.866847991943359,4.855711936950684,0.006968345864249851,35,3,430.8190407752991,"scripts/clock_elasticity.py: bursts of N back-to-back fused_experts calls under one pinned tile, each call L2-flushed and bracketed by its own pre-primed event pair, the FIRST call of every burst discarded as a drained-queue launch, a host-side idle gap after each burst setting the sustained duty cycle, and the SM clock, board power and memory clock read through NVML with the burst still in flight; NOT timing.TIMING_BASIS",1950.0,False,high,True,True,ok,"LEVEL HIGH (recorded, never an exclusion here): loaded clock 1950 MHz against the 1455 MHz reference. At a duty cycle below 1.0 a HIGH reading is the experiment working, not a cell to drop.",0.25,294.248,0.24989742370972107,8,116.65023878927242,burst,4.865856170654297,4.866432189941406,True,1935 1965 1965 1950 1920 1950 1950 1860 1965 1935 1965 1965 1950 1785 1920,False,3725.122836206298,"measured on this device: NVIDIA GH200 480GB (measured), 3725.1 GB/s (triad pattern)",13.0,580.105.08,True,1,f49a2133c942c20c3b1b72e002b03af1ccd216a3,NVIDIA GH200 480GB,192-222-57-200,"scripts/clock_elasticity.py: bursts of N back-to-back fused_experts calls under one pinned tile, each call L2-flushed and bracketed by its own pre-primed event pair, the FIRST call of every burst discarded as a drained-queue launch, a host-side idle gap after each burst setting the sustained duty cycle, and the SM clock, board power and memory clock read through NVML with the burst still in flight; NOT timing.TIMING_BASIS | duty 0.25 | each idle gap sized from its own burst (gap_basis burst)",,iters=supplied as None; sglang=package not installed,1,3.12.14,177.93141728460498,"measured on this device: NVIDIA GH200 480GB (measured), 662.8 TFLOP/s bf16 over 3725.1 GB/s (triad pattern); calibrated 2026-09-25 at f49a2133",,200.0,2.13.0,3.7.1,2026-09-25T07:38:13+00:00,0.27.1,300.0
native,7,32,6,192,768,1,8,3.2066880464553833,3.1949760913848877,0.059755227702005614,50,3,932.4244809150696,"scripts/clock_elasticity.py: bursts of N back-to-back fused_experts calls under one pinned tile, each call L2-flushed and bracketed by its own pre-primed event pair, the FIRST call of every burst discarded as a drained-queue launch, a host-side idle gap after each burst setting the sustained duty cycle, and the SM clock, board power and memory clock read through NVML with the burst still in flight; NOT timing.TIMING_BASIS",1905.0,False,high,True,True,ok,"LEVEL HIGH (recorded, never an exclusion here): loaded clock 1905 MHz against the 1455 MHz reference. At a duty cycle below 1.0 a HIGH reading is the experiment working, not a cell to drop.",0.25,309.48,0.24988153150747303,11,105.4766510930931,burst,3.2116799354553223,3.2061920166015625,True,1845 1950 1845 1770 1950 1905 1950 1830 1950 1845 1725 1950 1890 1965 1905,False,3725.122836206298,"measured on this device: NVIDIA GH200 480GB (measured), 3725.1 GB/s (triad pattern)",13.0,580.105.08,True,1,f49a2133c942c20c3b1b72e002b03af1ccd216a3,NVIDIA GH200 480GB,192-222-57-200,"scripts/clock_elasticity.py: bursts of N back-to-back fused_experts calls under one pinned tile, each call L2-flushed and bracketed by its own pre-primed event pair, the FIRST call of every burst discarded as a drained-queue launch, a host-side idle gap after each burst setting the sustained duty cycle, and the SM clock, board power and memory clock read through NVML with the burst still in flight; NOT timing.TIMING_BASIS | duty 0.25 | each idle gap sized from its own burst (gap_basis burst)",,iters=supplied as None; sglang=package not installed,1,3.12.14,177.93141728460498,"measured on this device: NVIDIA GH200 480GB (measured), 662.8 TFLOP/s bf16 over 3725.1 GB/s (triad pattern); calibrated 2026-09-25 at f49a2133",,200.0,2.13.0,3.7.1,2026-09-25T07:38:13+00:00,0.27.1,300.0
shared,7,32,5,160,640,1,72,2.6954879760742188,2.682080030441284,0.05229339881003567,60,3,393.32790350914,"scripts/clock_elasticity.py: bursts of N back-to-back fused_experts calls under one pinned tile, each call L2-flushed and bracketed by its own pre-primed event pair, the FIRST call of every burst discarded as a drained-queue launch, a host-side idle gap after each burst setting the sustained duty cycle, and the SM clock, board power and memory clock read through NVML with the burst still in flight; NOT timing.TIMING_BASIS",1920.0,False,high,False,True,ok,"LEVEL HIGH (recorded, never an exclusion here): loaded clock 1920 MHz against the 1455 MHz reference. At a duty cycle below 1.0 a HIGH reading is the experiment working, not a cell to drop.; DRIFT failed, dropping: 1965 -> 1800 MHz over 15 bursts; this cell is EXCLUDED",0.25,318.558,0.2498809603867919,13,104.91902021329588,burst,2.6960320472717285,2.695103883743286,True,1965 1935 1965 1905 1815 1965 1905 1710 1935 1845 1935 1920 1785 1950 1800,False,3725.122836206298,"measured on this device: NVIDIA GH200 480GB (measured), 3725.1 GB/s (triad pattern)",13.0,580.105.08,True,1,f49a2133c942c20c3b1b72e002b03af1ccd216a3,NVIDIA GH200 480GB,192-222-57-200,"scripts/clock_elasticity.py: bursts of N back-to-back fused_experts calls under one pinned tile, each call L2-flushed and bracketed by its own pre-primed event pair, the FIRST call of every burst discarded as a drained-queue launch, a host-side idle gap after each burst setting the sustained duty cycle, and the SM clock, board power and memory clock read through NVML with the burst still in flight; NOT timing.TIMING_BASIS | duty 0.25 | each idle gap sized from its own burst (gap_basis burst)",,iters=supplied as None; sglang=package not installed,1,3.12.14,177.93141728460498,"measured on this device: NVIDIA GH200 480GB (measured), 662.8 TFLOP/s bf16 over 3725.1 GB/s (triad pattern); calibrated 2026-09-25 at f49a2133",,200.0,2.13.0,3.7.1,2026-09-25T07:38:13+00:00,0.27.1,300.0
private,7,32,5,160,640,5,72,4.074240207672119,4.06496000289917,0.005424259496251928,45,3,409.825599193573,"scripts/clock_elasticity.py: bursts of N back-to-back fused_experts calls under one pinned tile, each call L2-flushed and bracketed by its own pre-primed event pair, the FIRST call of every burst discarded as a drained-queue launch, a host-side idle gap after each burst setting the sustained duty cycle, and the SM clock, board power and memory clock read through NVML with the burst still in flight; NOT timing.TIMING_BASIS",1950.0,False,high,True,True,ok,"LEVEL HIGH (recorded, never an exclusion here): loaded clock 1950 MHz against the 1455 MHz reference. At a duty cycle below 1.0 a HIGH reading is the experiment working, not a cell to drop.",0.25,293.843,0.24989600584290347,10,121.87866238835704,burst,4.072783946990967,4.076080083847046,True,1935 1950 1950 1935 1965 1965 1935 1965 1965 1950 1965 1920 1950 1965 1935,False,3725.122836206298,"measured on this device: NVIDIA GH200 480GB (measured), 3725.1 GB/s (triad pattern)",13.0,580.105.08,True,1,f49a2133c942c20c3b1b72e002b03af1ccd216a3,NVIDIA GH200 480GB,192-222-57-200,"scripts/clock_elasticity.py: bursts of N back-to-back fused_experts calls under one pinned tile, each call L2-flushed and bracketed by its own pre-primed event pair, the FIRST call of every burst discarded as a drained-queue launch, a host-side idle gap after each burst setting the sustained duty cycle, and the SM clock, board power and memory clock read through NVML with the burst still in flight; NOT timing.TIMING_BASIS | duty 0.25 | each idle gap sized from its own burst (gap_basis burst)",,iters=supplied as None; sglang=package not installed,1,3.12.14,177.93141728460498,"measured on this device: NVIDIA GH200 480GB (measured), 662.8 TFLOP/s bf16 over 3725.1 GB/s (triad pattern); calibrated 2026-09-25 at f49a2133",,200.0,2.13.0,3.7.1,2026-09-25T07:38:13+00:00,0.27.1,300.0
native,7,32,5,160,640,1,8,2.682655930519104,2.648224115371704,0.0578250254128182,60,3,920.913153886795,"scripts/clock_elasticity.py: bursts of N back-to-back fused_experts calls under one pinned tile, each call L2-flushed and bracketed by its own pre-primed event pair, the FIRST call of every burst discarded as a drained-queue launch, a host-side idle gap after each burst setting the sustained duty cycle, and the SM clock, board power and memory clock read through NVML with the burst still in flight; NOT timing.TIMING_BASIS",1965.0,False,high,True,True,ok,"LEVEL HIGH (recorded, never an exclusion here): loaded clock 1965 MHz against the 1455 MHz reference. At a duty cycle below 1.0 a HIGH reading is the experiment working, not a cell to drop.",0.25,314.085,0.2498903654786084,13,104.42682994380448,burst,2.6857919692993164,2.6917760372161865,True,1935 1965 1950 1800 1965 1965 1965 1980 1980 1980 1980 1980 1965 1950 1965,False,3725.122836206298,"measured on this device: NVIDIA GH200 480GB (measured), 3725.1 GB/s (triad pattern)",13.0,580.105.08,True,1,f49a2133c942c20c3b1b72e002b03af1ccd216a3,NVIDIA GH200 480GB,192-222-57-200,"scripts/clock_elasticity.py: bursts of N back-to-back fused_experts calls under one pinned tile, each call L2-flushed and bracketed by its own pre-primed event pair, the FIRST call of every burst discarded as a drained-queue launch, a host-side idle gap after each burst setting the sustained duty cycle, and the SM clock, board power and memory clock read through NVML with the burst still in flight; NOT timing.TIMING_BASIS | duty 0.25 | each idle gap sized from its own burst (gap_basis burst)",,iters=supplied as None; sglang=package not installed,1,3.12.14,177.93141728460498,"measured on this device: NVIDIA GH200 480GB (measured), 662.8 TFLOP/s bf16 over 3725.1 GB/s (triad pattern); calibrated 2026-09-25 at f49a2133",,200.0,2.13.0,3.7.1,2026-09-25T07:38:13+00:00,0.27.1,300.0
shared,7,32,4,128,512,1,72,2.1613759994506836,2.1486399173736572,0.009149373433994933,75,3,352.6379187107086,"scripts/clock_elasticity.py: bursts of N back-to-back fused_experts calls under one pinned tile, each call L2-flushed and bracketed by its own pre-primed event pair, the FIRST call of every burst discarded as a drained-queue launch, a host-side idle gap after each burst setting the sustained duty cycle, and the SM clock, board power and memory clock read through NVML with the burst still in flight; NOT timing.TIMING_BASIS",1950.0,False,high,True,True,ok,"LEVEL HIGH (recorded, never an exclusion here): loaded clock 1950 MHz against the 1455 MHz reference. At a duty cycle below 1.0 a HIGH reading is the experiment working, not a cell to drop.",0.25,301.026,0.24988026973555544,16,103.0343845135758,burst,2.169600009918213,2.1594879627227783,True,1965 1950 1830 1965 1950 1965 1950 1935 1800 1950 1890 1965 1920 1935 1965,False,3725.122836206298,"measured on this device: NVIDIA GH200 480GB (measured), 3725.1 GB/s (triad pattern)",13.0,580.105.08,True,1,f49a2133c942c20c3b1b72e002b03af1ccd216a3,NVIDIA GH200 480GB,192-222-57-200,"scripts/clock_elasticity.py: bursts of N back-to-back fused_experts calls under one pinned tile, each call L2-flushed and bracketed by its own pre-primed event pair, the FIRST call of every burst discarded as a drained-queue launch, a host-side idle gap after each burst setting the sustained duty cycle, and the SM clock, board power and memory clock read through NVML with the burst still in flight; NOT timing.TIMING_BASIS | duty 0.25 | each idle gap sized from its own burst (gap_basis burst)",,iters=supplied as None; sglang=package not installed,1,3.12.14,177.93141728460498,"measured on this device: NVIDIA GH200 480GB (measured), 662.8 TFLOP/s bf16 over 3725.1 GB/s (triad pattern); calibrated 2026-09-25 at f49a2133",,200.0,2.13.0,3.7.1,2026-09-25T07:38:13+00:00,0.27.1,300.0
private,7,32,4,128,512,4,72,3.2607040405273438,3.2528960704803467,0.004214955792899353,55,3,354.0972480773926,"scripts/clock_elasticity.py: bursts of N back-to-back fused_experts calls under one pinned tile, each call L2-flushed and bracketed by its own pre-primed event pair, the FIRST call of every burst discarded as a drained-queue launch, a host-side idle gap after each burst setting the sustained duty cycle, and the SM clock, board power and memory clock read through NVML with the burst still in flight; NOT timing.TIMING_BASIS",1950.0,False,high,True,True,ok,"LEVEL HIGH (recorded, never an exclusion here): loaded clock 1950 MHz against the 1455 MHz reference. At a duty cycle below 1.0 a HIGH reading is the experiment working, not a cell to drop.",0.25,302.639,0.24989458714177176,12,116.84453680633305,burst,3.261664032936096,3.2617440223693848,True,1920 1950 1815 1965 1965 1920 1965 1965 1950 1800 1800 1965 1890 1965 1920,False,3725.122836206298,"measured on this device: NVIDIA GH200 480GB (measured), 3725.1 GB/s (triad pattern)",13.0,580.105.08,True,1,f49a2133c942c20c3b1b72e002b03af1ccd216a3,NVIDIA GH200 480GB,192-222-57-200,"scripts/clock_elasticity.py: bursts of N back-to-back fused_experts calls under one pinned tile, each call L2-flushed and bracketed by its own pre-primed event pair, the FIRST call of every burst discarded as a drained-queue launch, a host-side idle gap after each burst setting the sustained duty cycle, and the SM clock, board power and memory clock read through NVML with the burst still in flight; NOT timing.TIMING_BASIS | duty 0.25 | each idle gap sized from its own burst (gap_basis burst)",,iters=supplied as None; sglang=package not installed,1,3.12.14,177.93141728460498,"measured on this device: NVIDIA GH200 480GB (measured), 662.8 TFLOP/s bf16 over 3725.1 GB/s (triad pattern); calibrated 2026-09-25 at f49a2133",,200.0,2.13.0,3.7.1,2026-09-25T07:38:13+00:00,0.27.1,300.0
native,7,32,4,128,512,1,8,2.153648018836975,2.139616012573242,0.029564839111451233,80,3,409.66111874580383,"scripts/clock_elasticity.py: bursts of N back-to-back fused_experts calls under one pinned tile, each call L2-flushed and bracketed by its own pre-primed event pair, the FIRST call of every burst discarded as a drained-queue launch, a host-side idle gap after each burst setting the sustained duty cycle, and the SM clock, board power and memory clock read through NVML with the burst still in flight; NOT timing.TIMING_BASIS",1950.0,False,high,True,True,ok,"LEVEL HIGH (recorded, never an exclusion here): loaded clock 1950 MHz against the 1455 MHz reference. At a duty cycle below 1.0 a HIGH reading is the experiment working, not a cell to drop.",0.25,306.705,0.24988532877380257,17,109.12555407378386,burst,2.156159996986389,2.153167963027954,True,1965 1950 1800 1950 1935 1950 1920 1935 1965 1965 1875 1965 1935 1965 1950,False,3725.122836206298,"measured on this device: NVIDIA GH200 480GB (measured), 3725.1 GB/s (triad pattern)",13.0,580.105.08,True,1,f49a2133c942c20c3b1b72e002b03af1ccd216a3,NVIDIA GH200 480GB,192-222-57-200,"scripts/clock_elasticity.py: bursts of N back-to-back fused_experts calls under one pinned tile, each call L2-flushed and bracketed by its own pre-primed event pair, the FIRST call of every burst discarded as a drained-queue launch, a host-side idle gap after each burst setting the sustained duty cycle, and the SM clock, board power and memory clock read through NVML with the burst still in flight; NOT timing.TIMING_BASIS | duty 0.25 | each idle gap sized from its own burst (gap_basis burst)",,iters=supplied as None; sglang=package not installed,1,3.12.14,177.93141728460498,"measured on this device: NVIDIA GH200 480GB (measured), 662.8 TFLOP/s bf16 over 3725.1 GB/s (triad pattern); calibrated 2026-09-25 at f49a2133",,200.0,2.13.0,3.7.1,2026-09-25T07:38:13+00:00,0.27.1,300.0
shared,7,32,3,96,384,1,72,1.6550399661064148,1.6413439512252808,0.00851669246022473,100,3,566.071199297905,"scripts/clock_elasticity.py: bursts of N back-to-back fused_experts calls under one pinned tile, each call L2-flushed and bracketed by its own pre-primed event pair, the FIRST call of every burst discarded as a drained-queue launch, a host-side idle gap after each burst setting the sustained duty cycle, and the SM clock, board power and memory clock read through NVML with the burst still in flight; NOT timing.TIMING_BASIS",1890.0,False,high,False,True,ok,"LEVEL HIGH (recorded, never an exclusion here): loaded clock 1890 MHz against the 1455 MHz reference. At a duty cycle below 1.0 a HIGH reading is the experiment working, not a cell to drop.; DRIFT failed, settling upward: 1635 -> 1890 MHz over 15 bursts; this cell is EXCLUDED",0.25,321.824,0.24988039688226918,21,103.30362372891614,burst,1.6575039625167847,1.6592320203781128,True,1635 1935 1815 1965 1890 1635 1935 1815 1920 1890 1935 1935 1800 1920 1890,False,3725.122836206298,"measured on this device: NVIDIA GH200 480GB (measured), 3725.1 GB/s (triad pattern)",13.0,580.105.08,True,1,f49a2133c942c20c3b1b72e002b03af1ccd216a3,NVIDIA GH200 480GB,192-222-57-200,"scripts/clock_elasticity.py: bursts of N back-to-back fused_experts calls under one pinned tile, each call L2-flushed and bracketed by its own pre-primed event pair, the FIRST call of every burst discarded as a drained-queue launch, a host-side idle gap after each burst setting the sustained duty cycle, and the SM clock, board power and memory clock read through NVML with the burst still in flight; NOT timing.TIMING_BASIS | duty 0.25 | each idle gap sized from its own burst (gap_basis burst)",,iters=supplied as None; sglang=package not installed,1,3.12.14,177.93141728460498,"measured on this device: NVIDIA GH200 480GB (measured), 662.8 TFLOP/s bf16 over 3725.1 GB/s (triad pattern); calibrated 2026-09-25 at f49a2133",,200.0,2.13.0,3.7.1,2026-09-25T07:38:13+00:00,0.27.1,300.0
private,7,32,3,96,384,3,72,2.450432062149048,2.438080072402954,0.004312537696783422,75,3,315.4944312572479,"scripts/clock_elasticity.py: bursts of N back-to-back fused_experts calls under one pinned tile, each call L2-flushed and bracketed by its own pre-primed event pair, the FIRST call of every burst discarded as a drained-queue launch, a host-side idle gap after each burst setting the sustained duty cycle, and the SM clock, board power and memory clock read through NVML with the burst still in flight; NOT timing.TIMING_BASIS",1950.0,False,high,True,True,ok,"LEVEL HIGH (recorded, never an exclusion here): loaded clock 1950 MHz against the 1455 MHz reference. At a duty cycle below 1.0 a HIGH reading is the experiment working, not a cell to drop.",0.25,298.343,0.24989338021043664,16,116.7964045500521,burst,2.452064037322998,2.451296091079712,True,1950 1965 1815 1965 1800 1920 1965 1950 1965 1920 1950 1965 1905 1965 1950,False,3725.122836206298,"measured on this device: NVIDIA GH200 480GB (measured), 3725.1 GB/s (triad pattern)",13.0,580.105.08,True,1,f49a2133c942c20c3b1b72e002b03af1ccd216a3,NVIDIA GH200 480GB,192-222-57-200,"scripts/clock_elasticity.py: bursts of N back-to-back fused_experts calls under one pinned tile, each call L2-flushed and bracketed by its own pre-primed event pair, the FIRST call of every burst discarded as a drained-queue launch, a host-side idle gap after each burst setting the sustained duty cycle, and the SM clock, board power and memory clock read through NVML with the burst still in flight; NOT timing.TIMING_BASIS | duty 0.25 | each idle gap sized from its own burst (gap_basis burst)",,iters=supplied as None; sglang=package not installed,1,3.12.14,177.93141728460498,"measured on this device: NVIDIA GH200 480GB (measured), 662.8 TFLOP/s bf16 over 3725.1 GB/s (triad pattern); calibrated 2026-09-25 at f49a2133",,200.0,2.13.0,3.7.1,2026-09-25T07:38:13+00:00,0.27.1,300.0
native,7,32,3,96,384,1,8,1.6702079772949219,1.6539520025253296,0.03347641953129104,95,3,544.4389125108719,"scripts/clock_elasticity.py: bursts of N back-to-back fused_experts calls under one pinned tile, each call L2-flushed and bracketed by its own pre-primed event pair, the FIRST call of every burst discarded as a drained-queue launch, a host-side idle gap after each burst setting the sustained duty cycle, and the SM clock, board power and memory clock read through NVML with the burst still in flight; NOT timing.TIMING_BASIS",1950.0,False,high,True,True,ok,"LEVEL HIGH (recorded, never an exclusion here): loaded clock 1950 MHz against the 1455 MHz reference. At a duty cycle below 1.0 a HIGH reading is the experiment working, not a cell to drop.",0.25,319.517,0.24987119390482865,20,99.32008855630193,burst,1.672160029411316,1.6686239838600159,True,1965 1770 1965 1950 1815 1860 1950 1845 1965 1950 1860 1965 1815 1950 1935,False,3725.122836206298,"measured on this device: NVIDIA GH200 480GB (measured), 3725.1 GB/s (triad pattern)",13.0,580.105.08,True,1,f49a2133c942c20c3b1b72e002b03af1ccd216a3,NVIDIA GH200 480GB,192-222-57-200,"scripts/clock_elasticity.py: bursts of N back-to-back fused_experts calls under one pinned tile, each call L2-flushed and bracketed by its own pre-primed event pair, the FIRST call of every burst discarded as a drained-queue launch, a host-side idle gap after each burst setting the sustained duty cycle, and the SM clock, board power and memory clock read through NVML with the burst still in flight; NOT timing.TIMING_BASIS | duty 0.25 | each idle gap sized from its own burst (gap_basis burst)",,iters=supplied as None; sglang=package not installed,1,3.12.14,177.93141728460498,"measured on this device: NVIDIA GH200 480GB (measured), 662.8 TFLOP/s bf16 over 3725.1 GB/s (triad pattern); calibrated 2026-09-25 at f49a2133",,200.0,2.13.0,3.7.1,2026-09-25T07:38:13+00:00,0.27.1,300.0
shared,7,32,2,64,256,1,72,1.1264640092849731,1.1158720254898071,0.027614788095515548,145,3,382.4027210474014,"scripts/clock_elasticity.py: bursts of N back-to-back fused_experts calls under one pinned tile, each call L2-flushed and bracketed by its own pre-primed event pair, the FIRST call of every burst discarded as a drained-queue launch, a host-side idle gap after each burst setting the sustained duty cycle, and the SM clock, board power and memory clock read through NVML with the burst still in flight; NOT timing.TIMING_BASIS",1920.0,False,high,True,True,ok,"LEVEL HIGH (recorded, never an exclusion here): loaded clock 1920 MHz against the 1455 MHz reference. At a duty cycle below 1.0 a HIGH reading is the experiment working, not a cell to drop.",0.25,313.666,0.24987875491883318,30,100.00490630814964,burst,1.1275839805603027,1.1271040439605713,True,1890 1965 1920 1770 1905 1965 1965 1950 1785 1950 1695 1695 1935 1920 1815,False,3725.122836206298,"measured on this device: NVIDIA GH200 480GB (measured), 3725.1 GB/s (triad pattern)",13.0,580.105.08,True,1,f49a2133c942c20c3b1b72e002b03af1ccd216a3,NVIDIA GH200 480GB,192-222-57-200,"scripts/clock_elasticity.py: bursts of N back-to-back fused_experts calls under one pinned tile, each call L2-flushed and bracketed by its own pre-primed event pair, the FIRST call of every burst discarded as a drained-queue launch, a host-side idle gap after each burst setting the sustained duty cycle, and the SM clock, board power and memory clock read through NVML with the burst still in flight; NOT timing.TIMING_BASIS | duty 0.25 | each idle gap sized from its own burst (gap_basis burst)",,iters=supplied as None; sglang=package not installed,1,3.12.14,177.93141728460498,"measured on this device: NVIDIA GH200 480GB (measured), 662.8 TFLOP/s bf16 over 3725.1 GB/s (triad pattern); calibrated 2026-09-25 at f49a2133",,200.0,2.13.0,3.7.1,2026-09-25T07:38:13+00:00,0.27.1,300.0
private,7,32,2,64,256,2,72,1.6414400339126587,1.6310080289840698,0.004349731663280424,115,3,435.5896636247635,"scripts/clock_elasticity.py: bursts of N back-to-back fused_experts calls under one pinned tile, each call L2-flushed and bracketed by its own pre-primed event pair, the FIRST call of every burst discarded as a drained-queue launch, a host-side idle gap after each burst setting the sustained duty cycle, and the SM clock, board power and memory clock read through NVML with the burst still in flight; NOT timing.TIMING_BASIS",1965.0,False,high,True,True,ok,"LEVEL HIGH (recorded, never an exclusion here): loaded clock 1965 MHz against the 1455 MHz reference. At a duty cycle below 1.0 a HIGH reading is the experiment working, not a cell to drop.",0.25,291.237,0.24989281067812388,24,116.7310518986378,burst,1.6424000263214111,1.6424640417099,True,1950 1965 1965 1965 1920 1935 1965 1935 1965 1965 1965 1965 1965 1965 1950,False,3725.122836206298,"measured on this device: NVIDIA GH200 480GB (measured), 3725.1 GB/s (triad pattern)",13.0,580.105.08,True,1,f49a2133c942c20c3b1b72e002b03af1ccd216a3,NVIDIA GH200 480GB,192-222-57-200,"scripts/clock_elasticity.py: bursts of N back-to-back fused_experts calls under one pinned tile, each call L2-flushed and bracketed by its own pre-primed event pair, the FIRST call of every burst discarded as a drained-queue launch, a host-side idle gap after each burst setting the sustained duty cycle, and the SM clock, board power and memory clock read through NVML with the burst still in flight; NOT timing.TIMING_BASIS | duty 0.25 | each idle gap sized from its own burst (gap_basis burst)",,iters=supplied as None; sglang=package not installed,1,3.12.14,177.93141728460498,"measured on this device: NVIDIA GH200 480GB (measured), 662.8 TFLOP/s bf16 over 3725.1 GB/s (triad pattern); calibrated 2026-09-25 at f49a2133",,200.0,2.13.0,3.7.1,2026-09-25T07:38:13+00:00,0.27.1,300.0
native,7,32,2,64,256,1,8,1.1252639889717102,1.1066559553146362,0.021805275023874145,150,3,711.735168337822,"scripts/clock_elasticity.py: bursts of N back-to-back fused_experts calls under one pinned tile, each call L2-flushed and bracketed by its own pre-primed event pair, the FIRST call of every burst discarded as a drained-queue launch, a host-side idle gap after each burst setting the sustained duty cycle, and the SM clock, board power and memory clock read through NVML with the burst still in flight; NOT timing.TIMING_BASIS",1965.0,False,high,True,True,ok,"LEVEL HIGH (recorded, never an exclusion here): loaded clock 1965 MHz against the 1455 MHz reference. At a duty cycle below 1.0 a HIGH reading is the experiment working, not a cell to drop.",0.25,313.754,0.24988019661750163,31,102.83001211750162,burst,1.125216007232666,1.127616047859192,True,1965 1950 1890 1950 1965 1965 1980 1980 1980 1965 1965 1965 1980 1980 1965,False,3725.122836206298,"measured on this device: NVIDIA GH200 480GB (measured), 3725.1 GB/s (triad pattern)",13.0,580.105.08,True,1,f49a2133c942c20c3b1b72e002b03af1ccd216a3,NVIDIA GH200 480GB,192-222-57-200,"scripts/clock_elasticity.py: bursts of N back-to-back fused_experts calls under one pinned tile, each call L2-flushed and bracketed by its own pre-primed event pair, the FIRST call of every burst discarded as a drained-queue launch, a host-side idle gap after each burst setting the sustained duty cycle, and the SM clock, board power and memory clock read through NVML with the burst still in flight; NOT timing.TIMING_BASIS | duty 0.25 | each idle gap sized from its own burst (gap_basis burst)",,iters=supplied as None; sglang=package not installed,1,3.12.14,177.93141728460498,"measured on this device: NVIDIA GH200 480GB (measured), 662.8 TFLOP/s bf16 over 3725.1 GB/s (triad pattern); calibrated 2026-09-25 at f49a2133",,200.0,2.13.0,3.7.1,2026-09-25T07:38:13+00:00,0.27.1,300.0
shared,7,32,1,32,128,1,72,0.8470720052719116,0.8409919738769531,0.002417110104436379,230,3,319.85846424102783,"scripts/clock_elasticity.py: bursts of N back-to-back fused_experts calls under one pinned tile, each call L2-flushed and bracketed by its own pre-primed event pair, the FIRST call of every burst discarded as a drained-queue launch, a host-side idle gap after each burst setting the sustained duty cycle, and the SM clock, board power and memory clock read through NVML with the burst still in flight; NOT timing.TIMING_BASIS",1965.0,False,high,True,True,ok,"LEVEL HIGH (recorded, never an exclusion here): loaded clock 1965 MHz against the 1455 MHz reference. At a duty cycle below 1.0 a HIGH reading is the experiment working, not a cell to drop.",0.25,285.741,0.24989603593573592,47,116.11825274855799,burst,0.8471680283546448,0.8471999764442444,True,1950 1965 1965 1965 1965 1950 1965 1935 1965 1965 1950 1965 1965 1965 1965,False,3725.122836206298,"measured on this device: NVIDIA GH200 480GB (measured), 3725.1 GB/s (triad pattern)",13.0,580.105.08,True,1,f49a2133c942c20c3b1b72e002b03af1ccd216a3,NVIDIA GH200 480GB,192-222-57-200,"scripts/clock_elasticity.py: bursts of N back-to-back fused_experts calls under one pinned tile, each call L2-flushed and bracketed by its own pre-primed event pair, the FIRST call of every burst discarded as a drained-queue launch, a host-side idle gap after each burst setting the sustained duty cycle, and the SM clock, board power and memory clock read through NVML with the burst still in flight; NOT timing.TIMING_BASIS | duty 0.25 | each idle gap sized from its own burst (gap_basis burst)",,iters=supplied as None; sglang=package not installed,1,3.12.14,177.93141728460498,"measured on this device: NVIDIA GH200 480GB (measured), 662.8 TFLOP/s bf16 over 3725.1 GB/s (triad pattern); calibrated 2026-09-25 at f49a2133",,200.0,2.13.0,3.7.1,2026-09-25T07:38:13+00:00,0.27.1,300.0
private,7,32,1,32,128,1,72,0.8472799956798553,0.840831995010376,0.0024240498123614673,230,3,319.9362238049507,"scripts/clock_elasticity.py: bursts of N back-to-back fused_experts calls under one pinned tile, each call L2-flushed and bracketed by its own pre-primed event pair, the FIRST call of every burst discarded as a drained-queue launch, a host-side idle gap after each burst setting the sustained duty cycle, and the SM clock, board power and memory clock read through NVML with the burst still in flight; NOT timing.TIMING_BASIS",1965.0,False,high,True,True,ok,"LEVEL HIGH (recorded, never an exclusion here): loaded clock 1965 MHz against the 1455 MHz reference. At a duty cycle below 1.0 a HIGH reading is the experiment working, not a cell to drop.",0.25,287.172,0.24989829854291812,47,116.14993283094007,burst,0.8470720052719116,0.8469439744949341,True,1935 1965 1920 1965 1950 1950 1965 1965 1965 1965 1950 1950 1905 1965 1965,False,3725.122836206298,"measured on this device: NVIDIA GH200 480GB (measured), 3725.1 GB/s (triad pattern)",13.0,580.105.08,True,1,f49a2133c942c20c3b1b72e002b03af1ccd216a3,NVIDIA GH200 480GB,192-222-57-200,"scripts/clock_elasticity.py: bursts of N back-to-back fused_experts calls under one pinned tile, each call L2-flushed and bracketed by its own pre-primed event pair, the FIRST call of every burst discarded as a drained-queue launch, a host-side idle gap after each burst setting the sustained duty cycle, and the SM clock, board power and memory clock read through NVML with the burst still in flight; NOT timing.TIMING_BASIS | duty 0.25 | each idle gap sized from its own burst (gap_basis burst)",,iters=supplied as None; sglang=package not installed,1,3.12.14,177.93141728460498,"measured on this device: NVIDIA GH200 480GB (measured), 662.8 TFLOP/s bf16 over 3725.1 GB/s (triad pattern); calibrated 2026-09-25 at f49a2133",,200.0,2.13.0,3.7.1,2026-09-25T07:38:13+00:00,0.27.1,300.0
native,7,32,1,32,128,1,8,0.8483520150184631,0.8407679796218872,0.0025413186227796615,230,3,400.3672317266464,"scripts/clock_elasticity.py: bursts of N back-to-back fused_experts calls under one pinned tile, each call L2-flushed and bracketed by its own pre-primed event pair, the FIRST call of every burst discarded as a drained-queue launch, a host-side idle gap after each burst setting the sustained duty cycle, and the SM clock, board power and memory clock read through NVML with the burst still in flight; NOT timing.TIMING_BASIS",1965.0,False,high,True,True,ok,"LEVEL HIGH (recorded, never an exclusion here): loaded clock 1965 MHz against the 1455 MHz reference. At a duty cycle below 1.0 a HIGH reading is the experiment working, not a cell to drop.",0.25,285.969,0.24989429848748357,47,116.28743687624593,burst,0.84825599193573,0.8485440015792847,True,1950 1965 1965 1965 1965 1875 1965 1935 1965 1965 1950 1965 1965 1965 1965,False,3725.122836206298,"measured on this device: NVIDIA GH200 480GB (measured), 3725.1 GB/s (triad pattern)",13.0,580.105.08,True,1,f49a2133c942c20c3b1b72e002b03af1ccd216a3,NVIDIA GH200 480GB,192-222-57-200,"scripts/clock_elasticity.py: bursts of N back-to-back fused_experts calls under one pinned tile, each call L2-flushed and bracketed by its own pre-primed event pair, the FIRST call of every burst discarded as a drained-queue launch, a host-side idle gap after each burst setting the sustained duty cycle, and the SM clock, board power and memory clock read through NVML with the burst still in flight; NOT timing.TIMING_BASIS | duty 0.25 | each idle gap sized from its own burst (gap_basis burst)",,iters=supplied as None; sglang=package not installed,1,3.12.14,177.93141728460498,"measured on this device: NVIDIA GH200 480GB (measured), 662.8 TFLOP/s bf16 over 3725.1 GB/s (triad pattern); calibrated 2026-09-25 at f49a2133",,200.0,2.13.0,3.7.1,2026-09-25T07:38:13+00:00,0.27.1,300.0
private,8,32,1,32,128,1,72,0.8472799956798553,0.8403519988059998,0.002465661417275127,230,3,320.3110718727112,"scripts/clock_elasticity.py: bursts of N back-to-back fused_experts calls under one pinned tile, each call L2-flushed and bracketed by its own pre-primed event pair, the FIRST call of every burst discarded as a drained-queue launch, a host-side idle gap after each burst setting the sustained duty cycle, and the SM clock, board power and memory clock read through NVML with the burst still in flight; NOT timing.TIMING_BASIS",1965.0,False,high,True,True,ok,"LEVEL HIGH (recorded, never an exclusion here): loaded clock 1965 MHz against the 1455 MHz reference. At a duty cycle below 1.0 a HIGH reading is the experiment working, not a cell to drop.",0.25,288.018,0.24989410258196137,47,116.13339056497715,burst,0.8470399975776672,0.8477759957313538,True,1965 1965 1965 1965 1920 1965 1965 1965 1965 1965 1965 1965 1920 1935 1920,False,3725.122836206298,"measured on this device: NVIDIA GH200 480GB (measured), 3725.1 GB/s (triad pattern)",13.0,580.105.08,True,1,f49a2133c942c20c3b1b72e002b03af1ccd216a3,NVIDIA GH200 480GB,192-222-57-200,"scripts/clock_elasticity.py: bursts of N back-to-back fused_experts calls under one pinned tile, each call L2-flushed and bracketed by its own pre-primed event pair, the FIRST call of every burst discarded as a drained-queue launch, a host-side idle gap after each burst setting the sustained duty cycle, and the SM clock, board power and memory clock read through NVML with the burst still in flight; NOT timing.TIMING_BASIS | duty 0.25 | each idle gap sized from its own burst (gap_basis burst)",,iters=supplied as None; sglang=package not installed,1,3.12.14,177.93141728460498,"measured on this device: NVIDIA GH200 480GB (measured), 662.8 TFLOP/s bf16 over 3725.1 GB/s (triad pattern); calibrated 2026-09-25 at f49a2133",,200.0,2.13.0,3.7.1,2026-09-25T07:38:13+00:00,0.27.1,300.0
native,8,32,1,32,128,1,8,0.8473280072212219,0.8401600122451782,0.002710520075652793,230,3,320.5027844309807,"scripts/clock_elasticity.py: bursts of N back-to-back fused_experts calls under one pinned tile, each call L2-flushed and bracketed by its own pre-primed event pair, the FIRST call of every burst discarded as a drained-queue launch, a host-side idle gap after each burst setting the sustained duty cycle, and the SM clock, board power and memory clock read through NVML with the burst still in flight; NOT timing.TIMING_BASIS",1965.0,False,high,True,True,ok,"LEVEL HIGH (recorded, never an exclusion here): loaded clock 1965 MHz against the 1455 MHz reference. At a duty cycle below 1.0 a HIGH reading is the experiment working, not a cell to drop.",0.25,287.892,0.24990390114902605,47,116.11118065655319,burst,0.8475520014762878,0.8478400111198425,True,1965 1935 1950 1965 1965 1965 1965 1965 1965 1950 1965 1950 1965 1965 1965,False,3725.122836206298,"measured on this device: NVIDIA GH200 480GB (measured), 3725.1 GB/s (triad pattern)",13.0,580.105.08,True,1,f49a2133c942c20c3b1b72e002b03af1ccd216a3,NVIDIA GH200 480GB,192-222-57-200,"scripts/clock_elasticity.py: bursts of N back-to-back fused_experts calls under one pinned tile, each call L2-flushed and bracketed by its own pre-primed event pair, the FIRST call of every burst discarded as a drained-queue launch, a host-side idle gap after each burst setting the sustained duty cycle, and the SM clock, board power and memory clock read through NVML with the burst still in flight; NOT timing.TIMING_BASIS | duty 0.25 | each idle gap sized from its own burst (gap_basis burst)",,iters=supplied as None; sglang=package not installed,1,3.12.14,177.93141728460498,"measured on this device: NVIDIA GH200 480GB (measured), 662.8 TFLOP/s bf16 over 3725.1 GB/s (triad pattern); calibrated 2026-09-25 at f49a2133",,200.0,2.13.0,3.7.1,2026-09-25T07:38:13+00:00,0.27.1,300.0
shared,8,32,1,32,128,1,72,0.8468800187110901,0.840287983417511,0.002509673691774421,230,3,320.16534411907196,"scripts/clock_elasticity.py: bursts of N back-to-back fused_experts calls under one pinned tile, each call L2-flushed and bracketed by its own pre-primed event pair, the FIRST call of every burst discarded as a drained-queue launch, a host-side idle gap after each burst setting the sustained duty cycle, and the SM clock, board power and memory clock read through NVML with the burst still in flight; NOT timing.TIMING_BASIS",1965.0,False,high,True,True,ok,"LEVEL HIGH (recorded, never an exclusion here): loaded clock 1965 MHz against the 1455 MHz reference. At a duty cycle below 1.0 a HIGH reading is the experiment working, not a cell to drop.",0.25,287.273,0.24989980889404909,47,116.13038229684753,burst,0.8470399975776672,0.8471680283546448,True,1965 1950 1950 1890 1965 1965 1965 1965 1935 1950 1965 1950 1965 1965 1965,False,3725.122836206298,"measured on this device: NVIDIA GH200 480GB (measured), 3725.1 GB/s (triad pattern)",13.0,580.105.08,True,1,f49a2133c942c20c3b1b72e002b03af1ccd216a3,NVIDIA GH200 480GB,192-222-57-200,"scripts/clock_elasticity.py: bursts of N back-to-back fused_experts calls under one pinned tile, each call L2-flushed and bracketed by its own pre-primed event pair, the FIRST call of every burst discarded as a drained-queue launch, a host-side idle gap after each burst setting the sustained duty cycle, and the SM clock, board power and memory clock read through NVML with the burst still in flight; NOT timing.TIMING_BASIS | duty 0.25 | each idle gap sized from its own burst (gap_basis burst)",,iters=supplied as None; sglang=package not installed,1,3.12.14,177.93141728460498,"measured on this device: NVIDIA GH200 480GB (measured), 662.8 TFLOP/s bf16 over 3725.1 GB/s (triad pattern); calibrated 2026-09-25 at f49a2133",,200.0,2.13.0,3.7.1,2026-09-25T07:38:13+00:00,0.27.1,300.0
private,8,32,2,64,256,2,72,1.641759991645813,1.6313279867172241,0.0045565205321096,115,3,316.80214381217957,"scripts/clock_elasticity.py: bursts of N back-to-back fused_experts calls under one pinned tile, each call L2-flushed and bracketed by its own pre-primed event pair, the FIRST call of every burst discarded as a drained-queue launch, a host-side idle gap after each burst setting the sustained duty cycle, and the SM clock, board power and memory clock read through NVML with the burst still in flight; NOT timing.TIMING_BASIS",1950.0,False,high,True,True,ok,"LEVEL HIGH (recorded, never an exclusion here): loaded clock 1950 MHz against the 1455 MHz reference. At a duty cycle below 1.0 a HIGH reading is the experiment working, not a cell to drop.",0.25,292.748,0.24989680387972527,24,116.71460211247175,burst,1.6403520107269287,1.641759991645813,True,1935 1965 1920 1950 1965 1935 1965 1965 1950 1800 1935 1965 1950 1965 1965,False,3725.122836206298,"measured on this device: NVIDIA GH200 480GB (measured), 3725.1 GB/s (triad pattern)",13.0,580.105.08,True,1,f49a2133c942c20c3b1b72e002b03af1ccd216a3,NVIDIA GH200 480GB,192-222-57-200,"scripts/clock_elasticity.py: bursts of N back-to-back fused_experts calls under one pinned tile, each call L2-flushed and bracketed by its own pre-primed event pair, the FIRST call of every burst discarded as a drained-queue launch, a host-side idle gap after each burst setting the sustained duty cycle, and the SM clock, board power and memory clock read through NVML with the burst still in flight; NOT timing.TIMING_BASIS | duty 0.25 | each idle gap sized from its own burst (gap_basis burst)",,iters=supplied as None; sglang=package not installed,1,3.12.14,177.93141728460498,"measured on this device: NVIDIA GH200 480GB (measured), 662.8 TFLOP/s bf16 over 3725.1 GB/s (triad pattern); calibrated 2026-09-25 at f49a2133",,200.0,2.13.0,3.7.1,2026-09-25T07:38:13+00:00,0.27.1,300.0
native,8,32,2,64,256,1,8,1.1310080289840698,1.1206400394439697,0.01982199244365567,150,3,923.3306245803833,"scripts/clock_elasticity.py: bursts of N back-to-back fused_experts calls under one pinned tile, each call L2-flushed and bracketed by its own pre-primed event pair, the FIRST call of every burst discarded as a drained-queue launch, a host-side idle gap after each burst setting the sustained duty cycle, and the SM clock, board power and memory clock read through NVML with the burst still in flight; NOT timing.TIMING_BASIS",1905.0,False,high,True,True,ok,"LEVEL HIGH (recorded, never an exclusion here): loaded clock 1905 MHz against the 1455 MHz reference. At a duty cycle below 1.0 a HIGH reading is the experiment working, not a cell to drop.",0.25,310.814,0.24987875697103085,31,103.26306567993743,burst,1.1333119869232178,1.1293760538101196,True,1890 1695 1935 1815 1950 1905 1710 1935 1845 1965 1920 1965 1845 1965 1905,False,3725.122836206298,"measured on this device: NVIDIA GH200 480GB (measured), 3725.1 GB/s (triad pattern)",13.0,580.105.08,True,1,f49a2133c942c20c3b1b72e002b03af1ccd216a3,NVIDIA GH200 480GB,192-222-57-200,"scripts/clock_elasticity.py: bursts of N back-to-back fused_experts calls under one pinned tile, each call L2-flushed and bracketed by its own pre-primed event pair, the FIRST call of every burst discarded as a drained-queue launch, a host-side idle gap after each burst setting the sustained duty cycle, and the SM clock, board power and memory clock read through NVML with the burst still in flight; NOT timing.TIMING_BASIS | duty 0.25 | each idle gap sized from its own burst (gap_basis burst)",,iters=supplied as None; sglang=package not installed,1,3.12.14,177.93141728460498,"measured on this device: NVIDIA GH200 480GB (measured), 662.8 TFLOP/s bf16 over 3725.1 GB/s (triad pattern); calibrated 2026-09-25 at f49a2133",,200.0,2.13.0,3.7.1,2026-09-25T07:38:13+00:00,0.27.1,300.0
shared,8,32,2,64,256,1,72,1.1256959438323975,1.1148159503936768,0.024850491114535637,145,3,551.4323196411133,"scripts/clock_elasticity.py: bursts of N back-to-back fused_experts calls under one pinned tile, each call L2-flushed and bracketed by its own pre-primed event pair, the FIRST call of every burst discarded as a drained-queue launch, a host-side idle gap after each burst setting the sustained duty cycle, and the SM clock, board power and memory clock read through NVML with the burst still in flight; NOT timing.TIMING_BASIS",1935.0,False,high,True,True,ok,"LEVEL HIGH (recorded, never an exclusion here): loaded clock 1935 MHz against the 1455 MHz reference. At a duty cycle below 1.0 a HIGH reading is the experiment working, not a cell to drop.",0.25,314.07,0.24988027517462993,30,99.82151515281656,burst,1.1264640092849731,1.1255680322647095,True,1965 1965 1725 1965 1935 1845 1830 1950 1860 1950 1905 1785 1965 1920 1965,False,3725.122836206298,"measured on this device: NVIDIA GH200 480GB (measured), 3725.1 GB/s (triad pattern)",13.0,580.105.08,True,1,f49a2133c942c20c3b1b72e002b03af1ccd216a3,NVIDIA GH200 480GB,192-222-57-200,"scripts/clock_elasticity.py: bursts of N back-to-back fused_experts calls under one pinned tile, each call L2-flushed and bracketed by its own pre-primed event pair, the FIRST call of every burst discarded as a drained-queue launch, a host-side idle gap after each burst setting the sustained duty cycle, and the SM clock, board power and memory clock read through NVML with the burst still in flight; NOT timing.TIMING_BASIS | duty 0.25 | each idle gap sized from its own burst (gap_basis burst)",,iters=supplied as None; sglang=package not installed,1,3.12.14,177.93141728460498,"measured on this device: NVIDIA GH200 480GB (measured), 662.8 TFLOP/s bf16 over 3725.1 GB/s (triad pattern); calibrated 2026-09-25 at f49a2133",,200.0,2.13.0,3.7.1,2026-09-25T07:38:13+00:00,0.27.1,300.0
private,8,32,3,96,384,3,72,2.448512077331543,2.4396800994873047,0.004220562153226971,75,3,315.24124813079834,"scripts/clock_elasticity.py: bursts of N back-to-back fused_experts calls under one pinned tile, each call L2-flushed and bracketed by its own pre-primed event pair, the FIRST call of every burst discarded as a drained-queue launch, a host-side idle gap after each burst setting the sustained duty cycle, and the SM clock, board power and memory clock read through NVML with the burst still in flight; NOT timing.TIMING_BASIS",1965.0,False,high,True,True,ok,"LEVEL HIGH (recorded, never an exclusion here): loaded clock 1965 MHz against the 1455 MHz reference. At a duty cycle below 1.0 a HIGH reading is the experiment working, not a cell to drop.",0.25,295.236,0.24988958977736977,16,116.71493169475433,burst,2.448575973510742,2.4475200176239014,True,1920 1965 1965 1935 1965 1875 1965 1905 1965 1965 1935 1965 1890 1950 1965,False,3725.122836206298,"measured on this device: NVIDIA GH200 480GB (measured), 3725.1 GB/s (triad pattern)",13.0,580.105.08,True,1,f49a2133c942c20c3b1b72e002b03af1ccd216a3,NVIDIA GH200 480GB,192-222-57-200,"scripts/clock_elasticity.py: bursts of N back-to-back fused_experts calls under one pinned tile, each call L2-flushed and bracketed by its own pre-primed event pair, the FIRST call of every burst discarded as a drained-queue launch, a host-side idle gap after each burst setting the sustained duty cycle, and the SM clock, board power and memory clock read through NVML with the burst still in flight; NOT timing.TIMING_BASIS | duty 0.25 | each idle gap sized from its own burst (gap_basis burst)",,iters=supplied as None; sglang=package not installed,1,3.12.14,177.93141728460498,"measured on this device: NVIDIA GH200 480GB (measured), 662.8 TFLOP/s bf16 over 3725.1 GB/s (triad pattern); calibrated 2026-09-25 at f49a2133",,200.0,2.13.0,3.7.1,2026-09-25T07:38:13+00:00,0.27.1,300.0
native,8,32,3,96,384,1,8,1.6667200326919556,1.651968002319336,0.037002040616184076,100,3,605.9742399454117,"scripts/clock_elasticity.py: bursts of N back-to-back fused_experts calls under one pinned tile, each call L2-flushed and bracketed by its own pre-primed event pair, the FIRST call of every burst discarded as a drained-queue launch, a host-side idle gap after each burst setting the sustained duty cycle, and the SM clock, board power and memory clock read through NVML with the burst still in flight; NOT timing.TIMING_BASIS",1905.0,False,high,False,True,ok,"LEVEL HIGH (recorded, never an exclusion here): loaded clock 1905 MHz against the 1455 MHz reference. At a duty cycle below 1.0 a HIGH reading is the experiment working, not a cell to drop.; DRIFT failed, settling upward: 1650 -> 1965 MHz over 15 bursts; this cell is EXCLUDED",0.25,314.6,0.2498849306585952,21,104.05658170841708,burst,1.6700160503387451,1.666368007659912,True,1650 1935 1815 1950 1905 1680 1935 1875 1965 1875 1965 1890 1965 1890 1965,False,3725.122836206298,"measured on this device: NVIDIA GH200 480GB (measured), 3725.1 GB/s (triad pattern)",13.0,580.105.08,True,1,f49a2133c942c20c3b1b72e002b03af1ccd216a3,NVIDIA GH200 480GB,192-222-57-200,"scripts/clock_elasticity.py: bursts of N back-to-back fused_experts calls under one pinned tile, each call L2-flushed and bracketed by its own pre-primed event pair, the FIRST call of every burst discarded as a drained-queue launch, a host-side idle gap after each burst setting the sustained duty cycle, and the SM clock, board power and memory clock read through NVML with the burst still in flight; NOT timing.TIMING_BASIS | duty 0.25 | each idle gap sized from its own burst (gap_basis burst)",,iters=supplied as None; sglang=package not installed,1,3.12.14,177.93141728460498,"measured on this device: NVIDIA GH200 480GB (measured), 662.8 TFLOP/s bf16 over 3725.1 GB/s (triad pattern); calibrated 2026-09-25 at f49a2133",,200.0,2.13.0,3.7.1,2026-09-25T07:38:13+00:00,0.27.1,300.0
shared,8,32,3,96,384,1,72,1.654304027557373,1.6404160261154175,0.016743310909929116,95,3,340.107647895813,"scripts/clock_elasticity.py: bursts of N back-to-back fused_experts calls under one pinned tile, each call L2-flushed and bracketed by its own pre-primed event pair, the FIRST call of every burst discarded as a drained-queue launch, a host-side idle gap after each burst setting the sustained duty cycle, and the SM clock, board power and memory clock read through NVML with the burst still in flight; NOT timing.TIMING_BASIS",1905.0,False,high,False,True,ok,"LEVEL HIGH (recorded, never an exclusion here): loaded clock 1905 MHz against the 1455 MHz reference. At a duty cycle below 1.0 a HIGH reading is the experiment working, not a cell to drop.; DRIFT failed, settling upward: 1755 -> 1905 MHz over 15 bursts; this cell is EXCLUDED",0.25,323.832,0.24988144787621588,20,98.30633340221176,burst,1.664624035358429,1.6510239839553833,True,1755 1965 1890 1890 1965 1890 1875 1965 1875 1965 1965 1905 1875 1965 1905,False,3725.122836206298,"measured on this device: NVIDIA GH200 480GB (measured), 3725.1 GB/s (triad pattern)",13.0,580.105.08,True,1,f49a2133c942c20c3b1b72e002b03af1ccd216a3,NVIDIA GH200 480GB,192-222-57-200,"scripts/clock_elasticity.py: bursts of N back-to-back fused_experts calls under one pinned tile, each call L2-flushed and bracketed by its own pre-primed event pair, the FIRST call of every burst discarded as a drained-queue launch, a host-side idle gap after each burst setting the sustained duty cycle, and the SM clock, board power and memory clock read through NVML with the burst still in flight; NOT timing.TIMING_BASIS | duty 0.25 | each idle gap sized from its own burst (gap_basis burst)",,iters=supplied as None; sglang=package not installed,1,3.12.14,177.93141728460498,"measured on this device: NVIDIA GH200 480GB (measured), 662.8 TFLOP/s bf16 over 3725.1 GB/s (triad pattern); calibrated 2026-09-25 at f49a2133",,200.0,2.13.0,3.7.1,2026-09-25T07:38:13+00:00,0.27.1,300.0
private,8,32,4,128,512,4,72,3.2616961002349854,3.251840114593506,0.004366631099964793,55,3,354.1046085357666,"scripts/clock_elasticity.py: bursts of N back-to-back fused_experts calls under one pinned tile, each call L2-flushed and bracketed by its own pre-primed event pair, the FIRST call of every burst discarded as a drained-queue launch, a host-side idle gap after each burst setting the sustained duty cycle, and the SM clock, board power and memory clock read through NVML with the burst still in flight; NOT timing.TIMING_BASIS",1920.0,False,high,True,True,ok,"LEVEL HIGH (recorded, never an exclusion here): loaded clock 1920 MHz against the 1455 MHz reference. At a duty cycle below 1.0 a HIGH reading is the experiment working, not a cell to drop.",0.25,291.692,0.24988888084661737,12,116.93352840415899,burst,3.2623679637908936,3.2625919580459595,True,1965 1905 1950 1815 1920 1965 1920 1965 1905 1965 1800 1920 1965 1875 1965,False,3725.122836206298,"measured on this device: NVIDIA GH200 480GB (measured), 3725.1 GB/s (triad pattern)",13.0,580.105.08,True,1,f49a2133c942c20c3b1b72e002b03af1ccd216a3,NVIDIA GH200 480GB,192-222-57-200,"scripts/clock_elasticity.py: bursts of N back-to-back fused_experts calls under one pinned tile, each call L2-flushed and bracketed by its own pre-primed event pair, the FIRST call of every burst discarded as a drained-queue launch, a host-side idle gap after each burst setting the sustained duty cycle, and the SM clock, board power and memory clock read through NVML with the burst still in flight; NOT timing.TIMING_BASIS | duty 0.25 | each idle gap sized from its own burst (gap_basis burst)",,iters=supplied as None; sglang=package not installed,1,3.12.14,177.93141728460498,"measured on this device: NVIDIA GH200 480GB (measured), 662.8 TFLOP/s bf16 over 3725.1 GB/s (triad pattern); calibrated 2026-09-25 at f49a2133",,200.0,2.13.0,3.7.1,2026-09-25T07:38:13+00:00,0.27.1,300.0
native,8,32,4,128,512,1,8,2.1516000032424927,2.1403839588165283,0.026054608150339036,80,3,372.3043522834778,"scripts/clock_elasticity.py: bursts of N back-to-back fused_experts calls under one pinned tile, each call L2-flushed and bracketed by its own pre-primed event pair, the FIRST call of every burst discarded as a drained-queue launch, a host-side idle gap after each burst setting the sustained duty cycle, and the SM clock, board power and memory clock read through NVML with the burst still in flight; NOT timing.TIMING_BASIS",1950.0,False,high,True,True,ok,"LEVEL HIGH (recorded, never an exclusion here): loaded clock 1950 MHz against the 1455 MHz reference. At a duty cycle below 1.0 a HIGH reading is the experiment working, not a cell to drop.",0.25,308.003,0.24988861463933898,17,109.00008495924703,burst,2.1547199487686157,2.15175998210907,True,1965 1950 1935 1950 1905 1965 1890 1965 1965 1965 1950 1965 1935 1920 1935,False,3725.122836206298,"measured on this device: NVIDIA GH200 480GB (measured), 3725.1 GB/s (triad pattern)",13.0,580.105.08,True,1,f49a2133c942c20c3b1b72e002b03af1ccd216a3,NVIDIA GH200 480GB,192-222-57-200,"scripts/clock_elasticity.py: bursts of N back-to-back fused_experts calls under one pinned tile, each call L2-flushed and bracketed by its own pre-primed event pair, the FIRST call of every burst discarded as a drained-queue launch, a host-side idle gap after each burst setting the sustained duty cycle, and the SM clock, board power and memory clock read through NVML with the burst still in flight; NOT timing.TIMING_BASIS | duty 0.25 | each idle gap sized from its own burst (gap_basis burst)",,iters=supplied as None; sglang=package not installed,1,3.12.14,177.93141728460498,"measured on this device: NVIDIA GH200 480GB (measured), 662.8 TFLOP/s bf16 over 3725.1 GB/s (triad pattern); calibrated 2026-09-25 at f49a2133",,200.0,2.13.0,3.7.1,2026-09-25T07:38:13+00:00,0.27.1,300.0
shared,8,32,4,128,512,1,72,2.1611839532852173,2.1512320041656494,0.02660820177503088,80,3,522.24547123909,"scripts/clock_elasticity.py: bursts of N back-to-back fused_experts calls under one pinned tile, each call L2-flushed and bracketed by its own pre-primed event pair, the FIRST call of every burst discarded as a drained-queue launch, a host-side idle gap after each burst setting the sustained duty cycle, and the SM clock, board power and memory clock read through NVML with the burst still in flight; NOT timing.TIMING_BASIS",1950.0,False,high,True,True,ok,"LEVEL HIGH (recorded, never an exclusion here): loaded clock 1950 MHz against the 1455 MHz reference. At a duty cycle below 1.0 a HIGH reading is the experiment working, not a cell to drop.",0.25,306.908,0.24988670680451622,17,109.42123480941154,burst,2.164176106452942,2.16211199760437,True,1965 1965 1800 1965 1785 1950 1950 1935 1965 1950 1905 1965 1890 1965 1890,False,3725.122836206298,"measured on this device: NVIDIA GH200 480GB (measured), 3725.1 GB/s (triad pattern)",13.0,580.105.08,True,1,f49a2133c942c20c3b1b72e002b03af1ccd216a3,NVIDIA GH200 480GB,192-222-57-200,"scripts/clock_elasticity.py: bursts of N back-to-back fused_experts calls under one pinned tile, each call L2-flushed and bracketed by its own pre-primed event pair, the FIRST call of every burst discarded as a drained-queue launch, a host-side idle gap after each burst setting the sustained duty cycle, and the SM clock, board power and memory clock read through NVML with the burst still in flight; NOT timing.TIMING_BASIS | duty 0.25 | each idle gap sized from its own burst (gap_basis burst)",,iters=supplied as None; sglang=package not installed,1,3.12.14,177.93141728460498,"measured on this device: NVIDIA GH200 480GB (measured), 662.8 TFLOP/s bf16 over 3725.1 GB/s (triad pattern); calibrated 2026-09-25 at f49a2133",,200.0,2.13.0,3.7.1,2026-09-25T07:38:13+00:00,0.27.1,300.0
private,8,32,5,160,640,5,72,4.075615882873535,4.0654401779174805,0.0057430285308020515,45,3,409.8514242172241,"scripts/clock_elasticity.py: bursts of N back-to-back fused_experts calls under one pinned tile, each call L2-flushed and bracketed by its own pre-primed event pair, the FIRST call of every burst discarded as a drained-queue launch, a host-side idle gap after each burst setting the sustained duty cycle, and the SM clock, board power and memory clock read through NVML with the burst still in flight; NOT timing.TIMING_BASIS",1935.0,False,high,True,True,ok,"LEVEL HIGH (recorded, never an exclusion here): loaded clock 1935 MHz against the 1455 MHz reference. At a duty cycle below 1.0 a HIGH reading is the experiment working, not a cell to drop.",0.25,292.99,0.24990518491943214,10,121.92183237950665,burst,4.074879884719849,4.078719854354858,True,1920 1965 1875 1950 1965 1890 1920 1965 1935 1935 1965 1920 1920 1950 1950,False,3725.122836206298,"measured on this device: NVIDIA GH200 480GB (measured), 3725.1 GB/s (triad pattern)",13.0,580.105.08,True,1,f49a2133c942c20c3b1b72e002b03af1ccd216a3,NVIDIA GH200 480GB,192-222-57-200,"scripts/clock_elasticity.py: bursts of N back-to-back fused_experts calls under one pinned tile, each call L2-flushed and bracketed by its own pre-primed event pair, the FIRST call of every burst discarded as a drained-queue launch, a host-side idle gap after each burst setting the sustained duty cycle, and the SM clock, board power and memory clock read through NVML with the burst still in flight; NOT timing.TIMING_BASIS | duty 0.25 | each idle gap sized from its own burst (gap_basis burst)",,iters=supplied as None; sglang=package not installed,1,3.12.14,177.93141728460498,"measured on this device: NVIDIA GH200 480GB (measured), 662.8 TFLOP/s bf16 over 3725.1 GB/s (triad pattern); calibrated 2026-09-25 at f49a2133",,200.0,2.13.0,3.7.1,2026-09-25T07:38:13+00:00,0.27.1,300.0
native,8,32,5,160,640,1,8,2.683727979660034,2.6710081100463867,0.007123296320840198,60,3,922.4605453014374,"scripts/clock_elasticity.py: bursts of N back-to-back fused_experts calls under one pinned tile, each call L2-flushed and bracketed by its own pre-primed event pair, the FIRST call of every burst discarded as a drained-queue launch, a host-side idle gap after each burst setting the sustained duty cycle, and the SM clock, board power and memory clock read through NVML with the burst still in flight; NOT timing.TIMING_BASIS",1905.0,False,high,False,True,ok,"LEVEL HIGH (recorded, never an exclusion here): loaded clock 1905 MHz against the 1455 MHz reference. At a duty cycle below 1.0 a HIGH reading is the experiment working, not a cell to drop.; DRIFT failed, dropping: 1950 -> 1680 MHz over 15 bursts; this cell is EXCLUDED",0.25,317.47,0.24988060580561997,13,104.16430272561047,burst,2.687455892562866,2.6819519996643066,True,1950 1830 1950 1890 1680 1935 1830 1950 1905 1680 1935 1830 1950 1905 1680,False,3725.122836206298,"measured on this device: NVIDIA GH200 480GB (measured), 3725.1 GB/s (triad pattern)",13.0,580.105.08,True,1,f49a2133c942c20c3b1b72e002b03af1ccd216a3,NVIDIA GH200 480GB,192-222-57-200,"scripts/clock_elasticity.py: bursts of N back-to-back fused_experts calls under one pinned tile, each call L2-flushed and bracketed by its own pre-primed event pair, the FIRST call of every burst discarded as a drained-queue launch, a host-side idle gap after each burst setting the sustained duty cycle, and the SM clock, board power and memory clock read through NVML with the burst still in flight; NOT timing.TIMING_BASIS | duty 0.25 | each idle gap sized from its own burst (gap_basis burst)",,iters=supplied as None; sglang=package not installed,1,3.12.14,177.93141728460498,"measured on this device: NVIDIA GH200 480GB (measured), 662.8 TFLOP/s bf16 over 3725.1 GB/s (triad pattern); calibrated 2026-09-25 at f49a2133",,200.0,2.13.0,3.7.1,2026-09-25T07:38:13+00:00,0.27.1,300.0
shared,8,32,5,160,640,1,72,2.6961759328842163,2.680288076400757,0.009253948394770924,60,3,431.1586546897888,"scripts/clock_elasticity.py: bursts of N back-to-back fused_experts calls under one pinned tile, each call L2-flushed and bracketed by its own pre-primed event pair, the FIRST call of every burst discarded as a drained-queue launch, a host-side idle gap after each burst setting the sustained duty cycle, and the SM clock, board power and memory clock read through NVML with the burst still in flight; NOT timing.TIMING_BASIS",1905.0,False,high,False,True,ok,"LEVEL HIGH (recorded, never an exclusion here): loaded clock 1905 MHz against the 1455 MHz reference. At a duty cycle below 1.0 a HIGH reading is the experiment working, not a cell to drop.; DRIFT failed, settling upward: 1830 -> 1950 MHz over 15 bursts; this cell is EXCLUDED",0.25,311.218,0.2498835915555099,13,104.63444341873037,burst,2.699104070663452,2.6943678855895996,True,1830 1905 1905 1965 1905 1845 1860 1920 1965 1890 1890 1935 1935 1965 1950,False,3725.122836206298,"measured on this device: NVIDIA GH200 480GB (measured), 3725.1 GB/s (triad pattern)",13.0,580.105.08,True,1,f49a2133c942c20c3b1b72e002b03af1ccd216a3,NVIDIA GH200 480GB,192-222-57-200,"scripts/clock_elasticity.py: bursts of N back-to-back fused_experts calls under one pinned tile, each call L2-flushed and bracketed by its own pre-primed event pair, the FIRST call of every burst discarded as a drained-queue launch, a host-side idle gap after each burst setting the sustained duty cycle, and the SM clock, board power and memory clock read through NVML with the burst still in flight; NOT timing.TIMING_BASIS | duty 0.25 | each idle gap sized from its own burst (gap_basis burst)",,iters=supplied as None; sglang=package not installed,1,3.12.14,177.93141728460498,"measured on this device: NVIDIA GH200 480GB (measured), 662.8 TFLOP/s bf16 over 3725.1 GB/s (triad pattern); calibrated 2026-09-25 at f49a2133",,200.0,2.13.0,3.7.1,2026-09-25T07:38:13+00:00,0.27.1,300.0
private,8,32,6,192,768,6,72,4.867743968963623,4.856800079345703,0.007538089722852726,35,3,508.80118322372437,"scripts/clock_elasticity.py: bursts of N back-to-back fused_experts calls under one pinned tile, each call L2-flushed and bracketed by its own pre-primed event pair, the FIRST call of every burst discarded as a drained-queue launch, a host-side idle gap after each burst setting the sustained duty cycle, and the SM clock, board power and memory clock read through NVML with the burst still in flight; NOT timing.TIMING_BASIS",1950.0,False,high,True,True,ok,"LEVEL HIGH (recorded, never an exclusion here): loaded clock 1950 MHz against the 1455 MHz reference. At a duty cycle below 1.0 a HIGH reading is the experiment working, not a cell to drop.",0.25,299.849,0.24989171179532868,8,116.6577291886133,burst,4.867807865142822,4.872704029083252,True,1965 1965 1950 1965 1905 1950 1785 1920 1965 1965 1965 1875 1920 1920 1965,False,3725.122836206298,"measured on this device: NVIDIA GH200 480GB (measured), 3725.1 GB/s (triad pattern)",13.0,580.105.08,True,1,f49a2133c942c20c3b1b72e002b03af1ccd216a3,NVIDIA GH200 480GB,192-222-57-200,"scripts/clock_elasticity.py: bursts of N back-to-back fused_experts calls under one pinned tile, each call L2-flushed and bracketed by its own pre-primed event pair, the FIRST call of every burst discarded as a drained-queue launch, a host-side idle gap after each burst setting the sustained duty cycle, and the SM clock, board power and memory clock read through NVML with the burst still in flight; NOT timing.TIMING_BASIS | duty 0.25 | each idle gap sized from its own burst (gap_basis burst)",,iters=supplied as None; sglang=package not installed,1,3.12.14,177.93141728460498,"measured on this device: NVIDIA GH200 480GB (measured), 662.8 TFLOP/s bf16 over 3725.1 GB/s (triad pattern); calibrated 2026-09-25 at f49a2133",,200.0,2.13.0,3.7.1,2026-09-25T07:38:13+00:00,0.27.1,300.0
native,8,32,6,192,768,1,8,3.200160026550293,3.1650240421295166,0.04327826821310776,50,3,324.7482886314392,"scripts/clock_elasticity.py: bursts of N back-to-back fused_experts calls under one pinned tile, each call L2-flushed and bracketed by its own pre-primed event pair, the FIRST call of every burst discarded as a drained-queue launch, a host-side idle gap after each burst setting the sustained duty cycle, and the SM clock, board power and memory clock read through NVML with the burst still in flight; NOT timing.TIMING_BASIS",1965.0,False,high,True,True,ok,"LEVEL HIGH (recorded, never an exclusion here): loaded clock 1965 MHz against the 1455 MHz reference. At a duty cycle below 1.0 a HIGH reading is the experiment working, not a cell to drop.",0.25,313.757,0.24988024527598748,11,105.32772305684193,burst,3.206544041633606,3.1969120502471924,True,1980 1980 1980 1980 1980 1965 1965 1965 1935 1965 1905 1710 1950 1845 1965,False,3725.122836206298,"measured on this device: NVIDIA GH200 480GB (measured), 3725.1 GB/s (triad pattern)",13.0,580.105.08,True,1,f49a2133c942c20c3b1b72e002b03af1ccd216a3,NVIDIA GH200 480GB,192-222-57-200,"scripts/clock_elasticity.py: bursts of N back-to-back fused_experts calls under one pinned tile, each call L2-flushed and bracketed by its own pre-primed event pair, the FIRST call of every burst discarded as a drained-queue launch, a host-side idle gap after each burst setting the sustained duty cycle, and the SM clock, board power and memory clock read through NVML with the burst still in flight; NOT timing.TIMING_BASIS | duty 0.25 | each idle gap sized from its own burst (gap_basis burst)",,iters=supplied as None; sglang=package not installed,1,3.12.14,177.93141728460498,"measured on this device: NVIDIA GH200 480GB (measured), 662.8 TFLOP/s bf16 over 3725.1 GB/s (triad pattern); calibrated 2026-09-25 at f49a2133",,200.0,2.13.0,3.7.1,2026-09-25T07:38:13+00:00,0.27.1,300.0
shared,8,32,6,192,768,1,72,3.2208319902420044,3.2061760425567627,0.052665806682766554,50,3,325.8799993991852,"scripts/clock_elasticity.py: bursts of N back-to-back fused_experts calls under one pinned tile, each call L2-flushed and bracketed by its own pre-primed event pair, the FIRST call of every burst discarded as a drained-queue launch, a host-side idle gap after each burst setting the sustained duty cycle, and the SM clock, board power and memory clock read through NVML with the burst still in flight; NOT timing.TIMING_BASIS",1920.0,False,high,True,True,ok,"LEVEL HIGH (recorded, never an exclusion here): loaded clock 1920 MHz against the 1455 MHz reference. At a duty cycle below 1.0 a HIGH reading is the experiment working, not a cell to drop.",0.25,310.163,0.24988617671206,11,106.16452092400141,burst,3.2243999242782593,3.2350399494171143,True,1965 1905 1785 1950 1920 1935 1845 1950 1905 1770 1950 1890 1950 1860 1920,False,3725.122836206298,"measured on this device: NVIDIA GH200 480GB (measured), 3725.1 GB/s (triad pattern)",13.0,580.105.08,True,1,f49a2133c942c20c3b1b72e002b03af1ccd216a3,NVIDIA GH200 480GB,192-222-57-200,"scripts/clock_elasticity.py: bursts of N back-to-back fused_experts calls under one pinned tile, each call L2-flushed and bracketed by its own pre-primed event pair, the FIRST call of every burst discarded as a drained-queue launch, a host-side idle gap after each burst setting the sustained duty cycle, and the SM clock, board power and memory clock read through NVML with the burst still in flight; NOT timing.TIMING_BASIS | duty 0.25 | each idle gap sized from its own burst (gap_basis burst)",,iters=supplied as None; sglang=package not installed,1,3.12.14,177.93141728460498,"measured on this device: NVIDIA GH200 480GB (measured), 662.8 TFLOP/s bf16 over 3725.1 GB/s (triad pattern); calibrated 2026-09-25 at f49a2133",,200.0,2.13.0,3.7.1,2026-09-25T07:38:13+00:00,0.27.1,300.0
