arm,repeat,block_m,tiles,rows_per_expert,tokens,copies,experts_declared,ms_p50,ms_min,ms_stdev,iters,trials,warmup_ms,instrument,sm_clock_load_mhz,clock_level_ok,clock_level_side,clock_drift_ok,l2_flush,status,detail,duty,power_w,duty_achieved,calls_per_burst,gap_ms,gap_basis,head_ms,tail_ms,within_burst_ok,clock_samples_mhz,host_bound,prov_bandwidth,prov_bandwidth_source,prov_cuda_version,prov_driver_version,prov_git_dirty,prov_git_dirty_files,prov_git_sha,prov_gpu_name,prov_hostname,prov_instrument,prov_iters,prov_missing,prov_provenance_version,prov_python,prov_ridge,prov_ridge_source,prov_sglang,prov_target_ms,prov_torch,prov_triton,prov_utc,prov_vllm,prov_warmup_ms
native,0,32,1,32,256,1,64,0.27456000447273254,0.2688640058040619,0.01358369510107847,625,3,332.347744256258,"scripts/clock_elasticity.py: bursts of N back-to-back fused_experts calls under one pinned tile, each call L2-flushed and bracketed by its own pre-primed event pair, the FIRST call of every burst discarded as a drained-queue launch, a host-side idle gap after each burst setting the sustained duty cycle, and the SM clock, board power and memory clock read through NVML with the burst still in flight; NOT timing.TIMING_BASIS",1710.0,False,high,True,True,ok,"histogram=balanced; LEVEL HIGH (recorded, never an exclusion here): loaded clock 1710 MHz against the 1425 MHz reference. At a duty cycle below 1.0 a HIGH reading is the experiment working, not a cell to drop.; host-bound: in 15 of 15 trials the GPU had fewer than 2 iterations of work queued when the host finished enqueueing (smallest backlog 0.35 iterations; host enqueue 0.3620 ms per call); the intervals include host enqueue time and the number is an upper bound on the kernel time; time the callable as a graph replay or through a fused launcher to measure the GPU alone",0.25,287.548,0.24988150145306826,126,97.40383267473227,burst,0.27561599016189575,0.27452799677848816,True,1710 1710 1710 1710 1710 1710 1710 1710 1710 1710 1710 1710 1710 1710 1710,True,3727.5885372149983,"measured on this device: NVIDIA GH200 480GB (measured), 3727.6 GB/s (triad pattern)",13.0,580.105.08,True,1,d4d1767e5b2460a15228bfd986c304aecf6526a1,NVIDIA GH200 480GB,192-222-58-3,"scripts/clock_elasticity.py: bursts of N back-to-back fused_experts calls under one pinned tile, each call L2-flushed and bracketed by its own pre-primed event pair, the FIRST call of every burst discarded as a drained-queue launch, a host-side idle gap after each burst setting the sustained duty cycle, and the SM clock, board power and memory clock read through NVML with the burst still in flight; NOT timing.TIMING_BASIS | duty 0.25 | each idle gap sized from its own burst (gap_basis burst)",,iters=supplied as None; sglang=package not installed,1,3.12.15,174.8671636688607,"measured on this device: NVIDIA GH200 480GB (measured), 651.8 TFLOP/s bf16 over 3727.6 GB/s (triad pattern); calibrated 2026-10-08 at d4d1767e",,200.0,2.13.0,3.7.1,2026-10-09T01:13:24+00:00,0.27.1,300.0
native,0,32,2,64,512,1,64,0.38284799456596375,0.3789440095424652,0.0014854583484468266,510,3,317.33680033683777,"scripts/clock_elasticity.py: bursts of N back-to-back fused_experts calls under one pinned tile, each call L2-flushed and bracketed by its own pre-primed event pair, the FIRST call of every burst discarded as a drained-queue launch, a host-side idle gap after each burst setting the sustained duty cycle, and the SM clock, board power and memory clock read through NVML with the burst still in flight; NOT timing.TIMING_BASIS",1710.0,False,high,True,True,ok,"histogram=balanced; LEVEL HIGH (recorded, never an exclusion here): loaded clock 1710 MHz against the 1425 MHz reference. At a duty cycle below 1.0 a HIGH reading is the experiment working, not a cell to drop.",0.25,305.142,0.24989290635260952,103,110.54175576840497,burst,0.38339200615882874,0.38281598687171936,True,1710 1710 1710 1710 1710 1710 1710 1710 1710 1710 1710 1710 1710 1710 1710,False,3727.5885372149983,"measured on this device: NVIDIA GH200 480GB (measured), 3727.6 GB/s (triad pattern)",13.0,580.105.08,True,1,d4d1767e5b2460a15228bfd986c304aecf6526a1,NVIDIA GH200 480GB,192-222-58-3,"scripts/clock_elasticity.py: bursts of N back-to-back fused_experts calls under one pinned tile, each call L2-flushed and bracketed by its own pre-primed event pair, the FIRST call of every burst discarded as a drained-queue launch, a host-side idle gap after each burst setting the sustained duty cycle, and the SM clock, board power and memory clock read through NVML with the burst still in flight; NOT timing.TIMING_BASIS | duty 0.25 | each idle gap sized from its own burst (gap_basis burst)",,iters=supplied as None; sglang=package not installed,1,3.12.15,174.8671636688607,"measured on this device: NVIDIA GH200 480GB (measured), 651.8 TFLOP/s bf16 over 3727.6 GB/s (triad pattern); calibrated 2026-10-08 at d4d1767e",,200.0,2.13.0,3.7.1,2026-10-09T01:13:24+00:00,0.27.1,300.0
native,0,32,3,96,768,1,64,0.5495039820671082,0.5430399775505066,0.00238030539562482,355,3,318.45500779151917,"scripts/clock_elasticity.py: bursts of N back-to-back fused_experts calls under one pinned tile, each call L2-flushed and bracketed by its own pre-primed event pair, the FIRST call of every burst discarded as a drained-queue launch, a host-side idle gap after each burst setting the sustained duty cycle, and the SM clock, board power and memory clock read through NVML with the burst still in flight; NOT timing.TIMING_BASIS",1710.0,False,high,True,True,ok,"histogram=balanced; LEVEL HIGH (recorded, never an exclusion here): loaded clock 1710 MHz against the 1425 MHz reference. At a duty cycle below 1.0 a HIGH reading is the experiment working, not a cell to drop.",0.25,291.925,0.2498953884775265,72,113.32047658935335,burst,0.550432026386261,0.5486400127410889,True,1710 1710 1710 1710 1710 1710 1710 1710 1710 1710 1710 1710 1710 1710 1710,False,3727.5885372149983,"measured on this device: NVIDIA GH200 480GB (measured), 3727.6 GB/s (triad pattern)",13.0,580.105.08,True,1,d4d1767e5b2460a15228bfd986c304aecf6526a1,NVIDIA GH200 480GB,192-222-58-3,"scripts/clock_elasticity.py: bursts of N back-to-back fused_experts calls under one pinned tile, each call L2-flushed and bracketed by its own pre-primed event pair, the FIRST call of every burst discarded as a drained-queue launch, a host-side idle gap after each burst setting the sustained duty cycle, and the SM clock, board power and memory clock read through NVML with the burst still in flight; NOT timing.TIMING_BASIS | duty 0.25 | each idle gap sized from its own burst (gap_basis burst)",,iters=supplied as None; sglang=package not installed,1,3.12.15,174.8671636688607,"measured on this device: NVIDIA GH200 480GB (measured), 651.8 TFLOP/s bf16 over 3727.6 GB/s (triad pattern); calibrated 2026-10-08 at d4d1767e",,200.0,2.13.0,3.7.1,2026-10-09T01:13:24+00:00,0.27.1,300.0
native,0,32,4,128,1024,1,64,0.7179520130157471,0.7123519778251648,0.0021648262840841207,275,3,323.24521565437317,"scripts/clock_elasticity.py: bursts of N back-to-back fused_experts calls under one pinned tile, each call L2-flushed and bracketed by its own pre-primed event pair, the FIRST call of every burst discarded as a drained-queue launch, a host-side idle gap after each burst setting the sustained duty cycle, and the SM clock, board power and memory clock read through NVML with the burst still in flight; NOT timing.TIMING_BASIS",1710.0,False,high,True,True,ok,"histogram=balanced; LEVEL HIGH (recorded, never an exclusion here): loaded clock 1710 MHz against the 1425 MHz reference. At a duty cycle below 1.0 a HIGH reading is the experiment working, not a cell to drop.",0.25,279.864,0.2498949239154279,56,116.53824610199082,burst,0.7185919880867004,0.7171519994735718,True,1710 1710 1710 1710 1710 1710 1710 1710 1710 1710 1710 1710 1710 1710 1710,False,3727.5885372149983,"measured on this device: NVIDIA GH200 480GB (measured), 3727.6 GB/s (triad pattern)",13.0,580.105.08,True,1,d4d1767e5b2460a15228bfd986c304aecf6526a1,NVIDIA GH200 480GB,192-222-58-3,"scripts/clock_elasticity.py: bursts of N back-to-back fused_experts calls under one pinned tile, each call L2-flushed and bracketed by its own pre-primed event pair, the FIRST call of every burst discarded as a drained-queue launch, a host-side idle gap after each burst setting the sustained duty cycle, and the SM clock, board power and memory clock read through NVML with the burst still in flight; NOT timing.TIMING_BASIS | duty 0.25 | each idle gap sized from its own burst (gap_basis burst)",,iters=supplied as None; sglang=package not installed,1,3.12.15,174.8671636688607,"measured on this device: NVIDIA GH200 480GB (measured), 651.8 TFLOP/s bf16 over 3727.6 GB/s (triad pattern); calibrated 2026-10-08 at d4d1767e",,200.0,2.13.0,3.7.1,2026-10-09T01:13:24+00:00,0.27.1,300.0
native,0,32,5,160,1280,1,64,0.8858559727668762,0.8786560297012329,0.0027696020847537304,220,3,320.49436765909195,"scripts/clock_elasticity.py: bursts of N back-to-back fused_experts calls under one pinned tile, each call L2-flushed and bracketed by its own pre-primed event pair, the FIRST call of every burst discarded as a drained-queue launch, a host-side idle gap after each burst setting the sustained duty cycle, and the SM clock, board power and memory clock read through NVML with the burst still in flight; NOT timing.TIMING_BASIS",1710.0,False,high,True,True,ok,"histogram=balanced; LEVEL HIGH (recorded, never an exclusion here): loaded clock 1710 MHz against the 1425 MHz reference. At a duty cycle below 1.0 a HIGH reading is the experiment working, not a cell to drop.",0.25,282.775,0.24989580340682382,45,116.41570284846966,burst,0.88755202293396,0.8851519823074341,True,1710 1710 1710 1710 1710 1710 1710 1710 1710 1710 1710 1710 1710 1710 1710,False,3727.5885372149983,"measured on this device: NVIDIA GH200 480GB (measured), 3727.6 GB/s (triad pattern)",13.0,580.105.08,True,1,d4d1767e5b2460a15228bfd986c304aecf6526a1,NVIDIA GH200 480GB,192-222-58-3,"scripts/clock_elasticity.py: bursts of N back-to-back fused_experts calls under one pinned tile, each call L2-flushed and bracketed by its own pre-primed event pair, the FIRST call of every burst discarded as a drained-queue launch, a host-side idle gap after each burst setting the sustained duty cycle, and the SM clock, board power and memory clock read through NVML with the burst still in flight; NOT timing.TIMING_BASIS | duty 0.25 | each idle gap sized from its own burst (gap_basis burst)",,iters=supplied as None; sglang=package not installed,1,3.12.15,174.8671636688607,"measured on this device: NVIDIA GH200 480GB (measured), 651.8 TFLOP/s bf16 over 3727.6 GB/s (triad pattern); calibrated 2026-10-08 at d4d1767e",,200.0,2.13.0,3.7.1,2026-10-09T01:13:24+00:00,0.27.1,300.0
native,0,32,6,192,1536,1,64,1.0550400018692017,1.0494400262832642,0.002154889216379815,185,3,322.24054503440857,"scripts/clock_elasticity.py: bursts of N back-to-back fused_experts calls under one pinned tile, each call L2-flushed and bracketed by its own pre-primed event pair, the FIRST call of every burst discarded as a drained-queue launch, a host-side idle gap after each burst setting the sustained duty cycle, and the SM clock, board power and memory clock read through NVML with the burst still in flight; NOT timing.TIMING_BASIS",1710.0,False,high,True,True,ok,"histogram=balanced; LEVEL HIGH (recorded, never an exclusion here): loaded clock 1710 MHz against the 1425 MHz reference. At a duty cycle below 1.0 a HIGH reading is the experiment working, not a cell to drop.",0.25,280.192,0.24989819245485292,38,117.68073296937656,burst,1.0564160346984863,1.05404794216156,True,1710 1710 1710 1710 1710 1710 1710 1710 1710 1710 1710 1710 1710 1710 1710,False,3727.5885372149983,"measured on this device: NVIDIA GH200 480GB (measured), 3727.6 GB/s (triad pattern)",13.0,580.105.08,True,1,d4d1767e5b2460a15228bfd986c304aecf6526a1,NVIDIA GH200 480GB,192-222-58-3,"scripts/clock_elasticity.py: bursts of N back-to-back fused_experts calls under one pinned tile, each call L2-flushed and bracketed by its own pre-primed event pair, the FIRST call of every burst discarded as a drained-queue launch, a host-side idle gap after each burst setting the sustained duty cycle, and the SM clock, board power and memory clock read through NVML with the burst still in flight; NOT timing.TIMING_BASIS | duty 0.25 | each idle gap sized from its own burst (gap_basis burst)",,iters=supplied as None; sglang=package not installed,1,3.12.15,174.8671636688607,"measured on this device: NVIDIA GH200 480GB (measured), 651.8 TFLOP/s bf16 over 3727.6 GB/s (triad pattern); calibrated 2026-10-08 at d4d1767e",,200.0,2.13.0,3.7.1,2026-10-09T01:13:24+00:00,0.27.1,300.0
native,0,32,7,224,1792,1,64,1.2228480577468872,1.2168320417404175,0.0028697530469687523,160,3,324.63363242149353,"scripts/clock_elasticity.py: bursts of N back-to-back fused_experts calls under one pinned tile, each call L2-flushed and bracketed by its own pre-primed event pair, the FIRST call of every burst discarded as a drained-queue launch, a host-side idle gap after each burst setting the sustained duty cycle, and the SM clock, board power and memory clock read through NVML with the burst still in flight; NOT timing.TIMING_BASIS",1710.0,False,high,True,True,ok,"histogram=balanced; LEVEL HIGH (recorded, never an exclusion here): loaded clock 1710 MHz against the 1425 MHz reference. At a duty cycle below 1.0 a HIGH reading is the experiment working, not a cell to drop.",0.25,281.506,0.2498969970874081,33,118.93622203826817,burst,1.2242239713668823,1.222656011581421,True,1710 1710 1710 1710 1710 1710 1710 1710 1710 1710 1710 1710 1710 1710 1710,False,3727.5885372149983,"measured on this device: NVIDIA GH200 480GB (measured), 3727.6 GB/s (triad pattern)",13.0,580.105.08,True,1,d4d1767e5b2460a15228bfd986c304aecf6526a1,NVIDIA GH200 480GB,192-222-58-3,"scripts/clock_elasticity.py: bursts of N back-to-back fused_experts calls under one pinned tile, each call L2-flushed and bracketed by its own pre-primed event pair, the FIRST call of every burst discarded as a drained-queue launch, a host-side idle gap after each burst setting the sustained duty cycle, and the SM clock, board power and memory clock read through NVML with the burst still in flight; NOT timing.TIMING_BASIS | duty 0.25 | each idle gap sized from its own burst (gap_basis burst)",,iters=supplied as None; sglang=package not installed,1,3.12.15,174.8671636688607,"measured on this device: NVIDIA GH200 480GB (measured), 651.8 TFLOP/s bf16 over 3727.6 GB/s (triad pattern); calibrated 2026-10-08 at d4d1767e",,200.0,2.13.0,3.7.1,2026-10-09T01:13:24+00:00,0.27.1,300.0
native,0,32,8,256,2048,1,64,1.3933600187301636,1.3886079788208008,0.002712942831979922,140,3,324.727264046669,"scripts/clock_elasticity.py: bursts of N back-to-back fused_experts calls under one pinned tile, each call L2-flushed and bracketed by its own pre-primed event pair, the FIRST call of every burst discarded as a drained-queue launch, a host-side idle gap after each burst setting the sustained duty cycle, and the SM clock, board power and memory clock read through NVML with the burst still in flight; NOT timing.TIMING_BASIS",1710.0,False,high,True,True,ok,"histogram=balanced; LEVEL HIGH (recorded, never an exclusion here): loaded clock 1710 MHz against the 1425 MHz reference. At a duty cycle below 1.0 a HIGH reading is the experiment working, not a cell to drop.",0.25,278.27,0.24989272153807468,29,119.45145699140267,burst,1.3949120044708252,1.393183946609497,True,1710 1710 1710 1710 1710 1710 1710 1710 1710 1710 1710 1710 1710 1710 1710,False,3727.5885372149983,"measured on this device: NVIDIA GH200 480GB (measured), 3727.6 GB/s (triad pattern)",13.0,580.105.08,True,1,d4d1767e5b2460a15228bfd986c304aecf6526a1,NVIDIA GH200 480GB,192-222-58-3,"scripts/clock_elasticity.py: bursts of N back-to-back fused_experts calls under one pinned tile, each call L2-flushed and bracketed by its own pre-primed event pair, the FIRST call of every burst discarded as a drained-queue launch, a host-side idle gap after each burst setting the sustained duty cycle, and the SM clock, board power and memory clock read through NVML with the burst still in flight; NOT timing.TIMING_BASIS | duty 0.25 | each idle gap sized from its own burst (gap_basis burst)",,iters=supplied as None; sglang=package not installed,1,3.12.15,174.8671636688607,"measured on this device: NVIDIA GH200 480GB (measured), 651.8 TFLOP/s bf16 over 3727.6 GB/s (triad pattern); calibrated 2026-10-08 at d4d1767e",,200.0,2.13.0,3.7.1,2026-10-09T01:13:24+00:00,0.27.1,300.0
native,0,32,9,288,2304,1,64,1.561344027519226,1.555840015411377,0.0029859963064585455,125,3,326.43792021274567,"scripts/clock_elasticity.py: bursts of N back-to-back fused_experts calls under one pinned tile, each call L2-flushed and bracketed by its own pre-primed event pair, the FIRST call of every burst discarded as a drained-queue launch, a host-side idle gap after each burst setting the sustained duty cycle, and the SM clock, board power and memory clock read through NVML with the burst still in flight; NOT timing.TIMING_BASIS",1710.0,False,high,True,True,ok,"histogram=balanced; LEVEL HIGH (recorded, never an exclusion here): loaded clock 1710 MHz against the 1425 MHz reference. At a duty cycle below 1.0 a HIGH reading is the experiment working, not a cell to drop.",0.25,278.933,0.2498972748102628,26,120.19481773665031,burst,1.563215970993042,1.5619360208511353,True,1710 1710 1710 1710 1710 1710 1710 1710 1710 1710 1710 1710 1710 1710 1710,False,3727.5885372149983,"measured on this device: NVIDIA GH200 480GB (measured), 3727.6 GB/s (triad pattern)",13.0,580.105.08,True,1,d4d1767e5b2460a15228bfd986c304aecf6526a1,NVIDIA GH200 480GB,192-222-58-3,"scripts/clock_elasticity.py: bursts of N back-to-back fused_experts calls under one pinned tile, each call L2-flushed and bracketed by its own pre-primed event pair, the FIRST call of every burst discarded as a drained-queue launch, a host-side idle gap after each burst setting the sustained duty cycle, and the SM clock, board power and memory clock read through NVML with the burst still in flight; NOT timing.TIMING_BASIS | duty 0.25 | each idle gap sized from its own burst (gap_basis burst)",,iters=supplied as None; sglang=package not installed,1,3.12.15,174.8671636688607,"measured on this device: NVIDIA GH200 480GB (measured), 651.8 TFLOP/s bf16 over 3727.6 GB/s (triad pattern); calibrated 2026-10-08 at d4d1767e",,200.0,2.13.0,3.7.1,2026-10-09T01:13:24+00:00,0.27.1,300.0
native,1,32,9,288,2304,1,64,1.5614720582962036,1.5563839673995972,0.002774044235441884,125,3,326.402655005455,"scripts/clock_elasticity.py: bursts of N back-to-back fused_experts calls under one pinned tile, each call L2-flushed and bracketed by its own pre-primed event pair, the FIRST call of every burst discarded as a drained-queue launch, a host-side idle gap after each burst setting the sustained duty cycle, and the SM clock, board power and memory clock read through NVML with the burst still in flight; NOT timing.TIMING_BASIS",1710.0,False,high,True,True,ok,"histogram=balanced; LEVEL HIGH (recorded, never an exclusion here): loaded clock 1710 MHz against the 1425 MHz reference. At a duty cycle below 1.0 a HIGH reading is the experiment working, not a cell to drop.",0.25,275.413,0.24989839946913184,26,120.1964182353695,burst,1.5629920363426208,1.561951994895935,True,1710 1710 1710 1710 1710 1710 1710 1710 1710 1710 1710 1710 1710 1710 1710,False,3727.5885372149983,"measured on this device: NVIDIA GH200 480GB (measured), 3727.6 GB/s (triad pattern)",13.0,580.105.08,True,1,d4d1767e5b2460a15228bfd986c304aecf6526a1,NVIDIA GH200 480GB,192-222-58-3,"scripts/clock_elasticity.py: bursts of N back-to-back fused_experts calls under one pinned tile, each call L2-flushed and bracketed by its own pre-primed event pair, the FIRST call of every burst discarded as a drained-queue launch, a host-side idle gap after each burst setting the sustained duty cycle, and the SM clock, board power and memory clock read through NVML with the burst still in flight; NOT timing.TIMING_BASIS | duty 0.25 | each idle gap sized from its own burst (gap_basis burst)",,iters=supplied as None; sglang=package not installed,1,3.12.15,174.8671636688607,"measured on this device: NVIDIA GH200 480GB (measured), 651.8 TFLOP/s bf16 over 3727.6 GB/s (triad pattern); calibrated 2026-10-08 at d4d1767e",,200.0,2.13.0,3.7.1,2026-10-09T01:13:24+00:00,0.27.1,300.0
native,1,32,8,256,2048,1,64,1.3931999802589417,1.3875839710235596,0.0027035250619942214,140,3,324.9263036251068,"scripts/clock_elasticity.py: bursts of N back-to-back fused_experts calls under one pinned tile, each call L2-flushed and bracketed by its own pre-primed event pair, the FIRST call of every burst discarded as a drained-queue launch, a host-side idle gap after each burst setting the sustained duty cycle, and the SM clock, board power and memory clock read through NVML with the burst still in flight; NOT timing.TIMING_BASIS",1710.0,False,high,True,True,ok,"histogram=balanced; LEVEL HIGH (recorded, never an exclusion here): loaded clock 1710 MHz against the 1425 MHz reference. At a duty cycle below 1.0 a HIGH reading is the experiment working, not a cell to drop.",0.25,271.767,0.24989346395231926,29,119.360896524493,burst,1.3937920331954956,1.393407940864563,True,1710 1710 1710 1710 1710 1710 1710 1710 1710 1710 1710 1710 1710 1710 1710,False,3727.5885372149983,"measured on this device: NVIDIA GH200 480GB (measured), 3727.6 GB/s (triad pattern)",13.0,580.105.08,True,1,d4d1767e5b2460a15228bfd986c304aecf6526a1,NVIDIA GH200 480GB,192-222-58-3,"scripts/clock_elasticity.py: bursts of N back-to-back fused_experts calls under one pinned tile, each call L2-flushed and bracketed by its own pre-primed event pair, the FIRST call of every burst discarded as a drained-queue launch, a host-side idle gap after each burst setting the sustained duty cycle, and the SM clock, board power and memory clock read through NVML with the burst still in flight; NOT timing.TIMING_BASIS | duty 0.25 | each idle gap sized from its own burst (gap_basis burst)",,iters=supplied as None; sglang=package not installed,1,3.12.15,174.8671636688607,"measured on this device: NVIDIA GH200 480GB (measured), 651.8 TFLOP/s bf16 over 3727.6 GB/s (triad pattern); calibrated 2026-10-08 at d4d1767e",,200.0,2.13.0,3.7.1,2026-10-09T01:13:24+00:00,0.27.1,300.0
native,1,32,7,224,1792,1,64,1.2234560251235962,1.21670401096344,0.003605922116915001,160,3,324.4846717119217,"scripts/clock_elasticity.py: bursts of N back-to-back fused_experts calls under one pinned tile, each call L2-flushed and bracketed by its own pre-primed event pair, the FIRST call of every burst discarded as a drained-queue launch, a host-side idle gap after each burst setting the sustained duty cycle, and the SM clock, board power and memory clock read through NVML with the burst still in flight; NOT timing.TIMING_BASIS",1710.0,False,high,True,True,ok,"histogram=balanced; LEVEL HIGH (recorded, never an exclusion here): loaded clock 1710 MHz against the 1425 MHz reference. At a duty cycle below 1.0 a HIGH reading is the experiment working, not a cell to drop.",0.25,274.207,0.24989768086971895,33,118.94713347865036,burst,1.2253119945526123,1.2228800058364868,True,1710 1710 1710 1710 1710 1710 1710 1710 1710 1710 1710 1710 1710 1710 1710,False,3727.5885372149983,"measured on this device: NVIDIA GH200 480GB (measured), 3727.6 GB/s (triad pattern)",13.0,580.105.08,True,1,d4d1767e5b2460a15228bfd986c304aecf6526a1,NVIDIA GH200 480GB,192-222-58-3,"scripts/clock_elasticity.py: bursts of N back-to-back fused_experts calls under one pinned tile, each call L2-flushed and bracketed by its own pre-primed event pair, the FIRST call of every burst discarded as a drained-queue launch, a host-side idle gap after each burst setting the sustained duty cycle, and the SM clock, board power and memory clock read through NVML with the burst still in flight; NOT timing.TIMING_BASIS | duty 0.25 | each idle gap sized from its own burst (gap_basis burst)",,iters=supplied as None; sglang=package not installed,1,3.12.15,174.8671636688607,"measured on this device: NVIDIA GH200 480GB (measured), 651.8 TFLOP/s bf16 over 3727.6 GB/s (triad pattern); calibrated 2026-10-08 at d4d1767e",,200.0,2.13.0,3.7.1,2026-10-09T01:13:24+00:00,0.27.1,300.0
native,1,32,6,192,1536,1,64,1.0559040307998657,1.0506880283355713,0.0024244945507145583,185,3,322.37702453136444,"scripts/clock_elasticity.py: bursts of N back-to-back fused_experts calls under one pinned tile, each call L2-flushed and bracketed by its own pre-primed event pair, the FIRST call of every burst discarded as a drained-queue launch, a host-side idle gap after each burst setting the sustained duty cycle, and the SM clock, board power and memory clock read through NVML with the burst still in flight; NOT timing.TIMING_BASIS",1710.0,False,high,True,True,ok,"histogram=balanced; LEVEL HIGH (recorded, never an exclusion here): loaded clock 1710 MHz against the 1425 MHz reference. At a duty cycle below 1.0 a HIGH reading is the experiment working, not a cell to drop.",0.25,281.907,0.2498960611258733,38,117.79215546834892,burst,1.056607961654663,1.0560319423675537,True,1710 1710 1710 1710 1710 1710 1710 1710 1710 1710 1710 1710 1710 1710 1710,False,3727.5885372149983,"measured on this device: NVIDIA GH200 480GB (measured), 3727.6 GB/s (triad pattern)",13.0,580.105.08,True,1,d4d1767e5b2460a15228bfd986c304aecf6526a1,NVIDIA GH200 480GB,192-222-58-3,"scripts/clock_elasticity.py: bursts of N back-to-back fused_experts calls under one pinned tile, each call L2-flushed and bracketed by its own pre-primed event pair, the FIRST call of every burst discarded as a drained-queue launch, a host-side idle gap after each burst setting the sustained duty cycle, and the SM clock, board power and memory clock read through NVML with the burst still in flight; NOT timing.TIMING_BASIS | duty 0.25 | each idle gap sized from its own burst (gap_basis burst)",,iters=supplied as None; sglang=package not installed,1,3.12.15,174.8671636688607,"measured on this device: NVIDIA GH200 480GB (measured), 651.8 TFLOP/s bf16 over 3727.6 GB/s (triad pattern); calibrated 2026-10-08 at d4d1767e",,200.0,2.13.0,3.7.1,2026-10-09T01:13:24+00:00,0.27.1,300.0
native,1,32,5,160,1280,1,64,0.8862720131874084,0.879423975944519,0.0025593836180377513,220,3,320.8305920958519,"scripts/clock_elasticity.py: bursts of N back-to-back fused_experts calls under one pinned tile, each call L2-flushed and bracketed by its own pre-primed event pair, the FIRST call of every burst discarded as a drained-queue launch, a host-side idle gap after each burst setting the sustained duty cycle, and the SM clock, board power and memory clock read through NVML with the burst still in flight; NOT timing.TIMING_BASIS",1710.0,False,high,True,True,ok,"histogram=balanced; LEVEL HIGH (recorded, never an exclusion here): loaded clock 1710 MHz against the 1425 MHz reference. At a duty cycle below 1.0 a HIGH reading is the experiment working, not a cell to drop.",0.25,280.203,0.24989824248716327,45,116.47154282592965,burst,0.8880959749221802,0.8855999708175659,True,1710 1710 1710 1710 1710 1710 1710 1710 1710 1710 1710 1710 1710 1710 1710,False,3727.5885372149983,"measured on this device: NVIDIA GH200 480GB (measured), 3727.6 GB/s (triad pattern)",13.0,580.105.08,True,1,d4d1767e5b2460a15228bfd986c304aecf6526a1,NVIDIA GH200 480GB,192-222-58-3,"scripts/clock_elasticity.py: bursts of N back-to-back fused_experts calls under one pinned tile, each call L2-flushed and bracketed by its own pre-primed event pair, the FIRST call of every burst discarded as a drained-queue launch, a host-side idle gap after each burst setting the sustained duty cycle, and the SM clock, board power and memory clock read through NVML with the burst still in flight; NOT timing.TIMING_BASIS | duty 0.25 | each idle gap sized from its own burst (gap_basis burst)",,iters=supplied as None; sglang=package not installed,1,3.12.15,174.8671636688607,"measured on this device: NVIDIA GH200 480GB (measured), 651.8 TFLOP/s bf16 over 3727.6 GB/s (triad pattern); calibrated 2026-10-08 at d4d1767e",,200.0,2.13.0,3.7.1,2026-10-09T01:13:24+00:00,0.27.1,300.0
native,1,32,4,128,1024,1,64,0.7186239957809448,0.7131519913673401,0.0022185771485133923,275,3,323.8462716937065,"scripts/clock_elasticity.py: bursts of N back-to-back fused_experts calls under one pinned tile, each call L2-flushed and bracketed by its own pre-primed event pair, the FIRST call of every burst discarded as a drained-queue launch, a host-side idle gap after each burst setting the sustained duty cycle, and the SM clock, board power and memory clock read through NVML with the burst still in flight; NOT timing.TIMING_BASIS",1710.0,False,high,True,True,ok,"histogram=balanced; LEVEL HIGH (recorded, never an exclusion here): loaded clock 1710 MHz against the 1425 MHz reference. At a duty cycle below 1.0 a HIGH reading is the experiment working, not a cell to drop.",0.25,286.973,0.2498992929292595,56,116.68803790048696,burst,0.7189440131187439,0.7177600264549255,True,1710 1710 1710 1710 1710 1710 1710 1710 1710 1710 1710 1710 1710 1710 1710,False,3727.5885372149983,"measured on this device: NVIDIA GH200 480GB (measured), 3727.6 GB/s (triad pattern)",13.0,580.105.08,True,1,d4d1767e5b2460a15228bfd986c304aecf6526a1,NVIDIA GH200 480GB,192-222-58-3,"scripts/clock_elasticity.py: bursts of N back-to-back fused_experts calls under one pinned tile, each call L2-flushed and bracketed by its own pre-primed event pair, the FIRST call of every burst discarded as a drained-queue launch, a host-side idle gap after each burst setting the sustained duty cycle, and the SM clock, board power and memory clock read through NVML with the burst still in flight; NOT timing.TIMING_BASIS | duty 0.25 | each idle gap sized from its own burst (gap_basis burst)",,iters=supplied as None; sglang=package not installed,1,3.12.15,174.8671636688607,"measured on this device: NVIDIA GH200 480GB (measured), 651.8 TFLOP/s bf16 over 3727.6 GB/s (triad pattern); calibrated 2026-10-08 at d4d1767e",,200.0,2.13.0,3.7.1,2026-10-09T01:13:24+00:00,0.27.1,300.0
native,1,32,3,96,768,1,64,0.5496000051498413,0.5440000295639038,0.0022254157170780316,360,3,322.99311965703964,"scripts/clock_elasticity.py: bursts of N back-to-back fused_experts calls under one pinned tile, each call L2-flushed and bracketed by its own pre-primed event pair, the FIRST call of every burst discarded as a drained-queue launch, a host-side idle gap after each burst setting the sustained duty cycle, and the SM clock, board power and memory clock read through NVML with the burst still in flight; NOT timing.TIMING_BASIS",1710.0,False,high,True,True,ok,"histogram=balanced; LEVEL HIGH (recorded, never an exclusion here): loaded clock 1710 MHz against the 1425 MHz reference. At a duty cycle below 1.0 a HIGH reading is the experiment working, not a cell to drop.",0.25,294.874,0.24989221203576223,73,114.99919025212877,burst,0.5507040023803711,0.5491999983787537,True,1710 1710 1710 1710 1710 1710 1710 1710 1710 1710 1710 1710 1710 1710 1710,False,3727.5885372149983,"measured on this device: NVIDIA GH200 480GB (measured), 3727.6 GB/s (triad pattern)",13.0,580.105.08,True,1,d4d1767e5b2460a15228bfd986c304aecf6526a1,NVIDIA GH200 480GB,192-222-58-3,"scripts/clock_elasticity.py: bursts of N back-to-back fused_experts calls under one pinned tile, each call L2-flushed and bracketed by its own pre-primed event pair, the FIRST call of every burst discarded as a drained-queue launch, a host-side idle gap after each burst setting the sustained duty cycle, and the SM clock, board power and memory clock read through NVML with the burst still in flight; NOT timing.TIMING_BASIS | duty 0.25 | each idle gap sized from its own burst (gap_basis burst)",,iters=supplied as None; sglang=package not installed,1,3.12.15,174.8671636688607,"measured on this device: NVIDIA GH200 480GB (measured), 651.8 TFLOP/s bf16 over 3727.6 GB/s (triad pattern); calibrated 2026-10-08 at d4d1767e",,200.0,2.13.0,3.7.1,2026-10-09T01:13:24+00:00,0.27.1,300.0
native,1,32,2,64,512,1,64,0.38441601395606995,0.3798399865627289,0.0014526466116623245,505,3,316.0819833576679,"scripts/clock_elasticity.py: bursts of N back-to-back fused_experts calls under one pinned tile, each call L2-flushed and bracketed by its own pre-primed event pair, the FIRST call of every burst discarded as a drained-queue launch, a host-side idle gap after each burst setting the sustained duty cycle, and the SM clock, board power and memory clock read through NVML with the burst still in flight; NOT timing.TIMING_BASIS",1710.0,False,high,True,True,ok,"histogram=balanced; LEVEL HIGH (recorded, never an exclusion here): loaded clock 1710 MHz against the 1425 MHz reference. At a duty cycle below 1.0 a HIGH reading is the experiment working, not a cell to drop.",0.25,299.961,0.24989566744766836,102,109.86380920385272,burst,0.3845120072364807,0.3840959966182709,True,1710 1710 1710 1710 1710 1710 1710 1710 1710 1710 1710 1710 1710 1710 1710,False,3727.5885372149983,"measured on this device: NVIDIA GH200 480GB (measured), 3727.6 GB/s (triad pattern)",13.0,580.105.08,True,1,d4d1767e5b2460a15228bfd986c304aecf6526a1,NVIDIA GH200 480GB,192-222-58-3,"scripts/clock_elasticity.py: bursts of N back-to-back fused_experts calls under one pinned tile, each call L2-flushed and bracketed by its own pre-primed event pair, the FIRST call of every burst discarded as a drained-queue launch, a host-side idle gap after each burst setting the sustained duty cycle, and the SM clock, board power and memory clock read through NVML with the burst still in flight; NOT timing.TIMING_BASIS | duty 0.25 | each idle gap sized from its own burst (gap_basis burst)",,iters=supplied as None; sglang=package not installed,1,3.12.15,174.8671636688607,"measured on this device: NVIDIA GH200 480GB (measured), 651.8 TFLOP/s bf16 over 3727.6 GB/s (triad pattern); calibrated 2026-10-08 at d4d1767e",,200.0,2.13.0,3.7.1,2026-10-09T01:13:24+00:00,0.27.1,300.0
native,1,32,1,32,256,1,64,0.27606400847435,0.26841598749160767,0.01425852870032144,655,3,307.1533125638962,"scripts/clock_elasticity.py: bursts of N back-to-back fused_experts calls under one pinned tile, each call L2-flushed and bracketed by its own pre-primed event pair, the FIRST call of every burst discarded as a drained-queue launch, a host-side idle gap after each burst setting the sustained duty cycle, and the SM clock, board power and memory clock read through NVML with the burst still in flight; NOT timing.TIMING_BASIS",1710.0,False,high,True,True,ok,"histogram=balanced; LEVEL HIGH (recorded, never an exclusion here): loaded clock 1710 MHz against the 1425 MHz reference. At a duty cycle below 1.0 a HIGH reading is the experiment working, not a cell to drop.; host-bound: in 15 of 15 trials the GPU had fewer than 2 iterations of work queued when the host finished enqueueing (smallest backlog 0.29 iterations; host enqueue 0.3622 ms per call); the intervals include host enqueue time and the number is an upper bound on the kernel time; time the callable as a graph replay or through a fused launcher to measure the GPU alone",0.25,286.546,0.24988960318469056,132,102.02847437028686,burst,0.27910399436950684,0.2754560112953186,True,1710 1710 1710 1710 1710 1710 1710 1710 1710 1710 1710 1710 1710 1710 1710,True,3727.5885372149983,"measured on this device: NVIDIA GH200 480GB (measured), 3727.6 GB/s (triad pattern)",13.0,580.105.08,True,1,d4d1767e5b2460a15228bfd986c304aecf6526a1,NVIDIA GH200 480GB,192-222-58-3,"scripts/clock_elasticity.py: bursts of N back-to-back fused_experts calls under one pinned tile, each call L2-flushed and bracketed by its own pre-primed event pair, the FIRST call of every burst discarded as a drained-queue launch, a host-side idle gap after each burst setting the sustained duty cycle, and the SM clock, board power and memory clock read through NVML with the burst still in flight; NOT timing.TIMING_BASIS | duty 0.25 | each idle gap sized from its own burst (gap_basis burst)",,iters=supplied as None; sglang=package not installed,1,3.12.15,174.8671636688607,"measured on this device: NVIDIA GH200 480GB (measured), 651.8 TFLOP/s bf16 over 3727.6 GB/s (triad pattern); calibrated 2026-10-08 at d4d1767e",,200.0,2.13.0,3.7.1,2026-10-09T01:13:24+00:00,0.27.1,300.0
native,2,32,1,32,256,1,64,0.2752000093460083,0.26864001154899597,0.013540954645315725,695,3,325.09408035874367,"scripts/clock_elasticity.py: bursts of N back-to-back fused_experts calls under one pinned tile, each call L2-flushed and bracketed by its own pre-primed event pair, the FIRST call of every burst discarded as a drained-queue launch, a host-side idle gap after each burst setting the sustained duty cycle, and the SM clock, board power and memory clock read through NVML with the burst still in flight; NOT timing.TIMING_BASIS",1710.0,False,high,True,True,ok,"histogram=balanced; LEVEL HIGH (recorded, never an exclusion here): loaded clock 1710 MHz against the 1425 MHz reference. At a duty cycle below 1.0 a HIGH reading is the experiment working, not a cell to drop.; host-bound: in 15 of 15 trials the GPU had fewer than 2 iterations of work queued when the host finished enqueueing (smallest backlog 0.32 iterations; host enqueue 0.3595 ms per call); the intervals include host enqueue time and the number is an upper bound on the kernel time; time the callable as a graph replay or through a fused launcher to measure the GPU alone",0.25,290.114,0.24989802631762492,140,107.1221018231954,burst,0.2781600058078766,0.27427199482917786,True,1710 1710 1710 1710 1710 1710 1710 1710 1710 1710 1710 1710 1710 1710 1710,True,3727.5885372149983,"measured on this device: NVIDIA GH200 480GB (measured), 3727.6 GB/s (triad pattern)",13.0,580.105.08,True,1,d4d1767e5b2460a15228bfd986c304aecf6526a1,NVIDIA GH200 480GB,192-222-58-3,"scripts/clock_elasticity.py: bursts of N back-to-back fused_experts calls under one pinned tile, each call L2-flushed and bracketed by its own pre-primed event pair, the FIRST call of every burst discarded as a drained-queue launch, a host-side idle gap after each burst setting the sustained duty cycle, and the SM clock, board power and memory clock read through NVML with the burst still in flight; NOT timing.TIMING_BASIS | duty 0.25 | each idle gap sized from its own burst (gap_basis burst)",,iters=supplied as None; sglang=package not installed,1,3.12.15,174.8671636688607,"measured on this device: NVIDIA GH200 480GB (measured), 651.8 TFLOP/s bf16 over 3727.6 GB/s (triad pattern); calibrated 2026-10-08 at d4d1767e",,200.0,2.13.0,3.7.1,2026-10-09T01:13:24+00:00,0.27.1,300.0
native,2,32,2,64,512,1,64,0.3843199908733368,0.37958401441574097,0.001658440823686267,510,3,318.3734398186207,"scripts/clock_elasticity.py: bursts of N back-to-back fused_experts calls under one pinned tile, each call L2-flushed and bracketed by its own pre-primed event pair, the FIRST call of every burst discarded as a drained-queue launch, a host-side idle gap after each burst setting the sustained duty cycle, and the SM clock, board power and memory clock read through NVML with the burst still in flight; NOT timing.TIMING_BASIS",1710.0,False,high,True,True,ok,"histogram=balanced; LEVEL HIGH (recorded, never an exclusion here): loaded clock 1710 MHz against the 1425 MHz reference. At a duty cycle below 1.0 a HIGH reading is the experiment working, not a cell to drop.",0.25,300.934,0.24989138650472215,103,110.98773784274817,burst,0.38467198610305786,0.3838079869747162,True,1710 1710 1710 1710 1710 1710 1695 1710 1710 1710 1710 1710 1710 1710 1710,False,3727.5885372149983,"measured on this device: NVIDIA GH200 480GB (measured), 3727.6 GB/s (triad pattern)",13.0,580.105.08,True,1,d4d1767e5b2460a15228bfd986c304aecf6526a1,NVIDIA GH200 480GB,192-222-58-3,"scripts/clock_elasticity.py: bursts of N back-to-back fused_experts calls under one pinned tile, each call L2-flushed and bracketed by its own pre-primed event pair, the FIRST call of every burst discarded as a drained-queue launch, a host-side idle gap after each burst setting the sustained duty cycle, and the SM clock, board power and memory clock read through NVML with the burst still in flight; NOT timing.TIMING_BASIS | duty 0.25 | each idle gap sized from its own burst (gap_basis burst)",,iters=supplied as None; sglang=package not installed,1,3.12.15,174.8671636688607,"measured on this device: NVIDIA GH200 480GB (measured), 651.8 TFLOP/s bf16 over 3727.6 GB/s (triad pattern); calibrated 2026-10-08 at d4d1767e",,200.0,2.13.0,3.7.1,2026-10-09T01:13:24+00:00,0.27.1,300.0
native,2,32,3,96,768,1,64,0.5503680109977722,0.5435839891433716,0.002133833943097038,355,3,318.8135042190552,"scripts/clock_elasticity.py: bursts of N back-to-back fused_experts calls under one pinned tile, each call L2-flushed and bracketed by its own pre-primed event pair, the FIRST call of every burst discarded as a drained-queue launch, a host-side idle gap after each burst setting the sustained duty cycle, and the SM clock, board power and memory clock read through NVML with the burst still in flight; NOT timing.TIMING_BASIS",1710.0,False,high,True,True,ok,"histogram=balanced; LEVEL HIGH (recorded, never an exclusion here): loaded clock 1710 MHz against the 1425 MHz reference. At a duty cycle below 1.0 a HIGH reading is the experiment working, not a cell to drop.",0.25,286.266,0.24989221794348263,72,113.42182057852915,burst,0.5508480072021484,0.5494719743728638,True,1710 1710 1710 1710 1710 1710 1710 1710 1710 1710 1710 1710 1710 1710 1710,False,3727.5885372149983,"measured on this device: NVIDIA GH200 480GB (measured), 3727.6 GB/s (triad pattern)",13.0,580.105.08,True,1,d4d1767e5b2460a15228bfd986c304aecf6526a1,NVIDIA GH200 480GB,192-222-58-3,"scripts/clock_elasticity.py: bursts of N back-to-back fused_experts calls under one pinned tile, each call L2-flushed and bracketed by its own pre-primed event pair, the FIRST call of every burst discarded as a drained-queue launch, a host-side idle gap after each burst setting the sustained duty cycle, and the SM clock, board power and memory clock read through NVML with the burst still in flight; NOT timing.TIMING_BASIS | duty 0.25 | each idle gap sized from its own burst (gap_basis burst)",,iters=supplied as None; sglang=package not installed,1,3.12.15,174.8671636688607,"measured on this device: NVIDIA GH200 480GB (measured), 651.8 TFLOP/s bf16 over 3727.6 GB/s (triad pattern); calibrated 2026-10-08 at d4d1767e",,200.0,2.13.0,3.7.1,2026-10-09T01:13:24+00:00,0.27.1,300.0
native,2,32,4,128,1024,1,64,0.718559980392456,0.712768018245697,0.0021291629241960708,275,3,323.6584960222244,"scripts/clock_elasticity.py: bursts of N back-to-back fused_experts calls under one pinned tile, each call L2-flushed and bracketed by its own pre-primed event pair, the FIRST call of every burst discarded as a drained-queue launch, a host-side idle gap after each burst setting the sustained duty cycle, and the SM clock, board power and memory clock read through NVML with the burst still in flight; NOT timing.TIMING_BASIS",1710.0,False,high,True,True,ok,"histogram=balanced; LEVEL HIGH (recorded, never an exclusion here): loaded clock 1710 MHz against the 1425 MHz reference. At a duty cycle below 1.0 a HIGH reading is the experiment working, not a cell to drop.",0.25,288.705,0.24989642366588558,56,116.62243775321984,burst,0.7192000150680542,0.7174720168113708,True,1710 1710 1710 1710 1710 1710 1710 1710 1710 1710 1710 1710 1710 1710 1710,False,3727.5885372149983,"measured on this device: NVIDIA GH200 480GB (measured), 3727.6 GB/s (triad pattern)",13.0,580.105.08,True,1,d4d1767e5b2460a15228bfd986c304aecf6526a1,NVIDIA GH200 480GB,192-222-58-3,"scripts/clock_elasticity.py: bursts of N back-to-back fused_experts calls under one pinned tile, each call L2-flushed and bracketed by its own pre-primed event pair, the FIRST call of every burst discarded as a drained-queue launch, a host-side idle gap after each burst setting the sustained duty cycle, and the SM clock, board power and memory clock read through NVML with the burst still in flight; NOT timing.TIMING_BASIS | duty 0.25 | each idle gap sized from its own burst (gap_basis burst)",,iters=supplied as None; sglang=package not installed,1,3.12.15,174.8671636688607,"measured on this device: NVIDIA GH200 480GB (measured), 651.8 TFLOP/s bf16 over 3727.6 GB/s (triad pattern); calibrated 2026-10-08 at d4d1767e",,200.0,2.13.0,3.7.1,2026-10-09T01:13:24+00:00,0.27.1,300.0
native,2,32,5,160,1280,1,64,0.8866239786148071,0.8811839818954468,0.002889712321048127,220,3,320.6891837120056,"scripts/clock_elasticity.py: bursts of N back-to-back fused_experts calls under one pinned tile, each call L2-flushed and bracketed by its own pre-primed event pair, the FIRST call of every burst discarded as a drained-queue launch, a host-side idle gap after each burst setting the sustained duty cycle, and the SM clock, board power and memory clock read through NVML with the burst still in flight; NOT timing.TIMING_BASIS",1710.0,False,high,True,True,ok,"histogram=balanced; LEVEL HIGH (recorded, never an exclusion here): loaded clock 1710 MHz against the 1425 MHz reference. At a duty cycle below 1.0 a HIGH reading is the experiment working, not a cell to drop.",0.25,286.809,0.24989112694225551,45,116.45810372371487,burst,0.8878080248832703,0.8855040073394775,True,1710 1710 1710 1710 1710 1710 1710 1710 1710 1710 1710 1710 1710 1710 1710,False,3727.5885372149983,"measured on this device: NVIDIA GH200 480GB (measured), 3727.6 GB/s (triad pattern)",13.0,580.105.08,True,1,d4d1767e5b2460a15228bfd986c304aecf6526a1,NVIDIA GH200 480GB,192-222-58-3,"scripts/clock_elasticity.py: bursts of N back-to-back fused_experts calls under one pinned tile, each call L2-flushed and bracketed by its own pre-primed event pair, the FIRST call of every burst discarded as a drained-queue launch, a host-side idle gap after each burst setting the sustained duty cycle, and the SM clock, board power and memory clock read through NVML with the burst still in flight; NOT timing.TIMING_BASIS | duty 0.25 | each idle gap sized from its own burst (gap_basis burst)",,iters=supplied as None; sglang=package not installed,1,3.12.15,174.8671636688607,"measured on this device: NVIDIA GH200 480GB (measured), 651.8 TFLOP/s bf16 over 3727.6 GB/s (triad pattern); calibrated 2026-10-08 at d4d1767e",,200.0,2.13.0,3.7.1,2026-10-09T01:13:24+00:00,0.27.1,300.0
native,2,32,6,192,1536,1,64,1.0558079481124878,1.0500160455703735,0.0024555819987912312,185,3,322.6652817726135,"scripts/clock_elasticity.py: bursts of N back-to-back fused_experts calls under one pinned tile, each call L2-flushed and bracketed by its own pre-primed event pair, the FIRST call of every burst discarded as a drained-queue launch, a host-side idle gap after each burst setting the sustained duty cycle, and the SM clock, board power and memory clock read through NVML with the burst still in flight; NOT timing.TIMING_BASIS",1710.0,False,high,True,True,ok,"histogram=balanced; LEVEL HIGH (recorded, never an exclusion here): loaded clock 1710 MHz against the 1425 MHz reference. At a duty cycle below 1.0 a HIGH reading is the experiment working, not a cell to drop.",0.25,278.728,0.24989064088583798,38,117.77493909567418,burst,1.05731201171875,1.0551999807357788,True,1710 1710 1710 1710 1710 1710 1710 1710 1710 1710 1710 1710 1710 1710 1710,False,3727.5885372149983,"measured on this device: NVIDIA GH200 480GB (measured), 3727.6 GB/s (triad pattern)",13.0,580.105.08,True,1,d4d1767e5b2460a15228bfd986c304aecf6526a1,NVIDIA GH200 480GB,192-222-58-3,"scripts/clock_elasticity.py: bursts of N back-to-back fused_experts calls under one pinned tile, each call L2-flushed and bracketed by its own pre-primed event pair, the FIRST call of every burst discarded as a drained-queue launch, a host-side idle gap after each burst setting the sustained duty cycle, and the SM clock, board power and memory clock read through NVML with the burst still in flight; NOT timing.TIMING_BASIS | duty 0.25 | each idle gap sized from its own burst (gap_basis burst)",,iters=supplied as None; sglang=package not installed,1,3.12.15,174.8671636688607,"measured on this device: NVIDIA GH200 480GB (measured), 651.8 TFLOP/s bf16 over 3727.6 GB/s (triad pattern); calibrated 2026-10-08 at d4d1767e",,200.0,2.13.0,3.7.1,2026-10-09T01:13:24+00:00,0.27.1,300.0
native,2,32,7,224,1792,1,64,1.2226719856262207,1.217695951461792,0.0028657355855727235,160,3,324.7147845029831,"scripts/clock_elasticity.py: bursts of N back-to-back fused_experts calls under one pinned tile, each call L2-flushed and bracketed by its own pre-primed event pair, the FIRST call of every burst discarded as a drained-queue launch, a host-side idle gap after each burst setting the sustained duty cycle, and the SM clock, board power and memory clock read through NVML with the burst still in flight; NOT timing.TIMING_BASIS",1710.0,False,high,True,True,ok,"histogram=balanced; LEVEL HIGH (recorded, never an exclusion here): loaded clock 1710 MHz against the 1425 MHz reference. At a duty cycle below 1.0 a HIGH reading is the experiment working, not a cell to drop.",0.25,284.166,0.24989623915717105,33,118.90335817456071,burst,1.2245280146598816,1.2218720316886902,True,1710 1710 1710 1710 1710 1710 1710 1710 1710 1710 1710 1710 1710 1710 1710,False,3727.5885372149983,"measured on this device: NVIDIA GH200 480GB (measured), 3727.6 GB/s (triad pattern)",13.0,580.105.08,True,1,d4d1767e5b2460a15228bfd986c304aecf6526a1,NVIDIA GH200 480GB,192-222-58-3,"scripts/clock_elasticity.py: bursts of N back-to-back fused_experts calls under one pinned tile, each call L2-flushed and bracketed by its own pre-primed event pair, the FIRST call of every burst discarded as a drained-queue launch, a host-side idle gap after each burst setting the sustained duty cycle, and the SM clock, board power and memory clock read through NVML with the burst still in flight; NOT timing.TIMING_BASIS | duty 0.25 | each idle gap sized from its own burst (gap_basis burst)",,iters=supplied as None; sglang=package not installed,1,3.12.15,174.8671636688607,"measured on this device: NVIDIA GH200 480GB (measured), 651.8 TFLOP/s bf16 over 3727.6 GB/s (triad pattern); calibrated 2026-10-08 at d4d1767e",,200.0,2.13.0,3.7.1,2026-10-09T01:13:24+00:00,0.27.1,300.0
native,2,32,8,256,2048,1,64,1.3925119638442993,1.3882559537887573,0.0025197692824381218,140,3,324.9121598005295,"scripts/clock_elasticity.py: bursts of N back-to-back fused_experts calls under one pinned tile, each call L2-flushed and bracketed by its own pre-primed event pair, the FIRST call of every burst discarded as a drained-queue launch, a host-side idle gap after each burst setting the sustained duty cycle, and the SM clock, board power and memory clock read through NVML with the burst still in flight; NOT timing.TIMING_BASIS",1710.0,False,high,True,True,ok,"histogram=balanced; LEVEL HIGH (recorded, never an exclusion here): loaded clock 1710 MHz against the 1425 MHz reference. At a duty cycle below 1.0 a HIGH reading is the experiment working, not a cell to drop.",0.25,272.985,0.2499073322885132,29,119.31206480258696,burst,1.392896056175232,1.3926399946212769,True,1710 1710 1710 1710 1710 1710 1710 1710 1710 1710 1710 1710 1710 1710 1710,False,3727.5885372149983,"measured on this device: NVIDIA GH200 480GB (measured), 3727.6 GB/s (triad pattern)",13.0,580.105.08,True,1,d4d1767e5b2460a15228bfd986c304aecf6526a1,NVIDIA GH200 480GB,192-222-58-3,"scripts/clock_elasticity.py: bursts of N back-to-back fused_experts calls under one pinned tile, each call L2-flushed and bracketed by its own pre-primed event pair, the FIRST call of every burst discarded as a drained-queue launch, a host-side idle gap after each burst setting the sustained duty cycle, and the SM clock, board power and memory clock read through NVML with the burst still in flight; NOT timing.TIMING_BASIS | duty 0.25 | each idle gap sized from its own burst (gap_basis burst)",,iters=supplied as None; sglang=package not installed,1,3.12.15,174.8671636688607,"measured on this device: NVIDIA GH200 480GB (measured), 651.8 TFLOP/s bf16 over 3727.6 GB/s (triad pattern); calibrated 2026-10-08 at d4d1767e",,200.0,2.13.0,3.7.1,2026-10-09T01:13:24+00:00,0.27.1,300.0
native,2,32,9,288,2304,1,64,1.562175989151001,1.5562880039215088,0.0036131859835768373,125,3,326.59190356731415,"scripts/clock_elasticity.py: bursts of N back-to-back fused_experts calls under one pinned tile, each call L2-flushed and bracketed by its own pre-primed event pair, the FIRST call of every burst discarded as a drained-queue launch, a host-side idle gap after each burst setting the sustained duty cycle, and the SM clock, board power and memory clock read through NVML with the burst still in flight; NOT timing.TIMING_BASIS",1710.0,False,high,True,True,ok,"histogram=balanced; LEVEL HIGH (recorded, never an exclusion here): loaded clock 1710 MHz against the 1425 MHz reference. At a duty cycle below 1.0 a HIGH reading is the experiment working, not a cell to drop.",0.25,273.576,0.2498979127017209,26,120.26316955328367,burst,1.5643519759178162,1.5616480112075806,True,1710 1710 1710 1710 1710 1710 1710 1710 1710 1710 1710 1710 1710 1710 1710,False,3727.5885372149983,"measured on this device: NVIDIA GH200 480GB (measured), 3727.6 GB/s (triad pattern)",13.0,580.105.08,True,1,d4d1767e5b2460a15228bfd986c304aecf6526a1,NVIDIA GH200 480GB,192-222-58-3,"scripts/clock_elasticity.py: bursts of N back-to-back fused_experts calls under one pinned tile, each call L2-flushed and bracketed by its own pre-primed event pair, the FIRST call of every burst discarded as a drained-queue launch, a host-side idle gap after each burst setting the sustained duty cycle, and the SM clock, board power and memory clock read through NVML with the burst still in flight; NOT timing.TIMING_BASIS | duty 0.25 | each idle gap sized from its own burst (gap_basis burst)",,iters=supplied as None; sglang=package not installed,1,3.12.15,174.8671636688607,"measured on this device: NVIDIA GH200 480GB (measured), 651.8 TFLOP/s bf16 over 3727.6 GB/s (triad pattern); calibrated 2026-10-08 at d4d1767e",,200.0,2.13.0,3.7.1,2026-10-09T01:13:24+00:00,0.27.1,300.0
native,3,32,9,288,2304,1,64,1.5615359544754028,1.5559040307998657,0.0036334410510730805,125,3,326.3196476697922,"scripts/clock_elasticity.py: bursts of N back-to-back fused_experts calls under one pinned tile, each call L2-flushed and bracketed by its own pre-primed event pair, the FIRST call of every burst discarded as a drained-queue launch, a host-side idle gap after each burst setting the sustained duty cycle, and the SM clock, board power and memory clock read through NVML with the burst still in flight; NOT timing.TIMING_BASIS",1710.0,False,high,True,True,ok,"histogram=balanced; LEVEL HIGH (recorded, never an exclusion here): loaded clock 1710 MHz against the 1425 MHz reference. At a duty cycle below 1.0 a HIGH reading is the experiment working, not a cell to drop.",0.25,272.286,0.24989821299146586,26,120.16534468476311,burst,1.56278395652771,1.5603840351104736,True,1710 1710 1710 1710 1710 1710 1710 1710 1710 1710 1710 1710 1710 1710 1710,False,3727.5885372149983,"measured on this device: NVIDIA GH200 480GB (measured), 3727.6 GB/s (triad pattern)",13.0,580.105.08,True,1,d4d1767e5b2460a15228bfd986c304aecf6526a1,NVIDIA GH200 480GB,192-222-58-3,"scripts/clock_elasticity.py: bursts of N back-to-back fused_experts calls under one pinned tile, each call L2-flushed and bracketed by its own pre-primed event pair, the FIRST call of every burst discarded as a drained-queue launch, a host-side idle gap after each burst setting the sustained duty cycle, and the SM clock, board power and memory clock read through NVML with the burst still in flight; NOT timing.TIMING_BASIS | duty 0.25 | each idle gap sized from its own burst (gap_basis burst)",,iters=supplied as None; sglang=package not installed,1,3.12.15,174.8671636688607,"measured on this device: NVIDIA GH200 480GB (measured), 651.8 TFLOP/s bf16 over 3727.6 GB/s (triad pattern); calibrated 2026-10-08 at d4d1767e",,200.0,2.13.0,3.7.1,2026-10-09T01:13:24+00:00,0.27.1,300.0
native,3,32,8,256,2048,1,64,1.3927680253982544,1.388159990310669,0.0025998978058760255,140,3,324.8659842014313,"scripts/clock_elasticity.py: bursts of N back-to-back fused_experts calls under one pinned tile, each call L2-flushed and bracketed by its own pre-primed event pair, the FIRST call of every burst discarded as a drained-queue launch, a host-side idle gap after each burst setting the sustained duty cycle, and the SM clock, board power and memory clock read through NVML with the burst still in flight; NOT timing.TIMING_BASIS",1710.0,False,high,True,True,ok,"histogram=balanced; LEVEL HIGH (recorded, never an exclusion here): loaded clock 1710 MHz against the 1425 MHz reference. At a duty cycle below 1.0 a HIGH reading is the experiment working, not a cell to drop.",0.25,276.987,0.24990439669894732,29,119.31129700822932,burst,1.393280029296875,1.3919039964675903,True,1710 1710 1710 1710 1710 1710 1710 1710 1710 1710 1710 1710 1710 1710 1710,False,3727.5885372149983,"measured on this device: NVIDIA GH200 480GB (measured), 3727.6 GB/s (triad pattern)",13.0,580.105.08,True,1,d4d1767e5b2460a15228bfd986c304aecf6526a1,NVIDIA GH200 480GB,192-222-58-3,"scripts/clock_elasticity.py: bursts of N back-to-back fused_experts calls under one pinned tile, each call L2-flushed and bracketed by its own pre-primed event pair, the FIRST call of every burst discarded as a drained-queue launch, a host-side idle gap after each burst setting the sustained duty cycle, and the SM clock, board power and memory clock read through NVML with the burst still in flight; NOT timing.TIMING_BASIS | duty 0.25 | each idle gap sized from its own burst (gap_basis burst)",,iters=supplied as None; sglang=package not installed,1,3.12.15,174.8671636688607,"measured on this device: NVIDIA GH200 480GB (measured), 651.8 TFLOP/s bf16 over 3727.6 GB/s (triad pattern); calibrated 2026-10-08 at d4d1767e",,200.0,2.13.0,3.7.1,2026-10-09T01:13:24+00:00,0.27.1,300.0
native,3,32,7,224,1792,1,64,1.2237119674682617,1.2176320552825928,0.0026637325079832074,160,3,324.35737550258636,"scripts/clock_elasticity.py: bursts of N back-to-back fused_experts calls under one pinned tile, each call L2-flushed and bracketed by its own pre-primed event pair, the FIRST call of every burst discarded as a drained-queue launch, a host-side idle gap after each burst setting the sustained duty cycle, and the SM clock, board power and memory clock read through NVML with the burst still in flight; NOT timing.TIMING_BASIS",1710.0,False,high,True,True,ok,"histogram=balanced; LEVEL HIGH (recorded, never an exclusion here): loaded clock 1710 MHz against the 1425 MHz reference. At a duty cycle below 1.0 a HIGH reading is the experiment working, not a cell to drop.",0.25,282.377,0.24990300587399888,33,118.97427086078096,burst,1.2244319915771484,1.22324800491333,True,1710 1710 1710 1710 1710 1710 1710 1710 1710 1710 1710 1710 1710 1710 1710,False,3727.5885372149983,"measured on this device: NVIDIA GH200 480GB (measured), 3727.6 GB/s (triad pattern)",13.0,580.105.08,True,1,d4d1767e5b2460a15228bfd986c304aecf6526a1,NVIDIA GH200 480GB,192-222-58-3,"scripts/clock_elasticity.py: bursts of N back-to-back fused_experts calls under one pinned tile, each call L2-flushed and bracketed by its own pre-primed event pair, the FIRST call of every burst discarded as a drained-queue launch, a host-side idle gap after each burst setting the sustained duty cycle, and the SM clock, board power and memory clock read through NVML with the burst still in flight; NOT timing.TIMING_BASIS | duty 0.25 | each idle gap sized from its own burst (gap_basis burst)",,iters=supplied as None; sglang=package not installed,1,3.12.15,174.8671636688607,"measured on this device: NVIDIA GH200 480GB (measured), 651.8 TFLOP/s bf16 over 3727.6 GB/s (triad pattern); calibrated 2026-10-08 at d4d1767e",,200.0,2.13.0,3.7.1,2026-10-09T01:13:24+00:00,0.27.1,300.0
native,3,32,6,192,1536,1,64,1.0558719635009766,1.0509439706802368,0.0022914857990672245,185,3,322.6347830295563,"scripts/clock_elasticity.py: bursts of N back-to-back fused_experts calls under one pinned tile, each call L2-flushed and bracketed by its own pre-primed event pair, the FIRST call of every burst discarded as a drained-queue launch, a host-side idle gap after each burst setting the sustained duty cycle, and the SM clock, board power and memory clock read through NVML with the burst still in flight; NOT timing.TIMING_BASIS",1710.0,False,high,True,True,ok,"histogram=balanced; LEVEL HIGH (recorded, never an exclusion here): loaded clock 1710 MHz against the 1425 MHz reference. At a duty cycle below 1.0 a HIGH reading is the experiment working, not a cell to drop.",0.25,283.808,0.24990069245697547,38,117.77234779658465,burst,1.0566719770431519,1.0555839538574219,True,1710 1710 1710 1710 1710 1710 1710 1710 1710 1710 1710 1710 1710 1710 1710,False,3727.5885372149983,"measured on this device: NVIDIA GH200 480GB (measured), 3727.6 GB/s (triad pattern)",13.0,580.105.08,True,1,d4d1767e5b2460a15228bfd986c304aecf6526a1,NVIDIA GH200 480GB,192-222-58-3,"scripts/clock_elasticity.py: bursts of N back-to-back fused_experts calls under one pinned tile, each call L2-flushed and bracketed by its own pre-primed event pair, the FIRST call of every burst discarded as a drained-queue launch, a host-side idle gap after each burst setting the sustained duty cycle, and the SM clock, board power and memory clock read through NVML with the burst still in flight; NOT timing.TIMING_BASIS | duty 0.25 | each idle gap sized from its own burst (gap_basis burst)",,iters=supplied as None; sglang=package not installed,1,3.12.15,174.8671636688607,"measured on this device: NVIDIA GH200 480GB (measured), 651.8 TFLOP/s bf16 over 3727.6 GB/s (triad pattern); calibrated 2026-10-08 at d4d1767e",,200.0,2.13.0,3.7.1,2026-10-09T01:13:24+00:00,0.27.1,300.0
native,3,32,5,160,1280,1,64,0.8867200016975403,0.8810880184173584,0.002634661479317573,220,3,320.8435840010643,"scripts/clock_elasticity.py: bursts of N back-to-back fused_experts calls under one pinned tile, each call L2-flushed and bracketed by its own pre-primed event pair, the FIRST call of every burst discarded as a drained-queue launch, a host-side idle gap after each burst setting the sustained duty cycle, and the SM clock, board power and memory clock read through NVML with the burst still in flight; NOT timing.TIMING_BASIS",1710.0,False,high,True,True,ok,"histogram=balanced; LEVEL HIGH (recorded, never an exclusion here): loaded clock 1710 MHz against the 1425 MHz reference. At a duty cycle below 1.0 a HIGH reading is the experiment working, not a cell to drop.",0.25,289.906,0.24989677226201704,45,116.52517500348766,burst,0.8870400190353394,0.8856319785118103,True,1710 1710 1710 1710 1710 1710 1710 1710 1710 1710 1710 1710 1710 1710 1710,False,3727.5885372149983,"measured on this device: NVIDIA GH200 480GB (measured), 3727.6 GB/s (triad pattern)",13.0,580.105.08,True,1,d4d1767e5b2460a15228bfd986c304aecf6526a1,NVIDIA GH200 480GB,192-222-58-3,"scripts/clock_elasticity.py: bursts of N back-to-back fused_experts calls under one pinned tile, each call L2-flushed and bracketed by its own pre-primed event pair, the FIRST call of every burst discarded as a drained-queue launch, a host-side idle gap after each burst setting the sustained duty cycle, and the SM clock, board power and memory clock read through NVML with the burst still in flight; NOT timing.TIMING_BASIS | duty 0.25 | each idle gap sized from its own burst (gap_basis burst)",,iters=supplied as None; sglang=package not installed,1,3.12.15,174.8671636688607,"measured on this device: NVIDIA GH200 480GB (measured), 651.8 TFLOP/s bf16 over 3727.6 GB/s (triad pattern); calibrated 2026-10-08 at d4d1767e",,200.0,2.13.0,3.7.1,2026-10-09T01:13:24+00:00,0.27.1,300.0
native,3,32,4,128,1024,1,64,0.7190399765968323,0.7143679857254028,0.0019220127100734016,275,3,323.78991973400116,"scripts/clock_elasticity.py: bursts of N back-to-back fused_experts calls under one pinned tile, each call L2-flushed and bracketed by its own pre-primed event pair, the FIRST call of every burst discarded as a drained-queue launch, a host-side idle gap after each burst setting the sustained duty cycle, and the SM clock, board power and memory clock read through NVML with the burst still in flight; NOT timing.TIMING_BASIS",1710.0,False,high,True,True,ok,"histogram=balanced; LEVEL HIGH (recorded, never an exclusion here): loaded clock 1710 MHz against the 1425 MHz reference. At a duty cycle below 1.0 a HIGH reading is the experiment working, not a cell to drop.",0.25,289.743,0.2498959929895039,56,116.7354924926185,burst,0.7194880247116089,0.7184000015258789,True,1710 1710 1710 1710 1710 1710 1710 1710 1710 1710 1710 1710 1710 1710 1710,False,3727.5885372149983,"measured on this device: NVIDIA GH200 480GB (measured), 3727.6 GB/s (triad pattern)",13.0,580.105.08,True,1,d4d1767e5b2460a15228bfd986c304aecf6526a1,NVIDIA GH200 480GB,192-222-58-3,"scripts/clock_elasticity.py: bursts of N back-to-back fused_experts calls under one pinned tile, each call L2-flushed and bracketed by its own pre-primed event pair, the FIRST call of every burst discarded as a drained-queue launch, a host-side idle gap after each burst setting the sustained duty cycle, and the SM clock, board power and memory clock read through NVML with the burst still in flight; NOT timing.TIMING_BASIS | duty 0.25 | each idle gap sized from its own burst (gap_basis burst)",,iters=supplied as None; sglang=package not installed,1,3.12.15,174.8671636688607,"measured on this device: NVIDIA GH200 480GB (measured), 651.8 TFLOP/s bf16 over 3727.6 GB/s (triad pattern); calibrated 2026-10-08 at d4d1767e",,200.0,2.13.0,3.7.1,2026-10-09T01:13:24+00:00,0.27.1,300.0
native,3,32,3,96,768,1,64,0.5505599975585938,0.5436800122261047,0.0018572837193884142,355,3,318.777631521225,"scripts/clock_elasticity.py: bursts of N back-to-back fused_experts calls under one pinned tile, each call L2-flushed and bracketed by its own pre-primed event pair, the FIRST call of every burst discarded as a drained-queue launch, a host-side idle gap after each burst setting the sustained duty cycle, and the SM clock, board power and memory clock read through NVML with the burst still in flight; NOT timing.TIMING_BASIS",1710.0,False,high,True,True,ok,"histogram=balanced; LEVEL HIGH (recorded, never an exclusion here): loaded clock 1710 MHz against the 1425 MHz reference. At a duty cycle below 1.0 a HIGH reading is the experiment working, not a cell to drop.",0.25,294.361,0.24989860466225625,72,113.53916320216376,burst,0.5513280034065247,0.5493760108947754,True,1710 1710 1710 1710 1710 1710 1710 1710 1710 1710 1710 1710 1710 1710 1710,False,3727.5885372149983,"measured on this device: NVIDIA GH200 480GB (measured), 3727.6 GB/s (triad pattern)",13.0,580.105.08,True,1,d4d1767e5b2460a15228bfd986c304aecf6526a1,NVIDIA GH200 480GB,192-222-58-3,"scripts/clock_elasticity.py: bursts of N back-to-back fused_experts calls under one pinned tile, each call L2-flushed and bracketed by its own pre-primed event pair, the FIRST call of every burst discarded as a drained-queue launch, a host-side idle gap after each burst setting the sustained duty cycle, and the SM clock, board power and memory clock read through NVML with the burst still in flight; NOT timing.TIMING_BASIS | duty 0.25 | each idle gap sized from its own burst (gap_basis burst)",,iters=supplied as None; sglang=package not installed,1,3.12.15,174.8671636688607,"measured on this device: NVIDIA GH200 480GB (measured), 651.8 TFLOP/s bf16 over 3727.6 GB/s (triad pattern); calibrated 2026-10-08 at d4d1767e",,200.0,2.13.0,3.7.1,2026-10-09T01:13:24+00:00,0.27.1,300.0
native,3,32,2,64,512,1,64,0.384223997592926,0.37907201051712036,0.0015392156792623918,515,3,321.5597759783268,"scripts/clock_elasticity.py: bursts of N back-to-back fused_experts calls under one pinned tile, each call L2-flushed and bracketed by its own pre-primed event pair, the FIRST call of every burst discarded as a drained-queue launch, a host-side idle gap after each burst setting the sustained duty cycle, and the SM clock, board power and memory clock read through NVML with the burst still in flight; NOT timing.TIMING_BASIS",1710.0,False,high,True,True,ok,"histogram=balanced; LEVEL HIGH (recorded, never an exclusion here): loaded clock 1710 MHz against the 1425 MHz reference. At a duty cycle below 1.0 a HIGH reading is the experiment working, not a cell to drop.",0.25,308.936,0.24989214891646086,104,112.0335227109972,burst,0.3842880129814148,0.3840320110321045,True,1710 1710 1710 1710 1710 1710 1710 1710 1710 1710 1710 1710 1710 1710 1710,False,3727.5885372149983,"measured on this device: NVIDIA GH200 480GB (measured), 3727.6 GB/s (triad pattern)",13.0,580.105.08,True,1,d4d1767e5b2460a15228bfd986c304aecf6526a1,NVIDIA GH200 480GB,192-222-58-3,"scripts/clock_elasticity.py: bursts of N back-to-back fused_experts calls under one pinned tile, each call L2-flushed and bracketed by its own pre-primed event pair, the FIRST call of every burst discarded as a drained-queue launch, a host-side idle gap after each burst setting the sustained duty cycle, and the SM clock, board power and memory clock read through NVML with the burst still in flight; NOT timing.TIMING_BASIS | duty 0.25 | each idle gap sized from its own burst (gap_basis burst)",,iters=supplied as None; sglang=package not installed,1,3.12.15,174.8671636688607,"measured on this device: NVIDIA GH200 480GB (measured), 651.8 TFLOP/s bf16 over 3727.6 GB/s (triad pattern); calibrated 2026-10-08 at d4d1767e",,200.0,2.13.0,3.7.1,2026-10-09T01:13:24+00:00,0.27.1,300.0
native,3,32,1,32,256,1,64,0.2741439938545227,0.26873600482940674,0.010832224042989114,685,3,309.2342718541622,"scripts/clock_elasticity.py: bursts of N back-to-back fused_experts calls under one pinned tile, each call L2-flushed and bracketed by its own pre-primed event pair, the FIRST call of every burst discarded as a drained-queue launch, a host-side idle gap after each burst setting the sustained duty cycle, and the SM clock, board power and memory clock read through NVML with the burst still in flight; NOT timing.TIMING_BASIS",1710.0,False,high,True,True,ok,"histogram=balanced; LEVEL HIGH (recorded, never an exclusion here): loaded clock 1710 MHz against the 1425 MHz reference. At a duty cycle below 1.0 a HIGH reading is the experiment working, not a cell to drop.; host-bound: in 15 of 15 trials the GPU had fewer than 2 iterations of work queued when the host finished enqueueing (smallest backlog 0.39 iterations; host enqueue 0.3576 ms per call); the intervals include host enqueue time and the number is an upper bound on the kernel time; time the callable as a graph replay or through a fused launcher to measure the GPU alone",0.25,291.327,0.24989736955243366,138,104.75376437109662,burst,0.2744959890842438,0.27379199862480164,True,1710 1710 1710 1710 1710 1710 1710 1710 1710 1710 1710 1710 1710 1710 1710,True,3727.5885372149983,"measured on this device: NVIDIA GH200 480GB (measured), 3727.6 GB/s (triad pattern)",13.0,580.105.08,True,1,d4d1767e5b2460a15228bfd986c304aecf6526a1,NVIDIA GH200 480GB,192-222-58-3,"scripts/clock_elasticity.py: bursts of N back-to-back fused_experts calls under one pinned tile, each call L2-flushed and bracketed by its own pre-primed event pair, the FIRST call of every burst discarded as a drained-queue launch, a host-side idle gap after each burst setting the sustained duty cycle, and the SM clock, board power and memory clock read through NVML with the burst still in flight; NOT timing.TIMING_BASIS | duty 0.25 | each idle gap sized from its own burst (gap_basis burst)",,iters=supplied as None; sglang=package not installed,1,3.12.15,174.8671636688607,"measured on this device: NVIDIA GH200 480GB (measured), 651.8 TFLOP/s bf16 over 3727.6 GB/s (triad pattern); calibrated 2026-10-08 at d4d1767e",,200.0,2.13.0,3.7.1,2026-10-09T01:13:24+00:00,0.27.1,300.0
native,4,32,1,32,256,1,64,0.2740800082683563,0.26899200677871704,0.011991302489977764,645,3,306.24003222584724,"scripts/clock_elasticity.py: bursts of N back-to-back fused_experts calls under one pinned tile, each call L2-flushed and bracketed by its own pre-primed event pair, the FIRST call of every burst discarded as a drained-queue launch, a host-side idle gap after each burst setting the sustained duty cycle, and the SM clock, board power and memory clock read through NVML with the burst still in flight; NOT timing.TIMING_BASIS",1710.0,False,high,True,True,ok,"histogram=balanced; LEVEL HIGH (recorded, never an exclusion here): loaded clock 1710 MHz against the 1425 MHz reference. At a duty cycle below 1.0 a HIGH reading is the experiment working, not a cell to drop.; host-bound: in 15 of 15 trials the GPU had fewer than 2 iterations of work queued when the host finished enqueueing (smallest backlog 0.33 iterations; host enqueue 0.3565 ms per call); the intervals include host enqueue time and the number is an upper bound on the kernel time; time the callable as a graph replay or through a fused launcher to measure the GPU alone",0.25,295.855,0.24988241441219888,130,98.47697445355152,burst,0.2747199982404709,0.2733759880065918,True,1710 1710 1710 1710 1710 1710 1710 1710 1710 1710 1710 1710 1710 1710 1710,True,3727.5885372149983,"measured on this device: NVIDIA GH200 480GB (measured), 3727.6 GB/s (triad pattern)",13.0,580.105.08,True,1,d4d1767e5b2460a15228bfd986c304aecf6526a1,NVIDIA GH200 480GB,192-222-58-3,"scripts/clock_elasticity.py: bursts of N back-to-back fused_experts calls under one pinned tile, each call L2-flushed and bracketed by its own pre-primed event pair, the FIRST call of every burst discarded as a drained-queue launch, a host-side idle gap after each burst setting the sustained duty cycle, and the SM clock, board power and memory clock read through NVML with the burst still in flight; NOT timing.TIMING_BASIS | duty 0.25 | each idle gap sized from its own burst (gap_basis burst)",,iters=supplied as None; sglang=package not installed,1,3.12.15,174.8671636688607,"measured on this device: NVIDIA GH200 480GB (measured), 651.8 TFLOP/s bf16 over 3727.6 GB/s (triad pattern); calibrated 2026-10-08 at d4d1767e",,200.0,2.13.0,3.7.1,2026-10-09T01:13:24+00:00,0.27.1,300.0
native,4,32,2,64,512,1,64,0.38387200236320496,0.3792960047721863,0.0014147555832678908,510,3,318.2474562525749,"scripts/clock_elasticity.py: bursts of N back-to-back fused_experts calls under one pinned tile, each call L2-flushed and bracketed by its own pre-primed event pair, the FIRST call of every burst discarded as a drained-queue launch, a host-side idle gap after each burst setting the sustained duty cycle, and the SM clock, board power and memory clock read through NVML with the burst still in flight; NOT timing.TIMING_BASIS",1710.0,False,high,True,True,ok,"histogram=balanced; LEVEL HIGH (recorded, never an exclusion here): loaded clock 1710 MHz against the 1425 MHz reference. At a duty cycle below 1.0 a HIGH reading is the experiment working, not a cell to drop.",0.25,302.343,0.249895084593238,103,110.74949888859555,burst,0.38416001200675964,0.38367998600006104,True,1710 1710 1710 1710 1710 1710 1710 1710 1710 1710 1710 1710 1710 1710 1710,False,3727.5885372149983,"measured on this device: NVIDIA GH200 480GB (measured), 3727.6 GB/s (triad pattern)",13.0,580.105.08,True,1,d4d1767e5b2460a15228bfd986c304aecf6526a1,NVIDIA GH200 480GB,192-222-58-3,"scripts/clock_elasticity.py: bursts of N back-to-back fused_experts calls under one pinned tile, each call L2-flushed and bracketed by its own pre-primed event pair, the FIRST call of every burst discarded as a drained-queue launch, a host-side idle gap after each burst setting the sustained duty cycle, and the SM clock, board power and memory clock read through NVML with the burst still in flight; NOT timing.TIMING_BASIS | duty 0.25 | each idle gap sized from its own burst (gap_basis burst)",,iters=supplied as None; sglang=package not installed,1,3.12.15,174.8671636688607,"measured on this device: NVIDIA GH200 480GB (measured), 651.8 TFLOP/s bf16 over 3727.6 GB/s (triad pattern); calibrated 2026-10-08 at d4d1767e",,200.0,2.13.0,3.7.1,2026-10-09T01:13:24+00:00,0.27.1,300.0
native,4,32,3,96,768,1,64,0.5509439706802368,0.5455039739608765,0.0021085364660848945,355,3,318.91788893938065,"scripts/clock_elasticity.py: bursts of N back-to-back fused_experts calls under one pinned tile, each call L2-flushed and bracketed by its own pre-primed event pair, the FIRST call of every burst discarded as a drained-queue launch, a host-side idle gap after each burst setting the sustained duty cycle, and the SM clock, board power and memory clock read through NVML with the burst still in flight; NOT timing.TIMING_BASIS",1710.0,False,high,True,True,ok,"histogram=balanced; LEVEL HIGH (recorded, never an exclusion here): loaded clock 1710 MHz against the 1425 MHz reference. At a duty cycle below 1.0 a HIGH reading is the experiment working, not a cell to drop.",0.25,287.923,0.24990227353209118,72,113.72985165662978,burst,0.5513920187950134,0.5498239994049072,True,1710 1710 1710 1710 1710 1710 1710 1710 1710 1710 1710 1710 1710 1710 1710,False,3727.5885372149983,"measured on this device: NVIDIA GH200 480GB (measured), 3727.6 GB/s (triad pattern)",13.0,580.105.08,True,1,d4d1767e5b2460a15228bfd986c304aecf6526a1,NVIDIA GH200 480GB,192-222-58-3,"scripts/clock_elasticity.py: bursts of N back-to-back fused_experts calls under one pinned tile, each call L2-flushed and bracketed by its own pre-primed event pair, the FIRST call of every burst discarded as a drained-queue launch, a host-side idle gap after each burst setting the sustained duty cycle, and the SM clock, board power and memory clock read through NVML with the burst still in flight; NOT timing.TIMING_BASIS | duty 0.25 | each idle gap sized from its own burst (gap_basis burst)",,iters=supplied as None; sglang=package not installed,1,3.12.15,174.8671636688607,"measured on this device: NVIDIA GH200 480GB (measured), 651.8 TFLOP/s bf16 over 3727.6 GB/s (triad pattern); calibrated 2026-10-08 at d4d1767e",,200.0,2.13.0,3.7.1,2026-10-09T01:13:24+00:00,0.27.1,300.0
native,4,32,4,128,1024,1,64,0.719327986240387,0.712448000907898,0.002256065340880718,275,3,323.8687998652458,"scripts/clock_elasticity.py: bursts of N back-to-back fused_experts calls under one pinned tile, each call L2-flushed and bracketed by its own pre-primed event pair, the FIRST call of every burst discarded as a drained-queue launch, a host-side idle gap after each burst setting the sustained duty cycle, and the SM clock, board power and memory clock read through NVML with the burst still in flight; NOT timing.TIMING_BASIS",1710.0,False,high,True,True,ok,"histogram=balanced; LEVEL HIGH (recorded, never an exclusion here): loaded clock 1710 MHz against the 1425 MHz reference. At a duty cycle below 1.0 a HIGH reading is the experiment working, not a cell to drop.",0.25,283.449,0.24991877757625042,56,116.84230848611332,burst,0.7197759747505188,0.7180160284042358,True,1710 1710 1710 1710 1710 1710 1710 1710 1710 1710 1710 1710 1710 1710 1710,False,3727.5885372149983,"measured on this device: NVIDIA GH200 480GB (measured), 3727.6 GB/s (triad pattern)",13.0,580.105.08,True,1,d4d1767e5b2460a15228bfd986c304aecf6526a1,NVIDIA GH200 480GB,192-222-58-3,"scripts/clock_elasticity.py: bursts of N back-to-back fused_experts calls under one pinned tile, each call L2-flushed and bracketed by its own pre-primed event pair, the FIRST call of every burst discarded as a drained-queue launch, a host-side idle gap after each burst setting the sustained duty cycle, and the SM clock, board power and memory clock read through NVML with the burst still in flight; NOT timing.TIMING_BASIS | duty 0.25 | each idle gap sized from its own burst (gap_basis burst)",,iters=supplied as None; sglang=package not installed,1,3.12.15,174.8671636688607,"measured on this device: NVIDIA GH200 480GB (measured), 651.8 TFLOP/s bf16 over 3727.6 GB/s (triad pattern); calibrated 2026-10-08 at d4d1767e",,200.0,2.13.0,3.7.1,2026-10-09T01:13:24+00:00,0.27.1,300.0
native,4,32,5,160,1280,1,64,0.8867200016975403,0.880511999130249,0.002543465755742157,220,3,320.44057565927505,"scripts/clock_elasticity.py: bursts of N back-to-back fused_experts calls under one pinned tile, each call L2-flushed and bracketed by its own pre-primed event pair, the FIRST call of every burst discarded as a drained-queue launch, a host-side idle gap after each burst setting the sustained duty cycle, and the SM clock, board power and memory clock read through NVML with the burst still in flight; NOT timing.TIMING_BASIS",1710.0,False,high,True,True,ok,"histogram=balanced; LEVEL HIGH (recorded, never an exclusion here): loaded clock 1710 MHz against the 1425 MHz reference. At a duty cycle below 1.0 a HIGH reading is the experiment working, not a cell to drop.",0.25,281.719,0.24989243434388664,45,116.57493386649004,burst,0.8873599767684937,0.8856639862060547,True,1710 1710 1710 1710 1710 1710 1710 1710 1710 1710 1710 1710 1710 1710 1710,False,3727.5885372149983,"measured on this device: NVIDIA GH200 480GB (measured), 3727.6 GB/s (triad pattern)",13.0,580.105.08,True,1,d4d1767e5b2460a15228bfd986c304aecf6526a1,NVIDIA GH200 480GB,192-222-58-3,"scripts/clock_elasticity.py: bursts of N back-to-back fused_experts calls under one pinned tile, each call L2-flushed and bracketed by its own pre-primed event pair, the FIRST call of every burst discarded as a drained-queue launch, a host-side idle gap after each burst setting the sustained duty cycle, and the SM clock, board power and memory clock read through NVML with the burst still in flight; NOT timing.TIMING_BASIS | duty 0.25 | each idle gap sized from its own burst (gap_basis burst)",,iters=supplied as None; sglang=package not installed,1,3.12.15,174.8671636688607,"measured on this device: NVIDIA GH200 480GB (measured), 651.8 TFLOP/s bf16 over 3727.6 GB/s (triad pattern); calibrated 2026-10-08 at d4d1767e",,200.0,2.13.0,3.7.1,2026-10-09T01:13:24+00:00,0.27.1,300.0
native,4,32,6,192,1536,1,64,1.0558079481124878,1.0501760244369507,0.0022728125017203757,185,3,322.5450556278229,"scripts/clock_elasticity.py: bursts of N back-to-back fused_experts calls under one pinned tile, each call L2-flushed and bracketed by its own pre-primed event pair, the FIRST call of every burst discarded as a drained-queue launch, a host-side idle gap after each burst setting the sustained duty cycle, and the SM clock, board power and memory clock read through NVML with the burst still in flight; NOT timing.TIMING_BASIS",1710.0,False,high,True,True,ok,"histogram=balanced; LEVEL HIGH (recorded, never an exclusion here): loaded clock 1710 MHz against the 1425 MHz reference. At a duty cycle below 1.0 a HIGH reading is the experiment working, not a cell to drop.",0.25,281.645,0.24989830765432872,38,117.766043665295,burst,1.0569920539855957,1.0549119710922241,True,1710 1710 1710 1710 1710 1710 1710 1710 1710 1710 1710 1710 1710 1710 1710,False,3727.5885372149983,"measured on this device: NVIDIA GH200 480GB (measured), 3727.6 GB/s (triad pattern)",13.0,580.105.08,True,1,d4d1767e5b2460a15228bfd986c304aecf6526a1,NVIDIA GH200 480GB,192-222-58-3,"scripts/clock_elasticity.py: bursts of N back-to-back fused_experts calls under one pinned tile, each call L2-flushed and bracketed by its own pre-primed event pair, the FIRST call of every burst discarded as a drained-queue launch, a host-side idle gap after each burst setting the sustained duty cycle, and the SM clock, board power and memory clock read through NVML with the burst still in flight; NOT timing.TIMING_BASIS | duty 0.25 | each idle gap sized from its own burst (gap_basis burst)",,iters=supplied as None; sglang=package not installed,1,3.12.15,174.8671636688607,"measured on this device: NVIDIA GH200 480GB (measured), 651.8 TFLOP/s bf16 over 3727.6 GB/s (triad pattern); calibrated 2026-10-08 at d4d1767e",,200.0,2.13.0,3.7.1,2026-10-09T01:13:24+00:00,0.27.1,300.0
native,4,32,7,224,1792,1,64,1.2231040000915527,1.2169920206069946,0.002823616098447733,160,3,324.45980751514435,"scripts/clock_elasticity.py: bursts of N back-to-back fused_experts calls under one pinned tile, each call L2-flushed and bracketed by its own pre-primed event pair, the FIRST call of every burst discarded as a drained-queue launch, a host-side idle gap after each burst setting the sustained duty cycle, and the SM clock, board power and memory clock read through NVML with the burst still in flight; NOT timing.TIMING_BASIS",1710.0,False,high,True,True,ok,"histogram=balanced; LEVEL HIGH (recorded, never an exclusion here): loaded clock 1710 MHz against the 1425 MHz reference. At a duty cycle below 1.0 a HIGH reading is the experiment working, not a cell to drop.",0.25,278.26,0.24990065999937536,33,118.93859132585929,burst,1.2246080040931702,1.2224479913711548,True,1710 1710 1710 1710 1710 1710 1710 1710 1710 1710 1710 1710 1710 1710 1710,False,3727.5885372149983,"measured on this device: NVIDIA GH200 480GB (measured), 3727.6 GB/s (triad pattern)",13.0,580.105.08,True,1,d4d1767e5b2460a15228bfd986c304aecf6526a1,NVIDIA GH200 480GB,192-222-58-3,"scripts/clock_elasticity.py: bursts of N back-to-back fused_experts calls under one pinned tile, each call L2-flushed and bracketed by its own pre-primed event pair, the FIRST call of every burst discarded as a drained-queue launch, a host-side idle gap after each burst setting the sustained duty cycle, and the SM clock, board power and memory clock read through NVML with the burst still in flight; NOT timing.TIMING_BASIS | duty 0.25 | each idle gap sized from its own burst (gap_basis burst)",,iters=supplied as None; sglang=package not installed,1,3.12.15,174.8671636688607,"measured on this device: NVIDIA GH200 480GB (measured), 651.8 TFLOP/s bf16 over 3727.6 GB/s (triad pattern); calibrated 2026-10-08 at d4d1767e",,200.0,2.13.0,3.7.1,2026-10-09T01:13:24+00:00,0.27.1,300.0
native,4,32,8,256,2048,1,64,1.3931360244750977,1.388319969177246,0.002458437881612403,140,3,325.3398394584656,"scripts/clock_elasticity.py: bursts of N back-to-back fused_experts calls under one pinned tile, each call L2-flushed and bracketed by its own pre-primed event pair, the FIRST call of every burst discarded as a drained-queue launch, a host-side idle gap after each burst setting the sustained duty cycle, and the SM clock, board power and memory clock read through NVML with the burst still in flight; NOT timing.TIMING_BASIS",1710.0,False,high,True,True,ok,"histogram=balanced; LEVEL HIGH (recorded, never an exclusion here): loaded clock 1710 MHz against the 1425 MHz reference. At a duty cycle below 1.0 a HIGH reading is the experiment working, not a cell to drop.",0.25,272.066,0.24989409204192117,29,119.40764959921216,burst,1.394368052482605,1.393280029296875,True,1710 1710 1710 1710 1710 1710 1710 1710 1710 1710 1710 1710 1710 1710 1710,False,3727.5885372149983,"measured on this device: NVIDIA GH200 480GB (measured), 3727.6 GB/s (triad pattern)",13.0,580.105.08,True,1,d4d1767e5b2460a15228bfd986c304aecf6526a1,NVIDIA GH200 480GB,192-222-58-3,"scripts/clock_elasticity.py: bursts of N back-to-back fused_experts calls under one pinned tile, each call L2-flushed and bracketed by its own pre-primed event pair, the FIRST call of every burst discarded as a drained-queue launch, a host-side idle gap after each burst setting the sustained duty cycle, and the SM clock, board power and memory clock read through NVML with the burst still in flight; NOT timing.TIMING_BASIS | duty 0.25 | each idle gap sized from its own burst (gap_basis burst)",,iters=supplied as None; sglang=package not installed,1,3.12.15,174.8671636688607,"measured on this device: NVIDIA GH200 480GB (measured), 651.8 TFLOP/s bf16 over 3727.6 GB/s (triad pattern); calibrated 2026-10-08 at d4d1767e",,200.0,2.13.0,3.7.1,2026-10-09T01:13:24+00:00,0.27.1,300.0
native,4,32,9,288,2304,1,64,1.5625920295715332,1.556704044342041,0.004026046179335,125,3,326.5262392759323,"scripts/clock_elasticity.py: bursts of N back-to-back fused_experts calls under one pinned tile, each call L2-flushed and bracketed by its own pre-primed event pair, the FIRST call of every burst discarded as a drained-queue launch, a host-side idle gap after each burst setting the sustained duty cycle, and the SM clock, board power and memory clock read through NVML with the burst still in flight; NOT timing.TIMING_BASIS",1710.0,False,high,True,True,ok,"histogram=balanced; LEVEL HIGH (recorded, never an exclusion here): loaded clock 1710 MHz against the 1425 MHz reference. At a duty cycle below 1.0 a HIGH reading is the experiment working, not a cell to drop.",0.25,278.426,0.24989084418761487,26,120.35129699615938,burst,1.5633119940757751,1.5617440342903137,True,1710 1710 1710 1710 1710 1710 1710 1710 1710 1710 1710 1710 1710 1710 1710,False,3727.5885372149983,"measured on this device: NVIDIA GH200 480GB (measured), 3727.6 GB/s (triad pattern)",13.0,580.105.08,True,1,d4d1767e5b2460a15228bfd986c304aecf6526a1,NVIDIA GH200 480GB,192-222-58-3,"scripts/clock_elasticity.py: bursts of N back-to-back fused_experts calls under one pinned tile, each call L2-flushed and bracketed by its own pre-primed event pair, the FIRST call of every burst discarded as a drained-queue launch, a host-side idle gap after each burst setting the sustained duty cycle, and the SM clock, board power and memory clock read through NVML with the burst still in flight; NOT timing.TIMING_BASIS | duty 0.25 | each idle gap sized from its own burst (gap_basis burst)",,iters=supplied as None; sglang=package not installed,1,3.12.15,174.8671636688607,"measured on this device: NVIDIA GH200 480GB (measured), 651.8 TFLOP/s bf16 over 3727.6 GB/s (triad pattern); calibrated 2026-10-08 at d4d1767e",,200.0,2.13.0,3.7.1,2026-10-09T01:13:24+00:00,0.27.1,300.0
native,5,32,9,288,2304,1,64,1.5620800256729126,1.5576640367507935,0.003555699462301017,125,3,326.47468876838684,"scripts/clock_elasticity.py: bursts of N back-to-back fused_experts calls under one pinned tile, each call L2-flushed and bracketed by its own pre-primed event pair, the FIRST call of every burst discarded as a drained-queue launch, a host-side idle gap after each burst setting the sustained duty cycle, and the SM clock, board power and memory clock read through NVML with the burst still in flight; NOT timing.TIMING_BASIS",1710.0,False,high,True,True,ok,"histogram=balanced; LEVEL HIGH (recorded, never an exclusion here): loaded clock 1710 MHz against the 1425 MHz reference. At a duty cycle below 1.0 a HIGH reading is the experiment working, not a cell to drop.",0.25,275.091,0.24990086380909862,26,120.20921702170017,burst,1.563472032546997,1.5613920092582703,True,1710 1710 1710 1710 1710 1710 1710 1710 1710 1710 1710 1710 1710 1710 1710,False,3727.5885372149983,"measured on this device: NVIDIA GH200 480GB (measured), 3727.6 GB/s (triad pattern)",13.0,580.105.08,True,1,d4d1767e5b2460a15228bfd986c304aecf6526a1,NVIDIA GH200 480GB,192-222-58-3,"scripts/clock_elasticity.py: bursts of N back-to-back fused_experts calls under one pinned tile, each call L2-flushed and bracketed by its own pre-primed event pair, the FIRST call of every burst discarded as a drained-queue launch, a host-side idle gap after each burst setting the sustained duty cycle, and the SM clock, board power and memory clock read through NVML with the burst still in flight; NOT timing.TIMING_BASIS | duty 0.25 | each idle gap sized from its own burst (gap_basis burst)",,iters=supplied as None; sglang=package not installed,1,3.12.15,174.8671636688607,"measured on this device: NVIDIA GH200 480GB (measured), 651.8 TFLOP/s bf16 over 3727.6 GB/s (triad pattern); calibrated 2026-10-08 at d4d1767e",,200.0,2.13.0,3.7.1,2026-10-09T01:13:24+00:00,0.27.1,300.0
native,5,32,8,256,2048,1,64,1.3932160139083862,1.3882880210876465,0.003488518151478519,140,3,325.11551916599274,"scripts/clock_elasticity.py: bursts of N back-to-back fused_experts calls under one pinned tile, each call L2-flushed and bracketed by its own pre-primed event pair, the FIRST call of every burst discarded as a drained-queue launch, a host-side idle gap after each burst setting the sustained duty cycle, and the SM clock, board power and memory clock read through NVML with the burst still in flight; NOT timing.TIMING_BASIS",1710.0,False,high,True,True,ok,"histogram=balanced; LEVEL HIGH (recorded, never an exclusion here): loaded clock 1710 MHz against the 1425 MHz reference. At a duty cycle below 1.0 a HIGH reading is the experiment working, not a cell to drop.",0.25,270.139,0.24989892800162386,29,119.3680017480874,burst,1.3948160409927368,1.392896056175232,True,1710 1710 1710 1710 1710 1710 1710 1710 1710 1710 1710 1710 1710 1710 1710,False,3727.5885372149983,"measured on this device: NVIDIA GH200 480GB (measured), 3727.6 GB/s (triad pattern)",13.0,580.105.08,True,1,d4d1767e5b2460a15228bfd986c304aecf6526a1,NVIDIA GH200 480GB,192-222-58-3,"scripts/clock_elasticity.py: bursts of N back-to-back fused_experts calls under one pinned tile, each call L2-flushed and bracketed by its own pre-primed event pair, the FIRST call of every burst discarded as a drained-queue launch, a host-side idle gap after each burst setting the sustained duty cycle, and the SM clock, board power and memory clock read through NVML with the burst still in flight; NOT timing.TIMING_BASIS | duty 0.25 | each idle gap sized from its own burst (gap_basis burst)",,iters=supplied as None; sglang=package not installed,1,3.12.15,174.8671636688607,"measured on this device: NVIDIA GH200 480GB (measured), 651.8 TFLOP/s bf16 over 3727.6 GB/s (triad pattern); calibrated 2026-10-08 at d4d1767e",,200.0,2.13.0,3.7.1,2026-10-09T01:13:24+00:00,0.27.1,300.0
native,5,32,7,224,1792,1,64,1.2227840423583984,1.2178879976272583,0.0027272074811702123,160,3,324.491903424263,"scripts/clock_elasticity.py: bursts of N back-to-back fused_experts calls under one pinned tile, each call L2-flushed and bracketed by its own pre-primed event pair, the FIRST call of every burst discarded as a drained-queue launch, a host-side idle gap after each burst setting the sustained duty cycle, and the SM clock, board power and memory clock read through NVML with the burst still in flight; NOT timing.TIMING_BASIS",1710.0,False,high,True,True,ok,"histogram=balanced; LEVEL HIGH (recorded, never an exclusion here): loaded clock 1710 MHz against the 1425 MHz reference. At a duty cycle below 1.0 a HIGH reading is the experiment working, not a cell to drop.",0.25,280.113,0.2498956256078665,33,118.94038156216993,burst,1.2241600155830383,1.221936047077179,True,1710 1710 1710 1710 1710 1710 1710 1710 1710 1710 1710 1710 1710 1710 1710,False,3727.5885372149983,"measured on this device: NVIDIA GH200 480GB (measured), 3727.6 GB/s (triad pattern)",13.0,580.105.08,True,1,d4d1767e5b2460a15228bfd986c304aecf6526a1,NVIDIA GH200 480GB,192-222-58-3,"scripts/clock_elasticity.py: bursts of N back-to-back fused_experts calls under one pinned tile, each call L2-flushed and bracketed by its own pre-primed event pair, the FIRST call of every burst discarded as a drained-queue launch, a host-side idle gap after each burst setting the sustained duty cycle, and the SM clock, board power and memory clock read through NVML with the burst still in flight; NOT timing.TIMING_BASIS | duty 0.25 | each idle gap sized from its own burst (gap_basis burst)",,iters=supplied as None; sglang=package not installed,1,3.12.15,174.8671636688607,"measured on this device: NVIDIA GH200 480GB (measured), 651.8 TFLOP/s bf16 over 3727.6 GB/s (triad pattern); calibrated 2026-10-08 at d4d1767e",,200.0,2.13.0,3.7.1,2026-10-09T01:13:24+00:00,0.27.1,300.0
native,5,32,6,192,1536,1,64,1.0555839538574219,1.0496000051498413,0.002512230262787368,185,3,322.27913653850555,"scripts/clock_elasticity.py: bursts of N back-to-back fused_experts calls under one pinned tile, each call L2-flushed and bracketed by its own pre-primed event pair, the FIRST call of every burst discarded as a drained-queue launch, a host-side idle gap after each burst setting the sustained duty cycle, and the SM clock, board power and memory clock read through NVML with the burst still in flight; NOT timing.TIMING_BASIS",1710.0,False,high,True,True,ok,"histogram=balanced; LEVEL HIGH (recorded, never an exclusion here): loaded clock 1710 MHz against the 1425 MHz reference. At a duty cycle below 1.0 a HIGH reading is the experiment working, not a cell to drop.",0.25,277.051,0.2498918045002165,38,117.8028422858697,burst,1.0564160346984863,1.0545920133590698,True,1710 1710 1710 1710 1710 1710 1710 1710 1710 1710 1710 1710 1710 1710 1710,False,3727.5885372149983,"measured on this device: NVIDIA GH200 480GB (measured), 3727.6 GB/s (triad pattern)",13.0,580.105.08,True,1,d4d1767e5b2460a15228bfd986c304aecf6526a1,NVIDIA GH200 480GB,192-222-58-3,"scripts/clock_elasticity.py: bursts of N back-to-back fused_experts calls under one pinned tile, each call L2-flushed and bracketed by its own pre-primed event pair, the FIRST call of every burst discarded as a drained-queue launch, a host-side idle gap after each burst setting the sustained duty cycle, and the SM clock, board power and memory clock read through NVML with the burst still in flight; NOT timing.TIMING_BASIS | duty 0.25 | each idle gap sized from its own burst (gap_basis burst)",,iters=supplied as None; sglang=package not installed,1,3.12.15,174.8671636688607,"measured on this device: NVIDIA GH200 480GB (measured), 651.8 TFLOP/s bf16 over 3727.6 GB/s (triad pattern); calibrated 2026-10-08 at d4d1767e",,200.0,2.13.0,3.7.1,2026-10-09T01:13:24+00:00,0.27.1,300.0
native,5,32,5,160,1280,1,64,0.8868000209331512,0.8798720240592957,0.002588129053726568,220,3,320.41718393564224,"scripts/clock_elasticity.py: bursts of N back-to-back fused_experts calls under one pinned tile, each call L2-flushed and bracketed by its own pre-primed event pair, the FIRST call of every burst discarded as a drained-queue launch, a host-side idle gap after each burst setting the sustained duty cycle, and the SM clock, board power and memory clock read through NVML with the burst still in flight; NOT timing.TIMING_BASIS",1710.0,False,high,True,True,ok,"histogram=balanced; LEVEL HIGH (recorded, never an exclusion here): loaded clock 1710 MHz against the 1425 MHz reference. At a duty cycle below 1.0 a HIGH reading is the experiment working, not a cell to drop.",0.25,282.836,0.24989402331517924,45,116.51490344000922,burst,0.8881279826164246,0.8857600092887878,True,1710 1710 1710 1710 1710 1710 1710 1710 1710 1710 1710 1710 1710 1710 1710,False,3727.5885372149983,"measured on this device: NVIDIA GH200 480GB (measured), 3727.6 GB/s (triad pattern)",13.0,580.105.08,True,1,d4d1767e5b2460a15228bfd986c304aecf6526a1,NVIDIA GH200 480GB,192-222-58-3,"scripts/clock_elasticity.py: bursts of N back-to-back fused_experts calls under one pinned tile, each call L2-flushed and bracketed by its own pre-primed event pair, the FIRST call of every burst discarded as a drained-queue launch, a host-side idle gap after each burst setting the sustained duty cycle, and the SM clock, board power and memory clock read through NVML with the burst still in flight; NOT timing.TIMING_BASIS | duty 0.25 | each idle gap sized from its own burst (gap_basis burst)",,iters=supplied as None; sglang=package not installed,1,3.12.15,174.8671636688607,"measured on this device: NVIDIA GH200 480GB (measured), 651.8 TFLOP/s bf16 over 3727.6 GB/s (triad pattern); calibrated 2026-10-08 at d4d1767e",,200.0,2.13.0,3.7.1,2026-10-09T01:13:24+00:00,0.27.1,300.0
native,5,32,4,128,1024,1,64,0.718783974647522,0.7138879895210266,0.0021665529837754495,275,3,323.3574720621109,"scripts/clock_elasticity.py: bursts of N back-to-back fused_experts calls under one pinned tile, each call L2-flushed and bracketed by its own pre-primed event pair, the FIRST call of every burst discarded as a drained-queue launch, a host-side idle gap after each burst setting the sustained duty cycle, and the SM clock, board power and memory clock read through NVML with the burst still in flight; NOT timing.TIMING_BASIS",1710.0,False,high,True,True,ok,"histogram=balanced; LEVEL HIGH (recorded, never an exclusion here): loaded clock 1710 MHz against the 1425 MHz reference. At a duty cycle below 1.0 a HIGH reading is the experiment working, not a cell to drop.",0.25,284.297,0.24990157090433143,56,116.7027258188682,burst,0.719648003578186,0.7181119918823242,True,1710 1710 1710 1710 1710 1710 1710 1710 1710 1710 1710 1710 1710 1710 1710,False,3727.5885372149983,"measured on this device: NVIDIA GH200 480GB (measured), 3727.6 GB/s (triad pattern)",13.0,580.105.08,True,1,d4d1767e5b2460a15228bfd986c304aecf6526a1,NVIDIA GH200 480GB,192-222-58-3,"scripts/clock_elasticity.py: bursts of N back-to-back fused_experts calls under one pinned tile, each call L2-flushed and bracketed by its own pre-primed event pair, the FIRST call of every burst discarded as a drained-queue launch, a host-side idle gap after each burst setting the sustained duty cycle, and the SM clock, board power and memory clock read through NVML with the burst still in flight; NOT timing.TIMING_BASIS | duty 0.25 | each idle gap sized from its own burst (gap_basis burst)",,iters=supplied as None; sglang=package not installed,1,3.12.15,174.8671636688607,"measured on this device: NVIDIA GH200 480GB (measured), 651.8 TFLOP/s bf16 over 3727.6 GB/s (triad pattern); calibrated 2026-10-08 at d4d1767e",,200.0,2.13.0,3.7.1,2026-10-09T01:13:24+00:00,0.27.1,300.0
native,5,32,3,96,768,1,64,0.5504000186920166,0.5460159778594971,0.0019968381270085234,360,3,323.08102428913116,"scripts/clock_elasticity.py: bursts of N back-to-back fused_experts calls under one pinned tile, each call L2-flushed and bracketed by its own pre-primed event pair, the FIRST call of every burst discarded as a drained-queue launch, a host-side idle gap after each burst setting the sustained duty cycle, and the SM clock, board power and memory clock read through NVML with the burst still in flight; NOT timing.TIMING_BASIS",1710.0,False,high,True,True,ok,"histogram=balanced; LEVEL HIGH (recorded, never an exclusion here): loaded clock 1710 MHz against the 1425 MHz reference. At a duty cycle below 1.0 a HIGH reading is the experiment working, not a cell to drop.",0.25,295.193,0.2498997784322462,73,115.14194018954733,burst,0.5508480072021484,0.5493600070476532,True,1710 1710 1710 1710 1710 1710 1710 1710 1710 1710 1710 1710 1710 1710 1710,False,3727.5885372149983,"measured on this device: NVIDIA GH200 480GB (measured), 3727.6 GB/s (triad pattern)",13.0,580.105.08,True,1,d4d1767e5b2460a15228bfd986c304aecf6526a1,NVIDIA GH200 480GB,192-222-58-3,"scripts/clock_elasticity.py: bursts of N back-to-back fused_experts calls under one pinned tile, each call L2-flushed and bracketed by its own pre-primed event pair, the FIRST call of every burst discarded as a drained-queue launch, a host-side idle gap after each burst setting the sustained duty cycle, and the SM clock, board power and memory clock read through NVML with the burst still in flight; NOT timing.TIMING_BASIS | duty 0.25 | each idle gap sized from its own burst (gap_basis burst)",,iters=supplied as None; sglang=package not installed,1,3.12.15,174.8671636688607,"measured on this device: NVIDIA GH200 480GB (measured), 651.8 TFLOP/s bf16 over 3727.6 GB/s (triad pattern); calibrated 2026-10-08 at d4d1767e",,200.0,2.13.0,3.7.1,2026-10-09T01:13:24+00:00,0.27.1,300.0
native,5,32,2,64,512,1,64,0.3840959966182709,0.3792960047721863,0.0017218481678681796,505,3,315.1848641335964,"scripts/clock_elasticity.py: bursts of N back-to-back fused_experts calls under one pinned tile, each call L2-flushed and bracketed by its own pre-primed event pair, the FIRST call of every burst discarded as a drained-queue launch, a host-side idle gap after each burst setting the sustained duty cycle, and the SM clock, board power and memory clock read through NVML with the burst still in flight; NOT timing.TIMING_BASIS",1710.0,False,high,True,True,ok,"histogram=balanced; LEVEL HIGH (recorded, never an exclusion here): loaded clock 1710 MHz against the 1425 MHz reference. At a duty cycle below 1.0 a HIGH reading is the experiment working, not a cell to drop.",0.25,301.982,0.24989362055034584,102,109.77488200174412,burst,0.384223997592926,0.3837760090827942,True,1710 1710 1710 1710 1710 1710 1710 1710 1710 1710 1710 1710 1710 1710 1710,False,3727.5885372149983,"measured on this device: NVIDIA GH200 480GB (measured), 3727.6 GB/s (triad pattern)",13.0,580.105.08,True,1,d4d1767e5b2460a15228bfd986c304aecf6526a1,NVIDIA GH200 480GB,192-222-58-3,"scripts/clock_elasticity.py: bursts of N back-to-back fused_experts calls under one pinned tile, each call L2-flushed and bracketed by its own pre-primed event pair, the FIRST call of every burst discarded as a drained-queue launch, a host-side idle gap after each burst setting the sustained duty cycle, and the SM clock, board power and memory clock read through NVML with the burst still in flight; NOT timing.TIMING_BASIS | duty 0.25 | each idle gap sized from its own burst (gap_basis burst)",,iters=supplied as None; sglang=package not installed,1,3.12.15,174.8671636688607,"measured on this device: NVIDIA GH200 480GB (measured), 651.8 TFLOP/s bf16 over 3727.6 GB/s (triad pattern); calibrated 2026-10-08 at d4d1767e",,200.0,2.13.0,3.7.1,2026-10-09T01:13:24+00:00,0.27.1,300.0
native,5,32,1,32,256,1,64,0.2761920094490051,0.26870399713516235,0.014182223885695745,665,3,310.188000112772,"scripts/clock_elasticity.py: bursts of N back-to-back fused_experts calls under one pinned tile, each call L2-flushed and bracketed by its own pre-primed event pair, the FIRST call of every burst discarded as a drained-queue launch, a host-side idle gap after each burst setting the sustained duty cycle, and the SM clock, board power and memory clock read through NVML with the burst still in flight; NOT timing.TIMING_BASIS",1710.0,False,high,True,True,ok,"histogram=balanced; LEVEL HIGH (recorded, never an exclusion here): loaded clock 1710 MHz against the 1425 MHz reference. At a duty cycle below 1.0 a HIGH reading is the experiment working, not a cell to drop.; host-bound: in 15 of 15 trials the GPU had fewer than 2 iterations of work queued when the host finished enqueueing (smallest backlog 0.26 iterations; host enqueue 0.3631 ms per call); the intervals include host enqueue time and the number is an upper bound on the kernel time; time the callable as a graph replay or through a fused launcher to measure the GPU alone",0.25,293.454,0.24989215957020647,134,103.84561545062024,burst,0.2791999876499176,0.2747200131416321,True,1710 1710 1710 1710 1710 1710 1710 1710 1710 1710 1710 1710 1710 1710 1710,True,3727.5885372149983,"measured on this device: NVIDIA GH200 480GB (measured), 3727.6 GB/s (triad pattern)",13.0,580.105.08,True,1,d4d1767e5b2460a15228bfd986c304aecf6526a1,NVIDIA GH200 480GB,192-222-58-3,"scripts/clock_elasticity.py: bursts of N back-to-back fused_experts calls under one pinned tile, each call L2-flushed and bracketed by its own pre-primed event pair, the FIRST call of every burst discarded as a drained-queue launch, a host-side idle gap after each burst setting the sustained duty cycle, and the SM clock, board power and memory clock read through NVML with the burst still in flight; NOT timing.TIMING_BASIS | duty 0.25 | each idle gap sized from its own burst (gap_basis burst)",,iters=supplied as None; sglang=package not installed,1,3.12.15,174.8671636688607,"measured on this device: NVIDIA GH200 480GB (measured), 651.8 TFLOP/s bf16 over 3727.6 GB/s (triad pattern); calibrated 2026-10-08 at d4d1767e",,200.0,2.13.0,3.7.1,2026-10-09T01:13:24+00:00,0.27.1,300.0
native,6,32,1,32,256,1,64,0.27395200729370117,0.2690559923648834,0.010196342282018217,675,3,309.79145589470863,"scripts/clock_elasticity.py: bursts of N back-to-back fused_experts calls under one pinned tile, each call L2-flushed and bracketed by its own pre-primed event pair, the FIRST call of every burst discarded as a drained-queue launch, a host-side idle gap after each burst setting the sustained duty cycle, and the SM clock, board power and memory clock read through NVML with the burst still in flight; NOT timing.TIMING_BASIS",1710.0,False,high,True,True,ok,"histogram=balanced; LEVEL HIGH (recorded, never an exclusion here): loaded clock 1710 MHz against the 1425 MHz reference. At a duty cycle below 1.0 a HIGH reading is the experiment working, not a cell to drop.; host-bound: in 13 of 15 trials the GPU had fewer than 2 iterations of work queued when the host finished enqueueing (smallest backlog 0.37 iterations; host enqueue 0.3555 ms per call); the intervals include host enqueue time and the number is an upper bound on the kernel time; time the callable as a graph replay or through a fused launcher to measure the GPU alone",0.25,291.511,0.24989321310089604,136,102.42600193850376,burst,0.27497598528862,0.27353599667549133,True,1710 1710 1710 1710 1710 1710 1710 1710 1710 1710 1710 1710 1710 1710 1710,True,3727.5885372149983,"measured on this device: NVIDIA GH200 480GB (measured), 3727.6 GB/s (triad pattern)",13.0,580.105.08,True,1,d4d1767e5b2460a15228bfd986c304aecf6526a1,NVIDIA GH200 480GB,192-222-58-3,"scripts/clock_elasticity.py: bursts of N back-to-back fused_experts calls under one pinned tile, each call L2-flushed and bracketed by its own pre-primed event pair, the FIRST call of every burst discarded as a drained-queue launch, a host-side idle gap after each burst setting the sustained duty cycle, and the SM clock, board power and memory clock read through NVML with the burst still in flight; NOT timing.TIMING_BASIS | duty 0.25 | each idle gap sized from its own burst (gap_basis burst)",,iters=supplied as None; sglang=package not installed,1,3.12.15,174.8671636688607,"measured on this device: NVIDIA GH200 480GB (measured), 651.8 TFLOP/s bf16 over 3727.6 GB/s (triad pattern); calibrated 2026-10-08 at d4d1767e",,200.0,2.13.0,3.7.1,2026-10-09T01:13:24+00:00,0.27.1,300.0
native,6,32,2,64,512,1,64,0.3843519985675812,0.37942400574684143,0.0017225619003804194,510,3,318.71926391124725,"scripts/clock_elasticity.py: bursts of N back-to-back fused_experts calls under one pinned tile, each call L2-flushed and bracketed by its own pre-primed event pair, the FIRST call of every burst discarded as a drained-queue launch, a host-side idle gap after each burst setting the sustained duty cycle, and the SM clock, board power and memory clock read through NVML with the burst still in flight; NOT timing.TIMING_BASIS",1710.0,False,high,True,True,ok,"histogram=balanced; LEVEL HIGH (recorded, never an exclusion here): loaded clock 1710 MHz against the 1425 MHz reference. At a duty cycle below 1.0 a HIGH reading is the experiment working, not a cell to drop.",0.25,305.625,0.24989431067154136,103,110.95308207783091,burst,0.384768009185791,0.38419198989868164,True,1710 1710 1710 1710 1710 1710 1710 1710 1710 1710 1710 1710 1710 1710 1710,False,3727.5885372149983,"measured on this device: NVIDIA GH200 480GB (measured), 3727.6 GB/s (triad pattern)",13.0,580.105.08,True,1,d4d1767e5b2460a15228bfd986c304aecf6526a1,NVIDIA GH200 480GB,192-222-58-3,"scripts/clock_elasticity.py: bursts of N back-to-back fused_experts calls under one pinned tile, each call L2-flushed and bracketed by its own pre-primed event pair, the FIRST call of every burst discarded as a drained-queue launch, a host-side idle gap after each burst setting the sustained duty cycle, and the SM clock, board power and memory clock read through NVML with the burst still in flight; NOT timing.TIMING_BASIS | duty 0.25 | each idle gap sized from its own burst (gap_basis burst)",,iters=supplied as None; sglang=package not installed,1,3.12.15,174.8671636688607,"measured on this device: NVIDIA GH200 480GB (measured), 651.8 TFLOP/s bf16 over 3727.6 GB/s (triad pattern); calibrated 2026-10-08 at d4d1767e",,200.0,2.13.0,3.7.1,2026-10-09T01:13:24+00:00,0.27.1,300.0
native,6,32,3,96,768,1,64,0.5500800013542175,0.5451200008392334,0.0020860042306206825,355,3,318.60527950525284,"scripts/clock_elasticity.py: bursts of N back-to-back fused_experts calls under one pinned tile, each call L2-flushed and bracketed by its own pre-primed event pair, the FIRST call of every burst discarded as a drained-queue launch, a host-side idle gap after each burst setting the sustained duty cycle, and the SM clock, board power and memory clock read through NVML with the burst still in flight; NOT timing.TIMING_BASIS",1710.0,False,high,True,True,ok,"histogram=balanced; LEVEL HIGH (recorded, never an exclusion here): loaded clock 1710 MHz against the 1425 MHz reference. At a duty cycle below 1.0 a HIGH reading is the experiment working, not a cell to drop.",0.25,299.104,0.2498992154995558,72,113.47110015553335,burst,0.550815999507904,0.5492479801177979,True,1710 1710 1710 1710 1710 1710 1710 1710 1710 1710 1710 1710 1710 1710 1710,False,3727.5885372149983,"measured on this device: NVIDIA GH200 480GB (measured), 3727.6 GB/s (triad pattern)",13.0,580.105.08,True,1,d4d1767e5b2460a15228bfd986c304aecf6526a1,NVIDIA GH200 480GB,192-222-58-3,"scripts/clock_elasticity.py: bursts of N back-to-back fused_experts calls under one pinned tile, each call L2-flushed and bracketed by its own pre-primed event pair, the FIRST call of every burst discarded as a drained-queue launch, a host-side idle gap after each burst setting the sustained duty cycle, and the SM clock, board power and memory clock read through NVML with the burst still in flight; NOT timing.TIMING_BASIS | duty 0.25 | each idle gap sized from its own burst (gap_basis burst)",,iters=supplied as None; sglang=package not installed,1,3.12.15,174.8671636688607,"measured on this device: NVIDIA GH200 480GB (measured), 651.8 TFLOP/s bf16 over 3727.6 GB/s (triad pattern); calibrated 2026-10-08 at d4d1767e",,200.0,2.13.0,3.7.1,2026-10-09T01:13:24+00:00,0.27.1,300.0
native,6,32,4,128,1024,1,64,0.7186239957809448,0.7145599722862244,0.0019416195829955137,275,3,323.58217626810074,"scripts/clock_elasticity.py: bursts of N back-to-back fused_experts calls under one pinned tile, each call L2-flushed and bracketed by its own pre-primed event pair, the FIRST call of every burst discarded as a drained-queue launch, a host-side idle gap after each burst setting the sustained duty cycle, and the SM clock, board power and memory clock read through NVML with the burst still in flight; NOT timing.TIMING_BASIS",1710.0,False,high,True,True,ok,"histogram=balanced; LEVEL HIGH (recorded, never an exclusion here): loaded clock 1710 MHz against the 1425 MHz reference. At a duty cycle below 1.0 a HIGH reading is the experiment working, not a cell to drop.",0.25,288.996,0.24989684824855565,56,116.68563678712962,burst,0.7194240093231201,0.7180799841880798,True,1710 1710 1710 1710 1710 1710 1710 1710 1710 1710 1710 1710 1710 1710 1710,False,3727.5885372149983,"measured on this device: NVIDIA GH200 480GB (measured), 3727.6 GB/s (triad pattern)",13.0,580.105.08,True,1,d4d1767e5b2460a15228bfd986c304aecf6526a1,NVIDIA GH200 480GB,192-222-58-3,"scripts/clock_elasticity.py: bursts of N back-to-back fused_experts calls under one pinned tile, each call L2-flushed and bracketed by its own pre-primed event pair, the FIRST call of every burst discarded as a drained-queue launch, a host-side idle gap after each burst setting the sustained duty cycle, and the SM clock, board power and memory clock read through NVML with the burst still in flight; NOT timing.TIMING_BASIS | duty 0.25 | each idle gap sized from its own burst (gap_basis burst)",,iters=supplied as None; sglang=package not installed,1,3.12.15,174.8671636688607,"measured on this device: NVIDIA GH200 480GB (measured), 651.8 TFLOP/s bf16 over 3727.6 GB/s (triad pattern); calibrated 2026-10-08 at d4d1767e",,200.0,2.13.0,3.7.1,2026-10-09T01:13:24+00:00,0.27.1,300.0
native,6,32,5,160,1280,1,64,0.8866399824619293,0.8809919953346252,0.00241329456306828,220,3,320.94316816329956,"scripts/clock_elasticity.py: bursts of N back-to-back fused_experts calls under one pinned tile, each call L2-flushed and bracketed by its own pre-primed event pair, the FIRST call of every burst discarded as a drained-queue launch, a host-side idle gap after each burst setting the sustained duty cycle, and the SM clock, board power and memory clock read through NVML with the burst still in flight; NOT timing.TIMING_BASIS",1710.0,False,high,True,True,ok,"histogram=balanced; LEVEL HIGH (recorded, never an exclusion here): loaded clock 1710 MHz against the 1425 MHz reference. At a duty cycle below 1.0 a HIGH reading is the experiment working, not a cell to drop.",0.25,282.343,0.24989474302639317,45,116.55739741038268,burst,0.8870720267295837,0.8857280015945435,True,1710 1710 1710 1710 1710 1710 1710 1710 1710 1710 1710 1710 1710 1710 1710,False,3727.5885372149983,"measured on this device: NVIDIA GH200 480GB (measured), 3727.6 GB/s (triad pattern)",13.0,580.105.08,True,1,d4d1767e5b2460a15228bfd986c304aecf6526a1,NVIDIA GH200 480GB,192-222-58-3,"scripts/clock_elasticity.py: bursts of N back-to-back fused_experts calls under one pinned tile, each call L2-flushed and bracketed by its own pre-primed event pair, the FIRST call of every burst discarded as a drained-queue launch, a host-side idle gap after each burst setting the sustained duty cycle, and the SM clock, board power and memory clock read through NVML with the burst still in flight; NOT timing.TIMING_BASIS | duty 0.25 | each idle gap sized from its own burst (gap_basis burst)",,iters=supplied as None; sglang=package not installed,1,3.12.15,174.8671636688607,"measured on this device: NVIDIA GH200 480GB (measured), 651.8 TFLOP/s bf16 over 3727.6 GB/s (triad pattern); calibrated 2026-10-08 at d4d1767e",,200.0,2.13.0,3.7.1,2026-10-09T01:13:24+00:00,0.27.1,300.0
native,6,32,6,192,1536,1,64,1.0560959577560425,1.050719976425171,0.002754136462221572,185,3,322.63327836990356,"scripts/clock_elasticity.py: bursts of N back-to-back fused_experts calls under one pinned tile, each call L2-flushed and bracketed by its own pre-primed event pair, the FIRST call of every burst discarded as a drained-queue launch, a host-side idle gap after each burst setting the sustained duty cycle, and the SM clock, board power and memory clock read through NVML with the burst still in flight; NOT timing.TIMING_BASIS",1710.0,False,high,True,True,ok,"histogram=balanced; LEVEL HIGH (recorded, never an exclusion here): loaded clock 1710 MHz against the 1425 MHz reference. At a duty cycle below 1.0 a HIGH reading is the experiment working, not a cell to drop.",0.25,284.244,0.24989841489555845,38,117.7826209211853,burst,1.0566719770431519,1.0555200576782227,True,1710 1710 1710 1710 1710 1710 1710 1710 1710 1710 1710 1710 1710 1710 1710,False,3727.5885372149983,"measured on this device: NVIDIA GH200 480GB (measured), 3727.6 GB/s (triad pattern)",13.0,580.105.08,True,1,d4d1767e5b2460a15228bfd986c304aecf6526a1,NVIDIA GH200 480GB,192-222-58-3,"scripts/clock_elasticity.py: bursts of N back-to-back fused_experts calls under one pinned tile, each call L2-flushed and bracketed by its own pre-primed event pair, the FIRST call of every burst discarded as a drained-queue launch, a host-side idle gap after each burst setting the sustained duty cycle, and the SM clock, board power and memory clock read through NVML with the burst still in flight; NOT timing.TIMING_BASIS | duty 0.25 | each idle gap sized from its own burst (gap_basis burst)",,iters=supplied as None; sglang=package not installed,1,3.12.15,174.8671636688607,"measured on this device: NVIDIA GH200 480GB (measured), 651.8 TFLOP/s bf16 over 3727.6 GB/s (triad pattern); calibrated 2026-10-08 at d4d1767e",,200.0,2.13.0,3.7.1,2026-10-09T01:13:24+00:00,0.27.1,300.0
native,6,32,7,224,1792,1,64,1.2239519953727722,1.218176007270813,0.003000807274637361,160,3,324.75897574424744,"scripts/clock_elasticity.py: bursts of N back-to-back fused_experts calls under one pinned tile, each call L2-flushed and bracketed by its own pre-primed event pair, the FIRST call of every burst discarded as a drained-queue launch, a host-side idle gap after each burst setting the sustained duty cycle, and the SM clock, board power and memory clock read through NVML with the burst still in flight; NOT timing.TIMING_BASIS",1710.0,False,high,True,True,ok,"histogram=balanced; LEVEL HIGH (recorded, never an exclusion here): loaded clock 1710 MHz against the 1425 MHz reference. At a duty cycle below 1.0 a HIGH reading is the experiment working, not a cell to drop.",0.25,280.211,0.24989568501149856,33,118.9951030322336,burst,1.2255199551582336,1.2233920097351074,True,1710 1710 1710 1710 1710 1710 1710 1710 1710 1710 1710 1710 1710 1710 1710,False,3727.5885372149983,"measured on this device: NVIDIA GH200 480GB (measured), 3727.6 GB/s (triad pattern)",13.0,580.105.08,True,1,d4d1767e5b2460a15228bfd986c304aecf6526a1,NVIDIA GH200 480GB,192-222-58-3,"scripts/clock_elasticity.py: bursts of N back-to-back fused_experts calls under one pinned tile, each call L2-flushed and bracketed by its own pre-primed event pair, the FIRST call of every burst discarded as a drained-queue launch, a host-side idle gap after each burst setting the sustained duty cycle, and the SM clock, board power and memory clock read through NVML with the burst still in flight; NOT timing.TIMING_BASIS | duty 0.25 | each idle gap sized from its own burst (gap_basis burst)",,iters=supplied as None; sglang=package not installed,1,3.12.15,174.8671636688607,"measured on this device: NVIDIA GH200 480GB (measured), 651.8 TFLOP/s bf16 over 3727.6 GB/s (triad pattern); calibrated 2026-10-08 at d4d1767e",,200.0,2.13.0,3.7.1,2026-10-09T01:13:24+00:00,0.27.1,300.0
native,6,32,8,256,2048,1,64,1.3940320014953613,1.3871999979019165,0.0034976449174508656,140,3,324.9813758134842,"scripts/clock_elasticity.py: bursts of N back-to-back fused_experts calls under one pinned tile, each call L2-flushed and bracketed by its own pre-primed event pair, the FIRST call of every burst discarded as a drained-queue launch, a host-side idle gap after each burst setting the sustained duty cycle, and the SM clock, board power and memory clock read through NVML with the burst still in flight; NOT timing.TIMING_BASIS",1710.0,False,high,True,True,ok,"histogram=balanced; LEVEL HIGH (recorded, never an exclusion here): loaded clock 1710 MHz against the 1425 MHz reference. At a duty cycle below 1.0 a HIGH reading is the experiment working, not a cell to drop.",0.25,272.623,0.24990506340216287,29,119.35478440775476,burst,1.394752025604248,1.392416000366211,True,1710 1710 1710 1710 1710 1710 1710 1710 1710 1710 1710 1710 1710 1710 1710,False,3727.5885372149983,"measured on this device: NVIDIA GH200 480GB (measured), 3727.6 GB/s (triad pattern)",13.0,580.105.08,True,1,d4d1767e5b2460a15228bfd986c304aecf6526a1,NVIDIA GH200 480GB,192-222-58-3,"scripts/clock_elasticity.py: bursts of N back-to-back fused_experts calls under one pinned tile, each call L2-flushed and bracketed by its own pre-primed event pair, the FIRST call of every burst discarded as a drained-queue launch, a host-side idle gap after each burst setting the sustained duty cycle, and the SM clock, board power and memory clock read through NVML with the burst still in flight; NOT timing.TIMING_BASIS | duty 0.25 | each idle gap sized from its own burst (gap_basis burst)",,iters=supplied as None; sglang=package not installed,1,3.12.15,174.8671636688607,"measured on this device: NVIDIA GH200 480GB (measured), 651.8 TFLOP/s bf16 over 3727.6 GB/s (triad pattern); calibrated 2026-10-08 at d4d1767e",,200.0,2.13.0,3.7.1,2026-10-09T01:13:24+00:00,0.27.1,300.0
native,6,32,9,288,2304,1,64,1.5622719526290894,1.5554879903793335,0.0037121467536970904,125,3,326.83222365379333,"scripts/clock_elasticity.py: bursts of N back-to-back fused_experts calls under one pinned tile, each call L2-flushed and bracketed by its own pre-primed event pair, the FIRST call of every burst discarded as a drained-queue launch, a host-side idle gap after each burst setting the sustained duty cycle, and the SM clock, board power and memory clock read through NVML with the burst still in flight; NOT timing.TIMING_BASIS",1710.0,False,high,True,True,ok,"histogram=balanced; LEVEL HIGH (recorded, never an exclusion here): loaded clock 1710 MHz against the 1425 MHz reference. At a duty cycle below 1.0 a HIGH reading is the experiment working, not a cell to drop.",0.25,272.081,0.2499000762266934,26,120.25126751889911,burst,1.5637919902801514,1.5607519745826721,True,1710 1710 1710 1710 1710 1710 1710 1710 1710 1710 1710 1710 1710 1710 1710,False,3727.5885372149983,"measured on this device: NVIDIA GH200 480GB (measured), 3727.6 GB/s (triad pattern)",13.0,580.105.08,True,1,d4d1767e5b2460a15228bfd986c304aecf6526a1,NVIDIA GH200 480GB,192-222-58-3,"scripts/clock_elasticity.py: bursts of N back-to-back fused_experts calls under one pinned tile, each call L2-flushed and bracketed by its own pre-primed event pair, the FIRST call of every burst discarded as a drained-queue launch, a host-side idle gap after each burst setting the sustained duty cycle, and the SM clock, board power and memory clock read through NVML with the burst still in flight; NOT timing.TIMING_BASIS | duty 0.25 | each idle gap sized from its own burst (gap_basis burst)",,iters=supplied as None; sglang=package not installed,1,3.12.15,174.8671636688607,"measured on this device: NVIDIA GH200 480GB (measured), 651.8 TFLOP/s bf16 over 3727.6 GB/s (triad pattern); calibrated 2026-10-08 at d4d1767e",,200.0,2.13.0,3.7.1,2026-10-09T01:13:24+00:00,0.27.1,300.0
native,7,32,9,288,2304,1,64,1.5617599487304688,1.5561920404434204,0.0037987222617987776,125,3,326.8103040456772,"scripts/clock_elasticity.py: bursts of N back-to-back fused_experts calls under one pinned tile, each call L2-flushed and bracketed by its own pre-primed event pair, the FIRST call of every burst discarded as a drained-queue launch, a host-side idle gap after each burst setting the sustained duty cycle, and the SM clock, board power and memory clock read through NVML with the burst still in flight; NOT timing.TIMING_BASIS",1710.0,False,high,True,True,ok,"histogram=balanced; LEVEL HIGH (recorded, never an exclusion here): loaded clock 1710 MHz against the 1425 MHz reference. At a duty cycle below 1.0 a HIGH reading is the experiment working, not a cell to drop.",0.25,281.606,0.24990291048592092,26,120.19600198867556,burst,1.5630559921264648,1.561024010181427,True,1710 1710 1710 1710 1710 1710 1710 1710 1710 1710 1710 1710 1710 1710 1710,False,3727.5885372149983,"measured on this device: NVIDIA GH200 480GB (measured), 3727.6 GB/s (triad pattern)",13.0,580.105.08,True,1,d4d1767e5b2460a15228bfd986c304aecf6526a1,NVIDIA GH200 480GB,192-222-58-3,"scripts/clock_elasticity.py: bursts of N back-to-back fused_experts calls under one pinned tile, each call L2-flushed and bracketed by its own pre-primed event pair, the FIRST call of every burst discarded as a drained-queue launch, a host-side idle gap after each burst setting the sustained duty cycle, and the SM clock, board power and memory clock read through NVML with the burst still in flight; NOT timing.TIMING_BASIS | duty 0.25 | each idle gap sized from its own burst (gap_basis burst)",,iters=supplied as None; sglang=package not installed,1,3.12.15,174.8671636688607,"measured on this device: NVIDIA GH200 480GB (measured), 651.8 TFLOP/s bf16 over 3727.6 GB/s (triad pattern); calibrated 2026-10-08 at d4d1767e",,200.0,2.13.0,3.7.1,2026-10-09T01:13:24+00:00,0.27.1,300.0
native,7,32,8,256,2048,1,64,1.3934400081634521,1.388159990310669,0.003042322273177756,140,3,324.8260155916214,"scripts/clock_elasticity.py: bursts of N back-to-back fused_experts calls under one pinned tile, each call L2-flushed and bracketed by its own pre-primed event pair, the FIRST call of every burst discarded as a drained-queue launch, a host-side idle gap after each burst setting the sustained duty cycle, and the SM clock, board power and memory clock read through NVML with the burst still in flight; NOT timing.TIMING_BASIS",1710.0,False,high,True,True,ok,"histogram=balanced; LEVEL HIGH (recorded, never an exclusion here): loaded clock 1710 MHz against the 1425 MHz reference. At a duty cycle below 1.0 a HIGH reading is the experiment working, not a cell to drop.",0.25,274.615,0.24990581889232266,29,119.39539446665005,burst,1.3941760063171387,1.3936320543289185,True,1710 1710 1710 1710 1710 1710 1710 1710 1710 1710 1710 1710 1710 1710 1710,False,3727.5885372149983,"measured on this device: NVIDIA GH200 480GB (measured), 3727.6 GB/s (triad pattern)",13.0,580.105.08,True,1,d4d1767e5b2460a15228bfd986c304aecf6526a1,NVIDIA GH200 480GB,192-222-58-3,"scripts/clock_elasticity.py: bursts of N back-to-back fused_experts calls under one pinned tile, each call L2-flushed and bracketed by its own pre-primed event pair, the FIRST call of every burst discarded as a drained-queue launch, a host-side idle gap after each burst setting the sustained duty cycle, and the SM clock, board power and memory clock read through NVML with the burst still in flight; NOT timing.TIMING_BASIS | duty 0.25 | each idle gap sized from its own burst (gap_basis burst)",,iters=supplied as None; sglang=package not installed,1,3.12.15,174.8671636688607,"measured on this device: NVIDIA GH200 480GB (measured), 651.8 TFLOP/s bf16 over 3727.6 GB/s (triad pattern); calibrated 2026-10-08 at d4d1767e",,200.0,2.13.0,3.7.1,2026-10-09T01:13:24+00:00,0.27.1,300.0
native,7,32,7,224,1792,1,64,1.2238240242004395,1.2177599668502808,0.003247270581071467,160,3,324.90803122520447,"scripts/clock_elasticity.py: bursts of N back-to-back fused_experts calls under one pinned tile, each call L2-flushed and bracketed by its own pre-primed event pair, the FIRST call of every burst discarded as a drained-queue launch, a host-side idle gap after each burst setting the sustained duty cycle, and the SM clock, board power and memory clock read through NVML with the burst still in flight; NOT timing.TIMING_BASIS",1710.0,False,high,True,True,ok,"histogram=balanced; LEVEL HIGH (recorded, never an exclusion here): loaded clock 1710 MHz against the 1425 MHz reference. At a duty cycle below 1.0 a HIGH reading is the experiment working, not a cell to drop.",0.25,281.119,0.2498971877814303,33,118.99766068653118,burst,1.2240960001945496,1.2238240242004395,True,1710 1710 1710 1710 1710 1710 1710 1710 1710 1710 1710 1710 1710 1710 1710,False,3727.5885372149983,"measured on this device: NVIDIA GH200 480GB (measured), 3727.6 GB/s (triad pattern)",13.0,580.105.08,True,1,d4d1767e5b2460a15228bfd986c304aecf6526a1,NVIDIA GH200 480GB,192-222-58-3,"scripts/clock_elasticity.py: bursts of N back-to-back fused_experts calls under one pinned tile, each call L2-flushed and bracketed by its own pre-primed event pair, the FIRST call of every burst discarded as a drained-queue launch, a host-side idle gap after each burst setting the sustained duty cycle, and the SM clock, board power and memory clock read through NVML with the burst still in flight; NOT timing.TIMING_BASIS | duty 0.25 | each idle gap sized from its own burst (gap_basis burst)",,iters=supplied as None; sglang=package not installed,1,3.12.15,174.8671636688607,"measured on this device: NVIDIA GH200 480GB (measured), 651.8 TFLOP/s bf16 over 3727.6 GB/s (triad pattern); calibrated 2026-10-08 at d4d1767e",,200.0,2.13.0,3.7.1,2026-10-09T01:13:24+00:00,0.27.1,300.0
native,7,32,6,192,1536,1,64,1.0560959577560425,1.0509120225906372,0.002401191273448118,185,3,322.50751972198486,"scripts/clock_elasticity.py: bursts of N back-to-back fused_experts calls under one pinned tile, each call L2-flushed and bracketed by its own pre-primed event pair, the FIRST call of every burst discarded as a drained-queue launch, a host-side idle gap after each burst setting the sustained duty cycle, and the SM clock, board power and memory clock read through NVML with the burst still in flight; NOT timing.TIMING_BASIS",1710.0,False,high,True,True,ok,"histogram=balanced; LEVEL HIGH (recorded, never an exclusion here): loaded clock 1710 MHz against the 1425 MHz reference. At a duty cycle below 1.0 a HIGH reading is the experiment working, not a cell to drop.",0.25,277.692,0.24989534012789164,38,117.7399331534325,burst,1.0566719770431519,1.055359959602356,True,1710 1710 1710 1710 1710 1710 1710 1710 1710 1710 1710 1710 1710 1710 1710,False,3727.5885372149983,"measured on this device: NVIDIA GH200 480GB (measured), 3727.6 GB/s (triad pattern)",13.0,580.105.08,True,1,d4d1767e5b2460a15228bfd986c304aecf6526a1,NVIDIA GH200 480GB,192-222-58-3,"scripts/clock_elasticity.py: bursts of N back-to-back fused_experts calls under one pinned tile, each call L2-flushed and bracketed by its own pre-primed event pair, the FIRST call of every burst discarded as a drained-queue launch, a host-side idle gap after each burst setting the sustained duty cycle, and the SM clock, board power and memory clock read through NVML with the burst still in flight; NOT timing.TIMING_BASIS | duty 0.25 | each idle gap sized from its own burst (gap_basis burst)",,iters=supplied as None; sglang=package not installed,1,3.12.15,174.8671636688607,"measured on this device: NVIDIA GH200 480GB (measured), 651.8 TFLOP/s bf16 over 3727.6 GB/s (triad pattern); calibrated 2026-10-08 at d4d1767e",,200.0,2.13.0,3.7.1,2026-10-09T01:13:24+00:00,0.27.1,300.0
native,7,32,5,160,1280,1,64,0.8862400054931641,0.8804159760475159,0.0020407212420468276,220,3,320.57644844055176,"scripts/clock_elasticity.py: bursts of N back-to-back fused_experts calls under one pinned tile, each call L2-flushed and bracketed by its own pre-primed event pair, the FIRST call of every burst discarded as a drained-queue launch, a host-side idle gap after each burst setting the sustained duty cycle, and the SM clock, board power and memory clock read through NVML with the burst still in flight; NOT timing.TIMING_BASIS",1710.0,False,high,True,True,ok,"histogram=balanced; LEVEL HIGH (recorded, never an exclusion here): loaded clock 1710 MHz against the 1425 MHz reference. At a duty cycle below 1.0 a HIGH reading is the experiment working, not a cell to drop.",0.25,281.578,0.24989240219332434,45,116.49637477358921,burst,0.8876799941062927,0.8855360150337219,True,1710 1710 1710 1710 1710 1710 1710 1710 1710 1710 1710 1710 1710 1710 1710,False,3727.5885372149983,"measured on this device: NVIDIA GH200 480GB (measured), 3727.6 GB/s (triad pattern)",13.0,580.105.08,True,1,d4d1767e5b2460a15228bfd986c304aecf6526a1,NVIDIA GH200 480GB,192-222-58-3,"scripts/clock_elasticity.py: bursts of N back-to-back fused_experts calls under one pinned tile, each call L2-flushed and bracketed by its own pre-primed event pair, the FIRST call of every burst discarded as a drained-queue launch, a host-side idle gap after each burst setting the sustained duty cycle, and the SM clock, board power and memory clock read through NVML with the burst still in flight; NOT timing.TIMING_BASIS | duty 0.25 | each idle gap sized from its own burst (gap_basis burst)",,iters=supplied as None; sglang=package not installed,1,3.12.15,174.8671636688607,"measured on this device: NVIDIA GH200 480GB (measured), 651.8 TFLOP/s bf16 over 3727.6 GB/s (triad pattern); calibrated 2026-10-08 at d4d1767e",,200.0,2.13.0,3.7.1,2026-10-09T01:13:24+00:00,0.27.1,300.0
native,7,32,4,128,1024,1,64,0.7189120054244995,0.7147200107574463,0.002068675325735041,275,3,323.62816029787064,"scripts/clock_elasticity.py: bursts of N back-to-back fused_experts calls under one pinned tile, each call L2-flushed and bracketed by its own pre-primed event pair, the FIRST call of every burst discarded as a drained-queue launch, a host-side idle gap after each burst setting the sustained duty cycle, and the SM clock, board power and memory clock read through NVML with the burst still in flight; NOT timing.TIMING_BASIS",1710.0,False,high,True,True,ok,"histogram=balanced; LEVEL HIGH (recorded, never an exclusion here): loaded clock 1710 MHz against the 1425 MHz reference. At a duty cycle below 1.0 a HIGH reading is the experiment working, not a cell to drop.",0.25,287.537,0.2499051585795968,56,116.73427596996771,burst,0.7192320227622986,0.7178879976272583,True,1710 1710 1710 1710 1710 1710 1710 1710 1710 1710 1710 1710 1710 1710 1710,False,3727.5885372149983,"measured on this device: NVIDIA GH200 480GB (measured), 3727.6 GB/s (triad pattern)",13.0,580.105.08,True,1,d4d1767e5b2460a15228bfd986c304aecf6526a1,NVIDIA GH200 480GB,192-222-58-3,"scripts/clock_elasticity.py: bursts of N back-to-back fused_experts calls under one pinned tile, each call L2-flushed and bracketed by its own pre-primed event pair, the FIRST call of every burst discarded as a drained-queue launch, a host-side idle gap after each burst setting the sustained duty cycle, and the SM clock, board power and memory clock read through NVML with the burst still in flight; NOT timing.TIMING_BASIS | duty 0.25 | each idle gap sized from its own burst (gap_basis burst)",,iters=supplied as None; sglang=package not installed,1,3.12.15,174.8671636688607,"measured on this device: NVIDIA GH200 480GB (measured), 651.8 TFLOP/s bf16 over 3727.6 GB/s (triad pattern); calibrated 2026-10-08 at d4d1767e",,200.0,2.13.0,3.7.1,2026-10-09T01:13:24+00:00,0.27.1,300.0
native,7,32,3,96,768,1,64,0.5506560206413269,0.5451200008392334,0.002033735041704352,360,3,323.0463355779648,"scripts/clock_elasticity.py: bursts of N back-to-back fused_experts calls under one pinned tile, each call L2-flushed and bracketed by its own pre-primed event pair, the FIRST call of every burst discarded as a drained-queue launch, a host-side idle gap after each burst setting the sustained duty cycle, and the SM clock, board power and memory clock read through NVML with the burst still in flight; NOT timing.TIMING_BASIS",1710.0,False,high,True,True,ok,"histogram=balanced; LEVEL HIGH (recorded, never an exclusion here): loaded clock 1710 MHz against the 1425 MHz reference. At a duty cycle below 1.0 a HIGH reading is the experiment working, not a cell to drop.",0.25,295.352,0.24989685408483273,73,115.210033747564,burst,0.5511519908905029,0.5497440099716187,True,1710 1710 1710 1710 1710 1710 1710 1710 1710 1710 1710 1710 1710 1710 1710,False,3727.5885372149983,"measured on this device: NVIDIA GH200 480GB (measured), 3727.6 GB/s (triad pattern)",13.0,580.105.08,True,1,d4d1767e5b2460a15228bfd986c304aecf6526a1,NVIDIA GH200 480GB,192-222-58-3,"scripts/clock_elasticity.py: bursts of N back-to-back fused_experts calls under one pinned tile, each call L2-flushed and bracketed by its own pre-primed event pair, the FIRST call of every burst discarded as a drained-queue launch, a host-side idle gap after each burst setting the sustained duty cycle, and the SM clock, board power and memory clock read through NVML with the burst still in flight; NOT timing.TIMING_BASIS | duty 0.25 | each idle gap sized from its own burst (gap_basis burst)",,iters=supplied as None; sglang=package not installed,1,3.12.15,174.8671636688607,"measured on this device: NVIDIA GH200 480GB (measured), 651.8 TFLOP/s bf16 over 3727.6 GB/s (triad pattern); calibrated 2026-10-08 at d4d1767e",,200.0,2.13.0,3.7.1,2026-10-09T01:13:24+00:00,0.27.1,300.0
native,7,32,2,64,512,1,64,0.38419198989868164,0.37913599610328674,0.0015402163455156513,510,3,318.5737280547619,"scripts/clock_elasticity.py: bursts of N back-to-back fused_experts calls under one pinned tile, each call L2-flushed and bracketed by its own pre-primed event pair, the FIRST call of every burst discarded as a drained-queue launch, a host-side idle gap after each burst setting the sustained duty cycle, and the SM clock, board power and memory clock read through NVML with the burst still in flight; NOT timing.TIMING_BASIS",1710.0,False,high,True,True,ok,"histogram=balanced; LEVEL HIGH (recorded, never an exclusion here): loaded clock 1710 MHz against the 1425 MHz reference. At a duty cycle below 1.0 a HIGH reading is the experiment working, not a cell to drop.",0.25,301.985,0.24989475727583665,103,110.915194634661,burst,0.3842880129814148,0.3839679956436157,True,1710 1710 1710 1710 1710 1710 1710 1695 1710 1710 1710 1710 1710 1710 1710,False,3727.5885372149983,"measured on this device: NVIDIA GH200 480GB (measured), 3727.6 GB/s (triad pattern)",13.0,580.105.08,True,1,d4d1767e5b2460a15228bfd986c304aecf6526a1,NVIDIA GH200 480GB,192-222-58-3,"scripts/clock_elasticity.py: bursts of N back-to-back fused_experts calls under one pinned tile, each call L2-flushed and bracketed by its own pre-primed event pair, the FIRST call of every burst discarded as a drained-queue launch, a host-side idle gap after each burst setting the sustained duty cycle, and the SM clock, board power and memory clock read through NVML with the burst still in flight; NOT timing.TIMING_BASIS | duty 0.25 | each idle gap sized from its own burst (gap_basis burst)",,iters=supplied as None; sglang=package not installed,1,3.12.15,174.8671636688607,"measured on this device: NVIDIA GH200 480GB (measured), 651.8 TFLOP/s bf16 over 3727.6 GB/s (triad pattern); calibrated 2026-10-08 at d4d1767e",,200.0,2.13.0,3.7.1,2026-10-09T01:13:24+00:00,0.27.1,300.0
native,7,32,1,32,256,1,64,0.287103995680809,0.26953598856925964,0.016828128542290707,670,3,312.0525119304657,"scripts/clock_elasticity.py: bursts of N back-to-back fused_experts calls under one pinned tile, each call L2-flushed and bracketed by its own pre-primed event pair, the FIRST call of every burst discarded as a drained-queue launch, a host-side idle gap after each burst setting the sustained duty cycle, and the SM clock, board power and memory clock read through NVML with the burst still in flight; NOT timing.TIMING_BASIS",1710.0,False,high,True,True,ok,"histogram=balanced; LEVEL HIGH (recorded, never an exclusion here): loaded clock 1710 MHz against the 1425 MHz reference. At a duty cycle below 1.0 a HIGH reading is the experiment working, not a cell to drop.; host-bound: in 15 of 15 trials the GPU had fewer than 2 iterations of work queued when the host finished enqueueing (smallest backlog 0.31 iterations; host enqueue 0.3702 ms per call); the intervals include host enqueue time and the number is an upper bound on the kernel time; time the callable as a graph replay or through a fused launcher to measure the GPU alone",0.25,283.576,0.24990153496719972,135,107.58140385729348,burst,0.2887359857559204,0.28441599011421204,True,1710 1710 1710 1710 1710 1710 1710 1710 1710 1710 1710 1710 1710 1710 1710,True,3727.5885372149983,"measured on this device: NVIDIA GH200 480GB (measured), 3727.6 GB/s (triad pattern)",13.0,580.105.08,True,1,d4d1767e5b2460a15228bfd986c304aecf6526a1,NVIDIA GH200 480GB,192-222-58-3,"scripts/clock_elasticity.py: bursts of N back-to-back fused_experts calls under one pinned tile, each call L2-flushed and bracketed by its own pre-primed event pair, the FIRST call of every burst discarded as a drained-queue launch, a host-side idle gap after each burst setting the sustained duty cycle, and the SM clock, board power and memory clock read through NVML with the burst still in flight; NOT timing.TIMING_BASIS | duty 0.25 | each idle gap sized from its own burst (gap_basis burst)",,iters=supplied as None; sglang=package not installed,1,3.12.15,174.8671636688607,"measured on this device: NVIDIA GH200 480GB (measured), 651.8 TFLOP/s bf16 over 3727.6 GB/s (triad pattern); calibrated 2026-10-08 at d4d1767e",,200.0,2.13.0,3.7.1,2026-10-09T01:13:24+00:00,0.27.1,300.0
native,8,32,1,32,256,1,64,0.2900480031967163,0.26844799518585205,0.017141429758198618,665,3,318.1078724563122,"scripts/clock_elasticity.py: bursts of N back-to-back fused_experts calls under one pinned tile, each call L2-flushed and bracketed by its own pre-primed event pair, the FIRST call of every burst discarded as a drained-queue launch, a host-side idle gap after each burst setting the sustained duty cycle, and the SM clock, board power and memory clock read through NVML with the burst still in flight; NOT timing.TIMING_BASIS",1710.0,False,high,True,True,ok,"histogram=balanced; LEVEL HIGH (recorded, never an exclusion here): loaded clock 1710 MHz against the 1425 MHz reference. At a duty cycle below 1.0 a HIGH reading is the experiment working, not a cell to drop.; host-bound: in 15 of 15 trials the GPU had fewer than 2 iterations of work queued when the host finished enqueueing (smallest backlog 0.25 iterations; host enqueue 0.3711 ms per call); the intervals include host enqueue time and the number is an upper bound on the kernel time; time the callable as a graph replay or through a fused launcher to measure the GPU alone",0.25,281.919,0.2498960557967145,134,107.22537517490855,burst,0.28934401273727417,0.2860479950904846,True,1710 1710 1710 1710 1710 1710 1710 1710 1710 1710 1710 1710 1710 1710 1710,True,3727.5885372149983,"measured on this device: NVIDIA GH200 480GB (measured), 3727.6 GB/s (triad pattern)",13.0,580.105.08,True,1,d4d1767e5b2460a15228bfd986c304aecf6526a1,NVIDIA GH200 480GB,192-222-58-3,"scripts/clock_elasticity.py: bursts of N back-to-back fused_experts calls under one pinned tile, each call L2-flushed and bracketed by its own pre-primed event pair, the FIRST call of every burst discarded as a drained-queue launch, a host-side idle gap after each burst setting the sustained duty cycle, and the SM clock, board power and memory clock read through NVML with the burst still in flight; NOT timing.TIMING_BASIS | duty 0.25 | each idle gap sized from its own burst (gap_basis burst)",,iters=supplied as None; sglang=package not installed,1,3.12.15,174.8671636688607,"measured on this device: NVIDIA GH200 480GB (measured), 651.8 TFLOP/s bf16 over 3727.6 GB/s (triad pattern); calibrated 2026-10-08 at d4d1767e",,200.0,2.13.0,3.7.1,2026-10-09T01:13:24+00:00,0.27.1,300.0
native,8,32,2,64,512,1,64,0.3840639889240265,0.3776000142097473,0.0016145648372788656,515,3,321.15868815779686,"scripts/clock_elasticity.py: bursts of N back-to-back fused_experts calls under one pinned tile, each call L2-flushed and bracketed by its own pre-primed event pair, the FIRST call of every burst discarded as a drained-queue launch, a host-side idle gap after each burst setting the sustained duty cycle, and the SM clock, board power and memory clock read through NVML with the burst still in flight; NOT timing.TIMING_BASIS",1710.0,False,high,True,True,ok,"histogram=balanced; LEVEL HIGH (recorded, never an exclusion here): loaded clock 1710 MHz against the 1425 MHz reference. At a duty cycle below 1.0 a HIGH reading is the experiment working, not a cell to drop.",0.25,310.756,0.24989716368837056,104,111.88677190425369,burst,0.3842560052871704,0.3837440013885498,True,1710 1710 1710 1710 1710 1710 1710 1710 1710 1710 1710 1710 1710 1710 1710,False,3727.5885372149983,"measured on this device: NVIDIA GH200 480GB (measured), 3727.6 GB/s (triad pattern)",13.0,580.105.08,True,1,d4d1767e5b2460a15228bfd986c304aecf6526a1,NVIDIA GH200 480GB,192-222-58-3,"scripts/clock_elasticity.py: bursts of N back-to-back fused_experts calls under one pinned tile, each call L2-flushed and bracketed by its own pre-primed event pair, the FIRST call of every burst discarded as a drained-queue launch, a host-side idle gap after each burst setting the sustained duty cycle, and the SM clock, board power and memory clock read through NVML with the burst still in flight; NOT timing.TIMING_BASIS | duty 0.25 | each idle gap sized from its own burst (gap_basis burst)",,iters=supplied as None; sglang=package not installed,1,3.12.15,174.8671636688607,"measured on this device: NVIDIA GH200 480GB (measured), 651.8 TFLOP/s bf16 over 3727.6 GB/s (triad pattern); calibrated 2026-10-08 at d4d1767e",,200.0,2.13.0,3.7.1,2026-10-09T01:13:24+00:00,0.27.1,300.0
native,8,32,3,96,768,1,64,0.5505599975585938,0.5448639988899231,0.0018993591164506414,355,3,319.1662719845772,"scripts/clock_elasticity.py: bursts of N back-to-back fused_experts calls under one pinned tile, each call L2-flushed and bracketed by its own pre-primed event pair, the FIRST call of every burst discarded as a drained-queue launch, a host-side idle gap after each burst setting the sustained duty cycle, and the SM clock, board power and memory clock read through NVML with the burst still in flight; NOT timing.TIMING_BASIS",1710.0,False,high,True,True,ok,"histogram=balanced; LEVEL HIGH (recorded, never an exclusion here): loaded clock 1710 MHz against the 1425 MHz reference. At a duty cycle below 1.0 a HIGH reading is the experiment working, not a cell to drop.",0.25,292.429,0.2498983117375183,72,113.54617268742004,burst,0.5514240264892578,0.5497919917106628,True,1710 1710 1710 1710 1710 1710 1710 1710 1710 1710 1710 1710 1710 1710 1710,False,3727.5885372149983,"measured on this device: NVIDIA GH200 480GB (measured), 3727.6 GB/s (triad pattern)",13.0,580.105.08,True,1,d4d1767e5b2460a15228bfd986c304aecf6526a1,NVIDIA GH200 480GB,192-222-58-3,"scripts/clock_elasticity.py: bursts of N back-to-back fused_experts calls under one pinned tile, each call L2-flushed and bracketed by its own pre-primed event pair, the FIRST call of every burst discarded as a drained-queue launch, a host-side idle gap after each burst setting the sustained duty cycle, and the SM clock, board power and memory clock read through NVML with the burst still in flight; NOT timing.TIMING_BASIS | duty 0.25 | each idle gap sized from its own burst (gap_basis burst)",,iters=supplied as None; sglang=package not installed,1,3.12.15,174.8671636688607,"measured on this device: NVIDIA GH200 480GB (measured), 651.8 TFLOP/s bf16 over 3727.6 GB/s (triad pattern); calibrated 2026-10-08 at d4d1767e",,200.0,2.13.0,3.7.1,2026-10-09T01:13:24+00:00,0.27.1,300.0
native,8,32,4,128,1024,1,64,0.7193599939346313,0.7134400010108948,0.0021771156567314365,270,3,318.1824643611908,"scripts/clock_elasticity.py: bursts of N back-to-back fused_experts calls under one pinned tile, each call L2-flushed and bracketed by its own pre-primed event pair, the FIRST call of every burst discarded as a drained-queue launch, a host-side idle gap after each burst setting the sustained duty cycle, and the SM clock, board power and memory clock read through NVML with the burst still in flight; NOT timing.TIMING_BASIS",1710.0,False,high,True,True,ok,"histogram=balanced; LEVEL HIGH (recorded, never an exclusion here): loaded clock 1710 MHz against the 1425 MHz reference. At a duty cycle below 1.0 a HIGH reading is the experiment working, not a cell to drop.",0.25,291.663,0.24990141621077536,55,114.76238433230901,burst,0.7196800112724304,0.718783974647522,True,1710 1710 1710 1710 1710 1710 1710 1710 1710 1710 1710 1710 1710 1710 1710,False,3727.5885372149983,"measured on this device: NVIDIA GH200 480GB (measured), 3727.6 GB/s (triad pattern)",13.0,580.105.08,True,1,d4d1767e5b2460a15228bfd986c304aecf6526a1,NVIDIA GH200 480GB,192-222-58-3,"scripts/clock_elasticity.py: bursts of N back-to-back fused_experts calls under one pinned tile, each call L2-flushed and bracketed by its own pre-primed event pair, the FIRST call of every burst discarded as a drained-queue launch, a host-side idle gap after each burst setting the sustained duty cycle, and the SM clock, board power and memory clock read through NVML with the burst still in flight; NOT timing.TIMING_BASIS | duty 0.25 | each idle gap sized from its own burst (gap_basis burst)",,iters=supplied as None; sglang=package not installed,1,3.12.15,174.8671636688607,"measured on this device: NVIDIA GH200 480GB (measured), 651.8 TFLOP/s bf16 over 3727.6 GB/s (triad pattern); calibrated 2026-10-08 at d4d1767e",,200.0,2.13.0,3.7.1,2026-10-09T01:13:24+00:00,0.27.1,300.0
native,8,32,5,160,1280,1,64,0.8858719766139984,0.8805760145187378,0.002552358111169643,220,3,320.8722237944603,"scripts/clock_elasticity.py: bursts of N back-to-back fused_experts calls under one pinned tile, each call L2-flushed and bracketed by its own pre-primed event pair, the FIRST call of every burst discarded as a drained-queue launch, a host-side idle gap after each burst setting the sustained duty cycle, and the SM clock, board power and memory clock read through NVML with the burst still in flight; NOT timing.TIMING_BASIS",1710.0,False,high,True,True,ok,"histogram=balanced; LEVEL HIGH (recorded, never an exclusion here): loaded clock 1710 MHz against the 1425 MHz reference. At a duty cycle below 1.0 a HIGH reading is the experiment working, not a cell to drop.",0.25,285.928,0.24989458276939774,45,116.42296614912628,burst,0.8871359825134277,0.8845440149307251,True,1710 1710 1710 1710 1710 1710 1710 1710 1710 1710 1710 1710 1710 1710 1710,False,3727.5885372149983,"measured on this device: NVIDIA GH200 480GB (measured), 3727.6 GB/s (triad pattern)",13.0,580.105.08,True,1,d4d1767e5b2460a15228bfd986c304aecf6526a1,NVIDIA GH200 480GB,192-222-58-3,"scripts/clock_elasticity.py: bursts of N back-to-back fused_experts calls under one pinned tile, each call L2-flushed and bracketed by its own pre-primed event pair, the FIRST call of every burst discarded as a drained-queue launch, a host-side idle gap after each burst setting the sustained duty cycle, and the SM clock, board power and memory clock read through NVML with the burst still in flight; NOT timing.TIMING_BASIS | duty 0.25 | each idle gap sized from its own burst (gap_basis burst)",,iters=supplied as None; sglang=package not installed,1,3.12.15,174.8671636688607,"measured on this device: NVIDIA GH200 480GB (measured), 651.8 TFLOP/s bf16 over 3727.6 GB/s (triad pattern); calibrated 2026-10-08 at d4d1767e",,200.0,2.13.0,3.7.1,2026-10-09T01:13:24+00:00,0.27.1,300.0
native,8,32,6,192,1536,1,64,1.0559040307998657,1.0500160455703735,0.0026151332751557376,185,3,322.43510377407074,"scripts/clock_elasticity.py: bursts of N back-to-back fused_experts calls under one pinned tile, each call L2-flushed and bracketed by its own pre-primed event pair, the FIRST call of every burst discarded as a drained-queue launch, a host-side idle gap after each burst setting the sustained duty cycle, and the SM clock, board power and memory clock read through NVML with the burst still in flight; NOT timing.TIMING_BASIS",1710.0,False,high,True,True,ok,"histogram=balanced; LEVEL HIGH (recorded, never an exclusion here): loaded clock 1710 MHz against the 1425 MHz reference. At a duty cycle below 1.0 a HIGH reading is the experiment working, not a cell to drop.",0.25,285.734,0.24989964232678605,38,117.75231524823904,burst,1.05731201171875,1.054527997970581,True,1710 1710 1710 1710 1710 1710 1710 1710 1710 1710 1710 1710 1710 1710 1710,False,3727.5885372149983,"measured on this device: NVIDIA GH200 480GB (measured), 3727.6 GB/s (triad pattern)",13.0,580.105.08,True,1,d4d1767e5b2460a15228bfd986c304aecf6526a1,NVIDIA GH200 480GB,192-222-58-3,"scripts/clock_elasticity.py: bursts of N back-to-back fused_experts calls under one pinned tile, each call L2-flushed and bracketed by its own pre-primed event pair, the FIRST call of every burst discarded as a drained-queue launch, a host-side idle gap after each burst setting the sustained duty cycle, and the SM clock, board power and memory clock read through NVML with the burst still in flight; NOT timing.TIMING_BASIS | duty 0.25 | each idle gap sized from its own burst (gap_basis burst)",,iters=supplied as None; sglang=package not installed,1,3.12.15,174.8671636688607,"measured on this device: NVIDIA GH200 480GB (measured), 651.8 TFLOP/s bf16 over 3727.6 GB/s (triad pattern); calibrated 2026-10-08 at d4d1767e",,200.0,2.13.0,3.7.1,2026-10-09T01:13:24+00:00,0.27.1,300.0
native,8,32,7,224,1792,1,64,1.223088026046753,1.2172160148620605,0.0032500450831298936,160,3,324.50643157958984,"scripts/clock_elasticity.py: bursts of N back-to-back fused_experts calls under one pinned tile, each call L2-flushed and bracketed by its own pre-primed event pair, the FIRST call of every burst discarded as a drained-queue launch, a host-side idle gap after each burst setting the sustained duty cycle, and the SM clock, board power and memory clock read through NVML with the burst still in flight; NOT timing.TIMING_BASIS",1710.0,False,high,True,True,ok,"histogram=balanced; LEVEL HIGH (recorded, never an exclusion here): loaded clock 1710 MHz against the 1425 MHz reference. At a duty cycle below 1.0 a HIGH reading is the experiment working, not a cell to drop.",0.25,283.548,0.24990171788173832,33,118.9303978022872,burst,1.2248640060424805,1.2228639721870422,True,1710 1710 1710 1710 1710 1710 1710 1710 1710 1710 1710 1710 1710 1710 1710,False,3727.5885372149983,"measured on this device: NVIDIA GH200 480GB (measured), 3727.6 GB/s (triad pattern)",13.0,580.105.08,True,1,d4d1767e5b2460a15228bfd986c304aecf6526a1,NVIDIA GH200 480GB,192-222-58-3,"scripts/clock_elasticity.py: bursts of N back-to-back fused_experts calls under one pinned tile, each call L2-flushed and bracketed by its own pre-primed event pair, the FIRST call of every burst discarded as a drained-queue launch, a host-side idle gap after each burst setting the sustained duty cycle, and the SM clock, board power and memory clock read through NVML with the burst still in flight; NOT timing.TIMING_BASIS | duty 0.25 | each idle gap sized from its own burst (gap_basis burst)",,iters=supplied as None; sglang=package not installed,1,3.12.15,174.8671636688607,"measured on this device: NVIDIA GH200 480GB (measured), 651.8 TFLOP/s bf16 over 3727.6 GB/s (triad pattern); calibrated 2026-10-08 at d4d1767e",,200.0,2.13.0,3.7.1,2026-10-09T01:13:24+00:00,0.27.1,300.0
native,8,32,8,256,2048,1,64,1.393775999546051,1.3876160383224487,0.0035557818070293683,140,3,324.9250559806824,"scripts/clock_elasticity.py: bursts of N back-to-back fused_experts calls under one pinned tile, each call L2-flushed and bracketed by its own pre-primed event pair, the FIRST call of every burst discarded as a drained-queue launch, a host-side idle gap after each burst setting the sustained duty cycle, and the SM clock, board power and memory clock read through NVML with the burst still in flight; NOT timing.TIMING_BASIS",1710.0,False,high,True,True,ok,"histogram=balanced; LEVEL HIGH (recorded, never an exclusion here): loaded clock 1710 MHz against the 1425 MHz reference. At a duty cycle below 1.0 a HIGH reading is the experiment working, not a cell to drop.",0.25,280.402,0.24989592265426505,29,119.4029130520721,burst,1.394368052482605,1.3930879831314087,True,1710 1710 1710 1710 1710 1710 1710 1710 1710 1710 1710 1710 1710 1710 1710,False,3727.5885372149983,"measured on this device: NVIDIA GH200 480GB (measured), 3727.6 GB/s (triad pattern)",13.0,580.105.08,True,1,d4d1767e5b2460a15228bfd986c304aecf6526a1,NVIDIA GH200 480GB,192-222-58-3,"scripts/clock_elasticity.py: bursts of N back-to-back fused_experts calls under one pinned tile, each call L2-flushed and bracketed by its own pre-primed event pair, the FIRST call of every burst discarded as a drained-queue launch, a host-side idle gap after each burst setting the sustained duty cycle, and the SM clock, board power and memory clock read through NVML with the burst still in flight; NOT timing.TIMING_BASIS | duty 0.25 | each idle gap sized from its own burst (gap_basis burst)",,iters=supplied as None; sglang=package not installed,1,3.12.15,174.8671636688607,"measured on this device: NVIDIA GH200 480GB (measured), 651.8 TFLOP/s bf16 over 3727.6 GB/s (triad pattern); calibrated 2026-10-08 at d4d1767e",,200.0,2.13.0,3.7.1,2026-10-09T01:13:24+00:00,0.27.1,300.0
native,8,32,9,288,2304,1,64,1.5619839429855347,1.5570240020751953,0.003323151843393239,125,3,326.64828741550446,"scripts/clock_elasticity.py: bursts of N back-to-back fused_experts calls under one pinned tile, each call L2-flushed and bracketed by its own pre-primed event pair, the FIRST call of every burst discarded as a drained-queue launch, a host-side idle gap after each burst setting the sustained duty cycle, and the SM clock, board power and memory clock read through NVML with the burst still in flight; NOT timing.TIMING_BASIS",1710.0,False,high,True,True,ok,"histogram=balanced; LEVEL HIGH (recorded, never an exclusion here): loaded clock 1710 MHz against the 1425 MHz reference. At a duty cycle below 1.0 a HIGH reading is the experiment working, not a cell to drop.",0.25,273.452,0.24989451833927842,26,120.25516940871603,burst,1.562831997871399,1.5627520084381104,True,1710 1710 1710 1710 1710 1710 1710 1710 1710 1710 1710 1710 1710 1710 1710,False,3727.5885372149983,"measured on this device: NVIDIA GH200 480GB (measured), 3727.6 GB/s (triad pattern)",13.0,580.105.08,True,1,d4d1767e5b2460a15228bfd986c304aecf6526a1,NVIDIA GH200 480GB,192-222-58-3,"scripts/clock_elasticity.py: bursts of N back-to-back fused_experts calls under one pinned tile, each call L2-flushed and bracketed by its own pre-primed event pair, the FIRST call of every burst discarded as a drained-queue launch, a host-side idle gap after each burst setting the sustained duty cycle, and the SM clock, board power and memory clock read through NVML with the burst still in flight; NOT timing.TIMING_BASIS | duty 0.25 | each idle gap sized from its own burst (gap_basis burst)",,iters=supplied as None; sglang=package not installed,1,3.12.15,174.8671636688607,"measured on this device: NVIDIA GH200 480GB (measured), 651.8 TFLOP/s bf16 over 3727.6 GB/s (triad pattern); calibrated 2026-10-08 at d4d1767e",,200.0,2.13.0,3.7.1,2026-10-09T01:13:24+00:00,0.27.1,300.0
