experiment  bn_decomposition: separate alpha_a from alpha_b, and test whether the model is complete

## Predictions, registered before anything is measured

THE ARITHMETIC (check it, do not test it; it is algebra, not a claim)
  W = 3 F H = 176,160,768 elements per expert; one M-tile carries 2H + 3F = 51,200 elements per row read or written once,
  and W/BN re-read per extra N-tile. K = W/(2H+3F) = 3440.6 (ai_model.py uses the up-GEMM's K = 4096, a 16% difference,
  worth 0.0060 in alpha at BM=128).
  alpha_fitted = (alpha_b + phi)/(1 + phi + delta)   EXACT
  alpha_fitted = alpha_b + alpha_a (BM/BN) + BM/K    the study's form, the same thing linearised at small phi
  B/C = ridge b (alpha_b + phi) / (2 BM), scored at ridge = 155.93 Op/B (measured on this device: NVIDIA H200 (measured), 682.1 TFLOP/s bf16 over 4374.3 GB/s (triad pattern); calibrated 2026-09-10 at c0644bea).

P1  alpha_a, as a SLOPE over three or more BN and not a two-point difference, lands in [0.10, 0.38].
    BASIS  alpha_a band [0.10, 0.38], derived from the ONLY pair of committed arms that differ in BLOCK_SIZE_N and nothing else:
             BM= 32  alpha 1.0073 (BN=64) - 0.9001 (BN=256) over ds 0.375  ->  alpha_a 0.286 +/- 0.086
             BM= 64  alpha 0.9327 (BN=64) - 0.8235 (BN=256) over ds 0.750  ->  alpha_a 0.146 +/- 0.043
             source: mixtral-8x7b-bf16-r1024-g1-n64-d66ad3.report.json vs mixtral-8x7b-bf16-r1024-g1-n256-16cc16.report.json
             every +/- above is the DECLARED prior 0.0229, times sqrt(2) for the difference of two arms, divided by that pair's ds. It is PINNED to the declared number and deliberately NOT re-read from a measured floor: a pre-registration that moves when new information arrives is not one, so this band and the C6 bar built on it stay where they were registered even after part (a) publishes. What a measured floor moves is what the run can RESOLVE, which is the MDE and the cross-arm floor printed beside every interval below.
             the band is 0.28 wide against input sds of 0.043-0.086, i.e. 3.2-6.5x the spread of the numbers that built it. A PASS inside it is weak evidence; a FAIL outside it is not. Narrowing it is what a three-point BN fit is for, which is this run.
    A FAIL at zero says BN does not move alpha and there is no activation re-read to model.
    A FAIL high, with a clean residual, says the two-point slopes were biased by the denominator.

P2  THE RESIDUAL IS NOISE: chi2 <= 4.0 against this run's own bootstrap sigma.
    This is the registered expectation and the one most likely to FAIL, because the published
    G=1 pair ALREADY disagrees with the model: read through (EXA), BN=64 implies alpha_b 0.92
    and BN=256 implies 0.81, a 0.107 gap against a published cross-arm alpha spread of 0.023.
    A FAIL names its shape: the candidate is alpha_b itself moving with BN, because BN changes
    the order the L2 is walked in -- a term the three-term model forbids.

P3  alpha_b is the SAME at every BLOCK_M, within 3 bootstrap sigma. Nothing in the model lets a
    weight miss fraction depend on the tile height, so this is the cheapest test of the whole
    decomposition and it needs no external number.

P4  alpha_b at GROUP_SIZE_M=16, against TEMPO's b2/b of 0.311/0.319. NO prior agreement is claimed:
    the study's earlier 'decomposed 0.307 corroborates TEMPO to 2-4%' is WITHDRAWN, because 0.307
    was ALPHA_BY_BLOCK_M solved through (LIN), a unit artefact of the estimator, and pooled over
    GROUP_SIZE_M 1, 8, 16 and 64 besides. This run pins ONE swizzle. Read through (EXA) the study's
    own G=1 ladders put alpha_b near 0.92, so C4 is predicted to FAIL at G=16 unless it is 16 or
    above -- and that failure is a statement about the swizzle, not about TEMPO. Either verdict is the
    first alpha_b in this study that may be compared with TEMPO at all.

P5  WHICH CELLS GO MISSING, registered because two of them are predicted to.
    THE PRIMARY AT BN=64 IS PREDICTED TO BE DISCARDED: the anchor is 0.991, inside the parallel-branch
    tolerance of 0.15, and that is the measured median of 22 published ladders rather than a guess.
    At BN=32 the primary is predicted to escape UP (every tread memory bound) and at BN=128 to keep a
    prefix, so it should contribute 2 of 3 points and the POOLED fit carries the residual test. BM=64
    and BM=32 sit far outside the band at every BN, which is what makes the sweep survive that.
    THE BN=32 ARM IS THE ONE AT RISK: its BLOCK_M=256 reference is predicted compute bound in the LADDER
    world and MEMORY bound in the LIN-ERA one, so the two worlds disagree about whether the arm exists.
    If it is refused only two BN values remain, V5 FAILS, alpha_a is UNIDENTIFIED, and the deliverable is
    that refusal plus this prediction naming it in advance -- not a fitted number.

P6  BLOCK_N=256 CANNOT BE MEASURED AT ALL on either card as pinned: BM=256 x BN=256 needs 256
    accumulator registers per thread against a maximum of 255, so the arm has no reference. It is
    excluded by arithmetic before any GPU time, and the resource bill below prints the number.

P7  The references agree across BN to within 2.0x. The failure this bar exists for is 43.6x,
    from a kernel that spilled its accumulator and still fitted a line through the origin to 0.2%.

PREDICTED CELLS, both worlds, before the run:
                 LIN-ERA (0.307, 0.143)         LADDER (0.920, 0.146)      calibrated-ridge B/C
  BM   BN    a_fit    B/C  treads      a_fit    B/C  treads    LIN-ERA LADDER
   32   32    0.398  2.895    8/8     0.931  3.416    8/8       2.236   5.237
   32   64    0.359  2.444    8/8     0.926  3.184    8/8       1.887   4.882
   32  128    0.337  2.218    8/8     0.923  3.068    8/8       1.713   4.704
   64   32    0.468  1.926    8/8     0.939  1.954    8/8       1.488   2.996
   64   64    0.403  1.475    8/8     0.931  1.722    8/8       1.139   2.640
   64  128    0.364  1.250    8/8     0.927  1.606    8/8       0.965   2.462
  128   32    0.569  1.442    8/8     0.951  1.223    8/8       1.114   1.875
  128   64    0.476  0.991*   8/8     0.940  0.991*   2/8       0.765   1.519
  128  128    0.412  0.765    4/8     0.932  0.875*   0/8       0.591   1.342
  256   32    0.687  1.200    4/4     0.964  0.858*   0/4       0.927   1.315
  256   64    0.578  0.749    2/4     0.952  0.626    0/4       0.578   0.959
  256  128    0.489  0.523    1/4     0.941  0.510    0/4       0.404   0.781
  * = |B/C - 1| <= the parallel-branch tolerance. On a SUBJECT row the fit DISCARDS the memory branch
  there and the cell yields NO alpha whatever the tread column says, because two branches within 15% of
  each other are one line. On the BLOCK_M=256 REFERENCE row it is harmless: that ladder is never fitted
  for a memory branch, only for proportionality, and 0/m treads is what qualifies it.
  treads n/m = memory-bound treads out of the ladder's length. 0/m is a compute reference; m/m is a cell
  whose alpha needs no reference for membership. The B/C columns are ANCHORED at 0.991, the measured median over the 22
  published BLOCK_M=128 ladders, so the kernel's achieved rho cancels. The last two columns are the same
  quantity computed from the CALIBRATED ridge instead; they run about 15% high, and taken literally they say
  the BLOCK_M=256 reference at BN=64 is memory bound -- which it measurably is not, in 22 of 24 published arms.

## The plan

model        mixtral-8x7b E=8 k=2 bf16
pinned       {'BLOCK_SIZE_K': 64, 'GROUP_SIZE_M': 16, 'num_warps': 8, 'num_stages': 4}  (BLOCK_SIZE_N is the sweep)
BN grid      [32, 64, 128]
subjects     [32, 64, 128], primary 128; reference 256. EVERY arm's reference is measured first, across all arms, and level-checked before any subject costs anything -- an arm that qualifies none of its own can still borrow one, and whether it can is not knowable until the others exist
repeats      17 round-robin passes per setting
design power at GROUP_SIZE_M=16: the corpus puts alpha_b near 0.61 there, and the response moves with alpha_a as g1 (1 - alpha_b)/(1 + phi)^2, so the lever is 100% of its size at GROUP_SIZE_M=16.
             planted TRUTH world at GROUP_SIZE_M=16, 17 reps, spread 1.82% (the worst published across-repeat spread (H200 s4 ladders 0.76-1.82%, A100 0.48-0.61%); nothing measured was available to resolve it from): sd(alpha_a) = 0.1126 against the 0.025 C1 needs -> CANNOT RESOLVE alpha_a
             AT THIS PINNING C1 WILL READ UNKNOWN however the run goes. --group-m 16 is the setting that resolves it; --reps buys the rest, and this line is what says how much it bought.
             C6 will FAIL with it and both are CLAIM gates, so the arm is expected to end 1 CLAIM_FAIL, printed as exit 0 without --fail-on-gate. It is NOT 3 INVALID and must not be re-measured: alpha_b, C3 and C5 are what a run at this pinning is for and they stay quotable.
             MDE (alpha_a, planted TRUTH world, two-sided 5% at 80% power): 0.3155 in alpha_a, from sd 0.1126. Assumption: lognormal spread 1.82% on every timing, from the worst published across-repeat spread (H200 s4 ladders 0.76-1.82%, A100 0.48-0.61%); nothing measured was available to resolve it from; 200 bootstrap draws. Beside it, the cross-arm floor 0.0229 ASSUMED (s3-vs-s4 paired sd 0.0323 over 11 cells / sqrt(2). CONFOUNDS num_stages with rerun noise, so it is an upper bound on SAME-SESSION rerun noise and on nothing else: both arms ran in the same pod hour (/workspace/session/20260901T214218Z), so it is NOT established for cross-pod, cross-day or cross-card comparisons. It is also heteroscedastic: mixtral n=4 sd 0.0486 against qwen2 n=7 sd 0.0186, a 2.61x ratio, so it must not be quoted per cell at mixtral G>=8 [no measured floor: results/published/NOISE_FLOOR.json carries stages_control but replicate_floor is null: part (a) has not run on a card yet]): this run's own bootstrap resamples WITHIN-PROCESS warm repeats and cannot see anything that changes between processes, so it is a lower bound and the floor is the DECLARED upper one and not a measurement
timing       300 ms of warmup under load, then 3 trial(s) of 400 ms of kernel time each, L2 flush ON; the instrument sizes its own iteration count from the warmup's queue-deep per-call time
timings      1428 (84 treads x 17 reps)
estimate     2142 s of GPU at what the instrument charges (warmup + trials x budget per timing), excluding compiles and allocation
  BN=  32 BM=  32  treads  8  rows 32..256  T 128..1024
  BN=  32 BM=  64  treads  8  rows 64..512  T 256..2048
  BN=  32 BM= 128  treads  8  rows 128..1024  T 512..4096
  BN=  32 BM= 256  treads  4  rows 256..1024  T 1024..4096
  BN=  64 BM=  32  treads  8  rows 32..256  T 128..1024
  BN=  64 BM=  64  treads  8  rows 64..512  T 256..2048
  BN=  64 BM= 128  treads  8  rows 128..1024  T 512..4096
  BN=  64 BM= 256  treads  4  rows 256..1024  T 1024..4096
  BN= 128 BM=  32  treads  8  rows 32..256  T 128..1024
  BN= 128 BM=  64  treads  8  rows 64..512  T 256..2048
  BN= 128 BM= 128  treads  8  rows 128..1024  T 512..4096
  BN= 128 BM= 256  treads  4  rows 256..1024  T 1024..4096
ridge        155.930 Op/B, measured on this device: NVIDIA H200 (measured), 682.1 TFLOP/s bf16 over 4374.3 GB/s (triad pattern); calibrated 2026-09-10 at c0644bea
ridge band   145.83-158.63, this device's own bandwidth patterns (copy, read_reduce, read_stream, triad, write), carried as a ratio against the triad ceiling
bandwidth    4374.3 GB/s, this machine's calibration (NVIDIA H200 (measured))
ceiling      682.1 TFLOP/s bf16, measured on NVIDIA H200 (measured)
instrument   queue-deep/l2-flush/settled-warmup/clock-under-load/v4
card         nvidia_h200

TILE RESOURCE BILL, one CTA, at sm_90
  BN=  32  BLOCK_M=  32  smem     32 KiB of    227 KiB  acc     4 reg/thread of 255  ok
  BN=  32  BLOCK_M=  64  smem     48 KiB of    227 KiB  acc     8 reg/thread of 255  ok
  BN=  32  BLOCK_M= 128  smem     80 KiB of    227 KiB  acc    16 reg/thread of 255  ok
  BN=  32  BLOCK_M= 256  smem    144 KiB of    227 KiB  acc    32 reg/thread of 255  ok
  BN=  64  BLOCK_M=  32  smem     48 KiB of    227 KiB  acc     8 reg/thread of 255  ok
  BN=  64  BLOCK_M=  64  smem     64 KiB of    227 KiB  acc    16 reg/thread of 255  ok
  BN=  64  BLOCK_M= 128  smem     96 KiB of    227 KiB  acc    32 reg/thread of 255  ok
  BN=  64  BLOCK_M= 256  smem    160 KiB of    227 KiB  acc    64 reg/thread of 255  ok
  BN= 128  BLOCK_M=  32  smem     80 KiB of    227 KiB  acc    16 reg/thread of 255  ok
  BN= 128  BLOCK_M=  64  smem     96 KiB of    227 KiB  acc    32 reg/thread of 255  ok
  BN= 128  BLOCK_M= 128  smem    128 KiB of    227 KiB  acc    64 reg/thread of 255  ok
  BN= 128  BLOCK_M= 256  smem    192 KiB of    227 KiB  acc   128 reg/thread of 255  ok
WRITES TO    /workspace/results/gaps-nvidia_h200/bn_decomposition/nvidia_h200-bm32_64_128-budget400.0-dtypebf16-flushtrue-g16-iters50-k64-modelmixtral_8x7b-n32_64-b59b409f
             git check-ignore exited 128; path unverified (fatal: Invalid path '/workspace/results/gaps-nvidia_h200/bn_decomposition': No such file or directory)
             cells.csv (one row per tread per repeat, flushed), CARD, report.txt, report.json, triton-cache/
reference clock: 1470 MHz, NVIDIA H200: median of the samples taken while the calibration's dense GEMM ran

-- BN=32: reference ladder, BLOCK_M=256 --
  ^ kept (LEVEL high is recorded, not excluded): LEVEL HIGH (recorded, not an exclusion): loaded clock 1770 MHz is over the 1545 MHz edge of the band around the 1470 MHz reference; the cell ran at 1.20x the issue rate the fixed compute roof assumed, so its fraction of that roof is inflated by the ratio; read roof_at_cell_clock_tflops
  BN=  32 BM= 256 n= 1 rep= 1 r=  256 T=  1024     2.9573 ms (135 iters)
  ^ kept (LEVEL high is recorded, not excluded): LEVEL HIGH (recorded, not an exclusion): loaded clock 1695 MHz is over the 1545 MHz edge of the band around the 1470 MHz reference; the cell ran at 1.15x the issue rate the fixed compute roof assumed, so its fraction of that roof is inflated by the ratio; read roof_at_cell_clock_tflops
  BN=  32 BM= 256 n= 2 rep= 1 r=  512 T=  2048     5.9701 ms (64 iters)
  ^ kept (LEVEL high is recorded, not excluded): LEVEL HIGH (recorded, not an exclusion): loaded clock 1740 MHz is over the 1545 MHz edge of the band around the 1470 MHz reference; the cell ran at 1.18x the issue rate the fixed compute roof assumed, so its fraction of that roof is inflated by the ratio; read roof_at_cell_clock_tflops
  BN=  32 BM= 256 n= 3 rep= 1 r=  768 T=  3072     8.7913 ms (45 iters)
  ^ kept (LEVEL high is recorded, not excluded): LEVEL HIGH (recorded, not an exclusion): loaded clock 1770 MHz is over the 1545 MHz edge of the band around the 1470 MHz reference; the cell ran at 1.20x the issue rate the fixed compute roof assumed, so its fraction of that roof is inflated by the ratio; read roof_at_cell_clock_tflops
  BN=  32 BM= 256 n= 4 rep= 1 r= 1024 T=  4096    11.5096 ms (34 iters)
  ^ kept (LEVEL high is recorded, not excluded): LEVEL HIGH (recorded, not an exclusion): loaded clock 1680 MHz is over the 1545 MHz edge of the band around the 1470 MHz reference; the cell ran at 1.14x the issue rate the fixed compute roof assumed, so its fraction of that roof is inflated by the ratio; read roof_at_cell_clock_tflops
  BN=  32 BM= 256 n= 1 rep= 2 r=  256 T=  1024     3.0810 ms (126 iters)
  ^ kept (LEVEL high is recorded, not excluded): LEVEL HIGH (recorded, not an exclusion): loaded clock 1710 MHz is over the 1545 MHz edge of the band around the 1470 MHz reference; the cell ran at 1.16x the issue rate the fixed compute roof assumed, so its fraction of that roof is inflated by the ratio; read roof_at_cell_clock_tflops
  BN=  32 BM= 256 n= 2 rep= 2 r=  512 T=  2048     5.9700 ms (66 iters)
  ^ kept (LEVEL high is recorded, not excluded): LEVEL HIGH (recorded, not an exclusion): loaded clock 1725 MHz is over the 1545 MHz edge of the band around the 1470 MHz reference; the cell ran at 1.17x the issue rate the fixed compute roof assumed, so its fraction of that roof is inflated by the ratio; read roof_at_cell_clock_tflops
  BN=  32 BM= 256 n= 3 rep= 2 r=  768 T=  3072     8.8439 ms (45 iters)
  ^ kept (LEVEL high is recorded, not excluded): LEVEL HIGH (recorded, not an exclusion): loaded clock 1740 MHz is over the 1545 MHz edge of the band around the 1470 MHz reference; the cell ran at 1.18x the issue rate the fixed compute roof assumed, so its fraction of that roof is inflated by the ratio; read roof_at_cell_clock_tflops
  BN=  32 BM= 256 n= 4 rep= 2 r= 1024 T=  4096    11.6841 ms (34 iters)
  ^ kept (LEVEL high is recorded, not excluded): LEVEL HIGH (recorded, not an exclusion): loaded clock 1680 MHz is over the 1545 MHz edge of the band around the 1470 MHz reference; the cell ran at 1.14x the issue rate the fixed compute roof assumed, so its fraction of that roof is inflated by the ratio; read roof_at_cell_clock_tflops
  BN=  32 BM= 256 n= 1 rep= 3 r=  256 T=  1024     3.0687 ms (129 iters)
  ^ kept (LEVEL high is recorded, not excluded): LEVEL HIGH (recorded, not an exclusion): loaded clock 1710 MHz is over the 1545 MHz edge of the band around the 1470 MHz reference; the cell ran at 1.16x the issue rate the fixed compute roof assumed, so its fraction of that roof is inflated by the ratio; read roof_at_cell_clock_tflops
  BN=  32 BM= 256 n= 2 rep= 3 r=  512 T=  2048     5.9809 ms (67 iters)
  ^ kept (LEVEL high is recorded, not excluded): LEVEL HIGH (recorded, not an exclusion): loaded clock 1725 MHz is over the 1545 MHz edge of the band around the 1470 MHz reference; the cell ran at 1.17x the issue rate the fixed compute roof assumed, so its fraction of that roof is inflated by the ratio; read roof_at_cell_clock_tflops
  BN=  32 BM= 256 n= 3 rep= 3 r=  768 T=  3072     8.8545 ms (44 iters)
  ^ kept (LEVEL high is recorded, not excluded): LEVEL HIGH (recorded, not an exclusion): loaded clock 1725 MHz is over the 1545 MHz edge of the band around the 1470 MHz reference; the cell ran at 1.17x the issue rate the fixed compute roof assumed, so its fraction of that roof is inflated by the ratio; read roof_at_cell_clock_tflops
  BN=  32 BM= 256 n= 4 rep= 3 r= 1024 T=  4096    11.6766 ms (34 iters)
  ^ kept (LEVEL high is recorded, not excluded): LEVEL HIGH (recorded, not an exclusion): loaded clock 1680 MHz is over the 1545 MHz edge of the band around the 1470 MHz reference; the cell ran at 1.14x the issue rate the fixed compute roof assumed, so its fraction of that roof is inflated by the ratio; read roof_at_cell_clock_tflops
  BN=  32 BM= 256 n= 1 rep= 4 r=  256 T=  1024     3.0816 ms (126 iters)
  ^ kept (LEVEL high is recorded, not excluded): LEVEL HIGH (recorded, not an exclusion): loaded clock 1710 MHz is over the 1545 MHz edge of the band around the 1470 MHz reference; the cell ran at 1.16x the issue rate the fixed compute roof assumed, so its fraction of that roof is inflated by the ratio; read roof_at_cell_clock_tflops
  BN=  32 BM= 256 n= 2 rep= 4 r=  512 T=  2048     5.9772 ms (67 iters)
  ^ kept (LEVEL high is recorded, not excluded): LEVEL HIGH (recorded, not an exclusion): loaded clock 1740 MHz is over the 1545 MHz edge of the band around the 1470 MHz reference; the cell ran at 1.18x the issue rate the fixed compute roof assumed, so its fraction of that roof is inflated by the ratio; read roof_at_cell_clock_tflops
  BN=  32 BM= 256 n= 3 rep= 4 r=  768 T=  3072     8.7846 ms (45 iters)
  ^ kept (LEVEL high is recorded, not excluded): LEVEL HIGH (recorded, not an exclusion): loaded clock 1755 MHz is over the 1545 MHz edge of the band around the 1470 MHz reference; the cell ran at 1.19x the issue rate the fixed compute roof assumed, so its fraction of that roof is inflated by the ratio; read roof_at_cell_clock_tflops
  BN=  32 BM= 256 n= 4 rep= 4 r= 1024 T=  4096    11.5443 ms (34 iters)
  ^ kept (LEVEL high is recorded, not excluded): LEVEL HIGH (recorded, not an exclusion): loaded clock 1695 MHz is over the 1545 MHz edge of the band around the 1470 MHz reference; the cell ran at 1.15x the issue rate the fixed compute roof assumed, so its fraction of that roof is inflated by the ratio; read roof_at_cell_clock_tflops
  BN=  32 BM= 256 n= 1 rep= 5 r=  256 T=  1024     3.0590 ms (128 iters)
  ^ kept (LEVEL high is recorded, not excluded): LEVEL HIGH (recorded, not an exclusion): loaded clock 1725 MHz is over the 1545 MHz edge of the band around the 1470 MHz reference; the cell ran at 1.17x the issue rate the fixed compute roof assumed, so its fraction of that roof is inflated by the ratio; read roof_at_cell_clock_tflops
  BN=  32 BM= 256 n= 2 rep= 5 r=  512 T=  2048     5.9662 ms (67 iters)
  ^ kept (LEVEL high is recorded, not excluded): LEVEL HIGH (recorded, not an exclusion): loaded clock 1740 MHz is over the 1545 MHz edge of the band around the 1470 MHz reference; the cell ran at 1.18x the issue rate the fixed compute roof assumed, so its fraction of that roof is inflated by the ratio; read roof_at_cell_clock_tflops
  BN=  32 BM= 256 n= 3 rep= 5 r=  768 T=  3072     8.7884 ms (44 iters)
  ^ kept (LEVEL high is recorded, not excluded): LEVEL HIGH (recorded, not an exclusion): loaded clock 1740 MHz is over the 1545 MHz edge of the band around the 1470 MHz reference; the cell ran at 1.18x the issue rate the fixed compute roof assumed, so its fraction of that roof is inflated by the ratio; read roof_at_cell_clock_tflops
  BN=  32 BM= 256 n= 4 rep= 5 r= 1024 T=  4096    11.5527 ms (33 iters)
  ^ kept (LEVEL high is recorded, not excluded): LEVEL HIGH (recorded, not an exclusion): loaded clock 1695 MHz is over the 1545 MHz edge of the band around the 1470 MHz reference; the cell ran at 1.15x the issue rate the fixed compute roof assumed, so its fraction of that roof is inflated by the ratio; read roof_at_cell_clock_tflops
  BN=  32 BM= 256 n= 1 rep= 6 r=  256 T=  1024     3.0600 ms (126 iters)
  ^ kept (LEVEL high is recorded, not excluded): LEVEL HIGH (recorded, not an exclusion): loaded clock 1710 MHz is over the 1545 MHz edge of the band around the 1470 MHz reference; the cell ran at 1.16x the issue rate the fixed compute roof assumed, so its fraction of that roof is inflated by the ratio; read roof_at_cell_clock_tflops
  BN=  32 BM= 256 n= 2 rep= 6 r=  512 T=  2048     5.9704 ms (66 iters)
  ^ kept (LEVEL high is recorded, not excluded): LEVEL HIGH (recorded, not an exclusion): loaded clock 1725 MHz is over the 1545 MHz edge of the band around the 1470 MHz reference; the cell ran at 1.17x the issue rate the fixed compute roof assumed, so its fraction of that roof is inflated by the ratio; read roof_at_cell_clock_tflops
  BN=  32 BM= 256 n= 3 rep= 6 r=  768 T=  3072     8.8538 ms (44 iters)
  ^ kept (LEVEL high is recorded, not excluded): LEVEL HIGH (recorded, not an exclusion): loaded clock 1740 MHz is over the 1545 MHz edge of the band around the 1470 MHz reference; the cell ran at 1.18x the issue rate the fixed compute roof assumed, so its fraction of that roof is inflated by the ratio; read roof_at_cell_clock_tflops
  BN=  32 BM= 256 n= 4 rep= 6 r= 1024 T=  4096    11.6181 ms (33 iters)
  ^ kept (LEVEL high is recorded, not excluded): LEVEL HIGH (recorded, not an exclusion): loaded clock 1695 MHz is over the 1545 MHz edge of the band around the 1470 MHz reference; the cell ran at 1.15x the issue rate the fixed compute roof assumed, so its fraction of that roof is inflated by the ratio; read roof_at_cell_clock_tflops
  BN=  32 BM= 256 n= 1 rep= 7 r=  256 T=  1024     3.0581 ms (126 iters)
  ^ kept (LEVEL high is recorded, not excluded): LEVEL HIGH (recorded, not an exclusion): loaded clock 1710 MHz is over the 1545 MHz edge of the band around the 1470 MHz reference; the cell ran at 1.16x the issue rate the fixed compute roof assumed, so its fraction of that roof is inflated by the ratio; read roof_at_cell_clock_tflops
  BN=  32 BM= 256 n= 2 rep= 7 r=  512 T=  2048     5.9780 ms (66 iters)
  ^ kept (LEVEL high is recorded, not excluded): LEVEL HIGH (recorded, not an exclusion): loaded clock 1725 MHz is over the 1545 MHz edge of the band around the 1470 MHz reference; the cell ran at 1.17x the issue rate the fixed compute roof assumed, so its fraction of that roof is inflated by the ratio; read roof_at_cell_clock_tflops
  BN=  32 BM= 256 n= 3 rep= 7 r=  768 T=  3072     8.8367 ms (45 iters)
  ^ kept (LEVEL high is recorded, not excluded): LEVEL HIGH (recorded, not an exclusion): loaded clock 1740 MHz is over the 1545 MHz edge of the band around the 1470 MHz reference; the cell ran at 1.18x the issue rate the fixed compute roof assumed, so its fraction of that roof is inflated by the ratio; read roof_at_cell_clock_tflops
  BN=  32 BM= 256 n= 4 rep= 7 r= 1024 T=  4096    11.5581 ms (34 iters)
  ^ kept (LEVEL high is recorded, not excluded): LEVEL HIGH (recorded, not an exclusion): loaded clock 1695 MHz is over the 1545 MHz edge of the band around the 1470 MHz reference; the cell ran at 1.15x the issue rate the fixed compute roof assumed, so its fraction of that roof is inflated by the ratio; read roof_at_cell_clock_tflops
  BN=  32 BM= 256 n= 1 rep= 8 r=  256 T=  1024     3.0597 ms (127 iters)
  ^ kept (LEVEL high is recorded, not excluded): LEVEL HIGH (recorded, not an exclusion): loaded clock 1710 MHz is over the 1545 MHz edge of the band around the 1470 MHz reference; the cell ran at 1.16x the issue rate the fixed compute roof assumed, so its fraction of that roof is inflated by the ratio; read roof_at_cell_clock_tflops
  BN=  32 BM= 256 n= 2 rep= 8 r=  512 T=  2048     5.9793 ms (67 iters)
  ^ kept (LEVEL high is recorded, not excluded): LEVEL HIGH (recorded, not an exclusion): loaded clock 1725 MHz is over the 1545 MHz edge of the band around the 1470 MHz reference; the cell ran at 1.17x the issue rate the fixed compute roof assumed, so its fraction of that roof is inflated by the ratio; read roof_at_cell_clock_tflops
  BN=  32 BM= 256 n= 3 rep= 8 r=  768 T=  3072     8.8198 ms (45 iters)
  ^ kept (LEVEL high is recorded, not excluded): LEVEL HIGH (recorded, not an exclusion): loaded clock 1770 MHz is over the 1545 MHz edge of the band around the 1470 MHz reference; the cell ran at 1.20x the issue rate the fixed compute roof assumed, so its fraction of that roof is inflated by the ratio; read roof_at_cell_clock_tflops
  BN=  32 BM= 256 n= 4 rep= 8 r= 1024 T=  4096    11.5477 ms (34 iters)
  ^ kept (LEVEL high is recorded, not excluded): LEVEL HIGH (recorded, not an exclusion): loaded clock 1695 MHz is over the 1545 MHz edge of the band around the 1470 MHz reference; the cell ran at 1.15x the issue rate the fixed compute roof assumed, so its fraction of that roof is inflated by the ratio; read roof_at_cell_clock_tflops
  BN=  32 BM= 256 n= 1 rep= 9 r=  256 T=  1024     3.0595 ms (126 iters)
  ^ kept (LEVEL high is recorded, not excluded): LEVEL HIGH (recorded, not an exclusion): loaded clock 1710 MHz is over the 1545 MHz edge of the band around the 1470 MHz reference; the cell ran at 1.16x the issue rate the fixed compute roof assumed, so its fraction of that roof is inflated by the ratio; read roof_at_cell_clock_tflops
  BN=  32 BM= 256 n= 2 rep= 9 r=  512 T=  2048     5.9796 ms (66 iters)
  ^ kept (LEVEL high is recorded, not excluded): LEVEL HIGH (recorded, not an exclusion): loaded clock 1725 MHz is over the 1545 MHz edge of the band around the 1470 MHz reference; the cell ran at 1.17x the issue rate the fixed compute roof assumed, so its fraction of that roof is inflated by the ratio; read roof_at_cell_clock_tflops
  BN=  32 BM= 256 n= 3 rep= 9 r=  768 T=  3072     8.8534 ms (45 iters)
  ^ kept (LEVEL high is recorded, not excluded): LEVEL HIGH (recorded, not an exclusion): loaded clock 1740 MHz is over the 1545 MHz edge of the band around the 1470 MHz reference; the cell ran at 1.18x the issue rate the fixed compute roof assumed, so its fraction of that roof is inflated by the ratio; read roof_at_cell_clock_tflops
  BN=  32 BM= 256 n= 4 rep= 9 r= 1024 T=  4096    11.6104 ms (34 iters)
  ^ kept (LEVEL high is recorded, not excluded): LEVEL HIGH (recorded, not an exclusion): loaded clock 1695 MHz is over the 1545 MHz edge of the band around the 1470 MHz reference; the cell ran at 1.15x the issue rate the fixed compute roof assumed, so its fraction of that roof is inflated by the ratio; read roof_at_cell_clock_tflops
  BN=  32 BM= 256 n= 1 rep=10 r=  256 T=  1024     3.0659 ms (127 iters)
  ^ kept (LEVEL high is recorded, not excluded): LEVEL HIGH (recorded, not an exclusion): loaded clock 1710 MHz is over the 1545 MHz edge of the band around the 1470 MHz reference; the cell ran at 1.16x the issue rate the fixed compute roof assumed, so its fraction of that roof is inflated by the ratio; read roof_at_cell_clock_tflops
  BN=  32 BM= 256 n= 2 rep=10 r=  512 T=  2048     5.9710 ms (67 iters)
  ^ kept (LEVEL high is recorded, not excluded): LEVEL HIGH (recorded, not an exclusion): loaded clock 1725 MHz is over the 1545 MHz edge of the band around the 1470 MHz reference; the cell ran at 1.17x the issue rate the fixed compute roof assumed, so its fraction of that roof is inflated by the ratio; read roof_at_cell_clock_tflops
  BN=  32 BM= 256 n= 3 rep=10 r=  768 T=  3072     8.8076 ms (44 iters)
  ^ kept (LEVEL high is recorded, not excluded): LEVEL HIGH (recorded, not an exclusion): loaded clock 1770 MHz is over the 1545 MHz edge of the band around the 1470 MHz reference; the cell ran at 1.20x the issue rate the fixed compute roof assumed, so its fraction of that roof is inflated by the ratio; read roof_at_cell_clock_tflops
  BN=  32 BM= 256 n= 4 rep=10 r= 1024 T=  4096    11.5557 ms (34 iters)
  ^ kept (LEVEL high is recorded, not excluded): LEVEL HIGH (recorded, not an exclusion): loaded clock 1695 MHz is over the 1545 MHz edge of the band around the 1470 MHz reference; the cell ran at 1.15x the issue rate the fixed compute roof assumed, so its fraction of that roof is inflated by the ratio; read roof_at_cell_clock_tflops
  BN=  32 BM= 256 n= 1 rep=11 r=  256 T=  1024     3.0586 ms (127 iters)
  ^ kept (LEVEL high is recorded, not excluded): LEVEL HIGH (recorded, not an exclusion): loaded clock 1710 MHz is over the 1545 MHz edge of the band around the 1470 MHz reference; the cell ran at 1.16x the issue rate the fixed compute roof assumed, so its fraction of that roof is inflated by the ratio; read roof_at_cell_clock_tflops
  BN=  32 BM= 256 n= 2 rep=11 r=  512 T=  2048     5.9806 ms (67 iters)
  ^ kept (LEVEL high is recorded, not excluded): LEVEL HIGH (recorded, not an exclusion): loaded clock 1725 MHz is over the 1545 MHz edge of the band around the 1470 MHz reference; the cell ran at 1.17x the issue rate the fixed compute roof assumed, so its fraction of that roof is inflated by the ratio; read roof_at_cell_clock_tflops
  BN=  32 BM= 256 n= 3 rep=11 r=  768 T=  3072     8.8294 ms (44 iters)
  ^ kept (LEVEL high is recorded, not excluded): LEVEL HIGH (recorded, not an exclusion): loaded clock 1740 MHz is over the 1545 MHz edge of the band around the 1470 MHz reference; the cell ran at 1.18x the issue rate the fixed compute roof assumed, so its fraction of that roof is inflated by the ratio; read roof_at_cell_clock_tflops
  BN=  32 BM= 256 n= 4 rep=11 r= 1024 T=  4096    11.6290 ms (33 iters)
  ^ kept (LEVEL high is recorded, not excluded): LEVEL HIGH (recorded, not an exclusion): loaded clock 1680 MHz is over the 1545 MHz edge of the band around the 1470 MHz reference; the cell ran at 1.14x the issue rate the fixed compute roof assumed, so its fraction of that roof is inflated by the ratio; read roof_at_cell_clock_tflops
  BN=  32 BM= 256 n= 1 rep=12 r=  256 T=  1024     3.0817 ms (126 iters)
  ^ kept (LEVEL high is recorded, not excluded): LEVEL HIGH (recorded, not an exclusion): loaded clock 1710 MHz is over the 1545 MHz edge of the band around the 1470 MHz reference; the cell ran at 1.16x the issue rate the fixed compute roof assumed, so its fraction of that roof is inflated by the ratio; read roof_at_cell_clock_tflops
  BN=  32 BM= 256 n= 2 rep=12 r=  512 T=  2048     5.9699 ms (66 iters)
  ^ kept (LEVEL high is recorded, not excluded): LEVEL HIGH (recorded, not an exclusion): loaded clock 1725 MHz is over the 1545 MHz edge of the band around the 1470 MHz reference; the cell ran at 1.17x the issue rate the fixed compute roof assumed, so its fraction of that roof is inflated by the ratio; read roof_at_cell_clock_tflops
  BN=  32 BM= 256 n= 3 rep=12 r=  768 T=  3072     8.8545 ms (45 iters)
  ^ kept (LEVEL high is recorded, not excluded): LEVEL HIGH (recorded, not an exclusion): loaded clock 1770 MHz is over the 1545 MHz edge of the band around the 1470 MHz reference; the cell ran at 1.20x the issue rate the fixed compute roof assumed, so its fraction of that roof is inflated by the ratio; read roof_at_cell_clock_tflops
  BN=  32 BM= 256 n= 4 rep=12 r= 1024 T=  4096    11.5501 ms (34 iters)
  ^ kept (LEVEL high is recorded, not excluded): LEVEL HIGH (recorded, not an exclusion): loaded clock 1695 MHz is over the 1545 MHz edge of the band around the 1470 MHz reference; the cell ran at 1.15x the issue rate the fixed compute roof assumed, so its fraction of that roof is inflated by the ratio; read roof_at_cell_clock_tflops
  BN=  32 BM= 256 n= 1 rep=13 r=  256 T=  1024     3.0590 ms (126 iters)
  ^ kept (LEVEL high is recorded, not excluded): LEVEL HIGH (recorded, not an exclusion): loaded clock 1718 MHz is over the 1545 MHz edge of the band around the 1470 MHz reference; the cell ran at 1.17x the issue rate the fixed compute roof assumed, so its fraction of that roof is inflated by the ratio; read roof_at_cell_clock_tflops
  BN=  32 BM= 256 n= 2 rep=13 r=  512 T=  2048     5.9795 ms (67 iters)
  ^ kept (LEVEL high is recorded, not excluded): LEVEL HIGH (recorded, not an exclusion): loaded clock 1725 MHz is over the 1545 MHz edge of the band around the 1470 MHz reference; the cell ran at 1.17x the issue rate the fixed compute roof assumed, so its fraction of that roof is inflated by the ratio; read roof_at_cell_clock_tflops
  BN=  32 BM= 256 n= 3 rep=13 r=  768 T=  3072     8.8218 ms (44 iters)
  ^ kept (LEVEL high is recorded, not excluded): LEVEL HIGH (recorded, not an exclusion): loaded clock 1740 MHz is over the 1545 MHz edge of the band around the 1470 MHz reference; the cell ran at 1.18x the issue rate the fixed compute roof assumed, so its fraction of that roof is inflated by the ratio; read roof_at_cell_clock_tflops
  BN=  32 BM= 256 n= 4 rep=13 r= 1024 T=  4096    11.6220 ms (34 iters)
  ^ kept (LEVEL high is recorded, not excluded): LEVEL HIGH (recorded, not an exclusion): loaded clock 1680 MHz is over the 1545 MHz edge of the band around the 1470 MHz reference; the cell ran at 1.14x the issue rate the fixed compute roof assumed, so its fraction of that roof is inflated by the ratio; read roof_at_cell_clock_tflops
  BN=  32 BM= 256 n= 1 rep=14 r=  256 T=  1024     3.0678 ms (129 iters)
  ^ kept (LEVEL high is recorded, not excluded): LEVEL HIGH (recorded, not an exclusion): loaded clock 1710 MHz is over the 1545 MHz edge of the band around the 1470 MHz reference; the cell ran at 1.16x the issue rate the fixed compute roof assumed, so its fraction of that roof is inflated by the ratio; read roof_at_cell_clock_tflops
  BN=  32 BM= 256 n= 2 rep=14 r=  512 T=  2048     5.9798 ms (67 iters)
  ^ kept (LEVEL high is recorded, not excluded): LEVEL HIGH (recorded, not an exclusion): loaded clock 1740 MHz is over the 1545 MHz edge of the band around the 1470 MHz reference; the cell ran at 1.18x the issue rate the fixed compute roof assumed, so its fraction of that roof is inflated by the ratio; read roof_at_cell_clock_tflops
  BN=  32 BM= 256 n= 3 rep=14 r=  768 T=  3072     8.8519 ms (45 iters)
  ^ kept (LEVEL high is recorded, not excluded): LEVEL HIGH (recorded, not an exclusion): loaded clock 1740 MHz is over the 1545 MHz edge of the band around the 1470 MHz reference; the cell ran at 1.18x the issue rate the fixed compute roof assumed, so its fraction of that roof is inflated by the ratio; read roof_at_cell_clock_tflops
  BN=  32 BM= 256 n= 4 rep=14 r= 1024 T=  4096    11.6241 ms (34 iters)
  ^ kept (LEVEL high is recorded, not excluded): LEVEL HIGH (recorded, not an exclusion): loaded clock 1695 MHz is over the 1545 MHz edge of the band around the 1470 MHz reference; the cell ran at 1.15x the issue rate the fixed compute roof assumed, so its fraction of that roof is inflated by the ratio; read roof_at_cell_clock_tflops
  BN=  32 BM= 256 n= 1 rep=15 r=  256 T=  1024     3.0633 ms (127 iters)
  ^ kept (LEVEL high is recorded, not excluded): LEVEL HIGH (recorded, not an exclusion): loaded clock 1710 MHz is over the 1545 MHz edge of the band around the 1470 MHz reference; the cell ran at 1.16x the issue rate the fixed compute roof assumed, so its fraction of that roof is inflated by the ratio; read roof_at_cell_clock_tflops
  BN=  32 BM= 256 n= 2 rep=15 r=  512 T=  2048     5.9792 ms (66 iters)
  ^ kept (LEVEL high is recorded, not excluded): LEVEL HIGH (recorded, not an exclusion): loaded clock 1725 MHz is over the 1545 MHz edge of the band around the 1470 MHz reference; the cell ran at 1.17x the issue rate the fixed compute roof assumed, so its fraction of that roof is inflated by the ratio; read roof_at_cell_clock_tflops
  BN=  32 BM= 256 n= 3 rep=15 r=  768 T=  3072     8.8573 ms (45 iters)
  ^ kept (LEVEL high is recorded, not excluded): LEVEL HIGH (recorded, not an exclusion): loaded clock 1755 MHz is over the 1545 MHz edge of the band around the 1470 MHz reference; the cell ran at 1.19x the issue rate the fixed compute roof assumed, so its fraction of that roof is inflated by the ratio; read roof_at_cell_clock_tflops
  BN=  32 BM= 256 n= 4 rep=15 r= 1024 T=  4096    11.5543 ms (34 iters)
  ^ kept (LEVEL high is recorded, not excluded): LEVEL HIGH (recorded, not an exclusion): loaded clock 1695 MHz is over the 1545 MHz edge of the band around the 1470 MHz reference; the cell ran at 1.15x the issue rate the fixed compute roof assumed, so its fraction of that roof is inflated by the ratio; read roof_at_cell_clock_tflops
  BN=  32 BM= 256 n= 1 rep=16 r=  256 T=  1024     3.0808 ms (126 iters)
  ^ kept (LEVEL high is recorded, not excluded): LEVEL HIGH (recorded, not an exclusion): loaded clock 1710 MHz is over the 1545 MHz edge of the band around the 1470 MHz reference; the cell ran at 1.16x the issue rate the fixed compute roof assumed, so its fraction of that roof is inflated by the ratio; read roof_at_cell_clock_tflops
  BN=  32 BM= 256 n= 2 rep=16 r=  512 T=  2048     5.9701 ms (66 iters)
  ^ kept (LEVEL high is recorded, not excluded): LEVEL HIGH (recorded, not an exclusion): loaded clock 1740 MHz is over the 1545 MHz edge of the band around the 1470 MHz reference; the cell ran at 1.18x the issue rate the fixed compute roof assumed, so its fraction of that roof is inflated by the ratio; read roof_at_cell_clock_tflops
  BN=  32 BM= 256 n= 3 rep=16 r=  768 T=  3072     8.7983 ms (45 iters)
  ^ kept (LEVEL high is recorded, not excluded): LEVEL HIGH (recorded, not an exclusion): loaded clock 1740 MHz is over the 1545 MHz edge of the band around the 1470 MHz reference; the cell ran at 1.18x the issue rate the fixed compute roof assumed, so its fraction of that roof is inflated by the ratio; read roof_at_cell_clock_tflops
  BN=  32 BM= 256 n= 4 rep=16 r= 1024 T=  4096    11.6084 ms (35 iters)
  ^ kept (LEVEL high is recorded, not excluded): LEVEL HIGH (recorded, not an exclusion): loaded clock 1695 MHz is over the 1545 MHz edge of the band around the 1470 MHz reference; the cell ran at 1.15x the issue rate the fixed compute roof assumed, so its fraction of that roof is inflated by the ratio; read roof_at_cell_clock_tflops
  BN=  32 BM= 256 n= 1 rep=17 r=  256 T=  1024     3.0592 ms (126 iters)
  ^ kept (LEVEL high is recorded, not excluded): LEVEL HIGH (recorded, not an exclusion): loaded clock 1718 MHz is over the 1545 MHz edge of the band around the 1470 MHz reference; the cell ran at 1.17x the issue rate the fixed compute roof assumed, so its fraction of that roof is inflated by the ratio; read roof_at_cell_clock_tflops
  BN=  32 BM= 256 n= 2 rep=17 r=  512 T=  2048     5.9771 ms (67 iters)
  ^ kept (LEVEL high is recorded, not excluded): LEVEL HIGH (recorded, not an exclusion): loaded clock 1725 MHz is over the 1545 MHz edge of the band around the 1470 MHz reference; the cell ran at 1.17x the issue rate the fixed compute roof assumed, so its fraction of that roof is inflated by the ratio; read roof_at_cell_clock_tflops
  BN=  32 BM= 256 n= 3 rep=17 r=  768 T=  3072     8.8550 ms (45 iters)
  ^ kept (LEVEL high is recorded, not excluded): LEVEL HIGH (recorded, not an exclusion): loaded clock 1740 MHz is over the 1545 MHz edge of the band around the 1470 MHz reference; the cell ran at 1.18x the issue rate the fixed compute roof assumed, so its fraction of that roof is inflated by the ratio; read roof_at_cell_clock_tflops
  BN=  32 BM= 256 n= 4 rep=17 r= 1024 T=  4096    11.6290 ms (34 iters)
  BN=  32  [OWN] BLOCK_M=256 ladder, 4 treads, proportional to 1.9%: compute branch 2.9319 ms per tile, fixed cost 0.2444 ms
            LEVEL    246.1 TFLOP/s =  36.1% of 682.1   gate [25%, 100%]
            issue efficiency  30.7% of 800.4 TFLOP/s, the roof at this ladder's own 1725 MHz (record, never a gate input)

-- BN=64: reference ladder, BLOCK_M=256 --
  ^ kept (LEVEL high is recorded, not excluded): LEVEL HIGH (recorded, not an exclusion): loaded clock 1620 MHz is over the 1545 MHz edge of the band around the 1470 MHz reference; the cell ran at 1.10x the issue rate the fixed compute roof assumed, so its fraction of that roof is inflated by the ratio; read roof_at_cell_clock_tflops
  BN=  64 BM= 256 n= 1 rep= 1 r=  256 T=  1024     2.0705 ms (195 iters)
  ^ LEVEL HIGH (recorded, not an exclusion): loaded clock 1635 MHz is over the 1545 MHz edge of the band around the 1470 MHz reference; the cell ran at 1.11x the issue rate the fixed compute roof assumed, so its fraction of that roof is inflated by the ratio; read roof_at_cell_clock_tflops; DRIFT failed, settling upward: under-load clock went 1515 -> 1620 MHz over 23 samples (1515, 1650, 1650, 1635, 1635, 1650, 1650, 1665, 1665, 1680, 1680, 1530, 1530, 1635, 1635, 1515, 1515, 1545, 1545, 1560, 1560, 1620, 1620); the trials were not at one operating point and the median is a blend
  BN=  64 BM= 256 n= 2 rep= 1 r=  512 T=  2048     4.0155 ms (96 iters)
  ^ kept (LEVEL high is recorded, not excluded): LEVEL HIGH (recorded, not an exclusion): loaded clock 1650 MHz is over the 1545 MHz edge of the band around the 1470 MHz reference; the cell ran at 1.12x the issue rate the fixed compute roof assumed, so its fraction of that roof is inflated by the ratio; read roof_at_cell_clock_tflops
  BN=  64 BM= 256 n= 3 rep= 1 r=  768 T=  3072     5.9814 ms (67 iters)
  ^ kept (LEVEL high is recorded, not excluded): LEVEL HIGH (recorded, not an exclusion): loaded clock 1680 MHz is over the 1545 MHz edge of the band around the 1470 MHz reference; the cell ran at 1.14x the issue rate the fixed compute roof assumed, so its fraction of that roof is inflated by the ratio; read roof_at_cell_clock_tflops
  BN=  64 BM= 256 n= 4 rep= 1 r= 1024 T=  4096     7.7303 ms (50 iters)
  BN=  64 BM= 256 n= 1 rep= 2 r=  256 T=  1024     2.1551 ms (183 iters)
  ^ kept (LEVEL high is recorded, not excluded): LEVEL HIGH (recorded, not an exclusion): loaded clock 1620 MHz is over the 1545 MHz edge of the band around the 1470 MHz reference; the cell ran at 1.10x the issue rate the fixed compute roof assumed, so its fraction of that roof is inflated by the ratio; read roof_at_cell_clock_tflops
  BN=  64 BM= 256 n= 2 rep= 2 r=  512 T=  2048     4.0480 ms (100 iters)
  ^ kept (LEVEL high is recorded, not excluded): LEVEL HIGH (recorded, not an exclusion): loaded clock 1650 MHz is over the 1545 MHz edge of the band around the 1470 MHz reference; the cell ran at 1.12x the issue rate the fixed compute roof assumed, so its fraction of that roof is inflated by the ratio; read roof_at_cell_clock_tflops
  BN=  64 BM= 256 n= 3 rep= 2 r=  768 T=  3072     5.9385 ms (66 iters)
  ^ kept (LEVEL high is recorded, not excluded): LEVEL HIGH (recorded, not an exclusion): loaded clock 1665 MHz is over the 1545 MHz edge of the band around the 1470 MHz reference; the cell ran at 1.13x the issue rate the fixed compute roof assumed, so its fraction of that roof is inflated by the ratio; read roof_at_cell_clock_tflops
  BN=  64 BM= 256 n= 4 rep= 2 r= 1024 T=  4096     7.8090 ms (51 iters)
  ^ kept (LEVEL high is recorded, not excluded): LEVEL HIGH (recorded, not an exclusion): loaded clock 1560 MHz is over the 1545 MHz edge of the band around the 1470 MHz reference; the cell ran at 1.06x the issue rate the fixed compute roof assumed, so its fraction of that roof is inflated by the ratio; read roof_at_cell_clock_tflops
  BN=  64 BM= 256 n= 1 rep= 3 r=  256 T=  1024     2.1419 ms (184 iters)
  ^ kept (LEVEL high is recorded, not excluded): LEVEL HIGH (recorded, not an exclusion): loaded clock 1628 MHz is over the 1545 MHz edge of the band around the 1470 MHz reference; the cell ran at 1.11x the issue rate the fixed compute roof assumed, so its fraction of that roof is inflated by the ratio; read roof_at_cell_clock_tflops
  BN=  64 BM= 256 n= 2 rep= 3 r=  512 T=  2048     4.0534 ms (99 iters)
  ^ kept (LEVEL high is recorded, not excluded): LEVEL HIGH (recorded, not an exclusion): loaded clock 1650 MHz is over the 1545 MHz edge of the band around the 1470 MHz reference; the cell ran at 1.12x the issue rate the fixed compute roof assumed, so its fraction of that roof is inflated by the ratio; read roof_at_cell_clock_tflops
  BN=  64 BM= 256 n= 3 rep= 3 r=  768 T=  3072     5.9534 ms (66 iters)
  ^ kept (LEVEL high is recorded, not excluded): LEVEL HIGH (recorded, not an exclusion): loaded clock 1680 MHz is over the 1545 MHz edge of the band around the 1470 MHz reference; the cell ran at 1.14x the issue rate the fixed compute roof assumed, so its fraction of that roof is inflated by the ratio; read roof_at_cell_clock_tflops
  BN=  64 BM= 256 n= 4 rep= 3 r= 1024 T=  4096     7.7912 ms (51 iters)
  ^ kept (LEVEL high is recorded, not excluded): LEVEL HIGH (recorded, not an exclusion): loaded clock 1560 MHz is over the 1545 MHz edge of the band around the 1470 MHz reference; the cell ran at 1.06x the issue rate the fixed compute roof assumed, so its fraction of that roof is inflated by the ratio; read roof_at_cell_clock_tflops
  BN=  64 BM= 256 n= 1 rep= 4 r=  256 T=  1024     2.1352 ms (181 iters)
  ^ kept (LEVEL high is recorded, not excluded): LEVEL HIGH (recorded, not an exclusion): loaded clock 1620 MHz is over the 1545 MHz edge of the band around the 1470 MHz reference; the cell ran at 1.10x the issue rate the fixed compute roof assumed, so its fraction of that roof is inflated by the ratio; read roof_at_cell_clock_tflops
  BN=  64 BM= 256 n= 2 rep= 4 r=  512 T=  2048     4.0511 ms (99 iters)
  ^ kept (LEVEL high is recorded, not excluded): LEVEL HIGH (recorded, not an exclusion): loaded clock 1650 MHz is over the 1545 MHz edge of the band around the 1470 MHz reference; the cell ran at 1.12x the issue rate the fixed compute roof assumed, so its fraction of that roof is inflated by the ratio; read roof_at_cell_clock_tflops
  BN=  64 BM= 256 n= 3 rep= 4 r=  768 T=  3072     5.9415 ms (66 iters)
  ^ kept (LEVEL high is recorded, not excluded): LEVEL HIGH (recorded, not an exclusion): loaded clock 1665 MHz is over the 1545 MHz edge of the band around the 1470 MHz reference; the cell ran at 1.13x the issue rate the fixed compute roof assumed, so its fraction of that roof is inflated by the ratio; read roof_at_cell_clock_tflops
  BN=  64 BM= 256 n= 4 rep= 4 r= 1024 T=  4096     7.8108 ms (51 iters)
  ^ kept (LEVEL high is recorded, not excluded): LEVEL HIGH (recorded, not an exclusion): loaded clock 1560 MHz is over the 1545 MHz edge of the band around the 1470 MHz reference; the cell ran at 1.06x the issue rate the fixed compute roof assumed, so its fraction of that roof is inflated by the ratio; read roof_at_cell_clock_tflops
  BN=  64 BM= 256 n= 1 rep= 5 r=  256 T=  1024     2.1383 ms (182 iters)
  ^ kept (LEVEL high is recorded, not excluded): LEVEL HIGH (recorded, not an exclusion): loaded clock 1612 MHz is over the 1545 MHz edge of the band around the 1470 MHz reference; the cell ran at 1.10x the issue rate the fixed compute roof assumed, so its fraction of that roof is inflated by the ratio; read roof_at_cell_clock_tflops
  BN=  64 BM= 256 n= 2 rep= 5 r=  512 T=  2048     4.0529 ms (99 iters)
  ^ kept (LEVEL high is recorded, not excluded): LEVEL HIGH (recorded, not an exclusion): loaded clock 1650 MHz is over the 1545 MHz edge of the band around the 1470 MHz reference; the cell ran at 1.12x the issue rate the fixed compute roof assumed, so its fraction of that roof is inflated by the ratio; read roof_at_cell_clock_tflops
  BN=  64 BM= 256 n= 3 rep= 5 r=  768 T=  3072     5.9534 ms (67 iters)
  ^ kept (LEVEL high is recorded, not excluded): LEVEL HIGH (recorded, not an exclusion): loaded clock 1665 MHz is over the 1545 MHz edge of the band around the 1470 MHz reference; the cell ran at 1.13x the issue rate the fixed compute roof assumed, so its fraction of that roof is inflated by the ratio; read roof_at_cell_clock_tflops
  BN=  64 BM= 256 n= 4 rep= 5 r= 1024 T=  4096     7.8119 ms (51 iters)
  ^ kept (LEVEL high is recorded, not excluded): LEVEL HIGH (recorded, not an exclusion): loaded clock 1560 MHz is over the 1545 MHz edge of the band around the 1470 MHz reference; the cell ran at 1.06x the issue rate the fixed compute roof assumed, so its fraction of that roof is inflated by the ratio; read roof_at_cell_clock_tflops
  BN=  64 BM= 256 n= 1 rep= 6 r=  256 T=  1024     2.1364 ms (188 iters)
  ^ kept (LEVEL high is recorded, not excluded): LEVEL HIGH (recorded, not an exclusion): loaded clock 1598 MHz is over the 1545 MHz edge of the band around the 1470 MHz reference; the cell ran at 1.09x the issue rate the fixed compute roof assumed, so its fraction of that roof is inflated by the ratio; read roof_at_cell_clock_tflops
  BN=  64 BM= 256 n= 2 rep= 6 r=  512 T=  2048     4.0988 ms (99 iters)
  ^ kept (LEVEL high is recorded, not excluded): LEVEL HIGH (recorded, not an exclusion): loaded clock 1650 MHz is over the 1545 MHz edge of the band around the 1470 MHz reference; the cell ran at 1.12x the issue rate the fixed compute roof assumed, so its fraction of that roof is inflated by the ratio; read roof_at_cell_clock_tflops
  BN=  64 BM= 256 n= 3 rep= 6 r=  768 T=  3072     5.9385 ms (67 iters)
  ^ kept (LEVEL high is recorded, not excluded): LEVEL HIGH (recorded, not an exclusion): loaded clock 1665 MHz is over the 1545 MHz edge of the band around the 1470 MHz reference; the cell ran at 1.13x the issue rate the fixed compute roof assumed, so its fraction of that roof is inflated by the ratio; read roof_at_cell_clock_tflops
  BN=  64 BM= 256 n= 4 rep= 6 r= 1024 T=  4096     7.8119 ms (50 iters)
  ^ kept (LEVEL high is recorded, not excluded): LEVEL HIGH (recorded, not an exclusion): loaded clock 1560 MHz is over the 1545 MHz edge of the band around the 1470 MHz reference; the cell ran at 1.06x the issue rate the fixed compute roof assumed, so its fraction of that roof is inflated by the ratio; read roof_at_cell_clock_tflops
  BN=  64 BM= 256 n= 1 rep= 7 r=  256 T=  1024     2.1377 ms (186 iters)
  ^ kept (LEVEL high is recorded, not excluded): LEVEL HIGH (recorded, not an exclusion): loaded clock 1635 MHz is over the 1545 MHz edge of the band around the 1470 MHz reference; the cell ran at 1.11x the issue rate the fixed compute roof assumed, so its fraction of that roof is inflated by the ratio; read roof_at_cell_clock_tflops
  BN=  64 BM= 256 n= 2 rep= 7 r=  512 T=  2048     4.0524 ms (99 iters)
  ^ kept (LEVEL high is recorded, not excluded): LEVEL HIGH (recorded, not an exclusion): loaded clock 1650 MHz is over the 1545 MHz edge of the band around the 1470 MHz reference; the cell ran at 1.12x the issue rate the fixed compute roof assumed, so its fraction of that roof is inflated by the ratio; read roof_at_cell_clock_tflops
  BN=  64 BM= 256 n= 3 rep= 7 r=  768 T=  3072     5.9891 ms (66 iters)
  ^ kept (LEVEL high is recorded, not excluded): LEVEL HIGH (recorded, not an exclusion): loaded clock 1672 MHz is over the 1545 MHz edge of the band around the 1470 MHz reference; the cell ran at 1.14x the issue rate the fixed compute roof assumed, so its fraction of that roof is inflated by the ratio; read roof_at_cell_clock_tflops
  BN=  64 BM= 256 n= 4 rep= 7 r= 1024 T=  4096     7.8024 ms (51 iters)
  ^ kept (LEVEL high is recorded, not excluded): LEVEL HIGH (recorded, not an exclusion): loaded clock 1560 MHz is over the 1545 MHz edge of the band around the 1470 MHz reference; the cell ran at 1.06x the issue rate the fixed compute roof assumed, so its fraction of that roof is inflated by the ratio; read roof_at_cell_clock_tflops
  BN=  64 BM= 256 n= 1 rep= 8 r=  256 T=  1024     2.1386 ms (185 iters)
  ^ kept (LEVEL high is recorded, not excluded): LEVEL HIGH (recorded, not an exclusion): loaded clock 1628 MHz is over the 1545 MHz edge of the band around the 1470 MHz reference; the cell ran at 1.11x the issue rate the fixed compute roof assumed, so its fraction of that roof is inflated by the ratio; read roof_at_cell_clock_tflops
  BN=  64 BM= 256 n= 2 rep= 8 r=  512 T=  2048     4.0511 ms (99 iters)
  ^ kept (LEVEL high is recorded, not excluded): LEVEL HIGH (recorded, not an exclusion): loaded clock 1650 MHz is over the 1545 MHz edge of the band around the 1470 MHz reference; the cell ran at 1.12x the issue rate the fixed compute roof assumed, so its fraction of that roof is inflated by the ratio; read roof_at_cell_clock_tflops
  BN=  64 BM= 256 n= 3 rep= 8 r=  768 T=  3072     5.9386 ms (67 iters)
  ^ kept (LEVEL high is recorded, not excluded): LEVEL HIGH (recorded, not an exclusion): loaded clock 1665 MHz is over the 1545 MHz edge of the band around the 1470 MHz reference; the cell ran at 1.13x the issue rate the fixed compute roof assumed, so its fraction of that roof is inflated by the ratio; read roof_at_cell_clock_tflops
  BN=  64 BM= 256 n= 4 rep= 8 r= 1024 T=  4096     7.8067 ms (50 iters)
  ^ kept (LEVEL high is recorded, not excluded): LEVEL HIGH (recorded, not an exclusion): loaded clock 1560 MHz is over the 1545 MHz edge of the band around the 1470 MHz reference; the cell ran at 1.06x the issue rate the fixed compute roof assumed, so its fraction of that roof is inflated by the ratio; read roof_at_cell_clock_tflops
  BN=  64 BM= 256 n= 1 rep= 9 r=  256 T=  1024     2.1498 ms (184 iters)
  ^ kept (LEVEL high is recorded, not excluded): LEVEL HIGH (recorded, not an exclusion): loaded clock 1620 MHz is over the 1545 MHz edge of the band around the 1470 MHz reference; the cell ran at 1.10x the issue rate the fixed compute roof assumed, so its fraction of that roof is inflated by the ratio; read roof_at_cell_clock_tflops
  BN=  64 BM= 256 n= 2 rep= 9 r=  512 T=  2048     4.0517 ms (100 iters)
  ^ kept (LEVEL high is recorded, not excluded): LEVEL HIGH (recorded, not an exclusion): loaded clock 1635 MHz is over the 1545 MHz edge of the band around the 1470 MHz reference; the cell ran at 1.11x the issue rate the fixed compute roof assumed, so its fraction of that roof is inflated by the ratio; read roof_at_cell_clock_tflops
  BN=  64 BM= 256 n= 3 rep= 9 r=  768 T=  3072     5.9883 ms (66 iters)
  ^ kept (LEVEL high is recorded, not excluded): LEVEL HIGH (recorded, not an exclusion): loaded clock 1672 MHz is over the 1545 MHz edge of the band around the 1470 MHz reference; the cell ran at 1.14x the issue rate the fixed compute roof assumed, so its fraction of that roof is inflated by the ratio; read roof_at_cell_clock_tflops
  BN=  64 BM= 256 n= 4 rep= 9 r= 1024 T=  4096     7.7927 ms (51 iters)
  ^ kept (LEVEL high is recorded, not excluded): LEVEL HIGH (recorded, not an exclusion): loaded clock 1560 MHz is over the 1545 MHz edge of the band around the 1470 MHz reference; the cell ran at 1.06x the issue rate the fixed compute roof assumed, so its fraction of that roof is inflated by the ratio; read roof_at_cell_clock_tflops
  BN=  64 BM= 256 n= 1 rep=10 r=  256 T=  1024     2.1404 ms (182 iters)
  ^ kept (LEVEL high is recorded, not excluded): LEVEL HIGH (recorded, not an exclusion): loaded clock 1620 MHz is over the 1545 MHz edge of the band around the 1470 MHz reference; the cell ran at 1.10x the issue rate the fixed compute roof assumed, so its fraction of that roof is inflated by the ratio; read roof_at_cell_clock_tflops
  BN=  64 BM= 256 n= 2 rep=10 r=  512 T=  2048     4.0523 ms (99 iters)
  ^ kept (LEVEL high is recorded, not excluded): LEVEL HIGH (recorded, not an exclusion): loaded clock 1650 MHz is over the 1545 MHz edge of the band around the 1470 MHz reference; the cell ran at 1.12x the issue rate the fixed compute roof assumed, so its fraction of that roof is inflated by the ratio; read roof_at_cell_clock_tflops
  BN=  64 BM= 256 n= 3 rep=10 r=  768 T=  3072     5.9392 ms (66 iters)
  ^ kept (LEVEL high is recorded, not excluded): LEVEL HIGH (recorded, not an exclusion): loaded clock 1665 MHz is over the 1545 MHz edge of the band around the 1470 MHz reference; the cell ran at 1.13x the issue rate the fixed compute roof assumed, so its fraction of that roof is inflated by the ratio; read roof_at_cell_clock_tflops
  BN=  64 BM= 256 n= 4 rep=10 r= 1024 T=  4096     7.7964 ms (51 iters)
  ^ kept (LEVEL high is recorded, not excluded): LEVEL HIGH (recorded, not an exclusion): loaded clock 1552 MHz is over the 1545 MHz edge of the band around the 1470 MHz reference; the cell ran at 1.06x the issue rate the fixed compute roof assumed, so its fraction of that roof is inflated by the ratio; read roof_at_cell_clock_tflops
  BN=  64 BM= 256 n= 1 rep=11 r=  256 T=  1024     2.1338 ms (181 iters)
  ^ kept (LEVEL high is recorded, not excluded): LEVEL HIGH (recorded, not an exclusion): loaded clock 1620 MHz is over the 1545 MHz edge of the band around the 1470 MHz reference; the cell ran at 1.10x the issue rate the fixed compute roof assumed, so its fraction of that roof is inflated by the ratio; read roof_at_cell_clock_tflops
  BN=  64 BM= 256 n= 2 rep=11 r=  512 T=  2048     4.0525 ms (99 iters)
  ^ kept (LEVEL high is recorded, not excluded): LEVEL HIGH (recorded, not an exclusion): loaded clock 1650 MHz is over the 1545 MHz edge of the band around the 1470 MHz reference; the cell ran at 1.12x the issue rate the fixed compute roof assumed, so its fraction of that roof is inflated by the ratio; read roof_at_cell_clock_tflops
  BN=  64 BM= 256 n= 3 rep=11 r=  768 T=  3072     5.9403 ms (67 iters)
  ^ kept (LEVEL high is recorded, not excluded): LEVEL HIGH (recorded, not an exclusion): loaded clock 1665 MHz is over the 1545 MHz edge of the band around the 1470 MHz reference; the cell ran at 1.13x the issue rate the fixed compute roof assumed, so its fraction of that roof is inflated by the ratio; read roof_at_cell_clock_tflops
  BN=  64 BM= 256 n= 4 rep=11 r= 1024 T=  4096     7.7453 ms (51 iters)
  ^ kept (LEVEL high is recorded, not excluded): LEVEL HIGH (recorded, not an exclusion): loaded clock 1560 MHz is over the 1545 MHz edge of the band around the 1470 MHz reference; the cell ran at 1.06x the issue rate the fixed compute roof assumed, so its fraction of that roof is inflated by the ratio; read roof_at_cell_clock_tflops
  BN=  64 BM= 256 n= 1 rep=12 r=  256 T=  1024     2.1377 ms (182 iters)
  ^ kept (LEVEL high is recorded, not excluded): LEVEL HIGH (recorded, not an exclusion): loaded clock 1620 MHz is over the 1545 MHz edge of the band around the 1470 MHz reference; the cell ran at 1.10x the issue rate the fixed compute roof assumed, so its fraction of that roof is inflated by the ratio; read roof_at_cell_clock_tflops
  BN=  64 BM= 256 n= 2 rep=12 r=  512 T=  2048     4.0514 ms (99 iters)
  ^ kept (LEVEL high is recorded, not excluded): LEVEL HIGH (recorded, not an exclusion): loaded clock 1650 MHz is over the 1545 MHz edge of the band around the 1470 MHz reference; the cell ran at 1.12x the issue rate the fixed compute roof assumed, so its fraction of that roof is inflated by the ratio; read roof_at_cell_clock_tflops
  BN=  64 BM= 256 n= 3 rep=12 r=  768 T=  3072     5.9497 ms (67 iters)
  ^ kept (LEVEL high is recorded, not excluded): LEVEL HIGH (recorded, not an exclusion): loaded clock 1680 MHz is over the 1545 MHz edge of the band around the 1470 MHz reference; the cell ran at 1.14x the issue rate the fixed compute roof assumed, so its fraction of that roof is inflated by the ratio; read roof_at_cell_clock_tflops
  BN=  64 BM= 256 n= 4 rep=12 r= 1024 T=  4096     7.7320 ms (51 iters)
  BN=  64 BM= 256 n= 1 rep=13 r=  256 T=  1024     2.1394 ms (181 iters)
  ^ kept (LEVEL high is recorded, not excluded): LEVEL HIGH (recorded, not an exclusion): loaded clock 1628 MHz is over the 1545 MHz edge of the band around the 1470 MHz reference; the cell ran at 1.11x the issue rate the fixed compute roof assumed, so its fraction of that roof is inflated by the ratio; read roof_at_cell_clock_tflops
  BN=  64 BM= 256 n= 2 rep=13 r=  512 T=  2048     4.0504 ms (99 iters)
  ^ kept (LEVEL high is recorded, not excluded): LEVEL HIGH (recorded, not an exclusion): loaded clock 1650 MHz is over the 1545 MHz edge of the band around the 1470 MHz reference; the cell ran at 1.12x the issue rate the fixed compute roof assumed, so its fraction of that roof is inflated by the ratio; read roof_at_cell_clock_tflops
  BN=  64 BM= 256 n= 3 rep=13 r=  768 T=  3072     5.9394 ms (67 iters)
  ^ kept (LEVEL high is recorded, not excluded): LEVEL HIGH (recorded, not an exclusion): loaded clock 1665 MHz is over the 1545 MHz edge of the band around the 1470 MHz reference; the cell ran at 1.13x the issue rate the fixed compute roof assumed, so its fraction of that roof is inflated by the ratio; read roof_at_cell_clock_tflops
  BN=  64 BM= 256 n= 4 rep=13 r= 1024 T=  4096     7.8004 ms (51 iters)
  ^ kept (LEVEL high is recorded, not excluded): LEVEL HIGH (recorded, not an exclusion): loaded clock 1560 MHz is over the 1545 MHz edge of the band around the 1470 MHz reference; the cell ran at 1.06x the issue rate the fixed compute roof assumed, so its fraction of that roof is inflated by the ratio; read roof_at_cell_clock_tflops
  BN=  64 BM= 256 n= 1 rep=14 r=  256 T=  1024     2.1377 ms (181 iters)
  ^ kept (LEVEL high is recorded, not excluded): LEVEL HIGH (recorded, not an exclusion): loaded clock 1620 MHz is over the 1545 MHz edge of the band around the 1470 MHz reference; the cell ran at 1.10x the issue rate the fixed compute roof assumed, so its fraction of that roof is inflated by the ratio; read roof_at_cell_clock_tflops
  BN=  64 BM= 256 n= 2 rep=14 r=  512 T=  2048     4.0900 ms (98 iters)
  ^ kept (LEVEL high is recorded, not excluded): LEVEL HIGH (recorded, not an exclusion): loaded clock 1650 MHz is over the 1545 MHz edge of the band around the 1470 MHz reference; the cell ran at 1.12x the issue rate the fixed compute roof assumed, so its fraction of that roof is inflated by the ratio; read roof_at_cell_clock_tflops
  BN=  64 BM= 256 n= 3 rep=14 r=  768 T=  3072     5.9389 ms (67 iters)
  ^ kept (LEVEL high is recorded, not excluded): LEVEL HIGH (recorded, not an exclusion): loaded clock 1665 MHz is over the 1545 MHz edge of the band around the 1470 MHz reference; the cell ran at 1.13x the issue rate the fixed compute roof assumed, so its fraction of that roof is inflated by the ratio; read roof_at_cell_clock_tflops
  BN=  64 BM= 256 n= 4 rep=14 r= 1024 T=  4096     7.7982 ms (51 iters)
  ^ kept (LEVEL high is recorded, not excluded): LEVEL HIGH (recorded, not an exclusion): loaded clock 1552 MHz is over the 1545 MHz edge of the band around the 1470 MHz reference; the cell ran at 1.06x the issue rate the fixed compute roof assumed, so its fraction of that roof is inflated by the ratio; read roof_at_cell_clock_tflops
  BN=  64 BM= 256 n= 1 rep=15 r=  256 T=  1024     2.1414 ms (182 iters)
  ^ kept (LEVEL high is recorded, not excluded): LEVEL HIGH (recorded, not an exclusion): loaded clock 1628 MHz is over the 1545 MHz edge of the band around the 1470 MHz reference; the cell ran at 1.11x the issue rate the fixed compute roof assumed, so its fraction of that roof is inflated by the ratio; read roof_at_cell_clock_tflops
  BN=  64 BM= 256 n= 2 rep=15 r=  512 T=  2048     4.0484 ms (100 iters)
  ^ kept (LEVEL high is recorded, not excluded): LEVEL HIGH (recorded, not an exclusion): loaded clock 1650 MHz is over the 1545 MHz edge of the band around the 1470 MHz reference; the cell ran at 1.12x the issue rate the fixed compute roof assumed, so its fraction of that roof is inflated by the ratio; read roof_at_cell_clock_tflops
  BN=  64 BM= 256 n= 3 rep=15 r=  768 T=  3072     5.9392 ms (67 iters)
  ^ kept (LEVEL high is recorded, not excluded): LEVEL HIGH (recorded, not an exclusion): loaded clock 1665 MHz is over the 1545 MHz edge of the band around the 1470 MHz reference; the cell ran at 1.13x the issue rate the fixed compute roof assumed, so its fraction of that roof is inflated by the ratio; read roof_at_cell_clock_tflops
  BN=  64 BM= 256 n= 4 rep=15 r= 1024 T=  4096     7.7997 ms (51 iters)
  BN=  64 BM= 256 n= 1 rep=16 r=  256 T=  1024     2.1411 ms (182 iters)
  ^ kept (LEVEL high is recorded, not excluded): LEVEL HIGH (recorded, not an exclusion): loaded clock 1635 MHz is over the 1545 MHz edge of the band around the 1470 MHz reference; the cell ran at 1.11x the issue rate the fixed compute roof assumed, so its fraction of that roof is inflated by the ratio; read roof_at_cell_clock_tflops
  BN=  64 BM= 256 n= 2 rep=16 r=  512 T=  2048     4.0444 ms (99 iters)
  ^ kept (LEVEL high is recorded, not excluded): LEVEL HIGH (recorded, not an exclusion): loaded clock 1650 MHz is over the 1545 MHz edge of the band around the 1470 MHz reference; the cell ran at 1.12x the issue rate the fixed compute roof assumed, so its fraction of that roof is inflated by the ratio; read roof_at_cell_clock_tflops
  BN=  64 BM= 256 n= 3 rep=16 r=  768 T=  3072     5.9396 ms (67 iters)
  ^ kept (LEVEL high is recorded, not excluded): LEVEL HIGH (recorded, not an exclusion): loaded clock 1665 MHz is over the 1545 MHz edge of the band around the 1470 MHz reference; the cell ran at 1.13x the issue rate the fixed compute roof assumed, so its fraction of that roof is inflated by the ratio; read roof_at_cell_clock_tflops
  BN=  64 BM= 256 n= 4 rep=16 r= 1024 T=  4096     7.8006 ms (51 iters)
  ^ kept (LEVEL high is recorded, not excluded): LEVEL HIGH (recorded, not an exclusion): loaded clock 1560 MHz is over the 1545 MHz edge of the band around the 1470 MHz reference; the cell ran at 1.06x the issue rate the fixed compute roof assumed, so its fraction of that roof is inflated by the ratio; read roof_at_cell_clock_tflops
  BN=  64 BM= 256 n= 1 rep=17 r=  256 T=  1024     2.1390 ms (180 iters)
  ^ kept (LEVEL high is recorded, not excluded): LEVEL HIGH (recorded, not an exclusion): loaded clock 1628 MHz is over the 1545 MHz edge of the band around the 1470 MHz reference; the cell ran at 1.11x the issue rate the fixed compute roof assumed, so its fraction of that roof is inflated by the ratio; read roof_at_cell_clock_tflops
  BN=  64 BM= 256 n= 2 rep=17 r=  512 T=  2048     4.0484 ms (99 iters)
  ^ kept (LEVEL high is recorded, not excluded): LEVEL HIGH (recorded, not an exclusion): loaded clock 1635 MHz is over the 1545 MHz edge of the band around the 1470 MHz reference; the cell ran at 1.11x the issue rate the fixed compute roof assumed, so its fraction of that roof is inflated by the ratio; read roof_at_cell_clock_tflops
  BN=  64 BM= 256 n= 3 rep=17 r=  768 T=  3072     5.9431 ms (66 iters)
  ^ kept (LEVEL high is recorded, not excluded): LEVEL HIGH (recorded, not an exclusion): loaded clock 1665 MHz is over the 1545 MHz edge of the band around the 1470 MHz reference; the cell ran at 1.13x the issue rate the fixed compute roof assumed, so its fraction of that roof is inflated by the ratio; read roof_at_cell_clock_tflops
  BN=  64 BM= 256 n= 4 rep=17 r= 1024 T=  4096     7.7612 ms (52 iters)
  BN=  64  [OWN] BLOCK_M=256 ladder, 4 treads, proportional to 2.9%: compute branch 1.9754 ms per tile, fixed cost 0.2644 ms
            LEVEL    365.3 TFLOP/s =  53.6% of 682.1   gate [25%, 100%]
            issue efficiency  48.1% of 758.6 TFLOP/s, the roof at this ladder's own 1635 MHz (record, never a gate input)

-- BN=128: reference ladder, BLOCK_M=256 --
  ^ DRIFT failed, dropping: under-load clock went 1665 -> 1530 MHz over 25 samples (1665, 1665, 1515, 1515, 1575, 1575, 1545, 1545, 1560, 1560, 960, 960, 1365, 1365, 1485, 1485, 1545, 1545, 1560, 1560, 1485, 1485, 1560, 1560, 1530); the trials were not at one operating point and the median is a blend
  BN= 128 BM= 256 n= 1 rep= 1 r=  256 T=  1024     1.5947 ms (248 iters)
  ^ kept (LEVEL high is recorded, not excluded): LEVEL HIGH (recorded, not an exclusion): loaded clock 1560 MHz is over the 1545 MHz edge of the band around the 1470 MHz reference; the cell ran at 1.06x the issue rate the fixed compute roof assumed, so its fraction of that roof is inflated by the ratio; read roof_at_cell_clock_tflops
  BN= 128 BM= 256 n= 2 rep= 1 r=  512 T=  2048     3.0955 ms (126 iters)
  ^ kept (LEVEL high is recorded, not excluded): LEVEL HIGH (recorded, not an exclusion): loaded clock 1560 MHz is over the 1545 MHz edge of the band around the 1470 MHz reference; the cell ran at 1.06x the issue rate the fixed compute roof assumed, so its fraction of that roof is inflated by the ratio; read roof_at_cell_clock_tflops
  BN= 128 BM= 256 n= 3 rep= 1 r=  768 T=  3072     4.5739 ms (88 iters)
  ^ kept (LEVEL high is recorded, not excluded): LEVEL HIGH (recorded, not an exclusion): loaded clock 1620 MHz is over the 1545 MHz edge of the band around the 1470 MHz reference; the cell ran at 1.10x the issue rate the fixed compute roof assumed, so its fraction of that roof is inflated by the ratio; read roof_at_cell_clock_tflops
  BN= 128 BM= 256 n= 4 rep= 1 r= 1024 T=  4096     5.9021 ms (66 iters)
  BN= 128 BM= 256 n= 1 rep= 2 r=  256 T=  1024     1.6657 ms (238 iters)
  ^ kept (LEVEL high is recorded, not excluded): LEVEL HIGH (recorded, not an exclusion): loaded clock 1560 MHz is over the 1545 MHz edge of the band around the 1470 MHz reference; the cell ran at 1.06x the issue rate the fixed compute roof assumed, so its fraction of that roof is inflated by the ratio; read roof_at_cell_clock_tflops
  BN= 128 BM= 256 n= 2 rep= 2 r=  512 T=  2048     3.0995 ms (130 iters)
  ^ kept (LEVEL high is recorded, not excluded): LEVEL HIGH (recorded, not an exclusion): loaded clock 1568 MHz is over the 1545 MHz edge of the band around the 1470 MHz reference; the cell ran at 1.07x the issue rate the fixed compute roof assumed, so its fraction of that roof is inflated by the ratio; read roof_at_cell_clock_tflops
  BN= 128 BM= 256 n= 3 rep= 2 r=  768 T=  3072     4.5305 ms (88 iters)
  ^ kept (LEVEL high is recorded, not excluded): LEVEL HIGH (recorded, not an exclusion): loaded clock 1620 MHz is over the 1545 MHz edge of the band around the 1470 MHz reference; the cell ran at 1.10x the issue rate the fixed compute roof assumed, so its fraction of that roof is inflated by the ratio; read roof_at_cell_clock_tflops
  BN= 128 BM= 256 n= 4 rep= 2 r= 1024 T=  4096     5.9081 ms (67 iters)
  BN= 128 BM= 256 n= 1 rep= 3 r=  256 T=  1024     1.6595 ms (237 iters)
  ^ kept (LEVEL high is recorded, not excluded): LEVEL HIGH (recorded, not an exclusion): loaded clock 1560 MHz is over the 1545 MHz edge of the band around the 1470 MHz reference; the cell ran at 1.06x the issue rate the fixed compute roof assumed, so its fraction of that roof is inflated by the ratio; read roof_at_cell_clock_tflops
  BN= 128 BM= 256 n= 2 rep= 3 r=  512 T=  2048     3.0982 ms (129 iters)
  ^ kept (LEVEL high is recorded, not excluded): LEVEL HIGH (recorded, not an exclusion): loaded clock 1560 MHz is over the 1545 MHz edge of the band around the 1470 MHz reference; the cell ran at 1.06x the issue rate the fixed compute roof assumed, so its fraction of that roof is inflated by the ratio; read roof_at_cell_clock_tflops
  BN= 128 BM= 256 n= 3 rep= 3 r=  768 T=  3072     4.5453 ms (86 iters)
  ^ kept (LEVEL high is recorded, not excluded): LEVEL HIGH (recorded, not an exclusion): loaded clock 1612 MHz is over the 1545 MHz edge of the band around the 1470 MHz reference; the cell ran at 1.10x the issue rate the fixed compute roof assumed, so its fraction of that roof is inflated by the ratio; read roof_at_cell_clock_tflops
  BN= 128 BM= 256 n= 4 rep= 3 r= 1024 T=  4096     5.9080 ms (68 iters)
  BN= 128 BM= 256 n= 1 rep= 4 r=  256 T=  1024     1.6540 ms (242 iters)
  BN= 128 BM= 256 n= 2 rep= 4 r=  512 T=  2048     3.1290 ms (130 iters)
  ^ kept (LEVEL high is recorded, not excluded): LEVEL HIGH (recorded, not an exclusion): loaded clock 1568 MHz is over the 1545 MHz edge of the band around the 1470 MHz reference; the cell ran at 1.07x the issue rate the fixed compute roof assumed, so its fraction of that roof is inflated by the ratio; read roof_at_cell_clock_tflops
  BN= 128 BM= 256 n= 3 rep= 4 r=  768 T=  3072     4.5652 ms (89 iters)
  ^ kept (LEVEL high is recorded, not excluded): LEVEL HIGH (recorded, not an exclusion): loaded clock 1605 MHz is over the 1545 MHz edge of the band around the 1470 MHz reference; the cell ran at 1.09x the issue rate the fixed compute roof assumed, so its fraction of that roof is inflated by the ratio; read roof_at_cell_clock_tflops
  BN= 128 BM= 256 n= 4 rep= 4 r= 1024 T=  4096     5.9636 ms (67 iters)
  BN= 128 BM= 256 n= 1 rep= 5 r=  256 T=  1024     1.6503 ms (239 iters)
  ^ LEVEL HIGH (recorded, not an exclusion): loaded clock 1560 MHz is over the 1545 MHz edge of the band around the 1470 MHz reference; the cell ran at 1.06x the issue rate the fixed compute roof assumed, so its fraction of that roof is inflated by the ratio; read roof_at_cell_clock_tflops; DRIFT failed, dropping: under-load clock went 1635 -> 1545 MHz over 24 samples (1635, 1635, 1545, 1545, 1560, 1560, 1545, 1545, 1545, 1545, 1425, 1425, 1560, 1560, 1560, 1560, 1590, 1590, 1575, 1575, 1575, 1575, 1545, 1545); the trials were not at one operating point and the median is a blend
  BN= 128 BM= 256 n= 2 rep= 5 r=  512 T=  2048     3.1047 ms (129 iters)
  ^ kept (LEVEL high is recorded, not excluded): LEVEL HIGH (recorded, not an exclusion): loaded clock 1568 MHz is over the 1545 MHz edge of the band around the 1470 MHz reference; the cell ran at 1.07x the issue rate the fixed compute roof assumed, so its fraction of that roof is inflated by the ratio; read roof_at_cell_clock_tflops
  BN= 128 BM= 256 n= 3 rep= 5 r=  768 T=  3072     4.5418 ms (87 iters)
  ^ kept (LEVEL high is recorded, not excluded): LEVEL HIGH (recorded, not an exclusion): loaded clock 1620 MHz is over the 1545 MHz edge of the band around the 1470 MHz reference; the cell ran at 1.10x the issue rate the fixed compute roof assumed, so its fraction of that roof is inflated by the ratio; read roof_at_cell_clock_tflops
  BN= 128 BM= 256 n= 4 rep= 5 r= 1024 T=  4096     5.9082 ms (67 iters)
  BN= 128 BM= 256 n= 1 rep= 6 r=  256 T=  1024     1.6635 ms (237 iters)
  ^ kept (LEVEL high is recorded, not excluded): LEVEL HIGH (recorded, not an exclusion): loaded clock 1560 MHz is over the 1545 MHz edge of the band around the 1470 MHz reference; the cell ran at 1.06x the issue rate the fixed compute roof assumed, so its fraction of that roof is inflated by the ratio; read roof_at_cell_clock_tflops
  BN= 128 BM= 256 n= 2 rep= 6 r=  512 T=  2048     3.1218 ms (129 iters)
  ^ kept (LEVEL high is recorded, not excluded): LEVEL HIGH (recorded, not an exclusion): loaded clock 1575 MHz is over the 1545 MHz edge of the band around the 1470 MHz reference; the cell ran at 1.07x the issue rate the fixed compute roof assumed, so its fraction of that roof is inflated by the ratio; read roof_at_cell_clock_tflops
  BN= 128 BM= 256 n= 3 rep= 6 r=  768 T=  3072     4.5284 ms (87 iters)
  ^ kept (LEVEL high is recorded, not excluded): LEVEL HIGH (recorded, not an exclusion): loaded clock 1605 MHz is over the 1545 MHz edge of the band around the 1470 MHz reference; the cell ran at 1.09x the issue rate the fixed compute roof assumed, so its fraction of that roof is inflated by the ratio; read roof_at_cell_clock_tflops
  BN= 128 BM= 256 n= 4 rep= 6 r= 1024 T=  4096     5.9058 ms (66 iters)
  BN= 128 BM= 256 n= 1 rep= 7 r=  256 T=  1024     1.6581 ms (238 iters)
  ^ kept (LEVEL high is recorded, not excluded): LEVEL HIGH (recorded, not an exclusion): loaded clock 1568 MHz is over the 1545 MHz edge of the band around the 1470 MHz reference; the cell ran at 1.07x the issue rate the fixed compute roof assumed, so its fraction of that roof is inflated by the ratio; read roof_at_cell_clock_tflops
  BN= 128 BM= 256 n= 2 rep= 7 r=  512 T=  2048     3.0983 ms (130 iters)
  ^ kept (LEVEL high is recorded, not excluded): LEVEL HIGH (recorded, not an exclusion): loaded clock 1560 MHz is over the 1545 MHz edge of the band around the 1470 MHz reference; the cell ran at 1.06x the issue rate the fixed compute roof assumed, so its fraction of that roof is inflated by the ratio; read roof_at_cell_clock_tflops
  BN= 128 BM= 256 n= 3 rep= 7 r=  768 T=  3072     4.5583 ms (87 iters)
  ^ kept (LEVEL high is recorded, not excluded): LEVEL HIGH (recorded, not an exclusion): loaded clock 1620 MHz is over the 1545 MHz edge of the band around the 1470 MHz reference; the cell ran at 1.10x the issue rate the fixed compute roof assumed, so its fraction of that roof is inflated by the ratio; read roof_at_cell_clock_tflops
  BN= 128 BM= 256 n= 4 rep= 7 r= 1024 T=  4096     5.9053 ms (67 iters)
  BN= 128 BM= 256 n= 1 rep= 8 r=  256 T=  1024     1.6593 ms (239 iters)
  ^ kept (LEVEL high is recorded, not excluded): LEVEL HIGH (recorded, not an exclusion): loaded clock 1560 MHz is over the 1545 MHz edge of the band around the 1470 MHz reference; the cell ran at 1.06x the issue rate the fixed compute roof assumed, so its fraction of that roof is inflated by the ratio; read roof_at_cell_clock_tflops
  BN= 128 BM= 256 n= 2 rep= 8 r=  512 T=  2048     3.0984 ms (130 iters)
  ^ kept (LEVEL high is recorded, not excluded): LEVEL HIGH (recorded, not an exclusion): loaded clock 1560 MHz is over the 1545 MHz edge of the band around the 1470 MHz reference; the cell ran at 1.06x the issue rate the fixed compute roof assumed, so its fraction of that roof is inflated by the ratio; read roof_at_cell_clock_tflops
  BN= 128 BM= 256 n= 3 rep= 8 r=  768 T=  3072     4.5573 ms (88 iters)
  ^ kept (LEVEL high is recorded, not excluded): LEVEL HIGH (recorded, not an exclusion): loaded clock 1605 MHz is over the 1545 MHz edge of the band around the 1470 MHz reference; the cell ran at 1.09x the issue rate the fixed compute roof assumed, so its fraction of that roof is inflated by the ratio; read roof_at_cell_clock_tflops
  BN= 128 BM= 256 n= 4 rep= 8 r= 1024 T=  4096     5.9646 ms (66 iters)
  ^ DRIFT failed, dropping: under-load clock went 1560 -> 1470 MHz over 24 samples (1560, 1560, 1470, 1470, 1470, 1470, 1455, 1455, 1470, 1470, 1425, 1425, 1485, 1485, 1455, 1455, 1530, 1530, 1455, 1455, 1515, 1515, 1470, 1470); the trials were not at one operating point and the median is a blend
  BN= 128 BM= 256 n= 1 rep= 9 r=  256 T=  1024     1.6570 ms (235 iters)
  ^ kept (LEVEL high is recorded, not excluded): LEVEL HIGH (recorded, not an exclusion): loaded clock 1560 MHz is over the 1545 MHz edge of the band around the 1470 MHz reference; the cell ran at 1.06x the issue rate the fixed compute roof assumed, so its fraction of that roof is inflated by the ratio; read roof_at_cell_clock_tflops
  BN= 128 BM= 256 n= 2 rep= 9 r=  512 T=  2048     3.1079 ms (128 iters)
  ^ kept (LEVEL high is recorded, not excluded): LEVEL HIGH (recorded, not an exclusion): loaded clock 1568 MHz is over the 1545 MHz edge of the band around the 1470 MHz reference; the cell ran at 1.07x the issue rate the fixed compute roof assumed, so its fraction of that roof is inflated by the ratio; read roof_at_cell_clock_tflops
  BN= 128 BM= 256 n= 3 rep= 9 r=  768 T=  3072     4.5586 ms (88 iters)
  ^ kept (LEVEL high is recorded, not excluded): LEVEL HIGH (recorded, not an exclusion): loaded clock 1590 MHz is over the 1545 MHz edge of the band around the 1470 MHz reference; the cell ran at 1.08x the issue rate the fixed compute roof assumed, so its fraction of that roof is inflated by the ratio; read roof_at_cell_clock_tflops
  BN= 128 BM= 256 n= 4 rep= 9 r= 1024 T=  4096     5.9681 ms (66 iters)
  BN= 128 BM= 256 n= 1 rep=10 r=  256 T=  1024     1.6571 ms (237 iters)
  BN= 128 BM= 256 n= 2 rep=10 r=  512 T=  2048     3.1242 ms (127 iters)
  ^ kept (LEVEL high is recorded, not excluded): LEVEL HIGH (recorded, not an exclusion): loaded clock 1560 MHz is over the 1545 MHz edge of the band around the 1470 MHz reference; the cell ran at 1.06x the issue rate the fixed compute roof assumed, so its fraction of that roof is inflated by the ratio; read roof_at_cell_clock_tflops
  BN= 128 BM= 256 n= 3 rep=10 r=  768 T=  3072     4.5602 ms (88 iters)
  ^ kept (LEVEL high is recorded, not excluded): LEVEL HIGH (recorded, not an exclusion): loaded clock 1620 MHz is over the 1545 MHz edge of the band around the 1470 MHz reference; the cell ran at 1.10x the issue rate the fixed compute roof assumed, so its fraction of that roof is inflated by the ratio; read roof_at_cell_clock_tflops
  BN= 128 BM= 256 n= 4 rep=10 r= 1024 T=  4096     5.9075 ms (67 iters)
  BN= 128 BM= 256 n= 1 rep=11 r=  256 T=  1024     1.6564 ms (239 iters)
  ^ kept (LEVEL high is recorded, not excluded): LEVEL HIGH (recorded, not an exclusion): loaded clock 1560 MHz is over the 1545 MHz edge of the band around the 1470 MHz reference; the cell ran at 1.06x the issue rate the fixed compute roof assumed, so its fraction of that roof is inflated by the ratio; read roof_at_cell_clock_tflops
  BN= 128 BM= 256 n= 2 rep=11 r=  512 T=  2048     3.0996 ms (128 iters)
  ^ kept (LEVEL high is recorded, not excluded): LEVEL HIGH (recorded, not an exclusion): loaded clock 1560 MHz is over the 1545 MHz edge of the band around the 1470 MHz reference; the cell ran at 1.06x the issue rate the fixed compute roof assumed, so its fraction of that roof is inflated by the ratio; read roof_at_cell_clock_tflops
  BN= 128 BM= 256 n= 3 rep=11 r=  768 T=  3072     4.5600 ms (87 iters)
  ^ kept (LEVEL high is recorded, not excluded): LEVEL HIGH (recorded, not an exclusion): loaded clock 1605 MHz is over the 1545 MHz edge of the band around the 1470 MHz reference; the cell ran at 1.09x the issue rate the fixed compute roof assumed, so its fraction of that roof is inflated by the ratio; read roof_at_cell_clock_tflops
  BN= 128 BM= 256 n= 4 rep=11 r= 1024 T=  4096     5.9659 ms (66 iters)
  BN= 128 BM= 256 n= 1 rep=12 r=  256 T=  1024     1.6537 ms (239 iters)
  ^ kept (LEVEL high is recorded, not excluded): LEVEL HIGH (recorded, not an exclusion): loaded clock 1560 MHz is over the 1545 MHz edge of the band around the 1470 MHz reference; the cell ran at 1.06x the issue rate the fixed compute roof assumed, so its fraction of that roof is inflated by the ratio; read roof_at_cell_clock_tflops
  BN= 128 BM= 256 n= 2 rep=12 r=  512 T=  2048     3.1008 ms (127 iters)
  ^ kept (LEVEL high is recorded, not excluded): LEVEL HIGH (recorded, not an exclusion): loaded clock 1560 MHz is over the 1545 MHz edge of the band around the 1470 MHz reference; the cell ran at 1.06x the issue rate the fixed compute roof assumed, so its fraction of that roof is inflated by the ratio; read roof_at_cell_clock_tflops
  BN= 128 BM= 256 n= 3 rep=12 r=  768 T=  3072     4.5699 ms (87 iters)
  ^ kept (LEVEL high is recorded, not excluded): LEVEL HIGH (recorded, not an exclusion): loaded clock 1620 MHz is over the 1545 MHz edge of the band around the 1470 MHz reference; the cell ran at 1.10x the issue rate the fixed compute roof assumed, so its fraction of that roof is inflated by the ratio; read roof_at_cell_clock_tflops
  BN= 128 BM= 256 n= 4 rep=12 r= 1024 T=  4096     5.9642 ms (66 iters)
  BN= 128 BM= 256 n= 1 rep=13 r=  256 T=  1024     1.6535 ms (243 iters)
  ^ kept (LEVEL high is recorded, not excluded): LEVEL HIGH (recorded, not an exclusion): loaded clock 1552 MHz is over the 1545 MHz edge of the band around the 1470 MHz reference; the cell ran at 1.06x the issue rate the fixed compute roof assumed, so its fraction of that roof is inflated by the ratio; read roof_at_cell_clock_tflops
  BN= 128 BM= 256 n= 2 rep=13 r=  512 T=  2048     3.1110 ms (128 iters)
  ^ kept (LEVEL high is recorded, not excluded): LEVEL HIGH (recorded, not an exclusion): loaded clock 1560 MHz is over the 1545 MHz edge of the band around the 1470 MHz reference; the cell ran at 1.06x the issue rate the fixed compute roof assumed, so its fraction of that roof is inflated by the ratio; read roof_at_cell_clock_tflops
  BN= 128 BM= 256 n= 3 rep=13 r=  768 T=  3072     4.5601 ms (86 iters)
  ^ kept (LEVEL high is recorded, not excluded): LEVEL HIGH (recorded, not an exclusion): loaded clock 1620 MHz is over the 1545 MHz edge of the band around the 1470 MHz reference; the cell ran at 1.10x the issue rate the fixed compute roof assumed, so its fraction of that roof is inflated by the ratio; read roof_at_cell_clock_tflops
  BN= 128 BM= 256 n= 4 rep=13 r= 1024 T=  4096     5.9631 ms (68 iters)
  ^ DRIFT failed, settling upward: under-load clock went 1455 -> 1560 MHz over 24 samples (1455, 1470, 1470, 1455, 1455, 1485, 1485, 1470, 1470, 1470, 1470, 1455, 1455, 1455, 1455, 1455, 1455, 1470, 1470, 1455, 1455, 1500, 1500, 1560); the trials were not at one operating point and the median is a blend
  BN= 128 BM= 256 n= 1 rep=14 r=  256 T=  1024     1.6575 ms (238 iters)
  ^ kept (LEVEL high is recorded, not excluded): LEVEL HIGH (recorded, not an exclusion): loaded clock 1552 MHz is over the 1545 MHz edge of the band around the 1470 MHz reference; the cell ran at 1.06x the issue rate the fixed compute roof assumed, so its fraction of that roof is inflated by the ratio; read roof_at_cell_clock_tflops
  BN= 128 BM= 256 n= 2 rep=14 r=  512 T=  2048     3.1214 ms (131 iters)
  ^ kept (LEVEL high is recorded, not excluded): LEVEL HIGH (recorded, not an exclusion): loaded clock 1560 MHz is over the 1545 MHz edge of the band around the 1470 MHz reference; the cell ran at 1.06x the issue rate the fixed compute roof assumed, so its fraction of that roof is inflated by the ratio; read roof_at_cell_clock_tflops
  BN= 128 BM= 256 n= 3 rep=14 r=  768 T=  3072     4.5596 ms (86 iters)
  ^ kept (LEVEL high is recorded, not excluded): LEVEL HIGH (recorded, not an exclusion): loaded clock 1612 MHz is over the 1545 MHz edge of the band around the 1470 MHz reference; the cell ran at 1.10x the issue rate the fixed compute roof assumed, so its fraction of that roof is inflated by the ratio; read roof_at_cell_clock_tflops
  BN= 128 BM= 256 n= 4 rep=14 r= 1024 T=  4096     5.9022 ms (68 iters)
  BN= 128 BM= 256 n= 1 rep=15 r=  256 T=  1024     1.6526 ms (238 iters)
  BN= 128 BM= 256 n= 2 rep=15 r=  512 T=  2048     3.1223 ms (131 iters)
  ^ kept (LEVEL high is recorded, not excluded): LEVEL HIGH (recorded, not an exclusion): loaded clock 1568 MHz is over the 1545 MHz edge of the band around the 1470 MHz reference; the cell ran at 1.07x the issue rate the fixed compute roof assumed, so its fraction of that roof is inflated by the ratio; read roof_at_cell_clock_tflops
  BN= 128 BM= 256 n= 3 rep=15 r=  768 T=  3072     4.5525 ms (88 iters)
  ^ kept (LEVEL high is recorded, not excluded): LEVEL HIGH (recorded, not an exclusion): loaded clock 1620 MHz is over the 1545 MHz edge of the band around the 1470 MHz reference; the cell ran at 1.10x the issue rate the fixed compute roof assumed, so its fraction of that roof is inflated by the ratio; read roof_at_cell_clock_tflops
  BN= 128 BM= 256 n= 4 rep=15 r= 1024 T=  4096     5.9644 ms (66 iters)
  BN= 128 BM= 256 n= 1 rep=16 r=  256 T=  1024     1.6541 ms (240 iters)
  ^ kept (LEVEL high is recorded, not excluded): LEVEL HIGH (recorded, not an exclusion): loaded clock 1552 MHz is over the 1545 MHz edge of the band around the 1470 MHz reference; the cell ran at 1.06x the issue rate the fixed compute roof assumed, so its fraction of that roof is inflated by the ratio; read roof_at_cell_clock_tflops
  BN= 128 BM= 256 n= 2 rep=16 r=  512 T=  2048     3.1198 ms (127 iters)
  ^ kept (LEVEL high is recorded, not excluded): LEVEL HIGH (recorded, not an exclusion): loaded clock 1560 MHz is over the 1545 MHz edge of the band around the 1470 MHz reference; the cell ran at 1.06x the issue rate the fixed compute roof assumed, so its fraction of that roof is inflated by the ratio; read roof_at_cell_clock_tflops
  BN= 128 BM= 256 n= 3 rep=16 r=  768 T=  3072     4.5596 ms (87 iters)
  ^ kept (LEVEL high is recorded, not excluded): LEVEL HIGH (recorded, not an exclusion): loaded clock 1605 MHz is over the 1545 MHz edge of the band around the 1470 MHz reference; the cell ran at 1.09x the issue rate the fixed compute roof assumed, so its fraction of that roof is inflated by the ratio; read roof_at_cell_clock_tflops
  BN= 128 BM= 256 n= 4 rep=16 r= 1024 T=  4096     5.9665 ms (67 iters)
  BN= 128 BM= 256 n= 1 rep=17 r=  256 T=  1024     1.6392 ms (242 iters)
  BN= 128 BM= 256 n= 2 rep=17 r=  512 T=  2048     3.1221 ms (129 iters)
  ^ kept (LEVEL high is recorded, not excluded): LEVEL HIGH (recorded, not an exclusion): loaded clock 1575 MHz is over the 1545 MHz edge of the band around the 1470 MHz reference; the cell ran at 1.07x the issue rate the fixed compute roof assumed, so its fraction of that roof is inflated by the ratio; read roof_at_cell_clock_tflops
  BN= 128 BM= 256 n= 3 rep=17 r=  768 T=  3072     4.5706 ms (88 iters)
  ^ kept (LEVEL high is recorded, not excluded): LEVEL HIGH (recorded, not an exclusion): loaded clock 1605 MHz is over the 1545 MHz edge of the band around the 1470 MHz reference; the cell ran at 1.09x the issue rate the fixed compute roof assumed, so its fraction of that roof is inflated by the ratio; read roof_at_cell_clock_tflops
  BN= 128 BM= 256 n= 4 rep=17 r= 1024 T=  4096     5.9664 ms (66 iters)
  BN= 128  [OWN] BLOCK_M=256 ladder, 4 treads, proportional to 3.3%: compute branch 1.5134 ms per tile, fixed cost 0.2289 ms
            LEVEL    476.8 TFLOP/s =  69.9% of 682.1   gate [25%, 100%]
            issue efficiency  65.9% of 723.8 TFLOP/s, the roof at this ladder's own 1560 MHz (record, never a gate input)

-- BN=32: subject ladder, BLOCK_M=32 --
  ^ kept (LEVEL high is recorded, not excluded): LEVEL HIGH (recorded, not an exclusion): loaded clock 1770 MHz is over the 1545 MHz edge of the band around the 1470 MHz reference; the cell ran at 1.20x the issue rate the fixed compute roof assumed, so its fraction of that roof is inflated by the ratio; read roof_at_cell_clock_tflops
  BN=  32 BM=  32 n= 1 rep= 1 r=   32 T=   128     0.9611 ms (419 iters)
  ^ kept (LEVEL high is recorded, not excluded): LEVEL HIGH (recorded, not an exclusion): loaded clock 1838 MHz is over the 1545 MHz edge of the band around the 1470 MHz reference; the cell ran at 1.25x the issue rate the fixed compute roof assumed, so its fraction of that roof is inflated by the ratio; read roof_at_cell_clock_tflops
  BN=  32 BM=  32 n= 2 rep= 1 r=   64 T=   256     1.7720 ms (221 iters)
  ^ kept (LEVEL high is recorded, not excluded): LEVEL HIGH (recorded, not an exclusion): loaded clock 1838 MHz is over the 1545 MHz edge of the band around the 1470 MHz reference; the cell ran at 1.25x the issue rate the fixed compute roof assumed, so its fraction of that roof is inflated by the ratio; read roof_at_cell_clock_tflops
  BN=  32 BM=  32 n= 3 rep= 1 r=   96 T=   384     2.6369 ms (149 iters)
  ^ kept (LEVEL high is recorded, not excluded): LEVEL HIGH (recorded, not an exclusion): loaded clock 1890 MHz is over the 1545 MHz edge of the band around the 1470 MHz reference; the cell ran at 1.29x the issue rate the fixed compute roof assumed, so its fraction of that roof is inflated by the ratio; read roof_at_cell_clock_tflops
  BN=  32 BM=  32 n= 4 rep= 1 r=  128 T=   512     3.3999 ms (117 iters)
  ^ kept (LEVEL high is recorded, not excluded): LEVEL HIGH (recorded, not an exclusion): loaded clock 1875 MHz is over the 1545 MHz edge of the band around the 1470 MHz reference; the cell ran at 1.28x the issue rate the fixed compute roof assumed, so its fraction of that roof is inflated by the ratio; read roof_at_cell_clock_tflops
  BN=  32 BM=  32 n= 5 rep= 1 r=  160 T=   640     4.2445 ms (94 iters)
  ^ kept (LEVEL high is recorded, not excluded): LEVEL HIGH (recorded, not an exclusion): loaded clock 1890 MHz is over the 1545 MHz edge of the band around the 1470 MHz reference; the cell ran at 1.29x the issue rate the fixed compute roof assumed, so its fraction of that roof is inflated by the ratio; read roof_at_cell_clock_tflops
  BN=  32 BM=  32 n= 6 rep= 1 r=  192 T=   768     5.0865 ms (78 iters)
  ^ kept (LEVEL high is recorded, not excluded): LEVEL HIGH (recorded, not an exclusion): loaded clock 1890 MHz is over the 1545 MHz edge of the band around the 1470 MHz reference; the cell ran at 1.29x the issue rate the fixed compute roof assumed, so its fraction of that roof is inflated by the ratio; read roof_at_cell_clock_tflops
  BN=  32 BM=  32 n= 7 rep= 1 r=  224 T=   896     5.9392 ms (67 iters)
  ^ kept (LEVEL high is recorded, not excluded): LEVEL HIGH (recorded, not an exclusion): loaded clock 1928 MHz is over the 1545 MHz edge of the band around the 1470 MHz reference; the cell ran at 1.31x the issue rate the fixed compute roof assumed, so its fraction of that roof is inflated by the ratio; read roof_at_cell_clock_tflops
  BN=  32 BM=  32 n= 8 rep= 1 r=  256 T=  1024     6.5983 ms (60 iters)
  ^ LEVEL HIGH (recorded, not an exclusion): loaded clock 1665 MHz is over the 1545 MHz edge of the band around the 1470 MHz reference; the cell ran at 1.13x the issue rate the fixed compute roof assumed, so its fraction of that roof is inflated by the ratio; read roof_at_cell_clock_tflops; DRIFT failed, dropping: under-load clock went 1785 -> 1665 MHz over 25 samples (1785, 1785, 1665, 1665, 1665, 1665, 1680, 1680, 1665, 1665, 1605, 1605, 1695, 1695, 1680, 1680, 1635, 1635, 1635, 1635, 1665, 1665, 1665, 1665, 1665); the trials were not at one operating point and the median is a blend
  BN=  32 BM=  32 n= 1 rep= 2 r=   32 T=   128     1.0138 ms (393 iters)
  ^ kept (LEVEL high is recorded, not excluded): LEVEL HIGH (recorded, not an exclusion): loaded clock 1815 MHz is over the 1545 MHz edge of the band around the 1470 MHz reference; the cell ran at 1.23x the issue rate the fixed compute roof assumed, so its fraction of that roof is inflated by the ratio; read roof_at_cell_clock_tflops
  BN=  32 BM=  32 n= 2 rep= 2 r=   64 T=   256     1.8204 ms (225 iters)
  ^ kept (LEVEL high is recorded, not excluded): LEVEL HIGH (recorded, not an exclusion): loaded clock 1852 MHz is over the 1545 MHz edge of the band around the 1470 MHz reference; the cell ran at 1.26x the issue rate the fixed compute roof assumed, so its fraction of that roof is inflated by the ratio; read roof_at_cell_clock_tflops
  BN=  32 BM=  32 n= 3 rep= 2 r=   96 T=   384     2.6281 ms (151 iters)
  ^ kept (LEVEL high is recorded, not excluded): LEVEL HIGH (recorded, not an exclusion): loaded clock 1882 MHz is over the 1545 MHz edge of the band around the 1470 MHz reference; the cell ran at 1.28x the issue rate the fixed compute roof assumed, so its fraction of that roof is inflated by the ratio; read roof_at_cell_clock_tflops
  BN=  32 BM=  32 n= 4 rep= 2 r=  128 T=   512     3.4289 ms (116 iters)
  ^ kept (LEVEL high is recorded, not excluded): LEVEL HIGH (recorded, not an exclusion): loaded clock 1875 MHz is over the 1545 MHz edge of the band around the 1470 MHz reference; the cell ran at 1.28x the issue rate the fixed compute roof assumed, so its fraction of that roof is inflated by the ratio; read roof_at_cell_clock_tflops
  BN=  32 BM=  32 n= 5 rep= 2 r=  160 T=   640     4.2439 ms (93 iters)
  ^ kept (LEVEL high is recorded, not excluded): LEVEL HIGH (recorded, not an exclusion): loaded clock 1890 MHz is over the 1545 MHz edge of the band around the 1470 MHz reference; the cell ran at 1.29x the issue rate the fixed compute roof assumed, so its fraction of that roof is inflated by the ratio; read roof_at_cell_clock_tflops
  BN=  32 BM=  32 n= 6 rep= 2 r=  192 T=   768     5.0875 ms (78 iters)
  ^ kept (LEVEL high is recorded, not excluded): LEVEL HIGH (recorded, not an exclusion): loaded clock 1890 MHz is over the 1545 MHz edge of the band around the 1470 MHz reference; the cell ran at 1.29x the issue rate the fixed compute roof assumed, so its fraction of that roof is inflated by the ratio; read roof_at_cell_clock_tflops
  BN=  32 BM=  32 n= 7 rep= 2 r=  224 T=   896     5.9402 ms (67 iters)
  ^ kept (LEVEL high is recorded, not excluded): LEVEL HIGH (recorded, not an exclusion): loaded clock 1920 MHz is over the 1545 MHz edge of the band around the 1470 MHz reference; the cell ran at 1.31x the issue rate the fixed compute roof assumed, so its fraction of that roof is inflated by the ratio; read roof_at_cell_clock_tflops
  BN=  32 BM=  32 n= 8 rep= 2 r=  256 T=  1024     6.6076 ms (60 iters)
  ^ LEVEL HIGH (recorded, not an exclusion): loaded clock 1665 MHz is over the 1545 MHz edge of the band around the 1470 MHz reference; the cell ran at 1.13x the issue rate the fixed compute roof assumed, so its fraction of that roof is inflated by the ratio; read roof_at_cell_clock_tflops; DRIFT failed, dropping: under-load clock went 1755 -> 1665 MHz over 25 samples (1755, 1755, 1680, 1680, 1665, 1665, 1665, 1665, 1680, 1680, 1635, 1635, 1710, 1710, 1680, 1680, 1665, 1665, 1635, 1635, 1665, 1665, 1665, 1665, 1665); the trials were not at one operating point and the median is a blend
  BN=  32 BM=  32 n= 1 rep= 3 r=   32 T=   128     1.0152 ms (386 iters)
  ^ kept (LEVEL high is recorded, not excluded): LEVEL HIGH (recorded, not an exclusion): loaded clock 1800 MHz is over the 1545 MHz edge of the band around the 1470 MHz reference; the cell ran at 1.22x the issue rate the fixed compute roof assumed, so its fraction of that roof is inflated by the ratio; read roof_at_cell_clock_tflops
  BN=  32 BM=  32 n= 2 rep= 3 r=   64 T=   256     1.8205 ms (221 iters)
  ^ kept (LEVEL high is recorded, not excluded): LEVEL HIGH (recorded, not an exclusion): loaded clock 1845 MHz is over the 1545 MHz edge of the band around the 1470 MHz reference; the cell ran at 1.26x the issue rate the fixed compute roof assumed, so its fraction of that roof is inflated by the ratio; read roof_at_cell_clock_tflops
  BN=  32 BM=  32 n= 3 rep= 3 r=   96 T=   384     2.6368 ms (151 iters)
  ^ kept (LEVEL high is recorded, not excluded): LEVEL HIGH (recorded, not an exclusion): loaded clock 1875 MHz is over the 1545 MHz edge of the band around the 1470 MHz reference; the cell ran at 1.28x the issue rate the fixed compute roof assumed, so its fraction of that roof is inflated by the ratio; read roof_at_cell_clock_tflops
  BN=  32 BM=  32 n= 4 rep= 3 r=  128 T=   512     3.4292 ms (116 iters)
  ^ kept (LEVEL high is recorded, not excluded): LEVEL HIGH (recorded, not an exclusion): loaded clock 1875 MHz is over the 1545 MHz edge of the band around the 1470 MHz reference; the cell ran at 1.28x the issue rate the fixed compute roof assumed, so its fraction of that roof is inflated by the ratio; read roof_at_cell_clock_tflops
  BN=  32 BM=  32 n= 5 rep= 3 r=  160 T=   640     4.2437 ms (93 iters)
  ^ kept (LEVEL high is recorded, not excluded): LEVEL HIGH (recorded, not an exclusion): loaded clock 1890 MHz is over the 1545 MHz edge of the band around the 1470 MHz reference; the cell ran at 1.29x the issue rate the fixed compute roof assumed, so its fraction of that roof is inflated by the ratio; read roof_at_cell_clock_tflops
  BN=  32 BM=  32 n= 6 rep= 3 r=  192 T=   768     5.0867 ms (78 iters)
  ^ kept (LEVEL high is recorded, not excluded): LEVEL HIGH (recorded, not an exclusion): loaded clock 1890 MHz is over the 1545 MHz edge of the band around the 1470 MHz reference; the cell ran at 1.29x the issue rate the fixed compute roof assumed, so its fraction of that roof is inflated by the ratio; read roof_at_cell_clock_tflops
  BN=  32 BM=  32 n= 7 rep= 3 r=  224 T=   896     5.9412 ms (67 iters)
  ^ kept (LEVEL high is recorded, not excluded): LEVEL HIGH (recorded, not an exclusion): loaded clock 1935 MHz is over the 1545 MHz edge of the band around the 1470 MHz reference; the cell ran at 1.32x the issue rate the fixed compute roof assumed, so its fraction of that roof is inflated by the ratio; read roof_at_cell_clock_tflops
  BN=  32 BM=  32 n= 8 rep= 3 r=  256 T=  1024     6.5836 ms (60 iters)
  ^ LEVEL HIGH (recorded, not an exclusion): loaded clock 1680 MHz is over the 1545 MHz edge of the band around the 1470 MHz reference; the cell ran at 1.14x the issue rate the fixed compute roof assumed, so its fraction of that roof is inflated by the ratio; read roof_at_cell_clock_tflops; DRIFT failed, dropping: under-load clock went 1785 -> 1680 MHz over 25 samples (1785, 1785, 1665, 1665, 1710, 1710, 1695, 1695, 1680, 1680, 1605, 1605, 1695, 1695, 1680, 1680, 1635, 1635, 1650, 1650, 1650, 1650, 1665, 1665, 1680); the trials were not at one operating point and the median is a blend
  BN=  32 BM=  32 n= 1 rep= 4 r=   32 T=   128     1.0126 ms (389 iters)
  ^ kept (LEVEL high is recorded, not excluded): LEVEL HIGH (recorded, not an exclusion): loaded clock 1800 MHz is over the 1545 MHz edge of the band around the 1470 MHz reference; the cell ran at 1.22x the issue rate the fixed compute roof assumed, so its fraction of that roof is inflated by the ratio; read roof_at_cell_clock_tflops
  BN=  32 BM=  32 n= 2 rep= 4 r=   64 T=   256     1.8188 ms (221 iters)
  ^ kept (LEVEL high is recorded, not excluded): LEVEL HIGH (recorded, not an exclusion): loaded clock 1845 MHz is over the 1545 MHz edge of the band around the 1470 MHz reference; the cell ran at 1.26x the issue rate the fixed compute roof assumed, so its fraction of that roof is inflated by the ratio; read roof_at_cell_clock_tflops
  BN=  32 BM=  32 n= 3 rep= 4 r=   96 T=   384     2.6358 ms (151 iters)
  ^ kept (LEVEL high is recorded, not excluded): LEVEL HIGH (recorded, not an exclusion): loaded clock 1875 MHz is over the 1545 MHz edge of the band around the 1470 MHz reference; the cell ran at 1.28x the issue rate the fixed compute roof assumed, so its fraction of that roof is inflated by the ratio; read roof_at_cell_clock_tflops
  BN=  32 BM=  32 n= 4 rep= 4 r=  128 T=   512     3.4285 ms (117 iters)
  ^ kept (LEVEL high is recorded, not excluded): LEVEL HIGH (recorded, not an exclusion): loaded clock 1860 MHz is over the 1545 MHz edge of the band around the 1470 MHz reference; the cell ran at 1.27x the issue rate the fixed compute roof assumed, so its fraction of that roof is inflated by the ratio; read roof_at_cell_clock_tflops
  BN=  32 BM=  32 n= 5 rep= 4 r=  160 T=   640     4.2469 ms (93 iters)
  ^ kept (LEVEL high is recorded, not excluded): LEVEL HIGH (recorded, not an exclusion): loaded clock 1890 MHz is over the 1545 MHz edge of the band around the 1470 MHz reference; the cell ran at 1.29x the issue rate the fixed compute roof assumed, so its fraction of that roof is inflated by the ratio; read roof_at_cell_clock_tflops
  BN=  32 BM=  32 n= 6 rep= 4 r=  192 T=   768     5.0877 ms (78 iters)
  ^ kept (LEVEL high is recorded, not excluded): LEVEL HIGH (recorded, not an exclusion): loaded clock 1905 MHz is over the 1545 MHz edge of the band around the 1470 MHz reference; the cell ran at 1.30x the issue rate the fixed compute roof assumed, so its fraction of that roof is inflated by the ratio; read roof_at_cell_clock_tflops
  BN=  32 BM=  32 n= 7 rep= 4 r=  224 T=   896     5.8967 ms (67 iters)
  ^ kept (LEVEL high is recorded, not excluded): LEVEL HIGH (recorded, not an exclusion): loaded clock 1935 MHz is over the 1545 MHz edge of the band around the 1470 MHz reference; the cell ran at 1.32x the issue rate the fixed compute roof assumed, so its fraction of that roof is inflated by the ratio; read roof_at_cell_clock_tflops
  BN=  32 BM=  32 n= 8 rep= 4 r=  256 T=  1024     6.5626 ms (61 iters)
  ^ kept (LEVEL high is recorded, not excluded): LEVEL HIGH (recorded, not an exclusion): loaded clock 1665 MHz is over the 1545 MHz edge of the band around the 1470 MHz reference; the cell ran at 1.13x the issue rate the fixed compute roof assumed, so its fraction of that roof is inflated by the ratio; read roof_at_cell_clock_tflops
  BN=  32 BM=  32 n= 1 rep= 5 r=   32 T=   128     1.0152 ms (384 iters)
  ^ kept (LEVEL high is recorded, not excluded): LEVEL HIGH (recorded, not an exclusion): loaded clock 1800 MHz is over the 1545 MHz edge of the band around the 1470 MHz reference; the cell ran at 1.22x the issue rate the fixed compute roof assumed, so its fraction of that roof is inflated by the ratio; read roof_at_cell_clock_tflops
  BN=  32 BM=  32 n= 2 rep= 5 r=   64 T=   256     1.8185 ms (221 iters)
  ^ kept (LEVEL high is recorded, not excluded): LEVEL HIGH (recorded, not an exclusion): loaded clock 1845 MHz is over the 1545 MHz edge of the band around the 1470 MHz reference; the cell ran at 1.26x the issue rate the fixed compute roof assumed, so its fraction of that roof is inflated by the ratio; read roof_at_cell_clock_tflops
  BN=  32 BM=  32 n= 3 rep= 5 r=   96 T=   384     2.6370 ms (151 iters)
  ^ kept (LEVEL high is recorded, not excluded): LEVEL HIGH (recorded, not an exclusion): loaded clock 1882 MHz is over the 1545 MHz edge of the band around the 1470 MHz reference; the cell ran at 1.28x the issue rate the fixed compute roof assumed, so its fraction of that roof is inflated by the ratio; read roof_at_cell_clock_tflops
  BN=  32 BM=  32 n= 4 rep= 5 r=  128 T=   512     3.4285 ms (116 iters)
  ^ kept (LEVEL high is recorded, not excluded): LEVEL HIGH (recorded, not an exclusion): loaded clock 1860 MHz is over the 1545 MHz edge of the band around the 1470 MHz reference; the cell ran at 1.27x the issue rate the fixed compute roof assumed, so its fraction of that roof is inflated by the ratio; read roof_at_cell_clock_tflops
  BN=  32 BM=  32 n= 5 rep= 5 r=  160 T=   640     4.2484 ms (92 iters)
  ^ kept (LEVEL high is recorded, not excluded): LEVEL HIGH (recorded, not an exclusion): loaded clock 1890 MHz is over the 1545 MHz edge of the band around the 1470 MHz reference; the cell ran at 1.29x the issue rate the fixed compute roof assumed, so its fraction of that roof is inflated by the ratio; read roof_at_cell_clock_tflops
  BN=  32 BM=  32 n= 6 rep= 5 r=  192 T=   768     5.0872 ms (78 iters)
  ^ kept (LEVEL high is recorded, not excluded): LEVEL HIGH (recorded, not an exclusion): loaded clock 1905 MHz is over the 1545 MHz edge of the band around the 1470 MHz reference; the cell ran at 1.30x the issue rate the fixed compute roof assumed, so its fraction of that roof is inflated by the ratio; read roof_at_cell_clock_tflops
  BN=  32 BM=  32 n= 7 rep= 5 r=  224 T=   896     5.8927 ms (67 iters)
  ^ kept (LEVEL high is recorded, not excluded): LEVEL HIGH (recorded, not an exclusion): loaded clock 1920 MHz is over the 1545 MHz edge of the band around the 1470 MHz reference; the cell ran at 1.31x the issue rate the fixed compute roof assumed, so its fraction of that roof is inflated by the ratio; read roof_at_cell_clock_tflops
  BN=  32 BM=  32 n= 8 rep= 5 r=  256 T=  1024     6.5975 ms (61 iters)
  ^ kept (LEVEL high is recorded, not excluded): LEVEL HIGH (recorded, not an exclusion): loaded clock 1665 MHz is over the 1545 MHz edge of the band around the 1470 MHz reference; the cell ran at 1.13x the issue rate the fixed compute roof assumed, so its fraction of that roof is inflated by the ratio; read roof_at_cell_clock_tflops
  BN=  32 BM=  32 n= 1 rep= 6 r=   32 T=   128     1.0143 ms (388 iters)
  ^ LEVEL HIGH (recorded, not an exclusion): loaded clock 1800 MHz is over the 1545 MHz edge of the band around the 1470 MHz reference; the cell ran at 1.22x the issue rate the fixed compute roof assumed, so its fraction of that roof is inflated by the ratio; read roof_at_cell_clock_tflops; DRIFT failed, dropping: under-load clock went 1905 -> 1800 MHz over 24 samples (1905, 1905, 1800, 1800, 1815, 1815, 1785, 1785, 1785, 1785, 1680, 1680, 1800, 1800, 1815, 1815, 1815, 1815, 1785, 1785, 1830, 1830, 1800, 1800); the trials were not at one operating point and the median is a blend
  BN=  32 BM=  32 n= 2 rep= 6 r=   64 T=   256     1.8177 ms (221 iters)
  ^ kept (LEVEL high is recorded, not excluded): LEVEL HIGH (recorded, not an exclusion): loaded clock 1845 MHz is over the 1545 MHz edge of the band around the 1470 MHz reference; the cell ran at 1.26x the issue rate the fixed compute roof assumed, so its fraction of that roof is inflated by the ratio; read roof_at_cell_clock_tflops
  BN=  32 BM=  32 n= 3 rep= 6 r=   96 T=   384     2.6372 ms (151 iters)
  ^ kept (LEVEL high is recorded, not excluded): LEVEL HIGH (recorded, not an exclusion): loaded clock 1882 MHz is over the 1545 MHz edge of the band around the 1470 MHz reference; the cell ran at 1.28x the issue rate the fixed compute roof assumed, so its fraction of that roof is inflated by the ratio; read roof_at_cell_clock_tflops
  BN=  32 BM=  32 n= 4 rep= 6 r=  128 T=   512     3.4289 ms (116 iters)
  ^ kept (LEVEL high is recorded, not excluded): LEVEL HIGH (recorded, not an exclusion): loaded clock 1875 MHz is over the 1545 MHz edge of the band around the 1470 MHz reference; the cell ran at 1.28x the issue rate the fixed compute roof assumed, so its fraction of that roof is inflated by the ratio; read roof_at_cell_clock_tflops
  BN=  32 BM=  32 n= 5 rep= 6 r=  160 T=   640     4.2465 ms (93 iters)
  ^ kept (LEVEL high is recorded, not excluded): LEVEL HIGH (recorded, not an exclusion): loaded clock 1890 MHz is over the 1545 MHz edge of the band around the 1470 MHz reference; the cell ran at 1.29x the issue rate the fixed compute roof assumed, so its fraction of that roof is inflated by the ratio; read roof_at_cell_clock_tflops
  BN=  32 BM=  32 n= 6 rep= 6 r=  192 T=   768     5.0875 ms (78 iters)
  ^ kept (LEVEL high is recorded, not excluded): LEVEL HIGH (recorded, not an exclusion): loaded clock 1905 MHz is over the 1545 MHz edge of the band around the 1470 MHz reference; the cell ran at 1.30x the issue rate the fixed compute roof assumed, so its fraction of that roof is inflated by the ratio; read roof_at_cell_clock_tflops
  BN=  32 BM=  32 n= 7 rep= 6 r=  224 T=   896     5.8972 ms (67 iters)
  ^ kept (LEVEL high is recorded, not excluded): LEVEL HIGH (recorded, not an exclusion): loaded clock 1935 MHz is over the 1545 MHz edge of the band around the 1470 MHz reference; the cell ran at 1.32x the issue rate the fixed compute roof assumed, so its fraction of that roof is inflated by the ratio; read roof_at_cell_clock_tflops
  BN=  32 BM=  32 n= 8 rep= 6 r=  256 T=  1024     6.5636 ms (61 iters)
  ^ kept (LEVEL high is recorded, not excluded): LEVEL HIGH (recorded, not an exclusion): loaded clock 1665 MHz is over the 1545 MHz edge of the band around the 1470 MHz reference; the cell ran at 1.13x the issue rate the fixed compute roof assumed, so its fraction of that roof is inflated by the ratio; read roof_at_cell_clock_tflops
  BN=  32 BM=  32 n= 1 rep= 7 r=   32 T=   128     1.0132 ms (379 iters)
  ^ kept (LEVEL high is recorded, not excluded): LEVEL HIGH (recorded, not an exclusion): loaded clock 1815 MHz is over the 1545 MHz edge of the band around the 1470 MHz reference; the cell ran at 1.23x the issue rate the fixed compute roof assumed, so its fraction of that roof is inflated by the ratio; read roof_at_cell_clock_tflops
  BN=  32 BM=  32 n= 2 rep= 7 r=   64 T=   256     1.8058 ms (223 iters)
  ^ kept (LEVEL high is recorded, not excluded): LEVEL HIGH (recorded, not an exclusion): loaded clock 1845 MHz is over the 1545 MHz edge of the band around the 1470 MHz reference; the cell ran at 1.26x the issue rate the fixed compute roof assumed, so its fraction of that roof is inflated by the ratio; read roof_at_cell_clock_tflops
  BN=  32 BM=  32 n= 3 rep= 7 r=   96 T=   384     2.6358 ms (153 iters)
  ^ kept (LEVEL high is recorded, not excluded): LEVEL HIGH (recorded, not an exclusion): loaded clock 1875 MHz is over the 1545 MHz edge of the band around the 1470 MHz reference; the cell ran at 1.28x the issue rate the fixed compute roof assumed, so its fraction of that roof is inflated by the ratio; read roof_at_cell_clock_tflops
  BN=  32 BM=  32 n= 4 rep= 7 r=  128 T=   512     3.4295 ms (116 iters)
  ^ kept (LEVEL high is recorded, not excluded): LEVEL HIGH (recorded, not an exclusion): loaded clock 1875 MHz is over the 1545 MHz edge of the band around the 1470 MHz reference; the cell ran at 1.28x the issue rate the fixed compute roof assumed, so its fraction of that roof is inflated by the ratio; read roof_at_cell_clock_tflops
  BN=  32 BM=  32 n= 5 rep= 7 r=  160 T=   640     4.2492 ms (92 iters)
  ^ kept (LEVEL high is recorded, not excluded): LEVEL HIGH (recorded, not an exclusion): loaded clock 1890 MHz is over the 1545 MHz edge of the band around the 1470 MHz reference; the cell ran at 1.29x the issue rate the fixed compute roof assumed, so its fraction of that roof is inflated by the ratio; read roof_at_cell_clock_tflops
  BN=  32 BM=  32 n= 6 rep= 7 r=  192 T=   768     5.0873 ms (78 iters)
  ^ kept (LEVEL high is recorded, not excluded): LEVEL HIGH (recorded, not an exclusion): loaded clock 1890 MHz is over the 1545 MHz edge of the band around the 1470 MHz reference; the cell ran at 1.29x the issue rate the fixed compute roof assumed, so its fraction of that roof is inflated by the ratio; read roof_at_cell_clock_tflops
  BN=  32 BM=  32 n= 7 rep= 7 r=  224 T=   896     5.9410 ms (67 iters)
  ^ kept (LEVEL high is recorded, not excluded): LEVEL HIGH (recorded, not an exclusion): loaded clock 1935 MHz is over the 1545 MHz edge of the band around the 1470 MHz reference; the cell ran at 1.32x the issue rate the fixed compute roof assumed, so its fraction of that roof is inflated by the ratio; read roof_at_cell_clock_tflops
  BN=  32 BM=  32 n= 8 rep= 7 r=  256 T=  1024     6.6079 ms (60 iters)
  ^ LEVEL HIGH (recorded, not an exclusion): loaded clock 1665 MHz is over the 1545 MHz edge of the band around the 1470 MHz reference; the cell ran at 1.13x the issue rate the fixed compute roof assumed, so its fraction of that roof is inflated by the ratio; read roof_at_cell_clock_tflops; DRIFT failed, dropping: under-load clock went 1755 -> 1665 MHz over 25 samples (1755, 1755, 1665, 1665, 1680, 1680, 1665, 1665, 1680, 1680, 1620, 1620, 1680, 1680, 1665, 1665, 1650, 1650, 1635, 1635, 1650, 1650, 1665, 1665, 1665); the trials were not at one operating point and the median is a blend
  BN=  32 BM=  32 n= 1 rep= 8 r=   32 T=   128     1.0147 ms (386 iters)
  ^ kept (LEVEL high is recorded, not excluded): LEVEL HIGH (recorded, not an exclusion): loaded clock 1800 MHz is over the 1545 MHz edge of the band around the 1470 MHz reference; the cell ran at 1.22x the issue rate the fixed compute roof assumed, so its fraction of that roof is inflated by the ratio; read roof_at_cell_clock_tflops
  BN=  32 BM=  32 n= 2 rep= 8 r=   64 T=   256     1.8198 ms (225 iters)
  ^ kept (LEVEL high is recorded, not excluded): LEVEL HIGH (recorded, not an exclusion): loaded clock 1845 MHz is over the 1545 MHz edge of the band around the 1470 MHz reference; the cell ran at 1.26x the issue rate the fixed compute roof assumed, so its fraction of that roof is inflated by the ratio; read roof_at_cell_clock_tflops
  BN=  32 BM=  32 n= 3 rep= 8 r=   96 T=   384     2.6372 ms (151 iters)
  ^ kept (LEVEL high is recorded, not excluded): LEVEL HIGH (recorded, not an exclusion): loaded clock 1875 MHz is over the 1545 MHz edge of the band around the 1470 MHz reference; the cell ran at 1.28x the issue rate the fixed compute roof assumed, so its fraction of that roof is inflated by the ratio; read roof_at_cell_clock_tflops
  BN=  32 BM=  32 n= 4 rep= 8 r=  128 T=   512     3.4290 ms (116 iters)
  ^ kept (LEVEL high is recorded, not excluded): LEVEL HIGH (recorded, not an exclusion): loaded clock 1875 MHz is over the 1545 MHz edge of the band around the 1470 MHz reference; the cell ran at 1.28x the issue rate the fixed compute roof assumed, so its fraction of that roof is inflated by the ratio; read roof_at_cell_clock_tflops
  BN=  32 BM=  32 n= 5 rep= 8 r=  160 T=   640     4.2441 ms (93 iters)
  ^ kept (LEVEL high is recorded, not excluded): LEVEL HIGH (recorded, not an exclusion): loaded clock 1890 MHz is over the 1545 MHz edge of the band around the 1470 MHz reference; the cell ran at 1.29x the issue rate the fixed compute roof assumed, so its fraction of that roof is inflated by the ratio; read roof_at_cell_clock_tflops
  BN=  32 BM=  32 n= 6 rep= 8 r=  192 T=   768     5.0874 ms (78 iters)
  ^ kept (LEVEL high is recorded, not excluded): LEVEL HIGH (recorded, not an exclusion): loaded clock 1890 MHz is over the 1545 MHz edge of the band around the 1470 MHz reference; the cell ran at 1.29x the issue rate the fixed compute roof assumed, so its fraction of that roof is inflated by the ratio; read roof_at_cell_clock_tflops
  BN=  32 BM=  32 n= 7 rep= 8 r=  224 T=   896     5.9393 ms (67 iters)
  ^ kept (LEVEL high is recorded, not excluded): LEVEL HIGH (recorded, not an exclusion): loaded clock 1928 MHz is over the 1545 MHz edge of the band around the 1470 MHz reference; the cell ran at 1.31x the issue rate the fixed compute roof assumed, so its fraction of that roof is inflated by the ratio; read roof_at_cell_clock_tflops
  BN=  32 BM=  32 n= 8 rep= 8 r=  256 T=  1024     6.6074 ms (60 iters)
  ^ kept (LEVEL high is recorded, not excluded): LEVEL HIGH (recorded, not an exclusion): loaded clock 1658 MHz is over the 1545 MHz edge of the band around the 1470 MHz reference; the cell ran at 1.13x the issue rate the fixed compute roof assumed, so its fraction of that roof is inflated by the ratio; read roof_at_cell_clock_tflops
  BN=  32 BM=  32 n= 1 rep= 9 r=   32 T=   128     1.0141 ms (379 iters)
  ^ kept (LEVEL high is recorded, not excluded): LEVEL HIGH (recorded, not an exclusion): loaded clock 1800 MHz is over the 1545 MHz edge of the band around the 1470 MHz reference; the cell ran at 1.22x the issue rate the fixed compute roof assumed, so its fraction of that roof is inflated by the ratio; read roof_at_cell_clock_tflops
  BN=  32 BM=  32 n= 2 rep= 9 r=   64 T=   256     1.8208 ms (223 iters)
  ^ kept (LEVEL high is recorded, not excluded): LEVEL HIGH (recorded, not an exclusion): loaded clock 1845 MHz is over the 1545 MHz edge of the band around the 1470 MHz reference; the cell ran at 1.26x the issue rate the fixed compute roof assumed, so its fraction of that roof is inflated by the ratio; read roof_at_cell_clock_tflops
  BN=  32 BM=  32 n= 3 rep= 9 r=   96 T=   384     2.6351 ms (150 iters)
  ^ kept (LEVEL high is recorded, not excluded): LEVEL HIGH (recorded, not an exclusion): loaded clock 1882 MHz is over the 1545 MHz edge of the band around the 1470 MHz reference; the cell ran at 1.28x the issue rate the fixed compute roof assumed, so its fraction of that roof is inflated by the ratio; read roof_at_cell_clock_tflops
  BN=  32 BM=  32 n= 4 rep= 9 r=  128 T=   512     3.4295 ms (115 iters)
  ^ kept (LEVEL high is recorded, not excluded): LEVEL HIGH (recorded, not an exclusion): loaded clock 1875 MHz is over the 1545 MHz edge of the band around the 1470 MHz reference; the cell ran at 1.28x the issue rate the fixed compute roof assumed, so its fraction of that roof is inflated by the ratio; read roof_at_cell_clock_tflops
  BN=  32 BM=  32 n= 5 rep= 9 r=  160 T=   640     4.2443 ms (93 iters)
  ^ kept (LEVEL high is recorded, not excluded): LEVEL HIGH (recorded, not an exclusion): loaded clock 1890 MHz is over the 1545 MHz edge of the band around the 1470 MHz reference; the cell ran at 1.29x the issue rate the fixed compute roof assumed, so its fraction of that roof is inflated by the ratio; read roof_at_cell_clock_tflops
  BN=  32 BM=  32 n= 6 rep= 9 r=  192 T=   768     5.0872 ms (78 iters)
  ^ kept (LEVEL high is recorded, not excluded): LEVEL HIGH (recorded, not an exclusion): loaded clock 1890 MHz is over the 1545 MHz edge of the band around the 1470 MHz reference; the cell ran at 1.29x the issue rate the fixed compute roof assumed, so its fraction of that roof is inflated by the ratio; read roof_at_cell_clock_tflops
  BN=  32 BM=  32 n= 7 rep= 9 r=  224 T=   896     5.9390 ms (67 iters)
  ^ kept (LEVEL high is recorded, not excluded): LEVEL HIGH (recorded, not an exclusion): loaded clock 1935 MHz is over the 1545 MHz edge of the band around the 1470 MHz reference; the cell ran at 1.32x the issue rate the fixed compute roof assumed, so its fraction of that roof is inflated by the ratio; read roof_at_cell_clock_tflops
  BN=  32 BM=  32 n= 8 rep= 9 r=  256 T=  1024     6.5626 ms (60 iters)
  ^ kept (LEVEL high is recorded, not excluded): LEVEL HIGH (recorded, not an exclusion): loaded clock 1665 MHz is over the 1545 MHz edge of the band around the 1470 MHz reference; the cell ran at 1.13x the issue rate the fixed compute roof assumed, so its fraction of that roof is inflated by the ratio; read roof_at_cell_clock_tflops
  BN=  32 BM=  32 n= 1 rep=10 r=   32 T=   128     1.0139 ms (389 iters)
  ^ LEVEL HIGH (recorded, not an exclusion): loaded clock 1800 MHz is over the 1545 MHz edge of the band around the 1470 MHz reference; the cell ran at 1.22x the issue rate the fixed compute roof assumed, so its fraction of that roof is inflated by the ratio; read roof_at_cell_clock_tflops; DRIFT failed, dropping: under-load clock went 1905 -> 1800 MHz over 25 samples (1905, 1905, 1785, 1785, 1800, 1800, 1800, 1800, 1800, 1800, 1680, 1680, 1770, 1770, 1830, 1830, 1815, 1815, 1815, 1815, 1800, 1800, 1815, 1815, 1800); the trials were not at one operating point and the median is a blend
  BN=  32 BM=  32 n= 2 rep=10 r=   64 T=   256     1.8202 ms (222 iters)
  ^ kept (LEVEL high is recorded, not excluded): LEVEL HIGH (recorded, not an exclusion): loaded clock 1845 MHz is over the 1545 MHz edge of the band around the 1470 MHz reference; the cell ran at 1.26x the issue rate the fixed compute roof assumed, so its fraction of that roof is inflated by the ratio; read roof_at_cell_clock_tflops
  BN=  32 BM=  32 n= 3 rep=10 r=   96 T=   384     2.6361 ms (151 iters)
  ^ kept (LEVEL high is recorded, not excluded): LEVEL HIGH (recorded, not an exclusion): loaded clock 1890 MHz is over the 1545 MHz edge of the band around the 1470 MHz reference; the cell ran at 1.29x the issue rate the fixed compute roof assumed, so its fraction of that roof is inflated by the ratio; read roof_at_cell_clock_tflops
  BN=  32 BM=  32 n= 4 rep=10 r=  128 T=   512     3.4292 ms (115 iters)
  ^ kept (LEVEL high is recorded, not excluded): LEVEL HIGH (recorded, not an exclusion): loaded clock 1875 MHz is over the 1545 MHz edge of the band around the 1470 MHz reference; the cell ran at 1.28x the issue rate the fixed compute roof assumed, so its fraction of that roof is inflated by the ratio; read roof_at_cell_clock_tflops
  BN=  32 BM=  32 n= 5 rep=10 r=  160 T=   640     4.2471 ms (93 iters)
  ^ kept (LEVEL high is recorded, not excluded): LEVEL HIGH (recorded, not an exclusion): loaded clock 1890 MHz is over the 1545 MHz edge of the band around the 1470 MHz reference; the cell ran at 1.29x the issue rate the fixed compute roof assumed, so its fraction of that roof is inflated by the ratio; read roof_at_cell_clock_tflops
  BN=  32 BM=  32 n= 6 rep=10 r=  192 T=   768     5.0873 ms (78 iters)
  ^ kept (LEVEL high is recorded, not excluded): LEVEL HIGH (recorded, not an exclusion): loaded clock 1905 MHz is over the 1545 MHz edge of the band around the 1470 MHz reference; the cell ran at 1.30x the issue rate the fixed compute roof assumed, so its fraction of that roof is inflated by the ratio; read roof_at_cell_clock_tflops
  BN=  32 BM=  32 n= 7 rep=10 r=  224 T=   896     5.8990 ms (67 iters)
  ^ kept (LEVEL high is recorded, not excluded): LEVEL HIGH (recorded, not an exclusion): loaded clock 1935 MHz is over the 1545 MHz edge of the band around the 1470 MHz reference; the cell ran at 1.32x the issue rate the fixed compute roof assumed, so its fraction of that roof is inflated by the ratio; read roof_at_cell_clock_tflops
  BN=  32 BM=  32 n= 8 rep=10 r=  256 T=  1024     6.5652 ms (61 iters)
  ^ kept (LEVEL high is recorded, not excluded): LEVEL HIGH (recorded, not an exclusion): loaded clock 1680 MHz is over the 1545 MHz edge of the band around the 1470 MHz reference; the cell ran at 1.14x the issue rate the fixed compute roof assumed, so its fraction of that roof is inflated by the ratio; read roof_at_cell_clock_tflops
  BN=  32 BM=  32 n= 1 rep=11 r=   32 T=   128     1.0072 ms (381 iters)
  ^ kept (LEVEL high is recorded, not excluded): LEVEL HIGH (recorded, not an exclusion): loaded clock 1815 MHz is over the 1545 MHz edge of the band around the 1470 MHz reference; the cell ran at 1.23x the issue rate the fixed compute roof assumed, so its fraction of that roof is inflated by the ratio; read roof_at_cell_clock_tflops
  BN=  32 BM=  32 n= 2 rep=11 r=   64 T=   256     1.8203 ms (222 iters)
  ^ kept (LEVEL high is recorded, not excluded): LEVEL HIGH (recorded, not an exclusion): loaded clock 1845 MHz is over the 1545 MHz edge of the band around the 1470 MHz reference; the cell ran at 1.26x the issue rate the fixed compute roof assumed, so its fraction of that roof is inflated by the ratio; read roof_at_cell_clock_tflops
  BN=  32 BM=  32 n= 3 rep=11 r=   96 T=   384     2.6370 ms (150 iters)
  ^ kept (LEVEL high is recorded, not excluded): LEVEL HIGH (recorded, not an exclusion): loaded clock 1875 MHz is over the 1545 MHz edge of the band around the 1470 MHz reference; the cell ran at 1.28x the issue rate the fixed compute roof assumed, so its fraction of that roof is inflated by the ratio; read roof_at_cell_clock_tflops
  BN=  32 BM=  32 n= 4 rep=11 r=  128 T=   512     3.4294 ms (116 iters)
  ^ kept (LEVEL high is recorded, not excluded): LEVEL HIGH (recorded, not an exclusion): loaded clock 1875 MHz is over the 1545 MHz edge of the band around the 1470 MHz reference; the cell ran at 1.28x the issue rate the fixed compute roof assumed, so its fraction of that roof is inflated by the ratio; read roof_at_cell_clock_tflops
  BN=  32 BM=  32 n= 5 rep=11 r=  160 T=   640     4.2453 ms (93 iters)
  ^ kept (LEVEL high is recorded, not excluded): LEVEL HIGH (recorded, not an exclusion): loaded clock 1890 MHz is over the 1545 MHz edge of the band around the 1470 MHz reference; the cell ran at 1.29x the issue rate the fixed compute roof assumed, so its fraction of that roof is inflated by the ratio; read roof_at_cell_clock_tflops
  BN=  32 BM=  32 n= 6 rep=11 r=  192 T=   768     5.0874 ms (77 iters)
  ^ kept (LEVEL high is recorded, not excluded): LEVEL HIGH (recorded, not an exclusion): loaded clock 1898 MHz is over the 1545 MHz edge of the band around the 1470 MHz reference; the cell ran at 1.29x the issue rate the fixed compute roof assumed, so its fraction of that roof is inflated by the ratio; read roof_at_cell_clock_tflops
  BN=  32 BM=  32 n= 7 rep=11 r=  224 T=   896     5.9403 ms (67 iters)
  ^ kept (LEVEL high is recorded, not excluded): LEVEL HIGH (recorded, not an exclusion): loaded clock 1928 MHz is over the 1545 MHz edge of the band around the 1470 MHz reference; the cell ran at 1.31x the issue rate the fixed compute roof assumed, so its fraction of that roof is inflated by the ratio; read roof_at_cell_clock_tflops
  BN=  32 BM=  32 n= 8 rep=11 r=  256 T=  1024     6.6088 ms (60 iters)
  ^ kept (LEVEL high is recorded, not excluded): LEVEL HIGH (recorded, not an exclusion): loaded clock 1665 MHz is over the 1545 MHz edge of the band around the 1470 MHz reference; the cell ran at 1.13x the issue rate the fixed compute roof assumed, so its fraction of that roof is inflated by the ratio; read roof_at_cell_clock_tflops
  BN=  32 BM=  32 n= 1 rep=12 r=   32 T=   128     1.0153 ms (388 iters)
  ^ kept (LEVEL high is recorded, not excluded): LEVEL HIGH (recorded, not an exclusion): loaded clock 1792 MHz is over the 1545 MHz edge of the band around the 1470 MHz reference; the cell ran at 1.22x the issue rate the fixed compute roof assumed, so its fraction of that roof is inflated by the ratio; read roof_at_cell_clock_tflops
  BN=  32 BM=  32 n= 2 rep=12 r=   64 T=   256     1.8201 ms (219 iters)
  ^ kept (LEVEL high is recorded, not excluded): LEVEL HIGH (recorded, not an exclusion): loaded clock 1830 MHz is over the 1545 MHz edge of the band around the 1470 MHz reference; the cell ran at 1.24x the issue rate the fixed compute roof assumed, so its fraction of that roof is inflated by the ratio; read roof_at_cell_clock_tflops
  BN=  32 BM=  32 n= 3 rep=12 r=   96 T=   384     2.6378 ms (149 iters)
  ^ kept (LEVEL high is recorded, not excluded): LEVEL HIGH (recorded, not an exclusion): loaded clock 1875 MHz is over the 1545 MHz edge of the band around the 1470 MHz reference; the cell ran at 1.28x the issue rate the fixed compute roof assumed, so its fraction of that roof is inflated by the ratio; read roof_at_cell_clock_tflops
  BN=  32 BM=  32 n= 4 rep=12 r=  128 T=   512     3.4297 ms (116 iters)
  ^ kept (LEVEL high is recorded, not excluded): LEVEL HIGH (recorded, not an exclusion): loaded clock 1875 MHz is over the 1545 MHz edge of the band around the 1470 MHz reference; the cell ran at 1.28x the issue rate the fixed compute roof assumed, so its fraction of that roof is inflated by the ratio; read roof_at_cell_clock_tflops
  BN=  32 BM=  32 n= 5 rep=12 r=  160 T=   640     4.2466 ms (94 iters)
  ^ kept (LEVEL high is recorded, not excluded): LEVEL HIGH (recorded, not an exclusion): loaded clock 1890 MHz is over the 1545 MHz edge of the band around the 1470 MHz reference; the cell ran at 1.29x the issue rate the fixed compute roof assumed, so its fraction of that roof is inflated by the ratio; read roof_at_cell_clock_tflops
  BN=  32 BM=  32 n= 6 rep=12 r=  192 T=   768     5.0875 ms (78 iters)
  ^ kept (LEVEL high is recorded, not excluded): LEVEL HIGH (recorded, not an exclusion): loaded clock 1890 MHz is over the 1545 MHz edge of the band around the 1470 MHz reference; the cell ran at 1.29x the issue rate the fixed compute roof assumed, so its fraction of that roof is inflated by the ratio; read roof_at_cell_clock_tflops
  BN=  32 BM=  32 n= 7 rep=12 r=  224 T=   896     5.9414 ms (68 iters)
  ^ kept (LEVEL high is recorded, not excluded): LEVEL HIGH (recorded, not an exclusion): loaded clock 1920 MHz is over the 1545 MHz edge of the band around the 1470 MHz reference; the cell ran at 1.31x the issue rate the fixed compute roof assumed, so its fraction of that roof is inflated by the ratio; read roof_at_cell_clock_tflops
  BN=  32 BM=  32 n= 8 rep=12 r=  256 T=  1024     6.6097 ms (61 iters)
  ^ kept (LEVEL high is recorded, not excluded): LEVEL HIGH (recorded, not an exclusion): loaded clock 1665 MHz is over the 1545 MHz edge of the band around the 1470 MHz reference; the cell ran at 1.13x the issue rate the fixed compute roof assumed, so its fraction of that roof is inflated by the ratio; read roof_at_cell_clock_tflops
  BN=  32 BM=  32 n= 1 rep=13 r=   32 T=   128     1.0149 ms (392 iters)
  ^ kept (LEVEL high is recorded, not excluded): LEVEL HIGH (recorded, not an exclusion): loaded clock 1800 MHz is over the 1545 MHz edge of the band around the 1470 MHz reference; the cell ran at 1.22x the issue rate the fixed compute roof assumed, so its fraction of that roof is inflated by the ratio; read roof_at_cell_clock_tflops
  BN=  32 BM=  32 n= 2 rep=13 r=   64 T=   256     1.8204 ms (225 iters)
  ^ kept (LEVEL high is recorded, not excluded): LEVEL HIGH (recorded, not an exclusion): loaded clock 1845 MHz is over the 1545 MHz edge of the band around the 1470 MHz reference; the cell ran at 1.26x the issue rate the fixed compute roof assumed, so its fraction of that roof is inflated by the ratio; read roof_at_cell_clock_tflops
  BN=  32 BM=  32 n= 3 rep=13 r=   96 T=   384     2.6369 ms (151 iters)
  ^ kept (LEVEL high is recorded, not excluded): LEVEL HIGH (recorded, not an exclusion): loaded clock 1875 MHz is over the 1545 MHz edge of the band around the 1470 MHz reference; the cell ran at 1.28x the issue rate the fixed compute roof assumed, so its fraction of that roof is inflated by the ratio; read roof_at_cell_clock_tflops
  BN=  32 BM=  32 n= 4 rep=13 r=  128 T=   512     3.4290 ms (116 iters)
  ^ kept (LEVEL high is recorded, not excluded): LEVEL HIGH (recorded, not an exclusion): loaded clock 1868 MHz is over the 1545 MHz edge of the band around the 1470 MHz reference; the cell ran at 1.27x the issue rate the fixed compute roof assumed, so its fraction of that roof is inflated by the ratio; read roof_at_cell_clock_tflops
  BN=  32 BM=  32 n= 5 rep=13 r=  160 T=   640     4.2468 ms (93 iters)
  ^ kept (LEVEL high is recorded, not excluded): LEVEL HIGH (recorded, not an exclusion): loaded clock 1890 MHz is over the 1545 MHz edge of the band around the 1470 MHz reference; the cell ran at 1.29x the issue rate the fixed compute roof assumed, so its fraction of that roof is inflated by the ratio; read roof_at_cell_clock_tflops
  BN=  32 BM=  32 n= 6 rep=13 r=  192 T=   768     5.0873 ms (78 iters)
  ^ kept (LEVEL high is recorded, not excluded): LEVEL HIGH (recorded, not an exclusion): loaded clock 1890 MHz is over the 1545 MHz edge of the band around the 1470 MHz reference; the cell ran at 1.29x the issue rate the fixed compute roof assumed, so its fraction of that roof is inflated by the ratio; read roof_at_cell_clock_tflops
  BN=  32 BM=  32 n= 7 rep=13 r=  224 T=   896     5.9417 ms (67 iters)
  ^ kept (LEVEL high is recorded, not excluded): LEVEL HIGH (recorded, not an exclusion): loaded clock 1920 MHz is over the 1545 MHz edge of the band around the 1470 MHz reference; the cell ran at 1.31x the issue rate the fixed compute roof assumed, so its fraction of that roof is inflated by the ratio; read roof_at_cell_clock_tflops
  BN=  32 BM=  32 n= 8 rep=13 r=  256 T=  1024     6.5655 ms (60 iters)
  ^ LEVEL HIGH (recorded, not an exclusion): loaded clock 1665 MHz is over the 1545 MHz edge of the band around the 1470 MHz reference; the cell ran at 1.13x the issue rate the fixed compute roof assumed, so its fraction of that roof is inflated by the ratio; read roof_at_cell_clock_tflops; DRIFT failed, dropping: under-load clock went 1815 -> 1680 MHz over 25 samples (1815, 1815, 1665, 1665, 1680, 1680, 1665, 1665, 1665, 1665, 1665, 1665, 1695, 1695, 1665, 1665, 1635, 1635, 1635, 1635, 1680, 1680, 1665, 1665, 1680); the trials were not at one operating point and the median is a blend
  BN=  32 BM=  32 n= 1 rep=14 r=   32 T=   128     1.0151 ms (391 iters)
  ^ kept (LEVEL high is recorded, not excluded): LEVEL HIGH (recorded, not an exclusion): loaded clock 1815 MHz is over the 1545 MHz edge of the band around the 1470 MHz reference; the cell ran at 1.23x the issue rate the fixed compute roof assumed, so its fraction of that roof is inflated by the ratio; read roof_at_cell_clock_tflops
  BN=  32 BM=  32 n= 2 rep=14 r=   64 T=   256     1.8182 ms (220 iters)
  ^ kept (LEVEL high is recorded, not excluded): LEVEL HIGH (recorded, not an exclusion): loaded clock 1845 MHz is over the 1545 MHz edge of the band around the 1470 MHz reference; the cell ran at 1.26x the issue rate the fixed compute roof assumed, so its fraction of that roof is inflated by the ratio; read roof_at_cell_clock_tflops
  BN=  32 BM=  32 n= 3 rep=14 r=   96 T=   384     2.6371 ms (151 iters)
  ^ kept (LEVEL high is recorded, not excluded): LEVEL HIGH (recorded, not an exclusion): loaded clock 1875 MHz is over the 1545 MHz edge of the band around the 1470 MHz reference; the cell ran at 1.28x the issue rate the fixed compute roof assumed, so its fraction of that roof is inflated by the ratio; read roof_at_cell_clock_tflops
  BN=  32 BM=  32 n= 4 rep=14 r=  128 T=   512     3.4292 ms (116 iters)
  ^ kept (LEVEL high is recorded, not excluded): LEVEL HIGH (recorded, not an exclusion): loaded clock 1868 MHz is over the 1545 MHz edge of the band around the 1470 MHz reference; the cell ran at 1.27x the issue rate the fixed compute roof assumed, so its fraction of that roof is inflated by the ratio; read roof_at_cell_clock_tflops
  BN=  32 BM=  32 n= 5 rep=14 r=  160 T=   640     4.2472 ms (93 iters)
  ^ kept (LEVEL high is recorded, not excluded): LEVEL HIGH (recorded, not an exclusion): loaded clock 1890 MHz is over the 1545 MHz edge of the band around the 1470 MHz reference; the cell ran at 1.29x the issue rate the fixed compute roof assumed, so its fraction of that roof is inflated by the ratio; read roof_at_cell_clock_tflops
  BN=  32 BM=  32 n= 6 rep=14 r=  192 T=   768     5.0878 ms (78 iters)
  ^ kept (LEVEL high is recorded, not excluded): LEVEL HIGH (recorded, not an exclusion): loaded clock 1890 MHz is over the 1545 MHz edge of the band around the 1470 MHz reference; the cell ran at 1.29x the issue rate the fixed compute roof assumed, so its fraction of that roof is inflated by the ratio; read roof_at_cell_clock_tflops
  BN=  32 BM=  32 n= 7 rep=14 r=  224 T=   896     5.9418 ms (67 iters)
  ^ kept (LEVEL high is recorded, not excluded): LEVEL HIGH (recorded, not an exclusion): loaded clock 1920 MHz is over the 1545 MHz edge of the band around the 1470 MHz reference; the cell ran at 1.31x the issue rate the fixed compute roof assumed, so its fraction of that roof is inflated by the ratio; read roof_at_cell_clock_tflops
  BN=  32 BM=  32 n= 8 rep=14 r=  256 T=  1024     6.6065 ms (61 iters)
  ^ kept (LEVEL high is recorded, not excluded): LEVEL HIGH (recorded, not an exclusion): loaded clock 1665 MHz is over the 1545 MHz edge of the band around the 1470 MHz reference; the cell ran at 1.13x the issue rate the fixed compute roof assumed, so its fraction of that roof is inflated by the ratio; read roof_at_cell_clock_tflops
  BN=  32 BM=  32 n= 1 rep=15 r=   32 T=   128     1.0123 ms (382 iters)
  ^ kept (LEVEL high is recorded, not excluded): LEVEL HIGH (recorded, not an exclusion): loaded clock 1800 MHz is over the 1545 MHz edge of the band around the 1470 MHz reference; the cell ran at 1.22x the issue rate the fixed compute roof assumed, so its fraction of that roof is inflated by the ratio; read roof_at_cell_clock_tflops
  BN=  32 BM=  32 n= 2 rep=15 r=   64 T=   256     1.8203 ms (222 iters)
  ^ kept (LEVEL high is recorded, not excluded): LEVEL HIGH (recorded, not an exclusion): loaded clock 1845 MHz is over the 1545 MHz edge of the band around the 1470 MHz reference; the cell ran at 1.26x the issue rate the fixed compute roof assumed, so its fraction of that roof is inflated by the ratio; read roof_at_cell_clock_tflops
  BN=  32 BM=  32 n= 3 rep=15 r=   96 T=   384     2.6373 ms (151 iters)
  ^ kept (LEVEL high is recorded, not excluded): LEVEL HIGH (recorded, not an exclusion): loaded clock 1875 MHz is over the 1545 MHz edge of the band around the 1470 MHz reference; the cell ran at 1.28x the issue rate the fixed compute roof assumed, so its fraction of that roof is inflated by the ratio; read roof_at_cell_clock_tflops
  BN=  32 BM=  32 n= 4 rep=15 r=  128 T=   512     3.4295 ms (116 iters)
  ^ kept (LEVEL high is recorded, not excluded): LEVEL HIGH (recorded, not an exclusion): loaded clock 1875 MHz is over the 1545 MHz edge of the band around the 1470 MHz reference; the cell ran at 1.28x the issue rate the fixed compute roof assumed, so its fraction of that roof is inflated by the ratio; read roof_at_cell_clock_tflops
  BN=  32 BM=  32 n= 5 rep=15 r=  160 T=   640     4.2471 ms (93 iters)
  ^ kept (LEVEL high is recorded, not excluded): LEVEL HIGH (recorded, not an exclusion): loaded clock 1882 MHz is over the 1545 MHz edge of the band around the 1470 MHz reference; the cell ran at 1.28x the issue rate the fixed compute roof assumed, so its fraction of that roof is inflated by the ratio; read roof_at_cell_clock_tflops
  BN=  32 BM=  32 n= 6 rep=15 r=  192 T=   768     5.0873 ms (78 iters)
  ^ kept (LEVEL high is recorded, not excluded): LEVEL HIGH (recorded, not an exclusion): loaded clock 1890 MHz is over the 1545 MHz edge of the band around the 1470 MHz reference; the cell ran at 1.29x the issue rate the fixed compute roof assumed, so its fraction of that roof is inflated by the ratio; read roof_at_cell_clock_tflops
  BN=  32 BM=  32 n= 7 rep=15 r=  224 T=   896     5.9412 ms (67 iters)
  ^ kept (LEVEL high is recorded, not excluded): LEVEL HIGH (recorded, not an exclusion): loaded clock 1920 MHz is over the 1545 MHz edge of the band around the 1470 MHz reference; the cell ran at 1.31x the issue rate the fixed compute roof assumed, so its fraction of that roof is inflated by the ratio; read roof_at_cell_clock_tflops
  BN=  32 BM=  32 n= 8 rep=15 r=  256 T=  1024     6.6101 ms (60 iters)
  ^ LEVEL HIGH (recorded, not an exclusion): loaded clock 1665 MHz is over the 1545 MHz edge of the band around the 1470 MHz reference; the cell ran at 1.13x the issue rate the fixed compute roof assumed, so its fraction of that roof is inflated by the ratio; read roof_at_cell_clock_tflops; DRIFT failed, dropping: under-load clock went 1755 -> 1665 MHz over 24 samples (1755, 1755, 1665, 1665, 1680, 1680, 1710, 1710, 1770, 1770, 1635, 1635, 1695, 1695, 1665, 1665, 1650, 1650, 1605, 1605, 1665, 1665, 1665, 1665); the trials were not at one operating point and the median is a blend
  BN=  32 BM=  32 n= 1 rep=16 r=   32 T=   128     1.0148 ms (382 iters)
  ^ kept (LEVEL high is recorded, not excluded): LEVEL HIGH (recorded, not an exclusion): loaded clock 1800 MHz is over the 1545 MHz edge of the band around the 1470 MHz reference; the cell ran at 1.22x the issue rate the fixed compute roof assumed, so its fraction of that roof is inflated by the ratio; read roof_at_cell_clock_tflops
  BN=  32 BM=  32 n= 2 rep=16 r=   64 T=   256     1.8191 ms (221 iters)
  ^ kept (LEVEL high is recorded, not excluded): LEVEL HIGH (recorded, not an exclusion): loaded clock 1845 MHz is over the 1545 MHz edge of the band around the 1470 MHz reference; the cell ran at 1.26x the issue rate the fixed compute roof assumed, so its fraction of that roof is inflated by the ratio; read roof_at_cell_clock_tflops
  BN=  32 BM=  32 n= 3 rep=16 r=   96 T=   384     2.6364 ms (149 iters)
  ^ kept (LEVEL high is recorded, not excluded): LEVEL HIGH (recorded, not an exclusion): loaded clock 1875 MHz is over the 1545 MHz edge of the band around the 1470 MHz reference; the cell ran at 1.28x the issue rate the fixed compute roof assumed, so its fraction of that roof is inflated by the ratio; read roof_at_cell_clock_tflops
  BN=  32 BM=  32 n= 4 rep=16 r=  128 T=   512     3.4291 ms (116 iters)
  ^ kept (LEVEL high is recorded, not excluded): LEVEL HIGH (recorded, not an exclusion): loaded clock 1875 MHz is over the 1545 MHz edge of the band around the 1470 MHz reference; the cell ran at 1.28x the issue rate the fixed compute roof assumed, so its fraction of that roof is inflated by the ratio; read roof_at_cell_clock_tflops
  BN=  32 BM=  32 n= 5 rep=16 r=  160 T=   640     4.2461 ms (93 iters)
  ^ kept (LEVEL high is recorded, not excluded): LEVEL HIGH (recorded, not an exclusion): loaded clock 1890 MHz is over the 1545 MHz edge of the band around the 1470 MHz reference; the cell ran at 1.29x the issue rate the fixed compute roof assumed, so its fraction of that roof is inflated by the ratio; read roof_at_cell_clock_tflops
  BN=  32 BM=  32 n= 6 rep=16 r=  192 T=   768     5.0879 ms (78 iters)
  ^ kept (LEVEL high is recorded, not excluded): LEVEL HIGH (recorded, not an exclusion): loaded clock 1890 MHz is over the 1545 MHz edge of the band around the 1470 MHz reference; the cell ran at 1.29x the issue rate the fixed compute roof assumed, so its fraction of that roof is inflated by the ratio; read roof_at_cell_clock_tflops
  BN=  32 BM=  32 n= 7 rep=16 r=  224 T=   896     5.9412 ms (67 iters)
  ^ kept (LEVEL high is recorded, not excluded): LEVEL HIGH (recorded, not an exclusion): loaded clock 1935 MHz is over the 1545 MHz edge of the band around the 1470 MHz reference; the cell ran at 1.32x the issue rate the fixed compute roof assumed, so its fraction of that roof is inflated by the ratio; read roof_at_cell_clock_tflops
  BN=  32 BM=  32 n= 8 rep=16 r=  256 T=  1024     6.5631 ms (61 iters)
  ^ kept (LEVEL high is recorded, not excluded): LEVEL HIGH (recorded, not an exclusion): loaded clock 1680 MHz is over the 1545 MHz edge of the band around the 1470 MHz reference; the cell ran at 1.14x the issue rate the fixed compute roof assumed, so its fraction of that roof is inflated by the ratio; read roof_at_cell_clock_tflops
  BN=  32 BM=  32 n= 1 rep=17 r=   32 T=   128     1.0051 ms (380 iters)
  ^ kept (LEVEL high is recorded, not excluded): LEVEL HIGH (recorded, not an exclusion): loaded clock 1815 MHz is over the 1545 MHz edge of the band around the 1470 MHz reference; the cell ran at 1.23x the issue rate the fixed compute roof assumed, so its fraction of that roof is inflated by the ratio; read roof_at_cell_clock_tflops
  BN=  32 BM=  32 n= 2 rep=17 r=   64 T=   256     1.8206 ms (223 iters)
  ^ kept (LEVEL high is recorded, not excluded): LEVEL HIGH (recorded, not an exclusion): loaded clock 1845 MHz is over the 1545 MHz edge of the band around the 1470 MHz reference; the cell ran at 1.26x the issue rate the fixed compute roof assumed, so its fraction of that roof is inflated by the ratio; read roof_at_cell_clock_tflops
  BN=  32 BM=  32 n= 3 rep=17 r=   96 T=   384     2.6360 ms (151 iters)
  ^ kept (LEVEL high is recorded, not excluded): LEVEL HIGH (recorded, not an exclusion): loaded clock 1875 MHz is over the 1545 MHz edge of the band around the 1470 MHz reference; the cell ran at 1.28x the issue rate the fixed compute roof assumed, so its fraction of that roof is inflated by the ratio; read roof_at_cell_clock_tflops
  BN=  32 BM=  32 n= 4 rep=17 r=  128 T=   512     3.4294 ms (116 iters)
  ^ kept (LEVEL high is recorded, not excluded): LEVEL HIGH (recorded, not an exclusion): loaded clock 1875 MHz is over the 1545 MHz edge of the band around the 1470 MHz reference; the cell ran at 1.28x the issue rate the fixed compute roof assumed, so its fraction of that roof is inflated by the ratio; read roof_at_cell_clock_tflops
  BN=  32 BM=  32 n= 5 rep=17 r=  160 T=   640     4.2468 ms (93 iters)
  ^ kept (LEVEL high is recorded, not excluded): LEVEL HIGH (recorded, not an exclusion): loaded clock 1890 MHz is over the 1545 MHz edge of the band around the 1470 MHz reference; the cell ran at 1.29x the issue rate the fixed compute roof assumed, so its fraction of that roof is inflated by the ratio; read roof_at_cell_clock_tflops
  BN=  32 BM=  32 n= 6 rep=17 r=  192 T=   768     5.0881 ms (77 iters)
  ^ kept (LEVEL high is recorded, not excluded): LEVEL HIGH (recorded, not an exclusion): loaded clock 1890 MHz is over the 1545 MHz edge of the band around the 1470 MHz reference; the cell ran at 1.29x the issue rate the fixed compute roof assumed, so its fraction of that roof is inflated by the ratio; read roof_at_cell_clock_tflops
  BN=  32 BM=  32 n= 7 rep=17 r=  224 T=   896     5.9414 ms (68 iters)
  ^ kept (LEVEL high is recorded, not excluded): LEVEL HIGH (recorded, not an exclusion): loaded clock 1920 MHz is over the 1545 MHz edge of the band around the 1470 MHz reference; the cell ran at 1.31x the issue rate the fixed compute roof assumed, so its fraction of that roof is inflated by the ratio; read roof_at_cell_clock_tflops
  BN=  32 BM=  32 n= 8 rep=17 r=  256 T=  1024     6.6016 ms (60 iters)

-- BN=32: subject ladder, BLOCK_M=64 --
  BN=  32 BM=  64 n= 1 rep= 1 r=   64 T=   256     1.0096 ms (402 iters)
  BN=  32 BM=  64 n= 2 rep= 1 r=  128 T=   512     1.9058 ms (203 iters)
  BN=  32 BM=  64 n= 3 rep= 1 r=  192 T=   768     2.8192 ms (141 iters)
  BN=  32 BM=  64 n= 4 rep= 1 r=  256 T=  1024     3.6331 ms (109 iters)
  BN=  32 BM=  64 n= 5 rep= 1 r=  320 T=  1280     4.5807 ms (86 iters)
  BN=  32 BM=  64 n= 6 rep= 1 r=  384 T=  1536     5.4779 ms (72 iters)
  ^ kept (LEVEL high is recorded, not excluded): LEVEL HIGH (recorded, not an exclusion): loaded clock 1560 MHz is over the 1545 MHz edge of the band around the 1470 MHz reference; the cell ran at 1.06x the issue rate the fixed compute roof assumed, so its fraction of that roof is inflated by the ratio; read roof_at_cell_clock_tflops
  BN=  32 BM=  64 n= 7 rep= 1 r=  448 T=  1792     6.3739 ms (62 iters)
  ^ kept (LEVEL high is recorded, not excluded): LEVEL HIGH (recorded, not an exclusion): loaded clock 1620 MHz is over the 1545 MHz edge of the band around the 1470 MHz reference; the cell ran at 1.10x the issue rate the fixed compute roof assumed, so its fraction of that roof is inflated by the ratio; read roof_at_cell_clock_tflops
  BN=  32 BM=  64 n= 8 rep= 1 r=  512 T=  2048     7.1624 ms (55 iters)
  BN=  32 BM=  64 n= 1 rep= 2 r=   64 T=   256     1.0331 ms (380 iters)
  ^ DRIFT failed, dropping: under-load clock went 1560 -> 1470 MHz over 24 samples (1560, 1560, 1455, 1455, 1470, 1470, 1470, 1470, 1500, 1500, 1395, 1395, 1500, 1500, 1485, 1485, 1500, 1500, 1485, 1485, 1470, 1470, 1470, 1470); the trials were not at one operating point and the median is a blend
  BN=  32 BM=  64 n= 2 rep= 2 r=  128 T=   512     1.9349 ms (208 iters)
  BN=  32 BM=  64 n= 3 rep= 2 r=  192 T=   768     2.8060 ms (142 iters)
  BN=  32 BM=  64 n= 4 rep= 2 r=  256 T=  1024     3.6525 ms (108 iters)
  BN=  32 BM=  64 n= 5 rep= 2 r=  320 T=  1280     4.5862 ms (86 iters)
  BN=  32 BM=  64 n= 6 rep= 2 r=  384 T=  1536     5.4726 ms (72 iters)
  BN=  32 BM=  64 n= 7 rep= 2 r=  448 T=  1792     6.3746 ms (62 iters)
  ^ kept (LEVEL high is recorded, not excluded): LEVEL HIGH (recorded, not an exclusion): loaded clock 1650 MHz is over the 1545 MHz edge of the band around the 1470 MHz reference; the cell ran at 1.12x the issue rate the fixed compute roof assumed, so its fraction of that roof is inflated by the ratio; read roof_at_cell_clock_tflops
  BN=  32 BM=  64 n= 8 rep= 2 r=  512 T=  2048     7.1548 ms (55 iters)
  BN=  32 BM=  64 n= 1 rep= 3 r=   64 T=   256     1.0302 ms (378 iters)
  BN=  32 BM=  64 n= 2 rep= 3 r=  128 T=   512     1.9388 ms (206 iters)
  BN=  32 BM=  64 n= 3 rep= 3 r=  192 T=   768     2.8058 ms (142 iters)
  BN=  32 BM=  64 n= 4 rep= 3 r=  256 T=  1024     3.6443 ms (108 iters)
  BN=  32 BM=  64 n= 5 rep= 3 r=  320 T=  1280     4.5817 ms (87 iters)
  BN=  32 BM=  64 n= 6 rep= 3 r=  384 T=  1536     5.4727 ms (73 iters)
  ^ kept (LEVEL high is recorded, not excluded): LEVEL HIGH (recorded, not an exclusion): loaded clock 1560 MHz is over the 1545 MHz edge of the band around the 1470 MHz reference; the cell ran at 1.06x the issue rate the fixed compute roof assumed, so its fraction of that roof is inflated by the ratio; read roof_at_cell_clock_tflops
  BN=  32 BM=  64 n= 7 rep= 3 r=  448 T=  1792     6.3656 ms (62 iters)
  ^ kept (LEVEL high is recorded, not excluded): LEVEL HIGH (recorded, not an exclusion): loaded clock 1605 MHz is over the 1545 MHz edge of the band around the 1470 MHz reference; the cell ran at 1.09x the issue rate the fixed compute roof assumed, so its fraction of that roof is inflated by the ratio; read roof_at_cell_clock_tflops
  BN=  32 BM=  64 n= 8 rep= 3 r=  512 T=  2048     7.1840 ms (55 iters)
  ^ DRIFT failed, dropping: under-load clock went 1635 -> 1440 MHz over 25 samples (1635, 1635, 1425, 1425, 1425, 1425, 1440, 1440, 1425, 1425, 1380, 1380, 1425, 1425, 1425, 1425, 1425, 1425, 1425, 1425, 1425, 1425, 1425, 1425, 1440); the trials were not at one operating point and the median is a blend
  BN=  32 BM=  64 n= 1 rep= 4 r=   64 T=   256     1.0332 ms (385 iters)
  BN=  32 BM=  64 n= 2 rep= 4 r=  128 T=   512     1.9322 ms (210 iters)
  BN=  32 BM=  64 n= 3 rep= 4 r=  192 T=   768     2.8122 ms (142 iters)
  BN=  32 BM=  64 n= 4 rep= 4 r=  256 T=  1024     3.6508 ms (108 iters)
  BN=  32 BM=  64 n= 5 rep= 4 r=  320 T=  1280     4.5791 ms (87 iters)
  BN=  32 BM=  64 n= 6 rep= 4 r=  384 T=  1536     5.4754 ms (72 iters)
  ^ kept (LEVEL high is recorded, not excluded): LEVEL HIGH (recorded, not an exclusion): loaded clock 1568 MHz is over the 1545 MHz edge of the band around the 1470 MHz reference; the cell ran at 1.07x the issue rate the fixed compute roof assumed, so its fraction of that roof is inflated by the ratio; read roof_at_cell_clock_tflops
  BN=  32 BM=  64 n= 7 rep= 4 r=  448 T=  1792     6.3613 ms (62 iters)
  ^ kept (LEVEL high is recorded, not excluded): LEVEL HIGH (recorded, not an exclusion): loaded clock 1620 MHz is over the 1545 MHz edge of the band around the 1470 MHz reference; the cell ran at 1.10x the issue rate the fixed compute roof assumed, so its fraction of that roof is inflated by the ratio; read roof_at_cell_clock_tflops
  BN=  32 BM=  64 n= 8 rep= 4 r=  512 T=  2048     7.1859 ms (55 iters)
  BN=  32 BM=  64 n= 1 rep= 5 r=   64 T=   256     1.0325 ms (385 iters)
  BN=  32 BM=  64 n= 2 rep= 5 r=  128 T=   512     1.9376 ms (210 iters)
  BN=  32 BM=  64 n= 3 rep= 5 r=  192 T=   768     2.8078 ms (141 iters)
  BN=  32 BM=  64 n= 4 rep= 5 r=  256 T=  1024     3.6583 ms (108 iters)
  BN=  32 BM=  64 n= 5 rep= 5 r=  320 T=  1280     4.6079 ms (86 iters)
  BN=  32 BM=  64 n= 6 rep= 5 r=  384 T=  1536     5.4596 ms (73 iters)
  ^ kept (LEVEL high is recorded, not excluded): LEVEL HIGH (recorded, not an exclusion): loaded clock 1590 MHz is over the 1545 MHz edge of the band around the 1470 MHz reference; the cell ran at 1.08x the issue rate the fixed compute roof assumed, so its fraction of that roof is inflated by the ratio; read roof_at_cell_clock_tflops
  BN=  32 BM=  64 n= 7 rep= 5 r=  448 T=  1792     6.3633 ms (62 iters)
  ^ kept (LEVEL high is recorded, not excluded): LEVEL HIGH (recorded, not an exclusion): loaded clock 1605 MHz is over the 1545 MHz edge of the band around the 1470 MHz reference; the cell ran at 1.09x the issue rate the fixed compute roof assumed, so its fraction of that roof is inflated by the ratio; read roof_at_cell_clock_tflops
  BN=  32 BM=  64 n= 8 rep= 5 r=  512 T=  2048     7.1898 ms (55 iters)
  BN=  32 BM=  64 n= 1 rep= 6 r=   64 T=   256     1.0338 ms (386 iters)
  ^ DRIFT failed, dropping: under-load clock went 1560 -> 1455 MHz over 25 samples (1560, 1560, 1455, 1455, 1455, 1455, 1470, 1470, 1470, 1470, 1425, 1425, 1470, 1470, 1485, 1485, 1485, 1485, 1485, 1485, 1470, 1470, 1470, 1470, 1455); the trials were not at one operating point and the median is a blend
  BN=  32 BM=  64 n= 2 rep= 6 r=  128 T=   512     1.9332 ms (209 iters)
  BN=  32 BM=  64 n= 3 rep= 6 r=  192 T=   768     2.8071 ms (141 iters)
  BN=  32 BM=  64 n= 4 rep= 6 r=  256 T=  1024     3.6681 ms (109 iters)
  BN=  32 BM=  64 n= 5 rep= 6 r=  320 T=  1280     4.5845 ms (86 iters)
  BN=  32 BM=  64 n= 6 rep= 6 r=  384 T=  1536     5.4809 ms (72 iters)
  ^ kept (LEVEL high is recorded, not excluded): LEVEL HIGH (recorded, not an exclusion): loaded clock 1560 MHz is over the 1545 MHz edge of the band around the 1470 MHz reference; the cell ran at 1.06x the issue rate the fixed compute roof assumed, so its fraction of that roof is inflated by the ratio; read roof_at_cell_clock_tflops
  BN=  32 BM=  64 n= 7 rep= 6 r=  448 T=  1792     6.3663 ms (62 iters)
  ^ kept (LEVEL high is recorded, not excluded): LEVEL HIGH (recorded, not an exclusion): loaded clock 1635 MHz is over the 1545 MHz edge of the band around the 1470 MHz reference; the cell ran at 1.11x the issue rate the fixed compute roof assumed, so its fraction of that roof is inflated by the ratio; read roof_at_cell_clock_tflops
  BN=  32 BM=  64 n= 8 rep= 6 r=  512 T=  2048     7.1591 ms (55 iters)
  BN=  32 BM=  64 n= 1 rep= 7 r=   64 T=   256     1.0324 ms (379 iters)
  BN=  32 BM=  64 n= 2 rep= 7 r=  128 T=   512     1.9357 ms (210 iters)
  BN=  32 BM=  64 n= 3 rep= 7 r=  192 T=   768     2.8056 ms (142 iters)
  BN=  32 BM=  64 n= 4 rep= 7 r=  256 T=  1024     3.6609 ms (109 iters)
  BN=  32 BM=  64 n= 5 rep= 7 r=  320 T=  1280     4.5754 ms (86 iters)
  BN=  32 BM=  64 n= 6 rep= 7 r=  384 T=  1536     5.4791 ms (71 iters)
  ^ kept (LEVEL high is recorded, not excluded): LEVEL HIGH (recorded, not an exclusion): loaded clock 1568 MHz is over the 1545 MHz edge of the band around the 1470 MHz reference; the cell ran at 1.07x the issue rate the fixed compute roof assumed, so its fraction of that roof is inflated by the ratio; read roof_at_cell_clock_tflops
  BN=  32 BM=  64 n= 7 rep= 7 r=  448 T=  1792     6.3694 ms (62 iters)
  ^ kept (LEVEL high is recorded, not excluded): LEVEL HIGH (recorded, not an exclusion): loaded clock 1620 MHz is over the 1545 MHz edge of the band around the 1470 MHz reference; the cell ran at 1.10x the issue rate the fixed compute roof assumed, so its fraction of that roof is inflated by the ratio; read roof_at_cell_clock_tflops
  BN=  32 BM=  64 n= 8 rep= 7 r=  512 T=  2048     7.1736 ms (55 iters)
  BN=  32 BM=  64 n= 1 rep= 8 r=   64 T=   256     1.0330 ms (382 iters)
  ^ DRIFT failed, dropping: under-load clock went 1590 -> 1455 MHz over 24 samples (1590, 1590, 1455, 1455, 1470, 1470, 1470, 1470, 1485, 1485, 1410, 1410, 1500, 1500, 1485, 1485, 1485, 1485, 1470, 1470, 1470, 1470, 1455, 1455); the trials were not at one operating point and the median is a blend
  BN=  32 BM=  64 n= 2 rep= 8 r=  128 T=   512     1.9399 ms (207 iters)
  BN=  32 BM=  64 n= 3 rep= 8 r=  192 T=   768     2.8086 ms (142 iters)
  BN=  32 BM=  64 n= 4 rep= 8 r=  256 T=  1024     3.6643 ms (107 iters)
  BN=  32 BM=  64 n= 5 rep= 8 r=  320 T=  1280     4.5829 ms (86 iters)
  BN=  32 BM=  64 n= 6 rep= 8 r=  384 T=  1536     5.4726 ms (72 iters)
  BN=  32 BM=  64 n= 7 rep= 8 r=  448 T=  1792     6.3823 ms (62 iters)
  ^ kept (LEVEL high is recorded, not excluded): LEVEL HIGH (recorded, not an exclusion): loaded clock 1635 MHz is over the 1545 MHz edge of the band around the 1470 MHz reference; the cell ran at 1.11x the issue rate the fixed compute roof assumed, so its fraction of that roof is inflated by the ratio; read roof_at_cell_clock_tflops
  BN=  32 BM=  64 n= 8 rep= 8 r=  512 T=  2048     7.1596 ms (55 iters)
  BN=  32 BM=  64 n= 1 rep= 9 r=   64 T=   256     1.0330 ms (380 iters)
  BN=  32 BM=  64 n= 2 rep= 9 r=  128 T=   512     1.9376 ms (205 iters)
  BN=  32 BM=  64 n= 3 rep= 9 r=  192 T=   768     2.8070 ms (142 iters)
  BN=  32 BM=  64 n= 4 rep= 9 r=  256 T=  1024     3.6522 ms (108 iters)
  BN=  32 BM=  64 n= 5 rep= 9 r=  320 T=  1280     4.5848 ms (86 iters)
  BN=  32 BM=  64 n= 6 rep= 9 r=  384 T=  1536     5.4779 ms (72 iters)
  BN=  32 BM=  64 n= 7 rep= 9 r=  448 T=  1792     6.3794 ms (62 iters)
  ^ kept (LEVEL high is recorded, not excluded): LEVEL HIGH (recorded, not an exclusion): loaded clock 1620 MHz is over the 1545 MHz edge of the band around the 1470 MHz reference; the cell ran at 1.10x the issue rate the fixed compute roof assumed, so its fraction of that roof is inflated by the ratio; read roof_at_cell_clock_tflops
  BN=  32 BM=  64 n= 8 rep= 9 r=  512 T=  2048     7.1591 ms (55 iters)
  ^ DRIFT failed, dropping: under-load clock went 1665 -> 1425 MHz over 25 samples (1665, 1665, 1440, 1440, 1425, 1425, 1440, 1440, 1425, 1425, 1380, 1380, 1440, 1440, 1425, 1425, 1410, 1410, 1395, 1395, 1425, 1425, 1425, 1425, 1425); the trials were not at one operating point and the median is a blend
  BN=  32 BM=  64 n= 1 rep=10 r=   64 T=   256     1.0321 ms (382 iters)
  BN=  32 BM=  64 n= 2 rep=10 r=  128 T=   512     1.9367 ms (208 iters)
  ^ DRIFT failed, dropping: under-load clock went 1620 -> 1500 MHz over 24 samples (1620, 1620, 1515, 1515, 1515, 1515, 1515, 1515, 1485, 1485, 1425, 1425, 1500, 1500, 1500, 1500, 1470, 1470, 1500, 1500, 1500, 1500, 1500, 1500); the trials were not at one operating point and the median is a blend
  BN=  32 BM=  64 n= 3 rep=10 r=  192 T=   768     2.8047 ms (144 iters)
  BN=  32 BM=  64 n= 4 rep=10 r=  256 T=  1024     3.6722 ms (109 iters)
  BN=  32 BM=  64 n= 5 rep=10 r=  320 T=  1280     4.5767 ms (87 iters)
  BN=  32 BM=  64 n= 6 rep=10 r=  384 T=  1536     5.4782 ms (71 iters)
  ^ kept (LEVEL high is recorded, not excluded): LEVEL HIGH (recorded, not an exclusion): loaded clock 1575 MHz is over the 1545 MHz edge of the band around the 1470 MHz reference; the cell ran at 1.07x the issue rate the fixed compute roof assumed, so its fraction of that roof is inflated by the ratio; read roof_at_cell_clock_tflops
  BN=  32 BM=  64 n= 7 rep=10 r=  448 T=  1792     6.3730 ms (63 iters)
  ^ LEVEL HIGH (recorded, not an exclusion): loaded clock 1650 MHz is over the 1545 MHz edge of the band around the 1470 MHz reference; the cell ran at 1.12x the issue rate the fixed compute roof assumed, so its fraction of that roof is inflated by the ratio; read roof_at_cell_clock_tflops; DRIFT failed, settling upward: under-load clock went 1515 -> 1605 MHz over 23 samples (1515, 1650, 1650, 1665, 1665, 1650, 1650, 1665, 1665, 1650, 1650, 1500, 1500, 1605, 1605, 1650, 1650, 1545, 1545, 1545, 1545, 1605, 1605); the trials were not at one operating point and the median is a blend
  BN=  32 BM=  64 n= 8 rep=10 r=  512 T=  2048     7.1608 ms (55 iters)
  BN=  32 BM=  64 n= 1 rep=11 r=   64 T=   256     1.0379 ms (382 iters)
  BN=  32 BM=  64 n= 2 rep=11 r=  128 T=   512     1.9365 ms (210 iters)
  BN=  32 BM=  64 n= 3 rep=11 r=  192 T=   768     2.8127 ms (140 iters)
  BN=  32 BM=  64 n= 4 rep=11 r=  256 T=  1024     3.6703 ms (109 iters)
  BN=  32 BM=  64 n= 5 rep=11 r=  320 T=  1280     4.5939 ms (86 iters)
  BN=  32 BM=  64 n= 6 rep=11 r=  384 T=  1536     5.4716 ms (71 iters)
  ^ kept (LEVEL high is recorded, not excluded): LEVEL HIGH (recorded, not an exclusion): loaded clock 1560 MHz is over the 1545 MHz edge of the band around the 1470 MHz reference; the cell ran at 1.06x the issue rate the fixed compute roof assumed, so its fraction of that roof is inflated by the ratio; read roof_at_cell_clock_tflops
  BN=  32 BM=  64 n= 7 rep=11 r=  448 T=  1792     6.3723 ms (62 iters)
  ^ kept (LEVEL high is recorded, not excluded): LEVEL HIGH (recorded, not an exclusion): loaded clock 1635 MHz is over the 1545 MHz edge of the band around the 1470 MHz reference; the cell ran at 1.11x the issue rate the fixed compute roof assumed, so its fraction of that roof is inflated by the ratio; read roof_at_cell_clock_tflops
  BN=  32 BM=  64 n= 8 rep=11 r=  512 T=  2048     7.1688 ms (55 iters)
  BN=  32 BM=  64 n= 1 rep=12 r=   64 T=   256     1.0336 ms (379 iters)
  BN=  32 BM=  64 n= 2 rep=12 r=  128 T=   512     1.9420 ms (209 iters)
  BN=  32 BM=  64 n= 3 rep=12 r=  192 T=   768     2.8048 ms (143 iters)
  BN=  32 BM=  64 n= 4 rep=12 r=  256 T=  1024     3.6680 ms (107 iters)
  BN=  32 BM=  64 n= 5 rep=12 r=  320 T=  1280     4.5844 ms (87 iters)
  BN=  32 BM=  64 n= 6 rep=12 r=  384 T=  1536     5.4585 ms (72 iters)
  BN=  32 BM=  64 n= 7 rep=12 r=  448 T=  1792     6.3785 ms (61 iters)
  ^ kept (LEVEL high is recorded, not excluded): LEVEL HIGH (recorded, not an exclusion): loaded clock 1635 MHz is over the 1545 MHz edge of the band around the 1470 MHz reference; the cell ran at 1.11x the issue rate the fixed compute roof assumed, so its fraction of that roof is inflated by the ratio; read roof_at_cell_clock_tflops
  BN=  32 BM=  64 n= 8 rep=12 r=  512 T=  2048     7.1633 ms (55 iters)
  ^ DRIFT failed, dropping: under-load clock went 1665 -> 1425 MHz over 25 samples (1665, 1665, 1425, 1425, 1425, 1425, 1425, 1425, 1440, 1440, 1395, 1395, 1440, 1440, 1425, 1425, 1410, 1410, 1410, 1410, 1425, 1425, 1425, 1425, 1425); the trials were not at one operating point and the median is a blend
  BN=  32 BM=  64 n= 1 rep=13 r=   64 T=   256     1.0331 ms (382 iters)
  BN=  32 BM=  64 n= 2 rep=13 r=  128 T=   512     1.9357 ms (205 iters)
  BN=  32 BM=  64 n= 3 rep=13 r=  192 T=   768     2.8101 ms (142 iters)
  BN=  32 BM=  64 n= 4 rep=13 r=  256 T=  1024     3.6712 ms (108 iters)
  BN=  32 BM=  64 n= 5 rep=13 r=  320 T=  1280     4.5787 ms (86 iters)
  BN=  32 BM=  64 n= 6 rep=13 r=  384 T=  1536     5.4848 ms (72 iters)
  ^ kept (LEVEL high is recorded, not excluded): LEVEL HIGH (recorded, not an exclusion): loaded clock 1568 MHz is over the 1545 MHz edge of the band around the 1470 MHz reference; the cell ran at 1.07x the issue rate the fixed compute roof assumed, so its fraction of that roof is inflated by the ratio; read roof_at_cell_clock_tflops
  BN=  32 BM=  64 n= 7 rep=13 r=  448 T=  1792     6.3687 ms (62 iters)
  ^ kept (LEVEL high is recorded, not excluded): LEVEL HIGH (recorded, not an exclusion): loaded clock 1620 MHz is over the 1545 MHz edge of the band around the 1470 MHz reference; the cell ran at 1.10x the issue rate the fixed compute roof assumed, so its fraction of that roof is inflated by the ratio; read roof_at_cell_clock_tflops
  BN=  32 BM=  64 n= 8 rep=13 r=  512 T=  2048     7.1729 ms (55 iters)
  ^ DRIFT failed, dropping: under-load clock went 1530 -> 1425 MHz over 25 samples (1530, 1530, 1410, 1410, 1425, 1425, 1425, 1425, 1425, 1425, 1365, 1365, 1455, 1455, 1440, 1440, 1425, 1425, 1410, 1410, 1425, 1425, 1440, 1440, 1425); the trials were not at one operating point and the median is a blend
  BN=  32 BM=  64 n= 1 rep=14 r=   64 T=   256     1.0348 ms (380 iters)
  BN=  32 BM=  64 n= 2 rep=14 r=  128 T=   512     1.9355 ms (208 iters)
  BN=  32 BM=  64 n= 3 rep=14 r=  192 T=   768     2.8110 ms (142 iters)
  BN=  32 BM=  64 n= 4 rep=14 r=  256 T=  1024     3.6577 ms (109 iters)
  BN=  32 BM=  64 n= 5 rep=14 r=  320 T=  1280     4.5742 ms (87 iters)
  BN=  32 BM=  64 n= 6 rep=14 r=  384 T=  1536     5.4758 ms (72 iters)
  ^ kept (LEVEL high is recorded, not excluded): LEVEL HIGH (recorded, not an exclusion): loaded clock 1568 MHz is over the 1545 MHz edge of the band around the 1470 MHz reference; the cell ran at 1.07x the issue rate the fixed compute roof assumed, so its fraction of that roof is inflated by the ratio; read roof_at_cell_clock_tflops
  BN=  32 BM=  64 n= 7 rep=14 r=  448 T=  1792     6.3632 ms (62 iters)
  ^ kept (LEVEL high is recorded, not excluded): LEVEL HIGH (recorded, not an exclusion): loaded clock 1635 MHz is over the 1545 MHz edge of the band around the 1470 MHz reference; the cell ran at 1.11x the issue rate the fixed compute roof assumed, so its fraction of that roof is inflated by the ratio; read roof_at_cell_clock_tflops
  BN=  32 BM=  64 n= 8 rep=14 r=  512 T=  2048     7.1576 ms (55 iters)
  BN=  32 BM=  64 n= 1 rep=15 r=   64 T=   256     1.0359 ms (382 iters)
  BN=  32 BM=  64 n= 2 rep=15 r=  128 T=   512     1.9345 ms (210 iters)
  BN=  32 BM=  64 n= 3 rep=15 r=  192 T=   768     2.8083 ms (142 iters)
  BN=  32 BM=  64 n= 4 rep=15 r=  256 T=  1024     3.6698 ms (108 iters)
  BN=  32 BM=  64 n= 5 rep=15 r=  320 T=  1280     4.5822 ms (87 iters)
  ^ kept (LEVEL high is recorded, not excluded): LEVEL HIGH (recorded, not an exclusion): loaded clock 1552 MHz is over the 1545 MHz edge of the band around the 1470 MHz reference; the cell ran at 1.06x the issue rate the fixed compute roof assumed, so its fraction of that roof is inflated by the ratio; read roof_at_cell_clock_tflops
  BN=  32 BM=  64 n= 6 rep=15 r=  384 T=  1536     5.4666 ms (72 iters)
  BN=  32 BM=  64 n= 7 rep=15 r=  448 T=  1792     6.3808 ms (62 iters)
  ^ kept (LEVEL high is recorded, not excluded): LEVEL HIGH (recorded, not an exclusion): loaded clock 1620 MHz is over the 1545 MHz edge of the band around the 1470 MHz reference; the cell ran at 1.10x the issue rate the fixed compute roof assumed, so its fraction of that roof is inflated by the ratio; read roof_at_cell_clock_tflops
  BN=  32 BM=  64 n= 8 rep=15 r=  512 T=  2048     7.1700 ms (55 iters)
  BN=  32 BM=  64 n= 1 rep=16 r=   64 T=   256     1.0324 ms (381 iters)
  BN=  32 BM=  64 n= 2 rep=16 r=  128 T=   512     1.9369 ms (206 iters)
  BN=  32 BM=  64 n= 3 rep=16 r=  192 T=   768     2.8084 ms (140 iters)
  BN=  32 BM=  64 n= 4 rep=16 r=  256 T=  1024     3.6680 ms (109 iters)
  BN=  32 BM=  64 n= 5 rep=16 r=  320 T=  1280     4.5973 ms (86 iters)
  BN=  32 BM=  64 n= 6 rep=16 r=  384 T=  1536     5.4777 ms (72 iters)
  ^ LEVEL HIGH (recorded, not an exclusion): loaded clock 1560 MHz is over the 1545 MHz edge of the band around the 1470 MHz reference; the cell ran at 1.06x the issue rate the fixed compute roof assumed, so its fraction of that roof is inflated by the ratio; read roof_at_cell_clock_tflops; DRIFT failed, settling upward: under-load clock went 1515 -> 1605 MHz over 24 samples (1515, 1575, 1575, 1590, 1590, 1545, 1545, 1530, 1530, 1545, 1545, 1440, 1440, 1590, 1590, 1620, 1620, 1575, 1575, 1530, 1530, 1560, 1560, 1605); the trials were not at one operating point and the median is a blend
  BN=  32 BM=  64 n= 7 rep=16 r=  448 T=  1792     6.3717 ms (62 iters)
  ^ kept (LEVEL high is recorded, not excluded): LEVEL HIGH (recorded, not an exclusion): loaded clock 1635 MHz is over the 1545 MHz edge of the band around the 1470 MHz reference; the cell ran at 1.11x the issue rate the fixed compute roof assumed, so its fraction of that roof is inflated by the ratio; read roof_at_cell_clock_tflops
  BN=  32 BM=  64 n= 8 rep=16 r=  512 T=  2048     7.1662 ms (55 iters)
  BN=  32 BM=  64 n= 1 rep=17 r=   64 T=   256     1.0319 ms (379 iters)
  BN=  32 BM=  64 n= 2 rep=17 r=  128 T=   512     1.9375 ms (209 iters)
  BN=  32 BM=  64 n= 3 rep=17 r=  192 T=   768     2.8141 ms (143 iters)
  BN=  32 BM=  64 n= 4 rep=17 r=  256 T=  1024     3.6696 ms (109 iters)
  BN=  32 BM=  64 n= 5 rep=17 r=  320 T=  1280     4.5870 ms (87 iters)
  BN=  32 BM=  64 n= 6 rep=17 r=  384 T=  1536     5.4754 ms (73 iters)
  ^ kept (LEVEL high is recorded, not excluded): LEVEL HIGH (recorded, not an exclusion): loaded clock 1575 MHz is over the 1545 MHz edge of the band around the 1470 MHz reference; the cell ran at 1.07x the issue rate the fixed compute roof assumed, so its fraction of that roof is inflated by the ratio; read roof_at_cell_clock_tflops
  BN=  32 BM=  64 n= 7 rep=17 r=  448 T=  1792     6.3589 ms (62 iters)
  ^ kept (LEVEL high is recorded, not excluded): LEVEL HIGH (recorded, not an exclusion): loaded clock 1635 MHz is over the 1545 MHz edge of the band around the 1470 MHz reference; the cell ran at 1.11x the issue rate the fixed compute roof assumed, so its fraction of that roof is inflated by the ratio; read roof_at_cell_clock_tflops
  BN=  32 BM=  64 n= 8 rep=17 r=  512 T=  2048     7.1655 ms (55 iters)

-- BN=32: subject ladder, BLOCK_M=128 --
  BN=  32 BM= 128 n= 1 rep= 1 r=  128 T=   512     1.5707 ms (254 iters)
  BN=  32 BM= 128 n= 2 rep= 1 r=  256 T=  1024     3.1059 ms (126 iters)
  ^ DRIFT failed, dropping: under-load clock went 1680 -> 1515 MHz over 24 samples (1680, 1680, 1470, 1470, 1470, 1470, 1485, 1485, 1500, 1500, 1410, 1410, 1530, 1530, 1575, 1575, 1590, 1590, 1635, 1635, 1515, 1515, 1515, 1515); the trials were not at one operating point and the median is a blend
  BN=  32 BM= 128 n= 3 rep= 1 r=  384 T=  1536     4.6384 ms (86 iters)
  BN=  32 BM= 128 n= 4 rep= 1 r=  512 T=  2048     6.1197 ms (65 iters)
  BN=  32 BM= 128 n= 5 rep= 1 r=  640 T=  2560     7.6857 ms (51 iters)
  BN=  32 BM= 128 n= 6 rep= 1 r=  768 T=  3072     9.2600 ms (42 iters)
  BN=  32 BM= 128 n= 7 rep= 1 r=  896 T=  3584    10.7266 ms (37 iters)
  ^ kept (LEVEL high is recorded, not excluded): LEVEL HIGH (recorded, not an exclusion): loaded clock 1560 MHz is over the 1545 MHz edge of the band around the 1470 MHz reference; the cell ran at 1.06x the issue rate the fixed compute roof assumed, so its fraction of that roof is inflated by the ratio; read roof_at_cell_clock_tflops
  BN=  32 BM= 128 n= 8 rep= 1 r= 1024 T=  4096    12.1433 ms (32 iters)
  BN=  32 BM= 128 n= 1 rep= 2 r=  128 T=   512     1.5973 ms (245 iters)
  BN=  32 BM= 128 n= 2 rep= 2 r=  256 T=  1024     3.1125 ms (129 iters)
  BN=  32 BM= 128 n= 3 rep= 2 r=  384 T=  1536     4.6293 ms (86 iters)
  BN=  32 BM= 128 n= 4 rep= 2 r=  512 T=  2048     6.1370 ms (65 iters)
  BN=  32 BM= 128 n= 5 rep= 2 r=  640 T=  2560     7.6617 ms (51 iters)
  BN=  32 BM= 128 n= 6 rep= 2 r=  768 T=  3072     9.2588 ms (43 iters)
  ^ kept (LEVEL high is recorded, not excluded): LEVEL HIGH (recorded, not an exclusion): loaded clock 1560 MHz is over the 1545 MHz edge of the band around the 1470 MHz reference; the cell ran at 1.06x the issue rate the fixed compute roof assumed, so its fraction of that roof is inflated by the ratio; read roof_at_cell_clock_tflops
  BN=  32 BM= 128 n= 7 rep= 2 r=  896 T=  3584    10.7280 ms (36 iters)
  ^ kept (LEVEL high is recorded, not excluded): LEVEL HIGH (recorded, not an exclusion): loaded clock 1575 MHz is over the 1545 MHz edge of the band around the 1470 MHz reference; the cell ran at 1.07x the issue rate the fixed compute roof assumed, so its fraction of that roof is inflated by the ratio; read roof_at_cell_clock_tflops
  BN=  32 BM= 128 n= 8 rep= 2 r= 1024 T=  4096    12.1340 ms (32 iters)
  BN=  32 BM= 128 n= 1 rep= 3 r=  128 T=   512     1.6236 ms (240 iters)
  BN=  32 BM= 128 n= 2 rep= 3 r=  256 T=  1024     3.1250 ms (128 iters)
  BN=  32 BM= 128 n= 3 rep= 3 r=  384 T=  1536     4.5917 ms (87 iters)
  BN=  32 BM= 128 n= 4 rep= 3 r=  512 T=  2048     6.1425 ms (65 iters)
  BN=  32 BM= 128 n= 5 rep= 3 r=  640 T=  2560     7.6731 ms (52 iters)
  BN=  32 BM= 128 n= 6 rep= 3 r=  768 T=  3072     9.2599 ms (43 iters)
  ^ kept (LEVEL high is recorded, not excluded): LEVEL HIGH (recorded, not an exclusion): loaded clock 1582 MHz is over the 1545 MHz edge of the band around the 1470 MHz reference; the cell ran at 1.08x the issue rate the fixed compute roof assumed, so its fraction of that roof is inflated by the ratio; read roof_at_cell_clock_tflops
  BN=  32 BM= 128 n= 7 rep= 3 r=  896 T=  3584    10.7279 ms (37 iters)
  ^ kept (LEVEL high is recorded, not excluded): LEVEL HIGH (recorded, not an exclusion): loaded clock 1575 MHz is over the 1545 MHz edge of the band around the 1470 MHz reference; the cell ran at 1.07x the issue rate the fixed compute roof assumed, so its fraction of that roof is inflated by the ratio; read roof_at_cell_clock_tflops
  BN=  32 BM= 128 n= 8 rep= 3 r= 1024 T=  4096    12.1266 ms (32 iters)
  ^ DRIFT failed, dropping: under-load clock went 1635 -> 1500 MHz over 24 samples (1635, 1635, 1470, 1470, 1470, 1470, 1455, 1455, 1470, 1470, 1425, 1425, 1515, 1515, 1455, 1455, 1425, 1425, 1425, 1425, 1470, 1470, 1500, 1500); the trials were not at one operating point and the median is a blend
  BN=  32 BM= 128 n= 1 rep= 4 r=  128 T=   512     1.6183 ms (245 iters)
  BN=  32 BM= 128 n= 2 rep= 4 r=  256 T=  1024     3.1211 ms (128 iters)
  BN=  32 BM= 128 n= 3 rep= 4 r=  384 T=  1536     4.6091 ms (86 iters)
  BN=  32 BM= 128 n= 4 rep= 4 r=  512 T=  2048     6.1279 ms (65 iters)
  BN=  32 BM= 128 n= 5 rep= 4 r=  640 T=  2560     7.6680 ms (52 iters)
  BN=  32 BM= 128 n= 6 rep= 4 r=  768 T=  3072     9.2513 ms (43 iters)
  ^ kept (LEVEL high is recorded, not excluded): LEVEL HIGH (recorded, not an exclusion): loaded clock 1552 MHz is over the 1545 MHz edge of the band around the 1470 MHz reference; the cell ran at 1.06x the issue rate the fixed compute roof assumed, so its fraction of that roof is inflated by the ratio; read roof_at_cell_clock_tflops
  BN=  32 BM= 128 n= 7 rep= 4 r=  896 T=  3584    10.7479 ms (37 iters)
  ^ kept (LEVEL high is recorded, not excluded): LEVEL HIGH (recorded, not an exclusion): loaded clock 1620 MHz is over the 1545 MHz edge of the band around the 1470 MHz reference; the cell ran at 1.10x the issue rate the fixed compute roof assumed, so its fraction of that roof is inflated by the ratio; read roof_at_cell_clock_tflops
  BN=  32 BM= 128 n= 8 rep= 4 r= 1024 T=  4096    12.1196 ms (32 iters)
  BN=  32 BM= 128 n= 1 rep= 5 r=  128 T=   512     1.6086 ms (245 iters)
  BN=  32 BM= 128 n= 2 rep= 5 r=  256 T=  1024     3.1055 ms (130 iters)
  ^ kept (LEVEL high is recorded, not excluded): LEVEL HIGH (recorded, not an exclusion): loaded clock 1560 MHz is over the 1545 MHz edge of the band around the 1470 MHz reference; the cell ran at 1.06x the issue rate the fixed compute roof assumed, so its fraction of that roof is inflated by the ratio; read roof_at_cell_clock_tflops
  BN=  32 BM= 128 n= 3 rep= 5 r=  384 T=  1536     4.5891 ms (87 iters)
  BN=  32 BM= 128 n= 4 rep= 5 r=  512 T=  2048     6.0955 ms (65 iters)
  ^ kept (LEVEL high is recorded, not excluded): LEVEL HIGH (recorded, not an exclusion): loaded clock 1560 MHz is over the 1545 MHz edge of the band around the 1470 MHz reference; the cell ran at 1.06x the issue rate the fixed compute roof assumed, so its fraction of that roof is inflated by the ratio; read roof_at_cell_clock_tflops
  BN=  32 BM= 128 n= 5 rep= 5 r=  640 T=  2560     7.6339 ms (52 iters)
  BN=  32 BM= 128 n= 6 rep= 5 r=  768 T=  3072     9.2663 ms (42 iters)
  ^ kept (LEVEL high is recorded, not excluded): LEVEL HIGH (recorded, not an exclusion): loaded clock 1582 MHz is over the 1545 MHz edge of the band around the 1470 MHz reference; the cell ran at 1.08x the issue rate the fixed compute roof assumed, so its fraction of that roof is inflated by the ratio; read roof_at_cell_clock_tflops
  BN=  32 BM= 128 n= 7 rep= 5 r=  896 T=  3584    10.7359 ms (37 iters)
  BN=  32 BM= 128 n= 8 rep= 5 r= 1024 T=  4096    12.1542 ms (32 iters)
  BN=  32 BM= 128 n= 1 rep= 6 r=  128 T=   512     1.6221 ms (242 iters)
  BN=  32 BM= 128 n= 2 rep= 6 r=  256 T=  1024     3.1200 ms (128 iters)
  BN=  32 BM= 128 n= 3 rep= 6 r=  384 T=  1536     4.6314 ms (86 iters)
  BN=  32 BM= 128 n= 4 rep= 6 r=  512 T=  2048     6.1435 ms (64 iters)
  BN=  32 BM= 128 n= 5 rep= 6 r=  640 T=  2560     7.6753 ms (51 iters)
  BN=  32 BM= 128 n= 6 rep= 6 r=  768 T=  3072     9.2371 ms (43 iters)
  ^ kept (LEVEL high is recorded, not excluded): LEVEL HIGH (recorded, not an exclusion): loaded clock 1605 MHz is over the 1545 MHz edge of the band around the 1470 MHz reference; the cell ran at 1.09x the issue rate the fixed compute roof assumed, so its fraction of that roof is inflated by the ratio; read roof_at_cell_clock_tflops
  BN=  32 BM= 128 n= 7 rep= 6 r=  896 T=  3584    10.7298 ms (37 iters)
  ^ kept (LEVEL high is recorded, not excluded): LEVEL HIGH (recorded, not an exclusion): loaded clock 1605 MHz is over the 1545 MHz edge of the band around the 1470 MHz reference; the cell ran at 1.09x the issue rate the fixed compute roof assumed, so its fraction of that roof is inflated by the ratio; read roof_at_cell_clock_tflops
  BN=  32 BM= 128 n= 8 rep= 6 r= 1024 T=  4096    12.1199 ms (32 iters)
  ^ DRIFT failed, dropping: under-load clock went 1575 -> 1470 MHz over 24 samples (1575, 1575, 1440, 1440, 1455, 1455, 1455, 1455, 1515, 1515, 1320, 1320, 1485, 1485, 1500, 1500, 1455, 1455, 1425, 1425, 1515, 1515, 1470, 1470); the trials were not at one operating point and the median is a blend
  BN=  32 BM= 128 n= 1 rep= 7 r=  128 T=   512     1.6210 ms (245 iters)
  BN=  32 BM= 128 n= 2 rep= 7 r=  256 T=  1024     3.1088 ms (130 iters)
  BN=  32 BM= 128 n= 3 rep= 7 r=  384 T=  1536     4.5963 ms (87 iters)
  BN=  32 BM= 128 n= 4 rep= 7 r=  512 T=  2048     6.1452 ms (65 iters)
  ^ kept (LEVEL high is recorded, not excluded): LEVEL HIGH (recorded, not an exclusion): loaded clock 1582 MHz is over the 1545 MHz edge of the band around the 1470 MHz reference; the cell ran at 1.08x the issue rate the fixed compute roof assumed, so its fraction of that roof is inflated by the ratio; read roof_at_cell_clock_tflops
  BN=  32 BM= 128 n= 5 rep= 7 r=  640 T=  2560     7.6552 ms (52 iters)
  BN=  32 BM= 128 n= 6 rep= 7 r=  768 T=  3072     9.2536 ms (42 iters)
  ^ kept (LEVEL high is recorded, not excluded): LEVEL HIGH (recorded, not an exclusion): loaded clock 1575 MHz is over the 1545 MHz edge of the band around the 1470 MHz reference; the cell ran at 1.07x the issue rate the fixed compute roof assumed, so its fraction of that roof is inflated by the ratio; read roof_at_cell_clock_tflops
  BN=  32 BM= 128 n= 7 rep= 7 r=  896 T=  3584    10.7417 ms (37 iters)
  BN=  32 BM= 128 n= 8 rep= 7 r= 1024 T=  4096    12.1590 ms (32 iters)
  BN=  32 BM= 128 n= 1 rep= 8 r=  128 T=   512     1.6223 ms (249 iters)
  BN=  32 BM= 128 n= 2 rep= 8 r=  256 T=  1024     3.1214 ms (127 iters)
  BN=  32 BM= 128 n= 3 rep= 8 r=  384 T=  1536     4.6206 ms (87 iters)
  BN=  32 BM= 128 n= 4 rep= 8 r=  512 T=  2048     6.1396 ms (65 iters)
  ^ LEVEL HIGH (recorded, not an exclusion): loaded clock 1552 MHz is over the 1545 MHz edge of the band around the 1470 MHz reference; the cell ran at 1.06x the issue rate the fixed compute roof assumed, so its fraction of that roof is inflated by the ratio; read roof_at_cell_clock_tflops; DRIFT failed, dropping: under-load clock went 1650 -> 1530 MHz over 24 samples (1650, 1650, 1560, 1560, 1515, 1515, 1515, 1515, 1545, 1545, 1410, 1410, 1425, 1515, 1515, 1560, 1560, 1635, 1635, 1635, 1635, 1575, 1575, 1530); the trials were not at one operating point and the median is a blend
  BN=  32 BM= 128 n= 5 rep= 8 r=  640 T=  2560     7.6611 ms (52 iters)
  BN=  32 BM= 128 n= 6 rep= 8 r=  768 T=  3072     9.2479 ms (43 iters)
  ^ LEVEL HIGH (recorded, not an exclusion): loaded clock 1598 MHz is over the 1545 MHz edge of the band around the 1470 MHz reference; the cell ran at 1.09x the issue rate the fixed compute roof assumed, so its fraction of that roof is inflated by the ratio; read roof_at_cell_clock_tflops; DRIFT failed, dropping: under-load clock went 1710 -> 1605 MHz over 24 samples (1710, 1710, 1620, 1620, 1530, 1530, 1515, 1515, 1560, 1560, 1230, 1230, 1485, 1485, 1590, 1590, 1650, 1650, 1620, 1620, 1650, 1650, 1605, 1605); the trials were not at one operating point and the median is a blend
  BN=  32 BM= 128 n= 7 rep= 8 r=  896 T=  3584    10.7372 ms (37 iters)
  ^ kept (LEVEL high is recorded, not excluded): LEVEL HIGH (recorded, not an exclusion): loaded clock 1590 MHz is over the 1545 MHz edge of the band around the 1470 MHz reference; the cell ran at 1.08x the issue rate the fixed compute roof assumed, so its fraction of that roof is inflated by the ratio; read roof_at_cell_clock_tflops
  BN=  32 BM= 128 n= 8 rep= 8 r= 1024 T=  4096    12.1306 ms (32 iters)
  ^ DRIFT failed, dropping: under-load clock went 1575 -> 1440 MHz over 25 samples (1575, 1575, 1515, 1515, 1455, 1455, 1515, 1515, 1530, 1530, 1335, 1335, 1530, 1530, 1530, 1530, 1440, 1440, 1440, 1440, 1470, 1470, 1455, 1455, 1440); the trials were not at one operating point and the median is a blend
  BN=  32 BM= 128 n= 1 rep= 9 r=  128 T=   512     1.6186 ms (248 iters)
  BN=  32 BM= 128 n= 2 rep= 9 r=  256 T=  1024     3.0768 ms (130 iters)
  BN=  32 BM= 128 n= 3 rep= 9 r=  384 T=  1536     4.6124 ms (83 iters)
  BN=  32 BM= 128 n= 4 rep= 9 r=  512 T=  2048     6.1847 ms (65 iters)
  BN=  32 BM= 128 n= 5 rep= 9 r=  640 T=  2560     7.6581 ms (52 iters)
  BN=  32 BM= 128 n= 6 rep= 9 r=  768 T=  3072     9.2585 ms (42 iters)
  ^ kept (LEVEL high is recorded, not excluded): LEVEL HIGH (recorded, not an exclusion): loaded clock 1590 MHz is over the 1545 MHz edge of the band around the 1470 MHz reference; the cell ran at 1.08x the issue rate the fixed compute roof assumed, so its fraction of that roof is inflated by the ratio; read roof_at_cell_clock_tflops
  BN=  32 BM= 128 n= 7 rep= 9 r=  896 T=  3584    10.7319 ms (37 iters)
  ^ kept (LEVEL high is recorded, not excluded): LEVEL HIGH (recorded, not an exclusion): loaded clock 1605 MHz is over the 1545 MHz edge of the band around the 1470 MHz reference; the cell ran at 1.09x the issue rate the fixed compute roof assumed, so its fraction of that roof is inflated by the ratio; read roof_at_cell_clock_tflops
  BN=  32 BM= 128 n= 8 rep= 9 r= 1024 T=  4096    12.1192 ms (32 iters)
  BN=  32 BM= 128 n= 1 rep=10 r=  128 T=   512     1.6164 ms (236 iters)
  BN=  32 BM= 128 n= 2 rep=10 r=  256 T=  1024     3.1339 ms (128 iters)
  BN=  32 BM= 128 n= 3 rep=10 r=  384 T=  1536     4.5927 ms (87 iters)
  BN=  32 BM= 128 n= 4 rep=10 r=  512 T=  2048     6.1110 ms (64 iters)
  BN=  32 BM= 128 n= 5 rep=10 r=  640 T=  2560     7.6511 ms (52 iters)
  BN=  32 BM= 128 n= 6 rep=10 r=  768 T=  3072     9.2488 ms (43 iters)
  ^ kept (LEVEL high is recorded, not excluded): LEVEL HIGH (recorded, not an exclusion): loaded clock 1575 MHz is over the 1545 MHz edge of the band around the 1470 MHz reference; the cell ran at 1.07x the issue rate the fixed compute roof assumed, so its fraction of that roof is inflated by the ratio; read roof_at_cell_clock_tflops
  BN=  32 BM= 128 n= 7 rep=10 r=  896 T=  3584    10.7413 ms (37 iters)
  ^ kept (LEVEL high is recorded, not excluded): LEVEL HIGH (recorded, not an exclusion): loaded clock 1650 MHz is over the 1545 MHz edge of the band around the 1470 MHz reference; the cell ran at 1.12x the issue rate the fixed compute roof assumed, so its fraction of that roof is inflated by the ratio; read roof_at_cell_clock_tflops
  BN=  32 BM= 128 n= 8 rep=10 r= 1024 T=  4096    12.1140 ms (32 iters)
  BN=  32 BM= 128 n= 1 rep=11 r=  128 T=   512     1.6234 ms (241 iters)
  ^ DRIFT failed, dropping: under-load clock went 1590 -> 1500 MHz over 24 samples (1590, 1560, 1560, 1485, 1485, 1470, 1470, 1455, 1455, 1455, 1455, 1365, 1365, 1515, 1515, 1530, 1530, 1560, 1560, 1560, 1560, 1515, 1515, 1500); the trials were not at one operating point and the median is a blend
  BN=  32 BM= 128 n= 2 rep=11 r=  256 T=  1024     3.1094 ms (130 iters)
  BN=  32 BM= 128 n= 3 rep=11 r=  384 T=  1536     4.6110 ms (86 iters)
  BN=  32 BM= 128 n= 4 rep=11 r=  512 T=  2048     6.1274 ms (66 iters)
  ^ kept (LEVEL high is recorded, not excluded): LEVEL HIGH (recorded, not an exclusion): loaded clock 1560 MHz is over the 1545 MHz edge of the band around the 1470 MHz reference; the cell ran at 1.06x the issue rate the fixed compute roof assumed, so its fraction of that roof is inflated by the ratio; read roof_at_cell_clock_tflops
  BN=  32 BM= 128 n= 5 rep=11 r=  640 T=  2560     7.6379 ms (52 iters)
  BN=  32 BM= 128 n= 6 rep=11 r=  768 T=  3072     9.2193 ms (43 iters)
  ^ kept (LEVEL high is recorded, not excluded): LEVEL HIGH (recorded, not an exclusion): loaded clock 1575 MHz is over the 1545 MHz edge of the band around the 1470 MHz reference; the cell ran at 1.07x the issue rate the fixed compute roof assumed, so its fraction of that roof is inflated by the ratio; read roof_at_cell_clock_tflops
  BN=  32 BM= 128 n= 7 rep=11 r=  896 T=  3584    10.7247 ms (36 iters)
  ^ kept (LEVEL high is recorded, not excluded): LEVEL HIGH (recorded, not an exclusion): loaded clock 1560 MHz is over the 1545 MHz edge of the band around the 1470 MHz reference; the cell ran at 1.06x the issue rate the fixed compute roof assumed, so its fraction of that roof is inflated by the ratio; read roof_at_cell_clock_tflops
  BN=  32 BM= 128 n= 8 rep=11 r= 1024 T=  4096    12.1375 ms (32 iters)
  BN=  32 BM= 128 n= 1 rep=12 r=  128 T=   512     1.5975 ms (245 iters)
  BN=  32 BM= 128 n= 2 rep=12 r=  256 T=  1024     3.1122 ms (127 iters)
  BN=  32 BM= 128 n= 3 rep=12 r=  384 T=  1536     4.6286 ms (85 iters)
  BN=  32 BM= 128 n= 4 rep=12 r=  512 T=  2048     6.1092 ms (65 iters)
  ^ LEVEL HIGH (recorded, not an exclusion): loaded clock 1568 MHz is over the 1545 MHz edge of the band around the 1470 MHz reference; the cell ran at 1.07x the issue rate the fixed compute roof assumed, so its fraction of that roof is inflated by the ratio; read roof_at_cell_clock_tflops; DRIFT failed, dropping: under-load clock went 1650 -> 1560 MHz over 24 samples (1650, 1650, 1590, 1590, 1515, 1515, 1560, 1560, 1575, 1575, 1200, 1200, 1485, 1485, 1560, 1560, 1590, 1590, 1635, 1635, 1620, 1620, 1560, 1560); the trials were not at one operating point and the median is a blend
  BN=  32 BM= 128 n= 5 rep=12 r=  640 T=  2560     7.6410 ms (52 iters)
  BN=  32 BM= 128 n= 6 rep=12 r=  768 T=  3072     9.2364 ms (43 iters)
  ^ kept (LEVEL high is recorded, not excluded): LEVEL HIGH (recorded, not an exclusion): loaded clock 1635 MHz is over the 1545 MHz edge of the band around the 1470 MHz reference; the cell ran at 1.11x the issue rate the fixed compute roof assumed, so its fraction of that roof is inflated by the ratio; read roof_at_cell_clock_tflops
  BN=  32 BM= 128 n= 7 rep=12 r=  896 T=  3584    10.7200 ms (37 iters)
  ^ kept (LEVEL high is recorded, not excluded): LEVEL HIGH (recorded, not an exclusion): loaded clock 1560 MHz is over the 1545 MHz edge of the band around the 1470 MHz reference; the cell ran at 1.06x the issue rate the fixed compute roof assumed, so its fraction of that roof is inflated by the ratio; read roof_at_cell_clock_tflops
  BN=  32 BM= 128 n= 8 rep=12 r= 1024 T=  4096    12.1330 ms (32 iters)
  ^ DRIFT failed, dropping: under-load clock went 1530 -> 1425 MHz over 24 samples (1530, 1530, 1470, 1470, 1470, 1470, 1485, 1485, 1455, 1455, 1410, 1410, 1500, 1500, 1515, 1515, 1500, 1500, 1425, 1425, 1470, 1470, 1425, 1425); the trials were not at one operating point and the median is a blend
  BN=  32 BM= 128 n= 1 rep=13 r=  128 T=   512     1.6191 ms (239 iters)
  BN=  32 BM= 128 n= 2 rep=13 r=  256 T=  1024     3.1103 ms (130 iters)
  BN=  32 BM= 128 n= 3 rep=13 r=  384 T=  1536     4.5971 ms (86 iters)
  BN=  32 BM= 128 n= 4 rep=13 r=  512 T=  2048     6.1347 ms (64 iters)
  ^ kept (LEVEL high is recorded, not excluded): LEVEL HIGH (recorded, not an exclusion): loaded clock 1642 MHz is over the 1545 MHz edge of the band around the 1470 MHz reference; the cell ran at 1.12x the issue rate the fixed compute roof assumed, so its fraction of that roof is inflated by the ratio; read roof_at_cell_clock_tflops
  BN=  32 BM= 128 n= 5 rep=13 r=  640 T=  2560     7.6269 ms (52 iters)
  ^ kept (LEVEL high is recorded, not excluded): LEVEL HIGH (recorded, not an exclusion): loaded clock 1620 MHz is over the 1545 MHz edge of the band around the 1470 MHz reference; the cell ran at 1.10x the issue rate the fixed compute roof assumed, so its fraction of that roof is inflated by the ratio; read roof_at_cell_clock_tflops
  BN=  32 BM= 128 n= 6 rep=13 r=  768 T=  3072     9.1708 ms (43 iters)
  ^ kept (LEVEL high is recorded, not excluded): LEVEL HIGH (recorded, not an exclusion): loaded clock 1575 MHz is over the 1545 MHz edge of the band around the 1470 MHz reference; the cell ran at 1.07x the issue rate the fixed compute roof assumed, so its fraction of that roof is inflated by the ratio; read roof_at_cell_clock_tflops
  BN=  32 BM= 128 n= 7 rep=13 r=  896 T=  3584    10.7241 ms (37 iters)
  ^ kept (LEVEL high is recorded, not excluded): LEVEL HIGH (recorded, not an exclusion): loaded clock 1560 MHz is over the 1545 MHz edge of the band around the 1470 MHz reference; the cell ran at 1.06x the issue rate the fixed compute roof assumed, so its fraction of that roof is inflated by the ratio; read roof_at_cell_clock_tflops
  BN=  32 BM= 128 n= 8 rep=13 r= 1024 T=  4096    12.1388 ms (32 iters)
  BN=  32 BM= 128 n= 1 rep=14 r=  128 T=   512     1.6220 ms (242 iters)
  ^ DRIFT failed, dropping: under-load clock went 1605 -> 1485 MHz over 24 samples (1605, 1605, 1500, 1500, 1470, 1470, 1500, 1500, 1500, 1500, 1395, 1395, 1470, 1470, 1515, 1515, 1530, 1530, 1500, 1500, 1500, 1500, 1485, 1485); the trials were not at one operating point and the median is a blend
  BN=  32 BM= 128 n= 2 rep=14 r=  256 T=  1024     3.1148 ms (129 iters)
  BN=  32 BM= 128 n= 3 rep=14 r=  384 T=  1536     4.5896 ms (86 iters)
  BN=  32 BM= 128 n= 4 rep=14 r=  512 T=  2048     6.0884 ms (65 iters)
  BN=  32 BM= 128 n= 5 rep=14 r=  640 T=  2560     7.6742 ms (52 iters)
  ^ kept (LEVEL high is recorded, not excluded): LEVEL HIGH (recorded, not an exclusion): loaded clock 1620 MHz is over the 1545 MHz edge of the band around the 1470 MHz reference; the cell ran at 1.10x the issue rate the fixed compute roof assumed, so its fraction of that roof is inflated by the ratio; read roof_at_cell_clock_tflops
  BN=  32 BM= 128 n= 6 rep=14 r=  768 T=  3072     9.1950 ms (43 iters)
  ^ kept (LEVEL high is recorded, not excluded): LEVEL HIGH (recorded, not an exclusion): loaded clock 1568 MHz is over the 1545 MHz edge of the band around the 1470 MHz reference; the cell ran at 1.07x the issue rate the fixed compute roof assumed, so its fraction of that roof is inflated by the ratio; read roof_at_cell_clock_tflops
  BN=  32 BM= 128 n= 7 rep=14 r=  896 T=  3584    10.7246 ms (37 iters)
  BN=  32 BM= 128 n= 8 rep=14 r= 1024 T=  4096    12.1432 ms (32 iters)
  ^ DRIFT failed, dropping: under-load clock went 1560 -> 1455 MHz over 24 samples (1560, 1560, 1470, 1470, 1455, 1455, 1500, 1500, 1485, 1485, 1425, 1425, 1455, 1455, 1515, 1515, 1440, 1440, 1455, 1455, 1455, 1455, 1455, 1455); the trials were not at one operating point and the median is a blend
  BN=  32 BM= 128 n= 1 rep=15 r=  128 T=   512     1.6263 ms (245 iters)
  BN=  32 BM= 128 n= 2 rep=15 r=  256 T=  1024     3.1131 ms (129 iters)
  BN=  32 BM= 128 n= 3 rep=15 r=  384 T=  1536     4.5886 ms (86 iters)
  BN=  32 BM= 128 n= 4 rep=15 r=  512 T=  2048     6.1170 ms (65 iters)
  ^ kept (LEVEL high is recorded, not excluded): LEVEL HIGH (recorded, not an exclusion): loaded clock 1650 MHz is over the 1545 MHz edge of the band around the 1470 MHz reference; the cell ran at 1.12x the issue rate the fixed compute roof assumed, so its fraction of that roof is inflated by the ratio; read roof_at_cell_clock_tflops
  BN=  32 BM= 128 n= 5 rep=15 r=  640 T=  2560     7.6342 ms (52 iters)
  ^ DRIFT failed, settling upward: under-load clock went 1470 -> 1545 MHz over 23 samples (1470, 1470, 1500, 1500, 1515, 1515, 1575, 1575, 1650, 1650, 1515, 1515, 1485, 1485, 1560, 1560, 1500, 1500, 1500, 1500, 1470, 1470, 1545); the trials were not at one operating point and the median is a blend
  BN=  32 BM= 128 n= 6 rep=15 r=  768 T=  3072     9.2980 ms (41 iters)
  ^ kept (LEVEL high is recorded, not excluded): LEVEL HIGH (recorded, not an exclusion): loaded clock 1598 MHz is over the 1545 MHz edge of the band around the 1470 MHz reference; the cell ran at 1.09x the issue rate the fixed compute roof assumed, so its fraction of that roof is inflated by the ratio; read roof_at_cell_clock_tflops
  BN=  32 BM= 128 n= 7 rep=15 r=  896 T=  3584    10.7245 ms (37 iters)
  ^ kept (LEVEL high is recorded, not excluded): LEVEL HIGH (recorded, not an exclusion): loaded clock 1590 MHz is over the 1545 MHz edge of the band around the 1470 MHz reference; the cell ran at 1.08x the issue rate the fixed compute roof assumed, so its fraction of that roof is inflated by the ratio; read roof_at_cell_clock_tflops
  BN=  32 BM= 128 n= 8 rep=15 r= 1024 T=  4096    12.1376 ms (32 iters)
  BN=  32 BM= 128 n= 1 rep=16 r=  128 T=   512     1.6238 ms (241 iters)
  ^ DRIFT failed, dropping: under-load clock went 1680 -> 1515 MHz over 24 samples (1680, 1680, 1530, 1530, 1500, 1500, 1485, 1485, 1485, 1485, 1230, 1230, 1485, 1485, 1530, 1530, 1545, 1545, 1560, 1560, 1560, 1560, 1515, 1515); the trials were not at one operating point and the median is a blend
  BN=  32 BM= 128 n= 2 rep=16 r=  256 T=  1024     3.0987 ms (129 iters)
  BN=  32 BM= 128 n= 3 rep=16 r=  384 T=  1536     4.6035 ms (86 iters)
  BN=  32 BM= 128 n= 4 rep=16 r=  512 T=  2048     6.1025 ms (65 iters)
  ^ kept (LEVEL high is recorded, not excluded): LEVEL HIGH (recorded, not an exclusion): loaded clock 1560 MHz is over the 1545 MHz edge of the band around the 1470 MHz reference; the cell ran at 1.06x the issue rate the fixed compute roof assumed, so its fraction of that roof is inflated by the ratio; read roof_at_cell_clock_tflops
  BN=  32 BM= 128 n= 5 rep=16 r=  640 T=  2560     7.6436 ms (52 iters)
  ^ kept (LEVEL high is recorded, not excluded): LEVEL HIGH (recorded, not an exclusion): loaded clock 1568 MHz is over the 1545 MHz edge of the band around the 1470 MHz reference; the cell ran at 1.07x the issue rate the fixed compute roof assumed, so its fraction of that roof is inflated by the ratio; read roof_at_cell_clock_tflops
  BN=  32 BM= 128 n= 6 rep=16 r=  768 T=  3072     9.2081 ms (43 iters)
  ^ kept (LEVEL high is recorded, not excluded): LEVEL HIGH (recorded, not an exclusion): loaded clock 1590 MHz is over the 1545 MHz edge of the band around the 1470 MHz reference; the cell ran at 1.08x the issue rate the fixed compute roof assumed, so its fraction of that roof is inflated by the ratio; read roof_at_cell_clock_tflops
  BN=  32 BM= 128 n= 7 rep=16 r=  896 T=  3584    10.7335 ms (37 iters)
  ^ kept (LEVEL high is recorded, not excluded): LEVEL HIGH (recorded, not an exclusion): loaded clock 1620 MHz is over the 1545 MHz edge of the band around the 1470 MHz reference; the cell ran at 1.10x the issue rate the fixed compute roof assumed, so its fraction of that roof is inflated by the ratio; read roof_at_cell_clock_tflops
  BN=  32 BM= 128 n= 8 rep=16 r= 1024 T=  4096    12.1212 ms (33 iters)
  BN=  32 BM= 128 n= 1 rep=17 r=  128 T=   512     1.6112 ms (242 iters)
  BN=  32 BM= 128 n= 2 rep=17 r=  256 T=  1024     3.1183 ms (128 iters)
  ^ LEVEL HIGH (recorded, not an exclusion): loaded clock 1568 MHz is over the 1545 MHz edge of the band around the 1470 MHz reference; the cell ran at 1.07x the issue rate the fixed compute roof assumed, so its fraction of that roof is inflated by the ratio; read roof_at_cell_clock_tflops; DRIFT failed, dropping: under-load clock went 1710 -> 1620 MHz over 24 samples (1710, 1710, 1635, 1635, 1635, 1635, 1560, 1560, 1530, 1530, 1200, 1200, 1410, 1410, 1560, 1560, 1560, 1560, 1575, 1575, 1605, 1605, 1620, 1620); the trials were not at one operating point and the median is a blend
  BN=  32 BM= 128 n= 3 rep=17 r=  384 T=  1536     4.5847 ms (86 iters)
  BN=  32 BM= 128 n= 4 rep=17 r=  512 T=  2048     6.1252 ms (63 iters)
  ^ kept (LEVEL high is recorded, not excluded): LEVEL HIGH (recorded, not an exclusion): loaded clock 1598 MHz is over the 1545 MHz edge of the band around the 1470 MHz reference; the cell ran at 1.09x the issue rate the fixed compute roof assumed, so its fraction of that roof is inflated by the ratio; read roof_at_cell_clock_tflops
  BN=  32 BM= 128 n= 5 rep=17 r=  640 T=  2560     7.6345 ms (52 iters)
  ^ kept (LEVEL high is recorded, not excluded): LEVEL HIGH (recorded, not an exclusion): loaded clock 1612 MHz is over the 1545 MHz edge of the band around the 1470 MHz reference; the cell ran at 1.10x the issue rate the fixed compute roof assumed, so its fraction of that roof is inflated by the ratio; read roof_at_cell_clock_tflops
  BN=  32 BM= 128 n= 6 rep=17 r=  768 T=  3072     9.1822 ms (43 iters)
  ^ kept (LEVEL high is recorded, not excluded): LEVEL HIGH (recorded, not an exclusion): loaded clock 1568 MHz is over the 1545 MHz edge of the band around the 1470 MHz reference; the cell ran at 1.07x the issue rate the fixed compute roof assumed, so its fraction of that roof is inflated by the ratio; read roof_at_cell_clock_tflops
  BN=  32 BM= 128 n= 7 rep=17 r=  896 T=  3584    10.7371 ms (37 iters)
  ^ kept (LEVEL high is recorded, not excluded): LEVEL HIGH (recorded, not an exclusion): loaded clock 1620 MHz is over the 1545 MHz edge of the band around the 1470 MHz reference; the cell ran at 1.10x the issue rate the fixed compute roof assumed, so its fraction of that roof is inflated by the ratio; read roof_at_cell_clock_tflops
  BN=  32 BM= 128 n= 8 rep=17 r= 1024 T=  4096    12.1199 ms (32 iters)

-- BN=64: subject ladder, BLOCK_M=32 --
  ^ kept (LEVEL high is recorded, not excluded): LEVEL HIGH (recorded, not an exclusion): loaded clock 1575 MHz is over the 1545 MHz edge of the band around the 1470 MHz reference; the cell ran at 1.07x the issue rate the fixed compute roof assumed, so its fraction of that roof is inflated by the ratio; read roof_at_cell_clock_tflops
  BN=  64 BM=  32 n= 1 rep= 1 r=   32 T=   128     0.7631 ms (526 iters)
  ^ LEVEL HIGH (recorded, not an exclusion): loaded clock 1620 MHz is over the 1545 MHz edge of the band around the 1470 MHz reference; the cell ran at 1.10x the issue rate the fixed compute roof assumed, so its fraction of that roof is inflated by the ratio; read roof_at_cell_clock_tflops; DRIFT failed, dropping: under-load clock went 1755 -> 1650 MHz over 24 samples (1755, 1755, 1635, 1635, 1695, 1695, 1710, 1710, 1710, 1710, 1455, 1455, 1575, 1575, 1575, 1575, 1575, 1575, 1560, 1560, 1605, 1605, 1650, 1650); the trials were not at one operating point and the median is a blend
  BN=  64 BM=  32 n= 2 rep= 1 r=   64 T=   256     1.3374 ms (297 iters)
  ^ kept (LEVEL high is recorded, not excluded): LEVEL HIGH (recorded, not an exclusion): loaded clock 1665 MHz is over the 1545 MHz edge of the band around the 1470 MHz reference; the cell ran at 1.13x the issue rate the fixed compute roof assumed, so its fraction of that roof is inflated by the ratio; read roof_at_cell_clock_tflops
  BN=  64 BM=  32 n= 3 rep= 1 r=   96 T=   384     1.9243 ms (207 iters)
  ^ kept (LEVEL high is recorded, not excluded): LEVEL HIGH (recorded, not an exclusion): loaded clock 1725 MHz is over the 1545 MHz edge of the band around the 1470 MHz reference; the cell ran at 1.17x the issue rate the fixed compute roof assumed, so its fraction of that roof is inflated by the ratio; read roof_at_cell_clock_tflops
  BN=  64 BM=  32 n= 4 rep= 1 r=  128 T=   512     2.4392 ms (166 iters)
  ^ kept (LEVEL high is recorded, not excluded): LEVEL HIGH (recorded, not an exclusion): loaded clock 1725 MHz is over the 1545 MHz edge of the band around the 1470 MHz reference; the cell ran at 1.17x the issue rate the fixed compute roof assumed, so its fraction of that roof is inflated by the ratio; read roof_at_cell_clock_tflops
  BN=  64 BM=  32 n= 5 rep= 1 r=  160 T=   640     3.0363 ms (131 iters)
  ^ kept (LEVEL high is recorded, not excluded): LEVEL HIGH (recorded, not an exclusion): loaded clock 1755 MHz is over the 1545 MHz edge of the band around the 1470 MHz reference; the cell ran at 1.19x the issue rate the fixed compute roof assumed, so its fraction of that roof is inflated by the ratio; read roof_at_cell_clock_tflops
  BN=  64 BM=  32 n= 6 rep= 1 r=  192 T=   768     3.5642 ms (115 iters)
  ^ kept (LEVEL high is recorded, not excluded): LEVEL HIGH (recorded, not an exclusion): loaded clock 1740 MHz is over the 1545 MHz edge of the band around the 1470 MHz reference; the cell ran at 1.18x the issue rate the fixed compute roof assumed, so its fraction of that roof is inflated by the ratio; read roof_at_cell_clock_tflops
  BN=  64 BM=  32 n= 7 rep= 1 r=  224 T=   896     4.1305 ms (94 iters)
  ^ kept (LEVEL high is recorded, not excluded): LEVEL HIGH (recorded, not an exclusion): loaded clock 1808 MHz is over the 1545 MHz edge of the band around the 1470 MHz reference; the cell ran at 1.23x the issue rate the fixed compute roof assumed, so its fraction of that roof is inflated by the ratio; read roof_at_cell_clock_tflops
  BN=  64 BM=  32 n= 8 rep= 1 r=  256 T=  1024     4.6173 ms (88 iters)
  ^ DRIFT failed, dropping: under-load clock went 1785 -> 1605 MHz over 26 samples (1785, 1785, 1710, 1710, 1695, 1695, 1455, 1455, 1440, 1440, 900, 900, 1440, 1440, 1515, 1515, 1650, 1650, 1560, 1560, 1500, 1500, 1515, 1515, 1605, 1605); the trials were not at one operating point and the median is a blend
  BN=  64 BM=  32 n= 1 rep= 2 r=   32 T=   128     0.7722 ms (510 iters)
  ^ kept (LEVEL high is recorded, not excluded): LEVEL HIGH (recorded, not an exclusion): loaded clock 1612 MHz is over the 1545 MHz edge of the band around the 1470 MHz reference; the cell ran at 1.10x the issue rate the fixed compute roof assumed, so its fraction of that roof is inflated by the ratio; read roof_at_cell_clock_tflops
  BN=  64 BM=  32 n= 2 rep= 2 r=   64 T=   256     1.3258 ms (295 iters)
  ^ kept (LEVEL high is recorded, not excluded): LEVEL HIGH (recorded, not an exclusion): loaded clock 1680 MHz is over the 1545 MHz edge of the band around the 1470 MHz reference; the cell ran at 1.14x the issue rate the fixed compute roof assumed, so its fraction of that roof is inflated by the ratio; read roof_at_cell_clock_tflops
  BN=  64 BM=  32 n= 3 rep= 2 r=   96 T=   384     1.9094 ms (211 iters)
  ^ kept (LEVEL high is recorded, not excluded): LEVEL HIGH (recorded, not an exclusion): loaded clock 1770 MHz is over the 1545 MHz edge of the band around the 1470 MHz reference; the cell ran at 1.20x the issue rate the fixed compute roof assumed, so its fraction of that roof is inflated by the ratio; read roof_at_cell_clock_tflops
  BN=  64 BM=  32 n= 4 rep= 2 r=  128 T=   512     2.3945 ms (174 iters)
  ^ kept (LEVEL high is recorded, not excluded): LEVEL HIGH (recorded, not an exclusion): loaded clock 1725 MHz is over the 1545 MHz edge of the band around the 1470 MHz reference; the cell ran at 1.17x the issue rate the fixed compute roof assumed, so its fraction of that roof is inflated by the ratio; read roof_at_cell_clock_tflops
  BN=  64 BM=  32 n= 5 rep= 2 r=  160 T=   640     3.0385 ms (130 iters)
  ^ kept (LEVEL high is recorded, not excluded): LEVEL HIGH (recorded, not an exclusion): loaded clock 1740 MHz is over the 1545 MHz edge of the band around the 1470 MHz reference; the cell ran at 1.18x the issue rate the fixed compute roof assumed, so its fraction of that roof is inflated by the ratio; read roof_at_cell_clock_tflops
  BN=  64 BM=  32 n= 6 rep= 2 r=  192 T=   768     3.5964 ms (111 iters)
  ^ kept (LEVEL high is recorded, not excluded): LEVEL HIGH (recorded, not an exclusion): loaded clock 1740 MHz is over the 1545 MHz edge of the band around the 1470 MHz reference; the cell ran at 1.18x the issue rate the fixed compute roof assumed, so its fraction of that roof is inflated by the ratio; read roof_at_cell_clock_tflops
  BN=  64 BM=  32 n= 7 rep= 2 r=  224 T=   896     4.1618 ms (94 iters)
  ^ kept (LEVEL high is recorded, not excluded): LEVEL HIGH (recorded, not an exclusion): loaded clock 1808 MHz is over the 1545 MHz edge of the band around the 1470 MHz reference; the cell ran at 1.23x the issue rate the fixed compute roof assumed, so its fraction of that roof is inflated by the ratio; read roof_at_cell_clock_tflops
  BN=  64 BM=  32 n= 8 rep= 2 r=  256 T=  1024     4.6167 ms (87 iters)
  ^ DRIFT failed, settling upward: under-load clock went 1410 -> 1485 MHz over 25 samples (1410, 1725, 1725, 1500, 1500, 1500, 1500, 1500, 1500, 1485, 1485, 1425, 1425, 1695, 1695, 1575, 1575, 1440, 1440, 1410, 1410, 1440, 1440, 1485, 1485); the trials were not at one operating point and the median is a blend
  BN=  64 BM=  32 n= 1 rep= 3 r=   32 T=   128     0.7770 ms (504 iters)
  ^ kept (LEVEL high is recorded, not excluded): LEVEL HIGH (recorded, not an exclusion): loaded clock 1695 MHz is over the 1545 MHz edge of the band around the 1470 MHz reference; the cell ran at 1.15x the issue rate the fixed compute roof assumed, so its fraction of that roof is inflated by the ratio; read roof_at_cell_clock_tflops
  BN=  64 BM=  32 n= 2 rep= 3 r=   64 T=   256     1.2765 ms (314 iters)
  ^ kept (LEVEL high is recorded, not excluded): LEVEL HIGH (recorded, not an exclusion): loaded clock 1665 MHz is over the 1545 MHz edge of the band around the 1470 MHz reference; the cell ran at 1.13x the issue rate the fixed compute roof assumed, so its fraction of that roof is inflated by the ratio; read roof_at_cell_clock_tflops
  BN=  64 BM=  32 n= 3 rep= 3 r=   96 T=   384     1.8904 ms (205 iters)
  ^ LEVEL HIGH (recorded, not an exclusion): loaded clock 1725 MHz is over the 1545 MHz edge of the band around the 1470 MHz reference; the cell ran at 1.17x the issue rate the fixed compute roof assumed, so its fraction of that roof is inflated by the ratio; read roof_at_cell_clock_tflops; DRIFT failed, dropping: under-load clock went 1800 -> 1680 MHz over 25 samples (1800, 1800, 1800, 1695, 1695, 1665, 1665, 1710, 1710, 1785, 1785, 1485, 1485, 1725, 1725, 1725, 1725, 1800, 1800, 1755, 1755, 1710, 1710, 1680, 1680); the trials were not at one operating point and the median is a blend
  BN=  64 BM=  32 n= 4 rep= 3 r=  128 T=   512     2.4543 ms (170 iters)
  ^ kept (LEVEL high is recorded, not excluded): LEVEL HIGH (recorded, not an exclusion): loaded clock 1740 MHz is over the 1545 MHz edge of the band around the 1470 MHz reference; the cell ran at 1.18x the issue rate the fixed compute roof assumed, so its fraction of that roof is inflated by the ratio; read roof_at_cell_clock_tflops
  BN=  64 BM=  32 n= 5 rep= 3 r=  160 T=   640     3.0078 ms (132 iters)
  ^ kept (LEVEL high is recorded, not excluded): LEVEL HIGH (recorded, not an exclusion): loaded clock 1740 MHz is over the 1545 MHz edge of the band around the 1470 MHz reference; the cell ran at 1.18x the issue rate the fixed compute roof assumed, so its fraction of that roof is inflated by the ratio; read roof_at_cell_clock_tflops
  BN=  64 BM=  32 n= 6 rep= 3 r=  192 T=   768     3.5670 ms (111 iters)
  ^ kept (LEVEL high is recorded, not excluded): LEVEL HIGH (recorded, not an exclusion): loaded clock 1755 MHz is over the 1545 MHz edge of the band around the 1470 MHz reference; the cell ran at 1.19x the issue rate the fixed compute roof assumed, so its fraction of that roof is inflated by the ratio; read roof_at_cell_clock_tflops
  BN=  64 BM=  32 n= 7 rep= 3 r=  224 T=   896     4.1809 ms (94 iters)
  ^ kept (LEVEL high is recorded, not excluded): LEVEL HIGH (recorded, not an exclusion): loaded clock 1800 MHz is over the 1545 MHz edge of the band around the 1470 MHz reference; the cell ran at 1.22x the issue rate the fixed compute roof assumed, so its fraction of that roof is inflated by the ratio; read roof_at_cell_clock_tflops
  BN=  64 BM=  32 n= 8 rep= 3 r=  256 T=  1024     4.6200 ms (87 iters)
  BN=  64 BM=  32 n= 1 rep= 4 r=   32 T=   128     0.7750 ms (525 iters)
  ^ kept (LEVEL high is recorded, not excluded): LEVEL HIGH (recorded, not an exclusion): loaded clock 1620 MHz is over the 1545 MHz edge of the band around the 1470 MHz reference; the cell ran at 1.10x the issue rate the fixed compute roof assumed, so its fraction of that roof is inflated by the ratio; read roof_at_cell_clock_tflops
  BN=  64 BM=  32 n= 2 rep= 4 r=   64 T=   256     1.3224 ms (299 iters)
  ^ kept (LEVEL high is recorded, not excluded): LEVEL HIGH (recorded, not an exclusion): loaded clock 1725 MHz is over the 1545 MHz edge of the band around the 1470 MHz reference; the cell ran at 1.17x the issue rate the fixed compute roof assumed, so its fraction of that roof is inflated by the ratio; read roof_at_cell_clock_tflops
  BN=  64 BM=  32 n= 3 rep= 4 r=   96 T=   384     1.8553 ms (218 iters)
  ^ kept (LEVEL high is recorded, not excluded): LEVEL HIGH (recorded, not an exclusion): loaded clock 1732 MHz is over the 1545 MHz edge of the band around the 1470 MHz reference; the cell ran at 1.18x the issue rate the fixed compute roof assumed, so its fraction of that roof is inflated by the ratio; read roof_at_cell_clock_tflops
  BN=  64 BM=  32 n= 4 rep= 4 r=  128 T=   512     2.4151 ms (162 iters)
  ^ kept (LEVEL high is recorded, not excluded): LEVEL HIGH (recorded, not an exclusion): loaded clock 1740 MHz is over the 1545 MHz edge of the band around the 1470 MHz reference; the cell ran at 1.18x the issue rate the fixed compute roof assumed, so its fraction of that roof is inflated by the ratio; read roof_at_cell_clock_tflops
  BN=  64 BM=  32 n= 5 rep= 4 r=  160 T=   640     3.0071 ms (135 iters)
  ^ kept (LEVEL high is recorded, not excluded): LEVEL HIGH (recorded, not an exclusion): loaded clock 1778 MHz is over the 1545 MHz edge of the band around the 1470 MHz reference; the cell ran at 1.21x the issue rate the fixed compute roof assumed, so its fraction of that roof is inflated by the ratio; read roof_at_cell_clock_tflops
  BN=  64 BM=  32 n= 6 rep= 4 r=  192 T=   768     3.4902 ms (113 iters)
  ^ kept (LEVEL high is recorded, not excluded): LEVEL HIGH (recorded, not an exclusion): loaded clock 1755 MHz is over the 1545 MHz edge of the band around the 1470 MHz reference; the cell ran at 1.19x the issue rate the fixed compute roof assumed, so its fraction of that roof is inflated by the ratio; read roof_at_cell_clock_tflops
  BN=  64 BM=  32 n= 7 rep= 4 r=  224 T=   896     4.1616 ms (93 iters)
  ^ kept (LEVEL high is recorded, not excluded): LEVEL HIGH (recorded, not an exclusion): loaded clock 1808 MHz is over the 1545 MHz edge of the band around the 1470 MHz reference; the cell ran at 1.23x the issue rate the fixed compute roof assumed, so its fraction of that roof is inflated by the ratio; read roof_at_cell_clock_tflops
  BN=  64 BM=  32 n= 8 rep= 4 r=  256 T=  1024     4.6177 ms (88 iters)
  ^ DRIFT failed, dropping: under-load clock went 1830 -> 1485 MHz over 26 samples (1830, 1830, 1455, 1455, 1695, 1695, 1680, 1680, 1440, 1440, 1410, 1410, 1470, 1470, 1470, 1470, 1515, 1515, 1470, 1470, 1485, 1485, 1680, 1680, 1485, 1485); the trials were not at one operating point and the median is a blend
  BN=  64 BM=  32 n= 1 rep= 5 r=   32 T=   128     0.7721 ms (517 iters)
  ^ kept (LEVEL high is recorded, not excluded): LEVEL HIGH (recorded, not an exclusion): loaded clock 1620 MHz is over the 1545 MHz edge of the band around the 1470 MHz reference; the cell ran at 1.10x the issue rate the fixed compute roof assumed, so its fraction of that roof is inflated by the ratio; read roof_at_cell_clock_tflops
  BN=  64 BM=  32 n= 2 rep= 5 r=   64 T=   256     1.3252 ms (305 iters)
  ^ LEVEL HIGH (recorded, not an exclusion): loaded clock 1695 MHz is over the 1545 MHz edge of the band around the 1470 MHz reference; the cell ran at 1.15x the issue rate the fixed compute roof assumed, so its fraction of that roof is inflated by the ratio; read roof_at_cell_clock_tflops; DRIFT failed, dropping: under-load clock went 1815 -> 1695 MHz over 25 samples (1815, 1815, 1695, 1695, 1725, 1725, 1695, 1695, 1680, 1680, 1485, 1485, 1650, 1650, 1650, 1650, 1650, 1650, 1695, 1695, 1695, 1695, 1680, 1680, 1695); the trials were not at one operating point and the median is a blend
  BN=  64 BM=  32 n= 3 rep= 5 r=   96 T=   384     1.8940 ms (212 iters)
  ^ kept (LEVEL high is recorded, not excluded): LEVEL HIGH (recorded, not an exclusion): loaded clock 1755 MHz is over the 1545 MHz edge of the band around the 1470 MHz reference; the cell ran at 1.19x the issue rate the fixed compute roof assumed, so its fraction of that roof is inflated by the ratio; read roof_at_cell_clock_tflops
  BN=  64 BM=  32 n= 4 rep= 5 r=  128 T=   512     2.3919 ms (169 iters)
  ^ kept (LEVEL high is recorded, not excluded): LEVEL HIGH (recorded, not an exclusion): loaded clock 1732 MHz is over the 1545 MHz edge of the band around the 1470 MHz reference; the cell ran at 1.18x the issue rate the fixed compute roof assumed, so its fraction of that roof is inflated by the ratio; read roof_at_cell_clock_tflops
  BN=  64 BM=  32 n= 5 rep= 5 r=  160 T=   640     3.0076 ms (132 iters)
  ^ kept (LEVEL high is recorded, not excluded): LEVEL HIGH (recorded, not an exclusion): loaded clock 1740 MHz is over the 1545 MHz edge of the band around the 1470 MHz reference; the cell ran at 1.18x the issue rate the fixed compute roof assumed, so its fraction of that roof is inflated by the ratio; read roof_at_cell_clock_tflops
  BN=  64 BM=  32 n= 6 rep= 5 r=  192 T=   768     3.5972 ms (112 iters)
  ^ kept (LEVEL high is recorded, not excluded): LEVEL HIGH (recorded, not an exclusion): loaded clock 1800 MHz is over the 1545 MHz edge of the band around the 1470 MHz reference; the cell ran at 1.22x the issue rate the fixed compute roof assumed, so its fraction of that roof is inflated by the ratio; read roof_at_cell_clock_tflops
  BN=  64 BM=  32 n= 7 rep= 5 r=  224 T=   896     4.0616 ms (98 iters)
  ^ kept (LEVEL high is recorded, not excluded): LEVEL HIGH (recorded, not an exclusion): loaded clock 1815 MHz is over the 1545 MHz edge of the band around the 1470 MHz reference; the cell ran at 1.23x the issue rate the fixed compute roof assumed, so its fraction of that roof is inflated by the ratio; read roof_at_cell_clock_tflops
  BN=  64 BM=  32 n= 8 rep= 5 r=  256 T=  1024     4.6182 ms (84 iters)
  ^ DRIFT failed, dropping: under-load clock went 1695 -> 1500 MHz over 25 samples (1695, 1695, 1455, 1455, 1440, 1440, 1425, 1425, 1575, 1575, 1500, 1500, 1665, 1665, 1620, 1620, 1425, 1425, 1530, 1530, 1515, 1515, 1425, 1425, 1500); the trials were not at one operating point and the median is a blend
  BN=  64 BM=  32 n= 1 rep= 6 r=   32 T=   128     0.7743 ms (500 iters)
  ^ LEVEL HIGH (recorded, not an exclusion): loaded clock 1635 MHz is over the 1545 MHz edge of the band around the 1470 MHz reference; the cell ran at 1.11x the issue rate the fixed compute roof assumed, so its fraction of that roof is inflated by the ratio; read roof_at_cell_clock_tflops; DRIFT failed, dropping: under-load clock went 1770 -> 1635 MHz over 25 samples (1770, 1770, 1575, 1575, 1590, 1590, 1605, 1605, 1575, 1575, 1410, 1410, 1650, 1650, 1680, 1680, 1665, 1665, 1680, 1680, 1635, 1635, 1650, 1650, 1635); the trials were not at one operating point and the median is a blend
  BN=  64 BM=  32 n= 2 rep= 6 r=   64 T=   256     1.3347 ms (304 iters)
  ^ kept (LEVEL high is recorded, not excluded): LEVEL HIGH (recorded, not an exclusion): loaded clock 1725 MHz is over the 1545 MHz edge of the band around the 1470 MHz reference; the cell ran at 1.17x the issue rate the fixed compute roof assumed, so its fraction of that roof is inflated by the ratio; read roof_at_cell_clock_tflops
  BN=  64 BM=  32 n= 3 rep= 6 r=   96 T=   384     1.8603 ms (219 iters)
  ^ kept (LEVEL high is recorded, not excluded): LEVEL HIGH (recorded, not an exclusion): loaded clock 1710 MHz is over the 1545 MHz edge of the band around the 1470 MHz reference; the cell ran at 1.16x the issue rate the fixed compute roof assumed, so its fraction of that roof is inflated by the ratio; read roof_at_cell_clock_tflops
  BN=  64 BM=  32 n= 4 rep= 6 r=  128 T=   512     2.4383 ms (159 iters)
  ^ kept (LEVEL high is recorded, not excluded): LEVEL HIGH (recorded, not an exclusion): loaded clock 1718 MHz is over the 1545 MHz edge of the band around the 1470 MHz reference; the cell ran at 1.17x the issue rate the fixed compute roof assumed, so its fraction of that roof is inflated by the ratio; read roof_at_cell_clock_tflops
  BN=  64 BM=  32 n= 5 rep= 6 r=  160 T=   640     3.0683 ms (129 iters)
  ^ kept (LEVEL high is recorded, not excluded): LEVEL HIGH (recorded, not an exclusion): loaded clock 1748 MHz is over the 1545 MHz edge of the band around the 1470 MHz reference; the cell ran at 1.19x the issue rate the fixed compute roof assumed, so its fraction of that roof is inflated by the ratio; read roof_at_cell_clock_tflops
  BN=  64 BM=  32 n= 6 rep= 6 r=  192 T=   768     3.5662 ms (112 iters)
  ^ kept (LEVEL high is recorded, not excluded): LEVEL HIGH (recorded, not an exclusion): loaded clock 1755 MHz is over the 1545 MHz edge of the band around the 1470 MHz reference; the cell ran at 1.19x the issue rate the fixed compute roof assumed, so its fraction of that roof is inflated by the ratio; read roof_at_cell_clock_tflops
  BN=  64 BM=  32 n= 7 rep= 6 r=  224 T=   896     4.1310 ms (95 iters)
  ^ kept (LEVEL high is recorded, not excluded): LEVEL HIGH (recorded, not an exclusion): loaded clock 1800 MHz is over the 1545 MHz edge of the band around the 1470 MHz reference; the cell ran at 1.22x the issue rate the fixed compute roof assumed, so its fraction of that roof is inflated by the ratio; read roof_at_cell_clock_tflops
  BN=  64 BM=  32 n= 8 rep= 6 r=  256 T=  1024     4.6180 ms (85 iters)
  BN=  64 BM=  32 n= 1 rep= 7 r=   32 T=   128     0.7764 ms (507 iters)
  ^ kept (LEVEL high is recorded, not excluded): LEVEL HIGH (recorded, not an exclusion): loaded clock 1620 MHz is over the 1545 MHz edge of the band around the 1470 MHz reference; the cell ran at 1.10x the issue rate the fixed compute roof assumed, so its fraction of that roof is inflated by the ratio; read roof_at_cell_clock_tflops
  BN=  64 BM=  32 n= 2 rep= 7 r=   64 T=   256     1.3254 ms (304 iters)
  ^ kept (LEVEL high is recorded, not excluded): LEVEL HIGH (recorded, not an exclusion): loaded clock 1680 MHz is over the 1545 MHz edge of the band around the 1470 MHz reference; the cell ran at 1.14x the issue rate the fixed compute roof assumed, so its fraction of that roof is inflated by the ratio; read roof_at_cell_clock_tflops
  BN=  64 BM=  32 n= 3 rep= 7 r=   96 T=   384     1.9071 ms (210 iters)
  ^ kept (LEVEL high is recorded, not excluded): LEVEL HIGH (recorded, not an exclusion): loaded clock 1785 MHz is over the 1545 MHz edge of the band around the 1470 MHz reference; the cell ran at 1.21x the issue rate the fixed compute roof assumed, so its fraction of that roof is inflated by the ratio; read roof_at_cell_clock_tflops
  BN=  64 BM=  32 n= 4 rep= 7 r=  128 T=   512     2.3459 ms (171 iters)
  ^ kept (LEVEL high is recorded, not excluded): LEVEL HIGH (recorded, not an exclusion): loaded clock 1755 MHz is over the 1545 MHz edge of the band around the 1470 MHz reference; the cell ran at 1.19x the issue rate the fixed compute roof assumed, so its fraction of that roof is inflated by the ratio; read roof_at_cell_clock_tflops
  BN=  64 BM=  32 n= 5 rep= 7 r=  160 T=   640     2.9813 ms (133 iters)
  ^ kept (LEVEL high is recorded, not excluded): LEVEL HIGH (recorded, not an exclusion): loaded clock 1740 MHz is over the 1545 MHz edge of the band around the 1470 MHz reference; the cell ran at 1.18x the issue rate the fixed compute roof assumed, so its fraction of that roof is inflated by the ratio; read roof_at_cell_clock_tflops
  BN=  64 BM=  32 n= 6 rep= 7 r=  192 T=   768     3.5977 ms (110 iters)
  ^ kept (LEVEL high is recorded, not excluded): LEVEL HIGH (recorded, not an exclusion): loaded clock 1770 MHz is over the 1545 MHz edge of the band around the 1470 MHz reference; the cell ran at 1.20x the issue rate the fixed compute roof assumed, so its fraction of that roof is inflated by the ratio; read roof_at_cell_clock_tflops
  BN=  64 BM=  32 n= 7 rep= 7 r=  224 T=   896     4.1625 ms (99 iters)
  ^ kept (LEVEL high is recorded, not excluded): LEVEL HIGH (recorded, not an exclusion): loaded clock 1815 MHz is over the 1545 MHz edge of the band around the 1470 MHz reference; the cell ran at 1.23x the issue rate the fixed compute roof assumed, so its fraction of that roof is inflated by the ratio; read roof_at_cell_clock_tflops
  BN=  64 BM=  32 n= 8 rep= 7 r=  256 T=  1024     4.5796 ms (86 iters)
  ^ DRIFT failed, dropping: under-load clock went 1800 -> 1545 MHz over 26 samples (1800, 1800, 1425, 1425, 1470, 1470, 1515, 1515, 1425, 1425, 1095, 1095, 1590, 1590, 1680, 1680, 1605, 1605, 1560, 1560, 1650, 1650, 1455, 1455, 1545, 1545); the trials were not at one operating point and the median is a blend
  BN=  64 BM=  32 n= 1 rep= 8 r=   32 T=   128     0.7666 ms (516 iters)
  ^ kept (LEVEL high is recorded, not excluded): LEVEL HIGH (recorded, not an exclusion): loaded clock 1635 MHz is over the 1545 MHz edge of the band around the 1470 MHz reference; the cell ran at 1.11x the issue rate the fixed compute roof assumed, so its fraction of that roof is inflated by the ratio; read roof_at_cell_clock_tflops
  BN=  64 BM=  32 n= 2 rep= 8 r=   64 T=   256     1.3167 ms (305 iters)
  ^ kept (LEVEL high is recorded, not excluded): LEVEL HIGH (recorded, not an exclusion): loaded clock 1680 MHz is over the 1545 MHz edge of the band around the 1470 MHz reference; the cell ran at 1.14x the issue rate the fixed compute roof assumed, so its fraction of that roof is inflated by the ratio; read roof_at_cell_clock_tflops
  BN=  64 BM=  32 n= 3 rep= 8 r=   96 T=   384     1.8911 ms (211 iters)
  ^ LEVEL HIGH (recorded, not an exclusion): loaded clock 1732 MHz is over the 1545 MHz edge of the band around the 1470 MHz reference; the cell ran at 1.18x the issue rate the fixed compute roof assumed, so its fraction of that roof is inflated by the ratio; read roof_at_cell_clock_tflops; DRIFT failed, dropping: under-load clock went 1815 -> 1680 MHz over 24 samples (1815, 1815, 1710, 1710, 1815, 1815, 1785, 1785, 1755, 1755, 1515, 1515, 1725, 1725, 1665, 1665, 1785, 1785, 1695, 1695, 1740, 1740, 1680, 1680); the trials were not at one operating point and the median is a blend
  BN=  64 BM=  32 n= 4 rep= 8 r=  128 T=   512     2.4388 ms (161 iters)
  ^ kept (LEVEL high is recorded, not excluded): LEVEL HIGH (recorded, not an exclusion): loaded clock 1725 MHz is over the 1545 MHz edge of the band around the 1470 MHz reference; the cell ran at 1.17x the issue rate the fixed compute roof assumed, so its fraction of that roof is inflated by the ratio; read roof_at_cell_clock_tflops
  BN=  64 BM=  32 n= 5 rep= 8 r=  160 T=   640     3.0382 ms (131 iters)
  ^ kept (LEVEL high is recorded, not excluded): LEVEL HIGH (recorded, not an exclusion): loaded clock 1755 MHz is over the 1545 MHz edge of the band around the 1470 MHz reference; the cell ran at 1.19x the issue rate the fixed compute roof assumed, so its fraction of that roof is inflated by the ratio; read roof_at_cell_clock_tflops
  BN=  64 BM=  32 n= 6 rep= 8 r=  192 T=   768     3.5658 ms (110 iters)
  ^ kept (LEVEL high is recorded, not excluded): LEVEL HIGH (recorded, not an exclusion): loaded clock 1770 MHz is over the 1545 MHz edge of the band around the 1470 MHz reference; the cell ran at 1.20x the issue rate the fixed compute roof assumed, so its fraction of that roof is inflated by the ratio; read roof_at_cell_clock_tflops
  BN=  64 BM=  32 n= 7 rep= 8 r=  224 T=   896     4.1432 ms (98 iters)
  ^ kept (LEVEL high is recorded, not excluded): LEVEL HIGH (recorded, not an exclusion): loaded clock 1815 MHz is over the 1545 MHz edge of the band around the 1470 MHz reference; the cell ran at 1.23x the issue rate the fixed compute roof assumed, so its fraction of that roof is inflated by the ratio; read roof_at_cell_clock_tflops
  BN=  64 BM=  32 n= 8 rep= 8 r=  256 T=  1024     4.6192 ms (86 iters)
  BN=  64 BM=  32 n= 1 rep= 9 r=   32 T=   128     0.7766 ms (512 iters)
  ^ kept (LEVEL high is recorded, not excluded): LEVEL HIGH (recorded, not an exclusion): loaded clock 1635 MHz is over the 1545 MHz edge of the band around the 1470 MHz reference; the cell ran at 1.11x the issue rate the fixed compute roof assumed, so its fraction of that roof is inflated by the ratio; read roof_at_cell_clock_tflops
  BN=  64 BM=  32 n= 2 rep= 9 r=   64 T=   256     1.3256 ms (306 iters)
  ^ kept (LEVEL high is recorded, not excluded): LEVEL HIGH (recorded, not an exclusion): loaded clock 1695 MHz is over the 1545 MHz edge of the band around the 1470 MHz reference; the cell ran at 1.15x the issue rate the fixed compute roof assumed, so its fraction of that roof is inflated by the ratio; read roof_at_cell_clock_tflops
  BN=  64 BM=  32 n= 3 rep= 9 r=   96 T=   384     1.9019 ms (211 iters)
  ^ LEVEL HIGH (recorded, not an exclusion): loaded clock 1710 MHz is over the 1545 MHz edge of the band around the 1470 MHz reference; the cell ran at 1.16x the issue rate the fixed compute roof assumed, so its fraction of that roof is inflated by the ratio; read roof_at_cell_clock_tflops; DRIFT failed, dropping: under-load clock went 1830 -> 1710 MHz over 24 samples (1830, 1830, 1710, 1710, 1710, 1710, 1725, 1725, 1710, 1710, 1650, 1650, 1725, 1725, 1680, 1680, 1695, 1695, 1770, 1770, 1680, 1680, 1710, 1710); the trials were not at one operating point and the median is a blend
  BN=  64 BM=  32 n= 4 rep= 9 r=  128 T=   512     2.4623 ms (162 iters)
  ^ kept (LEVEL high is recorded, not excluded): LEVEL HIGH (recorded, not an exclusion): loaded clock 1725 MHz is over the 1545 MHz edge of the band around the 1470 MHz reference; the cell ran at 1.17x the issue rate the fixed compute roof assumed, so its fraction of that roof is inflated by the ratio; read roof_at_cell_clock_tflops
  BN=  64 BM=  32 n= 5 rep= 9 r=  160 T=   640     3.0351 ms (136 iters)
  ^ kept (LEVEL high is recorded, not excluded): LEVEL HIGH (recorded, not an exclusion): loaded clock 1748 MHz is over the 1545 MHz edge of the band around the 1470 MHz reference; the cell ran at 1.19x the issue rate the fixed compute roof assumed, so its fraction of that roof is inflated by the ratio; read roof_at_cell_clock_tflops
  BN=  64 BM=  32 n= 6 rep= 9 r=  192 T=   768     3.5674 ms (110 iters)
  ^ kept (LEVEL high is recorded, not excluded): LEVEL HIGH (recorded, not an exclusion): loaded clock 1740 MHz is over the 1545 MHz edge of the band around the 1470 MHz reference; the cell ran at 1.18x the issue rate the fixed compute roof assumed, so its fraction of that roof is inflated by the ratio; read roof_at_cell_clock_tflops
  BN=  64 BM=  32 n= 7 rep= 9 r=  224 T=   896     4.1619 ms (98 iters)
  ^ kept (LEVEL high is recorded, not excluded): LEVEL HIGH (recorded, not an exclusion): loaded clock 1815 MHz is over the 1545 MHz edge of the band around the 1470 MHz reference; the cell ran at 1.23x the issue rate the fixed compute roof assumed, so its fraction of that roof is inflated by the ratio; read roof_at_cell_clock_tflops
  BN=  64 BM=  32 n= 8 rep= 9 r=  256 T=  1024     4.5779 ms (86 iters)
  ^ DRIFT failed, oscillating: under-load clock went 1500 -> 1590 MHz over 26 samples (1500, 1500, 1440, 1440, 1485, 1485, 1440, 1440, 1710, 1710, 1200, 1200, 1545, 1545, 1485, 1485, 1470, 1470, 1470, 1470, 1695, 1695, 1530, 1530, 1590, 1590); the trials were not at one operating point and the median is a blend
  BN=  64 BM=  32 n= 1 rep=10 r=   32 T=   128     0.7746 ms (512 iters)
  ^ kept (LEVEL high is recorded, not excluded): LEVEL HIGH (recorded, not an exclusion): loaded clock 1665 MHz is over the 1545 MHz edge of the band around the 1470 MHz reference; the cell ran at 1.13x the issue rate the fixed compute roof assumed, so its fraction of that roof is inflated by the ratio; read roof_at_cell_clock_tflops
  BN=  64 BM=  32 n= 2 rep=10 r=   64 T=   256     1.2877 ms (315 iters)
  ^ kept (LEVEL high is recorded, not excluded): LEVEL HIGH (recorded, not an exclusion): loaded clock 1695 MHz is over the 1545 MHz edge of the band around the 1470 MHz reference; the cell ran at 1.15x the issue rate the fixed compute roof assumed, so its fraction of that roof is inflated by the ratio; read roof_at_cell_clock_tflops
  BN=  64 BM=  32 n= 3 rep=10 r=   96 T=   384     1.8739 ms (210 iters)
  ^ kept (LEVEL high is recorded, not excluded): LEVEL HIGH (recorded, not an exclusion): loaded clock 1740 MHz is over the 1545 MHz edge of the band around the 1470 MHz reference; the cell ran at 1.18x the issue rate the fixed compute roof assumed, so its fraction of that roof is inflated by the ratio; read roof_at_cell_clock_tflops
  BN=  64 BM=  32 n= 4 rep=10 r=  128 T=   512     2.4369 ms (165 iters)
  ^ kept (LEVEL high is recorded, not excluded): LEVEL HIGH (recorded, not an exclusion): loaded clock 1725 MHz is over the 1545 MHz edge of the band around the 1470 MHz reference; the cell ran at 1.17x the issue rate the fixed compute roof assumed, so its fraction of that roof is inflated by the ratio; read roof_at_cell_clock_tflops
  BN=  64 BM=  32 n= 5 rep=10 r=  160 T=   640     3.0389 ms (132 iters)
  ^ kept (LEVEL high is recorded, not excluded): LEVEL HIGH (recorded, not an exclusion): loaded clock 1740 MHz is over the 1545 MHz edge of the band around the 1470 MHz reference; the cell ran at 1.18x the issue rate the fixed compute roof assumed, so its fraction of that roof is inflated by the ratio; read roof_at_cell_clock_tflops
  BN=  64 BM=  32 n= 6 rep=10 r=  192 T=   768     3.5960 ms (112 iters)
  ^ kept (LEVEL high is recorded, not excluded): LEVEL HIGH (recorded, not an exclusion): loaded clock 1800 MHz is over the 1545 MHz edge of the band around the 1470 MHz reference; the cell ran at 1.22x the issue rate the fixed compute roof assumed, so its fraction of that roof is inflated by the ratio; read roof_at_cell_clock_tflops
  BN=  64 BM=  32 n= 7 rep=10 r=  224 T=   896     4.0508 ms (99 iters)
  ^ kept (LEVEL high is recorded, not excluded): LEVEL HIGH (recorded, not an exclusion): loaded clock 1800 MHz is over the 1545 MHz edge of the band around the 1470 MHz reference; the cell ran at 1.22x the issue rate the fixed compute roof assumed, so its fraction of that roof is inflated by the ratio; read roof_at_cell_clock_tflops
  BN=  64 BM=  32 n= 8 rep=10 r=  256 T=  1024     4.6153 ms (86 iters)
  ^ DRIFT failed, dropping: under-load clock went 1605 -> 1485 MHz over 25 samples (1605, 1605, 1470, 1470, 1470, 1470, 1485, 1485, 1590, 1590, 1395, 1395, 1620, 1620, 1530, 1530, 1440, 1440, 1455, 1455, 1470, 1470, 1515, 1515, 1485); the trials were not at one operating point and the median is a blend
  BN=  64 BM=  32 n= 1 rep=11 r=   32 T=   128     0.7763 ms (503 iters)
  ^ kept (LEVEL high is recorded, not excluded): LEVEL HIGH (recorded, not an exclusion): loaded clock 1665 MHz is over the 1545 MHz edge of the band around the 1470 MHz reference; the cell ran at 1.13x the issue rate the fixed compute roof assumed, so its fraction of that roof is inflated by the ratio; read roof_at_cell_clock_tflops
  BN=  64 BM=  32 n= 2 rep=11 r=   64 T=   256     1.2989 ms (315 iters)
  ^ kept (LEVEL high is recorded, not excluded): LEVEL HIGH (recorded, not an exclusion): loaded clock 1710 MHz is over the 1545 MHz edge of the band around the 1470 MHz reference; the cell ran at 1.16x the issue rate the fixed compute roof assumed, so its fraction of that roof is inflated by the ratio; read roof_at_cell_clock_tflops
  BN=  64 BM=  32 n= 3 rep=11 r=   96 T=   384     1.8738 ms (216 iters)
  ^ kept (LEVEL high is recorded, not excluded): LEVEL HIGH (recorded, not an exclusion): loaded clock 1740 MHz is over the 1545 MHz edge of the band around the 1470 MHz reference; the cell ran at 1.18x the issue rate the fixed compute roof assumed, so its fraction of that roof is inflated by the ratio; read roof_at_cell_clock_tflops
  BN=  64 BM=  32 n= 4 rep=11 r=  128 T=   512     2.4150 ms (166 iters)
  ^ kept (LEVEL high is recorded, not excluded): LEVEL HIGH (recorded, not an exclusion): loaded clock 1785 MHz is over the 1545 MHz edge of the band around the 1470 MHz reference; the cell ran at 1.21x the issue rate the fixed compute roof assumed, so its fraction of that roof is inflated by the ratio; read roof_at_cell_clock_tflops
  BN=  64 BM=  32 n= 5 rep=11 r=  160 T=   640     2.9206 ms (137 iters)
  ^ kept (LEVEL high is recorded, not excluded): LEVEL HIGH (recorded, not an exclusion): loaded clock 1755 MHz is over the 1545 MHz edge of the band around the 1470 MHz reference; the cell ran at 1.19x the issue rate the fixed compute roof assumed, so its fraction of that roof is inflated by the ratio; read roof_at_cell_clock_tflops
  BN=  64 BM=  32 n= 6 rep=11 r=  192 T=   768     3.5665 ms (110 iters)
  ^ kept (LEVEL high is recorded, not excluded): LEVEL HIGH (recorded, not an exclusion): loaded clock 1740 MHz is over the 1545 MHz edge of the band around the 1470 MHz reference; the cell ran at 1.18x the issue rate the fixed compute roof assumed, so its fraction of that roof is inflated by the ratio; read roof_at_cell_clock_tflops
  BN=  64 BM=  32 n= 7 rep=11 r=  224 T=   896     4.1944 ms (96 iters)
  ^ kept (LEVEL high is recorded, not excluded): LEVEL HIGH (recorded, not an exclusion): loaded clock 1800 MHz is over the 1545 MHz edge of the band around the 1470 MHz reference; the cell ran at 1.22x the issue rate the fixed compute roof assumed, so its fraction of that roof is inflated by the ratio; read roof_at_cell_clock_tflops
  BN=  64 BM=  32 n= 8 rep=11 r=  256 T=  1024     4.6170 ms (86 iters)
  ^ LEVEL HIGH (recorded, not an exclusion): loaded clock 1575 MHz is over the 1545 MHz edge of the band around the 1470 MHz reference; the cell ran at 1.07x the issue rate the fixed compute roof assumed, so its fraction of that roof is inflated by the ratio; read roof_at_cell_clock_tflops; DRIFT failed, dropping: under-load clock went 1830 -> 1635 MHz over 26 samples (1830, 1830, 1575, 1575, 1590, 1590, 1425, 1425, 1425, 1425, 1020, 1020, 1425, 1425, 1500, 1500, 1455, 1455, 1680, 1680, 1680, 1680, 1635, 1635, 1635, 1635); the trials were not at one operating point and the median is a blend
  BN=  64 BM=  32 n= 1 rep=12 r=   32 T=   128     0.7697 ms (527 iters)
  ^ kept (LEVEL high is recorded, not excluded): LEVEL HIGH (recorded, not an exclusion): loaded clock 1650 MHz is over the 1545 MHz edge of the band around the 1470 MHz reference; the cell ran at 1.12x the issue rate the fixed compute roof assumed, so its fraction of that roof is inflated by the ratio; read roof_at_cell_clock_tflops
  BN=  64 BM=  32 n= 2 rep=12 r=   64 T=   256     1.3126 ms (301 iters)
  ^ LEVEL HIGH (recorded, not an exclusion): loaded clock 1695 MHz is over the 1545 MHz edge of the band around the 1470 MHz reference; the cell ran at 1.15x the issue rate the fixed compute roof assumed, so its fraction of that roof is inflated by the ratio; read roof_at_cell_clock_tflops; DRIFT failed, dropping: under-load clock went 1800 -> 1665 MHz over 25 samples (1800, 1800, 1680, 1680, 1695, 1695, 1695, 1695, 1695, 1695, 1440, 1440, 1680, 1680, 1725, 1725, 1710, 1710, 1680, 1680, 1695, 1695, 1665, 1665, 1665); the trials were not at one operating point and the median is a blend
  BN=  64 BM=  32 n= 3 rep=12 r=   96 T=   384     1.9050 ms (211 iters)
  ^ kept (LEVEL high is recorded, not excluded): LEVEL HIGH (recorded, not an exclusion): loaded clock 1725 MHz is over the 1545 MHz edge of the band around the 1470 MHz reference; the cell ran at 1.17x the issue rate the fixed compute roof assumed, so its fraction of that roof is inflated by the ratio; read roof_at_cell_clock_tflops
  BN=  64 BM=  32 n= 4 rep=12 r=  128 T=   512     2.4389 ms (164 iters)
  ^ kept (LEVEL high is recorded, not excluded): LEVEL HIGH (recorded, not an exclusion): loaded clock 1740 MHz is over the 1545 MHz edge of the band around the 1470 MHz reference; the cell ran at 1.18x the issue rate the fixed compute roof assumed, so its fraction of that roof is inflated by the ratio; read roof_at_cell_clock_tflops
  BN=  64 BM=  32 n= 5 rep=12 r=  160 T=   640     3.0119 ms (133 iters)
  ^ kept (LEVEL high is recorded, not excluded): LEVEL HIGH (recorded, not an exclusion): loaded clock 1770 MHz is over the 1545 MHz edge of the band around the 1470 MHz reference; the cell ran at 1.20x the issue rate the fixed compute roof assumed, so its fraction of that roof is inflated by the ratio; read roof_at_cell_clock_tflops
  BN=  64 BM=  32 n= 6 rep=12 r=  192 T=   768     3.5159 ms (114 iters)
  ^ kept (LEVEL high is recorded, not excluded): LEVEL HIGH (recorded, not an exclusion): loaded clock 1800 MHz is over the 1545 MHz edge of the band around the 1470 MHz reference; the cell ran at 1.22x the issue rate the fixed compute roof assumed, so its fraction of that roof is inflated by the ratio; read roof_at_cell_clock_tflops
  BN=  64 BM=  32 n= 7 rep=12 r=  224 T=   896     4.0545 ms (99 iters)
  ^ kept (LEVEL high is recorded, not excluded): LEVEL HIGH (recorded, not an exclusion): loaded clock 1815 MHz is over the 1545 MHz edge of the band around the 1470 MHz reference; the cell ran at 1.23x the issue rate the fixed compute roof assumed, so its fraction of that roof is inflated by the ratio; read roof_at_cell_clock_tflops
  BN=  64 BM=  32 n= 8 rep=12 r=  256 T=  1024     4.5763 ms (86 iters)
  ^ DRIFT failed, settling upward: under-load clock went 1440 -> 1575 MHz over 25 samples (1440, 1665, 1665, 1455, 1455, 1575, 1575, 1470, 1470, 1425, 1425, 1380, 1380, 1425, 1425, 1620, 1620, 1485, 1485, 1515, 1515, 1650, 1650, 1575, 1575); the trials were not at one operating point and the median is a blend
  BN=  64 BM=  32 n= 1 rep=13 r=   32 T=   128     0.7692 ms (505 iters)
  ^ kept (LEVEL high is recorded, not excluded): LEVEL HIGH (recorded, not an exclusion): loaded clock 1635 MHz is over the 1545 MHz edge of the band around the 1470 MHz reference; the cell ran at 1.11x the issue rate the fixed compute roof assumed, so its fraction of that roof is inflated by the ratio; read roof_at_cell_clock_tflops
  BN=  64 BM=  32 n= 2 rep=13 r=   64 T=   256     1.3280 ms (300 iters)
  ^ kept (LEVEL high is recorded, not excluded): LEVEL HIGH (recorded, not an exclusion): loaded clock 1680 MHz is over the 1545 MHz edge of the band around the 1470 MHz reference; the cell ran at 1.14x the issue rate the fixed compute roof assumed, so its fraction of that roof is inflated by the ratio; read roof_at_cell_clock_tflops
  BN=  64 BM=  32 n= 3 rep=13 r=   96 T=   384     1.9058 ms (211 iters)
  ^ kept (LEVEL high is recorded, not excluded): LEVEL HIGH (recorded, not an exclusion): loaded clock 1732 MHz is over the 1545 MHz edge of the band around the 1470 MHz reference; the cell ran at 1.18x the issue rate the fixed compute roof assumed, so its fraction of that roof is inflated by the ratio; read roof_at_cell_clock_tflops
  BN=  64 BM=  32 n= 4 rep=13 r=  128 T=   512     2.3955 ms (163 iters)
  ^ kept (LEVEL high is recorded, not excluded): LEVEL HIGH (recorded, not an exclusion): loaded clock 1718 MHz is over the 1545 MHz edge of the band around the 1470 MHz reference; the cell ran at 1.17x the issue rate the fixed compute roof assumed, so its fraction of that roof is inflated by the ratio; read roof_at_cell_clock_tflops
  BN=  64 BM=  32 n= 5 rep=13 r=  160 T=   640     3.0400 ms (129 iters)
  ^ kept (LEVEL high is recorded, not excluded): LEVEL HIGH (recorded, not an exclusion): loaded clock 1800 MHz is over the 1545 MHz edge of the band around the 1470 MHz reference; the cell ran at 1.22x the issue rate the fixed compute roof assumed, so its fraction of that roof is inflated by the ratio; read roof_at_cell_clock_tflops
  BN=  64 BM=  32 n= 6 rep=13 r=  192 T=   768     3.4800 ms (115 iters)
  ^ kept (LEVEL high is recorded, not excluded): LEVEL HIGH (recorded, not an exclusion): loaded clock 1755 MHz is over the 1545 MHz edge of the band around the 1470 MHz reference; the cell ran at 1.19x the issue rate the fixed compute roof assumed, so its fraction of that roof is inflated by the ratio; read roof_at_cell_clock_tflops
  BN=  64 BM=  32 n= 7 rep=13 r=  224 T=   896     4.1950 ms (93 iters)
  ^ kept (LEVEL high is recorded, not excluded): LEVEL HIGH (recorded, not an exclusion): loaded clock 1830 MHz is over the 1545 MHz edge of the band around the 1470 MHz reference; the cell ran at 1.24x the issue rate the fixed compute roof assumed, so its fraction of that roof is inflated by the ratio; read roof_at_cell_clock_tflops
  BN=  64 BM=  32 n= 8 rep=13 r=  256 T=  1024     4.5569 ms (88 iters)
  ^ DRIFT failed, oscillating: under-load clock went 1485 -> 1680 MHz over 26 samples (1485, 1485, 1665, 1665, 1485, 1485, 1650, 1650, 1620, 1620, 1110, 1110, 1440, 1440, 1485, 1485, 1530, 1530, 1545, 1545, 1500, 1500, 1455, 1455, 1680, 1680); the trials were not at one operating point and the median is a blend
  BN=  64 BM=  32 n= 1 rep=14 r=   32 T=   128     0.7738 ms (511 iters)
  ^ kept (LEVEL high is recorded, not excluded): LEVEL HIGH (recorded, not an exclusion): loaded clock 1650 MHz is over the 1545 MHz edge of the band around the 1470 MHz reference; the cell ran at 1.12x the issue rate the fixed compute roof assumed, so its fraction of that roof is inflated by the ratio; read roof_at_cell_clock_tflops
  BN=  64 BM=  32 n= 2 rep=14 r=   64 T=   256     1.3157 ms (306 iters)
  ^ kept (LEVEL high is recorded, not excluded): LEVEL HIGH (recorded, not an exclusion): loaded clock 1695 MHz is over the 1545 MHz edge of the band around the 1470 MHz reference; the cell ran at 1.15x the issue rate the fixed compute roof assumed, so its fraction of that roof is inflated by the ratio; read roof_at_cell_clock_tflops
  BN=  64 BM=  32 n= 3 rep=14 r=   96 T=   384     1.8909 ms (212 iters)
  ^ kept (LEVEL high is recorded, not excluded): LEVEL HIGH (recorded, not an exclusion): loaded clock 1740 MHz is over the 1545 MHz edge of the band around the 1470 MHz reference; the cell ran at 1.18x the issue rate the fixed compute roof assumed, so its fraction of that roof is inflated by the ratio; read roof_at_cell_clock_tflops
  BN=  64 BM=  32 n= 4 rep=14 r=  128 T=   512     2.4154 ms (159 iters)
  ^ kept (LEVEL high is recorded, not excluded): LEVEL HIGH (recorded, not an exclusion): loaded clock 1732 MHz is over the 1545 MHz edge of the band around the 1470 MHz reference; the cell ran at 1.18x the issue rate the fixed compute roof assumed, so its fraction of that roof is inflated by the ratio; read roof_at_cell_clock_tflops
  BN=  64 BM=  32 n= 5 rep=14 r=  160 T=   640     3.0377 ms (130 iters)
  ^ kept (LEVEL high is recorded, not excluded): LEVEL HIGH (recorded, not an exclusion): loaded clock 1785 MHz is over the 1545 MHz edge of the band around the 1470 MHz reference; the cell ran at 1.21x the issue rate the fixed compute roof assumed, so its fraction of that roof is inflated by the ratio; read roof_at_cell_clock_tflops
  BN=  64 BM=  32 n= 6 rep=14 r=  192 T=   768     3.4793 ms (114 iters)
  ^ kept (LEVEL high is recorded, not excluded): LEVEL HIGH (recorded, not an exclusion): loaded clock 1740 MHz is over the 1545 MHz edge of the band around the 1470 MHz reference; the cell ran at 1.18x the issue rate the fixed compute roof assumed, so its fraction of that roof is inflated by the ratio; read roof_at_cell_clock_tflops
  BN=  64 BM=  32 n= 7 rep=14 r=  224 T=   896     4.1837 ms (94 iters)
  ^ kept (LEVEL high is recorded, not excluded): LEVEL HIGH (recorded, not an exclusion): loaded clock 1815 MHz is over the 1545 MHz edge of the band around the 1470 MHz reference; the cell ran at 1.23x the issue rate the fixed compute roof assumed, so its fraction of that roof is inflated by the ratio; read roof_at_cell_clock_tflops
  BN=  64 BM=  32 n= 8 rep=14 r=  256 T=  1024     4.5754 ms (88 iters)
  BN=  64 BM=  32 n= 1 rep=15 r=   32 T=   128     0.7738 ms (510 iters)
  ^ kept (LEVEL high is recorded, not excluded): LEVEL HIGH (recorded, not an exclusion): loaded clock 1605 MHz is over the 1545 MHz edge of the band around the 1470 MHz reference; the cell ran at 1.09x the issue rate the fixed compute roof assumed, so its fraction of that roof is inflated by the ratio; read roof_at_cell_clock_tflops
  BN=  64 BM=  32 n= 2 rep=15 r=   64 T=   256     1.3491 ms (300 iters)
  ^ kept (LEVEL high is recorded, not excluded): LEVEL HIGH (recorded, not an exclusion): loaded clock 1725 MHz is over the 1545 MHz edge of the band around the 1470 MHz reference; the cell ran at 1.17x the issue rate the fixed compute roof assumed, so its fraction of that roof is inflated by the ratio; read roof_at_cell_clock_tflops
  BN=  64 BM=  32 n= 3 rep=15 r=   96 T=   384     1.8570 ms (216 iters)
  ^ kept (LEVEL high is recorded, not excluded): LEVEL HIGH (recorded, not an exclusion): loaded clock 1740 MHz is over the 1545 MHz edge of the band around the 1470 MHz reference; the cell ran at 1.18x the issue rate the fixed compute roof assumed, so its fraction of that roof is inflated by the ratio; read roof_at_cell_clock_tflops
  BN=  64 BM=  32 n= 4 rep=15 r=  128 T=   512     2.3978 ms (163 iters)
  ^ kept (LEVEL high is recorded, not excluded): LEVEL HIGH (recorded, not an exclusion): loaded clock 1740 MHz is over the 1545 MHz edge of the band around the 1470 MHz reference; the cell ran at 1.18x the issue rate the fixed compute roof assumed, so its fraction of that roof is inflated by the ratio; read roof_at_cell_clock_tflops
  BN=  64 BM=  32 n= 5 rep=15 r=  160 T=   640     3.0127 ms (132 iters)
  ^ kept (LEVEL high is recorded, not excluded): LEVEL HIGH (recorded, not an exclusion): loaded clock 1755 MHz is over the 1545 MHz edge of the band around the 1470 MHz reference; the cell ran at 1.19x the issue rate the fixed compute roof assumed, so its fraction of that roof is inflated by the ratio; read roof_at_cell_clock_tflops
  BN=  64 BM=  32 n= 6 rep=15 r=  192 T=   768     3.5630 ms (111 iters)
  ^ kept (LEVEL high is recorded, not excluded): LEVEL HIGH (recorded, not an exclusion): loaded clock 1740 MHz is over the 1545 MHz edge of the band around the 1470 MHz reference; the cell ran at 1.18x the issue rate the fixed compute roof assumed, so its fraction of that roof is inflated by the ratio; read roof_at_cell_clock_tflops
  BN=  64 BM=  32 n= 7 rep=15 r=  224 T=   896     4.1965 ms (93 iters)
  ^ kept (LEVEL high is recorded, not excluded): LEVEL HIGH (recorded, not an exclusion): loaded clock 1815 MHz is over the 1545 MHz edge of the band around the 1470 MHz reference; the cell ran at 1.23x the issue rate the fixed compute roof assumed, so its fraction of that roof is inflated by the ratio; read roof_at_cell_clock_tflops
  BN=  64 BM=  32 n= 8 rep=15 r=  256 T=  1024     4.5742 ms (89 iters)
  ^ DRIFT failed, oscillating: under-load clock went 1500 -> 1590 MHz over 26 samples (1500, 1500, 1545, 1545, 1515, 1515, 1455, 1455, 1635, 1635, 1230, 1230, 1440, 1440, 1740, 1740, 1470, 1470, 1440, 1440, 1455, 1455, 1455, 1455, 1590, 1590); the trials were not at one operating point and the median is a blend
  BN=  64 BM=  32 n= 1 rep=16 r=   32 T=   128     0.7739 ms (513 iters)
  ^ kept (LEVEL high is recorded, not excluded): LEVEL HIGH (recorded, not an exclusion): loaded clock 1635 MHz is over the 1545 MHz edge of the band around the 1470 MHz reference; the cell ran at 1.11x the issue rate the fixed compute roof assumed, so its fraction of that roof is inflated by the ratio; read roof_at_cell_clock_tflops
  BN=  64 BM=  32 n= 2 rep=16 r=   64 T=   256     1.3260 ms (301 iters)
  ^ kept (LEVEL high is recorded, not excluded): LEVEL HIGH (recorded, not an exclusion): loaded clock 1710 MHz is over the 1545 MHz edge of the band around the 1470 MHz reference; the cell ran at 1.16x the issue rate the fixed compute roof assumed, so its fraction of that roof is inflated by the ratio; read roof_at_cell_clock_tflops
  BN=  64 BM=  32 n= 3 rep=16 r=   96 T=   384     1.8719 ms (214 iters)
  ^ LEVEL HIGH (recorded, not an exclusion): loaded clock 1770 MHz is over the 1545 MHz edge of the band around the 1470 MHz reference; the cell ran at 1.20x the issue rate the fixed compute roof assumed, so its fraction of that roof is inflated by the ratio; read roof_at_cell_clock_tflops; DRIFT failed, oscillating: under-load clock went 1710 -> 1800 MHz over 24 samples (1710, 1800, 1800, 1785, 1785, 1785, 1785, 1770, 1770, 1515, 1515, 1620, 1620, 1695, 1695, 1695, 1695, 1785, 1785, 1755, 1755, 1770, 1770, 1800); the trials were not at one operating point and the median is a blend
  BN=  64 BM=  32 n= 4 rep=16 r=  128 T=   512     2.3728 ms (162 iters)
  ^ kept (LEVEL high is recorded, not excluded): LEVEL HIGH (recorded, not an exclusion): loaded clock 1740 MHz is over the 1545 MHz edge of the band around the 1470 MHz reference; the cell ran at 1.18x the issue rate the fixed compute roof assumed, so its fraction of that roof is inflated by the ratio; read roof_at_cell_clock_tflops
  BN=  64 BM=  32 n= 5 rep=16 r=  160 T=   640     3.0115 ms (136 iters)
  ^ kept (LEVEL high is recorded, not excluded): LEVEL HIGH (recorded, not an exclusion): loaded clock 1755 MHz is over the 1545 MHz edge of the band around the 1470 MHz reference; the cell ran at 1.19x the issue rate the fixed compute roof assumed, so its fraction of that roof is inflated by the ratio; read roof_at_cell_clock_tflops
  BN=  64 BM=  32 n= 6 rep=16 r=  192 T=   768     3.5642 ms (111 iters)
  ^ kept (LEVEL high is recorded, not excluded): LEVEL HIGH (recorded, not an exclusion): loaded clock 1770 MHz is over the 1545 MHz edge of the band around the 1470 MHz reference; the cell ran at 1.20x the issue rate the fixed compute roof assumed, so its fraction of that roof is inflated by the ratio; read roof_at_cell_clock_tflops
  BN=  64 BM=  32 n= 7 rep=16 r=  224 T=   896     4.1349 ms (96 iters)
  ^ kept (LEVEL high is recorded, not excluded): LEVEL HIGH (recorded, not an exclusion): loaded clock 1808 MHz is over the 1545 MHz edge of the band around the 1470 MHz reference; the cell ran at 1.23x the issue rate the fixed compute roof assumed, so its fraction of that roof is inflated by the ratio; read roof_at_cell_clock_tflops
  BN=  64 BM=  32 n= 8 rep=16 r=  256 T=  1024     4.5970 ms (87 iters)
  BN=  64 BM=  32 n= 1 rep=17 r=   32 T=   128     0.7654 ms (523 iters)
  ^ kept (LEVEL high is recorded, not excluded): LEVEL HIGH (recorded, not an exclusion): loaded clock 1650 MHz is over the 1545 MHz edge of the band around the 1470 MHz reference; the cell ran at 1.12x the issue rate the fixed compute roof assumed, so its fraction of that roof is inflated by the ratio; read roof_at_cell_clock_tflops
  BN=  64 BM=  32 n= 2 rep=17 r=   64 T=   256     1.3110 ms (298 iters)
  ^ kept (LEVEL high is recorded, not excluded): LEVEL HIGH (recorded, not an exclusion): loaded clock 1680 MHz is over the 1545 MHz edge of the band around the 1470 MHz reference; the cell ran at 1.14x the issue rate the fixed compute roof assumed, so its fraction of that roof is inflated by the ratio; read roof_at_cell_clock_tflops
  BN=  64 BM=  32 n= 3 rep=17 r=   96 T=   384     1.9095 ms (209 iters)
  ^ kept (LEVEL high is recorded, not excluded): LEVEL HIGH (recorded, not an exclusion): loaded clock 1710 MHz is over the 1545 MHz edge of the band around the 1470 MHz reference; the cell ran at 1.16x the issue rate the fixed compute roof assumed, so its fraction of that roof is inflated by the ratio; read roof_at_cell_clock_tflops
  BN=  64 BM=  32 n= 4 rep=17 r=  128 T=   512     2.4164 ms (166 iters)
  ^ kept (LEVEL high is recorded, not excluded): LEVEL HIGH (recorded, not an exclusion): loaded clock 1740 MHz is over the 1545 MHz edge of the band around the 1470 MHz reference; the cell ran at 1.18x the issue rate the fixed compute roof assumed, so its fraction of that roof is inflated by the ratio; read roof_at_cell_clock_tflops
  BN=  64 BM=  32 n= 5 rep=17 r=  160 T=   640     3.0124 ms (129 iters)
  ^ kept (LEVEL high is recorded, not excluded): LEVEL HIGH (recorded, not an exclusion): loaded clock 1755 MHz is over the 1545 MHz edge of the band around the 1470 MHz reference; the cell ran at 1.19x the issue rate the fixed compute roof assumed, so its fraction of that roof is inflated by the ratio; read roof_at_cell_clock_tflops
  BN=  64 BM=  32 n= 6 rep=17 r=  192 T=   768     3.5662 ms (115 iters)
  ^ kept (LEVEL high is recorded, not excluded): LEVEL HIGH (recorded, not an exclusion): loaded clock 1755 MHz is over the 1545 MHz edge of the band around the 1470 MHz reference; the cell ran at 1.19x the issue rate the fixed compute roof assumed, so its fraction of that roof is inflated by the ratio; read roof_at_cell_clock_tflops
  BN=  64 BM=  32 n= 7 rep=17 r=  224 T=   896     4.1624 ms (93 iters)
  ^ kept (LEVEL high is recorded, not excluded): LEVEL HIGH (recorded, not an exclusion): loaded clock 1815 MHz is over the 1545 MHz edge of the band around the 1470 MHz reference; the cell ran at 1.23x the issue rate the fixed compute roof assumed, so its fraction of that roof is inflated by the ratio; read roof_at_cell_clock_tflops
  BN=  64 BM=  32 n= 8 rep=17 r=  256 T=  1024     4.5762 ms (88 iters)

-- BN=64: subject ladder, BLOCK_M=64 --
  BN=  64 BM=  64 n= 1 rep= 1 r=   64 T=   256     0.8556 ms (467 iters)
  ^ DRIFT failed, dropping: under-load clock went 1545 -> 1440 MHz over 25 samples (1545, 1545, 1395, 1395, 1425, 1425, 1455, 1455, 1425, 1425, 990, 990, 1380, 1380, 1395, 1395, 1395, 1395, 1410, 1410, 1440, 1440, 1425, 1425, 1440); the trials were not at one operating point and the median is a blend
  BN=  64 BM=  64 n= 2 rep= 1 r=  128 T=   512     1.3349 ms (301 iters)
  BN=  64 BM=  64 n= 3 rep= 1 r=  192 T=   768     1.9804 ms (200 iters)
  BN=  64 BM=  64 n= 4 rep= 1 r=  256 T=  1024     2.5338 ms (159 iters)
  BN=  64 BM=  64 n= 5 rep= 1 r=  320 T=  1280     3.1716 ms (128 iters)
  BN=  64 BM=  64 n= 6 rep= 1 r=  384 T=  1536     3.7888 ms (105 iters)
  BN=  64 BM=  64 n= 7 rep= 1 r=  448 T=  1792     4.3165 ms (94 iters)
  BN=  64 BM=  64 n= 8 rep= 1 r=  512 T=  2048     4.7936 ms (82 iters)
  BN=  64 BM=  64 n= 1 rep= 2 r=   64 T=   256     0.8715 ms (466 iters)
  ^ DRIFT failed, dropping: under-load clock went 1590 -> 1410 MHz over 26 samples (1590, 1590, 1410, 1410, 1425, 1425, 1410, 1410, 1410, 1410, 930, 930, 1380, 1380, 1410, 1410, 1425, 1425, 1470, 1470, 1425, 1425, 1425, 1425, 1410, 1410); the trials were not at one operating point and the median is a blend
  BN=  64 BM=  64 n= 2 rep= 2 r=  128 T=   512     1.3393 ms (304 iters)
  BN=  64 BM=  64 n= 3 rep= 2 r=  192 T=   768     1.9613 ms (201 iters)
  BN=  64 BM=  64 n= 4 rep= 2 r=  256 T=  1024     2.5567 ms (155 iters)
  BN=  64 BM=  64 n= 5 rep= 2 r=  320 T=  1280     3.1839 ms (129 iters)
  BN=  64 BM=  64 n= 6 rep= 2 r=  384 T=  1536     3.7782 ms (105 iters)
  BN=  64 BM=  64 n= 7 rep= 2 r=  448 T=  1792     4.3839 ms (91 iters)
  BN=  64 BM=  64 n= 8 rep= 2 r=  512 T=  2048     4.7820 ms (83 iters)
  BN=  64 BM=  64 n= 1 rep= 3 r=   64 T=   256     0.8711 ms (454 iters)
  BN=  64 BM=  64 n= 2 rep= 3 r=  128 T=   512     1.3471 ms (301 iters)
  BN=  64 BM=  64 n= 3 rep= 3 r=  192 T=   768     1.9684 ms (204 iters)
  BN=  64 BM=  64 n= 4 rep= 3 r=  256 T=  1024     2.5295 ms (158 iters)
  BN=  64 BM=  64 n= 5 rep= 3 r=  320 T=  1280     3.1527 ms (125 iters)
  BN=  64 BM=  64 n= 6 rep= 3 r=  384 T=  1536     3.7782 ms (105 iters)
  BN=  64 BM=  64 n= 7 rep= 3 r=  448 T=  1792     4.2428 ms (93 iters)
  BN=  64 BM=  64 n= 8 rep= 3 r=  512 T=  2048     4.7937 ms (80 iters)
  BN=  64 BM=  64 n= 1 rep= 4 r=   64 T=   256     0.8715 ms (452 iters)
  BN=  64 BM=  64 n= 2 rep= 4 r=  128 T=   512     1.3230 ms (302 iters)
  BN=  64 BM=  64 n= 3 rep= 4 r=  192 T=   768     1.9829 ms (202 iters)
  BN=  64 BM=  64 n= 4 rep= 4 r=  256 T=  1024     2.5535 ms (155 iters)
  BN=  64 BM=  64 n= 5 rep= 4 r=  320 T=  1280     3.1697 ms (124 iters)
  BN=  64 BM=  64 n= 6 rep= 4 r=  384 T=  1536     3.7802 ms (105 iters)
  BN=  64 BM=  64 n= 7 rep= 4 r=  448 T=  1792     4.3652 ms (91 iters)
  BN=  64 BM=  64 n= 8 rep= 4 r=  512 T=  2048     4.7814 ms (84 iters)
  BN=  64 BM=  64 n= 1 rep= 5 r=   64 T=   256     0.8559 ms (469 iters)
  BN=  64 BM=  64 n= 2 rep= 5 r=  128 T=   512     1.3496 ms (292 iters)
  BN=  64 BM=  64 n= 3 rep= 5 r=  192 T=   768     1.9899 ms (202 iters)
  ^ DRIFT failed, dropping: under-load clock went 1575 -> 1455 MHz over 25 samples (1575, 1575, 1515, 1515, 1470, 1470, 1440, 1440, 1440, 1440, 1020, 1020, 1380, 1380, 1470, 1470, 1485, 1485, 1470, 1470, 1470, 1470, 1485, 1485, 1455); the trials were not at one operating point and the median is a blend
  BN=  64 BM=  64 n= 4 rep= 5 r=  256 T=  1024     2.5163 ms (162 iters)
  BN=  64 BM=  64 n= 5 rep= 5 r=  320 T=  1280     3.1776 ms (125 iters)
  BN=  64 BM=  64 n= 6 rep= 5 r=  384 T=  1536     3.7936 ms (105 iters)
  BN=  64 BM=  64 n= 7 rep= 5 r=  448 T=  1792     4.3655 ms (92 iters)
  BN=  64 BM=  64 n= 8 rep= 5 r=  512 T=  2048     4.7742 ms (82 iters)
  BN=  64 BM=  64 n= 1 rep= 6 r=   64 T=   256     0.8676 ms (456 iters)
  BN=  64 BM=  64 n= 2 rep= 6 r=  128 T=   512     1.3605 ms (291 iters)
  BN=  64 BM=  64 n= 3 rep= 6 r=  192 T=   768     1.9547 ms (207 iters)
  BN=  64 BM=  64 n= 4 rep= 6 r=  256 T=  1024     2.5307 ms (156 iters)
  BN=  64 BM=  64 n= 5 rep= 6 r=  320 T=  1280     3.2073 ms (125 iters)
  BN=  64 BM=  64 n= 6 rep= 6 r=  384 T=  1536     3.7896 ms (105 iters)
  BN=  64 BM=  64 n= 7 rep= 6 r=  448 T=  1792     4.2674 ms (94 iters)
  BN=  64 BM=  64 n= 8 rep= 6 r=  512 T=  2048     4.7641 ms (83 iters)
  BN=  64 BM=  64 n= 1 rep= 7 r=   64 T=   256     0.8684 ms (455 iters)
  ^ DRIFT failed, dropping: under-load clock went 1515 -> 1410 MHz over 25 samples (1515, 1515, 1410, 1410, 1395, 1395, 1410, 1410, 1410, 1410, 885, 885, 1365, 1365, 1425, 1425, 1425, 1425, 1455, 1455, 1425, 1425, 1425, 1425, 1410); the trials were not at one operating point and the median is a blend
  BN=  64 BM=  64 n= 2 rep= 7 r=  128 T=   512     1.3405 ms (302 iters)
  BN=  64 BM=  64 n= 3 rep= 7 r=  192 T=   768     1.9608 ms (204 iters)
  BN=  64 BM=  64 n= 4 rep= 7 r=  256 T=  1024     2.5320 ms (157 iters)
  ^ DRIFT failed, dropping: under-load clock went 1545 -> 1455 MHz over 25 samples (1545, 1545, 1455, 1455, 1455, 1455, 1455, 1455, 1455, 1455, 975, 975, 1380, 1380, 1485, 1485, 1500, 1500, 1485, 1485, 1470, 1470, 1455, 1455, 1455); the trials were not at one operating point and the median is a blend
  BN=  64 BM=  64 n= 5 rep= 7 r=  320 T=  1280     3.1741 ms (129 iters)
  BN=  64 BM=  64 n= 6 rep= 7 r=  384 T=  1536     3.7708 ms (106 iters)
  BN=  64 BM=  64 n= 7 rep= 7 r=  448 T=  1792     4.2817 ms (94 iters)
  BN=  64 BM=  64 n= 8 rep= 7 r=  512 T=  2048     4.7765 ms (83 iters)
  ^ DRIFT failed, dropping: under-load clock went 1605 -> 1440 MHz over 26 samples (1605, 1605, 1440, 1440, 1440, 1440, 1470, 1470, 1470, 1470, 1200, 1200, 1425, 1425, 1485, 1485, 1470, 1470, 1455, 1455, 1455, 1455, 1455, 1455, 1440, 1440); the trials were not at one operating point and the median is a blend
  BN=  64 BM=  64 n= 1 rep= 8 r=   64 T=   256     0.8700 ms (461 iters)
  BN=  64 BM=  64 n= 2 rep= 8 r=  128 T=   512     1.3436 ms (299 iters)
  BN=  64 BM=  64 n= 3 rep= 8 r=  192 T=   768     1.9707 ms (202 iters)
  BN=  64 BM=  64 n= 4 rep= 8 r=  256 T=  1024     2.5333 ms (157 iters)
  BN=  64 BM=  64 n= 5 rep= 8 r=  320 T=  1280     3.1796 ms (125 iters)
  BN=  64 BM=  64 n= 6 rep= 8 r=  384 T=  1536     3.7806 ms (109 iters)
  BN=  64 BM=  64 n= 7 rep= 8 r=  448 T=  1792     4.3685 ms (90 iters)
  BN=  64 BM=  64 n= 8 rep= 8 r=  512 T=  2048     4.8100 ms (82 iters)
  BN=  64 BM=  64 n= 1 rep= 9 r=   64 T=   256     0.8687 ms (463 iters)
  BN=  64 BM=  64 n= 2 rep= 9 r=  128 T=   512     1.3444 ms (294 iters)
  BN=  64 BM=  64 n= 3 rep= 9 r=  192 T=   768     1.9644 ms (204 iters)
  BN=  64 BM=  64 n= 4 rep= 9 r=  256 T=  1024     2.5357 ms (155 iters)
  BN=  64 BM=  64 n= 5 rep= 9 r=  320 T=  1280     3.1948 ms (129 iters)
  ^ DRIFT failed, dropping: under-load clock went 1575 -> 1470 MHz over 25 samples (1575, 1575, 1500, 1500, 1470, 1470, 1455, 1455, 1455, 1455, 1050, 1050, 1410, 1410, 1470, 1470, 1500, 1500, 1485, 1485, 1500, 1500, 1485, 1485, 1470); the trials were not at one operating point and the median is a blend
  BN=  64 BM=  64 n= 6 rep= 9 r=  384 T=  1536     3.7634 ms (109 iters)
  BN=  64 BM=  64 n= 7 rep= 9 r=  448 T=  1792     4.2843 ms (93 iters)
  BN=  64 BM=  64 n= 8 rep= 9 r=  512 T=  2048     4.8192 ms (83 iters)
  BN=  64 BM=  64 n= 1 rep=10 r=   64 T=   256     0.8737 ms (457 iters)
  ^ DRIFT failed, dropping: under-load clock went 1530 -> 1410 MHz over 25 samples (1530, 1530, 1410, 1410, 1410, 1410, 1410, 1410, 1410, 1410, 1230, 1230, 1425, 1425, 1410, 1410, 1410, 1410, 1395, 1395, 1410, 1410, 1410, 1410, 1410); the trials were not at one operating point and the median is a blend
  BN=  64 BM=  64 n= 2 rep=10 r=  128 T=   512     1.3500 ms (295 iters)
  BN=  64 BM=  64 n= 3 rep=10 r=  192 T=   768     1.9797 ms (202 iters)
  BN=  64 BM=  64 n= 4 rep=10 r=  256 T=  1024     2.5320 ms (157 iters)
  BN=  64 BM=  64 n= 5 rep=10 r=  320 T=  1280     3.1797 ms (125 iters)
  BN=  64 BM=  64 n= 6 rep=10 r=  384 T=  1536     3.7870 ms (107 iters)
  ^ DRIFT failed, dropping: under-load clock went 1560 -> 1455 MHz over 24 samples (1560, 1560, 1455, 1455, 1470, 1470, 1470, 1470, 1455, 1455, 1230, 1230, 1470, 1470, 1455, 1455, 1455, 1455, 1470, 1470, 1470, 1470, 1455, 1455); the trials were not at one operating point and the median is a blend
  BN=  64 BM=  64 n= 7 rep=10 r=  448 T=  1792     4.3776 ms (93 iters)
  BN=  64 BM=  64 n= 8 rep=10 r=  512 T=  2048     4.7872 ms (84 iters)
  BN=  64 BM=  64 n= 1 rep=11 r=   64 T=   256     0.8579 ms (471 iters)
  BN=  64 BM=  64 n= 2 rep=11 r=  128 T=   512     1.3335 ms (300 iters)
  BN=  64 BM=  64 n= 3 rep=11 r=  192 T=   768     1.9707 ms (200 iters)
  ^ DRIFT failed, dropping: under-load clock went 1530 -> 1440 MHz over 24 samples (1530, 1530, 1440, 1440, 1455, 1455, 1440, 1440, 1440, 1440, 1245, 1245, 1425, 1425, 1470, 1470, 1470, 1470, 1500, 1500, 1470, 1470, 1440, 1440); the trials were not at one operating point and the median is a blend
  BN=  64 BM=  64 n= 4 rep=11 r=  256 T=  1024     2.5372 ms (158 iters)
  BN=  64 BM=  64 n= 5 rep=11 r=  320 T=  1280     3.1772 ms (124 iters)
  BN=  64 BM=  64 n= 6 rep=11 r=  384 T=  1536     3.8048 ms (104 iters)
  BN=  64 BM=  64 n= 7 rep=11 r=  448 T=  1792     4.3466 ms (94 iters)
  BN=  64 BM=  64 n= 8 rep=11 r=  512 T=  2048     4.7741 ms (83 iters)
  BN=  64 BM=  64 n= 1 rep=12 r=   64 T=   256     0.8716 ms (454 iters)
  BN=  64 BM=  64 n= 2 rep=12 r=  128 T=   512     1.3537 ms (292 iters)
  BN=  64 BM=  64 n= 3 rep=12 r=  192 T=   768     1.9858 ms (201 iters)
  ^ DRIFT failed, dropping: under-load clock went 1545 -> 1440 MHz over 24 samples (1545, 1545, 1470, 1470, 1455, 1455, 1455, 1455, 1455, 1455, 1365, 1365, 1470, 1470, 1440, 1440, 1455, 1455, 1470, 1470, 1455, 1455, 1440, 1440); the trials were not at one operating point and the median is a blend
  BN=  64 BM=  64 n= 4 rep=12 r=  256 T=  1024     2.5513 ms (155 iters)
  BN=  64 BM=  64 n= 5 rep=12 r=  320 T=  1280     3.1794 ms (125 iters)
  BN=  64 BM=  64 n= 6 rep=12 r=  384 T=  1536     3.7735 ms (106 iters)
  BN=  64 BM=  64 n= 7 rep=12 r=  448 T=  1792     4.2674 ms (94 iters)
  BN=  64 BM=  64 n= 8 rep=12 r=  512 T=  2048     4.7974 ms (80 iters)
  BN=  64 BM=  64 n= 1 rep=13 r=   64 T=   256     0.8739 ms (464 iters)
  BN=  64 BM=  64 n= 2 rep=13 r=  128 T=   512     1.3423 ms (299 iters)
  BN=  64 BM=  64 n= 3 rep=13 r=  192 T=   768     1.9888 ms (198 iters)
  ^ DRIFT failed, dropping: under-load clock went 1545 -> 1455 MHz over 25 samples (1545, 1545, 1455, 1455, 1485, 1485, 1455, 1455, 1455, 1455, 1335, 1335, 1305, 1305, 1440, 1440, 1470, 1470, 1485, 1485, 1470, 1470, 1455, 1455, 1455); the trials were not at one operating point and the median is a blend
  BN=  64 BM=  64 n= 4 rep=13 r=  256 T=  1024     2.5255 ms (162 iters)
  BN=  64 BM=  64 n= 5 rep=13 r=  320 T=  1280     3.1647 ms (124 iters)
  BN=  64 BM=  64 n= 6 rep=13 r=  384 T=  1536     3.8006 ms (103 iters)
  BN=  64 BM=  64 n= 7 rep=13 r=  448 T=  1792     4.2636 ms (94 iters)
  BN=  64 BM=  64 n= 8 rep=13 r=  512 T=  2048     4.7956 ms (80 iters)
  BN=  64 BM=  64 n= 1 rep=14 r=   64 T=   256     0.8675 ms (471 iters)
  BN=  64 BM=  64 n= 2 rep=14 r=  128 T=   512     1.3375 ms (300 iters)
  ^ DRIFT failed, dropping: under-load clock went 1485 -> 1410 MHz over 24 samples (1485, 1485, 1395, 1395, 1440, 1440, 1440, 1440, 1455, 1455, 1110, 1110, 1425, 1425, 1440, 1440, 1455, 1455, 1440, 1440, 1425, 1425, 1410, 1410); the trials were not at one operating point and the median is a blend
  BN=  64 BM=  64 n= 3 rep=14 r=  192 T=   768     1.9837 ms (199 iters)
  BN=  64 BM=  64 n= 4 rep=14 r=  256 T=  1024     2.5325 ms (157 iters)
  BN=  64 BM=  64 n= 5 rep=14 r=  320 T=  1280     3.1793 ms (125 iters)
  BN=  64 BM=  64 n= 6 rep=14 r=  384 T=  1536     3.7832 ms (109 iters)
  BN=  64 BM=  64 n= 7 rep=14 r=  448 T=  1792     4.3553 ms (91 iters)
  BN=  64 BM=  64 n= 8 rep=14 r=  512 T=  2048     4.7905 ms (83 iters)
  BN=  64 BM=  64 n= 1 rep=15 r=   64 T=   256     0.8641 ms (466 iters)
  BN=  64 BM=  64 n= 2 rep=15 r=  128 T=   512     1.3509 ms (291 iters)
  BN=  64 BM=  64 n= 3 rep=15 r=  192 T=   768     1.9940 ms (199 iters)
  BN=  64 BM=  64 n= 4 rep=15 r=  256 T=  1024     2.5292 ms (158 iters)
  BN=  64 BM=  64 n= 5 rep=15 r=  320 T=  1280     3.1804 ms (123 iters)
  BN=  64 BM=  64 n= 6 rep=15 r=  384 T=  1536     3.7984 ms (108 iters)
  BN=  64 BM=  64 n= 7 rep=15 r=  448 T=  1792     4.3587 ms (93 iters)
  BN=  64 BM=  64 n= 8 rep=15 r=  512 T=  2048     4.7789 ms (83 iters)
  BN=  64 BM=  64 n= 1 rep=16 r=   64 T=   256     0.8722 ms (449 iters)
  BN=  64 BM=  64 n= 2 rep=16 r=  128 T=   512     1.3538 ms (298 iters)
  BN=  64 BM=  64 n= 3 rep=16 r=  192 T=   768     1.9655 ms (204 iters)
  BN=  64 BM=  64 n= 4 rep=16 r=  256 T=  1024     2.5529 ms (155 iters)
  BN=  64 BM=  64 n= 5 rep=16 r=  320 T=  1280     3.1803 ms (126 iters)
  BN=  64 BM=  64 n= 6 rep=16 r=  384 T=  1536     3.7528 ms (108 iters)
  BN=  64 BM=  64 n= 7 rep=16 r=  448 T=  1792     4.3881 ms (90 iters)
  BN=  64 BM=  64 n= 8 rep=16 r=  512 T=  2048     4.7958 ms (84 iters)
  BN=  64 BM=  64 n= 1 rep=17 r=   64 T=   256     0.8671 ms (457 iters)
  BN=  64 BM=  64 n= 2 rep=17 r=  128 T=   512     1.3516 ms (296 iters)
  BN=  64 BM=  64 n= 3 rep=17 r=  192 T=   768     1.9834 ms (204 iters)
  BN=  64 BM=  64 n= 4 rep=17 r=  256 T=  1024     2.5351 ms (157 iters)
  BN=  64 BM=  64 n= 5 rep=17 r=  320 T=  1280     3.1776 ms (125 iters)
  BN=  64 BM=  64 n= 6 rep=17 r=  384 T=  1536     3.7071 ms (107 iters)
  BN=  64 BM=  64 n= 7 rep=17 r=  448 T=  1792     4.3878 ms (89 iters)
  BN=  64 BM=  64 n= 8 rep=17 r=  512 T=  2048     4.8541 ms (83 iters)

-- BN=64: subject ladder, BLOCK_M=128 --
  ^ DRIFT failed, dropping: under-load clock went 1620 -> 1440 MHz over 26 samples (1620, 1620, 1440, 1440, 1440, 1440, 1440, 1440, 1410, 1410, 990, 990, 1320, 1320, 1410, 1410, 1410, 1410, 1425, 1425, 1425, 1425, 1440, 1440, 1440, 1440); the trials were not at one operating point and the median is a blend
  BN=  64 BM= 128 n= 1 rep= 1 r=  128 T=   512     1.1249 ms (355 iters)
  BN=  64 BM= 128 n= 2 rep= 1 r=  256 T=  1024     2.1402 ms (185 iters)
  BN=  64 BM= 128 n= 3 rep= 1 r=  384 T=  1536     3.1503 ms (131 iters)
  BN=  64 BM= 128 n= 4 rep= 1 r=  512 T=  2048     4.0248 ms (99 iters)
  BN=  64 BM= 128 n= 5 rep= 1 r=  640 T=  2560     5.0274 ms (79 iters)
  BN=  64 BM= 128 n= 6 rep= 1 r=  768 T=  3072     5.9389 ms (67 iters)
  BN=  64 BM= 128 n= 7 rep= 1 r=  896 T=  3584     6.9702 ms (57 iters)
  BN=  64 BM= 128 n= 8 rep= 1 r= 1024 T=  4096     7.9329 ms (51 iters)
  BN=  64 BM= 128 n= 1 rep= 2 r=  128 T=   512     1.1462 ms (346 iters)
  BN=  64 BM= 128 n= 2 rep= 2 r=  256 T=  1024     2.1453 ms (184 iters)
  BN=  64 BM= 128 n= 3 rep= 2 r=  384 T=  1536     3.1285 ms (130 iters)
  BN=  64 BM= 128 n= 4 rep= 2 r=  512 T=  2048     4.0260 ms (99 iters)
  BN=  64 BM= 128 n= 5 rep= 2 r=  640 T=  2560     5.1440 ms (77 iters)
  BN=  64 BM= 128 n= 6 rep= 2 r=  768 T=  3072     5.9757 ms (65 iters)
  BN=  64 BM= 128 n= 7 rep= 2 r=  896 T=  3584     6.9976 ms (56 iters)
  BN=  64 BM= 128 n= 8 rep= 2 r= 1024 T=  4096     7.9322 ms (50 iters)
  ^ DRIFT failed, dropping: under-load clock went 1545 -> 1410 MHz over 26 samples (1545, 1545, 1410, 1410, 1410, 1410, 1410, 1410, 1410, 1410, 1035, 1035, 1350, 1350, 1395, 1395, 1410, 1410, 1440, 1440, 1410, 1410, 1410, 1410, 1410, 1410); the trials were not at one operating point and the median is a blend
  BN=  64 BM= 128 n= 1 rep= 3 r=  128 T=   512     1.1410 ms (353 iters)
  BN=  64 BM= 128 n= 2 rep= 3 r=  256 T=  1024     2.1434 ms (185 iters)
  BN=  64 BM= 128 n= 3 rep= 3 r=  384 T=  1536     3.1563 ms (127 iters)
  BN=  64 BM= 128 n= 4 rep= 3 r=  512 T=  2048     4.0256 ms (99 iters)
  BN=  64 BM= 128 n= 5 rep= 3 r=  640 T=  2560     5.0032 ms (79 iters)
  BN=  64 BM= 128 n= 6 rep= 3 r=  768 T=  3072     6.0027 ms (64 iters)
  BN=  64 BM= 128 n= 7 rep= 3 r=  896 T=  3584     7.0000 ms (56 iters)
  BN=  64 BM= 128 n= 8 rep= 3 r= 1024 T=  4096     7.9370 ms (50 iters)
  BN=  64 BM= 128 n= 1 rep= 4 r=  128 T=   512     1.1416 ms (348 iters)
  BN=  64 BM= 128 n= 2 rep= 4 r=  256 T=  1024     2.1432 ms (187 iters)
  BN=  64 BM= 128 n= 3 rep= 4 r=  384 T=  1536     3.1270 ms (130 iters)
  BN=  64 BM= 128 n= 4 rep= 4 r=  512 T=  2048     4.0265 ms (98 iters)
  BN=  64 BM= 128 n= 5 rep= 4 r=  640 T=  2560     5.0156 ms (78 iters)
  BN=  64 BM= 128 n= 6 rep= 4 r=  768 T=  3072     5.9984 ms (66 iters)
  BN=  64 BM= 128 n= 7 rep= 4 r=  896 T=  3584     6.9988 ms (55 iters)
  BN=  64 BM= 128 n= 8 rep= 4 r= 1024 T=  4096     7.8424 ms (52 iters)
  ^ DRIFT failed, settling upward: under-load clock went 1350 -> 1425 MHz over 25 samples (1350, 1425, 1425, 1425, 1425, 1425, 1425, 1425, 1425, 1425, 1425, 1365, 1365, 1410, 1410, 1395, 1395, 1290, 1290, 1425, 1425, 1410, 1410, 1425, 1425); the trials were not at one operating point and the median is a blend
  BN=  64 BM= 128 n= 1 rep= 5 r=  128 T=   512     1.1366 ms (346 iters)
  BN=  64 BM= 128 n= 2 rep= 5 r=  256 T=  1024     2.1439 ms (185 iters)
  BN=  64 BM= 128 n= 3 rep= 5 r=  384 T=  1536     3.1251 ms (127 iters)
  BN=  64 BM= 128 n= 4 rep= 5 r=  512 T=  2048     4.0272 ms (99 iters)
  BN=  64 BM= 128 n= 5 rep= 5 r=  640 T=  2560     5.0272 ms (82 iters)
  BN=  64 BM= 128 n= 6 rep= 5 r=  768 T=  3072     5.9984 ms (66 iters)
  BN=  64 BM= 128 n= 7 rep= 5 r=  896 T=  3584     6.9947 ms (57 iters)
  BN=  64 BM= 128 n= 8 rep= 5 r= 1024 T=  4096     7.9359 ms (50 iters)
  BN=  64 BM= 128 n= 1 rep= 6 r=  128 T=   512     1.1415 ms (349 iters)
  BN=  64 BM= 128 n= 2 rep= 6 r=  256 T=  1024     2.1271 ms (187 iters)
  BN=  64 BM= 128 n= 3 rep= 6 r=  384 T=  1536     3.1384 ms (126 iters)
  BN=  64 BM= 128 n= 4 rep= 6 r=  512 T=  2048     4.0263 ms (98 iters)
  BN=  64 BM= 128 n= 5 rep= 6 r=  640 T=  2560     5.0226 ms (82 iters)
  BN=  64 BM= 128 n= 6 rep= 6 r=  768 T=  3072     6.0014 ms (66 iters)
  BN=  64 BM= 128 n= 7 rep= 6 r=  896 T=  3584     6.9962 ms (57 iters)
  BN=  64 BM= 128 n= 8 rep= 6 r= 1024 T=  4096     7.8638 ms (50 iters)
  ^ DRIFT failed, dropping: under-load clock went 1530 -> 1410 MHz over 25 samples (1530, 1530, 1410, 1410, 1425, 1425, 1425, 1425, 1410, 1410, 1245, 1245, 1425, 1425, 1410, 1410, 1395, 1395, 1395, 1395, 1410, 1410, 1410, 1410, 1410); the trials were not at one operating point and the median is a blend
  BN=  64 BM= 128 n= 1 rep= 7 r=  128 T=   512     1.1420 ms (354 iters)
  ^ DRIFT failed, dropping: under-load clock went 1545 -> 1425 MHz over 24 samples (1545, 1545, 1410, 1410, 1425, 1425, 1440, 1440, 1440, 1440, 1275, 1275, 1425, 1425, 1455, 1455, 1455, 1455, 1440, 1440, 1440, 1440, 1425, 1425); the trials were not at one operating point and the median is a blend
  BN=  64 BM= 128 n= 2 rep= 7 r=  256 T=  1024     2.1444 ms (187 iters)
  BN=  64 BM= 128 n= 3 rep= 7 r=  384 T=  1536     3.1544 ms (126 iters)
  BN=  64 BM= 128 n= 4 rep= 7 r=  512 T=  2048     4.0264 ms (98 iters)
  BN=  64 BM= 128 n= 5 rep= 7 r=  640 T=  2560     5.0258 ms (80 iters)
  BN=  64 BM= 128 n= 6 rep= 7 r=  768 T=  3072     6.0019 ms (65 iters)
  BN=  64 BM= 128 n= 7 rep= 7 r=  896 T=  3584     6.9699 ms (57 iters)
  BN=  64 BM= 128 n= 8 rep= 7 r= 1024 T=  4096     7.8634 ms (50 iters)
  ^ DRIFT failed, settling upward: under-load clock went 1335 -> 1410 MHz over 24 samples (1335, 1410, 1410, 1410, 1410, 1410, 1410, 1410, 1410, 1395, 1395, 1395, 1395, 1425, 1425, 1395, 1395, 1365, 1365, 1395, 1395, 1395, 1395, 1410); the trials were not at one operating point and the median is a blend
  BN=  64 BM= 128 n= 1 rep= 8 r=  128 T=   512     1.1419 ms (335 iters)
  ^ DRIFT failed, dropping: under-load clock went 1560 -> 1425 MHz over 25 samples (1560, 1560, 1410, 1410, 1425, 1425, 1425, 1425, 1425, 1425, 1335, 1335, 1440, 1440, 1455, 1455, 1455, 1455, 1455, 1455, 1440, 1440, 1440, 1440, 1425); the trials were not at one operating point and the median is a blend
  BN=  64 BM= 128 n= 2 rep= 8 r=  256 T=  1024     2.1437 ms (188 iters)
  BN=  64 BM= 128 n= 3 rep= 8 r=  384 T=  1536     3.1425 ms (128 iters)
  BN=  64 BM= 128 n= 4 rep= 8 r=  512 T=  2048     4.0683 ms (99 iters)
  BN=  64 BM= 128 n= 5 rep= 8 r=  640 T=  2560     5.1388 ms (79 iters)
  BN=  64 BM= 128 n= 6 rep= 8 r=  768 T=  3072     6.0005 ms (66 iters)
  BN=  64 BM= 128 n= 7 rep= 8 r=  896 T=  3584     6.9965 ms (56 iters)
  BN=  64 BM= 128 n= 8 rep= 8 r= 1024 T=  4096     7.9394 ms (50 iters)
  BN=  64 BM= 128 n= 1 rep= 9 r=  128 T=   512     1.1475 ms (344 iters)
  BN=  64 BM= 128 n= 2 rep= 9 r=  256 T=  1024     2.1420 ms (186 iters)
  BN=  64 BM= 128 n= 3 rep= 9 r=  384 T=  1536     3.1326 ms (126 iters)
  BN=  64 BM= 128 n= 4 rep= 9 r=  512 T=  2048     4.0263 ms (99 iters)
  ^ DRIFT failed, dropping: under-load clock went 1575 -> 1485 MHz over 24 samples (1575, 1575, 1485, 1485, 1470, 1470, 1485, 1485, 1470, 1470, 1245, 1245, 1440, 1440, 1485, 1485, 1485, 1485, 1515, 1515, 1485, 1485, 1485, 1485); the trials were not at one operating point and the median is a blend
  BN=  64 BM= 128 n= 5 rep= 9 r=  640 T=  2560     5.0273 ms (79 iters)
  BN=  64 BM= 128 n= 6 rep= 9 r=  768 T=  3072     5.9989 ms (64 iters)
  BN=  64 BM= 128 n= 7 rep= 9 r=  896 T=  3584     6.9964 ms (56 iters)
  BN=  64 BM= 128 n= 8 rep= 9 r= 1024 T=  4096     7.8726 ms (50 iters)
  ^ DRIFT failed, dropping: under-load clock went 1575 -> 1410 MHz over 25 samples (1575, 1575, 1410, 1410, 1410, 1410, 1425, 1425, 1410, 1410, 1365, 1365, 1380, 1380, 1365, 1365, 1380, 1380, 1320, 1320, 1410, 1410, 1410, 1410, 1410); the trials were not at one operating point and the median is a blend
  BN=  64 BM= 128 n= 1 rep=10 r=  128 T=   512     1.1451 ms (341 iters)
  BN=  64 BM= 128 n= 2 rep=10 r=  256 T=  1024     2.1451 ms (186 iters)
  BN=  64 BM= 128 n= 3 rep=10 r=  384 T=  1536     3.1528 ms (131 iters)
  BN=  64 BM= 128 n= 4 rep=10 r=  512 T=  2048     4.0256 ms (99 iters)
  BN=  64 BM= 128 n= 5 rep=10 r=  640 T=  2560     5.0565 ms (77 iters)
  ^ DRIFT failed, dropping: under-load clock went 1665 -> 1500 MHz over 25 samples (1665, 1470, 1470, 1500, 1500, 1485, 1485, 1470, 1470, 1425, 1425, 1440, 1440, 1515, 1515, 1485, 1485, 1470, 1470, 1500, 1500, 1500, 1500, 1500, 1500); the trials were not at one operating point and the median is a blend
  BN=  64 BM= 128 n= 6 rep=10 r=  768 T=  3072     6.0008 ms (69 iters)
  BN=  64 BM= 128 n= 7 rep=10 r=  896 T=  3584     6.9996 ms (56 iters)
  BN=  64 BM= 128 n= 8 rep=10 r= 1024 T=  4096     7.9339 ms (51 iters)
  ^ DRIFT failed, dropping: under-load clock went 1500 -> 1410 MHz over 26 samples (1500, 1500, 1410, 1410, 1425, 1425, 1410, 1410, 1410, 1410, 1410, 1410, 1410, 1410, 1305, 1305, 1290, 1290, 1425, 1425, 1410, 1410, 1395, 1395, 1410, 1410); the trials were not at one operating point and the median is a blend
  BN=  64 BM= 128 n= 1 rep=11 r=  128 T=   512     1.1411 ms (355 iters)
  BN=  64 BM= 128 n= 2 rep=11 r=  256 T=  1024     2.1440 ms (185 iters)
  BN=  64 BM= 128 n= 3 rep=11 r=  384 T=  1536     3.1361 ms (126 iters)
  BN=  64 BM= 128 n= 4 rep=11 r=  512 T=  2048     4.0266 ms (96 iters)
  BN=  64 BM= 128 n= 5 rep=11 r=  640 T=  2560     5.0285 ms (79 iters)
  BN=  64 BM= 128 n= 6 rep=11 r=  768 T=  3072     5.9989 ms (66 iters)
  BN=  64 BM= 128 n= 7 rep=11 r=  896 T=  3584     6.9967 ms (57 iters)
  BN=  64 BM= 128 n= 8 rep=11 r= 1024 T=  4096     7.9220 ms (50 iters)
  BN=  64 BM= 128 n= 1 rep=12 r=  128 T=   512     1.1590 ms (344 iters)
  BN=  64 BM= 128 n= 2 rep=12 r=  256 T=  1024     2.1435 ms (185 iters)
  BN=  64 BM= 128 n= 3 rep=12 r=  384 T=  1536     3.1541 ms (130 iters)
  BN=  64 BM= 128 n= 4 rep=12 r=  512 T=  2048     4.0283 ms (98 iters)
  BN=  64 BM= 128 n= 5 rep=12 r=  640 T=  2560     5.0320 ms (79 iters)
  BN=  64 BM= 128 n= 6 rep=12 r=  768 T=  3072     6.0019 ms (66 iters)
  BN=  64 BM= 128 n= 7 rep=12 r=  896 T=  3584     6.9970 ms (55 iters)
  BN=  64 BM= 128 n= 8 rep=12 r= 1024 T=  4096     7.9388 ms (50 iters)
  BN=  64 BM= 128 n= 1 rep=13 r=  128 T=   512     1.1408 ms (341 iters)
  BN=  64 BM= 128 n= 2 rep=13 r=  256 T=  1024     2.1441 ms (187 iters)
  BN=  64 BM= 128 n= 3 rep=13 r=  384 T=  1536     3.1275 ms (126 iters)
  BN=  64 BM= 128 n= 4 rep=13 r=  512 T=  2048     4.0278 ms (98 iters)
  BN=  64 BM= 128 n= 5 rep=13 r=  640 T=  2560     5.0280 ms (79 iters)
  BN=  64 BM= 128 n= 6 rep=13 r=  768 T=  3072     5.9796 ms (66 iters)
  BN=  64 BM= 128 n= 7 rep=13 r=  896 T=  3584     6.9976 ms (56 iters)
  BN=  64 BM= 128 n= 8 rep=13 r= 1024 T=  4096     7.9377 ms (51 iters)
  BN=  64 BM= 128 n= 1 rep=14 r=  128 T=   512     1.1428 ms (347 iters)
  BN=  64 BM= 128 n= 2 rep=14 r=  256 T=  1024     2.1425 ms (186 iters)
  BN=  64 BM= 128 n= 3 rep=14 r=  384 T=  1536     3.1557 ms (126 iters)
  BN=  64 BM= 128 n= 4 rep=14 r=  512 T=  2048     4.0286 ms (99 iters)
  BN=  64 BM= 128 n= 5 rep=14 r=  640 T=  2560     5.0741 ms (79 iters)
  BN=  64 BM= 128 n= 6 rep=14 r=  768 T=  3072     6.0026 ms (66 iters)
  BN=  64 BM= 128 n= 7 rep=14 r=  896 T=  3584     6.9859 ms (57 iters)
  BN=  64 BM= 128 n= 8 rep=14 r= 1024 T=  4096     7.9338 ms (50 iters)
  BN=  64 BM= 128 n= 1 rep=15 r=  128 T=   512     1.1417 ms (343 iters)
  BN=  64 BM= 128 n= 2 rep=15 r=  256 T=  1024     2.1437 ms (187 iters)
  BN=  64 BM= 128 n= 3 rep=15 r=  384 T=  1536     3.1272 ms (127 iters)
  BN=  64 BM= 128 n= 4 rep=15 r=  512 T=  2048     4.0288 ms (97 iters)
  BN=  64 BM= 128 n= 5 rep=15 r=  640 T=  2560     5.1113 ms (79 iters)
  BN=  64 BM= 128 n= 6 rep=15 r=  768 T=  3072     5.9998 ms (66 iters)
  BN=  64 BM= 128 n= 7 rep=15 r=  896 T=  3584     6.9956 ms (56 iters)
  BN=  64 BM= 128 n= 8 rep=15 r= 1024 T=  4096     7.9499 ms (50 iters)
  ^ DRIFT failed, dropping: under-load clock went 1575 -> 1395 MHz over 25 samples (1575, 1575, 1410, 1410, 1395, 1395, 1410, 1410, 1410, 1410, 1185, 1185, 1410, 1410, 1410, 1410, 1395, 1395, 1380, 1380, 1395, 1395, 1395, 1395, 1395); the trials were not at one operating point and the median is a blend
  BN=  64 BM= 128 n= 1 rep=16 r=  128 T=   512     1.1451 ms (348 iters)
  BN=  64 BM= 128 n= 2 rep=16 r=  256 T=  1024     2.1426 ms (185 iters)
  BN=  64 BM= 128 n= 3 rep=16 r=  384 T=  1536     3.1284 ms (126 iters)
  BN=  64 BM= 128 n= 4 rep=16 r=  512 T=  2048     4.0291 ms (97 iters)
  BN=  64 BM= 128 n= 5 rep=16 r=  640 T=  2560     5.0584 ms (79 iters)
  BN=  64 BM= 128 n= 6 rep=16 r=  768 T=  3072     6.0002 ms (66 iters)
  BN=  64 BM= 128 n= 7 rep=16 r=  896 T=  3584     6.9997 ms (56 iters)
  BN=  64 BM= 128 n= 8 rep=16 r= 1024 T=  4096     7.9352 ms (51 iters)
  BN=  64 BM= 128 n= 1 rep=17 r=  128 T=   512     1.1559 ms (344 iters)
  BN=  64 BM= 128 n= 2 rep=17 r=  256 T=  1024     2.1448 ms (185 iters)
  BN=  64 BM= 128 n= 3 rep=17 r=  384 T=  1536     3.1567 ms (128 iters)
  BN=  64 BM= 128 n= 4 rep=17 r=  512 T=  2048     4.0271 ms (98 iters)
  BN=  64 BM= 128 n= 5 rep=17 r=  640 T=  2560     5.0684 ms (79 iters)
  BN=  64 BM= 128 n= 6 rep=17 r=  768 T=  3072     5.9978 ms (66 iters)
  BN=  64 BM= 128 n= 7 rep=17 r=  896 T=  3584     6.9960 ms (56 iters)
  BN=  64 BM= 128 n= 8 rep=17 r= 1024 T=  4096     7.8883 ms (50 iters)

-- BN=128: subject ladder, BLOCK_M=32 --
  ^ kept (LEVEL high is recorded, not excluded): LEVEL HIGH (recorded, not an exclusion): loaded clock 1755 MHz is over the 1545 MHz edge of the band around the 1470 MHz reference; the cell ran at 1.19x the issue rate the fixed compute roof assumed, so its fraction of that roof is inflated by the ratio; read roof_at_cell_clock_tflops
  BN= 128 BM=  32 n= 1 rep= 1 r=   32 T=   128     0.7870 ms (510 iters)
  ^ kept (LEVEL high is recorded, not excluded): LEVEL HIGH (recorded, not an exclusion): loaded clock 1560 MHz is over the 1545 MHz edge of the band around the 1470 MHz reference; the cell ran at 1.06x the issue rate the fixed compute roof assumed, so its fraction of that roof is inflated by the ratio; read roof_at_cell_clock_tflops
  BN= 128 BM=  32 n= 2 rep= 1 r=   64 T=   256     1.1179 ms (357 iters)
  ^ kept (LEVEL high is recorded, not excluded): LEVEL HIGH (recorded, not an exclusion): loaded clock 1560 MHz is over the 1545 MHz edge of the band around the 1470 MHz reference; the cell ran at 1.06x the issue rate the fixed compute roof assumed, so its fraction of that roof is inflated by the ratio; read roof_at_cell_clock_tflops
  BN= 128 BM=  32 n= 3 rep= 1 r=   96 T=   384     1.6108 ms (244 iters)
  ^ kept (LEVEL high is recorded, not excluded): LEVEL HIGH (recorded, not an exclusion): loaded clock 1680 MHz is over the 1545 MHz edge of the band around the 1470 MHz reference; the cell ran at 1.14x the issue rate the fixed compute roof assumed, so its fraction of that roof is inflated by the ratio; read roof_at_cell_clock_tflops
  BN= 128 BM=  32 n= 4 rep= 1 r=  128 T=   512     2.0046 ms (205 iters)
  ^ kept (LEVEL high is recorded, not excluded): LEVEL HIGH (recorded, not an exclusion): loaded clock 1650 MHz is over the 1545 MHz edge of the band around the 1470 MHz reference; the cell ran at 1.12x the issue rate the fixed compute roof assumed, so its fraction of that roof is inflated by the ratio; read roof_at_cell_clock_tflops
  BN= 128 BM=  32 n= 5 rep= 1 r=  160 T=   640     2.5156 ms (158 iters)
  ^ kept (LEVEL high is recorded, not excluded): LEVEL HIGH (recorded, not an exclusion): loaded clock 1680 MHz is over the 1545 MHz edge of the band around the 1470 MHz reference; the cell ran at 1.14x the issue rate the fixed compute roof assumed, so its fraction of that roof is inflated by the ratio; read roof_at_cell_clock_tflops
  BN= 128 BM=  32 n= 6 rep= 1 r=  192 T=   768     2.9490 ms (136 iters)
  ^ kept (LEVEL high is recorded, not excluded): LEVEL HIGH (recorded, not an exclusion): loaded clock 1688 MHz is over the 1545 MHz edge of the band around the 1470 MHz reference; the cell ran at 1.15x the issue rate the fixed compute roof assumed, so its fraction of that roof is inflated by the ratio; read roof_at_cell_clock_tflops
  BN= 128 BM=  32 n= 7 rep= 1 r=  224 T=   896     3.4061 ms (117 iters)
  ^ kept (LEVEL high is recorded, not excluded): LEVEL HIGH (recorded, not an exclusion): loaded clock 1740 MHz is over the 1545 MHz edge of the band around the 1470 MHz reference; the cell ran at 1.18x the issue rate the fixed compute roof assumed, so its fraction of that roof is inflated by the ratio; read roof_at_cell_clock_tflops
  BN= 128 BM=  32 n= 8 rep= 1 r=  256 T=  1024     3.7698 ms (105 iters)
  ^ kept (LEVEL high is recorded, not excluded): LEVEL HIGH (recorded, not an exclusion): loaded clock 1740 MHz is over the 1545 MHz edge of the band around the 1470 MHz reference; the cell ran at 1.18x the issue rate the fixed compute roof assumed, so its fraction of that roof is inflated by the ratio; read roof_at_cell_clock_tflops
  BN= 128 BM=  32 n= 1 rep= 2 r=   32 T=   128     0.7884 ms (509 iters)
  ^ kept (LEVEL high is recorded, not excluded): LEVEL HIGH (recorded, not an exclusion): loaded clock 1560 MHz is over the 1545 MHz edge of the band around the 1470 MHz reference; the cell ran at 1.06x the issue rate the fixed compute roof assumed, so its fraction of that roof is inflated by the ratio; read roof_at_cell_clock_tflops
  BN= 128 BM=  32 n= 2 rep= 2 r=   64 T=   256     1.1228 ms (355 iters)
  ^ LEVEL HIGH (recorded, not an exclusion): loaded clock 1575 MHz is over the 1545 MHz edge of the band around the 1470 MHz reference; the cell ran at 1.07x the issue rate the fixed compute roof assumed, so its fraction of that roof is inflated by the ratio; read roof_at_cell_clock_tflops; DRIFT failed, dropping: under-load clock went 1725 -> 1590 MHz over 24 samples (1725, 1725, 1500, 1500, 1560, 1560, 1620, 1620, 1680, 1680, 1410, 1410, 1515, 1515, 1635, 1635, 1500, 1500, 1530, 1530, 1620, 1620, 1590, 1590); the trials were not at one operating point and the median is a blend
  BN= 128 BM=  32 n= 3 rep= 2 r=   96 T=   384     1.5968 ms (241 iters)
  ^ kept (LEVEL high is recorded, not excluded): LEVEL HIGH (recorded, not an exclusion): loaded clock 1665 MHz is over the 1545 MHz edge of the band around the 1470 MHz reference; the cell ran at 1.13x the issue rate the fixed compute roof assumed, so its fraction of that roof is inflated by the ratio; read roof_at_cell_clock_tflops
  BN= 128 BM=  32 n= 4 rep= 2 r=  128 T=   512     2.0132 ms (200 iters)
  ^ kept (LEVEL high is recorded, not excluded): LEVEL HIGH (recorded, not an exclusion): loaded clock 1665 MHz is over the 1545 MHz edge of the band around the 1470 MHz reference; the cell ran at 1.13x the issue rate the fixed compute roof assumed, so its fraction of that roof is inflated by the ratio; read roof_at_cell_clock_tflops
  BN= 128 BM=  32 n= 5 rep= 2 r=  160 T=   640     2.5163 ms (158 iters)
  ^ kept (LEVEL high is recorded, not excluded): LEVEL HIGH (recorded, not an exclusion): loaded clock 1665 MHz is over the 1545 MHz edge of the band around the 1470 MHz reference; the cell ran at 1.13x the issue rate the fixed compute roof assumed, so its fraction of that roof is inflated by the ratio; read roof_at_cell_clock_tflops
  BN= 128 BM=  32 n= 6 rep= 2 r=  192 T=   768     2.9749 ms (135 iters)
  ^ kept (LEVEL high is recorded, not excluded): LEVEL HIGH (recorded, not an exclusion): loaded clock 1680 MHz is over the 1545 MHz edge of the band around the 1470 MHz reference; the cell ran at 1.14x the issue rate the fixed compute roof assumed, so its fraction of that roof is inflated by the ratio; read roof_at_cell_clock_tflops
  BN= 128 BM=  32 n= 7 rep= 2 r=  224 T=   896     3.4369 ms (116 iters)
  ^ kept (LEVEL high is recorded, not excluded): LEVEL HIGH (recorded, not an exclusion): loaded clock 1740 MHz is over the 1545 MHz edge of the band around the 1470 MHz reference; the cell ran at 1.18x the issue rate the fixed compute roof assumed, so its fraction of that roof is inflated by the ratio; read roof_at_cell_clock_tflops
  BN= 128 BM=  32 n= 8 rep= 2 r=  256 T=  1024     3.7704 ms (104 iters)
  ^ LEVEL HIGH (recorded, not an exclusion): loaded clock 1665 MHz is over the 1545 MHz edge of the band around the 1470 MHz reference; the cell ran at 1.13x the issue rate the fixed compute roof assumed, so its fraction of that roof is inflated by the ratio; read roof_at_cell_clock_tflops; DRIFT failed, dropping: under-load clock went 1875 -> 1665 MHz over 25 samples (1875, 1875, 1725, 1725, 1680, 1680, 1650, 1650, 1605, 1605, 1590, 1590, 1650, 1650, 1695, 1695, 1665, 1665, 1620, 1620, 1695, 1695, 1530, 1530, 1665); the trials were not at one operating point and the median is a blend
  BN= 128 BM=  32 n= 1 rep= 3 r=   32 T=   128     0.7896 ms (492 iters)
  ^ DRIFT failed, dropping: under-load clock went 1635 -> 1515 MHz over 25 samples (1635, 1635, 1515, 1515, 1515, 1515, 1560, 1560, 1515, 1515, 1530, 1530, 1545, 1545, 1530, 1530, 1560, 1560, 1545, 1545, 1560, 1560, 1545, 1545, 1515); the trials were not at one operating point and the median is a blend
  BN= 128 BM=  32 n= 2 rep= 3 r=   64 T=   256     1.1306 ms (357 iters)
  ^ kept (LEVEL high is recorded, not excluded): LEVEL HIGH (recorded, not an exclusion): loaded clock 1560 MHz is over the 1545 MHz edge of the band around the 1470 MHz reference; the cell ran at 1.06x the issue rate the fixed compute roof assumed, so its fraction of that roof is inflated by the ratio; read roof_at_cell_clock_tflops
  BN= 128 BM=  32 n= 3 rep= 3 r=   96 T=   384     1.6145 ms (254 iters)
  ^ kept (LEVEL high is recorded, not excluded): LEVEL HIGH (recorded, not an exclusion): loaded clock 1665 MHz is over the 1545 MHz edge of the band around the 1470 MHz reference; the cell ran at 1.13x the issue rate the fixed compute roof assumed, so its fraction of that roof is inflated by the ratio; read roof_at_cell_clock_tflops
  BN= 128 BM=  32 n= 4 rep= 3 r=  128 T=   512     2.0077 ms (196 iters)
  ^ LEVEL HIGH (recorded, not an exclusion): loaded clock 1650 MHz is over the 1545 MHz edge of the band around the 1470 MHz reference; the cell ran at 1.12x the issue rate the fixed compute roof assumed, so its fraction of that roof is inflated by the ratio; read roof_at_cell_clock_tflops; DRIFT failed, dropping: under-load clock went 1785 -> 1620 MHz over 24 samples (1785, 1785, 1635, 1635, 1650, 1650, 1650, 1650, 1620, 1620, 1485, 1485, 1650, 1650, 1680, 1680, 1620, 1620, 1665, 1665, 1665, 1665, 1620, 1620); the trials were not at one operating point and the median is a blend
  BN= 128 BM=  32 n= 5 rep= 3 r=  160 T=   640     2.5240 ms (160 iters)
  ^ kept (LEVEL high is recorded, not excluded): LEVEL HIGH (recorded, not an exclusion): loaded clock 1680 MHz is over the 1545 MHz edge of the band around the 1470 MHz reference; the cell ran at 1.14x the issue rate the fixed compute roof assumed, so its fraction of that roof is inflated by the ratio; read roof_at_cell_clock_tflops
  BN= 128 BM=  32 n= 6 rep= 3 r=  192 T=   768     2.9747 ms (135 iters)
  ^ kept (LEVEL high is recorded, not excluded): LEVEL HIGH (recorded, not an exclusion): loaded clock 1695 MHz is over the 1545 MHz edge of the band around the 1470 MHz reference; the cell ran at 1.15x the issue rate the fixed compute roof assumed, so its fraction of that roof is inflated by the ratio; read roof_at_cell_clock_tflops
  BN= 128 BM=  32 n= 7 rep= 3 r=  224 T=   896     3.4049 ms (118 iters)
  ^ kept (LEVEL high is recorded, not excluded): LEVEL HIGH (recorded, not an exclusion): loaded clock 1755 MHz is over the 1545 MHz edge of the band around the 1470 MHz reference; the cell ran at 1.19x the issue rate the fixed compute roof assumed, so its fraction of that roof is inflated by the ratio; read roof_at_cell_clock_tflops
  BN= 128 BM=  32 n= 8 rep= 3 r=  256 T=  1024     3.7544 ms (107 iters)
  ^ LEVEL HIGH (recorded, not an exclusion): loaded clock 1710 MHz is over the 1545 MHz edge of the band around the 1470 MHz reference; the cell ran at 1.16x the issue rate the fixed compute roof assumed, so its fraction of that roof is inflated by the ratio; read roof_at_cell_clock_tflops; DRIFT failed, oscillating: under-load clock went 1695 -> 1800 MHz over 26 samples (1695, 1785, 1785, 1785, 1785, 1740, 1740, 1740, 1740, 1545, 1545, 1455, 1455, 1710, 1710, 1590, 1590, 1605, 1605, 1755, 1755, 1665, 1665, 1710, 1710, 1800); the trials were not at one operating point and the median is a blend
  BN= 128 BM=  32 n= 1 rep= 4 r=   32 T=   128     0.7903 ms (503 iters)
  ^ LEVEL HIGH (recorded, not an exclusion): loaded clock 1560 MHz is over the 1545 MHz edge of the band around the 1470 MHz reference; the cell ran at 1.06x the issue rate the fixed compute roof assumed, so its fraction of that roof is inflated by the ratio; read roof_at_cell_clock_tflops; DRIFT failed, dropping: under-load clock went 1695 -> 1560 MHz over 25 samples (1695, 1695, 1545, 1545, 1560, 1560, 1560, 1560, 1575, 1575, 1425, 1425, 1560, 1560, 1515, 1515, 1560, 1560, 1515, 1515, 1560, 1560, 1530, 1530, 1560); the trials were not at one operating point and the median is a blend
  BN= 128 BM=  32 n= 2 rep= 4 r=   64 T=   256     1.1202 ms (349 iters)
  ^ LEVEL HIGH (recorded, not an exclusion): loaded clock 1620 MHz is over the 1545 MHz edge of the band around the 1470 MHz reference; the cell ran at 1.10x the issue rate the fixed compute roof assumed, so its fraction of that roof is inflated by the ratio; read roof_at_cell_clock_tflops; DRIFT failed, dropping: under-load clock went 1755 -> 1620 MHz over 25 samples (1755, 1755, 1620, 1620, 1500, 1500, 1635, 1635, 1500, 1500, 1305, 1305, 1575, 1575, 1635, 1635, 1650, 1650, 1515, 1515, 1500, 1500, 1635, 1635, 1620); the trials were not at one operating point and the median is a blend
  BN= 128 BM=  32 n= 3 rep= 4 r=   96 T=   384     1.5863 ms (251 iters)
  ^ kept (LEVEL high is recorded, not excluded): LEVEL HIGH (recorded, not an exclusion): loaded clock 1665 MHz is over the 1545 MHz edge of the band around the 1470 MHz reference; the cell ran at 1.13x the issue rate the fixed compute roof assumed, so its fraction of that roof is inflated by the ratio; read roof_at_cell_clock_tflops
  BN= 128 BM=  32 n= 4 rep= 4 r=  128 T=   512     2.0065 ms (199 iters)
  ^ kept (LEVEL high is recorded, not excluded): LEVEL HIGH (recorded, not an exclusion): loaded clock 1665 MHz is over the 1545 MHz edge of the band around the 1470 MHz reference; the cell ran at 1.13x the issue rate the fixed compute roof assumed, so its fraction of that roof is inflated by the ratio; read roof_at_cell_clock_tflops
  BN= 128 BM=  32 n= 5 rep= 4 r=  160 T=   640     2.5164 ms (155 iters)
  ^ kept (LEVEL high is recorded, not excluded): LEVEL HIGH (recorded, not an exclusion): loaded clock 1680 MHz is over the 1545 MHz edge of the band around the 1470 MHz reference; the cell ran at 1.14x the issue rate the fixed compute roof assumed, so its fraction of that roof is inflated by the ratio; read roof_at_cell_clock_tflops
  BN= 128 BM=  32 n= 6 rep= 4 r=  192 T=   768     2.9451 ms (137 iters)
  ^ kept (LEVEL high is recorded, not excluded): LEVEL HIGH (recorded, not an exclusion): loaded clock 1688 MHz is over the 1545 MHz edge of the band around the 1470 MHz reference; the cell ran at 1.15x the issue rate the fixed compute roof assumed, so its fraction of that roof is inflated by the ratio; read roof_at_cell_clock_tflops
  BN= 128 BM=  32 n= 7 rep= 4 r=  224 T=   896     3.4067 ms (116 iters)
  ^ kept (LEVEL high is recorded, not excluded): LEVEL HIGH (recorded, not an exclusion): loaded clock 1740 MHz is over the 1545 MHz edge of the band around the 1470 MHz reference; the cell ran at 1.18x the issue rate the fixed compute roof assumed, so its fraction of that roof is inflated by the ratio; read roof_at_cell_clock_tflops
  BN= 128 BM=  32 n= 8 rep= 4 r=  256 T=  1024     3.7695 ms (105 iters)
  ^ LEVEL HIGH (recorded, not an exclusion): loaded clock 1695 MHz is over the 1545 MHz edge of the band around the 1470 MHz reference; the cell ran at 1.15x the issue rate the fixed compute roof assumed, so its fraction of that roof is inflated by the ratio; read roof_at_cell_clock_tflops; DRIFT failed, oscillating: under-load clock went 1680 -> 1770 MHz over 26 samples (1680, 1830, 1830, 1635, 1635, 1740, 1740, 1590, 1590, 1725, 1725, 1500, 1500, 1710, 1710, 1605, 1605, 1650, 1650, 1665, 1665, 1755, 1755, 1725, 1725, 1770); the trials were not at one operating point and the median is a blend
  BN= 128 BM=  32 n= 1 rep= 5 r=   32 T=   128     0.7900 ms (507 iters)
  ^ DRIFT failed, dropping: under-load clock went 1785 -> 1545 MHz over 25 samples (1785, 1785, 1515, 1515, 1545, 1545, 1545, 1545, 1575, 1575, 1260, 1260, 1515, 1515, 1590, 1590, 1560, 1560, 1545, 1545, 1560, 1560, 1575, 1575, 1545); the trials were not at one operating point and the median is a blend
  BN= 128 BM=  32 n= 2 rep= 5 r=   64 T=   256     1.1191 ms (359 iters)
  ^ kept (LEVEL high is recorded, not excluded): LEVEL HIGH (recorded, not an exclusion): loaded clock 1590 MHz is over the 1545 MHz edge of the band around the 1470 MHz reference; the cell ran at 1.08x the issue rate the fixed compute roof assumed, so its fraction of that roof is inflated by the ratio; read roof_at_cell_clock_tflops
  BN= 128 BM=  32 n= 3 rep= 5 r=   96 T=   384     1.5832 ms (247 iters)
  ^ LEVEL HIGH (recorded, not an exclusion): loaded clock 1665 MHz is over the 1545 MHz edge of the band around the 1470 MHz reference; the cell ran at 1.13x the issue rate the fixed compute roof assumed, so its fraction of that roof is inflated by the ratio; read roof_at_cell_clock_tflops; DRIFT failed, dropping: under-load clock went 1800 -> 1665 MHz over 24 samples (1800, 1800, 1635, 1635, 1710, 1710, 1680, 1680, 1680, 1680, 1440, 1440, 1650, 1650, 1665, 1665, 1635, 1635, 1650, 1650, 1665, 1665, 1665, 1665); the trials were not at one operating point and the median is a blend
  BN= 128 BM=  32 n= 4 rep= 5 r=  128 T=   512     2.0054 ms (199 iters)
  ^ kept (LEVEL high is recorded, not excluded): LEVEL HIGH (recorded, not an exclusion): loaded clock 1650 MHz is over the 1545 MHz edge of the band around the 1470 MHz reference; the cell ran at 1.12x the issue rate the fixed compute roof assumed, so its fraction of that roof is inflated by the ratio; read roof_at_cell_clock_tflops
  BN= 128 BM=  32 n= 5 rep= 5 r=  160 T=   640     2.5381 ms (160 iters)
  ^ kept (LEVEL high is recorded, not excluded): LEVEL HIGH (recorded, not an exclusion): loaded clock 1672 MHz is over the 1545 MHz edge of the band around the 1470 MHz reference; the cell ran at 1.14x the issue rate the fixed compute roof assumed, so its fraction of that roof is inflated by the ratio; read roof_at_cell_clock_tflops
  BN= 128 BM=  32 n= 6 rep= 5 r=  192 T=   768     2.9736 ms (136 iters)
  ^ kept (LEVEL high is recorded, not excluded): LEVEL HIGH (recorded, not an exclusion): loaded clock 1695 MHz is over the 1545 MHz edge of the band around the 1470 MHz reference; the cell ran at 1.15x the issue rate the fixed compute roof assumed, so its fraction of that roof is inflated by the ratio; read roof_at_cell_clock_tflops
  BN= 128 BM=  32 n= 7 rep= 5 r=  224 T=   896     3.4106 ms (118 iters)
  ^ kept (LEVEL high is recorded, not excluded): LEVEL HIGH (recorded, not an exclusion): loaded clock 1725 MHz is over the 1545 MHz edge of the band around the 1470 MHz reference; the cell ran at 1.17x the issue rate the fixed compute roof assumed, so its fraction of that roof is inflated by the ratio; read roof_at_cell_clock_tflops
  BN= 128 BM=  32 n= 8 rep= 5 r=  256 T=  1024     3.7991 ms (104 iters)
  ^ kept (LEVEL high is recorded, not excluded): LEVEL HIGH (recorded, not an exclusion): loaded clock 1710 MHz is over the 1545 MHz edge of the band around the 1470 MHz reference; the cell ran at 1.16x the issue rate the fixed compute roof assumed, so its fraction of that roof is inflated by the ratio; read roof_at_cell_clock_tflops
  BN= 128 BM=  32 n= 1 rep= 6 r=   32 T=   128     0.7910 ms (505 iters)
  ^ kept (LEVEL high is recorded, not excluded): LEVEL HIGH (recorded, not an exclusion): loaded clock 1560 MHz is over the 1545 MHz edge of the band around the 1470 MHz reference; the cell ran at 1.06x the issue rate the fixed compute roof assumed, so its fraction of that roof is inflated by the ratio; read roof_at_cell_clock_tflops
  BN= 128 BM=  32 n= 2 rep= 6 r=   64 T=   256     1.1221 ms (355 iters)
  ^ kept (LEVEL high is recorded, not excluded): LEVEL HIGH (recorded, not an exclusion): loaded clock 1575 MHz is over the 1545 MHz edge of the band around the 1470 MHz reference; the cell ran at 1.07x the issue rate the fixed compute roof assumed, so its fraction of that roof is inflated by the ratio; read roof_at_cell_clock_tflops
  BN= 128 BM=  32 n= 3 rep= 6 r=   96 T=   384     1.6110 ms (242 iters)
  ^ kept (LEVEL high is recorded, not excluded): LEVEL HIGH (recorded, not an exclusion): loaded clock 1695 MHz is over the 1545 MHz edge of the band around the 1470 MHz reference; the cell ran at 1.15x the issue rate the fixed compute roof assumed, so its fraction of that roof is inflated by the ratio; read roof_at_cell_clock_tflops
  BN= 128 BM=  32 n= 4 rep= 6 r=  128 T=   512     1.9837 ms (204 iters)
  ^ kept (LEVEL high is recorded, not excluded): LEVEL HIGH (recorded, not an exclusion): loaded clock 1635 MHz is over the 1545 MHz edge of the band around the 1470 MHz reference; the cell ran at 1.11x the issue rate the fixed compute roof assumed, so its fraction of that roof is inflated by the ratio; read roof_at_cell_clock_tflops
  BN= 128 BM=  32 n= 5 rep= 6 r=  160 T=   640     2.5162 ms (154 iters)
  ^ kept (LEVEL high is recorded, not excluded): LEVEL HIGH (recorded, not an exclusion): loaded clock 1680 MHz is over the 1545 MHz edge of the band around the 1470 MHz reference; the cell ran at 1.14x the issue rate the fixed compute roof assumed, so its fraction of that roof is inflated by the ratio; read roof_at_cell_clock_tflops
  BN= 128 BM=  32 n= 6 rep= 6 r=  192 T=   768     2.9763 ms (138 iters)
  ^ kept (LEVEL high is recorded, not excluded): LEVEL HIGH (recorded, not an exclusion): loaded clock 1710 MHz is over the 1545 MHz edge of the band around the 1470 MHz reference; the cell ran at 1.16x the issue rate the fixed compute roof assumed, so its fraction of that roof is inflated by the ratio; read roof_at_cell_clock_tflops
  BN= 128 BM=  32 n= 7 rep= 6 r=  224 T=   896     3.3756 ms (119 iters)
  ^ kept (LEVEL high is recorded, not excluded): LEVEL HIGH (recorded, not an exclusion): loaded clock 1755 MHz is over the 1545 MHz edge of the band around the 1470 MHz reference; the cell ran at 1.19x the issue rate the fixed compute roof assumed, so its fraction of that roof is inflated by the ratio; read roof_at_cell_clock_tflops
  BN= 128 BM=  32 n= 8 rep= 6 r=  256 T=  1024     3.7280 ms (108 iters)
  ^ LEVEL HIGH (recorded, not an exclusion): loaded clock 1710 MHz is over the 1545 MHz edge of the band around the 1470 MHz reference; the cell ran at 1.16x the issue rate the fixed compute roof assumed, so its fraction of that roof is inflated by the ratio; read roof_at_cell_clock_tflops; DRIFT failed, dropping: under-load clock went 1950 -> 1710 MHz over 26 samples (1950, 1950, 1710, 1710, 1860, 1860, 1785, 1785, 1785, 1785, 1290, 1290, 1530, 1530, 1755, 1755, 1590, 1590, 1800, 1800, 1710, 1710, 1665, 1665, 1710, 1710); the trials were not at one operating point and the median is a blend
  BN= 128 BM=  32 n= 1 rep= 7 r=   32 T=   128     0.7862 ms (513 iters)
  ^ kept (LEVEL high is recorded, not excluded): LEVEL HIGH (recorded, not an exclusion): loaded clock 1590 MHz is over the 1545 MHz edge of the band around the 1470 MHz reference; the cell ran at 1.08x the issue rate the fixed compute roof assumed, so its fraction of that roof is inflated by the ratio; read roof_at_cell_clock_tflops
  BN= 128 BM=  32 n= 2 rep= 7 r=   64 T=   256     1.1043 ms (356 iters)
  ^ kept (LEVEL high is recorded, not excluded): LEVEL HIGH (recorded, not an exclusion): loaded clock 1650 MHz is over the 1545 MHz edge of the band around the 1470 MHz reference; the cell ran at 1.12x the issue rate the fixed compute roof assumed, so its fraction of that roof is inflated by the ratio; read roof_at_cell_clock_tflops
  BN= 128 BM=  32 n= 3 rep= 7 r=   96 T=   384     1.5423 ms (258 iters)
  ^ kept (LEVEL high is recorded, not excluded): LEVEL HIGH (recorded, not an exclusion): loaded clock 1680 MHz is over the 1545 MHz edge of the band around the 1470 MHz reference; the cell ran at 1.14x the issue rate the fixed compute roof assumed, so its fraction of that roof is inflated by the ratio; read roof_at_cell_clock_tflops
  BN= 128 BM=  32 n= 4 rep= 7 r=  128 T=   512     1.9856 ms (200 iters)
  ^ kept (LEVEL high is recorded, not excluded): LEVEL HIGH (recorded, not an exclusion): loaded clock 1665 MHz is over the 1545 MHz edge of the band around the 1470 MHz reference; the cell ran at 1.13x the issue rate the fixed compute roof assumed, so its fraction of that roof is inflated by the ratio; read roof_at_cell_clock_tflops
  BN= 128 BM=  32 n= 5 rep= 7 r=  160 T=   640     2.4673 ms (166 iters)
  ^ kept (LEVEL high is recorded, not excluded): LEVEL HIGH (recorded, not an exclusion): loaded clock 1680 MHz is over the 1545 MHz edge of the band around the 1470 MHz reference; the cell ran at 1.14x the issue rate the fixed compute roof assumed, so its fraction of that roof is inflated by the ratio; read roof_at_cell_clock_tflops
  BN= 128 BM=  32 n= 6 rep= 7 r=  192 T=   768     2.9204 ms (135 iters)
  ^ kept (LEVEL high is recorded, not excluded): LEVEL HIGH (recorded, not an exclusion): loaded clock 1688 MHz is over the 1545 MHz edge of the band around the 1470 MHz reference; the cell ran at 1.15x the issue rate the fixed compute roof assumed, so its fraction of that roof is inflated by the ratio; read roof_at_cell_clock_tflops
  BN= 128 BM=  32 n= 7 rep= 7 r=  224 T=   896     3.4340 ms (115 iters)
  ^ kept (LEVEL high is recorded, not excluded): LEVEL HIGH (recorded, not an exclusion): loaded clock 1725 MHz is over the 1545 MHz edge of the band around the 1470 MHz reference; the cell ran at 1.17x the issue rate the fixed compute roof assumed, so its fraction of that roof is inflated by the ratio; read roof_at_cell_clock_tflops
  BN= 128 BM=  32 n= 8 rep= 7 r=  256 T=  1024     3.7980 ms (105 iters)
  ^ LEVEL HIGH (recorded, not an exclusion): loaded clock 1665 MHz is over the 1545 MHz edge of the band around the 1470 MHz reference; the cell ran at 1.13x the issue rate the fixed compute roof assumed, so its fraction of that roof is inflated by the ratio; read roof_at_cell_clock_tflops; DRIFT failed, oscillating: under-load clock went 1605 -> 1695 MHz over 25 samples (1605, 1890, 1890, 1575, 1575, 1635, 1635, 1665, 1665, 1785, 1785, 1485, 1485, 1815, 1815, 1560, 1560, 1665, 1665, 1755, 1755, 1680, 1680, 1695, 1695); the trials were not at one operating point and the median is a blend
  BN= 128 BM=  32 n= 1 rep= 8 r=   32 T=   128     0.7899 ms (499 iters)
  BN= 128 BM=  32 n= 2 rep= 8 r=   64 T=   256     1.1284 ms (353 iters)
  ^ LEVEL HIGH (recorded, not an exclusion): loaded clock 1560 MHz is over the 1545 MHz edge of the band around the 1470 MHz reference; the cell ran at 1.06x the issue rate the fixed compute roof assumed, so its fraction of that roof is inflated by the ratio; read roof_at_cell_clock_tflops; DRIFT failed, settling upward: under-load clock went 1545 -> 1650 MHz over 24 samples (1545, 1545, 1530, 1530, 1590, 1590, 1590, 1590, 1620, 1620, 1500, 1500, 1560, 1560, 1575, 1575, 1485, 1485, 1575, 1575, 1530, 1545, 1545, 1650); the trials were not at one operating point and the median is a blend
  BN= 128 BM=  32 n= 3 rep= 8 r=   96 T=   384     1.6154 ms (245 iters)
  ^ LEVEL HIGH (recorded, not an exclusion): loaded clock 1665 MHz is over the 1545 MHz edge of the band around the 1470 MHz reference; the cell ran at 1.13x the issue rate the fixed compute roof assumed, so its fraction of that roof is inflated by the ratio; read roof_at_cell_clock_tflops; DRIFT failed, dropping: under-load clock went 1785 -> 1665 MHz over 25 samples (1785, 1785, 1665, 1665, 1665, 1665, 1620, 1620, 1635, 1635, 1410, 1410, 1635, 1635, 1665, 1665, 1695, 1695, 1695, 1695, 1680, 1680, 1665, 1665, 1665); the trials were not at one operating point and the median is a blend
  BN= 128 BM=  32 n= 4 rep= 8 r=  128 T=   512     2.0061 ms (203 iters)
  ^ LEVEL HIGH (recorded, not an exclusion): loaded clock 1650 MHz is over the 1545 MHz edge of the band around the 1470 MHz reference; the cell ran at 1.12x the issue rate the fixed compute roof assumed, so its fraction of that roof is inflated by the ratio; read roof_at_cell_clock_tflops; DRIFT failed, dropping: under-load clock went 1755 -> 1650 MHz over 24 samples (1755, 1755, 1680, 1680, 1665, 1665, 1710, 1710, 1650, 1650, 1440, 1440, 1635, 1635, 1605, 1605, 1650, 1650, 1665, 1665, 1650, 1650, 1650, 1650); the trials were not at one operating point and the median is a blend
  BN= 128 BM=  32 n= 5 rep= 8 r=  160 T=   640     2.5160 ms (159 iters)
  ^ kept (LEVEL high is recorded, not excluded): LEVEL HIGH (recorded, not an exclusion): loaded clock 1665 MHz is over the 1545 MHz edge of the band around the 1470 MHz reference; the cell ran at 1.13x the issue rate the fixed compute roof assumed, so its fraction of that roof is inflated by the ratio; read roof_at_cell_clock_tflops
  BN= 128 BM=  32 n= 6 rep= 8 r=  192 T=   768     2.9740 ms (133 iters)
  ^ kept (LEVEL high is recorded, not excluded): LEVEL HIGH (recorded, not an exclusion): loaded clock 1695 MHz is over the 1545 MHz edge of the band around the 1470 MHz reference; the cell ran at 1.15x the issue rate the fixed compute roof assumed, so its fraction of that roof is inflated by the ratio; read roof_at_cell_clock_tflops
  BN= 128 BM=  32 n= 7 rep= 8 r=  224 T=   896     3.4074 ms (118 iters)
  ^ kept (LEVEL high is recorded, not excluded): LEVEL HIGH (recorded, not an exclusion): loaded clock 1740 MHz is over the 1545 MHz edge of the band around the 1470 MHz reference; the cell ran at 1.18x the issue rate the fixed compute roof assumed, so its fraction of that roof is inflated by the ratio; read roof_at_cell_clock_tflops
  BN= 128 BM=  32 n= 8 rep= 8 r=  256 T=  1024     3.7644 ms (106 iters)
  ^ LEVEL HIGH (recorded, not an exclusion): loaded clock 1710 MHz is over the 1545 MHz edge of the band around the 1470 MHz reference; the cell ran at 1.16x the issue rate the fixed compute roof assumed, so its fraction of that roof is inflated by the ratio; read roof_at_cell_clock_tflops; DRIFT failed, dropping: under-load clock went 1785 -> 1665 MHz over 25 samples (1785, 1785, 1605, 1605, 1740, 1740, 1755, 1755, 1770, 1770, 1470, 1470, 1710, 1710, 1710, 1710, 1725, 1725, 1635, 1635, 1665, 1665, 1740, 1740, 1665); the trials were not at one operating point and the median is a blend
  BN= 128 BM=  32 n= 1 rep= 9 r=   32 T=   128     0.7903 ms (501 iters)
  ^ kept (LEVEL high is recorded, not excluded): LEVEL HIGH (recorded, not an exclusion): loaded clock 1560 MHz is over the 1545 MHz edge of the band around the 1470 MHz reference; the cell ran at 1.06x the issue rate the fixed compute roof assumed, so its fraction of that roof is inflated by the ratio; read roof_at_cell_clock_tflops
  BN= 128 BM=  32 n= 2 rep= 9 r=   64 T=   256     1.1192 ms (359 iters)
  ^ LEVEL HIGH (recorded, not an exclusion): loaded clock 1575 MHz is over the 1545 MHz edge of the band around the 1470 MHz reference; the cell ran at 1.07x the issue rate the fixed compute roof assumed, so its fraction of that roof is inflated by the ratio; read roof_at_cell_clock_tflops; DRIFT failed, dropping: under-load clock went 1680 -> 1575 MHz over 25 samples (1680, 1680, 1590, 1590, 1485, 1485, 1635, 1635, 1620, 1620, 1455, 1455, 1515, 1515, 1515, 1515, 1545, 1545, 1515, 1515, 1575, 1575, 1605, 1605, 1575); the trials were not at one operating point and the median is a blend
  BN= 128 BM=  32 n= 3 rep= 9 r=   96 T=   384     1.6142 ms (252 iters)
  ^ LEVEL HIGH (recorded, not an exclusion): loaded clock 1658 MHz is over the 1545 MHz edge of the band around the 1470 MHz reference; the cell ran at 1.13x the issue rate the fixed compute roof assumed, so its fraction of that roof is inflated by the ratio; read roof_at_cell_clock_tflops; DRIFT failed, dropping: under-load clock went 1740 -> 1635 MHz over 24 samples (1740, 1740, 1635, 1635, 1650, 1650, 1665, 1665, 1650, 1650, 1440, 1440, 1635, 1635, 1680, 1680, 1680, 1680, 1665, 1665, 1665, 1665, 1635, 1635); the trials were not at one operating point and the median is a blend
  BN= 128 BM=  32 n= 4 rep= 9 r=  128 T=   512     2.0077 ms (198 iters)
  ^ kept (LEVEL high is recorded, not excluded): LEVEL HIGH (recorded, not an exclusion): loaded clock 1650 MHz is over the 1545 MHz edge of the band around the 1470 MHz reference; the cell ran at 1.12x the issue rate the fixed compute roof assumed, so its fraction of that roof is inflated by the ratio; read roof_at_cell_clock_tflops
  BN= 128 BM=  32 n= 5 rep= 9 r=  160 T=   640     2.5159 ms (162 iters)
  ^ kept (LEVEL high is recorded, not excluded): LEVEL HIGH (recorded, not an exclusion): loaded clock 1672 MHz is over the 1545 MHz edge of the band around the 1470 MHz reference; the cell ran at 1.14x the issue rate the fixed compute roof assumed, so its fraction of that roof is inflated by the ratio; read roof_at_cell_clock_tflops
  BN= 128 BM=  32 n= 6 rep= 9 r=  192 T=   768     2.9727 ms (135 iters)
  ^ LEVEL HIGH (recorded, not an exclusion): loaded clock 1688 MHz is over the 1545 MHz edge of the band around the 1470 MHz reference; the cell ran at 1.15x the issue rate the fixed compute roof assumed, so its fraction of that roof is inflated by the ratio; read roof_at_cell_clock_tflops; DRIFT failed, dropping: under-load clock went 1785 -> 1695 MHz over 24 samples (1785, 1785, 1680, 1680, 1680, 1680, 1680, 1680, 1710, 1710, 1530, 1530, 1680, 1680, 1710, 1710, 1695, 1695, 1680, 1680, 1695, 1695, 1695, 1695); the trials were not at one operating point and the median is a blend
  BN= 128 BM=  32 n= 7 rep= 9 r=  224 T=   896     3.4368 ms (117 iters)
  ^ kept (LEVEL high is recorded, not excluded): LEVEL HIGH (recorded, not an exclusion): loaded clock 1740 MHz is over the 1545 MHz edge of the band around the 1470 MHz reference; the cell ran at 1.18x the issue rate the fixed compute roof assumed, so its fraction of that roof is inflated by the ratio; read roof_at_cell_clock_tflops
  BN= 128 BM=  32 n= 8 rep= 9 r=  256 T=  1024     3.7636 ms (106 iters)
  ^ kept (LEVEL high is recorded, not excluded): LEVEL HIGH (recorded, not an exclusion): loaded clock 1665 MHz is over the 1545 MHz edge of the band around the 1470 MHz reference; the cell ran at 1.13x the issue rate the fixed compute roof assumed, so its fraction of that roof is inflated by the ratio; read roof_at_cell_clock_tflops
  BN= 128 BM=  32 n= 1 rep=10 r=   32 T=   128     0.7922 ms (502 iters)
  BN= 128 BM=  32 n= 2 rep=10 r=   64 T=   256     1.1378 ms (352 iters)
  ^ DRIFT failed, settling upward: under-load clock went 1530 -> 1650 MHz over 24 samples (1530, 1575, 1575, 1530, 1530, 1620, 1620, 1545, 1545, 1545, 1545, 1515, 1515, 1545, 1545, 1605, 1605, 1515, 1515, 1515, 1515, 1500, 1500, 1650); the trials were not at one operating point and the median is a blend
  BN= 128 BM=  32 n= 3 rep=10 r=   96 T=   384     1.6221 ms (240 iters)
  ^ kept (LEVEL high is recorded, not excluded): LEVEL HIGH (recorded, not an exclusion): loaded clock 1650 MHz is over the 1545 MHz edge of the band around the 1470 MHz reference; the cell ran at 1.12x the issue rate the fixed compute roof assumed, so its fraction of that roof is inflated by the ratio; read roof_at_cell_clock_tflops
  BN= 128 BM=  32 n= 4 rep=10 r=  128 T=   512     2.0240 ms (197 iters)
  ^ kept (LEVEL high is recorded, not excluded): LEVEL HIGH (recorded, not an exclusion): loaded clock 1635 MHz is over the 1545 MHz edge of the band around the 1470 MHz reference; the cell ran at 1.11x the issue rate the fixed compute roof assumed, so its fraction of that roof is inflated by the ratio; read roof_at_cell_clock_tflops
  BN= 128 BM=  32 n= 5 rep=10 r=  160 T=   640     2.5380 ms (158 iters)
  ^ kept (LEVEL high is recorded, not excluded): LEVEL HIGH (recorded, not an exclusion): loaded clock 1672 MHz is over the 1545 MHz edge of the band around the 1470 MHz reference; the cell ran at 1.14x the issue rate the fixed compute roof assumed, so its fraction of that roof is inflated by the ratio; read roof_at_cell_clock_tflops
  BN= 128 BM=  32 n= 6 rep=10 r=  192 T=   768     2.9751 ms (134 iters)
  ^ kept (LEVEL high is recorded, not excluded): LEVEL HIGH (recorded, not an exclusion): loaded clock 1680 MHz is over the 1545 MHz edge of the band around the 1470 MHz reference; the cell ran at 1.14x the issue rate the fixed compute roof assumed, so its fraction of that roof is inflated by the ratio; read roof_at_cell_clock_tflops
  BN= 128 BM=  32 n= 7 rep=10 r=  224 T=   896     3.4370 ms (117 iters)
  ^ kept (LEVEL high is recorded, not excluded): LEVEL HIGH (recorded, not an exclusion): loaded clock 1740 MHz is over the 1545 MHz edge of the band around the 1470 MHz reference; the cell ran at 1.18x the issue rate the fixed compute roof assumed, so its fraction of that roof is inflated by the ratio; read roof_at_cell_clock_tflops
  BN= 128 BM=  32 n= 8 rep=10 r=  256 T=  1024     3.7636 ms (105 iters)
  ^ LEVEL HIGH (recorded, not an exclusion): loaded clock 1710 MHz is over the 1545 MHz edge of the band around the 1470 MHz reference; the cell ran at 1.16x the issue rate the fixed compute roof assumed, so its fraction of that roof is inflated by the ratio; read roof_at_cell_clock_tflops; DRIFT failed, oscillating: under-load clock went 1620 -> 1740 MHz over 25 samples (1620, 1710, 1710, 1695, 1695, 1725, 1725, 1770, 1770, 1800, 1800, 1455, 1455, 1650, 1650, 1635, 1635, 1740, 1740, 1650, 1650, 1710, 1710, 1740, 1740); the trials were not at one operating point and the median is a blend
  BN= 128 BM=  32 n= 1 rep=11 r=   32 T=   128     0.7878 ms (503 iters)
  ^ DRIFT failed, dropping: under-load clock went 1755 -> 1560 MHz over 25 samples (1755, 1755, 1545, 1545, 1560, 1560, 1545, 1545, 1545, 1545, 1440, 1440, 1575, 1575, 1545, 1545, 1515, 1515, 1515, 1515, 1515, 1515, 1545, 1545, 1560); the trials were not at one operating point and the median is a blend
  BN= 128 BM=  32 n= 2 rep=11 r=   64 T=   256     1.1297 ms (351 iters)
  ^ LEVEL HIGH (recorded, not an exclusion): loaded clock 1605 MHz is over the 1545 MHz edge of the band around the 1470 MHz reference; the cell ran at 1.09x the issue rate the fixed compute roof assumed, so its fraction of that roof is inflated by the ratio; read roof_at_cell_clock_tflops; DRIFT failed, dropping: under-load clock went 1710 -> 1500 MHz over 25 samples (1710, 1710, 1605, 1605, 1530, 1530, 1560, 1560, 1620, 1620, 1425, 1425, 1650, 1650, 1635, 1635, 1590, 1590, 1635, 1635, 1530, 1530, 1650, 1650, 1500); the trials were not at one operating point and the median is a blend
  BN= 128 BM=  32 n= 3 rep=11 r=   96 T=   384     1.5983 ms (252 iters)
  ^ LEVEL HIGH (recorded, not an exclusion): loaded clock 1665 MHz is over the 1545 MHz edge of the band around the 1470 MHz reference; the cell ran at 1.13x the issue rate the fixed compute roof assumed, so its fraction of that roof is inflated by the ratio; read roof_at_cell_clock_tflops; DRIFT failed, dropping: under-load clock went 1815 -> 1665 MHz over 25 samples (1815, 1815, 1665, 1665, 1680, 1680, 1665, 1665, 1665, 1665, 1425, 1425, 1635, 1635, 1650, 1650, 1665, 1665, 1650, 1650, 1650, 1650, 1680, 1680, 1665); the trials were not at one operating point and the median is a blend
  BN= 128 BM=  32 n= 4 rep=11 r=  128 T=   512     2.0058 ms (202 iters)
  ^ kept (LEVEL high is recorded, not excluded): LEVEL HIGH (recorded, not an exclusion): loaded clock 1635 MHz is over the 1545 MHz edge of the band around the 1470 MHz reference; the cell ran at 1.11x the issue rate the fixed compute roof assumed, so its fraction of that roof is inflated by the ratio; read roof_at_cell_clock_tflops
  BN= 128 BM=  32 n= 5 rep=11 r=  160 T=   640     2.5395 ms (157 iters)
  ^ LEVEL HIGH (recorded, not an exclusion): loaded clock 1665 MHz is over the 1545 MHz edge of the band around the 1470 MHz reference; the cell ran at 1.13x the issue rate the fixed compute roof assumed, so its fraction of that roof is inflated by the ratio; read roof_at_cell_clock_tflops; DRIFT failed, dropping: under-load clock went 1785 -> 1665 MHz over 24 samples (1785, 1785, 1665, 1665, 1665, 1665, 1665, 1665, 1680, 1680, 1455, 1455, 1635, 1635, 1695, 1695, 1695, 1695, 1680, 1680, 1665, 1665, 1665, 1665); the trials were not at one operating point and the median is a blend
  BN= 128 BM=  32 n= 6 rep=11 r=  192 T=   768     2.9743 ms (135 iters)
  ^ kept (LEVEL high is recorded, not excluded): LEVEL HIGH (recorded, not an exclusion): loaded clock 1695 MHz is over the 1545 MHz edge of the band around the 1470 MHz reference; the cell ran at 1.15x the issue rate the fixed compute roof assumed, so its fraction of that roof is inflated by the ratio; read roof_at_cell_clock_tflops
  BN= 128 BM=  32 n= 7 rep=11 r=  224 T=   896     3.4189 ms (117 iters)
  ^ kept (LEVEL high is recorded, not excluded): LEVEL HIGH (recorded, not an exclusion): loaded clock 1740 MHz is over the 1545 MHz edge of the band around the 1470 MHz reference; the cell ran at 1.18x the issue rate the fixed compute roof assumed, so its fraction of that roof is inflated by the ratio; read roof_at_cell_clock_tflops
  BN= 128 BM=  32 n= 8 rep=11 r=  256 T=  1024     3.7685 ms (106 iters)
  ^ LEVEL HIGH (recorded, not an exclusion): loaded clock 1695 MHz is over the 1545 MHz edge of the band around the 1470 MHz reference; the cell ran at 1.15x the issue rate the fixed compute roof assumed, so its fraction of that roof is inflated by the ratio; read roof_at_cell_clock_tflops; DRIFT failed, dropping: under-load clock went 1800 -> 1605 MHz over 26 samples (1800, 1800, 1695, 1695, 1635, 1635, 1725, 1725, 1755, 1755, 1425, 1425, 1605, 1605, 1725, 1725, 1725, 1725, 1665, 1665, 1605, 1605, 1815, 1815, 1605, 1605); the trials were not at one operating point and the median is a blend
  BN= 128 BM=  32 n= 1 rep=12 r=   32 T=   128     0.7908 ms (503 iters)
  BN= 128 BM=  32 n= 2 rep=12 r=   64 T=   256     1.1274 ms (353 iters)
  ^ kept (LEVEL high is recorded, not excluded): LEVEL HIGH (recorded, not an exclusion): loaded clock 1575 MHz is over the 1545 MHz edge of the band around the 1470 MHz reference; the cell ran at 1.07x the issue rate the fixed compute roof assumed, so its fraction of that roof is inflated by the ratio; read roof_at_cell_clock_tflops
  BN= 128 BM=  32 n= 3 rep=12 r=   96 T=   384     1.5982 ms (245 iters)
  ^ kept (LEVEL high is recorded, not excluded): LEVEL HIGH (recorded, not an exclusion): loaded clock 1665 MHz is over the 1545 MHz edge of the band around the 1470 MHz reference; the cell ran at 1.13x the issue rate the fixed compute roof assumed, so its fraction of that roof is inflated by the ratio; read roof_at_cell_clock_tflops
  BN= 128 BM=  32 n= 4 rep=12 r=  128 T=   512     2.0066 ms (202 iters)
  ^ kept (LEVEL high is recorded, not excluded): LEVEL HIGH (recorded, not an exclusion): loaded clock 1650 MHz is over the 1545 MHz edge of the band around the 1470 MHz reference; the cell ran at 1.12x the issue rate the fixed compute roof assumed, so its fraction of that roof is inflated by the ratio; read roof_at_cell_clock_tflops
  BN= 128 BM=  32 n= 5 rep=12 r=  160 T=   640     2.5160 ms (165 iters)
  ^ kept (LEVEL high is recorded, not excluded): LEVEL HIGH (recorded, not an exclusion): loaded clock 1695 MHz is over the 1545 MHz edge of the band around the 1470 MHz reference; the cell ran at 1.15x the issue rate the fixed compute roof assumed, so its fraction of that roof is inflated by the ratio; read roof_at_cell_clock_tflops
  BN= 128 BM=  32 n= 6 rep=12 r=  192 T=   768     2.9191 ms (139 iters)
  ^ kept (LEVEL high is recorded, not excluded): LEVEL HIGH (recorded, not an exclusion): loaded clock 1695 MHz is over the 1545 MHz edge of the band around the 1470 MHz reference; the cell ran at 1.15x the issue rate the fixed compute roof assumed, so its fraction of that roof is inflated by the ratio; read roof_at_cell_clock_tflops
  BN= 128 BM=  32 n= 7 rep=12 r=  224 T=   896     3.4365 ms (114 iters)
  ^ kept (LEVEL high is recorded, not excluded): LEVEL HIGH (recorded, not an exclusion): loaded clock 1725 MHz is over the 1545 MHz edge of the band around the 1470 MHz reference; the cell ran at 1.17x the issue rate the fixed compute roof assumed, so its fraction of that roof is inflated by the ratio; read roof_at_cell_clock_tflops
  BN= 128 BM=  32 n= 8 rep=12 r=  256 T=  1024     3.7986 ms (105 iters)
  ^ kept (LEVEL high is recorded, not excluded): LEVEL HIGH (recorded, not an exclusion): loaded clock 1710 MHz is over the 1545 MHz edge of the band around the 1470 MHz reference; the cell ran at 1.16x the issue rate the fixed compute roof assumed, so its fraction of that roof is inflated by the ratio; read roof_at_cell_clock_tflops
  BN= 128 BM=  32 n= 1 rep=13 r=   32 T=   128     0.7901 ms (505 iters)
  ^ DRIFT failed, dropping: under-load clock went 1680 -> 1560 MHz over 24 samples (1680, 1680, 1515, 1515, 1515, 1515, 1575, 1575, 1530, 1530, 1455, 1455, 1530, 1530, 1515, 1515, 1545, 1545, 1500, 1500, 1530, 1530, 1560, 1560); the trials were not at one operating point and the median is a blend
  BN= 128 BM=  32 n= 2 rep=13 r=   64 T=   256     1.1278 ms (346 iters)
  ^ kept (LEVEL high is recorded, not excluded): LEVEL HIGH (recorded, not an exclusion): loaded clock 1590 MHz is over the 1545 MHz edge of the band around the 1470 MHz reference; the cell ran at 1.08x the issue rate the fixed compute roof assumed, so its fraction of that roof is inflated by the ratio; read roof_at_cell_clock_tflops
  BN= 128 BM=  32 n= 3 rep=13 r=   96 T=   384     1.6064 ms (245 iters)
  ^ kept (LEVEL high is recorded, not excluded): LEVEL HIGH (recorded, not an exclusion): loaded clock 1665 MHz is over the 1545 MHz edge of the band around the 1470 MHz reference; the cell ran at 1.13x the issue rate the fixed compute roof assumed, so its fraction of that roof is inflated by the ratio; read roof_at_cell_clock_tflops
  BN= 128 BM=  32 n= 4 rep=13 r=  128 T=   512     2.0068 ms (199 iters)
  ^ kept (LEVEL high is recorded, not excluded): LEVEL HIGH (recorded, not an exclusion): loaded clock 1635 MHz is over the 1545 MHz edge of the band around the 1470 MHz reference; the cell ran at 1.11x the issue rate the fixed compute roof assumed, so its fraction of that roof is inflated by the ratio; read roof_at_cell_clock_tflops
  BN= 128 BM=  32 n= 5 rep=13 r=  160 T=   640     2.5266 ms (156 iters)
  ^ kept (LEVEL high is recorded, not excluded): LEVEL HIGH (recorded, not an exclusion): loaded clock 1672 MHz is over the 1545 MHz edge of the band around the 1470 MHz reference; the cell ran at 1.14x the issue rate the fixed compute roof assumed, so its fraction of that roof is inflated by the ratio; read roof_at_cell_clock_tflops
  BN= 128 BM=  32 n= 6 rep=13 r=  192 T=   768     2.9746 ms (134 iters)
  ^ kept (LEVEL high is recorded, not excluded): LEVEL HIGH (recorded, not an exclusion): loaded clock 1695 MHz is over the 1545 MHz edge of the band around the 1470 MHz reference; the cell ran at 1.15x the issue rate the fixed compute roof assumed, so its fraction of that roof is inflated by the ratio; read roof_at_cell_clock_tflops
  BN= 128 BM=  32 n= 7 rep=13 r=  224 T=   896     3.4061 ms (116 iters)
  ^ kept (LEVEL high is recorded, not excluded): LEVEL HIGH (recorded, not an exclusion): loaded clock 1725 MHz is over the 1545 MHz edge of the band around the 1470 MHz reference; the cell ran at 1.17x the issue rate the fixed compute roof assumed, so its fraction of that roof is inflated by the ratio; read roof_at_cell_clock_tflops
  BN= 128 BM=  32 n= 8 rep=13 r=  256 T=  1024     3.7980 ms (104 iters)
  ^ LEVEL HIGH (recorded, not an exclusion): loaded clock 1725 MHz is over the 1545 MHz edge of the band around the 1470 MHz reference; the cell ran at 1.17x the issue rate the fixed compute roof assumed, so its fraction of that roof is inflated by the ratio; read roof_at_cell_clock_tflops; DRIFT failed, dropping: under-load clock went 1905 -> 1785 MHz over 26 samples (1905, 1905, 1725, 1725, 1710, 1710, 1755, 1755, 1695, 1695, 1470, 1470, 1530, 1530, 1770, 1770, 1770, 1770, 1755, 1755, 1590, 1590, 1725, 1725, 1785, 1785); the trials were not at one operating point and the median is a blend
  BN= 128 BM=  32 n= 1 rep=14 r=   32 T=   128     0.7909 ms (506 iters)
  BN= 128 BM=  32 n= 2 rep=14 r=   64 T=   256     1.1266 ms (361 iters)
  BN= 128 BM=  32 n= 3 rep=14 r=   96 T=   384     1.6080 ms (256 iters)
  ^ kept (LEVEL high is recorded, not excluded): LEVEL HIGH (recorded, not an exclusion): loaded clock 1665 MHz is over the 1545 MHz edge of the band around the 1470 MHz reference; the cell ran at 1.13x the issue rate the fixed compute roof assumed, so its fraction of that roof is inflated by the ratio; read roof_at_cell_clock_tflops
  BN= 128 BM=  32 n= 4 rep=14 r=  128 T=   512     2.0125 ms (199 iters)
  ^ kept (LEVEL high is recorded, not excluded): LEVEL HIGH (recorded, not an exclusion): loaded clock 1650 MHz is over the 1545 MHz edge of the band around the 1470 MHz reference; the cell ran at 1.12x the issue rate the fixed compute roof assumed, so its fraction of that roof is inflated by the ratio; read roof_at_cell_clock_tflops
  BN= 128 BM=  32 n= 5 rep=14 r=  160 T=   640     2.5166 ms (155 iters)
  ^ kept (LEVEL high is recorded, not excluded): LEVEL HIGH (recorded, not an exclusion): loaded clock 1665 MHz is over the 1545 MHz edge of the band around the 1470 MHz reference; the cell ran at 1.13x the issue rate the fixed compute roof assumed, so its fraction of that roof is inflated by the ratio; read roof_at_cell_clock_tflops
  BN= 128 BM=  32 n= 6 rep=14 r=  192 T=   768     2.9741 ms (135 iters)
  ^ kept (LEVEL high is recorded, not excluded): LEVEL HIGH (recorded, not an exclusion): loaded clock 1680 MHz is over the 1545 MHz edge of the band around the 1470 MHz reference; the cell ran at 1.14x the issue rate the fixed compute roof assumed, so its fraction of that roof is inflated by the ratio; read roof_at_cell_clock_tflops
  BN= 128 BM=  32 n= 7 rep=14 r=  224 T=   896     3.4361 ms (116 iters)
  ^ kept (LEVEL high is recorded, not excluded): LEVEL HIGH (recorded, not an exclusion): loaded clock 1740 MHz is over the 1545 MHz edge of the band around the 1470 MHz reference; the cell ran at 1.18x the issue rate the fixed compute roof assumed, so its fraction of that roof is inflated by the ratio; read roof_at_cell_clock_tflops
  BN= 128 BM=  32 n= 8 rep=14 r=  256 T=  1024     3.7645 ms (105 iters)
  ^ kept (LEVEL high is recorded, not excluded): LEVEL HIGH (recorded, not an exclusion): loaded clock 1665 MHz is over the 1545 MHz edge of the band around the 1470 MHz reference; the cell ran at 1.13x the issue rate the fixed compute roof assumed, so its fraction of that roof is inflated by the ratio; read roof_at_cell_clock_tflops
  BN= 128 BM=  32 n= 1 rep=15 r=   32 T=   128     0.7912 ms (495 iters)
  ^ DRIFT failed, dropping: under-load clock went 1755 -> 1545 MHz over 25 samples (1755, 1755, 1545, 1545, 1545, 1545, 1560, 1560, 1560, 1560, 1365, 1365, 1560, 1560, 1545, 1545, 1560, 1560, 1545, 1545, 1545, 1545, 1560, 1560, 1545); the trials were not at one operating point and the median is a blend
  BN= 128 BM=  32 n= 2 rep=15 r=   64 T=   256     1.1299 ms (351 iters)
  ^ LEVEL HIGH (recorded, not an exclusion): loaded clock 1582 MHz is over the 1545 MHz edge of the band around the 1470 MHz reference; the cell ran at 1.08x the issue rate the fixed compute roof assumed, so its fraction of that roof is inflated by the ratio; read roof_at_cell_clock_tflops; DRIFT failed, dropping: under-load clock went 1725 -> 1575 MHz over 24 samples (1725, 1725, 1590, 1590, 1620, 1620, 1515, 1515, 1635, 1635, 1440, 1440, 1560, 1560, 1515, 1515, 1545, 1545, 1605, 1605, 1635, 1635, 1575, 1575); the trials were not at one operating point and the median is a blend
  BN= 128 BM=  32 n= 3 rep=15 r=   96 T=   384     1.5951 ms (245 iters)
  ^ kept (LEVEL high is recorded, not excluded): LEVEL HIGH (recorded, not an exclusion): loaded clock 1650 MHz is over the 1545 MHz edge of the band around the 1470 MHz reference; the cell ran at 1.12x the issue rate the fixed compute roof assumed, so its fraction of that roof is inflated by the ratio; read roof_at_cell_clock_tflops
  BN= 128 BM=  32 n= 4 rep=15 r=  128 T=   512     2.0087 ms (199 iters)
  ^ LEVEL HIGH (recorded, not an exclusion): loaded clock 1650 MHz is over the 1545 MHz edge of the band around the 1470 MHz reference; the cell ran at 1.12x the issue rate the fixed compute roof assumed, so its fraction of that roof is inflated by the ratio; read roof_at_cell_clock_tflops; DRIFT failed, dropping: under-load clock went 1770 -> 1680 MHz over 25 samples (1770, 1770, 1635, 1635, 1665, 1665, 1635, 1635, 1680, 1680, 1440, 1440, 1665, 1665, 1680, 1680, 1650, 1650, 1650, 1650, 1635, 1635, 1650, 1650, 1680); the trials were not at one operating point and the median is a blend
  BN= 128 BM=  32 n= 5 rep=15 r=  160 T=   640     2.5157 ms (161 iters)
  ^ kept (LEVEL high is recorded, not excluded): LEVEL HIGH (recorded, not an exclusion): loaded clock 1680 MHz is over the 1545 MHz edge of the band around the 1470 MHz reference; the cell ran at 1.14x the issue rate the fixed compute roof assumed, so its fraction of that roof is inflated by the ratio; read roof_at_cell_clock_tflops
  BN= 128 BM=  32 n= 6 rep=15 r=  192 T=   768     2.9510 ms (136 iters)
  ^ kept (LEVEL high is recorded, not excluded): LEVEL HIGH (recorded, not an exclusion): loaded clock 1680 MHz is over the 1545 MHz edge of the band around the 1470 MHz reference; the cell ran at 1.14x the issue rate the fixed compute roof assumed, so its fraction of that roof is inflated by the ratio; read roof_at_cell_clock_tflops
  BN= 128 BM=  32 n= 7 rep=15 r=  224 T=   896     3.4367 ms (115 iters)
  ^ kept (LEVEL high is recorded, not excluded): LEVEL HIGH (recorded, not an exclusion): loaded clock 1740 MHz is over the 1545 MHz edge of the band around the 1470 MHz reference; the cell ran at 1.18x the issue rate the fixed compute roof assumed, so its fraction of that roof is inflated by the ratio; read roof_at_cell_clock_tflops
  BN= 128 BM=  32 n= 8 rep=15 r=  256 T=  1024     3.7630 ms (104 iters)
  ^ LEVEL HIGH (recorded, not an exclusion): loaded clock 1665 MHz is over the 1545 MHz edge of the band around the 1470 MHz reference; the cell ran at 1.13x the issue rate the fixed compute roof assumed, so its fraction of that roof is inflated by the ratio; read roof_at_cell_clock_tflops; DRIFT failed, oscillating: under-load clock went 1695 -> 1860 MHz over 26 samples (1695, 1680, 1680, 1665, 1665, 1695, 1695, 1590, 1590, 1770, 1770, 1470, 1470, 1635, 1635, 1695, 1695, 1545, 1545, 1755, 1755, 1650, 1650, 1590, 1590, 1860); the trials were not at one operating point and the median is a blend
  BN= 128 BM=  32 n= 1 rep=16 r=   32 T=   128     0.7904 ms (504 iters)
  BN= 128 BM=  32 n= 2 rep=16 r=   64 T=   256     1.1306 ms (357 iters)
  ^ LEVEL HIGH (recorded, not an exclusion): loaded clock 1575 MHz is over the 1545 MHz edge of the band around the 1470 MHz reference; the cell ran at 1.07x the issue rate the fixed compute roof assumed, so its fraction of that roof is inflated by the ratio; read roof_at_cell_clock_tflops; DRIFT failed, dropping: under-load clock went 1770 -> 1620 MHz over 25 samples (1770, 1770, 1515, 1515, 1620, 1620, 1530, 1530, 1545, 1545, 1380, 1380, 1560, 1560, 1560, 1560, 1650, 1650, 1635, 1635, 1620, 1620, 1575, 1575, 1620); the trials were not at one operating point and the median is a blend
  BN= 128 BM=  32 n= 3 rep=16 r=   96 T=   384     1.6014 ms (252 iters)
  ^ kept (LEVEL high is recorded, not excluded): LEVEL HIGH (recorded, not an exclusion): loaded clock 1665 MHz is over the 1545 MHz edge of the band around the 1470 MHz reference; the cell ran at 1.13x the issue rate the fixed compute roof assumed, so its fraction of that roof is inflated by the ratio; read roof_at_cell_clock_tflops
  BN= 128 BM=  32 n= 4 rep=16 r=  128 T=   512     2.0065 ms (197 iters)
  ^ kept (LEVEL high is recorded, not excluded): LEVEL HIGH (recorded, not an exclusion): loaded clock 1650 MHz is over the 1545 MHz edge of the band around the 1470 MHz reference; the cell ran at 1.12x the issue rate the fixed compute roof assumed, so its fraction of that roof is inflated by the ratio; read roof_at_cell_clock_tflops
  BN= 128 BM=  32 n= 5 rep=16 r=  160 T=   640     2.5255 ms (161 iters)
  ^ kept (LEVEL high is recorded, not excluded): LEVEL HIGH (recorded, not an exclusion): loaded clock 1680 MHz is over the 1545 MHz edge of the band around the 1470 MHz reference; the cell ran at 1.14x the issue rate the fixed compute roof assumed, so its fraction of that roof is inflated by the ratio; read roof_at_cell_clock_tflops
  BN= 128 BM=  32 n= 6 rep=16 r=  192 T=   768     2.9470 ms (134 iters)
  ^ kept (LEVEL high is recorded, not excluded): LEVEL HIGH (recorded, not an exclusion): loaded clock 1680 MHz is over the 1545 MHz edge of the band around the 1470 MHz reference; the cell ran at 1.14x the issue rate the fixed compute roof assumed, so its fraction of that roof is inflated by the ratio; read roof_at_cell_clock_tflops
  BN= 128 BM=  32 n= 7 rep=16 r=  224 T=   896     3.4376 ms (117 iters)
  ^ kept (LEVEL high is recorded, not excluded): LEVEL HIGH (recorded, not an exclusion): loaded clock 1725 MHz is over the 1545 MHz edge of the band around the 1470 MHz reference; the cell ran at 1.17x the issue rate the fixed compute roof assumed, so its fraction of that roof is inflated by the ratio; read roof_at_cell_clock_tflops
  BN= 128 BM=  32 n= 8 rep=16 r=  256 T=  1024     3.7638 ms (107 iters)
  ^ kept (LEVEL high is recorded, not excluded): LEVEL HIGH (recorded, not an exclusion): loaded clock 1695 MHz is over the 1545 MHz edge of the band around the 1470 MHz reference; the cell ran at 1.15x the issue rate the fixed compute roof assumed, so its fraction of that roof is inflated by the ratio; read roof_at_cell_clock_tflops
  BN= 128 BM=  32 n= 1 rep=17 r=   32 T=   128     0.7895 ms (505 iters)
  ^ DRIFT failed, settling upward: under-load clock went 1485 -> 1560 MHz over 24 samples (1485, 1545, 1545, 1560, 1560, 1575, 1575, 1575, 1575, 1545, 1545, 1455, 1455, 1560, 1560, 1560, 1560, 1545, 1545, 1515, 1515, 1545, 1545, 1560); the trials were not at one operating point and the median is a blend
  BN= 128 BM=  32 n= 2 rep=17 r=   64 T=   256     1.1199 ms (347 iters)
  ^ kept (LEVEL high is recorded, not excluded): LEVEL HIGH (recorded, not an exclusion): loaded clock 1575 MHz is over the 1545 MHz edge of the band around the 1470 MHz reference; the cell ran at 1.07x the issue rate the fixed compute roof assumed, so its fraction of that roof is inflated by the ratio; read roof_at_cell_clock_tflops
  BN= 128 BM=  32 n= 3 rep=17 r=   96 T=   384     1.6107 ms (255 iters)
  ^ kept (LEVEL high is recorded, not excluded): LEVEL HIGH (recorded, not an exclusion): loaded clock 1665 MHz is over the 1545 MHz edge of the band around the 1470 MHz reference; the cell ran at 1.13x the issue rate the fixed compute roof assumed, so its fraction of that roof is inflated by the ratio; read roof_at_cell_clock_tflops
  BN= 128 BM=  32 n= 4 rep=17 r=  128 T=   512     2.0065 ms (200 iters)
  ^ LEVEL HIGH (recorded, not an exclusion): loaded clock 1635 MHz is over the 1545 MHz edge of the band around the 1470 MHz reference; the cell ran at 1.11x the issue rate the fixed compute roof assumed, so its fraction of that roof is inflated by the ratio; read roof_at_cell_clock_tflops; DRIFT failed, dropping: under-load clock went 1740 -> 1605 MHz over 24 samples (1740, 1740, 1605, 1605, 1680, 1680, 1680, 1680, 1695, 1695, 1545, 1545, 1665, 1665, 1620, 1620, 1620, 1620, 1635, 1635, 1635, 1635, 1605, 1605); the trials were not at one operating point and the median is a blend
  BN= 128 BM=  32 n= 5 rep=17 r=  160 T=   640     2.5216 ms (156 iters)
  ^ kept (LEVEL high is recorded, not excluded): LEVEL HIGH (recorded, not an exclusion): loaded clock 1665 MHz is over the 1545 MHz edge of the band around the 1470 MHz reference; the cell ran at 1.13x the issue rate the fixed compute roof assumed, so its fraction of that roof is inflated by the ratio; read roof_at_cell_clock_tflops
  BN= 128 BM=  32 n= 6 rep=17 r=  192 T=   768     2.9756 ms (135 iters)
  ^ kept (LEVEL high is recorded, not excluded): LEVEL HIGH (recorded, not an exclusion): loaded clock 1680 MHz is over the 1545 MHz edge of the band around the 1470 MHz reference; the cell ran at 1.14x the issue rate the fixed compute roof assumed, so its fraction of that roof is inflated by the ratio; read roof_at_cell_clock_tflops
  BN= 128 BM=  32 n= 7 rep=17 r=  224 T=   896     3.4361 ms (116 iters)
  ^ kept (LEVEL high is recorded, not excluded): LEVEL HIGH (recorded, not an exclusion): loaded clock 1740 MHz is over the 1545 MHz edge of the band around the 1470 MHz reference; the cell ran at 1.18x the issue rate the fixed compute roof assumed, so its fraction of that roof is inflated by the ratio; read roof_at_cell_clock_tflops
  BN= 128 BM=  32 n= 8 rep=17 r=  256 T=  1024     3.7642 ms (105 iters)

-- BN=128: subject ladder, BLOCK_M=64 --
  ^ DRIFT failed, dropping: under-load clock went 1575 -> 1425 MHz over 26 samples (1575, 1605, 1605, 1515, 1515, 1530, 1530, 1485, 1485, 630, 630, 1200, 1200, 1440, 1440, 1500, 1500, 1470, 1470, 1605, 1605, 1575, 1575, 1500, 1500, 1425); the trials were not at one operating point and the median is a blend
  BN= 128 BM=  64 n= 1 rep= 1 r=   64 T=   256     0.7640 ms (522 iters)
  BN= 128 BM=  64 n= 2 rep= 1 r=  128 T=   512     1.1512 ms (350 iters)
  BN= 128 BM=  64 n= 3 rep= 1 r=  192 T=   768     1.6309 ms (247 iters)
  BN= 128 BM=  64 n= 4 rep= 1 r=  256 T=  1024     2.0884 ms (192 iters)
  BN= 128 BM=  64 n= 5 rep= 1 r=  320 T=  1280     2.6200 ms (153 iters)
  BN= 128 BM=  64 n= 6 rep= 1 r=  384 T=  1536     3.0697 ms (128 iters)
  BN= 128 BM=  64 n= 7 rep= 1 r=  448 T=  1792     3.5832 ms (110 iters)
  BN= 128 BM=  64 n= 8 rep= 1 r=  512 T=  2048     3.9616 ms (100 iters)
  ^ DRIFT failed, oscillating: under-load clock went 1440 -> 1635 MHz over 26 samples (1440, 1440, 1515, 1515, 1410, 1410, 1635, 1635, 1605, 1605, 885, 885, 1335, 1335, 1515, 1515, 1560, 1560, 1515, 1515, 1470, 1470, 1455, 1455, 1635, 1635); the trials were not at one operating point and the median is a blend
  BN= 128 BM=  64 n= 1 rep= 2 r=   64 T=   256     0.7657 ms (517 iters)
  BN= 128 BM=  64 n= 2 rep= 2 r=  128 T=   512     1.1379 ms (354 iters)
  BN= 128 BM=  64 n= 3 rep= 2 r=  192 T=   768     1.6282 ms (240 iters)
  BN= 128 BM=  64 n= 4 rep= 2 r=  256 T=  1024     2.0879 ms (190 iters)
  BN= 128 BM=  64 n= 5 rep= 2 r=  320 T=  1280     2.6145 ms (152 iters)
  BN= 128 BM=  64 n= 6 rep= 2 r=  384 T=  1536     3.0977 ms (128 iters)
  BN= 128 BM=  64 n= 7 rep= 2 r=  448 T=  1792     3.6065 ms (111 iters)
  BN= 128 BM=  64 n= 8 rep= 2 r=  512 T=  2048     3.9608 ms (101 iters)
  ^ DRIFT failed, dropping: under-load clock went 1650 -> 1425 MHz over 25 samples (1650, 1650, 1470, 1470, 1425, 1425, 1440, 1440, 1530, 1530, 1305, 1305, 1455, 1455, 1410, 1410, 1650, 1650, 1440, 1440, 1425, 1425, 1515, 1515, 1425); the trials were not at one operating point and the median is a blend
  BN= 128 BM=  64 n= 1 rep= 3 r=   64 T=   256     0.7712 ms (511 iters)
  BN= 128 BM=  64 n= 2 rep= 3 r=  128 T=   512     1.1412 ms (343 iters)
  BN= 128 BM=  64 n= 3 rep= 3 r=  192 T=   768     1.6549 ms (238 iters)
  BN= 128 BM=  64 n= 4 rep= 3 r=  256 T=  1024     2.0951 ms (195 iters)
  BN= 128 BM=  64 n= 5 rep= 3 r=  320 T=  1280     2.6161 ms (151 iters)
  BN= 128 BM=  64 n= 6 rep= 3 r=  384 T=  1536     3.0987 ms (127 iters)
  ^ DRIFT failed, dropping: under-load clock went 1560 -> 1455 MHz over 25 samples (1560, 1560, 1485, 1485, 1440, 1440, 1455, 1455, 1455, 1455, 1200, 1200, 1440, 1440, 1470, 1470, 1500, 1500, 1500, 1500, 1470, 1470, 1485, 1485, 1455); the trials were not at one operating point and the median is a blend
  BN= 128 BM=  64 n= 7 rep= 3 r=  448 T=  1792     3.5703 ms (114 iters)
  BN= 128 BM=  64 n= 8 rep= 3 r=  512 T=  2048     3.9594 ms (101 iters)
  ^ DRIFT failed, settling upward: under-load clock went 1395 -> 1545 MHz over 25 samples (1395, 1395, 1425, 1425, 1440, 1440, 1455, 1455, 1485, 1485, 1485, 1485, 1455, 1455, 1440, 1440, 1470, 1470, 1725, 1725, 1470, 1470, 1395, 1395, 1545); the trials were not at one operating point and the median is a blend
  BN= 128 BM=  64 n= 1 rep= 4 r=   64 T=   256     0.7695 ms (508 iters)
  BN= 128 BM=  64 n= 2 rep= 4 r=  128 T=   512     1.1376 ms (354 iters)
  BN= 128 BM=  64 n= 3 rep= 4 r=  192 T=   768     1.6291 ms (247 iters)
  BN= 128 BM=  64 n= 4 rep= 4 r=  256 T=  1024     2.0889 ms (188 iters)
  BN= 128 BM=  64 n= 5 rep= 4 r=  320 T=  1280     2.6163 ms (153 iters)
  BN= 128 BM=  64 n= 6 rep= 4 r=  384 T=  1536     3.0926 ms (129 iters)
  BN= 128 BM=  64 n= 7 rep= 4 r=  448 T=  1792     3.6067 ms (110 iters)
  BN= 128 BM=  64 n= 8 rep= 4 r=  512 T=  2048     3.9440 ms (101 iters)
  BN= 128 BM=  64 n= 1 rep= 5 r=   64 T=   256     0.7693 ms (508 iters)
  BN= 128 BM=  64 n= 2 rep= 5 r=  128 T=   512     1.1539 ms (343 iters)
  BN= 128 BM=  64 n= 3 rep= 5 r=  192 T=   768     1.6559 ms (244 iters)
  BN= 128 BM=  64 n= 4 rep= 5 r=  256 T=  1024     2.1084 ms (197 iters)
  BN= 128 BM=  64 n= 5 rep= 5 r=  320 T=  1280     2.6058 ms (153 iters)
  BN= 128 BM=  64 n= 6 rep= 5 r=  384 T=  1536     3.0830 ms (129 iters)
  BN= 128 BM=  64 n= 7 rep= 5 r=  448 T=  1792     3.6081 ms (111 iters)
  BN= 128 BM=  64 n= 8 rep= 5 r=  512 T=  2048     3.9626 ms (100 iters)
  BN= 128 BM=  64 n= 1 rep= 6 r=   64 T=   256     0.7699 ms (524 iters)
  BN= 128 BM=  64 n= 2 rep= 6 r=  128 T=   512     1.1398 ms (337 iters)
  BN= 128 BM=  64 n= 3 rep= 6 r=  192 T=   768     1.6113 ms (247 iters)
  BN= 128 BM=  64 n= 4 rep= 6 r=  256 T=  1024     2.1071 ms (186 iters)
  BN= 128 BM=  64 n= 5 rep= 6 r=  320 T=  1280     2.6213 ms (153 iters)
  BN= 128 BM=  64 n= 6 rep= 6 r=  384 T=  1536     3.0948 ms (129 iters)
  BN= 128 BM=  64 n= 7 rep= 6 r=  448 T=  1792     3.6114 ms (109 iters)
  BN= 128 BM=  64 n= 8 rep= 6 r=  512 T=  2048     3.9609 ms (100 iters)
  ^ DRIFT failed, settling upward: under-load clock went 1395 -> 1485 MHz over 25 samples (1395, 1545, 1545, 1455, 1455, 1635, 1635, 1500, 1500, 1485, 1485, 1395, 1395, 1650, 1650, 1410, 1410, 1350, 1350, 1455, 1455, 1455, 1455, 1485, 1485); the trials were not at one operating point and the median is a blend
  BN= 128 BM=  64 n= 1 rep= 7 r=   64 T=   256     0.7681 ms (510 iters)
  ^ DRIFT failed, dropping: under-load clock went 1485 -> 1395 MHz over 25 samples (1485, 1485, 1410, 1410, 1380, 1380, 1410, 1410, 1380, 1380, 1155, 1155, 1395, 1395, 1410, 1410, 1425, 1425, 1425, 1425, 1380, 1380, 1395, 1395, 1395); the trials were not at one operating point and the median is a blend
  BN= 128 BM=  64 n= 2 rep= 7 r=  128 T=   512     1.1546 ms (350 iters)
  BN= 128 BM=  64 n= 3 rep= 7 r=  192 T=   768     1.6304 ms (256 iters)
  BN= 128 BM=  64 n= 4 rep= 7 r=  256 T=  1024     2.1087 ms (188 iters)
  BN= 128 BM=  64 n= 5 rep= 7 r=  320 T=  1280     2.6221 ms (152 iters)
  ^ DRIFT failed, dropping: under-load clock went 1575 -> 1455 MHz over 24 samples (1575, 1575, 1455, 1455, 1455, 1455, 1455, 1455, 1455, 1455, 1290, 1290, 1470, 1470, 1455, 1455, 1455, 1455, 1440, 1440, 1455, 1455, 1455, 1455); the trials were not at one operating point and the median is a blend
  BN= 128 BM=  64 n= 6 rep= 7 r=  384 T=  1536     3.0994 ms (128 iters)
  BN= 128 BM=  64 n= 7 rep= 7 r=  448 T=  1792     3.6093 ms (113 iters)
  BN= 128 BM=  64 n= 8 rep= 7 r=  512 T=  2048     3.9612 ms (101 iters)
  BN= 128 BM=  64 n= 1 rep= 8 r=   64 T=   256     0.7687 ms (505 iters)
  BN= 128 BM=  64 n= 2 rep= 8 r=  128 T=   512     1.1462 ms (349 iters)
  BN= 128 BM=  64 n= 3 rep= 8 r=  192 T=   768     1.6297 ms (249 iters)
  BN= 128 BM=  64 n= 4 rep= 8 r=  256 T=  1024     2.0884 ms (188 iters)
  BN= 128 BM=  64 n= 5 rep= 8 r=  320 T=  1280     2.6195 ms (152 iters)
  BN= 128 BM=  64 n= 6 rep= 8 r=  384 T=  1536     3.0683 ms (128 iters)
  BN= 128 BM=  64 n= 7 rep= 8 r=  448 T=  1792     3.6077 ms (110 iters)
  BN= 128 BM=  64 n= 8 rep= 8 r=  512 T=  2048     3.9630 ms (100 iters)
  BN= 128 BM=  64 n= 1 rep= 9 r=   64 T=   256     0.7731 ms (501 iters)
  BN= 128 BM=  64 n= 2 rep= 9 r=  128 T=   512     1.1578 ms (350 iters)
  BN= 128 BM=  64 n= 3 rep= 9 r=  192 T=   768     1.6327 ms (242 iters)
  BN= 128 BM=  64 n= 4 rep= 9 r=  256 T=  1024     2.0882 ms (190 iters)
  BN= 128 BM=  64 n= 5 rep= 9 r=  320 T=  1280     2.6213 ms (152 iters)
  ^ DRIFT failed, dropping: under-load clock went 1530 -> 1440 MHz over 24 samples (1530, 1530, 1440, 1440, 1455, 1455, 1455, 1455, 1455, 1455, 1275, 1275, 1440, 1440, 1485, 1485, 1470, 1470, 1470, 1470, 1455, 1455, 1440, 1440); the trials were not at one operating point and the median is a blend
  BN= 128 BM=  64 n= 6 rep= 9 r=  384 T=  1536     3.0987 ms (129 iters)
  BN= 128 BM=  64 n= 7 rep= 9 r=  448 T=  1792     3.5759 ms (111 iters)
  BN= 128 BM=  64 n= 8 rep= 9 r=  512 T=  2048     3.9642 ms (100 iters)
  ^ DRIFT failed, dropping: under-load clock went 1740 -> 1605 MHz over 26 samples (1740, 1740, 1470, 1470, 1620, 1620, 1425, 1425, 1410, 1410, 1140, 1140, 1500, 1500, 1425, 1425, 1485, 1485, 1455, 1455, 1515, 1515, 1395, 1395, 1605, 1605); the trials were not at one operating point and the median is a blend
  BN= 128 BM=  64 n= 1 rep=10 r=   64 T=   256     0.7671 ms (523 iters)
  BN= 128 BM=  64 n= 2 rep=10 r=  128 T=   512     1.1539 ms (347 iters)
  ^ DRIFT failed, dropping: under-load clock went 1440 -> 1365 MHz over 25 samples (1440, 1440, 1395, 1395, 1395, 1395, 1395, 1395, 1470, 1470, 1395, 1395, 1365, 1365, 1410, 1410, 1485, 1485, 1425, 1425, 1410, 1410, 1395, 1395, 1365); the trials were not at one operating point and the median is a blend
  BN= 128 BM=  64 n= 3 rep=10 r=  192 T=   768     1.6549 ms (249 iters)
  BN= 128 BM=  64 n= 4 rep=10 r=  256 T=  1024     2.0882 ms (190 iters)
  BN= 128 BM=  64 n= 5 rep=10 r=  320 T=  1280     2.6215 ms (151 iters)
  BN= 128 BM=  64 n= 6 rep=10 r=  384 T=  1536     3.0942 ms (128 iters)
  BN= 128 BM=  64 n= 7 rep=10 r=  448 T=  1792     3.6090 ms (109 iters)
  BN= 128 BM=  64 n= 8 rep=10 r=  512 T=  2048     3.9626 ms (100 iters)
  ^ DRIFT failed, oscillating: under-load clock went 1470 -> 1575 MHz over 26 samples (1470, 1560, 1560, 1440, 1440, 1620, 1620, 1425, 1425, 1575, 1575, 1380, 1380, 1425, 1425, 1425, 1425, 1440, 1440, 1425, 1425, 1410, 1410, 1440, 1440, 1575); the trials were not at one operating point and the median is a blend
  BN= 128 BM=  64 n= 1 rep=11 r=   64 T=   256     0.7695 ms (520 iters)
  ^ DRIFT failed, dropping: under-load clock went 1500 -> 1395 MHz over 25 samples (1500, 1500, 1395, 1395, 1380, 1380, 1395, 1395, 1410, 1410, 1125, 1125, 1395, 1395, 1410, 1410, 1410, 1410, 1425, 1425, 1395, 1395, 1395, 1395, 1395); the trials were not at one operating point and the median is a blend
  BN= 128 BM=  64 n= 2 rep=11 r=  128 T=   512     1.1570 ms (350 iters)
  BN= 128 BM=  64 n= 3 rep=11 r=  192 T=   768     1.6406 ms (247 iters)
  BN= 128 BM=  64 n= 4 rep=11 r=  256 T=  1024     2.1100 ms (189 iters)
  BN= 128 BM=  64 n= 5 rep=11 r=  320 T=  1280     2.6203 ms (154 iters)
  BN= 128 BM=  64 n= 6 rep=11 r=  384 T=  1536     3.0927 ms (129 iters)
  BN= 128 BM=  64 n= 7 rep=11 r=  448 T=  1792     3.6107 ms (113 iters)
  BN= 128 BM=  64 n= 8 rep=11 r=  512 T=  2048     3.9620 ms (102 iters)
  ^ DRIFT failed, settling upward: under-load clock went 1410 -> 1635 MHz over 25 samples (1410, 1410, 1500, 1500, 1470, 1470, 1410, 1410, 1440, 1440, 1440, 1440, 1425, 1425, 1590, 1590, 1455, 1455, 1440, 1440, 1545, 1545, 1380, 1380, 1635); the trials were not at one operating point and the median is a blend
  BN= 128 BM=  64 n= 1 rep=12 r=   64 T=   256     0.7679 ms (511 iters)
  BN= 128 BM=  64 n= 2 rep=12 r=  128 T=   512     1.1567 ms (343 iters)
  BN= 128 BM=  64 n= 3 rep=12 r=  192 T=   768     1.6549 ms (243 iters)
  BN= 128 BM=  64 n= 4 rep=12 r=  256 T=  1024     2.0943 ms (191 iters)
  BN= 128 BM=  64 n= 5 rep=12 r=  320 T=  1280     2.6044 ms (151 iters)
  BN= 128 BM=  64 n= 6 rep=12 r=  384 T=  1536     3.0993 ms (130 iters)
  BN= 128 BM=  64 n= 7 rep=12 r=  448 T=  1792     3.6109 ms (111 iters)
  BN= 128 BM=  64 n= 8 rep=12 r=  512 T=  2048     3.9607 ms (101 iters)
  ^ DRIFT failed, dropping: under-load clock went 1590 -> 1395 MHz over 26 samples (1590, 1590, 1395, 1395, 1440, 1440, 1425, 1425, 1425, 1425, 1260, 1260, 1425, 1425, 1440, 1440, 1470, 1470, 1410, 1410, 1665, 1665, 1515, 1515, 1395, 1395); the trials were not at one operating point and the median is a blend
  BN= 128 BM=  64 n= 1 rep=13 r=   64 T=   256     0.7696 ms (520 iters)
  ^ DRIFT failed, settling upward: under-load clock went 1290 -> 1380 MHz over 24 samples (1290, 1290, 1410, 1410, 1395, 1395, 1410, 1410, 1425, 1425, 1335, 1335, 1410, 1410, 1410, 1410, 1395, 1395, 1365, 1365, 1395, 1395, 1380, 1380); the trials were not at one operating point and the median is a blend
  BN= 128 BM=  64 n= 2 rep=13 r=  128 T=   512     1.1543 ms (334 iters)
  BN= 128 BM=  64 n= 3 rep=13 r=  192 T=   768     1.6449 ms (248 iters)
  BN= 128 BM=  64 n= 4 rep=13 r=  256 T=  1024     2.0887 ms (188 iters)
  BN= 128 BM=  64 n= 5 rep=13 r=  320 T=  1280     2.6215 ms (153 iters)
  BN= 128 BM=  64 n= 6 rep=13 r=  384 T=  1536     3.0981 ms (129 iters)
  BN= 128 BM=  64 n= 7 rep=13 r=  448 T=  1792     3.6083 ms (110 iters)
  ^ DRIFT failed, dropping: under-load clock went 1605 -> 1500 MHz over 24 samples (1605, 1605, 1515, 1515, 1515, 1515, 1500, 1500, 1500, 1500, 1245, 1245, 1455, 1455, 1500, 1500, 1515, 1515, 1515, 1515, 1515, 1515, 1500, 1500); the trials were not at one operating point and the median is a blend
  BN= 128 BM=  64 n= 8 rep=13 r=  512 T=  2048     3.9410 ms (101 iters)
  BN= 128 BM=  64 n= 1 rep=14 r=   64 T=   256     0.7673 ms (513 iters)
  BN= 128 BM=  64 n= 2 rep=14 r=  128 T=   512     1.1469 ms (353 iters)
  BN= 128 BM=  64 n= 3 rep=14 r=  192 T=   768     1.6303 ms (248 iters)
  BN= 128 BM=  64 n= 4 rep=14 r=  256 T=  1024     2.0965 ms (188 iters)
  BN= 128 BM=  64 n= 5 rep=14 r=  320 T=  1280     2.6216 ms (152 iters)
  BN= 128 BM=  64 n= 6 rep=14 r=  384 T=  1536     3.0976 ms (129 iters)
  BN= 128 BM=  64 n= 7 rep=14 r=  448 T=  1792     3.6081 ms (110 iters)
  BN= 128 BM=  64 n= 8 rep=14 r=  512 T=  2048     3.9414 ms (101 iters)
  BN= 128 BM=  64 n= 1 rep=15 r=   64 T=   256     0.7682 ms (519 iters)
  BN= 128 BM=  64 n= 2 rep=15 r=  128 T=   512     1.1413 ms (349 iters)
  ^ DRIFT failed, dropping: under-load clock went 1440 -> 1365 MHz over 25 samples (1440, 1410, 1410, 1395, 1395, 1410, 1410, 1470, 1470, 1410, 1410, 1320, 1320, 1440, 1440, 1440, 1440, 1425, 1425, 1395, 1395, 1410, 1410, 1365, 1365); the trials were not at one operating point and the median is a blend
  BN= 128 BM=  64 n= 3 rep=15 r=  192 T=   768     1.6301 ms (248 iters)
  BN= 128 BM=  64 n= 4 rep=15 r=  256 T=  1024     2.0937 ms (190 iters)
  BN= 128 BM=  64 n= 5 rep=15 r=  320 T=  1280     2.6201 ms (153 iters)
  BN= 128 BM=  64 n= 6 rep=15 r=  384 T=  1536     3.0990 ms (128 iters)
  BN= 128 BM=  64 n= 7 rep=15 r=  448 T=  1792     3.6019 ms (111 iters)
  BN= 128 BM=  64 n= 8 rep=15 r=  512 T=  2048     3.9621 ms (100 iters)
  ^ DRIFT failed, settling upward: under-load clock went 1395 -> 1470 MHz over 25 samples (1395, 1395, 1410, 1410, 1425, 1425, 1440, 1440, 1515, 1515, 1560, 1560, 1410, 1455, 1455, 1485, 1485, 1440, 1440, 1395, 1395, 1410, 1410, 1470, 1470); the trials were not at one operating point and the median is a blend
  BN= 128 BM=  64 n= 1 rep=16 r=   64 T=   256     0.7696 ms (502 iters)
  BN= 128 BM=  64 n= 2 rep=16 r=  128 T=   512     1.1455 ms (351 iters)
  BN= 128 BM=  64 n= 3 rep=16 r=  192 T=   768     1.6531 ms (246 iters)
  BN= 128 BM=  64 n= 4 rep=16 r=  256 T=  1024     2.1078 ms (188 iters)
  BN= 128 BM=  64 n= 5 rep=16 r=  320 T=  1280     2.6210 ms (153 iters)
  BN= 128 BM=  64 n= 6 rep=16 r=  384 T=  1536     3.0984 ms (128 iters)
  BN= 128 BM=  64 n= 7 rep=16 r=  448 T=  1792     3.5937 ms (111 iters)
  BN= 128 BM=  64 n= 8 rep=16 r=  512 T=  2048     3.9400 ms (101 iters)
  BN= 128 BM=  64 n= 1 rep=17 r=   64 T=   256     0.7685 ms (512 iters)
  BN= 128 BM=  64 n= 2 rep=17 r=  128 T=   512     1.1441 ms (348 iters)
  BN= 128 BM=  64 n= 3 rep=17 r=  192 T=   768     1.6322 ms (240 iters)
  BN= 128 BM=  64 n= 4 rep=17 r=  256 T=  1024     2.1067 ms (188 iters)
  BN= 128 BM=  64 n= 5 rep=17 r=  320 T=  1280     2.6209 ms (153 iters)
  BN= 128 BM=  64 n= 6 rep=17 r=  384 T=  1536     3.0982 ms (130 iters)
  BN= 128 BM=  64 n= 7 rep=17 r=  448 T=  1792     3.5763 ms (111 iters)
  BN= 128 BM=  64 n= 8 rep=17 r=  512 T=  2048     3.9613 ms (98 iters)

-- BN=128: subject ladder, BLOCK_M=128 --
  BN= 128 BM= 128 n= 1 rep= 1 r=  128 T=   512     0.9515 ms (419 iters)
  BN= 128 BM= 128 n= 2 rep= 1 r=  256 T=  1024     1.6958 ms (233 iters)
  BN= 128 BM= 128 n= 3 rep= 1 r=  384 T=  1536     2.4940 ms (159 iters)
  BN= 128 BM= 128 n= 4 rep= 1 r=  512 T=  2048     3.1648 ms (128 iters)
  BN= 128 BM= 128 n= 5 rep= 1 r=  640 T=  2560     3.9463 ms (98 iters)
  BN= 128 BM= 128 n= 6 rep= 1 r=  768 T=  3072     4.7012 ms (85 iters)
  BN= 128 BM= 128 n= 7 rep= 1 r=  896 T=  3584     5.4896 ms (73 iters)
  BN= 128 BM= 128 n= 8 rep= 1 r= 1024 T=  4096     6.1109 ms (64 iters)
  BN= 128 BM= 128 n= 1 rep= 2 r=  128 T=   512     0.9722 ms (413 iters)
  BN= 128 BM= 128 n= 2 rep= 2 r=  256 T=  1024     1.7047 ms (234 iters)
  BN= 128 BM= 128 n= 3 rep= 2 r=  384 T=  1536     2.4940 ms (160 iters)
  BN= 128 BM= 128 n= 4 rep= 2 r=  512 T=  2048     3.1560 ms (126 iters)
  BN= 128 BM= 128 n= 5 rep= 2 r=  640 T=  2560     3.9468 ms (99 iters)
  BN= 128 BM= 128 n= 6 rep= 2 r=  768 T=  3072     4.7084 ms (84 iters)
  BN= 128 BM= 128 n= 7 rep= 2 r=  896 T=  3584     5.4885 ms (72 iters)
  ^ kept (LEVEL high is recorded, not excluded): LEVEL HIGH (recorded, not an exclusion): loaded clock 1560 MHz is over the 1545 MHz edge of the band around the 1470 MHz reference; the cell ran at 1.06x the issue rate the fixed compute roof assumed, so its fraction of that roof is inflated by the ratio; read roof_at_cell_clock_tflops
  BN= 128 BM= 128 n= 8 rep= 2 r= 1024 T=  4096     6.0612 ms (65 iters)
  BN= 128 BM= 128 n= 1 rep= 3 r=  128 T=   512     0.9697 ms (407 iters)
  BN= 128 BM= 128 n= 2 rep= 3 r=  256 T=  1024     1.7033 ms (233 iters)
  BN= 128 BM= 128 n= 3 rep= 3 r=  384 T=  1536     2.4941 ms (160 iters)
  BN= 128 BM= 128 n= 4 rep= 3 r=  512 T=  2048     3.1646 ms (125 iters)
  BN= 128 BM= 128 n= 5 rep= 3 r=  640 T=  2560     3.9496 ms (100 iters)
  BN= 128 BM= 128 n= 6 rep= 3 r=  768 T=  3072     4.6972 ms (85 iters)
  BN= 128 BM= 128 n= 7 rep= 3 r=  896 T=  3584     5.4851 ms (73 iters)
  ^ kept (LEVEL high is recorded, not excluded): LEVEL HIGH (recorded, not an exclusion): loaded clock 1552 MHz is over the 1545 MHz edge of the band around the 1470 MHz reference; the cell ran at 1.06x the issue rate the fixed compute roof assumed, so its fraction of that roof is inflated by the ratio; read roof_at_cell_clock_tflops
  BN= 128 BM= 128 n= 8 rep= 3 r= 1024 T=  4096     6.0636 ms (65 iters)
  BN= 128 BM= 128 n= 1 rep= 4 r=  128 T=   512     0.9704 ms (409 iters)
  BN= 128 BM= 128 n= 2 rep= 4 r=  256 T=  1024     1.7057 ms (233 iters)
  BN= 128 BM= 128 n= 3 rep= 4 r=  384 T=  1536     2.4765 ms (161 iters)
  BN= 128 BM= 128 n= 4 rep= 4 r=  512 T=  2048     3.1573 ms (126 iters)
  BN= 128 BM= 128 n= 5 rep= 4 r=  640 T=  2560     3.9469 ms (101 iters)
  BN= 128 BM= 128 n= 6 rep= 4 r=  768 T=  3072     4.7008 ms (84 iters)
  BN= 128 BM= 128 n= 7 rep= 4 r=  896 T=  3584     5.4841 ms (73 iters)
  ^ kept (LEVEL high is recorded, not excluded): LEVEL HIGH (recorded, not an exclusion): loaded clock 1560 MHz is over the 1545 MHz edge of the band around the 1470 MHz reference; the cell ran at 1.06x the issue rate the fixed compute roof assumed, so its fraction of that roof is inflated by the ratio; read roof_at_cell_clock_tflops
  BN= 128 BM= 128 n= 8 rep= 4 r= 1024 T=  4096     6.0623 ms (65 iters)
  ^ DRIFT failed, dropping: under-load clock went 1500 -> 1395 MHz over 25 samples (1500, 1500, 1410, 1410, 1410, 1410, 1410, 1410, 1410, 1410, 1170, 1170, 1395, 1395, 1410, 1410, 1410, 1410, 1380, 1380, 1395, 1395, 1410, 1410, 1395); the trials were not at one operating point and the median is a blend
  BN= 128 BM= 128 n= 1 rep= 5 r=  128 T=   512     0.9691 ms (405 iters)
  BN= 128 BM= 128 n= 2 rep= 5 r=  256 T=  1024     1.7049 ms (234 iters)
  BN= 128 BM= 128 n= 3 rep= 5 r=  384 T=  1536     2.4707 ms (159 iters)
  BN= 128 BM= 128 n= 4 rep= 5 r=  512 T=  2048     3.1572 ms (125 iters)
  BN= 128 BM= 128 n= 5 rep= 5 r=  640 T=  2560     3.9456 ms (98 iters)
  BN= 128 BM= 128 n= 6 rep= 5 r=  768 T=  3072     4.6931 ms (86 iters)
  BN= 128 BM= 128 n= 7 rep= 5 r=  896 T=  3584     5.4842 ms (72 iters)
  ^ kept (LEVEL high is recorded, not excluded): LEVEL HIGH (recorded, not an exclusion): loaded clock 1560 MHz is over the 1545 MHz edge of the band around the 1470 MHz reference; the cell ran at 1.06x the issue rate the fixed compute roof assumed, so its fraction of that roof is inflated by the ratio; read roof_at_cell_clock_tflops
  BN= 128 BM= 128 n= 8 rep= 5 r= 1024 T=  4096     6.0631 ms (65 iters)
  BN= 128 BM= 128 n= 1 rep= 6 r=  128 T=   512     0.9681 ms (404 iters)
  BN= 128 BM= 128 n= 2 rep= 6 r=  256 T=  1024     1.7035 ms (236 iters)
  BN= 128 BM= 128 n= 3 rep= 6 r=  384 T=  1536     2.4937 ms (160 iters)
  BN= 128 BM= 128 n= 4 rep= 6 r=  512 T=  2048     3.1657 ms (125 iters)
  BN= 128 BM= 128 n= 5 rep= 6 r=  640 T=  2560     3.9455 ms (98 iters)
  BN= 128 BM= 128 n= 6 rep= 6 r=  768 T=  3072     4.7053 ms (85 iters)
  BN= 128 BM= 128 n= 7 rep= 6 r=  896 T=  3584     5.4823 ms (72 iters)
  BN= 128 BM= 128 n= 8 rep= 6 r= 1024 T=  4096     6.1076 ms (63 iters)
  BN= 128 BM= 128 n= 1 rep= 7 r=  128 T=   512     0.9689 ms (406 iters)
  BN= 128 BM= 128 n= 2 rep= 7 r=  256 T=  1024     1.7028 ms (236 iters)
  BN= 128 BM= 128 n= 3 rep= 7 r=  384 T=  1536     2.4912 ms (159 iters)
  BN= 128 BM= 128 n= 4 rep= 7 r=  512 T=  2048     3.1676 ms (125 iters)
  BN= 128 BM= 128 n= 5 rep= 7 r=  640 T=  2560     3.9434 ms (101 iters)
  BN= 128 BM= 128 n= 6 rep= 7 r=  768 T=  3072     4.6977 ms (84 iters)
  BN= 128 BM= 128 n= 7 rep= 7 r=  896 T=  3584     5.4919 ms (73 iters)
  ^ kept (LEVEL high is recorded, not excluded): LEVEL HIGH (recorded, not an exclusion): loaded clock 1560 MHz is over the 1545 MHz edge of the band around the 1470 MHz reference; the cell ran at 1.06x the issue rate the fixed compute roof assumed, so its fraction of that roof is inflated by the ratio; read roof_at_cell_clock_tflops
  BN= 128 BM= 128 n= 8 rep= 7 r= 1024 T=  4096     6.0622 ms (65 iters)
  BN= 128 BM= 128 n= 1 rep= 8 r=  128 T=   512     0.9694 ms (412 iters)
  BN= 128 BM= 128 n= 2 rep= 8 r=  256 T=  1024     1.7039 ms (233 iters)
  BN= 128 BM= 128 n= 3 rep= 8 r=  384 T=  1536     2.4913 ms (160 iters)
  BN= 128 BM= 128 n= 4 rep= 8 r=  512 T=  2048     3.1665 ms (126 iters)
  BN= 128 BM= 128 n= 5 rep= 8 r=  640 T=  2560     3.9466 ms (101 iters)
  BN= 128 BM= 128 n= 6 rep= 8 r=  768 T=  3072     4.6970 ms (84 iters)
  BN= 128 BM= 128 n= 7 rep= 8 r=  896 T=  3584     5.4916 ms (72 iters)
  BN= 128 BM= 128 n= 8 rep= 8 r= 1024 T=  4096     6.1182 ms (65 iters)
  BN= 128 BM= 128 n= 1 rep= 9 r=  128 T=   512     0.9708 ms (409 iters)
  BN= 128 BM= 128 n= 2 rep= 9 r=  256 T=  1024     1.7037 ms (234 iters)
  BN= 128 BM= 128 n= 3 rep= 9 r=  384 T=  1536     2.4910 ms (161 iters)
  BN= 128 BM= 128 n= 4 rep= 9 r=  512 T=  2048     3.1664 ms (125 iters)
  BN= 128 BM= 128 n= 5 rep= 9 r=  640 T=  2560     3.9448 ms (96 iters)
  BN= 128 BM= 128 n= 6 rep= 9 r=  768 T=  3072     4.6944 ms (85 iters)
  BN= 128 BM= 128 n= 7 rep= 9 r=  896 T=  3584     5.4857 ms (72 iters)
  ^ kept (LEVEL high is recorded, not excluded): LEVEL HIGH (recorded, not an exclusion): loaded clock 1568 MHz is over the 1545 MHz edge of the band around the 1470 MHz reference; the cell ran at 1.07x the issue rate the fixed compute roof assumed, so its fraction of that roof is inflated by the ratio; read roof_at_cell_clock_tflops
  BN= 128 BM= 128 n= 8 rep= 9 r= 1024 T=  4096     6.0616 ms (66 iters)
  BN= 128 BM= 128 n= 1 rep=10 r=  128 T=   512     0.9704 ms (408 iters)
  BN= 128 BM= 128 n= 2 rep=10 r=  256 T=  1024     1.7036 ms (236 iters)
  ^ DRIFT failed, dropping: under-load clock went 1605 -> 1440 MHz over 25 samples (1605, 1605, 1500, 1500, 1440, 1440, 1440, 1440, 1440, 1440, 1170, 1170, 1410, 1410, 1425, 1425, 1440, 1440, 1425, 1425, 1455, 1455, 1425, 1425, 1440); the trials were not at one operating point and the median is a blend
  BN= 128 BM= 128 n= 3 rep=10 r=  384 T=  1536     2.4892 ms (166 iters)
  BN= 128 BM= 128 n= 4 rep=10 r=  512 T=  2048     3.1536 ms (128 iters)
  BN= 128 BM= 128 n= 5 rep=10 r=  640 T=  2560     3.9233 ms (102 iters)
  BN= 128 BM= 128 n= 6 rep=10 r=  768 T=  3072     4.6873 ms (85 iters)
  BN= 128 BM= 128 n= 7 rep=10 r=  896 T=  3584     5.4854 ms (72 iters)
  ^ kept (LEVEL high is recorded, not excluded): LEVEL HIGH (recorded, not an exclusion): loaded clock 1575 MHz is over the 1545 MHz edge of the band around the 1470 MHz reference; the cell ran at 1.07x the issue rate the fixed compute roof assumed, so its fraction of that roof is inflated by the ratio; read roof_at_cell_clock_tflops
  BN= 128 BM= 128 n= 8 rep=10 r= 1024 T=  4096     6.0051 ms (67 iters)
  BN= 128 BM= 128 n= 1 rep=11 r=  128 T=   512     0.9689 ms (406 iters)
  ^ DRIFT failed, dropping: under-load clock went 1545 -> 1425 MHz over 25 samples (1545, 1545, 1440, 1440, 1410, 1410, 1425, 1425, 1425, 1425, 1215, 1215, 1410, 1410, 1440, 1440, 1455, 1455, 1455, 1455, 1440, 1440, 1425, 1425, 1425); the trials were not at one operating point and the median is a blend
  BN= 128 BM= 128 n= 2 rep=11 r=  256 T=  1024     1.7027 ms (237 iters)
  BN= 128 BM= 128 n= 3 rep=11 r=  384 T=  1536     2.4909 ms (159 iters)
  BN= 128 BM= 128 n= 4 rep=11 r=  512 T=  2048     3.1609 ms (126 iters)
  BN= 128 BM= 128 n= 5 rep=11 r=  640 T=  2560     3.9324 ms (101 iters)
  BN= 128 BM= 128 n= 6 rep=11 r=  768 T=  3072     4.6970 ms (84 iters)
  BN= 128 BM= 128 n= 7 rep=11 r=  896 T=  3584     5.4815 ms (74 iters)
  BN= 128 BM= 128 n= 8 rep=11 r= 1024 T=  4096     6.0715 ms (63 iters)
  BN= 128 BM= 128 n= 1 rep=12 r=  128 T=   512     0.9687 ms (413 iters)
  BN= 128 BM= 128 n= 2 rep=12 r=  256 T=  1024     1.7005 ms (236 iters)
  BN= 128 BM= 128 n= 3 rep=12 r=  384 T=  1536     2.4469 ms (166 iters)
  BN= 128 BM= 128 n= 4 rep=12 r=  512 T=  2048     3.1636 ms (126 iters)
  BN= 128 BM= 128 n= 5 rep=12 r=  640 T=  2560     3.9567 ms (100 iters)
  BN= 128 BM= 128 n= 6 rep=12 r=  768 T=  3072     4.7036 ms (85 iters)
  BN= 128 BM= 128 n= 7 rep=12 r=  896 T=  3584     5.4346 ms (74 iters)
  ^ kept (LEVEL high is recorded, not excluded): LEVEL HIGH (recorded, not an exclusion): loaded clock 1560 MHz is over the 1545 MHz edge of the band around the 1470 MHz reference; the cell ran at 1.06x the issue rate the fixed compute roof assumed, so its fraction of that roof is inflated by the ratio; read roof_at_cell_clock_tflops
  BN= 128 BM= 128 n= 8 rep=12 r= 1024 T=  4096     6.0885 ms (64 iters)
  BN= 128 BM= 128 n= 1 rep=13 r=  128 T=   512     0.9704 ms (410 iters)
  BN= 128 BM= 128 n= 2 rep=13 r=  256 T=  1024     1.6859 ms (239 iters)
  BN= 128 BM= 128 n= 3 rep=13 r=  384 T=  1536     2.4409 ms (167 iters)
  BN= 128 BM= 128 n= 4 rep=13 r=  512 T=  2048     3.1130 ms (128 iters)
  BN= 128 BM= 128 n= 5 rep=13 r=  640 T=  2560     3.9255 ms (101 iters)
  BN= 128 BM= 128 n= 6 rep=13 r=  768 T=  3072     4.6356 ms (87 iters)
  BN= 128 BM= 128 n= 7 rep=13 r=  896 T=  3584     5.4141 ms (74 iters)
  ^ kept (LEVEL high is recorded, not excluded): LEVEL HIGH (recorded, not an exclusion): loaded clock 1590 MHz is over the 1545 MHz edge of the band around the 1470 MHz reference; the cell ran at 1.08x the issue rate the fixed compute roof assumed, so its fraction of that roof is inflated by the ratio; read roof_at_cell_clock_tflops
  BN= 128 BM= 128 n= 8 rep=13 r= 1024 T=  4096     5.9503 ms (67 iters)
  BN= 128 BM= 128 n= 1 rep=14 r=  128 T=   512     0.9535 ms (421 iters)
  BN= 128 BM= 128 n= 2 rep=14 r=  256 T=  1024     1.7016 ms (232 iters)
  ^ DRIFT failed, dropping: under-load clock went 1530 -> 1425 MHz over 25 samples (1530, 1470, 1470, 1425, 1425, 1425, 1425, 1425, 1425, 1425, 1425, 1395, 1395, 1425, 1425, 1470, 1470, 1485, 1485, 1545, 1545, 1440, 1440, 1425, 1425); the trials were not at one operating point and the median is a blend
  BN= 128 BM= 128 n= 3 rep=14 r=  384 T=  1536     2.4940 ms (167 iters)
  BN= 128 BM= 128 n= 4 rep=14 r=  512 T=  2048     3.1544 ms (125 iters)
  BN= 128 BM= 128 n= 5 rep=14 r=  640 T=  2560     3.9465 ms (99 iters)
  BN= 128 BM= 128 n= 6 rep=14 r=  768 T=  3072     4.6959 ms (84 iters)
  BN= 128 BM= 128 n= 7 rep=14 r=  896 T=  3584     5.4880 ms (73 iters)
  ^ kept (LEVEL high is recorded, not excluded): LEVEL HIGH (recorded, not an exclusion): loaded clock 1560 MHz is over the 1545 MHz edge of the band around the 1470 MHz reference; the cell ran at 1.06x the issue rate the fixed compute roof assumed, so its fraction of that roof is inflated by the ratio; read roof_at_cell_clock_tflops
  BN= 128 BM= 128 n= 8 rep=14 r= 1024 T=  4096     6.0631 ms (65 iters)
  ^ DRIFT failed, dropping: under-load clock went 1515 -> 1410 MHz over 25 samples (1515, 1515, 1395, 1395, 1410, 1410, 1410, 1410, 1410, 1410, 1320, 1320, 1410, 1410, 1410, 1410, 1380, 1380, 1380, 1380, 1395, 1395, 1395, 1395, 1410); the trials were not at one operating point and the median is a blend
  BN= 128 BM= 128 n= 1 rep=15 r=  128 T=   512     0.9716 ms (403 iters)
  BN= 128 BM= 128 n= 2 rep=15 r=  256 T=  1024     1.7041 ms (237 iters)
  BN= 128 BM= 128 n= 3 rep=15 r=  384 T=  1536     2.4717 ms (159 iters)
  BN= 128 BM= 128 n= 4 rep=15 r=  512 T=  2048     3.1675 ms (125 iters)
  BN= 128 BM= 128 n= 5 rep=15 r=  640 T=  2560     3.9473 ms (101 iters)
  BN= 128 BM= 128 n= 6 rep=15 r=  768 T=  3072     4.6970 ms (84 iters)
  BN= 128 BM= 128 n= 7 rep=15 r=  896 T=  3584     5.4947 ms (73 iters)
  ^ kept (LEVEL high is recorded, not excluded): LEVEL HIGH (recorded, not an exclusion): loaded clock 1560 MHz is over the 1545 MHz edge of the band around the 1470 MHz reference; the cell ran at 1.06x the issue rate the fixed compute roof assumed, so its fraction of that roof is inflated by the ratio; read roof_at_cell_clock_tflops
  BN= 128 BM= 128 n= 8 rep=15 r= 1024 T=  4096     6.0865 ms (66 iters)
  BN= 128 BM= 128 n= 1 rep=16 r=  128 T=   512     0.9715 ms (409 iters)
  BN= 128 BM= 128 n= 2 rep=16 r=  256 T=  1024     1.7057 ms (234 iters)
  BN= 128 BM= 128 n= 3 rep=16 r=  384 T=  1536     2.4894 ms (159 iters)
  BN= 128 BM= 128 n= 4 rep=16 r=  512 T=  2048     3.1546 ms (127 iters)
  BN= 128 BM= 128 n= 5 rep=16 r=  640 T=  2560     3.9470 ms (101 iters)
  BN= 128 BM= 128 n= 6 rep=16 r=  768 T=  3072     4.7078 ms (85 iters)
  BN= 128 BM= 128 n= 7 rep=16 r=  896 T=  3584     5.4985 ms (72 iters)
  ^ kept (LEVEL high is recorded, not excluded): LEVEL HIGH (recorded, not an exclusion): loaded clock 1560 MHz is over the 1545 MHz edge of the band around the 1470 MHz reference; the cell ran at 1.06x the issue rate the fixed compute roof assumed, so its fraction of that roof is inflated by the ratio; read roof_at_cell_clock_tflops
  BN= 128 BM= 128 n= 8 rep=16 r= 1024 T=  4096     6.0634 ms (66 iters)
  BN= 128 BM= 128 n= 1 rep=17 r=  128 T=   512     0.9663 ms (411 iters)
  BN= 128 BM= 128 n= 2 rep=17 r=  256 T=  1024     1.7026 ms (233 iters)
  BN= 128 BM= 128 n= 3 rep=17 r=  384 T=  1536     2.4885 ms (163 iters)
  ^ DRIFT failed, dropping: under-load clock went 1695 -> 1500 MHz over 24 samples (1695, 1695, 1515, 1515, 1515, 1515, 1485, 1485, 1530, 1530, 1350, 1350, 1440, 1440, 1500, 1500, 1515, 1515, 1485, 1485, 1500, 1500, 1500, 1500); the trials were not at one operating point and the median is a blend
  BN= 128 BM= 128 n= 4 rep=17 r=  512 T=  2048     3.1582 ms (126 iters)
  BN= 128 BM= 128 n= 5 rep=17 r=  640 T=  2560     3.9476 ms (100 iters)
  BN= 128 BM= 128 n= 6 rep=17 r=  768 T=  3072     4.6974 ms (84 iters)
  BN= 128 BM= 128 n= 7 rep=17 r=  896 T=  3584     5.4881 ms (72 iters)
  ^ kept (LEVEL high is recorded, not excluded): LEVEL HIGH (recorded, not an exclusion): loaded clock 1560 MHz is over the 1545 MHz edge of the band around the 1470 MHz reference; the cell ran at 1.06x the issue rate the fixed compute roof assumed, so its fraction of that roof is inflated by the ratio; read roof_at_cell_clock_tflops
  BN= 128 BM= 128 n= 8 rep=17 r= 1024 T=  4096     6.0629 ms (65 iters)

measured in 2370 s

## The arms

  BN=  32  [OWN] BLOCK_M=256 ladder, 4 treads, proportional to 1.9%: compute branch 2.9319 ms per tile, fixed cost 0.2444 ms
            LEVEL    246.1 TFLOP/s =  36.1% of 682.1   gate [25%, 100%]
            issue efficiency  30.7% of 800.4 TFLOP/s, the roof at this ladder's own 1725 MHz (record, never a gate input)
  BN=  64  [OWN] BLOCK_M=256 ladder, 4 treads, proportional to 2.9%: compute branch 1.9754 ms per tile, fixed cost 0.2644 ms
            LEVEL    365.3 TFLOP/s =  53.6% of 682.1   gate [25%, 100%]
            issue efficiency  48.1% of 758.6 TFLOP/s, the roof at this ladder's own 1635 MHz (record, never a gate input)
  BN= 128  [OWN] BLOCK_M=256 ladder, 4 treads, proportional to 3.3%: compute branch 1.5134 ms per tile, fixed cost 0.2289 ms
            LEVEL    476.8 TFLOP/s =  69.9% of 682.1   gate [25%, 100%]
            issue efficiency  65.9% of 723.8 TFLOP/s, the roof at this ladder's own 1560 MHz (record, never a gate input)
  across BN, implied rates span 1.94x (gate <= 2.0x, on the raw rates against the fixed roof)
  the same spread with each arm rescaled to its own clock is 2.14x, printed as a record: the arms held different clocks under the power cap and the gate is pre-registered on the raw rates

## The cells

   BN   BM   treads  mem   alpha    corrected   sigma  surv  basis
    32   32      8    8    0.7927     0.7868  0.0205  100%  membership from the compute branch scaled off BLOCK_M=256
    64   32      8    8    0.7177     0.7100  0.0136  100%  membership from the compute branch scaled off BLOCK_M=256
   128   32      8    8    0.5973     0.5891  0.0258  100%  membership from the compute branch scaled off BLOCK_M=256
    32   64      8    8    0.8430     0.8315  0.0206  100%  membership from the compute branch scaled off BLOCK_M=256
    64   64      8    8    0.6958     0.6813  0.0094  100%  membership from the compute branch scaled off BLOCK_M=256
   128   64      8    8    0.6569     0.6402  0.0300  100%  membership from the compute branch scaled off BLOCK_M=256
    32  128      8    0     BLANK       n/a     n/a   n/a  no_memory_branch
    64  128      8    0     BLANK       n/a     n/a   n/a  no_memory_branch
   128  128      8    0     BLANK       n/a     n/a   n/a  no_memory_branch

## The decomposition

  EXACT  alpha_upper = (alpha_b + phi)/(1 + phi), 2 parameters
    alpha_b   0.9794 +/- 0.0113   alpha_a  -0.8143 +/- 0.0961
    EXA over 6 cells, 4 degree(s) of freedom, residual RMS 0.0522
  LINEAR alpha = alpha_b + alpha_a BM/BN + BM/K, the study's form
    alpha_b   0.5977   alpha_a   0.1206
    LIN over 6 cells, 4 degree(s) of freedom, residual RMS 0.0422
  RAW3   alpha = (alpha_b + phi)/(1 + phi + delta), delta FITTED -- cross-check only, never gated
    alpha_b  -0.0166   alpha_a  -0.0179   delta  -1.0229
    EXA3 over 6 cells, 3 degree(s) of freedom, residual RMS 0.0009
  THE TWO FORMS ARE THE SAME MODEL, linearised or not. Where they disagree, phi is not small: it is 0.792 at BM=128, BN=64 on this model, so the linear form's denominator is off by that much.

  per BLOCK_M (this is what C3 reads):
    BM=  32  EXA alpha_b  0.9518 alpha_a -2.6469   LIN alpha_b  0.5505 alpha_a  0.2447
    BM=  64  EXA alpha_b  0.9900 alpha_a -0.5780   LIN alpha_b  0.5647 alpha_a  0.1274

## Noise, and which kind of it

  1000 draws, repeats resampled with replacement, whole chain re-decided per draw (reference, refusals, membership, alpha)
  SCOPE: these resamples are of WITHIN-PROCESS WARM REPEATS -- one process, one allocation, one clock state, repeats interleaved round robin. Nothing that changes between processes is in them, and every cross-arm comparison this study publishes is exactly that kind of comparison, so every interval below is a LOWER bound on the uncertainty of a number compared across arms.
  cross-arm floor 0.0229 ASSUMED (s3-vs-s4 paired sd 0.0323 over 11 cells / sqrt(2). CONFOUNDS num_stages with rerun noise, so it is an upper bound on SAME-SESSION rerun noise and on nothing else: both arms ran in the same pod hour (/workspace/session/20260901T214218Z), so it is NOT established for cross-pod, cross-day or cross-card comparisons. It is also heteroscedastic: mixtral n=4 sd 0.0486 against qwen2 n=7 sd 0.0186, a 2.61x ratio, so it must not be quoted per cell at mixtral G>=8 [no measured floor: results/published/NOISE_FLOOR.json carries stages_control but replicate_floor is null: part (a) has not run on a card yet]), carried beside the intervals and never used as a gate
  MDE (alpha_a, this run, two-sided 5% at 80% power): 0.2691 in alpha_a, from sd 0.0961. Assumption: this run's own bootstrap over 1000 draws; measured across-repeat spread 0.41% (this run's own repeats, median over 3 arm(s)). Beside it, the cross-arm floor 0.0229 ASSUMED (s3-vs-s4 paired sd 0.0323 over 11 cells / sqrt(2). CONFOUNDS num_stages with rerun noise, so it is an upper bound on SAME-SESSION rerun noise and on nothing else: both arms ran in the same pod hour (/workspace/session/20260901T214218Z), so it is NOT established for cross-pod, cross-day or cross-card comparisons. It is also heteroscedastic: mixtral n=4 sd 0.0486 against qwen2 n=7 sd 0.0186, a 2.61x ratio, so it must not be quoted per cell at mixtral G>=8 [no measured floor: results/published/NOISE_FLOOR.json carries stages_control but replicate_floor is null: part (a) has not run on a card yet]): this run's own bootstrap resamples WITHIN-PROCESS warm repeats and cannot see anything that changes between processes, so it is a lower bound and the floor is the DECLARED upper one and not a measurement
  C2 power probe: the probe discriminates at this pinning (GROUP_SIZE_M=16, 17 reps, spread 0.41% from this run's own repeats, median over 3 arm(s), 200 draws: TRUTH PASSES, MISSING FAILS), so C2's verdict below is a verdict

## Clock state of the timed treads

  1428 timed treads: 692 steady level, 0 steady LOW (kept, side recorded), 595 steady HIGH (kept, side recorded), 141 DRIFT failed (excluded, and not in the three counts before it), 0 steady with LEVEL not determined
  the 141 drifted treads by side: 88 level, 0 LOW, 53 HIGH, 0 with LEVEL not determined; a tread whose clock moved is not steady at any side, so none of them is counted as kept
  scored against the fixed roof; this fit drops no tread for its clock, and None means NOT DETERMINED, never fine

## Gates

RESULT: VALIDITY V0 PASS this report examined real work | saw arms on their OWN branch=3, bn arms with a reference=3, bootstrap draws=1000, timings read=1428, treads fitted=72, usable alpha cells=6 | gate every counted quantity is above zero
[PASS] VALIDITY V0 non-vacuity  this report examined real work
         gate: every counted quantity is above zero
         saw:  arms on their OWN branch=3, bn arms with a reference=3, bootstrap draws=1000, timings read=1428, treads fitted=72, usable alpha cells=6
RESULT: VALIDITY V1 PASS every (BN, BM) setting compiled its own kernel | saw n32/bm32:16, n32/bm64:16, n32/bm128:16, n32/bm256:17, n64/bm32:16, n64/bm64:16, n64/bm128:16, n64/bm256:16, n128/bm32:16, n128/bm64:16, n128/bm128:16, n128/bm256:16 | gate >= 1 fresh Triton artefact per setting that ran cells
[PASS] VALIDITY V1 override took effect  every (BN, BM) setting compiled its own kernel
         gate: >= 1 fresh Triton artefact per setting that ran cells
         saw:  n32/bm32:16, n32/bm64:16, n32/bm128:16, n32/bm256:17, n64/bm32:16, n64/bm64:16, n64/bm128:16, n64/bm256:16, n128/bm32:16, n128/bm64:16, n128/bm128:16, n128/bm256:16
RESULT: VALIDITY V2 PASS each arm's compute reference runs at a plausible rate | saw BN=32 36.1%; BN=64 53.6%; BN=128 69.9% | issue efficiency (record, not the gate input): BN=32 30.7% at 1725 MHz; BN=64 48.1% at 1635 MHz; BN=128 65.9% at 1560 MHz | gate implied TFLOP/s in [25%, 100%] of the attached card's calibrated peak, and the reference outranks every subject
[PASS] VALIDITY V2 reference level  each arm's compute reference runs at a plausible rate
         gate: implied TFLOP/s in [25%, 100%] of the attached card's calibrated peak, and the reference outranks every subject
         saw:  BN=32 36.1%; BN=64 53.6%; BN=128 69.9% | issue efficiency (record, not the gate input): BN=32 30.7% at 1725 MHz; BN=64 48.1% at 1635 MHz; BN=128 65.9% at 1560 MHz
         `compute_reference` tests PROPORTIONALITY and never LEVEL; a line 43.6x too steep is perfectly proportional and qualified at 0.2% mean error.
         An arm on an IMPORTED branch is not a failure of this gate -- it passed the same level bar, on another arm's ladder -- but it is an ASSUMPTION, and V3's cross-BN spread is what stands behind it.
RESULT: VALIDITY V3 PASS the arms' compute references describe one machine | saw 1.94x raw (fixed roof, the gate input); 2.14x normalised to each arm's own clock (record, not the gate input) | gate max/min implied TFLOP/s across BN <= 2.0x, on the RAW rates against the fixed roof
[PASS] VALIDITY V3 references agree across BN  the arms' compute references describe one machine
         gate: max/min implied TFLOP/s across BN <= 2.0x, on the RAW rates against the fixed roof
         saw:  1.94x raw (fixed roof, the gate input); 2.14x normalised to each arm's own clock (record, not the gate input)
RESULT: VALIDITY V4 PASS quiet, monotone ladders and stable membership | saw spread BN=32:0.303%, BN=64:0.482%, BN=128:0.410%; 0 inversion(s); 0 unstable cell(s) | gate across-repeat spread <= 2%, zero inversions beyond 2 sigma, every cell surviving >= 50% of bootstrap draws
[PASS] VALIDITY V4 ladders are readable  quiet, monotone ladders and stable membership
         gate: across-repeat spread <= 2%, zero inversions beyond 2 sigma, every cell surviving >= 50% of bootstrap draws
         saw:  spread BN=32:0.303%, BN=64:0.482%, BN=128:0.410%; 0 inversion(s); 0 unstable cell(s)
RESULT: VALIDITY V5 PASS at least 3 BN values survive with an alpha | saw 6 usable cell(s) over 3 BN value(s); BM=32: BN [32, 64, 128], BM=64: BN [32, 64, 128] | gate >= 3 distinct BN, and > 3 cells in total so the pooled fit keeps a degree of freedom
[PASS] VALIDITY V5 identifiability  at least 3 BN values survive with an alpha
         gate: >= 3 distinct BN, and > 3 cells in total so the pooled fit keeps a degree of freedom
         saw:  6 usable cell(s) over 3 BN value(s); BM=32: BN [32, 64, 128], BM=64: BN [32, 64, 128]
         the primary BLOCK_M=128 carries 0 BN value(s). The parallel-branch tolerance is the predicted reason for a shortfall there and it is not a defect in the run: |B/C - 1| at 128 is predicted at 0.10 on the A100 against a tolerance of 0.15.
RESULT: CLAIM C6 FAIL alpha_a's interval is tighter than the two-point reading it replaces | saw sd = 0.0961 | gate bootstrap sd(alpha_a) <= 0.025, inside the 0.043 sd of the sharpest two-point slope this three-point fit replaces. That sd is the DECLARED prior over the pair's ds and is PINNED there, so a measured cross-arm floor does not lower this bar and does not make the two-point reading sharper than it was registered at. NOT half the band width either: the band is 0.28 wide and half of it would be a looser bar than the reading being replaced
[FAIL] CLAIM    C6 estimator sharpness  alpha_a's interval is tighter than the two-point reading it replaces
         gate: bootstrap sd(alpha_a) <= 0.025, inside the 0.043 sd of the sharpest two-point slope this three-point fit replaces. That sd is the DECLARED prior over the pair's ds and is PINNED there, so a measured cross-arm floor does not lower this bar and does not make the two-point reading sharper than it was registered at. NOT half the band width either: the band is 0.28 wide and half of it would be a looser bar than the reading being replaced
         saw:  sd = 0.0961
         a non-PASS here invalidates: C1 ALONE, which reads UNKNOWN: an estimator whose interval is wider than the hypothesis it tests has not tested it, and a PASS would be an artefact of the band's width. alpha_b, C3 and C5 do not pass through this spread and stay quotable
         1000 draws, repeats resampled with replacement, whole chain re-decided per draw (reference, refusals, membership, alpha)
         the bar is read from BM=64 of mixtral-8x7b-bf16-r1024-g1-n64-d66ad3.report.json vs mixtral-8x7b-bf16-r1024-g1-n256-16cc16.report.json
RESULT: CLAIM C1 UNKNOWN alpha_a lands in [0.10, 0.38] | saw alpha_a = -0.8143 +/- 0.0961 -- UNKNOWN, not scored: C6 says the interval is too wide | gate 0.10 <= alpha_a <= 0.38 from the EXA fit
[UNKNOWN] CLAIM    C1 alpha_a  alpha_a lands in [0.10, 0.38]
         gate: 0.10 <= alpha_a <= 0.38 from the EXA fit
         saw:  alpha_a = -0.8143 +/- 0.0961 -- UNKNOWN, not scored: C6 says the interval is too wide
         alpha_a band [0.10, 0.38], derived from the ONLY pair of committed arms that differ in BLOCK_SIZE_N and nothing else:
           BM= 32  alpha 1.0073 (BN=64) - 0.9001 (BN=256) over ds 0.375  ->  alpha_a 0.286 +/- 0.086
           BM= 64  alpha 0.9327 (BN=64) - 0.8235 (BN=256) over ds 0.750  ->  alpha_a 0.146 +/- 0.043
           source: mixtral-8x7b-bf16-r1024-g1-n64-d66ad3.report.json vs mixtral-8x7b-bf16-r1024-g1-n256-16cc16.report.json
           every +/- above is the DECLARED prior 0.0229, times sqrt(2) for the difference of two arms, divided by that pair's ds. It is PINNED to the declared number and deliberately NOT re-read from a measured floor: a pre-registration that moves when new information arrives is not one, so this band and the C6 bar built on it stay where they were registered even after part (a) publishes. What a measured floor moves is what the run can RESOLVE, which is the MDE and the cross-arm floor printed beside every interval below.
           the band is 0.28 wide against input sds of 0.043-0.086, i.e. 3.2-6.5x the spread of the numbers that built it. A PASS inside it is weak evidence; a FAIL outside it is not. Narrowing it is what a three-point BN fit is for, which is this run.
         A FAIL ABOVE the band with a clean residual would say both committed two-point slopes were biased low by the denominator the two-point form drops; a FAIL at or near zero says BN does not move alpha at all and there is no activation re-read to decompose. A PASS is weak: the two slopes above disagree by a factor of two and the band covers both, which is the width a three-point fit is here to narrow.
RESULT: CLAIM C2 FAIL the three terms are ALL of it: the residual is noise | saw chi2 = 13.28 over 4 dof; residual RMS 0.0522 | gate chi2 = sum (r/sigma)^2 / dof <= 4.0, sigma from this run's own bootstrap, AND the same gate must FAIL on a planted missing-term world at this pinning
[FAIL] CLAIM    C2 model completeness  the three terms are ALL of it: the residual is noise
         gate: chi2 = sum (r/sigma)^2 / dof <= 4.0, sigma from this run's own bootstrap, AND the same gate must FAIL on a planted missing-term world at this pinning
         saw:  chi2 = 13.28 over 4 dof; residual RMS 0.0522
         C2 power probe: the probe discriminates at this pinning (GROUP_SIZE_M=16, 17 reps, spread 0.41% from this run's own repeats, median over 3 arm(s), 200 draws: TRUTH PASSES, MISSING FAILS), so C2's verdict below is a verdict
         structure: worst correlation -0.220 against (BM/BN)^2
         A FAIL is a RESULT and the more interesting one: it says alpha_fitted is not the blend the study writes down, and the correlation above names the term to add. The candidate this run is built to see is alpha_b itself moving with BN, which the model forbids and which the published G=1 pair already hints at: the two BN values there imply alpha_b 0.92 and 0.81.
           residual +0.0290 at BN=32 BM=32
           residual -0.0400 at BN=32 BM=64
           residual +0.0749 at BN=64 BM=32
           residual +0.0249 at BN=64 BM=64
           residual -0.0875 at BN=128 BM=32
           residual -0.0012 at BN=128 BM=64
RESULT: CLAIM C3 PASS alpha_b is the same at every BLOCK_M | saw BM=32: 0.9518, BM=64: 0.9900; worst BM=32 vs BM=64 gap 0.0382 = 2.5 sigma | gate worst pair within 3 bootstrap sigma
[PASS] CLAIM    C3 alpha_b invariance  alpha_b is the same at every BLOCK_M
         gate: worst pair within 3 bootstrap sigma
         saw:  BM=32: 0.9518, BM=64: 0.9900; worst BM=32 vs BM=64 gap 0.0382 = 2.5 sigma
         A FAIL says the fitted intercept absorbs something that scales with BM and is not in the model -- which is the same statement C2 makes, arriving by a route that does not need a residual.
RESULT: CLAIM C5 PASS 0 <= alpha_b <= 1 | saw alpha_b = 0.9794 +/- 0.0113, inside [0, 1] | gate within 3 bootstrap sigma of [0, 1]
[PASS] CLAIM    C5 alpha_b is a miss fraction  0 <= alpha_b <= 1
         gate: within 3 bootstrap sigma of [0, 1]
         saw:  alpha_b = 0.9794 +/- 0.0113, inside [0, 1]
         A FAIL above 1 is not a fitting artefact to be clipped: it says the per-M-tile cost divided by the weight bytes contains traffic the three terms do not name, which is C2's verdict arriving without a residual.
RESULT: CLAIM C4 FAIL alpha_b corroborates TEMPO's b2/b of 0.311/0.319 | saw alpha_b = 0.9794 +/- 0.0113, nearest TEMPO value off by 207.0% | gate within 15% of the nearer TEMPO value
[FAIL] CLAIM    C4 alpha_b against TEMPO  alpha_b corroborates TEMPO's b2/b of 0.311/0.319
         gate: within 15% of the nearer TEMPO value
         saw:  alpha_b = 0.9794 +/- 0.0113, nearest TEMPO value off by 207.0%
         THIS RUN IS PINNED AT GROUP_SIZE_M=16 and alpha_b is a property of that swizzle, not of the kernel. The study's earlier 0.307, and its '2-4% from TEMPO', are WITHDRAWN: that number was ALPHA_BY_BLOCK_M solved through (LIN), a unit artefact of reading a B/(A+B) fit as if it divided by weight bytes alone, not a measurement of alpha_b; through (EXA) the same G=1 ladders read alpha_b near 0.92, which is what 'consecutive M-tiles of one expert are scheduled far apart and the L2 keeps nothing' should look like. It was also pooled over GROUP_SIZE_M 1, 8, 16 and 64, which swing alpha by 0.39. So a FAIL at G=1 does NOT refute TEMPO, and a PASS at any G is the first number in this study that may be compared with TEMPO at all. Re-run at --group-m 16 to compare like with like.

8 PASS, 3 FAIL, 1 UNKNOWN
the gates imply 1 CLAIM_FAIL: measured; VALIDITY passed; a CLAIM gate did not (a result, not a retry)
cells    /workspace/results/gaps-nvidia_h200/bn_decomposition/nvidia_h200-bm32_64_128-budget400.0-dtypebf16-flushtrue-g16-iters50-k64-modelmixtral_8x7b-n32_64-b59b409f/cells.csv
         git check-ignore exited 128; path unverified (fatal: /workspace/results/gaps-nvidia_h200/bn_decomposition/nvidia_h200-bm32_64_128-budget400.0-dtypebf16-flushtrue-g16-iters50-k64-modelmixtral_8x7b-n32_64-b59b409f/cells.csv: '/workspace/results/gaps-nvidia_h200/bn_decomposition/nvidia_h200-bm32_64_128-budget400.0-dtypebf16-flushtrue-g16-iters50-k64-modelmixtral_8x7b-n32_64-b59b409f/cells.csv' is outside repository at '/workspace/moe-kernels')
report   /workspace/results/gaps-nvidia_h200/bn_decomposition/nvidia_h200-bm32_64_128-budget400.0-dtypebf16-flushtrue-g16-iters50-k64-modelmixtral_8x7b-n32_64-b59b409f/report.txt
         git check-ignore exited 128; path unverified (fatal: /workspace/results/gaps-nvidia_h200/bn_decomposition/nvidia_h200-bm32_64_128-budget400.0-dtypebf16-flushtrue-g16-iters50-k64-modelmixtral_8x7b-n32_64-b59b409f/report.txt: '/workspace/results/gaps-nvidia_h200/bn_decomposition/nvidia_h200-bm32_64_128-budget400.0-dtypebf16-flushtrue-g16-iters50-k64-modelmixtral_8x7b-n32_64-b59b409f/report.txt' is outside repository at '/workspace/moe-kernels')
json     /workspace/results/gaps-nvidia_h200/bn_decomposition/nvidia_h200-bm32_64_128-budget400.0-dtypebf16-flushtrue-g16-iters50-k64-modelmixtral_8x7b-n32_64-b59b409f/report.json
         git check-ignore exited 128; path unverified (fatal: /workspace/results/gaps-nvidia_h200/bn_decomposition/nvidia_h200-bm32_64_128-budget400.0-dtypebf16-flushtrue-g16-iters50-k64-modelmixtral_8x7b-n32_64-b59b409f/report.json: '/workspace/results/gaps-nvidia_h200/bn_decomposition/nvidia_h200-bm32_64_128-budget400.0-dtypebf16-flushtrue-g16-iters50-k64-modelmixtral_8x7b-n32_64-b59b409f/report.json' is outside repository at '/workspace/moe-kernels')
exit     1 CLAIM_FAIL: measured; VALIDITY passed; a CLAIM gate did not (a result, not a retry)
