timestamp, clocks.current.sm [MHz], clocks.current.memory [MHz], power.draw [W], power.limit [W], temperature.gpu, utilization.gpu [%], clocks_event_reasons.active
2026/09/27 07:13:58.841, 345 MHz, 2619 MHz, 99.07 W, 700.00 W, 42, 0 %, 0x0000000000000001
2026/09/27 07:13:59.349, 1605 MHz, 2619 MHz, 98.77 W, 700.00 W, 42, 0 %, 0x0000000000000001
2026/09/27 07:13:59.849, 1605 MHz, 2619 MHz, 102.73 W, 700.00 W, 43, 0 %, 0x0000000000000001
2026/09/27 07:14:00.350, 1605 MHz, 2619 MHz, 109.44 W, 700.00 W, 43, 0 %, 0x0000000000000000
2026/09/27 07:14:00.850, 1605 MHz, 2619 MHz, 107.88 W, 700.00 W, 42, 0 %, 0x0000000000000000
2026/09/27 07:14:01.351, 1605 MHz, 2619 MHz, 106.55 W, 700.00 W, 42, 0 %, 0x0000000000000000
2026/09/27 07:14:01.851, 1605 MHz, 2619 MHz, 106.70 W, 700.00 W, 42, 0 %, 0x0000000000000000
2026/09/27 07:14:02.351, 1605 MHz, 2619 MHz, 106.80 W, 700.00 W, 42, 0 %, 0x0000000000000000
2026/09/27 07:14:02.852, 1605 MHz, 2619 MHz, 106.67 W, 700.00 W, 42, 0 %, 0x0000000000000000
2026/09/27 07:14:03.352, 1605 MHz, 2619 MHz, 106.58 W, 700.00 W, 42, 0 %, 0x0000000000000000
2026/09/27 07:14:03.853, 1605 MHz, 2619 MHz, 106.49 W, 700.00 W, 42, 0 %, 0x0000000000000000
2026/09/27 07:14:04.353, 1605 MHz, 2619 MHz, 106.50 W, 700.00 W, 42, 0 %, 0x0000000000000000
2026/09/27 07:14:04.854, 1605 MHz, 2619 MHz, 106.65 W, 700.00 W, 42, 0 %, 0x0000000000000000
2026/09/27 07:14:05.354, 1605 MHz, 2619 MHz, 106.86 W, 700.00 W, 42, 95 %, 0x0000000000000000
2026/09/27 07:14:05.854, 1605 MHz, 2619 MHz, 107.12 W, 700.00 W, 42, 94 %, 0x0000000000000000
2026/09/27 07:14:06.355, 1605 MHz, 2619 MHz, 107.10 W, 700.00 W, 42, 95 %, 0x0000000000000000
2026/09/27 07:14:06.855, 1605 MHz, 2619 MHz, 106.90 W, 700.00 W, 42, 96 %, 0x0000000000000000
2026/09/27 07:14:07.356, 1605 MHz, 2619 MHz, 107.08 W, 700.00 W, 42, 95 %, 0x0000000000000000
2026/09/27 07:14:07.856, 1605 MHz, 2619 MHz, 107.32 W, 700.00 W, 42, 96 %, 0x0000000000000000
2026/09/27 07:14:08.356, 1605 MHz, 2619 MHz, 107.33 W, 700.00 W, 42, 96 %, 0x0000000000000000
2026/09/27 07:14:08.857, 1605 MHz, 2619 MHz, 107.44 W, 700.00 W, 42, 95 %, 0x0000000000000000
2026/09/27 07:14:09.357, 1605 MHz, 2619 MHz, 107.40 W, 700.00 W, 42, 95 %, 0x0000000000000000
2026/09/27 07:14:09.858, 1605 MHz, 2619 MHz, 106.99 W, 700.00 W, 42, 95 %, 0x0000000000000000
2026/09/27 07:14:10.358, 1605 MHz, 2619 MHz, 106.72 W, 700.00 W, 42, 96 %, 0x0000000000000000
2026/09/27 07:14:10.858, 1605 MHz, 2619 MHz, 106.77 W, 700.00 W, 41, 96 %, 0x0000000000000000
2026/09/27 07:14:11.359, 1605 MHz, 2619 MHz, 106.94 W, 700.00 W, 41, 95 %, 0x0000000000000000
2026/09/27 07:14:11.859, 1605 MHz, 2619 MHz, 107.14 W, 700.00 W, 41, 96 %, 0x0000000000000000
2026/09/27 07:14:12.359, 1605 MHz, 2619 MHz, 107.25 W, 700.00 W, 41, 96 %, 0x0000000000000000
2026/09/27 07:14:12.860, 1605 MHz, 2619 MHz, 107.32 W, 700.00 W, 41, 95 %, 0x0000000000000000
2026/09/27 07:14:13.360, 1605 MHz, 2619 MHz, 107.18 W, 700.00 W, 41, 95 %, 0x0000000000000000
2026/09/27 07:14:13.860, 1605 MHz, 2619 MHz, 106.95 W, 700.00 W, 41, 95 %, 0x0000000000000000
2026/09/27 07:14:14.361, 1605 MHz, 2619 MHz, 106.78 W, 700.00 W, 41, 95 %, 0x0000000000000000
2026/09/27 07:14:14.861, 1605 MHz, 2619 MHz, 106.72 W, 700.00 W, 41, 96 %, 0x0000000000000000
2026/09/27 07:14:15.362, 1605 MHz, 2619 MHz, 106.90 W, 700.00 W, 41, 95 %, 0x0000000000000000
2026/09/27 07:14:15.862, 1605 MHz, 2619 MHz, 107.19 W, 700.00 W, 41, 96 %, 0x0000000000000000
2026/09/27 07:14:16.362, 1605 MHz, 2619 MHz, 107.23 W, 700.00 W, 41, 96 %, 0x0000000000000000
2026/09/27 07:14:16.863, 1605 MHz, 2619 MHz, 106.99 W, 700.00 W, 41, 95 %, 0x0000000000000000
2026/09/27 07:14:17.363, 1605 MHz, 2619 MHz, 107.82 W, 700.00 W, 41, 5 %, 0x0000000000000000
2026/09/27 07:14:18.808, 1605 MHz, 2619 MHz, 111.61 W, 700.00 W, 41, 0 %, 0x0000000000000000
2026/09/27 07:14:19.404, 1605 MHz, 2619 MHz, 117.32 W, 700.00 W, 41, 0 %, 0x0000000000000000
2026/09/27 07:14:19.904, 1605 MHz, 2619 MHz, 114.51 W, 700.00 W, 41, 0 %, 0x0000000000000000
2026/09/27 07:14:20.405, 1605 MHz, 2619 MHz, 229.07 W, 700.00 W, 46, 1 %, 0x0000000000000000
2026/09/27 07:14:20.905, 1605 MHz, 2619 MHz, 302.17 W, 700.00 W, 47, 42 %, 0x0000000000000000
2026/09/27 07:14:21.406, 1605 MHz, 2619 MHz, 251.35 W, 700.00 W, 48, 9 %, 0x0000000000000000
2026/09/27 07:14:21.906, 1605 MHz, 2619 MHz, 248.38 W, 700.00 W, 46, 20 %, 0x0000000000000000
2026/09/27 07:14:22.407, 1605 MHz, 2619 MHz, 252.25 W, 700.00 W, 46, 37 %, 0x0000000000000000
2026/09/27 07:14:22.907, 1605 MHz, 2619 MHz, 249.02 W, 700.00 W, 45, 0 %, 0x0000000000000000
2026/09/27 07:14:23.408, 1605 MHz, 2619 MHz, 254.86 W, 700.00 W, 45, 44 %, 0x0000000000000000
2026/09/27 07:14:23.909, 1605 MHz, 2619 MHz, 301.68 W, 700.00 W, 50, 56 %, 0x0000000000000000
2026/09/27 07:14:24.409, 1605 MHz, 2619 MHz, 302.65 W, 700.00 W, 48, 0 %, 0x0000000000000000
2026/09/27 07:14:24.910, 1605 MHz, 2619 MHz, 251.83 W, 700.00 W, 48, 31 %, 0x0000000000000000
2026/09/27 07:14:25.410, 1605 MHz, 2619 MHz, 250.59 W, 700.00 W, 47, 26 %, 0x0000000000000000
2026/09/27 07:14:25.911, 1605 MHz, 2619 MHz, 251.57 W, 700.00 W, 46, 3 %, 0x0000000000000000
2026/09/27 07:14:26.411, 1605 MHz, 2619 MHz, 255.76 W, 700.00 W, 46, 44 %, 0x0000000000000000
2026/09/27 07:14:26.912, 1605 MHz, 2619 MHz, 258.17 W, 700.00 W, 46, 14 %, 0x0000000000000000
2026/09/27 07:14:27.413, 1605 MHz, 2619 MHz, 263.14 W, 700.00 W, 45, 44 %, 0x0000000000000000
2026/09/27 07:14:27.913, 1605 MHz, 2619 MHz, 300.13 W, 700.00 W, 50, 39 %, 0x0000000000000000
2026/09/27 07:14:28.414, 1605 MHz, 2619 MHz, 290.51 W, 700.00 W, 48, 17 %, 0x0000000000000000
2026/09/27 07:14:28.914, 1605 MHz, 2619 MHz, 254.39 W, 700.00 W, 47, 12 %, 0x0000000000000000
2026/09/27 07:14:29.415, 1605 MHz, 2619 MHz, 248.32 W, 700.00 W, 46, 44 %, 0x0000000000000000
2026/09/27 07:14:29.916, 1605 MHz, 2619 MHz, 255.53 W, 700.00 W, 46, 4 %, 0x0000000000000000
2026/09/27 07:14:30.417, 1605 MHz, 2619 MHz, 263.96 W, 700.00 W, 46, 44 %, 0x0000000000000000
2026/09/27 07:14:30.918, 1605 MHz, 2619 MHz, 267.15 W, 700.00 W, 46, 29 %, 0x0000000000000000
2026/09/27 07:14:31.418, 1605 MHz, 2619 MHz, 269.73 W, 700.00 W, 45, 42 %, 0x0000000000000000
2026/09/27 07:14:31.919, 1605 MHz, 2619 MHz, 294.03 W, 700.00 W, 51, 31 %, 0x0000000000000000
2026/09/27 07:14:32.419, 1605 MHz, 2619 MHz, 290.89 W, 700.00 W, 48, 32 %, 0x0000000000000000
2026/09/27 07:14:32.920, 1605 MHz, 2619 MHz, 253.11 W, 700.00 W, 47, 0 %, 0x0000000000000000
2026/09/27 07:14:33.420, 1605 MHz, 2619 MHz, 271.58 W, 700.00 W, 46, 42 %, 0x0000000000000000
2026/09/27 07:14:33.921, 1605 MHz, 2619 MHz, 283.38 W, 700.00 W, 46, 39 %, 0x0000000000000000
2026/09/27 07:14:34.421, 1605 MHz, 2619 MHz, 277.83 W, 700.00 W, 46, 21 %, 0x0000000000000000
2026/09/27 07:14:34.922, 1605 MHz, 2619 MHz, 263.70 W, 700.00 W, 49, 40 %, 0x0000000000000000
2026/09/27 07:14:35.422, 1605 MHz, 2619 MHz, 298.23 W, 700.00 W, 49, 62 %, 0x0000000000000000
2026/09/27 07:14:35.923, 1605 MHz, 2619 MHz, 313.18 W, 700.00 W, 47, 39 %, 0x0000000000000000
2026/09/27 07:14:36.423, 1605 MHz, 2619 MHz, 282.89 W, 700.00 W, 46, 24 %, 0x0000000000000000
2026/09/27 07:14:36.923, 1605 MHz, 2619 MHz, 270.97 W, 700.00 W, 49, 40 %, 0x0000000000000000
2026/09/27 07:14:37.424, 1605 MHz, 2619 MHz, 258.94 W, 700.00 W, 51, 7 %, 0x0000000000000000
2026/09/27 07:14:37.924, 1605 MHz, 2619 MHz, 258.83 W, 700.00 W, 48, 10 %, 0x0000000000000000
2026/09/27 07:14:38.425, 1605 MHz, 2619 MHz, 258.96 W, 700.00 W, 47, 42 %, 0x0000000000000000
2026/09/27 07:14:38.926, 1605 MHz, 2619 MHz, 277.26 W, 700.00 W, 47, 24 %, 0x0000000000000000
2026/09/27 07:14:39.427, 1605 MHz, 2619 MHz, 311.00 W, 700.00 W, 50, 3 %, 0x0000000000000000
2026/09/27 07:14:39.927, 1605 MHz, 2619 MHz, 299.96 W, 700.00 W, 48, 18 %, 0x0000000000000000
2026/09/27 07:14:40.427, 1605 MHz, 2619 MHz, 251.07 W, 700.00 W, 47, 42 %, 0x0000000000000000
2026/09/27 07:14:40.928, 1605 MHz, 2619 MHz, 256.57 W, 700.00 W, 47, 7 %, 0x0000000000000000
2026/09/27 07:14:41.429, 1605 MHz, 2619 MHz, 269.62 W, 700.00 W, 46, 42 %, 0x0000000000000000
2026/09/27 07:14:41.929, 1605 MHz, 2619 MHz, 270.67 W, 700.00 W, 46, 39 %, 0x0000000000000000
2026/09/27 07:14:42.430, 1605 MHz, 2619 MHz, 268.96 W, 700.00 W, 46, 22 %, 0x0000000000000000
2026/09/27 07:14:42.930, 1605 MHz, 2619 MHz, 298.86 W, 700.00 W, 51, 17 %, 0x0000000000000000
2026/09/27 07:14:43.431, 1605 MHz, 2619 MHz, 296.18 W, 700.00 W, 48, 40 %, 0x0000000000000000
2026/09/27 07:14:43.931, 1605 MHz, 2619 MHz, 262.44 W, 700.00 W, 48, 0 %, 0x0000000000000000
2026/09/27 07:14:44.432, 1605 MHz, 2619 MHz, 273.97 W, 700.00 W, 47, 42 %, 0x0000000000000000
2026/09/27 07:14:44.932, 1605 MHz, 2619 MHz, 279.59 W, 700.00 W, 47, 32 %, 0x0000000000000000
2026/09/27 07:14:45.433, 1605 MHz, 2619 MHz, 282.37 W, 700.00 W, 47, 36 %, 0x0000000000000000
2026/09/27 07:14:45.933, 1605 MHz, 2619 MHz, 266.30 W, 700.00 W, 47, 39 %, 0x0000000000000000
2026/09/27 07:14:46.434, 1605 MHz, 2619 MHz, 263.99 W, 700.00 W, 49, 1 %, 0x0000000000000004
2026/09/27 07:14:46.934, 1605 MHz, 2619 MHz, 300.43 W, 700.00 W, 49, 4 %, 0x0000000000000000
2026/09/27 07:14:47.434, 1605 MHz, 2619 MHz, 314.95 W, 700.00 W, 48, 42 %, 0x0000000000000000
2026/09/27 07:14:47.935, 1605 MHz, 2619 MHz, 288.21 W, 700.00 W, 47, 38 %, 0x0000000000000000
2026/09/27 07:14:48.435, 1605 MHz, 2619 MHz, 285.72 W, 700.00 W, 47, 29 %, 0x0000000000000000
2026/09/27 07:14:48.936, 1605 MHz, 2619 MHz, 265.49 W, 700.00 W, 47, 39 %, 0x0000000000000000
2026/09/27 07:14:49.436, 1605 MHz, 2619 MHz, 262.55 W, 700.00 W, 50, 0 %, 0x0000000000000000
2026/09/27 07:14:49.936, 1605 MHz, 2619 MHz, 263.74 W, 700.00 W, 51, 35 %, 0x0000000000000000
2026/09/27 07:14:50.437, 1605 MHz, 2619 MHz, 314.32 W, 700.00 W, 51, 22 %, 0x0000000000000000
2026/09/27 07:14:50.937, 1605 MHz, 2619 MHz, 312.41 W, 700.00 W, 47, 38 %, 0x0000000000000000
2026/09/27 07:14:51.438, 1605 MHz, 2619 MHz, 270.81 W, 700.00 W, 46, 18 %, 0x0000000000000000
2026/09/27 07:14:51.938, 1605 MHz, 2619 MHz, 257.49 W, 700.00 W, 49, 39 %, 0x0000000000000000
2026/09/27 07:14:52.438, 1605 MHz, 2619 MHz, 253.06 W, 700.00 W, 50, 8 %, 0x0000000000000000
2026/09/27 07:14:52.939, 1605 MHz, 2619 MHz, 252.31 W, 700.00 W, 48, 10 %, 0x0000000000000000
2026/09/27 07:14:53.440, 1605 MHz, 2619 MHz, 252.27 W, 700.00 W, 47, 41 %, 0x0000000000000000
2026/09/27 07:14:53.940, 1605 MHz, 2619 MHz, 262.41 W, 700.00 W, 47, 20 %, 0x0000000000000000
2026/09/27 07:14:54.441, 1605 MHz, 2619 MHz, 309.30 W, 700.00 W, 50, 2 %, 0x0000000000000000
2026/09/27 07:14:54.941, 1605 MHz, 2619 MHz, 302.04 W, 700.00 W, 50, 40 %, 0x0000000000000000
2026/09/27 07:14:55.441, 1605 MHz, 2619 MHz, 245.30 W, 700.00 W, 51, 0 %, 0x0000000000000000
2026/09/27 07:14:55.942, 1605 MHz, 2619 MHz, 247.23 W, 700.00 W, 51, 33 %, 0x0000000000000000
2026/09/27 07:14:56.442, 1605 MHz, 2619 MHz, 242.61 W, 700.00 W, 50, 19 %, 0x0000000000000000
2026/09/27 07:14:56.943, 1605 MHz, 2619 MHz, 248.25 W, 700.00 W, 49, 9 %, 0x0000000000000000
2026/09/27 07:14:57.443, 1605 MHz, 2619 MHz, 245.53 W, 700.00 W, 48, 42 %, 0x0000000000000000
2026/09/27 07:14:57.944, 1605 MHz, 2619 MHz, 245.70 W, 700.00 W, 48, 0 %, 0x0000000000000000
2026/09/27 07:14:58.444, 1605 MHz, 2619 MHz, 298.26 W, 700.00 W, 48, 16 %, 0x0000000000000000
2026/09/27 07:14:58.945, 1605 MHz, 2619 MHz, 297.72 W, 700.00 W, 48, 40 %, 0x0000000000000000
2026/09/27 07:14:59.445, 1605 MHz, 2619 MHz, 247.93 W, 700.00 W, 50, 0 %, 0x0000000000000000
2026/09/27 07:14:59.945, 1605 MHz, 2619 MHz, 248.15 W, 700.00 W, 50, 39 %, 0x0000000000000000
2026/09/27 07:15:00.446, 1605 MHz, 2619 MHz, 245.90 W, 700.00 W, 51, 0 %, 0x0000000000000000
2026/09/27 07:15:00.946, 1605 MHz, 2619 MHz, 243.80 W, 700.00 W, 51, 31 %, 0x0000000000000000
2026/09/27 07:15:01.447, 1605 MHz, 2619 MHz, 246.41 W, 700.00 W, 50, 18 %, 0x0000000000000000
2026/09/27 07:15:01.947, 1605 MHz, 2619 MHz, 305.47 W, 700.00 W, 51, 98 %, 0x0000000000000000
2026/09/27 07:15:02.448, 1605 MHz, 2619 MHz, 317.30 W, 700.00 W, 48, 40 %, 0x0000000000000000
2026/09/27 07:15:02.948, 1605 MHz, 2619 MHz, 272.27 W, 700.00 W, 47, 38 %, 0x0000000000000000
2026/09/27 07:15:03.448, 1605 MHz, 2619 MHz, 258.73 W, 700.00 W, 50, 0 %, 0x0000000000000000
2026/09/27 07:15:03.949, 1605 MHz, 2619 MHz, 253.74 W, 700.00 W, 49, 22 %, 0x0000000000000000
2026/09/27 07:15:04.450, 1605 MHz, 2619 MHz, 253.80 W, 700.00 W, 48, 40 %, 0x0000000000000000
2026/09/27 07:15:04.950, 1605 MHz, 2619 MHz, 263.73 W, 700.00 W, 47, 17 %, 0x0000000000000000
2026/09/27 07:15:05.451, 1605 MHz, 2619 MHz, 272.84 W, 700.00 W, 47, 40 %, 0x0000000000000000
2026/09/27 07:15:05.951, 1605 MHz, 2619 MHz, 322.94 W, 700.00 W, 52, 41 %, 0x0000000000000000
2026/09/27 07:15:06.451, 1605 MHz, 2619 MHz, 312.78 W, 700.00 W, 51, 0 %, 0x0000000000000000
2026/09/27 07:15:06.952, 1605 MHz, 2619 MHz, 268.18 W, 700.00 W, 50, 40 %, 0x0000000000000000
2026/09/27 07:15:07.452, 1605 MHz, 2619 MHz, 266.38 W, 700.00 W, 50, 0 %, 0x0000000000000000
2026/09/27 07:15:07.953, 1605 MHz, 2619 MHz, 265.83 W, 700.00 W, 50, 40 %, 0x0000000000000000
2026/09/27 07:15:08.453, 1605 MHz, 2619 MHz, 265.85 W, 700.00 W, 51, 0 %, 0x0000000000000000
2026/09/27 07:15:08.954, 1605 MHz, 2619 MHz, 262.74 W, 700.00 W, 50, 40 %, 0x0000000000000000
2026/09/27 07:15:09.454, 1605 MHz, 2619 MHz, 262.71 W, 700.00 W, 50, 0 %, 0x0000000000000000
2026/09/27 07:15:09.954, 1605 MHz, 2619 MHz, 300.44 W, 700.00 W, 50, 1 %, 0x0000000000000000
2026/09/27 07:15:10.455, 1605 MHz, 2619 MHz, 320.38 W, 700.00 W, 48, 40 %, 0x0000000000000000
2026/09/27 07:15:10.955, 1605 MHz, 2619 MHz, 279.35 W, 700.00 W, 47, 37 %, 0x0000000000000000
2026/09/27 07:15:11.455, 1605 MHz, 2619 MHz, 265.95 W, 700.00 W, 51, 0 %, 0x0000000000000000
2026/09/27 07:15:11.956, 1605 MHz, 2619 MHz, 252.31 W, 700.00 W, 49, 11 %, 0x0000000000000000
2026/09/27 07:15:12.457, 1605 MHz, 2619 MHz, 273.42 W, 700.00 W, 48, 39 %, 0x0000000000000000
2026/09/27 07:15:12.957, 1605 MHz, 2619 MHz, 277.30 W, 700.00 W, 48, 37 %, 0x0000000000000000
2026/09/27 07:15:13.457, 1605 MHz, 2619 MHz, 320.28 W, 700.00 W, 54, 98 %, 0x0000000000000000
2026/09/27 07:15:13.958, 1605 MHz, 2619 MHz, 303.58 W, 700.00 W, 50, 22 %, 0x0000000000000000
2026/09/27 07:15:14.459, 1605 MHz, 2619 MHz, 256.30 W, 700.00 W, 49, 25 %, 0x0000000000000000
2026/09/27 07:15:14.960, 1605 MHz, 2619 MHz, 256.53 W, 700.00 W, 49, 9 %, 0x0000000000000000
2026/09/27 07:15:15.461, 1605 MHz, 2619 MHz, 261.29 W, 700.00 W, 48, 39 %, 0x0000000000000000
2026/09/27 07:15:15.961, 1605 MHz, 2619 MHz, 262.30 W, 700.00 W, 48, 0 %, 0x0000000000000000
2026/09/27 07:15:16.462, 1605 MHz, 2619 MHz, 265.69 W, 700.00 W, 48, 42 %, 0x0000000000000000
2026/09/27 07:15:16.962, 1605 MHz, 2619 MHz, 266.80 W, 700.00 W, 48, 3 %, 0x0000000000000000
2026/09/27 07:15:17.463, 1605 MHz, 2619 MHz, 318.25 W, 700.00 W, 50, 41 %, 0x0000000000000000
2026/09/27 07:15:17.963, 1605 MHz, 2619 MHz, 311.75 W, 700.00 W, 49, 38 %, 0x0000000000000000
2026/09/27 07:15:18.463, 1605 MHz, 2619 MHz, 250.80 W, 700.00 W, 52, 0 %, 0x0000000000000000
2026/09/27 07:15:18.964, 1605 MHz, 2619 MHz, 250.59 W, 700.00 W, 49, 10 %, 0x0000000000000000
2026/09/27 07:15:19.464, 1605 MHz, 2619 MHz, 267.66 W, 700.00 W, 48, 40 %, 0x0000000000000000
2026/09/27 07:15:19.965, 1605 MHz, 2619 MHz, 273.37 W, 700.00 W, 48, 36 %, 0x0000000000000000
2026/09/27 07:15:20.465, 1605 MHz, 2619 MHz, 264.79 W, 700.00 W, 48, 21 %, 0x0000000000000000
2026/09/27 07:15:20.966, 1605 MHz, 2619 MHz, 284.52 W, 700.00 W, 51, 90 %, 0x0000000000000000
2026/09/27 07:15:21.466, 1605 MHz, 2619 MHz, 306.12 W, 700.00 W, 49, 40 %, 0x0000000000000000
2026/09/27 07:15:21.966, 1605 MHz, 2619 MHz, 279.50 W, 700.00 W, 48, 38 %, 0x0000000000000000
2026/09/27 07:15:22.467, 1605 MHz, 2619 MHz, 256.11 W, 700.00 W, 48, 19 %, 0x0000000000000000
2026/09/27 07:15:22.967, 1605 MHz, 2619 MHz, 250.10 W, 700.00 W, 51, 37 %, 0x0000000000000000
2026/09/27 07:15:23.468, 1605 MHz, 2619 MHz, 250.68 W, 700.00 W, 50, 20 %, 0x0000000000000000
2026/09/27 07:15:23.968, 1605 MHz, 2619 MHz, 256.72 W, 700.00 W, 49, 0 %, 0x0000000000000000
2026/09/27 07:15:24.469, 1605 MHz, 2619 MHz, 269.53 W, 700.00 W, 48, 40 %, 0x0000000000000000
2026/09/27 07:15:24.969, 1605 MHz, 2619 MHz, 323.78 W, 700.00 W, 50, 38 %, 0x0000000000000000
2026/09/27 07:15:25.469, 1605 MHz, 2619 MHz, 308.73 W, 700.00 W, 51, 0 %, 0x0000000000000000
2026/09/27 07:15:25.970, 1605 MHz, 2619 MHz, 255.04 W, 700.00 W, 49, 12 %, 0x0000000000000000
2026/09/27 07:15:26.471, 1605 MHz, 2619 MHz, 266.12 W, 700.00 W, 48, 39 %, 0x0000000000000000
2026/09/27 07:15:26.971, 1605 MHz, 2619 MHz, 274.25 W, 700.00 W, 48, 33 %, 0x0000000000000000
2026/09/27 07:15:27.472, 1605 MHz, 2619 MHz, 270.29 W, 700.00 W, 47, 27 %, 0x0000000000000000
2026/09/27 07:15:27.972, 1605 MHz, 2619 MHz, 253.77 W, 700.00 W, 50, 37 %, 0x0000000000000000
2026/09/27 07:15:28.473, 1605 MHz, 2619 MHz, 305.45 W, 700.00 W, 52, 6 %, 0x0000000000000000
2026/09/27 07:15:28.973, 1605 MHz, 2619 MHz, 312.38 W, 700.00 W, 49, 26 %, 0x0000000000000000
2026/09/27 07:15:29.473, 1605 MHz, 2619 MHz, 265.61 W, 700.00 W, 48, 34 %, 0x0000000000000000
2026/09/27 07:15:29.974, 1605 MHz, 2619 MHz, 252.64 W, 700.00 W, 50, 38 %, 0x0000000000000000
2026/09/27 07:15:30.474, 1605 MHz, 2619 MHz, 251.64 W, 700.00 W, 52, 4 %, 0x0000000000000000
2026/09/27 07:15:30.975, 1605 MHz, 2619 MHz, 253.08 W, 700.00 W, 49, 8 %, 0x0000000000000000
2026/09/27 07:15:31.475, 1605 MHz, 2619 MHz, 268.33 W, 700.00 W, 49, 40 %, 0x0000000000000000
2026/09/27 07:15:31.976, 1605 MHz, 2619 MHz, 271.05 W, 700.00 W, 48, 35 %, 0x0000000000000000
2026/09/27 07:15:32.476, 1605 MHz, 2619 MHz, 308.54 W, 700.00 W, 49, 0 %, 0x0000000000000000
2026/09/27 07:15:32.977, 1605 MHz, 2619 MHz, 299.04 W, 700.00 W, 48, 17 %, 0x0000000000000000
2026/09/27 07:15:33.478, 1605 MHz, 2619 MHz, 268.79 W, 700.00 W, 51, 39 %, 0x0000000000000000
2026/09/27 07:15:33.978, 1605 MHz, 2619 MHz, 276.91 W, 700.00 W, 49, 27 %, 0x0000000000000000
2026/09/27 07:15:34.479, 1605 MHz, 2619 MHz, 273.39 W, 700.00 W, 48, 32 %, 0x0000000000000000
2026/09/27 07:15:34.979, 1605 MHz, 2619 MHz, 256.74 W, 700.00 W, 48, 37 %, 0x0000000000000000
2026/09/27 07:15:35.480, 1605 MHz, 2619 MHz, 253.51 W, 700.00 W, 47, 8 %, 0x0000000000000000
2026/09/27 07:15:35.981, 1605 MHz, 2619 MHz, 314.66 W, 700.00 W, 53, 93 %, 0x0000000000000000
2026/09/27 07:15:36.481, 1605 MHz, 2619 MHz, 310.38 W, 700.00 W, 49, 29 %, 0x0000000000000000
2026/09/27 07:15:36.982, 1605 MHz, 2619 MHz, 252.34 W, 700.00 W, 48, 38 %, 0x0000000000000000
2026/09/27 07:15:37.482, 1605 MHz, 2619 MHz, 251.50 W, 700.00 W, 48, 14 %, 0x0000000000000000
2026/09/27 07:15:37.982, 1605 MHz, 2619 MHz, 256.13 W, 700.00 W, 51, 0 %, 0x0000000000000000
2026/09/27 07:15:38.483, 1605 MHz, 2619 MHz, 272.33 W, 700.00 W, 51, 40 %, 0x0000000000000000
2026/09/27 07:15:38.983, 1605 MHz, 2619 MHz, 270.43 W, 700.00 W, 49, 37 %, 0x0000000000000000
2026/09/27 07:15:39.484, 1605 MHz, 2619 MHz, 256.79 W, 700.00 W, 48, 6 %, 0x0000000000000000
2026/09/27 07:15:39.984, 1605 MHz, 2619 MHz, 302.35 W, 700.00 W, 53, 0 %, 0x0000000000000000
2026/09/27 07:15:40.485, 1605 MHz, 2619 MHz, 314.08 W, 700.00 W, 50, 40 %, 0x0000000000000000
2026/09/27 07:15:40.985, 1605 MHz, 2619 MHz, 275.62 W, 700.00 W, 49, 38 %, 0x0000000000000000
2026/09/27 07:15:41.486, 1605 MHz, 2619 MHz, 255.48 W, 700.00 W, 48, 0 %, 0x0000000000000000
2026/09/27 07:15:41.986, 1605 MHz, 2619 MHz, 254.71 W, 700.00 W, 48, 16 %, 0x0000000000000000
2026/09/27 07:15:42.487, 1605 MHz, 2619 MHz, 270.97 W, 700.00 W, 52, 40 %, 0x0000000000000000
2026/09/27 07:15:42.987, 1605 MHz, 2619 MHz, 274.95 W, 700.00 W, 50, 37 %, 0x0000000000000000
2026/09/27 07:15:43.488, 1605 MHz, 2619 MHz, 309.73 W, 700.00 W, 50, 98 %, 0x0000000000000000
2026/09/27 07:15:43.989, 1605 MHz, 2619 MHz, 303.85 W, 700.00 W, 48, 27 %, 0x0000000000000000
2026/09/27 07:15:44.489, 1605 MHz, 2619 MHz, 258.28 W, 700.00 W, 48, 20 %, 0x0000000000000000
2026/09/27 07:15:44.990, 1605 MHz, 2619 MHz, 256.68 W, 700.00 W, 48, 15 %, 0x0000000000000000
2026/09/27 07:15:45.490, 1605 MHz, 2619 MHz, 260.13 W, 700.00 W, 48, 33 %, 0x0000000000000000
2026/09/27 07:15:45.991, 1605 MHz, 2619 MHz, 262.11 W, 700.00 W, 49, 1 %, 0x0000000000000000
2026/09/27 07:15:46.491, 1605 MHz, 2619 MHz, 262.48 W, 700.00 W, 50, 42 %, 0x0000000000000000
2026/09/27 07:15:46.992, 1605 MHz, 2619 MHz, 267.27 W, 700.00 W, 50, 0 %, 0x0000000000000000
2026/09/27 07:15:47.492, 1605 MHz, 2619 MHz, 319.83 W, 700.00 W, 50, 20 %, 0x0000000000000000
2026/09/27 07:15:47.993, 1605 MHz, 2619 MHz, 316.23 W, 700.00 W, 49, 38 %, 0x0000000000000000
2026/09/27 07:15:48.493, 1605 MHz, 2619 MHz, 255.68 W, 700.00 W, 50, 31 %, 0x0000000000000000
2026/09/27 07:15:48.993, 1605 MHz, 2619 MHz, 271.21 W, 700.00 W, 52, 15 %, 0x0000000000000000
2026/09/27 07:15:49.494, 1605 MHz, 2619 MHz, 273.76 W, 700.00 W, 49, 39 %, 0x0000000000000000
2026/09/27 07:15:49.994, 1605 MHz, 2619 MHz, 256.80 W, 700.00 W, 49, 37 %, 0x0000000000000000
2026/09/27 07:15:50.495, 1605 MHz, 2619 MHz, 253.90 W, 700.00 W, 48, 14 %, 0x0000000000000000
2026/09/27 07:15:50.995, 1605 MHz, 2619 MHz, 307.78 W, 700.00 W, 52, 88 %, 0x0000000000000000
2026/09/27 07:15:51.496, 1605 MHz, 2619 MHz, 305.67 W, 700.00 W, 50, 29 %, 0x0000000000000000
2026/09/27 07:15:51.996, 1605 MHz, 2619 MHz, 247.62 W, 700.00 W, 49, 40 %, 0x0000000000000000
2026/09/27 07:15:52.497, 1605 MHz, 2619 MHz, 248.75 W, 700.00 W, 49, 10 %, 0x0000000000000000
2026/09/27 07:15:52.997, 1605 MHz, 2619 MHz, 246.30 W, 700.00 W, 49, 39 %, 0x0000000000000000
2026/09/27 07:15:53.498, 1605 MHz, 2619 MHz, 246.64 W, 700.00 W, 48, 0 %, 0x0000000000000000
2026/09/27 07:15:53.998, 1605 MHz, 2619 MHz, 249.49 W, 700.00 W, 48, 39 %, 0x0000000000000000
2026/09/27 07:15:54.499, 1605 MHz, 2619 MHz, 247.33 W, 700.00 W, 48, 9 %, 0x0000000000000000
2026/09/27 07:15:54.999, 1605 MHz, 2619 MHz, 313.24 W, 700.00 W, 53, 17 %, 0x0000000000000000
2026/09/27 07:15:55.500, 1605 MHz, 2619 MHz, 320.42 W, 700.00 W, 49, 40 %, 0x0000000000000000
2026/09/27 07:15:56.000, 1605 MHz, 2619 MHz, 265.64 W, 700.00 W, 49, 38 %, 0x0000000000000000
2026/09/27 07:15:56.501, 1605 MHz, 2619 MHz, 253.92 W, 700.00 W, 48, 0 %, 0x0000000000000000
2026/09/27 07:15:57.002, 1605 MHz, 2619 MHz, 254.35 W, 700.00 W, 48, 25 %, 0x0000000000000000
2026/09/27 07:15:57.503, 1605 MHz, 2619 MHz, 260.41 W, 700.00 W, 50, 40 %, 0x0000000000000000
2026/09/27 07:15:58.003, 1605 MHz, 2619 MHz, 274.56 W, 700.00 W, 51, 14 %, 0x0000000000000000
2026/09/27 07:15:58.503, 1605 MHz, 2619 MHz, 281.67 W, 700.00 W, 53, 40 %, 0x0000000000000000
2026/09/27 07:15:59.004, 1605 MHz, 2619 MHz, 288.44 W, 700.00 W, 49, 36 %, 0x0000000000000000
2026/09/27 07:15:59.504, 1605 MHz, 2619 MHz, 275.46 W, 700.00 W, 48, 16 %, 0x0000000000000000
2026/09/27 07:16:00.005, 1605 MHz, 2619 MHz, 248.39 W, 700.00 W, 48, 13 %, 0x0000000000000000
2026/09/27 07:16:00.505, 1605 MHz, 2619 MHz, 251.13 W, 700.00 W, 50, 41 %, 0x0000000000000000
2026/09/27 07:16:01.006, 1605 MHz, 2619 MHz, 257.70 W, 700.00 W, 52, 0 %, 0x0000000000000000
2026/09/27 07:16:01.506, 1605 MHz, 2619 MHz, 259.54 W, 700.00 W, 52, 42 %, 0x0000000000000000
2026/09/27 07:16:02.007, 1605 MHz, 2619 MHz, 260.10 W, 700.00 W, 52, 19 %, 0x0000000000000000
2026/09/27 07:16:02.507, 1605 MHz, 2619 MHz, 291.77 W, 700.00 W, 51, 82 %, 0x0000000000000000
2026/09/27 07:16:03.008, 1605 MHz, 2619 MHz, 299.33 W, 700.00 W, 49, 18 %, 0x0000000000000000
2026/09/27 07:16:03.508, 1605 MHz, 2619 MHz, 275.57 W, 700.00 W, 53, 40 %, 0x0000000000000000
2026/09/27 07:16:04.009, 1605 MHz, 2619 MHz, 283.11 W, 700.00 W, 49, 38 %, 0x0000000000000000
2026/09/27 07:16:04.509, 1605 MHz, 2619 MHz, 272.00 W, 700.00 W, 49, 1 %, 0x0000000000000000
2026/09/27 07:16:05.010, 1605 MHz, 2619 MHz, 260.42 W, 700.00 W, 50, 13 %, 0x0000000000000000
2026/09/27 07:16:05.510, 1605 MHz, 2619 MHz, 282.62 W, 700.00 W, 52, 40 %, 0x0000000000000000
2026/09/27 07:16:06.011, 1605 MHz, 2619 MHz, 303.51 W, 700.00 W, 53, 54 %, 0x0000000000000000
2026/09/27 07:16:06.511, 1605 MHz, 2619 MHz, 300.76 W, 700.00 W, 49, 31 %, 0x0000000000000000
2026/09/27 07:16:07.012, 1605 MHz, 2619 MHz, 287.91 W, 700.00 W, 51, 0 %, 0x0000000000000000
2026/09/27 07:16:07.512, 1605 MHz, 2619 MHz, 278.18 W, 700.00 W, 50, 41 %, 0x0000000000000000
2026/09/27 07:16:08.013, 1605 MHz, 2619 MHz, 275.59 W, 700.00 W, 49, 38 %, 0x0000000000000000
2026/09/27 07:16:08.513, 1605 MHz, 2619 MHz, 257.10 W, 700.00 W, 48, 22 %, 0x0000000000000000
2026/09/27 07:16:09.014, 1605 MHz, 2619 MHz, 255.09 W, 700.00 W, 48, 39 %, 0x0000000000000000
2026/09/27 07:16:09.515, 1605 MHz, 2619 MHz, 252.35 W, 700.00 W, 48, 4 %, 0x0000000000000000
2026/09/27 07:16:10.015, 1605 MHz, 2619 MHz, 310.10 W, 700.00 W, 51, 34 %, 0x0000000000000000
2026/09/27 07:16:10.515, 1605 MHz, 2619 MHz, 316.71 W, 700.00 W, 49, 19 %, 0x0000000000000000
2026/09/27 07:16:11.016, 1605 MHz, 2619 MHz, 258.63 W, 700.00 W, 48, 32 %, 0x0000000000000000
2026/09/27 07:16:11.516, 1605 MHz, 2619 MHz, 263.76 W, 700.00 W, 52, 40 %, 0x0000000000000000
2026/09/27 07:16:12.017, 1605 MHz, 2619 MHz, 276.82 W, 700.00 W, 50, 33 %, 0x0000000000000000
2026/09/27 07:16:12.517, 1605 MHz, 2619 MHz, 271.20 W, 700.00 W, 49, 19 %, 0x0000000000000000
2026/09/27 07:16:13.018, 1605 MHz, 2619 MHz, 257.98 W, 700.00 W, 48, 32 %, 0x0000000000000000
2026/09/27 07:16:13.518, 1605 MHz, 2619 MHz, 310.19 W, 700.00 W, 52, 41 %, 0x0000000000000004
2026/09/27 07:16:14.019, 1605 MHz, 2619 MHz, 315.48 W, 700.00 W, 49, 40 %, 0x0000000000000000
2026/09/27 07:16:14.520, 1605 MHz, 2619 MHz, 260.98 W, 700.00 W, 49, 0 %, 0x0000000000000000
2026/09/27 07:16:15.020, 1605 MHz, 2619 MHz, 259.93 W, 700.00 W, 48, 24 %, 0x0000000000000000
2026/09/27 07:16:15.520, 1605 MHz, 2619 MHz, 269.29 W, 700.00 W, 51, 41 %, 0x0000000000000000
2026/09/27 07:16:16.021, 1605 MHz, 2619 MHz, 280.86 W, 700.00 W, 53, 10 %, 0x0000000000000000
2026/09/27 07:16:16.521, 1605 MHz, 2619 MHz, 281.12 W, 700.00 W, 50, 42 %, 0x0000000000000000
2026/09/27 07:16:17.022, 1605 MHz, 2619 MHz, 273.77 W, 700.00 W, 49, 40 %, 0x0000000000000000
2026/09/27 07:16:17.523, 1605 MHz, 2619 MHz, 294.70 W, 700.00 W, 50, 38 %, 0x0000000000000000
2026/09/27 07:16:18.023, 1605 MHz, 2619 MHz, 300.15 W, 700.00 W, 51, 1 %, 0x0000000000000000
2026/09/27 07:16:18.524, 1605 MHz, 2619 MHz, 278.88 W, 700.00 W, 51, 42 %, 0x0000000000000000
2026/09/27 07:16:19.024, 1605 MHz, 2619 MHz, 277.21 W, 700.00 W, 49, 37 %, 0x0000000000000000
2026/09/27 07:16:19.525, 1605 MHz, 2619 MHz, 256.11 W, 700.00 W, 49, 29 %, 0x0000000000000000
2026/09/27 07:16:20.026, 1605 MHz, 2619 MHz, 251.93 W, 700.00 W, 48, 39 %, 0x0000000000000000
2026/09/27 07:16:20.526, 1605 MHz, 2619 MHz, 252.92 W, 700.00 W, 48, 0 %, 0x0000000000000000
2026/09/27 07:16:21.027, 1605 MHz, 2619 MHz, 306.64 W, 700.00 W, 54, 98 %, 0x0000000000000004
2026/09/27 07:16:21.527, 1605 MHz, 2619 MHz, 313.31 W, 700.00 W, 50, 42 %, 0x0000000000000000
2026/09/27 07:16:22.028, 1605 MHz, 2619 MHz, 264.75 W, 700.00 W, 49, 40 %, 0x0000000000000000
2026/09/27 07:16:22.528, 1605 MHz, 2619 MHz, 257.62 W, 700.00 W, 49, 0 %, 0x0000000000000000
2026/09/27 07:16:23.029, 1605 MHz, 2619 MHz, 256.27 W, 700.00 W, 49, 32 %, 0x0000000000000000
2026/09/27 07:16:23.529, 1605 MHz, 2619 MHz, 270.56 W, 700.00 W, 50, 33 %, 0x0000000000000000
2026/09/27 07:16:24.030, 1605 MHz, 2619 MHz, 284.46 W, 700.00 W, 52, 5 %, 0x0000000000000000
2026/09/27 07:16:24.530, 1605 MHz, 2619 MHz, 274.68 W, 700.00 W, 51, 42 %, 0x0000000000000000
2026/09/27 07:16:25.031, 1605 MHz, 2619 MHz, 288.24 W, 700.00 W, 49, 38 %, 0x0000000000000000
2026/09/27 07:16:25.531, 1605 MHz, 2619 MHz, 284.35 W, 700.00 W, 48, 19 %, 0x0000000000000000
2026/09/27 07:16:26.031, 1605 MHz, 2619 MHz, 263.51 W, 700.00 W, 49, 10 %, 0x0000000000000000
2026/09/27 07:16:26.532, 1605 MHz, 2619 MHz, 269.00 W, 700.00 W, 50, 44 %, 0x0000000000000000
2026/09/27 07:16:27.032, 1605 MHz, 2619 MHz, 272.61 W, 700.00 W, 51, 8 %, 0x0000000000000000
2026/09/27 07:16:27.533, 1605 MHz, 2619 MHz, 270.37 W, 700.00 W, 51, 44 %, 0x0000000000000000
2026/09/27 07:16:28.033, 1605 MHz, 2619 MHz, 257.76 W, 700.00 W, 49, 35 %, 0x0000000000000000
2026/09/27 07:16:28.534, 1605 MHz, 2619 MHz, 278.72 W, 700.00 W, 52, 36 %, 0x0000000000000000
2026/09/27 07:16:29.034, 1605 MHz, 2619 MHz, 287.10 W, 700.00 W, 48, 17 %, 0x0000000000000000
2026/09/27 07:16:29.535, 1605 MHz, 2619 MHz, 278.79 W, 700.00 W, 50, 41 %, 0x0000000000000000
2026/09/27 07:16:30.035, 1605 MHz, 2619 MHz, 275.29 W, 700.00 W, 51, 0 %, 0x0000000000000000
2026/09/27 07:16:30.536, 1605 MHz, 2619 MHz, 263.63 W, 700.00 W, 51, 44 %, 0x0000000000000000
2026/09/27 07:16:31.036, 1605 MHz, 2619 MHz, 262.52 W, 700.00 W, 50, 29 %, 0x0000000000000000
2026/09/27 07:16:31.537, 1605 MHz, 2619 MHz, 257.24 W, 700.00 W, 49, 43 %, 0x0000000000000000
2026/09/27 07:16:32.038, 1605 MHz, 2619 MHz, 255.41 W, 700.00 W, 49, 41 %, 0x0000000000000000
2026/09/27 07:16:32.538, 1605 MHz, 2619 MHz, 291.45 W, 700.00 W, 50, 98 %, 0x0000000000000000
2026/09/27 07:16:33.039, 1605 MHz, 2619 MHz, 295.36 W, 700.00 W, 50, 0 %, 0x0000000000000000
2026/09/27 07:16:33.539, 1605 MHz, 2619 MHz, 270.62 W, 700.00 W, 51, 44 %, 0x0000000000000000
2026/09/27 07:16:34.040, 1605 MHz, 2619 MHz, 267.91 W, 700.00 W, 51, 18 %, 0x0000000000000000
2026/09/27 07:16:34.540, 1605 MHz, 2619 MHz, 259.67 W, 700.00 W, 49, 44 %, 0x0000000000000000
2026/09/27 07:16:35.041, 1605 MHz, 2619 MHz, 251.17 W, 700.00 W, 49, 41 %, 0x0000000000000000
2026/09/27 07:16:35.542, 1605 MHz, 2619 MHz, 254.90 W, 700.00 W, 49, 27 %, 0x0000000000000000
2026/09/27 07:16:36.043, 1605 MHz, 2619 MHz, 253.65 W, 700.00 W, 48, 42 %, 0x0000000000000000
2026/09/27 07:16:36.543, 1605 MHz, 2619 MHz, 297.61 W, 700.00 W, 51, 44 %, 0x0000000000000000
2026/09/27 07:16:37.044, 1605 MHz, 2619 MHz, 300.72 W, 700.00 W, 51, 8 %, 0x0000000000000000
2026/09/27 07:16:37.544, 1605 MHz, 2619 MHz, 262.39 W, 700.00 W, 51, 44 %, 0x0000000000000000
2026/09/27 07:16:38.045, 1605 MHz, 2619 MHz, 258.30 W, 700.00 W, 49, 36 %, 0x0000000000000000
2026/09/27 07:16:38.546, 1605 MHz, 2619 MHz, 251.95 W, 700.00 W, 49, 34 %, 0x0000000000000000
2026/09/27 07:16:39.047, 1605 MHz, 2619 MHz, 271.93 W, 700.00 W, 49, 41 %, 0x0000000000000000
2026/09/27 07:16:39.547, 1605 MHz, 2619 MHz, 268.64 W, 700.00 W, 50, 18 %, 0x0000000000000000
2026/09/27 07:16:40.048, 1605 MHz, 2619 MHz, 286.60 W, 700.00 W, 50, 92 %, 0x0000000000000000
2026/09/27 07:16:40.548, 1605 MHz, 2619 MHz, 280.96 W, 700.00 W, 48, 31 %, 0x0000000000000000
2026/09/27 07:16:41.049, 1605 MHz, 2619 MHz, 260.36 W, 700.00 W, 48, 33 %, 0x0000000000000000
2026/09/27 07:16:41.550, 1605 MHz, 2619 MHz, 267.07 W, 700.00 W, 50, 0 %, 0x0000000000000000
2026/09/27 07:16:42.051, 1605 MHz, 2619 MHz, 272.67 W, 700.00 W, 51, 41 %, 0x0000000000000000
2026/09/27 07:16:42.551, 1605 MHz, 2619 MHz, 269.51 W, 700.00 W, 51, 14 %, 0x0000000000000000
2026/09/27 07:16:43.052, 1605 MHz, 2619 MHz, 253.78 W, 700.00 W, 49, 41 %, 0x0000000000000000
2026/09/27 07:16:43.552, 1605 MHz, 2619 MHz, 251.24 W, 700.00 W, 49, 43 %, 0x0000000000000000
2026/09/27 07:16:44.053, 1605 MHz, 2619 MHz, 283.52 W, 700.00 W, 49, 28 %, 0x0000000000000000
2026/09/27 07:16:44.554, 1605 MHz, 2619 MHz, 296.86 W, 700.00 W, 50, 4 %, 0x0000000000000000
2026/09/27 07:16:45.054, 1605 MHz, 2619 MHz, 273.33 W, 700.00 W, 51, 41 %, 0x0000000000000000
2026/09/27 07:16:45.555, 1605 MHz, 2619 MHz, 271.31 W, 700.00 W, 51, 9 %, 0x0000000000000000
2026/09/27 07:16:46.056, 1605 MHz, 2619 MHz, 262.66 W, 700.00 W, 50, 41 %, 0x0000000000000000
2026/09/27 07:16:46.556, 1605 MHz, 2619 MHz, 255.28 W, 700.00 W, 49, 41 %, 0x0000000000000000
2026/09/27 07:16:47.057, 1605 MHz, 2619 MHz, 258.08 W, 700.00 W, 49, 25 %, 0x0000000000000000
2026/09/27 07:16:47.557, 1605 MHz, 2619 MHz, 293.43 W, 700.00 W, 53, 67 %, 0x0000000000000000
2026/09/27 07:16:48.058, 1605 MHz, 2619 MHz, 301.57 W, 700.00 W, 51, 40 %, 0x0000000000000000
2026/09/27 07:16:48.559, 1605 MHz, 2619 MHz, 267.17 W, 700.00 W, 51, 12 %, 0x0000000000000000
2026/09/27 07:16:49.059, 1605 MHz, 2619 MHz, 255.96 W, 700.00 W, 49, 39 %, 0x0000000000000000
2026/09/27 07:16:49.559, 1605 MHz, 2619 MHz, 253.52 W, 700.00 W, 49, 42 %, 0x0000000000000000
2026/09/27 07:16:50.060, 1605 MHz, 2619 MHz, 250.69 W, 700.00 W, 49, 12 %, 0x0000000000000000
2026/09/27 07:16:50.561, 1605 MHz, 2619 MHz, 250.55 W, 700.00 W, 48, 42 %, 0x0000000000000000
2026/09/27 07:16:51.061, 1605 MHz, 2619 MHz, 253.42 W, 700.00 W, 48, 14 %, 0x0000000000000000
2026/09/27 07:16:51.562, 1605 MHz, 2619 MHz, 311.18 W, 700.00 W, 51, 31 %, 0x0000000000000000
2026/09/27 07:16:52.062, 1605 MHz, 2619 MHz, 310.73 W, 700.00 W, 50, 27 %, 0x0000000000000000
2026/09/27 07:16:52.563, 1605 MHz, 2619 MHz, 261.02 W, 700.00 W, 49, 42 %, 0x0000000000000000
2026/09/27 07:16:53.063, 1605 MHz, 2619 MHz, 261.00 W, 700.00 W, 49, 7 %, 0x0000000000000000
2026/09/27 07:16:53.564, 1605 MHz, 2619 MHz, 264.95 W, 700.00 W, 48, 17 %, 0x0000000000000000
2026/09/27 07:16:54.064, 1605 MHz, 2619 MHz, 279.65 W, 700.00 W, 52, 40 %, 0x0000000000000000
2026/09/27 07:16:54.565, 1605 MHz, 2619 MHz, 273.97 W, 700.00 W, 52, 14 %, 0x0000000000000000
2026/09/27 07:16:55.065, 1605 MHz, 2619 MHz, 294.77 W, 700.00 W, 54, 39 %, 0x0000000000000000
2026/09/27 07:16:55.566, 1605 MHz, 2619 MHz, 300.34 W, 700.00 W, 49, 18 %, 0x0000000000000000
2026/09/27 07:16:56.066, 1605 MHz, 2619 MHz, 296.27 W, 700.00 W, 52, 40 %, 0x0000000000000000
2026/09/27 07:16:56.567, 1605 MHz, 2619 MHz, 279.77 W, 700.00 W, 52, 13 %, 0x0000000000000000
2026/09/27 07:16:57.067, 1605 MHz, 2619 MHz, 274.05 W, 700.00 W, 50, 39 %, 0x0000000000000000
2026/09/27 07:16:57.568, 1605 MHz, 2619 MHz, 263.93 W, 700.00 W, 49, 42 %, 0x0000000000000000
2026/09/27 07:16:58.068, 1605 MHz, 2619 MHz, 262.16 W, 700.00 W, 49, 0 %, 0x0000000000000000
2026/09/27 07:16:58.569, 1605 MHz, 2619 MHz, 260.65 W, 700.00 W, 49, 35 %, 0x0000000000000000
2026/09/27 07:16:59.069, 1605 MHz, 2619 MHz, 319.64 W, 700.00 W, 51, 54 %, 0x0000000000000000
2026/09/27 07:16:59.570, 1605 MHz, 2619 MHz, 313.06 W, 700.00 W, 49, 41 %, 0x0000000000000000
2026/09/27 07:17:00.070, 1605 MHz, 2619 MHz, 252.67 W, 700.00 W, 49, 13 %, 0x0000000000000000
2026/09/27 07:17:00.570, 1605 MHz, 2619 MHz, 251.71 W, 700.00 W, 48, 41 %, 0x0000000000000000
2026/09/27 07:17:01.072, 1605 MHz, 2619 MHz, 254.23 W, 700.00 W, 48, 18 %, 0x0000000000000000
2026/09/27 07:17:01.573, 1605 MHz, 2619 MHz, 265.33 W, 700.00 W, 49, 8 %, 0x0000000000000000
2026/09/27 07:17:02.073, 1605 MHz, 2619 MHz, 274.69 W, 700.00 W, 51, 38 %, 0x0000000000000000
2026/09/27 07:17:02.574, 1590 MHz, 2619 MHz, 289.64 W, 700.00 W, 53, 17 %, 0x0000000000000000
2026/09/27 07:17:03.074, 1605 MHz, 2619 MHz, 294.30 W, 700.00 W, 49, 0 %, 0x0000000000000000
2026/09/27 07:17:03.575, 1605 MHz, 2619 MHz, 289.26 W, 700.00 W, 49, 33 %, 0x0000000000000000
2026/09/27 07:17:04.075, 1605 MHz, 2619 MHz, 264.45 W, 700.00 W, 49, 28 %, 0x0000000000000000
2026/09/27 07:17:04.576, 1605 MHz, 2619 MHz, 279.42 W, 700.00 W, 51, 3 %, 0x0000000000000000
2026/09/27 07:17:05.076, 1605 MHz, 2619 MHz, 283.32 W, 700.00 W, 52, 39 %, 0x0000000000000000
2026/09/27 07:17:05.577, 1605 MHz, 2619 MHz, 281.30 W, 700.00 W, 53, 11 %, 0x0000000000000000
2026/09/27 07:17:06.077, 1605 MHz, 2619 MHz, 272.86 W, 700.00 W, 51, 39 %, 0x0000000000000000
2026/09/27 07:17:06.578, 1605 MHz, 2619 MHz, 295.43 W, 700.00 W, 51, 33 %, 0x0000000000000000
2026/09/27 07:17:07.078, 1605 MHz, 2619 MHz, 316.11 W, 700.00 W, 52, 38 %, 0x0000000000000000
2026/09/27 07:17:07.579, 1605 MHz, 2619 MHz, 284.61 W, 700.00 W, 50, 29 %, 0x0000000000000000
2026/09/27 07:17:08.079, 1605 MHz, 2619 MHz, 270.72 W, 700.00 W, 49, 17 %, 0x0000000000000000
2026/09/27 07:17:08.580, 1605 MHz, 2619 MHz, 257.17 W, 700.00 W, 49, 32 %, 0x0000000000000000
2026/09/27 07:17:09.080, 1605 MHz, 2619 MHz, 280.51 W, 700.00 W, 52, 37 %, 0x0000000000000000
2026/09/27 07:17:09.581, 1605 MHz, 2619 MHz, 279.18 W, 700.00 W, 50, 33 %, 0x0000000000000000
2026/09/27 07:17:10.081, 1605 MHz, 2619 MHz, 305.88 W, 700.00 W, 54, 13 %, 0x0000000000000000
2026/09/27 07:17:10.581, 1605 MHz, 2619 MHz, 319.20 W, 700.00 W, 51, 4 %, 0x0000000000000000
2026/09/27 07:17:11.082, 1605 MHz, 2619 MHz, 292.32 W, 700.00 W, 52, 38 %, 0x0000000000000000
2026/09/27 07:17:11.583, 1605 MHz, 2619 MHz, 271.52 W, 700.00 W, 50, 31 %, 0x0000000000000000
2026/09/27 07:17:12.083, 1605 MHz, 2619 MHz, 257.64 W, 700.00 W, 49, 24 %, 0x0000000000000000
2026/09/27 07:17:12.583, 1605 MHz, 2619 MHz, 252.55 W, 700.00 W, 49, 40 %, 0x0000000000000000
2026/09/27 07:17:13.084, 1605 MHz, 2619 MHz, 254.52 W, 700.00 W, 48, 14 %, 0x0000000000000000
2026/09/27 07:17:13.585, 1605 MHz, 2619 MHz, 265.57 W, 700.00 W, 50, 5 %, 0x0000000000000000
2026/09/27 07:17:14.085, 1605 MHz, 2619 MHz, 300.79 W, 700.00 W, 51, 22 %, 0x0000000000000000
2026/09/27 07:17:14.586, 1605 MHz, 2619 MHz, 295.05 W, 700.00 W, 50, 42 %, 0x0000000000000000
2026/09/27 07:17:15.086, 1605 MHz, 2619 MHz, 247.88 W, 700.00 W, 49, 2 %, 0x0000000000000000
2026/09/27 07:17:15.587, 1605 MHz, 2619 MHz, 248.69 W, 700.00 W, 49, 42 %, 0x0000000000000000
2026/09/27 07:17:16.087, 1605 MHz, 2619 MHz, 243.81 W, 700.00 W, 49, 8 %, 0x0000000000000000
2026/09/27 07:17:16.588, 1605 MHz, 2619 MHz, 244.54 W, 700.00 W, 49, 29 %, 0x0000000000000000
2026/09/27 07:17:17.088, 1605 MHz, 2619 MHz, 253.09 W, 700.00 W, 48, 30 %, 0x0000000000000000
2026/09/27 07:17:17.589, 1605 MHz, 2619 MHz, 258.94 W, 700.00 W, 50, 4 %, 0x0000000000000000
2026/09/27 07:17:18.089, 1605 MHz, 2619 MHz, 300.71 W, 700.00 W, 51, 30 %, 0x0000000000000000
2026/09/27 07:17:18.589, 1605 MHz, 2619 MHz, 300.00 W, 700.00 W, 50, 42 %, 0x0000000000000000
2026/09/27 07:17:19.090, 1605 MHz, 2619 MHz, 248.38 W, 700.00 W, 49, 15 %, 0x0000000000000000
2026/09/27 07:17:19.590, 1605 MHz, 2619 MHz, 245.37 W, 700.00 W, 49, 42 %, 0x0000000000000000
2026/09/27 07:17:20.091, 1605 MHz, 2619 MHz, 248.18 W, 700.00 W, 49, 0 %, 0x0000000000000000
2026/09/27 07:17:20.591, 1605 MHz, 2619 MHz, 245.66 W, 700.00 W, 49, 42 %, 0x0000000000000000
2026/09/27 07:17:21.092, 1605 MHz, 2619 MHz, 245.88 W, 700.00 W, 49, 7 %, 0x0000000000000000
2026/09/27 07:17:21.592, 1605 MHz, 2619 MHz, 314.20 W, 700.00 W, 55, 98 %, 0x0000000000000000
2026/09/27 07:17:22.093, 1605 MHz, 2619 MHz, 324.69 W, 700.00 W, 52, 40 %, 0x0000000000000000
2026/09/27 07:17:22.593, 1605 MHz, 2619 MHz, 269.45 W, 700.00 W, 52, 1 %, 0x0000000000000000
2026/09/27 07:17:23.094, 1605 MHz, 2619 MHz, 269.61 W, 700.00 W, 52, 40 %, 0x0000000000000000
2026/09/27 07:17:23.594, 1605 MHz, 2619 MHz, 261.54 W, 700.00 W, 51, 15 %, 0x0000000000000000
2026/09/27 07:17:24.095, 1605 MHz, 2619 MHz, 262.35 W, 700.00 W, 50, 39 %, 0x0000000000000000
2026/09/27 07:17:24.595, 1605 MHz, 2619 MHz, 259.01 W, 700.00 W, 50, 28 %, 0x0000000000000000
2026/09/27 07:17:25.096, 1605 MHz, 2619 MHz, 260.63 W, 700.00 W, 49, 39 %, 0x0000000000000000
2026/09/27 07:17:25.596, 1605 MHz, 2619 MHz, 293.57 W, 700.00 W, 51, 43 %, 0x0000000000000000
2026/09/27 07:17:26.096, 1605 MHz, 2619 MHz, 302.80 W, 700.00 W, 51, 34 %, 0x0000000000000000
2026/09/27 07:17:26.597, 1605 MHz, 2619 MHz, 276.30 W, 700.00 W, 53, 11 %, 0x0000000000000000
2026/09/27 07:17:27.097, 1605 MHz, 2619 MHz, 257.56 W, 700.00 W, 50, 37 %, 0x0000000000000000
2026/09/27 07:17:27.598, 1605 MHz, 2619 MHz, 255.46 W, 700.00 W, 49, 39 %, 0x0000000000000000
2026/09/27 07:17:28.098, 1605 MHz, 2619 MHz, 274.25 W, 700.00 W, 49, 23 %, 0x0000000000000000
2026/09/27 07:17:28.599, 1605 MHz, 2619 MHz, 279.11 W, 700.00 W, 53, 0 %, 0x0000000000000000
2026/09/27 07:17:29.099, 1590 MHz, 2619 MHz, 295.95 W, 700.00 W, 55, 37 %, 0x0000000000000000
2026/09/27 07:17:29.600, 1605 MHz, 2619 MHz, 309.05 W, 700.00 W, 49, 28 %, 0x0000000000000000
2026/09/27 07:17:30.100, 1605 MHz, 2619 MHz, 294.14 W, 700.00 W, 52, 38 %, 0x0000000000000000
2026/09/27 07:17:30.601, 1605 MHz, 2619 MHz, 265.85 W, 700.00 W, 51, 22 %, 0x0000000000000000
2026/09/27 07:17:31.101, 1605 MHz, 2619 MHz, 256.35 W, 700.00 W, 50, 26 %, 0x0000000000000000
2026/09/27 07:17:31.602, 1605 MHz, 2619 MHz, 257.03 W, 700.00 W, 49, 39 %, 0x0000000000000000
2026/09/27 07:17:32.102, 1605 MHz, 2619 MHz, 275.73 W, 700.00 W, 49, 27 %, 0x0000000000000000
2026/09/27 07:17:32.603, 1605 MHz, 2619 MHz, 276.34 W, 700.00 W, 53, 0 %, 0x0000000000000000
2026/09/27 07:17:33.103, 1605 MHz, 2619 MHz, 317.93 W, 700.00 W, 51, 21 %, 0x0000000000000000
2026/09/27 07:17:33.604, 1605 MHz, 2619 MHz, 306.34 W, 700.00 W, 49, 39 %, 0x0000000000000000
2026/09/27 07:17:34.105, 1605 MHz, 2619 MHz, 269.35 W, 700.00 W, 48, 19 %, 0x0000000000000000
2026/09/27 07:17:34.605, 1605 MHz, 2619 MHz, 278.33 W, 700.00 W, 51, 0 %, 0x0000000000000000
2026/09/27 07:17:35.106, 1605 MHz, 2619 MHz, 271.93 W, 700.00 W, 51, 37 %, 0x0000000000000000
2026/09/27 07:17:35.606, 1605 MHz, 2619 MHz, 255.06 W, 700.00 W, 49, 40 %, 0x0000000000000000
2026/09/27 07:17:36.106, 1605 MHz, 2619 MHz, 252.34 W, 700.00 W, 49, 10 %, 0x0000000000000000
2026/09/27 07:17:36.607, 1605 MHz, 2619 MHz, 314.58 W, 700.00 W, 56, 98 %, 0x0000000000000000
2026/09/27 07:17:37.108, 1605 MHz, 2619 MHz, 317.71 W, 700.00 W, 52, 38 %, 0x0000000000000000
2026/09/27 07:17:37.608, 1605 MHz, 2619 MHz, 251.75 W, 700.00 W, 50, 40 %, 0x0000000000000000
2026/09/27 07:17:38.109, 1605 MHz, 2619 MHz, 250.74 W, 700.00 W, 49, 6 %, 0x0000000000000000
2026/09/27 07:17:38.609, 1605 MHz, 2619 MHz, 256.87 W, 700.00 W, 49, 33 %, 0x0000000000000000
2026/09/27 07:17:39.110, 1605 MHz, 2619 MHz, 269.67 W, 700.00 W, 51, 37 %, 0x0000000000000000
2026/09/27 07:17:39.610, 1605 MHz, 2619 MHz, 265.11 W, 700.00 W, 53, 11 %, 0x0000000000000000
2026/09/27 07:17:40.111, 1605 MHz, 2619 MHz, 254.94 W, 700.00 W, 50, 37 %, 0x0000000000000000
2026/09/27 07:17:40.611, 1605 MHz, 2619 MHz, 300.86 W, 700.00 W, 50, 21 %, 0x0000000000000000
2026/09/27 07:17:41.112, 1605 MHz, 2619 MHz, 309.39 W, 700.00 W, 52, 38 %, 0x0000000000000000
2026/09/27 07:17:41.612, 1605 MHz, 2619 MHz, 260.30 W, 700.00 W, 52, 13 %, 0x0000000000000000
2026/09/27 07:17:42.112, 1605 MHz, 2619 MHz, 251.24 W, 700.00 W, 50, 38 %, 0x0000000000000000
2026/09/27 07:17:42.613, 1605 MHz, 2619 MHz, 248.09 W, 700.00 W, 49, 40 %, 0x0000000000000000
2026/09/27 07:17:43.113, 1605 MHz, 2619 MHz, 254.68 W, 700.00 W, 49, 3 %, 0x0000000000000000
2026/09/27 07:17:43.614, 1605 MHz, 2619 MHz, 269.39 W, 700.00 W, 49, 15 %, 0x0000000000000000
2026/09/27 07:17:44.114, 1605 MHz, 2619 MHz, 307.64 W, 700.00 W, 53, 47 %, 0x0000000000000004
2026/09/27 07:17:44.615, 1605 MHz, 2619 MHz, 293.49 W, 700.00 W, 50, 40 %, 0x0000000000000000
2026/09/27 07:17:45.115, 1605 MHz, 2619 MHz, 251.31 W, 700.00 W, 49, 0 %, 0x0000000000000000
2026/09/27 07:17:45.616, 1605 MHz, 2619 MHz, 265.86 W, 700.00 W, 49, 18 %, 0x0000000000000000
2026/09/27 07:17:46.116, 1605 MHz, 2619 MHz, 270.23 W, 700.00 W, 53, 37 %, 0x0000000000000000
2026/09/27 07:17:46.617, 1605 MHz, 2619 MHz, 254.81 W, 700.00 W, 51, 26 %, 0x0000000000000000
2026/09/27 07:17:47.117, 1605 MHz, 2619 MHz, 250.66 W, 700.00 W, 50, 26 %, 0x0000000000000000
2026/09/27 07:17:47.618, 1605 MHz, 2619 MHz, 247.32 W, 700.00 W, 49, 40 %, 0x0000000000000000
2026/09/27 07:17:48.118, 1605 MHz, 2619 MHz, 310.84 W, 700.00 W, 54, 38 %, 0x0000000000000000
2026/09/27 07:17:48.619, 1605 MHz, 2619 MHz, 316.49 W, 700.00 W, 51, 29 %, 0x0000000000000000
2026/09/27 07:17:49.119, 1605 MHz, 2619 MHz, 250.61 W, 700.00 W, 50, 24 %, 0x0000000000000000
2026/09/27 07:17:49.619, 1605 MHz, 2619 MHz, 249.04 W, 700.00 W, 49, 40 %, 0x0000000000000000
2026/09/27 07:17:50.120, 1605 MHz, 2619 MHz, 263.82 W, 700.00 W, 49, 17 %, 0x0000000000000000
2026/09/27 07:17:50.620, 1605 MHz, 2619 MHz, 274.31 W, 700.00 W, 52, 0 %, 0x0000000000000000
2026/09/27 07:17:51.121, 1605 MHz, 2619 MHz, 262.75 W, 700.00 W, 53, 38 %, 0x0000000000000000
2026/09/27 07:17:51.621, 1605 MHz, 2619 MHz, 303.23 W, 700.00 W, 51, 66 %, 0x0000000000000004
2026/09/27 07:17:52.122, 1605 MHz, 2619 MHz, 306.36 W, 700.00 W, 49, 7 %, 0x0000000000000000
2026/09/27 07:17:52.622, 1605 MHz, 2619 MHz, 276.34 W, 700.00 W, 49, 10 %, 0x0000000000000000
2026/09/27 07:17:53.123, 1605 MHz, 2619 MHz, 270.72 W, 700.00 W, 52, 38 %, 0x0000000000000000
2026/09/27 07:17:53.623, 1605 MHz, 2619 MHz, 264.64 W, 700.00 W, 50, 30 %, 0x0000000000000000
2026/09/27 07:17:54.124, 1605 MHz, 2619 MHz, 254.86 W, 700.00 W, 49, 23 %, 0x0000000000000000
2026/09/27 07:17:54.625, 1605 MHz, 2619 MHz, 254.35 W, 700.00 W, 48, 40 %, 0x0000000000000000
2026/09/27 07:17:55.125, 1605 MHz, 2619 MHz, 261.21 W, 700.00 W, 48, 21 %, 0x0000000000000000
2026/09/27 07:17:55.626, 1605 MHz, 2619 MHz, 313.00 W, 700.00 W, 51, 35 %, 0x0000000000000000
2026/09/27 07:17:56.126, 1605 MHz, 2619 MHz, 307.82 W, 700.00 W, 50, 17 %, 0x0000000000000000
2026/09/27 07:17:56.627, 1605 MHz, 2619 MHz, 263.55 W, 700.00 W, 49, 37 %, 0x0000000000000000
2026/09/27 07:17:57.127, 1605 MHz, 2619 MHz, 275.11 W, 700.00 W, 52, 37 %, 0x0000000000000000
2026/09/27 07:17:57.628, 1605 MHz, 2619 MHz, 275.85 W, 700.00 W, 51, 18 %, 0x0000000000000000
2026/09/27 07:17:58.128, 1605 MHz, 2619 MHz, 257.26 W, 700.00 W, 50, 30 %, 0x0000000000000000
2026/09/27 07:17:58.629, 1605 MHz, 2619 MHz, 255.86 W, 700.00 W, 49, 40 %, 0x0000000000000000
2026/09/27 07:17:59.129, 1605 MHz, 2619 MHz, 319.33 W, 700.00 W, 54, 65 %, 0x0000000000000000
2026/09/27 07:17:59.629, 1605 MHz, 2619 MHz, 318.87 W, 700.00 W, 50, 40 %, 0x0000000000000000
2026/09/27 07:18:00.130, 1605 MHz, 2619 MHz, 255.10 W, 700.00 W, 49, 5 %, 0x0000000000000000
2026/09/27 07:18:00.630, 1605 MHz, 2619 MHz, 268.30 W, 700.00 W, 49, 28 %, 0x0000000000000000
2026/09/27 07:18:01.131, 1605 MHz, 2619 MHz, 274.83 W, 700.00 W, 52, 37 %, 0x0000000000000000
2026/09/27 07:18:01.631, 1605 MHz, 2619 MHz, 273.05 W, 700.00 W, 51, 21 %, 0x0000000000000000
2026/09/27 07:18:02.132, 1605 MHz, 2619 MHz, 255.07 W, 700.00 W, 50, 29 %, 0x0000000000000000
2026/09/27 07:18:02.632, 1590 MHz, 2619 MHz, 321.03 W, 700.00 W, 55, 85 %, 0x0000000000000000
2026/09/27 07:18:03.132, 1605 MHz, 2619 MHz, 326.05 W, 700.00 W, 51, 39 %, 0x0000000000000000
2026/09/27 07:18:03.633, 1605 MHz, 2619 MHz, 267.83 W, 700.00 W, 51, 0 %, 0x0000000000000000
2026/09/27 07:18:04.133, 1605 MHz, 2619 MHz, 266.82 W, 700.00 W, 51, 39 %, 0x0000000000000000
2026/09/27 07:18:04.634, 1605 MHz, 2619 MHz, 262.59 W, 700.00 W, 52, 0 %, 0x0000000000000000
2026/09/27 07:18:05.134, 1605 MHz, 2619 MHz, 260.26 W, 700.00 W, 52, 39 %, 0x0000000000000000
2026/09/27 07:18:05.634, 1605 MHz, 2619 MHz, 260.40 W, 700.00 W, 51, 13 %, 0x0000000000000000
2026/09/27 07:18:06.135, 1605 MHz, 2619 MHz, 258.37 W, 700.00 W, 50, 39 %, 0x0000000000000000
2026/09/27 07:18:06.635, 1605 MHz, 2619 MHz, 285.82 W, 700.00 W, 51, 55 %, 0x0000000000000000
2026/09/27 07:18:07.136, 1605 MHz, 2619 MHz, 280.14 W, 700.00 W, 49, 0 %, 0x0000000000000000
2026/09/27 07:18:07.636, 1605 MHz, 2619 MHz, 253.17 W, 700.00 W, 49, 35 %, 0x0000000000000000
2026/09/27 07:18:08.137, 1605 MHz, 2619 MHz, 258.42 W, 700.00 W, 49, 23 %, 0x0000000000000000
2026/09/27 07:18:08.637, 1605 MHz, 2619 MHz, 265.08 W, 700.00 W, 49, 11 %, 0x0000000000000000
2026/09/27 07:18:09.137, 1605 MHz, 2619 MHz, 264.56 W, 700.00 W, 51, 39 %, 0x0000000000000000
2026/09/27 07:18:09.638, 1605 MHz, 2619 MHz, 250.46 W, 700.00 W, 52, 0 %, 0x0000000000000000
2026/09/27 07:18:10.138, 1605 MHz, 2619 MHz, 245.95 W, 700.00 W, 53, 39 %, 0x0000000000000000
2026/09/27 07:18:10.639, 1605 MHz, 2619 MHz, 278.02 W, 700.00 W, 50, 45 %, 0x0000000000000000
2026/09/27 07:18:11.139, 1605 MHz, 2619 MHz, 278.56 W, 700.00 W, 49, 0 %, 0x0000000000000000
2026/09/27 07:18:11.639, 1605 MHz, 2619 MHz, 246.57 W, 700.00 W, 49, 42 %, 0x0000000000000000
2026/09/27 07:18:12.140, 1605 MHz, 2619 MHz, 253.57 W, 700.00 W, 49, 9 %, 0x0000000000000000
2026/09/27 07:18:12.640, 1605 MHz, 2619 MHz, 256.89 W, 700.00 W, 49, 29 %, 0x0000000000000000
2026/09/27 07:18:13.141, 1605 MHz, 2619 MHz, 260.10 W, 700.00 W, 48, 28 %, 0x0000000000000000
2026/09/27 07:18:13.641, 1605 MHz, 2619 MHz, 264.42 W, 700.00 W, 49, 10 %, 0x0000000000000000
2026/09/27 07:18:14.141, 1605 MHz, 2619 MHz, 259.30 W, 700.00 W, 50, 40 %, 0x0000000000000000
2026/09/27 07:18:14.643, 1605 MHz, 2619 MHz, 307.30 W, 700.00 W, 50, 40 %, 0x0000000000000000
2026/09/27 07:18:15.143, 1605 MHz, 2619 MHz, 306.21 W, 700.00 W, 49, 8 %, 0x0000000000000000
2026/09/27 07:18:15.644, 1605 MHz, 2619 MHz, 262.16 W, 700.00 W, 48, 40 %, 0x0000000000000000
2026/09/27 07:18:16.144, 1605 MHz, 2619 MHz, 275.83 W, 700.00 W, 48, 30 %, 0x0000000000000000
2026/09/27 07:18:16.644, 1605 MHz, 2619 MHz, 275.70 W, 700.00 W, 51, 0 %, 0x0000000000000000
2026/09/27 07:18:17.145, 1605 MHz, 2619 MHz, 259.92 W, 700.00 W, 50, 38 %, 0x0000000000000000
2026/09/27 07:18:17.646, 1605 MHz, 2619 MHz, 256.28 W, 700.00 W, 49, 40 %, 0x0000000000000000
2026/09/27 07:18:18.146, 1605 MHz, 2619 MHz, 307.91 W, 700.00 W, 51, 98 %, 0x0000000000000000
2026/09/27 07:18:18.646, 1605 MHz, 2619 MHz, 312.61 W, 700.00 W, 53, 9 %, 0x0000000000000000
2026/09/27 07:18:19.147, 1605 MHz, 2619 MHz, 270.53 W, 700.00 W, 50, 37 %, 0x0000000000000000
2026/09/27 07:18:19.647, 1605 MHz, 2619 MHz, 258.53 W, 700.00 W, 49, 40 %, 0x0000000000000000
2026/09/27 07:18:20.148, 1605 MHz, 2619 MHz, 279.34 W, 700.00 W, 49, 27 %, 0x0000000000000000
2026/09/27 07:18:20.648, 1605 MHz, 2619 MHz, 279.46 W, 700.00 W, 53, 9 %, 0x0000000000000000
2026/09/27 07:18:21.149, 1605 MHz, 2619 MHz, 269.78 W, 700.00 W, 50, 37 %, 0x0000000000000000
2026/09/27 07:18:21.649, 1605 MHz, 2619 MHz, 315.09 W, 700.00 W, 56, 84 %, 0x0000000000000000
2026/09/27 07:18:22.150, 1605 MHz, 2619 MHz, 317.49 W, 700.00 W, 51, 38 %, 0x0000000000000000
2026/09/27 07:18:22.650, 1605 MHz, 2619 MHz, 260.39 W, 700.00 W, 50, 40 %, 0x0000000000000000
2026/09/27 07:18:23.151, 1605 MHz, 2619 MHz, 269.45 W, 700.00 W, 49, 9 %, 0x0000000000000000
2026/09/27 07:18:23.651, 1605 MHz, 2619 MHz, 283.50 W, 700.00 W, 52, 0 %, 0x0000000000000000
2026/09/27 07:18:24.152, 1605 MHz, 2619 MHz, 279.52 W, 700.00 W, 50, 37 %, 0x0000000000000000
2026/09/27 07:18:24.652, 1605 MHz, 2619 MHz, 258.70 W, 700.00 W, 49, 40 %, 0x0000000000000000
2026/09/27 07:18:25.153, 1605 MHz, 2619 MHz, 269.35 W, 700.00 W, 49, 13 %, 0x0000000000000000
2026/09/27 07:18:25.653, 1605 MHz, 2619 MHz, 321.23 W, 700.00 W, 50, 32 %, 0x0000000000000000
2026/09/27 07:18:26.154, 1605 MHz, 2619 MHz, 309.38 W, 700.00 W, 49, 26 %, 0x0000000000000000
2026/09/27 07:18:26.655, 1605 MHz, 2619 MHz, 256.33 W, 700.00 W, 49, 41 %, 0x0000000000000000
2026/09/27 07:18:27.155, 1605 MHz, 2619 MHz, 257.47 W, 700.00 W, 48, 4 %, 0x0000000000000000
2026/09/27 07:18:27.656, 1605 MHz, 2619 MHz, 271.45 W, 700.00 W, 48, 21 %, 0x0000000000000000
2026/09/27 07:18:28.156, 1605 MHz, 2619 MHz, 274.72 W, 700.00 W, 50, 39 %, 0x0000000000000000
2026/09/27 07:18:28.656, 1605 MHz, 2619 MHz, 269.84 W, 700.00 W, 52, 5 %, 0x0000000000000000
2026/09/27 07:18:29.157, 1605 MHz, 2619 MHz, 288.72 W, 700.00 W, 51, 82 %, 0x0000000000000000
2026/09/27 07:18:29.657, 1605 MHz, 2619 MHz, 300.64 W, 700.00 W, 49, 34 %, 0x0000000000000000
2026/09/27 07:18:30.158, 1605 MHz, 2619 MHz, 276.49 W, 700.00 W, 49, 34 %, 0x0000000000000000
2026/09/27 07:18:30.658, 1605 MHz, 2619 MHz, 277.46 W, 700.00 W, 52, 0 %, 0x0000000000000000
2026/09/27 07:18:31.159, 1605 MHz, 2619 MHz, 264.11 W, 700.00 W, 51, 39 %, 0x0000000000000000
2026/09/27 07:18:31.659, 1605 MHz, 2619 MHz, 262.83 W, 700.00 W, 50, 42 %, 0x0000000000000000
2026/09/27 07:18:32.160, 1605 MHz, 2619 MHz, 259.80 W, 700.00 W, 49, 18 %, 0x0000000000000000
2026/09/27 07:18:32.660, 1605 MHz, 2619 MHz, 255.49 W, 700.00 W, 49, 42 %, 0x0000000000000000
2026/09/27 07:18:33.161, 1605 MHz, 2619 MHz, 311.20 W, 700.00 W, 53, 43 %, 0x0000000000000000
2026/09/27 07:18:33.661, 1605 MHz, 2619 MHz, 314.41 W, 700.00 W, 50, 37 %, 0x0000000000000000
2026/09/27 07:18:34.162, 1605 MHz, 2619 MHz, 263.36 W, 700.00 W, 50, 21 %, 0x0000000000000000
2026/09/27 07:18:34.662, 1605 MHz, 2619 MHz, 261.77 W, 700.00 W, 49, 42 %, 0x0000000000000000
2026/09/27 07:18:35.163, 1605 MHz, 2619 MHz, 269.88 W, 700.00 W, 49, 14 %, 0x0000000000000000
2026/09/27 07:18:35.663, 1605 MHz, 2619 MHz, 278.98 W, 700.00 W, 50, 9 %, 0x0000000000000000
2026/09/27 07:18:36.164, 1605 MHz, 2619 MHz, 283.62 W, 700.00 W, 53, 40 %, 0x0000000000000000
2026/09/27 07:18:36.664, 1605 MHz, 2619 MHz, 302.45 W, 700.00 W, 51, 57 %, 0x0000000000000000
2026/09/27 07:18:37.165, 1605 MHz, 2619 MHz, 294.42 W, 700.00 W, 49, 9 %, 0x0000000000000000
2026/09/27 07:18:37.665, 1605 MHz, 2619 MHz, 272.34 W, 700.00 W, 48, 19 %, 0x0000000000000000
2026/09/27 07:18:38.165, 1605 MHz, 2619 MHz, 275.24 W, 700.00 W, 50, 39 %, 0x0000000000000000
2026/09/27 07:18:38.666, 1605 MHz, 2619 MHz, 262.72 W, 700.00 W, 52, 1 %, 0x0000000000000000
2026/09/27 07:18:39.167, 1605 MHz, 2619 MHz, 254.42 W, 700.00 W, 50, 39 %, 0x0000000000000000
2026/09/27 07:18:39.667, 1605 MHz, 2619 MHz, 253.33 W, 700.00 W, 49, 40 %, 0x0000000000000000
2026/09/27 07:18:40.168, 1605 MHz, 2619 MHz, 255.85 W, 700.00 W, 49, 21 %, 0x0000000000000000
2026/09/27 07:18:40.669, 1605 MHz, 2619 MHz, 302.75 W, 700.00 W, 50, 5 %, 0x0000000000000000
2026/09/27 07:18:41.169, 1605 MHz, 2619 MHz, 306.15 W, 700.00 W, 51, 42 %, 0x0000000000000000
2026/09/27 07:18:41.670, 1605 MHz, 2619 MHz, 251.57 W, 700.00 W, 51, 7 %, 0x0000000000000000
2026/09/27 07:18:42.171, 1605 MHz, 2619 MHz, 249.79 W, 700.00 W, 50, 41 %, 0x0000000000000000
2026/09/27 07:18:42.672, 1605 MHz, 2619 MHz, 255.35 W, 700.00 W, 49, 37 %, 0x0000000000000000
2026/09/27 07:18:43.172, 1605 MHz, 2619 MHz, 254.42 W, 700.00 W, 49, 30 %, 0x0000000000000000
2026/09/27 07:18:43.672, 1605 MHz, 2619 MHz, 248.38 W, 700.00 W, 49, 44 %, 0x0000000000000000
2026/09/27 07:18:44.173, 1605 MHz, 2619 MHz, 300.07 W, 700.00 W, 53, 2 %, 0x0000000000000000
2026/09/27 07:18:44.674, 1605 MHz, 2619 MHz, 308.15 W, 700.00 W, 52, 0 %, 0x0000000000000000
2026/09/27 07:18:45.175, 1605 MHz, 2619 MHz, 257.86 W, 700.00 W, 51, 42 %, 0x0000000000000000
2026/09/27 07:18:45.676, 1605 MHz, 2619 MHz, 254.38 W, 700.00 W, 50, 27 %, 0x0000000000000000
2026/09/27 07:18:46.176, 1605 MHz, 2619 MHz, 253.43 W, 700.00 W, 49, 38 %, 0x0000000000000000
2026/09/27 07:18:46.676, 1605 MHz, 2619 MHz, 253.63 W, 700.00 W, 49, 44 %, 0x0000000000000000
2026/09/27 07:18:47.177, 1605 MHz, 2619 MHz, 255.99 W, 700.00 W, 49, 10 %, 0x0000000000000000
2026/09/27 07:18:47.677, 1605 MHz, 2619 MHz, 259.16 W, 700.00 W, 48, 44 %, 0x0000000000000000
2026/09/27 07:18:48.178, 1605 MHz, 2619 MHz, 302.47 W, 700.00 W, 52, 74 %, 0x0000000000000000
2026/09/27 07:18:48.679, 1605 MHz, 2619 MHz, 306.02 W, 700.00 W, 51, 15 %, 0x0000000000000000
2026/09/27 07:18:49.179, 1605 MHz, 2619 MHz, 256.27 W, 700.00 W, 50, 42 %, 0x0000000000000000
2026/09/27 07:18:49.680, 1605 MHz, 2619 MHz, 249.55 W, 700.00 W, 49, 44 %, 0x0000000000000000
2026/09/27 07:18:50.180, 1605 MHz, 2619 MHz, 251.30 W, 700.00 W, 49, 22 %, 0x0000000000000000
2026/09/27 07:18:50.681, 1605 MHz, 2619 MHz, 257.87 W, 700.00 W, 49, 44 %, 0x0000000000000000
2026/09/27 07:18:51.181, 1605 MHz, 2619 MHz, 263.16 W, 700.00 W, 48, 0 %, 0x0000000000000000
2026/09/27 07:18:51.682, 1605 MHz, 2619 MHz, 265.82 W, 700.00 W, 48, 40 %, 0x0000000000000000
2026/09/27 07:18:52.183, 1605 MHz, 2619 MHz, 303.10 W, 700.00 W, 51, 42 %, 0x0000000000000000
2026/09/27 07:18:52.683, 1605 MHz, 2619 MHz, 302.57 W, 700.00 W, 50, 35 %, 0x0000000000000000
2026/09/27 07:18:53.183, 1605 MHz, 2619 MHz, 253.15 W, 700.00 W, 49, 30 %, 0x0000000000000000
2026/09/27 07:18:53.684, 1605 MHz, 2619 MHz, 249.44 W, 700.00 W, 49, 44 %, 0x0000000000000000
2026/09/27 07:18:54.184, 1605 MHz, 2619 MHz, 258.68 W, 700.00 W, 48, 1 %, 0x0000000000000000
2026/09/27 07:18:54.685, 1605 MHz, 2619 MHz, 269.77 W, 700.00 W, 48, 44 %, 0x0000000000000000
2026/09/27 07:18:55.185, 1605 MHz, 2619 MHz, 272.93 W, 700.00 W, 48, 19 %, 0x0000000000000000
2026/09/27 07:18:55.686, 1605 MHz, 2619 MHz, 299.88 W, 700.00 W, 52, 98 %, 0x0000000000000000
2026/09/27 07:18:56.186, 1605 MHz, 2619 MHz, 284.17 W, 700.00 W, 49, 33 %, 0x0000000000000000
2026/09/27 07:18:56.687, 1605 MHz, 2619 MHz, 250.37 W, 700.00 W, 49, 44 %, 0x0000000000000000
2026/09/27 07:18:57.187, 1605 MHz, 2619 MHz, 255.58 W, 700.00 W, 49, 5 %, 0x0000000000000000
2026/09/27 07:18:57.688, 1605 MHz, 2619 MHz, 267.24 W, 700.00 W, 48, 44 %, 0x0000000000000000
2026/09/27 07:18:58.188, 1605 MHz, 2619 MHz, 253.16 W, 700.00 W, 49, 44 %, 0x0000000000000000
2026/09/27 07:18:58.689, 1605 MHz, 2619 MHz, 249.61 W, 700.00 W, 49, 19 %, 0x0000000000000000
2026/09/27 07:18:59.189, 1605 MHz, 2619 MHz, 254.84 W, 700.00 W, 48, 44 %, 0x0000000000000000
2026/09/27 07:18:59.690, 1605 MHz, 2619 MHz, 307.63 W, 700.00 W, 52, 44 %, 0x0000000000000000
2026/09/27 07:19:00.191, 1605 MHz, 2619 MHz, 301.60 W, 700.00 W, 51, 12 %, 0x0000000000000000
2026/09/27 07:19:00.691, 1605 MHz, 2619 MHz, 248.92 W, 700.00 W, 50, 44 %, 0x0000000000000000
2026/09/27 07:19:01.192, 1605 MHz, 2619 MHz, 251.55 W, 700.00 W, 49, 42 %, 0x0000000000000000
2026/09/27 07:19:01.692, 1605 MHz, 2619 MHz, 255.04 W, 700.00 W, 49, 25 %, 0x0000000000000000
2026/09/27 07:19:02.193, 1605 MHz, 2619 MHz, 251.71 W, 700.00 W, 48, 44 %, 0x0000000000000000
2026/09/27 07:19:02.694, 1605 MHz, 2619 MHz, 257.92 W, 700.00 W, 48, 0 %, 0x0000000000000000
2026/09/27 07:19:03.194, 1605 MHz, 2619 MHz, 302.92 W, 700.00 W, 55, 95 %, 0x0000000000000000
2026/09/27 07:19:03.695, 1605 MHz, 2619 MHz, 308.36 W, 700.00 W, 51, 42 %, 0x0000000000000000
2026/09/27 07:19:04.195, 1605 MHz, 2619 MHz, 260.35 W, 700.00 W, 50, 42 %, 0x0000000000000000
2026/09/27 07:19:04.696, 1605 MHz, 2619 MHz, 256.92 W, 700.00 W, 49, 12 %, 0x0000000000000000
2026/09/27 07:19:05.196, 1605 MHz, 2619 MHz, 275.63 W, 700.00 W, 49, 42 %, 0x0000000000000000
2026/09/27 07:19:05.697, 1605 MHz, 2619 MHz, 286.38 W, 700.00 W, 48, 20 %, 0x0000000000000000
2026/09/27 07:19:06.197, 1605 MHz, 2619 MHz, 279.46 W, 700.00 W, 51, 0 %, 0x0000000000000000
2026/09/27 07:19:06.698, 1605 MHz, 2619 MHz, 264.89 W, 700.00 W, 53, 42 %, 0x0000000000000000
2026/09/27 07:19:07.198, 1605 MHz, 2619 MHz, 297.72 W, 700.00 W, 49, 42 %, 0x0000000000000000
2026/09/27 07:19:07.699, 1605 MHz, 2619 MHz, 307.09 W, 700.00 W, 48, 14 %, 0x0000000000000000
2026/09/27 07:19:08.200, 1605 MHz, 2619 MHz, 274.88 W, 700.00 W, 49, 9 %, 0x0000000000000000
2026/09/27 07:19:08.700, 1605 MHz, 2619 MHz, 264.31 W, 700.00 W, 51, 42 %, 0x0000000000000000
2026/09/27 07:19:09.201, 1605 MHz, 2619 MHz, 252.64 W, 700.00 W, 51, 12 %, 0x0000000000000000
2026/09/27 07:19:09.701, 1605 MHz, 2619 MHz, 250.30 W, 700.00 W, 49, 41 %, 0x0000000000000000
2026/09/27 07:19:10.201, 1605 MHz, 2619 MHz, 253.06 W, 700.00 W, 49, 41 %, 0x0000000000000000
2026/09/27 07:19:10.702, 1575 MHz, 2619 MHz, 308.95 W, 700.00 W, 54, 12 %, 0x0000000000000004
2026/09/27 07:19:11.202, 1605 MHz, 2619 MHz, 310.21 W, 700.00 W, 53, 0 %, 0x0000000000000000
2026/09/27 07:19:11.703, 1605 MHz, 2619 MHz, 261.70 W, 700.00 W, 51, 42 %, 0x0000000000000000
2026/09/27 07:19:12.203, 1605 MHz, 2619 MHz, 260.15 W, 700.00 W, 50, 42 %, 0x0000000000000000
2026/09/27 07:19:12.704, 1605 MHz, 2619 MHz, 258.60 W, 700.00 W, 49, 17 %, 0x0000000000000000
2026/09/27 07:19:13.204, 1605 MHz, 2619 MHz, 268.03 W, 700.00 W, 49, 40 %, 0x0000000000000000
2026/09/27 07:19:13.705, 1605 MHz, 2619 MHz, 278.60 W, 700.00 W, 49, 15 %, 0x0000000000000000
2026/09/27 07:19:14.205, 1605 MHz, 2619 MHz, 282.43 W, 700.00 W, 51, 3 %, 0x0000000000000004
2026/09/27 07:19:14.706, 1605 MHz, 2619 MHz, 304.05 W, 700.00 W, 51, 56 %, 0x0000000000000000
2026/09/27 07:19:15.206, 1605 MHz, 2619 MHz, 301.82 W, 700.00 W, 50, 16 %, 0x0000000000000000
2026/09/27 07:19:15.707, 1605 MHz, 2619 MHz, 280.07 W, 700.00 W, 49, 0 %, 0x0000000000000000
2026/09/27 07:19:16.207, 1605 MHz, 2619 MHz, 285.18 W, 700.00 W, 49, 42 %, 0x0000000000000000
2026/09/27 07:19:16.708, 1605 MHz, 2619 MHz, 283.61 W, 700.00 W, 49, 29 %, 0x0000000000000000
2026/09/27 07:19:17.208, 1605 MHz, 2619 MHz, 266.86 W, 700.00 W, 52, 42 %, 0x0000000000000000
2026/09/27 07:19:17.712, 1605 MHz, 2619 MHz, 266.42 W, 700.00 W, 53, 2 %, 0x0000000000000000
2026/09/27 07:19:18.213, 1605 MHz, 2619 MHz, 298.21 W, 700.00 W, 53, 98 %, 0x0000000000000000
2026/09/27 07:19:18.714, 1605 MHz, 2619 MHz, 309.04 W, 700.00 W, 49, 41 %, 0x0000000000000000
2026/09/27 07:19:19.214, 1605 MHz, 2619 MHz, 276.75 W, 700.00 W, 48, 41 %, 0x0000000000000000
2026/09/27 07:19:19.715, 1605 MHz, 2619 MHz, 271.66 W, 700.00 W, 50, 0 %, 0x0000000000000000
2026/09/27 07:19:20.215, 1605 MHz, 2619 MHz, 260.09 W, 700.00 W, 52, 38 %, 0x0000000000000000
2026/09/27 07:19:20.716, 1605 MHz, 2619 MHz, 253.16 W, 700.00 W, 50, 25 %, 0x0000000000000000
2026/09/27 07:19:21.216, 1605 MHz, 2619 MHz, 255.03 W, 700.00 W, 49, 0 %, 0x0000000000000000
2026/09/27 07:19:21.717, 1605 MHz, 2619 MHz, 254.14 W, 700.00 W, 49, 44 %, 0x0000000000000000
2026/09/27 07:19:22.218, 1605 MHz, 2619 MHz, 308.07 W, 700.00 W, 54, 42 %, 0x0000000000000000
2026/09/27 07:19:22.719, 1605 MHz, 2619 MHz, 314.21 W, 700.00 W, 51, 31 %, 0x0000000000000000
2026/09/27 07:19:23.219, 1605 MHz, 2619 MHz, 258.71 W, 700.00 W, 49, 14 %, 0x0000000000000000
2026/09/27 07:19:23.720, 1605 MHz, 2619 MHz, 276.02 W, 700.00 W, 49, 33 %, 0x0000000000000000
2026/09/27 07:19:24.220, 1605 MHz, 2619 MHz, 278.33 W, 700.00 W, 52, 40 %, 0x0000000000000000
2026/09/27 07:19:24.721, 1605 MHz, 2619 MHz, 267.25 W, 700.00 W, 50, 28 %, 0x0000000000000000
2026/09/27 07:19:25.221, 1605 MHz, 2619 MHz, 257.96 W, 700.00 W, 49, 12 %, 0x0000000000000000
2026/09/27 07:19:25.722, 1605 MHz, 2619 MHz, 312.05 W, 700.00 W, 56, 97 %, 0x0000000000000000
2026/09/27 07:19:26.222, 1605 MHz, 2619 MHz, 302.42 W, 700.00 W, 53, 38 %, 0x0000000000000000
2026/09/27 07:19:26.723, 1605 MHz, 2619 MHz, 248.35 W, 700.00 W, 52, 13 %, 0x0000000000000000
2026/09/27 07:19:27.223, 1605 MHz, 2619 MHz, 246.14 W, 700.00 W, 51, 19 %, 0x0000000000000000
2026/09/27 07:19:27.723, 1605 MHz, 2619 MHz, 245.82 W, 700.00 W, 50, 32 %, 0x0000000000000000
2026/09/27 07:19:28.224, 1605 MHz, 2619 MHz, 245.14 W, 700.00 W, 50, 0 %, 0x0000000000000000
2026/09/27 07:19:28.724, 1605 MHz, 2619 MHz, 248.59 W, 700.00 W, 50, 42 %, 0x0000000000000000
2026/09/27 07:19:29.225, 1605 MHz, 2619 MHz, 245.62 W, 700.00 W, 49, 0 %, 0x0000000000000000
2026/09/27 07:19:29.725, 1605 MHz, 2619 MHz, 314.88 W, 700.00 W, 50, 10 %, 0x0000000000000000
2026/09/27 07:19:30.226, 1605 MHz, 2619 MHz, 320.17 W, 700.00 W, 51, 40 %, 0x0000000000000000
2026/09/27 07:19:30.726, 1605 MHz, 2619 MHz, 258.14 W, 700.00 W, 51, 15 %, 0x0000000000000000
2026/09/27 07:19:31.227, 1605 MHz, 2619 MHz, 255.11 W, 700.00 W, 49, 0 %, 0x0000000000000000
2026/09/27 07:19:31.728, 1605 MHz, 2619 MHz, 251.52 W, 700.00 W, 49, 41 %, 0x0000000000000000
2026/09/27 07:19:32.228, 1605 MHz, 2619 MHz, 267.29 W, 700.00 W, 48, 36 %, 0x0000000000000000
2026/09/27 07:19:32.729, 1605 MHz, 2619 MHz, 277.28 W, 700.00 W, 48, 21 %, 0x0000000000000000
2026/09/27 07:19:33.229, 1605 MHz, 2619 MHz, 281.07 W, 700.00 W, 51, 87 %, 0x0000000000000000
2026/09/27 07:19:33.730, 1605 MHz, 2619 MHz, 287.27 W, 700.00 W, 50, 47 %, 0x0000000000000000
2026/09/27 07:19:34.230, 1605 MHz, 2619 MHz, 273.18 W, 700.00 W, 49, 8 %, 0x0000000000000000
2026/09/27 07:19:34.731, 1605 MHz, 2619 MHz, 250.87 W, 700.00 W, 49, 42 %, 0x0000000000000000
2026/09/27 07:19:35.231, 1605 MHz, 2619 MHz, 253.95 W, 700.00 W, 49, 31 %, 0x0000000000000000
2026/09/27 07:19:35.731, 1605 MHz, 2619 MHz, 262.73 W, 700.00 W, 49, 35 %, 0x0000000000000000
2026/09/27 07:19:36.232, 1605 MHz, 2619 MHz, 266.41 W, 700.00 W, 49, 42 %, 0x0000000000000000
2026/09/27 07:19:36.732, 1605 MHz, 2619 MHz, 253.82 W, 700.00 W, 49, 10 %, 0x0000000000000000
2026/09/27 07:19:37.233, 1605 MHz, 2619 MHz, 292.27 W, 700.00 W, 54, 12 %, 0x0000000000000000
2026/09/27 07:19:37.733, 1605 MHz, 2619 MHz, 297.27 W, 700.00 W, 50, 40 %, 0x0000000000000000
2026/09/27 07:19:38.234, 1605 MHz, 2619 MHz, 272.53 W, 700.00 W, 49, 38 %, 0x0000000000000000
2026/09/27 07:19:38.734, 1605 MHz, 2619 MHz, 275.03 W, 700.00 W, 50, 13 %, 0x0000000000000000
2026/09/27 07:19:39.235, 1605 MHz, 2619 MHz, 272.30 W, 700.00 W, 53, 36 %, 0x0000000000000000
2026/09/27 07:19:39.735, 1605 MHz, 2619 MHz, 255.18 W, 700.00 W, 50, 36 %, 0x0000000000000000
2026/09/27 07:19:40.235, 1605 MHz, 2619 MHz, 256.21 W, 700.00 W, 49, 14 %, 0x0000000000000000
2026/09/27 07:19:40.736, 1605 MHz, 2619 MHz, 274.40 W, 700.00 W, 49, 37 %, 0x0000000000000000
2026/09/27 07:19:41.237, 1605 MHz, 2619 MHz, 321.57 W, 700.00 W, 53, 39 %, 0x0000000000000000
2026/09/27 07:19:41.737, 1605 MHz, 2619 MHz, 316.43 W, 700.00 W, 52, 9 %, 0x0000000000000000
2026/09/27 07:19:42.238, 1605 MHz, 2619 MHz, 258.38 W, 700.00 W, 51, 26 %, 0x0000000000000000
2026/09/27 07:19:42.738, 1605 MHz, 2619 MHz, 260.66 W, 700.00 W, 50, 22 %, 0x0000000000000000
2026/09/27 07:19:43.239, 1605 MHz, 2619 MHz, 260.27 W, 700.00 W, 50, 12 %, 0x0000000000000000
2026/09/27 07:19:43.740, 1605 MHz, 2619 MHz, 260.81 W, 700.00 W, 49, 36 %, 0x0000000000000000
2026/09/27 07:19:44.241, 1605 MHz, 2619 MHz, 259.48 W, 700.00 W, 49, 0 %, 0x0000000000000000
2026/09/27 07:19:44.742, 1590 MHz, 2619 MHz, 317.84 W, 700.00 W, 55, 49 %, 0x0000000000000000
2026/09/27 07:19:45.242, 1605 MHz, 2619 MHz, 318.68 W, 700.00 W, 51, 40 %, 0x0000000000000000
2026/09/27 07:19:45.743, 1605 MHz, 2619 MHz, 259.03 W, 700.00 W, 53, 9 %, 0x0000000000000000
2026/09/27 07:19:46.243, 1605 MHz, 2619 MHz, 252.79 W, 700.00 W, 50, 0 %, 0x0000000000000000
2026/09/27 07:19:46.744, 1605 MHz, 2619 MHz, 270.22 W, 700.00 W, 49, 40 %, 0x0000000000000000
2026/09/27 07:19:47.244, 1605 MHz, 2619 MHz, 275.71 W, 700.00 W, 49, 40 %, 0x0000000000000000
2026/09/27 07:19:47.745, 1605 MHz, 2619 MHz, 268.26 W, 700.00 W, 53, 0 %, 0x0000000000000000
2026/09/27 07:19:48.245, 1605 MHz, 2619 MHz, 255.05 W, 700.00 W, 51, 11 %, 0x0000000000000000
2026/09/27 07:19:48.745, 1605 MHz, 2619 MHz, 308.20 W, 700.00 W, 50, 39 %, 0x0000000000000000
2026/09/27 07:19:49.246, 1605 MHz, 2619 MHz, 314.64 W, 700.00 W, 49, 40 %, 0x0000000000000000
2026/09/27 07:19:49.746, 1605 MHz, 2619 MHz, 256.69 W, 700.00 W, 53, 0 %, 0x0000000000000000
2026/09/27 07:19:50.247, 1605 MHz, 2619 MHz, 249.98 W, 700.00 W, 51, 18 %, 0x0000000000000000
2026/09/27 07:19:50.747, 1605 MHz, 2619 MHz, 249.43 W, 700.00 W, 50, 40 %, 0x0000000000000000
2026/09/27 07:19:51.248, 1605 MHz, 2619 MHz, 264.05 W, 700.00 W, 49, 19 %, 0x0000000000000000
2026/09/27 07:19:51.748, 1605 MHz, 2619 MHz, 274.58 W, 700.00 W, 49, 35 %, 0x0000000000000000
2026/09/27 07:19:52.248, 1605 MHz, 2619 MHz, 315.68 W, 700.00 W, 56, 22 %, 0x0000000000000000
2026/09/27 07:19:52.749, 1605 MHz, 2619 MHz, 308.84 W, 700.00 W, 50, 29 %, 0x0000000000000000
2026/09/27 07:19:53.250, 1605 MHz, 2619 MHz, 258.82 W, 700.00 W, 49, 0 %, 0x0000000000000000
2026/09/27 07:19:53.750, 1605 MHz, 2619 MHz, 274.89 W, 700.00 W, 49, 40 %, 0x0000000000000000
2026/09/27 07:19:54.250, 1605 MHz, 2619 MHz, 274.66 W, 700.00 W, 48, 40 %, 0x0000000000000000
2026/09/27 07:19:54.751, 1605 MHz, 2619 MHz, 265.47 W, 700.00 W, 51, 0 %, 0x0000000000000000
2026/09/27 07:19:55.251, 1605 MHz, 2619 MHz, 254.35 W, 700.00 W, 51, 25 %, 0x0000000000000000
2026/09/27 07:19:55.752, 1605 MHz, 2619 MHz, 251.56 W, 700.00 W, 49, 40 %, 0x0000000000000000
2026/09/27 07:19:56.253, 1605 MHz, 2619 MHz, 317.28 W, 700.00 W, 50, 43 %, 0x0000000000000000
2026/09/27 07:19:56.753, 1605 MHz, 2619 MHz, 315.34 W, 700.00 W, 53, 0 %, 0x0000000000000000
2026/09/27 07:19:57.254, 1605 MHz, 2619 MHz, 248.83 W, 700.00 W, 51, 18 %, 0x0000000000000000
2026/09/27 07:19:57.754, 1605 MHz, 2619 MHz, 249.92 W, 700.00 W, 50, 40 %, 0x0000000000000000
2026/09/27 07:19:58.255, 1605 MHz, 2619 MHz, 268.76 W, 700.00 W, 49, 25 %, 0x0000000000000000
2026/09/27 07:19:58.755, 1605 MHz, 2619 MHz, 271.07 W, 700.00 W, 49, 28 %, 0x0000000000000000
2026/09/27 07:19:59.255, 1605 MHz, 2619 MHz, 255.05 W, 700.00 W, 52, 40 %, 0x0000000000000000
2026/09/27 07:19:59.756, 1605 MHz, 2619 MHz, 293.06 W, 700.00 W, 52, 91 %, 0x0000000000000000
2026/09/27 07:20:00.256, 1605 MHz, 2619 MHz, 307.75 W, 700.00 W, 49, 13 %, 0x0000000000000000
2026/09/27 07:20:00.757, 1605 MHz, 2619 MHz, 276.88 W, 700.00 W, 49, 40 %, 0x0000000000000000
2026/09/27 07:20:01.257, 1605 MHz, 2619 MHz, 273.96 W, 700.00 W, 49, 40 %, 0x0000000000000000
2026/09/27 07:20:01.757, 1605 MHz, 2619 MHz, 257.94 W, 700.00 W, 52, 0 %, 0x0000000000000000
2026/09/27 07:20:02.258, 1605 MHz, 2619 MHz, 252.16 W, 700.00 W, 50, 13 %, 0x0000000000000000
2026/09/27 07:20:02.759, 1605 MHz, 2619 MHz, 256.61 W, 700.00 W, 49, 40 %, 0x0000000000000000
2026/09/27 07:20:03.259, 1605 MHz, 2619 MHz, 270.70 W, 700.00 W, 49, 24 %, 0x0000000000000000
2026/09/27 07:20:03.760, 1605 MHz, 2619 MHz, 315.25 W, 700.00 W, 54, 0 %, 0x0000000000000000
2026/09/27 07:20:04.260, 1605 MHz, 2619 MHz, 307.20 W, 700.00 W, 51, 10 %, 0x0000000000000000
2026/09/27 07:20:04.761, 1605 MHz, 2619 MHz, 257.45 W, 700.00 W, 50, 40 %, 0x0000000000000000
2026/09/27 07:20:05.261, 1605 MHz, 2619 MHz, 272.62 W, 700.00 W, 49, 32 %, 0x0000000000000000
2026/09/27 07:20:05.762, 1605 MHz, 2619 MHz, 271.51 W, 700.00 W, 49, 21 %, 0x0000000000000000
2026/09/27 07:20:06.262, 1605 MHz, 2619 MHz, 262.37 W, 700.00 W, 52, 40 %, 0x0000000000000000
2026/09/27 07:20:06.763, 1605 MHz, 2619 MHz, 250.14 W, 700.00 W, 51, 21 %, 0x0000000000000000
2026/09/27 07:20:07.263, 1605 MHz, 2619 MHz, 312.87 W, 700.00 W, 51, 38 %, 0x0000000000000000
2026/09/27 07:20:07.764, 1605 MHz, 2619 MHz, 314.72 W, 700.00 W, 49, 17 %, 0x0000000000000000
2026/09/27 07:20:08.264, 1605 MHz, 2619 MHz, 253.61 W, 700.00 W, 53, 40 %, 0x0000000000000000
2026/09/27 07:20:08.764, 1605 MHz, 2619 MHz, 252.07 W, 700.00 W, 51, 22 %, 0x0000000000000000
2026/09/27 07:20:09.265, 1605 MHz, 2619 MHz, 249.26 W, 700.00 W, 50, 0 %, 0x0000000000000000
2026/09/27 07:20:09.765, 1605 MHz, 2619 MHz, 264.40 W, 700.00 W, 49, 40 %, 0x0000000000000000
2026/09/27 07:20:10.266, 1605 MHz, 2619 MHz, 274.93 W, 700.00 W, 49, 40 %, 0x0000000000000000
2026/09/27 07:20:10.766, 1605 MHz, 2619 MHz, 279.79 W, 700.00 W, 49, 6 %, 0x0000000000000000
2026/09/27 07:20:11.267, 1605 MHz, 2619 MHz, 295.70 W, 700.00 W, 51, 17 %, 0x0000000000000000
2026/09/27 07:20:11.768, 1605 MHz, 2619 MHz, 287.90 W, 700.00 W, 50, 31 %, 0x0000000000000000
2026/09/27 07:20:12.269, 1605 MHz, 2619 MHz, 258.14 W, 700.00 W, 50, 4 %, 0x0000000000000000
2026/09/27 07:20:12.769, 1605 MHz, 2619 MHz, 257.56 W, 700.00 W, 49, 42 %, 0x0000000000000000
2026/09/27 07:20:13.269, 1605 MHz, 2619 MHz, 258.06 W, 700.00 W, 49, 0 %, 0x0000000000000000
2026/09/27 07:20:13.770, 1605 MHz, 2619 MHz, 261.67 W, 700.00 W, 49, 42 %, 0x0000000000000000
2026/09/27 07:20:14.270, 1605 MHz, 2619 MHz, 265.72 W, 700.00 W, 49, 0 %, 0x0000000000000000
2026/09/27 07:20:14.771, 1605 MHz, 2619 MHz, 320.36 W, 700.00 W, 55, 69 %, 0x0000000000000004
2026/09/27 07:20:15.271, 1605 MHz, 2619 MHz, 315.77 W, 700.00 W, 53, 40 %, 0x0000000000000000
2026/09/27 07:20:15.772, 1605 MHz, 2619 MHz, 253.71 W, 700.00 W, 51, 30 %, 0x0000000000000000
2026/09/27 07:20:16.272, 1605 MHz, 2619 MHz, 262.48 W, 700.00 W, 50, 11 %, 0x0000000000000000
2026/09/27 07:20:16.772, 1605 MHz, 2619 MHz, 275.92 W, 700.00 W, 49, 38 %, 0x0000000000000000
2026/09/27 07:20:17.273, 1605 MHz, 2619 MHz, 269.39 W, 700.00 W, 52, 40 %, 0x0000000000000000
2026/09/27 07:20:17.774, 1605 MHz, 2619 MHz, 255.07 W, 700.00 W, 51, 17 %, 0x0000000000000000
2026/09/27 07:20:18.274, 1605 MHz, 2619 MHz, 255.16 W, 700.00 W, 50, 0 %, 0x0000000000000000
2026/09/27 07:20:18.774, 1605 MHz, 2619 MHz, 321.43 W, 700.00 W, 52, 1 %, 0x0000000000000000
2026/09/27 07:20:19.275, 1605 MHz, 2619 MHz, 317.85 W, 700.00 W, 54, 32 %, 0x0000000000000000
2026/09/27 07:20:19.775, 1605 MHz, 2619 MHz, 252.84 W, 700.00 W, 50, 40 %, 0x0000000000000000
2026/09/27 07:20:20.276, 1605 MHz, 2619 MHz, 270.19 W, 700.00 W, 49, 18 %, 0x0000000000000000
2026/09/27 07:20:20.776, 1605 MHz, 2619 MHz, 275.69 W, 700.00 W, 49, 34 %, 0x0000000000000000
2026/09/27 07:20:21.277, 1605 MHz, 2619 MHz, 271.90 W, 700.00 W, 52, 40 %, 0x0000000000000000
2026/09/27 07:20:21.777, 1605 MHz, 2619 MHz, 255.11 W, 700.00 W, 52, 15 %, 0x0000000000000000
2026/09/27 07:20:22.278, 1605 MHz, 2619 MHz, 317.68 W, 700.00 W, 51, 27 %, 0x0000000000000000
2026/09/27 07:20:22.778, 1605 MHz, 2619 MHz, 321.90 W, 700.00 W, 49, 30 %, 0x0000000000000000
2026/09/27 07:20:23.279, 1605 MHz, 2619 MHz, 267.35 W, 700.00 W, 50, 41 %, 0x0000000000000000
2026/09/27 07:20:23.779, 1605 MHz, 2619 MHz, 255.13 W, 700.00 W, 52, 4 %, 0x0000000000000000
2026/09/27 07:20:24.280, 1605 MHz, 2619 MHz, 254.46 W, 700.00 W, 50, 11 %, 0x0000000000000000
2026/09/27 07:20:24.781, 1605 MHz, 2619 MHz, 258.33 W, 700.00 W, 49, 41 %, 0x0000000000000000
2026/09/27 07:20:25.281, 1605 MHz, 2619 MHz, 270.00 W, 700.00 W, 49, 24 %, 0x0000000000000000
2026/09/27 07:20:25.781, 1605 MHz, 2619 MHz, 280.38 W, 700.00 W, 48, 32 %, 0x0000000000000000
2026/09/27 07:20:26.282, 1605 MHz, 2619 MHz, 304.41 W, 700.00 W, 52, 21 %, 0x0000000000000000
2026/09/27 07:20:26.782, 1605 MHz, 2619 MHz, 292.28 W, 700.00 W, 51, 33 %, 0x0000000000000000
2026/09/27 07:20:27.283, 1605 MHz, 2619 MHz, 245.90 W, 700.00 W, 50, 0 %, 0x0000000000000000
2026/09/27 07:20:27.783, 1605 MHz, 2619 MHz, 244.68 W, 700.00 W, 50, 42 %, 0x0000000000000000
2026/09/27 07:20:28.284, 1605 MHz, 2619 MHz, 257.04 W, 700.00 W, 49, 7 %, 0x0000000000000000
2026/09/27 07:20:28.784, 1605 MHz, 2619 MHz, 261.85 W, 700.00 W, 49, 42 %, 0x0000000000000000
2026/09/27 07:20:29.285, 1605 MHz, 2619 MHz, 264.60 W, 700.00 W, 49, 31 %, 0x0000000000000000
2026/09/27 07:20:29.785, 1605 MHz, 2619 MHz, 296.64 W, 700.00 W, 56, 98 %, 0x0000000000000000
2026/09/27 07:20:30.285, 1605 MHz, 2619 MHz, 285.38 W, 700.00 W, 53, 31 %, 0x0000000000000000
2026/09/27 07:20:30.786, 1605 MHz, 2619 MHz, 249.56 W, 700.00 W, 51, 19 %, 0x0000000000000000
2026/09/27 07:20:31.286, 1605 MHz, 2619 MHz, 249.01 W, 700.00 W, 50, 13 %, 0x0000000000000000
2026/09/27 07:20:31.787, 1605 MHz, 2619 MHz, 245.88 W, 700.00 W, 50, 39 %, 0x0000000000000000
2026/09/27 07:20:32.287, 1605 MHz, 2619 MHz, 244.77 W, 700.00 W, 50, 0 %, 0x0000000000000000
2026/09/27 07:20:32.788, 1605 MHz, 2619 MHz, 248.43 W, 700.00 W, 49, 42 %, 0x0000000000000000
2026/09/27 07:20:33.288, 1605 MHz, 2619 MHz, 254.07 W, 700.00 W, 49, 4 %, 0x0000000000000000
2026/09/27 07:20:33.789, 1605 MHz, 2619 MHz, 306.03 W, 700.00 W, 51, 8 %, 0x0000000000000000
2026/09/27 07:20:34.290, 1605 MHz, 2619 MHz, 310.57 W, 700.00 W, 52, 41 %, 0x0000000000000000
2026/09/27 07:20:34.790, 1605 MHz, 2619 MHz, 256.74 W, 700.00 W, 51, 17 %, 0x0000000000000000
2026/09/27 07:20:35.291, 1605 MHz, 2619 MHz, 252.85 W, 700.00 W, 49, 2 %, 0x0000000000000000
2026/09/27 07:20:35.791, 1605 MHz, 2619 MHz, 258.26 W, 700.00 W, 49, 41 %, 0x0000000000000000
2026/09/27 07:20:36.292, 1605 MHz, 2619 MHz, 273.68 W, 700.00 W, 49, 24 %, 0x0000000000000000
2026/09/27 07:20:36.792, 1605 MHz, 2619 MHz, 272.48 W, 700.00 W, 48, 35 %, 0x0000000000000000
2026/09/27 07:20:37.293, 1560 MHz, 2619 MHz, 280.71 W, 700.00 W, 48, 67 %, 0x0000000000000000
2026/09/27 07:20:37.793, 1605 MHz, 2619 MHz, 298.74 W, 700.00 W, 50, 40 %, 0x0000000000000000
2026/09/27 07:20:38.293, 1605 MHz, 2619 MHz, 302.74 W, 700.00 W, 49, 40 %, 0x0000000000000000
2026/09/27 07:20:38.794, 1605 MHz, 2619 MHz, 278.40 W, 700.00 W, 51, 6 %, 0x0000000000000000
2026/09/27 07:20:39.294, 1605 MHz, 2619 MHz, 257.37 W, 700.00 W, 51, 23 %, 0x0000000000000000
2026/09/27 07:20:39.795, 1605 MHz, 2619 MHz, 260.51 W, 700.00 W, 50, 40 %, 0x0000000000000000
2026/09/27 07:20:40.295, 1605 MHz, 2619 MHz, 277.16 W, 700.00 W, 49, 40 %, 0x0000000000000000
2026/09/27 07:20:40.796, 1605 MHz, 2619 MHz, 274.48 W, 700.00 W, 51, 6 %, 0x0000000000000000
2026/09/27 07:20:41.296, 1605 MHz, 2619 MHz, 309.31 W, 700.00 W, 51, 16 %, 0x0000000000000000
2026/09/27 07:20:41.797, 1605 MHz, 2619 MHz, 315.73 W, 700.00 W, 49, 31 %, 0x0000000000000000
2026/09/27 07:20:42.297, 1605 MHz, 2619 MHz, 277.08 W, 700.00 W, 53, 40 %, 0x0000000000000000
2026/09/27 07:20:42.798, 1605 MHz, 2619 MHz, 259.27 W, 700.00 W, 50, 33 %, 0x0000000000000000
2026/09/27 07:20:43.298, 1605 MHz, 2619 MHz, 273.86 W, 700.00 W, 49, 18 %, 0x0000000000000000
2026/09/27 07:20:43.799, 1575 MHz, 2619 MHz, 282.53 W, 700.00 W, 49, 28 %, 0x0000000000000000
2026/09/27 07:20:44.299, 1605 MHz, 2619 MHz, 275.47 W, 700.00 W, 53, 40 %, 0x0000000000000000
2026/09/27 07:20:44.800, 1605 MHz, 2619 MHz, 313.29 W, 700.00 W, 51, 51 %, 0x0000000000000000
2026/09/27 07:20:45.300, 1605 MHz, 2619 MHz, 309.26 W, 700.00 W, 49, 42 %, 0x0000000000000000
2026/09/27 07:20:45.800, 1605 MHz, 2619 MHz, 264.70 W, 700.00 W, 49, 12 %, 0x0000000000000000
2026/09/27 07:20:46.301, 1605 MHz, 2619 MHz, 254.64 W, 700.00 W, 51, 42 %, 0x0000000000000000
2026/09/27 07:20:46.802, 1605 MHz, 2619 MHz, 254.09 W, 700.00 W, 52, 6 %, 0x0000000000000000
2026/09/27 07:20:47.303, 1605 MHz, 2619 MHz, 251.25 W, 700.00 W, 50, 17 %, 0x0000000000000000
2026/09/27 07:20:47.803, 1605 MHz, 2619 MHz, 251.59 W, 700.00 W, 49, 42 %, 0x0000000000000000
2026/09/27 07:20:48.304, 1605 MHz, 2619 MHz, 260.59 W, 700.00 W, 49, 2 %, 0x0000000000000000
2026/09/27 07:20:48.804, 1605 MHz, 2619 MHz, 310.23 W, 700.00 W, 53, 0 %, 0x0000000000000000
2026/09/27 07:20:49.305, 1605 MHz, 2619 MHz, 307.18 W, 700.00 W, 53, 33 %, 0x0000000000000000
2026/09/27 07:20:49.805, 1605 MHz, 2619 MHz, 253.62 W, 700.00 W, 50, 31 %, 0x0000000000000000
2026/09/27 07:20:50.306, 1605 MHz, 2619 MHz, 256.67 W, 700.00 W, 50, 0 %, 0x0000000000000000
2026/09/27 07:20:50.806, 1605 MHz, 2619 MHz, 270.57 W, 700.00 W, 49, 42 %, 0x0000000000000000
2026/09/27 07:20:51.306, 1605 MHz, 2619 MHz, 281.37 W, 700.00 W, 49, 38 %, 0x0000000000000000
2026/09/27 07:20:51.807, 1605 MHz, 2619 MHz, 281.25 W, 700.00 W, 49, 24 %, 0x0000000000000000
2026/09/27 07:20:52.307, 1605 MHz, 2619 MHz, 289.04 W, 700.00 W, 52, 0 %, 0x0000000000000000
2026/09/27 07:20:52.808, 1605 MHz, 2619 MHz, 295.89 W, 700.00 W, 50, 42 %, 0x0000000000000000
2026/09/27 07:20:53.308, 1605 MHz, 2619 MHz, 280.14 W, 700.00 W, 49, 32 %, 0x0000000000000000
2026/09/27 07:20:53.809, 1605 MHz, 2619 MHz, 281.65 W, 700.00 W, 49, 29 %, 0x0000000000000000
2026/09/27 07:20:54.309, 1605 MHz, 2619 MHz, 274.96 W, 700.00 W, 51, 42 %, 0x0000000000000000
2026/09/27 07:20:54.810, 1605 MHz, 2619 MHz, 263.66 W, 700.00 W, 53, 2 %, 0x0000000000000000
2026/09/27 07:20:55.310, 1605 MHz, 2619 MHz, 261.06 W, 700.00 W, 51, 17 %, 0x0000000000000000
2026/09/27 07:20:55.811, 1605 MHz, 2619 MHz, 257.26 W, 700.00 W, 50, 42 %, 0x0000000000000000
2026/09/27 07:20:56.312, 1605 MHz, 2619 MHz, 304.04 W, 700.00 W, 49, 44 %, 0x0000000000000000
2026/09/27 07:20:56.813, 1605 MHz, 2619 MHz, 305.23 W, 700.00 W, 50, 0 %, 0x0000000000000000
2026/09/27 07:20:57.313, 1605 MHz, 2619 MHz, 257.42 W, 700.00 W, 51, 44 %, 0x0000000000000000
2026/09/27 07:20:57.814, 1605 MHz, 2619 MHz, 255.93 W, 700.00 W, 52, 6 %, 0x0000000000000000
2026/09/27 07:20:58.315, 1605 MHz, 2619 MHz, 251.08 W, 700.00 W, 50, 22 %, 0x0000000000000000
2026/09/27 07:20:58.815, 1605 MHz, 2619 MHz, 254.15 W, 700.00 W, 49, 36 %, 0x0000000000000000
2026/09/27 07:20:59.315, 1605 MHz, 2619 MHz, 253.16 W, 700.00 W, 49, 0 %, 0x0000000000000000
2026/09/27 07:20:59.816, 1605 MHz, 2619 MHz, 303.56 W, 700.00 W, 53, 64 %, 0x0000000000000000
2026/09/27 07:21:00.317, 1605 MHz, 2619 MHz, 299.18 W, 700.00 W, 51, 44 %, 0x0000000000000000
2026/09/27 07:21:00.817, 1605 MHz, 2619 MHz, 254.08 W, 700.00 W, 51, 0 %, 0x0000000000000000
2026/09/27 07:21:01.318, 1605 MHz, 2619 MHz, 254.95 W, 700.00 W, 52, 33 %, 0x0000000000000000
2026/09/27 07:21:01.818, 1605 MHz, 2619 MHz, 249.48 W, 700.00 W, 50, 26 %, 0x0000000000000000
2026/09/27 07:21:02.318, 1605 MHz, 2619 MHz, 253.47 W, 700.00 W, 49, 4 %, 0x0000000000000000
2026/09/27 07:21:02.819, 1605 MHz, 2619 MHz, 264.38 W, 700.00 W, 49, 44 %, 0x0000000000000000
2026/09/27 07:21:03.319, 1605 MHz, 2619 MHz, 266.16 W, 700.00 W, 49, 6 %, 0x0000000000000000
2026/09/27 07:21:03.820, 1605 MHz, 2619 MHz, 297.54 W, 700.00 W, 52, 0 %, 0x0000000000000000
2026/09/27 07:21:04.320, 1605 MHz, 2619 MHz, 294.50 W, 700.00 W, 52, 43 %, 0x0000000000000000
2026/09/27 07:21:04.821, 1605 MHz, 2619 MHz, 257.87 W, 700.00 W, 51, 16 %, 0x0000000000000000
2026/09/27 07:21:05.321, 1605 MHz, 2619 MHz, 255.43 W, 700.00 W, 50, 13 %, 0x0000000000000000
2026/09/27 07:21:05.822, 1605 MHz, 2619 MHz, 258.25 W, 700.00 W, 49, 44 %, 0x0000000000000000
2026/09/27 07:21:06.322, 1605 MHz, 2619 MHz, 264.77 W, 700.00 W, 49, 0 %, 0x0000000000000000
2026/09/27 07:21:06.823, 1605 MHz, 2619 MHz, 274.08 W, 700.00 W, 49, 44 %, 0x0000000000000000
2026/09/27 07:21:07.323, 1605 MHz, 2619 MHz, 268.24 W, 700.00 W, 48, 24 %, 0x0000000000000000
2026/09/27 07:21:07.824, 1605 MHz, 2619 MHz, 290.60 W, 700.00 W, 52, 3 %, 0x0000000000000000
2026/09/27 07:21:08.324, 1605 MHz, 2619 MHz, 285.56 W, 700.00 W, 51, 25 %, 0x0000000000000000
2026/09/27 07:21:08.824, 1605 MHz, 2619 MHz, 252.65 W, 700.00 W, 50, 34 %, 0x0000000000000000
2026/09/27 07:21:09.328, 1605 MHz, 2619 MHz, 249.08 W, 700.00 W, 51, 0 %, 0x0000000000000000
2026/09/27 07:21:09.829, 1605 MHz, 2619 MHz, 248.43 W, 700.00 W, 51, 41 %, 0x0000000000000000
2026/09/27 07:21:10.329, 1605 MHz, 2619 MHz, 253.71 W, 700.00 W, 51, 17 %, 0x0000000000000000
2026/09/27 07:21:10.830, 1605 MHz, 2619 MHz, 255.09 W, 700.00 W, 49, 11 %, 0x0000000000000000
2026/09/27 07:21:11.331, 1605 MHz, 2619 MHz, 303.55 W, 700.00 W, 50, 30 %, 0x0000000000000000
2026/09/27 07:21:11.831, 1605 MHz, 2619 MHz, 299.02 W, 700.00 W, 48, 44 %, 0x0000000000000000
2026/09/27 07:21:12.332, 1605 MHz, 2619 MHz, 252.16 W, 700.00 W, 50, 1 %, 0x0000000000000000
2026/09/27 07:21:12.832, 1605 MHz, 2619 MHz, 257.88 W, 700.00 W, 51, 44 %, 0x0000000000000000
2026/09/27 07:21:13.333, 1605 MHz, 2619 MHz, 256.69 W, 700.00 W, 51, 12 %, 0x0000000000000000
2026/09/27 07:21:13.833, 1605 MHz, 2619 MHz, 252.77 W, 700.00 W, 50, 15 %, 0x0000000000000000
2026/09/27 07:21:14.334, 1605 MHz, 2619 MHz, 258.81 W, 700.00 W, 49, 44 %, 0x0000000000000000
2026/09/27 07:21:14.835, 1605 MHz, 2619 MHz, 264.71 W, 700.00 W, 49, 0 %, 0x0000000000000000
2026/09/27 07:21:15.336, 1605 MHz, 2619 MHz, 304.67 W, 700.00 W, 51, 5 %, 0x0000000000000000
2026/09/27 07:21:15.836, 1605 MHz, 2619 MHz, 301.83 W, 700.00 W, 51, 44 %, 0x0000000000000000
2026/09/27 07:21:16.337, 1605 MHz, 2619 MHz, 253.53 W, 700.00 W, 52, 8 %, 0x0000000000000000
2026/09/27 07:21:16.837, 1605 MHz, 2619 MHz, 252.43 W, 700.00 W, 50, 20 %, 0x0000000000000000
2026/09/27 07:21:17.338, 1605 MHz, 2619 MHz, 255.86 W, 700.00 W, 49, 39 %, 0x0000000000000000
2026/09/27 07:21:17.839, 1605 MHz, 2619 MHz, 268.08 W, 700.00 W, 49, 0 %, 0x0000000000000000
2026/09/27 07:21:18.340, 1605 MHz, 2619 MHz, 270.81 W, 700.00 W, 49, 44 %, 0x0000000000000000
2026/09/27 07:21:18.840, 1605 MHz, 2619 MHz, 304.11 W, 700.00 W, 55, 54 %, 0x0000000000000000
2026/09/27 07:21:19.341, 1605 MHz, 2619 MHz, 298.96 W, 700.00 W, 53, 10 %, 0x0000000000000000
2026/09/27 07:21:19.841, 1605 MHz, 2619 MHz, 257.70 W, 700.00 W, 50, 8 %, 0x0000000000000000
2026/09/27 07:21:20.342, 1605 MHz, 2619 MHz, 276.09 W, 700.00 W, 50, 42 %, 0x0000000000000000
2026/09/27 07:21:20.842, 1605 MHz, 2619 MHz, 282.17 W, 700.00 W, 49, 24 %, 0x0000000000000000
2026/09/27 07:21:21.342, 1605 MHz, 2619 MHz, 275.55 W, 700.00 W, 50, 35 %, 0x0000000000000000
2026/09/27 07:21:21.843, 1605 MHz, 2619 MHz, 258.77 W, 700.00 W, 49, 42 %, 0x0000000000000000
2026/09/27 07:21:22.343, 1605 MHz, 2619 MHz, 257.46 W, 700.00 W, 49, 0 %, 0x0000000000000000
2026/09/27 07:21:22.844, 1605 MHz, 2619 MHz, 312.72 W, 700.00 W, 52, 23 %, 0x0000000000000000
2026/09/27 07:21:23.344, 1605 MHz, 2619 MHz, 317.23 W, 700.00 W, 50, 36 %, 0x0000000000000000
2026/09/27 07:21:23.845, 1605 MHz, 2619 MHz, 264.16 W, 700.00 W, 50, 42 %, 0x0000000000000000
2026/09/27 07:21:24.345, 1605 MHz, 2619 MHz, 257.14 W, 700.00 W, 49, 0 %, 0x0000000000000000
2026/09/27 07:21:24.846, 1605 MHz, 2619 MHz, 259.44 W, 700.00 W, 49, 25 %, 0x0000000000000000
2026/09/27 07:21:25.346, 1605 MHz, 2619 MHz, 269.66 W, 700.00 W, 51, 41 %, 0x0000000000000000
2026/09/27 07:21:25.847, 1605 MHz, 2619 MHz, 280.52 W, 700.00 W, 53, 5 %, 0x0000000000000000
2026/09/27 07:21:26.347, 1605 MHz, 2619 MHz, 307.37 W, 700.00 W, 51, 85 %, 0x0000000000000000
2026/09/27 07:21:26.848, 1605 MHz, 2619 MHz, 299.29 W, 700.00 W, 49, 32 %, 0x0000000000000000
2026/09/27 07:21:27.349, 1605 MHz, 2619 MHz, 251.38 W, 700.00 W, 49, 28 %, 0x0000000000000000
2026/09/27 07:21:27.850, 1605 MHz, 2619 MHz, 262.28 W, 700.00 W, 51, 0 %, 0x0000000000000000
2026/09/27 07:21:28.350, 1605 MHz, 2619 MHz, 272.63 W, 700.00 W, 52, 42 %, 0x0000000000000000
2026/09/27 07:21:28.851, 1605 MHz, 2619 MHz, 269.33 W, 700.00 W, 50, 25 %, 0x0000000000000000
2026/09/27 07:21:29.351, 1605 MHz, 2619 MHz, 267.12 W, 700.00 W, 49, 37 %, 0x0000000000000000
2026/09/27 07:21:29.852, 1605 MHz, 2619 MHz, 256.90 W, 700.00 W, 49, 42 %, 0x0000000000000000
2026/09/27 07:21:30.352, 1605 MHz, 2619 MHz, 294.21 W, 700.00 W, 52, 38 %, 0x0000000000000000
2026/09/27 07:21:30.853, 1605 MHz, 2619 MHz, 303.99 W, 700.00 W, 53, 0 %, 0x0000000000000000
2026/09/27 07:21:31.353, 1605 MHz, 2619 MHz, 280.06 W, 700.00 W, 53, 42 %, 0x0000000000000000
2026/09/27 07:21:31.854, 1605 MHz, 2619 MHz, 276.92 W, 700.00 W, 51, 22 %, 0x0000000000000000
2026/09/27 07:21:32.354, 1605 MHz, 2619 MHz, 269.98 W, 700.00 W, 50, 42 %, 0x0000000000000000
2026/09/27 07:21:32.854, 1605 MHz, 2619 MHz, 269.55 W, 700.00 W, 50, 42 %, 0x0000000000000000
2026/09/27 07:21:33.355, 1605 MHz, 2619 MHz, 260.99 W, 700.00 W, 50, 12 %, 0x0000000000000000
2026/09/27 07:21:33.855, 1575 MHz, 2619 MHz, 302.42 W, 700.00 W, 56, 82 %, 0x0000000000000004
2026/09/27 07:21:34.356, 1605 MHz, 2619 MHz, 318.40 W, 700.00 W, 51, 40 %, 0x0000000000000000
2026/09/27 07:21:34.856, 1605 MHz, 2619 MHz, 276.60 W, 700.00 W, 50, 40 %, 0x0000000000000000
2026/09/27 07:21:35.357, 1605 MHz, 2619 MHz, 261.48 W, 700.00 W, 49, 2 %, 0x0000000000000000
2026/09/27 07:21:35.857, 1605 MHz, 2619 MHz, 264.37 W, 700.00 W, 52, 0 %, 0x0000000000000000
2026/09/27 07:21:36.358, 1605 MHz, 2619 MHz, 279.78 W, 700.00 W, 51, 40 %, 0x0000000000000000
2026/09/27 07:21:36.858, 1605 MHz, 2619 MHz, 280.79 W, 700.00 W, 50, 40 %, 0x0000000000000000
2026/09/27 07:21:37.359, 1605 MHz, 2619 MHz, 259.75 W, 700.00 W, 49, 6 %, 0x0000000000000000
2026/09/27 07:21:37.860, 1605 MHz, 2619 MHz, 315.21 W, 700.00 W, 51, 31 %, 0x0000000000000000
2026/09/27 07:21:38.360, 1605 MHz, 2619 MHz, 314.68 W, 700.00 W, 49, 28 %, 0x0000000000000000
2026/09/27 07:21:38.861, 1605 MHz, 2619 MHz, 256.59 W, 700.00 W, 49, 41 %, 0x0000000000000000
2026/09/27 07:21:39.361, 1605 MHz, 2619 MHz, 254.14 W, 700.00 W, 49, 0 %, 0x0000000000000000
2026/09/27 07:21:39.862, 1605 MHz, 2619 MHz, 253.59 W, 700.00 W, 48, 21 %, 0x0000000000000000
2026/09/27 07:21:40.363, 1605 MHz, 2619 MHz, 261.81 W, 700.00 W, 51, 41 %, 0x0000000000000000
2026/09/27 07:21:40.863, 1605 MHz, 2619 MHz, 273.46 W, 700.00 W, 52, 4 %, 0x0000000000000000
2026/09/27 07:21:41.364, 1605 MHz, 2619 MHz, 308.26 W, 700.00 W, 52, 79 %, 0x0000000000000000
2026/09/27 07:21:41.864, 1605 MHz, 2619 MHz, 297.65 W, 700.00 W, 50, 42 %, 0x0000000000000000
2026/09/27 07:21:42.365, 1605 MHz, 2619 MHz, 245.18 W, 700.00 W, 49, 1 %, 0x0000000000000000
2026/09/27 07:21:42.865, 1605 MHz, 2619 MHz, 249.40 W, 700.00 W, 49, 28 %, 0x0000000000000000
2026/09/27 07:21:43.366, 1605 MHz, 2619 MHz, 248.63 W, 700.00 W, 49, 25 %, 0x0000000000000000
2026/09/27 07:21:43.866, 1605 MHz, 2619 MHz, 246.66 W, 700.00 W, 50, 5 %, 0x0000000000000000
2026/09/27 07:21:44.367, 1605 MHz, 2619 MHz, 253.47 W, 700.00 W, 52, 42 %, 0x0000000000000000
2026/09/27 07:21:44.867, 1605 MHz, 2619 MHz, 258.01 W, 700.00 W, 53, 0 %, 0x0000000000000000
2026/09/27 07:21:45.368, 1605 MHz, 2619 MHz, 299.46 W, 700.00 W, 51, 0 %, 0x0000000000000000
2026/09/27 07:21:45.868, 1605 MHz, 2619 MHz, 297.87 W, 700.00 W, 50, 42 %, 0x0000000000000000
2026/09/27 07:21:46.368, 1605 MHz, 2619 MHz, 248.21 W, 700.00 W, 49, 0 %, 0x0000000000000000
2026/09/27 07:21:46.869, 1605 MHz, 2619 MHz, 245.38 W, 700.00 W, 49, 42 %, 0x0000000000000000
2026/09/27 07:21:47.369, 1605 MHz, 2619 MHz, 245.86 W, 700.00 W, 49, 4 %, 0x0000000000000000
2026/09/27 07:21:47.870, 1605 MHz, 2619 MHz, 249.04 W, 700.00 W, 49, 28 %, 0x0000000000000000
2026/09/27 07:21:48.370, 1605 MHz, 2619 MHz, 249.12 W, 700.00 W, 49, 23 %, 0x0000000000000000
2026/09/27 07:21:48.871, 1605 MHz, 2619 MHz, 247.99 W, 700.00 W, 49, 9 %, 0x0000000000000000
2026/09/27 07:21:49.372, 1605 MHz, 2619 MHz, 313.83 W, 700.00 W, 50, 40 %, 0x0000000000000000
2026/09/27 07:21:49.873, 1605 MHz, 2619 MHz, 321.28 W, 700.00 W, 49, 40 %, 0x0000000000000000
2026/09/27 07:21:50.373, 1605 MHz, 2619 MHz, 254.67 W, 700.00 W, 49, 0 %, 0x0000000000000000
2026/09/27 07:21:50.874, 1605 MHz, 2619 MHz, 254.63 W, 700.00 W, 48, 24 %, 0x0000000000000000
2026/09/27 07:21:51.375, 1605 MHz, 2619 MHz, 261.52 W, 700.00 W, 51, 40 %, 0x0000000000000000
2026/09/27 07:21:51.875, 1605 MHz, 2619 MHz, 272.03 W, 700.00 W, 52, 8 %, 0x0000000000000000
2026/09/27 07:21:52.376, 1605 MHz, 2619 MHz, 272.41 W, 700.00 W, 50, 40 %, 0x0000000000000000
2026/09/27 07:21:52.876, 1605 MHz, 2619 MHz, 306.03 W, 700.00 W, 51, 19 %, 0x0000000000000000
2026/09/27 07:21:53.377, 1605 MHz, 2619 MHz, 297.00 W, 700.00 W, 52, 35 %, 0x0000000000000000
2026/09/27 07:21:53.877, 1605 MHz, 2619 MHz, 272.59 W, 700.00 W, 52, 15 %, 0x0000000000000000
2026/09/27 07:21:54.378, 1605 MHz, 2619 MHz, 274.97 W, 700.00 W, 50, 34 %, 0x0000000000000000
2026/09/27 07:21:54.878, 1605 MHz, 2619 MHz, 255.72 W, 700.00 W, 49, 40 %, 0x0000000000000000
2026/09/27 07:21:55.379, 1605 MHz, 2619 MHz, 254.72 W, 700.00 W, 49, 20 %, 0x0000000000000000
2026/09/27 07:21:55.879, 1605 MHz, 2619 MHz, 268.00 W, 700.00 W, 53, 0 %, 0x0000000000000000
2026/09/27 07:21:56.380, 1605 MHz, 2619 MHz, 285.74 W, 700.00 W, 55, 40 %, 0x0000000000000000
2026/09/27 07:21:56.880, 1605 MHz, 2619 MHz, 304.10 W, 700.00 W, 50, 9 %, 0x0000000000000000
2026/09/27 07:21:57.381, 1605 MHz, 2619 MHz, 294.66 W, 700.00 W, 53, 40 %, 0x0000000000000000
2026/09/27 07:21:57.881, 1605 MHz, 2619 MHz, 274.59 W, 700.00 W, 51, 22 %, 0x0000000000000000
2026/09/27 07:21:58.382, 1605 MHz, 2619 MHz, 276.03 W, 700.00 W, 50, 29 %, 0x0000000000000000
2026/09/27 07:21:58.882, 1605 MHz, 2619 MHz, 256.75 W, 700.00 W, 49, 40 %, 0x0000000000000000
2026/09/27 07:21:59.383, 1605 MHz, 2619 MHz, 253.30 W, 700.00 W, 49, 20 %, 0x0000000000000000
2026/09/27 07:21:59.883, 1605 MHz, 2619 MHz, 269.86 W, 700.00 W, 53, 0 %, 0x0000000000000000
2026/09/27 07:22:00.383, 1605 MHz, 2619 MHz, 325.52 W, 700.00 W, 51, 9 %, 0x0000000000000000
2026/09/27 07:22:00.884, 1605 MHz, 2619 MHz, 313.80 W, 700.00 W, 49, 42 %, 0x0000000000000000
2026/09/27 07:22:01.384, 1605 MHz, 2619 MHz, 261.54 W, 700.00 W, 49, 1 %, 0x0000000000000000
2026/09/27 07:22:01.885, 1605 MHz, 2619 MHz, 257.79 W, 700.00 W, 49, 42 %, 0x0000000000000000
2026/09/27 07:22:02.386, 1605 MHz, 2619 MHz, 257.20 W, 700.00 W, 49, 0 %, 0x0000000000000000
2026/09/27 07:22:02.888, 1605 MHz, 2619 MHz, 261.33 W, 700.00 W, 49, 42 %, 0x0000000000000000
2026/09/27 07:22:03.388, 1605 MHz, 2619 MHz, 257.73 W, 700.00 W, 49, 3 %, 0x0000000000000000
2026/09/27 07:22:03.889, 1605 MHz, 2619 MHz, 257.30 W, 700.00 W, 48, 31 %, 0x0000000000000000
2026/09/27 07:22:04.390, 1605 MHz, 2619 MHz, 317.01 W, 700.00 W, 53, 38 %, 0x0000000000000000
2026/09/27 07:22:04.890, 1605 MHz, 2619 MHz, 310.71 W, 700.00 W, 50, 40 %, 0x0000000000000000
2026/09/27 07:22:05.391, 1605 MHz, 2619 MHz, 254.54 W, 700.00 W, 50, 11 %, 0x0000000000000000
2026/09/27 07:22:05.891, 1605 MHz, 2619 MHz, 252.36 W, 700.00 W, 49, 38 %, 0x0000000000000000
2026/09/27 07:22:06.392, 1605 MHz, 2619 MHz, 251.41 W, 700.00 W, 51, 32 %, 0x0000000000000000
2026/09/27 07:22:06.892, 1605 MHz, 2619 MHz, 269.52 W, 700.00 W, 53, 4 %, 0x0000000000000000
2026/09/27 07:22:07.393, 1605 MHz, 2619 MHz, 271.15 W, 700.00 W, 51, 40 %, 0x0000000000000000
2026/09/27 07:22:07.893, 1605 MHz, 2619 MHz, 297.64 W, 700.00 W, 51, 25 %, 0x0000000000000000
2026/09/27 07:22:08.393, 1605 MHz, 2619 MHz, 297.91 W, 700.00 W, 52, 38 %, 0x0000000000000000
2026/09/27 07:22:08.894, 1605 MHz, 2619 MHz, 267.05 W, 700.00 W, 54, 6 %, 0x0000000000000000
2026/09/27 07:22:09.394, 1605 MHz, 2619 MHz, 270.72 W, 700.00 W, 50, 40 %, 0x0000000000000000
2026/09/27 07:22:09.895, 1605 MHz, 2619 MHz, 253.56 W, 700.00 W, 50, 40 %, 0x0000000000000000
2026/09/27 07:22:10.395, 1605 MHz, 2619 MHz, 249.57 W, 700.00 W, 49, 0 %, 0x0000000000000000
2026/09/27 07:22:10.896, 1605 MHz, 2619 MHz, 253.60 W, 700.00 W, 49, 23 %, 0x0000000000000000
2026/09/27 07:22:11.396, 1605 MHz, 2619 MHz, 271.56 W, 700.00 W, 52, 40 %, 0x0000000000000000
2026/09/27 07:22:11.897, 1605 MHz, 2619 MHz, 328.38 W, 700.00 W, 51, 40 %, 0x0000000000000000
2026/09/27 07:22:12.398, 1605 MHz, 2619 MHz, 322.00 W, 700.00 W, 49, 7 %, 0x0000000000000000
2026/09/27 07:22:12.899, 1605 MHz, 2619 MHz, 251.61 W, 700.00 W, 49, 40 %, 0x0000000000000000
2026/09/27 07:22:13.399, 1605 MHz, 2619 MHz, 263.69 W, 700.00 W, 49, 27 %, 0x0000000000000000
2026/09/27 07:22:13.900, 1605 MHz, 2619 MHz, 276.93 W, 700.00 W, 52, 0 %, 0x0000000000000000
2026/09/27 07:22:14.400, 1605 MHz, 2619 MHz, 275.38 W, 700.00 W, 50, 40 %, 0x0000000000000000
2026/09/27 07:22:14.901, 1605 MHz, 2619 MHz, 261.52 W, 700.00 W, 49, 40 %, 0x0000000000000000
2026/09/27 07:22:15.402, 1605 MHz, 2619 MHz, 298.91 W, 700.00 W, 51, 98 %, 0x0000000000000000
2026/09/27 07:22:15.902, 1605 MHz, 2619 MHz, 312.20 W, 700.00 W, 53, 0 %, 0x0000000000000000
2026/09/27 07:22:16.403, 1605 MHz, 2619 MHz, 272.89 W, 700.00 W, 52, 40 %, 0x0000000000000000
2026/09/27 07:22:16.903, 1605 MHz, 2619 MHz, 263.62 W, 700.00 W, 50, 40 %, 0x0000000000000000
2026/09/27 07:22:17.403, 1605 MHz, 2619 MHz, 250.74 W, 700.00 W, 49, 9 %, 0x0000000000000000
2026/09/27 07:22:17.904, 1605 MHz, 2619 MHz, 251.70 W, 700.00 W, 49, 39 %, 0x0000000000000000
2026/09/27 07:22:18.404, 1605 MHz, 2619 MHz, 260.77 W, 700.00 W, 50, 29 %, 0x0000000000000000
2026/09/27 07:22:18.905, 1605 MHz, 2619 MHz, 274.33 W, 700.00 W, 52, 0 %, 0x0000000000000000
2026/09/27 07:22:19.406, 1605 MHz, 2619 MHz, 321.08 W, 700.00 W, 50, 21 %, 0x0000000000000000
2026/09/27 07:22:19.907, 1605 MHz, 2619 MHz, 308.69 W, 700.00 W, 49, 40 %, 0x0000000000000000
2026/09/27 07:22:20.407, 1605 MHz, 2619 MHz, 257.91 W, 700.00 W, 48, 19 %, 0x0000000000000000
2026/09/27 07:22:20.908, 1605 MHz, 2619 MHz, 275.29 W, 700.00 W, 51, 0 %, 0x0000000000000000
2026/09/27 07:22:21.408, 1605 MHz, 2619 MHz, 274.83 W, 700.00 W, 50, 40 %, 0x0000000000000000
2026/09/27 07:22:21.909, 1605 MHz, 2619 MHz, 265.64 W, 700.00 W, 49, 40 %, 0x0000000000000000
2026/09/27 07:22:22.410, 1605 MHz, 2619 MHz, 254.20 W, 700.00 W, 49, 6 %, 0x0000000000000000
2026/09/27 07:22:22.911, 1605 MHz, 2619 MHz, 319.52 W, 700.00 W, 55, 0 %, 0x0000000000000000
2026/09/27 07:22:23.411, 1605 MHz, 2619 MHz, 324.75 W, 700.00 W, 51, 40 %, 0x0000000000000000
2026/09/27 07:22:23.911, 1605 MHz, 2619 MHz, 254.02 W, 700.00 W, 50, 40 %, 0x0000000000000000
2026/09/27 07:22:24.412, 1605 MHz, 2619 MHz, 251.90 W, 700.00 W, 49, 0 %, 0x0000000000000000
2026/09/27 07:22:24.912, 1605 MHz, 2619 MHz, 250.90 W, 700.00 W, 49, 28 %, 0x0000000000000000
2026/09/27 07:22:25.413, 1605 MHz, 2619 MHz, 270.36 W, 700.00 W, 52, 40 %, 0x0000000000000000
2026/09/27 07:22:25.913, 1605 MHz, 2619 MHz, 272.88 W, 700.00 W, 52, 15 %, 0x0000000000000000
2026/09/27 07:22:26.414, 1605 MHz, 2619 MHz, 289.85 W, 700.00 W, 55, 38 %, 0x0000000000000000
2026/09/27 07:22:26.914, 1605 MHz, 2619 MHz, 299.11 W, 700.00 W, 50, 23 %, 0x0000000000000000
2026/09/27 07:22:27.415, 1605 MHz, 2619 MHz, 293.45 W, 700.00 W, 53, 40 %, 0x0000000000000000
2026/09/27 07:22:27.915, 1605 MHz, 2619 MHz, 276.33 W, 700.00 W, 51, 28 %, 0x0000000000000000
2026/09/27 07:22:28.416, 1605 MHz, 2619 MHz, 265.24 W, 700.00 W, 50, 24 %, 0x0000000000000000
2026/09/27 07:22:28.916, 1605 MHz, 2619 MHz, 253.07 W, 700.00 W, 49, 40 %, 0x0000000000000000
2026/09/27 07:22:29.417, 1605 MHz, 2619 MHz, 264.30 W, 700.00 W, 50, 26 %, 0x0000000000000000
2026/09/27 07:22:29.917, 1605 MHz, 2619 MHz, 278.35 W, 700.00 W, 53, 4 %, 0x0000000000000000
2026/09/27 07:22:30.417, 1605 MHz, 2619 MHz, 313.06 W, 700.00 W, 51, 0 %, 0x0000000000000000
2026/09/27 07:22:30.918, 1605 MHz, 2619 MHz, 304.05 W, 700.00 W, 49, 42 %, 0x0000000000000000
2026/09/27 07:22:31.420, 1605 MHz, 2619 MHz, 257.83 W, 700.00 W, 49, 0 %, 0x0000000000000000
2026/09/27 07:22:31.920, 1605 MHz, 2619 MHz, 256.94 W, 700.00 W, 49, 42 %, 0x0000000000000000
2026/09/27 07:22:32.421, 1605 MHz, 2619 MHz, 261.78 W, 700.00 W, 49, 0 %, 0x0000000000000000
2026/09/27 07:22:32.921, 1605 MHz, 2619 MHz, 261.38 W, 700.00 W, 49, 40 %, 0x0000000000000000
2026/09/27 07:22:33.421, 1605 MHz, 2619 MHz, 256.70 W, 700.00 W, 49, 9 %, 0x0000000000000000
2026/09/27 07:22:33.922, 1605 MHz, 2619 MHz, 257.62 W, 700.00 W, 48, 26 %, 0x0000000000000000
2026/09/27 07:22:34.423, 1605 MHz, 2619 MHz, 317.71 W, 700.00 W, 52, 45 %, 0x0000000000000000
2026/09/27 07:22:34.923, 1605 MHz, 2619 MHz, 314.26 W, 700.00 W, 50, 40 %, 0x0000000000000000
2026/09/27 07:22:35.424, 1605 MHz, 2619 MHz, 254.36 W, 700.00 W, 49, 2 %, 0x0000000000000000
2026/09/27 07:22:35.924, 1605 MHz, 2619 MHz, 268.50 W, 700.00 W, 52, 2 %, 0x0000000000000000
2026/09/27 07:22:36.425, 1605 MHz, 2619 MHz, 274.43 W, 700.00 W, 52, 40 %, 0x0000000000000000
2026/09/27 07:22:36.925, 1605 MHz, 2619 MHz, 268.34 W, 700.00 W, 50, 40 %, 0x0000000000000000
2026/09/27 07:22:37.426, 1605 MHz, 2619 MHz, 252.46 W, 700.00 W, 49, 0 %, 0x0000000000000000
2026/09/27 07:22:37.926, 1605 MHz, 2619 MHz, 315.73 W, 700.00 W, 55, 13 %, 0x0000000000000000
2026/09/27 07:22:38.427, 1605 MHz, 2619 MHz, 313.58 W, 700.00 W, 52, 42 %, 0x0000000000000000
2026/09/27 07:22:38.927, 1605 MHz, 2619 MHz, 248.86 W, 700.00 W, 51, 25 %, 0x0000000000000000
2026/09/27 07:22:39.427, 1605 MHz, 2619 MHz, 247.21 W, 700.00 W, 50, 42 %, 0x0000000000000000
2026/09/27 07:22:39.928, 1605 MHz, 2619 MHz, 246.48 W, 700.00 W, 50, 42 %, 0x0000000000000000
2026/09/27 07:22:40.428, 1605 MHz, 2619 MHz, 248.07 W, 700.00 W, 50, 24 %, 0x0000000000000000
2026/09/27 07:22:40.929, 1605 MHz, 2619 MHz, 248.53 W, 700.00 W, 50, 42 %, 0x0000000000000000
2026/09/27 07:22:41.429, 1605 MHz, 2619 MHz, 246.43 W, 700.00 W, 49, 4 %, 0x0000000000000000
2026/09/27 07:22:41.931, 1605 MHz, 2619 MHz, 312.09 W, 700.00 W, 52, 0 %, 0x0000000000000000
2026/09/27 07:22:42.431, 1605 MHz, 2619 MHz, 320.33 W, 700.00 W, 52, 40 %, 0x0000000000000000
2026/09/27 07:22:42.932, 1605 MHz, 2619 MHz, 269.95 W, 700.00 W, 50, 32 %, 0x0000000000000000
2026/09/27 07:22:43.433, 1605 MHz, 2619 MHz, 256.06 W, 700.00 W, 49, 23 %, 0x0000000000000000
2026/09/27 07:22:43.934, 1605 MHz, 2619 MHz, 255.06 W, 700.00 W, 49, 40 %, 0x0000000000000000
2026/09/27 07:22:44.434, 1605 MHz, 2619 MHz, 255.31 W, 700.00 W, 48, 10 %, 0x0000000000000000
2026/09/27 07:22:44.934, 1605 MHz, 2619 MHz, 267.17 W, 700.00 W, 50, 4 %, 0x0000000000000000
2026/09/27 07:22:45.435, 1605 MHz, 2619 MHz, 306.32 W, 700.00 W, 52, 61 %, 0x0000000000000000
2026/09/27 07:22:45.935, 1605 MHz, 2619 MHz, 298.20 W, 700.00 W, 50, 42 %, 0x0000000000000000
2026/09/27 07:22:46.436, 1605 MHz, 2619 MHz, 245.78 W, 700.00 W, 49, 0 %, 0x0000000000000000
2026/09/27 07:22:46.936, 1605 MHz, 2619 MHz, 247.90 W, 700.00 W, 49, 42 %, 0x0000000000000000
2026/09/27 07:22:47.436, 1605 MHz, 2619 MHz, 248.26 W, 700.00 W, 49, 7 %, 0x0000000000000000
2026/09/27 07:22:47.937, 1605 MHz, 2619 MHz, 250.14 W, 700.00 W, 49, 23 %, 0x0000000000000000
2026/09/27 07:22:48.437, 1605 MHz, 2619 MHz, 255.87 W, 700.00 W, 49, 30 %, 0x0000000000000000
2026/09/27 07:22:48.938, 1605 MHz, 2619 MHz, 257.85 W, 700.00 W, 51, 0 %, 0x0000000000000000
2026/09/27 07:22:49.438, 1605 MHz, 2619 MHz, 300.58 W, 700.00 W, 51, 26 %, 0x0000000000000000
2026/09/27 07:22:49.938, 1605 MHz, 2619 MHz, 306.69 W, 700.00 W, 49, 40 %, 0x0000000000000000
2026/09/27 07:22:50.439, 1605 MHz, 2619 MHz, 272.97 W, 700.00 W, 52, 34 %, 0x0000000000000000
2026/09/27 07:22:50.939, 1605 MHz, 2619 MHz, 283.40 W, 700.00 W, 51, 20 %, 0x0000000000000000
2026/09/27 07:22:51.440, 1605 MHz, 2619 MHz, 275.31 W, 700.00 W, 50, 27 %, 0x0000000000000000
2026/09/27 07:22:51.940, 1605 MHz, 2619 MHz, 257.65 W, 700.00 W, 49, 40 %, 0x0000000000000000
2026/09/27 07:22:52.441, 1605 MHz, 2619 MHz, 278.53 W, 700.00 W, 52, 38 %, 0x0000000000000000
2026/09/27 07:22:52.941, 1605 MHz, 2619 MHz, 315.09 W, 700.00 W, 51, 63 %, 0x0000000000000000
2026/09/27 07:22:53.441, 1605 MHz, 2619 MHz, 303.09 W, 700.00 W, 49, 0 %, 0x0000000000000000
2026/09/27 07:22:53.942, 1605 MHz, 2619 MHz, 259.15 W, 700.00 W, 48, 21 %, 0x0000000000000000
2026/09/27 07:22:54.442, 1605 MHz, 2619 MHz, 272.71 W, 700.00 W, 51, 41 %, 0x0000000000000000
2026/09/27 07:22:54.943, 1605 MHz, 2619 MHz, 274.44 W, 700.00 W, 52, 4 %, 0x0000000000000000
2026/09/27 07:22:55.443, 1605 MHz, 2619 MHz, 268.70 W, 700.00 W, 50, 41 %, 0x0000000000000000
2026/09/27 07:22:55.944, 1605 MHz, 2619 MHz, 255.45 W, 700.00 W, 49, 41 %, 0x0000000000000000
2026/09/27 07:22:56.445, 1605 MHz, 2619 MHz, 253.71 W, 700.00 W, 49, 10 %, 0x0000000000000000
2026/09/27 07:22:56.945, 1605 MHz, 2619 MHz, 306.09 W, 700.00 W, 54, 1 %, 0x0000000000000000
2026/09/27 07:22:57.446, 1605 MHz, 2619 MHz, 309.53 W, 700.00 W, 50, 40 %, 0x0000000000000000
2026/09/27 07:22:57.946, 1605 MHz, 2619 MHz, 261.34 W, 700.00 W, 49, 40 %, 0x0000000000000004
2026/09/27 07:22:58.447, 1605 MHz, 2619 MHz, 262.48 W, 700.00 W, 49, 15 %, 0x0000000000000000
2026/09/27 07:22:58.947, 1605 MHz, 2619 MHz, 280.19 W, 700.00 W, 53, 0 %, 0x0000000000000000
2026/09/27 07:22:59.448, 1605 MHz, 2619 MHz, 278.38 W, 700.00 W, 50, 40 %, 0x0000000000000000
2026/09/27 07:22:59.948, 1605 MHz, 2619 MHz, 258.61 W, 700.00 W, 49, 40 %, 0x0000000000000000
2026/09/27 07:23:00.449, 1605 MHz, 2619 MHz, 311.41 W, 700.00 W, 55, 68 %, 0x0000000000000000
2026/09/27 07:23:00.950, 1605 MHz, 2619 MHz, 308.49 W, 700.00 W, 51, 31 %, 0x0000000000000000
2026/09/27 07:23:01.450, 1605 MHz, 2619 MHz, 261.03 W, 700.00 W, 50, 28 %, 0x0000000000000000
2026/09/27 07:23:01.950, 1605 MHz, 2619 MHz, 263.29 W, 700.00 W, 50, 42 %, 0x0000000000000000
2026/09/27 07:23:02.451, 1605 MHz, 2619 MHz, 260.29 W, 700.00 W, 49, 2 %, 0x0000000000000000
2026/09/27 07:23:02.951, 1605 MHz, 2619 MHz, 266.29 W, 700.00 W, 49, 16 %, 0x0000000000000000
2026/09/27 07:23:03.452, 1605 MHz, 2619 MHz, 277.88 W, 700.00 W, 52, 42 %, 0x0000000000000000
2026/09/27 07:23:03.952, 1605 MHz, 2619 MHz, 284.86 W, 700.00 W, 53, 12 %, 0x0000000000000000
2026/09/27 07:23:04.453, 1605 MHz, 2619 MHz, 299.48 W, 700.00 W, 49, 0 %, 0x0000000000000000
2026/09/27 07:23:04.953, 1605 MHz, 2619 MHz, 288.90 W, 700.00 W, 49, 26 %, 0x0000000000000000
2026/09/27 07:23:05.454, 1605 MHz, 2619 MHz, 269.51 W, 700.00 W, 50, 34 %, 0x0000000000000000
2026/09/27 07:23:05.954, 1605 MHz, 2619 MHz, 275.33 W, 700.00 W, 51, 0 %, 0x0000000000000000
2026/09/27 07:23:06.454, 1605 MHz, 2619 MHz, 267.33 W, 700.00 W, 52, 42 %, 0x0000000000000000
2026/09/27 07:23:06.955, 1605 MHz, 2619 MHz, 255.61 W, 700.00 W, 50, 31 %, 0x0000000000000000
2026/09/27 07:23:07.456, 1605 MHz, 2619 MHz, 253.38 W, 700.00 W, 49, 31 %, 0x0000000000000000
2026/09/27 07:23:07.956, 1605 MHz, 2619 MHz, 293.68 W, 700.00 W, 52, 9 %, 0x0000000000000000
2026/09/27 07:23:08.457, 1605 MHz, 2619 MHz, 310.42 W, 700.00 W, 53, 42 %, 0x0000000000000000
2026/09/27 07:23:08.957, 1605 MHz, 2619 MHz, 276.95 W, 700.00 W, 52, 19 %, 0x0000000000000000
2026/09/27 07:23:09.458, 1605 MHz, 2619 MHz, 263.16 W, 700.00 W, 50, 41 %, 0x0000000000000000
2026/09/27 07:23:09.958, 1605 MHz, 2619 MHz, 257.93 W, 700.00 W, 50, 43 %, 0x0000000000000000
2026/09/27 07:23:10.459, 1605 MHz, 2619 MHz, 255.26 W, 700.00 W, 49, 0 %, 0x0000000000000000
2026/09/27 07:23:10.959, 1605 MHz, 2619 MHz, 257.00 W, 700.00 W, 49, 33 %, 0x0000000000000000
2026/09/27 07:23:11.460, 1605 MHz, 2619 MHz, 265.48 W, 700.00 W, 49, 31 %, 0x0000000000000000
2026/09/27 07:23:11.960, 1605 MHz, 2619 MHz, 302.55 W, 700.00 W, 50, 44 %, 0x0000000000000000
2026/09/27 07:23:12.461, 1605 MHz, 2619 MHz, 300.60 W, 700.00 W, 49, 16 %, 0x0000000000000000
2026/09/27 07:23:12.961, 1605 MHz, 2619 MHz, 254.92 W, 700.00 W, 49, 44 %, 0x0000000000000000
2026/09/27 07:23:13.462, 1605 MHz, 2619 MHz, 255.20 W, 700.00 W, 49, 0 %, 0x0000000000000000
2026/09/27 07:23:13.962, 1605 MHz, 2619 MHz, 255.73 W, 700.00 W, 48, 35 %, 0x0000000000000000
2026/09/27 07:23:14.463, 1605 MHz, 2619 MHz, 254.15 W, 700.00 W, 49, 44 %, 0x0000000000000000
2026/09/27 07:23:14.963, 1605 MHz, 2619 MHz, 257.96 W, 700.00 W, 49, 6 %, 0x0000000000000000
2026/09/27 07:23:15.464, 1605 MHz, 2619 MHz, 303.59 W, 700.00 W, 52, 0 %, 0x0000000000000000
2026/09/27 07:23:15.964, 1605 MHz, 2619 MHz, 298.40 W, 700.00 W, 52, 44 %, 0x0000000000000000
2026/09/27 07:23:16.465, 1605 MHz, 2619 MHz, 264.26 W, 700.00 W, 50, 22 %, 0x0000000000000000
2026/09/27 07:23:16.965, 1605 MHz, 2619 MHz, 260.32 W, 700.00 W, 50, 44 %, 0x0000000000000000
2026/09/27 07:23:17.466, 1605 MHz, 2619 MHz, 256.30 W, 700.00 W, 49, 44 %, 0x0000000000000000
2026/09/27 07:23:17.966, 1605 MHz, 2619 MHz, 254.01 W, 700.00 W, 49, 16 %, 0x0000000000000000
2026/09/27 07:23:18.467, 1605 MHz, 2619 MHz, 251.49 W, 700.00 W, 49, 44 %, 0x0000000000000000
2026/09/27 07:23:18.967, 1605 MHz, 2619 MHz, 258.80 W, 700.00 W, 49, 0 %, 0x0000000000000000
2026/09/27 07:23:19.468, 1605 MHz, 2619 MHz, 308.99 W, 700.00 W, 52, 14 %, 0x0000000000000000
2026/09/27 07:23:19.968, 1605 MHz, 2619 MHz, 303.01 W, 700.00 W, 50, 44 %, 0x0000000000000000
2026/09/27 07:23:20.469, 1605 MHz, 2619 MHz, 251.22 W, 700.00 W, 49, 42 %, 0x0000000000000000
2026/09/27 07:23:20.969, 1605 MHz, 2619 MHz, 252.49 W, 700.00 W, 49, 26 %, 0x0000000000000000
2026/09/27 07:23:21.470, 1605 MHz, 2619 MHz, 251.49 W, 700.00 W, 49, 44 %, 0x0000000000000000
2026/09/27 07:23:21.970, 1605 MHz, 2619 MHz, 248.87 W, 700.00 W, 49, 0 %, 0x0000000000000000
2026/09/27 07:23:22.471, 1605 MHz, 2619 MHz, 256.38 W, 700.00 W, 48, 44 %, 0x0000000000000000
2026/09/27 07:23:22.972, 1605 MHz, 2619 MHz, 306.42 W, 700.00 W, 54, 9 %, 0x0000000000000000
2026/09/27 07:23:23.472, 1605 MHz, 2619 MHz, 301.22 W, 700.00 W, 50, 30 %, 0x0000000000000000
2026/09/27 07:23:23.972, 1605 MHz, 2619 MHz, 251.03 W, 700.00 W, 49, 37 %, 0x0000000000000000
2026/09/27 07:23:24.473, 1605 MHz, 2619 MHz, 254.82 W, 700.00 W, 49, 44 %, 0x0000000000000000
2026/09/27 07:23:24.973, 1605 MHz, 2619 MHz, 257.83 W, 700.00 W, 49, 7 %, 0x0000000000000000
2026/09/27 07:23:25.474, 1605 MHz, 2619 MHz, 255.54 W, 700.00 W, 49, 44 %, 0x0000000000000000
2026/09/27 07:23:25.975, 1605 MHz, 2619 MHz, 258.90 W, 700.00 W, 48, 6 %, 0x0000000000000000
2026/09/27 07:23:26.476, 1605 MHz, 2619 MHz, 268.62 W, 700.00 W, 48, 23 %, 0x0000000000000000
2026/09/27 07:23:26.977, 1605 MHz, 2619 MHz, 303.70 W, 700.00 W, 51, 44 %, 0x0000000000000000
2026/09/27 07:23:27.477, 1605 MHz, 2619 MHz, 299.72 W, 700.00 W, 49, 44 %, 0x0000000000000000
2026/09/27 07:23:27.978, 1605 MHz, 2619 MHz, 253.08 W, 700.00 W, 49, 14 %, 0x0000000000000000
2026/09/27 07:23:28.478, 1605 MHz, 2619 MHz, 251.01 W, 700.00 W, 49, 44 %, 0x0000000000000000
2026/09/27 07:23:28.979, 1605 MHz, 2619 MHz, 254.32 W, 700.00 W, 49, 0 %, 0x0000000000000000
2026/09/27 07:23:29.480, 1605 MHz, 2619 MHz, 265.62 W, 700.00 W, 48, 29 %, 0x0000000000000000
2026/09/27 07:23:29.981, 1605 MHz, 2619 MHz, 267.61 W, 700.00 W, 48, 29 %, 0x0000000000000000
2026/09/27 07:23:30.481, 1605 MHz, 2619 MHz, 267.07 W, 700.00 W, 50, 0 %, 0x0000000000000000
2026/09/27 07:23:30.982, 1605 MHz, 2619 MHz, 292.83 W, 700.00 W, 50, 20 %, 0x0000000000000000
2026/09/27 07:23:31.482, 1605 MHz, 2619 MHz, 288.25 W, 700.00 W, 49, 44 %, 0x0000000000000000
2026/09/27 07:23:31.983, 1605 MHz, 2619 MHz, 254.44 W, 700.00 W, 49, 0 %, 0x0000000000000000
2026/09/27 07:23:32.484, 1605 MHz, 2619 MHz, 260.87 W, 700.00 W, 48, 37 %, 0x0000000000000000
2026/09/27 07:23:32.985, 1605 MHz, 2619 MHz, 268.17 W, 700.00 W, 48, 22 %, 0x0000000000000000
2026/09/27 07:23:33.485, 1605 MHz, 2619 MHz, 272.61 W, 700.00 W, 50, 5 %, 0x0000000000000000
2026/09/27 07:23:33.986, 1605 MHz, 2619 MHz, 272.04 W, 700.00 W, 51, 44 %, 0x0000000000000000
2026/09/27 07:23:34.486, 1605 MHz, 2619 MHz, 293.50 W, 700.00 W, 51, 71 %, 0x0000000000000000
2026/09/27 07:23:34.987, 1605 MHz, 2619 MHz, 292.77 W, 700.00 W, 49, 0 %, 0x0000000000000000
2026/09/27 07:23:35.488, 1605 MHz, 2619 MHz, 268.99 W, 700.00 W, 49, 35 %, 0x0000000000000000
2026/09/27 07:23:35.989, 1605 MHz, 2619 MHz, 272.59 W, 700.00 W, 48, 26 %, 0x0000000000000000
2026/09/27 07:23:36.490, 1605 MHz, 2619 MHz, 269.75 W, 700.00 W, 51, 0 %, 0x0000000000000000
2026/09/27 07:23:36.990, 1605 MHz, 2619 MHz, 267.62 W, 700.00 W, 52, 42 %, 0x0000000000000000
2026/09/27 07:23:37.491, 1605 MHz, 2619 MHz, 257.65 W, 700.00 W, 50, 24 %, 0x0000000000000000
2026/09/27 07:23:37.991, 1605 MHz, 2619 MHz, 254.81 W, 700.00 W, 49, 38 %, 0x0000000000000000
2026/09/27 07:23:38.491, 1605 MHz, 2619 MHz, 309.18 W, 700.00 W, 50, 7 %, 0x0000000000000000
2026/09/27 07:23:38.992, 1605 MHz, 2619 MHz, 310.71 W, 700.00 W, 52, 42 %, 0x0000000000000000
2026/09/27 07:23:39.492, 1605 MHz, 2619 MHz, 272.07 W, 700.00 W, 52, 16 %, 0x0000000000000000
2026/09/27 07:23:39.993, 1605 MHz, 2619 MHz, 261.42 W, 700.00 W, 50, 42 %, 0x0000000000000000
2026/09/27 07:23:40.493, 1605 MHz, 2619 MHz, 260.48 W, 700.00 W, 50, 42 %, 0x0000000000000000
2026/09/27 07:23:40.994, 1605 MHz, 2619 MHz, 258.53 W, 700.00 W, 49, 0 %, 0x0000000000000000
2026/09/27 07:23:41.495, 1605 MHz, 2619 MHz, 273.56 W, 700.00 W, 49, 26 %, 0x0000000000000000
2026/09/27 07:23:41.995, 1605 MHz, 2619 MHz, 314.20 W, 700.00 W, 53, 40 %, 0x0000000000000004
2026/09/27 07:23:42.495, 1605 MHz, 2619 MHz, 304.66 W, 700.00 W, 50, 42 %, 0x0000000000000000
2026/09/27 07:23:42.996, 1605 MHz, 2619 MHz, 255.48 W, 700.00 W, 49, 0 %, 0x0000000000000000
2026/09/27 07:23:43.497, 1605 MHz, 2619 MHz, 273.06 W, 700.00 W, 49, 27 %, 0x0000000000000000
2026/09/27 07:23:43.997, 1605 MHz, 2619 MHz, 283.61 W, 700.00 W, 51, 37 %, 0x0000000000000000
2026/09/27 07:23:44.497, 1605 MHz, 2619 MHz, 276.01 W, 700.00 W, 53, 3 %, 0x0000000000000000
2026/09/27 07:23:44.998, 1605 MHz, 2619 MHz, 263.18 W, 700.00 W, 51, 42 %, 0x0000000000000000
2026/09/27 07:23:45.498, 1605 MHz, 2619 MHz, 260.30 W, 700.00 W, 50, 42 %, 0x0000000000000000
2026/09/27 07:23:45.999, 1605 MHz, 2619 MHz, 307.68 W, 700.00 W, 50, 26 %, 0x0000000000000000
2026/09/27 07:23:46.499, 1605 MHz, 2619 MHz, 309.52 W, 700.00 W, 52, 0 %, 0x0000000000000000
2026/09/27 07:23:47.000, 1605 MHz, 2619 MHz, 267.14 W, 700.00 W, 52, 41 %, 0x0000000000000000
2026/09/27 07:23:47.500, 1605 MHz, 2619 MHz, 254.93 W, 700.00 W, 50, 33 %, 0x0000000000000000
2026/09/27 07:23:48.001, 1605 MHz, 2619 MHz, 252.77 W, 700.00 W, 49, 26 %, 0x0000000000000000
2026/09/27 07:23:48.502, 1605 MHz, 2619 MHz, 253.30 W, 700.00 W, 49, 41 %, 0x0000000000000000
2026/09/27 07:23:49.003, 1605 MHz, 2619 MHz, 260.77 W, 700.00 W, 49, 0 %, 0x0000000000000000
2026/09/27 07:23:49.503, 1605 MHz, 2619 MHz, 311.75 W, 700.00 W, 54, 98 %, 0x0000000000000004
2026/09/27 07:23:50.004, 1605 MHz, 2619 MHz, 317.12 W, 700.00 W, 51, 42 %, 0x0000000000000000
2026/09/27 07:23:50.504, 1605 MHz, 2619 MHz, 265.18 W, 700.00 W, 50, 42 %, 0x0000000000000000
2026/09/27 07:23:51.004, 1605 MHz, 2619 MHz, 259.30 W, 700.00 W, 50, 14 %, 0x0000000000000000
2026/09/27 07:23:51.505, 1605 MHz, 2619 MHz, 261.69 W, 700.00 W, 49, 42 %, 0x0000000000000000
2026/09/27 07:23:52.006, 1605 MHz, 2619 MHz, 268.19 W, 700.00 W, 49, 0 %, 0x0000000000000000
2026/09/27 07:23:52.506, 1605 MHz, 2619 MHz, 273.49 W, 700.00 W, 49, 27 %, 0x0000000000000000
2026/09/27 07:23:53.007, 1605 MHz, 2619 MHz, 282.77 W, 700.00 W, 49, 31 %, 0x0000000000000000
2026/09/27 07:23:53.507, 1605 MHz, 2619 MHz, 308.59 W, 700.00 W, 51, 40 %, 0x0000000000000000
2026/09/27 07:23:54.008, 1605 MHz, 2619 MHz, 300.49 W, 700.00 W, 50, 0 %, 0x0000000000000000
2026/09/27 07:23:54.508, 1590 MHz, 2619 MHz, 278.30 W, 700.00 W, 51, 9 %, 0x0000000000000000
2026/09/27 07:23:55.008, 1605 MHz, 2619 MHz, 279.47 W, 700.00 W, 52, 40 %, 0x0000000000000000
2026/09/27 07:23:55.509, 1605 MHz, 2619 MHz, 265.94 W, 700.00 W, 50, 40 %, 0x0000000000000000
2026/09/27 07:23:56.009, 1605 MHz, 2619 MHz, 263.49 W, 700.00 W, 49, 0 %, 0x0000000000000000
2026/09/27 07:23:56.510, 1605 MHz, 2619 MHz, 277.82 W, 700.00 W, 51, 7 %, 0x0000000000000000
2026/09/27 07:23:57.010, 1605 MHz, 2619 MHz, 313.20 W, 700.00 W, 52, 64 %, 0x0000000000000004
2026/09/27 07:23:57.511, 1605 MHz, 2619 MHz, 295.25 W, 700.00 W, 49, 40 %, 0x0000000000000000
2026/09/27 07:23:58.012, 1605 MHz, 2619 MHz, 260.32 W, 700.00 W, 49, 3 %, 0x0000000000000000
2026/09/27 07:23:58.513, 1605 MHz, 2619 MHz, 276.38 W, 700.00 W, 49, 11 %, 0x0000000000000000
2026/09/27 07:23:59.013, 1605 MHz, 2619 MHz, 275.06 W, 700.00 W, 52, 40 %, 0x0000000000000000
2026/09/27 07:23:59.514, 1605 MHz, 2619 MHz, 265.71 W, 700.00 W, 50, 23 %, 0x0000000000000000
2026/09/27 07:24:00.014, 1605 MHz, 2619 MHz, 255.45 W, 700.00 W, 49, 34 %, 0x0000000000000000
2026/09/27 07:24:00.515, 1605 MHz, 2619 MHz, 255.00 W, 700.00 W, 49, 40 %, 0x0000000000000000
2026/09/27 07:24:01.015, 1605 MHz, 2619 MHz, 301.21 W, 700.00 W, 53, 41 %, 0x0000000000000000
2026/09/27 07:24:01.516, 1605 MHz, 2619 MHz, 299.45 W, 700.00 W, 53, 0 %, 0x0000000000000000
2026/09/27 07:24:02.016, 1605 MHz, 2619 MHz, 248.99 W, 700.00 W, 53, 42 %, 0x0000000000000000
2026/09/27 07:24:02.517, 1605 MHz, 2619 MHz, 247.25 W, 700.00 W, 51, 20 %, 0x0000000000000000
2026/09/27 07:24:03.017, 1605 MHz, 2619 MHz, 247.53 W, 700.00 W, 51, 42 %, 0x0000000000000000
2026/09/27 07:24:03.518, 1605 MHz, 2619 MHz, 247.44 W, 700.00 W, 50, 42 %, 0x0000000000000000
2026/09/27 07:24:04.018, 1605 MHz, 2619 MHz, 245.82 W, 700.00 W, 50, 23 %, 0x0000000000000000
2026/09/27 07:24:04.519, 1605 MHz, 2619 MHz, 299.76 W, 700.00 W, 56, 67 %, 0x0000000000000000
2026/09/27 07:24:05.019, 1605 MHz, 2619 MHz, 304.19 W, 700.00 W, 51, 36 %, 0x0000000000000000
2026/09/27 07:24:05.520, 1605 MHz, 2619 MHz, 264.20 W, 700.00 W, 52, 0 %, 0x0000000000000000
2026/09/27 07:24:06.020, 1605 MHz, 2619 MHz, 258.66 W, 700.00 W, 53, 43 %, 0x0000000000000000
2026/09/27 07:24:06.521, 1605 MHz, 2619 MHz, 252.81 W, 700.00 W, 53, 2 %, 0x0000000000000000
2026/09/27 07:24:07.021, 1605 MHz, 2619 MHz, 249.18 W, 700.00 W, 53, 42 %, 0x0000000000000000
2026/09/27 07:24:07.521, 1605 MHz, 2619 MHz, 247.88 W, 700.00 W, 51, 21 %, 0x0000000000000000
2026/09/27 07:24:08.022, 1605 MHz, 2619 MHz, 249.79 W, 700.00 W, 51, 42 %, 0x0000000000000000
2026/09/27 07:24:08.522, 1605 MHz, 2619 MHz, 295.39 W, 700.00 W, 51, 58 %, 0x0000000000000000
2026/09/27 07:24:09.023, 1605 MHz, 2619 MHz, 297.10 W, 700.00 W, 49, 0 %, 0x0000000000000000
2026/09/27 07:24:09.523, 1605 MHz, 2619 MHz, 261.56 W, 700.00 W, 49, 42 %, 0x0000000000000000
2026/09/27 07:24:10.024, 1605 MHz, 2619 MHz, 263.70 W, 700.00 W, 49, 1 %, 0x0000000000000000
2026/09/27 07:24:10.524, 1605 MHz, 2619 MHz, 266.46 W, 700.00 W, 49, 34 %, 0x0000000000000000
2026/09/27 07:24:11.025, 1605 MHz, 2619 MHz, 267.36 W, 700.00 W, 48, 14 %, 0x0000000000000000
2026/09/27 07:24:11.525, 1605 MHz, 2619 MHz, 271.48 W, 700.00 W, 48, 20 %, 0x0000000000000000
2026/09/27 07:24:12.026, 1605 MHz, 2619 MHz, 268.44 W, 700.00 W, 48, 28 %, 0x0000000000000000
2026/09/27 07:24:12.526, 1605 MHz, 2619 MHz, 313.40 W, 700.00 W, 53, 22 %, 0x0000000000000000
2026/09/27 07:24:13.026, 1605 MHz, 2619 MHz, 319.95 W, 700.00 W, 52, 43 %, 0x0000000000000000
2026/09/27 07:24:13.527, 1605 MHz, 2619 MHz, 263.68 W, 700.00 W, 52, 22 %, 0x0000000000000000
2026/09/27 07:24:14.027, 1605 MHz, 2619 MHz, 263.08 W, 700.00 W, 52, 43 %, 0x0000000000000000
2026/09/27 07:24:14.528, 1605 MHz, 2619 MHz, 266.70 W, 700.00 W, 52, 20 %, 0x0000000000000000
2026/09/27 07:24:15.028, 1605 MHz, 2619 MHz, 266.61 W, 700.00 W, 52, 43 %, 0x0000000000000000
2026/09/27 07:24:15.529, 1605 MHz, 2619 MHz, 263.32 W, 700.00 W, 52, 21 %, 0x0000000000000000
2026/09/27 07:24:16.029, 1605 MHz, 2619 MHz, 266.71 W, 700.00 W, 52, 43 %, 0x0000000000000000
2026/09/27 07:24:16.529, 1605 MHz, 2619 MHz, 299.39 W, 700.00 W, 51, 44 %, 0x0000000000000000
2026/09/27 07:24:17.030, 1605 MHz, 2619 MHz, 308.75 W, 700.00 W, 49, 22 %, 0x0000000000000000
2026/09/27 07:24:17.531, 1605 MHz, 2619 MHz, 277.98 W, 700.00 W, 53, 0 %, 0x0000000000000000
2026/09/27 07:24:18.031, 1605 MHz, 2619 MHz, 267.37 W, 700.00 W, 51, 40 %, 0x0000000000000000
2026/09/27 07:24:18.532, 1605 MHz, 2619 MHz, 253.17 W, 700.00 W, 50, 40 %, 0x0000000000000000
2026/09/27 07:24:19.032, 1605 MHz, 2619 MHz, 257.90 W, 700.00 W, 49, 0 %, 0x0000000000000000
2026/09/27 07:24:19.532, 1605 MHz, 2619 MHz, 276.38 W, 700.00 W, 51, 9 %, 0x0000000000000000
2026/09/27 07:24:20.033, 1605 MHz, 2619 MHz, 321.53 W, 700.00 W, 53, 54 %, 0x0000000000000004
2026/09/27 07:24:20.534, 1605 MHz, 2619 MHz, 305.60 W, 700.00 W, 50, 40 %, 0x0000000000000000
2026/09/27 07:24:21.034, 1605 MHz, 2619 MHz, 251.76 W, 700.00 W, 49, 0 %, 0x0000000000000000
2026/09/27 07:24:21.535, 1605 MHz, 2619 MHz, 271.37 W, 700.00 W, 49, 21 %, 0x0000000000000000
2026/09/27 07:24:22.035, 1605 MHz, 2619 MHz, 277.31 W, 700.00 W, 51, 40 %, 0x0000000000000000
2026/09/27 07:24:22.535, 1605 MHz, 2619 MHz, 269.15 W, 700.00 W, 51, 17 %, 0x0000000000000000
2026/09/27 07:24:23.036, 1605 MHz, 2619 MHz, 254.83 W, 700.00 W, 50, 36 %, 0x0000000000000000
2026/09/27 07:24:23.537, 1605 MHz, 2619 MHz, 251.66 W, 700.00 W, 49, 40 %, 0x0000000000000000
2026/09/27 07:24:24.037, 1605 MHz, 2619 MHz, 317.88 W, 700.00 W, 54, 50 %, 0x0000000000000000
2026/09/27 07:24:24.538, 1605 MHz, 2619 MHz, 317.61 W, 700.00 W, 51, 23 %, 0x0000000000000000
2026/09/27 07:24:25.038, 1605 MHz, 2619 MHz, 251.83 W, 700.00 W, 50, 31 %, 0x0000000000000000
2026/09/27 07:24:25.539, 1605 MHz, 2619 MHz, 259.12 W, 700.00 W, 49, 40 %, 0x0000000000000000
2026/09/27 07:24:26.039, 1605 MHz, 2619 MHz, 260.94 W, 700.00 W, 49, 12 %, 0x0000000000000000
2026/09/27 07:24:26.540, 1605 MHz, 2619 MHz, 266.95 W, 700.00 W, 52, 0 %, 0x0000000000000000
2026/09/27 07:24:27.040, 1605 MHz, 2619 MHz, 258.65 W, 700.00 W, 52, 40 %, 0x0000000000000000
2026/09/27 07:24:27.540, 1605 MHz, 2619 MHz, 295.85 W, 700.00 W, 52, 50 %, 0x0000000000000000
2026/09/27 07:24:28.041, 1605 MHz, 2619 MHz, 314.05 W, 700.00 W, 49, 17 %, 0x0000000000000000
2026/09/27 07:24:28.541, 1605 MHz, 2619 MHz, 272.40 W, 700.00 W, 53, 0 %, 0x0000000000000000
2026/09/27 07:24:29.042, 1605 MHz, 2619 MHz, 257.06 W, 700.00 W, 52, 40 %, 0x0000000000000000
2026/09/27 07:24:29.542, 1605 MHz, 2619 MHz, 249.99 W, 700.00 W, 50, 40 %, 0x0000000000000000
2026/09/27 07:24:30.043, 1605 MHz, 2619 MHz, 252.56 W, 700.00 W, 50, 12 %, 0x0000000000000000
2026/09/27 07:24:30.543, 1605 MHz, 2619 MHz, 267.66 W, 700.00 W, 49, 40 %, 0x0000000000000000
2026/09/27 07:24:31.043, 1605 MHz, 2619 MHz, 263.04 W, 700.00 W, 49, 25 %, 0x0000000000000000
2026/09/27 07:24:31.544, 1605 MHz, 2619 MHz, 242.68 W, 700.00 W, 48, 0 %, 0x0000000000000000
2026/09/27 07:24:32.045, 1605 MHz, 2619 MHz, 171.93 W, 700.00 W, 46, 0 %, 0x0000000000000000
2026/09/27 07:24:32.545, 1605 MHz, 2619 MHz, 107.76 W, 700.00 W, 45, 0 %, 0x0000000000000000
2026/09/27 07:24:33.046, 1605 MHz, 2619 MHz, 107.79 W, 700.00 W, 45, 0 %, 0x0000000000000000
2026/09/27 07:24:33.546, 1605 MHz, 2619 MHz, 108.16 W, 700.00 W, 45, 0 %, 0x0000000000000000
2026/09/27 07:24:34.047, 1605 MHz, 2619 MHz, 109.28 W, 700.00 W, 45, 0 %, 0x0000000000000000
2026/09/27 07:24:34.547, 1605 MHz, 2619 MHz, 110.16 W, 700.00 W, 45, 0 %, 0x0000000000000000
2026/09/27 07:24:35.047, 1605 MHz, 2619 MHz, 110.10 W, 700.00 W, 45, 0 %, 0x0000000000000001
2026/09/27 07:24:35.548, 1605 MHz, 2619 MHz, 109.92 W, 700.00 W, 45, 0 %, 0x0000000000000001
2026/09/27 07:24:36.048, 1605 MHz, 2619 MHz, 109.87 W, 700.00 W, 44, 0 %, 0x0000000000000001
2026/09/27 07:24:36.549, 1605 MHz, 2619 MHz, 109.94 W, 700.00 W, 44, 0 %, 0x0000000000000001
2026/09/27 07:24:37.049, 1605 MHz, 2619 MHz, 109.93 W, 700.00 W, 44, 0 %, 0x0000000000000001
2026/09/27 07:24:37.549, 1605 MHz, 2619 MHz, 109.85 W, 700.00 W, 44, 0 %, 0x0000000000000001
2026/09/27 07:24:38.050, 1605 MHz, 2619 MHz, 109.83 W, 700.00 W, 44, 0 %, 0x0000000000000001
2026/09/27 07:24:38.550, 1605 MHz, 2619 MHz, 109.63 W, 700.00 W, 44, 0 %, 0x0000000000000001
2026/09/27 07:24:39.050, 1605 MHz, 2619 MHz, 109.55 W, 700.00 W, 44, 0 %, 0x0000000000000001
2026/09/27 07:24:39.551, 1605 MHz, 2619 MHz, 109.67 W, 700.00 W, 44, 0 %, 0x0000000000000001
