arm,repeat,block_m,tiles,rows_per_expert,tokens,copies,experts_declared,ms_p50,ms_min,ms_stdev,iters,trials,warmup_ms,instrument,sm_clock_load_mhz,clock_level_ok,clock_level_side,clock_drift_ok,l2_flush,status,detail,duty,power_w,duty_achieved,calls_per_burst,gap_ms,gap_basis,head_ms,tail_ms,within_burst_ok,clock_samples_mhz,host_bound,prov_bandwidth,prov_bandwidth_source,prov_cuda_version,prov_driver_version,prov_git_dirty,prov_git_dirty_files,prov_git_sha,prov_gpu_name,prov_hostname,prov_instrument,prov_iters,prov_missing,prov_provenance_version,prov_python,prov_ridge,prov_ridge_source,prov_sglang,prov_target_ms,prov_torch,prov_triton,prov_utc,prov_vllm,prov_warmup_ms
native,0,32,1,32,256,1,64,0.26630398631095886,0.229312002658844,0.01611769856255758,720,3,307.5207682698965,"scripts/clock_elasticity.py: bursts of N back-to-back fused_experts calls under one pinned tile, each call L2-flushed and bracketed by its own pre-primed event pair, the FIRST call of every burst discarded as a drained-queue launch, a host-side idle gap after each burst setting the sustained duty cycle, and the SM clock, board power and memory clock read through NVML with the burst still in flight; NOT timing.TIMING_BASIS",1710.0,False,high,True,True,ok,"LEVEL HIGH (recorded, never an exclusion here): loaded clock 1710 MHz against the 1455 MHz reference. At a duty cycle below 1.0 a HIGH reading is the experiment working, not a cell to drop.; host-bound: in 15 of 15 trials the GPU had fewer than 2 iterations of work queued when the host finished enqueueing (smallest backlog 0.15 iterations; host enqueue 0.3459 ms per call); the intervals include host enqueue time and the number is an upper bound on the kernel time; time the callable as a graph replay or through a fused launcher to measure the GPU alone",0.25,209.703,0.2498925245268031,145,103.53672195490071,burst,0.26476800441741943,0.2646079957485199,True,1710 1710 1710 1710 1710 1710 1710 1710 1710 1710 1710 1710 1710 1710 1710,True,3725.9156463999325,"measured on this device: NVIDIA GH200 480GB (measured), 3725.9 GB/s (triad pattern)",13.0,580.105.08,True,1,49f219808863cc3515979babf6eaed123d73f876,NVIDIA GH200 480GB,192-222-51-63,"scripts/clock_elasticity.py: bursts of N back-to-back fused_experts calls under one pinned tile, each call L2-flushed and bracketed by its own pre-primed event pair, the FIRST call of every burst discarded as a drained-queue launch, a host-side idle gap after each burst setting the sustained duty cycle, and the SM clock, board power and memory clock read through NVML with the burst still in flight; NOT timing.TIMING_BASIS | duty 0.25 | each idle gap sized from its own burst (gap_basis burst)",,iters=supplied as None; sglang=package not installed,1,3.12.15,176.58886931557572,"measured on this device: NVIDIA GH200 480GB (measured), 658.0 TFLOP/s bf16 over 3725.9 GB/s (triad pattern); calibrated 2026-10-06 at 49f21980",,200.0,2.13.0,3.7.1,2026-10-06T08:52:02+00:00,0.27.1,300.0
shared,0,32,1,32,256,1,576,0.26335999369621277,0.22499200701713562,0.015798048427077965,720,3,308.6506241708994,"scripts/clock_elasticity.py: bursts of N back-to-back fused_experts calls under one pinned tile, each call L2-flushed and bracketed by its own pre-primed event pair, the FIRST call of every burst discarded as a drained-queue launch, a host-side idle gap after each burst setting the sustained duty cycle, and the SM clock, board power and memory clock read through NVML with the burst still in flight; NOT timing.TIMING_BASIS",1710.0,False,high,True,True,ok,"LEVEL HIGH (recorded, never an exclusion here): loaded clock 1710 MHz against the 1455 MHz reference. At a duty cycle below 1.0 a HIGH reading is the experiment working, not a cell to drop.; host-bound: in 15 of 15 trials the GPU had fewer than 2 iterations of work queued when the host finished enqueueing (smallest backlog 0.16 iterations; host enqueue 0.3430 ms per call); the intervals include host enqueue time and the number is an upper bound on the kernel time; time the callable as a graph replay or through a fused launcher to measure the GPU alone",0.25,215.113,0.24989319713548708,145,102.88910820106683,burst,0.26475200057029724,0.26390400528907776,True,1710 1710 1710 1710 1710 1710 1710 1710 1710 1710 1710 1710 1710 1710 1710,True,3725.9156463999325,"measured on this device: NVIDIA GH200 480GB (measured), 3725.9 GB/s (triad pattern)",13.0,580.105.08,True,1,49f219808863cc3515979babf6eaed123d73f876,NVIDIA GH200 480GB,192-222-51-63,"scripts/clock_elasticity.py: bursts of N back-to-back fused_experts calls under one pinned tile, each call L2-flushed and bracketed by its own pre-primed event pair, the FIRST call of every burst discarded as a drained-queue launch, a host-side idle gap after each burst setting the sustained duty cycle, and the SM clock, board power and memory clock read through NVML with the burst still in flight; NOT timing.TIMING_BASIS | duty 0.25 | each idle gap sized from its own burst (gap_basis burst)",,iters=supplied as None; sglang=package not installed,1,3.12.15,176.58886931557572,"measured on this device: NVIDIA GH200 480GB (measured), 658.0 TFLOP/s bf16 over 3725.9 GB/s (triad pattern); calibrated 2026-10-06 at 49f21980",,200.0,2.13.0,3.7.1,2026-10-06T08:52:02+00:00,0.27.1,300.0
private,0,32,1,32,256,1,576,0.27990400791168213,0.236735999584198,0.019038579925287374,690,3,309.87247985601425,"scripts/clock_elasticity.py: bursts of N back-to-back fused_experts calls under one pinned tile, each call L2-flushed and bracketed by its own pre-primed event pair, the FIRST call of every burst discarded as a drained-queue launch, a host-side idle gap after each burst setting the sustained duty cycle, and the SM clock, board power and memory clock read through NVML with the burst still in flight; NOT timing.TIMING_BASIS",1710.0,False,high,True,True,ok,"LEVEL HIGH (recorded, never an exclusion here): loaded clock 1710 MHz against the 1455 MHz reference. At a duty cycle below 1.0 a HIGH reading is the experiment working, not a cell to drop.; host-bound: in 15 of 15 trials the GPU had fewer than 2 iterations of work queued when the host finished enqueueing (smallest backlog 0.15 iterations; host enqueue 0.3561 ms per call); the intervals include host enqueue time and the number is an upper bound on the kernel time; time the callable as a graph replay or through a fused launcher to measure the GPU alone",0.25,208.946,0.2498876390813785,139,104.04235812904517,burst,0.2757599949836731,0.27480000257492065,True,1710 1710 1710 1710 1710 1710 1710 1710 1710 1710 1710 1710 1710 1710 1710,True,3725.9156463999325,"measured on this device: NVIDIA GH200 480GB (measured), 3725.9 GB/s (triad pattern)",13.0,580.105.08,True,1,49f219808863cc3515979babf6eaed123d73f876,NVIDIA GH200 480GB,192-222-51-63,"scripts/clock_elasticity.py: bursts of N back-to-back fused_experts calls under one pinned tile, each call L2-flushed and bracketed by its own pre-primed event pair, the FIRST call of every burst discarded as a drained-queue launch, a host-side idle gap after each burst setting the sustained duty cycle, and the SM clock, board power and memory clock read through NVML with the burst still in flight; NOT timing.TIMING_BASIS | duty 0.25 | each idle gap sized from its own burst (gap_basis burst)",,iters=supplied as None; sglang=package not installed,1,3.12.15,176.58886931557572,"measured on this device: NVIDIA GH200 480GB (measured), 658.0 TFLOP/s bf16 over 3725.9 GB/s (triad pattern); calibrated 2026-10-06 at 49f21980",,200.0,2.13.0,3.7.1,2026-10-06T08:52:02+00:00,0.27.1,300.0
native,0,32,2,64,512,1,64,0.26556798815727234,0.24582399427890778,0.016335440885567848,705,3,310.59404826164246,"scripts/clock_elasticity.py: bursts of N back-to-back fused_experts calls under one pinned tile, each call L2-flushed and bracketed by its own pre-primed event pair, the FIRST call of every burst discarded as a drained-queue launch, a host-side idle gap after each burst setting the sustained duty cycle, and the SM clock, board power and memory clock read through NVML with the burst still in flight; NOT timing.TIMING_BASIS",1710.0,False,high,True,True,ok,"LEVEL HIGH (recorded, never an exclusion here): loaded clock 1710 MHz against the 1455 MHz reference. At a duty cycle below 1.0 a HIGH reading is the experiment working, not a cell to drop.; host-bound: in 15 of 15 trials the GPU had fewer than 2 iterations of work queued when the host finished enqueueing (smallest backlog 0.29 iterations; host enqueue 0.3472 ms per call); the intervals include host enqueue time and the number is an upper bound on the kernel time; time the callable as a graph replay or through a fused launcher to measure the GPU alone",0.25,252.427,0.24988997259274906,142,102.50565534020278,burst,0.2671999931335449,0.2640320062637329,True,1710 1710 1710 1710 1710 1710 1710 1710 1710 1710 1710 1710 1710 1710 1710,True,3725.9156463999325,"measured on this device: NVIDIA GH200 480GB (measured), 3725.9 GB/s (triad pattern)",13.0,580.105.08,True,1,49f219808863cc3515979babf6eaed123d73f876,NVIDIA GH200 480GB,192-222-51-63,"scripts/clock_elasticity.py: bursts of N back-to-back fused_experts calls under one pinned tile, each call L2-flushed and bracketed by its own pre-primed event pair, the FIRST call of every burst discarded as a drained-queue launch, a host-side idle gap after each burst setting the sustained duty cycle, and the SM clock, board power and memory clock read through NVML with the burst still in flight; NOT timing.TIMING_BASIS | duty 0.25 | each idle gap sized from its own burst (gap_basis burst)",,iters=supplied as None; sglang=package not installed,1,3.12.15,176.58886931557572,"measured on this device: NVIDIA GH200 480GB (measured), 658.0 TFLOP/s bf16 over 3725.9 GB/s (triad pattern); calibrated 2026-10-06 at 49f21980",,200.0,2.13.0,3.7.1,2026-10-06T08:52:02+00:00,0.27.1,300.0
shared,0,32,2,64,512,1,576,0.27932798862457275,0.2763200104236603,0.0021425928389396283,715,3,323.4338240623474,"scripts/clock_elasticity.py: bursts of N back-to-back fused_experts calls under one pinned tile, each call L2-flushed and bracketed by its own pre-primed event pair, the FIRST call of every burst discarded as a drained-queue launch, a host-side idle gap after each burst setting the sustained duty cycle, and the SM clock, board power and memory clock read through NVML with the burst still in flight; NOT timing.TIMING_BASIS",1710.0,False,high,True,True,ok,"LEVEL HIGH (recorded, never an exclusion here): loaded clock 1710 MHz against the 1455 MHz reference. At a duty cycle below 1.0 a HIGH reading is the experiment working, not a cell to drop.",0.25,256.587,0.24989903099365154,144,109.3296384180576,burst,0.27875199913978577,0.27926400303840637,True,1710 1710 1710 1710 1710 1710 1710 1710 1710 1710 1710 1710 1710 1710 1710,False,3725.9156463999325,"measured on this device: NVIDIA GH200 480GB (measured), 3725.9 GB/s (triad pattern)",13.0,580.105.08,True,1,49f219808863cc3515979babf6eaed123d73f876,NVIDIA GH200 480GB,192-222-51-63,"scripts/clock_elasticity.py: bursts of N back-to-back fused_experts calls under one pinned tile, each call L2-flushed and bracketed by its own pre-primed event pair, the FIRST call of every burst discarded as a drained-queue launch, a host-side idle gap after each burst setting the sustained duty cycle, and the SM clock, board power and memory clock read through NVML with the burst still in flight; NOT timing.TIMING_BASIS | duty 0.25 | each idle gap sized from its own burst (gap_basis burst)",,iters=supplied as None; sglang=package not installed,1,3.12.15,176.58886931557572,"measured on this device: NVIDIA GH200 480GB (measured), 658.0 TFLOP/s bf16 over 3725.9 GB/s (triad pattern); calibrated 2026-10-06 at 49f21980",,200.0,2.13.0,3.7.1,2026-10-06T08:52:02+00:00,0.27.1,300.0
private,0,32,2,64,512,2,576,0.34089601039886475,0.33641600608825684,0.001525703333067963,580,3,320.8597435951233,"scripts/clock_elasticity.py: bursts of N back-to-back fused_experts calls under one pinned tile, each call L2-flushed and bracketed by its own pre-primed event pair, the FIRST call of every burst discarded as a drained-queue launch, a host-side idle gap after each burst setting the sustained duty cycle, and the SM clock, board power and memory clock read through NVML with the burst still in flight; NOT timing.TIMING_BASIS",1710.0,False,high,True,True,ok,"LEVEL HIGH (recorded, never an exclusion here): loaded clock 1710 MHz against the 1455 MHz reference. At a duty cycle below 1.0 a HIGH reading is the experiment working, not a cell to drop.",0.25,254.305,0.24989511186845917,117,110.58997523340805,burst,0.3407360017299652,0.34092798829078674,True,1710 1710 1710 1710 1710 1710 1710 1710 1710 1710 1710 1710 1710 1710 1710,False,3725.9156463999325,"measured on this device: NVIDIA GH200 480GB (measured), 3725.9 GB/s (triad pattern)",13.0,580.105.08,True,1,49f219808863cc3515979babf6eaed123d73f876,NVIDIA GH200 480GB,192-222-51-63,"scripts/clock_elasticity.py: bursts of N back-to-back fused_experts calls under one pinned tile, each call L2-flushed and bracketed by its own pre-primed event pair, the FIRST call of every burst discarded as a drained-queue launch, a host-side idle gap after each burst setting the sustained duty cycle, and the SM clock, board power and memory clock read through NVML with the burst still in flight; NOT timing.TIMING_BASIS | duty 0.25 | each idle gap sized from its own burst (gap_basis burst)",,iters=supplied as None; sglang=package not installed,1,3.12.15,176.58886931557572,"measured on this device: NVIDIA GH200 480GB (measured), 658.0 TFLOP/s bf16 over 3725.9 GB/s (triad pattern); calibrated 2026-10-06 at 49f21980",,200.0,2.13.0,3.7.1,2026-10-06T08:52:02+00:00,0.27.1,300.0
native,0,32,3,96,768,1,64,0.357695996761322,0.3535360097885132,0.0015046682404475716,555,3,321.85011199116707,"scripts/clock_elasticity.py: bursts of N back-to-back fused_experts calls under one pinned tile, each call L2-flushed and bracketed by its own pre-primed event pair, the FIRST call of every burst discarded as a drained-queue launch, a host-side idle gap after each burst setting the sustained duty cycle, and the SM clock, board power and memory clock read through NVML with the burst still in flight; NOT timing.TIMING_BASIS",1710.0,False,high,True,True,ok,"LEVEL HIGH (recorded, never an exclusion here): loaded clock 1710 MHz against the 1455 MHz reference. At a duty cycle below 1.0 a HIGH reading is the experiment working, not a cell to drop.",0.25,260.61,0.24990159253806238,112,111.48428019268614,burst,0.3583039939403534,0.35734400153160095,True,1710 1710 1710 1710 1710 1710 1710 1710 1710 1710 1710 1710 1710 1710 1710,False,3725.9156463999325,"measured on this device: NVIDIA GH200 480GB (measured), 3725.9 GB/s (triad pattern)",13.0,580.105.08,True,1,49f219808863cc3515979babf6eaed123d73f876,NVIDIA GH200 480GB,192-222-51-63,"scripts/clock_elasticity.py: bursts of N back-to-back fused_experts calls under one pinned tile, each call L2-flushed and bracketed by its own pre-primed event pair, the FIRST call of every burst discarded as a drained-queue launch, a host-side idle gap after each burst setting the sustained duty cycle, and the SM clock, board power and memory clock read through NVML with the burst still in flight; NOT timing.TIMING_BASIS | duty 0.25 | each idle gap sized from its own burst (gap_basis burst)",,iters=supplied as None; sglang=package not installed,1,3.12.15,176.58886931557572,"measured on this device: NVIDIA GH200 480GB (measured), 658.0 TFLOP/s bf16 over 3725.9 GB/s (triad pattern); calibrated 2026-10-06 at 49f21980",,200.0,2.13.0,3.7.1,2026-10-06T08:52:02+00:00,0.27.1,300.0
shared,0,32,3,96,768,1,576,0.3878079950809479,0.3839679956436157,0.0014229834894690918,515,3,323.78272035717964,"scripts/clock_elasticity.py: bursts of N back-to-back fused_experts calls under one pinned tile, each call L2-flushed and bracketed by its own pre-primed event pair, the FIRST call of every burst discarded as a drained-queue launch, a host-side idle gap after each burst setting the sustained duty cycle, and the SM clock, board power and memory clock read through NVML with the burst still in flight; NOT timing.TIMING_BASIS",1710.0,False,high,True,True,ok,"LEVEL HIGH (recorded, never an exclusion here): loaded clock 1710 MHz against the 1455 MHz reference. At a duty cycle below 1.0 a HIGH reading is the experiment working, not a cell to drop.",0.25,252.23,0.24989431115657593,104,113.066555365127,burst,0.388480007648468,0.3874880075454712,True,1710 1710 1710 1710 1710 1710 1710 1710 1710 1710 1710 1710 1710 1710 1710,False,3725.9156463999325,"measured on this device: NVIDIA GH200 480GB (measured), 3725.9 GB/s (triad pattern)",13.0,580.105.08,True,1,49f219808863cc3515979babf6eaed123d73f876,NVIDIA GH200 480GB,192-222-51-63,"scripts/clock_elasticity.py: bursts of N back-to-back fused_experts calls under one pinned tile, each call L2-flushed and bracketed by its own pre-primed event pair, the FIRST call of every burst discarded as a drained-queue launch, a host-side idle gap after each burst setting the sustained duty cycle, and the SM clock, board power and memory clock read through NVML with the burst still in flight; NOT timing.TIMING_BASIS | duty 0.25 | each idle gap sized from its own burst (gap_basis burst)",,iters=supplied as None; sglang=package not installed,1,3.12.15,176.58886931557572,"measured on this device: NVIDIA GH200 480GB (measured), 658.0 TFLOP/s bf16 over 3725.9 GB/s (triad pattern); calibrated 2026-10-06 at 49f21980",,200.0,2.13.0,3.7.1,2026-10-06T08:52:02+00:00,0.27.1,300.0
private,0,32,3,96,768,3,576,0.47937600314617157,0.4750399887561798,0.0014720926672128591,410,3,319.62211188673973,"scripts/clock_elasticity.py: bursts of N back-to-back fused_experts calls under one pinned tile, each call L2-flushed and bracketed by its own pre-primed event pair, the FIRST call of every burst discarded as a drained-queue launch, a host-side idle gap after each burst setting the sustained duty cycle, and the SM clock, board power and memory clock read through NVML with the burst still in flight; NOT timing.TIMING_BASIS",1710.0,False,high,True,True,ok,"LEVEL HIGH (recorded, never an exclusion here): loaded clock 1710 MHz against the 1455 MHz reference. At a duty cycle below 1.0 a HIGH reading is the experiment working, not a cell to drop.",0.25,254.026,0.24989958438436968,83,113.04013815648068,burst,0.4792639911174774,0.4793440103530884,True,1710 1710 1710 1710 1710 1710 1710 1710 1710 1710 1710 1710 1710 1710 1710,False,3725.9156463999325,"measured on this device: NVIDIA GH200 480GB (measured), 3725.9 GB/s (triad pattern)",13.0,580.105.08,True,1,49f219808863cc3515979babf6eaed123d73f876,NVIDIA GH200 480GB,192-222-51-63,"scripts/clock_elasticity.py: bursts of N back-to-back fused_experts calls under one pinned tile, each call L2-flushed and bracketed by its own pre-primed event pair, the FIRST call of every burst discarded as a drained-queue launch, a host-side idle gap after each burst setting the sustained duty cycle, and the SM clock, board power and memory clock read through NVML with the burst still in flight; NOT timing.TIMING_BASIS | duty 0.25 | each idle gap sized from its own burst (gap_basis burst)",,iters=supplied as None; sglang=package not installed,1,3.12.15,176.58886931557572,"measured on this device: NVIDIA GH200 480GB (measured), 658.0 TFLOP/s bf16 over 3725.9 GB/s (triad pattern); calibrated 2026-10-06 at 49f21980",,200.0,2.13.0,3.7.1,2026-10-06T08:52:02+00:00,0.27.1,300.0
native,0,32,4,128,1024,1,64,0.4657920002937317,0.46112000942230225,0.0015335048697288022,425,3,321.5048323869705,"scripts/clock_elasticity.py: bursts of N back-to-back fused_experts calls under one pinned tile, each call L2-flushed and bracketed by its own pre-primed event pair, the FIRST call of every burst discarded as a drained-queue launch, a host-side idle gap after each burst setting the sustained duty cycle, and the SM clock, board power and memory clock read through NVML with the burst still in flight; NOT timing.TIMING_BASIS",1710.0,False,high,True,True,ok,"LEVEL HIGH (recorded, never an exclusion here): loaded clock 1710 MHz against the 1455 MHz reference. At a duty cycle below 1.0 a HIGH reading is the experiment working, not a cell to drop.",0.25,253.536,0.24990111673627172,86,113.58947783116311,burst,0.4662719964981079,0.4657599925994873,True,1710 1710 1710 1710 1710 1710 1710 1710 1710 1710 1710 1710 1710 1710 1710,False,3725.9156463999325,"measured on this device: NVIDIA GH200 480GB (measured), 3725.9 GB/s (triad pattern)",13.0,580.105.08,True,1,49f219808863cc3515979babf6eaed123d73f876,NVIDIA GH200 480GB,192-222-51-63,"scripts/clock_elasticity.py: bursts of N back-to-back fused_experts calls under one pinned tile, each call L2-flushed and bracketed by its own pre-primed event pair, the FIRST call of every burst discarded as a drained-queue launch, a host-side idle gap after each burst setting the sustained duty cycle, and the SM clock, board power and memory clock read through NVML with the burst still in flight; NOT timing.TIMING_BASIS | duty 0.25 | each idle gap sized from its own burst (gap_basis burst)",,iters=supplied as None; sglang=package not installed,1,3.12.15,176.58886931557572,"measured on this device: NVIDIA GH200 480GB (measured), 658.0 TFLOP/s bf16 over 3725.9 GB/s (triad pattern); calibrated 2026-10-06 at 49f21980",,200.0,2.13.0,3.7.1,2026-10-06T08:52:02+00:00,0.27.1,300.0
shared,0,32,4,128,1024,1,576,0.49564799666404724,0.4906879961490631,0.0018741028847766691,400,3,322.6457600593567,"scripts/clock_elasticity.py: bursts of N back-to-back fused_experts calls under one pinned tile, each call L2-flushed and bracketed by its own pre-primed event pair, the FIRST call of every burst discarded as a drained-queue launch, a host-side idle gap after each burst setting the sustained duty cycle, and the SM clock, board power and memory clock read through NVML with the burst still in flight; NOT timing.TIMING_BASIS",1710.0,False,high,True,True,ok,"LEVEL HIGH (recorded, never an exclusion here): loaded clock 1710 MHz against the 1455 MHz reference. At a duty cycle below 1.0 a HIGH reading is the experiment working, not a cell to drop.",0.25,249.445,0.24989830100077756,81,114.33936764947431,burst,0.4952639937400818,0.49561600387096405,True,1710 1710 1710 1710 1710 1710 1710 1710 1710 1710 1710 1710 1710 1710 1710,False,3725.9156463999325,"measured on this device: NVIDIA GH200 480GB (measured), 3725.9 GB/s (triad pattern)",13.0,580.105.08,True,1,49f219808863cc3515979babf6eaed123d73f876,NVIDIA GH200 480GB,192-222-51-63,"scripts/clock_elasticity.py: bursts of N back-to-back fused_experts calls under one pinned tile, each call L2-flushed and bracketed by its own pre-primed event pair, the FIRST call of every burst discarded as a drained-queue launch, a host-side idle gap after each burst setting the sustained duty cycle, and the SM clock, board power and memory clock read through NVML with the burst still in flight; NOT timing.TIMING_BASIS | duty 0.25 | each idle gap sized from its own burst (gap_basis burst)",,iters=supplied as None; sglang=package not installed,1,3.12.15,176.58886931557572,"measured on this device: NVIDIA GH200 480GB (measured), 658.0 TFLOP/s bf16 over 3725.9 GB/s (triad pattern); calibrated 2026-10-06 at 49f21980",,200.0,2.13.0,3.7.1,2026-10-06T08:52:02+00:00,0.27.1,300.0
private,0,32,4,128,1024,4,576,0.6187199950218201,0.6138240098953247,0.001634722625314883,320,3,323.22153627872467,"scripts/clock_elasticity.py: bursts of N back-to-back fused_experts calls under one pinned tile, each call L2-flushed and bracketed by its own pre-primed event pair, the FIRST call of every burst discarded as a drained-queue launch, a host-side idle gap after each burst setting the sustained duty cycle, and the SM clock, board power and memory clock read through NVML with the burst still in flight; NOT timing.TIMING_BASIS",1710.0,False,high,True,True,ok,"LEVEL HIGH (recorded, never an exclusion here): loaded clock 1710 MHz against the 1455 MHz reference. At a duty cycle below 1.0 a HIGH reading is the experiment working, not a cell to drop.",0.25,261.252,0.2498982542860916,65,115.82504250259079,burst,0.6184160113334656,0.6188960075378418,True,1710 1710 1710 1710 1710 1710 1710 1710 1710 1710 1710 1710 1710 1710 1710,False,3725.9156463999325,"measured on this device: NVIDIA GH200 480GB (measured), 3725.9 GB/s (triad pattern)",13.0,580.105.08,True,1,49f219808863cc3515979babf6eaed123d73f876,NVIDIA GH200 480GB,192-222-51-63,"scripts/clock_elasticity.py: bursts of N back-to-back fused_experts calls under one pinned tile, each call L2-flushed and bracketed by its own pre-primed event pair, the FIRST call of every burst discarded as a drained-queue launch, a host-side idle gap after each burst setting the sustained duty cycle, and the SM clock, board power and memory clock read through NVML with the burst still in flight; NOT timing.TIMING_BASIS | duty 0.25 | each idle gap sized from its own burst (gap_basis burst)",,iters=supplied as None; sglang=package not installed,1,3.12.15,176.58886931557572,"measured on this device: NVIDIA GH200 480GB (measured), 658.0 TFLOP/s bf16 over 3725.9 GB/s (triad pattern); calibrated 2026-10-06 at 49f21980",,200.0,2.13.0,3.7.1,2026-10-06T08:52:02+00:00,0.27.1,300.0
native,0,32,5,160,1280,1,64,0.5736640095710754,0.5686079859733582,0.0020161762779567034,345,3,322.58441627025604,"scripts/clock_elasticity.py: bursts of N back-to-back fused_experts calls under one pinned tile, each call L2-flushed and bracketed by its own pre-primed event pair, the FIRST call of every burst discarded as a drained-queue launch, a host-side idle gap after each burst setting the sustained duty cycle, and the SM clock, board power and memory clock read through NVML with the burst still in flight; NOT timing.TIMING_BASIS",1710.0,False,high,True,True,ok,"LEVEL HIGH (recorded, never an exclusion here): loaded clock 1710 MHz against the 1455 MHz reference. At a duty cycle below 1.0 a HIGH reading is the experiment working, not a cell to drop.",0.25,252.761,0.2498989184871046,70,115.11307129040507,burst,0.5731199979782104,0.5739520192146301,True,1710 1710 1710 1710 1710 1710 1710 1710 1710 1710 1710 1710 1710 1710 1710,False,3725.9156463999325,"measured on this device: NVIDIA GH200 480GB (measured), 3725.9 GB/s (triad pattern)",13.0,580.105.08,True,1,49f219808863cc3515979babf6eaed123d73f876,NVIDIA GH200 480GB,192-222-51-63,"scripts/clock_elasticity.py: bursts of N back-to-back fused_experts calls under one pinned tile, each call L2-flushed and bracketed by its own pre-primed event pair, the FIRST call of every burst discarded as a drained-queue launch, a host-side idle gap after each burst setting the sustained duty cycle, and the SM clock, board power and memory clock read through NVML with the burst still in flight; NOT timing.TIMING_BASIS | duty 0.25 | each idle gap sized from its own burst (gap_basis burst)",,iters=supplied as None; sglang=package not installed,1,3.12.15,176.58886931557572,"measured on this device: NVIDIA GH200 480GB (measured), 658.0 TFLOP/s bf16 over 3725.9 GB/s (triad pattern); calibrated 2026-10-06 at 49f21980",,200.0,2.13.0,3.7.1,2026-10-06T08:52:02+00:00,0.27.1,300.0
shared,0,32,5,160,1280,1,576,0.6032000184059143,0.5986239910125732,0.0020332875426643283,325,3,320.06675243377686,"scripts/clock_elasticity.py: bursts of N back-to-back fused_experts calls under one pinned tile, each call L2-flushed and bracketed by its own pre-primed event pair, the FIRST call of every burst discarded as a drained-queue launch, a host-side idle gap after each burst setting the sustained duty cycle, and the SM clock, board power and memory clock read through NVML with the burst still in flight; NOT timing.TIMING_BASIS",1710.0,False,high,True,True,ok,"LEVEL HIGH (recorded, never an exclusion here): loaded clock 1710 MHz against the 1455 MHz reference. At a duty cycle below 1.0 a HIGH reading is the experiment working, not a cell to drop.",0.25,251.47,0.24990249530280317,66,114.50171468425832,burst,0.6025600135326385,0.6037279963493347,True,1710 1710 1710 1710 1710 1710 1710 1710 1710 1710 1710 1710 1710 1710 1710,False,3725.9156463999325,"measured on this device: NVIDIA GH200 480GB (measured), 3725.9 GB/s (triad pattern)",13.0,580.105.08,True,1,49f219808863cc3515979babf6eaed123d73f876,NVIDIA GH200 480GB,192-222-51-63,"scripts/clock_elasticity.py: bursts of N back-to-back fused_experts calls under one pinned tile, each call L2-flushed and bracketed by its own pre-primed event pair, the FIRST call of every burst discarded as a drained-queue launch, a host-side idle gap after each burst setting the sustained duty cycle, and the SM clock, board power and memory clock read through NVML with the burst still in flight; NOT timing.TIMING_BASIS | duty 0.25 | each idle gap sized from its own burst (gap_basis burst)",,iters=supplied as None; sglang=package not installed,1,3.12.15,176.58886931557572,"measured on this device: NVIDIA GH200 480GB (measured), 658.0 TFLOP/s bf16 over 3725.9 GB/s (triad pattern); calibrated 2026-10-06 at 49f21980",,200.0,2.13.0,3.7.1,2026-10-06T08:52:02+00:00,0.27.1,300.0
private,0,32,5,160,1280,5,576,0.7583680152893066,0.7528640031814575,0.0019680839401426597,260,3,323.0781756043434,"scripts/clock_elasticity.py: bursts of N back-to-back fused_experts calls under one pinned tile, each call L2-flushed and bracketed by its own pre-primed event pair, the FIRST call of every burst discarded as a drained-queue launch, a host-side idle gap after each burst setting the sustained duty cycle, and the SM clock, board power and memory clock read through NVML with the burst still in flight; NOT timing.TIMING_BASIS",1710.0,False,high,True,True,ok,"LEVEL HIGH (recorded, never an exclusion here): loaded clock 1710 MHz against the 1455 MHz reference. At a duty cycle below 1.0 a HIGH reading is the experiment working, not a cell to drop.",0.25,262.365,0.24989750107746284,53,116.68690357874584,burst,0.7583360075950623,0.7585920095443726,True,1710 1710 1710 1710 1710 1710 1710 1710 1710 1710 1710 1710 1710 1710 1710,False,3725.9156463999325,"measured on this device: NVIDIA GH200 480GB (measured), 3725.9 GB/s (triad pattern)",13.0,580.105.08,True,1,49f219808863cc3515979babf6eaed123d73f876,NVIDIA GH200 480GB,192-222-51-63,"scripts/clock_elasticity.py: bursts of N back-to-back fused_experts calls under one pinned tile, each call L2-flushed and bracketed by its own pre-primed event pair, the FIRST call of every burst discarded as a drained-queue launch, a host-side idle gap after each burst setting the sustained duty cycle, and the SM clock, board power and memory clock read through NVML with the burst still in flight; NOT timing.TIMING_BASIS | duty 0.25 | each idle gap sized from its own burst (gap_basis burst)",,iters=supplied as None; sglang=package not installed,1,3.12.15,176.58886931557572,"measured on this device: NVIDIA GH200 480GB (measured), 658.0 TFLOP/s bf16 over 3725.9 GB/s (triad pattern); calibrated 2026-10-06 at 49f21980",,200.0,2.13.0,3.7.1,2026-10-06T08:52:02+00:00,0.27.1,300.0
native,0,32,6,192,1536,1,64,0.6810080111026764,0.6753280162811279,0.0026059209802220718,290,3,323.3814400434494,"scripts/clock_elasticity.py: bursts of N back-to-back fused_experts calls under one pinned tile, each call L2-flushed and bracketed by its own pre-primed event pair, the FIRST call of every burst discarded as a drained-queue launch, a host-side idle gap after each burst setting the sustained duty cycle, and the SM clock, board power and memory clock read through NVML with the burst still in flight; NOT timing.TIMING_BASIS",1710.0,False,high,True,True,ok,"LEVEL HIGH (recorded, never an exclusion here): loaded clock 1710 MHz against the 1455 MHz reference. At a duty cycle below 1.0 a HIGH reading is the experiment working, not a cell to drop.",0.25,250.029,0.24989929786121098,59,116.1372992186225,burst,0.6803840100765228,0.681984007358551,True,1710 1710 1710 1710 1710 1710 1710 1710 1710 1710 1710 1710 1710 1710 1710,False,3725.9156463999325,"measured on this device: NVIDIA GH200 480GB (measured), 3725.9 GB/s (triad pattern)",13.0,580.105.08,True,1,49f219808863cc3515979babf6eaed123d73f876,NVIDIA GH200 480GB,192-222-51-63,"scripts/clock_elasticity.py: bursts of N back-to-back fused_experts calls under one pinned tile, each call L2-flushed and bracketed by its own pre-primed event pair, the FIRST call of every burst discarded as a drained-queue launch, a host-side idle gap after each burst setting the sustained duty cycle, and the SM clock, board power and memory clock read through NVML with the burst still in flight; NOT timing.TIMING_BASIS | duty 0.25 | each idle gap sized from its own burst (gap_basis burst)",,iters=supplied as None; sglang=package not installed,1,3.12.15,176.58886931557572,"measured on this device: NVIDIA GH200 480GB (measured), 658.0 TFLOP/s bf16 over 3725.9 GB/s (triad pattern); calibrated 2026-10-06 at 49f21980",,200.0,2.13.0,3.7.1,2026-10-06T08:52:02+00:00,0.27.1,300.0
shared,0,32,6,192,1536,1,576,0.7120320200920105,0.7051519751548767,0.002811460807088175,275,3,320.1438722014427,"scripts/clock_elasticity.py: bursts of N back-to-back fused_experts calls under one pinned tile, each call L2-flushed and bracketed by its own pre-primed event pair, the FIRST call of every burst discarded as a drained-queue launch, a host-side idle gap after each burst setting the sustained duty cycle, and the SM clock, board power and memory clock read through NVML with the burst still in flight; NOT timing.TIMING_BASIS",1710.0,False,high,True,True,ok,"LEVEL HIGH (recorded, never an exclusion here): loaded clock 1710 MHz against the 1455 MHz reference. At a duty cycle below 1.0 a HIGH reading is the experiment working, not a cell to drop.",0.25,244.748,0.2498993513987508,56,115.60300058844587,burst,0.7125120162963867,0.7123519778251648,True,1710 1710 1710 1710 1710 1710 1710 1710 1710 1710 1710 1710 1710 1710 1710,False,3725.9156463999325,"measured on this device: NVIDIA GH200 480GB (measured), 3725.9 GB/s (triad pattern)",13.0,580.105.08,True,1,49f219808863cc3515979babf6eaed123d73f876,NVIDIA GH200 480GB,192-222-51-63,"scripts/clock_elasticity.py: bursts of N back-to-back fused_experts calls under one pinned tile, each call L2-flushed and bracketed by its own pre-primed event pair, the FIRST call of every burst discarded as a drained-queue launch, a host-side idle gap after each burst setting the sustained duty cycle, and the SM clock, board power and memory clock read through NVML with the burst still in flight; NOT timing.TIMING_BASIS | duty 0.25 | each idle gap sized from its own burst (gap_basis burst)",,iters=supplied as None; sglang=package not installed,1,3.12.15,176.58886931557572,"measured on this device: NVIDIA GH200 480GB (measured), 658.0 TFLOP/s bf16 over 3725.9 GB/s (triad pattern); calibrated 2026-10-06 at 49f21980",,200.0,2.13.0,3.7.1,2026-10-06T08:52:02+00:00,0.27.1,300.0
private,0,32,6,192,1536,6,576,0.8961279988288879,0.8918079733848572,0.0017225455455981734,220,3,324.3048321008682,"scripts/clock_elasticity.py: bursts of N back-to-back fused_experts calls under one pinned tile, each call L2-flushed and bracketed by its own pre-primed event pair, the FIRST call of every burst discarded as a drained-queue launch, a host-side idle gap after each burst setting the sustained duty cycle, and the SM clock, board power and memory clock read through NVML with the burst still in flight; NOT timing.TIMING_BASIS",1710.0,False,high,True,True,ok,"LEVEL HIGH (recorded, never an exclusion here): loaded clock 1710 MHz against the 1455 MHz reference. At a duty cycle below 1.0 a HIGH reading is the experiment working, not a cell to drop.",0.25,264.006,0.24990186468868145,45,117.68802735022474,burst,0.8958399891853333,0.8961920142173767,True,1710 1710 1710 1710 1710 1710 1710 1710 1710 1710 1710 1710 1710 1710 1710,False,3725.9156463999325,"measured on this device: NVIDIA GH200 480GB (measured), 3725.9 GB/s (triad pattern)",13.0,580.105.08,True,1,49f219808863cc3515979babf6eaed123d73f876,NVIDIA GH200 480GB,192-222-51-63,"scripts/clock_elasticity.py: bursts of N back-to-back fused_experts calls under one pinned tile, each call L2-flushed and bracketed by its own pre-primed event pair, the FIRST call of every burst discarded as a drained-queue launch, a host-side idle gap after each burst setting the sustained duty cycle, and the SM clock, board power and memory clock read through NVML with the burst still in flight; NOT timing.TIMING_BASIS | duty 0.25 | each idle gap sized from its own burst (gap_basis burst)",,iters=supplied as None; sglang=package not installed,1,3.12.15,176.58886931557572,"measured on this device: NVIDIA GH200 480GB (measured), 658.0 TFLOP/s bf16 over 3725.9 GB/s (triad pattern); calibrated 2026-10-06 at 49f21980",,200.0,2.13.0,3.7.1,2026-10-06T08:52:02+00:00,0.27.1,300.0
native,0,32,7,224,1792,1,64,0.7807360291481018,0.7737280130386353,0.002461183440121603,250,3,320.3186884522438,"scripts/clock_elasticity.py: bursts of N back-to-back fused_experts calls under one pinned tile, each call L2-flushed and bracketed by its own pre-primed event pair, the FIRST call of every burst discarded as a drained-queue launch, a host-side idle gap after each burst setting the sustained duty cycle, and the SM clock, board power and memory clock read through NVML with the burst still in flight; NOT timing.TIMING_BASIS",1710.0,False,high,True,True,ok,"LEVEL HIGH (recorded, never an exclusion here): loaded clock 1710 MHz against the 1455 MHz reference. At a duty cycle below 1.0 a HIGH reading is the experiment working, not a cell to drop.",0.25,252.316,0.24989540217817957,51,115.83983371788781,burst,0.7797600030899048,0.7811360061168671,True,1710 1710 1710 1710 1710 1710 1710 1710 1710 1710 1710 1710 1710 1710 1710,False,3725.9156463999325,"measured on this device: NVIDIA GH200 480GB (measured), 3725.9 GB/s (triad pattern)",13.0,580.105.08,True,1,49f219808863cc3515979babf6eaed123d73f876,NVIDIA GH200 480GB,192-222-51-63,"scripts/clock_elasticity.py: bursts of N back-to-back fused_experts calls under one pinned tile, each call L2-flushed and bracketed by its own pre-primed event pair, the FIRST call of every burst discarded as a drained-queue launch, a host-side idle gap after each burst setting the sustained duty cycle, and the SM clock, board power and memory clock read through NVML with the burst still in flight; NOT timing.TIMING_BASIS | duty 0.25 | each idle gap sized from its own burst (gap_basis burst)",,iters=supplied as None; sglang=package not installed,1,3.12.15,176.58886931557572,"measured on this device: NVIDIA GH200 480GB (measured), 658.0 TFLOP/s bf16 over 3725.9 GB/s (triad pattern); calibrated 2026-10-06 at 49f21980",,200.0,2.13.0,3.7.1,2026-10-06T08:52:02+00:00,0.27.1,300.0
shared,0,32,7,224,1792,1,576,0.8129919767379761,0.804095983505249,0.0031256011348768757,240,3,319.87964779138565,"scripts/clock_elasticity.py: bursts of N back-to-back fused_experts calls under one pinned tile, each call L2-flushed and bracketed by its own pre-primed event pair, the FIRST call of every burst discarded as a drained-queue launch, a host-side idle gap after each burst setting the sustained duty cycle, and the SM clock, board power and memory clock read through NVML with the burst still in flight; NOT timing.TIMING_BASIS",1710.0,False,high,True,True,ok,"LEVEL HIGH (recorded, never an exclusion here): loaded clock 1710 MHz against the 1455 MHz reference. At a duty cycle below 1.0 a HIGH reading is the experiment working, not a cell to drop.",0.25,246.839,0.24989379331884448,49,115.95145160859103,burst,0.813040018081665,0.8132160007953644,True,1710 1710 1710 1710 1710 1710 1710 1710 1710 1710 1710 1710 1710 1710 1710,False,3725.9156463999325,"measured on this device: NVIDIA GH200 480GB (measured), 3725.9 GB/s (triad pattern)",13.0,580.105.08,True,1,49f219808863cc3515979babf6eaed123d73f876,NVIDIA GH200 480GB,192-222-51-63,"scripts/clock_elasticity.py: bursts of N back-to-back fused_experts calls under one pinned tile, each call L2-flushed and bracketed by its own pre-primed event pair, the FIRST call of every burst discarded as a drained-queue launch, a host-side idle gap after each burst setting the sustained duty cycle, and the SM clock, board power and memory clock read through NVML with the burst still in flight; NOT timing.TIMING_BASIS | duty 0.25 | each idle gap sized from its own burst (gap_basis burst)",,iters=supplied as None; sglang=package not installed,1,3.12.15,176.58886931557572,"measured on this device: NVIDIA GH200 480GB (measured), 658.0 TFLOP/s bf16 over 3725.9 GB/s (triad pattern); calibrated 2026-10-06 at 49f21980",,200.0,2.13.0,3.7.1,2026-10-06T08:52:02+00:00,0.27.1,300.0
private,0,32,7,224,1792,7,576,1.0353920459747314,1.029695987701416,0.0018064527041363753,190,3,324.40671968460083,"scripts/clock_elasticity.py: bursts of N back-to-back fused_experts calls under one pinned tile, each call L2-flushed and bracketed by its own pre-primed event pair, the FIRST call of every burst discarded as a drained-queue launch, a host-side idle gap after each burst setting the sustained duty cycle, and the SM clock, board power and memory clock read through NVML with the burst still in flight; NOT timing.TIMING_BASIS",1710.0,False,high,True,True,ok,"LEVEL HIGH (recorded, never an exclusion here): loaded clock 1710 MHz against the 1455 MHz reference. At a duty cycle below 1.0 a HIGH reading is the experiment working, not a cell to drop.",0.25,266.474,0.24989622463394529,39,118.39119908831344,burst,1.035264015197754,1.0346879959106445,True,1710 1710 1710 1710 1710 1710 1710 1710 1710 1710 1710 1710 1710 1710 1710,False,3725.9156463999325,"measured on this device: NVIDIA GH200 480GB (measured), 3725.9 GB/s (triad pattern)",13.0,580.105.08,True,1,49f219808863cc3515979babf6eaed123d73f876,NVIDIA GH200 480GB,192-222-51-63,"scripts/clock_elasticity.py: bursts of N back-to-back fused_experts calls under one pinned tile, each call L2-flushed and bracketed by its own pre-primed event pair, the FIRST call of every burst discarded as a drained-queue launch, a host-side idle gap after each burst setting the sustained duty cycle, and the SM clock, board power and memory clock read through NVML with the burst still in flight; NOT timing.TIMING_BASIS | duty 0.25 | each idle gap sized from its own burst (gap_basis burst)",,iters=supplied as None; sglang=package not installed,1,3.12.15,176.58886931557572,"measured on this device: NVIDIA GH200 480GB (measured), 658.0 TFLOP/s bf16 over 3725.9 GB/s (triad pattern); calibrated 2026-10-06 at 49f21980",,200.0,2.13.0,3.7.1,2026-10-06T08:52:02+00:00,0.27.1,300.0
native,0,32,8,256,2048,1,64,0.8888959884643555,0.8809279799461365,0.002731523490797915,220,3,321.1261765360832,"scripts/clock_elasticity.py: bursts of N back-to-back fused_experts calls under one pinned tile, each call L2-flushed and bracketed by its own pre-primed event pair, the FIRST call of every burst discarded as a drained-queue launch, a host-side idle gap after each burst setting the sustained duty cycle, and the SM clock, board power and memory clock read through NVML with the burst still in flight; NOT timing.TIMING_BASIS",1710.0,False,high,True,True,ok,"LEVEL HIGH (recorded, never an exclusion here): loaded clock 1710 MHz against the 1455 MHz reference. At a duty cycle below 1.0 a HIGH reading is the experiment working, not a cell to drop.",0.25,245.683,0.24990236320271533,45,116.77612488352315,burst,0.8894400000572205,0.889024019241333,True,1710 1710 1710 1710 1710 1710 1710 1710 1710 1710 1710 1710 1710 1710 1710,False,3725.9156463999325,"measured on this device: NVIDIA GH200 480GB (measured), 3725.9 GB/s (triad pattern)",13.0,580.105.08,True,1,49f219808863cc3515979babf6eaed123d73f876,NVIDIA GH200 480GB,192-222-51-63,"scripts/clock_elasticity.py: bursts of N back-to-back fused_experts calls under one pinned tile, each call L2-flushed and bracketed by its own pre-primed event pair, the FIRST call of every burst discarded as a drained-queue launch, a host-side idle gap after each burst setting the sustained duty cycle, and the SM clock, board power and memory clock read through NVML with the burst still in flight; NOT timing.TIMING_BASIS | duty 0.25 | each idle gap sized from its own burst (gap_basis burst)",,iters=supplied as None; sglang=package not installed,1,3.12.15,176.58886931557572,"measured on this device: NVIDIA GH200 480GB (measured), 658.0 TFLOP/s bf16 over 3725.9 GB/s (triad pattern); calibrated 2026-10-06 at 49f21980",,200.0,2.13.0,3.7.1,2026-10-06T08:52:02+00:00,0.27.1,300.0
shared,0,32,8,256,2048,1,576,0.9206079840660095,0.9143999814987183,0.0030312613598625984,210,3,317.85657554864883,"scripts/clock_elasticity.py: bursts of N back-to-back fused_experts calls under one pinned tile, each call L2-flushed and bracketed by its own pre-primed event pair, the FIRST call of every burst discarded as a drained-queue launch, a host-side idle gap after each burst setting the sustained duty cycle, and the SM clock, board power and memory clock read through NVML with the burst still in flight; NOT timing.TIMING_BASIS",1710.0,False,high,True,True,ok,"LEVEL HIGH (recorded, never an exclusion here): loaded clock 1710 MHz against the 1455 MHz reference. At a duty cycle below 1.0 a HIGH reading is the experiment working, not a cell to drop.",0.25,243.833,0.24989708467004676,43,115.7796482124977,burst,0.9218400120735168,0.9209440052509308,True,1710 1710 1710 1710 1710 1710 1710 1710 1710 1710 1710 1710 1710 1710 1710,False,3725.9156463999325,"measured on this device: NVIDIA GH200 480GB (measured), 3725.9 GB/s (triad pattern)",13.0,580.105.08,True,1,49f219808863cc3515979babf6eaed123d73f876,NVIDIA GH200 480GB,192-222-51-63,"scripts/clock_elasticity.py: bursts of N back-to-back fused_experts calls under one pinned tile, each call L2-flushed and bracketed by its own pre-primed event pair, the FIRST call of every burst discarded as a drained-queue launch, a host-side idle gap after each burst setting the sustained duty cycle, and the SM clock, board power and memory clock read through NVML with the burst still in flight; NOT timing.TIMING_BASIS | duty 0.25 | each idle gap sized from its own burst (gap_basis burst)",,iters=supplied as None; sglang=package not installed,1,3.12.15,176.58886931557572,"measured on this device: NVIDIA GH200 480GB (measured), 658.0 TFLOP/s bf16 over 3725.9 GB/s (triad pattern); calibrated 2026-10-06 at 49f21980",,200.0,2.13.0,3.7.1,2026-10-06T08:52:02+00:00,0.27.1,300.0
private,0,32,8,256,2048,8,576,1.1737279891967773,1.1693120002746582,0.0017598866424224353,165,3,320.62985491752625,"scripts/clock_elasticity.py: bursts of N back-to-back fused_experts calls under one pinned tile, each call L2-flushed and bracketed by its own pre-primed event pair, the FIRST call of every burst discarded as a drained-queue launch, a host-side idle gap after each burst setting the sustained duty cycle, and the SM clock, board power and memory clock read through NVML with the burst still in flight; NOT timing.TIMING_BASIS",1710.0,False,high,True,True,ok,"LEVEL HIGH (recorded, never an exclusion here): loaded clock 1710 MHz against the 1455 MHz reference. At a duty cycle below 1.0 a HIGH reading is the experiment working, not a cell to drop.",0.25,263.545,0.24990183745449976,34,117.41136326468404,burst,1.173807978630066,1.1736159920692444,True,1710 1710 1710 1710 1710 1710 1710 1710 1710 1710 1710 1710 1710 1710 1710,False,3725.9156463999325,"measured on this device: NVIDIA GH200 480GB (measured), 3725.9 GB/s (triad pattern)",13.0,580.105.08,True,1,49f219808863cc3515979babf6eaed123d73f876,NVIDIA GH200 480GB,192-222-51-63,"scripts/clock_elasticity.py: bursts of N back-to-back fused_experts calls under one pinned tile, each call L2-flushed and bracketed by its own pre-primed event pair, the FIRST call of every burst discarded as a drained-queue launch, a host-side idle gap after each burst setting the sustained duty cycle, and the SM clock, board power and memory clock read through NVML with the burst still in flight; NOT timing.TIMING_BASIS | duty 0.25 | each idle gap sized from its own burst (gap_basis burst)",,iters=supplied as None; sglang=package not installed,1,3.12.15,176.58886931557572,"measured on this device: NVIDIA GH200 480GB (measured), 658.0 TFLOP/s bf16 over 3725.9 GB/s (triad pattern); calibrated 2026-10-06 at 49f21980",,200.0,2.13.0,3.7.1,2026-10-06T08:52:02+00:00,0.27.1,300.0
native,0,32,9,288,2304,1,64,0.9970880150794983,0.9898560047149658,0.0035635745541761034,195,3,320.5482558608055,"scripts/clock_elasticity.py: bursts of N back-to-back fused_experts calls under one pinned tile, each call L2-flushed and bracketed by its own pre-primed event pair, the FIRST call of every burst discarded as a drained-queue launch, a host-side idle gap after each burst setting the sustained duty cycle, and the SM clock, board power and memory clock read through NVML with the burst still in flight; NOT timing.TIMING_BASIS",1710.0,False,high,True,True,ok,"LEVEL HIGH (recorded, never an exclusion here): loaded clock 1710 MHz against the 1455 MHz reference. At a duty cycle below 1.0 a HIGH reading is the experiment working, not a cell to drop.",0.25,247.411,0.24990055197952593,40,116.86640004221408,burst,0.9983680248260498,0.9970560073852539,True,1710 1710 1710 1710 1710 1710 1710 1710 1710 1710 1710 1710 1710 1710 1710,False,3725.9156463999325,"measured on this device: NVIDIA GH200 480GB (measured), 3725.9 GB/s (triad pattern)",13.0,580.105.08,True,1,49f219808863cc3515979babf6eaed123d73f876,NVIDIA GH200 480GB,192-222-51-63,"scripts/clock_elasticity.py: bursts of N back-to-back fused_experts calls under one pinned tile, each call L2-flushed and bracketed by its own pre-primed event pair, the FIRST call of every burst discarded as a drained-queue launch, a host-side idle gap after each burst setting the sustained duty cycle, and the SM clock, board power and memory clock read through NVML with the burst still in flight; NOT timing.TIMING_BASIS | duty 0.25 | each idle gap sized from its own burst (gap_basis burst)",,iters=supplied as None; sglang=package not installed,1,3.12.15,176.58886931557572,"measured on this device: NVIDIA GH200 480GB (measured), 658.0 TFLOP/s bf16 over 3725.9 GB/s (triad pattern); calibrated 2026-10-06 at 49f21980",,200.0,2.13.0,3.7.1,2026-10-06T08:52:02+00:00,0.27.1,300.0
shared,0,32,9,288,2304,1,576,1.029807984828949,1.0224319696426392,0.0038684183699208632,190,3,323.0433932542801,"scripts/clock_elasticity.py: bursts of N back-to-back fused_experts calls under one pinned tile, each call L2-flushed and bracketed by its own pre-primed event pair, the FIRST call of every burst discarded as a drained-queue launch, a host-side idle gap after each burst setting the sustained duty cycle, and the SM clock, board power and memory clock read through NVML with the burst still in flight; NOT timing.TIMING_BASIS",1710.0,False,high,True,True,ok,"LEVEL HIGH (recorded, never an exclusion here): loaded clock 1710 MHz against the 1455 MHz reference. At a duty cycle below 1.0 a HIGH reading is the experiment working, not a cell to drop.",0.25,242.3,0.24989527053678598,39,117.76131025366341,burst,1.0302720069885254,1.030400037765503,True,1710 1710 1710 1710 1710 1710 1710 1710 1710 1710 1710 1710 1710 1710 1710,False,3725.9156463999325,"measured on this device: NVIDIA GH200 480GB (measured), 3725.9 GB/s (triad pattern)",13.0,580.105.08,True,1,49f219808863cc3515979babf6eaed123d73f876,NVIDIA GH200 480GB,192-222-51-63,"scripts/clock_elasticity.py: bursts of N back-to-back fused_experts calls under one pinned tile, each call L2-flushed and bracketed by its own pre-primed event pair, the FIRST call of every burst discarded as a drained-queue launch, a host-side idle gap after each burst setting the sustained duty cycle, and the SM clock, board power and memory clock read through NVML with the burst still in flight; NOT timing.TIMING_BASIS | duty 0.25 | each idle gap sized from its own burst (gap_basis burst)",,iters=supplied as None; sglang=package not installed,1,3.12.15,176.58886931557572,"measured on this device: NVIDIA GH200 480GB (measured), 658.0 TFLOP/s bf16 over 3725.9 GB/s (triad pattern); calibrated 2026-10-06 at 49f21980",,200.0,2.13.0,3.7.1,2026-10-06T08:52:02+00:00,0.27.1,300.0
private,0,32,9,288,2304,9,576,1.3164160251617432,1.3120319843292236,0.0017432259960731067,145,3,317.2728314399719,"scripts/clock_elasticity.py: bursts of N back-to-back fused_experts calls under one pinned tile, each call L2-flushed and bracketed by its own pre-primed event pair, the FIRST call of every burst discarded as a drained-queue launch, a host-side idle gap after each burst setting the sustained duty cycle, and the SM clock, board power and memory clock read through NVML with the burst still in flight; NOT timing.TIMING_BASIS",1710.0,False,high,True,True,ok,"LEVEL HIGH (recorded, never an exclusion here): loaded clock 1710 MHz against the 1455 MHz reference. At a duty cycle below 1.0 a HIGH reading is the experiment working, not a cell to drop.",0.25,264.38,0.24989400110468046,30,116.49549517870764,burst,1.3164479732513428,1.3163520097732544,True,1710 1710 1710 1710 1710 1710 1710 1710 1710 1710 1710 1710 1710 1710 1710,False,3725.9156463999325,"measured on this device: NVIDIA GH200 480GB (measured), 3725.9 GB/s (triad pattern)",13.0,580.105.08,True,1,49f219808863cc3515979babf6eaed123d73f876,NVIDIA GH200 480GB,192-222-51-63,"scripts/clock_elasticity.py: bursts of N back-to-back fused_experts calls under one pinned tile, each call L2-flushed and bracketed by its own pre-primed event pair, the FIRST call of every burst discarded as a drained-queue launch, a host-side idle gap after each burst setting the sustained duty cycle, and the SM clock, board power and memory clock read through NVML with the burst still in flight; NOT timing.TIMING_BASIS | duty 0.25 | each idle gap sized from its own burst (gap_basis burst)",,iters=supplied as None; sglang=package not installed,1,3.12.15,176.58886931557572,"measured on this device: NVIDIA GH200 480GB (measured), 658.0 TFLOP/s bf16 over 3725.9 GB/s (triad pattern); calibrated 2026-10-06 at 49f21980",,200.0,2.13.0,3.7.1,2026-10-06T08:52:02+00:00,0.27.1,300.0
shared,1,32,9,288,2304,1,576,1.028880000114441,1.0195519924163818,0.0028882557835444023,190,3,322.20726335048676,"scripts/clock_elasticity.py: bursts of N back-to-back fused_experts calls under one pinned tile, each call L2-flushed and bracketed by its own pre-primed event pair, the FIRST call of every burst discarded as a drained-queue launch, a host-side idle gap after each burst setting the sustained duty cycle, and the SM clock, board power and memory clock read through NVML with the burst still in flight; NOT timing.TIMING_BASIS",1710.0,False,high,True,True,ok,"LEVEL HIGH (recorded, never an exclusion here): loaded clock 1710 MHz against the 1455 MHz reference. At a duty cycle below 1.0 a HIGH reading is the experiment working, not a cell to drop.",0.25,243.912,0.24990234411922968,39,117.62943771514983,burst,1.0283520221710205,1.0286719799041748,True,1710 1710 1710 1710 1710 1710 1710 1710 1710 1710 1710 1710 1710 1710 1710,False,3725.9156463999325,"measured on this device: NVIDIA GH200 480GB (measured), 3725.9 GB/s (triad pattern)",13.0,580.105.08,True,1,49f219808863cc3515979babf6eaed123d73f876,NVIDIA GH200 480GB,192-222-51-63,"scripts/clock_elasticity.py: bursts of N back-to-back fused_experts calls under one pinned tile, each call L2-flushed and bracketed by its own pre-primed event pair, the FIRST call of every burst discarded as a drained-queue launch, a host-side idle gap after each burst setting the sustained duty cycle, and the SM clock, board power and memory clock read through NVML with the burst still in flight; NOT timing.TIMING_BASIS | duty 0.25 | each idle gap sized from its own burst (gap_basis burst)",,iters=supplied as None; sglang=package not installed,1,3.12.15,176.58886931557572,"measured on this device: NVIDIA GH200 480GB (measured), 658.0 TFLOP/s bf16 over 3725.9 GB/s (triad pattern); calibrated 2026-10-06 at 49f21980",,200.0,2.13.0,3.7.1,2026-10-06T08:52:02+00:00,0.27.1,300.0
private,1,32,9,288,2304,9,576,1.3168319463729858,1.3118079900741577,0.001919787409873865,145,3,317.47155117988586,"scripts/clock_elasticity.py: bursts of N back-to-back fused_experts calls under one pinned tile, each call L2-flushed and bracketed by its own pre-primed event pair, the FIRST call of every burst discarded as a drained-queue launch, a host-side idle gap after each burst setting the sustained duty cycle, and the SM clock, board power and memory clock read through NVML with the burst still in flight; NOT timing.TIMING_BASIS",1710.0,False,high,True,True,ok,"LEVEL HIGH (recorded, never an exclusion here): loaded clock 1710 MHz against the 1455 MHz reference. At a duty cycle below 1.0 a HIGH reading is the experiment working, not a cell to drop.",0.25,265.354,0.2499029394328295,30,116.4813207128973,burst,1.3169599771499634,1.3165760040283203,True,1710 1710 1710 1710 1710 1710 1710 1710 1710 1710 1710 1710 1710 1710 1710,False,3725.9156463999325,"measured on this device: NVIDIA GH200 480GB (measured), 3725.9 GB/s (triad pattern)",13.0,580.105.08,True,1,49f219808863cc3515979babf6eaed123d73f876,NVIDIA GH200 480GB,192-222-51-63,"scripts/clock_elasticity.py: bursts of N back-to-back fused_experts calls under one pinned tile, each call L2-flushed and bracketed by its own pre-primed event pair, the FIRST call of every burst discarded as a drained-queue launch, a host-side idle gap after each burst setting the sustained duty cycle, and the SM clock, board power and memory clock read through NVML with the burst still in flight; NOT timing.TIMING_BASIS | duty 0.25 | each idle gap sized from its own burst (gap_basis burst)",,iters=supplied as None; sglang=package not installed,1,3.12.15,176.58886931557572,"measured on this device: NVIDIA GH200 480GB (measured), 658.0 TFLOP/s bf16 over 3725.9 GB/s (triad pattern); calibrated 2026-10-06 at 49f21980",,200.0,2.13.0,3.7.1,2026-10-06T08:52:02+00:00,0.27.1,300.0
native,1,32,9,288,2304,1,64,0.9964799880981445,0.9894400238990784,0.0025637359251294944,195,3,320.17875188589096,"scripts/clock_elasticity.py: bursts of N back-to-back fused_experts calls under one pinned tile, each call L2-flushed and bracketed by its own pre-primed event pair, the FIRST call of every burst discarded as a drained-queue launch, a host-side idle gap after each burst setting the sustained duty cycle, and the SM clock, board power and memory clock read through NVML with the burst still in flight; NOT timing.TIMING_BASIS",1710.0,False,high,True,True,ok,"LEVEL HIGH (recorded, never an exclusion here): loaded clock 1710 MHz against the 1455 MHz reference. At a duty cycle below 1.0 a HIGH reading is the experiment working, not a cell to drop.",0.25,246.944,0.24989984212539834,40,116.73158513212547,burst,0.9961280226707458,0.9968640208244324,True,1710 1710 1710 1710 1710 1710 1710 1710 1710 1710 1710 1710 1710 1710 1710,False,3725.9156463999325,"measured on this device: NVIDIA GH200 480GB (measured), 3725.9 GB/s (triad pattern)",13.0,580.105.08,True,1,49f219808863cc3515979babf6eaed123d73f876,NVIDIA GH200 480GB,192-222-51-63,"scripts/clock_elasticity.py: bursts of N back-to-back fused_experts calls under one pinned tile, each call L2-flushed and bracketed by its own pre-primed event pair, the FIRST call of every burst discarded as a drained-queue launch, a host-side idle gap after each burst setting the sustained duty cycle, and the SM clock, board power and memory clock read through NVML with the burst still in flight; NOT timing.TIMING_BASIS | duty 0.25 | each idle gap sized from its own burst (gap_basis burst)",,iters=supplied as None; sglang=package not installed,1,3.12.15,176.58886931557572,"measured on this device: NVIDIA GH200 480GB (measured), 658.0 TFLOP/s bf16 over 3725.9 GB/s (triad pattern); calibrated 2026-10-06 at 49f21980",,200.0,2.13.0,3.7.1,2026-10-06T08:52:02+00:00,0.27.1,300.0
shared,1,32,8,256,2048,1,576,0.9219840168952942,0.9152640104293823,0.0032043607756529063,215,3,325.88527995347977,"scripts/clock_elasticity.py: bursts of N back-to-back fused_experts calls under one pinned tile, each call L2-flushed and bracketed by its own pre-primed event pair, the FIRST call of every burst discarded as a drained-queue launch, a host-side idle gap after each burst setting the sustained duty cycle, and the SM clock, board power and memory clock read through NVML with the burst still in flight; NOT timing.TIMING_BASIS",1710.0,False,high,True,True,ok,"LEVEL HIGH (recorded, never an exclusion here): loaded clock 1710 MHz against the 1455 MHz reference. At a duty cycle below 1.0 a HIGH reading is the experiment working, not a cell to drop.",0.25,245.157,0.2498988771507652,44,118.62040812188206,burst,0.922400027513504,0.9224480092525482,True,1710 1710 1710 1710 1710 1710 1710 1710 1710 1710 1710 1710 1710 1710 1710,False,3725.9156463999325,"measured on this device: NVIDIA GH200 480GB (measured), 3725.9 GB/s (triad pattern)",13.0,580.105.08,True,1,49f219808863cc3515979babf6eaed123d73f876,NVIDIA GH200 480GB,192-222-51-63,"scripts/clock_elasticity.py: bursts of N back-to-back fused_experts calls under one pinned tile, each call L2-flushed and bracketed by its own pre-primed event pair, the FIRST call of every burst discarded as a drained-queue launch, a host-side idle gap after each burst setting the sustained duty cycle, and the SM clock, board power and memory clock read through NVML with the burst still in flight; NOT timing.TIMING_BASIS | duty 0.25 | each idle gap sized from its own burst (gap_basis burst)",,iters=supplied as None; sglang=package not installed,1,3.12.15,176.58886931557572,"measured on this device: NVIDIA GH200 480GB (measured), 658.0 TFLOP/s bf16 over 3725.9 GB/s (triad pattern); calibrated 2026-10-06 at 49f21980",,200.0,2.13.0,3.7.1,2026-10-06T08:52:02+00:00,0.27.1,300.0
private,1,32,8,256,2048,8,576,1.174015998840332,1.1684160232543945,0.0018202814628913641,165,3,320.49747240543365,"scripts/clock_elasticity.py: bursts of N back-to-back fused_experts calls under one pinned tile, each call L2-flushed and bracketed by its own pre-primed event pair, the FIRST call of every burst discarded as a drained-queue launch, a host-side idle gap after each burst setting the sustained duty cycle, and the SM clock, board power and memory clock read through NVML with the burst still in flight; NOT timing.TIMING_BASIS",1710.0,False,high,True,True,ok,"LEVEL HIGH (recorded, never an exclusion here): loaded clock 1710 MHz against the 1455 MHz reference. At a duty cycle below 1.0 a HIGH reading is the experiment working, not a cell to drop.",0.25,268.761,0.24989823318114687,34,117.33241922300658,burst,1.173744022846222,1.1738560199737549,True,1710 1710 1710 1710 1710 1710 1710 1710 1710 1710 1710 1710 1710 1710 1710,False,3725.9156463999325,"measured on this device: NVIDIA GH200 480GB (measured), 3725.9 GB/s (triad pattern)",13.0,580.105.08,True,1,49f219808863cc3515979babf6eaed123d73f876,NVIDIA GH200 480GB,192-222-51-63,"scripts/clock_elasticity.py: bursts of N back-to-back fused_experts calls under one pinned tile, each call L2-flushed and bracketed by its own pre-primed event pair, the FIRST call of every burst discarded as a drained-queue launch, a host-side idle gap after each burst setting the sustained duty cycle, and the SM clock, board power and memory clock read through NVML with the burst still in flight; NOT timing.TIMING_BASIS | duty 0.25 | each idle gap sized from its own burst (gap_basis burst)",,iters=supplied as None; sglang=package not installed,1,3.12.15,176.58886931557572,"measured on this device: NVIDIA GH200 480GB (measured), 658.0 TFLOP/s bf16 over 3725.9 GB/s (triad pattern); calibrated 2026-10-06 at 49f21980",,200.0,2.13.0,3.7.1,2026-10-06T08:52:02+00:00,0.27.1,300.0
native,1,32,8,256,2048,1,64,0.8886879980564117,0.8812479972839355,0.0033965608989732225,220,3,321.7624004483223,"scripts/clock_elasticity.py: bursts of N back-to-back fused_experts calls under one pinned tile, each call L2-flushed and bracketed by its own pre-primed event pair, the FIRST call of every burst discarded as a drained-queue launch, a host-side idle gap after each burst setting the sustained duty cycle, and the SM clock, board power and memory clock read through NVML with the burst still in flight; NOT timing.TIMING_BASIS",1710.0,False,high,True,True,ok,"LEVEL HIGH (recorded, never an exclusion here): loaded clock 1710 MHz against the 1455 MHz reference. At a duty cycle below 1.0 a HIGH reading is the experiment working, not a cell to drop.",0.25,244.764,0.2499022425221389,45,116.6376935520748,burst,0.8885759711265564,0.8877120018005371,True,1710 1710 1710 1710 1710 1710 1710 1710 1710 1710 1710 1710 1710 1710 1710,False,3725.9156463999325,"measured on this device: NVIDIA GH200 480GB (measured), 3725.9 GB/s (triad pattern)",13.0,580.105.08,True,1,49f219808863cc3515979babf6eaed123d73f876,NVIDIA GH200 480GB,192-222-51-63,"scripts/clock_elasticity.py: bursts of N back-to-back fused_experts calls under one pinned tile, each call L2-flushed and bracketed by its own pre-primed event pair, the FIRST call of every burst discarded as a drained-queue launch, a host-side idle gap after each burst setting the sustained duty cycle, and the SM clock, board power and memory clock read through NVML with the burst still in flight; NOT timing.TIMING_BASIS | duty 0.25 | each idle gap sized from its own burst (gap_basis burst)",,iters=supplied as None; sglang=package not installed,1,3.12.15,176.58886931557572,"measured on this device: NVIDIA GH200 480GB (measured), 658.0 TFLOP/s bf16 over 3725.9 GB/s (triad pattern); calibrated 2026-10-06 at 49f21980",,200.0,2.13.0,3.7.1,2026-10-06T08:52:02+00:00,0.27.1,300.0
shared,1,32,7,224,1792,1,576,0.8125759959220886,0.8056960105895996,0.002999742831611129,245,3,326.22364723682404,"scripts/clock_elasticity.py: bursts of N back-to-back fused_experts calls under one pinned tile, each call L2-flushed and bracketed by its own pre-primed event pair, the FIRST call of every burst discarded as a drained-queue launch, a host-side idle gap after each burst setting the sustained duty cycle, and the SM clock, board power and memory clock read through NVML with the burst still in flight; NOT timing.TIMING_BASIS",1710.0,False,high,True,True,ok,"LEVEL HIGH (recorded, never an exclusion here): loaded clock 1710 MHz against the 1455 MHz reference. At a duty cycle below 1.0 a HIGH reading is the experiment working, not a cell to drop.",0.25,247.574,0.249892027039846,50,118.50994116819494,burst,0.8121280074119568,0.8131679892539978,True,1710 1710 1710 1710 1710 1710 1710 1710 1710 1710 1710 1710 1710 1710 1710,False,3725.9156463999325,"measured on this device: NVIDIA GH200 480GB (measured), 3725.9 GB/s (triad pattern)",13.0,580.105.08,True,1,49f219808863cc3515979babf6eaed123d73f876,NVIDIA GH200 480GB,192-222-51-63,"scripts/clock_elasticity.py: bursts of N back-to-back fused_experts calls under one pinned tile, each call L2-flushed and bracketed by its own pre-primed event pair, the FIRST call of every burst discarded as a drained-queue launch, a host-side idle gap after each burst setting the sustained duty cycle, and the SM clock, board power and memory clock read through NVML with the burst still in flight; NOT timing.TIMING_BASIS | duty 0.25 | each idle gap sized from its own burst (gap_basis burst)",,iters=supplied as None; sglang=package not installed,1,3.12.15,176.58886931557572,"measured on this device: NVIDIA GH200 480GB (measured), 658.0 TFLOP/s bf16 over 3725.9 GB/s (triad pattern); calibrated 2026-10-06 at 49f21980",,200.0,2.13.0,3.7.1,2026-10-06T08:52:02+00:00,0.27.1,300.0
private,1,32,7,224,1792,7,576,1.0354399681091309,1.0312639474868774,0.0018185180777683127,190,3,324.4346878528595,"scripts/clock_elasticity.py: bursts of N back-to-back fused_experts calls under one pinned tile, each call L2-flushed and bracketed by its own pre-primed event pair, the FIRST call of every burst discarded as a drained-queue launch, a host-side idle gap after each burst setting the sustained duty cycle, and the SM clock, board power and memory clock read through NVML with the burst still in flight; NOT timing.TIMING_BASIS",1710.0,False,high,True,True,ok,"LEVEL HIGH (recorded, never an exclusion here): loaded clock 1710 MHz against the 1455 MHz reference. At a duty cycle below 1.0 a HIGH reading is the experiment working, not a cell to drop.",0.25,266.689,0.24989816331896458,39,118.37222118591309,burst,1.035647988319397,1.035040020942688,True,1710 1710 1710 1710 1710 1710 1710 1710 1710 1710 1710 1710 1710 1710 1710,False,3725.9156463999325,"measured on this device: NVIDIA GH200 480GB (measured), 3725.9 GB/s (triad pattern)",13.0,580.105.08,True,1,49f219808863cc3515979babf6eaed123d73f876,NVIDIA GH200 480GB,192-222-51-63,"scripts/clock_elasticity.py: bursts of N back-to-back fused_experts calls under one pinned tile, each call L2-flushed and bracketed by its own pre-primed event pair, the FIRST call of every burst discarded as a drained-queue launch, a host-side idle gap after each burst setting the sustained duty cycle, and the SM clock, board power and memory clock read through NVML with the burst still in flight; NOT timing.TIMING_BASIS | duty 0.25 | each idle gap sized from its own burst (gap_basis burst)",,iters=supplied as None; sglang=package not installed,1,3.12.15,176.58886931557572,"measured on this device: NVIDIA GH200 480GB (measured), 658.0 TFLOP/s bf16 over 3725.9 GB/s (triad pattern); calibrated 2026-10-06 at 49f21980",,200.0,2.13.0,3.7.1,2026-10-06T08:52:02+00:00,0.27.1,300.0
native,1,32,7,224,1792,1,64,0.7820479869842529,0.7751680016517639,0.0030448807156906537,250,3,320.1593279838562,"scripts/clock_elasticity.py: bursts of N back-to-back fused_experts calls under one pinned tile, each call L2-flushed and bracketed by its own pre-primed event pair, the FIRST call of every burst discarded as a drained-queue launch, a host-side idle gap after each burst setting the sustained duty cycle, and the SM clock, board power and memory clock read through NVML with the burst still in flight; NOT timing.TIMING_BASIS",1710.0,False,high,True,True,ok,"LEVEL HIGH (recorded, never an exclusion here): loaded clock 1710 MHz against the 1455 MHz reference. At a duty cycle below 1.0 a HIGH reading is the experiment working, not a cell to drop.",0.25,247.856,0.2499010106708087,51,115.96972304357769,burst,0.7828800082206726,0.7820000052452087,True,1710 1710 1710 1710 1710 1710 1710 1710 1710 1710 1710 1710 1710 1710 1710,False,3725.9156463999325,"measured on this device: NVIDIA GH200 480GB (measured), 3725.9 GB/s (triad pattern)",13.0,580.105.08,True,1,49f219808863cc3515979babf6eaed123d73f876,NVIDIA GH200 480GB,192-222-51-63,"scripts/clock_elasticity.py: bursts of N back-to-back fused_experts calls under one pinned tile, each call L2-flushed and bracketed by its own pre-primed event pair, the FIRST call of every burst discarded as a drained-queue launch, a host-side idle gap after each burst setting the sustained duty cycle, and the SM clock, board power and memory clock read through NVML with the burst still in flight; NOT timing.TIMING_BASIS | duty 0.25 | each idle gap sized from its own burst (gap_basis burst)",,iters=supplied as None; sglang=package not installed,1,3.12.15,176.58886931557572,"measured on this device: NVIDIA GH200 480GB (measured), 658.0 TFLOP/s bf16 over 3725.9 GB/s (triad pattern); calibrated 2026-10-06 at 49f21980",,200.0,2.13.0,3.7.1,2026-10-06T08:52:02+00:00,0.27.1,300.0
shared,1,32,6,192,1536,1,576,0.7123839855194092,0.7059199810028076,0.002671496651312035,275,3,320.8580801486969,"scripts/clock_elasticity.py: bursts of N back-to-back fused_experts calls under one pinned tile, each call L2-flushed and bracketed by its own pre-primed event pair, the FIRST call of every burst discarded as a drained-queue launch, a host-side idle gap after each burst setting the sustained duty cycle, and the SM clock, board power and memory clock read through NVML with the burst still in flight; NOT timing.TIMING_BASIS",1710.0,False,high,True,True,ok,"LEVEL HIGH (recorded, never an exclusion here): loaded clock 1710 MHz against the 1455 MHz reference. At a duty cycle below 1.0 a HIGH reading is the experiment working, not a cell to drop.",0.25,249.163,0.24990131707162413,56,115.55349561079493,burst,0.7124159932136536,0.7134400010108948,True,1710 1710 1710 1710 1710 1710 1710 1710 1710 1710 1710 1710 1710 1710 1710,False,3725.9156463999325,"measured on this device: NVIDIA GH200 480GB (measured), 3725.9 GB/s (triad pattern)",13.0,580.105.08,True,1,49f219808863cc3515979babf6eaed123d73f876,NVIDIA GH200 480GB,192-222-51-63,"scripts/clock_elasticity.py: bursts of N back-to-back fused_experts calls under one pinned tile, each call L2-flushed and bracketed by its own pre-primed event pair, the FIRST call of every burst discarded as a drained-queue launch, a host-side idle gap after each burst setting the sustained duty cycle, and the SM clock, board power and memory clock read through NVML with the burst still in flight; NOT timing.TIMING_BASIS | duty 0.25 | each idle gap sized from its own burst (gap_basis burst)",,iters=supplied as None; sglang=package not installed,1,3.12.15,176.58886931557572,"measured on this device: NVIDIA GH200 480GB (measured), 658.0 TFLOP/s bf16 over 3725.9 GB/s (triad pattern); calibrated 2026-10-06 at 49f21980",,200.0,2.13.0,3.7.1,2026-10-06T08:52:02+00:00,0.27.1,300.0
private,1,32,6,192,1536,6,576,0.8963840007781982,0.8910719752311707,0.001752635501200784,220,3,324.01385593414307,"scripts/clock_elasticity.py: bursts of N back-to-back fused_experts calls under one pinned tile, each call L2-flushed and bracketed by its own pre-primed event pair, the FIRST call of every burst discarded as a drained-queue launch, a host-side idle gap after each burst setting the sustained duty cycle, and the SM clock, board power and memory clock read through NVML with the burst still in flight; NOT timing.TIMING_BASIS",1710.0,False,high,True,True,ok,"LEVEL HIGH (recorded, never an exclusion here): loaded clock 1710 MHz against the 1455 MHz reference. At a duty cycle below 1.0 a HIGH reading is the experiment working, not a cell to drop.",0.25,264.938,0.24989828359416186,45,117.79810647347038,burst,0.8965759873390198,0.8962240219116211,True,1710 1710 1710 1710 1710 1710 1710 1710 1710 1710 1710 1710 1710 1710 1710,False,3725.9156463999325,"measured on this device: NVIDIA GH200 480GB (measured), 3725.9 GB/s (triad pattern)",13.0,580.105.08,True,1,49f219808863cc3515979babf6eaed123d73f876,NVIDIA GH200 480GB,192-222-51-63,"scripts/clock_elasticity.py: bursts of N back-to-back fused_experts calls under one pinned tile, each call L2-flushed and bracketed by its own pre-primed event pair, the FIRST call of every burst discarded as a drained-queue launch, a host-side idle gap after each burst setting the sustained duty cycle, and the SM clock, board power and memory clock read through NVML with the burst still in flight; NOT timing.TIMING_BASIS | duty 0.25 | each idle gap sized from its own burst (gap_basis burst)",,iters=supplied as None; sglang=package not installed,1,3.12.15,176.58886931557572,"measured on this device: NVIDIA GH200 480GB (measured), 658.0 TFLOP/s bf16 over 3725.9 GB/s (triad pattern); calibrated 2026-10-06 at 49f21980",,200.0,2.13.0,3.7.1,2026-10-06T08:52:02+00:00,0.27.1,300.0
native,1,32,6,192,1536,1,64,0.6831839978694916,0.6770560145378113,0.0032220658764431846,290,3,323.96713626384735,"scripts/clock_elasticity.py: bursts of N back-to-back fused_experts calls under one pinned tile, each call L2-flushed and bracketed by its own pre-primed event pair, the FIRST call of every burst discarded as a drained-queue launch, a host-side idle gap after each burst setting the sustained duty cycle, and the SM clock, board power and memory clock read through NVML with the burst still in flight; NOT timing.TIMING_BASIS",1710.0,False,high,True,True,ok,"LEVEL HIGH (recorded, never an exclusion here): loaded clock 1710 MHz against the 1455 MHz reference. At a duty cycle below 1.0 a HIGH reading is the experiment working, not a cell to drop.",0.25,249.006,0.249896955700806,59,116.52635586299584,burst,0.6837280094623566,0.6829759776592255,True,1710 1710 1710 1710 1710 1710 1710 1710 1710 1710 1710 1710 1710 1710 1710,False,3725.9156463999325,"measured on this device: NVIDIA GH200 480GB (measured), 3725.9 GB/s (triad pattern)",13.0,580.105.08,True,1,49f219808863cc3515979babf6eaed123d73f876,NVIDIA GH200 480GB,192-222-51-63,"scripts/clock_elasticity.py: bursts of N back-to-back fused_experts calls under one pinned tile, each call L2-flushed and bracketed by its own pre-primed event pair, the FIRST call of every burst discarded as a drained-queue launch, a host-side idle gap after each burst setting the sustained duty cycle, and the SM clock, board power and memory clock read through NVML with the burst still in flight; NOT timing.TIMING_BASIS | duty 0.25 | each idle gap sized from its own burst (gap_basis burst)",,iters=supplied as None; sglang=package not installed,1,3.12.15,176.58886931557572,"measured on this device: NVIDIA GH200 480GB (measured), 658.0 TFLOP/s bf16 over 3725.9 GB/s (triad pattern); calibrated 2026-10-06 at 49f21980",,200.0,2.13.0,3.7.1,2026-10-06T08:52:02+00:00,0.27.1,300.0
shared,1,32,5,160,1280,1,576,0.6042240262031555,0.5988479852676392,0.002397470712039351,325,3,320.2420805096626,"scripts/clock_elasticity.py: bursts of N back-to-back fused_experts calls under one pinned tile, each call L2-flushed and bracketed by its own pre-primed event pair, the FIRST call of every burst discarded as a drained-queue launch, a host-side idle gap after each burst setting the sustained duty cycle, and the SM clock, board power and memory clock read through NVML with the burst still in flight; NOT timing.TIMING_BASIS",1710.0,False,high,True,True,ok,"LEVEL HIGH (recorded, never an exclusion here): loaded clock 1710 MHz against the 1455 MHz reference. At a duty cycle below 1.0 a HIGH reading is the experiment working, not a cell to drop.",0.25,248.384,0.24989813868211844,66,114.70920132149331,burst,0.6034559905529022,0.604559987783432,True,1710 1710 1710 1710 1710 1710 1710 1710 1710 1710 1710 1710 1710 1710 1710,False,3725.9156463999325,"measured on this device: NVIDIA GH200 480GB (measured), 3725.9 GB/s (triad pattern)",13.0,580.105.08,True,1,49f219808863cc3515979babf6eaed123d73f876,NVIDIA GH200 480GB,192-222-51-63,"scripts/clock_elasticity.py: bursts of N back-to-back fused_experts calls under one pinned tile, each call L2-flushed and bracketed by its own pre-primed event pair, the FIRST call of every burst discarded as a drained-queue launch, a host-side idle gap after each burst setting the sustained duty cycle, and the SM clock, board power and memory clock read through NVML with the burst still in flight; NOT timing.TIMING_BASIS | duty 0.25 | each idle gap sized from its own burst (gap_basis burst)",,iters=supplied as None; sglang=package not installed,1,3.12.15,176.58886931557572,"measured on this device: NVIDIA GH200 480GB (measured), 658.0 TFLOP/s bf16 over 3725.9 GB/s (triad pattern); calibrated 2026-10-06 at 49f21980",,200.0,2.13.0,3.7.1,2026-10-06T08:52:02+00:00,0.27.1,300.0
private,1,32,5,160,1280,5,576,0.7584319710731506,0.7527999877929688,0.0018769147310207406,260,3,322.89267176389694,"scripts/clock_elasticity.py: bursts of N back-to-back fused_experts calls under one pinned tile, each call L2-flushed and bracketed by its own pre-primed event pair, the FIRST call of every burst discarded as a drained-queue launch, a host-side idle gap after each burst setting the sustained duty cycle, and the SM clock, board power and memory clock read through NVML with the burst still in flight; NOT timing.TIMING_BASIS",1710.0,False,high,True,True,ok,"LEVEL HIGH (recorded, never an exclusion here): loaded clock 1710 MHz against the 1455 MHz reference. At a duty cycle below 1.0 a HIGH reading is the experiment working, not a cell to drop.",0.25,262.423,0.24989632149612306,53,116.76331863501399,burst,0.758463978767395,0.758400022983551,True,1710 1710 1710 1710 1710 1710 1710 1710 1710 1710 1710 1710 1710 1710 1710,False,3725.9156463999325,"measured on this device: NVIDIA GH200 480GB (measured), 3725.9 GB/s (triad pattern)",13.0,580.105.08,True,1,49f219808863cc3515979babf6eaed123d73f876,NVIDIA GH200 480GB,192-222-51-63,"scripts/clock_elasticity.py: bursts of N back-to-back fused_experts calls under one pinned tile, each call L2-flushed and bracketed by its own pre-primed event pair, the FIRST call of every burst discarded as a drained-queue launch, a host-side idle gap after each burst setting the sustained duty cycle, and the SM clock, board power and memory clock read through NVML with the burst still in flight; NOT timing.TIMING_BASIS | duty 0.25 | each idle gap sized from its own burst (gap_basis burst)",,iters=supplied as None; sglang=package not installed,1,3.12.15,176.58886931557572,"measured on this device: NVIDIA GH200 480GB (measured), 658.0 TFLOP/s bf16 over 3725.9 GB/s (triad pattern); calibrated 2026-10-06 at 49f21980",,200.0,2.13.0,3.7.1,2026-10-06T08:52:02+00:00,0.27.1,300.0
native,1,32,5,160,1280,1,64,0.575007975101471,0.5687360167503357,0.0018730899738097812,345,3,323.34217619895935,"scripts/clock_elasticity.py: bursts of N back-to-back fused_experts calls under one pinned tile, each call L2-flushed and bracketed by its own pre-primed event pair, the FIRST call of every burst discarded as a drained-queue launch, a host-side idle gap after each burst setting the sustained duty cycle, and the SM clock, board power and memory clock read through NVML with the burst still in flight; NOT timing.TIMING_BASIS",1710.0,False,high,True,True,ok,"LEVEL HIGH (recorded, never an exclusion here): loaded clock 1710 MHz against the 1455 MHz reference. At a duty cycle below 1.0 a HIGH reading is the experiment working, not a cell to drop.",0.25,252.393,0.2498942877780158,70,115.56458960913005,burst,0.5760959982872009,0.5752639770507812,True,1710 1710 1710 1710 1710 1710 1710 1710 1710 1710 1710 1710 1710 1710 1710,False,3725.9156463999325,"measured on this device: NVIDIA GH200 480GB (measured), 3725.9 GB/s (triad pattern)",13.0,580.105.08,True,1,49f219808863cc3515979babf6eaed123d73f876,NVIDIA GH200 480GB,192-222-51-63,"scripts/clock_elasticity.py: bursts of N back-to-back fused_experts calls under one pinned tile, each call L2-flushed and bracketed by its own pre-primed event pair, the FIRST call of every burst discarded as a drained-queue launch, a host-side idle gap after each burst setting the sustained duty cycle, and the SM clock, board power and memory clock read through NVML with the burst still in flight; NOT timing.TIMING_BASIS | duty 0.25 | each idle gap sized from its own burst (gap_basis burst)",,iters=supplied as None; sglang=package not installed,1,3.12.15,176.58886931557572,"measured on this device: NVIDIA GH200 480GB (measured), 658.0 TFLOP/s bf16 over 3725.9 GB/s (triad pattern); calibrated 2026-10-06 at 49f21980",,200.0,2.13.0,3.7.1,2026-10-06T08:52:02+00:00,0.27.1,300.0
shared,1,32,4,128,1024,1,576,0.49689599871635437,0.49212801456451416,0.001707100879601665,400,3,322.8805760741234,"scripts/clock_elasticity.py: bursts of N back-to-back fused_experts calls under one pinned tile, each call L2-flushed and bracketed by its own pre-primed event pair, the FIRST call of every burst discarded as a drained-queue launch, a host-side idle gap after each burst setting the sustained duty cycle, and the SM clock, board power and memory clock read through NVML with the burst still in flight; NOT timing.TIMING_BASIS",1710.0,False,high,True,True,ok,"LEVEL HIGH (recorded, never an exclusion here): loaded clock 1710 MHz against the 1455 MHz reference. At a duty cycle below 1.0 a HIGH reading is the experiment working, not a cell to drop.",0.25,251.108,0.2498989448374378,81,114.58788007752446,burst,0.49726399779319763,0.49673599004745483,True,1710 1710 1710 1710 1710 1710 1710 1710 1710 1710 1710 1710 1710 1710 1710,False,3725.9156463999325,"measured on this device: NVIDIA GH200 480GB (measured), 3725.9 GB/s (triad pattern)",13.0,580.105.08,True,1,49f219808863cc3515979babf6eaed123d73f876,NVIDIA GH200 480GB,192-222-51-63,"scripts/clock_elasticity.py: bursts of N back-to-back fused_experts calls under one pinned tile, each call L2-flushed and bracketed by its own pre-primed event pair, the FIRST call of every burst discarded as a drained-queue launch, a host-side idle gap after each burst setting the sustained duty cycle, and the SM clock, board power and memory clock read through NVML with the burst still in flight; NOT timing.TIMING_BASIS | duty 0.25 | each idle gap sized from its own burst (gap_basis burst)",,iters=supplied as None; sglang=package not installed,1,3.12.15,176.58886931557572,"measured on this device: NVIDIA GH200 480GB (measured), 658.0 TFLOP/s bf16 over 3725.9 GB/s (triad pattern); calibrated 2026-10-06 at 49f21980",,200.0,2.13.0,3.7.1,2026-10-06T08:52:02+00:00,0.27.1,300.0
private,1,32,4,128,1024,4,576,0.6192319989204407,0.6130560040473938,0.001687370323867695,320,3,323.21843242645264,"scripts/clock_elasticity.py: bursts of N back-to-back fused_experts calls under one pinned tile, each call L2-flushed and bracketed by its own pre-primed event pair, the FIRST call of every burst discarded as a drained-queue launch, a host-side idle gap after each burst setting the sustained duty cycle, and the SM clock, board power and memory clock read through NVML with the burst still in flight; NOT timing.TIMING_BASIS",1710.0,False,high,True,True,ok,"LEVEL HIGH (recorded, never an exclusion here): loaded clock 1710 MHz against the 1455 MHz reference. At a duty cycle below 1.0 a HIGH reading is the experiment working, not a cell to drop.",0.25,263.281,0.2498990152261164,65,115.84872069000265,burst,0.6191839873790741,0.6193279922008514,True,1710 1710 1710 1710 1710 1710 1710 1710 1710 1710 1710 1710 1710 1710 1710,False,3725.9156463999325,"measured on this device: NVIDIA GH200 480GB (measured), 3725.9 GB/s (triad pattern)",13.0,580.105.08,True,1,49f219808863cc3515979babf6eaed123d73f876,NVIDIA GH200 480GB,192-222-51-63,"scripts/clock_elasticity.py: bursts of N back-to-back fused_experts calls under one pinned tile, each call L2-flushed and bracketed by its own pre-primed event pair, the FIRST call of every burst discarded as a drained-queue launch, a host-side idle gap after each burst setting the sustained duty cycle, and the SM clock, board power and memory clock read through NVML with the burst still in flight; NOT timing.TIMING_BASIS | duty 0.25 | each idle gap sized from its own burst (gap_basis burst)",,iters=supplied as None; sglang=package not installed,1,3.12.15,176.58886931557572,"measured on this device: NVIDIA GH200 480GB (measured), 658.0 TFLOP/s bf16 over 3725.9 GB/s (triad pattern); calibrated 2026-10-06 at 49f21980",,200.0,2.13.0,3.7.1,2026-10-06T08:52:02+00:00,0.27.1,300.0
native,1,32,4,128,1024,1,64,0.4673280119895935,0.4617919921875,0.0018527560942552823,425,3,322.31980806589127,"scripts/clock_elasticity.py: bursts of N back-to-back fused_experts calls under one pinned tile, each call L2-flushed and bracketed by its own pre-primed event pair, the FIRST call of every burst discarded as a drained-queue launch, a host-side idle gap after each burst setting the sustained duty cycle, and the SM clock, board power and memory clock read through NVML with the burst still in flight; NOT timing.TIMING_BASIS",1710.0,False,high,True,True,ok,"LEVEL HIGH (recorded, never an exclusion here): loaded clock 1710 MHz against the 1455 MHz reference. At a duty cycle below 1.0 a HIGH reading is the experiment working, not a cell to drop.",0.25,256.65,0.24989670043197654,86,114.04803850418102,burst,0.4681920111179352,0.4675520062446594,True,1710 1710 1710 1710 1710 1710 1710 1710 1710 1710 1710 1710 1710 1710 1710,False,3725.9156463999325,"measured on this device: NVIDIA GH200 480GB (measured), 3725.9 GB/s (triad pattern)",13.0,580.105.08,True,1,49f219808863cc3515979babf6eaed123d73f876,NVIDIA GH200 480GB,192-222-51-63,"scripts/clock_elasticity.py: bursts of N back-to-back fused_experts calls under one pinned tile, each call L2-flushed and bracketed by its own pre-primed event pair, the FIRST call of every burst discarded as a drained-queue launch, a host-side idle gap after each burst setting the sustained duty cycle, and the SM clock, board power and memory clock read through NVML with the burst still in flight; NOT timing.TIMING_BASIS | duty 0.25 | each idle gap sized from its own burst (gap_basis burst)",,iters=supplied as None; sglang=package not installed,1,3.12.15,176.58886931557572,"measured on this device: NVIDIA GH200 480GB (measured), 658.0 TFLOP/s bf16 over 3725.9 GB/s (triad pattern); calibrated 2026-10-06 at 49f21980",,200.0,2.13.0,3.7.1,2026-10-06T08:52:02+00:00,0.27.1,300.0
shared,1,32,3,96,768,1,576,0.3887999951839447,0.384799987077713,0.0012599891023741447,510,3,321.6018879413605,"scripts/clock_elasticity.py: bursts of N back-to-back fused_experts calls under one pinned tile, each call L2-flushed and bracketed by its own pre-primed event pair, the FIRST call of every burst discarded as a drained-queue launch, a host-side idle gap after each burst setting the sustained duty cycle, and the SM clock, board power and memory clock read through NVML with the burst still in flight; NOT timing.TIMING_BASIS",1710.0,False,high,True,True,ok,"LEVEL HIGH (recorded, never an exclusion here): loaded clock 1710 MHz against the 1455 MHz reference. At a duty cycle below 1.0 a HIGH reading is the experiment working, not a cell to drop.",0.25,252.567,0.24990003139340258,103,112.15724488577689,burst,0.3888320028781891,0.3887360095977783,True,1710 1710 1710 1710 1710 1710 1710 1710 1710 1710 1710 1710 1710 1710 1710,False,3725.9156463999325,"measured on this device: NVIDIA GH200 480GB (measured), 3725.9 GB/s (triad pattern)",13.0,580.105.08,True,1,49f219808863cc3515979babf6eaed123d73f876,NVIDIA GH200 480GB,192-222-51-63,"scripts/clock_elasticity.py: bursts of N back-to-back fused_experts calls under one pinned tile, each call L2-flushed and bracketed by its own pre-primed event pair, the FIRST call of every burst discarded as a drained-queue launch, a host-side idle gap after each burst setting the sustained duty cycle, and the SM clock, board power and memory clock read through NVML with the burst still in flight; NOT timing.TIMING_BASIS | duty 0.25 | each idle gap sized from its own burst (gap_basis burst)",,iters=supplied as None; sglang=package not installed,1,3.12.15,176.58886931557572,"measured on this device: NVIDIA GH200 480GB (measured), 658.0 TFLOP/s bf16 over 3725.9 GB/s (triad pattern); calibrated 2026-10-06 at 49f21980",,200.0,2.13.0,3.7.1,2026-10-06T08:52:02+00:00,0.27.1,300.0
private,1,32,3,96,768,3,576,0.4790079891681671,0.47436800599098206,0.001423145562862808,410,3,319.7313918173313,"scripts/clock_elasticity.py: bursts of N back-to-back fused_experts calls under one pinned tile, each call L2-flushed and bracketed by its own pre-primed event pair, the FIRST call of every burst discarded as a drained-queue launch, a host-side idle gap after each burst setting the sustained duty cycle, and the SM clock, board power and memory clock read through NVML with the burst still in flight; NOT timing.TIMING_BASIS",1710.0,False,high,True,True,ok,"LEVEL HIGH (recorded, never an exclusion here): loaded clock 1710 MHz against the 1455 MHz reference. At a duty cycle below 1.0 a HIGH reading is the experiment working, not a cell to drop.",0.25,262.978,0.24990263592123926,83,112.9624418234671,burst,0.4792480021715164,0.4789600074291229,True,1710 1710 1710 1710 1710 1710 1710 1710 1710 1710 1710 1710 1710 1710 1710,False,3725.9156463999325,"measured on this device: NVIDIA GH200 480GB (measured), 3725.9 GB/s (triad pattern)",13.0,580.105.08,True,1,49f219808863cc3515979babf6eaed123d73f876,NVIDIA GH200 480GB,192-222-51-63,"scripts/clock_elasticity.py: bursts of N back-to-back fused_experts calls under one pinned tile, each call L2-flushed and bracketed by its own pre-primed event pair, the FIRST call of every burst discarded as a drained-queue launch, a host-side idle gap after each burst setting the sustained duty cycle, and the SM clock, board power and memory clock read through NVML with the burst still in flight; NOT timing.TIMING_BASIS | duty 0.25 | each idle gap sized from its own burst (gap_basis burst)",,iters=supplied as None; sglang=package not installed,1,3.12.15,176.58886931557572,"measured on this device: NVIDIA GH200 480GB (measured), 658.0 TFLOP/s bf16 over 3725.9 GB/s (triad pattern); calibrated 2026-10-06 at 49f21980",,200.0,2.13.0,3.7.1,2026-10-06T08:52:02+00:00,0.27.1,300.0
native,1,32,3,96,768,1,64,0.35811200737953186,0.35440000891685486,0.0015437488710331121,555,3,322.3731517791748,"scripts/clock_elasticity.py: bursts of N back-to-back fused_experts calls under one pinned tile, each call L2-flushed and bracketed by its own pre-primed event pair, the FIRST call of every burst discarded as a drained-queue launch, a host-side idle gap after each burst setting the sustained duty cycle, and the SM clock, board power and memory clock read through NVML with the burst still in flight; NOT timing.TIMING_BASIS",1710.0,False,high,True,True,ok,"LEVEL HIGH (recorded, never an exclusion here): loaded clock 1710 MHz against the 1455 MHz reference. At a duty cycle below 1.0 a HIGH reading is the experiment working, not a cell to drop.",0.25,264.644,0.2498956734280315,112,111.6756719470286,burst,0.35862401127815247,0.3580799996852875,True,1710 1710 1710 1710 1710 1710 1710 1710 1710 1710 1710 1710 1710 1710 1710,False,3725.9156463999325,"measured on this device: NVIDIA GH200 480GB (measured), 3725.9 GB/s (triad pattern)",13.0,580.105.08,True,1,49f219808863cc3515979babf6eaed123d73f876,NVIDIA GH200 480GB,192-222-51-63,"scripts/clock_elasticity.py: bursts of N back-to-back fused_experts calls under one pinned tile, each call L2-flushed and bracketed by its own pre-primed event pair, the FIRST call of every burst discarded as a drained-queue launch, a host-side idle gap after each burst setting the sustained duty cycle, and the SM clock, board power and memory clock read through NVML with the burst still in flight; NOT timing.TIMING_BASIS | duty 0.25 | each idle gap sized from its own burst (gap_basis burst)",,iters=supplied as None; sglang=package not installed,1,3.12.15,176.58886931557572,"measured on this device: NVIDIA GH200 480GB (measured), 658.0 TFLOP/s bf16 over 3725.9 GB/s (triad pattern); calibrated 2026-10-06 at 49f21980",,200.0,2.13.0,3.7.1,2026-10-06T08:52:02+00:00,0.27.1,300.0
shared,1,32,2,64,512,1,576,0.2788800001144409,0.2754879891872406,0.010593878042490661,710,3,322.3679042458534,"scripts/clock_elasticity.py: bursts of N back-to-back fused_experts calls under one pinned tile, each call L2-flushed and bracketed by its own pre-primed event pair, the FIRST call of every burst discarded as a drained-queue launch, a host-side idle gap after each burst setting the sustained duty cycle, and the SM clock, board power and memory clock read through NVML with the burst still in flight; NOT timing.TIMING_BASIS",1710.0,False,high,True,True,ok,"LEVEL HIGH (recorded, never an exclusion here): loaded clock 1710 MHz against the 1455 MHz reference. At a duty cycle below 1.0 a HIGH reading is the experiment working, not a cell to drop.; host-bound: in 15 of 15 trials the GPU had fewer than 2 iterations of work queued when the host finished enqueueing (smallest backlog 0.35 iterations; host enqueue 0.3633 ms per call); the intervals include host enqueue time and the number is an upper bound on the kernel time; time the callable as a graph replay or through a fused launcher to measure the GPU alone",0.25,260.606,0.24990170579246707,143,110.13536446620128,burst,0.27935999631881714,0.27878400683403015,True,1710 1710 1710 1710 1710 1710 1710 1710 1710 1710 1710 1710 1710 1710 1710,True,3725.9156463999325,"measured on this device: NVIDIA GH200 480GB (measured), 3725.9 GB/s (triad pattern)",13.0,580.105.08,True,1,49f219808863cc3515979babf6eaed123d73f876,NVIDIA GH200 480GB,192-222-51-63,"scripts/clock_elasticity.py: bursts of N back-to-back fused_experts calls under one pinned tile, each call L2-flushed and bracketed by its own pre-primed event pair, the FIRST call of every burst discarded as a drained-queue launch, a host-side idle gap after each burst setting the sustained duty cycle, and the SM clock, board power and memory clock read through NVML with the burst still in flight; NOT timing.TIMING_BASIS | duty 0.25 | each idle gap sized from its own burst (gap_basis burst)",,iters=supplied as None; sglang=package not installed,1,3.12.15,176.58886931557572,"measured on this device: NVIDIA GH200 480GB (measured), 658.0 TFLOP/s bf16 over 3725.9 GB/s (triad pattern); calibrated 2026-10-06 at 49f21980",,200.0,2.13.0,3.7.1,2026-10-06T08:52:02+00:00,0.27.1,300.0
private,1,32,2,64,512,2,576,0.34147199988365173,0.33670398592948914,0.002018796862851181,580,3,321.125470995903,"scripts/clock_elasticity.py: bursts of N back-to-back fused_experts calls under one pinned tile, each call L2-flushed and bracketed by its own pre-primed event pair, the FIRST call of every burst discarded as a drained-queue launch, a host-side idle gap after each burst setting the sustained duty cycle, and the SM clock, board power and memory clock read through NVML with the burst still in flight; NOT timing.TIMING_BASIS",1710.0,False,high,True,True,ok,"LEVEL HIGH (recorded, never an exclusion here): loaded clock 1710 MHz against the 1455 MHz reference. At a duty cycle below 1.0 a HIGH reading is the experiment working, not a cell to drop.",0.25,261.964,0.2498935684682331,117,110.76021458691685,burst,0.3413439989089966,0.3417919874191284,True,1710 1710 1710 1710 1710 1710 1710 1710 1710 1710 1710 1710 1710 1710 1710,False,3725.9156463999325,"measured on this device: NVIDIA GH200 480GB (measured), 3725.9 GB/s (triad pattern)",13.0,580.105.08,True,1,49f219808863cc3515979babf6eaed123d73f876,NVIDIA GH200 480GB,192-222-51-63,"scripts/clock_elasticity.py: bursts of N back-to-back fused_experts calls under one pinned tile, each call L2-flushed and bracketed by its own pre-primed event pair, the FIRST call of every burst discarded as a drained-queue launch, a host-side idle gap after each burst setting the sustained duty cycle, and the SM clock, board power and memory clock read through NVML with the burst still in flight; NOT timing.TIMING_BASIS | duty 0.25 | each idle gap sized from its own burst (gap_basis burst)",,iters=supplied as None; sglang=package not installed,1,3.12.15,176.58886931557572,"measured on this device: NVIDIA GH200 480GB (measured), 658.0 TFLOP/s bf16 over 3725.9 GB/s (triad pattern); calibrated 2026-10-06 at 49f21980",,200.0,2.13.0,3.7.1,2026-10-06T08:52:02+00:00,0.27.1,300.0
native,1,32,2,64,512,1,64,0.2794240117073059,0.2471040040254593,0.024686095636035712,685,3,305.9781438410282,"scripts/clock_elasticity.py: bursts of N back-to-back fused_experts calls under one pinned tile, each call L2-flushed and bracketed by its own pre-primed event pair, the FIRST call of every burst discarded as a drained-queue launch, a host-side idle gap after each burst setting the sustained duty cycle, and the SM clock, board power and memory clock read through NVML with the burst still in flight; NOT timing.TIMING_BASIS",1710.0,False,high,True,True,ok,"LEVEL HIGH (recorded, never an exclusion here): loaded clock 1710 MHz against the 1455 MHz reference. At a duty cycle below 1.0 a HIGH reading is the experiment working, not a cell to drop.; host-bound: in 15 of 15 trials the GPU had fewer than 2 iterations of work queued when the host finished enqueueing (smallest backlog 0.28 iterations; host enqueue 0.3634 ms per call); the intervals include host enqueue time and the number is an upper bound on the kernel time; time the callable as a graph replay or through a fused launcher to measure the GPU alone",0.25,252.513,0.2498903927785845,138,106.28686593133898,burst,0.28379200398921967,0.2815680056810379,True,1710 1710 1710 1710 1710 1710 1710 1710 1710 1710 1710 1710 1710 1710 1710,True,3725.9156463999325,"measured on this device: NVIDIA GH200 480GB (measured), 3725.9 GB/s (triad pattern)",13.0,580.105.08,True,1,49f219808863cc3515979babf6eaed123d73f876,NVIDIA GH200 480GB,192-222-51-63,"scripts/clock_elasticity.py: bursts of N back-to-back fused_experts calls under one pinned tile, each call L2-flushed and bracketed by its own pre-primed event pair, the FIRST call of every burst discarded as a drained-queue launch, a host-side idle gap after each burst setting the sustained duty cycle, and the SM clock, board power and memory clock read through NVML with the burst still in flight; NOT timing.TIMING_BASIS | duty 0.25 | each idle gap sized from its own burst (gap_basis burst)",,iters=supplied as None; sglang=package not installed,1,3.12.15,176.58886931557572,"measured on this device: NVIDIA GH200 480GB (measured), 658.0 TFLOP/s bf16 over 3725.9 GB/s (triad pattern); calibrated 2026-10-06 at 49f21980",,200.0,2.13.0,3.7.1,2026-10-06T08:52:02+00:00,0.27.1,300.0
shared,1,32,1,32,256,1,576,0.26497599482536316,0.22355200350284576,0.016977220164166803,710,3,309.09248024225235,"scripts/clock_elasticity.py: bursts of N back-to-back fused_experts calls under one pinned tile, each call L2-flushed and bracketed by its own pre-primed event pair, the FIRST call of every burst discarded as a drained-queue launch, a host-side idle gap after each burst setting the sustained duty cycle, and the SM clock, board power and memory clock read through NVML with the burst still in flight; NOT timing.TIMING_BASIS",1710.0,False,high,True,True,ok,"LEVEL HIGH (recorded, never an exclusion here): loaded clock 1710 MHz against the 1455 MHz reference. At a duty cycle below 1.0 a HIGH reading is the experiment working, not a cell to drop.; host-bound: in 15 of 15 trials the GPU had fewer than 2 iterations of work queued when the host finished enqueueing (smallest backlog 0.17 iterations; host enqueue 0.3463 ms per call); the intervals include host enqueue time and the number is an upper bound on the kernel time; time the callable as a graph replay or through a fused launcher to measure the GPU alone",0.25,220.65,0.24989684713682864,143,102.76872612554145,burst,0.26716798543930054,0.26396799087524414,True,1710 1710 1710 1710 1710 1710 1710 1710 1710 1710 1710 1710 1710 1710 1710,True,3725.9156463999325,"measured on this device: NVIDIA GH200 480GB (measured), 3725.9 GB/s (triad pattern)",13.0,580.105.08,True,1,49f219808863cc3515979babf6eaed123d73f876,NVIDIA GH200 480GB,192-222-51-63,"scripts/clock_elasticity.py: bursts of N back-to-back fused_experts calls under one pinned tile, each call L2-flushed and bracketed by its own pre-primed event pair, the FIRST call of every burst discarded as a drained-queue launch, a host-side idle gap after each burst setting the sustained duty cycle, and the SM clock, board power and memory clock read through NVML with the burst still in flight; NOT timing.TIMING_BASIS | duty 0.25 | each idle gap sized from its own burst (gap_basis burst)",,iters=supplied as None; sglang=package not installed,1,3.12.15,176.58886931557572,"measured on this device: NVIDIA GH200 480GB (measured), 658.0 TFLOP/s bf16 over 3725.9 GB/s (triad pattern); calibrated 2026-10-06 at 49f21980",,200.0,2.13.0,3.7.1,2026-10-06T08:52:02+00:00,0.27.1,300.0
private,1,32,1,32,256,1,576,0.2656959891319275,0.22761599719524384,0.016527690804338854,725,3,313.19388779997826,"scripts/clock_elasticity.py: bursts of N back-to-back fused_experts calls under one pinned tile, each call L2-flushed and bracketed by its own pre-primed event pair, the FIRST call of every burst discarded as a drained-queue launch, a host-side idle gap after each burst setting the sustained duty cycle, and the SM clock, board power and memory clock read through NVML with the burst still in flight; NOT timing.TIMING_BASIS",1710.0,False,high,True,True,ok,"LEVEL HIGH (recorded, never an exclusion here): loaded clock 1710 MHz against the 1455 MHz reference. At a duty cycle below 1.0 a HIGH reading is the experiment working, not a cell to drop.; host-bound: in 15 of 15 trials the GPU had fewer than 2 iterations of work queued when the host finished enqueueing (smallest backlog 0.15 iterations; host enqueue 0.3457 ms per call); the intervals include host enqueue time and the number is an upper bound on the kernel time; time the callable as a graph replay or through a fused launcher to measure the GPU alone",0.25,219.029,0.24989591451350338,146,104.76955183611425,burst,0.2666880041360855,0.2645919919013977,True,1710 1710 1710 1710 1710 1710 1710 1710 1710 1710 1710 1710 1710 1710 1710,True,3725.9156463999325,"measured on this device: NVIDIA GH200 480GB (measured), 3725.9 GB/s (triad pattern)",13.0,580.105.08,True,1,49f219808863cc3515979babf6eaed123d73f876,NVIDIA GH200 480GB,192-222-51-63,"scripts/clock_elasticity.py: bursts of N back-to-back fused_experts calls under one pinned tile, each call L2-flushed and bracketed by its own pre-primed event pair, the FIRST call of every burst discarded as a drained-queue launch, a host-side idle gap after each burst setting the sustained duty cycle, and the SM clock, board power and memory clock read through NVML with the burst still in flight; NOT timing.TIMING_BASIS | duty 0.25 | each idle gap sized from its own burst (gap_basis burst)",,iters=supplied as None; sglang=package not installed,1,3.12.15,176.58886931557572,"measured on this device: NVIDIA GH200 480GB (measured), 658.0 TFLOP/s bf16 over 3725.9 GB/s (triad pattern); calibrated 2026-10-06 at 49f21980",,200.0,2.13.0,3.7.1,2026-10-06T08:52:02+00:00,0.27.1,300.0
native,1,32,1,32,256,1,64,0.2634879946708679,0.2229440063238144,0.020571671326423825,715,3,310.9552003592253,"scripts/clock_elasticity.py: bursts of N back-to-back fused_experts calls under one pinned tile, each call L2-flushed and bracketed by its own pre-primed event pair, the FIRST call of every burst discarded as a drained-queue launch, a host-side idle gap after each burst setting the sustained duty cycle, and the SM clock, board power and memory clock read through NVML with the burst still in flight; NOT timing.TIMING_BASIS",1710.0,False,high,True,True,ok,"LEVEL HIGH (recorded, never an exclusion here): loaded clock 1710 MHz against the 1455 MHz reference. At a duty cycle below 1.0 a HIGH reading is the experiment working, not a cell to drop.; host-bound: in 15 of 15 trials the GPU had fewer than 2 iterations of work queued when the host finished enqueueing (smallest backlog 0.15 iterations; host enqueue 0.3435 ms per call); the intervals include host enqueue time and the number is an upper bound on the kernel time; time the callable as a graph replay or through a fused launcher to measure the GPU alone",0.25,216.847,0.2498981269721943,144,101.86411805963871,burst,0.2627519965171814,0.2622399926185608,True,1710 1710 1710 1710 1710 1710 1710 1710 1710 1710 1710 1710 1710 1710 1710,True,3725.9156463999325,"measured on this device: NVIDIA GH200 480GB (measured), 3725.9 GB/s (triad pattern)",13.0,580.105.08,True,1,49f219808863cc3515979babf6eaed123d73f876,NVIDIA GH200 480GB,192-222-51-63,"scripts/clock_elasticity.py: bursts of N back-to-back fused_experts calls under one pinned tile, each call L2-flushed and bracketed by its own pre-primed event pair, the FIRST call of every burst discarded as a drained-queue launch, a host-side idle gap after each burst setting the sustained duty cycle, and the SM clock, board power and memory clock read through NVML with the burst still in flight; NOT timing.TIMING_BASIS | duty 0.25 | each idle gap sized from its own burst (gap_basis burst)",,iters=supplied as None; sglang=package not installed,1,3.12.15,176.58886931557572,"measured on this device: NVIDIA GH200 480GB (measured), 658.0 TFLOP/s bf16 over 3725.9 GB/s (triad pattern); calibrated 2026-10-06 at 49f21980",,200.0,2.13.0,3.7.1,2026-10-06T08:52:02+00:00,0.27.1,300.0
private,2,32,1,32,256,1,576,0.26710399985313416,0.22739200294017792,0.01838193160737603,695,3,302.538431674242,"scripts/clock_elasticity.py: bursts of N back-to-back fused_experts calls under one pinned tile, each call L2-flushed and bracketed by its own pre-primed event pair, the FIRST call of every burst discarded as a drained-queue launch, a host-side idle gap after each burst setting the sustained duty cycle, and the SM clock, board power and memory clock read through NVML with the burst still in flight; NOT timing.TIMING_BASIS",1710.0,False,high,True,True,ok,"LEVEL HIGH (recorded, never an exclusion here): loaded clock 1710 MHz against the 1455 MHz reference. At a duty cycle below 1.0 a HIGH reading is the experiment working, not a cell to drop.; host-bound: in 15 of 15 trials the GPU had fewer than 2 iterations of work queued when the host finished enqueueing (smallest backlog 0.16 iterations; host enqueue 0.3456 ms per call); the intervals include host enqueue time and the number is an upper bound on the kernel time; time the callable as a graph replay or through a fused launcher to measure the GPU alone",0.25,220.96,0.24988778023867236,140,100.39852626734499,burst,0.26894401013851166,0.2624639868736267,True,1710 1710 1710 1710 1710 1710 1710 1710 1710 1710 1710 1710 1710 1710 1710,True,3725.9156463999325,"measured on this device: NVIDIA GH200 480GB (measured), 3725.9 GB/s (triad pattern)",13.0,580.105.08,True,1,49f219808863cc3515979babf6eaed123d73f876,NVIDIA GH200 480GB,192-222-51-63,"scripts/clock_elasticity.py: bursts of N back-to-back fused_experts calls under one pinned tile, each call L2-flushed and bracketed by its own pre-primed event pair, the FIRST call of every burst discarded as a drained-queue launch, a host-side idle gap after each burst setting the sustained duty cycle, and the SM clock, board power and memory clock read through NVML with the burst still in flight; NOT timing.TIMING_BASIS | duty 0.25 | each idle gap sized from its own burst (gap_basis burst)",,iters=supplied as None; sglang=package not installed,1,3.12.15,176.58886931557572,"measured on this device: NVIDIA GH200 480GB (measured), 658.0 TFLOP/s bf16 over 3725.9 GB/s (triad pattern); calibrated 2026-10-06 at 49f21980",,200.0,2.13.0,3.7.1,2026-10-06T08:52:02+00:00,0.27.1,300.0
native,2,32,1,32,256,1,64,0.26678401231765747,0.22988800704479218,0.015820343725048147,685,3,336.14627227187157,"scripts/clock_elasticity.py: bursts of N back-to-back fused_experts calls under one pinned tile, each call L2-flushed and bracketed by its own pre-primed event pair, the FIRST call of every burst discarded as a drained-queue launch, a host-side idle gap after each burst setting the sustained duty cycle, and the SM clock, board power and memory clock read through NVML with the burst still in flight; NOT timing.TIMING_BASIS",1710.0,False,high,True,True,ok,"LEVEL HIGH (recorded, never an exclusion here): loaded clock 1710 MHz against the 1455 MHz reference. At a duty cycle below 1.0 a HIGH reading is the experiment working, not a cell to drop.; host-bound: in 15 of 15 trials the GPU had fewer than 2 iterations of work queued when the host finished enqueueing (smallest backlog 0.15 iterations; host enqueue 0.3476 ms per call); the intervals include host enqueue time and the number is an upper bound on the kernel time; time the callable as a graph replay or through a fused launcher to measure the GPU alone",0.25,219.358,0.24988853516105314,138,99.2114886489071,burst,0.26892799139022827,0.2638719975948334,True,1710 1710 1710 1710 1710 1710 1710 1710 1710 1710 1710 1710 1710 1710 1710,True,3725.9156463999325,"measured on this device: NVIDIA GH200 480GB (measured), 3725.9 GB/s (triad pattern)",13.0,580.105.08,True,1,49f219808863cc3515979babf6eaed123d73f876,NVIDIA GH200 480GB,192-222-51-63,"scripts/clock_elasticity.py: bursts of N back-to-back fused_experts calls under one pinned tile, each call L2-flushed and bracketed by its own pre-primed event pair, the FIRST call of every burst discarded as a drained-queue launch, a host-side idle gap after each burst setting the sustained duty cycle, and the SM clock, board power and memory clock read through NVML with the burst still in flight; NOT timing.TIMING_BASIS | duty 0.25 | each idle gap sized from its own burst (gap_basis burst)",,iters=supplied as None; sglang=package not installed,1,3.12.15,176.58886931557572,"measured on this device: NVIDIA GH200 480GB (measured), 658.0 TFLOP/s bf16 over 3725.9 GB/s (triad pattern); calibrated 2026-10-06 at 49f21980",,200.0,2.13.0,3.7.1,2026-10-06T08:52:02+00:00,0.27.1,300.0
shared,2,32,1,32,256,1,576,0.268559992313385,0.2309119999408722,0.017161810539024,720,3,310.9735680669546,"scripts/clock_elasticity.py: bursts of N back-to-back fused_experts calls under one pinned tile, each call L2-flushed and bracketed by its own pre-primed event pair, the FIRST call of every burst discarded as a drained-queue launch, a host-side idle gap after each burst setting the sustained duty cycle, and the SM clock, board power and memory clock read through NVML with the burst still in flight; NOT timing.TIMING_BASIS",1710.0,False,high,True,True,ok,"LEVEL HIGH (recorded, never an exclusion here): loaded clock 1710 MHz against the 1455 MHz reference. At a duty cycle below 1.0 a HIGH reading is the experiment working, not a cell to drop.; host-bound: in 15 of 15 trials the GPU had fewer than 2 iterations of work queued when the host finished enqueueing (smallest backlog 0.15 iterations; host enqueue 0.3505 ms per call); the intervals include host enqueue time and the number is an upper bound on the kernel time; time the callable as a graph replay or through a fused launcher to measure the GPU alone",0.25,220.898,0.24989416762067418,145,106.11358110708532,burst,0.2696480005979538,0.2685600072145462,True,1710 1710 1710 1710 1710 1710 1710 1710 1710 1710 1710 1710 1710 1710 1710,True,3725.9156463999325,"measured on this device: NVIDIA GH200 480GB (measured), 3725.9 GB/s (triad pattern)",13.0,580.105.08,True,1,49f219808863cc3515979babf6eaed123d73f876,NVIDIA GH200 480GB,192-222-51-63,"scripts/clock_elasticity.py: bursts of N back-to-back fused_experts calls under one pinned tile, each call L2-flushed and bracketed by its own pre-primed event pair, the FIRST call of every burst discarded as a drained-queue launch, a host-side idle gap after each burst setting the sustained duty cycle, and the SM clock, board power and memory clock read through NVML with the burst still in flight; NOT timing.TIMING_BASIS | duty 0.25 | each idle gap sized from its own burst (gap_basis burst)",,iters=supplied as None; sglang=package not installed,1,3.12.15,176.58886931557572,"measured on this device: NVIDIA GH200 480GB (measured), 658.0 TFLOP/s bf16 over 3725.9 GB/s (triad pattern); calibrated 2026-10-06 at 49f21980",,200.0,2.13.0,3.7.1,2026-10-06T08:52:02+00:00,0.27.1,300.0
private,2,32,2,64,512,2,576,0.3409920036792755,0.33686399459838867,0.0019897209985852374,580,3,320.5438719987869,"scripts/clock_elasticity.py: bursts of N back-to-back fused_experts calls under one pinned tile, each call L2-flushed and bracketed by its own pre-primed event pair, the FIRST call of every burst discarded as a drained-queue launch, a host-side idle gap after each burst setting the sustained duty cycle, and the SM clock, board power and memory clock read through NVML with the burst still in flight; NOT timing.TIMING_BASIS",1710.0,False,high,True,True,ok,"LEVEL HIGH (recorded, never an exclusion here): loaded clock 1710 MHz against the 1455 MHz reference. At a duty cycle below 1.0 a HIGH reading is the experiment working, not a cell to drop.",0.25,259.91,0.24989638709472367,117,110.64155777582346,burst,0.3407360017299652,0.34112000465393066,True,1710 1710 1710 1710 1710 1710 1710 1710 1710 1710 1710 1710 1710 1710 1710,False,3725.9156463999325,"measured on this device: NVIDIA GH200 480GB (measured), 3725.9 GB/s (triad pattern)",13.0,580.105.08,True,1,49f219808863cc3515979babf6eaed123d73f876,NVIDIA GH200 480GB,192-222-51-63,"scripts/clock_elasticity.py: bursts of N back-to-back fused_experts calls under one pinned tile, each call L2-flushed and bracketed by its own pre-primed event pair, the FIRST call of every burst discarded as a drained-queue launch, a host-side idle gap after each burst setting the sustained duty cycle, and the SM clock, board power and memory clock read through NVML with the burst still in flight; NOT timing.TIMING_BASIS | duty 0.25 | each idle gap sized from its own burst (gap_basis burst)",,iters=supplied as None; sglang=package not installed,1,3.12.15,176.58886931557572,"measured on this device: NVIDIA GH200 480GB (measured), 658.0 TFLOP/s bf16 over 3725.9 GB/s (triad pattern); calibrated 2026-10-06 at 49f21980",,200.0,2.13.0,3.7.1,2026-10-06T08:52:02+00:00,0.27.1,300.0
native,2,32,2,64,512,1,64,0.2690880000591278,0.2462719976902008,0.018712961809974074,710,3,306.9959678798914,"scripts/clock_elasticity.py: bursts of N back-to-back fused_experts calls under one pinned tile, each call L2-flushed and bracketed by its own pre-primed event pair, the FIRST call of every burst discarded as a drained-queue launch, a host-side idle gap after each burst setting the sustained duty cycle, and the SM clock, board power and memory clock read through NVML with the burst still in flight; NOT timing.TIMING_BASIS",1710.0,False,high,True,True,ok,"LEVEL HIGH (recorded, never an exclusion here): loaded clock 1710 MHz against the 1455 MHz reference. At a duty cycle below 1.0 a HIGH reading is the experiment working, not a cell to drop.; host-bound: in 15 of 15 trials the GPU had fewer than 2 iterations of work queued when the host finished enqueueing (smallest backlog 0.27 iterations; host enqueue 0.3472 ms per call); the intervals include host enqueue time and the number is an upper bound on the kernel time; time the callable as a graph replay or through a fused launcher to measure the GPU alone",0.25,260.582,0.2498987501851489,143,103.13915720205841,burst,0.2687680125236511,0.2671999931335449,True,1710 1710 1710 1710 1710 1710 1710 1710 1710 1710 1710 1710 1710 1710 1710,True,3725.9156463999325,"measured on this device: NVIDIA GH200 480GB (measured), 3725.9 GB/s (triad pattern)",13.0,580.105.08,True,1,49f219808863cc3515979babf6eaed123d73f876,NVIDIA GH200 480GB,192-222-51-63,"scripts/clock_elasticity.py: bursts of N back-to-back fused_experts calls under one pinned tile, each call L2-flushed and bracketed by its own pre-primed event pair, the FIRST call of every burst discarded as a drained-queue launch, a host-side idle gap after each burst setting the sustained duty cycle, and the SM clock, board power and memory clock read through NVML with the burst still in flight; NOT timing.TIMING_BASIS | duty 0.25 | each idle gap sized from its own burst (gap_basis burst)",,iters=supplied as None; sglang=package not installed,1,3.12.15,176.58886931557572,"measured on this device: NVIDIA GH200 480GB (measured), 658.0 TFLOP/s bf16 over 3725.9 GB/s (triad pattern); calibrated 2026-10-06 at 49f21980",,200.0,2.13.0,3.7.1,2026-10-06T08:52:02+00:00,0.27.1,300.0
shared,2,32,2,64,512,1,576,0.27849599719047546,0.2756800055503845,0.00578193331965067,715,3,323.39939191937447,"scripts/clock_elasticity.py: bursts of N back-to-back fused_experts calls under one pinned tile, each call L2-flushed and bracketed by its own pre-primed event pair, the FIRST call of every burst discarded as a drained-queue launch, a host-side idle gap after each burst setting the sustained duty cycle, and the SM clock, board power and memory clock read through NVML with the burst still in flight; NOT timing.TIMING_BASIS",1710.0,False,high,True,True,ok,"LEVEL HIGH (recorded, never an exclusion here): loaded clock 1710 MHz against the 1455 MHz reference. At a duty cycle below 1.0 a HIGH reading is the experiment working, not a cell to drop.; host-bound: in 10 of 15 trials the GPU had fewer than 2 iterations of work queued when the host finished enqueueing (smallest backlog 0.43 iterations; host enqueue 0.3570 ms per call); the intervals include host enqueue time and the number is an upper bound on the kernel time; time the callable as a graph replay or through a fused launcher to measure the GPU alone",0.25,261.337,0.24990060649897325,144,109.42234206951981,burst,0.27878400683403015,0.2783359885215759,True,1710 1710 1710 1710 1710 1710 1710 1710 1710 1710 1710 1710 1710 1710 1710,True,3725.9156463999325,"measured on this device: NVIDIA GH200 480GB (measured), 3725.9 GB/s (triad pattern)",13.0,580.105.08,True,1,49f219808863cc3515979babf6eaed123d73f876,NVIDIA GH200 480GB,192-222-51-63,"scripts/clock_elasticity.py: bursts of N back-to-back fused_experts calls under one pinned tile, each call L2-flushed and bracketed by its own pre-primed event pair, the FIRST call of every burst discarded as a drained-queue launch, a host-side idle gap after each burst setting the sustained duty cycle, and the SM clock, board power and memory clock read through NVML with the burst still in flight; NOT timing.TIMING_BASIS | duty 0.25 | each idle gap sized from its own burst (gap_basis burst)",,iters=supplied as None; sglang=package not installed,1,3.12.15,176.58886931557572,"measured on this device: NVIDIA GH200 480GB (measured), 658.0 TFLOP/s bf16 over 3725.9 GB/s (triad pattern); calibrated 2026-10-06 at 49f21980",,200.0,2.13.0,3.7.1,2026-10-06T08:52:02+00:00,0.27.1,300.0
private,2,32,3,96,768,3,576,0.47940799593925476,0.47539201378822327,0.0014630123753715783,410,3,319.9566718041897,"scripts/clock_elasticity.py: bursts of N back-to-back fused_experts calls under one pinned tile, each call L2-flushed and bracketed by its own pre-primed event pair, the FIRST call of every burst discarded as a drained-queue launch, a host-side idle gap after each burst setting the sustained duty cycle, and the SM clock, board power and memory clock read through NVML with the burst still in flight; NOT timing.TIMING_BASIS",1710.0,False,high,True,True,ok,"LEVEL HIGH (recorded, never an exclusion here): loaded clock 1710 MHz against the 1455 MHz reference. At a duty cycle below 1.0 a HIGH reading is the experiment working, not a cell to drop.",0.25,261.52,0.24989425147021138,83,113.12096982688671,burst,0.47939200699329376,0.4796160012483597,True,1710 1710 1710 1710 1710 1710 1710 1710 1710 1710 1710 1710 1710 1710 1710,False,3725.9156463999325,"measured on this device: NVIDIA GH200 480GB (measured), 3725.9 GB/s (triad pattern)",13.0,580.105.08,True,1,49f219808863cc3515979babf6eaed123d73f876,NVIDIA GH200 480GB,192-222-51-63,"scripts/clock_elasticity.py: bursts of N back-to-back fused_experts calls under one pinned tile, each call L2-flushed and bracketed by its own pre-primed event pair, the FIRST call of every burst discarded as a drained-queue launch, a host-side idle gap after each burst setting the sustained duty cycle, and the SM clock, board power and memory clock read through NVML with the burst still in flight; NOT timing.TIMING_BASIS | duty 0.25 | each idle gap sized from its own burst (gap_basis burst)",,iters=supplied as None; sglang=package not installed,1,3.12.15,176.58886931557572,"measured on this device: NVIDIA GH200 480GB (measured), 658.0 TFLOP/s bf16 over 3725.9 GB/s (triad pattern); calibrated 2026-10-06 at 49f21980",,200.0,2.13.0,3.7.1,2026-10-06T08:52:02+00:00,0.27.1,300.0
native,2,32,3,96,768,1,64,0.3585279881954193,0.3546240031719208,0.001193817172247562,555,3,322.24358358979225,"scripts/clock_elasticity.py: bursts of N back-to-back fused_experts calls under one pinned tile, each call L2-flushed and bracketed by its own pre-primed event pair, the FIRST call of every burst discarded as a drained-queue launch, a host-side idle gap after each burst setting the sustained duty cycle, and the SM clock, board power and memory clock read through NVML with the burst still in flight; NOT timing.TIMING_BASIS",1710.0,False,high,True,True,ok,"LEVEL HIGH (recorded, never an exclusion here): loaded clock 1710 MHz against the 1455 MHz reference. At a duty cycle below 1.0 a HIGH reading is the experiment working, not a cell to drop.",0.25,264.8,0.24989971346603979,112,111.75855103366483,burst,0.35894399881362915,0.3584960103034973,True,1710 1710 1710 1710 1710 1710 1710 1710 1710 1710 1710 1710 1710 1710 1710,False,3725.9156463999325,"measured on this device: NVIDIA GH200 480GB (measured), 3725.9 GB/s (triad pattern)",13.0,580.105.08,True,1,49f219808863cc3515979babf6eaed123d73f876,NVIDIA GH200 480GB,192-222-51-63,"scripts/clock_elasticity.py: bursts of N back-to-back fused_experts calls under one pinned tile, each call L2-flushed and bracketed by its own pre-primed event pair, the FIRST call of every burst discarded as a drained-queue launch, a host-side idle gap after each burst setting the sustained duty cycle, and the SM clock, board power and memory clock read through NVML with the burst still in flight; NOT timing.TIMING_BASIS | duty 0.25 | each idle gap sized from its own burst (gap_basis burst)",,iters=supplied as None; sglang=package not installed,1,3.12.15,176.58886931557572,"measured on this device: NVIDIA GH200 480GB (measured), 658.0 TFLOP/s bf16 over 3725.9 GB/s (triad pattern); calibrated 2026-10-06 at 49f21980",,200.0,2.13.0,3.7.1,2026-10-06T08:52:02+00:00,0.27.1,300.0
shared,2,32,3,96,768,1,576,0.38867199420928955,0.38467198610305786,0.0015366489357943511,510,3,321.9928642511368,"scripts/clock_elasticity.py: bursts of N back-to-back fused_experts calls under one pinned tile, each call L2-flushed and bracketed by its own pre-primed event pair, the FIRST call of every burst discarded as a drained-queue launch, a host-side idle gap after each burst setting the sustained duty cycle, and the SM clock, board power and memory clock read through NVML with the burst still in flight; NOT timing.TIMING_BASIS",1710.0,False,high,True,True,ok,"LEVEL HIGH (recorded, never an exclusion here): loaded clock 1710 MHz against the 1455 MHz reference. At a duty cycle below 1.0 a HIGH reading is the experiment working, not a cell to drop.",0.25,252.601,0.24989946520875708,103,112.18063640060427,burst,0.3889920115470886,0.3887360095977783,True,1710 1710 1710 1710 1710 1710 1710 1710 1710 1710 1710 1710 1710 1710 1710,False,3725.9156463999325,"measured on this device: NVIDIA GH200 480GB (measured), 3725.9 GB/s (triad pattern)",13.0,580.105.08,True,1,49f219808863cc3515979babf6eaed123d73f876,NVIDIA GH200 480GB,192-222-51-63,"scripts/clock_elasticity.py: bursts of N back-to-back fused_experts calls under one pinned tile, each call L2-flushed and bracketed by its own pre-primed event pair, the FIRST call of every burst discarded as a drained-queue launch, a host-side idle gap after each burst setting the sustained duty cycle, and the SM clock, board power and memory clock read through NVML with the burst still in flight; NOT timing.TIMING_BASIS | duty 0.25 | each idle gap sized from its own burst (gap_basis burst)",,iters=supplied as None; sglang=package not installed,1,3.12.15,176.58886931557572,"measured on this device: NVIDIA GH200 480GB (measured), 658.0 TFLOP/s bf16 over 3725.9 GB/s (triad pattern); calibrated 2026-10-06 at 49f21980",,200.0,2.13.0,3.7.1,2026-10-06T08:52:02+00:00,0.27.1,300.0
private,2,32,4,128,1024,4,576,0.6187680065631866,0.6136320233345032,0.0016305666236181512,320,3,323.34592056274414,"scripts/clock_elasticity.py: bursts of N back-to-back fused_experts calls under one pinned tile, each call L2-flushed and bracketed by its own pre-primed event pair, the FIRST call of every burst discarded as a drained-queue launch, a host-side idle gap after each burst setting the sustained duty cycle, and the SM clock, board power and memory clock read through NVML with the burst still in flight; NOT timing.TIMING_BASIS",1710.0,False,high,True,True,ok,"LEVEL HIGH (recorded, never an exclusion here): loaded clock 1710 MHz against the 1455 MHz reference. At a duty cycle below 1.0 a HIGH reading is the experiment working, not a cell to drop.",0.25,264.824,0.24990536931589924,65,115.81252751650025,burst,0.6185120046138763,0.6186560094356537,True,1710 1710 1710 1710 1710 1710 1710 1710 1710 1710 1710 1710 1710 1710 1710,False,3725.9156463999325,"measured on this device: NVIDIA GH200 480GB (measured), 3725.9 GB/s (triad pattern)",13.0,580.105.08,True,1,49f219808863cc3515979babf6eaed123d73f876,NVIDIA GH200 480GB,192-222-51-63,"scripts/clock_elasticity.py: bursts of N back-to-back fused_experts calls under one pinned tile, each call L2-flushed and bracketed by its own pre-primed event pair, the FIRST call of every burst discarded as a drained-queue launch, a host-side idle gap after each burst setting the sustained duty cycle, and the SM clock, board power and memory clock read through NVML with the burst still in flight; NOT timing.TIMING_BASIS | duty 0.25 | each idle gap sized from its own burst (gap_basis burst)",,iters=supplied as None; sglang=package not installed,1,3.12.15,176.58886931557572,"measured on this device: NVIDIA GH200 480GB (measured), 658.0 TFLOP/s bf16 over 3725.9 GB/s (triad pattern); calibrated 2026-10-06 at 49f21980",,200.0,2.13.0,3.7.1,2026-10-06T08:52:02+00:00,0.27.1,300.0
native,2,32,4,128,1024,1,64,0.46694400906562805,0.4610239863395691,0.0018785243640635897,425,3,322.4573443233967,"scripts/clock_elasticity.py: bursts of N back-to-back fused_experts calls under one pinned tile, each call L2-flushed and bracketed by its own pre-primed event pair, the FIRST call of every burst discarded as a drained-queue launch, a host-side idle gap after each burst setting the sustained duty cycle, and the SM clock, board power and memory clock read through NVML with the burst still in flight; NOT timing.TIMING_BASIS",1710.0,False,high,True,True,ok,"LEVEL HIGH (recorded, never an exclusion here): loaded clock 1710 MHz against the 1455 MHz reference. At a duty cycle below 1.0 a HIGH reading is the experiment working, not a cell to drop.",0.25,258.265,0.24990413652740157,86,113.95440587186751,burst,0.4663679897785187,0.46716800332069397,True,1710 1710 1710 1710 1710 1710 1710 1710 1710 1710 1710 1710 1710 1710 1710,False,3725.9156463999325,"measured on this device: NVIDIA GH200 480GB (measured), 3725.9 GB/s (triad pattern)",13.0,580.105.08,True,1,49f219808863cc3515979babf6eaed123d73f876,NVIDIA GH200 480GB,192-222-51-63,"scripts/clock_elasticity.py: bursts of N back-to-back fused_experts calls under one pinned tile, each call L2-flushed and bracketed by its own pre-primed event pair, the FIRST call of every burst discarded as a drained-queue launch, a host-side idle gap after each burst setting the sustained duty cycle, and the SM clock, board power and memory clock read through NVML with the burst still in flight; NOT timing.TIMING_BASIS | duty 0.25 | each idle gap sized from its own burst (gap_basis burst)",,iters=supplied as None; sglang=package not installed,1,3.12.15,176.58886931557572,"measured on this device: NVIDIA GH200 480GB (measured), 658.0 TFLOP/s bf16 over 3725.9 GB/s (triad pattern); calibrated 2026-10-06 at 49f21980",,200.0,2.13.0,3.7.1,2026-10-06T08:52:02+00:00,0.27.1,300.0
shared,2,32,4,128,1024,1,576,0.4962559938430786,0.49187201261520386,0.001953858516831277,400,3,322.93756806850433,"scripts/clock_elasticity.py: bursts of N back-to-back fused_experts calls under one pinned tile, each call L2-flushed and bracketed by its own pre-primed event pair, the FIRST call of every burst discarded as a drained-queue launch, a host-side idle gap after each burst setting the sustained duty cycle, and the SM clock, board power and memory clock read through NVML with the burst still in flight; NOT timing.TIMING_BASIS",1710.0,False,high,True,True,ok,"LEVEL HIGH (recorded, never an exclusion here): loaded clock 1710 MHz against the 1455 MHz reference. At a duty cycle below 1.0 a HIGH reading is the experiment working, not a cell to drop.",0.25,250.414,0.24989175599680738,81,114.58893489313776,burst,0.4962719976902008,0.49667200446128845,True,1710 1710 1710 1710 1710 1710 1710 1710 1710 1710 1710 1710 1710 1710 1710,False,3725.9156463999325,"measured on this device: NVIDIA GH200 480GB (measured), 3725.9 GB/s (triad pattern)",13.0,580.105.08,True,1,49f219808863cc3515979babf6eaed123d73f876,NVIDIA GH200 480GB,192-222-51-63,"scripts/clock_elasticity.py: bursts of N back-to-back fused_experts calls under one pinned tile, each call L2-flushed and bracketed by its own pre-primed event pair, the FIRST call of every burst discarded as a drained-queue launch, a host-side idle gap after each burst setting the sustained duty cycle, and the SM clock, board power and memory clock read through NVML with the burst still in flight; NOT timing.TIMING_BASIS | duty 0.25 | each idle gap sized from its own burst (gap_basis burst)",,iters=supplied as None; sglang=package not installed,1,3.12.15,176.58886931557572,"measured on this device: NVIDIA GH200 480GB (measured), 658.0 TFLOP/s bf16 over 3725.9 GB/s (triad pattern); calibrated 2026-10-06 at 49f21980",,200.0,2.13.0,3.7.1,2026-10-06T08:52:02+00:00,0.27.1,300.0
private,2,32,5,160,1280,5,576,0.7584959864616394,0.7537599802017212,0.0019118412713658311,260,3,323.2024315595627,"scripts/clock_elasticity.py: bursts of N back-to-back fused_experts calls under one pinned tile, each call L2-flushed and bracketed by its own pre-primed event pair, the FIRST call of every burst discarded as a drained-queue launch, a host-side idle gap after each burst setting the sustained duty cycle, and the SM clock, board power and memory clock read through NVML with the burst still in flight; NOT timing.TIMING_BASIS",1710.0,False,high,True,True,ok,"LEVEL HIGH (recorded, never an exclusion here): loaded clock 1710 MHz against the 1455 MHz reference. At a duty cycle below 1.0 a HIGH reading is the experiment working, not a cell to drop.",0.25,263.982,0.24989428080743462,53,116.80715898070775,burst,0.7584959864616394,0.7582399845123291,True,1710 1710 1710 1710 1710 1710 1710 1710 1710 1710 1710 1710 1710 1710 1710,False,3725.9156463999325,"measured on this device: NVIDIA GH200 480GB (measured), 3725.9 GB/s (triad pattern)",13.0,580.105.08,True,1,49f219808863cc3515979babf6eaed123d73f876,NVIDIA GH200 480GB,192-222-51-63,"scripts/clock_elasticity.py: bursts of N back-to-back fused_experts calls under one pinned tile, each call L2-flushed and bracketed by its own pre-primed event pair, the FIRST call of every burst discarded as a drained-queue launch, a host-side idle gap after each burst setting the sustained duty cycle, and the SM clock, board power and memory clock read through NVML with the burst still in flight; NOT timing.TIMING_BASIS | duty 0.25 | each idle gap sized from its own burst (gap_basis burst)",,iters=supplied as None; sglang=package not installed,1,3.12.15,176.58886931557572,"measured on this device: NVIDIA GH200 480GB (measured), 658.0 TFLOP/s bf16 over 3725.9 GB/s (triad pattern); calibrated 2026-10-06 at 49f21980",,200.0,2.13.0,3.7.1,2026-10-06T08:52:02+00:00,0.27.1,300.0
native,2,32,5,160,1280,1,64,0.5758079886436462,0.5695359706878662,0.0020530629450330362,345,3,323.6768009066582,"scripts/clock_elasticity.py: bursts of N back-to-back fused_experts calls under one pinned tile, each call L2-flushed and bracketed by its own pre-primed event pair, the FIRST call of every burst discarded as a drained-queue launch, a host-side idle gap after each burst setting the sustained duty cycle, and the SM clock, board power and memory clock read through NVML with the burst still in flight; NOT timing.TIMING_BASIS",1710.0,False,high,True,True,ok,"LEVEL HIGH (recorded, never an exclusion here): loaded clock 1710 MHz against the 1455 MHz reference. At a duty cycle below 1.0 a HIGH reading is the experiment working, not a cell to drop.",0.25,252.724,0.24989427731270222,70,115.68254290904586,burst,0.5762559771537781,0.5754560232162476,True,1710 1710 1710 1710 1710 1710 1710 1710 1710 1710 1710 1710 1710 1710 1710,False,3725.9156463999325,"measured on this device: NVIDIA GH200 480GB (measured), 3725.9 GB/s (triad pattern)",13.0,580.105.08,True,1,49f219808863cc3515979babf6eaed123d73f876,NVIDIA GH200 480GB,192-222-51-63,"scripts/clock_elasticity.py: bursts of N back-to-back fused_experts calls under one pinned tile, each call L2-flushed and bracketed by its own pre-primed event pair, the FIRST call of every burst discarded as a drained-queue launch, a host-side idle gap after each burst setting the sustained duty cycle, and the SM clock, board power and memory clock read through NVML with the burst still in flight; NOT timing.TIMING_BASIS | duty 0.25 | each idle gap sized from its own burst (gap_basis burst)",,iters=supplied as None; sglang=package not installed,1,3.12.15,176.58886931557572,"measured on this device: NVIDIA GH200 480GB (measured), 658.0 TFLOP/s bf16 over 3725.9 GB/s (triad pattern); calibrated 2026-10-06 at 49f21980",,200.0,2.13.0,3.7.1,2026-10-06T08:52:02+00:00,0.27.1,300.0
shared,2,32,5,160,1280,1,576,0.6041280031204224,0.5983039736747742,0.0024674310769680096,325,3,321.0697275996208,"scripts/clock_elasticity.py: bursts of N back-to-back fused_experts calls under one pinned tile, each call L2-flushed and bracketed by its own pre-primed event pair, the FIRST call of every burst discarded as a drained-queue launch, a host-side idle gap after each burst setting the sustained duty cycle, and the SM clock, board power and memory clock read through NVML with the burst still in flight; NOT timing.TIMING_BASIS",1710.0,False,high,True,True,ok,"LEVEL HIGH (recorded, never an exclusion here): loaded clock 1710 MHz against the 1455 MHz reference. At a duty cycle below 1.0 a HIGH reading is the experiment working, not a cell to drop.",0.25,249.039,0.2499008174437242,66,114.61867399197945,burst,0.6035840213298798,0.6049280166625977,True,1710 1710 1710 1710 1710 1710 1710 1710 1710 1710 1710 1710 1710 1710 1710,False,3725.9156463999325,"measured on this device: NVIDIA GH200 480GB (measured), 3725.9 GB/s (triad pattern)",13.0,580.105.08,True,1,49f219808863cc3515979babf6eaed123d73f876,NVIDIA GH200 480GB,192-222-51-63,"scripts/clock_elasticity.py: bursts of N back-to-back fused_experts calls under one pinned tile, each call L2-flushed and bracketed by its own pre-primed event pair, the FIRST call of every burst discarded as a drained-queue launch, a host-side idle gap after each burst setting the sustained duty cycle, and the SM clock, board power and memory clock read through NVML with the burst still in flight; NOT timing.TIMING_BASIS | duty 0.25 | each idle gap sized from its own burst (gap_basis burst)",,iters=supplied as None; sglang=package not installed,1,3.12.15,176.58886931557572,"measured on this device: NVIDIA GH200 480GB (measured), 658.0 TFLOP/s bf16 over 3725.9 GB/s (triad pattern); calibrated 2026-10-06 at 49f21980",,200.0,2.13.0,3.7.1,2026-10-06T08:52:02+00:00,0.27.1,300.0
private,2,32,6,192,1536,6,576,0.8960959911346436,0.8912000060081482,0.001669103623878281,220,3,324.0866885781288,"scripts/clock_elasticity.py: bursts of N back-to-back fused_experts calls under one pinned tile, each call L2-flushed and bracketed by its own pre-primed event pair, the FIRST call of every burst discarded as a drained-queue launch, a host-side idle gap after each burst setting the sustained duty cycle, and the SM clock, board power and memory clock read through NVML with the burst still in flight; NOT timing.TIMING_BASIS",1710.0,False,high,True,True,ok,"LEVEL HIGH (recorded, never an exclusion here): loaded clock 1710 MHz against the 1455 MHz reference. At a duty cycle below 1.0 a HIGH reading is the experiment working, not a cell to drop.",0.25,264.88,0.24989742454085598,45,117.716315001162,burst,0.8960319757461548,0.8959680199623108,True,1710 1710 1710 1710 1710 1710 1710 1710 1710 1710 1710 1710 1710 1710 1710,False,3725.9156463999325,"measured on this device: NVIDIA GH200 480GB (measured), 3725.9 GB/s (triad pattern)",13.0,580.105.08,True,1,49f219808863cc3515979babf6eaed123d73f876,NVIDIA GH200 480GB,192-222-51-63,"scripts/clock_elasticity.py: bursts of N back-to-back fused_experts calls under one pinned tile, each call L2-flushed and bracketed by its own pre-primed event pair, the FIRST call of every burst discarded as a drained-queue launch, a host-side idle gap after each burst setting the sustained duty cycle, and the SM clock, board power and memory clock read through NVML with the burst still in flight; NOT timing.TIMING_BASIS | duty 0.25 | each idle gap sized from its own burst (gap_basis burst)",,iters=supplied as None; sglang=package not installed,1,3.12.15,176.58886931557572,"measured on this device: NVIDIA GH200 480GB (measured), 658.0 TFLOP/s bf16 over 3725.9 GB/s (triad pattern); calibrated 2026-10-06 at 49f21980",,200.0,2.13.0,3.7.1,2026-10-06T08:52:02+00:00,0.27.1,300.0
native,2,32,6,192,1536,1,64,0.6834239959716797,0.6761919856071472,0.0025195522108351297,290,3,324.01017594337463,"scripts/clock_elasticity.py: bursts of N back-to-back fused_experts calls under one pinned tile, each call L2-flushed and bracketed by its own pre-primed event pair, the FIRST call of every burst discarded as a drained-queue launch, a host-side idle gap after each burst setting the sustained duty cycle, and the SM clock, board power and memory clock read through NVML with the burst still in flight; NOT timing.TIMING_BASIS",1710.0,False,high,True,True,ok,"LEVEL HIGH (recorded, never an exclusion here): loaded clock 1710 MHz against the 1455 MHz reference. At a duty cycle below 1.0 a HIGH reading is the experiment working, not a cell to drop.",0.25,250.227,0.2498990098849785,59,116.61297919142089,burst,0.6839199960231781,0.6834239959716797,True,1710 1710 1710 1710 1710 1710 1710 1710 1710 1710 1710 1710 1710 1710 1710,False,3725.9156463999325,"measured on this device: NVIDIA GH200 480GB (measured), 3725.9 GB/s (triad pattern)",13.0,580.105.08,True,1,49f219808863cc3515979babf6eaed123d73f876,NVIDIA GH200 480GB,192-222-51-63,"scripts/clock_elasticity.py: bursts of N back-to-back fused_experts calls under one pinned tile, each call L2-flushed and bracketed by its own pre-primed event pair, the FIRST call of every burst discarded as a drained-queue launch, a host-side idle gap after each burst setting the sustained duty cycle, and the SM clock, board power and memory clock read through NVML with the burst still in flight; NOT timing.TIMING_BASIS | duty 0.25 | each idle gap sized from its own burst (gap_basis burst)",,iters=supplied as None; sglang=package not installed,1,3.12.15,176.58886931557572,"measured on this device: NVIDIA GH200 480GB (measured), 658.0 TFLOP/s bf16 over 3725.9 GB/s (triad pattern); calibrated 2026-10-06 at 49f21980",,200.0,2.13.0,3.7.1,2026-10-06T08:52:02+00:00,0.27.1,300.0
shared,2,32,6,192,1536,1,576,0.7125440239906311,0.7058560252189636,0.0028936551528586066,275,3,320.6333130002022,"scripts/clock_elasticity.py: bursts of N back-to-back fused_experts calls under one pinned tile, each call L2-flushed and bracketed by its own pre-primed event pair, the FIRST call of every burst discarded as a drained-queue launch, a host-side idle gap after each burst setting the sustained duty cycle, and the SM clock, board power and memory clock read through NVML with the burst still in flight; NOT timing.TIMING_BASIS",1710.0,False,high,True,True,ok,"LEVEL HIGH (recorded, never an exclusion here): loaded clock 1710 MHz against the 1455 MHz reference. At a duty cycle below 1.0 a HIGH reading is the experiment working, not a cell to drop.",0.25,242.322,0.2498965753256425,56,115.45516058875363,burst,0.712224006652832,0.7118719816207886,True,1710 1710 1710 1710 1710 1710 1710 1710 1710 1710 1710 1710 1710 1710 1710,False,3725.9156463999325,"measured on this device: NVIDIA GH200 480GB (measured), 3725.9 GB/s (triad pattern)",13.0,580.105.08,True,1,49f219808863cc3515979babf6eaed123d73f876,NVIDIA GH200 480GB,192-222-51-63,"scripts/clock_elasticity.py: bursts of N back-to-back fused_experts calls under one pinned tile, each call L2-flushed and bracketed by its own pre-primed event pair, the FIRST call of every burst discarded as a drained-queue launch, a host-side idle gap after each burst setting the sustained duty cycle, and the SM clock, board power and memory clock read through NVML with the burst still in flight; NOT timing.TIMING_BASIS | duty 0.25 | each idle gap sized from its own burst (gap_basis burst)",,iters=supplied as None; sglang=package not installed,1,3.12.15,176.58886931557572,"measured on this device: NVIDIA GH200 480GB (measured), 658.0 TFLOP/s bf16 over 3725.9 GB/s (triad pattern); calibrated 2026-10-06 at 49f21980",,200.0,2.13.0,3.7.1,2026-10-06T08:52:02+00:00,0.27.1,300.0
private,2,32,7,224,1792,7,576,1.0353920459747314,1.0303360223770142,0.0017727414812550783,190,3,324.2605119943619,"scripts/clock_elasticity.py: bursts of N back-to-back fused_experts calls under one pinned tile, each call L2-flushed and bracketed by its own pre-primed event pair, the FIRST call of every burst discarded as a drained-queue launch, a host-side idle gap after each burst setting the sustained duty cycle, and the SM clock, board power and memory clock read through NVML with the burst still in flight; NOT timing.TIMING_BASIS",1710.0,False,high,True,True,ok,"LEVEL HIGH (recorded, never an exclusion here): loaded clock 1710 MHz against the 1455 MHz reference. At a duty cycle below 1.0 a HIGH reading is the experiment working, not a cell to drop.",0.25,265.237,0.24989652263437195,39,118.3848294958443,burst,1.0354559421539307,1.0351999998092651,True,1710 1710 1710 1710 1710 1710 1710 1710 1710 1710 1710 1710 1710 1710 1710,False,3725.9156463999325,"measured on this device: NVIDIA GH200 480GB (measured), 3725.9 GB/s (triad pattern)",13.0,580.105.08,True,1,49f219808863cc3515979babf6eaed123d73f876,NVIDIA GH200 480GB,192-222-51-63,"scripts/clock_elasticity.py: bursts of N back-to-back fused_experts calls under one pinned tile, each call L2-flushed and bracketed by its own pre-primed event pair, the FIRST call of every burst discarded as a drained-queue launch, a host-side idle gap after each burst setting the sustained duty cycle, and the SM clock, board power and memory clock read through NVML with the burst still in flight; NOT timing.TIMING_BASIS | duty 0.25 | each idle gap sized from its own burst (gap_basis burst)",,iters=supplied as None; sglang=package not installed,1,3.12.15,176.58886931557572,"measured on this device: NVIDIA GH200 480GB (measured), 658.0 TFLOP/s bf16 over 3725.9 GB/s (triad pattern); calibrated 2026-10-06 at 49f21980",,200.0,2.13.0,3.7.1,2026-10-06T08:52:02+00:00,0.27.1,300.0
native,2,32,7,224,1792,1,64,0.7815039753913879,0.7741119861602783,0.0025274607499475707,250,3,320.1650877594948,"scripts/clock_elasticity.py: bursts of N back-to-back fused_experts calls under one pinned tile, each call L2-flushed and bracketed by its own pre-primed event pair, the FIRST call of every burst discarded as a drained-queue launch, a host-side idle gap after each burst setting the sustained duty cycle, and the SM clock, board power and memory clock read through NVML with the burst still in flight; NOT timing.TIMING_BASIS",1710.0,False,high,True,True,ok,"LEVEL HIGH (recorded, never an exclusion here): loaded clock 1710 MHz against the 1455 MHz reference. At a duty cycle below 1.0 a HIGH reading is the experiment working, not a cell to drop.",0.25,246.323,0.24990028115150933,51,115.82636214759259,burst,0.780271977186203,0.7818399965763092,True,1710 1710 1710 1710 1710 1710 1710 1710 1710 1710 1710 1710 1710 1710 1710,False,3725.9156463999325,"measured on this device: NVIDIA GH200 480GB (measured), 3725.9 GB/s (triad pattern)",13.0,580.105.08,True,1,49f219808863cc3515979babf6eaed123d73f876,NVIDIA GH200 480GB,192-222-51-63,"scripts/clock_elasticity.py: bursts of N back-to-back fused_experts calls under one pinned tile, each call L2-flushed and bracketed by its own pre-primed event pair, the FIRST call of every burst discarded as a drained-queue launch, a host-side idle gap after each burst setting the sustained duty cycle, and the SM clock, board power and memory clock read through NVML with the burst still in flight; NOT timing.TIMING_BASIS | duty 0.25 | each idle gap sized from its own burst (gap_basis burst)",,iters=supplied as None; sglang=package not installed,1,3.12.15,176.58886931557572,"measured on this device: NVIDIA GH200 480GB (measured), 658.0 TFLOP/s bf16 over 3725.9 GB/s (triad pattern); calibrated 2026-10-06 at 49f21980",,200.0,2.13.0,3.7.1,2026-10-06T08:52:02+00:00,0.27.1,300.0
shared,2,32,7,224,1792,1,576,0.8130239844322205,0.805184006690979,0.0030050582671333247,240,3,320.2762874364853,"scripts/clock_elasticity.py: bursts of N back-to-back fused_experts calls under one pinned tile, each call L2-flushed and bracketed by its own pre-primed event pair, the FIRST call of every burst discarded as a drained-queue launch, a host-side idle gap after each burst setting the sustained duty cycle, and the SM clock, board power and memory clock read through NVML with the burst still in flight; NOT timing.TIMING_BASIS",1710.0,False,high,True,True,ok,"LEVEL HIGH (recorded, never an exclusion here): loaded clock 1710 MHz against the 1455 MHz reference. At a duty cycle below 1.0 a HIGH reading is the experiment working, not a cell to drop.",0.25,243.552,0.24989562792557052,49,115.98885965434602,burst,0.8137440085411072,0.812144011259079,True,1710 1710 1710 1710 1710 1710 1710 1710 1710 1710 1710 1710 1710 1710 1710,False,3725.9156463999325,"measured on this device: NVIDIA GH200 480GB (measured), 3725.9 GB/s (triad pattern)",13.0,580.105.08,True,1,49f219808863cc3515979babf6eaed123d73f876,NVIDIA GH200 480GB,192-222-51-63,"scripts/clock_elasticity.py: bursts of N back-to-back fused_experts calls under one pinned tile, each call L2-flushed and bracketed by its own pre-primed event pair, the FIRST call of every burst discarded as a drained-queue launch, a host-side idle gap after each burst setting the sustained duty cycle, and the SM clock, board power and memory clock read through NVML with the burst still in flight; NOT timing.TIMING_BASIS | duty 0.25 | each idle gap sized from its own burst (gap_basis burst)",,iters=supplied as None; sglang=package not installed,1,3.12.15,176.58886931557572,"measured on this device: NVIDIA GH200 480GB (measured), 658.0 TFLOP/s bf16 over 3725.9 GB/s (triad pattern); calibrated 2026-10-06 at 49f21980",,200.0,2.13.0,3.7.1,2026-10-06T08:52:02+00:00,0.27.1,300.0
private,2,32,8,256,2048,8,576,1.1745280027389526,1.1693439483642578,0.0017919014085298268,165,3,320.57526421546936,"scripts/clock_elasticity.py: bursts of N back-to-back fused_experts calls under one pinned tile, each call L2-flushed and bracketed by its own pre-primed event pair, the FIRST call of every burst discarded as a drained-queue launch, a host-side idle gap after each burst setting the sustained duty cycle, and the SM clock, board power and memory clock read through NVML with the burst still in flight; NOT timing.TIMING_BASIS",1710.0,False,high,True,True,ok,"LEVEL HIGH (recorded, never an exclusion here): loaded clock 1710 MHz against the 1455 MHz reference. At a duty cycle below 1.0 a HIGH reading is the experiment working, not a cell to drop.",0.25,264.634,0.24989394702122536,34,117.5324818316367,burst,1.1747360229492188,1.1744799613952637,True,1710 1710 1710 1710 1710 1710 1710 1710 1710 1710 1710 1710 1710 1710 1710,False,3725.9156463999325,"measured on this device: NVIDIA GH200 480GB (measured), 3725.9 GB/s (triad pattern)",13.0,580.105.08,True,1,49f219808863cc3515979babf6eaed123d73f876,NVIDIA GH200 480GB,192-222-51-63,"scripts/clock_elasticity.py: bursts of N back-to-back fused_experts calls under one pinned tile, each call L2-flushed and bracketed by its own pre-primed event pair, the FIRST call of every burst discarded as a drained-queue launch, a host-side idle gap after each burst setting the sustained duty cycle, and the SM clock, board power and memory clock read through NVML with the burst still in flight; NOT timing.TIMING_BASIS | duty 0.25 | each idle gap sized from its own burst (gap_basis burst)",,iters=supplied as None; sglang=package not installed,1,3.12.15,176.58886931557572,"measured on this device: NVIDIA GH200 480GB (measured), 658.0 TFLOP/s bf16 over 3725.9 GB/s (triad pattern); calibrated 2026-10-06 at 49f21980",,200.0,2.13.0,3.7.1,2026-10-06T08:52:02+00:00,0.27.1,300.0
native,2,32,8,256,2048,1,64,0.8897600173950195,0.8833600282669067,0.003206134563551474,220,3,321.5869759321213,"scripts/clock_elasticity.py: bursts of N back-to-back fused_experts calls under one pinned tile, each call L2-flushed and bracketed by its own pre-primed event pair, the FIRST call of every burst discarded as a drained-queue launch, a host-side idle gap after each burst setting the sustained duty cycle, and the SM clock, board power and memory clock read through NVML with the burst still in flight; NOT timing.TIMING_BASIS",1710.0,False,high,True,True,ok,"LEVEL HIGH (recorded, never an exclusion here): loaded clock 1710 MHz against the 1455 MHz reference. At a duty cycle below 1.0 a HIGH reading is the experiment working, not a cell to drop.",0.25,247.486,0.24989415877447876,45,116.98642780012597,burst,0.8905280232429504,0.8895679712295532,True,1710 1710 1710 1710 1710 1710 1710 1710 1710 1710 1710 1710 1710 1710 1710,False,3725.9156463999325,"measured on this device: NVIDIA GH200 480GB (measured), 3725.9 GB/s (triad pattern)",13.0,580.105.08,True,1,49f219808863cc3515979babf6eaed123d73f876,NVIDIA GH200 480GB,192-222-51-63,"scripts/clock_elasticity.py: bursts of N back-to-back fused_experts calls under one pinned tile, each call L2-flushed and bracketed by its own pre-primed event pair, the FIRST call of every burst discarded as a drained-queue launch, a host-side idle gap after each burst setting the sustained duty cycle, and the SM clock, board power and memory clock read through NVML with the burst still in flight; NOT timing.TIMING_BASIS | duty 0.25 | each idle gap sized from its own burst (gap_basis burst)",,iters=supplied as None; sglang=package not installed,1,3.12.15,176.58886931557572,"measured on this device: NVIDIA GH200 480GB (measured), 658.0 TFLOP/s bf16 over 3725.9 GB/s (triad pattern); calibrated 2026-10-06 at 49f21980",,200.0,2.13.0,3.7.1,2026-10-06T08:52:02+00:00,0.27.1,300.0
shared,2,32,8,256,2048,1,576,0.9219520092010498,0.9127680063247681,0.003089460124007085,210,3,318.45398354530334,"scripts/clock_elasticity.py: bursts of N back-to-back fused_experts calls under one pinned tile, each call L2-flushed and bracketed by its own pre-primed event pair, the FIRST call of every burst discarded as a drained-queue launch, a host-side idle gap after each burst setting the sustained duty cycle, and the SM clock, board power and memory clock read through NVML with the burst still in flight; NOT timing.TIMING_BASIS",1710.0,False,high,True,True,ok,"LEVEL HIGH (recorded, never an exclusion here): loaded clock 1710 MHz against the 1455 MHz reference. At a duty cycle below 1.0 a HIGH reading is the experiment working, not a cell to drop.",0.25,244.273,0.2499012024950835,43,115.90390380356985,burst,0.9220960140228271,0.9220639765262604,True,1710 1710 1710 1710 1710 1710 1710 1710 1710 1710 1710 1710 1710 1710 1710,False,3725.9156463999325,"measured on this device: NVIDIA GH200 480GB (measured), 3725.9 GB/s (triad pattern)",13.0,580.105.08,True,1,49f219808863cc3515979babf6eaed123d73f876,NVIDIA GH200 480GB,192-222-51-63,"scripts/clock_elasticity.py: bursts of N back-to-back fused_experts calls under one pinned tile, each call L2-flushed and bracketed by its own pre-primed event pair, the FIRST call of every burst discarded as a drained-queue launch, a host-side idle gap after each burst setting the sustained duty cycle, and the SM clock, board power and memory clock read through NVML with the burst still in flight; NOT timing.TIMING_BASIS | duty 0.25 | each idle gap sized from its own burst (gap_basis burst)",,iters=supplied as None; sglang=package not installed,1,3.12.15,176.58886931557572,"measured on this device: NVIDIA GH200 480GB (measured), 658.0 TFLOP/s bf16 over 3725.9 GB/s (triad pattern); calibrated 2026-10-06 at 49f21980",,200.0,2.13.0,3.7.1,2026-10-06T08:52:02+00:00,0.27.1,300.0
private,2,32,9,288,2304,9,576,1.31660795211792,1.311743974685669,0.001946552359258807,145,3,317.27926337718964,"scripts/clock_elasticity.py: bursts of N back-to-back fused_experts calls under one pinned tile, each call L2-flushed and bracketed by its own pre-primed event pair, the FIRST call of every burst discarded as a drained-queue launch, a host-side idle gap after each burst setting the sustained duty cycle, and the SM clock, board power and memory clock read through NVML with the burst still in flight; NOT timing.TIMING_BASIS",1710.0,False,high,True,True,ok,"LEVEL HIGH (recorded, never an exclusion here): loaded clock 1710 MHz against the 1455 MHz reference. At a duty cycle below 1.0 a HIGH reading is the experiment working, not a cell to drop.",0.25,267.343,0.24989430066024232,30,116.51517729029001,burst,1.3168319463729858,1.3160959482192993,True,1710 1710 1710 1710 1710 1710 1710 1710 1710 1710 1710 1710 1710 1710 1710,False,3725.9156463999325,"measured on this device: NVIDIA GH200 480GB (measured), 3725.9 GB/s (triad pattern)",13.0,580.105.08,True,1,49f219808863cc3515979babf6eaed123d73f876,NVIDIA GH200 480GB,192-222-51-63,"scripts/clock_elasticity.py: bursts of N back-to-back fused_experts calls under one pinned tile, each call L2-flushed and bracketed by its own pre-primed event pair, the FIRST call of every burst discarded as a drained-queue launch, a host-side idle gap after each burst setting the sustained duty cycle, and the SM clock, board power and memory clock read through NVML with the burst still in flight; NOT timing.TIMING_BASIS | duty 0.25 | each idle gap sized from its own burst (gap_basis burst)",,iters=supplied as None; sglang=package not installed,1,3.12.15,176.58886931557572,"measured on this device: NVIDIA GH200 480GB (measured), 658.0 TFLOP/s bf16 over 3725.9 GB/s (triad pattern); calibrated 2026-10-06 at 49f21980",,200.0,2.13.0,3.7.1,2026-10-06T08:52:02+00:00,0.27.1,300.0
native,2,32,9,288,2304,1,64,0.9965760111808777,0.9888319969177246,0.003048538338718838,195,3,320.40595257282257,"scripts/clock_elasticity.py: bursts of N back-to-back fused_experts calls under one pinned tile, each call L2-flushed and bracketed by its own pre-primed event pair, the FIRST call of every burst discarded as a drained-queue launch, a host-side idle gap after each burst setting the sustained duty cycle, and the SM clock, board power and memory clock read through NVML with the burst still in flight; NOT timing.TIMING_BASIS",1710.0,False,high,True,True,ok,"LEVEL HIGH (recorded, never an exclusion here): loaded clock 1710 MHz against the 1455 MHz reference. At a duty cycle below 1.0 a HIGH reading is the experiment working, not a cell to drop.",0.25,244.065,0.24989614143071767,40,116.81980871853013,burst,0.9973120093345642,0.996832013130188,True,1710 1710 1710 1710 1710 1710 1710 1710 1710 1710 1710 1710 1710 1710 1710,False,3725.9156463999325,"measured on this device: NVIDIA GH200 480GB (measured), 3725.9 GB/s (triad pattern)",13.0,580.105.08,True,1,49f219808863cc3515979babf6eaed123d73f876,NVIDIA GH200 480GB,192-222-51-63,"scripts/clock_elasticity.py: bursts of N back-to-back fused_experts calls under one pinned tile, each call L2-flushed and bracketed by its own pre-primed event pair, the FIRST call of every burst discarded as a drained-queue launch, a host-side idle gap after each burst setting the sustained duty cycle, and the SM clock, board power and memory clock read through NVML with the burst still in flight; NOT timing.TIMING_BASIS | duty 0.25 | each idle gap sized from its own burst (gap_basis burst)",,iters=supplied as None; sglang=package not installed,1,3.12.15,176.58886931557572,"measured on this device: NVIDIA GH200 480GB (measured), 658.0 TFLOP/s bf16 over 3725.9 GB/s (triad pattern); calibrated 2026-10-06 at 49f21980",,200.0,2.13.0,3.7.1,2026-10-06T08:52:02+00:00,0.27.1,300.0
shared,2,32,9,288,2304,1,576,1.0296319723129272,1.022271990776062,0.0037455098087996906,190,3,322.5768322944641,"scripts/clock_elasticity.py: bursts of N back-to-back fused_experts calls under one pinned tile, each call L2-flushed and bracketed by its own pre-primed event pair, the FIRST call of every burst discarded as a drained-queue launch, a host-side idle gap after each burst setting the sustained duty cycle, and the SM clock, board power and memory clock read through NVML with the burst still in flight; NOT timing.TIMING_BASIS",1710.0,False,high,True,True,ok,"LEVEL HIGH (recorded, never an exclusion here): loaded clock 1710 MHz against the 1455 MHz reference. At a duty cycle below 1.0 a HIGH reading is the experiment working, not a cell to drop.",0.25,242.762,0.2498961611658374,39,117.77465318141914,burst,1.0295679569244385,1.0298240184783936,True,1710 1710 1710 1710 1710 1710 1710 1710 1710 1710 1710 1710 1710 1710 1710,False,3725.9156463999325,"measured on this device: NVIDIA GH200 480GB (measured), 3725.9 GB/s (triad pattern)",13.0,580.105.08,True,1,49f219808863cc3515979babf6eaed123d73f876,NVIDIA GH200 480GB,192-222-51-63,"scripts/clock_elasticity.py: bursts of N back-to-back fused_experts calls under one pinned tile, each call L2-flushed and bracketed by its own pre-primed event pair, the FIRST call of every burst discarded as a drained-queue launch, a host-side idle gap after each burst setting the sustained duty cycle, and the SM clock, board power and memory clock read through NVML with the burst still in flight; NOT timing.TIMING_BASIS | duty 0.25 | each idle gap sized from its own burst (gap_basis burst)",,iters=supplied as None; sglang=package not installed,1,3.12.15,176.58886931557572,"measured on this device: NVIDIA GH200 480GB (measured), 658.0 TFLOP/s bf16 over 3725.9 GB/s (triad pattern); calibrated 2026-10-06 at 49f21980",,200.0,2.13.0,3.7.1,2026-10-06T08:52:02+00:00,0.27.1,300.0
native,3,32,9,288,2304,1,64,0.9965440034866333,0.9872000217437744,0.0034652407982163494,195,3,320.4235838651657,"scripts/clock_elasticity.py: bursts of N back-to-back fused_experts calls under one pinned tile, each call L2-flushed and bracketed by its own pre-primed event pair, the FIRST call of every burst discarded as a drained-queue launch, a host-side idle gap after each burst setting the sustained duty cycle, and the SM clock, board power and memory clock read through NVML with the burst still in flight; NOT timing.TIMING_BASIS",1710.0,False,high,True,True,ok,"LEVEL HIGH (recorded, never an exclusion here): loaded clock 1710 MHz against the 1455 MHz reference. At a duty cycle below 1.0 a HIGH reading is the experiment working, not a cell to drop.",0.25,241.409,0.24989665608740813,40,116.73817607764067,burst,0.9979519844055176,0.9966080188751221,True,1710 1710 1710 1710 1710 1710 1710 1710 1710 1710 1710 1710 1710 1710 1710,False,3725.9156463999325,"measured on this device: NVIDIA GH200 480GB (measured), 3725.9 GB/s (triad pattern)",13.0,580.105.08,True,1,49f219808863cc3515979babf6eaed123d73f876,NVIDIA GH200 480GB,192-222-51-63,"scripts/clock_elasticity.py: bursts of N back-to-back fused_experts calls under one pinned tile, each call L2-flushed and bracketed by its own pre-primed event pair, the FIRST call of every burst discarded as a drained-queue launch, a host-side idle gap after each burst setting the sustained duty cycle, and the SM clock, board power and memory clock read through NVML with the burst still in flight; NOT timing.TIMING_BASIS | duty 0.25 | each idle gap sized from its own burst (gap_basis burst)",,iters=supplied as None; sglang=package not installed,1,3.12.15,176.58886931557572,"measured on this device: NVIDIA GH200 480GB (measured), 658.0 TFLOP/s bf16 over 3725.9 GB/s (triad pattern); calibrated 2026-10-06 at 49f21980",,200.0,2.13.0,3.7.1,2026-10-06T08:52:02+00:00,0.27.1,300.0
shared,3,32,9,288,2304,1,576,1.0302560329437256,1.0234559774398804,0.0033822780918359727,190,3,322.4720643758774,"scripts/clock_elasticity.py: bursts of N back-to-back fused_experts calls under one pinned tile, each call L2-flushed and bracketed by its own pre-primed event pair, the FIRST call of every burst discarded as a drained-queue launch, a host-side idle gap after each burst setting the sustained duty cycle, and the SM clock, board power and memory clock read through NVML with the burst still in flight; NOT timing.TIMING_BASIS",1710.0,False,high,True,True,ok,"LEVEL HIGH (recorded, never an exclusion here): loaded clock 1710 MHz against the 1455 MHz reference. At a duty cycle below 1.0 a HIGH reading is the experiment working, not a cell to drop.",0.25,242.987,0.24989589249666802,39,117.81874995520775,burst,1.0309120416641235,1.031008005142212,True,1710 1710 1710 1710 1710 1710 1710 1710 1710 1710 1710 1710 1710 1710 1710,False,3725.9156463999325,"measured on this device: NVIDIA GH200 480GB (measured), 3725.9 GB/s (triad pattern)",13.0,580.105.08,True,1,49f219808863cc3515979babf6eaed123d73f876,NVIDIA GH200 480GB,192-222-51-63,"scripts/clock_elasticity.py: bursts of N back-to-back fused_experts calls under one pinned tile, each call L2-flushed and bracketed by its own pre-primed event pair, the FIRST call of every burst discarded as a drained-queue launch, a host-side idle gap after each burst setting the sustained duty cycle, and the SM clock, board power and memory clock read through NVML with the burst still in flight; NOT timing.TIMING_BASIS | duty 0.25 | each idle gap sized from its own burst (gap_basis burst)",,iters=supplied as None; sglang=package not installed,1,3.12.15,176.58886931557572,"measured on this device: NVIDIA GH200 480GB (measured), 658.0 TFLOP/s bf16 over 3725.9 GB/s (triad pattern); calibrated 2026-10-06 at 49f21980",,200.0,2.13.0,3.7.1,2026-10-06T08:52:02+00:00,0.27.1,300.0
private,3,32,9,288,2304,9,576,1.3171520233154297,1.3110079765319824,0.001885987279170539,145,3,317.4298549890518,"scripts/clock_elasticity.py: bursts of N back-to-back fused_experts calls under one pinned tile, each call L2-flushed and bracketed by its own pre-primed event pair, the FIRST call of every burst discarded as a drained-queue launch, a host-side idle gap after each burst setting the sustained duty cycle, and the SM clock, board power and memory clock read through NVML with the burst still in flight; NOT timing.TIMING_BASIS",1710.0,False,high,True,True,ok,"LEVEL HIGH (recorded, never an exclusion here): loaded clock 1710 MHz against the 1455 MHz reference. At a duty cycle below 1.0 a HIGH reading is the experiment working, not a cell to drop.",0.25,265.721,0.24989668923818525,30,116.55527144090594,burst,1.3165440559387207,1.3170559406280518,True,1710 1710 1710 1710 1710 1710 1710 1710 1710 1710 1710 1710 1710 1710 1710,False,3725.9156463999325,"measured on this device: NVIDIA GH200 480GB (measured), 3725.9 GB/s (triad pattern)",13.0,580.105.08,True,1,49f219808863cc3515979babf6eaed123d73f876,NVIDIA GH200 480GB,192-222-51-63,"scripts/clock_elasticity.py: bursts of N back-to-back fused_experts calls under one pinned tile, each call L2-flushed and bracketed by its own pre-primed event pair, the FIRST call of every burst discarded as a drained-queue launch, a host-side idle gap after each burst setting the sustained duty cycle, and the SM clock, board power and memory clock read through NVML with the burst still in flight; NOT timing.TIMING_BASIS | duty 0.25 | each idle gap sized from its own burst (gap_basis burst)",,iters=supplied as None; sglang=package not installed,1,3.12.15,176.58886931557572,"measured on this device: NVIDIA GH200 480GB (measured), 658.0 TFLOP/s bf16 over 3725.9 GB/s (triad pattern); calibrated 2026-10-06 at 49f21980",,200.0,2.13.0,3.7.1,2026-10-06T08:52:02+00:00,0.27.1,300.0
native,3,32,8,256,2048,1,64,0.8888799846172333,0.8813120126724243,0.0033115868112093953,220,3,321.63935923576355,"scripts/clock_elasticity.py: bursts of N back-to-back fused_experts calls under one pinned tile, each call L2-flushed and bracketed by its own pre-primed event pair, the FIRST call of every burst discarded as a drained-queue launch, a host-side idle gap after each burst setting the sustained duty cycle, and the SM clock, board power and memory clock read through NVML with the burst still in flight; NOT timing.TIMING_BASIS",1710.0,False,high,True,True,ok,"LEVEL HIGH (recorded, never an exclusion here): loaded clock 1710 MHz against the 1455 MHz reference. At a duty cycle below 1.0 a HIGH reading is the experiment working, not a cell to drop.",0.25,247.146,0.24989515758487688,45,116.7951333795354,burst,0.8895679712295532,0.8889279961585999,True,1710 1710 1710 1710 1710 1710 1710 1710 1710 1710 1710 1710 1710 1710 1710,False,3725.9156463999325,"measured on this device: NVIDIA GH200 480GB (measured), 3725.9 GB/s (triad pattern)",13.0,580.105.08,True,1,49f219808863cc3515979babf6eaed123d73f876,NVIDIA GH200 480GB,192-222-51-63,"scripts/clock_elasticity.py: bursts of N back-to-back fused_experts calls under one pinned tile, each call L2-flushed and bracketed by its own pre-primed event pair, the FIRST call of every burst discarded as a drained-queue launch, a host-side idle gap after each burst setting the sustained duty cycle, and the SM clock, board power and memory clock read through NVML with the burst still in flight; NOT timing.TIMING_BASIS | duty 0.25 | each idle gap sized from its own burst (gap_basis burst)",,iters=supplied as None; sglang=package not installed,1,3.12.15,176.58886931557572,"measured on this device: NVIDIA GH200 480GB (measured), 658.0 TFLOP/s bf16 over 3725.9 GB/s (triad pattern); calibrated 2026-10-06 at 49f21980",,200.0,2.13.0,3.7.1,2026-10-06T08:52:02+00:00,0.27.1,300.0
shared,3,32,8,256,2048,1,576,0.9222720265388489,0.9151679873466492,0.0023555911691644643,215,3,325.7630720734596,"scripts/clock_elasticity.py: bursts of N back-to-back fused_experts calls under one pinned tile, each call L2-flushed and bracketed by its own pre-primed event pair, the FIRST call of every burst discarded as a drained-queue launch, a host-side idle gap after each burst setting the sustained duty cycle, and the SM clock, board power and memory clock read through NVML with the burst still in flight; NOT timing.TIMING_BASIS",1710.0,False,high,True,True,ok,"LEVEL HIGH (recorded, never an exclusion here): loaded clock 1710 MHz against the 1455 MHz reference. At a duty cycle below 1.0 a HIGH reading is the experiment working, not a cell to drop.",0.25,245.002,0.2498996344077559,44,118.68997816069896,burst,0.9223679900169373,0.9223519861698151,True,1710 1710 1710 1710 1710 1710 1710 1710 1710 1710 1710 1710 1710 1710 1710,False,3725.9156463999325,"measured on this device: NVIDIA GH200 480GB (measured), 3725.9 GB/s (triad pattern)",13.0,580.105.08,True,1,49f219808863cc3515979babf6eaed123d73f876,NVIDIA GH200 480GB,192-222-51-63,"scripts/clock_elasticity.py: bursts of N back-to-back fused_experts calls under one pinned tile, each call L2-flushed and bracketed by its own pre-primed event pair, the FIRST call of every burst discarded as a drained-queue launch, a host-side idle gap after each burst setting the sustained duty cycle, and the SM clock, board power and memory clock read through NVML with the burst still in flight; NOT timing.TIMING_BASIS | duty 0.25 | each idle gap sized from its own burst (gap_basis burst)",,iters=supplied as None; sglang=package not installed,1,3.12.15,176.58886931557572,"measured on this device: NVIDIA GH200 480GB (measured), 658.0 TFLOP/s bf16 over 3725.9 GB/s (triad pattern); calibrated 2026-10-06 at 49f21980",,200.0,2.13.0,3.7.1,2026-10-06T08:52:02+00:00,0.27.1,300.0
private,3,32,8,256,2048,8,576,1.1737279891967773,1.168063998222351,0.0020051804455435336,165,3,320.8684470653534,"scripts/clock_elasticity.py: bursts of N back-to-back fused_experts calls under one pinned tile, each call L2-flushed and bracketed by its own pre-primed event pair, the FIRST call of every burst discarded as a drained-queue launch, a host-side idle gap after each burst setting the sustained duty cycle, and the SM clock, board power and memory clock read through NVML with the burst still in flight; NOT timing.TIMING_BASIS",1710.0,False,high,True,True,ok,"LEVEL HIGH (recorded, never an exclusion here): loaded clock 1710 MHz against the 1455 MHz reference. At a duty cycle below 1.0 a HIGH reading is the experiment working, not a cell to drop.",0.25,264.915,0.24989384913138812,34,117.42762052073522,burst,1.173695981502533,1.1736800074577332,True,1710 1710 1710 1710 1710 1710 1710 1710 1710 1710 1710 1710 1710 1710 1710,False,3725.9156463999325,"measured on this device: NVIDIA GH200 480GB (measured), 3725.9 GB/s (triad pattern)",13.0,580.105.08,True,1,49f219808863cc3515979babf6eaed123d73f876,NVIDIA GH200 480GB,192-222-51-63,"scripts/clock_elasticity.py: bursts of N back-to-back fused_experts calls under one pinned tile, each call L2-flushed and bracketed by its own pre-primed event pair, the FIRST call of every burst discarded as a drained-queue launch, a host-side idle gap after each burst setting the sustained duty cycle, and the SM clock, board power and memory clock read through NVML with the burst still in flight; NOT timing.TIMING_BASIS | duty 0.25 | each idle gap sized from its own burst (gap_basis burst)",,iters=supplied as None; sglang=package not installed,1,3.12.15,176.58886931557572,"measured on this device: NVIDIA GH200 480GB (measured), 658.0 TFLOP/s bf16 over 3725.9 GB/s (triad pattern); calibrated 2026-10-06 at 49f21980",,200.0,2.13.0,3.7.1,2026-10-06T08:52:02+00:00,0.27.1,300.0
native,3,32,7,224,1792,1,64,0.7823039889335632,0.7761920094490051,0.0027718687118233453,250,3,320.5335360765457,"scripts/clock_elasticity.py: bursts of N back-to-back fused_experts calls under one pinned tile, each call L2-flushed and bracketed by its own pre-primed event pair, the FIRST call of every burst discarded as a drained-queue launch, a host-side idle gap after each burst setting the sustained duty cycle, and the SM clock, board power and memory clock read through NVML with the burst still in flight; NOT timing.TIMING_BASIS",1710.0,False,high,True,True,ok,"LEVEL HIGH (recorded, never an exclusion here): loaded clock 1710 MHz against the 1455 MHz reference. At a duty cycle below 1.0 a HIGH reading is the experiment working, not a cell to drop.",0.25,244.725,0.24989789369987514,51,115.88357901425478,burst,0.782287985086441,0.7823039889335632,True,1710 1710 1710 1710 1710 1710 1710 1710 1710 1710 1710 1710 1710 1710 1710,False,3725.9156463999325,"measured on this device: NVIDIA GH200 480GB (measured), 3725.9 GB/s (triad pattern)",13.0,580.105.08,True,1,49f219808863cc3515979babf6eaed123d73f876,NVIDIA GH200 480GB,192-222-51-63,"scripts/clock_elasticity.py: bursts of N back-to-back fused_experts calls under one pinned tile, each call L2-flushed and bracketed by its own pre-primed event pair, the FIRST call of every burst discarded as a drained-queue launch, a host-side idle gap after each burst setting the sustained duty cycle, and the SM clock, board power and memory clock read through NVML with the burst still in flight; NOT timing.TIMING_BASIS | duty 0.25 | each idle gap sized from its own burst (gap_basis burst)",,iters=supplied as None; sglang=package not installed,1,3.12.15,176.58886931557572,"measured on this device: NVIDIA GH200 480GB (measured), 658.0 TFLOP/s bf16 over 3725.9 GB/s (triad pattern); calibrated 2026-10-06 at 49f21980",,200.0,2.13.0,3.7.1,2026-10-06T08:52:02+00:00,0.27.1,300.0
shared,3,32,7,224,1792,1,576,0.8136320114135742,0.8042240142822266,0.003277328469620449,240,3,319.8898558020592,"scripts/clock_elasticity.py: bursts of N back-to-back fused_experts calls under one pinned tile, each call L2-flushed and bracketed by its own pre-primed event pair, the FIRST call of every burst discarded as a drained-queue launch, a host-side idle gap after each burst setting the sustained duty cycle, and the SM clock, board power and memory clock read through NVML with the burst still in flight; NOT timing.TIMING_BASIS",1710.0,False,high,True,True,ok,"LEVEL HIGH (recorded, never an exclusion here): loaded clock 1710 MHz against the 1455 MHz reference. At a duty cycle below 1.0 a HIGH reading is the experiment working, not a cell to drop.",0.25,241.511,0.2498963571257647,49,116.03753192220756,burst,0.8139680027961731,0.8138400018215179,True,1710 1710 1710 1710 1710 1710 1710 1710 1710 1710 1710 1710 1710 1710 1710,False,3725.9156463999325,"measured on this device: NVIDIA GH200 480GB (measured), 3725.9 GB/s (triad pattern)",13.0,580.105.08,True,1,49f219808863cc3515979babf6eaed123d73f876,NVIDIA GH200 480GB,192-222-51-63,"scripts/clock_elasticity.py: bursts of N back-to-back fused_experts calls under one pinned tile, each call L2-flushed and bracketed by its own pre-primed event pair, the FIRST call of every burst discarded as a drained-queue launch, a host-side idle gap after each burst setting the sustained duty cycle, and the SM clock, board power and memory clock read through NVML with the burst still in flight; NOT timing.TIMING_BASIS | duty 0.25 | each idle gap sized from its own burst (gap_basis burst)",,iters=supplied as None; sglang=package not installed,1,3.12.15,176.58886931557572,"measured on this device: NVIDIA GH200 480GB (measured), 658.0 TFLOP/s bf16 over 3725.9 GB/s (triad pattern); calibrated 2026-10-06 at 49f21980",,200.0,2.13.0,3.7.1,2026-10-06T08:52:02+00:00,0.27.1,300.0
private,3,32,7,224,1792,7,576,1.035215973854065,1.0309760570526123,0.0018629248330962488,190,3,324.65743923187256,"scripts/clock_elasticity.py: bursts of N back-to-back fused_experts calls under one pinned tile, each call L2-flushed and bracketed by its own pre-primed event pair, the FIRST call of every burst discarded as a drained-queue launch, a host-side idle gap after each burst setting the sustained duty cycle, and the SM clock, board power and memory clock read through NVML with the burst still in flight; NOT timing.TIMING_BASIS",1710.0,False,high,True,True,ok,"LEVEL HIGH (recorded, never an exclusion here): loaded clock 1710 MHz against the 1455 MHz reference. At a duty cycle below 1.0 a HIGH reading is the experiment working, not a cell to drop.",0.25,265.508,0.249902010781648,39,118.34866793647234,burst,1.0349760055541992,1.0351680517196655,True,1710 1710 1710 1710 1710 1710 1710 1710 1710 1710 1710 1710 1710 1710 1710,False,3725.9156463999325,"measured on this device: NVIDIA GH200 480GB (measured), 3725.9 GB/s (triad pattern)",13.0,580.105.08,True,1,49f219808863cc3515979babf6eaed123d73f876,NVIDIA GH200 480GB,192-222-51-63,"scripts/clock_elasticity.py: bursts of N back-to-back fused_experts calls under one pinned tile, each call L2-flushed and bracketed by its own pre-primed event pair, the FIRST call of every burst discarded as a drained-queue launch, a host-side idle gap after each burst setting the sustained duty cycle, and the SM clock, board power and memory clock read through NVML with the burst still in flight; NOT timing.TIMING_BASIS | duty 0.25 | each idle gap sized from its own burst (gap_basis burst)",,iters=supplied as None; sglang=package not installed,1,3.12.15,176.58886931557572,"measured on this device: NVIDIA GH200 480GB (measured), 658.0 TFLOP/s bf16 over 3725.9 GB/s (triad pattern); calibrated 2026-10-06 at 49f21980",,200.0,2.13.0,3.7.1,2026-10-06T08:52:02+00:00,0.27.1,300.0
native,3,32,6,192,1536,1,64,0.6823359727859497,0.6775360107421875,0.0019964275142603663,290,3,323.7101752758026,"scripts/clock_elasticity.py: bursts of N back-to-back fused_experts calls under one pinned tile, each call L2-flushed and bracketed by its own pre-primed event pair, the FIRST call of every burst discarded as a drained-queue launch, a host-side idle gap after each burst setting the sustained duty cycle, and the SM clock, board power and memory clock read through NVML with the burst still in flight; NOT timing.TIMING_BASIS",1710.0,False,high,True,True,ok,"LEVEL HIGH (recorded, never an exclusion here): loaded clock 1710 MHz against the 1455 MHz reference. At a duty cycle below 1.0 a HIGH reading is the experiment working, not a cell to drop.",0.25,250.162,0.2498983402008445,59,116.36318770395884,burst,0.6820639967918396,0.6829279959201813,True,1710 1710 1710 1710 1710 1710 1710 1710 1710 1710 1710 1710 1710 1710 1710,False,3725.9156463999325,"measured on this device: NVIDIA GH200 480GB (measured), 3725.9 GB/s (triad pattern)",13.0,580.105.08,True,1,49f219808863cc3515979babf6eaed123d73f876,NVIDIA GH200 480GB,192-222-51-63,"scripts/clock_elasticity.py: bursts of N back-to-back fused_experts calls under one pinned tile, each call L2-flushed and bracketed by its own pre-primed event pair, the FIRST call of every burst discarded as a drained-queue launch, a host-side idle gap after each burst setting the sustained duty cycle, and the SM clock, board power and memory clock read through NVML with the burst still in flight; NOT timing.TIMING_BASIS | duty 0.25 | each idle gap sized from its own burst (gap_basis burst)",,iters=supplied as None; sglang=package not installed,1,3.12.15,176.58886931557572,"measured on this device: NVIDIA GH200 480GB (measured), 658.0 TFLOP/s bf16 over 3725.9 GB/s (triad pattern); calibrated 2026-10-06 at 49f21980",,200.0,2.13.0,3.7.1,2026-10-06T08:52:02+00:00,0.27.1,300.0
shared,3,32,6,192,1536,1,576,0.7133119702339172,0.7073919773101807,0.002877803716858267,275,3,320.5164802670479,"scripts/clock_elasticity.py: bursts of N back-to-back fused_experts calls under one pinned tile, each call L2-flushed and bracketed by its own pre-primed event pair, the FIRST call of every burst discarded as a drained-queue launch, a host-side idle gap after each burst setting the sustained duty cycle, and the SM clock, board power and memory clock read through NVML with the burst still in flight; NOT timing.TIMING_BASIS",1710.0,False,high,True,True,ok,"LEVEL HIGH (recorded, never an exclusion here): loaded clock 1710 MHz against the 1455 MHz reference. At a duty cycle below 1.0 a HIGH reading is the experiment working, not a cell to drop.",0.25,244.271,0.24989429739690963,56,115.68824616853817,burst,0.7128000259399414,0.7130240201950073,True,1710 1710 1710 1710 1710 1710 1710 1710 1710 1710 1710 1710 1710 1710 1710,False,3725.9156463999325,"measured on this device: NVIDIA GH200 480GB (measured), 3725.9 GB/s (triad pattern)",13.0,580.105.08,True,1,49f219808863cc3515979babf6eaed123d73f876,NVIDIA GH200 480GB,192-222-51-63,"scripts/clock_elasticity.py: bursts of N back-to-back fused_experts calls under one pinned tile, each call L2-flushed and bracketed by its own pre-primed event pair, the FIRST call of every burst discarded as a drained-queue launch, a host-side idle gap after each burst setting the sustained duty cycle, and the SM clock, board power and memory clock read through NVML with the burst still in flight; NOT timing.TIMING_BASIS | duty 0.25 | each idle gap sized from its own burst (gap_basis burst)",,iters=supplied as None; sglang=package not installed,1,3.12.15,176.58886931557572,"measured on this device: NVIDIA GH200 480GB (measured), 658.0 TFLOP/s bf16 over 3725.9 GB/s (triad pattern); calibrated 2026-10-06 at 49f21980",,200.0,2.13.0,3.7.1,2026-10-06T08:52:02+00:00,0.27.1,300.0
private,3,32,6,192,1536,6,576,0.8963359892368317,0.8923519849777222,0.0016884398812256113,220,3,324.1366726756096,"scripts/clock_elasticity.py: bursts of N back-to-back fused_experts calls under one pinned tile, each call L2-flushed and bracketed by its own pre-primed event pair, the FIRST call of every burst discarded as a drained-queue launch, a host-side idle gap after each burst setting the sustained duty cycle, and the SM clock, board power and memory clock read through NVML with the burst still in flight; NOT timing.TIMING_BASIS",1710.0,False,high,True,True,ok,"LEVEL HIGH (recorded, never an exclusion here): loaded clock 1710 MHz against the 1455 MHz reference. At a duty cycle below 1.0 a HIGH reading is the experiment working, not a cell to drop.",0.25,265.335,0.24989577018787565,45,117.78037943282834,burst,0.8964800238609314,0.8965759873390198,True,1710 1710 1710 1710 1710 1710 1710 1710 1710 1710 1710 1710 1710 1710 1710,False,3725.9156463999325,"measured on this device: NVIDIA GH200 480GB (measured), 3725.9 GB/s (triad pattern)",13.0,580.105.08,True,1,49f219808863cc3515979babf6eaed123d73f876,NVIDIA GH200 480GB,192-222-51-63,"scripts/clock_elasticity.py: bursts of N back-to-back fused_experts calls under one pinned tile, each call L2-flushed and bracketed by its own pre-primed event pair, the FIRST call of every burst discarded as a drained-queue launch, a host-side idle gap after each burst setting the sustained duty cycle, and the SM clock, board power and memory clock read through NVML with the burst still in flight; NOT timing.TIMING_BASIS | duty 0.25 | each idle gap sized from its own burst (gap_basis burst)",,iters=supplied as None; sglang=package not installed,1,3.12.15,176.58886931557572,"measured on this device: NVIDIA GH200 480GB (measured), 658.0 TFLOP/s bf16 over 3725.9 GB/s (triad pattern); calibrated 2026-10-06 at 49f21980",,200.0,2.13.0,3.7.1,2026-10-06T08:52:02+00:00,0.27.1,300.0
native,3,32,5,160,1280,1,64,0.5741280019283295,0.5696960091590881,0.0015906442757831598,340,3,319.0817925930023,"scripts/clock_elasticity.py: bursts of N back-to-back fused_experts calls under one pinned tile, each call L2-flushed and bracketed by its own pre-primed event pair, the FIRST call of every burst discarded as a drained-queue launch, a host-side idle gap after each burst setting the sustained duty cycle, and the SM clock, board power and memory clock read through NVML with the burst still in flight; NOT timing.TIMING_BASIS",1710.0,False,high,True,True,ok,"LEVEL HIGH (recorded, never an exclusion here): loaded clock 1710 MHz against the 1455 MHz reference. At a duty cycle below 1.0 a HIGH reading is the experiment working, not a cell to drop.",0.25,252.658,0.24989372298559842,69,113.7181951945604,burst,0.5740479826927185,0.5736960172653198,True,1710 1710 1710 1710 1710 1710 1710 1710 1710 1710 1710 1710 1710 1710 1710,False,3725.9156463999325,"measured on this device: NVIDIA GH200 480GB (measured), 3725.9 GB/s (triad pattern)",13.0,580.105.08,True,1,49f219808863cc3515979babf6eaed123d73f876,NVIDIA GH200 480GB,192-222-51-63,"scripts/clock_elasticity.py: bursts of N back-to-back fused_experts calls under one pinned tile, each call L2-flushed and bracketed by its own pre-primed event pair, the FIRST call of every burst discarded as a drained-queue launch, a host-side idle gap after each burst setting the sustained duty cycle, and the SM clock, board power and memory clock read through NVML with the burst still in flight; NOT timing.TIMING_BASIS | duty 0.25 | each idle gap sized from its own burst (gap_basis burst)",,iters=supplied as None; sglang=package not installed,1,3.12.15,176.58886931557572,"measured on this device: NVIDIA GH200 480GB (measured), 658.0 TFLOP/s bf16 over 3725.9 GB/s (triad pattern); calibrated 2026-10-06 at 49f21980",,200.0,2.13.0,3.7.1,2026-10-06T08:52:02+00:00,0.27.1,300.0
shared,3,32,5,160,1280,1,576,0.6040319800376892,0.5992000102996826,0.002405392117781558,325,3,320.9950709939003,"scripts/clock_elasticity.py: bursts of N back-to-back fused_experts calls under one pinned tile, each call L2-flushed and bracketed by its own pre-primed event pair, the FIRST call of every burst discarded as a drained-queue launch, a host-side idle gap after each burst setting the sustained duty cycle, and the SM clock, board power and memory clock read through NVML with the burst still in flight; NOT timing.TIMING_BASIS",1710.0,False,high,True,True,ok,"LEVEL HIGH (recorded, never an exclusion here): loaded clock 1710 MHz against the 1455 MHz reference. At a duty cycle below 1.0 a HIGH reading is the experiment working, not a cell to drop.",0.25,244.668,0.24989978706908916,66,114.64293076134344,burst,0.6031679809093475,0.6047360002994537,True,1710 1710 1710 1710 1710 1710 1710 1710 1710 1710 1710 1710 1710 1710 1710,False,3725.9156463999325,"measured on this device: NVIDIA GH200 480GB (measured), 3725.9 GB/s (triad pattern)",13.0,580.105.08,True,1,49f219808863cc3515979babf6eaed123d73f876,NVIDIA GH200 480GB,192-222-51-63,"scripts/clock_elasticity.py: bursts of N back-to-back fused_experts calls under one pinned tile, each call L2-flushed and bracketed by its own pre-primed event pair, the FIRST call of every burst discarded as a drained-queue launch, a host-side idle gap after each burst setting the sustained duty cycle, and the SM clock, board power and memory clock read through NVML with the burst still in flight; NOT timing.TIMING_BASIS | duty 0.25 | each idle gap sized from its own burst (gap_basis burst)",,iters=supplied as None; sglang=package not installed,1,3.12.15,176.58886931557572,"measured on this device: NVIDIA GH200 480GB (measured), 658.0 TFLOP/s bf16 over 3725.9 GB/s (triad pattern); calibrated 2026-10-06 at 49f21980",,200.0,2.13.0,3.7.1,2026-10-06T08:52:02+00:00,0.27.1,300.0
private,3,32,5,160,1280,5,576,0.7583039999008179,0.753216028213501,0.001816348418777806,260,3,323.1274874806404,"scripts/clock_elasticity.py: bursts of N back-to-back fused_experts calls under one pinned tile, each call L2-flushed and bracketed by its own pre-primed event pair, the FIRST call of every burst discarded as a drained-queue launch, a host-side idle gap after each burst setting the sustained duty cycle, and the SM clock, board power and memory clock read through NVML with the burst still in flight; NOT timing.TIMING_BASIS",1710.0,False,high,True,True,ok,"LEVEL HIGH (recorded, never an exclusion here): loaded clock 1710 MHz against the 1455 MHz reference. At a duty cycle below 1.0 a HIGH reading is the experiment working, not a cell to drop.",0.25,263.864,0.2498932577149221,53,116.73320702622733,burst,0.7581120133399963,0.7581760287284851,True,1710 1710 1710 1710 1710 1710 1710 1710 1710 1710 1710 1710 1710 1710 1710,False,3725.9156463999325,"measured on this device: NVIDIA GH200 480GB (measured), 3725.9 GB/s (triad pattern)",13.0,580.105.08,True,1,49f219808863cc3515979babf6eaed123d73f876,NVIDIA GH200 480GB,192-222-51-63,"scripts/clock_elasticity.py: bursts of N back-to-back fused_experts calls under one pinned tile, each call L2-flushed and bracketed by its own pre-primed event pair, the FIRST call of every burst discarded as a drained-queue launch, a host-side idle gap after each burst setting the sustained duty cycle, and the SM clock, board power and memory clock read through NVML with the burst still in flight; NOT timing.TIMING_BASIS | duty 0.25 | each idle gap sized from its own burst (gap_basis burst)",,iters=supplied as None; sglang=package not installed,1,3.12.15,176.58886931557572,"measured on this device: NVIDIA GH200 480GB (measured), 658.0 TFLOP/s bf16 over 3725.9 GB/s (triad pattern); calibrated 2026-10-06 at 49f21980",,200.0,2.13.0,3.7.1,2026-10-06T08:52:02+00:00,0.27.1,300.0
native,3,32,4,128,1024,1,64,0.46726399660110474,0.4623039960861206,0.001883566534781757,425,3,322.47836795449257,"scripts/clock_elasticity.py: bursts of N back-to-back fused_experts calls under one pinned tile, each call L2-flushed and bracketed by its own pre-primed event pair, the FIRST call of every burst discarded as a drained-queue launch, a host-side idle gap after each burst setting the sustained duty cycle, and the SM clock, board power and memory clock read through NVML with the burst still in flight; NOT timing.TIMING_BASIS",1710.0,False,high,True,True,ok,"LEVEL HIGH (recorded, never an exclusion here): loaded clock 1710 MHz against the 1455 MHz reference. At a duty cycle below 1.0 a HIGH reading is the experiment working, not a cell to drop.",0.25,256.394,0.24990357224871346,86,113.95706248506029,burst,0.46803200244903564,0.4673280119895935,True,1710 1710 1710 1710 1710 1710 1710 1710 1710 1710 1710 1710 1710 1710 1710,False,3725.9156463999325,"measured on this device: NVIDIA GH200 480GB (measured), 3725.9 GB/s (triad pattern)",13.0,580.105.08,True,1,49f219808863cc3515979babf6eaed123d73f876,NVIDIA GH200 480GB,192-222-51-63,"scripts/clock_elasticity.py: bursts of N back-to-back fused_experts calls under one pinned tile, each call L2-flushed and bracketed by its own pre-primed event pair, the FIRST call of every burst discarded as a drained-queue launch, a host-side idle gap after each burst setting the sustained duty cycle, and the SM clock, board power and memory clock read through NVML with the burst still in flight; NOT timing.TIMING_BASIS | duty 0.25 | each idle gap sized from its own burst (gap_basis burst)",,iters=supplied as None; sglang=package not installed,1,3.12.15,176.58886931557572,"measured on this device: NVIDIA GH200 480GB (measured), 658.0 TFLOP/s bf16 over 3725.9 GB/s (triad pattern); calibrated 2026-10-06 at 49f21980",,200.0,2.13.0,3.7.1,2026-10-06T08:52:02+00:00,0.27.1,300.0
shared,3,32,4,128,1024,1,576,0.49686399102211,0.4917120039463043,0.0014673011812853312,400,3,323.2629439532757,"scripts/clock_elasticity.py: bursts of N back-to-back fused_experts calls under one pinned tile, each call L2-flushed and bracketed by its own pre-primed event pair, the FIRST call of every burst discarded as a drained-queue launch, a host-side idle gap after each burst setting the sustained duty cycle, and the SM clock, board power and memory clock read through NVML with the burst still in flight; NOT timing.TIMING_BASIS",1710.0,False,high,True,True,ok,"LEVEL HIGH (recorded, never an exclusion here): loaded clock 1710 MHz against the 1455 MHz reference. At a duty cycle below 1.0 a HIGH reading is the experiment working, not a cell to drop.",0.25,251.187,0.2498933586447838,81,114.67767188222933,burst,0.4972800016403198,0.49697598814964294,True,1710 1710 1710 1710 1710 1710 1710 1710 1710 1710 1710 1710 1710 1710 1710,False,3725.9156463999325,"measured on this device: NVIDIA GH200 480GB (measured), 3725.9 GB/s (triad pattern)",13.0,580.105.08,True,1,49f219808863cc3515979babf6eaed123d73f876,NVIDIA GH200 480GB,192-222-51-63,"scripts/clock_elasticity.py: bursts of N back-to-back fused_experts calls under one pinned tile, each call L2-flushed and bracketed by its own pre-primed event pair, the FIRST call of every burst discarded as a drained-queue launch, a host-side idle gap after each burst setting the sustained duty cycle, and the SM clock, board power and memory clock read through NVML with the burst still in flight; NOT timing.TIMING_BASIS | duty 0.25 | each idle gap sized from its own burst (gap_basis burst)",,iters=supplied as None; sglang=package not installed,1,3.12.15,176.58886931557572,"measured on this device: NVIDIA GH200 480GB (measured), 658.0 TFLOP/s bf16 over 3725.9 GB/s (triad pattern); calibrated 2026-10-06 at 49f21980",,200.0,2.13.0,3.7.1,2026-10-06T08:52:02+00:00,0.27.1,300.0
private,3,32,4,128,1024,4,576,0.6189119815826416,0.6136320233345032,0.0017009300763721187,320,3,323.3985604643822,"scripts/clock_elasticity.py: bursts of N back-to-back fused_experts calls under one pinned tile, each call L2-flushed and bracketed by its own pre-primed event pair, the FIRST call of every burst discarded as a drained-queue launch, a host-side idle gap after each burst setting the sustained duty cycle, and the SM clock, board power and memory clock read through NVML with the burst still in flight; NOT timing.TIMING_BASIS",1710.0,False,high,True,True,ok,"LEVEL HIGH (recorded, never an exclusion here): loaded clock 1710 MHz against the 1455 MHz reference. At a duty cycle below 1.0 a HIGH reading is the experiment working, not a cell to drop.",0.25,263.17,0.24989577219302392,65,115.88049792415403,burst,0.618943989276886,0.6188160181045532,True,1710 1710 1710 1710 1710 1710 1710 1710 1710 1710 1710 1710 1710 1710 1710,False,3725.9156463999325,"measured on this device: NVIDIA GH200 480GB (measured), 3725.9 GB/s (triad pattern)",13.0,580.105.08,True,1,49f219808863cc3515979babf6eaed123d73f876,NVIDIA GH200 480GB,192-222-51-63,"scripts/clock_elasticity.py: bursts of N back-to-back fused_experts calls under one pinned tile, each call L2-flushed and bracketed by its own pre-primed event pair, the FIRST call of every burst discarded as a drained-queue launch, a host-side idle gap after each burst setting the sustained duty cycle, and the SM clock, board power and memory clock read through NVML with the burst still in flight; NOT timing.TIMING_BASIS | duty 0.25 | each idle gap sized from its own burst (gap_basis burst)",,iters=supplied as None; sglang=package not installed,1,3.12.15,176.58886931557572,"measured on this device: NVIDIA GH200 480GB (measured), 658.0 TFLOP/s bf16 over 3725.9 GB/s (triad pattern); calibrated 2026-10-06 at 49f21980",,200.0,2.13.0,3.7.1,2026-10-06T08:52:02+00:00,0.27.1,300.0
native,3,32,3,96,768,1,64,0.3582080006599426,0.353983998298645,0.001530972791861439,555,3,322.02060809731483,"scripts/clock_elasticity.py: bursts of N back-to-back fused_experts calls under one pinned tile, each call L2-flushed and bracketed by its own pre-primed event pair, the FIRST call of every burst discarded as a drained-queue launch, a host-side idle gap after each burst setting the sustained duty cycle, and the SM clock, board power and memory clock read through NVML with the burst still in flight; NOT timing.TIMING_BASIS",1710.0,False,high,True,True,ok,"LEVEL HIGH (recorded, never an exclusion here): loaded clock 1710 MHz against the 1455 MHz reference. At a duty cycle below 1.0 a HIGH reading is the experiment working, not a cell to drop.",0.25,266.331,0.24990207267925751,112,111.61676002458262,burst,0.3583039939403534,0.35817599296569824,True,1710 1710 1710 1710 1710 1710 1710 1710 1710 1710 1710 1710 1710 1710 1710,False,3725.9156463999325,"measured on this device: NVIDIA GH200 480GB (measured), 3725.9 GB/s (triad pattern)",13.0,580.105.08,True,1,49f219808863cc3515979babf6eaed123d73f876,NVIDIA GH200 480GB,192-222-51-63,"scripts/clock_elasticity.py: bursts of N back-to-back fused_experts calls under one pinned tile, each call L2-flushed and bracketed by its own pre-primed event pair, the FIRST call of every burst discarded as a drained-queue launch, a host-side idle gap after each burst setting the sustained duty cycle, and the SM clock, board power and memory clock read through NVML with the burst still in flight; NOT timing.TIMING_BASIS | duty 0.25 | each idle gap sized from its own burst (gap_basis burst)",,iters=supplied as None; sglang=package not installed,1,3.12.15,176.58886931557572,"measured on this device: NVIDIA GH200 480GB (measured), 658.0 TFLOP/s bf16 over 3725.9 GB/s (triad pattern); calibrated 2026-10-06 at 49f21980",,200.0,2.13.0,3.7.1,2026-10-06T08:52:02+00:00,0.27.1,300.0
shared,3,32,3,96,768,1,576,0.3887999951839447,0.3848319947719574,0.0012191541123856323,510,3,321.64095959067345,"scripts/clock_elasticity.py: bursts of N back-to-back fused_experts calls under one pinned tile, each call L2-flushed and bracketed by its own pre-primed event pair, the FIRST call of every burst discarded as a drained-queue launch, a host-side idle gap after each burst setting the sustained duty cycle, and the SM clock, board power and memory clock read through NVML with the burst still in flight; NOT timing.TIMING_BASIS",1710.0,False,high,True,True,ok,"LEVEL HIGH (recorded, never an exclusion here): loaded clock 1710 MHz against the 1455 MHz reference. At a duty cycle below 1.0 a HIGH reading is the experiment working, not a cell to drop.",0.25,254.478,0.24990457392705778,103,112.17820492065219,burst,0.38896000385284424,0.3887360095977783,True,1710 1710 1710 1710 1710 1710 1710 1710 1710 1710 1710 1710 1710 1710 1710,False,3725.9156463999325,"measured on this device: NVIDIA GH200 480GB (measured), 3725.9 GB/s (triad pattern)",13.0,580.105.08,True,1,49f219808863cc3515979babf6eaed123d73f876,NVIDIA GH200 480GB,192-222-51-63,"scripts/clock_elasticity.py: bursts of N back-to-back fused_experts calls under one pinned tile, each call L2-flushed and bracketed by its own pre-primed event pair, the FIRST call of every burst discarded as a drained-queue launch, a host-side idle gap after each burst setting the sustained duty cycle, and the SM clock, board power and memory clock read through NVML with the burst still in flight; NOT timing.TIMING_BASIS | duty 0.25 | each idle gap sized from its own burst (gap_basis burst)",,iters=supplied as None; sglang=package not installed,1,3.12.15,176.58886931557572,"measured on this device: NVIDIA GH200 480GB (measured), 658.0 TFLOP/s bf16 over 3725.9 GB/s (triad pattern); calibrated 2026-10-06 at 49f21980",,200.0,2.13.0,3.7.1,2026-10-06T08:52:02+00:00,0.27.1,300.0
private,3,32,3,96,768,3,576,0.47913599014282227,0.47548800706863403,0.0013935912608493207,415,3,323.29903998970985,"scripts/clock_elasticity.py: bursts of N back-to-back fused_experts calls under one pinned tile, each call L2-flushed and bracketed by its own pre-primed event pair, the FIRST call of every burst discarded as a drained-queue launch, a host-side idle gap after each burst setting the sustained duty cycle, and the SM clock, board power and memory clock read through NVML with the burst still in flight; NOT timing.TIMING_BASIS",1710.0,False,high,True,True,ok,"LEVEL HIGH (recorded, never an exclusion here): loaded clock 1710 MHz against the 1455 MHz reference. At a duty cycle below 1.0 a HIGH reading is the experiment working, not a cell to drop.",0.25,260.211,0.24989454782297335,84,114.38647073936589,burst,0.4790240079164505,0.4790560007095337,True,1710 1710 1710 1710 1710 1710 1710 1710 1710 1710 1710 1710 1710 1710 1710,False,3725.9156463999325,"measured on this device: NVIDIA GH200 480GB (measured), 3725.9 GB/s (triad pattern)",13.0,580.105.08,True,1,49f219808863cc3515979babf6eaed123d73f876,NVIDIA GH200 480GB,192-222-51-63,"scripts/clock_elasticity.py: bursts of N back-to-back fused_experts calls under one pinned tile, each call L2-flushed and bracketed by its own pre-primed event pair, the FIRST call of every burst discarded as a drained-queue launch, a host-side idle gap after each burst setting the sustained duty cycle, and the SM clock, board power and memory clock read through NVML with the burst still in flight; NOT timing.TIMING_BASIS | duty 0.25 | each idle gap sized from its own burst (gap_basis burst)",,iters=supplied as None; sglang=package not installed,1,3.12.15,176.58886931557572,"measured on this device: NVIDIA GH200 480GB (measured), 658.0 TFLOP/s bf16 over 3725.9 GB/s (triad pattern); calibrated 2026-10-06 at 49f21980",,200.0,2.13.0,3.7.1,2026-10-06T08:52:02+00:00,0.27.1,300.0
native,3,32,2,64,512,1,64,0.2634879946708679,0.24563199281692505,0.017634834362701413,710,3,312.09635147452354,"scripts/clock_elasticity.py: bursts of N back-to-back fused_experts calls under one pinned tile, each call L2-flushed and bracketed by its own pre-primed event pair, the FIRST call of every burst discarded as a drained-queue launch, a host-side idle gap after each burst setting the sustained duty cycle, and the SM clock, board power and memory clock read through NVML with the burst still in flight; NOT timing.TIMING_BASIS",1710.0,False,high,True,True,ok,"LEVEL HIGH (recorded, never an exclusion here): loaded clock 1710 MHz against the 1455 MHz reference. At a duty cycle below 1.0 a HIGH reading is the experiment working, not a cell to drop.; host-bound: in 15 of 15 trials the GPU had fewer than 2 iterations of work queued when the host finished enqueueing (smallest backlog 0.28 iterations; host enqueue 0.3444 ms per call); the intervals include host enqueue time and the number is an upper bound on the kernel time; time the callable as a graph replay or through a fused launcher to measure the GPU alone",0.25,261.31,0.2498877237024442,143,102.01423148984759,burst,0.26441600918769836,0.25756800174713135,True,1710 1710 1710 1710 1710 1710 1710 1710 1710 1710 1710 1710 1710 1710 1710,True,3725.9156463999325,"measured on this device: NVIDIA GH200 480GB (measured), 3725.9 GB/s (triad pattern)",13.0,580.105.08,True,1,49f219808863cc3515979babf6eaed123d73f876,NVIDIA GH200 480GB,192-222-51-63,"scripts/clock_elasticity.py: bursts of N back-to-back fused_experts calls under one pinned tile, each call L2-flushed and bracketed by its own pre-primed event pair, the FIRST call of every burst discarded as a drained-queue launch, a host-side idle gap after each burst setting the sustained duty cycle, and the SM clock, board power and memory clock read through NVML with the burst still in flight; NOT timing.TIMING_BASIS | duty 0.25 | each idle gap sized from its own burst (gap_basis burst)",,iters=supplied as None; sglang=package not installed,1,3.12.15,176.58886931557572,"measured on this device: NVIDIA GH200 480GB (measured), 658.0 TFLOP/s bf16 over 3725.9 GB/s (triad pattern); calibrated 2026-10-06 at 49f21980",,200.0,2.13.0,3.7.1,2026-10-06T08:52:02+00:00,0.27.1,300.0
shared,3,32,2,64,512,1,576,0.278656005859375,0.27504000067710876,0.007060951461325648,710,3,321.2609279155731,"scripts/clock_elasticity.py: bursts of N back-to-back fused_experts calls under one pinned tile, each call L2-flushed and bracketed by its own pre-primed event pair, the FIRST call of every burst discarded as a drained-queue launch, a host-side idle gap after each burst setting the sustained duty cycle, and the SM clock, board power and memory clock read through NVML with the burst still in flight; NOT timing.TIMING_BASIS",1710.0,False,high,True,True,ok,"LEVEL HIGH (recorded, never an exclusion here): loaded clock 1710 MHz against the 1455 MHz reference. At a duty cycle below 1.0 a HIGH reading is the experiment working, not a cell to drop.; host-bound: in 10 of 15 trials the GPU had fewer than 2 iterations of work queued when the host finished enqueueing (smallest backlog 0.41 iterations; host enqueue 0.3567 ms per call); the intervals include host enqueue time and the number is an upper bound on the kernel time; time the callable as a graph replay or through a fused launcher to measure the GPU alone",0.25,262.176,0.24989365696673557,143,108.95175093622674,burst,0.27849599719047546,0.27852800488471985,True,1710 1710 1710 1710 1710 1710 1710 1710 1710 1710 1710 1710 1710 1710 1710,True,3725.9156463999325,"measured on this device: NVIDIA GH200 480GB (measured), 3725.9 GB/s (triad pattern)",13.0,580.105.08,True,1,49f219808863cc3515979babf6eaed123d73f876,NVIDIA GH200 480GB,192-222-51-63,"scripts/clock_elasticity.py: bursts of N back-to-back fused_experts calls under one pinned tile, each call L2-flushed and bracketed by its own pre-primed event pair, the FIRST call of every burst discarded as a drained-queue launch, a host-side idle gap after each burst setting the sustained duty cycle, and the SM clock, board power and memory clock read through NVML with the burst still in flight; NOT timing.TIMING_BASIS | duty 0.25 | each idle gap sized from its own burst (gap_basis burst)",,iters=supplied as None; sglang=package not installed,1,3.12.15,176.58886931557572,"measured on this device: NVIDIA GH200 480GB (measured), 658.0 TFLOP/s bf16 over 3725.9 GB/s (triad pattern); calibrated 2026-10-06 at 49f21980",,200.0,2.13.0,3.7.1,2026-10-06T08:52:02+00:00,0.27.1,300.0
private,3,32,2,64,512,2,576,0.34140801429748535,0.33664000034332275,0.0016353138402069745,580,3,321.6159357726574,"scripts/clock_elasticity.py: bursts of N back-to-back fused_experts calls under one pinned tile, each call L2-flushed and bracketed by its own pre-primed event pair, the FIRST call of every burst discarded as a drained-queue launch, a host-side idle gap after each burst setting the sustained duty cycle, and the SM clock, board power and memory clock read through NVML with the burst still in flight; NOT timing.TIMING_BASIS",1710.0,False,high,True,True,ok,"LEVEL HIGH (recorded, never an exclusion here): loaded clock 1710 MHz against the 1455 MHz reference. At a duty cycle below 1.0 a HIGH reading is the experiment working, not a cell to drop.",0.25,262.921,0.24989796434927478,117,110.78712694083515,burst,0.34112000465393066,0.3416000008583069,True,1710 1710 1710 1710 1710 1710 1710 1710 1710 1710 1710 1710 1710 1710 1710,False,3725.9156463999325,"measured on this device: NVIDIA GH200 480GB (measured), 3725.9 GB/s (triad pattern)",13.0,580.105.08,True,1,49f219808863cc3515979babf6eaed123d73f876,NVIDIA GH200 480GB,192-222-51-63,"scripts/clock_elasticity.py: bursts of N back-to-back fused_experts calls under one pinned tile, each call L2-flushed and bracketed by its own pre-primed event pair, the FIRST call of every burst discarded as a drained-queue launch, a host-side idle gap after each burst setting the sustained duty cycle, and the SM clock, board power and memory clock read through NVML with the burst still in flight; NOT timing.TIMING_BASIS | duty 0.25 | each idle gap sized from its own burst (gap_basis burst)",,iters=supplied as None; sglang=package not installed,1,3.12.15,176.58886931557572,"measured on this device: NVIDIA GH200 480GB (measured), 658.0 TFLOP/s bf16 over 3725.9 GB/s (triad pattern); calibrated 2026-10-06 at 49f21980",,200.0,2.13.0,3.7.1,2026-10-06T08:52:02+00:00,0.27.1,300.0
native,3,32,1,32,256,1,64,0.2693119943141937,0.22678400576114655,0.017468663240867002,730,3,317.418848156929,"scripts/clock_elasticity.py: bursts of N back-to-back fused_experts calls under one pinned tile, each call L2-flushed and bracketed by its own pre-primed event pair, the FIRST call of every burst discarded as a drained-queue launch, a host-side idle gap after each burst setting the sustained duty cycle, and the SM clock, board power and memory clock read through NVML with the burst still in flight; NOT timing.TIMING_BASIS",1710.0,False,high,True,True,ok,"LEVEL HIGH (recorded, never an exclusion here): loaded clock 1710 MHz against the 1455 MHz reference. At a duty cycle below 1.0 a HIGH reading is the experiment working, not a cell to drop.; host-bound: in 15 of 15 trials the GPU had fewer than 2 iterations of work queued when the host finished enqueueing (smallest backlog 0.15 iterations; host enqueue 0.3482 ms per call); the intervals include host enqueue time and the number is an upper bound on the kernel time; time the callable as a graph replay or through a fused launcher to measure the GPU alone",0.25,214.726,0.24990108178716286,147,105.87441054784722,burst,0.27060799300670624,0.2693600058555603,True,1710 1710 1710 1710 1710 1710 1710 1710 1710 1710 1710 1710 1710 1710 1710,True,3725.9156463999325,"measured on this device: NVIDIA GH200 480GB (measured), 3725.9 GB/s (triad pattern)",13.0,580.105.08,True,1,49f219808863cc3515979babf6eaed123d73f876,NVIDIA GH200 480GB,192-222-51-63,"scripts/clock_elasticity.py: bursts of N back-to-back fused_experts calls under one pinned tile, each call L2-flushed and bracketed by its own pre-primed event pair, the FIRST call of every burst discarded as a drained-queue launch, a host-side idle gap after each burst setting the sustained duty cycle, and the SM clock, board power and memory clock read through NVML with the burst still in flight; NOT timing.TIMING_BASIS | duty 0.25 | each idle gap sized from its own burst (gap_basis burst)",,iters=supplied as None; sglang=package not installed,1,3.12.15,176.58886931557572,"measured on this device: NVIDIA GH200 480GB (measured), 658.0 TFLOP/s bf16 over 3725.9 GB/s (triad pattern); calibrated 2026-10-06 at 49f21980",,200.0,2.13.0,3.7.1,2026-10-06T08:52:02+00:00,0.27.1,300.0
shared,3,32,1,32,256,1,576,0.2715359926223755,0.22860799729824066,0.020082815072997636,680,3,335.0732484906912,"scripts/clock_elasticity.py: bursts of N back-to-back fused_experts calls under one pinned tile, each call L2-flushed and bracketed by its own pre-primed event pair, the FIRST call of every burst discarded as a drained-queue launch, a host-side idle gap after each burst setting the sustained duty cycle, and the SM clock, board power and memory clock read through NVML with the burst still in flight; NOT timing.TIMING_BASIS",1710.0,False,high,True,True,ok,"LEVEL HIGH (recorded, never an exclusion here): loaded clock 1710 MHz against the 1455 MHz reference. At a duty cycle below 1.0 a HIGH reading is the experiment working, not a cell to drop.; host-bound: in 15 of 15 trials the GPU had fewer than 2 iterations of work queued when the host finished enqueueing (smallest backlog 0.16 iterations; host enqueue 0.3536 ms per call); the intervals include host enqueue time and the number is an upper bound on the kernel time; time the callable as a graph replay or through a fused launcher to measure the GPU alone",0.25,220.163,0.2498843451279795,137,101.44332430511713,burst,0.27008000016212463,0.2700960040092468,True,1710 1710 1710 1710 1710 1710 1710 1710 1710 1710 1710 1710 1710 1710 1710,True,3725.9156463999325,"measured on this device: NVIDIA GH200 480GB (measured), 3725.9 GB/s (triad pattern)",13.0,580.105.08,True,1,49f219808863cc3515979babf6eaed123d73f876,NVIDIA GH200 480GB,192-222-51-63,"scripts/clock_elasticity.py: bursts of N back-to-back fused_experts calls under one pinned tile, each call L2-flushed and bracketed by its own pre-primed event pair, the FIRST call of every burst discarded as a drained-queue launch, a host-side idle gap after each burst setting the sustained duty cycle, and the SM clock, board power and memory clock read through NVML with the burst still in flight; NOT timing.TIMING_BASIS | duty 0.25 | each idle gap sized from its own burst (gap_basis burst)",,iters=supplied as None; sglang=package not installed,1,3.12.15,176.58886931557572,"measured on this device: NVIDIA GH200 480GB (measured), 658.0 TFLOP/s bf16 over 3725.9 GB/s (triad pattern); calibrated 2026-10-06 at 49f21980",,200.0,2.13.0,3.7.1,2026-10-06T08:52:02+00:00,0.27.1,300.0
private,3,32,1,32,256,1,576,0.26873600482940674,0.22844800353050232,0.018761420835606918,725,3,327.8268160969019,"scripts/clock_elasticity.py: bursts of N back-to-back fused_experts calls under one pinned tile, each call L2-flushed and bracketed by its own pre-primed event pair, the FIRST call of every burst discarded as a drained-queue launch, a host-side idle gap after each burst setting the sustained duty cycle, and the SM clock, board power and memory clock read through NVML with the burst still in flight; NOT timing.TIMING_BASIS",1710.0,False,high,True,True,ok,"LEVEL HIGH (recorded, never an exclusion here): loaded clock 1710 MHz against the 1455 MHz reference. At a duty cycle below 1.0 a HIGH reading is the experiment working, not a cell to drop.; host-bound: in 15 of 15 trials the GPU had fewer than 2 iterations of work queued when the host finished enqueueing (smallest backlog 0.18 iterations; host enqueue 0.3503 ms per call); the intervals include host enqueue time and the number is an upper bound on the kernel time; time the callable as a graph replay or through a fused launcher to measure the GPU alone",0.25,218.212,0.2498971949740647,146,106.78410754710785,burst,0.2690560072660446,0.2672960013151169,True,1710 1710 1710 1710 1710 1710 1710 1710 1710 1710 1710 1710 1710 1710 1710,True,3725.9156463999325,"measured on this device: NVIDIA GH200 480GB (measured), 3725.9 GB/s (triad pattern)",13.0,580.105.08,True,1,49f219808863cc3515979babf6eaed123d73f876,NVIDIA GH200 480GB,192-222-51-63,"scripts/clock_elasticity.py: bursts of N back-to-back fused_experts calls under one pinned tile, each call L2-flushed and bracketed by its own pre-primed event pair, the FIRST call of every burst discarded as a drained-queue launch, a host-side idle gap after each burst setting the sustained duty cycle, and the SM clock, board power and memory clock read through NVML with the burst still in flight; NOT timing.TIMING_BASIS | duty 0.25 | each idle gap sized from its own burst (gap_basis burst)",,iters=supplied as None; sglang=package not installed,1,3.12.15,176.58886931557572,"measured on this device: NVIDIA GH200 480GB (measured), 658.0 TFLOP/s bf16 over 3725.9 GB/s (triad pattern); calibrated 2026-10-06 at 49f21980",,200.0,2.13.0,3.7.1,2026-10-06T08:52:02+00:00,0.27.1,300.0
shared,4,32,1,32,256,1,576,0.27107200026512146,0.2277120053768158,0.018663347019581944,700,3,303.90787203609943,"scripts/clock_elasticity.py: bursts of N back-to-back fused_experts calls under one pinned tile, each call L2-flushed and bracketed by its own pre-primed event pair, the FIRST call of every burst discarded as a drained-queue launch, a host-side idle gap after each burst setting the sustained duty cycle, and the SM clock, board power and memory clock read through NVML with the burst still in flight; NOT timing.TIMING_BASIS",1710.0,False,high,True,True,ok,"LEVEL HIGH (recorded, never an exclusion here): loaded clock 1710 MHz against the 1455 MHz reference. At a duty cycle below 1.0 a HIGH reading is the experiment working, not a cell to drop.; host-bound: in 15 of 15 trials the GPU had fewer than 2 iterations of work queued when the host finished enqueueing (smallest backlog 0.17 iterations; host enqueue 0.3521 ms per call); the intervals include host enqueue time and the number is an upper bound on the kernel time; time the callable as a graph replay or through a fused launcher to measure the GPU alone",0.25,218.29,0.2498871413799473,141,103.7733013729594,burst,0.27113598585128784,0.2699519991874695,True,1710 1710 1710 1710 1710 1710 1710 1710 1710 1710 1710 1710 1710 1710 1710,True,3725.9156463999325,"measured on this device: NVIDIA GH200 480GB (measured), 3725.9 GB/s (triad pattern)",13.0,580.105.08,True,1,49f219808863cc3515979babf6eaed123d73f876,NVIDIA GH200 480GB,192-222-51-63,"scripts/clock_elasticity.py: bursts of N back-to-back fused_experts calls under one pinned tile, each call L2-flushed and bracketed by its own pre-primed event pair, the FIRST call of every burst discarded as a drained-queue launch, a host-side idle gap after each burst setting the sustained duty cycle, and the SM clock, board power and memory clock read through NVML with the burst still in flight; NOT timing.TIMING_BASIS | duty 0.25 | each idle gap sized from its own burst (gap_basis burst)",,iters=supplied as None; sglang=package not installed,1,3.12.15,176.58886931557572,"measured on this device: NVIDIA GH200 480GB (measured), 658.0 TFLOP/s bf16 over 3725.9 GB/s (triad pattern); calibrated 2026-10-06 at 49f21980",,200.0,2.13.0,3.7.1,2026-10-06T08:52:02+00:00,0.27.1,300.0
private,4,32,1,32,256,1,576,0.27164798974990845,0.22684800624847412,0.018079884007126887,710,3,317.55235183238983,"scripts/clock_elasticity.py: bursts of N back-to-back fused_experts calls under one pinned tile, each call L2-flushed and bracketed by its own pre-primed event pair, the FIRST call of every burst discarded as a drained-queue launch, a host-side idle gap after each burst setting the sustained duty cycle, and the SM clock, board power and memory clock read through NVML with the burst still in flight; NOT timing.TIMING_BASIS",1710.0,False,high,True,True,ok,"LEVEL HIGH (recorded, never an exclusion here): loaded clock 1710 MHz against the 1455 MHz reference. At a duty cycle below 1.0 a HIGH reading is the experiment working, not a cell to drop.; host-bound: in 15 of 15 trials the GPU had fewer than 2 iterations of work queued when the host finished enqueueing (smallest backlog 0.18 iterations; host enqueue 0.3526 ms per call); the intervals include host enqueue time and the number is an upper bound on the kernel time; time the callable as a graph replay or through a fused launcher to measure the GPU alone",0.25,215.978,0.24989222984323678,143,105.52849622389476,burst,0.2731199860572815,0.267551988363266,True,1710 1710 1710 1710 1710 1710 1710 1710 1710 1710 1710 1710 1710 1710 1710,True,3725.9156463999325,"measured on this device: NVIDIA GH200 480GB (measured), 3725.9 GB/s (triad pattern)",13.0,580.105.08,True,1,49f219808863cc3515979babf6eaed123d73f876,NVIDIA GH200 480GB,192-222-51-63,"scripts/clock_elasticity.py: bursts of N back-to-back fused_experts calls under one pinned tile, each call L2-flushed and bracketed by its own pre-primed event pair, the FIRST call of every burst discarded as a drained-queue launch, a host-side idle gap after each burst setting the sustained duty cycle, and the SM clock, board power and memory clock read through NVML with the burst still in flight; NOT timing.TIMING_BASIS | duty 0.25 | each idle gap sized from its own burst (gap_basis burst)",,iters=supplied as None; sglang=package not installed,1,3.12.15,176.58886931557572,"measured on this device: NVIDIA GH200 480GB (measured), 658.0 TFLOP/s bf16 over 3725.9 GB/s (triad pattern); calibrated 2026-10-06 at 49f21980",,200.0,2.13.0,3.7.1,2026-10-06T08:52:02+00:00,0.27.1,300.0
native,4,32,1,32,256,1,64,0.27001601457595825,0.23084799945354462,0.016068116556928167,720,3,316.2390725463629,"scripts/clock_elasticity.py: bursts of N back-to-back fused_experts calls under one pinned tile, each call L2-flushed and bracketed by its own pre-primed event pair, the FIRST call of every burst discarded as a drained-queue launch, a host-side idle gap after each burst setting the sustained duty cycle, and the SM clock, board power and memory clock read through NVML with the burst still in flight; NOT timing.TIMING_BASIS",1710.0,False,high,True,True,ok,"LEVEL HIGH (recorded, never an exclusion here): loaded clock 1710 MHz against the 1455 MHz reference. At a duty cycle below 1.0 a HIGH reading is the experiment working, not a cell to drop.; host-bound: in 15 of 15 trials the GPU had fewer than 2 iterations of work queued when the host finished enqueueing (smallest backlog 0.15 iterations; host enqueue 0.3518 ms per call); the intervals include host enqueue time and the number is an upper bound on the kernel time; time the callable as a graph replay or through a fused launcher to measure the GPU alone",0.25,213.715,0.2498910694499011,145,105.8806520981452,burst,0.2733759880065918,0.2689120024442673,True,1710 1710 1710 1710 1710 1710 1710 1710 1710 1710 1710 1710 1710 1710 1710,True,3725.9156463999325,"measured on this device: NVIDIA GH200 480GB (measured), 3725.9 GB/s (triad pattern)",13.0,580.105.08,True,1,49f219808863cc3515979babf6eaed123d73f876,NVIDIA GH200 480GB,192-222-51-63,"scripts/clock_elasticity.py: bursts of N back-to-back fused_experts calls under one pinned tile, each call L2-flushed and bracketed by its own pre-primed event pair, the FIRST call of every burst discarded as a drained-queue launch, a host-side idle gap after each burst setting the sustained duty cycle, and the SM clock, board power and memory clock read through NVML with the burst still in flight; NOT timing.TIMING_BASIS | duty 0.25 | each idle gap sized from its own burst (gap_basis burst)",,iters=supplied as None; sglang=package not installed,1,3.12.15,176.58886931557572,"measured on this device: NVIDIA GH200 480GB (measured), 658.0 TFLOP/s bf16 over 3725.9 GB/s (triad pattern); calibrated 2026-10-06 at 49f21980",,200.0,2.13.0,3.7.1,2026-10-06T08:52:02+00:00,0.27.1,300.0
shared,4,32,2,64,512,1,576,0.27856001257896423,0.27535998821258545,0.008231314570088449,710,3,320.48025634884834,"scripts/clock_elasticity.py: bursts of N back-to-back fused_experts calls under one pinned tile, each call L2-flushed and bracketed by its own pre-primed event pair, the FIRST call of every burst discarded as a drained-queue launch, a host-side idle gap after each burst setting the sustained duty cycle, and the SM clock, board power and memory clock read through NVML with the burst still in flight; NOT timing.TIMING_BASIS",1710.0,False,high,True,True,ok,"LEVEL HIGH (recorded, never an exclusion here): loaded clock 1710 MHz against the 1455 MHz reference. At a duty cycle below 1.0 a HIGH reading is the experiment working, not a cell to drop.; host-bound: in 13 of 15 trials the GPU had fewer than 2 iterations of work queued when the host finished enqueueing (smallest backlog 0.40 iterations; host enqueue 0.3604 ms per call); the intervals include host enqueue time and the number is an upper bound on the kernel time; time the callable as a graph replay or through a fused launcher to measure the GPU alone",0.25,257.743,0.2498994584808177,143,109.23549519532388,burst,0.2786239981651306,0.27859199047088623,True,1710 1710 1710 1710 1710 1710 1710 1710 1710 1710 1710 1710 1710 1710 1710,True,3725.9156463999325,"measured on this device: NVIDIA GH200 480GB (measured), 3725.9 GB/s (triad pattern)",13.0,580.105.08,True,1,49f219808863cc3515979babf6eaed123d73f876,NVIDIA GH200 480GB,192-222-51-63,"scripts/clock_elasticity.py: bursts of N back-to-back fused_experts calls under one pinned tile, each call L2-flushed and bracketed by its own pre-primed event pair, the FIRST call of every burst discarded as a drained-queue launch, a host-side idle gap after each burst setting the sustained duty cycle, and the SM clock, board power and memory clock read through NVML with the burst still in flight; NOT timing.TIMING_BASIS | duty 0.25 | each idle gap sized from its own burst (gap_basis burst)",,iters=supplied as None; sglang=package not installed,1,3.12.15,176.58886931557572,"measured on this device: NVIDIA GH200 480GB (measured), 658.0 TFLOP/s bf16 over 3725.9 GB/s (triad pattern); calibrated 2026-10-06 at 49f21980",,200.0,2.13.0,3.7.1,2026-10-06T08:52:02+00:00,0.27.1,300.0
private,4,32,2,64,512,2,576,0.340831995010376,0.3364480137825012,0.001723519893936656,580,3,320.78262361884117,"scripts/clock_elasticity.py: bursts of N back-to-back fused_experts calls under one pinned tile, each call L2-flushed and bracketed by its own pre-primed event pair, the FIRST call of every burst discarded as a drained-queue launch, a host-side idle gap after each burst setting the sustained duty cycle, and the SM clock, board power and memory clock read through NVML with the burst still in flight; NOT timing.TIMING_BASIS",1710.0,False,high,True,True,ok,"LEVEL HIGH (recorded, never an exclusion here): loaded clock 1710 MHz against the 1455 MHz reference. At a duty cycle below 1.0 a HIGH reading is the experiment working, not a cell to drop.",0.25,262.552,0.2498995031970528,117,110.58635899718503,burst,0.3407039940357208,0.34089601039886475,True,1710 1710 1710 1710 1710 1710 1710 1710 1710 1710 1710 1710 1710 1710 1710,False,3725.9156463999325,"measured on this device: NVIDIA GH200 480GB (measured), 3725.9 GB/s (triad pattern)",13.0,580.105.08,True,1,49f219808863cc3515979babf6eaed123d73f876,NVIDIA GH200 480GB,192-222-51-63,"scripts/clock_elasticity.py: bursts of N back-to-back fused_experts calls under one pinned tile, each call L2-flushed and bracketed by its own pre-primed event pair, the FIRST call of every burst discarded as a drained-queue launch, a host-side idle gap after each burst setting the sustained duty cycle, and the SM clock, board power and memory clock read through NVML with the burst still in flight; NOT timing.TIMING_BASIS | duty 0.25 | each idle gap sized from its own burst (gap_basis burst)",,iters=supplied as None; sglang=package not installed,1,3.12.15,176.58886931557572,"measured on this device: NVIDIA GH200 480GB (measured), 658.0 TFLOP/s bf16 over 3725.9 GB/s (triad pattern); calibrated 2026-10-06 at 49f21980",,200.0,2.13.0,3.7.1,2026-10-06T08:52:02+00:00,0.27.1,300.0
native,4,32,2,64,512,1,64,0.27001601457595825,0.24675199389457703,0.017380545237457006,705,3,317.6388159543276,"scripts/clock_elasticity.py: bursts of N back-to-back fused_experts calls under one pinned tile, each call L2-flushed and bracketed by its own pre-primed event pair, the FIRST call of every burst discarded as a drained-queue launch, a host-side idle gap after each burst setting the sustained duty cycle, and the SM clock, board power and memory clock read through NVML with the burst still in flight; NOT timing.TIMING_BASIS",1710.0,False,high,True,True,ok,"LEVEL HIGH (recorded, never an exclusion here): loaded clock 1710 MHz against the 1455 MHz reference. At a duty cycle below 1.0 a HIGH reading is the experiment working, not a cell to drop.; host-bound: in 15 of 15 trials the GPU had fewer than 2 iterations of work queued when the host finished enqueueing (smallest backlog 0.31 iterations; host enqueue 0.3500 ms per call); the intervals include host enqueue time and the number is an upper bound on the kernel time; time the callable as a graph replay or through a fused launcher to measure the GPU alone",0.25,259.86,0.24989926546648597,142,103.60072378786572,burst,0.2717120051383972,0.26815998554229736,True,1710 1710 1710 1710 1710 1710 1710 1710 1710 1710 1710 1710 1710 1710 1710,True,3725.9156463999325,"measured on this device: NVIDIA GH200 480GB (measured), 3725.9 GB/s (triad pattern)",13.0,580.105.08,True,1,49f219808863cc3515979babf6eaed123d73f876,NVIDIA GH200 480GB,192-222-51-63,"scripts/clock_elasticity.py: bursts of N back-to-back fused_experts calls under one pinned tile, each call L2-flushed and bracketed by its own pre-primed event pair, the FIRST call of every burst discarded as a drained-queue launch, a host-side idle gap after each burst setting the sustained duty cycle, and the SM clock, board power and memory clock read through NVML with the burst still in flight; NOT timing.TIMING_BASIS | duty 0.25 | each idle gap sized from its own burst (gap_basis burst)",,iters=supplied as None; sglang=package not installed,1,3.12.15,176.58886931557572,"measured on this device: NVIDIA GH200 480GB (measured), 658.0 TFLOP/s bf16 over 3725.9 GB/s (triad pattern); calibrated 2026-10-06 at 49f21980",,200.0,2.13.0,3.7.1,2026-10-06T08:52:02+00:00,0.27.1,300.0
shared,4,32,3,96,768,1,576,0.3883199989795685,0.38444799184799194,0.001654238825747835,510,3,321.5521916747093,"scripts/clock_elasticity.py: bursts of N back-to-back fused_experts calls under one pinned tile, each call L2-flushed and bracketed by its own pre-primed event pair, the FIRST call of every burst discarded as a drained-queue launch, a host-side idle gap after each burst setting the sustained duty cycle, and the SM clock, board power and memory clock read through NVML with the burst still in flight; NOT timing.TIMING_BASIS",1710.0,False,high,True,True,ok,"LEVEL HIGH (recorded, never an exclusion here): loaded clock 1710 MHz against the 1455 MHz reference. At a duty cycle below 1.0 a HIGH reading is the experiment working, not a cell to drop.",0.25,253.025,0.24989544724991877,103,112.01164510811942,burst,0.38867199420928955,0.3885760009288788,True,1710 1710 1710 1710 1710 1710 1710 1710 1710 1710 1710 1710 1710 1710 1710,False,3725.9156463999325,"measured on this device: NVIDIA GH200 480GB (measured), 3725.9 GB/s (triad pattern)",13.0,580.105.08,True,1,49f219808863cc3515979babf6eaed123d73f876,NVIDIA GH200 480GB,192-222-51-63,"scripts/clock_elasticity.py: bursts of N back-to-back fused_experts calls under one pinned tile, each call L2-flushed and bracketed by its own pre-primed event pair, the FIRST call of every burst discarded as a drained-queue launch, a host-side idle gap after each burst setting the sustained duty cycle, and the SM clock, board power and memory clock read through NVML with the burst still in flight; NOT timing.TIMING_BASIS | duty 0.25 | each idle gap sized from its own burst (gap_basis burst)",,iters=supplied as None; sglang=package not installed,1,3.12.15,176.58886931557572,"measured on this device: NVIDIA GH200 480GB (measured), 658.0 TFLOP/s bf16 over 3725.9 GB/s (triad pattern); calibrated 2026-10-06 at 49f21980",,200.0,2.13.0,3.7.1,2026-10-06T08:52:02+00:00,0.27.1,300.0
private,4,32,3,96,768,3,576,0.47945600748062134,0.47545599937438965,0.0014455315210161657,415,3,323.48707178235054,"scripts/clock_elasticity.py: bursts of N back-to-back fused_experts calls under one pinned tile, each call L2-flushed and bracketed by its own pre-primed event pair, the FIRST call of every burst discarded as a drained-queue launch, a host-side idle gap after each burst setting the sustained duty cycle, and the SM clock, board power and memory clock read through NVML with the burst still in flight; NOT timing.TIMING_BASIS",1710.0,False,high,True,True,ok,"LEVEL HIGH (recorded, never an exclusion here): loaded clock 1710 MHz against the 1455 MHz reference. At a duty cycle below 1.0 a HIGH reading is the experiment working, not a cell to drop.",0.25,260.853,0.24989816230628598,84,114.41914211172843,burst,0.4795200079679489,0.47939200699329376,True,1710 1710 1710 1710 1710 1710 1710 1710 1710 1710 1710 1710 1710 1710 1710,False,3725.9156463999325,"measured on this device: NVIDIA GH200 480GB (measured), 3725.9 GB/s (triad pattern)",13.0,580.105.08,True,1,49f219808863cc3515979babf6eaed123d73f876,NVIDIA GH200 480GB,192-222-51-63,"scripts/clock_elasticity.py: bursts of N back-to-back fused_experts calls under one pinned tile, each call L2-flushed and bracketed by its own pre-primed event pair, the FIRST call of every burst discarded as a drained-queue launch, a host-side idle gap after each burst setting the sustained duty cycle, and the SM clock, board power and memory clock read through NVML with the burst still in flight; NOT timing.TIMING_BASIS | duty 0.25 | each idle gap sized from its own burst (gap_basis burst)",,iters=supplied as None; sglang=package not installed,1,3.12.15,176.58886931557572,"measured on this device: NVIDIA GH200 480GB (measured), 658.0 TFLOP/s bf16 over 3725.9 GB/s (triad pattern); calibrated 2026-10-06 at 49f21980",,200.0,2.13.0,3.7.1,2026-10-06T08:52:02+00:00,0.27.1,300.0
native,4,32,3,96,768,1,64,0.35843199491500854,0.3540160059928894,0.001455869901593224,555,3,322.09315180778503,"scripts/clock_elasticity.py: bursts of N back-to-back fused_experts calls under one pinned tile, each call L2-flushed and bracketed by its own pre-primed event pair, the FIRST call of every burst discarded as a drained-queue launch, a host-side idle gap after each burst setting the sustained duty cycle, and the SM clock, board power and memory clock read through NVML with the burst still in flight; NOT timing.TIMING_BASIS",1710.0,False,high,True,True,ok,"LEVEL HIGH (recorded, never an exclusion here): loaded clock 1710 MHz against the 1455 MHz reference. At a duty cycle below 1.0 a HIGH reading is the experiment working, not a cell to drop.",0.25,264.325,0.24989462268610985,112,111.65682244667552,burst,0.35891199111938477,0.3583039939403534,True,1710 1710 1710 1710 1710 1710 1710 1710 1710 1710 1710 1710 1710 1710 1710,False,3725.9156463999325,"measured on this device: NVIDIA GH200 480GB (measured), 3725.9 GB/s (triad pattern)",13.0,580.105.08,True,1,49f219808863cc3515979babf6eaed123d73f876,NVIDIA GH200 480GB,192-222-51-63,"scripts/clock_elasticity.py: bursts of N back-to-back fused_experts calls under one pinned tile, each call L2-flushed and bracketed by its own pre-primed event pair, the FIRST call of every burst discarded as a drained-queue launch, a host-side idle gap after each burst setting the sustained duty cycle, and the SM clock, board power and memory clock read through NVML with the burst still in flight; NOT timing.TIMING_BASIS | duty 0.25 | each idle gap sized from its own burst (gap_basis burst)",,iters=supplied as None; sglang=package not installed,1,3.12.15,176.58886931557572,"measured on this device: NVIDIA GH200 480GB (measured), 658.0 TFLOP/s bf16 over 3725.9 GB/s (triad pattern); calibrated 2026-10-06 at 49f21980",,200.0,2.13.0,3.7.1,2026-10-06T08:52:02+00:00,0.27.1,300.0
shared,4,32,4,128,1024,1,576,0.49647998809814453,0.4904319941997528,0.0017276605998473745,400,3,322.6025601327419,"scripts/clock_elasticity.py: bursts of N back-to-back fused_experts calls under one pinned tile, each call L2-flushed and bracketed by its own pre-primed event pair, the FIRST call of every burst discarded as a drained-queue launch, a host-side idle gap after each burst setting the sustained duty cycle, and the SM clock, board power and memory clock read through NVML with the burst still in flight; NOT timing.TIMING_BASIS",1710.0,False,high,True,True,ok,"LEVEL HIGH (recorded, never an exclusion here): loaded clock 1710 MHz against the 1455 MHz reference. At a duty cycle below 1.0 a HIGH reading is the experiment working, not a cell to drop.",0.25,252.481,0.24989743970041126,81,114.5298318338173,burst,0.496848002076149,0.4965440034866333,True,1710 1710 1710 1710 1710 1710 1710 1710 1710 1710 1710 1710 1710 1710 1710,False,3725.9156463999325,"measured on this device: NVIDIA GH200 480GB (measured), 3725.9 GB/s (triad pattern)",13.0,580.105.08,True,1,49f219808863cc3515979babf6eaed123d73f876,NVIDIA GH200 480GB,192-222-51-63,"scripts/clock_elasticity.py: bursts of N back-to-back fused_experts calls under one pinned tile, each call L2-flushed and bracketed by its own pre-primed event pair, the FIRST call of every burst discarded as a drained-queue launch, a host-side idle gap after each burst setting the sustained duty cycle, and the SM clock, board power and memory clock read through NVML with the burst still in flight; NOT timing.TIMING_BASIS | duty 0.25 | each idle gap sized from its own burst (gap_basis burst)",,iters=supplied as None; sglang=package not installed,1,3.12.15,176.58886931557572,"measured on this device: NVIDIA GH200 480GB (measured), 658.0 TFLOP/s bf16 over 3725.9 GB/s (triad pattern); calibrated 2026-10-06 at 49f21980",,200.0,2.13.0,3.7.1,2026-10-06T08:52:02+00:00,0.27.1,300.0
private,4,32,4,128,1024,4,576,0.618943989276886,0.6140480041503906,0.0017325792773301215,320,3,323.48297595977783,"scripts/clock_elasticity.py: bursts of N back-to-back fused_experts calls under one pinned tile, each call L2-flushed and bracketed by its own pre-primed event pair, the FIRST call of every burst discarded as a drained-queue launch, a host-side idle gap after each burst setting the sustained duty cycle, and the SM clock, board power and memory clock read through NVML with the burst still in flight; NOT timing.TIMING_BASIS",1710.0,False,high,True,True,ok,"LEVEL HIGH (recorded, never an exclusion here): loaded clock 1710 MHz against the 1455 MHz reference. At a duty cycle below 1.0 a HIGH reading is the experiment working, not a cell to drop.",0.25,263.317,0.2498991595091976,65,115.81096057172543,burst,0.6186880171298981,0.6187679767608643,True,1710 1710 1710 1710 1710 1710 1710 1710 1710 1710 1710 1710 1710 1710 1710,False,3725.9156463999325,"measured on this device: NVIDIA GH200 480GB (measured), 3725.9 GB/s (triad pattern)",13.0,580.105.08,True,1,49f219808863cc3515979babf6eaed123d73f876,NVIDIA GH200 480GB,192-222-51-63,"scripts/clock_elasticity.py: bursts of N back-to-back fused_experts calls under one pinned tile, each call L2-flushed and bracketed by its own pre-primed event pair, the FIRST call of every burst discarded as a drained-queue launch, a host-side idle gap after each burst setting the sustained duty cycle, and the SM clock, board power and memory clock read through NVML with the burst still in flight; NOT timing.TIMING_BASIS | duty 0.25 | each idle gap sized from its own burst (gap_basis burst)",,iters=supplied as None; sglang=package not installed,1,3.12.15,176.58886931557572,"measured on this device: NVIDIA GH200 480GB (measured), 658.0 TFLOP/s bf16 over 3725.9 GB/s (triad pattern); calibrated 2026-10-06 at 49f21980",,200.0,2.13.0,3.7.1,2026-10-06T08:52:02+00:00,0.27.1,300.0
native,4,32,4,128,1024,1,64,0.4668479859828949,0.4625599980354309,0.0015598866779635394,425,3,322.2451842725277,"scripts/clock_elasticity.py: bursts of N back-to-back fused_experts calls under one pinned tile, each call L2-flushed and bracketed by its own pre-primed event pair, the FIRST call of every burst discarded as a drained-queue launch, a host-side idle gap after each burst setting the sustained duty cycle, and the SM clock, board power and memory clock read through NVML with the burst still in flight; NOT timing.TIMING_BASIS",1710.0,False,high,True,True,ok,"LEVEL HIGH (recorded, never an exclusion here): loaded clock 1710 MHz against the 1455 MHz reference. At a duty cycle below 1.0 a HIGH reading is the experiment working, not a cell to drop.",0.25,256.215,0.24989660544342945,86,114.00509281355333,burst,0.4665600061416626,0.46745601296424866,True,1710 1710 1710 1710 1710 1710 1710 1710 1710 1710 1710 1710 1710 1710 1710,False,3725.9156463999325,"measured on this device: NVIDIA GH200 480GB (measured), 3725.9 GB/s (triad pattern)",13.0,580.105.08,True,1,49f219808863cc3515979babf6eaed123d73f876,NVIDIA GH200 480GB,192-222-51-63,"scripts/clock_elasticity.py: bursts of N back-to-back fused_experts calls under one pinned tile, each call L2-flushed and bracketed by its own pre-primed event pair, the FIRST call of every burst discarded as a drained-queue launch, a host-side idle gap after each burst setting the sustained duty cycle, and the SM clock, board power and memory clock read through NVML with the burst still in flight; NOT timing.TIMING_BASIS | duty 0.25 | each idle gap sized from its own burst (gap_basis burst)",,iters=supplied as None; sglang=package not installed,1,3.12.15,176.58886931557572,"measured on this device: NVIDIA GH200 480GB (measured), 658.0 TFLOP/s bf16 over 3725.9 GB/s (triad pattern); calibrated 2026-10-06 at 49f21980",,200.0,2.13.0,3.7.1,2026-10-06T08:52:02+00:00,0.27.1,300.0
shared,4,32,5,160,1280,1,576,0.6038079857826233,0.5985280275344849,0.001962627761385022,325,3,320.6205440759659,"scripts/clock_elasticity.py: bursts of N back-to-back fused_experts calls under one pinned tile, each call L2-flushed and bracketed by its own pre-primed event pair, the FIRST call of every burst discarded as a drained-queue launch, a host-side idle gap after each burst setting the sustained duty cycle, and the SM clock, board power and memory clock read through NVML with the burst still in flight; NOT timing.TIMING_BASIS",1710.0,False,high,True,True,ok,"LEVEL HIGH (recorded, never an exclusion here): loaded clock 1710 MHz against the 1455 MHz reference. At a duty cycle below 1.0 a HIGH reading is the experiment working, not a cell to drop.",0.25,244.158,0.24989568674672008,66,114.65221045388898,burst,0.6032800078392029,0.6033919751644135,True,1710 1710 1710 1710 1710 1710 1710 1710 1710 1710 1710 1710 1710 1710 1710,False,3725.9156463999325,"measured on this device: NVIDIA GH200 480GB (measured), 3725.9 GB/s (triad pattern)",13.0,580.105.08,True,1,49f219808863cc3515979babf6eaed123d73f876,NVIDIA GH200 480GB,192-222-51-63,"scripts/clock_elasticity.py: bursts of N back-to-back fused_experts calls under one pinned tile, each call L2-flushed and bracketed by its own pre-primed event pair, the FIRST call of every burst discarded as a drained-queue launch, a host-side idle gap after each burst setting the sustained duty cycle, and the SM clock, board power and memory clock read through NVML with the burst still in flight; NOT timing.TIMING_BASIS | duty 0.25 | each idle gap sized from its own burst (gap_basis burst)",,iters=supplied as None; sglang=package not installed,1,3.12.15,176.58886931557572,"measured on this device: NVIDIA GH200 480GB (measured), 658.0 TFLOP/s bf16 over 3725.9 GB/s (triad pattern); calibrated 2026-10-06 at 49f21980",,200.0,2.13.0,3.7.1,2026-10-06T08:52:02+00:00,0.27.1,300.0
private,4,32,5,160,1280,5,576,0.7589120268821716,0.7539200186729431,0.0018184623216611735,260,3,323.02854442596436,"scripts/clock_elasticity.py: bursts of N back-to-back fused_experts calls under one pinned tile, each call L2-flushed and bracketed by its own pre-primed event pair, the FIRST call of every burst discarded as a drained-queue launch, a host-side idle gap after each burst setting the sustained duty cycle, and the SM clock, board power and memory clock read through NVML with the burst still in flight; NOT timing.TIMING_BASIS",1710.0,False,high,True,True,ok,"LEVEL HIGH (recorded, never an exclusion here): loaded clock 1710 MHz against the 1455 MHz reference. At a duty cycle below 1.0 a HIGH reading is the experiment working, not a cell to drop.",0.25,261.529,0.24990583546570994,53,116.751575118622,burst,0.7587839961051941,0.7587519884109497,True,1710 1710 1710 1710 1710 1710 1710 1710 1710 1710 1710 1710 1710 1710 1710,False,3725.9156463999325,"measured on this device: NVIDIA GH200 480GB (measured), 3725.9 GB/s (triad pattern)",13.0,580.105.08,True,1,49f219808863cc3515979babf6eaed123d73f876,NVIDIA GH200 480GB,192-222-51-63,"scripts/clock_elasticity.py: bursts of N back-to-back fused_experts calls under one pinned tile, each call L2-flushed and bracketed by its own pre-primed event pair, the FIRST call of every burst discarded as a drained-queue launch, a host-side idle gap after each burst setting the sustained duty cycle, and the SM clock, board power and memory clock read through NVML with the burst still in flight; NOT timing.TIMING_BASIS | duty 0.25 | each idle gap sized from its own burst (gap_basis burst)",,iters=supplied as None; sglang=package not installed,1,3.12.15,176.58886931557572,"measured on this device: NVIDIA GH200 480GB (measured), 658.0 TFLOP/s bf16 over 3725.9 GB/s (triad pattern); calibrated 2026-10-06 at 49f21980",,200.0,2.13.0,3.7.1,2026-10-06T08:52:02+00:00,0.27.1,300.0
native,4,32,5,160,1280,1,64,0.5753600001335144,0.5696960091590881,0.0019439213328786686,345,3,323.3849598765373,"scripts/clock_elasticity.py: bursts of N back-to-back fused_experts calls under one pinned tile, each call L2-flushed and bracketed by its own pre-primed event pair, the FIRST call of every burst discarded as a drained-queue launch, a host-side idle gap after each burst setting the sustained duty cycle, and the SM clock, board power and memory clock read through NVML with the burst still in flight; NOT timing.TIMING_BASIS",1710.0,False,high,True,True,ok,"LEVEL HIGH (recorded, never an exclusion here): loaded clock 1710 MHz against the 1455 MHz reference. At a duty cycle below 1.0 a HIGH reading is the experiment working, not a cell to drop.",0.25,253.037,0.24989859505878775,70,115.57873236536398,burst,0.5762240290641785,0.5752320289611816,True,1710 1710 1710 1710 1710 1710 1710 1710 1710 1710 1710 1710 1710 1710 1710,False,3725.9156463999325,"measured on this device: NVIDIA GH200 480GB (measured), 3725.9 GB/s (triad pattern)",13.0,580.105.08,True,1,49f219808863cc3515979babf6eaed123d73f876,NVIDIA GH200 480GB,192-222-51-63,"scripts/clock_elasticity.py: bursts of N back-to-back fused_experts calls under one pinned tile, each call L2-flushed and bracketed by its own pre-primed event pair, the FIRST call of every burst discarded as a drained-queue launch, a host-side idle gap after each burst setting the sustained duty cycle, and the SM clock, board power and memory clock read through NVML with the burst still in flight; NOT timing.TIMING_BASIS | duty 0.25 | each idle gap sized from its own burst (gap_basis burst)",,iters=supplied as None; sglang=package not installed,1,3.12.15,176.58886931557572,"measured on this device: NVIDIA GH200 480GB (measured), 658.0 TFLOP/s bf16 over 3725.9 GB/s (triad pattern); calibrated 2026-10-06 at 49f21980",,200.0,2.13.0,3.7.1,2026-10-06T08:52:02+00:00,0.27.1,300.0
shared,4,32,6,192,1536,1,576,0.712768018245697,0.7065920233726501,0.0024418520158596105,275,3,320.42809677124023,"scripts/clock_elasticity.py: bursts of N back-to-back fused_experts calls under one pinned tile, each call L2-flushed and bracketed by its own pre-primed event pair, the FIRST call of every burst discarded as a drained-queue launch, a host-side idle gap after each burst setting the sustained duty cycle, and the SM clock, board power and memory clock read through NVML with the burst still in flight; NOT timing.TIMING_BASIS",1710.0,False,high,True,True,ok,"LEVEL HIGH (recorded, never an exclusion here): loaded clock 1710 MHz against the 1455 MHz reference. At a duty cycle below 1.0 a HIGH reading is the experiment working, not a cell to drop.",0.25,241.643,0.2498980031755809,56,115.67144683389779,burst,0.7123519778251648,0.7131199836730957,True,1710 1710 1710 1710 1710 1710 1710 1710 1710 1710 1710 1710 1710 1710 1710,False,3725.9156463999325,"measured on this device: NVIDIA GH200 480GB (measured), 3725.9 GB/s (triad pattern)",13.0,580.105.08,True,1,49f219808863cc3515979babf6eaed123d73f876,NVIDIA GH200 480GB,192-222-51-63,"scripts/clock_elasticity.py: bursts of N back-to-back fused_experts calls under one pinned tile, each call L2-flushed and bracketed by its own pre-primed event pair, the FIRST call of every burst discarded as a drained-queue launch, a host-side idle gap after each burst setting the sustained duty cycle, and the SM clock, board power and memory clock read through NVML with the burst still in flight; NOT timing.TIMING_BASIS | duty 0.25 | each idle gap sized from its own burst (gap_basis burst)",,iters=supplied as None; sglang=package not installed,1,3.12.15,176.58886931557572,"measured on this device: NVIDIA GH200 480GB (measured), 658.0 TFLOP/s bf16 over 3725.9 GB/s (triad pattern); calibrated 2026-10-06 at 49f21980",,200.0,2.13.0,3.7.1,2026-10-06T08:52:02+00:00,0.27.1,300.0
private,4,32,6,192,1536,6,576,0.8962240219116211,0.8912320137023926,0.001671305083631778,220,3,324.1831676363945,"scripts/clock_elasticity.py: bursts of N back-to-back fused_experts calls under one pinned tile, each call L2-flushed and bracketed by its own pre-primed event pair, the FIRST call of every burst discarded as a drained-queue launch, a host-side idle gap after each burst setting the sustained duty cycle, and the SM clock, board power and memory clock read through NVML with the burst still in flight; NOT timing.TIMING_BASIS",1710.0,False,high,True,True,ok,"LEVEL HIGH (recorded, never an exclusion here): loaded clock 1710 MHz against the 1455 MHz reference. At a duty cycle below 1.0 a HIGH reading is the experiment working, not a cell to drop.",0.25,265.162,0.24990702401573073,45,117.77305183020509,burst,0.8963840007781982,0.8961920142173767,True,1710 1710 1710 1710 1710 1710 1710 1710 1710 1710 1710 1710 1710 1710 1710,False,3725.9156463999325,"measured on this device: NVIDIA GH200 480GB (measured), 3725.9 GB/s (triad pattern)",13.0,580.105.08,True,1,49f219808863cc3515979babf6eaed123d73f876,NVIDIA GH200 480GB,192-222-51-63,"scripts/clock_elasticity.py: bursts of N back-to-back fused_experts calls under one pinned tile, each call L2-flushed and bracketed by its own pre-primed event pair, the FIRST call of every burst discarded as a drained-queue launch, a host-side idle gap after each burst setting the sustained duty cycle, and the SM clock, board power and memory clock read through NVML with the burst still in flight; NOT timing.TIMING_BASIS | duty 0.25 | each idle gap sized from its own burst (gap_basis burst)",,iters=supplied as None; sglang=package not installed,1,3.12.15,176.58886931557572,"measured on this device: NVIDIA GH200 480GB (measured), 658.0 TFLOP/s bf16 over 3725.9 GB/s (triad pattern); calibrated 2026-10-06 at 49f21980",,200.0,2.13.0,3.7.1,2026-10-06T08:52:02+00:00,0.27.1,300.0
native,4,32,6,192,1536,1,64,0.6831039786338806,0.6769279837608337,0.0022429428888166066,290,3,323.62396788597107,"scripts/clock_elasticity.py: bursts of N back-to-back fused_experts calls under one pinned tile, each call L2-flushed and bracketed by its own pre-primed event pair, the FIRST call of every burst discarded as a drained-queue launch, a host-side idle gap after each burst setting the sustained duty cycle, and the SM clock, board power and memory clock read through NVML with the burst still in flight; NOT timing.TIMING_BASIS",1710.0,False,high,True,True,ok,"LEVEL HIGH (recorded, never an exclusion here): loaded clock 1710 MHz against the 1455 MHz reference. At a duty cycle below 1.0 a HIGH reading is the experiment working, not a cell to drop.",0.25,249.339,0.2498934354029738,59,116.59825930227815,burst,0.6837599873542786,0.6825279891490936,True,1710 1710 1710 1710 1710 1710 1710 1710 1710 1710 1710 1710 1710 1710 1710,False,3725.9156463999325,"measured on this device: NVIDIA GH200 480GB (measured), 3725.9 GB/s (triad pattern)",13.0,580.105.08,True,1,49f219808863cc3515979babf6eaed123d73f876,NVIDIA GH200 480GB,192-222-51-63,"scripts/clock_elasticity.py: bursts of N back-to-back fused_experts calls under one pinned tile, each call L2-flushed and bracketed by its own pre-primed event pair, the FIRST call of every burst discarded as a drained-queue launch, a host-side idle gap after each burst setting the sustained duty cycle, and the SM clock, board power and memory clock read through NVML with the burst still in flight; NOT timing.TIMING_BASIS | duty 0.25 | each idle gap sized from its own burst (gap_basis burst)",,iters=supplied as None; sglang=package not installed,1,3.12.15,176.58886931557572,"measured on this device: NVIDIA GH200 480GB (measured), 658.0 TFLOP/s bf16 over 3725.9 GB/s (triad pattern); calibrated 2026-10-06 at 49f21980",,200.0,2.13.0,3.7.1,2026-10-06T08:52:02+00:00,0.27.1,300.0
shared,4,32,7,224,1792,1,576,0.8130079805850983,0.8059520125389099,0.0033145790529250487,240,3,319.7799037694931,"scripts/clock_elasticity.py: bursts of N back-to-back fused_experts calls under one pinned tile, each call L2-flushed and bracketed by its own pre-primed event pair, the FIRST call of every burst discarded as a drained-queue launch, a host-side idle gap after each burst setting the sustained duty cycle, and the SM clock, board power and memory clock read through NVML with the burst still in flight; NOT timing.TIMING_BASIS",1710.0,False,high,True,True,ok,"LEVEL HIGH (recorded, never an exclusion here): loaded clock 1710 MHz against the 1455 MHz reference. At a duty cycle below 1.0 a HIGH reading is the experiment working, not a cell to drop.",0.25,240.928,0.24989626440572574,49,115.7940758351833,burst,0.8122720122337341,0.8129760026931763,True,1710 1710 1710 1710 1710 1710 1710 1710 1710 1710 1710 1710 1710 1710 1710,False,3725.9156463999325,"measured on this device: NVIDIA GH200 480GB (measured), 3725.9 GB/s (triad pattern)",13.0,580.105.08,True,1,49f219808863cc3515979babf6eaed123d73f876,NVIDIA GH200 480GB,192-222-51-63,"scripts/clock_elasticity.py: bursts of N back-to-back fused_experts calls under one pinned tile, each call L2-flushed and bracketed by its own pre-primed event pair, the FIRST call of every burst discarded as a drained-queue launch, a host-side idle gap after each burst setting the sustained duty cycle, and the SM clock, board power and memory clock read through NVML with the burst still in flight; NOT timing.TIMING_BASIS | duty 0.25 | each idle gap sized from its own burst (gap_basis burst)",,iters=supplied as None; sglang=package not installed,1,3.12.15,176.58886931557572,"measured on this device: NVIDIA GH200 480GB (measured), 658.0 TFLOP/s bf16 over 3725.9 GB/s (triad pattern); calibrated 2026-10-06 at 49f21980",,200.0,2.13.0,3.7.1,2026-10-06T08:52:02+00:00,0.27.1,300.0
private,4,32,7,224,1792,7,576,1.0352799892425537,1.0300159454345703,0.0017686829206827034,190,3,324.093536734581,"scripts/clock_elasticity.py: bursts of N back-to-back fused_experts calls under one pinned tile, each call L2-flushed and bracketed by its own pre-primed event pair, the FIRST call of every burst discarded as a drained-queue launch, a host-side idle gap after each burst setting the sustained duty cycle, and the SM clock, board power and memory clock read through NVML with the burst still in flight; NOT timing.TIMING_BASIS",1710.0,False,high,True,True,ok,"LEVEL HIGH (recorded, never an exclusion here): loaded clock 1710 MHz against the 1455 MHz reference. At a duty cycle below 1.0 a HIGH reading is the experiment working, not a cell to drop.",0.25,265.088,0.2498997467132214,39,118.4102375913062,burst,1.0355199575424194,1.035264015197754,True,1710 1710 1710 1710 1710 1710 1710 1710 1710 1710 1710 1710 1710 1710 1710,False,3725.9156463999325,"measured on this device: NVIDIA GH200 480GB (measured), 3725.9 GB/s (triad pattern)",13.0,580.105.08,True,1,49f219808863cc3515979babf6eaed123d73f876,NVIDIA GH200 480GB,192-222-51-63,"scripts/clock_elasticity.py: bursts of N back-to-back fused_experts calls under one pinned tile, each call L2-flushed and bracketed by its own pre-primed event pair, the FIRST call of every burst discarded as a drained-queue launch, a host-side idle gap after each burst setting the sustained duty cycle, and the SM clock, board power and memory clock read through NVML with the burst still in flight; NOT timing.TIMING_BASIS | duty 0.25 | each idle gap sized from its own burst (gap_basis burst)",,iters=supplied as None; sglang=package not installed,1,3.12.15,176.58886931557572,"measured on this device: NVIDIA GH200 480GB (measured), 658.0 TFLOP/s bf16 over 3725.9 GB/s (triad pattern); calibrated 2026-10-06 at 49f21980",,200.0,2.13.0,3.7.1,2026-10-06T08:52:02+00:00,0.27.1,300.0
native,4,32,7,224,1792,1,64,0.781904011964798,0.7761600017547607,0.0027586842712073734,250,3,320.24899250268936,"scripts/clock_elasticity.py: bursts of N back-to-back fused_experts calls under one pinned tile, each call L2-flushed and bracketed by its own pre-primed event pair, the FIRST call of every burst discarded as a drained-queue launch, a host-side idle gap after each burst setting the sustained duty cycle, and the SM clock, board power and memory clock read through NVML with the burst still in flight; NOT timing.TIMING_BASIS",1710.0,False,high,True,True,ok,"LEVEL HIGH (recorded, never an exclusion here): loaded clock 1710 MHz against the 1455 MHz reference. At a duty cycle below 1.0 a HIGH reading is the experiment working, not a cell to drop.",0.25,252.887,0.2498924539591814,51,116.06681056950039,burst,0.7832640111446381,0.781904011964798,True,1710 1710 1710 1710 1710 1710 1710 1710 1710 1710 1710 1710 1710 1710 1710,False,3725.9156463999325,"measured on this device: NVIDIA GH200 480GB (measured), 3725.9 GB/s (triad pattern)",13.0,580.105.08,True,1,49f219808863cc3515979babf6eaed123d73f876,NVIDIA GH200 480GB,192-222-51-63,"scripts/clock_elasticity.py: bursts of N back-to-back fused_experts calls under one pinned tile, each call L2-flushed and bracketed by its own pre-primed event pair, the FIRST call of every burst discarded as a drained-queue launch, a host-side idle gap after each burst setting the sustained duty cycle, and the SM clock, board power and memory clock read through NVML with the burst still in flight; NOT timing.TIMING_BASIS | duty 0.25 | each idle gap sized from its own burst (gap_basis burst)",,iters=supplied as None; sglang=package not installed,1,3.12.15,176.58886931557572,"measured on this device: NVIDIA GH200 480GB (measured), 658.0 TFLOP/s bf16 over 3725.9 GB/s (triad pattern); calibrated 2026-10-06 at 49f21980",,200.0,2.13.0,3.7.1,2026-10-06T08:52:02+00:00,0.27.1,300.0
shared,4,32,8,256,2048,1,576,0.9212160110473633,0.9137920141220093,0.00373562748191965,210,3,318.73456078767776,"scripts/clock_elasticity.py: bursts of N back-to-back fused_experts calls under one pinned tile, each call L2-flushed and bracketed by its own pre-primed event pair, the FIRST call of every burst discarded as a drained-queue launch, a host-side idle gap after each burst setting the sustained duty cycle, and the SM clock, board power and memory clock read through NVML with the burst still in flight; NOT timing.TIMING_BASIS",1710.0,False,high,True,True,ok,"LEVEL HIGH (recorded, never an exclusion here): loaded clock 1710 MHz against the 1455 MHz reference. At a duty cycle below 1.0 a HIGH reading is the experiment working, not a cell to drop.",0.25,241.006,0.24990040079496897,43,115.67635288406747,burst,0.9210399985313416,0.9224479794502258,True,1710 1710 1710 1710 1710 1710 1710 1710 1710 1710 1710 1710 1710 1710 1710,False,3725.9156463999325,"measured on this device: NVIDIA GH200 480GB (measured), 3725.9 GB/s (triad pattern)",13.0,580.105.08,True,1,49f219808863cc3515979babf6eaed123d73f876,NVIDIA GH200 480GB,192-222-51-63,"scripts/clock_elasticity.py: bursts of N back-to-back fused_experts calls under one pinned tile, each call L2-flushed and bracketed by its own pre-primed event pair, the FIRST call of every burst discarded as a drained-queue launch, a host-side idle gap after each burst setting the sustained duty cycle, and the SM clock, board power and memory clock read through NVML with the burst still in flight; NOT timing.TIMING_BASIS | duty 0.25 | each idle gap sized from its own burst (gap_basis burst)",,iters=supplied as None; sglang=package not installed,1,3.12.15,176.58886931557572,"measured on this device: NVIDIA GH200 480GB (measured), 658.0 TFLOP/s bf16 over 3725.9 GB/s (triad pattern); calibrated 2026-10-06 at 49f21980",,200.0,2.13.0,3.7.1,2026-10-06T08:52:02+00:00,0.27.1,300.0
private,4,32,8,256,2048,8,576,1.1742719411849976,1.1687999963760376,0.0018820052691965864,165,3,320.7332158088684,"scripts/clock_elasticity.py: bursts of N back-to-back fused_experts calls under one pinned tile, each call L2-flushed and bracketed by its own pre-primed event pair, the FIRST call of every burst discarded as a drained-queue launch, a host-side idle gap after each burst setting the sustained duty cycle, and the SM clock, board power and memory clock read through NVML with the burst still in flight; NOT timing.TIMING_BASIS",1710.0,False,high,True,True,ok,"LEVEL HIGH (recorded, never an exclusion here): loaded clock 1710 MHz against the 1455 MHz reference. At a duty cycle below 1.0 a HIGH reading is the experiment working, not a cell to drop.",0.25,268.088,0.2498936570015667,34,117.4395881397795,burst,1.1740960478782654,1.1735680103302002,True,1710 1710 1710 1710 1710 1710 1710 1710 1710 1710 1710 1710 1710 1710 1710,False,3725.9156463999325,"measured on this device: NVIDIA GH200 480GB (measured), 3725.9 GB/s (triad pattern)",13.0,580.105.08,True,1,49f219808863cc3515979babf6eaed123d73f876,NVIDIA GH200 480GB,192-222-51-63,"scripts/clock_elasticity.py: bursts of N back-to-back fused_experts calls under one pinned tile, each call L2-flushed and bracketed by its own pre-primed event pair, the FIRST call of every burst discarded as a drained-queue launch, a host-side idle gap after each burst setting the sustained duty cycle, and the SM clock, board power and memory clock read through NVML with the burst still in flight; NOT timing.TIMING_BASIS | duty 0.25 | each idle gap sized from its own burst (gap_basis burst)",,iters=supplied as None; sglang=package not installed,1,3.12.15,176.58886931557572,"measured on this device: NVIDIA GH200 480GB (measured), 658.0 TFLOP/s bf16 over 3725.9 GB/s (triad pattern); calibrated 2026-10-06 at 49f21980",,200.0,2.13.0,3.7.1,2026-10-06T08:52:02+00:00,0.27.1,300.0
native,4,32,8,256,2048,1,64,0.8885440230369568,0.8818240165710449,0.0024304350953532282,220,3,321.4029441475868,"scripts/clock_elasticity.py: bursts of N back-to-back fused_experts calls under one pinned tile, each call L2-flushed and bracketed by its own pre-primed event pair, the FIRST call of every burst discarded as a drained-queue launch, a host-side idle gap after each burst setting the sustained duty cycle, and the SM clock, board power and memory clock read through NVML with the burst still in flight; NOT timing.TIMING_BASIS",1710.0,False,high,True,True,ok,"LEVEL HIGH (recorded, never an exclusion here): loaded clock 1710 MHz against the 1455 MHz reference. At a duty cycle below 1.0 a HIGH reading is the experiment working, not a cell to drop.",0.25,247.93,0.24989342408752924,45,116.8017889046605,burst,0.8876479864120483,0.8894079923629761,True,1710 1710 1710 1710 1710 1710 1710 1710 1710 1710 1710 1710 1710 1710 1710,False,3725.9156463999325,"measured on this device: NVIDIA GH200 480GB (measured), 3725.9 GB/s (triad pattern)",13.0,580.105.08,True,1,49f219808863cc3515979babf6eaed123d73f876,NVIDIA GH200 480GB,192-222-51-63,"scripts/clock_elasticity.py: bursts of N back-to-back fused_experts calls under one pinned tile, each call L2-flushed and bracketed by its own pre-primed event pair, the FIRST call of every burst discarded as a drained-queue launch, a host-side idle gap after each burst setting the sustained duty cycle, and the SM clock, board power and memory clock read through NVML with the burst still in flight; NOT timing.TIMING_BASIS | duty 0.25 | each idle gap sized from its own burst (gap_basis burst)",,iters=supplied as None; sglang=package not installed,1,3.12.15,176.58886931557572,"measured on this device: NVIDIA GH200 480GB (measured), 658.0 TFLOP/s bf16 over 3725.9 GB/s (triad pattern); calibrated 2026-10-06 at 49f21980",,200.0,2.13.0,3.7.1,2026-10-06T08:52:02+00:00,0.27.1,300.0
shared,4,32,9,288,2304,1,576,1.0298880338668823,1.022047996520996,0.0036630643265417946,190,3,322.4930237531662,"scripts/clock_elasticity.py: bursts of N back-to-back fused_experts calls under one pinned tile, each call L2-flushed and bracketed by its own pre-primed event pair, the FIRST call of every burst discarded as a drained-queue launch, a host-side idle gap after each burst setting the sustained duty cycle, and the SM clock, board power and memory clock read through NVML with the burst still in flight; NOT timing.TIMING_BASIS",1710.0,False,high,True,True,ok,"LEVEL HIGH (recorded, never an exclusion here): loaded clock 1710 MHz against the 1455 MHz reference. At a duty cycle below 1.0 a HIGH reading is the experiment working, not a cell to drop.",0.25,241.947,0.24989886150289917,39,117.78172670285858,burst,1.0299839973449707,1.0301439762115479,True,1710 1710 1710 1710 1710 1710 1710 1710 1710 1710 1710 1710 1710 1710 1710,False,3725.9156463999325,"measured on this device: NVIDIA GH200 480GB (measured), 3725.9 GB/s (triad pattern)",13.0,580.105.08,True,1,49f219808863cc3515979babf6eaed123d73f876,NVIDIA GH200 480GB,192-222-51-63,"scripts/clock_elasticity.py: bursts of N back-to-back fused_experts calls under one pinned tile, each call L2-flushed and bracketed by its own pre-primed event pair, the FIRST call of every burst discarded as a drained-queue launch, a host-side idle gap after each burst setting the sustained duty cycle, and the SM clock, board power and memory clock read through NVML with the burst still in flight; NOT timing.TIMING_BASIS | duty 0.25 | each idle gap sized from its own burst (gap_basis burst)",,iters=supplied as None; sglang=package not installed,1,3.12.15,176.58886931557572,"measured on this device: NVIDIA GH200 480GB (measured), 658.0 TFLOP/s bf16 over 3725.9 GB/s (triad pattern); calibrated 2026-10-06 at 49f21980",,200.0,2.13.0,3.7.1,2026-10-06T08:52:02+00:00,0.27.1,300.0
private,4,32,9,288,2304,9,576,1.31660795211792,1.3114880323410034,0.0019224206646422499,145,3,317.273184299469,"scripts/clock_elasticity.py: bursts of N back-to-back fused_experts calls under one pinned tile, each call L2-flushed and bracketed by its own pre-primed event pair, the FIRST call of every burst discarded as a drained-queue launch, a host-side idle gap after each burst setting the sustained duty cycle, and the SM clock, board power and memory clock read through NVML with the burst still in flight; NOT timing.TIMING_BASIS",1710.0,False,high,True,True,ok,"LEVEL HIGH (recorded, never an exclusion here): loaded clock 1710 MHz against the 1455 MHz reference. At a duty cycle below 1.0 a HIGH reading is the experiment working, not a cell to drop.",0.25,267.326,0.24989441573787916,30,116.43248646370921,burst,1.3166719675064087,1.316159963607788,True,1710 1710 1710 1710 1710 1710 1710 1710 1710 1710 1710 1710 1710 1710 1710,False,3725.9156463999325,"measured on this device: NVIDIA GH200 480GB (measured), 3725.9 GB/s (triad pattern)",13.0,580.105.08,True,1,49f219808863cc3515979babf6eaed123d73f876,NVIDIA GH200 480GB,192-222-51-63,"scripts/clock_elasticity.py: bursts of N back-to-back fused_experts calls under one pinned tile, each call L2-flushed and bracketed by its own pre-primed event pair, the FIRST call of every burst discarded as a drained-queue launch, a host-side idle gap after each burst setting the sustained duty cycle, and the SM clock, board power and memory clock read through NVML with the burst still in flight; NOT timing.TIMING_BASIS | duty 0.25 | each idle gap sized from its own burst (gap_basis burst)",,iters=supplied as None; sglang=package not installed,1,3.12.15,176.58886931557572,"measured on this device: NVIDIA GH200 480GB (measured), 658.0 TFLOP/s bf16 over 3725.9 GB/s (triad pattern); calibrated 2026-10-06 at 49f21980",,200.0,2.13.0,3.7.1,2026-10-06T08:52:02+00:00,0.27.1,300.0
native,4,32,9,288,2304,1,64,0.9966400265693665,0.9900479912757874,0.0030423196877229328,195,3,320.2908160686493,"scripts/clock_elasticity.py: bursts of N back-to-back fused_experts calls under one pinned tile, each call L2-flushed and bracketed by its own pre-primed event pair, the FIRST call of every burst discarded as a drained-queue launch, a host-side idle gap after each burst setting the sustained duty cycle, and the SM clock, board power and memory clock read through NVML with the burst still in flight; NOT timing.TIMING_BASIS",1710.0,False,high,True,True,ok,"LEVEL HIGH (recorded, never an exclusion here): loaded clock 1710 MHz against the 1455 MHz reference. At a duty cycle below 1.0 a HIGH reading is the experiment working, not a cell to drop.",0.25,242.957,0.2498943256204055,40,116.80224036430445,burst,0.9978240132331848,0.9970560073852539,True,1710 1710 1710 1710 1710 1710 1710 1710 1710 1710 1710 1710 1710 1710 1710,False,3725.9156463999325,"measured on this device: NVIDIA GH200 480GB (measured), 3725.9 GB/s (triad pattern)",13.0,580.105.08,True,1,49f219808863cc3515979babf6eaed123d73f876,NVIDIA GH200 480GB,192-222-51-63,"scripts/clock_elasticity.py: bursts of N back-to-back fused_experts calls under one pinned tile, each call L2-flushed and bracketed by its own pre-primed event pair, the FIRST call of every burst discarded as a drained-queue launch, a host-side idle gap after each burst setting the sustained duty cycle, and the SM clock, board power and memory clock read through NVML with the burst still in flight; NOT timing.TIMING_BASIS | duty 0.25 | each idle gap sized from its own burst (gap_basis burst)",,iters=supplied as None; sglang=package not installed,1,3.12.15,176.58886931557572,"measured on this device: NVIDIA GH200 480GB (measured), 658.0 TFLOP/s bf16 over 3725.9 GB/s (triad pattern); calibrated 2026-10-06 at 49f21980",,200.0,2.13.0,3.7.1,2026-10-06T08:52:02+00:00,0.27.1,300.0
private,5,32,9,288,2304,9,576,1.317247986793518,1.3123199939727783,0.001868882594163531,145,3,317.4521919488907,"scripts/clock_elasticity.py: bursts of N back-to-back fused_experts calls under one pinned tile, each call L2-flushed and bracketed by its own pre-primed event pair, the FIRST call of every burst discarded as a drained-queue launch, a host-side idle gap after each burst setting the sustained duty cycle, and the SM clock, board power and memory clock read through NVML with the burst still in flight; NOT timing.TIMING_BASIS",1710.0,False,high,True,True,ok,"LEVEL HIGH (recorded, never an exclusion here): loaded clock 1710 MHz against the 1455 MHz reference. At a duty cycle below 1.0 a HIGH reading is the experiment working, not a cell to drop.",0.25,268.438,0.24989466009291159,30,116.52768840637145,burst,1.317088007926941,1.31660795211792,True,1710 1710 1710 1710 1710 1710 1710 1710 1710 1710 1710 1710 1710 1710 1710,False,3725.9156463999325,"measured on this device: NVIDIA GH200 480GB (measured), 3725.9 GB/s (triad pattern)",13.0,580.105.08,True,1,49f219808863cc3515979babf6eaed123d73f876,NVIDIA GH200 480GB,192-222-51-63,"scripts/clock_elasticity.py: bursts of N back-to-back fused_experts calls under one pinned tile, each call L2-flushed and bracketed by its own pre-primed event pair, the FIRST call of every burst discarded as a drained-queue launch, a host-side idle gap after each burst setting the sustained duty cycle, and the SM clock, board power and memory clock read through NVML with the burst still in flight; NOT timing.TIMING_BASIS | duty 0.25 | each idle gap sized from its own burst (gap_basis burst)",,iters=supplied as None; sglang=package not installed,1,3.12.15,176.58886931557572,"measured on this device: NVIDIA GH200 480GB (measured), 658.0 TFLOP/s bf16 over 3725.9 GB/s (triad pattern); calibrated 2026-10-06 at 49f21980",,200.0,2.13.0,3.7.1,2026-10-06T08:52:02+00:00,0.27.1,300.0
native,5,32,9,288,2304,1,64,0.9964159727096558,0.9881600141525269,0.002613329873511506,195,3,320.2687996029854,"scripts/clock_elasticity.py: bursts of N back-to-back fused_experts calls under one pinned tile, each call L2-flushed and bracketed by its own pre-primed event pair, the FIRST call of every burst discarded as a drained-queue launch, a host-side idle gap after each burst setting the sustained duty cycle, and the SM clock, board power and memory clock read through NVML with the burst still in flight; NOT timing.TIMING_BASIS",1710.0,False,high,True,True,ok,"LEVEL HIGH (recorded, never an exclusion here): loaded clock 1710 MHz against the 1455 MHz reference. At a duty cycle below 1.0 a HIGH reading is the experiment working, not a cell to drop.",0.25,247.521,0.24989647483380076,40,116.87769649828988,burst,0.9977920055389404,0.9968640208244324,True,1710 1710 1710 1710 1710 1710 1710 1710 1710 1710 1710 1710 1710 1710 1710,False,3725.9156463999325,"measured on this device: NVIDIA GH200 480GB (measured), 3725.9 GB/s (triad pattern)",13.0,580.105.08,True,1,49f219808863cc3515979babf6eaed123d73f876,NVIDIA GH200 480GB,192-222-51-63,"scripts/clock_elasticity.py: bursts of N back-to-back fused_experts calls under one pinned tile, each call L2-flushed and bracketed by its own pre-primed event pair, the FIRST call of every burst discarded as a drained-queue launch, a host-side idle gap after each burst setting the sustained duty cycle, and the SM clock, board power and memory clock read through NVML with the burst still in flight; NOT timing.TIMING_BASIS | duty 0.25 | each idle gap sized from its own burst (gap_basis burst)",,iters=supplied as None; sglang=package not installed,1,3.12.15,176.58886931557572,"measured on this device: NVIDIA GH200 480GB (measured), 658.0 TFLOP/s bf16 over 3725.9 GB/s (triad pattern); calibrated 2026-10-06 at 49f21980",,200.0,2.13.0,3.7.1,2026-10-06T08:52:02+00:00,0.27.1,300.0
shared,5,32,9,288,2304,1,576,1.0303199887275696,1.0217920541763306,0.0035677996226923378,190,3,322.8821442127228,"scripts/clock_elasticity.py: bursts of N back-to-back fused_experts calls under one pinned tile, each call L2-flushed and bracketed by its own pre-primed event pair, the FIRST call of every burst discarded as a drained-queue launch, a host-side idle gap after each burst setting the sustained duty cycle, and the SM clock, board power and memory clock read through NVML with the burst still in flight; NOT timing.TIMING_BASIS",1710.0,False,high,True,True,ok,"LEVEL HIGH (recorded, never an exclusion here): loaded clock 1710 MHz against the 1455 MHz reference. At a duty cycle below 1.0 a HIGH reading is the experiment working, not a cell to drop.",0.25,243.042,0.24990607763409398,39,117.81328036057675,burst,1.0311039686203003,1.0315200090408325,True,1710 1710 1710 1710 1710 1710 1710 1710 1710 1710 1710 1710 1710 1710 1710,False,3725.9156463999325,"measured on this device: NVIDIA GH200 480GB (measured), 3725.9 GB/s (triad pattern)",13.0,580.105.08,True,1,49f219808863cc3515979babf6eaed123d73f876,NVIDIA GH200 480GB,192-222-51-63,"scripts/clock_elasticity.py: bursts of N back-to-back fused_experts calls under one pinned tile, each call L2-flushed and bracketed by its own pre-primed event pair, the FIRST call of every burst discarded as a drained-queue launch, a host-side idle gap after each burst setting the sustained duty cycle, and the SM clock, board power and memory clock read through NVML with the burst still in flight; NOT timing.TIMING_BASIS | duty 0.25 | each idle gap sized from its own burst (gap_basis burst)",,iters=supplied as None; sglang=package not installed,1,3.12.15,176.58886931557572,"measured on this device: NVIDIA GH200 480GB (measured), 658.0 TFLOP/s bf16 over 3725.9 GB/s (triad pattern); calibrated 2026-10-06 at 49f21980",,200.0,2.13.0,3.7.1,2026-10-06T08:52:02+00:00,0.27.1,300.0
private,5,32,8,256,2048,8,576,1.1738879680633545,1.1692800521850586,0.0018896356679494021,165,3,320.53955233097076,"scripts/clock_elasticity.py: bursts of N back-to-back fused_experts calls under one pinned tile, each call L2-flushed and bracketed by its own pre-primed event pair, the FIRST call of every burst discarded as a drained-queue launch, a host-side idle gap after each burst setting the sustained duty cycle, and the SM clock, board power and memory clock read through NVML with the burst still in flight; NOT timing.TIMING_BASIS",1710.0,False,high,True,True,ok,"LEVEL HIGH (recorded, never an exclusion here): loaded clock 1710 MHz against the 1455 MHz reference. At a duty cycle below 1.0 a HIGH reading is the experiment working, not a cell to drop.",0.25,264.249,0.24989177841722568,34,117.32371649154084,burst,1.1735199689865112,1.1736960411071777,True,1710 1710 1710 1710 1710 1710 1710 1710 1710 1710 1710 1710 1710 1710 1710,False,3725.9156463999325,"measured on this device: NVIDIA GH200 480GB (measured), 3725.9 GB/s (triad pattern)",13.0,580.105.08,True,1,49f219808863cc3515979babf6eaed123d73f876,NVIDIA GH200 480GB,192-222-51-63,"scripts/clock_elasticity.py: bursts of N back-to-back fused_experts calls under one pinned tile, each call L2-flushed and bracketed by its own pre-primed event pair, the FIRST call of every burst discarded as a drained-queue launch, a host-side idle gap after each burst setting the sustained duty cycle, and the SM clock, board power and memory clock read through NVML with the burst still in flight; NOT timing.TIMING_BASIS | duty 0.25 | each idle gap sized from its own burst (gap_basis burst)",,iters=supplied as None; sglang=package not installed,1,3.12.15,176.58886931557572,"measured on this device: NVIDIA GH200 480GB (measured), 658.0 TFLOP/s bf16 over 3725.9 GB/s (triad pattern); calibrated 2026-10-06 at 49f21980",,200.0,2.13.0,3.7.1,2026-10-06T08:52:02+00:00,0.27.1,300.0
native,5,32,8,256,2048,1,64,0.8886719942092896,0.8831999897956848,0.002283882958608041,220,3,320.80787205696106,"scripts/clock_elasticity.py: bursts of N back-to-back fused_experts calls under one pinned tile, each call L2-flushed and bracketed by its own pre-primed event pair, the FIRST call of every burst discarded as a drained-queue launch, a host-side idle gap after each burst setting the sustained duty cycle, and the SM clock, board power and memory clock read through NVML with the burst still in flight; NOT timing.TIMING_BASIS",1710.0,False,high,True,True,ok,"LEVEL HIGH (recorded, never an exclusion here): loaded clock 1710 MHz against the 1455 MHz reference. At a duty cycle below 1.0 a HIGH reading is the experiment working, not a cell to drop.",0.25,248.875,0.2498966926976072,45,116.79814014931617,burst,0.8883519768714905,0.8891199827194214,True,1710 1710 1710 1710 1710 1710 1710 1710 1710 1710 1710 1710 1710 1710 1710,False,3725.9156463999325,"measured on this device: NVIDIA GH200 480GB (measured), 3725.9 GB/s (triad pattern)",13.0,580.105.08,True,1,49f219808863cc3515979babf6eaed123d73f876,NVIDIA GH200 480GB,192-222-51-63,"scripts/clock_elasticity.py: bursts of N back-to-back fused_experts calls under one pinned tile, each call L2-flushed and bracketed by its own pre-primed event pair, the FIRST call of every burst discarded as a drained-queue launch, a host-side idle gap after each burst setting the sustained duty cycle, and the SM clock, board power and memory clock read through NVML with the burst still in flight; NOT timing.TIMING_BASIS | duty 0.25 | each idle gap sized from its own burst (gap_basis burst)",,iters=supplied as None; sglang=package not installed,1,3.12.15,176.58886931557572,"measured on this device: NVIDIA GH200 480GB (measured), 658.0 TFLOP/s bf16 over 3725.9 GB/s (triad pattern); calibrated 2026-10-06 at 49f21980",,200.0,2.13.0,3.7.1,2026-10-06T08:52:02+00:00,0.27.1,300.0
shared,5,32,8,256,2048,1,576,0.9213919937610626,0.9145600199699402,0.0030840467607569752,210,3,317.93446320295334,"scripts/clock_elasticity.py: bursts of N back-to-back fused_experts calls under one pinned tile, each call L2-flushed and bracketed by its own pre-primed event pair, the FIRST call of every burst discarded as a drained-queue launch, a host-side idle gap after each burst setting the sustained duty cycle, and the SM clock, board power and memory clock read through NVML with the burst still in flight; NOT timing.TIMING_BASIS",1710.0,False,high,True,True,ok,"LEVEL HIGH (recorded, never an exclusion here): loaded clock 1710 MHz against the 1455 MHz reference. At a duty cycle below 1.0 a HIGH reading is the experiment working, not a cell to drop.",0.25,243.568,0.24989570437266354,43,115.7989757863179,burst,0.9203679859638214,0.9217439889907837,True,1710 1710 1710 1710 1710 1710 1710 1710 1710 1710 1710 1710 1710 1710 1710,False,3725.9156463999325,"measured on this device: NVIDIA GH200 480GB (measured), 3725.9 GB/s (triad pattern)",13.0,580.105.08,True,1,49f219808863cc3515979babf6eaed123d73f876,NVIDIA GH200 480GB,192-222-51-63,"scripts/clock_elasticity.py: bursts of N back-to-back fused_experts calls under one pinned tile, each call L2-flushed and bracketed by its own pre-primed event pair, the FIRST call of every burst discarded as a drained-queue launch, a host-side idle gap after each burst setting the sustained duty cycle, and the SM clock, board power and memory clock read through NVML with the burst still in flight; NOT timing.TIMING_BASIS | duty 0.25 | each idle gap sized from its own burst (gap_basis burst)",,iters=supplied as None; sglang=package not installed,1,3.12.15,176.58886931557572,"measured on this device: NVIDIA GH200 480GB (measured), 658.0 TFLOP/s bf16 over 3725.9 GB/s (triad pattern); calibrated 2026-10-06 at 49f21980",,200.0,2.13.0,3.7.1,2026-10-06T08:52:02+00:00,0.27.1,300.0
private,5,32,7,224,1792,7,576,1.0357760190963745,1.030527949333191,0.0018599364118218901,190,3,324.4506561756134,"scripts/clock_elasticity.py: bursts of N back-to-back fused_experts calls under one pinned tile, each call L2-flushed and bracketed by its own pre-primed event pair, the FIRST call of every burst discarded as a drained-queue launch, a host-side idle gap after each burst setting the sustained duty cycle, and the SM clock, board power and memory clock read through NVML with the burst still in flight; NOT timing.TIMING_BASIS",1710.0,False,high,True,True,ok,"LEVEL HIGH (recorded, never an exclusion here): loaded clock 1710 MHz against the 1455 MHz reference. At a duty cycle below 1.0 a HIGH reading is the experiment working, not a cell to drop.",0.25,265.674,0.24989877137746455,39,118.37932610992722,burst,1.0358400344848633,1.0352959632873535,True,1710 1710 1710 1710 1710 1710 1710 1710 1710 1710 1710 1710 1710 1710 1710,False,3725.9156463999325,"measured on this device: NVIDIA GH200 480GB (measured), 3725.9 GB/s (triad pattern)",13.0,580.105.08,True,1,49f219808863cc3515979babf6eaed123d73f876,NVIDIA GH200 480GB,192-222-51-63,"scripts/clock_elasticity.py: bursts of N back-to-back fused_experts calls under one pinned tile, each call L2-flushed and bracketed by its own pre-primed event pair, the FIRST call of every burst discarded as a drained-queue launch, a host-side idle gap after each burst setting the sustained duty cycle, and the SM clock, board power and memory clock read through NVML with the burst still in flight; NOT timing.TIMING_BASIS | duty 0.25 | each idle gap sized from its own burst (gap_basis burst)",,iters=supplied as None; sglang=package not installed,1,3.12.15,176.58886931557572,"measured on this device: NVIDIA GH200 480GB (measured), 658.0 TFLOP/s bf16 over 3725.9 GB/s (triad pattern); calibrated 2026-10-06 at 49f21980",,200.0,2.13.0,3.7.1,2026-10-06T08:52:02+00:00,0.27.1,300.0
native,5,32,7,224,1792,1,64,0.7812319993972778,0.7745599746704102,0.002878224531832326,250,3,320.5974397659302,"scripts/clock_elasticity.py: bursts of N back-to-back fused_experts calls under one pinned tile, each call L2-flushed and bracketed by its own pre-primed event pair, the FIRST call of every burst discarded as a drained-queue launch, a host-side idle gap after each burst setting the sustained duty cycle, and the SM clock, board power and memory clock read through NVML with the burst still in flight; NOT timing.TIMING_BASIS",1710.0,False,high,True,True,ok,"LEVEL HIGH (recorded, never an exclusion here): loaded clock 1710 MHz against the 1455 MHz reference. At a duty cycle below 1.0 a HIGH reading is the experiment working, not a cell to drop.",0.25,248.195,0.24990302073971166,51,115.87852361379919,burst,0.7831040024757385,0.7800799906253815,True,1710 1710 1710 1710 1710 1710 1710 1710 1710 1710 1710 1710 1710 1710 1710,False,3725.9156463999325,"measured on this device: NVIDIA GH200 480GB (measured), 3725.9 GB/s (triad pattern)",13.0,580.105.08,True,1,49f219808863cc3515979babf6eaed123d73f876,NVIDIA GH200 480GB,192-222-51-63,"scripts/clock_elasticity.py: bursts of N back-to-back fused_experts calls under one pinned tile, each call L2-flushed and bracketed by its own pre-primed event pair, the FIRST call of every burst discarded as a drained-queue launch, a host-side idle gap after each burst setting the sustained duty cycle, and the SM clock, board power and memory clock read through NVML with the burst still in flight; NOT timing.TIMING_BASIS | duty 0.25 | each idle gap sized from its own burst (gap_basis burst)",,iters=supplied as None; sglang=package not installed,1,3.12.15,176.58886931557572,"measured on this device: NVIDIA GH200 480GB (measured), 658.0 TFLOP/s bf16 over 3725.9 GB/s (triad pattern); calibrated 2026-10-06 at 49f21980",,200.0,2.13.0,3.7.1,2026-10-06T08:52:02+00:00,0.27.1,300.0
shared,5,32,7,224,1792,1,576,0.8133440017700195,0.8053759932518005,0.002555074917688725,240,3,319.3517761826515,"scripts/clock_elasticity.py: bursts of N back-to-back fused_experts calls under one pinned tile, each call L2-flushed and bracketed by its own pre-primed event pair, the FIRST call of every burst discarded as a drained-queue launch, a host-side idle gap after each burst setting the sustained duty cycle, and the SM clock, board power and memory clock read through NVML with the burst still in flight; NOT timing.TIMING_BASIS",1710.0,False,high,True,True,ok,"LEVEL HIGH (recorded, never an exclusion here): loaded clock 1710 MHz against the 1455 MHz reference. At a duty cycle below 1.0 a HIGH reading is the experiment working, not a cell to drop.",0.25,249.449,0.24989548014528717,49,116.03493956089369,burst,0.8136959969997406,0.8133119940757751,True,1710 1710 1710 1710 1710 1710 1710 1710 1710 1710 1710 1710 1710 1710 1710,False,3725.9156463999325,"measured on this device: NVIDIA GH200 480GB (measured), 3725.9 GB/s (triad pattern)",13.0,580.105.08,True,1,49f219808863cc3515979babf6eaed123d73f876,NVIDIA GH200 480GB,192-222-51-63,"scripts/clock_elasticity.py: bursts of N back-to-back fused_experts calls under one pinned tile, each call L2-flushed and bracketed by its own pre-primed event pair, the FIRST call of every burst discarded as a drained-queue launch, a host-side idle gap after each burst setting the sustained duty cycle, and the SM clock, board power and memory clock read through NVML with the burst still in flight; NOT timing.TIMING_BASIS | duty 0.25 | each idle gap sized from its own burst (gap_basis burst)",,iters=supplied as None; sglang=package not installed,1,3.12.15,176.58886931557572,"measured on this device: NVIDIA GH200 480GB (measured), 658.0 TFLOP/s bf16 over 3725.9 GB/s (triad pattern); calibrated 2026-10-06 at 49f21980",,200.0,2.13.0,3.7.1,2026-10-06T08:52:02+00:00,0.27.1,300.0
private,5,32,6,192,1536,6,576,0.8964000046253204,0.8917760252952576,0.0017572094363916349,220,3,324.07094395160675,"scripts/clock_elasticity.py: bursts of N back-to-back fused_experts calls under one pinned tile, each call L2-flushed and bracketed by its own pre-primed event pair, the FIRST call of every burst discarded as a drained-queue launch, a host-side idle gap after each burst setting the sustained duty cycle, and the SM clock, board power and memory clock read through NVML with the burst still in flight; NOT timing.TIMING_BASIS",1710.0,False,high,True,True,ok,"LEVEL HIGH (recorded, never an exclusion here): loaded clock 1710 MHz against the 1455 MHz reference. At a duty cycle below 1.0 a HIGH reading is the experiment working, not a cell to drop.",0.25,265.793,0.24989994466987958,45,117.75938722841236,burst,0.8962879776954651,0.8963519930839539,True,1710 1710 1710 1710 1710 1710 1710 1710 1710 1710 1710 1710 1710 1710 1710,False,3725.9156463999325,"measured on this device: NVIDIA GH200 480GB (measured), 3725.9 GB/s (triad pattern)",13.0,580.105.08,True,1,49f219808863cc3515979babf6eaed123d73f876,NVIDIA GH200 480GB,192-222-51-63,"scripts/clock_elasticity.py: bursts of N back-to-back fused_experts calls under one pinned tile, each call L2-flushed and bracketed by its own pre-primed event pair, the FIRST call of every burst discarded as a drained-queue launch, a host-side idle gap after each burst setting the sustained duty cycle, and the SM clock, board power and memory clock read through NVML with the burst still in flight; NOT timing.TIMING_BASIS | duty 0.25 | each idle gap sized from its own burst (gap_basis burst)",,iters=supplied as None; sglang=package not installed,1,3.12.15,176.58886931557572,"measured on this device: NVIDIA GH200 480GB (measured), 658.0 TFLOP/s bf16 over 3725.9 GB/s (triad pattern); calibrated 2026-10-06 at 49f21980",,200.0,2.13.0,3.7.1,2026-10-06T08:52:02+00:00,0.27.1,300.0
native,5,32,6,192,1536,1,64,0.6827840209007263,0.6769279837608337,0.0026724298359393087,290,3,323.4296957850456,"scripts/clock_elasticity.py: bursts of N back-to-back fused_experts calls under one pinned tile, each call L2-flushed and bracketed by its own pre-primed event pair, the FIRST call of every burst discarded as a drained-queue launch, a host-side idle gap after each burst setting the sustained duty cycle, and the SM clock, board power and memory clock read through NVML with the burst still in flight; NOT timing.TIMING_BASIS",1710.0,False,high,True,True,ok,"LEVEL HIGH (recorded, never an exclusion here): loaded clock 1710 MHz against the 1455 MHz reference. At a duty cycle below 1.0 a HIGH reading is the experiment working, not a cell to drop.",0.25,249.758,0.24989793917037154,59,116.47630810170084,burst,0.6832959949970245,0.683135986328125,True,1710 1710 1710 1710 1710 1710 1710 1710 1710 1710 1710 1710 1710 1710 1710,False,3725.9156463999325,"measured on this device: NVIDIA GH200 480GB (measured), 3725.9 GB/s (triad pattern)",13.0,580.105.08,True,1,49f219808863cc3515979babf6eaed123d73f876,NVIDIA GH200 480GB,192-222-51-63,"scripts/clock_elasticity.py: bursts of N back-to-back fused_experts calls under one pinned tile, each call L2-flushed and bracketed by its own pre-primed event pair, the FIRST call of every burst discarded as a drained-queue launch, a host-side idle gap after each burst setting the sustained duty cycle, and the SM clock, board power and memory clock read through NVML with the burst still in flight; NOT timing.TIMING_BASIS | duty 0.25 | each idle gap sized from its own burst (gap_basis burst)",,iters=supplied as None; sglang=package not installed,1,3.12.15,176.58886931557572,"measured on this device: NVIDIA GH200 480GB (measured), 658.0 TFLOP/s bf16 over 3725.9 GB/s (triad pattern); calibrated 2026-10-06 at 49f21980",,200.0,2.13.0,3.7.1,2026-10-06T08:52:02+00:00,0.27.1,300.0
shared,5,32,6,192,1536,1,576,0.7138239741325378,0.7066239714622498,0.002837997335792009,275,3,321.17456018924713,"scripts/clock_elasticity.py: bursts of N back-to-back fused_experts calls under one pinned tile, each call L2-flushed and bracketed by its own pre-primed event pair, the FIRST call of every burst discarded as a drained-queue launch, a host-side idle gap after each burst setting the sustained duty cycle, and the SM clock, board power and memory clock read through NVML with the burst still in flight; NOT timing.TIMING_BASIS",1710.0,False,high,True,True,ok,"LEVEL HIGH (recorded, never an exclusion here): loaded clock 1710 MHz against the 1455 MHz reference. At a duty cycle below 1.0 a HIGH reading is the experiment working, not a cell to drop.",0.25,242.501,0.2498957331490323,56,115.78437505828332,burst,0.7139520049095154,0.7136960029602051,True,1710 1710 1710 1710 1710 1710 1710 1710 1710 1710 1710 1710 1710 1710 1710,False,3725.9156463999325,"measured on this device: NVIDIA GH200 480GB (measured), 3725.9 GB/s (triad pattern)",13.0,580.105.08,True,1,49f219808863cc3515979babf6eaed123d73f876,NVIDIA GH200 480GB,192-222-51-63,"scripts/clock_elasticity.py: bursts of N back-to-back fused_experts calls under one pinned tile, each call L2-flushed and bracketed by its own pre-primed event pair, the FIRST call of every burst discarded as a drained-queue launch, a host-side idle gap after each burst setting the sustained duty cycle, and the SM clock, board power and memory clock read through NVML with the burst still in flight; NOT timing.TIMING_BASIS | duty 0.25 | each idle gap sized from its own burst (gap_basis burst)",,iters=supplied as None; sglang=package not installed,1,3.12.15,176.58886931557572,"measured on this device: NVIDIA GH200 480GB (measured), 658.0 TFLOP/s bf16 over 3725.9 GB/s (triad pattern); calibrated 2026-10-06 at 49f21980",,200.0,2.13.0,3.7.1,2026-10-06T08:52:02+00:00,0.27.1,300.0
private,5,32,5,160,1280,5,576,0.7582719922065735,0.7523840069770813,0.0018792638147159333,260,3,323.03897589445114,"scripts/clock_elasticity.py: bursts of N back-to-back fused_experts calls under one pinned tile, each call L2-flushed and bracketed by its own pre-primed event pair, the FIRST call of every burst discarded as a drained-queue launch, a host-side idle gap after each burst setting the sustained duty cycle, and the SM clock, board power and memory clock read through NVML with the burst still in flight; NOT timing.TIMING_BASIS",1710.0,False,high,True,True,ok,"LEVEL HIGH (recorded, never an exclusion here): loaded clock 1710 MHz against the 1455 MHz reference. At a duty cycle below 1.0 a HIGH reading is the experiment working, not a cell to drop.",0.25,263.547,0.2499038808652634,53,116.6618159048521,burst,0.7587839961051941,0.7579519748687744,True,1710 1710 1710 1710 1710 1710 1710 1710 1710 1710 1710 1710 1710 1710 1710,False,3725.9156463999325,"measured on this device: NVIDIA GH200 480GB (measured), 3725.9 GB/s (triad pattern)",13.0,580.105.08,True,1,49f219808863cc3515979babf6eaed123d73f876,NVIDIA GH200 480GB,192-222-51-63,"scripts/clock_elasticity.py: bursts of N back-to-back fused_experts calls under one pinned tile, each call L2-flushed and bracketed by its own pre-primed event pair, the FIRST call of every burst discarded as a drained-queue launch, a host-side idle gap after each burst setting the sustained duty cycle, and the SM clock, board power and memory clock read through NVML with the burst still in flight; NOT timing.TIMING_BASIS | duty 0.25 | each idle gap sized from its own burst (gap_basis burst)",,iters=supplied as None; sglang=package not installed,1,3.12.15,176.58886931557572,"measured on this device: NVIDIA GH200 480GB (measured), 658.0 TFLOP/s bf16 over 3725.9 GB/s (triad pattern); calibrated 2026-10-06 at 49f21980",,200.0,2.13.0,3.7.1,2026-10-06T08:52:02+00:00,0.27.1,300.0
native,5,32,5,160,1280,1,64,0.5750399827957153,0.570688009262085,0.0019669852742941326,345,3,323.4219526052475,"scripts/clock_elasticity.py: bursts of N back-to-back fused_experts calls under one pinned tile, each call L2-flushed and bracketed by its own pre-primed event pair, the FIRST call of every burst discarded as a drained-queue launch, a host-side idle gap after each burst setting the sustained duty cycle, and the SM clock, board power and memory clock read through NVML with the burst still in flight; NOT timing.TIMING_BASIS",1710.0,False,high,True,True,ok,"LEVEL HIGH (recorded, never an exclusion here): loaded clock 1710 MHz against the 1455 MHz reference. At a duty cycle below 1.0 a HIGH reading is the experiment working, not a cell to drop.",0.25,253.919,0.2498997268282992,70,115.48087744985241,burst,0.5748479962348938,0.5752000212669373,True,1710 1710 1710 1710 1710 1710 1710 1710 1710 1710 1710 1710 1710 1710 1710,False,3725.9156463999325,"measured on this device: NVIDIA GH200 480GB (measured), 3725.9 GB/s (triad pattern)",13.0,580.105.08,True,1,49f219808863cc3515979babf6eaed123d73f876,NVIDIA GH200 480GB,192-222-51-63,"scripts/clock_elasticity.py: bursts of N back-to-back fused_experts calls under one pinned tile, each call L2-flushed and bracketed by its own pre-primed event pair, the FIRST call of every burst discarded as a drained-queue launch, a host-side idle gap after each burst setting the sustained duty cycle, and the SM clock, board power and memory clock read through NVML with the burst still in flight; NOT timing.TIMING_BASIS | duty 0.25 | each idle gap sized from its own burst (gap_basis burst)",,iters=supplied as None; sglang=package not installed,1,3.12.15,176.58886931557572,"measured on this device: NVIDIA GH200 480GB (measured), 658.0 TFLOP/s bf16 over 3725.9 GB/s (triad pattern); calibrated 2026-10-06 at 49f21980",,200.0,2.13.0,3.7.1,2026-10-06T08:52:02+00:00,0.27.1,300.0
shared,5,32,5,160,1280,1,576,0.604095995426178,0.5988159775733948,0.002131007178004386,325,3,320.616095662117,"scripts/clock_elasticity.py: bursts of N back-to-back fused_experts calls under one pinned tile, each call L2-flushed and bracketed by its own pre-primed event pair, the FIRST call of every burst discarded as a drained-queue launch, a host-side idle gap after each burst setting the sustained duty cycle, and the SM clock, board power and memory clock read through NVML with the burst still in flight; NOT timing.TIMING_BASIS",1710.0,False,high,True,True,ok,"LEVEL HIGH (recorded, never an exclusion here): loaded clock 1710 MHz against the 1455 MHz reference. At a duty cycle below 1.0 a HIGH reading is the experiment working, not a cell to drop.",0.25,250.45,0.24990257826500042,66,114.70568383075441,burst,0.6034879982471466,0.6046879887580872,True,1710 1710 1710 1710 1710 1710 1710 1710 1710 1710 1710 1710 1710 1710 1710,False,3725.9156463999325,"measured on this device: NVIDIA GH200 480GB (measured), 3725.9 GB/s (triad pattern)",13.0,580.105.08,True,1,49f219808863cc3515979babf6eaed123d73f876,NVIDIA GH200 480GB,192-222-51-63,"scripts/clock_elasticity.py: bursts of N back-to-back fused_experts calls under one pinned tile, each call L2-flushed and bracketed by its own pre-primed event pair, the FIRST call of every burst discarded as a drained-queue launch, a host-side idle gap after each burst setting the sustained duty cycle, and the SM clock, board power and memory clock read through NVML with the burst still in flight; NOT timing.TIMING_BASIS | duty 0.25 | each idle gap sized from its own burst (gap_basis burst)",,iters=supplied as None; sglang=package not installed,1,3.12.15,176.58886931557572,"measured on this device: NVIDIA GH200 480GB (measured), 658.0 TFLOP/s bf16 over 3725.9 GB/s (triad pattern); calibrated 2026-10-06 at 49f21980",,200.0,2.13.0,3.7.1,2026-10-06T08:52:02+00:00,0.27.1,300.0
private,5,32,4,128,1024,4,576,0.6187199950218201,0.6137920022010803,0.001577963580820817,320,3,323.2888007760048,"scripts/clock_elasticity.py: bursts of N back-to-back fused_experts calls under one pinned tile, each call L2-flushed and bracketed by its own pre-primed event pair, the FIRST call of every burst discarded as a drained-queue launch, a host-side idle gap after each burst setting the sustained duty cycle, and the SM clock, board power and memory clock read through NVML with the burst still in flight; NOT timing.TIMING_BASIS",1710.0,False,high,True,True,ok,"LEVEL HIGH (recorded, never an exclusion here): loaded clock 1710 MHz against the 1455 MHz reference. At a duty cycle below 1.0 a HIGH reading is the experiment working, not a cell to drop.",0.25,262.114,0.24989516032474107,65,115.84078543636134,burst,0.6184639930725098,0.6188960075378418,True,1710 1710 1710 1710 1710 1710 1710 1710 1710 1710 1710 1710 1710 1710 1710,False,3725.9156463999325,"measured on this device: NVIDIA GH200 480GB (measured), 3725.9 GB/s (triad pattern)",13.0,580.105.08,True,1,49f219808863cc3515979babf6eaed123d73f876,NVIDIA GH200 480GB,192-222-51-63,"scripts/clock_elasticity.py: bursts of N back-to-back fused_experts calls under one pinned tile, each call L2-flushed and bracketed by its own pre-primed event pair, the FIRST call of every burst discarded as a drained-queue launch, a host-side idle gap after each burst setting the sustained duty cycle, and the SM clock, board power and memory clock read through NVML with the burst still in flight; NOT timing.TIMING_BASIS | duty 0.25 | each idle gap sized from its own burst (gap_basis burst)",,iters=supplied as None; sglang=package not installed,1,3.12.15,176.58886931557572,"measured on this device: NVIDIA GH200 480GB (measured), 658.0 TFLOP/s bf16 over 3725.9 GB/s (triad pattern); calibrated 2026-10-06 at 49f21980",,200.0,2.13.0,3.7.1,2026-10-06T08:52:02+00:00,0.27.1,300.0
native,5,32,4,128,1024,1,64,0.46716800332069397,0.4623039960861206,0.0018265989790798008,425,3,322.74918416142464,"scripts/clock_elasticity.py: bursts of N back-to-back fused_experts calls under one pinned tile, each call L2-flushed and bracketed by its own pre-primed event pair, the FIRST call of every burst discarded as a drained-queue launch, a host-side idle gap after each burst setting the sustained duty cycle, and the SM clock, board power and memory clock read through NVML with the burst still in flight; NOT timing.TIMING_BASIS",1710.0,False,high,True,True,ok,"LEVEL HIGH (recorded, never an exclusion here): loaded clock 1710 MHz against the 1455 MHz reference. At a duty cycle below 1.0 a HIGH reading is the experiment working, not a cell to drop.",0.25,258.005,0.24989364946851667,86,114.04490109565812,burst,0.4667840003967285,0.46745601296424866,True,1710 1710 1710 1710 1710 1710 1710 1710 1710 1710 1710 1710 1710 1710 1710,False,3725.9156463999325,"measured on this device: NVIDIA GH200 480GB (measured), 3725.9 GB/s (triad pattern)",13.0,580.105.08,True,1,49f219808863cc3515979babf6eaed123d73f876,NVIDIA GH200 480GB,192-222-51-63,"scripts/clock_elasticity.py: bursts of N back-to-back fused_experts calls under one pinned tile, each call L2-flushed and bracketed by its own pre-primed event pair, the FIRST call of every burst discarded as a drained-queue launch, a host-side idle gap after each burst setting the sustained duty cycle, and the SM clock, board power and memory clock read through NVML with the burst still in flight; NOT timing.TIMING_BASIS | duty 0.25 | each idle gap sized from its own burst (gap_basis burst)",,iters=supplied as None; sglang=package not installed,1,3.12.15,176.58886931557572,"measured on this device: NVIDIA GH200 480GB (measured), 658.0 TFLOP/s bf16 over 3725.9 GB/s (triad pattern); calibrated 2026-10-06 at 49f21980",,200.0,2.13.0,3.7.1,2026-10-06T08:52:02+00:00,0.27.1,300.0
shared,5,32,4,128,1024,1,576,0.4965760111808777,0.49088001251220703,0.0017370475092728268,400,3,322.76601588726044,"scripts/clock_elasticity.py: bursts of N back-to-back fused_experts calls under one pinned tile, each call L2-flushed and bracketed by its own pre-primed event pair, the FIRST call of every burst discarded as a drained-queue launch, a host-side idle gap after each burst setting the sustained duty cycle, and the SM clock, board power and memory clock read through NVML with the burst still in flight; NOT timing.TIMING_BASIS",1710.0,False,high,True,True,ok,"LEVEL HIGH (recorded, never an exclusion here): loaded clock 1710 MHz against the 1455 MHz reference. At a duty cycle below 1.0 a HIGH reading is the experiment working, not a cell to drop.",0.25,251.006,0.24989583303875393,81,114.64874243310625,burst,0.4973120093345642,0.49665600061416626,True,1710 1710 1710 1710 1710 1710 1710 1710 1710 1710 1710 1710 1710 1710 1710,False,3725.9156463999325,"measured on this device: NVIDIA GH200 480GB (measured), 3725.9 GB/s (triad pattern)",13.0,580.105.08,True,1,49f219808863cc3515979babf6eaed123d73f876,NVIDIA GH200 480GB,192-222-51-63,"scripts/clock_elasticity.py: bursts of N back-to-back fused_experts calls under one pinned tile, each call L2-flushed and bracketed by its own pre-primed event pair, the FIRST call of every burst discarded as a drained-queue launch, a host-side idle gap after each burst setting the sustained duty cycle, and the SM clock, board power and memory clock read through NVML with the burst still in flight; NOT timing.TIMING_BASIS | duty 0.25 | each idle gap sized from its own burst (gap_basis burst)",,iters=supplied as None; sglang=package not installed,1,3.12.15,176.58886931557572,"measured on this device: NVIDIA GH200 480GB (measured), 658.0 TFLOP/s bf16 over 3725.9 GB/s (triad pattern); calibrated 2026-10-06 at 49f21980",,200.0,2.13.0,3.7.1,2026-10-06T08:52:02+00:00,0.27.1,300.0
private,5,32,3,96,768,3,576,0.47887998819351196,0.47417598962783813,0.0014154627361231,410,3,319.64275193214417,"scripts/clock_elasticity.py: bursts of N back-to-back fused_experts calls under one pinned tile, each call L2-flushed and bracketed by its own pre-primed event pair, the FIRST call of every burst discarded as a drained-queue launch, a host-side idle gap after each burst setting the sustained duty cycle, and the SM clock, board power and memory clock read through NVML with the burst still in flight; NOT timing.TIMING_BASIS",1710.0,False,high,True,True,ok,"LEVEL HIGH (recorded, never an exclusion here): loaded clock 1710 MHz against the 1455 MHz reference. At a duty cycle below 1.0 a HIGH reading is the experiment working, not a cell to drop.",0.25,264.336,0.24989342305736648,83,112.99649031266745,burst,0.47894400358200073,0.4789920002222061,True,1710 1710 1710 1710 1710 1710 1710 1710 1710 1710 1710 1710 1710 1710 1710,False,3725.9156463999325,"measured on this device: NVIDIA GH200 480GB (measured), 3725.9 GB/s (triad pattern)",13.0,580.105.08,True,1,49f219808863cc3515979babf6eaed123d73f876,NVIDIA GH200 480GB,192-222-51-63,"scripts/clock_elasticity.py: bursts of N back-to-back fused_experts calls under one pinned tile, each call L2-flushed and bracketed by its own pre-primed event pair, the FIRST call of every burst discarded as a drained-queue launch, a host-side idle gap after each burst setting the sustained duty cycle, and the SM clock, board power and memory clock read through NVML with the burst still in flight; NOT timing.TIMING_BASIS | duty 0.25 | each idle gap sized from its own burst (gap_basis burst)",,iters=supplied as None; sglang=package not installed,1,3.12.15,176.58886931557572,"measured on this device: NVIDIA GH200 480GB (measured), 658.0 TFLOP/s bf16 over 3725.9 GB/s (triad pattern); calibrated 2026-10-06 at 49f21980",,200.0,2.13.0,3.7.1,2026-10-06T08:52:02+00:00,0.27.1,300.0
native,5,32,3,96,768,1,64,0.35843199491500854,0.3537600040435791,0.0017206735576157047,555,3,321.9651511013508,"scripts/clock_elasticity.py: bursts of N back-to-back fused_experts calls under one pinned tile, each call L2-flushed and bracketed by its own pre-primed event pair, the FIRST call of every burst discarded as a drained-queue launch, a host-side idle gap after each burst setting the sustained duty cycle, and the SM clock, board power and memory clock read through NVML with the burst still in flight; NOT timing.TIMING_BASIS",1710.0,False,high,True,True,ok,"LEVEL HIGH (recorded, never an exclusion here): loaded clock 1710 MHz against the 1455 MHz reference. At a duty cycle below 1.0 a HIGH reading is the experiment working, not a cell to drop.",0.25,265.265,0.2498944685152079,112,111.79739953343959,burst,0.3590080142021179,0.35836800932884216,True,1710 1710 1710 1710 1710 1710 1710 1710 1710 1710 1710 1710 1710 1710 1710,False,3725.9156463999325,"measured on this device: NVIDIA GH200 480GB (measured), 3725.9 GB/s (triad pattern)",13.0,580.105.08,True,1,49f219808863cc3515979babf6eaed123d73f876,NVIDIA GH200 480GB,192-222-51-63,"scripts/clock_elasticity.py: bursts of N back-to-back fused_experts calls under one pinned tile, each call L2-flushed and bracketed by its own pre-primed event pair, the FIRST call of every burst discarded as a drained-queue launch, a host-side idle gap after each burst setting the sustained duty cycle, and the SM clock, board power and memory clock read through NVML with the burst still in flight; NOT timing.TIMING_BASIS | duty 0.25 | each idle gap sized from its own burst (gap_basis burst)",,iters=supplied as None; sglang=package not installed,1,3.12.15,176.58886931557572,"measured on this device: NVIDIA GH200 480GB (measured), 658.0 TFLOP/s bf16 over 3725.9 GB/s (triad pattern); calibrated 2026-10-06 at 49f21980",,200.0,2.13.0,3.7.1,2026-10-06T08:52:02+00:00,0.27.1,300.0
shared,5,32,3,96,768,1,576,0.38819199800491333,0.38419198989868164,0.0018736114029429818,510,3,321.4611515402794,"scripts/clock_elasticity.py: bursts of N back-to-back fused_experts calls under one pinned tile, each call L2-flushed and bracketed by its own pre-primed event pair, the FIRST call of every burst discarded as a drained-queue launch, a host-side idle gap after each burst setting the sustained duty cycle, and the SM clock, board power and memory clock read through NVML with the burst still in flight; NOT timing.TIMING_BASIS",1710.0,False,high,True,True,ok,"LEVEL HIGH (recorded, never an exclusion here): loaded clock 1710 MHz against the 1455 MHz reference. At a duty cycle below 1.0 a HIGH reading is the experiment working, not a cell to drop.",0.25,257.131,0.2498941169007851,103,112.08310127118604,burst,0.3876799941062927,0.38835200667381287,True,1710 1710 1710 1710 1710 1710 1710 1710 1710 1710 1710 1710 1710 1710 1710,False,3725.9156463999325,"measured on this device: NVIDIA GH200 480GB (measured), 3725.9 GB/s (triad pattern)",13.0,580.105.08,True,1,49f219808863cc3515979babf6eaed123d73f876,NVIDIA GH200 480GB,192-222-51-63,"scripts/clock_elasticity.py: bursts of N back-to-back fused_experts calls under one pinned tile, each call L2-flushed and bracketed by its own pre-primed event pair, the FIRST call of every burst discarded as a drained-queue launch, a host-side idle gap after each burst setting the sustained duty cycle, and the SM clock, board power and memory clock read through NVML with the burst still in flight; NOT timing.TIMING_BASIS | duty 0.25 | each idle gap sized from its own burst (gap_basis burst)",,iters=supplied as None; sglang=package not installed,1,3.12.15,176.58886931557572,"measured on this device: NVIDIA GH200 480GB (measured), 658.0 TFLOP/s bf16 over 3725.9 GB/s (triad pattern); calibrated 2026-10-06 at 49f21980",,200.0,2.13.0,3.7.1,2026-10-06T08:52:02+00:00,0.27.1,300.0
private,5,32,2,64,512,2,576,0.34145599603652954,0.33670398592948914,0.0027109883065192584,580,3,320.78153571486473,"scripts/clock_elasticity.py: bursts of N back-to-back fused_experts calls under one pinned tile, each call L2-flushed and bracketed by its own pre-primed event pair, the FIRST call of every burst discarded as a drained-queue launch, a host-side idle gap after each burst setting the sustained duty cycle, and the SM clock, board power and memory clock read through NVML with the burst still in flight; NOT timing.TIMING_BASIS",1710.0,False,high,True,True,ok,"LEVEL HIGH (recorded, never an exclusion here): loaded clock 1710 MHz against the 1455 MHz reference. At a duty cycle below 1.0 a HIGH reading is the experiment working, not a cell to drop.",0.25,261.896,0.24989808975910607,117,110.746901659586,burst,0.3412800133228302,0.34147199988365173,True,1710 1710 1710 1710 1710 1710 1710 1710 1710 1710 1710 1710 1710 1710 1710,False,3725.9156463999325,"measured on this device: NVIDIA GH200 480GB (measured), 3725.9 GB/s (triad pattern)",13.0,580.105.08,True,1,49f219808863cc3515979babf6eaed123d73f876,NVIDIA GH200 480GB,192-222-51-63,"scripts/clock_elasticity.py: bursts of N back-to-back fused_experts calls under one pinned tile, each call L2-flushed and bracketed by its own pre-primed event pair, the FIRST call of every burst discarded as a drained-queue launch, a host-side idle gap after each burst setting the sustained duty cycle, and the SM clock, board power and memory clock read through NVML with the burst still in flight; NOT timing.TIMING_BASIS | duty 0.25 | each idle gap sized from its own burst (gap_basis burst)",,iters=supplied as None; sglang=package not installed,1,3.12.15,176.58886931557572,"measured on this device: NVIDIA GH200 480GB (measured), 658.0 TFLOP/s bf16 over 3725.9 GB/s (triad pattern); calibrated 2026-10-06 at 49f21980",,200.0,2.13.0,3.7.1,2026-10-06T08:52:02+00:00,0.27.1,300.0
native,5,32,2,64,512,1,64,0.26843199133872986,0.24675199389457703,0.019054994909130436,710,3,308.5762561708689,"scripts/clock_elasticity.py: bursts of N back-to-back fused_experts calls under one pinned tile, each call L2-flushed and bracketed by its own pre-primed event pair, the FIRST call of every burst discarded as a drained-queue launch, a host-side idle gap after each burst setting the sustained duty cycle, and the SM clock, board power and memory clock read through NVML with the burst still in flight; NOT timing.TIMING_BASIS",1710.0,False,high,True,True,ok,"LEVEL HIGH (recorded, never an exclusion here): loaded clock 1710 MHz against the 1455 MHz reference. At a duty cycle below 1.0 a HIGH reading is the experiment working, not a cell to drop.; host-bound: in 15 of 15 trials the GPU had fewer than 2 iterations of work queued when the host finished enqueueing (smallest backlog 0.20 iterations; host enqueue 0.3482 ms per call); the intervals include host enqueue time and the number is an upper bound on the kernel time; time the callable as a graph replay or through a fused launcher to measure the GPU alone",0.25,262.585,0.2498930116056726,143,103.66833876688905,burst,0.2667520046234131,0.2662400007247925,True,1710 1710 1710 1710 1710 1710 1710 1710 1710 1710 1710 1710 1710 1710 1710,True,3725.9156463999325,"measured on this device: NVIDIA GH200 480GB (measured), 3725.9 GB/s (triad pattern)",13.0,580.105.08,True,1,49f219808863cc3515979babf6eaed123d73f876,NVIDIA GH200 480GB,192-222-51-63,"scripts/clock_elasticity.py: bursts of N back-to-back fused_experts calls under one pinned tile, each call L2-flushed and bracketed by its own pre-primed event pair, the FIRST call of every burst discarded as a drained-queue launch, a host-side idle gap after each burst setting the sustained duty cycle, and the SM clock, board power and memory clock read through NVML with the burst still in flight; NOT timing.TIMING_BASIS | duty 0.25 | each idle gap sized from its own burst (gap_basis burst)",,iters=supplied as None; sglang=package not installed,1,3.12.15,176.58886931557572,"measured on this device: NVIDIA GH200 480GB (measured), 658.0 TFLOP/s bf16 over 3725.9 GB/s (triad pattern); calibrated 2026-10-06 at 49f21980",,200.0,2.13.0,3.7.1,2026-10-06T08:52:02+00:00,0.27.1,300.0
shared,5,32,2,64,512,1,576,0.27900800108909607,0.2754560112953186,0.006296605312584887,710,3,322.1792002618313,"scripts/clock_elasticity.py: bursts of N back-to-back fused_experts calls under one pinned tile, each call L2-flushed and bracketed by its own pre-primed event pair, the FIRST call of every burst discarded as a drained-queue launch, a host-side idle gap after each burst setting the sustained duty cycle, and the SM clock, board power and memory clock read through NVML with the burst still in flight; NOT timing.TIMING_BASIS",1710.0,False,high,True,True,ok,"LEVEL HIGH (recorded, never an exclusion here): loaded clock 1710 MHz against the 1455 MHz reference. At a duty cycle below 1.0 a HIGH reading is the experiment working, not a cell to drop.; host-bound: in 6 of 15 trials the GPU had fewer than 2 iterations of work queued when the host finished enqueueing (smallest backlog 0.31 iterations; host enqueue 0.3543 ms per call); the intervals include host enqueue time and the number is an upper bound on the kernel time; time the callable as a graph replay or through a fused launcher to measure the GPU alone",0.25,262.032,0.2498967207474052,143,108.74183168159651,burst,0.2786880135536194,0.27961599826812744,True,1710 1710 1710 1710 1710 1710 1710 1710 1710 1710 1710 1710 1710 1710 1710,True,3725.9156463999325,"measured on this device: NVIDIA GH200 480GB (measured), 3725.9 GB/s (triad pattern)",13.0,580.105.08,True,1,49f219808863cc3515979babf6eaed123d73f876,NVIDIA GH200 480GB,192-222-51-63,"scripts/clock_elasticity.py: bursts of N back-to-back fused_experts calls under one pinned tile, each call L2-flushed and bracketed by its own pre-primed event pair, the FIRST call of every burst discarded as a drained-queue launch, a host-side idle gap after each burst setting the sustained duty cycle, and the SM clock, board power and memory clock read through NVML with the burst still in flight; NOT timing.TIMING_BASIS | duty 0.25 | each idle gap sized from its own burst (gap_basis burst)",,iters=supplied as None; sglang=package not installed,1,3.12.15,176.58886931557572,"measured on this device: NVIDIA GH200 480GB (measured), 658.0 TFLOP/s bf16 over 3725.9 GB/s (triad pattern); calibrated 2026-10-06 at 49f21980",,200.0,2.13.0,3.7.1,2026-10-06T08:52:02+00:00,0.27.1,300.0
private,5,32,1,32,256,1,576,0.26767998933792114,0.22416000068187714,0.02384665944643688,735,3,312.1448319852352,"scripts/clock_elasticity.py: bursts of N back-to-back fused_experts calls under one pinned tile, each call L2-flushed and bracketed by its own pre-primed event pair, the FIRST call of every burst discarded as a drained-queue launch, a host-side idle gap after each burst setting the sustained duty cycle, and the SM clock, board power and memory clock read through NVML with the burst still in flight; NOT timing.TIMING_BASIS",1710.0,False,high,True,True,ok,"LEVEL HIGH (recorded, never an exclusion here): loaded clock 1710 MHz against the 1455 MHz reference. At a duty cycle below 1.0 a HIGH reading is the experiment working, not a cell to drop.; host-bound: in 15 of 15 trials the GPU had fewer than 2 iterations of work queued when the host finished enqueueing (smallest backlog 0.18 iterations; host enqueue 0.3491 ms per call); the intervals include host enqueue time and the number is an upper bound on the kernel time; time the callable as a graph replay or through a fused launcher to measure the GPU alone",0.25,219.029,0.24989241043652263,148,107.70154446933883,burst,0.2656960040330887,0.26606400310993195,True,1710 1710 1710 1710 1710 1710 1710 1710 1710 1710 1710 1710 1710 1710 1710,True,3725.9156463999325,"measured on this device: NVIDIA GH200 480GB (measured), 3725.9 GB/s (triad pattern)",13.0,580.105.08,True,1,49f219808863cc3515979babf6eaed123d73f876,NVIDIA GH200 480GB,192-222-51-63,"scripts/clock_elasticity.py: bursts of N back-to-back fused_experts calls under one pinned tile, each call L2-flushed and bracketed by its own pre-primed event pair, the FIRST call of every burst discarded as a drained-queue launch, a host-side idle gap after each burst setting the sustained duty cycle, and the SM clock, board power and memory clock read through NVML with the burst still in flight; NOT timing.TIMING_BASIS | duty 0.25 | each idle gap sized from its own burst (gap_basis burst)",,iters=supplied as None; sglang=package not installed,1,3.12.15,176.58886931557572,"measured on this device: NVIDIA GH200 480GB (measured), 658.0 TFLOP/s bf16 over 3725.9 GB/s (triad pattern); calibrated 2026-10-06 at 49f21980",,200.0,2.13.0,3.7.1,2026-10-06T08:52:02+00:00,0.27.1,300.0
native,5,32,1,32,256,1,64,0.27081599831581116,0.22915199398994446,0.01684370619838406,695,3,302.63619174063206,"scripts/clock_elasticity.py: bursts of N back-to-back fused_experts calls under one pinned tile, each call L2-flushed and bracketed by its own pre-primed event pair, the FIRST call of every burst discarded as a drained-queue launch, a host-side idle gap after each burst setting the sustained duty cycle, and the SM clock, board power and memory clock read through NVML with the burst still in flight; NOT timing.TIMING_BASIS",1710.0,False,high,True,True,ok,"LEVEL HIGH (recorded, never an exclusion here): loaded clock 1710 MHz against the 1455 MHz reference. At a duty cycle below 1.0 a HIGH reading is the experiment working, not a cell to drop.; host-bound: in 15 of 15 trials the GPU had fewer than 2 iterations of work queued when the host finished enqueueing (smallest backlog 0.14 iterations; host enqueue 0.3524 ms per call); the intervals include host enqueue time and the number is an upper bound on the kernel time; time the callable as a graph replay or through a fused launcher to measure the GPU alone",0.25,216.136,0.24989128175309364,140,102.48178546788402,burst,0.2724959999322891,0.2699199914932251,True,1710 1710 1710 1710 1710 1710 1710 1710 1710 1710 1710 1710 1710 1710 1710,True,3725.9156463999325,"measured on this device: NVIDIA GH200 480GB (measured), 3725.9 GB/s (triad pattern)",13.0,580.105.08,True,1,49f219808863cc3515979babf6eaed123d73f876,NVIDIA GH200 480GB,192-222-51-63,"scripts/clock_elasticity.py: bursts of N back-to-back fused_experts calls under one pinned tile, each call L2-flushed and bracketed by its own pre-primed event pair, the FIRST call of every burst discarded as a drained-queue launch, a host-side idle gap after each burst setting the sustained duty cycle, and the SM clock, board power and memory clock read through NVML with the burst still in flight; NOT timing.TIMING_BASIS | duty 0.25 | each idle gap sized from its own burst (gap_basis burst)",,iters=supplied as None; sglang=package not installed,1,3.12.15,176.58886931557572,"measured on this device: NVIDIA GH200 480GB (measured), 658.0 TFLOP/s bf16 over 3725.9 GB/s (triad pattern); calibrated 2026-10-06 at 49f21980",,200.0,2.13.0,3.7.1,2026-10-06T08:52:02+00:00,0.27.1,300.0
shared,5,32,1,32,256,1,576,0.2690240144729614,0.23084799945354462,0.017818334975467445,705,3,307.19497598707676,"scripts/clock_elasticity.py: bursts of N back-to-back fused_experts calls under one pinned tile, each call L2-flushed and bracketed by its own pre-primed event pair, the FIRST call of every burst discarded as a drained-queue launch, a host-side idle gap after each burst setting the sustained duty cycle, and the SM clock, board power and memory clock read through NVML with the burst still in flight; NOT timing.TIMING_BASIS",1710.0,False,high,True,True,ok,"LEVEL HIGH (recorded, never an exclusion here): loaded clock 1710 MHz against the 1455 MHz reference. At a duty cycle below 1.0 a HIGH reading is the experiment working, not a cell to drop.; host-bound: in 15 of 15 trials the GPU had fewer than 2 iterations of work queued when the host finished enqueueing (smallest backlog 0.15 iterations; host enqueue 0.3504 ms per call); the intervals include host enqueue time and the number is an upper bound on the kernel time; time the callable as a graph replay or through a fused launcher to measure the GPU alone",0.25,219.9,0.24990436384559545,142,103.93374821149337,burst,0.2704640030860901,0.2680000066757202,True,1710 1710 1710 1710 1710 1710 1710 1710 1710 1710 1710 1710 1710 1710 1710,True,3725.9156463999325,"measured on this device: NVIDIA GH200 480GB (measured), 3725.9 GB/s (triad pattern)",13.0,580.105.08,True,1,49f219808863cc3515979babf6eaed123d73f876,NVIDIA GH200 480GB,192-222-51-63,"scripts/clock_elasticity.py: bursts of N back-to-back fused_experts calls under one pinned tile, each call L2-flushed and bracketed by its own pre-primed event pair, the FIRST call of every burst discarded as a drained-queue launch, a host-side idle gap after each burst setting the sustained duty cycle, and the SM clock, board power and memory clock read through NVML with the burst still in flight; NOT timing.TIMING_BASIS | duty 0.25 | each idle gap sized from its own burst (gap_basis burst)",,iters=supplied as None; sglang=package not installed,1,3.12.15,176.58886931557572,"measured on this device: NVIDIA GH200 480GB (measured), 658.0 TFLOP/s bf16 over 3725.9 GB/s (triad pattern); calibrated 2026-10-06 at 49f21980",,200.0,2.13.0,3.7.1,2026-10-06T08:52:02+00:00,0.27.1,300.0
native,6,32,1,32,256,1,64,0.2672480046749115,0.2303680032491684,0.016289012636213223,710,3,310.85571251809597,"scripts/clock_elasticity.py: bursts of N back-to-back fused_experts calls under one pinned tile, each call L2-flushed and bracketed by its own pre-primed event pair, the FIRST call of every burst discarded as a drained-queue launch, a host-side idle gap after each burst setting the sustained duty cycle, and the SM clock, board power and memory clock read through NVML with the burst still in flight; NOT timing.TIMING_BASIS",1710.0,False,high,True,True,ok,"LEVEL HIGH (recorded, never an exclusion here): loaded clock 1710 MHz against the 1455 MHz reference. At a duty cycle below 1.0 a HIGH reading is the experiment working, not a cell to drop.; host-bound: in 15 of 15 trials the GPU had fewer than 2 iterations of work queued when the host finished enqueueing (smallest backlog 0.15 iterations; host enqueue 0.3486 ms per call); the intervals include host enqueue time and the number is an upper bound on the kernel time; time the callable as a graph replay or through a fused launcher to measure the GPU alone",0.25,214.257,0.2498993929021741,143,103.14414708633556,burst,0.2691519856452942,0.2682879865169525,True,1710 1710 1710 1710 1710 1710 1710 1710 1710 1710 1710 1710 1710 1710 1710,True,3725.9156463999325,"measured on this device: NVIDIA GH200 480GB (measured), 3725.9 GB/s (triad pattern)",13.0,580.105.08,True,1,49f219808863cc3515979babf6eaed123d73f876,NVIDIA GH200 480GB,192-222-51-63,"scripts/clock_elasticity.py: bursts of N back-to-back fused_experts calls under one pinned tile, each call L2-flushed and bracketed by its own pre-primed event pair, the FIRST call of every burst discarded as a drained-queue launch, a host-side idle gap after each burst setting the sustained duty cycle, and the SM clock, board power and memory clock read through NVML with the burst still in flight; NOT timing.TIMING_BASIS | duty 0.25 | each idle gap sized from its own burst (gap_basis burst)",,iters=supplied as None; sglang=package not installed,1,3.12.15,176.58886931557572,"measured on this device: NVIDIA GH200 480GB (measured), 658.0 TFLOP/s bf16 over 3725.9 GB/s (triad pattern); calibrated 2026-10-06 at 49f21980",,200.0,2.13.0,3.7.1,2026-10-06T08:52:02+00:00,0.27.1,300.0
shared,6,32,1,32,256,1,576,0.2693119943141937,0.2276799976825714,0.018423654588008587,725,3,314.7953600883484,"scripts/clock_elasticity.py: bursts of N back-to-back fused_experts calls under one pinned tile, each call L2-flushed and bracketed by its own pre-primed event pair, the FIRST call of every burst discarded as a drained-queue launch, a host-side idle gap after each burst setting the sustained duty cycle, and the SM clock, board power and memory clock read through NVML with the burst still in flight; NOT timing.TIMING_BASIS",1710.0,False,high,True,True,ok,"LEVEL HIGH (recorded, never an exclusion here): loaded clock 1710 MHz against the 1455 MHz reference. At a duty cycle below 1.0 a HIGH reading is the experiment working, not a cell to drop.; host-bound: in 15 of 15 trials the GPU had fewer than 2 iterations of work queued when the host finished enqueueing (smallest backlog 0.16 iterations; host enqueue 0.3461 ms per call); the intervals include host enqueue time and the number is an upper bound on the kernel time; time the callable as a graph replay or through a fused launcher to measure the GPU alone",0.25,217.611,0.24989843904720804,146,104.89991863123576,burst,0.27267201244831085,0.268095999956131,True,1710 1710 1710 1710 1710 1710 1710 1710 1710 1710 1710 1710 1710 1710 1710,True,3725.9156463999325,"measured on this device: NVIDIA GH200 480GB (measured), 3725.9 GB/s (triad pattern)",13.0,580.105.08,True,1,49f219808863cc3515979babf6eaed123d73f876,NVIDIA GH200 480GB,192-222-51-63,"scripts/clock_elasticity.py: bursts of N back-to-back fused_experts calls under one pinned tile, each call L2-flushed and bracketed by its own pre-primed event pair, the FIRST call of every burst discarded as a drained-queue launch, a host-side idle gap after each burst setting the sustained duty cycle, and the SM clock, board power and memory clock read through NVML with the burst still in flight; NOT timing.TIMING_BASIS | duty 0.25 | each idle gap sized from its own burst (gap_basis burst)",,iters=supplied as None; sglang=package not installed,1,3.12.15,176.58886931557572,"measured on this device: NVIDIA GH200 480GB (measured), 658.0 TFLOP/s bf16 over 3725.9 GB/s (triad pattern); calibrated 2026-10-06 at 49f21980",,200.0,2.13.0,3.7.1,2026-10-06T08:52:02+00:00,0.27.1,300.0
private,6,32,1,32,256,1,576,0.2699680030345917,0.2327679991722107,0.018200998382293117,720,3,314.9184958189726,"scripts/clock_elasticity.py: bursts of N back-to-back fused_experts calls under one pinned tile, each call L2-flushed and bracketed by its own pre-primed event pair, the FIRST call of every burst discarded as a drained-queue launch, a host-side idle gap after each burst setting the sustained duty cycle, and the SM clock, board power and memory clock read through NVML with the burst still in flight; NOT timing.TIMING_BASIS",1710.0,False,high,True,True,ok,"LEVEL HIGH (recorded, never an exclusion here): loaded clock 1710 MHz against the 1455 MHz reference. At a duty cycle below 1.0 a HIGH reading is the experiment working, not a cell to drop.; host-bound: in 15 of 15 trials the GPU had fewer than 2 iterations of work queued when the host finished enqueueing (smallest backlog 0.17 iterations; host enqueue 0.3515 ms per call); the intervals include host enqueue time and the number is an upper bound on the kernel time; time the callable as a graph replay or through a fused launcher to measure the GPU alone",0.25,215.901,0.24989638399752487,145,106.51901981917763,burst,0.2725280076265335,0.2711839973926544,True,1710 1710 1710 1710 1710 1710 1710 1710 1710 1710 1710 1710 1710 1710 1710,True,3725.9156463999325,"measured on this device: NVIDIA GH200 480GB (measured), 3725.9 GB/s (triad pattern)",13.0,580.105.08,True,1,49f219808863cc3515979babf6eaed123d73f876,NVIDIA GH200 480GB,192-222-51-63,"scripts/clock_elasticity.py: bursts of N back-to-back fused_experts calls under one pinned tile, each call L2-flushed and bracketed by its own pre-primed event pair, the FIRST call of every burst discarded as a drained-queue launch, a host-side idle gap after each burst setting the sustained duty cycle, and the SM clock, board power and memory clock read through NVML with the burst still in flight; NOT timing.TIMING_BASIS | duty 0.25 | each idle gap sized from its own burst (gap_basis burst)",,iters=supplied as None; sglang=package not installed,1,3.12.15,176.58886931557572,"measured on this device: NVIDIA GH200 480GB (measured), 658.0 TFLOP/s bf16 over 3725.9 GB/s (triad pattern); calibrated 2026-10-06 at 49f21980",,200.0,2.13.0,3.7.1,2026-10-06T08:52:02+00:00,0.27.1,300.0
native,6,32,2,64,512,1,64,0.2690559923648834,0.24636800587177277,0.01853567913121931,725,3,315.8457598686218,"scripts/clock_elasticity.py: bursts of N back-to-back fused_experts calls under one pinned tile, each call L2-flushed and bracketed by its own pre-primed event pair, the FIRST call of every burst discarded as a drained-queue launch, a host-side idle gap after each burst setting the sustained duty cycle, and the SM clock, board power and memory clock read through NVML with the burst still in flight; NOT timing.TIMING_BASIS",1710.0,False,high,True,True,ok,"LEVEL HIGH (recorded, never an exclusion here): loaded clock 1710 MHz against the 1455 MHz reference. At a duty cycle below 1.0 a HIGH reading is the experiment working, not a cell to drop.; host-bound: in 15 of 15 trials the GPU had fewer than 2 iterations of work queued when the host finished enqueueing (smallest backlog 0.22 iterations; host enqueue 0.3511 ms per call); the intervals include host enqueue time and the number is an upper bound on the kernel time; time the callable as a graph replay or through a fused launcher to measure the GPU alone",0.25,255.883,0.24989640500822377,146,107.02365823320726,burst,0.27054399251937866,0.2691200077533722,True,1710 1710 1710 1710 1710 1710 1710 1710 1710 1710 1710 1710 1710 1710 1710,True,3725.9156463999325,"measured on this device: NVIDIA GH200 480GB (measured), 3725.9 GB/s (triad pattern)",13.0,580.105.08,True,1,49f219808863cc3515979babf6eaed123d73f876,NVIDIA GH200 480GB,192-222-51-63,"scripts/clock_elasticity.py: bursts of N back-to-back fused_experts calls under one pinned tile, each call L2-flushed and bracketed by its own pre-primed event pair, the FIRST call of every burst discarded as a drained-queue launch, a host-side idle gap after each burst setting the sustained duty cycle, and the SM clock, board power and memory clock read through NVML with the burst still in flight; NOT timing.TIMING_BASIS | duty 0.25 | each idle gap sized from its own burst (gap_basis burst)",,iters=supplied as None; sglang=package not installed,1,3.12.15,176.58886931557572,"measured on this device: NVIDIA GH200 480GB (measured), 658.0 TFLOP/s bf16 over 3725.9 GB/s (triad pattern); calibrated 2026-10-06 at 49f21980",,200.0,2.13.0,3.7.1,2026-10-06T08:52:02+00:00,0.27.1,300.0
shared,6,32,2,64,512,1,576,0.2791360020637512,0.2750079929828644,0.006093971497079219,710,3,322.9718720316887,"scripts/clock_elasticity.py: bursts of N back-to-back fused_experts calls under one pinned tile, each call L2-flushed and bracketed by its own pre-primed event pair, the FIRST call of every burst discarded as a drained-queue launch, a host-side idle gap after each burst setting the sustained duty cycle, and the SM clock, board power and memory clock read through NVML with the burst still in flight; NOT timing.TIMING_BASIS",1710.0,False,high,True,True,ok,"LEVEL HIGH (recorded, never an exclusion here): loaded clock 1710 MHz against the 1455 MHz reference. At a duty cycle below 1.0 a HIGH reading is the experiment working, not a cell to drop.; host-bound: in 2 of 15 trials the GPU had fewer than 2 iterations of work queued when the host finished enqueueing (smallest backlog 0.44 iterations; host enqueue 0.3495 ms per call); the intervals include host enqueue time and the number is an upper bound on the kernel time; time the callable as a graph replay or through a fused launcher to measure the GPU alone",0.25,262.007,0.2499038443528055,143,108.83379902697926,burst,0.2784639894962311,0.27910399436950684,True,1710 1710 1710 1710 1710 1710 1710 1710 1710 1710 1710 1710 1710 1710 1710,True,3725.9156463999325,"measured on this device: NVIDIA GH200 480GB (measured), 3725.9 GB/s (triad pattern)",13.0,580.105.08,True,1,49f219808863cc3515979babf6eaed123d73f876,NVIDIA GH200 480GB,192-222-51-63,"scripts/clock_elasticity.py: bursts of N back-to-back fused_experts calls under one pinned tile, each call L2-flushed and bracketed by its own pre-primed event pair, the FIRST call of every burst discarded as a drained-queue launch, a host-side idle gap after each burst setting the sustained duty cycle, and the SM clock, board power and memory clock read through NVML with the burst still in flight; NOT timing.TIMING_BASIS | duty 0.25 | each idle gap sized from its own burst (gap_basis burst)",,iters=supplied as None; sglang=package not installed,1,3.12.15,176.58886931557572,"measured on this device: NVIDIA GH200 480GB (measured), 658.0 TFLOP/s bf16 over 3725.9 GB/s (triad pattern); calibrated 2026-10-06 at 49f21980",,200.0,2.13.0,3.7.1,2026-10-06T08:52:02+00:00,0.27.1,300.0
private,6,32,2,64,512,2,576,0.34092798829078674,0.3360320031642914,0.0026502866822657877,580,3,320.72304007411003,"scripts/clock_elasticity.py: bursts of N back-to-back fused_experts calls under one pinned tile, each call L2-flushed and bracketed by its own pre-primed event pair, the FIRST call of every burst discarded as a drained-queue launch, a host-side idle gap after each burst setting the sustained duty cycle, and the SM clock, board power and memory clock read through NVML with the burst still in flight; NOT timing.TIMING_BASIS",1710.0,False,high,True,True,ok,"LEVEL HIGH (recorded, never an exclusion here): loaded clock 1710 MHz against the 1455 MHz reference. At a duty cycle below 1.0 a HIGH reading is the experiment working, not a cell to drop.",0.25,262.605,0.2499035523115044,117,110.60552606749843,burst,0.3407999873161316,0.3410240113735199,True,1710 1710 1710 1710 1710 1710 1710 1710 1710 1710 1710 1710 1710 1710 1710,False,3725.9156463999325,"measured on this device: NVIDIA GH200 480GB (measured), 3725.9 GB/s (triad pattern)",13.0,580.105.08,True,1,49f219808863cc3515979babf6eaed123d73f876,NVIDIA GH200 480GB,192-222-51-63,"scripts/clock_elasticity.py: bursts of N back-to-back fused_experts calls under one pinned tile, each call L2-flushed and bracketed by its own pre-primed event pair, the FIRST call of every burst discarded as a drained-queue launch, a host-side idle gap after each burst setting the sustained duty cycle, and the SM clock, board power and memory clock read through NVML with the burst still in flight; NOT timing.TIMING_BASIS | duty 0.25 | each idle gap sized from its own burst (gap_basis burst)",,iters=supplied as None; sglang=package not installed,1,3.12.15,176.58886931557572,"measured on this device: NVIDIA GH200 480GB (measured), 658.0 TFLOP/s bf16 over 3725.9 GB/s (triad pattern); calibrated 2026-10-06 at 49f21980",,200.0,2.13.0,3.7.1,2026-10-06T08:52:02+00:00,0.27.1,300.0
native,6,32,3,96,768,1,64,0.35817599296569824,0.3535679876804352,0.001556070464538976,555,3,322.4511998593807,"scripts/clock_elasticity.py: bursts of N back-to-back fused_experts calls under one pinned tile, each call L2-flushed and bracketed by its own pre-primed event pair, the FIRST call of every burst discarded as a drained-queue launch, a host-side idle gap after each burst setting the sustained duty cycle, and the SM clock, board power and memory clock read through NVML with the burst still in flight; NOT timing.TIMING_BASIS",1710.0,False,high,True,True,ok,"LEVEL HIGH (recorded, never an exclusion here): loaded clock 1710 MHz against the 1455 MHz reference. At a duty cycle below 1.0 a HIGH reading is the experiment working, not a cell to drop.",0.25,264.591,0.24989439461256993,112,111.74143119705695,burst,0.35865598917007446,0.358240008354187,True,1710 1710 1710 1710 1710 1710 1710 1710 1710 1710 1710 1710 1710 1710 1710,False,3725.9156463999325,"measured on this device: NVIDIA GH200 480GB (measured), 3725.9 GB/s (triad pattern)",13.0,580.105.08,True,1,49f219808863cc3515979babf6eaed123d73f876,NVIDIA GH200 480GB,192-222-51-63,"scripts/clock_elasticity.py: bursts of N back-to-back fused_experts calls under one pinned tile, each call L2-flushed and bracketed by its own pre-primed event pair, the FIRST call of every burst discarded as a drained-queue launch, a host-side idle gap after each burst setting the sustained duty cycle, and the SM clock, board power and memory clock read through NVML with the burst still in flight; NOT timing.TIMING_BASIS | duty 0.25 | each idle gap sized from its own burst (gap_basis burst)",,iters=supplied as None; sglang=package not installed,1,3.12.15,176.58886931557572,"measured on this device: NVIDIA GH200 480GB (measured), 658.0 TFLOP/s bf16 over 3725.9 GB/s (triad pattern); calibrated 2026-10-06 at 49f21980",,200.0,2.13.0,3.7.1,2026-10-06T08:52:02+00:00,0.27.1,300.0
shared,6,32,3,96,768,1,576,0.3883199989795685,0.3845759928226471,0.0012390216197142212,510,3,321.91923183202744,"scripts/clock_elasticity.py: bursts of N back-to-back fused_experts calls under one pinned tile, each call L2-flushed and bracketed by its own pre-primed event pair, the FIRST call of every burst discarded as a drained-queue launch, a host-side idle gap after each burst setting the sustained duty cycle, and the SM clock, board power and memory clock read through NVML with the burst still in flight; NOT timing.TIMING_BASIS",1710.0,False,high,True,True,ok,"LEVEL HIGH (recorded, never an exclusion here): loaded clock 1710 MHz against the 1455 MHz reference. At a duty cycle below 1.0 a HIGH reading is the experiment working, not a cell to drop.",0.25,252.467,0.24990434166553072,103,112.09692583769356,burst,0.38867199420928955,0.3883199989795685,True,1710 1710 1710 1710 1710 1710 1710 1710 1710 1710 1710 1710 1710 1710 1710,False,3725.9156463999325,"measured on this device: NVIDIA GH200 480GB (measured), 3725.9 GB/s (triad pattern)",13.0,580.105.08,True,1,49f219808863cc3515979babf6eaed123d73f876,NVIDIA GH200 480GB,192-222-51-63,"scripts/clock_elasticity.py: bursts of N back-to-back fused_experts calls under one pinned tile, each call L2-flushed and bracketed by its own pre-primed event pair, the FIRST call of every burst discarded as a drained-queue launch, a host-side idle gap after each burst setting the sustained duty cycle, and the SM clock, board power and memory clock read through NVML with the burst still in flight; NOT timing.TIMING_BASIS | duty 0.25 | each idle gap sized from its own burst (gap_basis burst)",,iters=supplied as None; sglang=package not installed,1,3.12.15,176.58886931557572,"measured on this device: NVIDIA GH200 480GB (measured), 658.0 TFLOP/s bf16 over 3725.9 GB/s (triad pattern); calibrated 2026-10-06 at 49f21980",,200.0,2.13.0,3.7.1,2026-10-06T08:52:02+00:00,0.27.1,300.0
private,6,32,3,96,768,3,576,0.47948798537254333,0.4753279983997345,0.0014492933316740105,410,3,319.8023353815079,"scripts/clock_elasticity.py: bursts of N back-to-back fused_experts calls under one pinned tile, each call L2-flushed and bracketed by its own pre-primed event pair, the FIRST call of every burst discarded as a drained-queue launch, a host-side idle gap after each burst setting the sustained duty cycle, and the SM clock, board power and memory clock read through NVML with the burst still in flight; NOT timing.TIMING_BASIS",1710.0,False,high,True,True,ok,"LEVEL HIGH (recorded, never an exclusion here): loaded clock 1710 MHz against the 1455 MHz reference. At a duty cycle below 1.0 a HIGH reading is the experiment working, not a cell to drop.",0.25,257.818,0.24989198775337074,83,113.20858513674467,burst,0.4795520007610321,0.47940799593925476,True,1710 1710 1710 1710 1710 1710 1710 1710 1710 1710 1710 1710 1710 1710 1710,False,3725.9156463999325,"measured on this device: NVIDIA GH200 480GB (measured), 3725.9 GB/s (triad pattern)",13.0,580.105.08,True,1,49f219808863cc3515979babf6eaed123d73f876,NVIDIA GH200 480GB,192-222-51-63,"scripts/clock_elasticity.py: bursts of N back-to-back fused_experts calls under one pinned tile, each call L2-flushed and bracketed by its own pre-primed event pair, the FIRST call of every burst discarded as a drained-queue launch, a host-side idle gap after each burst setting the sustained duty cycle, and the SM clock, board power and memory clock read through NVML with the burst still in flight; NOT timing.TIMING_BASIS | duty 0.25 | each idle gap sized from its own burst (gap_basis burst)",,iters=supplied as None; sglang=package not installed,1,3.12.15,176.58886931557572,"measured on this device: NVIDIA GH200 480GB (measured), 658.0 TFLOP/s bf16 over 3725.9 GB/s (triad pattern); calibrated 2026-10-06 at 49f21980",,200.0,2.13.0,3.7.1,2026-10-06T08:52:02+00:00,0.27.1,300.0
native,6,32,4,128,1024,1,64,0.4663679897785187,0.4620479941368103,0.0015108566814630371,425,3,322.3315521478653,"scripts/clock_elasticity.py: bursts of N back-to-back fused_experts calls under one pinned tile, each call L2-flushed and bracketed by its own pre-primed event pair, the FIRST call of every burst discarded as a drained-queue launch, a host-side idle gap after each burst setting the sustained duty cycle, and the SM clock, board power and memory clock read through NVML with the burst still in flight; NOT timing.TIMING_BASIS",1710.0,False,high,True,True,ok,"LEVEL HIGH (recorded, never an exclusion here): loaded clock 1710 MHz against the 1455 MHz reference. At a duty cycle below 1.0 a HIGH reading is the experiment working, not a cell to drop.",0.25,255.332,0.24989818564374874,86,113.74896643168175,burst,0.4662399888038635,0.46665599942207336,True,1710 1710 1710 1710 1710 1710 1710 1710 1710 1710 1710 1710 1710 1710 1710,False,3725.9156463999325,"measured on this device: NVIDIA GH200 480GB (measured), 3725.9 GB/s (triad pattern)",13.0,580.105.08,True,1,49f219808863cc3515979babf6eaed123d73f876,NVIDIA GH200 480GB,192-222-51-63,"scripts/clock_elasticity.py: bursts of N back-to-back fused_experts calls under one pinned tile, each call L2-flushed and bracketed by its own pre-primed event pair, the FIRST call of every burst discarded as a drained-queue launch, a host-side idle gap after each burst setting the sustained duty cycle, and the SM clock, board power and memory clock read through NVML with the burst still in flight; NOT timing.TIMING_BASIS | duty 0.25 | each idle gap sized from its own burst (gap_basis burst)",,iters=supplied as None; sglang=package not installed,1,3.12.15,176.58886931557572,"measured on this device: NVIDIA GH200 480GB (measured), 658.0 TFLOP/s bf16 over 3725.9 GB/s (triad pattern); calibrated 2026-10-06 at 49f21980",,200.0,2.13.0,3.7.1,2026-10-06T08:52:02+00:00,0.27.1,300.0
shared,6,32,4,128,1024,1,576,0.4963200092315674,0.49142399430274963,0.0018077721444117064,400,3,323.1216961443424,"scripts/clock_elasticity.py: bursts of N back-to-back fused_experts calls under one pinned tile, each call L2-flushed and bracketed by its own pre-primed event pair, the FIRST call of every burst discarded as a drained-queue launch, a host-side idle gap after each burst setting the sustained duty cycle, and the SM clock, board power and memory clock read through NVML with the burst still in flight; NOT timing.TIMING_BASIS",1710.0,False,high,True,True,ok,"LEVEL HIGH (recorded, never an exclusion here): loaded clock 1710 MHz against the 1455 MHz reference. At a duty cycle below 1.0 a HIGH reading is the experiment working, not a cell to drop.",0.25,248.827,0.2498992546133664,81,114.46807122694736,burst,0.49689599871635437,0.4966080039739609,True,1710 1710 1710 1710 1710 1710 1710 1710 1710 1710 1710 1710 1710 1710 1710,False,3725.9156463999325,"measured on this device: NVIDIA GH200 480GB (measured), 3725.9 GB/s (triad pattern)",13.0,580.105.08,True,1,49f219808863cc3515979babf6eaed123d73f876,NVIDIA GH200 480GB,192-222-51-63,"scripts/clock_elasticity.py: bursts of N back-to-back fused_experts calls under one pinned tile, each call L2-flushed and bracketed by its own pre-primed event pair, the FIRST call of every burst discarded as a drained-queue launch, a host-side idle gap after each burst setting the sustained duty cycle, and the SM clock, board power and memory clock read through NVML with the burst still in flight; NOT timing.TIMING_BASIS | duty 0.25 | each idle gap sized from its own burst (gap_basis burst)",,iters=supplied as None; sglang=package not installed,1,3.12.15,176.58886931557572,"measured on this device: NVIDIA GH200 480GB (measured), 658.0 TFLOP/s bf16 over 3725.9 GB/s (triad pattern); calibrated 2026-10-06 at 49f21980",,200.0,2.13.0,3.7.1,2026-10-06T08:52:02+00:00,0.27.1,300.0
private,6,32,4,128,1024,4,576,0.6187199950218201,0.6133760213851929,0.0017279462710122135,320,3,323.38550394773483,"scripts/clock_elasticity.py: bursts of N back-to-back fused_experts calls under one pinned tile, each call L2-flushed and bracketed by its own pre-primed event pair, the FIRST call of every burst discarded as a drained-queue launch, a host-side idle gap after each burst setting the sustained duty cycle, and the SM clock, board power and memory clock read through NVML with the burst still in flight; NOT timing.TIMING_BASIS",1710.0,False,high,True,True,ok,"LEVEL HIGH (recorded, never an exclusion here): loaded clock 1710 MHz against the 1455 MHz reference. At a duty cycle below 1.0 a HIGH reading is the experiment working, not a cell to drop.",0.25,263.959,0.24989700607149878,65,115.7870889596961,burst,0.6186880171298981,0.6184160113334656,True,1710 1710 1710 1710 1710 1710 1710 1710 1710 1710 1710 1710 1710 1710 1710,False,3725.9156463999325,"measured on this device: NVIDIA GH200 480GB (measured), 3725.9 GB/s (triad pattern)",13.0,580.105.08,True,1,49f219808863cc3515979babf6eaed123d73f876,NVIDIA GH200 480GB,192-222-51-63,"scripts/clock_elasticity.py: bursts of N back-to-back fused_experts calls under one pinned tile, each call L2-flushed and bracketed by its own pre-primed event pair, the FIRST call of every burst discarded as a drained-queue launch, a host-side idle gap after each burst setting the sustained duty cycle, and the SM clock, board power and memory clock read through NVML with the burst still in flight; NOT timing.TIMING_BASIS | duty 0.25 | each idle gap sized from its own burst (gap_basis burst)",,iters=supplied as None; sglang=package not installed,1,3.12.15,176.58886931557572,"measured on this device: NVIDIA GH200 480GB (measured), 658.0 TFLOP/s bf16 over 3725.9 GB/s (triad pattern); calibrated 2026-10-06 at 49f21980",,200.0,2.13.0,3.7.1,2026-10-06T08:52:02+00:00,0.27.1,300.0
native,6,32,5,160,1280,1,64,0.5751680135726929,0.569920003414154,0.0020523941244207653,345,3,323.5316808819771,"scripts/clock_elasticity.py: bursts of N back-to-back fused_experts calls under one pinned tile, each call L2-flushed and bracketed by its own pre-primed event pair, the FIRST call of every burst discarded as a drained-queue launch, a host-side idle gap after each burst setting the sustained duty cycle, and the SM clock, board power and memory clock read through NVML with the burst still in flight; NOT timing.TIMING_BASIS",1710.0,False,high,True,True,ok,"LEVEL HIGH (recorded, never an exclusion here): loaded clock 1710 MHz against the 1455 MHz reference. At a duty cycle below 1.0 a HIGH reading is the experiment working, not a cell to drop.",0.25,254.582,0.24989271251941877,70,115.54686282933835,burst,0.5759040117263794,0.5751680135726929,True,1710 1710 1710 1710 1710 1710 1710 1710 1710 1710 1710 1710 1710 1710 1710,False,3725.9156463999325,"measured on this device: NVIDIA GH200 480GB (measured), 3725.9 GB/s (triad pattern)",13.0,580.105.08,True,1,49f219808863cc3515979babf6eaed123d73f876,NVIDIA GH200 480GB,192-222-51-63,"scripts/clock_elasticity.py: bursts of N back-to-back fused_experts calls under one pinned tile, each call L2-flushed and bracketed by its own pre-primed event pair, the FIRST call of every burst discarded as a drained-queue launch, a host-side idle gap after each burst setting the sustained duty cycle, and the SM clock, board power and memory clock read through NVML with the burst still in flight; NOT timing.TIMING_BASIS | duty 0.25 | each idle gap sized from its own burst (gap_basis burst)",,iters=supplied as None; sglang=package not installed,1,3.12.15,176.58886931557572,"measured on this device: NVIDIA GH200 480GB (measured), 658.0 TFLOP/s bf16 over 3725.9 GB/s (triad pattern); calibrated 2026-10-06 at 49f21980",,200.0,2.13.0,3.7.1,2026-10-06T08:52:02+00:00,0.27.1,300.0
shared,6,32,5,160,1280,1,576,0.6048319935798645,0.5994240045547485,0.0021823933618619305,325,3,320.83382350206375,"scripts/clock_elasticity.py: bursts of N back-to-back fused_experts calls under one pinned tile, each call L2-flushed and bracketed by its own pre-primed event pair, the FIRST call of every burst discarded as a drained-queue launch, a host-side idle gap after each burst setting the sustained duty cycle, and the SM clock, board power and memory clock read through NVML with the burst still in flight; NOT timing.TIMING_BASIS",1710.0,False,high,True,True,ok,"LEVEL HIGH (recorded, never an exclusion here): loaded clock 1710 MHz against the 1455 MHz reference. At a duty cycle below 1.0 a HIGH reading is the experiment working, not a cell to drop.",0.25,242.431,0.2498951148836834,66,114.9019691039066,burst,0.6056959927082062,0.6045600175857544,True,1710 1710 1710 1710 1710 1710 1710 1710 1710 1710 1710 1710 1710 1710 1710,False,3725.9156463999325,"measured on this device: NVIDIA GH200 480GB (measured), 3725.9 GB/s (triad pattern)",13.0,580.105.08,True,1,49f219808863cc3515979babf6eaed123d73f876,NVIDIA GH200 480GB,192-222-51-63,"scripts/clock_elasticity.py: bursts of N back-to-back fused_experts calls under one pinned tile, each call L2-flushed and bracketed by its own pre-primed event pair, the FIRST call of every burst discarded as a drained-queue launch, a host-side idle gap after each burst setting the sustained duty cycle, and the SM clock, board power and memory clock read through NVML with the burst still in flight; NOT timing.TIMING_BASIS | duty 0.25 | each idle gap sized from its own burst (gap_basis burst)",,iters=supplied as None; sglang=package not installed,1,3.12.15,176.58886931557572,"measured on this device: NVIDIA GH200 480GB (measured), 658.0 TFLOP/s bf16 over 3725.9 GB/s (triad pattern); calibrated 2026-10-06 at 49f21980",,200.0,2.13.0,3.7.1,2026-10-06T08:52:02+00:00,0.27.1,300.0
private,6,32,5,160,1280,5,576,0.7589120268821716,0.7541760206222534,0.0019193612134698569,260,3,322.9473277926445,"scripts/clock_elasticity.py: bursts of N back-to-back fused_experts calls under one pinned tile, each call L2-flushed and bracketed by its own pre-primed event pair, the FIRST call of every burst discarded as a drained-queue launch, a host-side idle gap after each burst setting the sustained duty cycle, and the SM clock, board power and memory clock read through NVML with the burst still in flight; NOT timing.TIMING_BASIS",1710.0,False,high,True,True,ok,"LEVEL HIGH (recorded, never an exclusion here): loaded clock 1710 MHz against the 1455 MHz reference. At a duty cycle below 1.0 a HIGH reading is the experiment working, not a cell to drop.",0.25,264.661,0.24990351188920007,53,116.75976747377717,burst,0.75900799036026,0.7587199807167053,True,1710 1710 1710 1710 1710 1710 1710 1710 1710 1710 1710 1710 1710 1710 1710,False,3725.9156463999325,"measured on this device: NVIDIA GH200 480GB (measured), 3725.9 GB/s (triad pattern)",13.0,580.105.08,True,1,49f219808863cc3515979babf6eaed123d73f876,NVIDIA GH200 480GB,192-222-51-63,"scripts/clock_elasticity.py: bursts of N back-to-back fused_experts calls under one pinned tile, each call L2-flushed and bracketed by its own pre-primed event pair, the FIRST call of every burst discarded as a drained-queue launch, a host-side idle gap after each burst setting the sustained duty cycle, and the SM clock, board power and memory clock read through NVML with the burst still in flight; NOT timing.TIMING_BASIS | duty 0.25 | each idle gap sized from its own burst (gap_basis burst)",,iters=supplied as None; sglang=package not installed,1,3.12.15,176.58886931557572,"measured on this device: NVIDIA GH200 480GB (measured), 658.0 TFLOP/s bf16 over 3725.9 GB/s (triad pattern); calibrated 2026-10-06 at 49f21980",,200.0,2.13.0,3.7.1,2026-10-06T08:52:02+00:00,0.27.1,300.0
native,6,32,6,192,1536,1,64,0.6821119785308838,0.6761279702186584,0.0024776528092870717,290,3,324.0186235308647,"scripts/clock_elasticity.py: bursts of N back-to-back fused_experts calls under one pinned tile, each call L2-flushed and bracketed by its own pre-primed event pair, the FIRST call of every burst discarded as a drained-queue launch, a host-side idle gap after each burst setting the sustained duty cycle, and the SM clock, board power and memory clock read through NVML with the burst still in flight; NOT timing.TIMING_BASIS",1710.0,False,high,True,True,ok,"LEVEL HIGH (recorded, never an exclusion here): loaded clock 1710 MHz against the 1455 MHz reference. At a duty cycle below 1.0 a HIGH reading is the experiment working, not a cell to drop.",0.25,249.445,0.24989531509178622,59,116.3182604807953,burst,0.6815199851989746,0.6830080151557922,True,1710 1710 1710 1710 1710 1710 1710 1710 1710 1710 1710 1710 1710 1710 1710,False,3725.9156463999325,"measured on this device: NVIDIA GH200 480GB (measured), 3725.9 GB/s (triad pattern)",13.0,580.105.08,True,1,49f219808863cc3515979babf6eaed123d73f876,NVIDIA GH200 480GB,192-222-51-63,"scripts/clock_elasticity.py: bursts of N back-to-back fused_experts calls under one pinned tile, each call L2-flushed and bracketed by its own pre-primed event pair, the FIRST call of every burst discarded as a drained-queue launch, a host-side idle gap after each burst setting the sustained duty cycle, and the SM clock, board power and memory clock read through NVML with the burst still in flight; NOT timing.TIMING_BASIS | duty 0.25 | each idle gap sized from its own burst (gap_basis burst)",,iters=supplied as None; sglang=package not installed,1,3.12.15,176.58886931557572,"measured on this device: NVIDIA GH200 480GB (measured), 658.0 TFLOP/s bf16 over 3725.9 GB/s (triad pattern); calibrated 2026-10-06 at 49f21980",,200.0,2.13.0,3.7.1,2026-10-06T08:52:02+00:00,0.27.1,300.0
shared,6,32,6,192,1536,1,576,0.7132160067558289,0.7071679830551147,0.002607675479302602,275,3,320.41420817375183,"scripts/clock_elasticity.py: bursts of N back-to-back fused_experts calls under one pinned tile, each call L2-flushed and bracketed by its own pre-primed event pair, the FIRST call of every burst discarded as a drained-queue launch, a host-side idle gap after each burst setting the sustained duty cycle, and the SM clock, board power and memory clock read through NVML with the burst still in flight; NOT timing.TIMING_BASIS",1710.0,False,high,True,True,ok,"LEVEL HIGH (recorded, never an exclusion here): loaded clock 1710 MHz against the 1455 MHz reference. At a duty cycle below 1.0 a HIGH reading is the experiment working, not a cell to drop.",0.25,241.561,0.24989781594857266,56,115.70332031581349,burst,0.7137600183486938,0.7131839990615845,True,1710 1710 1710 1710 1710 1710 1710 1710 1710 1710 1710 1710 1710 1710 1710,False,3725.9156463999325,"measured on this device: NVIDIA GH200 480GB (measured), 3725.9 GB/s (triad pattern)",13.0,580.105.08,True,1,49f219808863cc3515979babf6eaed123d73f876,NVIDIA GH200 480GB,192-222-51-63,"scripts/clock_elasticity.py: bursts of N back-to-back fused_experts calls under one pinned tile, each call L2-flushed and bracketed by its own pre-primed event pair, the FIRST call of every burst discarded as a drained-queue launch, a host-side idle gap after each burst setting the sustained duty cycle, and the SM clock, board power and memory clock read through NVML with the burst still in flight; NOT timing.TIMING_BASIS | duty 0.25 | each idle gap sized from its own burst (gap_basis burst)",,iters=supplied as None; sglang=package not installed,1,3.12.15,176.58886931557572,"measured on this device: NVIDIA GH200 480GB (measured), 658.0 TFLOP/s bf16 over 3725.9 GB/s (triad pattern); calibrated 2026-10-06 at 49f21980",,200.0,2.13.0,3.7.1,2026-10-06T08:52:02+00:00,0.27.1,300.0
private,6,32,6,192,1536,6,576,0.8961440026760101,0.8911679983139038,0.0018197041876331544,220,3,324.1588160395622,"scripts/clock_elasticity.py: bursts of N back-to-back fused_experts calls under one pinned tile, each call L2-flushed and bracketed by its own pre-primed event pair, the FIRST call of every burst discarded as a drained-queue launch, a host-side idle gap after each burst setting the sustained duty cycle, and the SM clock, board power and memory clock read through NVML with the burst still in flight; NOT timing.TIMING_BASIS",1710.0,False,high,True,True,ok,"LEVEL HIGH (recorded, never an exclusion here): loaded clock 1710 MHz against the 1455 MHz reference. At a duty cycle below 1.0 a HIGH reading is the experiment working, not a cell to drop.",0.25,264.437,0.24990251033108388,45,117.7534992521396,burst,0.8959680199623108,0.8958079814910889,True,1710 1710 1710 1710 1710 1710 1710 1710 1710 1710 1710 1710 1710 1710 1710,False,3725.9156463999325,"measured on this device: NVIDIA GH200 480GB (measured), 3725.9 GB/s (triad pattern)",13.0,580.105.08,True,1,49f219808863cc3515979babf6eaed123d73f876,NVIDIA GH200 480GB,192-222-51-63,"scripts/clock_elasticity.py: bursts of N back-to-back fused_experts calls under one pinned tile, each call L2-flushed and bracketed by its own pre-primed event pair, the FIRST call of every burst discarded as a drained-queue launch, a host-side idle gap after each burst setting the sustained duty cycle, and the SM clock, board power and memory clock read through NVML with the burst still in flight; NOT timing.TIMING_BASIS | duty 0.25 | each idle gap sized from its own burst (gap_basis burst)",,iters=supplied as None; sglang=package not installed,1,3.12.15,176.58886931557572,"measured on this device: NVIDIA GH200 480GB (measured), 658.0 TFLOP/s bf16 over 3725.9 GB/s (triad pattern); calibrated 2026-10-06 at 49f21980",,200.0,2.13.0,3.7.1,2026-10-06T08:52:02+00:00,0.27.1,300.0
native,6,32,7,224,1792,1,64,0.7820479869842529,0.7751039862632751,0.0024733713843497662,250,3,320.0119047164917,"scripts/clock_elasticity.py: bursts of N back-to-back fused_experts calls under one pinned tile, each call L2-flushed and bracketed by its own pre-primed event pair, the FIRST call of every burst discarded as a drained-queue launch, a host-side idle gap after each burst setting the sustained duty cycle, and the SM clock, board power and memory clock read through NVML with the burst still in flight; NOT timing.TIMING_BASIS",1710.0,False,high,True,True,ok,"LEVEL HIGH (recorded, never an exclusion here): loaded clock 1710 MHz against the 1455 MHz reference. At a duty cycle below 1.0 a HIGH reading is the experiment working, not a cell to drop.",0.25,246.959,0.24990386721389146,51,116.01756165734695,burst,0.7827840149402618,0.782256007194519,True,1710 1710 1710 1710 1710 1710 1710 1710 1710 1710 1710 1710 1710 1710 1710,False,3725.9156463999325,"measured on this device: NVIDIA GH200 480GB (measured), 3725.9 GB/s (triad pattern)",13.0,580.105.08,True,1,49f219808863cc3515979babf6eaed123d73f876,NVIDIA GH200 480GB,192-222-51-63,"scripts/clock_elasticity.py: bursts of N back-to-back fused_experts calls under one pinned tile, each call L2-flushed and bracketed by its own pre-primed event pair, the FIRST call of every burst discarded as a drained-queue launch, a host-side idle gap after each burst setting the sustained duty cycle, and the SM clock, board power and memory clock read through NVML with the burst still in flight; NOT timing.TIMING_BASIS | duty 0.25 | each idle gap sized from its own burst (gap_basis burst)",,iters=supplied as None; sglang=package not installed,1,3.12.15,176.58886931557572,"measured on this device: NVIDIA GH200 480GB (measured), 658.0 TFLOP/s bf16 over 3725.9 GB/s (triad pattern); calibrated 2026-10-06 at 49f21980",,200.0,2.13.0,3.7.1,2026-10-06T08:52:02+00:00,0.27.1,300.0
shared,6,32,7,224,1792,1,576,0.8136480152606964,0.8055040240287781,0.002987833004952361,240,3,320.01708763837814,"scripts/clock_elasticity.py: bursts of N back-to-back fused_experts calls under one pinned tile, each call L2-flushed and bracketed by its own pre-primed event pair, the FIRST call of every burst discarded as a drained-queue launch, a host-side idle gap after each burst setting the sustained duty cycle, and the SM clock, board power and memory clock read through NVML with the burst still in flight; NOT timing.TIMING_BASIS",1710.0,False,high,True,True,ok,"LEVEL HIGH (recorded, never an exclusion here): loaded clock 1710 MHz against the 1455 MHz reference. At a duty cycle below 1.0 a HIGH reading is the experiment working, not a cell to drop.",0.25,241.8,0.24989206847243867,49,116.14415496136643,burst,0.8140479922294617,0.8132320046424866,True,1710 1710 1710 1710 1710 1710 1710 1710 1710 1710 1710 1710 1710 1710 1710,False,3725.9156463999325,"measured on this device: NVIDIA GH200 480GB (measured), 3725.9 GB/s (triad pattern)",13.0,580.105.08,True,1,49f219808863cc3515979babf6eaed123d73f876,NVIDIA GH200 480GB,192-222-51-63,"scripts/clock_elasticity.py: bursts of N back-to-back fused_experts calls under one pinned tile, each call L2-flushed and bracketed by its own pre-primed event pair, the FIRST call of every burst discarded as a drained-queue launch, a host-side idle gap after each burst setting the sustained duty cycle, and the SM clock, board power and memory clock read through NVML with the burst still in flight; NOT timing.TIMING_BASIS | duty 0.25 | each idle gap sized from its own burst (gap_basis burst)",,iters=supplied as None; sglang=package not installed,1,3.12.15,176.58886931557572,"measured on this device: NVIDIA GH200 480GB (measured), 658.0 TFLOP/s bf16 over 3725.9 GB/s (triad pattern); calibrated 2026-10-06 at 49f21980",,200.0,2.13.0,3.7.1,2026-10-06T08:52:02+00:00,0.27.1,300.0
private,6,32,7,224,1792,7,576,1.035264015197754,1.0302400588989258,0.0018253136426609948,190,3,324.2013763189316,"scripts/clock_elasticity.py: bursts of N back-to-back fused_experts calls under one pinned tile, each call L2-flushed and bracketed by its own pre-primed event pair, the FIRST call of every burst discarded as a drained-queue launch, a host-side idle gap after each burst setting the sustained duty cycle, and the SM clock, board power and memory clock read through NVML with the burst still in flight; NOT timing.TIMING_BASIS",1710.0,False,high,True,True,ok,"LEVEL HIGH (recorded, never an exclusion here): loaded clock 1710 MHz against the 1455 MHz reference. At a duty cycle below 1.0 a HIGH reading is the experiment working, not a cell to drop.",0.25,266.422,0.2498996047516046,39,118.37554993225058,burst,1.0357760190963745,1.0350079536437988,True,1710 1710 1710 1710 1710 1710 1710 1710 1710 1710 1710 1710 1710 1710 1710,False,3725.9156463999325,"measured on this device: NVIDIA GH200 480GB (measured), 3725.9 GB/s (triad pattern)",13.0,580.105.08,True,1,49f219808863cc3515979babf6eaed123d73f876,NVIDIA GH200 480GB,192-222-51-63,"scripts/clock_elasticity.py: bursts of N back-to-back fused_experts calls under one pinned tile, each call L2-flushed and bracketed by its own pre-primed event pair, the FIRST call of every burst discarded as a drained-queue launch, a host-side idle gap after each burst setting the sustained duty cycle, and the SM clock, board power and memory clock read through NVML with the burst still in flight; NOT timing.TIMING_BASIS | duty 0.25 | each idle gap sized from its own burst (gap_basis burst)",,iters=supplied as None; sglang=package not installed,1,3.12.15,176.58886931557572,"measured on this device: NVIDIA GH200 480GB (measured), 658.0 TFLOP/s bf16 over 3725.9 GB/s (triad pattern); calibrated 2026-10-06 at 49f21980",,200.0,2.13.0,3.7.1,2026-10-06T08:52:02+00:00,0.27.1,300.0
native,6,32,8,256,2048,1,64,0.8898559808731079,0.8828480243682861,0.002843554077270816,220,3,321.48688012361526,"scripts/clock_elasticity.py: bursts of N back-to-back fused_experts calls under one pinned tile, each call L2-flushed and bracketed by its own pre-primed event pair, the FIRST call of every burst discarded as a drained-queue launch, a host-side idle gap after each burst setting the sustained duty cycle, and the SM clock, board power and memory clock read through NVML with the burst still in flight; NOT timing.TIMING_BASIS",1710.0,False,high,True,True,ok,"LEVEL HIGH (recorded, never an exclusion here): loaded clock 1710 MHz against the 1455 MHz reference. At a duty cycle below 1.0 a HIGH reading is the experiment working, not a cell to drop.",0.25,248.182,0.24989690371511816,45,116.97730897534348,burst,0.8888319730758667,0.8903679847717285,True,1710 1710 1710 1710 1710 1710 1710 1710 1710 1710 1710 1710 1710 1710 1710,False,3725.9156463999325,"measured on this device: NVIDIA GH200 480GB (measured), 3725.9 GB/s (triad pattern)",13.0,580.105.08,True,1,49f219808863cc3515979babf6eaed123d73f876,NVIDIA GH200 480GB,192-222-51-63,"scripts/clock_elasticity.py: bursts of N back-to-back fused_experts calls under one pinned tile, each call L2-flushed and bracketed by its own pre-primed event pair, the FIRST call of every burst discarded as a drained-queue launch, a host-side idle gap after each burst setting the sustained duty cycle, and the SM clock, board power and memory clock read through NVML with the burst still in flight; NOT timing.TIMING_BASIS | duty 0.25 | each idle gap sized from its own burst (gap_basis burst)",,iters=supplied as None; sglang=package not installed,1,3.12.15,176.58886931557572,"measured on this device: NVIDIA GH200 480GB (measured), 658.0 TFLOP/s bf16 over 3725.9 GB/s (triad pattern); calibrated 2026-10-06 at 49f21980",,200.0,2.13.0,3.7.1,2026-10-06T08:52:02+00:00,0.27.1,300.0
shared,6,32,8,256,2048,1,576,0.9216479957103729,0.9120640158653259,0.003425205652908831,210,3,317.99593609571457,"scripts/clock_elasticity.py: bursts of N back-to-back fused_experts calls under one pinned tile, each call L2-flushed and bracketed by its own pre-primed event pair, the FIRST call of every burst discarded as a drained-queue launch, a host-side idle gap after each burst setting the sustained duty cycle, and the SM clock, board power and memory clock read through NVML with the burst still in flight; NOT timing.TIMING_BASIS",1710.0,False,high,True,True,ok,"LEVEL HIGH (recorded, never an exclusion here): loaded clock 1710 MHz against the 1455 MHz reference. At a duty cycle below 1.0 a HIGH reading is the experiment working, not a cell to drop.",0.25,242.662,0.24990038670216294,43,115.89264009561884,burst,0.9217759966850281,0.9211519956588745,True,1710 1710 1710 1710 1710 1710 1710 1710 1710 1710 1710 1710 1710 1710 1710,False,3725.9156463999325,"measured on this device: NVIDIA GH200 480GB (measured), 3725.9 GB/s (triad pattern)",13.0,580.105.08,True,1,49f219808863cc3515979babf6eaed123d73f876,NVIDIA GH200 480GB,192-222-51-63,"scripts/clock_elasticity.py: bursts of N back-to-back fused_experts calls under one pinned tile, each call L2-flushed and bracketed by its own pre-primed event pair, the FIRST call of every burst discarded as a drained-queue launch, a host-side idle gap after each burst setting the sustained duty cycle, and the SM clock, board power and memory clock read through NVML with the burst still in flight; NOT timing.TIMING_BASIS | duty 0.25 | each idle gap sized from its own burst (gap_basis burst)",,iters=supplied as None; sglang=package not installed,1,3.12.15,176.58886931557572,"measured on this device: NVIDIA GH200 480GB (measured), 658.0 TFLOP/s bf16 over 3725.9 GB/s (triad pattern); calibrated 2026-10-06 at 49f21980",,200.0,2.13.0,3.7.1,2026-10-06T08:52:02+00:00,0.27.1,300.0
private,6,32,8,256,2048,8,576,1.1745920181274414,1.1687040328979492,0.001833145042561879,165,3,320.70559990406036,"scripts/clock_elasticity.py: bursts of N back-to-back fused_experts calls under one pinned tile, each call L2-flushed and bracketed by its own pre-primed event pair, the FIRST call of every burst discarded as a drained-queue launch, a host-side idle gap after each burst setting the sustained duty cycle, and the SM clock, board power and memory clock read through NVML with the burst still in flight; NOT timing.TIMING_BASIS",1710.0,False,high,True,True,ok,"LEVEL HIGH (recorded, never an exclusion here): loaded clock 1710 MHz against the 1455 MHz reference. At a duty cycle below 1.0 a HIGH reading is the experiment working, not a cell to drop.",0.25,262.022,0.24989485347538212,34,117.46944477361832,burst,1.17494398355484,1.1745759844779968,True,1710 1710 1710 1710 1710 1710 1710 1710 1710 1710 1710 1710 1710 1710 1710,False,3725.9156463999325,"measured on this device: NVIDIA GH200 480GB (measured), 3725.9 GB/s (triad pattern)",13.0,580.105.08,True,1,49f219808863cc3515979babf6eaed123d73f876,NVIDIA GH200 480GB,192-222-51-63,"scripts/clock_elasticity.py: bursts of N back-to-back fused_experts calls under one pinned tile, each call L2-flushed and bracketed by its own pre-primed event pair, the FIRST call of every burst discarded as a drained-queue launch, a host-side idle gap after each burst setting the sustained duty cycle, and the SM clock, board power and memory clock read through NVML with the burst still in flight; NOT timing.TIMING_BASIS | duty 0.25 | each idle gap sized from its own burst (gap_basis burst)",,iters=supplied as None; sglang=package not installed,1,3.12.15,176.58886931557572,"measured on this device: NVIDIA GH200 480GB (measured), 658.0 TFLOP/s bf16 over 3725.9 GB/s (triad pattern); calibrated 2026-10-06 at 49f21980",,200.0,2.13.0,3.7.1,2026-10-06T08:52:02+00:00,0.27.1,300.0
native,6,32,9,288,2304,1,64,0.9960640072822571,0.9903039932250977,0.0024367792933129846,195,3,319.8825602531433,"scripts/clock_elasticity.py: bursts of N back-to-back fused_experts calls under one pinned tile, each call L2-flushed and bracketed by its own pre-primed event pair, the FIRST call of every burst discarded as a drained-queue launch, a host-side idle gap after each burst setting the sustained duty cycle, and the SM clock, board power and memory clock read through NVML with the burst still in flight; NOT timing.TIMING_BASIS",1710.0,False,high,True,True,ok,"LEVEL HIGH (recorded, never an exclusion here): loaded clock 1710 MHz against the 1455 MHz reference. At a duty cycle below 1.0 a HIGH reading is the experiment working, not a cell to drop.",0.25,246.584,0.2498931215929235,40,116.80083278280654,burst,0.9944959878921509,0.9964159727096558,True,1710 1710 1710 1710 1710 1710 1710 1710 1710 1710 1710 1710 1710 1710 1710,False,3725.9156463999325,"measured on this device: NVIDIA GH200 480GB (measured), 3725.9 GB/s (triad pattern)",13.0,580.105.08,True,1,49f219808863cc3515979babf6eaed123d73f876,NVIDIA GH200 480GB,192-222-51-63,"scripts/clock_elasticity.py: bursts of N back-to-back fused_experts calls under one pinned tile, each call L2-flushed and bracketed by its own pre-primed event pair, the FIRST call of every burst discarded as a drained-queue launch, a host-side idle gap after each burst setting the sustained duty cycle, and the SM clock, board power and memory clock read through NVML with the burst still in flight; NOT timing.TIMING_BASIS | duty 0.25 | each idle gap sized from its own burst (gap_basis burst)",,iters=supplied as None; sglang=package not installed,1,3.12.15,176.58886931557572,"measured on this device: NVIDIA GH200 480GB (measured), 658.0 TFLOP/s bf16 over 3725.9 GB/s (triad pattern); calibrated 2026-10-06 at 49f21980",,200.0,2.13.0,3.7.1,2026-10-06T08:52:02+00:00,0.27.1,300.0
shared,6,32,9,288,2304,1,576,1.0299839973449707,1.0221439599990845,0.0036740551741307696,190,3,322.19251239299774,"scripts/clock_elasticity.py: bursts of N back-to-back fused_experts calls under one pinned tile, each call L2-flushed and bracketed by its own pre-primed event pair, the FIRST call of every burst discarded as a drained-queue launch, a host-side idle gap after each burst setting the sustained duty cycle, and the SM clock, board power and memory clock read through NVML with the burst still in flight; NOT timing.TIMING_BASIS",1710.0,False,high,True,True,ok,"LEVEL HIGH (recorded, never an exclusion here): loaded clock 1710 MHz against the 1455 MHz reference. At a duty cycle below 1.0 a HIGH reading is the experiment working, not a cell to drop.",0.25,243.23,0.24989801747315396,39,117.7902382295215,burst,1.0302720069885254,1.0299839973449707,True,1710 1710 1710 1710 1710 1710 1710 1710 1710 1710 1710 1710 1710 1710 1710,False,3725.9156463999325,"measured on this device: NVIDIA GH200 480GB (measured), 3725.9 GB/s (triad pattern)",13.0,580.105.08,True,1,49f219808863cc3515979babf6eaed123d73f876,NVIDIA GH200 480GB,192-222-51-63,"scripts/clock_elasticity.py: bursts of N back-to-back fused_experts calls under one pinned tile, each call L2-flushed and bracketed by its own pre-primed event pair, the FIRST call of every burst discarded as a drained-queue launch, a host-side idle gap after each burst setting the sustained duty cycle, and the SM clock, board power and memory clock read through NVML with the burst still in flight; NOT timing.TIMING_BASIS | duty 0.25 | each idle gap sized from its own burst (gap_basis burst)",,iters=supplied as None; sglang=package not installed,1,3.12.15,176.58886931557572,"measured on this device: NVIDIA GH200 480GB (measured), 658.0 TFLOP/s bf16 over 3725.9 GB/s (triad pattern); calibrated 2026-10-06 at 49f21980",,200.0,2.13.0,3.7.1,2026-10-06T08:52:02+00:00,0.27.1,300.0
private,6,32,9,288,2304,9,576,1.3167040348052979,1.311519980430603,0.0019314032819100432,145,3,317.3358711004257,"scripts/clock_elasticity.py: bursts of N back-to-back fused_experts calls under one pinned tile, each call L2-flushed and bracketed by its own pre-primed event pair, the FIRST call of every burst discarded as a drained-queue launch, a host-side idle gap after each burst setting the sustained duty cycle, and the SM clock, board power and memory clock read through NVML with the burst still in flight; NOT timing.TIMING_BASIS",1710.0,False,high,True,True,ok,"LEVEL HIGH (recorded, never an exclusion here): loaded clock 1710 MHz against the 1455 MHz reference. At a duty cycle below 1.0 a HIGH reading is the experiment working, not a cell to drop.",0.25,265.9,0.2498948007468907,30,116.45024747269053,burst,1.3162239789962769,1.3160959482192993,True,1710 1710 1710 1710 1710 1710 1710 1710 1710 1710 1710 1710 1710 1710 1710,False,3725.9156463999325,"measured on this device: NVIDIA GH200 480GB (measured), 3725.9 GB/s (triad pattern)",13.0,580.105.08,True,1,49f219808863cc3515979babf6eaed123d73f876,NVIDIA GH200 480GB,192-222-51-63,"scripts/clock_elasticity.py: bursts of N back-to-back fused_experts calls under one pinned tile, each call L2-flushed and bracketed by its own pre-primed event pair, the FIRST call of every burst discarded as a drained-queue launch, a host-side idle gap after each burst setting the sustained duty cycle, and the SM clock, board power and memory clock read through NVML with the burst still in flight; NOT timing.TIMING_BASIS | duty 0.25 | each idle gap sized from its own burst (gap_basis burst)",,iters=supplied as None; sglang=package not installed,1,3.12.15,176.58886931557572,"measured on this device: NVIDIA GH200 480GB (measured), 658.0 TFLOP/s bf16 over 3725.9 GB/s (triad pattern); calibrated 2026-10-06 at 49f21980",,200.0,2.13.0,3.7.1,2026-10-06T08:52:02+00:00,0.27.1,300.0
shared,7,32,9,288,2304,1,576,1.0293599963188171,1.0201280117034912,0.003690660704697613,190,3,322.17206478118896,"scripts/clock_elasticity.py: bursts of N back-to-back fused_experts calls under one pinned tile, each call L2-flushed and bracketed by its own pre-primed event pair, the FIRST call of every burst discarded as a drained-queue launch, a host-side idle gap after each burst setting the sustained duty cycle, and the SM clock, board power and memory clock read through NVML with the burst still in flight; NOT timing.TIMING_BASIS",1710.0,False,high,True,True,ok,"LEVEL HIGH (recorded, never an exclusion here): loaded clock 1710 MHz against the 1455 MHz reference. At a duty cycle below 1.0 a HIGH reading is the experiment working, not a cell to drop.",0.25,242.804,0.24989863417514702,39,117.65567995713356,burst,1.0281280279159546,1.0295360088348389,True,1710 1710 1710 1710 1710 1710 1710 1710 1710 1710 1710 1710 1710 1710 1710,False,3725.9156463999325,"measured on this device: NVIDIA GH200 480GB (measured), 3725.9 GB/s (triad pattern)",13.0,580.105.08,True,1,49f219808863cc3515979babf6eaed123d73f876,NVIDIA GH200 480GB,192-222-51-63,"scripts/clock_elasticity.py: bursts of N back-to-back fused_experts calls under one pinned tile, each call L2-flushed and bracketed by its own pre-primed event pair, the FIRST call of every burst discarded as a drained-queue launch, a host-side idle gap after each burst setting the sustained duty cycle, and the SM clock, board power and memory clock read through NVML with the burst still in flight; NOT timing.TIMING_BASIS | duty 0.25 | each idle gap sized from its own burst (gap_basis burst)",,iters=supplied as None; sglang=package not installed,1,3.12.15,176.58886931557572,"measured on this device: NVIDIA GH200 480GB (measured), 658.0 TFLOP/s bf16 over 3725.9 GB/s (triad pattern); calibrated 2026-10-06 at 49f21980",,200.0,2.13.0,3.7.1,2026-10-06T08:52:02+00:00,0.27.1,300.0
private,7,32,9,288,2304,9,576,1.3173120021820068,1.3115520477294922,0.0019396669726978789,145,3,317.47567999362946,"scripts/clock_elasticity.py: bursts of N back-to-back fused_experts calls under one pinned tile, each call L2-flushed and bracketed by its own pre-primed event pair, the FIRST call of every burst discarded as a drained-queue launch, a host-side idle gap after each burst setting the sustained duty cycle, and the SM clock, board power and memory clock read through NVML with the burst still in flight; NOT timing.TIMING_BASIS",1710.0,False,high,True,True,ok,"LEVEL HIGH (recorded, never an exclusion here): loaded clock 1710 MHz against the 1455 MHz reference. At a duty cycle below 1.0 a HIGH reading is the experiment working, not a cell to drop.",0.25,263.64,0.24989486122870172,30,116.52900062859409,burst,1.3173120021820068,1.317247986793518,True,1710 1710 1710 1710 1710 1710 1710 1710 1710 1710 1710 1710 1710 1710 1710,False,3725.9156463999325,"measured on this device: NVIDIA GH200 480GB (measured), 3725.9 GB/s (triad pattern)",13.0,580.105.08,True,1,49f219808863cc3515979babf6eaed123d73f876,NVIDIA GH200 480GB,192-222-51-63,"scripts/clock_elasticity.py: bursts of N back-to-back fused_experts calls under one pinned tile, each call L2-flushed and bracketed by its own pre-primed event pair, the FIRST call of every burst discarded as a drained-queue launch, a host-side idle gap after each burst setting the sustained duty cycle, and the SM clock, board power and memory clock read through NVML with the burst still in flight; NOT timing.TIMING_BASIS | duty 0.25 | each idle gap sized from its own burst (gap_basis burst)",,iters=supplied as None; sglang=package not installed,1,3.12.15,176.58886931557572,"measured on this device: NVIDIA GH200 480GB (measured), 658.0 TFLOP/s bf16 over 3725.9 GB/s (triad pattern); calibrated 2026-10-06 at 49f21980",,200.0,2.13.0,3.7.1,2026-10-06T08:52:02+00:00,0.27.1,300.0
native,7,32,9,288,2304,1,64,0.9966400265693665,0.9899839758872986,0.0023887081080888202,195,3,319.96463972330093,"scripts/clock_elasticity.py: bursts of N back-to-back fused_experts calls under one pinned tile, each call L2-flushed and bracketed by its own pre-primed event pair, the FIRST call of every burst discarded as a drained-queue launch, a host-side idle gap after each burst setting the sustained duty cycle, and the SM clock, board power and memory clock read through NVML with the burst still in flight; NOT timing.TIMING_BASIS",1710.0,False,high,True,True,ok,"LEVEL HIGH (recorded, never an exclusion here): loaded clock 1710 MHz against the 1455 MHz reference. At a duty cycle below 1.0 a HIGH reading is the experiment working, not a cell to drop.",0.25,247.365,0.24989512807369518,40,116.7532490945232,burst,0.9956160187721252,0.997439980506897,True,1710 1710 1710 1710 1710 1710 1710 1710 1710 1710 1710 1710 1710 1710 1710,False,3725.9156463999325,"measured on this device: NVIDIA GH200 480GB (measured), 3725.9 GB/s (triad pattern)",13.0,580.105.08,True,1,49f219808863cc3515979babf6eaed123d73f876,NVIDIA GH200 480GB,192-222-51-63,"scripts/clock_elasticity.py: bursts of N back-to-back fused_experts calls under one pinned tile, each call L2-flushed and bracketed by its own pre-primed event pair, the FIRST call of every burst discarded as a drained-queue launch, a host-side idle gap after each burst setting the sustained duty cycle, and the SM clock, board power and memory clock read through NVML with the burst still in flight; NOT timing.TIMING_BASIS | duty 0.25 | each idle gap sized from its own burst (gap_basis burst)",,iters=supplied as None; sglang=package not installed,1,3.12.15,176.58886931557572,"measured on this device: NVIDIA GH200 480GB (measured), 658.0 TFLOP/s bf16 over 3725.9 GB/s (triad pattern); calibrated 2026-10-06 at 49f21980",,200.0,2.13.0,3.7.1,2026-10-06T08:52:02+00:00,0.27.1,300.0
shared,7,32,8,256,2048,1,576,0.9210879802703857,0.9133120179176331,0.0027309432233302384,210,3,318.2564477920532,"scripts/clock_elasticity.py: bursts of N back-to-back fused_experts calls under one pinned tile, each call L2-flushed and bracketed by its own pre-primed event pair, the FIRST call of every burst discarded as a drained-queue launch, a host-side idle gap after each burst setting the sustained duty cycle, and the SM clock, board power and memory clock read through NVML with the burst still in flight; NOT timing.TIMING_BASIS",1710.0,False,high,True,True,ok,"LEVEL HIGH (recorded, never an exclusion here): loaded clock 1710 MHz against the 1455 MHz reference. At a duty cycle below 1.0 a HIGH reading is the experiment working, not a cell to drop.",0.25,243.374,0.249895239439157,43,115.75107235269388,burst,0.9215999841690063,0.9214720129966736,True,1710 1710 1710 1710 1710 1710 1710 1710 1710 1710 1710 1710 1710 1710 1710,False,3725.9156463999325,"measured on this device: NVIDIA GH200 480GB (measured), 3725.9 GB/s (triad pattern)",13.0,580.105.08,True,1,49f219808863cc3515979babf6eaed123d73f876,NVIDIA GH200 480GB,192-222-51-63,"scripts/clock_elasticity.py: bursts of N back-to-back fused_experts calls under one pinned tile, each call L2-flushed and bracketed by its own pre-primed event pair, the FIRST call of every burst discarded as a drained-queue launch, a host-side idle gap after each burst setting the sustained duty cycle, and the SM clock, board power and memory clock read through NVML with the burst still in flight; NOT timing.TIMING_BASIS | duty 0.25 | each idle gap sized from its own burst (gap_basis burst)",,iters=supplied as None; sglang=package not installed,1,3.12.15,176.58886931557572,"measured on this device: NVIDIA GH200 480GB (measured), 658.0 TFLOP/s bf16 over 3725.9 GB/s (triad pattern); calibrated 2026-10-06 at 49f21980",,200.0,2.13.0,3.7.1,2026-10-06T08:52:02+00:00,0.27.1,300.0
private,7,32,8,256,2048,8,576,1.1738239526748657,1.1695359945297241,0.0018161338874273126,165,3,320.6376003026962,"scripts/clock_elasticity.py: bursts of N back-to-back fused_experts calls under one pinned tile, each call L2-flushed and bracketed by its own pre-primed event pair, the FIRST call of every burst discarded as a drained-queue launch, a host-side idle gap after each burst setting the sustained duty cycle, and the SM clock, board power and memory clock read through NVML with the burst still in flight; NOT timing.TIMING_BASIS",1710.0,False,high,True,True,ok,"LEVEL HIGH (recorded, never an exclusion here): loaded clock 1710 MHz against the 1455 MHz reference. At a duty cycle below 1.0 a HIGH reading is the experiment working, not a cell to drop.",0.25,263.928,0.24989507579998255,34,117.36675571951491,burst,1.1736000180244446,1.1734560132026672,True,1710 1710 1710 1710 1710 1710 1710 1710 1710 1710 1710 1710 1710 1710 1710,False,3725.9156463999325,"measured on this device: NVIDIA GH200 480GB (measured), 3725.9 GB/s (triad pattern)",13.0,580.105.08,True,1,49f219808863cc3515979babf6eaed123d73f876,NVIDIA GH200 480GB,192-222-51-63,"scripts/clock_elasticity.py: bursts of N back-to-back fused_experts calls under one pinned tile, each call L2-flushed and bracketed by its own pre-primed event pair, the FIRST call of every burst discarded as a drained-queue launch, a host-side idle gap after each burst setting the sustained duty cycle, and the SM clock, board power and memory clock read through NVML with the burst still in flight; NOT timing.TIMING_BASIS | duty 0.25 | each idle gap sized from its own burst (gap_basis burst)",,iters=supplied as None; sglang=package not installed,1,3.12.15,176.58886931557572,"measured on this device: NVIDIA GH200 480GB (measured), 658.0 TFLOP/s bf16 over 3725.9 GB/s (triad pattern); calibrated 2026-10-06 at 49f21980",,200.0,2.13.0,3.7.1,2026-10-06T08:52:02+00:00,0.27.1,300.0
native,7,32,8,256,2048,1,64,0.8895519971847534,0.8812159895896912,0.0029482582017862223,220,3,321.1936639547348,"scripts/clock_elasticity.py: bursts of N back-to-back fused_experts calls under one pinned tile, each call L2-flushed and bracketed by its own pre-primed event pair, the FIRST call of every burst discarded as a drained-queue launch, a host-side idle gap after each burst setting the sustained duty cycle, and the SM clock, board power and memory clock read through NVML with the burst still in flight; NOT timing.TIMING_BASIS",1710.0,False,high,True,True,ok,"LEVEL HIGH (recorded, never an exclusion here): loaded clock 1710 MHz against the 1455 MHz reference. At a duty cycle below 1.0 a HIGH reading is the experiment working, not a cell to drop.",0.25,246.736,0.24990200262200993,45,116.85606038277183,burst,0.891040027141571,0.8897920250892639,True,1710 1710 1710 1710 1710 1710 1710 1710 1710 1710 1710 1710 1710 1710 1710,False,3725.9156463999325,"measured on this device: NVIDIA GH200 480GB (measured), 3725.9 GB/s (triad pattern)",13.0,580.105.08,True,1,49f219808863cc3515979babf6eaed123d73f876,NVIDIA GH200 480GB,192-222-51-63,"scripts/clock_elasticity.py: bursts of N back-to-back fused_experts calls under one pinned tile, each call L2-flushed and bracketed by its own pre-primed event pair, the FIRST call of every burst discarded as a drained-queue launch, a host-side idle gap after each burst setting the sustained duty cycle, and the SM clock, board power and memory clock read through NVML with the burst still in flight; NOT timing.TIMING_BASIS | duty 0.25 | each idle gap sized from its own burst (gap_basis burst)",,iters=supplied as None; sglang=package not installed,1,3.12.15,176.58886931557572,"measured on this device: NVIDIA GH200 480GB (measured), 658.0 TFLOP/s bf16 over 3725.9 GB/s (triad pattern); calibrated 2026-10-06 at 49f21980",,200.0,2.13.0,3.7.1,2026-10-06T08:52:02+00:00,0.27.1,300.0
shared,7,32,7,224,1792,1,576,0.8131360113620758,0.8044800162315369,0.00300361258769111,240,3,319.62323212623596,"scripts/clock_elasticity.py: bursts of N back-to-back fused_experts calls under one pinned tile, each call L2-flushed and bracketed by its own pre-primed event pair, the FIRST call of every burst discarded as a drained-queue launch, a host-side idle gap after each burst setting the sustained duty cycle, and the SM clock, board power and memory clock read through NVML with the burst still in flight; NOT timing.TIMING_BASIS",1710.0,False,high,True,True,ok,"LEVEL HIGH (recorded, never an exclusion here): loaded clock 1710 MHz against the 1455 MHz reference. At a duty cycle below 1.0 a HIGH reading is the experiment working, not a cell to drop.",0.25,239.372,0.2499046966492644,49,115.89778749091056,burst,0.8133599758148193,0.8126400113105774,True,1710 1710 1710 1710 1710 1710 1710 1710 1710 1710 1710 1710 1710 1710 1710,False,3725.9156463999325,"measured on this device: NVIDIA GH200 480GB (measured), 3725.9 GB/s (triad pattern)",13.0,580.105.08,True,1,49f219808863cc3515979babf6eaed123d73f876,NVIDIA GH200 480GB,192-222-51-63,"scripts/clock_elasticity.py: bursts of N back-to-back fused_experts calls under one pinned tile, each call L2-flushed and bracketed by its own pre-primed event pair, the FIRST call of every burst discarded as a drained-queue launch, a host-side idle gap after each burst setting the sustained duty cycle, and the SM clock, board power and memory clock read through NVML with the burst still in flight; NOT timing.TIMING_BASIS | duty 0.25 | each idle gap sized from its own burst (gap_basis burst)",,iters=supplied as None; sglang=package not installed,1,3.12.15,176.58886931557572,"measured on this device: NVIDIA GH200 480GB (measured), 658.0 TFLOP/s bf16 over 3725.9 GB/s (triad pattern); calibrated 2026-10-06 at 49f21980",,200.0,2.13.0,3.7.1,2026-10-06T08:52:02+00:00,0.27.1,300.0
private,7,32,7,224,1792,7,576,1.0354559421539307,1.030527949333191,0.0019066018000493718,190,3,324.7823677062988,"scripts/clock_elasticity.py: bursts of N back-to-back fused_experts calls under one pinned tile, each call L2-flushed and bracketed by its own pre-primed event pair, the FIRST call of every burst discarded as a drained-queue launch, a host-side idle gap after each burst setting the sustained duty cycle, and the SM clock, board power and memory clock read through NVML with the burst still in flight; NOT timing.TIMING_BASIS",1710.0,False,high,True,True,ok,"LEVEL HIGH (recorded, never an exclusion here): loaded clock 1710 MHz against the 1455 MHz reference. At a duty cycle below 1.0 a HIGH reading is the experiment working, not a cell to drop.",0.25,265.783,0.2498971388568409,39,118.43161410743777,burst,1.0355839729309082,1.0354880094528198,True,1710 1710 1710 1710 1710 1710 1710 1710 1710 1710 1710 1710 1710 1710 1710,False,3725.9156463999325,"measured on this device: NVIDIA GH200 480GB (measured), 3725.9 GB/s (triad pattern)",13.0,580.105.08,True,1,49f219808863cc3515979babf6eaed123d73f876,NVIDIA GH200 480GB,192-222-51-63,"scripts/clock_elasticity.py: bursts of N back-to-back fused_experts calls under one pinned tile, each call L2-flushed and bracketed by its own pre-primed event pair, the FIRST call of every burst discarded as a drained-queue launch, a host-side idle gap after each burst setting the sustained duty cycle, and the SM clock, board power and memory clock read through NVML with the burst still in flight; NOT timing.TIMING_BASIS | duty 0.25 | each idle gap sized from its own burst (gap_basis burst)",,iters=supplied as None; sglang=package not installed,1,3.12.15,176.58886931557572,"measured on this device: NVIDIA GH200 480GB (measured), 658.0 TFLOP/s bf16 over 3725.9 GB/s (triad pattern); calibrated 2026-10-06 at 49f21980",,200.0,2.13.0,3.7.1,2026-10-06T08:52:02+00:00,0.27.1,300.0
native,7,32,7,224,1792,1,64,0.7811840176582336,0.7750399708747864,0.0028523009764535156,250,3,320.63609623908997,"scripts/clock_elasticity.py: bursts of N back-to-back fused_experts calls under one pinned tile, each call L2-flushed and bracketed by its own pre-primed event pair, the FIRST call of every burst discarded as a drained-queue launch, a host-side idle gap after each burst setting the sustained duty cycle, and the SM clock, board power and memory clock read through NVML with the burst still in flight; NOT timing.TIMING_BASIS",1710.0,False,high,True,True,ok,"LEVEL HIGH (recorded, never an exclusion here): loaded clock 1710 MHz against the 1455 MHz reference. At a duty cycle below 1.0 a HIGH reading is the experiment working, not a cell to drop.",0.25,244.768,0.2498946021093348,51,115.8091133049311,burst,0.7805280089378357,0.781792014837265,True,1710 1710 1710 1710 1710 1710 1710 1710 1710 1710 1710 1710 1710 1710 1710,False,3725.9156463999325,"measured on this device: NVIDIA GH200 480GB (measured), 3725.9 GB/s (triad pattern)",13.0,580.105.08,True,1,49f219808863cc3515979babf6eaed123d73f876,NVIDIA GH200 480GB,192-222-51-63,"scripts/clock_elasticity.py: bursts of N back-to-back fused_experts calls under one pinned tile, each call L2-flushed and bracketed by its own pre-primed event pair, the FIRST call of every burst discarded as a drained-queue launch, a host-side idle gap after each burst setting the sustained duty cycle, and the SM clock, board power and memory clock read through NVML with the burst still in flight; NOT timing.TIMING_BASIS | duty 0.25 | each idle gap sized from its own burst (gap_basis burst)",,iters=supplied as None; sglang=package not installed,1,3.12.15,176.58886931557572,"measured on this device: NVIDIA GH200 480GB (measured), 658.0 TFLOP/s bf16 over 3725.9 GB/s (triad pattern); calibrated 2026-10-06 at 49f21980",,200.0,2.13.0,3.7.1,2026-10-06T08:52:02+00:00,0.27.1,300.0
shared,7,32,6,192,1536,1,576,0.7124800086021423,0.7053120136260986,0.0030523630557493017,275,3,320.43004727363586,"scripts/clock_elasticity.py: bursts of N back-to-back fused_experts calls under one pinned tile, each call L2-flushed and bracketed by its own pre-primed event pair, the FIRST call of every burst discarded as a drained-queue launch, a host-side idle gap after each burst setting the sustained duty cycle, and the SM clock, board power and memory clock read through NVML with the burst still in flight; NOT timing.TIMING_BASIS",1710.0,False,high,True,True,ok,"LEVEL HIGH (recorded, never an exclusion here): loaded clock 1710 MHz against the 1455 MHz reference. At a duty cycle below 1.0 a HIGH reading is the experiment working, not a cell to drop.",0.25,244.107,0.24989607112698675,56,115.58930257231987,burst,0.7115839719772339,0.7136960029602051,True,1710 1710 1710 1710 1710 1710 1710 1710 1710 1710 1710 1710 1710 1710 1710,False,3725.9156463999325,"measured on this device: NVIDIA GH200 480GB (measured), 3725.9 GB/s (triad pattern)",13.0,580.105.08,True,1,49f219808863cc3515979babf6eaed123d73f876,NVIDIA GH200 480GB,192-222-51-63,"scripts/clock_elasticity.py: bursts of N back-to-back fused_experts calls under one pinned tile, each call L2-flushed and bracketed by its own pre-primed event pair, the FIRST call of every burst discarded as a drained-queue launch, a host-side idle gap after each burst setting the sustained duty cycle, and the SM clock, board power and memory clock read through NVML with the burst still in flight; NOT timing.TIMING_BASIS | duty 0.25 | each idle gap sized from its own burst (gap_basis burst)",,iters=supplied as None; sglang=package not installed,1,3.12.15,176.58886931557572,"measured on this device: NVIDIA GH200 480GB (measured), 658.0 TFLOP/s bf16 over 3725.9 GB/s (triad pattern); calibrated 2026-10-06 at 49f21980",,200.0,2.13.0,3.7.1,2026-10-06T08:52:02+00:00,0.27.1,300.0
private,7,32,6,192,1536,6,576,0.8965439796447754,0.8916159868240356,0.0017406178948912651,220,3,324.00198459625244,"scripts/clock_elasticity.py: bursts of N back-to-back fused_experts calls under one pinned tile, each call L2-flushed and bracketed by its own pre-primed event pair, the FIRST call of every burst discarded as a drained-queue launch, a host-side idle gap after each burst setting the sustained duty cycle, and the SM clock, board power and memory clock read through NVML with the burst still in flight; NOT timing.TIMING_BASIS",1710.0,False,high,True,True,ok,"LEVEL HIGH (recorded, never an exclusion here): loaded clock 1710 MHz against the 1455 MHz reference. At a duty cycle below 1.0 a HIGH reading is the experiment working, not a cell to drop.",0.25,264.819,0.24989549225753466,45,117.83762694011965,burst,0.8960000276565552,0.8968319892883301,True,1710 1710 1710 1710 1710 1710 1710 1710 1710 1710 1710 1710 1710 1710 1710,False,3725.9156463999325,"measured on this device: NVIDIA GH200 480GB (measured), 3725.9 GB/s (triad pattern)",13.0,580.105.08,True,1,49f219808863cc3515979babf6eaed123d73f876,NVIDIA GH200 480GB,192-222-51-63,"scripts/clock_elasticity.py: bursts of N back-to-back fused_experts calls under one pinned tile, each call L2-flushed and bracketed by its own pre-primed event pair, the FIRST call of every burst discarded as a drained-queue launch, a host-side idle gap after each burst setting the sustained duty cycle, and the SM clock, board power and memory clock read through NVML with the burst still in flight; NOT timing.TIMING_BASIS | duty 0.25 | each idle gap sized from its own burst (gap_basis burst)",,iters=supplied as None; sglang=package not installed,1,3.12.15,176.58886931557572,"measured on this device: NVIDIA GH200 480GB (measured), 658.0 TFLOP/s bf16 over 3725.9 GB/s (triad pattern); calibrated 2026-10-06 at 49f21980",,200.0,2.13.0,3.7.1,2026-10-06T08:52:02+00:00,0.27.1,300.0
native,7,32,6,192,1536,1,64,0.681984007358551,0.676639974117279,0.002080795458826142,290,3,323.5124155282974,"scripts/clock_elasticity.py: bursts of N back-to-back fused_experts calls under one pinned tile, each call L2-flushed and bracketed by its own pre-primed event pair, the FIRST call of every burst discarded as a drained-queue launch, a host-side idle gap after each burst setting the sustained duty cycle, and the SM clock, board power and memory clock read through NVML with the burst still in flight; NOT timing.TIMING_BASIS",1710.0,False,high,True,True,ok,"LEVEL HIGH (recorded, never an exclusion here): loaded clock 1710 MHz against the 1455 MHz reference. At a duty cycle below 1.0 a HIGH reading is the experiment working, not a cell to drop.",0.25,250.26,0.2498956258336067,59,116.38840425469971,burst,0.6812320053577423,0.6824639737606049,True,1710 1710 1710 1710 1710 1710 1710 1710 1710 1710 1710 1710 1710 1710 1710,False,3725.9156463999325,"measured on this device: NVIDIA GH200 480GB (measured), 3725.9 GB/s (triad pattern)",13.0,580.105.08,True,1,49f219808863cc3515979babf6eaed123d73f876,NVIDIA GH200 480GB,192-222-51-63,"scripts/clock_elasticity.py: bursts of N back-to-back fused_experts calls under one pinned tile, each call L2-flushed and bracketed by its own pre-primed event pair, the FIRST call of every burst discarded as a drained-queue launch, a host-side idle gap after each burst setting the sustained duty cycle, and the SM clock, board power and memory clock read through NVML with the burst still in flight; NOT timing.TIMING_BASIS | duty 0.25 | each idle gap sized from its own burst (gap_basis burst)",,iters=supplied as None; sglang=package not installed,1,3.12.15,176.58886931557572,"measured on this device: NVIDIA GH200 480GB (measured), 658.0 TFLOP/s bf16 over 3725.9 GB/s (triad pattern); calibrated 2026-10-06 at 49f21980",,200.0,2.13.0,3.7.1,2026-10-06T08:52:02+00:00,0.27.1,300.0
shared,7,32,5,160,1280,1,576,0.6043519973754883,0.5991359949111938,0.002066072288347429,325,3,320.3286722898483,"scripts/clock_elasticity.py: bursts of N back-to-back fused_experts calls under one pinned tile, each call L2-flushed and bracketed by its own pre-primed event pair, the FIRST call of every burst discarded as a drained-queue launch, a host-side idle gap after each burst setting the sustained duty cycle, and the SM clock, board power and memory clock read through NVML with the burst still in flight; NOT timing.TIMING_BASIS",1710.0,False,high,True,True,ok,"LEVEL HIGH (recorded, never an exclusion here): loaded clock 1710 MHz against the 1455 MHz reference. At a duty cycle below 1.0 a HIGH reading is the experiment working, not a cell to drop.",0.25,248.135,0.24990009804580401,66,114.70072257488209,burst,0.6051360070705414,0.6047039926052094,True,1710 1710 1710 1710 1710 1710 1710 1710 1710 1710 1710 1710 1710 1710 1710,False,3725.9156463999325,"measured on this device: NVIDIA GH200 480GB (measured), 3725.9 GB/s (triad pattern)",13.0,580.105.08,True,1,49f219808863cc3515979babf6eaed123d73f876,NVIDIA GH200 480GB,192-222-51-63,"scripts/clock_elasticity.py: bursts of N back-to-back fused_experts calls under one pinned tile, each call L2-flushed and bracketed by its own pre-primed event pair, the FIRST call of every burst discarded as a drained-queue launch, a host-side idle gap after each burst setting the sustained duty cycle, and the SM clock, board power and memory clock read through NVML with the burst still in flight; NOT timing.TIMING_BASIS | duty 0.25 | each idle gap sized from its own burst (gap_basis burst)",,iters=supplied as None; sglang=package not installed,1,3.12.15,176.58886931557572,"measured on this device: NVIDIA GH200 480GB (measured), 658.0 TFLOP/s bf16 over 3725.9 GB/s (triad pattern); calibrated 2026-10-06 at 49f21980",,200.0,2.13.0,3.7.1,2026-10-06T08:52:02+00:00,0.27.1,300.0
private,7,32,5,160,1280,5,576,0.7581120133399963,0.7531520128250122,0.0018976403256354883,260,3,322.8668156862259,"scripts/clock_elasticity.py: bursts of N back-to-back fused_experts calls under one pinned tile, each call L2-flushed and bracketed by its own pre-primed event pair, the FIRST call of every burst discarded as a drained-queue launch, a host-side idle gap after each burst setting the sustained duty cycle, and the SM clock, board power and memory clock read through NVML with the burst still in flight; NOT timing.TIMING_BASIS",1710.0,False,high,True,True,ok,"LEVEL HIGH (recorded, never an exclusion here): loaded clock 1710 MHz against the 1455 MHz reference. At a duty cycle below 1.0 a HIGH reading is the experiment working, not a cell to drop.",0.25,263.354,0.24989585059822922,53,116.70472742716811,burst,0.7579839825630188,0.7579839825630188,True,1710 1710 1710 1710 1710 1710 1710 1710 1710 1710 1710 1710 1710 1710 1710,False,3725.9156463999325,"measured on this device: NVIDIA GH200 480GB (measured), 3725.9 GB/s (triad pattern)",13.0,580.105.08,True,1,49f219808863cc3515979babf6eaed123d73f876,NVIDIA GH200 480GB,192-222-51-63,"scripts/clock_elasticity.py: bursts of N back-to-back fused_experts calls under one pinned tile, each call L2-flushed and bracketed by its own pre-primed event pair, the FIRST call of every burst discarded as a drained-queue launch, a host-side idle gap after each burst setting the sustained duty cycle, and the SM clock, board power and memory clock read through NVML with the burst still in flight; NOT timing.TIMING_BASIS | duty 0.25 | each idle gap sized from its own burst (gap_basis burst)",,iters=supplied as None; sglang=package not installed,1,3.12.15,176.58886931557572,"measured on this device: NVIDIA GH200 480GB (measured), 658.0 TFLOP/s bf16 over 3725.9 GB/s (triad pattern); calibrated 2026-10-06 at 49f21980",,200.0,2.13.0,3.7.1,2026-10-06T08:52:02+00:00,0.27.1,300.0
native,7,32,5,160,1280,1,64,0.5750719904899597,0.5699520111083984,0.002010917457064193,345,3,323.3718723654747,"scripts/clock_elasticity.py: bursts of N back-to-back fused_experts calls under one pinned tile, each call L2-flushed and bracketed by its own pre-primed event pair, the FIRST call of every burst discarded as a drained-queue launch, a host-side idle gap after each burst setting the sustained duty cycle, and the SM clock, board power and memory clock read through NVML with the burst still in flight; NOT timing.TIMING_BASIS",1710.0,False,high,True,True,ok,"LEVEL HIGH (recorded, never an exclusion here): loaded clock 1710 MHz against the 1455 MHz reference. At a duty cycle below 1.0 a HIGH reading is the experiment working, not a cell to drop.",0.25,250.025,0.2498954611566514,70,115.49239769967242,burst,0.5754560232162476,0.5751360058784485,True,1710 1710 1710 1710 1710 1710 1710 1710 1710 1710 1710 1710 1710 1710 1710,False,3725.9156463999325,"measured on this device: NVIDIA GH200 480GB (measured), 3725.9 GB/s (triad pattern)",13.0,580.105.08,True,1,49f219808863cc3515979babf6eaed123d73f876,NVIDIA GH200 480GB,192-222-51-63,"scripts/clock_elasticity.py: bursts of N back-to-back fused_experts calls under one pinned tile, each call L2-flushed and bracketed by its own pre-primed event pair, the FIRST call of every burst discarded as a drained-queue launch, a host-side idle gap after each burst setting the sustained duty cycle, and the SM clock, board power and memory clock read through NVML with the burst still in flight; NOT timing.TIMING_BASIS | duty 0.25 | each idle gap sized from its own burst (gap_basis burst)",,iters=supplied as None; sglang=package not installed,1,3.12.15,176.58886931557572,"measured on this device: NVIDIA GH200 480GB (measured), 658.0 TFLOP/s bf16 over 3725.9 GB/s (triad pattern); calibrated 2026-10-06 at 49f21980",,200.0,2.13.0,3.7.1,2026-10-06T08:52:02+00:00,0.27.1,300.0
shared,7,32,4,128,1024,1,576,0.49673599004745483,0.49132800102233887,0.0017747616789199295,400,3,323.2811841070652,"scripts/clock_elasticity.py: bursts of N back-to-back fused_experts calls under one pinned tile, each call L2-flushed and bracketed by its own pre-primed event pair, the FIRST call of every burst discarded as a drained-queue launch, a host-side idle gap after each burst setting the sustained duty cycle, and the SM clock, board power and memory clock read through NVML with the burst still in flight; NOT timing.TIMING_BASIS",1710.0,False,high,True,True,ok,"LEVEL HIGH (recorded, never an exclusion here): loaded clock 1710 MHz against the 1455 MHz reference. At a duty cycle below 1.0 a HIGH reading is the experiment working, not a cell to drop.",0.25,248.98,0.249895071806029,81,114.6933823509462,burst,0.49716800451278687,0.4968000054359436,True,1710 1710 1710 1710 1710 1710 1710 1710 1710 1710 1710 1710 1710 1710 1710,False,3725.9156463999325,"measured on this device: NVIDIA GH200 480GB (measured), 3725.9 GB/s (triad pattern)",13.0,580.105.08,True,1,49f219808863cc3515979babf6eaed123d73f876,NVIDIA GH200 480GB,192-222-51-63,"scripts/clock_elasticity.py: bursts of N back-to-back fused_experts calls under one pinned tile, each call L2-flushed and bracketed by its own pre-primed event pair, the FIRST call of every burst discarded as a drained-queue launch, a host-side idle gap after each burst setting the sustained duty cycle, and the SM clock, board power and memory clock read through NVML with the burst still in flight; NOT timing.TIMING_BASIS | duty 0.25 | each idle gap sized from its own burst (gap_basis burst)",,iters=supplied as None; sglang=package not installed,1,3.12.15,176.58886931557572,"measured on this device: NVIDIA GH200 480GB (measured), 658.0 TFLOP/s bf16 over 3725.9 GB/s (triad pattern); calibrated 2026-10-06 at 49f21980",,200.0,2.13.0,3.7.1,2026-10-06T08:52:02+00:00,0.27.1,300.0
private,7,32,4,128,1024,4,576,0.6186879873275757,0.6142399907112122,0.0015762654852256672,320,3,323.1779529452324,"scripts/clock_elasticity.py: bursts of N back-to-back fused_experts calls under one pinned tile, each call L2-flushed and bracketed by its own pre-primed event pair, the FIRST call of every burst discarded as a drained-queue launch, a host-side idle gap after each burst setting the sustained duty cycle, and the SM clock, board power and memory clock read through NVML with the burst still in flight; NOT timing.TIMING_BASIS",1710.0,False,high,True,True,ok,"LEVEL HIGH (recorded, never an exclusion here): loaded clock 1710 MHz against the 1455 MHz reference. At a duty cycle below 1.0 a HIGH reading is the experiment working, not a cell to drop.",0.25,262.969,0.24989892022836915,65,115.8023195409769,burst,0.6183840036392212,0.6188159883022308,True,1710 1710 1710 1710 1710 1710 1710 1710 1710 1710 1710 1710 1710 1710 1710,False,3725.9156463999325,"measured on this device: NVIDIA GH200 480GB (measured), 3725.9 GB/s (triad pattern)",13.0,580.105.08,True,1,49f219808863cc3515979babf6eaed123d73f876,NVIDIA GH200 480GB,192-222-51-63,"scripts/clock_elasticity.py: bursts of N back-to-back fused_experts calls under one pinned tile, each call L2-flushed and bracketed by its own pre-primed event pair, the FIRST call of every burst discarded as a drained-queue launch, a host-side idle gap after each burst setting the sustained duty cycle, and the SM clock, board power and memory clock read through NVML with the burst still in flight; NOT timing.TIMING_BASIS | duty 0.25 | each idle gap sized from its own burst (gap_basis burst)",,iters=supplied as None; sglang=package not installed,1,3.12.15,176.58886931557572,"measured on this device: NVIDIA GH200 480GB (measured), 658.0 TFLOP/s bf16 over 3725.9 GB/s (triad pattern); calibrated 2026-10-06 at 49f21980",,200.0,2.13.0,3.7.1,2026-10-06T08:52:02+00:00,0.27.1,300.0
native,7,32,4,128,1024,1,64,0.466623991727829,0.4621120095252991,0.0015867201912655004,425,3,322.0286716222763,"scripts/clock_elasticity.py: bursts of N back-to-back fused_experts calls under one pinned tile, each call L2-flushed and bracketed by its own pre-primed event pair, the FIRST call of every burst discarded as a drained-queue launch, a host-side idle gap after each burst setting the sustained duty cycle, and the SM clock, board power and memory clock read through NVML with the burst still in flight; NOT timing.TIMING_BASIS",1710.0,False,high,True,True,ok,"LEVEL HIGH (recorded, never an exclusion here): loaded clock 1710 MHz against the 1455 MHz reference. At a duty cycle below 1.0 a HIGH reading is the experiment working, not a cell to drop.",0.25,256.546,0.24989760663905417,86,113.8200372315405,burst,0.4660159945487976,0.4672960042953491,True,1710 1710 1710 1710 1710 1710 1710 1710 1710 1710 1710 1710 1710 1710 1710,False,3725.9156463999325,"measured on this device: NVIDIA GH200 480GB (measured), 3725.9 GB/s (triad pattern)",13.0,580.105.08,True,1,49f219808863cc3515979babf6eaed123d73f876,NVIDIA GH200 480GB,192-222-51-63,"scripts/clock_elasticity.py: bursts of N back-to-back fused_experts calls under one pinned tile, each call L2-flushed and bracketed by its own pre-primed event pair, the FIRST call of every burst discarded as a drained-queue launch, a host-side idle gap after each burst setting the sustained duty cycle, and the SM clock, board power and memory clock read through NVML with the burst still in flight; NOT timing.TIMING_BASIS | duty 0.25 | each idle gap sized from its own burst (gap_basis burst)",,iters=supplied as None; sglang=package not installed,1,3.12.15,176.58886931557572,"measured on this device: NVIDIA GH200 480GB (measured), 658.0 TFLOP/s bf16 over 3725.9 GB/s (triad pattern); calibrated 2026-10-06 at 49f21980",,200.0,2.13.0,3.7.1,2026-10-06T08:52:02+00:00,0.27.1,300.0
shared,7,32,3,96,768,1,576,0.38758400082588196,0.3845439851284027,0.0012645194374345445,510,3,321.12211215496063,"scripts/clock_elasticity.py: bursts of N back-to-back fused_experts calls under one pinned tile, each call L2-flushed and bracketed by its own pre-primed event pair, the FIRST call of every burst discarded as a drained-queue launch, a host-side idle gap after each burst setting the sustained duty cycle, and the SM clock, board power and memory clock read through NVML with the burst still in flight; NOT timing.TIMING_BASIS",1710.0,False,high,True,True,ok,"LEVEL HIGH (recorded, never an exclusion here): loaded clock 1710 MHz against the 1455 MHz reference. At a duty cycle below 1.0 a HIGH reading is the experiment working, not a cell to drop.",0.25,249.822,0.24989638023083977,103,111.64649391744025,burst,0.3874239921569824,0.3874559998512268,True,1710 1710 1710 1710 1710 1710 1710 1710 1710 1710 1710 1710 1710 1710 1710,False,3725.9156463999325,"measured on this device: NVIDIA GH200 480GB (measured), 3725.9 GB/s (triad pattern)",13.0,580.105.08,True,1,49f219808863cc3515979babf6eaed123d73f876,NVIDIA GH200 480GB,192-222-51-63,"scripts/clock_elasticity.py: bursts of N back-to-back fused_experts calls under one pinned tile, each call L2-flushed and bracketed by its own pre-primed event pair, the FIRST call of every burst discarded as a drained-queue launch, a host-side idle gap after each burst setting the sustained duty cycle, and the SM clock, board power and memory clock read through NVML with the burst still in flight; NOT timing.TIMING_BASIS | duty 0.25 | each idle gap sized from its own burst (gap_basis burst)",,iters=supplied as None; sglang=package not installed,1,3.12.15,176.58886931557572,"measured on this device: NVIDIA GH200 480GB (measured), 658.0 TFLOP/s bf16 over 3725.9 GB/s (triad pattern); calibrated 2026-10-06 at 49f21980",,200.0,2.13.0,3.7.1,2026-10-06T08:52:02+00:00,0.27.1,300.0
private,7,32,3,96,768,3,576,0.47920000553131104,0.47462400794029236,0.0013955327616118351,410,3,319.5250555872917,"scripts/clock_elasticity.py: bursts of N back-to-back fused_experts calls under one pinned tile, each call L2-flushed and bracketed by its own pre-primed event pair, the FIRST call of every burst discarded as a drained-queue launch, a host-side idle gap after each burst setting the sustained duty cycle, and the SM clock, board power and memory clock read through NVML with the burst still in flight; NOT timing.TIMING_BASIS",1710.0,False,high,True,True,ok,"LEVEL HIGH (recorded, never an exclusion here): loaded clock 1710 MHz against the 1455 MHz reference. At a duty cycle below 1.0 a HIGH reading is the experiment working, not a cell to drop.",0.25,256.77,0.2498936786369563,83,113.03085734726484,burst,0.4790879935026169,0.4793280065059662,True,1710 1710 1710 1710 1710 1710 1710 1710 1710 1710 1710 1710 1710 1710 1710,False,3725.9156463999325,"measured on this device: NVIDIA GH200 480GB (measured), 3725.9 GB/s (triad pattern)",13.0,580.105.08,True,1,49f219808863cc3515979babf6eaed123d73f876,NVIDIA GH200 480GB,192-222-51-63,"scripts/clock_elasticity.py: bursts of N back-to-back fused_experts calls under one pinned tile, each call L2-flushed and bracketed by its own pre-primed event pair, the FIRST call of every burst discarded as a drained-queue launch, a host-side idle gap after each burst setting the sustained duty cycle, and the SM clock, board power and memory clock read through NVML with the burst still in flight; NOT timing.TIMING_BASIS | duty 0.25 | each idle gap sized from its own burst (gap_basis burst)",,iters=supplied as None; sglang=package not installed,1,3.12.15,176.58886931557572,"measured on this device: NVIDIA GH200 480GB (measured), 658.0 TFLOP/s bf16 over 3725.9 GB/s (triad pattern); calibrated 2026-10-06 at 49f21980",,200.0,2.13.0,3.7.1,2026-10-06T08:52:02+00:00,0.27.1,300.0
native,7,32,3,96,768,1,64,0.358240008354187,0.3543039858341217,0.001555384041571496,555,3,322.2883194088936,"scripts/clock_elasticity.py: bursts of N back-to-back fused_experts calls under one pinned tile, each call L2-flushed and bracketed by its own pre-primed event pair, the FIRST call of every burst discarded as a drained-queue launch, a host-side idle gap after each burst setting the sustained duty cycle, and the SM clock, board power and memory clock read through NVML with the burst still in flight; NOT timing.TIMING_BASIS",1710.0,False,high,True,True,ok,"LEVEL HIGH (recorded, never an exclusion here): loaded clock 1710 MHz against the 1455 MHz reference. At a duty cycle below 1.0 a HIGH reading is the experiment working, not a cell to drop.",0.25,265.274,0.24990235471369518,112,111.71432660339633,burst,0.3585920035839081,0.358240008354187,True,1710 1710 1710 1710 1710 1710 1710 1710 1710 1710 1710 1710 1710 1710 1710,False,3725.9156463999325,"measured on this device: NVIDIA GH200 480GB (measured), 3725.9 GB/s (triad pattern)",13.0,580.105.08,True,1,49f219808863cc3515979babf6eaed123d73f876,NVIDIA GH200 480GB,192-222-51-63,"scripts/clock_elasticity.py: bursts of N back-to-back fused_experts calls under one pinned tile, each call L2-flushed and bracketed by its own pre-primed event pair, the FIRST call of every burst discarded as a drained-queue launch, a host-side idle gap after each burst setting the sustained duty cycle, and the SM clock, board power and memory clock read through NVML with the burst still in flight; NOT timing.TIMING_BASIS | duty 0.25 | each idle gap sized from its own burst (gap_basis burst)",,iters=supplied as None; sglang=package not installed,1,3.12.15,176.58886931557572,"measured on this device: NVIDIA GH200 480GB (measured), 658.0 TFLOP/s bf16 over 3725.9 GB/s (triad pattern); calibrated 2026-10-06 at 49f21980",,200.0,2.13.0,3.7.1,2026-10-06T08:52:02+00:00,0.27.1,300.0
shared,7,32,2,64,512,1,576,0.27852800488471985,0.27558401226997375,0.007114530708851751,715,3,323.43286445736885,"scripts/clock_elasticity.py: bursts of N back-to-back fused_experts calls under one pinned tile, each call L2-flushed and bracketed by its own pre-primed event pair, the FIRST call of every burst discarded as a drained-queue launch, a host-side idle gap after each burst setting the sustained duty cycle, and the SM clock, board power and memory clock read through NVML with the burst still in flight; NOT timing.TIMING_BASIS",1710.0,False,high,True,True,ok,"LEVEL HIGH (recorded, never an exclusion here): loaded clock 1710 MHz against the 1455 MHz reference. At a duty cycle below 1.0 a HIGH reading is the experiment working, not a cell to drop.; host-bound: in 7 of 15 trials the GPU had fewer than 2 iterations of work queued when the host finished enqueueing (smallest backlog 0.33 iterations; host enqueue 0.3535 ms per call); the intervals include host enqueue time and the number is an upper bound on the kernel time; time the callable as a graph replay or through a fused launcher to measure the GPU alone",0.25,260.763,0.2498960534044543,144,109.6784050787537,burst,0.2778880000114441,0.2788800001144409,True,1710 1710 1710 1710 1710 1710 1710 1710 1710 1710 1710 1710 1710 1710 1710,True,3725.9156463999325,"measured on this device: NVIDIA GH200 480GB (measured), 3725.9 GB/s (triad pattern)",13.0,580.105.08,True,1,49f219808863cc3515979babf6eaed123d73f876,NVIDIA GH200 480GB,192-222-51-63,"scripts/clock_elasticity.py: bursts of N back-to-back fused_experts calls under one pinned tile, each call L2-flushed and bracketed by its own pre-primed event pair, the FIRST call of every burst discarded as a drained-queue launch, a host-side idle gap after each burst setting the sustained duty cycle, and the SM clock, board power and memory clock read through NVML with the burst still in flight; NOT timing.TIMING_BASIS | duty 0.25 | each idle gap sized from its own burst (gap_basis burst)",,iters=supplied as None; sglang=package not installed,1,3.12.15,176.58886931557572,"measured on this device: NVIDIA GH200 480GB (measured), 658.0 TFLOP/s bf16 over 3725.9 GB/s (triad pattern); calibrated 2026-10-06 at 49f21980",,200.0,2.13.0,3.7.1,2026-10-06T08:52:02+00:00,0.27.1,300.0
private,7,32,2,64,512,2,576,0.3412960022687912,0.3375360071659088,0.0015194729051324195,580,3,320.9306877553463,"scripts/clock_elasticity.py: bursts of N back-to-back fused_experts calls under one pinned tile, each call L2-flushed and bracketed by its own pre-primed event pair, the FIRST call of every burst discarded as a drained-queue launch, a host-side idle gap after each burst setting the sustained duty cycle, and the SM clock, board power and memory clock read through NVML with the burst still in flight; NOT timing.TIMING_BASIS",1710.0,False,high,True,True,ok,"LEVEL HIGH (recorded, never an exclusion here): loaded clock 1710 MHz against the 1455 MHz reference. At a duty cycle below 1.0 a HIGH reading is the experiment working, not a cell to drop.",0.25,257.733,0.24990220956860734,117,110.70587848217109,burst,0.3410559892654419,0.3413439989089966,True,1710 1710 1710 1710 1710 1710 1710 1710 1710 1710 1710 1710 1710 1710 1710,False,3725.9156463999325,"measured on this device: NVIDIA GH200 480GB (measured), 3725.9 GB/s (triad pattern)",13.0,580.105.08,True,1,49f219808863cc3515979babf6eaed123d73f876,NVIDIA GH200 480GB,192-222-51-63,"scripts/clock_elasticity.py: bursts of N back-to-back fused_experts calls under one pinned tile, each call L2-flushed and bracketed by its own pre-primed event pair, the FIRST call of every burst discarded as a drained-queue launch, a host-side idle gap after each burst setting the sustained duty cycle, and the SM clock, board power and memory clock read through NVML with the burst still in flight; NOT timing.TIMING_BASIS | duty 0.25 | each idle gap sized from its own burst (gap_basis burst)",,iters=supplied as None; sglang=package not installed,1,3.12.15,176.58886931557572,"measured on this device: NVIDIA GH200 480GB (measured), 658.0 TFLOP/s bf16 over 3725.9 GB/s (triad pattern); calibrated 2026-10-06 at 49f21980",,200.0,2.13.0,3.7.1,2026-10-06T08:52:02+00:00,0.27.1,300.0
native,7,32,2,64,512,1,64,0.27161601185798645,0.24588799476623535,0.019471375205672173,710,3,309.39919988811016,"scripts/clock_elasticity.py: bursts of N back-to-back fused_experts calls under one pinned tile, each call L2-flushed and bracketed by its own pre-primed event pair, the FIRST call of every burst discarded as a drained-queue launch, a host-side idle gap after each burst setting the sustained duty cycle, and the SM clock, board power and memory clock read through NVML with the burst still in flight; NOT timing.TIMING_BASIS",1710.0,False,high,True,True,ok,"LEVEL HIGH (recorded, never an exclusion here): loaded clock 1710 MHz against the 1455 MHz reference. At a duty cycle below 1.0 a HIGH reading is the experiment working, not a cell to drop.; host-bound: in 15 of 15 trials the GPU had fewer than 2 iterations of work queued when the host finished enqueueing (smallest backlog 0.26 iterations; host enqueue 0.3539 ms per call); the intervals include host enqueue time and the number is an upper bound on the kernel time; time the callable as a graph replay or through a fused launcher to measure the GPU alone",0.25,256.646,0.24988850440501414,143,106.08756678841019,burst,0.2728320062160492,0.27136000990867615,True,1710 1710 1710 1710 1710 1710 1710 1710 1710 1710 1710 1710 1710 1710 1710,True,3725.9156463999325,"measured on this device: NVIDIA GH200 480GB (measured), 3725.9 GB/s (triad pattern)",13.0,580.105.08,True,1,49f219808863cc3515979babf6eaed123d73f876,NVIDIA GH200 480GB,192-222-51-63,"scripts/clock_elasticity.py: bursts of N back-to-back fused_experts calls under one pinned tile, each call L2-flushed and bracketed by its own pre-primed event pair, the FIRST call of every burst discarded as a drained-queue launch, a host-side idle gap after each burst setting the sustained duty cycle, and the SM clock, board power and memory clock read through NVML with the burst still in flight; NOT timing.TIMING_BASIS | duty 0.25 | each idle gap sized from its own burst (gap_basis burst)",,iters=supplied as None; sglang=package not installed,1,3.12.15,176.58886931557572,"measured on this device: NVIDIA GH200 480GB (measured), 658.0 TFLOP/s bf16 over 3725.9 GB/s (triad pattern); calibrated 2026-10-06 at 49f21980",,200.0,2.13.0,3.7.1,2026-10-06T08:52:02+00:00,0.27.1,300.0
shared,7,32,1,32,256,1,576,0.26974400877952576,0.22972799837589264,0.019183315171405143,720,3,316.6013440191746,"scripts/clock_elasticity.py: bursts of N back-to-back fused_experts calls under one pinned tile, each call L2-flushed and bracketed by its own pre-primed event pair, the FIRST call of every burst discarded as a drained-queue launch, a host-side idle gap after each burst setting the sustained duty cycle, and the SM clock, board power and memory clock read through NVML with the burst still in flight; NOT timing.TIMING_BASIS",1710.0,False,high,True,True,ok,"LEVEL HIGH (recorded, never an exclusion here): loaded clock 1710 MHz against the 1455 MHz reference. At a duty cycle below 1.0 a HIGH reading is the experiment working, not a cell to drop.; host-bound: in 15 of 15 trials the GPU had fewer than 2 iterations of work queued when the host finished enqueueing (smallest backlog 0.16 iterations; host enqueue 0.3514 ms per call); the intervals include host enqueue time and the number is an upper bound on the kernel time; time the callable as a graph replay or through a fused launcher to measure the GPU alone",0.25,218.187,0.24989737426182335,145,106.4163334203695,burst,0.2725600004196167,0.26663999259471893,True,1710 1710 1710 1710 1710 1710 1710 1710 1710 1710 1710 1710 1710 1710 1710,True,3725.9156463999325,"measured on this device: NVIDIA GH200 480GB (measured), 3725.9 GB/s (triad pattern)",13.0,580.105.08,True,1,49f219808863cc3515979babf6eaed123d73f876,NVIDIA GH200 480GB,192-222-51-63,"scripts/clock_elasticity.py: bursts of N back-to-back fused_experts calls under one pinned tile, each call L2-flushed and bracketed by its own pre-primed event pair, the FIRST call of every burst discarded as a drained-queue launch, a host-side idle gap after each burst setting the sustained duty cycle, and the SM clock, board power and memory clock read through NVML with the burst still in flight; NOT timing.TIMING_BASIS | duty 0.25 | each idle gap sized from its own burst (gap_basis burst)",,iters=supplied as None; sglang=package not installed,1,3.12.15,176.58886931557572,"measured on this device: NVIDIA GH200 480GB (measured), 658.0 TFLOP/s bf16 over 3725.9 GB/s (triad pattern); calibrated 2026-10-06 at 49f21980",,200.0,2.13.0,3.7.1,2026-10-06T08:52:02+00:00,0.27.1,300.0
private,7,32,1,32,256,1,576,0.2773120105266571,0.230335995554924,0.020097967591722554,720,3,315.57708859443665,"scripts/clock_elasticity.py: bursts of N back-to-back fused_experts calls under one pinned tile, each call L2-flushed and bracketed by its own pre-primed event pair, the FIRST call of every burst discarded as a drained-queue launch, a host-side idle gap after each burst setting the sustained duty cycle, and the SM clock, board power and memory clock read through NVML with the burst still in flight; NOT timing.TIMING_BASIS",1710.0,False,high,True,True,ok,"LEVEL HIGH (recorded, never an exclusion here): loaded clock 1710 MHz against the 1455 MHz reference. At a duty cycle below 1.0 a HIGH reading is the experiment working, not a cell to drop.; host-bound: in 15 of 15 trials the GPU had fewer than 2 iterations of work queued when the host finished enqueueing (smallest backlog 0.16 iterations; host enqueue 0.3592 ms per call); the intervals include host enqueue time and the number is an upper bound on the kernel time; time the callable as a graph replay or through a fused launcher to measure the GPU alone",0.25,218.459,0.24989627221799687,145,109.81654886407341,burst,0.27708800137043,0.2792000025510788,True,1710 1710 1710 1710 1710 1710 1710 1710 1710 1710 1710 1710 1710 1710 1710,True,3725.9156463999325,"measured on this device: NVIDIA GH200 480GB (measured), 3725.9 GB/s (triad pattern)",13.0,580.105.08,True,1,49f219808863cc3515979babf6eaed123d73f876,NVIDIA GH200 480GB,192-222-51-63,"scripts/clock_elasticity.py: bursts of N back-to-back fused_experts calls under one pinned tile, each call L2-flushed and bracketed by its own pre-primed event pair, the FIRST call of every burst discarded as a drained-queue launch, a host-side idle gap after each burst setting the sustained duty cycle, and the SM clock, board power and memory clock read through NVML with the burst still in flight; NOT timing.TIMING_BASIS | duty 0.25 | each idle gap sized from its own burst (gap_basis burst)",,iters=supplied as None; sglang=package not installed,1,3.12.15,176.58886931557572,"measured on this device: NVIDIA GH200 480GB (measured), 658.0 TFLOP/s bf16 over 3725.9 GB/s (triad pattern); calibrated 2026-10-06 at 49f21980",,200.0,2.13.0,3.7.1,2026-10-06T08:52:02+00:00,0.27.1,300.0
native,7,32,1,32,256,1,64,0.27008000016212463,0.2253119945526123,0.017671644371096973,695,3,303.2120315730572,"scripts/clock_elasticity.py: bursts of N back-to-back fused_experts calls under one pinned tile, each call L2-flushed and bracketed by its own pre-primed event pair, the FIRST call of every burst discarded as a drained-queue launch, a host-side idle gap after each burst setting the sustained duty cycle, and the SM clock, board power and memory clock read through NVML with the burst still in flight; NOT timing.TIMING_BASIS",1710.0,False,high,True,True,ok,"LEVEL HIGH (recorded, never an exclusion here): loaded clock 1710 MHz against the 1455 MHz reference. At a duty cycle below 1.0 a HIGH reading is the experiment working, not a cell to drop.; host-bound: in 15 of 15 trials the GPU had fewer than 2 iterations of work queued when the host finished enqueueing (smallest backlog 0.15 iterations; host enqueue 0.3502 ms per call); the intervals include host enqueue time and the number is an upper bound on the kernel time; time the callable as a graph replay or through a fused launcher to measure the GPU alone",0.25,215.306,0.24989078567494247,140,101.57717753901672,burst,0.27081599831581116,0.2680479884147644,True,1710 1710 1710 1710 1710 1710 1710 1710 1710 1710 1710 1710 1710 1710 1710,True,3725.9156463999325,"measured on this device: NVIDIA GH200 480GB (measured), 3725.9 GB/s (triad pattern)",13.0,580.105.08,True,1,49f219808863cc3515979babf6eaed123d73f876,NVIDIA GH200 480GB,192-222-51-63,"scripts/clock_elasticity.py: bursts of N back-to-back fused_experts calls under one pinned tile, each call L2-flushed and bracketed by its own pre-primed event pair, the FIRST call of every burst discarded as a drained-queue launch, a host-side idle gap after each burst setting the sustained duty cycle, and the SM clock, board power and memory clock read through NVML with the burst still in flight; NOT timing.TIMING_BASIS | duty 0.25 | each idle gap sized from its own burst (gap_basis burst)",,iters=supplied as None; sglang=package not installed,1,3.12.15,176.58886931557572,"measured on this device: NVIDIA GH200 480GB (measured), 658.0 TFLOP/s bf16 over 3725.9 GB/s (triad pattern); calibrated 2026-10-06 at 49f21980",,200.0,2.13.0,3.7.1,2026-10-06T08:52:02+00:00,0.27.1,300.0
private,8,32,1,32,256,1,576,0.26841598749160767,0.22579200565814972,0.01995220713744015,685,3,304.0001595914364,"scripts/clock_elasticity.py: bursts of N back-to-back fused_experts calls under one pinned tile, each call L2-flushed and bracketed by its own pre-primed event pair, the FIRST call of every burst discarded as a drained-queue launch, a host-side idle gap after each burst setting the sustained duty cycle, and the SM clock, board power and memory clock read through NVML with the burst still in flight; NOT timing.TIMING_BASIS",1710.0,False,high,True,True,ok,"LEVEL HIGH (recorded, never an exclusion here): loaded clock 1710 MHz against the 1455 MHz reference. At a duty cycle below 1.0 a HIGH reading is the experiment working, not a cell to drop.; host-bound: in 15 of 15 trials the GPU had fewer than 2 iterations of work queued when the host finished enqueueing (smallest backlog 0.16 iterations; host enqueue 0.3495 ms per call); the intervals include host enqueue time and the number is an upper bound on the kernel time; time the callable as a graph replay or through a fused launcher to measure the GPU alone",0.25,218.996,0.24988862140483878,138,100.51426919174264,burst,0.2690400034189224,0.2654400020837784,True,1710 1710 1710 1710 1710 1710 1710 1710 1710 1710 1710 1710 1710 1710 1710,True,3725.9156463999325,"measured on this device: NVIDIA GH200 480GB (measured), 3725.9 GB/s (triad pattern)",13.0,580.105.08,True,1,49f219808863cc3515979babf6eaed123d73f876,NVIDIA GH200 480GB,192-222-51-63,"scripts/clock_elasticity.py: bursts of N back-to-back fused_experts calls under one pinned tile, each call L2-flushed and bracketed by its own pre-primed event pair, the FIRST call of every burst discarded as a drained-queue launch, a host-side idle gap after each burst setting the sustained duty cycle, and the SM clock, board power and memory clock read through NVML with the burst still in flight; NOT timing.TIMING_BASIS | duty 0.25 | each idle gap sized from its own burst (gap_basis burst)",,iters=supplied as None; sglang=package not installed,1,3.12.15,176.58886931557572,"measured on this device: NVIDIA GH200 480GB (measured), 658.0 TFLOP/s bf16 over 3725.9 GB/s (triad pattern); calibrated 2026-10-06 at 49f21980",,200.0,2.13.0,3.7.1,2026-10-06T08:52:02+00:00,0.27.1,300.0
native,8,32,1,32,256,1,64,0.2648160010576248,0.227743998169899,0.01654118020992892,720,3,309.168191999197,"scripts/clock_elasticity.py: bursts of N back-to-back fused_experts calls under one pinned tile, each call L2-flushed and bracketed by its own pre-primed event pair, the FIRST call of every burst discarded as a drained-queue launch, a host-side idle gap after each burst setting the sustained duty cycle, and the SM clock, board power and memory clock read through NVML with the burst still in flight; NOT timing.TIMING_BASIS",1710.0,False,high,True,True,ok,"LEVEL HIGH (recorded, never an exclusion here): loaded clock 1710 MHz against the 1455 MHz reference. At a duty cycle below 1.0 a HIGH reading is the experiment working, not a cell to drop.; host-bound: in 15 of 15 trials the GPU had fewer than 2 iterations of work queued when the host finished enqueueing (smallest backlog 0.15 iterations; host enqueue 0.3461 ms per call); the intervals include host enqueue time and the number is an upper bound on the kernel time; time the callable as a graph replay or through a fused launcher to measure the GPU alone",0.25,215.213,0.24989381374807512,145,103.58257747857716,burst,0.26660799980163574,0.26390400528907776,True,1710 1710 1710 1710 1710 1710 1710 1710 1710 1710 1710 1710 1710 1710 1710,True,3725.9156463999325,"measured on this device: NVIDIA GH200 480GB (measured), 3725.9 GB/s (triad pattern)",13.0,580.105.08,True,1,49f219808863cc3515979babf6eaed123d73f876,NVIDIA GH200 480GB,192-222-51-63,"scripts/clock_elasticity.py: bursts of N back-to-back fused_experts calls under one pinned tile, each call L2-flushed and bracketed by its own pre-primed event pair, the FIRST call of every burst discarded as a drained-queue launch, a host-side idle gap after each burst setting the sustained duty cycle, and the SM clock, board power and memory clock read through NVML with the burst still in flight; NOT timing.TIMING_BASIS | duty 0.25 | each idle gap sized from its own burst (gap_basis burst)",,iters=supplied as None; sglang=package not installed,1,3.12.15,176.58886931557572,"measured on this device: NVIDIA GH200 480GB (measured), 658.0 TFLOP/s bf16 over 3725.9 GB/s (triad pattern); calibrated 2026-10-06 at 49f21980",,200.0,2.13.0,3.7.1,2026-10-06T08:52:02+00:00,0.27.1,300.0
shared,8,32,1,32,256,1,576,0.26553601026535034,0.2277120053768158,0.018078753450875767,705,3,304.4913602769375,"scripts/clock_elasticity.py: bursts of N back-to-back fused_experts calls under one pinned tile, each call L2-flushed and bracketed by its own pre-primed event pair, the FIRST call of every burst discarded as a drained-queue launch, a host-side idle gap after each burst setting the sustained duty cycle, and the SM clock, board power and memory clock read through NVML with the burst still in flight; NOT timing.TIMING_BASIS",1710.0,False,high,True,True,ok,"LEVEL HIGH (recorded, never an exclusion here): loaded clock 1710 MHz against the 1455 MHz reference. At a duty cycle below 1.0 a HIGH reading is the experiment working, not a cell to drop.; host-bound: in 15 of 15 trials the GPU had fewer than 2 iterations of work queued when the host finished enqueueing (smallest backlog 0.17 iterations; host enqueue 0.3445 ms per call); the intervals include host enqueue time and the number is an upper bound on the kernel time; time the callable as a graph replay or through a fused launcher to measure the GPU alone",0.25,219.645,0.24988925635275347,142,101.38101836814167,burst,0.2672320008277893,0.26364800333976746,True,1710 1710 1710 1710 1710 1710 1710 1710 1710 1710 1710 1710 1710 1710 1710,True,3725.9156463999325,"measured on this device: NVIDIA GH200 480GB (measured), 3725.9 GB/s (triad pattern)",13.0,580.105.08,True,1,49f219808863cc3515979babf6eaed123d73f876,NVIDIA GH200 480GB,192-222-51-63,"scripts/clock_elasticity.py: bursts of N back-to-back fused_experts calls under one pinned tile, each call L2-flushed and bracketed by its own pre-primed event pair, the FIRST call of every burst discarded as a drained-queue launch, a host-side idle gap after each burst setting the sustained duty cycle, and the SM clock, board power and memory clock read through NVML with the burst still in flight; NOT timing.TIMING_BASIS | duty 0.25 | each idle gap sized from its own burst (gap_basis burst)",,iters=supplied as None; sglang=package not installed,1,3.12.15,176.58886931557572,"measured on this device: NVIDIA GH200 480GB (measured), 658.0 TFLOP/s bf16 over 3725.9 GB/s (triad pattern); calibrated 2026-10-06 at 49f21980",,200.0,2.13.0,3.7.1,2026-10-06T08:52:02+00:00,0.27.1,300.0
private,8,32,2,64,512,2,576,0.34089601039886475,0.33657601475715637,0.0015914631443133636,580,3,320.58716785907745,"scripts/clock_elasticity.py: bursts of N back-to-back fused_experts calls under one pinned tile, each call L2-flushed and bracketed by its own pre-primed event pair, the FIRST call of every burst discarded as a drained-queue launch, a host-side idle gap after each burst setting the sustained duty cycle, and the SM clock, board power and memory clock read through NVML with the burst still in flight; NOT timing.TIMING_BASIS",1710.0,False,high,True,True,ok,"LEVEL HIGH (recorded, never an exclusion here): loaded clock 1710 MHz against the 1455 MHz reference. At a duty cycle below 1.0 a HIGH reading is the experiment working, not a cell to drop.",0.25,263.351,0.24989773136422636,117,110.52421503621007,burst,0.34092798829078674,0.3410240113735199,True,1710 1710 1710 1710 1710 1710 1710 1710 1710 1710 1710 1710 1710 1710 1710,False,3725.9156463999325,"measured on this device: NVIDIA GH200 480GB (measured), 3725.9 GB/s (triad pattern)",13.0,580.105.08,True,1,49f219808863cc3515979babf6eaed123d73f876,NVIDIA GH200 480GB,192-222-51-63,"scripts/clock_elasticity.py: bursts of N back-to-back fused_experts calls under one pinned tile, each call L2-flushed and bracketed by its own pre-primed event pair, the FIRST call of every burst discarded as a drained-queue launch, a host-side idle gap after each burst setting the sustained duty cycle, and the SM clock, board power and memory clock read through NVML with the burst still in flight; NOT timing.TIMING_BASIS | duty 0.25 | each idle gap sized from its own burst (gap_basis burst)",,iters=supplied as None; sglang=package not installed,1,3.12.15,176.58886931557572,"measured on this device: NVIDIA GH200 480GB (measured), 658.0 TFLOP/s bf16 over 3725.9 GB/s (triad pattern); calibrated 2026-10-06 at 49f21980",,200.0,2.13.0,3.7.1,2026-10-06T08:52:02+00:00,0.27.1,300.0
native,8,32,2,64,512,1,64,0.26633599400520325,0.2460480034351349,0.017367031785980792,720,3,319.93971230089664,"scripts/clock_elasticity.py: bursts of N back-to-back fused_experts calls under one pinned tile, each call L2-flushed and bracketed by its own pre-primed event pair, the FIRST call of every burst discarded as a drained-queue launch, a host-side idle gap after each burst setting the sustained duty cycle, and the SM clock, board power and memory clock read through NVML with the burst still in flight; NOT timing.TIMING_BASIS",1710.0,False,high,True,True,ok,"LEVEL HIGH (recorded, never an exclusion here): loaded clock 1710 MHz against the 1455 MHz reference. At a duty cycle below 1.0 a HIGH reading is the experiment working, not a cell to drop.; host-bound: in 15 of 15 trials the GPU had fewer than 2 iterations of work queued when the host finished enqueueing (smallest backlog 0.29 iterations; host enqueue 0.3500 ms per call); the intervals include host enqueue time and the number is an upper bound on the kernel time; time the callable as a graph replay or through a fused launcher to measure the GPU alone",0.25,256.543,0.2498937047080338,145,105.79393319672816,burst,0.26820799708366394,0.26524800062179565,True,1710 1710 1710 1710 1710 1710 1710 1710 1710 1710 1710 1710 1710 1710 1710,True,3725.9156463999325,"measured on this device: NVIDIA GH200 480GB (measured), 3725.9 GB/s (triad pattern)",13.0,580.105.08,True,1,49f219808863cc3515979babf6eaed123d73f876,NVIDIA GH200 480GB,192-222-51-63,"scripts/clock_elasticity.py: bursts of N back-to-back fused_experts calls under one pinned tile, each call L2-flushed and bracketed by its own pre-primed event pair, the FIRST call of every burst discarded as a drained-queue launch, a host-side idle gap after each burst setting the sustained duty cycle, and the SM clock, board power and memory clock read through NVML with the burst still in flight; NOT timing.TIMING_BASIS | duty 0.25 | each idle gap sized from its own burst (gap_basis burst)",,iters=supplied as None; sglang=package not installed,1,3.12.15,176.58886931557572,"measured on this device: NVIDIA GH200 480GB (measured), 658.0 TFLOP/s bf16 over 3725.9 GB/s (triad pattern); calibrated 2026-10-06 at 49f21980",,200.0,2.13.0,3.7.1,2026-10-06T08:52:02+00:00,0.27.1,300.0
shared,8,32,2,64,512,1,576,0.2789120078086853,0.2758080065250397,0.003705852152137285,710,3,320.9075845479965,"scripts/clock_elasticity.py: bursts of N back-to-back fused_experts calls under one pinned tile, each call L2-flushed and bracketed by its own pre-primed event pair, the FIRST call of every burst discarded as a drained-queue launch, a host-side idle gap after each burst setting the sustained duty cycle, and the SM clock, board power and memory clock read through NVML with the burst still in flight; NOT timing.TIMING_BASIS",1710.0,False,high,True,True,ok,"LEVEL HIGH (recorded, never an exclusion here): loaded clock 1710 MHz against the 1455 MHz reference. At a duty cycle below 1.0 a HIGH reading is the experiment working, not a cell to drop.; host-bound: in 2 of 15 trials the GPU had fewer than 2 iterations of work queued when the host finished enqueueing (smallest backlog 1.66 iterations; host enqueue 0.3505 ms per call); the intervals include host enqueue time and the number is an upper bound on the kernel time; time the callable as a graph replay or through a fused launcher to measure the GPU alone",0.25,262.174,0.2498964040219337,143,108.57207194297372,burst,0.2779519855976105,0.27958399057388306,True,1710 1710 1710 1710 1710 1710 1710 1710 1710 1710 1710 1710 1710 1710 1710,True,3725.9156463999325,"measured on this device: NVIDIA GH200 480GB (measured), 3725.9 GB/s (triad pattern)",13.0,580.105.08,True,1,49f219808863cc3515979babf6eaed123d73f876,NVIDIA GH200 480GB,192-222-51-63,"scripts/clock_elasticity.py: bursts of N back-to-back fused_experts calls under one pinned tile, each call L2-flushed and bracketed by its own pre-primed event pair, the FIRST call of every burst discarded as a drained-queue launch, a host-side idle gap after each burst setting the sustained duty cycle, and the SM clock, board power and memory clock read through NVML with the burst still in flight; NOT timing.TIMING_BASIS | duty 0.25 | each idle gap sized from its own burst (gap_basis burst)",,iters=supplied as None; sglang=package not installed,1,3.12.15,176.58886931557572,"measured on this device: NVIDIA GH200 480GB (measured), 658.0 TFLOP/s bf16 over 3725.9 GB/s (triad pattern); calibrated 2026-10-06 at 49f21980",,200.0,2.13.0,3.7.1,2026-10-06T08:52:02+00:00,0.27.1,300.0
private,8,32,3,96,768,3,576,0.47942399978637695,0.4755519926548004,0.001472507188022229,415,3,323.59168004989624,"scripts/clock_elasticity.py: bursts of N back-to-back fused_experts calls under one pinned tile, each call L2-flushed and bracketed by its own pre-primed event pair, the FIRST call of every burst discarded as a drained-queue launch, a host-side idle gap after each burst setting the sustained duty cycle, and the SM clock, board power and memory clock read through NVML with the burst still in flight; NOT timing.TIMING_BASIS",1710.0,False,high,True,True,ok,"LEVEL HIGH (recorded, never an exclusion here): loaded clock 1710 MHz against the 1455 MHz reference. At a duty cycle below 1.0 a HIGH reading is the experiment working, not a cell to drop.",0.25,261.567,0.24989348659861416,84,114.46726990822937,burst,0.47945600748062134,0.47945599257946014,True,1710 1710 1710 1710 1710 1710 1710 1710 1710 1710 1710 1710 1710 1710 1710,False,3725.9156463999325,"measured on this device: NVIDIA GH200 480GB (measured), 3725.9 GB/s (triad pattern)",13.0,580.105.08,True,1,49f219808863cc3515979babf6eaed123d73f876,NVIDIA GH200 480GB,192-222-51-63,"scripts/clock_elasticity.py: bursts of N back-to-back fused_experts calls under one pinned tile, each call L2-flushed and bracketed by its own pre-primed event pair, the FIRST call of every burst discarded as a drained-queue launch, a host-side idle gap after each burst setting the sustained duty cycle, and the SM clock, board power and memory clock read through NVML with the burst still in flight; NOT timing.TIMING_BASIS | duty 0.25 | each idle gap sized from its own burst (gap_basis burst)",,iters=supplied as None; sglang=package not installed,1,3.12.15,176.58886931557572,"measured on this device: NVIDIA GH200 480GB (measured), 658.0 TFLOP/s bf16 over 3725.9 GB/s (triad pattern); calibrated 2026-10-06 at 49f21980",,200.0,2.13.0,3.7.1,2026-10-06T08:52:02+00:00,0.27.1,300.0
native,8,32,3,96,768,1,64,0.3580479919910431,0.3529280126094818,0.0013720886759566314,555,3,322.44278371334076,"scripts/clock_elasticity.py: bursts of N back-to-back fused_experts calls under one pinned tile, each call L2-flushed and bracketed by its own pre-primed event pair, the FIRST call of every burst discarded as a drained-queue launch, a host-side idle gap after each burst setting the sustained duty cycle, and the SM clock, board power and memory clock read through NVML with the burst still in flight; NOT timing.TIMING_BASIS",1710.0,False,high,True,True,ok,"LEVEL HIGH (recorded, never an exclusion here): loaded clock 1710 MHz against the 1455 MHz reference. At a duty cycle below 1.0 a HIGH reading is the experiment working, not a cell to drop.",0.25,264.974,0.24990014764076512,112,111.7141987762443,burst,0.3580799996852875,0.3583360016345978,True,1710 1710 1710 1710 1710 1710 1710 1710 1710 1710 1710 1710 1710 1710 1710,False,3725.9156463999325,"measured on this device: NVIDIA GH200 480GB (measured), 3725.9 GB/s (triad pattern)",13.0,580.105.08,True,1,49f219808863cc3515979babf6eaed123d73f876,NVIDIA GH200 480GB,192-222-51-63,"scripts/clock_elasticity.py: bursts of N back-to-back fused_experts calls under one pinned tile, each call L2-flushed and bracketed by its own pre-primed event pair, the FIRST call of every burst discarded as a drained-queue launch, a host-side idle gap after each burst setting the sustained duty cycle, and the SM clock, board power and memory clock read through NVML with the burst still in flight; NOT timing.TIMING_BASIS | duty 0.25 | each idle gap sized from its own burst (gap_basis burst)",,iters=supplied as None; sglang=package not installed,1,3.12.15,176.58886931557572,"measured on this device: NVIDIA GH200 480GB (measured), 658.0 TFLOP/s bf16 over 3725.9 GB/s (triad pattern); calibrated 2026-10-06 at 49f21980",,200.0,2.13.0,3.7.1,2026-10-06T08:52:02+00:00,0.27.1,300.0
shared,8,32,3,96,768,1,576,0.3879680037498474,0.38412800431251526,0.0026915503642051717,510,3,321.15401607751846,"scripts/clock_elasticity.py: bursts of N back-to-back fused_experts calls under one pinned tile, each call L2-flushed and bracketed by its own pre-primed event pair, the FIRST call of every burst discarded as a drained-queue launch, a host-side idle gap after each burst setting the sustained duty cycle, and the SM clock, board power and memory clock read through NVML with the burst still in flight; NOT timing.TIMING_BASIS",1710.0,False,high,True,True,ok,"LEVEL HIGH (recorded, never an exclusion here): loaded clock 1710 MHz against the 1455 MHz reference. At a duty cycle below 1.0 a HIGH reading is the experiment working, not a cell to drop.",0.25,258.171,0.249898591254321,103,111.91586952967192,burst,0.3877120018005371,0.38838401436805725,True,1710 1710 1710 1710 1710 1710 1710 1710 1710 1710 1710 1710 1710 1710 1710,False,3725.9156463999325,"measured on this device: NVIDIA GH200 480GB (measured), 3725.9 GB/s (triad pattern)",13.0,580.105.08,True,1,49f219808863cc3515979babf6eaed123d73f876,NVIDIA GH200 480GB,192-222-51-63,"scripts/clock_elasticity.py: bursts of N back-to-back fused_experts calls under one pinned tile, each call L2-flushed and bracketed by its own pre-primed event pair, the FIRST call of every burst discarded as a drained-queue launch, a host-side idle gap after each burst setting the sustained duty cycle, and the SM clock, board power and memory clock read through NVML with the burst still in flight; NOT timing.TIMING_BASIS | duty 0.25 | each idle gap sized from its own burst (gap_basis burst)",,iters=supplied as None; sglang=package not installed,1,3.12.15,176.58886931557572,"measured on this device: NVIDIA GH200 480GB (measured), 658.0 TFLOP/s bf16 over 3725.9 GB/s (triad pattern); calibrated 2026-10-06 at 49f21980",,200.0,2.13.0,3.7.1,2026-10-06T08:52:02+00:00,0.27.1,300.0
private,8,32,4,128,1024,4,576,0.6185280084609985,0.6142719984054565,0.001613759133508965,320,3,323.155424952507,"scripts/clock_elasticity.py: bursts of N back-to-back fused_experts calls under one pinned tile, each call L2-flushed and bracketed by its own pre-primed event pair, the FIRST call of every burst discarded as a drained-queue launch, a host-side idle gap after each burst setting the sustained duty cycle, and the SM clock, board power and memory clock read through NVML with the burst still in flight; NOT timing.TIMING_BASIS",1710.0,False,high,True,True,ok,"LEVEL HIGH (recorded, never an exclusion here): loaded clock 1710 MHz against the 1455 MHz reference. At a duty cycle below 1.0 a HIGH reading is the experiment working, not a cell to drop.",0.25,262.341,0.24990074698552153,65,115.72225746799813,burst,0.6182239949703217,0.618256002664566,True,1710 1710 1710 1710 1710 1710 1710 1710 1710 1710 1710 1710 1710 1710 1710,False,3725.9156463999325,"measured on this device: NVIDIA GH200 480GB (measured), 3725.9 GB/s (triad pattern)",13.0,580.105.08,True,1,49f219808863cc3515979babf6eaed123d73f876,NVIDIA GH200 480GB,192-222-51-63,"scripts/clock_elasticity.py: bursts of N back-to-back fused_experts calls under one pinned tile, each call L2-flushed and bracketed by its own pre-primed event pair, the FIRST call of every burst discarded as a drained-queue launch, a host-side idle gap after each burst setting the sustained duty cycle, and the SM clock, board power and memory clock read through NVML with the burst still in flight; NOT timing.TIMING_BASIS | duty 0.25 | each idle gap sized from its own burst (gap_basis burst)",,iters=supplied as None; sglang=package not installed,1,3.12.15,176.58886931557572,"measured on this device: NVIDIA GH200 480GB (measured), 658.0 TFLOP/s bf16 over 3725.9 GB/s (triad pattern); calibrated 2026-10-06 at 49f21980",,200.0,2.13.0,3.7.1,2026-10-06T08:52:02+00:00,0.27.1,300.0
native,8,32,4,128,1024,1,64,0.4670400023460388,0.46246400475502014,0.0018134514090969878,425,3,322.5194239318371,"scripts/clock_elasticity.py: bursts of N back-to-back fused_experts calls under one pinned tile, each call L2-flushed and bracketed by its own pre-primed event pair, the FIRST call of every burst discarded as a drained-queue launch, a host-side idle gap after each burst setting the sustained duty cycle, and the SM clock, board power and memory clock read through NVML with the burst still in flight; NOT timing.TIMING_BASIS",1710.0,False,high,True,True,ok,"LEVEL HIGH (recorded, never an exclusion here): loaded clock 1710 MHz against the 1455 MHz reference. At a duty cycle below 1.0 a HIGH reading is the experiment working, not a cell to drop.",0.25,255.096,0.2498953502065856,86,114.01034075245114,burst,0.4675840139389038,0.4673599898815155,True,1710 1710 1710 1710 1710 1710 1710 1710 1710 1710 1710 1710 1710 1710 1710,False,3725.9156463999325,"measured on this device: NVIDIA GH200 480GB (measured), 3725.9 GB/s (triad pattern)",13.0,580.105.08,True,1,49f219808863cc3515979babf6eaed123d73f876,NVIDIA GH200 480GB,192-222-51-63,"scripts/clock_elasticity.py: bursts of N back-to-back fused_experts calls under one pinned tile, each call L2-flushed and bracketed by its own pre-primed event pair, the FIRST call of every burst discarded as a drained-queue launch, a host-side idle gap after each burst setting the sustained duty cycle, and the SM clock, board power and memory clock read through NVML with the burst still in flight; NOT timing.TIMING_BASIS | duty 0.25 | each idle gap sized from its own burst (gap_basis burst)",,iters=supplied as None; sglang=package not installed,1,3.12.15,176.58886931557572,"measured on this device: NVIDIA GH200 480GB (measured), 658.0 TFLOP/s bf16 over 3725.9 GB/s (triad pattern); calibrated 2026-10-06 at 49f21980",,200.0,2.13.0,3.7.1,2026-10-06T08:52:02+00:00,0.27.1,300.0
shared,8,32,4,128,1024,1,576,0.4957920014858246,0.49136000871658325,0.001863408644531036,400,3,322.8789120912552,"scripts/clock_elasticity.py: bursts of N back-to-back fused_experts calls under one pinned tile, each call L2-flushed and bracketed by its own pre-primed event pair, the FIRST call of every burst discarded as a drained-queue launch, a host-side idle gap after each burst setting the sustained duty cycle, and the SM clock, board power and memory clock read through NVML with the burst still in flight; NOT timing.TIMING_BASIS",1710.0,False,high,True,True,ok,"LEVEL HIGH (recorded, never an exclusion here): loaded clock 1710 MHz against the 1455 MHz reference. At a duty cycle below 1.0 a HIGH reading is the experiment working, not a cell to drop.",0.25,250.861,0.24989678667971452,81,114.2894492518608,burst,0.49534399807453156,0.49638400971889496,True,1710 1710 1710 1710 1710 1710 1710 1710 1710 1710 1710 1710 1710 1710 1710,False,3725.9156463999325,"measured on this device: NVIDIA GH200 480GB (measured), 3725.9 GB/s (triad pattern)",13.0,580.105.08,True,1,49f219808863cc3515979babf6eaed123d73f876,NVIDIA GH200 480GB,192-222-51-63,"scripts/clock_elasticity.py: bursts of N back-to-back fused_experts calls under one pinned tile, each call L2-flushed and bracketed by its own pre-primed event pair, the FIRST call of every burst discarded as a drained-queue launch, a host-side idle gap after each burst setting the sustained duty cycle, and the SM clock, board power and memory clock read through NVML with the burst still in flight; NOT timing.TIMING_BASIS | duty 0.25 | each idle gap sized from its own burst (gap_basis burst)",,iters=supplied as None; sglang=package not installed,1,3.12.15,176.58886931557572,"measured on this device: NVIDIA GH200 480GB (measured), 658.0 TFLOP/s bf16 over 3725.9 GB/s (triad pattern); calibrated 2026-10-06 at 49f21980",,200.0,2.13.0,3.7.1,2026-10-06T08:52:02+00:00,0.27.1,300.0
private,8,32,5,160,1280,5,576,0.7586240172386169,0.7529600262641907,0.0018411437138823102,260,3,323.2460476756096,"scripts/clock_elasticity.py: bursts of N back-to-back fused_experts calls under one pinned tile, each call L2-flushed and bracketed by its own pre-primed event pair, the FIRST call of every burst discarded as a drained-queue launch, a host-side idle gap after each burst setting the sustained duty cycle, and the SM clock, board power and memory clock read through NVML with the burst still in flight; NOT timing.TIMING_BASIS",1710.0,False,high,True,True,ok,"LEVEL HIGH (recorded, never an exclusion here): loaded clock 1710 MHz against the 1455 MHz reference. At a duty cycle below 1.0 a HIGH reading is the experiment working, not a cell to drop.",0.25,262.612,0.2498995125334739,53,116.75816798052254,burst,0.7590720057487488,0.7585279941558838,True,1710 1710 1710 1710 1710 1710 1710 1710 1710 1710 1710 1710 1710 1710 1710,False,3725.9156463999325,"measured on this device: NVIDIA GH200 480GB (measured), 3725.9 GB/s (triad pattern)",13.0,580.105.08,True,1,49f219808863cc3515979babf6eaed123d73f876,NVIDIA GH200 480GB,192-222-51-63,"scripts/clock_elasticity.py: bursts of N back-to-back fused_experts calls under one pinned tile, each call L2-flushed and bracketed by its own pre-primed event pair, the FIRST call of every burst discarded as a drained-queue launch, a host-side idle gap after each burst setting the sustained duty cycle, and the SM clock, board power and memory clock read through NVML with the burst still in flight; NOT timing.TIMING_BASIS | duty 0.25 | each idle gap sized from its own burst (gap_basis burst)",,iters=supplied as None; sglang=package not installed,1,3.12.15,176.58886931557572,"measured on this device: NVIDIA GH200 480GB (measured), 658.0 TFLOP/s bf16 over 3725.9 GB/s (triad pattern); calibrated 2026-10-06 at 49f21980",,200.0,2.13.0,3.7.1,2026-10-06T08:52:02+00:00,0.27.1,300.0
native,8,32,5,160,1280,1,64,0.5753920078277588,0.5703679919242859,0.0018445007804514225,345,3,323.35168075561523,"scripts/clock_elasticity.py: bursts of N back-to-back fused_experts calls under one pinned tile, each call L2-flushed and bracketed by its own pre-primed event pair, the FIRST call of every burst discarded as a drained-queue launch, a host-side idle gap after each burst setting the sustained duty cycle, and the SM clock, board power and memory clock read through NVML with the burst still in flight; NOT timing.TIMING_BASIS",1710.0,False,high,True,True,ok,"LEVEL HIGH (recorded, never an exclusion here): loaded clock 1710 MHz against the 1455 MHz reference. At a duty cycle below 1.0 a HIGH reading is the experiment working, not a cell to drop.",0.25,251.507,0.24989750272147668,70,115.68977241145332,burst,0.5759040117263794,0.5755199790000916,True,1710 1710 1710 1710 1710 1710 1710 1710 1710 1710 1710 1710 1710 1710 1710,False,3725.9156463999325,"measured on this device: NVIDIA GH200 480GB (measured), 3725.9 GB/s (triad pattern)",13.0,580.105.08,True,1,49f219808863cc3515979babf6eaed123d73f876,NVIDIA GH200 480GB,192-222-51-63,"scripts/clock_elasticity.py: bursts of N back-to-back fused_experts calls under one pinned tile, each call L2-flushed and bracketed by its own pre-primed event pair, the FIRST call of every burst discarded as a drained-queue launch, a host-side idle gap after each burst setting the sustained duty cycle, and the SM clock, board power and memory clock read through NVML with the burst still in flight; NOT timing.TIMING_BASIS | duty 0.25 | each idle gap sized from its own burst (gap_basis burst)",,iters=supplied as None; sglang=package not installed,1,3.12.15,176.58886931557572,"measured on this device: NVIDIA GH200 480GB (measured), 658.0 TFLOP/s bf16 over 3725.9 GB/s (triad pattern); calibrated 2026-10-06 at 49f21980",,200.0,2.13.0,3.7.1,2026-10-06T08:52:02+00:00,0.27.1,300.0
shared,8,32,5,160,1280,1,576,0.6048640012741089,0.5982080101966858,0.0018761556139674015,325,3,320.5336633324623,"scripts/clock_elasticity.py: bursts of N back-to-back fused_experts calls under one pinned tile, each call L2-flushed and bracketed by its own pre-primed event pair, the FIRST call of every burst discarded as a drained-queue launch, a host-side idle gap after each burst setting the sustained duty cycle, and the SM clock, board power and memory clock read through NVML with the burst still in flight; NOT timing.TIMING_BASIS",1710.0,False,high,True,True,ok,"LEVEL HIGH (recorded, never an exclusion here): loaded clock 1710 MHz against the 1455 MHz reference. At a duty cycle below 1.0 a HIGH reading is the experiment working, not a cell to drop.",0.25,249.348,0.24989297014101033,66,114.91678657488228,burst,0.6052000224590302,0.605103999376297,True,1710 1710 1710 1710 1710 1710 1710 1710 1710 1710 1710 1710 1710 1710 1710,False,3725.9156463999325,"measured on this device: NVIDIA GH200 480GB (measured), 3725.9 GB/s (triad pattern)",13.0,580.105.08,True,1,49f219808863cc3515979babf6eaed123d73f876,NVIDIA GH200 480GB,192-222-51-63,"scripts/clock_elasticity.py: bursts of N back-to-back fused_experts calls under one pinned tile, each call L2-flushed and bracketed by its own pre-primed event pair, the FIRST call of every burst discarded as a drained-queue launch, a host-side idle gap after each burst setting the sustained duty cycle, and the SM clock, board power and memory clock read through NVML with the burst still in flight; NOT timing.TIMING_BASIS | duty 0.25 | each idle gap sized from its own burst (gap_basis burst)",,iters=supplied as None; sglang=package not installed,1,3.12.15,176.58886931557572,"measured on this device: NVIDIA GH200 480GB (measured), 658.0 TFLOP/s bf16 over 3725.9 GB/s (triad pattern); calibrated 2026-10-06 at 49f21980",,200.0,2.13.0,3.7.1,2026-10-06T08:52:02+00:00,0.27.1,300.0
private,8,32,6,192,1536,6,576,0.8961760103702545,0.8923839926719666,0.0016619156390158538,220,3,323.8739524483681,"scripts/clock_elasticity.py: bursts of N back-to-back fused_experts calls under one pinned tile, each call L2-flushed and bracketed by its own pre-primed event pair, the FIRST call of every burst discarded as a drained-queue launch, a host-side idle gap after each burst setting the sustained duty cycle, and the SM clock, board power and memory clock read through NVML with the burst still in flight; NOT timing.TIMING_BASIS",1710.0,False,high,True,True,ok,"LEVEL HIGH (recorded, never an exclusion here): loaded clock 1710 MHz against the 1455 MHz reference. At a duty cycle below 1.0 a HIGH reading is the experiment working, not a cell to drop.",0.25,265.49,0.24989800026907547,45,117.74825169151154,burst,0.8959680199623108,0.8962879776954651,True,1710 1710 1710 1710 1710 1710 1710 1710 1710 1710 1710 1710 1710 1710 1710,False,3725.9156463999325,"measured on this device: NVIDIA GH200 480GB (measured), 3725.9 GB/s (triad pattern)",13.0,580.105.08,True,1,49f219808863cc3515979babf6eaed123d73f876,NVIDIA GH200 480GB,192-222-51-63,"scripts/clock_elasticity.py: bursts of N back-to-back fused_experts calls under one pinned tile, each call L2-flushed and bracketed by its own pre-primed event pair, the FIRST call of every burst discarded as a drained-queue launch, a host-side idle gap after each burst setting the sustained duty cycle, and the SM clock, board power and memory clock read through NVML with the burst still in flight; NOT timing.TIMING_BASIS | duty 0.25 | each idle gap sized from its own burst (gap_basis burst)",,iters=supplied as None; sglang=package not installed,1,3.12.15,176.58886931557572,"measured on this device: NVIDIA GH200 480GB (measured), 658.0 TFLOP/s bf16 over 3725.9 GB/s (triad pattern); calibrated 2026-10-06 at 49f21980",,200.0,2.13.0,3.7.1,2026-10-06T08:52:02+00:00,0.27.1,300.0
native,8,32,6,192,1536,1,64,0.6824960112571716,0.6765760183334351,0.0024258212076966722,290,3,323.5417918562889,"scripts/clock_elasticity.py: bursts of N back-to-back fused_experts calls under one pinned tile, each call L2-flushed and bracketed by its own pre-primed event pair, the FIRST call of every burst discarded as a drained-queue launch, a host-side idle gap after each burst setting the sustained duty cycle, and the SM clock, board power and memory clock read through NVML with the burst still in flight; NOT timing.TIMING_BASIS",1710.0,False,high,True,True,ok,"LEVEL HIGH (recorded, never an exclusion here): loaded clock 1710 MHz against the 1455 MHz reference. At a duty cycle below 1.0 a HIGH reading is the experiment working, not a cell to drop.",0.25,250.111,0.2499021096235862,59,116.37323483588987,burst,0.6815999746322632,0.6833760142326355,True,1710 1710 1710 1710 1710 1710 1710 1710 1710 1710 1710 1710 1710 1710 1710,False,3725.9156463999325,"measured on this device: NVIDIA GH200 480GB (measured), 3725.9 GB/s (triad pattern)",13.0,580.105.08,True,1,49f219808863cc3515979babf6eaed123d73f876,NVIDIA GH200 480GB,192-222-51-63,"scripts/clock_elasticity.py: bursts of N back-to-back fused_experts calls under one pinned tile, each call L2-flushed and bracketed by its own pre-primed event pair, the FIRST call of every burst discarded as a drained-queue launch, a host-side idle gap after each burst setting the sustained duty cycle, and the SM clock, board power and memory clock read through NVML with the burst still in flight; NOT timing.TIMING_BASIS | duty 0.25 | each idle gap sized from its own burst (gap_basis burst)",,iters=supplied as None; sglang=package not installed,1,3.12.15,176.58886931557572,"measured on this device: NVIDIA GH200 480GB (measured), 658.0 TFLOP/s bf16 over 3725.9 GB/s (triad pattern); calibrated 2026-10-06 at 49f21980",,200.0,2.13.0,3.7.1,2026-10-06T08:52:02+00:00,0.27.1,300.0
shared,8,32,6,192,1536,1,576,0.7120640277862549,0.7062720060348511,0.0025885599222363427,275,3,320.5014407634735,"scripts/clock_elasticity.py: bursts of N back-to-back fused_experts calls under one pinned tile, each call L2-flushed and bracketed by its own pre-primed event pair, the FIRST call of every burst discarded as a drained-queue launch, a host-side idle gap after each burst setting the sustained duty cycle, and the SM clock, board power and memory clock read through NVML with the burst still in flight; NOT timing.TIMING_BASIS",1710.0,False,high,True,True,ok,"LEVEL HIGH (recorded, never an exclusion here): loaded clock 1710 MHz against the 1455 MHz reference. At a duty cycle below 1.0 a HIGH reading is the experiment working, not a cell to drop.",0.25,243.414,0.24989553051593896,56,115.51141636542889,burst,0.7111039757728577,0.7123839855194092,True,1710 1710 1710 1710 1710 1710 1710 1710 1710 1710 1710 1710 1710 1710 1710,False,3725.9156463999325,"measured on this device: NVIDIA GH200 480GB (measured), 3725.9 GB/s (triad pattern)",13.0,580.105.08,True,1,49f219808863cc3515979babf6eaed123d73f876,NVIDIA GH200 480GB,192-222-51-63,"scripts/clock_elasticity.py: bursts of N back-to-back fused_experts calls under one pinned tile, each call L2-flushed and bracketed by its own pre-primed event pair, the FIRST call of every burst discarded as a drained-queue launch, a host-side idle gap after each burst setting the sustained duty cycle, and the SM clock, board power and memory clock read through NVML with the burst still in flight; NOT timing.TIMING_BASIS | duty 0.25 | each idle gap sized from its own burst (gap_basis burst)",,iters=supplied as None; sglang=package not installed,1,3.12.15,176.58886931557572,"measured on this device: NVIDIA GH200 480GB (measured), 658.0 TFLOP/s bf16 over 3725.9 GB/s (triad pattern); calibrated 2026-10-06 at 49f21980",,200.0,2.13.0,3.7.1,2026-10-06T08:52:02+00:00,0.27.1,300.0
private,8,32,7,224,1792,7,576,1.0351040363311768,1.0304960012435913,0.001778419147358136,190,3,324.44595193862915,"scripts/clock_elasticity.py: bursts of N back-to-back fused_experts calls under one pinned tile, each call L2-flushed and bracketed by its own pre-primed event pair, the FIRST call of every burst discarded as a drained-queue launch, a host-side idle gap after each burst setting the sustained duty cycle, and the SM clock, board power and memory clock read through NVML with the burst still in flight; NOT timing.TIMING_BASIS",1710.0,False,high,True,True,ok,"LEVEL HIGH (recorded, never an exclusion here): loaded clock 1710 MHz against the 1455 MHz reference. At a duty cycle below 1.0 a HIGH reading is the experiment working, not a cell to drop.",0.25,266.912,0.24989898417459164,39,118.3604458153568,burst,1.0348800420761108,1.0348800420761108,True,1710 1710 1710 1710 1710 1710 1710 1710 1710 1710 1710 1710 1710 1710 1710,False,3725.9156463999325,"measured on this device: NVIDIA GH200 480GB (measured), 3725.9 GB/s (triad pattern)",13.0,580.105.08,True,1,49f219808863cc3515979babf6eaed123d73f876,NVIDIA GH200 480GB,192-222-51-63,"scripts/clock_elasticity.py: bursts of N back-to-back fused_experts calls under one pinned tile, each call L2-flushed and bracketed by its own pre-primed event pair, the FIRST call of every burst discarded as a drained-queue launch, a host-side idle gap after each burst setting the sustained duty cycle, and the SM clock, board power and memory clock read through NVML with the burst still in flight; NOT timing.TIMING_BASIS | duty 0.25 | each idle gap sized from its own burst (gap_basis burst)",,iters=supplied as None; sglang=package not installed,1,3.12.15,176.58886931557572,"measured on this device: NVIDIA GH200 480GB (measured), 658.0 TFLOP/s bf16 over 3725.9 GB/s (triad pattern); calibrated 2026-10-06 at 49f21980",,200.0,2.13.0,3.7.1,2026-10-06T08:52:02+00:00,0.27.1,300.0
native,8,32,7,224,1792,1,64,0.781440019607544,0.7753919959068298,0.002922594361302343,250,3,320.33046382665634,"scripts/clock_elasticity.py: bursts of N back-to-back fused_experts calls under one pinned tile, each call L2-flushed and bracketed by its own pre-primed event pair, the FIRST call of every burst discarded as a drained-queue launch, a host-side idle gap after each burst setting the sustained duty cycle, and the SM clock, board power and memory clock read through NVML with the burst still in flight; NOT timing.TIMING_BASIS",1710.0,False,high,True,True,ok,"LEVEL HIGH (recorded, never an exclusion here): loaded clock 1710 MHz against the 1455 MHz reference. At a duty cycle below 1.0 a HIGH reading is the experiment working, not a cell to drop.",0.25,245.863,0.24990531553786702,51,115.95417061133048,burst,0.7828640043735504,0.7811200022697449,True,1710 1710 1710 1710 1710 1710 1710 1710 1710 1710 1710 1710 1710 1710 1710,False,3725.9156463999325,"measured on this device: NVIDIA GH200 480GB (measured), 3725.9 GB/s (triad pattern)",13.0,580.105.08,True,1,49f219808863cc3515979babf6eaed123d73f876,NVIDIA GH200 480GB,192-222-51-63,"scripts/clock_elasticity.py: bursts of N back-to-back fused_experts calls under one pinned tile, each call L2-flushed and bracketed by its own pre-primed event pair, the FIRST call of every burst discarded as a drained-queue launch, a host-side idle gap after each burst setting the sustained duty cycle, and the SM clock, board power and memory clock read through NVML with the burst still in flight; NOT timing.TIMING_BASIS | duty 0.25 | each idle gap sized from its own burst (gap_basis burst)",,iters=supplied as None; sglang=package not installed,1,3.12.15,176.58886931557572,"measured on this device: NVIDIA GH200 480GB (measured), 658.0 TFLOP/s bf16 over 3725.9 GB/s (triad pattern); calibrated 2026-10-06 at 49f21980",,200.0,2.13.0,3.7.1,2026-10-06T08:52:02+00:00,0.27.1,300.0
shared,8,32,7,224,1792,1,576,0.8136000037193298,0.8066880106925964,0.0029139887945520463,240,3,320.21779161691666,"scripts/clock_elasticity.py: bursts of N back-to-back fused_experts calls under one pinned tile, each call L2-flushed and bracketed by its own pre-primed event pair, the FIRST call of every burst discarded as a drained-queue launch, a host-side idle gap after each burst setting the sustained duty cycle, and the SM clock, board power and memory clock read through NVML with the burst still in flight; NOT timing.TIMING_BASIS",1710.0,False,high,True,True,ok,"LEVEL HIGH (recorded, never an exclusion here): loaded clock 1710 MHz against the 1455 MHz reference. At a duty cycle below 1.0 a HIGH reading is the experiment working, not a cell to drop.",0.25,243.292,0.24989693777082414,49,116.03471433903906,burst,0.8141599893569946,0.8141280114650726,True,1710 1710 1710 1710 1710 1710 1710 1710 1710 1710 1710 1710 1710 1710 1710,False,3725.9156463999325,"measured on this device: NVIDIA GH200 480GB (measured), 3725.9 GB/s (triad pattern)",13.0,580.105.08,True,1,49f219808863cc3515979babf6eaed123d73f876,NVIDIA GH200 480GB,192-222-51-63,"scripts/clock_elasticity.py: bursts of N back-to-back fused_experts calls under one pinned tile, each call L2-flushed and bracketed by its own pre-primed event pair, the FIRST call of every burst discarded as a drained-queue launch, a host-side idle gap after each burst setting the sustained duty cycle, and the SM clock, board power and memory clock read through NVML with the burst still in flight; NOT timing.TIMING_BASIS | duty 0.25 | each idle gap sized from its own burst (gap_basis burst)",,iters=supplied as None; sglang=package not installed,1,3.12.15,176.58886931557572,"measured on this device: NVIDIA GH200 480GB (measured), 658.0 TFLOP/s bf16 over 3725.9 GB/s (triad pattern); calibrated 2026-10-06 at 49f21980",,200.0,2.13.0,3.7.1,2026-10-06T08:52:02+00:00,0.27.1,300.0
private,8,32,8,256,2048,8,576,1.1738879680633545,1.1681280136108398,0.0018858286927142106,165,3,320.7339839935303,"scripts/clock_elasticity.py: bursts of N back-to-back fused_experts calls under one pinned tile, each call L2-flushed and bracketed by its own pre-primed event pair, the FIRST call of every burst discarded as a drained-queue launch, a host-side idle gap after each burst setting the sustained duty cycle, and the SM clock, board power and memory clock read through NVML with the burst still in flight; NOT timing.TIMING_BASIS",1710.0,False,high,True,True,ok,"LEVEL HIGH (recorded, never an exclusion here): loaded clock 1710 MHz against the 1455 MHz reference. At a duty cycle below 1.0 a HIGH reading is the experiment working, not a cell to drop.",0.25,264.294,0.24989611968231498,34,117.38768290082224,burst,1.1741440296173096,1.1736000180244446,True,1710 1710 1710 1710 1710 1710 1710 1710 1710 1710 1710 1710 1710 1710 1710,False,3725.9156463999325,"measured on this device: NVIDIA GH200 480GB (measured), 3725.9 GB/s (triad pattern)",13.0,580.105.08,True,1,49f219808863cc3515979babf6eaed123d73f876,NVIDIA GH200 480GB,192-222-51-63,"scripts/clock_elasticity.py: bursts of N back-to-back fused_experts calls under one pinned tile, each call L2-flushed and bracketed by its own pre-primed event pair, the FIRST call of every burst discarded as a drained-queue launch, a host-side idle gap after each burst setting the sustained duty cycle, and the SM clock, board power and memory clock read through NVML with the burst still in flight; NOT timing.TIMING_BASIS | duty 0.25 | each idle gap sized from its own burst (gap_basis burst)",,iters=supplied as None; sglang=package not installed,1,3.12.15,176.58886931557572,"measured on this device: NVIDIA GH200 480GB (measured), 658.0 TFLOP/s bf16 over 3725.9 GB/s (triad pattern); calibrated 2026-10-06 at 49f21980",,200.0,2.13.0,3.7.1,2026-10-06T08:52:02+00:00,0.27.1,300.0
native,8,32,8,256,2048,1,64,0.889087975025177,0.8811839818954468,0.0028499506957184798,220,3,321.3793917298317,"scripts/clock_elasticity.py: bursts of N back-to-back fused_experts calls under one pinned tile, each call L2-flushed and bracketed by its own pre-primed event pair, the FIRST call of every burst discarded as a drained-queue launch, a host-side idle gap after each burst setting the sustained duty cycle, and the SM clock, board power and memory clock read through NVML with the burst still in flight; NOT timing.TIMING_BASIS",1710.0,False,high,True,True,ok,"LEVEL HIGH (recorded, never an exclusion here): loaded clock 1710 MHz against the 1455 MHz reference. At a duty cycle below 1.0 a HIGH reading is the experiment working, not a cell to drop.",0.25,250.051,0.249901793105734,45,116.82319755251955,burst,0.8877760171890259,0.8898559808731079,True,1710 1710 1710 1710 1710 1710 1710 1710 1710 1710 1710 1710 1710 1710 1710,False,3725.9156463999325,"measured on this device: NVIDIA GH200 480GB (measured), 3725.9 GB/s (triad pattern)",13.0,580.105.08,True,1,49f219808863cc3515979babf6eaed123d73f876,NVIDIA GH200 480GB,192-222-51-63,"scripts/clock_elasticity.py: bursts of N back-to-back fused_experts calls under one pinned tile, each call L2-flushed and bracketed by its own pre-primed event pair, the FIRST call of every burst discarded as a drained-queue launch, a host-side idle gap after each burst setting the sustained duty cycle, and the SM clock, board power and memory clock read through NVML with the burst still in flight; NOT timing.TIMING_BASIS | duty 0.25 | each idle gap sized from its own burst (gap_basis burst)",,iters=supplied as None; sglang=package not installed,1,3.12.15,176.58886931557572,"measured on this device: NVIDIA GH200 480GB (measured), 658.0 TFLOP/s bf16 over 3725.9 GB/s (triad pattern); calibrated 2026-10-06 at 49f21980",,200.0,2.13.0,3.7.1,2026-10-06T08:52:02+00:00,0.27.1,300.0
shared,8,32,8,256,2048,1,576,0.921424001455307,0.9141119718551636,0.0027693853389347245,210,3,317.8070715069771,"scripts/clock_elasticity.py: bursts of N back-to-back fused_experts calls under one pinned tile, each call L2-flushed and bracketed by its own pre-primed event pair, the FIRST call of every burst discarded as a drained-queue launch, a host-side idle gap after each burst setting the sustained duty cycle, and the SM clock, board power and memory clock read through NVML with the burst still in flight; NOT timing.TIMING_BASIS",1710.0,False,high,True,True,ok,"LEVEL HIGH (recorded, never an exclusion here): loaded clock 1710 MHz against the 1455 MHz reference. At a duty cycle below 1.0 a HIGH reading is the experiment working, not a cell to drop.",0.25,243.942,0.24989805307112714,43,115.84313793711043,burst,0.9225279986858368,0.9206080138683319,True,1710 1710 1710 1710 1710 1710 1710 1710 1710 1710 1710 1710 1710 1710 1710,False,3725.9156463999325,"measured on this device: NVIDIA GH200 480GB (measured), 3725.9 GB/s (triad pattern)",13.0,580.105.08,True,1,49f219808863cc3515979babf6eaed123d73f876,NVIDIA GH200 480GB,192-222-51-63,"scripts/clock_elasticity.py: bursts of N back-to-back fused_experts calls under one pinned tile, each call L2-flushed and bracketed by its own pre-primed event pair, the FIRST call of every burst discarded as a drained-queue launch, a host-side idle gap after each burst setting the sustained duty cycle, and the SM clock, board power and memory clock read through NVML with the burst still in flight; NOT timing.TIMING_BASIS | duty 0.25 | each idle gap sized from its own burst (gap_basis burst)",,iters=supplied as None; sglang=package not installed,1,3.12.15,176.58886931557572,"measured on this device: NVIDIA GH200 480GB (measured), 658.0 TFLOP/s bf16 over 3725.9 GB/s (triad pattern); calibrated 2026-10-06 at 49f21980",,200.0,2.13.0,3.7.1,2026-10-06T08:52:02+00:00,0.27.1,300.0
private,8,32,9,288,2304,9,576,1.3167999982833862,1.311903953552246,0.0019569429686483583,145,3,317.2578560113907,"scripts/clock_elasticity.py: bursts of N back-to-back fused_experts calls under one pinned tile, each call L2-flushed and bracketed by its own pre-primed event pair, the FIRST call of every burst discarded as a drained-queue launch, a host-side idle gap after each burst setting the sustained duty cycle, and the SM clock, board power and memory clock read through NVML with the burst still in flight; NOT timing.TIMING_BASIS",1710.0,False,high,True,True,ok,"LEVEL HIGH (recorded, never an exclusion here): loaded clock 1710 MHz against the 1455 MHz reference. At a duty cycle below 1.0 a HIGH reading is the experiment working, not a cell to drop.",0.25,265.527,0.24990442853232492,30,116.51604190557555,burst,1.3165440559387207,1.316256046295166,True,1710 1710 1710 1710 1710 1710 1710 1710 1710 1710 1710 1710 1710 1710 1710,False,3725.9156463999325,"measured on this device: NVIDIA GH200 480GB (measured), 3725.9 GB/s (triad pattern)",13.0,580.105.08,True,1,49f219808863cc3515979babf6eaed123d73f876,NVIDIA GH200 480GB,192-222-51-63,"scripts/clock_elasticity.py: bursts of N back-to-back fused_experts calls under one pinned tile, each call L2-flushed and bracketed by its own pre-primed event pair, the FIRST call of every burst discarded as a drained-queue launch, a host-side idle gap after each burst setting the sustained duty cycle, and the SM clock, board power and memory clock read through NVML with the burst still in flight; NOT timing.TIMING_BASIS | duty 0.25 | each idle gap sized from its own burst (gap_basis burst)",,iters=supplied as None; sglang=package not installed,1,3.12.15,176.58886931557572,"measured on this device: NVIDIA GH200 480GB (measured), 658.0 TFLOP/s bf16 over 3725.9 GB/s (triad pattern); calibrated 2026-10-06 at 49f21980",,200.0,2.13.0,3.7.1,2026-10-06T08:52:02+00:00,0.27.1,300.0
native,8,32,9,288,2304,1,64,0.9947839975357056,0.9893440008163452,0.0023873912817187377,195,3,319.28086441755295,"scripts/clock_elasticity.py: bursts of N back-to-back fused_experts calls under one pinned tile, each call L2-flushed and bracketed by its own pre-primed event pair, the FIRST call of every burst discarded as a drained-queue launch, a host-side idle gap after each burst setting the sustained duty cycle, and the SM clock, board power and memory clock read through NVML with the burst still in flight; NOT timing.TIMING_BASIS",1710.0,False,high,True,True,ok,"LEVEL HIGH (recorded, never an exclusion here): loaded clock 1710 MHz against the 1455 MHz reference. At a duty cycle below 1.0 a HIGH reading is the experiment working, not a cell to drop.",0.25,248.783,0.24989983479721017,40,116.5902409600749,burst,0.9956160187721252,0.9946879744529724,True,1710 1710 1710 1710 1710 1710 1710 1710 1710 1710 1710 1710 1710 1710 1710,False,3725.9156463999325,"measured on this device: NVIDIA GH200 480GB (measured), 3725.9 GB/s (triad pattern)",13.0,580.105.08,True,1,49f219808863cc3515979babf6eaed123d73f876,NVIDIA GH200 480GB,192-222-51-63,"scripts/clock_elasticity.py: bursts of N back-to-back fused_experts calls under one pinned tile, each call L2-flushed and bracketed by its own pre-primed event pair, the FIRST call of every burst discarded as a drained-queue launch, a host-side idle gap after each burst setting the sustained duty cycle, and the SM clock, board power and memory clock read through NVML with the burst still in flight; NOT timing.TIMING_BASIS | duty 0.25 | each idle gap sized from its own burst (gap_basis burst)",,iters=supplied as None; sglang=package not installed,1,3.12.15,176.58886931557572,"measured on this device: NVIDIA GH200 480GB (measured), 658.0 TFLOP/s bf16 over 3725.9 GB/s (triad pattern); calibrated 2026-10-06 at 49f21980",,200.0,2.13.0,3.7.1,2026-10-06T08:52:02+00:00,0.27.1,300.0
shared,8,32,9,288,2304,1,576,1.0265120267868042,1.0211520195007324,0.0027447516887140273,190,3,321.7702395915985,"scripts/clock_elasticity.py: bursts of N back-to-back fused_experts calls under one pinned tile, each call L2-flushed and bracketed by its own pre-primed event pair, the FIRST call of every burst discarded as a drained-queue launch, a host-side idle gap after each burst setting the sustained duty cycle, and the SM clock, board power and memory clock read through NVML with the burst still in flight; NOT timing.TIMING_BASIS",1710.0,False,high,True,True,ok,"LEVEL HIGH (recorded, never an exclusion here): loaded clock 1710 MHz against the 1455 MHz reference. At a duty cycle below 1.0 a HIGH reading is the experiment working, not a cell to drop.",0.25,246.154,0.2499027187853178,39,117.29110316111473,burst,1.0264320373535156,1.0253119468688965,True,1710 1710 1710 1710 1710 1710 1710 1710 1710 1710 1710 1710 1710 1710 1710,False,3725.9156463999325,"measured on this device: NVIDIA GH200 480GB (measured), 3725.9 GB/s (triad pattern)",13.0,580.105.08,True,1,49f219808863cc3515979babf6eaed123d73f876,NVIDIA GH200 480GB,192-222-51-63,"scripts/clock_elasticity.py: bursts of N back-to-back fused_experts calls under one pinned tile, each call L2-flushed and bracketed by its own pre-primed event pair, the FIRST call of every burst discarded as a drained-queue launch, a host-side idle gap after each burst setting the sustained duty cycle, and the SM clock, board power and memory clock read through NVML with the burst still in flight; NOT timing.TIMING_BASIS | duty 0.25 | each idle gap sized from its own burst (gap_basis burst)",,iters=supplied as None; sglang=package not installed,1,3.12.15,176.58886931557572,"measured on this device: NVIDIA GH200 480GB (measured), 658.0 TFLOP/s bf16 over 3725.9 GB/s (triad pattern); calibrated 2026-10-06 at 49f21980",,200.0,2.13.0,3.7.1,2026-10-06T08:52:02+00:00,0.27.1,300.0
