timestamp, clocks.current.sm [MHz], clocks.current.memory [MHz], power.draw [W], power.limit [W], temperature.gpu, utilization.gpu [%], clocks_event_reasons.active
2026/10/07 00:08:00.459, 1980 MHz, 2619 MHz, 116.62 W, 700.00 W, 35, 0 %, 0x0000000000000000
2026/10/07 00:08:00.965, 1710 MHz, 2619 MHz, 114.12 W, 700.00 W, 35, 0 %, 0x0000000000000000
2026/10/07 00:08:01.466, 1710 MHz, 2619 MHz, 119.30 W, 700.00 W, 35, 0 %, 0x0000000000000000
2026/10/07 00:08:01.966, 1710 MHz, 2619 MHz, 118.07 W, 700.00 W, 35, 2 %, 0x0000000000000000
2026/10/07 00:08:02.466, 1710 MHz, 2619 MHz, 116.27 W, 700.00 W, 35, 0 %, 0x0000000000000000
2026/10/07 00:08:02.967, 1710 MHz, 2619 MHz, 114.87 W, 700.00 W, 35, 0 %, 0x0000000000000000
2026/10/07 00:08:03.467, 1710 MHz, 2619 MHz, 114.53 W, 700.00 W, 35, 0 %, 0x0000000000000000
2026/10/07 00:08:03.968, 1710 MHz, 2619 MHz, 114.07 W, 700.00 W, 35, 0 %, 0x0000000000000000
2026/10/07 00:08:04.468, 1710 MHz, 2619 MHz, 113.65 W, 700.00 W, 35, 0 %, 0x0000000000000000
2026/10/07 00:08:04.968, 1710 MHz, 2619 MHz, 113.61 W, 700.00 W, 35, 0 %, 0x0000000000000000
2026/10/07 00:08:05.469, 1710 MHz, 2619 MHz, 113.95 W, 700.00 W, 35, 0 %, 0x0000000000000000
2026/10/07 00:08:05.969, 1710 MHz, 2619 MHz, 114.40 W, 700.00 W, 35, 0 %, 0x0000000000000000
2026/10/07 00:08:06.470, 1710 MHz, 2619 MHz, 114.06 W, 700.00 W, 35, 0 %, 0x0000000000000000
2026/10/07 00:08:06.970, 1710 MHz, 2619 MHz, 114.50 W, 700.00 W, 35, 95 %, 0x0000000000000000
2026/10/07 00:08:07.470, 1710 MHz, 2619 MHz, 116.08 W, 700.00 W, 35, 98 %, 0x0000000000000000
2026/10/07 00:08:07.971, 1710 MHz, 2619 MHz, 117.26 W, 700.00 W, 35, 95 %, 0x0000000000000000
2026/10/07 00:08:08.471, 1710 MHz, 2619 MHz, 117.70 W, 700.00 W, 35, 96 %, 0x0000000000000000
2026/10/07 00:08:08.971, 1710 MHz, 2619 MHz, 118.14 W, 700.00 W, 35, 62 %, 0x0000000000000000
2026/10/07 00:08:09.472, 1710 MHz, 2619 MHz, 118.99 W, 700.00 W, 35, 95 %, 0x0000000000000000
2026/10/07 00:08:09.972, 1710 MHz, 2619 MHz, 119.31 W, 700.00 W, 35, 99 %, 0x0000000000000000
2026/10/07 00:08:10.473, 1710 MHz, 2619 MHz, 119.56 W, 700.00 W, 35, 36 %, 0x0000000000000000
2026/10/07 00:08:10.973, 1710 MHz, 2619 MHz, 120.82 W, 700.00 W, 35, 97 %, 0x0000000000000000
2026/10/07 00:08:11.473, 1710 MHz, 2619 MHz, 120.92 W, 700.00 W, 35, 95 %, 0x0000000000000000
2026/10/07 00:08:11.974, 1710 MHz, 2619 MHz, 120.40 W, 700.00 W, 35, 99 %, 0x0000000000000000
2026/10/07 00:08:12.474, 1710 MHz, 2619 MHz, 121.73 W, 700.00 W, 35, 96 %, 0x0000000000000000
2026/10/07 00:08:12.974, 1710 MHz, 2619 MHz, 121.55 W, 700.00 W, 35, 99 %, 0x0000000000000000
2026/10/07 00:08:13.475, 1710 MHz, 2619 MHz, 120.42 W, 700.00 W, 35, 85 %, 0x0000000000000000
2026/10/07 00:08:13.976, 1710 MHz, 2619 MHz, 118.93 W, 700.00 W, 35, 96 %, 0x0000000000000000
2026/10/07 00:08:14.476, 1710 MHz, 2619 MHz, 117.55 W, 700.00 W, 35, 96 %, 0x0000000000000000
2026/10/07 00:08:14.976, 1710 MHz, 2619 MHz, 117.96 W, 700.00 W, 35, 95 %, 0x0000000000000000
2026/10/07 00:08:15.477, 1710 MHz, 2619 MHz, 118.28 W, 700.00 W, 35, 90 %, 0x0000000000000000
2026/10/07 00:08:15.977, 1710 MHz, 2619 MHz, 119.01 W, 700.00 W, 35, 98 %, 0x0000000000000000
2026/10/07 00:08:16.477, 1710 MHz, 2619 MHz, 119.30 W, 700.00 W, 35, 95 %, 0x0000000000000000
2026/10/07 00:08:16.978, 1710 MHz, 2619 MHz, 119.38 W, 700.00 W, 35, 98 %, 0x0000000000000000
2026/10/07 00:08:17.478, 1710 MHz, 2619 MHz, 120.71 W, 700.00 W, 35, 96 %, 0x0000000000000000
2026/10/07 00:08:17.979, 1710 MHz, 2619 MHz, 121.13 W, 700.00 W, 35, 97 %, 0x0000000000000000
2026/10/07 00:08:18.479, 1710 MHz, 2619 MHz, 120.68 W, 700.00 W, 35, 20 %, 0x0000000000000000
2026/10/07 00:08:18.979, 1710 MHz, 2619 MHz, 121.92 W, 700.00 W, 35, 97 %, 0x0000000000000000
2026/10/07 00:08:19.480, 1710 MHz, 2619 MHz, 121.86 W, 700.00 W, 35, 96 %, 0x0000000000000000
2026/10/07 00:08:19.980, 1710 MHz, 2619 MHz, 120.43 W, 700.00 W, 35, 94 %, 0x0000000000000000
2026/10/07 00:08:20.481, 1710 MHz, 2619 MHz, 118.66 W, 700.00 W, 35, 96 %, 0x0000000000000000
2026/10/07 00:08:20.981, 1710 MHz, 2619 MHz, 117.53 W, 700.00 W, 35, 95 %, 0x0000000000000000
2026/10/07 00:08:21.481, 1710 MHz, 2619 MHz, 118.22 W, 700.00 W, 35, 96 %, 0x0000000000000000
2026/10/07 00:08:21.982, 1710 MHz, 2619 MHz, 118.21 W, 700.00 W, 35, 76 %, 0x0000000000000000
2026/10/07 00:08:22.482, 1710 MHz, 2619 MHz, 118.79 W, 700.00 W, 35, 95 %, 0x0000000000000000
2026/10/07 00:08:22.983, 1710 MHz, 2619 MHz, 119.38 W, 700.00 W, 35, 98 %, 0x0000000000000000
2026/10/07 00:08:23.483, 1710 MHz, 2619 MHz, 119.48 W, 700.00 W, 35, 36 %, 0x0000000000000000
2026/10/07 00:08:23.983, 1710 MHz, 2619 MHz, 120.63 W, 700.00 W, 35, 96 %, 0x0000000000000000
2026/10/07 00:08:24.484, 1710 MHz, 2619 MHz, 121.01 W, 700.00 W, 35, 96 %, 0x0000000000000000
2026/10/07 00:08:24.984, 1710 MHz, 2619 MHz, 120.43 W, 700.00 W, 35, 98 %, 0x0000000000000000
2026/10/07 00:08:25.484, 1710 MHz, 2619 MHz, 121.69 W, 700.00 W, 35, 96 %, 0x0000000000000000
2026/10/07 00:08:25.985, 1710 MHz, 2619 MHz, 121.44 W, 700.00 W, 35, 99 %, 0x0000000000000000
2026/10/07 00:08:26.485, 1710 MHz, 2619 MHz, 120.68 W, 700.00 W, 35, 0 %, 0x0000000000000000
2026/10/07 00:08:27.232, 1710 MHz, 2619 MHz, 124.01 W, 700.00 W, 35, 18 %, 0x0000000000000000
2026/10/07 00:08:27.732, 1710 MHz, 2619 MHz, 121.77 W, 700.00 W, 35, 0 %, 0x0000000000000000
2026/10/07 00:08:28.233, 1710 MHz, 2619 MHz, 182.74 W, 700.00 W, 40, 34 %, 0x0000000000000000
2026/10/07 00:08:28.733, 1710 MHz, 2619 MHz, 251.74 W, 700.00 W, 39, 47 %, 0x0000000000000000
2026/10/07 00:08:29.234, 1710 MHz, 2619 MHz, 261.87 W, 700.00 W, 39, 9 %, 0x0000000000000000
2026/10/07 00:08:29.735, 1710 MHz, 2619 MHz, 275.04 W, 700.00 W, 42, 1 %, 0x0000000000000000
2026/10/07 00:08:30.235, 1710 MHz, 2619 MHz, 275.24 W, 700.00 W, 41, 46 %, 0x0000000000000000
2026/10/07 00:08:30.736, 1710 MHz, 2619 MHz, 263.04 W, 700.00 W, 40, 48 %, 0x0000000000000000
2026/10/07 00:08:31.237, 1710 MHz, 2619 MHz, 278.47 W, 700.00 W, 43, 47 %, 0x0000000000000000
2026/10/07 00:08:31.737, 1710 MHz, 2619 MHz, 295.40 W, 700.00 W, 44, 44 %, 0x0000000000000000
2026/10/07 00:08:32.238, 1710 MHz, 2619 MHz, 287.98 W, 700.00 W, 41, 3 %, 0x0000000000000000
2026/10/07 00:08:32.739, 1710 MHz, 2619 MHz, 274.57 W, 700.00 W, 40, 30 %, 0x0000000000000000
2026/10/07 00:08:33.239, 1710 MHz, 2619 MHz, 263.78 W, 700.00 W, 41, 40 %, 0x0000000000000000
2026/10/07 00:08:33.739, 1710 MHz, 2619 MHz, 260.73 W, 700.00 W, 42, 0 %, 0x0000000000000000
2026/10/07 00:08:34.240, 1710 MHz, 2619 MHz, 253.08 W, 700.00 W, 43, 49 %, 0x0000000000000000
2026/10/07 00:08:34.740, 1710 MHz, 2619 MHz, 243.71 W, 700.00 W, 42, 34 %, 0x0000000000000000
2026/10/07 00:08:35.241, 1710 MHz, 2619 MHz, 240.24 W, 700.00 W, 41, 36 %, 0x0000000000000000
2026/10/07 00:08:35.741, 1710 MHz, 2619 MHz, 279.71 W, 700.00 W, 42, 42 %, 0x0000000000000000
2026/10/07 00:08:36.242, 1710 MHz, 2619 MHz, 291.76 W, 700.00 W, 41, 29 %, 0x0000000000000000
2026/10/07 00:08:36.742, 1710 MHz, 2619 MHz, 270.08 W, 700.00 W, 42, 4 %, 0x0000000000000000
2026/10/07 00:08:37.243, 1710 MHz, 2619 MHz, 268.19 W, 700.00 W, 43, 48 %, 0x0000000000000000
2026/10/07 00:08:37.743, 1710 MHz, 2619 MHz, 259.71 W, 700.00 W, 43, 20 %, 0x0000000000000000
2026/10/07 00:08:38.244, 1710 MHz, 2619 MHz, 250.33 W, 700.00 W, 42, 48 %, 0x0000000000000000
2026/10/07 00:08:38.744, 1710 MHz, 2619 MHz, 246.72 W, 700.00 W, 41, 49 %, 0x0000000000000000
2026/10/07 00:08:39.245, 1710 MHz, 2619 MHz, 243.18 W, 700.00 W, 41, 15 %, 0x0000000000000000
2026/10/07 00:08:39.745, 1710 MHz, 2619 MHz, 308.54 W, 700.00 W, 42, 27 %, 0x0000000000000000
2026/10/07 00:08:40.246, 1710 MHz, 2619 MHz, 337.67 W, 700.00 W, 44, 40 %, 0x0000000000000000
2026/10/07 00:08:40.746, 1710 MHz, 2619 MHz, 296.67 W, 700.00 W, 45, 0 %, 0x0000000000000000
2026/10/07 00:08:41.247, 1710 MHz, 2619 MHz, 286.02 W, 700.00 W, 46, 47 %, 0x0000000000000000
2026/10/07 00:08:41.747, 1710 MHz, 2619 MHz, 281.94 W, 700.00 W, 46, 21 %, 0x0000000000000000
2026/10/07 00:08:42.247, 1710 MHz, 2619 MHz, 283.67 W, 700.00 W, 44, 47 %, 0x0000000000000000
2026/10/07 00:08:42.748, 1710 MHz, 2619 MHz, 273.48 W, 700.00 W, 43, 49 %, 0x0000000000000000
2026/10/07 00:08:43.248, 1710 MHz, 2619 MHz, 312.92 W, 700.00 W, 48, 19 %, 0x0000000000000000
2026/10/07 00:08:43.749, 1710 MHz, 2619 MHz, 322.83 W, 700.00 W, 43, 24 %, 0x0000000000000000
2026/10/07 00:08:44.249, 1710 MHz, 2619 MHz, 295.29 W, 700.00 W, 44, 44 %, 0x0000000000000000
2026/10/07 00:08:44.750, 1710 MHz, 2619 MHz, 283.39 W, 700.00 W, 46, 1 %, 0x0000000000000000
2026/10/07 00:08:45.250, 1710 MHz, 2619 MHz, 272.36 W, 700.00 W, 45, 46 %, 0x0000000000000000
2026/10/07 00:08:45.751, 1710 MHz, 2619 MHz, 269.34 W, 700.00 W, 43, 40 %, 0x0000000000000000
2026/10/07 00:08:46.251, 1710 MHz, 2619 MHz, 266.48 W, 700.00 W, 43, 27 %, 0x0000000000000000
2026/10/07 00:08:46.752, 1710 MHz, 2619 MHz, 267.32 W, 700.00 W, 42, 47 %, 0x0000000000000000
2026/10/07 00:08:47.252, 1710 MHz, 2619 MHz, 312.85 W, 700.00 W, 46, 82 %, 0x0000000000000000
2026/10/07 00:08:47.753, 1710 MHz, 2619 MHz, 308.66 W, 700.00 W, 46, 14 %, 0x0000000000000000
2026/10/07 00:08:48.253, 1710 MHz, 2619 MHz, 255.27 W, 700.00 W, 43, 45 %, 0x0000000000000000
2026/10/07 00:08:48.754, 1710 MHz, 2619 MHz, 253.62 W, 700.00 W, 43, 45 %, 0x0000000000000000
2026/10/07 00:08:49.254, 1710 MHz, 2619 MHz, 257.96 W, 700.00 W, 42, 23 %, 0x0000000000000000
2026/10/07 00:08:49.755, 1710 MHz, 2619 MHz, 260.30 W, 700.00 W, 42, 46 %, 0x0000000000000000
2026/10/07 00:08:50.256, 1710 MHz, 2619 MHz, 259.11 W, 700.00 W, 42, 0 %, 0x0000000000000000
2026/10/07 00:08:50.757, 1710 MHz, 2619 MHz, 255.63 W, 700.00 W, 42, 37 %, 0x0000000000000000
2026/10/07 00:08:51.257, 1710 MHz, 2619 MHz, 319.45 W, 700.00 W, 47, 44 %, 0x0000000000000000
2026/10/07 00:08:51.758, 1710 MHz, 2619 MHz, 326.92 W, 700.00 W, 47, 2 %, 0x0000000000000000
2026/10/07 00:08:52.258, 1710 MHz, 2619 MHz, 280.85 W, 700.00 W, 47, 43 %, 0x0000000000000000
2026/10/07 00:08:52.759, 1710 MHz, 2619 MHz, 270.25 W, 700.00 W, 45, 30 %, 0x0000000000000000
2026/10/07 00:08:53.259, 1710 MHz, 2619 MHz, 265.22 W, 700.00 W, 44, 39 %, 0x0000000000000000
2026/10/07 00:08:53.760, 1710 MHz, 2619 MHz, 271.01 W, 700.00 W, 44, 46 %, 0x0000000000000000
2026/10/07 00:08:54.260, 1710 MHz, 2619 MHz, 273.96 W, 700.00 W, 43, 10 %, 0x0000000000000000
2026/10/07 00:08:54.761, 1710 MHz, 2619 MHz, 316.01 W, 700.00 W, 50, 85 %, 0x0000000000000000
2026/10/07 00:08:55.261, 1710 MHz, 2619 MHz, 310.93 W, 700.00 W, 48, 44 %, 0x0000000000000000
2026/10/07 00:08:55.762, 1710 MHz, 2619 MHz, 262.83 W, 700.00 W, 45, 26 %, 0x0000000000000000
2026/10/07 00:08:56.262, 1710 MHz, 2619 MHz, 265.28 W, 700.00 W, 44, 42 %, 0x0000000000000000
2026/10/07 00:08:56.763, 1710 MHz, 2619 MHz, 264.29 W, 700.00 W, 44, 45 %, 0x0000000000000000
2026/10/07 00:08:57.263, 1710 MHz, 2619 MHz, 262.04 W, 700.00 W, 43, 9 %, 0x0000000000000000
2026/10/07 00:08:57.764, 1710 MHz, 2619 MHz, 258.77 W, 700.00 W, 43, 45 %, 0x0000000000000000
2026/10/07 00:08:58.264, 1710 MHz, 2619 MHz, 264.25 W, 700.00 W, 43, 10 %, 0x0000000000000000
2026/10/07 00:08:58.765, 1710 MHz, 2619 MHz, 312.02 W, 700.00 W, 46, 28 %, 0x0000000000000000
2026/10/07 00:08:59.265, 1710 MHz, 2619 MHz, 310.46 W, 700.00 W, 44, 37 %, 0x0000000000000000
2026/10/07 00:08:59.766, 1710 MHz, 2619 MHz, 261.56 W, 700.00 W, 43, 44 %, 0x0000000000000000
2026/10/07 00:09:00.267, 1710 MHz, 2619 MHz, 264.11 W, 700.00 W, 43, 5 %, 0x0000000000000000
2026/10/07 00:09:00.768, 1710 MHz, 2619 MHz, 267.67 W, 700.00 W, 42, 44 %, 0x0000000000000000
2026/10/07 00:09:01.269, 1710 MHz, 2619 MHz, 271.26 W, 700.00 W, 42, 15 %, 0x0000000000000000
2026/10/07 00:09:01.769, 1710 MHz, 2619 MHz, 274.81 W, 700.00 W, 42, 15 %, 0x0000000000000000
2026/10/07 00:09:02.269, 1710 MHz, 2619 MHz, 256.63 W, 700.00 W, 42, 43 %, 0x0000000000000000
2026/10/07 00:09:02.770, 1710 MHz, 2619 MHz, 308.23 W, 700.00 W, 49, 11 %, 0x0000000000000000
2026/10/07 00:09:03.270, 1710 MHz, 2619 MHz, 316.45 W, 700.00 W, 46, 44 %, 0x0000000000000000
2026/10/07 00:09:03.771, 1710 MHz, 2619 MHz, 264.55 W, 700.00 W, 45, 35 %, 0x0000000000000000
2026/10/07 00:09:04.271, 1710 MHz, 2619 MHz, 269.26 W, 700.00 W, 44, 35 %, 0x0000000000000000
2026/10/07 00:09:04.772, 1710 MHz, 2619 MHz, 269.37 W, 700.00 W, 44, 45 %, 0x0000000000000000
2026/10/07 00:09:05.273, 1710 MHz, 2619 MHz, 263.88 W, 700.00 W, 44, 13 %, 0x0000000000000000
2026/10/07 00:09:05.773, 1710 MHz, 2619 MHz, 260.30 W, 700.00 W, 43, 45 %, 0x0000000000000000
2026/10/07 00:09:06.274, 1710 MHz, 2619 MHz, 312.89 W, 700.00 W, 50, 0 %, 0x0000000000000000
2026/10/07 00:09:06.774, 1710 MHz, 2619 MHz, 312.87 W, 700.00 W, 47, 17 %, 0x0000000000000000
2026/10/07 00:09:07.275, 1710 MHz, 2619 MHz, 261.89 W, 700.00 W, 45, 43 %, 0x0000000000000000
2026/10/07 00:09:07.775, 1710 MHz, 2619 MHz, 255.87 W, 700.00 W, 44, 44 %, 0x0000000000000000
2026/10/07 00:09:08.276, 1710 MHz, 2619 MHz, 249.04 W, 700.00 W, 44, 11 %, 0x0000000000000000
2026/10/07 00:09:08.776, 1710 MHz, 2619 MHz, 251.85 W, 700.00 W, 43, 44 %, 0x0000000000000000
2026/10/07 00:09:09.277, 1710 MHz, 2619 MHz, 260.34 W, 700.00 W, 43, 13 %, 0x0000000000000000
2026/10/07 00:09:09.777, 1710 MHz, 2619 MHz, 268.28 W, 700.00 W, 43, 13 %, 0x0000000000000000
2026/10/07 00:09:10.278, 1710 MHz, 2619 MHz, 298.60 W, 700.00 W, 45, 27 %, 0x0000000000000000
2026/10/07 00:09:10.779, 1710 MHz, 2619 MHz, 299.94 W, 700.00 W, 44, 43 %, 0x0000000000000000
2026/10/07 00:09:11.279, 1710 MHz, 2619 MHz, 259.89 W, 700.00 W, 43, 0 %, 0x0000000000000000
2026/10/07 00:09:11.780, 1710 MHz, 2619 MHz, 271.18 W, 700.00 W, 43, 34 %, 0x0000000000000000
2026/10/07 00:09:12.280, 1710 MHz, 2619 MHz, 282.68 W, 700.00 W, 42, 30 %, 0x0000000000000000
2026/10/07 00:09:12.780, 1710 MHz, 2619 MHz, 283.74 W, 700.00 W, 45, 0 %, 0x0000000000000000
2026/10/07 00:09:13.281, 1710 MHz, 2619 MHz, 276.21 W, 700.00 W, 46, 42 %, 0x0000000000000000
2026/10/07 00:09:13.781, 1710 MHz, 2619 MHz, 261.47 W, 700.00 W, 44, 0 %, 0x0000000000000000
2026/10/07 00:09:14.282, 1710 MHz, 2619 MHz, 298.59 W, 700.00 W, 45, 28 %, 0x0000000000000000
2026/10/07 00:09:14.783, 1710 MHz, 2619 MHz, 299.09 W, 700.00 W, 44, 42 %, 0x0000000000000000
2026/10/07 00:09:15.283, 1710 MHz, 2619 MHz, 255.74 W, 700.00 W, 44, 0 %, 0x0000000000000000
2026/10/07 00:09:15.784, 1710 MHz, 2619 MHz, 264.07 W, 700.00 W, 43, 43 %, 0x0000000000000000
2026/10/07 00:09:16.284, 1710 MHz, 2619 MHz, 276.54 W, 700.00 W, 43, 25 %, 0x0000000000000000
2026/10/07 00:09:16.784, 1710 MHz, 2619 MHz, 281.00 W, 700.00 W, 44, 10 %, 0x0000000000000000
2026/10/07 00:09:17.285, 1710 MHz, 2619 MHz, 274.54 W, 700.00 W, 47, 43 %, 0x0000000000000000
2026/10/07 00:09:17.785, 1710 MHz, 2619 MHz, 286.88 W, 700.00 W, 46, 72 %, 0x0000000000000000
2026/10/07 00:09:18.286, 1710 MHz, 2619 MHz, 287.67 W, 700.00 W, 44, 0 %, 0x0000000000000000
2026/10/07 00:09:18.786, 1710 MHz, 2619 MHz, 263.97 W, 700.00 W, 44, 44 %, 0x0000000000000000
2026/10/07 00:09:19.286, 1710 MHz, 2619 MHz, 267.83 W, 700.00 W, 43, 15 %, 0x0000000000000000
2026/10/07 00:09:19.787, 1710 MHz, 2619 MHz, 265.71 W, 700.00 W, 43, 18 %, 0x0000000000000000
2026/10/07 00:09:20.287, 1710 MHz, 2619 MHz, 271.51 W, 700.00 W, 45, 42 %, 0x0000000000000000
2026/10/07 00:09:20.788, 1710 MHz, 2619 MHz, 261.83 W, 700.00 W, 47, 0 %, 0x0000000000000000
2026/10/07 00:09:21.288, 1710 MHz, 2619 MHz, 253.59 W, 700.00 W, 48, 42 %, 0x0000000000000000
2026/10/07 00:09:21.788, 1710 MHz, 2619 MHz, 310.69 W, 700.00 W, 44, 23 %, 0x0000000000000000
2026/10/07 00:09:22.289, 1710 MHz, 2619 MHz, 325.18 W, 700.00 W, 43, 43 %, 0x0000000000000000
2026/10/07 00:09:22.789, 1710 MHz, 2619 MHz, 285.48 W, 700.00 W, 43, 43 %, 0x0000000000000000
2026/10/07 00:09:23.290, 1710 MHz, 2619 MHz, 277.85 W, 700.00 W, 43, 13 %, 0x0000000000000000
2026/10/07 00:09:23.790, 1710 MHz, 2619 MHz, 271.09 W, 700.00 W, 45, 43 %, 0x0000000000000000
2026/10/07 00:09:24.290, 1710 MHz, 2619 MHz, 268.43 W, 700.00 W, 46, 0 %, 0x0000000000000000
2026/10/07 00:09:24.791, 1710 MHz, 2619 MHz, 267.41 W, 700.00 W, 47, 36 %, 0x0000000000000000
2026/10/07 00:09:25.291, 1710 MHz, 2619 MHz, 270.16 W, 700.00 W, 42, 0 %, 0x0000000000000000
2026/10/07 00:09:25.792, 1710 MHz, 2619 MHz, 292.95 W, 700.00 W, 46, 8 %, 0x0000000000000000
2026/10/07 00:09:26.292, 1710 MHz, 2619 MHz, 279.89 W, 700.00 W, 45, 45 %, 0x0000000000000000
2026/10/07 00:09:26.793, 1710 MHz, 2619 MHz, 257.99 W, 700.00 W, 44, 0 %, 0x0000000000000000
2026/10/07 00:09:27.293, 1710 MHz, 2619 MHz, 266.15 W, 700.00 W, 44, 45 %, 0x0000000000000000
2026/10/07 00:09:27.794, 1710 MHz, 2619 MHz, 273.21 W, 700.00 W, 44, 27 %, 0x0000000000000000
2026/10/07 00:09:28.294, 1710 MHz, 2619 MHz, 275.52 W, 700.00 W, 44, 43 %, 0x0000000000000000
2026/10/07 00:09:28.794, 1710 MHz, 2619 MHz, 271.00 W, 700.00 W, 43, 43 %, 0x0000000000000000
2026/10/07 00:09:29.295, 1710 MHz, 2619 MHz, 288.10 W, 700.00 W, 48, 98 %, 0x0000000000000000
2026/10/07 00:09:29.795, 1710 MHz, 2619 MHz, 281.85 W, 700.00 W, 45, 0 %, 0x0000000000000000
2026/10/07 00:09:30.296, 1710 MHz, 2619 MHz, 256.52 W, 700.00 W, 44, 44 %, 0x0000000000000000
2026/10/07 00:09:30.796, 1710 MHz, 2619 MHz, 268.20 W, 700.00 W, 44, 32 %, 0x0000000000000000
2026/10/07 00:09:31.297, 1710 MHz, 2619 MHz, 262.88 W, 700.00 W, 43, 28 %, 0x0000000000000000
2026/10/07 00:09:31.797, 1710 MHz, 2619 MHz, 262.04 W, 700.00 W, 44, 44 %, 0x0000000000000000
2026/10/07 00:09:32.298, 1710 MHz, 2619 MHz, 251.67 W, 700.00 W, 47, 0 %, 0x0000000000000000
2026/10/07 00:09:32.798, 1710 MHz, 2619 MHz, 251.67 W, 700.00 W, 48, 32 %, 0x0000000000000000
2026/10/07 00:09:33.299, 1710 MHz, 2619 MHz, 309.50 W, 700.00 W, 45, 45 %, 0x0000000000000000
2026/10/07 00:09:33.799, 1710 MHz, 2619 MHz, 323.85 W, 700.00 W, 43, 41 %, 0x0000000000000000
2026/10/07 00:09:34.300, 1710 MHz, 2619 MHz, 285.88 W, 700.00 W, 43, 25 %, 0x0000000000000000
2026/10/07 00:09:34.800, 1710 MHz, 2619 MHz, 273.46 W, 700.00 W, 43, 43 %, 0x0000000000000000
2026/10/07 00:09:35.301, 1710 MHz, 2619 MHz, 273.36 W, 700.00 W, 45, 0 %, 0x0000000000000000
2026/10/07 00:09:35.801, 1710 MHz, 2619 MHz, 270.66 W, 700.00 W, 46, 43 %, 0x0000000000000000
2026/10/07 00:09:36.301, 1710 MHz, 2619 MHz, 268.79 W, 700.00 W, 47, 0 %, 0x0000000000000000
2026/10/07 00:09:36.802, 1710 MHz, 2619 MHz, 271.51 W, 700.00 W, 42, 40 %, 0x0000000000000000
2026/10/07 00:09:37.302, 1710 MHz, 2619 MHz, 292.66 W, 700.00 W, 50, 11 %, 0x0000000000000000
2026/10/07 00:09:37.803, 1710 MHz, 2619 MHz, 298.98 W, 700.00 W, 47, 22 %, 0x0000000000000000
2026/10/07 00:09:38.303, 1710 MHz, 2619 MHz, 258.68 W, 700.00 W, 46, 33 %, 0x0000000000000000
2026/10/07 00:09:38.804, 1710 MHz, 2619 MHz, 260.60 W, 700.00 W, 45, 2 %, 0x0000000000000000
2026/10/07 00:09:39.304, 1710 MHz, 2619 MHz, 259.79 W, 700.00 W, 45, 45 %, 0x0000000000000000
2026/10/07 00:09:39.805, 1710 MHz, 2619 MHz, 259.99 W, 700.00 W, 44, 0 %, 0x0000000000000000
2026/10/07 00:09:40.305, 1710 MHz, 2619 MHz, 265.25 W, 700.00 W, 44, 45 %, 0x0000000000000000
2026/10/07 00:09:40.806, 1710 MHz, 2619 MHz, 305.62 W, 700.00 W, 51, 56 %, 0x0000000000000000
2026/10/07 00:09:41.306, 1710 MHz, 2619 MHz, 297.42 W, 700.00 W, 49, 7 %, 0x0000000000000000
2026/10/07 00:09:41.807, 1710 MHz, 2619 MHz, 250.29 W, 700.00 W, 46, 12 %, 0x0000000000000000
2026/10/07 00:09:42.307, 1710 MHz, 2619 MHz, 248.90 W, 700.00 W, 45, 43 %, 0x0000000000000000
2026/10/07 00:09:42.808, 1710 MHz, 2619 MHz, 257.86 W, 700.00 W, 44, 14 %, 0x0000000000000000
2026/10/07 00:09:43.308, 1710 MHz, 2619 MHz, 271.54 W, 700.00 W, 44, 44 %, 0x0000000000000000
2026/10/07 00:09:43.809, 1710 MHz, 2619 MHz, 275.99 W, 700.00 W, 43, 41 %, 0x0000000000000000
2026/10/07 00:09:44.309, 1710 MHz, 2619 MHz, 263.23 W, 700.00 W, 46, 0 %, 0x0000000000000000
2026/10/07 00:09:44.809, 1710 MHz, 2619 MHz, 297.16 W, 700.00 W, 45, 4 %, 0x0000000000000000
2026/10/07 00:09:45.310, 1710 MHz, 2619 MHz, 320.12 W, 700.00 W, 44, 43 %, 0x0000000000000000
2026/10/07 00:09:45.810, 1710 MHz, 2619 MHz, 292.85 W, 700.00 W, 43, 39 %, 0x0000000000000000
2026/10/07 00:09:46.311, 1710 MHz, 2619 MHz, 288.80 W, 700.00 W, 43, 22 %, 0x0000000000000000
2026/10/07 00:09:46.811, 1710 MHz, 2619 MHz, 275.73 W, 700.00 W, 44, 42 %, 0x0000000000000000
2026/10/07 00:09:47.312, 1710 MHz, 2619 MHz, 272.07 W, 700.00 W, 46, 0 %, 0x0000000000000000
2026/10/07 00:09:47.813, 1710 MHz, 2619 MHz, 266.85 W, 700.00 W, 47, 30 %, 0x0000000000000000
2026/10/07 00:09:48.314, 1710 MHz, 2619 MHz, 266.70 W, 700.00 W, 42, 0 %, 0x0000000000000000
2026/10/07 00:09:48.814, 1710 MHz, 2619 MHz, 286.03 W, 700.00 W, 48, 23 %, 0x0000000000000000
2026/10/07 00:09:49.315, 1710 MHz, 2619 MHz, 288.91 W, 700.00 W, 46, 32 %, 0x0000000000000000
2026/10/07 00:09:49.815, 1710 MHz, 2619 MHz, 258.48 W, 700.00 W, 45, 2 %, 0x0000000000000000
2026/10/07 00:09:50.316, 1710 MHz, 2619 MHz, 255.05 W, 700.00 W, 45, 44 %, 0x0000000000000000
2026/10/07 00:09:50.816, 1710 MHz, 2619 MHz, 258.28 W, 700.00 W, 44, 0 %, 0x0000000000000000
2026/10/07 00:09:51.317, 1710 MHz, 2619 MHz, 262.99 W, 700.00 W, 44, 45 %, 0x0000000000000000
2026/10/07 00:09:51.817, 1710 MHz, 2619 MHz, 268.02 W, 700.00 W, 44, 18 %, 0x0000000000000000
2026/10/07 00:09:52.318, 1710 MHz, 2619 MHz, 301.07 W, 700.00 W, 52, 92 %, 0x0000000000000000
2026/10/07 00:09:52.818, 1710 MHz, 2619 MHz, 298.73 W, 700.00 W, 49, 36 %, 0x0000000000000000
2026/10/07 00:09:53.318, 1710 MHz, 2619 MHz, 251.82 W, 700.00 W, 47, 19 %, 0x0000000000000000
2026/10/07 00:09:53.819, 1710 MHz, 2619 MHz, 254.84 W, 700.00 W, 45, 13 %, 0x0000000000000000
2026/10/07 00:09:54.319, 1710 MHz, 2619 MHz, 251.61 W, 700.00 W, 45, 42 %, 0x0000000000000000
2026/10/07 00:09:54.820, 1710 MHz, 2619 MHz, 251.89 W, 700.00 W, 44, 0 %, 0x0000000000000000
2026/10/07 00:09:55.320, 1710 MHz, 2619 MHz, 257.44 W, 700.00 W, 44, 44 %, 0x0000000000000000
2026/10/07 00:09:55.821, 1710 MHz, 2619 MHz, 262.62 W, 700.00 W, 44, 11 %, 0x0000000000000000
2026/10/07 00:09:56.321, 1710 MHz, 2619 MHz, 314.79 W, 700.00 W, 48, 0 %, 0x0000000000000000
2026/10/07 00:09:56.822, 1710 MHz, 2619 MHz, 317.19 W, 700.00 W, 47, 28 %, 0x0000000000000000
2026/10/07 00:09:57.323, 1710 MHz, 2619 MHz, 270.24 W, 700.00 W, 45, 38 %, 0x0000000000000000
2026/10/07 00:09:57.824, 1710 MHz, 2619 MHz, 276.41 W, 700.00 W, 44, 2 %, 0x0000000000000000
2026/10/07 00:09:58.324, 1710 MHz, 2619 MHz, 289.05 W, 700.00 W, 43, 42 %, 0x0000000000000000
2026/10/07 00:09:58.825, 1710 MHz, 2619 MHz, 289.97 W, 700.00 W, 43, 41 %, 0x0000000000000000
2026/10/07 00:09:59.325, 1710 MHz, 2619 MHz, 283.89 W, 700.00 W, 44, 6 %, 0x0000000000000000
2026/10/07 00:09:59.826, 1710 MHz, 2619 MHz, 251.87 W, 700.00 W, 43, 4 %, 0x0000000000000000
2026/10/07 00:10:00.326, 1710 MHz, 2619 MHz, 290.84 W, 700.00 W, 46, 2 %, 0x0000000000000000
2026/10/07 00:10:00.827, 1710 MHz, 2619 MHz, 306.38 W, 700.00 W, 47, 45 %, 0x0000000000000000
2026/10/07 00:10:01.327, 1710 MHz, 2619 MHz, 253.11 W, 700.00 W, 48, 0 %, 0x0000000000000000
2026/10/07 00:10:01.827, 1710 MHz, 2619 MHz, 259.06 W, 700.00 W, 48, 43 %, 0x0000000000000000
2026/10/07 00:10:02.328, 1710 MHz, 2619 MHz, 259.11 W, 700.00 W, 48, 3 %, 0x0000000000000000
2026/10/07 00:10:02.828, 1710 MHz, 2619 MHz, 254.69 W, 700.00 W, 49, 33 %, 0x0000000000000000
2026/10/07 00:10:03.329, 1710 MHz, 2619 MHz, 255.79 W, 700.00 W, 47, 18 %, 0x0000000000000000
2026/10/07 00:10:03.829, 1710 MHz, 2619 MHz, 300.05 W, 700.00 W, 49, 98 %, 0x0000000000000000
2026/10/07 00:10:04.330, 1710 MHz, 2619 MHz, 299.73 W, 700.00 W, 44, 37 %, 0x0000000000000000
2026/10/07 00:10:04.830, 1710 MHz, 2619 MHz, 266.50 W, 700.00 W, 44, 42 %, 0x0000000000000000
2026/10/07 00:10:05.331, 1710 MHz, 2619 MHz, 260.50 W, 700.00 W, 43, 15 %, 0x0000000000000000
2026/10/07 00:10:05.831, 1710 MHz, 2619 MHz, 255.69 W, 700.00 W, 45, 43 %, 0x0000000000000000
2026/10/07 00:10:06.332, 1710 MHz, 2619 MHz, 254.77 W, 700.00 W, 47, 0 %, 0x0000000000000000
2026/10/07 00:10:06.832, 1710 MHz, 2619 MHz, 254.25 W, 700.00 W, 48, 42 %, 0x0000000000000000
2026/10/07 00:10:07.333, 1710 MHz, 2619 MHz, 252.42 W, 700.00 W, 49, 10 %, 0x0000000000000000
2026/10/07 00:10:07.833, 1710 MHz, 2619 MHz, 310.21 W, 700.00 W, 46, 25 %, 0x0000000000000000
2026/10/07 00:10:08.334, 1695 MHz, 2619 MHz, 325.60 W, 700.00 W, 44, 37 %, 0x0000000000000000
2026/10/07 00:10:08.834, 1710 MHz, 2619 MHz, 288.11 W, 700.00 W, 43, 42 %, 0x0000000000000004
2026/10/07 00:10:09.335, 1710 MHz, 2619 MHz, 278.20 W, 700.00 W, 45, 0 %, 0x0000000000000000
2026/10/07 00:10:09.835, 1710 MHz, 2619 MHz, 273.28 W, 700.00 W, 47, 42 %, 0x0000000000000000
2026/10/07 00:10:10.336, 1710 MHz, 2619 MHz, 271.35 W, 700.00 W, 46, 15 %, 0x0000000000000000
2026/10/07 00:10:10.837, 1710 MHz, 2619 MHz, 271.98 W, 700.00 W, 45, 9 %, 0x0000000000000000
2026/10/07 00:10:11.338, 1710 MHz, 2619 MHz, 266.98 W, 700.00 W, 44, 43 %, 0x0000000000000000
2026/10/07 00:10:11.838, 1710 MHz, 2619 MHz, 284.95 W, 700.00 W, 46, 0 %, 0x0000000000000000
2026/10/07 00:10:12.339, 1710 MHz, 2619 MHz, 281.75 W, 700.00 W, 45, 44 %, 0x0000000000000000
2026/10/07 00:10:12.839, 1710 MHz, 2619 MHz, 261.73 W, 700.00 W, 44, 11 %, 0x0000000000000000
2026/10/07 00:10:13.339, 1710 MHz, 2619 MHz, 266.22 W, 700.00 W, 44, 44 %, 0x0000000000000000
2026/10/07 00:10:13.840, 1710 MHz, 2619 MHz, 267.10 W, 700.00 W, 44, 35 %, 0x0000000000000000
2026/10/07 00:10:14.340, 1710 MHz, 2619 MHz, 268.02 W, 700.00 W, 43, 30 %, 0x0000000000000000
2026/10/07 00:10:14.841, 1710 MHz, 2619 MHz, 263.49 W, 700.00 W, 43, 43 %, 0x0000000000000000
2026/10/07 00:10:15.341, 1680 MHz, 2619 MHz, 278.97 W, 700.00 W, 44, 6 %, 0x0000000000000004
2026/10/07 00:10:15.842, 1710 MHz, 2619 MHz, 298.90 W, 700.00 W, 45, 0 %, 0x0000000000000000
2026/10/07 00:10:16.342, 1710 MHz, 2619 MHz, 300.83 W, 700.00 W, 44, 43 %, 0x0000000000000000
2026/10/07 00:10:16.843, 1710 MHz, 2619 MHz, 289.39 W, 700.00 W, 44, 25 %, 0x0000000000000000
2026/10/07 00:10:17.343, 1710 MHz, 2619 MHz, 287.35 W, 700.00 W, 43, 36 %, 0x0000000000000000
2026/10/07 00:10:17.843, 1710 MHz, 2619 MHz, 277.53 W, 700.00 W, 43, 42 %, 0x0000000000000004
2026/10/07 00:10:18.344, 1710 MHz, 2619 MHz, 275.97 W, 700.00 W, 45, 0 %, 0x0000000000000000
2026/10/07 00:10:18.845, 1710 MHz, 2619 MHz, 270.43 W, 700.00 W, 47, 41 %, 0x0000000000000000
2026/10/07 00:10:19.346, 1710 MHz, 2619 MHz, 311.99 W, 700.00 W, 47, 57 %, 0x0000000000000000
2026/10/07 00:10:19.846, 1710 MHz, 2619 MHz, 304.37 W, 700.00 W, 45, 23 %, 0x0000000000000000
2026/10/07 00:10:20.347, 1710 MHz, 2619 MHz, 270.86 W, 700.00 W, 44, 44 %, 0x0000000000000000
2026/10/07 00:10:20.847, 1710 MHz, 2619 MHz, 268.38 W, 700.00 W, 44, 37 %, 0x0000000000000000
2026/10/07 00:10:21.348, 1710 MHz, 2619 MHz, 258.54 W, 700.00 W, 44, 32 %, 0x0000000000000000
2026/10/07 00:10:21.848, 1710 MHz, 2619 MHz, 265.82 W, 700.00 W, 44, 43 %, 0x0000000000000000
2026/10/07 00:10:22.349, 1710 MHz, 2619 MHz, 265.25 W, 700.00 W, 43, 15 %, 0x0000000000000000
2026/10/07 00:10:22.849, 1710 MHz, 2619 MHz, 261.15 W, 700.00 W, 43, 42 %, 0x0000000000000000
2026/10/07 00:10:23.350, 1710 MHz, 2619 MHz, 279.10 W, 700.00 W, 45, 7 %, 0x0000000000000000
2026/10/07 00:10:23.850, 1710 MHz, 2619 MHz, 277.07 W, 700.00 W, 46, 41 %, 0x0000000000000000
2026/10/07 00:10:24.351, 1710 MHz, 2619 MHz, 251.92 W, 700.00 W, 47, 0 %, 0x0000000000000000
2026/10/07 00:10:24.851, 1710 MHz, 2619 MHz, 251.94 W, 700.00 W, 48, 43 %, 0x0000000000000000
2026/10/07 00:10:25.352, 1710 MHz, 2619 MHz, 254.24 W, 700.00 W, 49, 10 %, 0x0000000000000000
2026/10/07 00:10:25.852, 1710 MHz, 2619 MHz, 250.78 W, 700.00 W, 47, 22 %, 0x0000000000000000
2026/10/07 00:10:26.353, 1710 MHz, 2619 MHz, 251.85 W, 700.00 W, 45, 32 %, 0x0000000000000000
2026/10/07 00:10:26.853, 1710 MHz, 2619 MHz, 254.67 W, 700.00 W, 45, 0 %, 0x0000000000000000
2026/10/07 00:10:27.354, 1710 MHz, 2619 MHz, 316.11 W, 700.00 W, 44, 18 %, 0x0000000000000004
2026/10/07 00:10:27.855, 1710 MHz, 2619 MHz, 323.39 W, 700.00 W, 46, 41 %, 0x0000000000000000
2026/10/07 00:10:28.356, 1710 MHz, 2619 MHz, 267.44 W, 700.00 W, 48, 9 %, 0x0000000000000000
2026/10/07 00:10:28.856, 1710 MHz, 2619 MHz, 269.49 W, 700.00 W, 45, 9 %, 0x0000000000000000
2026/10/07 00:10:29.357, 1710 MHz, 2619 MHz, 282.92 W, 700.00 W, 44, 43 %, 0x0000000000000000
2026/10/07 00:10:29.857, 1710 MHz, 2619 MHz, 290.79 W, 700.00 W, 44, 22 %, 0x0000000000000000
2026/10/07 00:10:30.358, 1710 MHz, 2619 MHz, 281.27 W, 700.00 W, 43, 35 %, 0x0000000000000000
2026/10/07 00:10:30.859, 1710 MHz, 2619 MHz, 294.48 W, 700.00 W, 49, 12 %, 0x0000000000000000
2026/10/07 00:10:31.359, 1710 MHz, 2619 MHz, 289.70 W, 700.00 W, 46, 43 %, 0x0000000000000000
2026/10/07 00:10:31.860, 1710 MHz, 2619 MHz, 264.04 W, 700.00 W, 45, 0 %, 0x0000000000000000
2026/10/07 00:10:32.360, 1710 MHz, 2619 MHz, 267.16 W, 700.00 W, 45, 45 %, 0x0000000000000000
2026/10/07 00:10:32.861, 1710 MHz, 2619 MHz, 271.40 W, 700.00 W, 44, 7 %, 0x0000000000000000
2026/10/07 00:10:33.361, 1710 MHz, 2619 MHz, 272.34 W, 700.00 W, 44, 48 %, 0x0000000000000000
2026/10/07 00:10:33.861, 1710 MHz, 2619 MHz, 258.81 W, 700.00 W, 44, 28 %, 0x0000000000000000
2026/10/07 00:10:34.362, 1710 MHz, 2619 MHz, 256.38 W, 700.00 W, 44, 40 %, 0x0000000000000000
2026/10/07 00:10:34.862, 1710 MHz, 2619 MHz, 286.60 W, 700.00 W, 45, 42 %, 0x0000000000000000
2026/10/07 00:10:35.363, 1710 MHz, 2619 MHz, 280.38 W, 700.00 W, 45, 9 %, 0x0000000000000000
2026/10/07 00:10:35.863, 1710 MHz, 2619 MHz, 247.54 W, 700.00 W, 48, 44 %, 0x0000000000000000
2026/10/07 00:10:36.364, 1710 MHz, 2619 MHz, 248.20 W, 700.00 W, 48, 16 %, 0x0000000000000000
2026/10/07 00:10:36.864, 1710 MHz, 2619 MHz, 258.76 W, 700.00 W, 45, 4 %, 0x0000000000000000
2026/10/07 00:10:37.365, 1710 MHz, 2619 MHz, 267.53 W, 700.00 W, 44, 44 %, 0x0000000000000000
2026/10/07 00:10:37.865, 1710 MHz, 2619 MHz, 270.46 W, 700.00 W, 44, 23 %, 0x0000000000000000
2026/10/07 00:10:38.365, 1695 MHz, 2619 MHz, 279.14 W, 700.00 W, 44, 35 %, 0x0000000000000000
2026/10/07 00:10:38.866, 1710 MHz, 2619 MHz, 300.42 W, 700.00 W, 46, 8 %, 0x0000000000000000
2026/10/07 00:10:39.366, 1710 MHz, 2619 MHz, 304.45 W, 700.00 W, 45, 43 %, 0x0000000000000000
2026/10/07 00:10:39.867, 1710 MHz, 2619 MHz, 287.56 W, 700.00 W, 44, 3 %, 0x0000000000000000
2026/10/07 00:10:40.367, 1710 MHz, 2619 MHz, 292.15 W, 700.00 W, 44, 43 %, 0x0000000000000000
2026/10/07 00:10:40.868, 1710 MHz, 2619 MHz, 288.14 W, 700.00 W, 43, 38 %, 0x0000000000000000
2026/10/07 00:10:41.369, 1710 MHz, 2619 MHz, 274.58 W, 700.00 W, 43, 22 %, 0x0000000000000000
2026/10/07 00:10:41.870, 1710 MHz, 2619 MHz, 272.87 W, 700.00 W, 44, 43 %, 0x0000000000000000
2026/10/07 00:10:42.371, 1710 MHz, 2619 MHz, 301.36 W, 700.00 W, 47, 83 %, 0x0000000000000000
2026/10/07 00:10:42.871, 1710 MHz, 2619 MHz, 308.46 W, 700.00 W, 45, 5 %, 0x0000000000000000
2026/10/07 00:10:43.371, 1710 MHz, 2619 MHz, 280.09 W, 700.00 W, 44, 45 %, 0x0000000000000000
2026/10/07 00:10:43.872, 1710 MHz, 2619 MHz, 273.22 W, 700.00 W, 44, 27 %, 0x0000000000000000
2026/10/07 00:10:44.372, 1710 MHz, 2619 MHz, 261.41 W, 700.00 W, 44, 41 %, 0x0000000000000000
2026/10/07 00:10:44.873, 1710 MHz, 2619 MHz, 261.97 W, 700.00 W, 44, 44 %, 0x0000000000000000
2026/10/07 00:10:45.373, 1710 MHz, 2619 MHz, 258.50 W, 700.00 W, 44, 20 %, 0x0000000000000000
2026/10/07 00:10:45.874, 1710 MHz, 2619 MHz, 259.66 W, 700.00 W, 44, 46 %, 0x0000000000000000
2026/10/07 00:10:46.374, 1710 MHz, 2619 MHz, 280.36 W, 700.00 W, 49, 0 %, 0x0000000000000000
2026/10/07 00:10:46.875, 1710 MHz, 2619 MHz, 277.22 W, 700.00 W, 49, 32 %, 0x0000000000000000
2026/10/07 00:10:47.375, 1710 MHz, 2619 MHz, 250.52 W, 700.00 W, 46, 30 %, 0x0000000000000000
2026/10/07 00:10:47.876, 1710 MHz, 2619 MHz, 259.56 W, 700.00 W, 45, 0 %, 0x0000000000000000
2026/10/07 00:10:48.376, 1710 MHz, 2619 MHz, 269.46 W, 700.00 W, 48, 44 %, 0x0000000000000000
2026/10/07 00:10:48.877, 1710 MHz, 2619 MHz, 271.98 W, 700.00 W, 46, 25 %, 0x0000000000000000
2026/10/07 00:10:49.377, 1710 MHz, 2619 MHz, 267.09 W, 700.00 W, 45, 37 %, 0x0000000000000000
2026/10/07 00:10:49.878, 1710 MHz, 2619 MHz, 285.49 W, 700.00 W, 49, 62 %, 0x0000000000000000
2026/10/07 00:10:50.378, 1710 MHz, 2619 MHz, 298.71 W, 700.00 W, 46, 42 %, 0x0000000000000000
2026/10/07 00:10:50.878, 1710 MHz, 2619 MHz, 270.91 W, 700.00 W, 47, 0 %, 0x0000000000000000
2026/10/07 00:10:51.379, 1710 MHz, 2619 MHz, 269.17 W, 700.00 W, 43, 40 %, 0x0000000000000000
2026/10/07 00:10:51.879, 1710 MHz, 2619 MHz, 270.52 W, 700.00 W, 43, 15 %, 0x0000000000000000
2026/10/07 00:10:52.380, 1710 MHz, 2619 MHz, 272.10 W, 700.00 W, 45, 15 %, 0x0000000000000000
2026/10/07 00:10:52.881, 1710 MHz, 2619 MHz, 274.20 W, 700.00 W, 45, 39 %, 0x0000000000000000
2026/10/07 00:10:53.382, 1710 MHz, 2619 MHz, 281.24 W, 700.00 W, 46, 0 %, 0x0000000000000000
2026/10/07 00:10:53.883, 1710 MHz, 2619 MHz, 314.49 W, 700.00 W, 46, 13 %, 0x0000000000000000
2026/10/07 00:10:54.384, 1710 MHz, 2619 MHz, 310.31 W, 700.00 W, 45, 43 %, 0x0000000000000000
2026/10/07 00:10:54.884, 1710 MHz, 2619 MHz, 265.38 W, 700.00 W, 44, 0 %, 0x0000000000000000
2026/10/07 00:10:55.384, 1710 MHz, 2619 MHz, 262.87 W, 700.00 W, 44, 33 %, 0x0000000000000000
2026/10/07 00:10:55.885, 1710 MHz, 2619 MHz, 257.21 W, 700.00 W, 44, 24 %, 0x0000000000000000
2026/10/07 00:10:56.385, 1710 MHz, 2619 MHz, 264.97 W, 700.00 W, 46, 5 %, 0x0000000000000000
2026/10/07 00:10:56.886, 1710 MHz, 2619 MHz, 268.14 W, 700.00 W, 47, 43 %, 0x0000000000000000
2026/10/07 00:10:57.386, 1710 MHz, 2619 MHz, 258.42 W, 700.00 W, 43, 0 %, 0x0000000000000000
2026/10/07 00:10:57.887, 1710 MHz, 2619 MHz, 296.38 W, 700.00 W, 46, 44 %, 0x0000000000000000
2026/10/07 00:10:58.387, 1710 MHz, 2619 MHz, 298.90 W, 700.00 W, 45, 44 %, 0x0000000000000000
2026/10/07 00:10:58.887, 1710 MHz, 2619 MHz, 257.85 W, 700.00 W, 45, 17 %, 0x0000000000000000
2026/10/07 00:10:59.388, 1710 MHz, 2619 MHz, 258.99 W, 700.00 W, 44, 44 %, 0x0000000000000000
2026/10/07 00:10:59.888, 1710 MHz, 2619 MHz, 261.04 W, 700.00 W, 44, 0 %, 0x0000000000000000
2026/10/07 00:11:00.389, 1710 MHz, 2619 MHz, 254.59 W, 700.00 W, 44, 36 %, 0x0000000000000000
2026/10/07 00:11:00.889, 1710 MHz, 2619 MHz, 255.86 W, 700.00 W, 43, 22 %, 0x0000000000000000
2026/10/07 00:11:01.389, 1710 MHz, 2619 MHz, 317.23 W, 700.00 W, 47, 98 %, 0x0000000000000000
2026/10/07 00:11:01.890, 1710 MHz, 2619 MHz, 323.71 W, 700.00 W, 45, 26 %, 0x0000000000000000
2026/10/07 00:11:02.390, 1710 MHz, 2619 MHz, 269.69 W, 700.00 W, 44, 43 %, 0x0000000000000004
2026/10/07 00:11:02.891, 1710 MHz, 2619 MHz, 270.38 W, 700.00 W, 44, 0 %, 0x0000000000000000
2026/10/07 00:11:03.391, 1710 MHz, 2619 MHz, 272.61 W, 700.00 W, 43, 43 %, 0x0000000000000000
2026/10/07 00:11:03.891, 1710 MHz, 2619 MHz, 270.84 W, 700.00 W, 43, 10 %, 0x0000000000000000
2026/10/07 00:11:04.392, 1710 MHz, 2619 MHz, 268.84 W, 700.00 W, 43, 18 %, 0x0000000000000000
2026/10/07 00:11:04.893, 1710 MHz, 2619 MHz, 273.95 W, 700.00 W, 45, 38 %, 0x0000000000000000
2026/10/07 00:11:05.394, 1710 MHz, 2619 MHz, 323.60 W, 700.00 W, 46, 47 %, 0x0000000000000000
2026/10/07 00:11:05.894, 1710 MHz, 2619 MHz, 316.33 W, 700.00 W, 45, 7 %, 0x0000000000000000
2026/10/07 00:11:06.394, 1710 MHz, 2619 MHz, 261.11 W, 700.00 W, 44, 43 %, 0x0000000000000000
2026/10/07 00:11:06.895, 1710 MHz, 2619 MHz, 260.76 W, 700.00 W, 44, 9 %, 0x0000000000000000
2026/10/07 00:11:07.395, 1710 MHz, 2619 MHz, 259.04 W, 700.00 W, 44, 18 %, 0x0000000000000000
2026/10/07 00:11:07.896, 1710 MHz, 2619 MHz, 268.79 W, 700.00 W, 47, 43 %, 0x0000000000000000
2026/10/07 00:11:08.396, 1710 MHz, 2619 MHz, 279.36 W, 700.00 W, 48, 0 %, 0x0000000000000000
2026/10/07 00:11:08.897, 1710 MHz, 2619 MHz, 266.27 W, 700.00 W, 45, 44 %, 0x0000000000000000
2026/10/07 00:11:09.397, 1710 MHz, 2619 MHz, 305.24 W, 700.00 W, 45, 44 %, 0x0000000000000000
2026/10/07 00:11:09.898, 1710 MHz, 2619 MHz, 308.75 W, 700.00 W, 44, 2 %, 0x0000000000000000
2026/10/07 00:11:10.398, 1710 MHz, 2619 MHz, 263.36 W, 700.00 W, 44, 42 %, 0x0000000000000000
2026/10/07 00:11:10.898, 1710 MHz, 2619 MHz, 259.88 W, 700.00 W, 43, 23 %, 0x0000000000000000
2026/10/07 00:11:11.399, 1710 MHz, 2619 MHz, 263.70 W, 700.00 W, 46, 1 %, 0x0000000000000000
2026/10/07 00:11:11.900, 1710 MHz, 2619 MHz, 276.28 W, 700.00 W, 48, 44 %, 0x0000000000000000
2026/10/07 00:11:12.400, 1710 MHz, 2619 MHz, 280.79 W, 700.00 W, 46, 23 %, 0x0000000000000000
2026/10/07 00:11:12.901, 1710 MHz, 2619 MHz, 298.64 W, 700.00 W, 45, 98 %, 0x0000000000000000
2026/10/07 00:11:13.401, 1710 MHz, 2619 MHz, 298.69 W, 700.00 W, 44, 17 %, 0x0000000000000000
2026/10/07 00:11:13.902, 1710 MHz, 2619 MHz, 270.65 W, 700.00 W, 46, 43 %, 0x0000000000000000
2026/10/07 00:11:14.403, 1710 MHz, 2619 MHz, 284.45 W, 700.00 W, 47, 3 %, 0x0000000000000000
2026/10/07 00:11:14.903, 1710 MHz, 2619 MHz, 288.28 W, 700.00 W, 45, 43 %, 0x0000000000000000
2026/10/07 00:11:15.404, 1710 MHz, 2619 MHz, 282.96 W, 700.00 W, 44, 42 %, 0x0000000000000000
2026/10/07 00:11:15.904, 1710 MHz, 2619 MHz, 273.85 W, 700.00 W, 44, 21 %, 0x0000000000000000
2026/10/07 00:11:16.405, 1710 MHz, 2619 MHz, 268.02 W, 700.00 W, 44, 43 %, 0x0000000000000000
2026/10/07 00:11:16.905, 1710 MHz, 2619 MHz, 311.23 W, 700.00 W, 49, 45 %, 0x0000000000000000
2026/10/07 00:11:17.405, 1710 MHz, 2619 MHz, 322.83 W, 700.00 W, 49, 13 %, 0x0000000000000000
2026/10/07 00:11:17.906, 1710 MHz, 2619 MHz, 276.77 W, 700.00 W, 47, 47 %, 0x0000000000000000
2026/10/07 00:11:18.406, 1710 MHz, 2619 MHz, 272.52 W, 700.00 W, 46, 38 %, 0x0000000000000000
2026/10/07 00:11:18.907, 1710 MHz, 2619 MHz, 270.67 W, 700.00 W, 45, 31 %, 0x0000000000000000
2026/10/07 00:11:19.407, 1710 MHz, 2619 MHz, 264.35 W, 700.00 W, 45, 45 %, 0x0000000000000000
2026/10/07 00:11:19.908, 1710 MHz, 2619 MHz, 263.83 W, 700.00 W, 44, 2 %, 0x0000000000000000
2026/10/07 00:11:20.408, 1710 MHz, 2619 MHz, 288.48 W, 700.00 W, 50, 62 %, 0x0000000000000000
2026/10/07 00:11:20.909, 1710 MHz, 2619 MHz, 302.31 W, 700.00 W, 47, 44 %, 0x0000000000000000
2026/10/07 00:11:21.409, 1710 MHz, 2619 MHz, 286.53 W, 700.00 W, 48, 0 %, 0x0000000000000000
2026/10/07 00:11:21.909, 1710 MHz, 2619 MHz, 288.41 W, 700.00 W, 48, 46 %, 0x0000000000000000
2026/10/07 00:11:22.410, 1710 MHz, 2619 MHz, 283.90 W, 700.00 W, 46, 35 %, 0x0000000000000000
2026/10/07 00:11:22.910, 1710 MHz, 2619 MHz, 263.77 W, 700.00 W, 45, 32 %, 0x0000000000000000
2026/10/07 00:11:23.411, 1710 MHz, 2619 MHz, 259.06 W, 700.00 W, 44, 45 %, 0x0000000000000000
2026/10/07 00:11:23.911, 1710 MHz, 2619 MHz, 256.18 W, 700.00 W, 44, 0 %, 0x0000000000000000
2026/10/07 00:11:24.412, 1710 MHz, 2619 MHz, 310.05 W, 700.00 W, 49, 14 %, 0x0000000000000000
2026/10/07 00:11:24.912, 1710 MHz, 2619 MHz, 311.44 W, 700.00 W, 45, 44 %, 0x0000000000000000
2026/10/07 00:11:25.412, 1710 MHz, 2619 MHz, 272.39 W, 700.00 W, 44, 44 %, 0x0000000000000000
2026/10/07 00:11:25.913, 1710 MHz, 2619 MHz, 267.94 W, 700.00 W, 44, 21 %, 0x0000000000000000
2026/10/07 00:11:26.413, 1710 MHz, 2619 MHz, 266.87 W, 700.00 W, 44, 44 %, 0x0000000000000000
2026/10/07 00:11:26.914, 1710 MHz, 2619 MHz, 267.13 W, 700.00 W, 43, 0 %, 0x0000000000000000
2026/10/07 00:11:27.415, 1710 MHz, 2619 MHz, 263.96 W, 700.00 W, 43, 31 %, 0x0000000000000000
2026/10/07 00:11:27.916, 1710 MHz, 2619 MHz, 259.80 W, 700.00 W, 43, 30 %, 0x0000000000000000
2026/10/07 00:11:28.416, 1710 MHz, 2619 MHz, 316.14 W, 700.00 W, 46, 46 %, 0x0000000000000000
2026/10/07 00:11:28.917, 1710 MHz, 2619 MHz, 319.90 W, 700.00 W, 45, 18 %, 0x0000000000000000
2026/10/07 00:11:29.417, 1710 MHz, 2619 MHz, 275.65 W, 700.00 W, 45, 46 %, 0x0000000000000000
2026/10/07 00:11:29.918, 1710 MHz, 2619 MHz, 278.18 W, 700.00 W, 44, 0 %, 0x0000000000000000
2026/10/07 00:11:30.418, 1710 MHz, 2619 MHz, 274.10 W, 700.00 W, 44, 34 %, 0x0000000000000000
2026/10/07 00:11:30.919, 1710 MHz, 2619 MHz, 267.21 W, 700.00 W, 45, 29 %, 0x0000000000000000
2026/10/07 00:11:31.419, 1710 MHz, 2619 MHz, 276.19 W, 700.00 W, 47, 1 %, 0x0000000000000000
2026/10/07 00:11:31.920, 1710 MHz, 2619 MHz, 336.03 W, 700.00 W, 50, 40 %, 0x0000000000000000
2026/10/07 00:11:32.420, 1710 MHz, 2619 MHz, 330.05 W, 700.00 W, 46, 36 %, 0x0000000000000000
2026/10/07 00:11:32.921, 1710 MHz, 2619 MHz, 272.92 W, 700.00 W, 45, 36 %, 0x0000000000000000
2026/10/07 00:11:33.421, 1710 MHz, 2619 MHz, 266.47 W, 700.00 W, 45, 48 %, 0x0000000000000000
2026/10/07 00:11:33.922, 1710 MHz, 2619 MHz, 270.74 W, 700.00 W, 44, 4 %, 0x0000000000000000
2026/10/07 00:11:34.422, 1710 MHz, 2619 MHz, 269.24 W, 700.00 W, 44, 48 %, 0x0000000000000000
2026/10/07 00:11:34.923, 1710 MHz, 2619 MHz, 267.57 W, 700.00 W, 44, 12 %, 0x0000000000000000
2026/10/07 00:11:35.423, 1710 MHz, 2619 MHz, 264.85 W, 700.00 W, 43, 20 %, 0x0000000000000000
2026/10/07 00:11:35.924, 1710 MHz, 2619 MHz, 310.20 W, 700.00 W, 46, 38 %, 0x0000000000000000
2026/10/07 00:11:36.424, 1710 MHz, 2619 MHz, 311.89 W, 700.00 W, 44, 46 %, 0x0000000000000000
2026/10/07 00:11:36.925, 1710 MHz, 2619 MHz, 266.27 W, 700.00 W, 44, 7 %, 0x0000000000000000
2026/10/07 00:11:37.425, 1710 MHz, 2619 MHz, 263.24 W, 700.00 W, 43, 46 %, 0x0000000000000000
2026/10/07 00:11:37.926, 1710 MHz, 2619 MHz, 256.55 W, 700.00 W, 43, 8 %, 0x0000000000000000
2026/10/07 00:11:38.427, 1710 MHz, 2619 MHz, 266.14 W, 700.00 W, 43, 22 %, 0x0000000000000000
2026/10/07 00:11:38.928, 1710 MHz, 2619 MHz, 277.96 W, 700.00 W, 45, 40 %, 0x0000000000000000
2026/10/07 00:11:39.428, 1710 MHz, 2619 MHz, 284.32 W, 700.00 W, 47, 0 %, 0x0000000000000000
2026/10/07 00:11:39.929, 1710 MHz, 2619 MHz, 323.45 W, 700.00 W, 46, 39 %, 0x0000000000000000
2026/10/07 00:11:40.429, 1710 MHz, 2619 MHz, 332.10 W, 700.00 W, 45, 48 %, 0x0000000000000000
2026/10/07 00:11:40.930, 1710 MHz, 2619 MHz, 284.87 W, 700.00 W, 45, 4 %, 0x0000000000000000
2026/10/07 00:11:41.430, 1710 MHz, 2619 MHz, 285.23 W, 700.00 W, 44, 48 %, 0x0000000000000000
2026/10/07 00:11:41.931, 1710 MHz, 2619 MHz, 278.97 W, 700.00 W, 44, 14 %, 0x0000000000000000
2026/10/07 00:11:42.431, 1710 MHz, 2619 MHz, 285.72 W, 700.00 W, 44, 19 %, 0x0000000000000000
2026/10/07 00:11:42.932, 1710 MHz, 2619 MHz, 294.69 W, 700.00 W, 47, 46 %, 0x0000000000000000
2026/10/07 00:11:43.432, 1710 MHz, 2619 MHz, 332.65 W, 700.00 W, 48, 96 %, 0x0000000000000000
2026/10/07 00:11:43.933, 1710 MHz, 2619 MHz, 309.11 W, 700.00 W, 45, 46 %, 0x0000000000000000
2026/10/07 00:11:44.433, 1710 MHz, 2619 MHz, 258.65 W, 700.00 W, 44, 50 %, 0x0000000000000000
2026/10/07 00:11:44.934, 1710 MHz, 2619 MHz, 251.42 W, 700.00 W, 44, 16 %, 0x0000000000000000
2026/10/07 00:11:45.434, 1710 MHz, 2619 MHz, 249.19 W, 700.00 W, 43, 50 %, 0x0000000000000000
2026/10/07 00:11:45.935, 1710 MHz, 2619 MHz, 255.69 W, 700.00 W, 43, 4 %, 0x0000000000000000
2026/10/07 00:11:46.436, 1710 MHz, 2619 MHz, 262.68 W, 700.00 W, 43, 31 %, 0x0000000000000000
2026/10/07 00:11:46.937, 1710 MHz, 2619 MHz, 263.21 W, 700.00 W, 44, 35 %, 0x0000000000000000
2026/10/07 00:11:47.437, 1710 MHz, 2619 MHz, 301.82 W, 700.00 W, 46, 28 %, 0x0000000000000000
2026/10/07 00:11:47.938, 1710 MHz, 2619 MHz, 301.96 W, 700.00 W, 44, 42 %, 0x0000000000000000
2026/10/07 00:11:48.438, 1710 MHz, 2619 MHz, 254.32 W, 700.00 W, 44, 50 %, 0x0000000000000000
2026/10/07 00:11:48.939, 1710 MHz, 2619 MHz, 253.70 W, 700.00 W, 43, 4 %, 0x0000000000000000
2026/10/07 00:11:49.439, 1710 MHz, 2619 MHz, 257.07 W, 700.00 W, 43, 45 %, 0x0000000000000000
2026/10/07 00:11:49.940, 1710 MHz, 2619 MHz, 262.78 W, 700.00 W, 43, 24 %, 0x0000000000000000
2026/10/07 00:11:50.441, 1710 MHz, 2619 MHz, 271.11 W, 700.00 W, 45, 6 %, 0x0000000000000000
2026/10/07 00:11:50.941, 1710 MHz, 2619 MHz, 277.97 W, 700.00 W, 46, 50 %, 0x0000000000000000
2026/10/07 00:11:51.442, 1710 MHz, 2619 MHz, 313.82 W, 700.00 W, 45, 51 %, 0x0000000000000000
2026/10/07 00:11:51.942, 1710 MHz, 2619 MHz, 304.87 W, 700.00 W, 44, 14 %, 0x0000000000000000
2026/10/07 00:11:52.443, 1710 MHz, 2619 MHz, 268.90 W, 700.00 W, 44, 52 %, 0x0000000000000000
2026/10/07 00:11:52.944, 1710 MHz, 2619 MHz, 265.74 W, 700.00 W, 43, 8 %, 0x0000000000000000
2026/10/07 00:11:53.445, 1710 MHz, 2619 MHz, 273.64 W, 700.00 W, 43, 32 %, 0x0000000000000000
2026/10/07 00:11:53.945, 1710 MHz, 2619 MHz, 275.01 W, 700.00 W, 43, 29 %, 0x0000000000000000
2026/10/07 00:11:54.446, 1710 MHz, 2619 MHz, 276.42 W, 700.00 W, 44, 12 %, 0x0000000000000000
2026/10/07 00:11:54.946, 1710 MHz, 2619 MHz, 314.40 W, 700.00 W, 49, 36 %, 0x0000000000000000
2026/10/07 00:11:55.447, 1710 MHz, 2619 MHz, 302.48 W, 700.00 W, 45, 31 %, 0x0000000000000000
2026/10/07 00:11:55.947, 1710 MHz, 2619 MHz, 255.21 W, 700.00 W, 44, 43 %, 0x0000000000000000
2026/10/07 00:11:56.448, 1710 MHz, 2619 MHz, 258.01 W, 700.00 W, 44, 50 %, 0x0000000000000000
2026/10/07 00:11:56.949, 1710 MHz, 2619 MHz, 257.80 W, 700.00 W, 43, 12 %, 0x0000000000000000
2026/10/07 00:11:57.449, 1710 MHz, 2619 MHz, 250.32 W, 700.00 W, 43, 50 %, 0x0000000000000000
2026/10/07 00:11:57.950, 1710 MHz, 2619 MHz, 253.28 W, 700.00 W, 43, 7 %, 0x0000000000000000
2026/10/07 00:11:58.451, 1710 MHz, 2619 MHz, 262.78 W, 700.00 W, 43, 27 %, 0x0000000000000000
2026/10/07 00:11:58.951, 1710 MHz, 2619 MHz, 320.41 W, 700.00 W, 48, 74 %, 0x0000000000000000
2026/10/07 00:11:59.452, 1710 MHz, 2619 MHz, 318.56 W, 700.00 W, 45, 35 %, 0x0000000000000000
2026/10/07 00:11:59.952, 1710 MHz, 2619 MHz, 266.38 W, 700.00 W, 44, 37 %, 0x0000000000000000
2026/10/07 00:12:00.453, 1710 MHz, 2619 MHz, 263.64 W, 700.00 W, 44, 52 %, 0x0000000000000000
2026/10/07 00:12:00.954, 1710 MHz, 2619 MHz, 262.70 W, 700.00 W, 44, 0 %, 0x0000000000000000
2026/10/07 00:12:01.455, 1710 MHz, 2619 MHz, 264.08 W, 700.00 W, 43, 41 %, 0x0000000000000000
2026/10/07 00:12:01.955, 1710 MHz, 2619 MHz, 272.61 W, 700.00 W, 43, 30 %, 0x0000000000000000
2026/10/07 00:12:02.456, 1710 MHz, 2619 MHz, 284.61 W, 700.00 W, 45, 3 %, 0x0000000000000000
2026/10/07 00:12:02.956, 1710 MHz, 2619 MHz, 310.81 W, 700.00 W, 45, 44 %, 0x0000000000000000
2026/10/07 00:12:03.457, 1710 MHz, 2619 MHz, 301.33 W, 700.00 W, 44, 50 %, 0x0000000000000000
2026/10/07 00:12:03.958, 1710 MHz, 2619 MHz, 257.77 W, 700.00 W, 43, 6 %, 0x0000000000000000
2026/10/07 00:12:04.458, 1710 MHz, 2619 MHz, 260.00 W, 700.00 W, 43, 47 %, 0x0000000000000000
2026/10/07 00:12:04.959, 1710 MHz, 2619 MHz, 264.36 W, 700.00 W, 43, 22 %, 0x0000000000000000
2026/10/07 00:12:05.459, 1710 MHz, 2619 MHz, 271.17 W, 700.00 W, 44, 10 %, 0x0000000000000000
2026/10/07 00:12:05.960, 1710 MHz, 2619 MHz, 276.03 W, 700.00 W, 45, 50 %, 0x0000000000000000
2026/10/07 00:12:06.460, 1710 MHz, 2619 MHz, 300.36 W, 700.00 W, 45, 81 %, 0x0000000000000000
2026/10/07 00:12:06.961, 1710 MHz, 2619 MHz, 292.75 W, 700.00 W, 44, 5 %, 0x0000000000000000
2026/10/07 00:12:07.462, 1710 MHz, 2619 MHz, 263.04 W, 700.00 W, 43, 47 %, 0x0000000000000000
2026/10/07 00:12:07.963, 1710 MHz, 2619 MHz, 256.33 W, 700.00 W, 43, 11 %, 0x0000000000000000
2026/10/07 00:12:08.463, 1710 MHz, 2619 MHz, 266.12 W, 700.00 W, 43, 18 %, 0x0000000000000000
2026/10/07 00:12:08.964, 1710 MHz, 2619 MHz, 277.00 W, 700.00 W, 45, 44 %, 0x0000000000000000
2026/10/07 00:12:09.464, 1710 MHz, 2619 MHz, 285.45 W, 700.00 W, 46, 0 %, 0x0000000000000000
2026/10/07 00:12:09.965, 1710 MHz, 2619 MHz, 282.07 W, 700.00 W, 46, 46 %, 0x0000000000000000
2026/10/07 00:12:10.465, 1710 MHz, 2619 MHz, 312.09 W, 700.00 W, 46, 49 %, 0x0000000000000000
2026/10/07 00:12:10.966, 1710 MHz, 2619 MHz, 320.78 W, 700.00 W, 45, 0 %, 0x0000000000000000
2026/10/07 00:12:11.466, 1710 MHz, 2619 MHz, 282.45 W, 700.00 W, 44, 44 %, 0x0000000000000000
2026/10/07 00:12:11.967, 1710 MHz, 2619 MHz, 292.21 W, 700.00 W, 44, 19 %, 0x0000000000000000
2026/10/07 00:12:12.467, 1710 MHz, 2619 MHz, 297.70 W, 700.00 W, 45, 12 %, 0x0000000000000000
2026/10/07 00:12:12.968, 1710 MHz, 2619 MHz, 296.81 W, 700.00 W, 47, 49 %, 0x0000000000000000
2026/10/07 00:12:13.468, 1710 MHz, 2619 MHz, 292.84 W, 700.00 W, 48, 7 %, 0x0000000000000000
2026/10/07 00:12:13.969, 1710 MHz, 2619 MHz, 298.30 W, 700.00 W, 49, 49 %, 0x0000000000000000
2026/10/07 00:12:14.469, 1710 MHz, 2619 MHz, 323.00 W, 700.00 W, 45, 47 %, 0x0000000000000000
2026/10/07 00:12:14.970, 1710 MHz, 2619 MHz, 310.84 W, 700.00 W, 44, 2 %, 0x0000000000000000
2026/10/07 00:12:15.471, 1710 MHz, 2619 MHz, 279.40 W, 700.00 W, 44, 26 %, 0x0000000000000000
2026/10/07 00:12:15.971, 1710 MHz, 2619 MHz, 285.21 W, 700.00 W, 46, 43 %, 0x0000000000000000
2026/10/07 00:12:16.472, 1710 MHz, 2619 MHz, 293.53 W, 700.00 W, 47, 4 %, 0x0000000000000000
2026/10/07 00:12:16.972, 1710 MHz, 2619 MHz, 281.96 W, 700.00 W, 46, 47 %, 0x0000000000000000
2026/10/07 00:12:17.472, 1710 MHz, 2619 MHz, 270.76 W, 700.00 W, 45, 46 %, 0x0000000000000000
2026/10/07 00:12:17.973, 1710 MHz, 2619 MHz, 292.14 W, 700.00 W, 45, 95 %, 0x0000000000000000
2026/10/07 00:12:18.473, 1710 MHz, 2619 MHz, 299.30 W, 700.00 W, 44, 24 %, 0x0000000000000000
2026/10/07 00:12:18.974, 1710 MHz, 2619 MHz, 283.04 W, 700.00 W, 45, 37 %, 0x0000000000000000
2026/10/07 00:12:19.474, 1710 MHz, 2619 MHz, 284.49 W, 700.00 W, 46, 0 %, 0x0000000000000000
2026/10/07 00:12:19.975, 1710 MHz, 2619 MHz, 281.73 W, 700.00 W, 47, 44 %, 0x0000000000000000
2026/10/07 00:12:20.475, 1710 MHz, 2619 MHz, 267.93 W, 700.00 W, 45, 27 %, 0x0000000000000000
2026/10/07 00:12:20.976, 1710 MHz, 2619 MHz, 266.69 W, 700.00 W, 44, 40 %, 0x0000000000000000
2026/10/07 00:12:21.477, 1710 MHz, 2619 MHz, 266.12 W, 700.00 W, 44, 44 %, 0x0000000000000000
2026/10/07 00:12:21.977, 1710 MHz, 2619 MHz, 316.62 W, 700.00 W, 48, 42 %, 0x0000000000000000
2026/10/07 00:12:22.478, 1710 MHz, 2619 MHz, 329.71 W, 700.00 W, 48, 0 %, 0x0000000000000000
2026/10/07 00:12:22.978, 1710 MHz, 2619 MHz, 293.05 W, 700.00 W, 49, 46 %, 0x0000000000000000
2026/10/07 00:12:23.478, 1710 MHz, 2619 MHz, 273.56 W, 700.00 W, 46, 28 %, 0x0000000000000000
2026/10/07 00:12:23.979, 1710 MHz, 2619 MHz, 273.32 W, 700.00 W, 45, 41 %, 0x0000000000000000
2026/10/07 00:12:24.480, 1710 MHz, 2619 MHz, 278.60 W, 700.00 W, 45, 46 %, 0x0000000000000000
2026/10/07 00:12:24.980, 1710 MHz, 2619 MHz, 274.00 W, 700.00 W, 45, 10 %, 0x0000000000000000
2026/10/07 00:12:25.481, 1710 MHz, 2619 MHz, 312.54 W, 700.00 W, 51, 87 %, 0x0000000000000000
2026/10/07 00:12:25.981, 1710 MHz, 2619 MHz, 313.11 W, 700.00 W, 49, 46 %, 0x0000000000000000
2026/10/07 00:12:26.481, 1710 MHz, 2619 MHz, 272.42 W, 700.00 W, 46, 32 %, 0x0000000000000000
2026/10/07 00:12:26.982, 1710 MHz, 2619 MHz, 260.28 W, 700.00 W, 45, 36 %, 0x0000000000000000
2026/10/07 00:12:27.483, 1710 MHz, 2619 MHz, 263.22 W, 700.00 W, 44, 45 %, 0x0000000000000000
2026/10/07 00:12:27.983, 1710 MHz, 2619 MHz, 264.47 W, 700.00 W, 44, 1 %, 0x0000000000000000
2026/10/07 00:12:28.484, 1710 MHz, 2619 MHz, 266.20 W, 700.00 W, 44, 42 %, 0x0000000000000000
2026/10/07 00:12:28.984, 1710 MHz, 2619 MHz, 271.03 W, 700.00 W, 43, 21 %, 0x0000000000000000
2026/10/07 00:12:29.484, 1710 MHz, 2619 MHz, 312.69 W, 700.00 W, 48, 1 %, 0x0000000000000000
2026/10/07 00:12:29.985, 1710 MHz, 2619 MHz, 316.71 W, 700.00 W, 46, 43 %, 0x0000000000000000
2026/10/07 00:12:30.486, 1710 MHz, 2619 MHz, 273.57 W, 700.00 W, 45, 39 %, 0x0000000000000000
2026/10/07 00:12:30.986, 1710 MHz, 2619 MHz, 273.21 W, 700.00 W, 44, 25 %, 0x0000000000000000
2026/10/07 00:12:31.487, 1710 MHz, 2619 MHz, 272.76 W, 700.00 W, 44, 43 %, 0x0000000000000000
2026/10/07 00:12:31.988, 1710 MHz, 2619 MHz, 269.50 W, 700.00 W, 43, 0 %, 0x0000000000000000
2026/10/07 00:12:32.488, 1710 MHz, 2619 MHz, 268.37 W, 700.00 W, 43, 29 %, 0x0000000000000000
2026/10/07 00:12:32.989, 1710 MHz, 2619 MHz, 271.87 W, 700.00 W, 44, 33 %, 0x0000000000000000
2026/10/07 00:12:33.489, 1710 MHz, 2619 MHz, 316.16 W, 700.00 W, 46, 44 %, 0x0000000000000000
2026/10/07 00:12:33.990, 1710 MHz, 2619 MHz, 311.89 W, 700.00 W, 45, 6 %, 0x0000000000000000
2026/10/07 00:12:34.490, 1710 MHz, 2619 MHz, 268.17 W, 700.00 W, 44, 44 %, 0x0000000000000000
2026/10/07 00:12:34.991, 1710 MHz, 2619 MHz, 271.70 W, 700.00 W, 44, 22 %, 0x0000000000000000
2026/10/07 00:12:35.491, 1710 MHz, 2619 MHz, 284.01 W, 700.00 W, 47, 0 %, 0x0000000000000000
2026/10/07 00:12:35.991, 1710 MHz, 2619 MHz, 285.49 W, 700.00 W, 49, 44 %, 0x0000000000000000
2026/10/07 00:12:36.492, 1710 MHz, 2619 MHz, 277.88 W, 700.00 W, 46, 30 %, 0x0000000000000000
2026/10/07 00:12:36.992, 1710 MHz, 2619 MHz, 290.04 W, 700.00 W, 46, 98 %, 0x0000000000000000
2026/10/07 00:12:37.493, 1710 MHz, 2619 MHz, 295.16 W, 700.00 W, 46, 8 %, 0x0000000000000000
2026/10/07 00:12:37.993, 1710 MHz, 2619 MHz, 281.67 W, 700.00 W, 48, 44 %, 0x0000000000000000
2026/10/07 00:12:38.494, 1710 MHz, 2619 MHz, 282.56 W, 700.00 W, 48, 16 %, 0x0000000000000000
2026/10/07 00:12:38.994, 1710 MHz, 2619 MHz, 271.91 W, 700.00 W, 45, 44 %, 0x0000000000000000
2026/10/07 00:12:39.495, 1710 MHz, 2619 MHz, 262.01 W, 700.00 W, 45, 44 %, 0x0000000000000000
2026/10/07 00:12:39.995, 1710 MHz, 2619 MHz, 260.97 W, 700.00 W, 44, 8 %, 0x0000000000000000
2026/10/07 00:12:40.496, 1710 MHz, 2619 MHz, 262.73 W, 700.00 W, 44, 44 %, 0x0000000000000000
2026/10/07 00:12:40.996, 1710 MHz, 2619 MHz, 304.42 W, 700.00 W, 44, 32 %, 0x0000000000000000
2026/10/07 00:12:41.497, 1710 MHz, 2619 MHz, 316.81 W, 700.00 W, 46, 0 %, 0x0000000000000000
2026/10/07 00:12:41.997, 1710 MHz, 2619 MHz, 291.29 W, 700.00 W, 47, 43 %, 0x0000000000000000
2026/10/07 00:12:42.498, 1710 MHz, 2619 MHz, 286.60 W, 700.00 W, 47, 12 %, 0x0000000000000000
2026/10/07 00:12:42.999, 1710 MHz, 2619 MHz, 277.25 W, 700.00 W, 45, 43 %, 0x0000000000000000
2026/10/07 00:12:43.500, 1710 MHz, 2619 MHz, 269.97 W, 700.00 W, 44, 41 %, 0x0000000000000000
2026/10/07 00:12:44.001, 1710 MHz, 2619 MHz, 272.82 W, 700.00 W, 44, 25 %, 0x0000000000000000
2026/10/07 00:12:44.501, 1710 MHz, 2619 MHz, 306.52 W, 700.00 W, 50, 68 %, 0x0000000000000000
2026/10/07 00:12:45.002, 1710 MHz, 2619 MHz, 307.24 W, 700.00 W, 48, 46 %, 0x0000000000000000
2026/10/07 00:12:45.502, 1710 MHz, 2619 MHz, 283.07 W, 700.00 W, 49, 9 %, 0x0000000000000000
2026/10/07 00:12:46.002, 1710 MHz, 2619 MHz, 263.11 W, 700.00 W, 46, 44 %, 0x0000000000000000
2026/10/07 00:12:46.503, 1710 MHz, 2619 MHz, 264.30 W, 700.00 W, 45, 41 %, 0x0000000000000000
2026/10/07 00:12:47.003, 1710 MHz, 2619 MHz, 264.35 W, 700.00 W, 45, 24 %, 0x0000000000000000
2026/10/07 00:12:47.504, 1710 MHz, 2619 MHz, 266.24 W, 700.00 W, 44, 44 %, 0x0000000000000000
2026/10/07 00:12:48.004, 1710 MHz, 2619 MHz, 262.85 W, 700.00 W, 44, 0 %, 0x0000000000000000
2026/10/07 00:12:48.505, 1710 MHz, 2619 MHz, 310.71 W, 700.00 W, 50, 12 %, 0x0000000000000000
2026/10/07 00:12:49.005, 1710 MHz, 2619 MHz, 304.85 W, 700.00 W, 46, 44 %, 0x0000000000000000
2026/10/07 00:12:49.506, 1710 MHz, 2619 MHz, 259.05 W, 700.00 W, 45, 41 %, 0x0000000000000000
2026/10/07 00:12:50.006, 1710 MHz, 2619 MHz, 261.99 W, 700.00 W, 45, 26 %, 0x0000000000000000
2026/10/07 00:12:50.507, 1710 MHz, 2619 MHz, 256.32 W, 700.00 W, 44, 44 %, 0x0000000000000000
2026/10/07 00:12:51.007, 1710 MHz, 2619 MHz, 256.73 W, 700.00 W, 44, 0 %, 0x0000000000000000
2026/10/07 00:12:51.508, 1710 MHz, 2619 MHz, 262.80 W, 700.00 W, 44, 44 %, 0x0000000000000000
2026/10/07 00:12:52.008, 1710 MHz, 2619 MHz, 258.28 W, 700.00 W, 43, 14 %, 0x0000000000000000
2026/10/07 00:12:52.509, 1710 MHz, 2619 MHz, 314.77 W, 700.00 W, 45, 8 %, 0x0000000000000000
2026/10/07 00:12:53.009, 1710 MHz, 2619 MHz, 324.93 W, 700.00 W, 46, 42 %, 0x0000000000000000
2026/10/07 00:12:53.510, 1710 MHz, 2619 MHz, 276.85 W, 700.00 W, 47, 0 %, 0x0000000000000000
2026/10/07 00:12:54.010, 1710 MHz, 2619 MHz, 274.28 W, 700.00 W, 47, 43 %, 0x0000000000000000
2026/10/07 00:12:54.511, 1710 MHz, 2619 MHz, 271.00 W, 700.00 W, 46, 19 %, 0x0000000000000000
2026/10/07 00:12:55.012, 1710 MHz, 2619 MHz, 270.29 W, 700.00 W, 45, 43 %, 0x0000000000000000
2026/10/07 00:12:55.513, 1710 MHz, 2619 MHz, 272.14 W, 700.00 W, 44, 43 %, 0x0000000000000000
2026/10/07 00:12:56.013, 1710 MHz, 2619 MHz, 310.91 W, 700.00 W, 50, 25 %, 0x0000000000000000
2026/10/07 00:12:56.514, 1710 MHz, 2619 MHz, 313.08 W, 700.00 W, 46, 8 %, 0x0000000000000000
2026/10/07 00:12:57.014, 1710 MHz, 2619 MHz, 281.95 W, 700.00 W, 47, 44 %, 0x0000000000000000
2026/10/07 00:12:57.514, 1710 MHz, 2619 MHz, 271.99 W, 700.00 W, 48, 0 %, 0x0000000000000000
2026/10/07 00:12:58.015, 1710 MHz, 2619 MHz, 266.69 W, 700.00 W, 49, 42 %, 0x0000000000000000
2026/10/07 00:12:58.516, 1710 MHz, 2619 MHz, 258.53 W, 700.00 W, 46, 27 %, 0x0000000000000000
2026/10/07 00:12:59.016, 1710 MHz, 2619 MHz, 273.94 W, 700.00 W, 46, 3 %, 0x0000000000000000
2026/10/07 00:12:59.517, 1710 MHz, 2619 MHz, 268.21 W, 700.00 W, 48, 44 %, 0x0000000000000000
2026/10/07 00:13:00.017, 1710 MHz, 2619 MHz, 280.26 W, 700.00 W, 46, 43 %, 0x0000000000000000
2026/10/07 00:13:00.518, 1710 MHz, 2619 MHz, 284.53 W, 700.00 W, 44, 0 %, 0x0000000000000000
2026/10/07 00:13:01.018, 1710 MHz, 2619 MHz, 266.01 W, 700.00 W, 44, 29 %, 0x0000000000000000
2026/10/07 00:13:01.519, 1710 MHz, 2619 MHz, 266.90 W, 700.00 W, 44, 33 %, 0x0000000000000000
2026/10/07 00:13:02.019, 1710 MHz, 2619 MHz, 260.46 W, 700.00 W, 47, 0 %, 0x0000000000000000
2026/10/07 00:13:02.519, 1710 MHz, 2619 MHz, 252.36 W, 700.00 W, 48, 43 %, 0x0000000000000000
2026/10/07 00:13:03.020, 1710 MHz, 2619 MHz, 251.12 W, 700.00 W, 45, 29 %, 0x0000000000000000
2026/10/07 00:13:03.521, 1710 MHz, 2619 MHz, 254.59 W, 700.00 W, 45, 34 %, 0x0000000000000000
2026/10/07 00:13:04.022, 1710 MHz, 2619 MHz, 290.77 W, 700.00 W, 45, 42 %, 0x0000000000000000
2026/10/07 00:13:04.522, 1710 MHz, 2619 MHz, 307.72 W, 700.00 W, 44, 0 %, 0x0000000000000000
2026/10/07 00:13:05.022, 1710 MHz, 2619 MHz, 274.68 W, 700.00 W, 43, 42 %, 0x0000000000000000
2026/10/07 00:13:05.523, 1710 MHz, 2619 MHz, 282.94 W, 700.00 W, 43, 16 %, 0x0000000000000000
2026/10/07 00:13:06.024, 1710 MHz, 2619 MHz, 289.52 W, 700.00 W, 44, 8 %, 0x0000000000000000
2026/10/07 00:13:06.525, 1710 MHz, 2619 MHz, 288.20 W, 700.00 W, 46, 42 %, 0x0000000000000000
2026/10/07 00:13:07.025, 1710 MHz, 2619 MHz, 278.93 W, 700.00 W, 47, 9 %, 0x0000000000000000
2026/10/07 00:13:07.526, 1710 MHz, 2619 MHz, 295.78 W, 700.00 W, 46, 86 %, 0x0000000000000000
2026/10/07 00:13:08.026, 1710 MHz, 2619 MHz, 296.13 W, 700.00 W, 44, 43 %, 0x0000000000000000
2026/10/07 00:13:08.527, 1710 MHz, 2619 MHz, 267.56 W, 700.00 W, 44, 11 %, 0x0000000000000000
2026/10/07 00:13:09.027, 1710 MHz, 2619 MHz, 271.86 W, 700.00 W, 44, 22 %, 0x0000000000000000
2026/10/07 00:13:09.528, 1710 MHz, 2619 MHz, 275.98 W, 700.00 W, 43, 31 %, 0x0000000000000000
2026/10/07 00:13:10.028, 1710 MHz, 2619 MHz, 277.55 W, 700.00 W, 46, 2 %, 0x0000000000000000
2026/10/07 00:13:10.529, 1710 MHz, 2619 MHz, 267.34 W, 700.00 W, 47, 43 %, 0x0000000000000000
2026/10/07 00:13:11.029, 1710 MHz, 2619 MHz, 262.99 W, 700.00 W, 48, 1 %, 0x0000000000000000
2026/10/07 00:13:11.529, 1710 MHz, 2619 MHz, 283.52 W, 700.00 W, 45, 0 %, 0x0000000000000000
2026/10/07 00:13:12.030, 1710 MHz, 2619 MHz, 286.80 W, 700.00 W, 44, 37 %, 0x0000000000000000
2026/10/07 00:13:12.531, 1710 MHz, 2619 MHz, 268.18 W, 700.00 W, 44, 29 %, 0x0000000000000000
2026/10/07 00:13:13.031, 1710 MHz, 2619 MHz, 269.76 W, 700.00 W, 47, 0 %, 0x0000000000000000
2026/10/07 00:13:13.531, 1710 MHz, 2619 MHz, 262.66 W, 700.00 W, 48, 42 %, 0x0000000000000000
2026/10/07 00:13:14.032, 1710 MHz, 2619 MHz, 252.33 W, 700.00 W, 45, 33 %, 0x0000000000000000
2026/10/07 00:13:14.532, 1710 MHz, 2619 MHz, 253.69 W, 700.00 W, 44, 27 %, 0x0000000000000000
2026/10/07 00:13:15.033, 1695 MHz, 2619 MHz, 271.85 W, 700.00 W, 46, 0 %, 0x0000000000000000
2026/10/07 00:13:15.534, 1710 MHz, 2619 MHz, 295.02 W, 700.00 W, 44, 0 %, 0x0000000000000000
2026/10/07 00:13:16.035, 1710 MHz, 2619 MHz, 304.34 W, 700.00 W, 43, 35 %, 0x0000000000000000
2026/10/07 00:13:16.536, 1710 MHz, 2619 MHz, 289.47 W, 700.00 W, 44, 30 %, 0x0000000000000000
2026/10/07 00:13:17.036, 1710 MHz, 2619 MHz, 289.72 W, 700.00 W, 47, 0 %, 0x0000000000000000
2026/10/07 00:13:17.537, 1710 MHz, 2619 MHz, 282.68 W, 700.00 W, 46, 41 %, 0x0000000000000000
2026/10/07 00:13:18.037, 1710 MHz, 2619 MHz, 271.63 W, 700.00 W, 44, 41 %, 0x0000000000000000
2026/10/07 00:13:18.537, 1710 MHz, 2619 MHz, 269.89 W, 700.00 W, 44, 16 %, 0x0000000000000004
2026/10/07 00:13:19.038, 1710 MHz, 2619 MHz, 314.65 W, 700.00 W, 49, 0 %, 0x0000000000000000
2026/10/07 00:13:19.539, 1710 MHz, 2619 MHz, 306.87 W, 700.00 W, 49, 43 %, 0x0000000000000000
2026/10/07 00:13:20.039, 1710 MHz, 2619 MHz, 261.09 W, 700.00 W, 49, 9 %, 0x0000000000000000
2026/10/07 00:13:20.540, 1710 MHz, 2619 MHz, 258.85 W, 700.00 W, 47, 43 %, 0x0000000000000000
2026/10/07 00:13:21.040, 1710 MHz, 2619 MHz, 256.01 W, 700.00 W, 46, 30 %, 0x0000000000000000
2026/10/07 00:13:21.540, 1710 MHz, 2619 MHz, 255.95 W, 700.00 W, 45, 39 %, 0x0000000000000000
2026/10/07 00:13:22.041, 1710 MHz, 2619 MHz, 256.43 W, 700.00 W, 45, 43 %, 0x0000000000000000
2026/10/07 00:13:22.541, 1710 MHz, 2619 MHz, 257.83 W, 700.00 W, 44, 18 %, 0x0000000000000000
2026/10/07 00:13:23.042, 1710 MHz, 2619 MHz, 298.72 W, 700.00 W, 46, 2 %, 0x0000000000000000
2026/10/07 00:13:23.542, 1710 MHz, 2619 MHz, 294.48 W, 700.00 W, 47, 43 %, 0x0000000000000000
2026/10/07 00:13:24.043, 1710 MHz, 2619 MHz, 264.37 W, 700.00 W, 48, 0 %, 0x0000000000000000
2026/10/07 00:13:24.543, 1710 MHz, 2619 MHz, 255.12 W, 700.00 W, 48, 43 %, 0x0000000000000000
2026/10/07 00:13:25.044, 1710 MHz, 2619 MHz, 253.10 W, 700.00 W, 47, 19 %, 0x0000000000000000
2026/10/07 00:13:25.544, 1710 MHz, 2619 MHz, 252.87 W, 700.00 W, 45, 43 %, 0x0000000000000000
2026/10/07 00:13:26.045, 1710 MHz, 2619 MHz, 251.92 W, 700.00 W, 45, 40 %, 0x0000000000000000
2026/10/07 00:13:26.545, 1710 MHz, 2619 MHz, 250.46 W, 700.00 W, 42, 28 %, 0x0000000000000000
2026/10/07 00:13:27.046, 1710 MHz, 2619 MHz, 296.02 W, 700.00 W, 45, 41 %, 0x0000000000000000
2026/10/07 00:13:27.546, 1710 MHz, 2619 MHz, 308.76 W, 700.00 W, 44, 19 %, 0x0000000000000004
2026/10/07 00:13:28.047, 1710 MHz, 2619 MHz, 272.52 W, 700.00 W, 44, 41 %, 0x0000000000000000
2026/10/07 00:13:28.548, 1710 MHz, 2619 MHz, 273.08 W, 700.00 W, 43, 0 %, 0x0000000000000000
2026/10/07 00:13:29.049, 1710 MHz, 2619 MHz, 281.19 W, 700.00 W, 43, 26 %, 0x0000000000000000
2026/10/07 00:13:29.550, 1710 MHz, 2619 MHz, 291.96 W, 700.00 W, 44, 34 %, 0x0000000000000000
2026/10/07 00:13:30.050, 1710 MHz, 2619 MHz, 290.86 W, 700.00 W, 46, 0 %, 0x0000000000000000
2026/10/07 00:13:30.551, 1710 MHz, 2619 MHz, 303.45 W, 700.00 W, 46, 69 %, 0x0000000000000000
2026/10/07 00:13:31.051, 1710 MHz, 2619 MHz, 294.26 W, 700.00 W, 44, 41 %, 0x0000000000000000
2026/10/07 00:13:31.552, 1710 MHz, 2619 MHz, 275.21 W, 700.00 W, 43, 24 %, 0x0000000000000000
2026/10/07 00:13:32.052, 1710 MHz, 2619 MHz, 268.42 W, 700.00 W, 48, 0 %, 0x0000000000000000
2026/10/07 00:13:32.553, 1710 MHz, 2619 MHz, 263.31 W, 700.00 W, 47, 44 %, 0x0000000000000000
2026/10/07 00:13:33.053, 1710 MHz, 2619 MHz, 253.23 W, 700.00 W, 45, 42 %, 0x0000000000000000
2026/10/07 00:13:33.553, 1710 MHz, 2619 MHz, 251.07 W, 700.00 W, 44, 11 %, 0x0000000000000000
2026/10/07 00:13:34.054, 1710 MHz, 2619 MHz, 256.89 W, 700.00 W, 44, 41 %, 0x0000000000000000
2026/10/07 00:13:34.555, 1710 MHz, 2619 MHz, 303.03 W, 700.00 W, 48, 43 %, 0x0000000000000000
2026/10/07 00:13:35.055, 1710 MHz, 2619 MHz, 301.59 W, 700.00 W, 46, 32 %, 0x0000000000000000
2026/10/07 00:13:35.555, 1710 MHz, 2619 MHz, 254.75 W, 700.00 W, 45, 36 %, 0x0000000000000000
2026/10/07 00:13:36.056, 1710 MHz, 2619 MHz, 253.59 W, 700.00 W, 44, 42 %, 0x0000000000000000
2026/10/07 00:13:36.556, 1710 MHz, 2619 MHz, 250.26 W, 700.00 W, 44, 13 %, 0x0000000000000000
2026/10/07 00:13:37.057, 1710 MHz, 2619 MHz, 247.85 W, 700.00 W, 44, 40 %, 0x0000000000000000
2026/10/07 00:13:37.557, 1710 MHz, 2619 MHz, 250.73 W, 700.00 W, 44, 0 %, 0x0000000000000000
2026/10/07 00:13:38.058, 1710 MHz, 2619 MHz, 268.83 W, 700.00 W, 48, 14 %, 0x0000000000000000
2026/10/07 00:13:38.558, 1710 MHz, 2619 MHz, 284.73 W, 700.00 W, 44, 2 %, 0x0000000000000000
2026/10/07 00:13:39.059, 1710 MHz, 2619 MHz, 281.87 W, 700.00 W, 44, 13 %, 0x0000000000000000
2026/10/07 00:13:39.559, 1710 MHz, 2619 MHz, 267.24 W, 700.00 W, 48, 41 %, 0x0000000000000000
2026/10/07 00:13:40.060, 1710 MHz, 2619 MHz, 259.24 W, 700.00 W, 46, 22 %, 0x0000000000000000
2026/10/07 00:13:40.560, 1710 MHz, 2619 MHz, 246.77 W, 700.00 W, 45, 35 %, 0x0000000000000000
2026/10/07 00:13:41.061, 1710 MHz, 2619 MHz, 249.26 W, 700.00 W, 44, 42 %, 0x0000000000000000
2026/10/07 00:13:41.561, 1710 MHz, 2619 MHz, 259.05 W, 700.00 W, 44, 2 %, 0x0000000000000000
2026/10/07 00:13:42.062, 1710 MHz, 2619 MHz, 304.64 W, 700.00 W, 47, 27 %, 0x0000000000000000
2026/10/07 00:13:42.562, 1710 MHz, 2619 MHz, 298.94 W, 700.00 W, 45, 41 %, 0x0000000000000000
2026/10/07 00:13:43.062, 1710 MHz, 2619 MHz, 252.77 W, 700.00 W, 45, 43 %, 0x0000000000000000
2026/10/07 00:13:43.563, 1710 MHz, 2619 MHz, 251.31 W, 700.00 W, 44, 17 %, 0x0000000000000000
2026/10/07 00:13:44.063, 1710 MHz, 2619 MHz, 255.34 W, 700.00 W, 44, 43 %, 0x0000000000000000
2026/10/07 00:13:44.564, 1710 MHz, 2619 MHz, 254.83 W, 700.00 W, 44, 0 %, 0x0000000000000000
2026/10/07 00:13:45.064, 1710 MHz, 2619 MHz, 255.24 W, 700.00 W, 43, 43 %, 0x0000000000000000
2026/10/07 00:13:45.565, 1710 MHz, 2619 MHz, 259.29 W, 700.00 W, 43, 9 %, 0x0000000000000000
2026/10/07 00:13:46.066, 1710 MHz, 2619 MHz, 318.97 W, 700.00 W, 46, 26 %, 0x0000000000000000
2026/10/07 00:13:46.566, 1710 MHz, 2619 MHz, 325.27 W, 700.00 W, 45, 37 %, 0x0000000000000000
2026/10/07 00:13:47.067, 1710 MHz, 2619 MHz, 269.30 W, 700.00 W, 44, 42 %, 0x0000000000000000
2026/10/07 00:13:47.568, 1710 MHz, 2619 MHz, 272.14 W, 700.00 W, 43, 1 %, 0x0000000000000000
2026/10/07 00:13:48.069, 1710 MHz, 2619 MHz, 276.20 W, 700.00 W, 43, 41 %, 0x0000000000000000
2026/10/07 00:13:48.569, 1710 MHz, 2619 MHz, 282.72 W, 700.00 W, 43, 17 %, 0x0000000000000000
2026/10/07 00:13:49.070, 1710 MHz, 2619 MHz, 292.22 W, 700.00 W, 44, 7 %, 0x0000000000000000
2026/10/07 00:13:49.570, 1710 MHz, 2619 MHz, 305.82 W, 700.00 W, 51, 0 %, 0x0000000000000000
2026/10/07 00:13:50.071, 1710 MHz, 2619 MHz, 287.90 W, 700.00 W, 48, 0 %, 0x0000000000000000
2026/10/07 00:13:50.571, 1710 MHz, 2619 MHz, 264.86 W, 700.00 W, 48, 43 %, 0x0000000000000000
2026/10/07 00:13:51.072, 1710 MHz, 2619 MHz, 256.82 W, 700.00 W, 49, 10 %, 0x0000000000000000
2026/10/07 00:13:51.572, 1710 MHz, 2619 MHz, 255.84 W, 700.00 W, 46, 43 %, 0x0000000000000000
2026/10/07 00:13:52.072, 1710 MHz, 2619 MHz, 256.73 W, 700.00 W, 46, 30 %, 0x0000000000000000
2026/10/07 00:13:52.573, 1710 MHz, 2619 MHz, 254.65 W, 700.00 W, 45, 39 %, 0x0000000000000000
2026/10/07 00:13:53.073, 1710 MHz, 2619 MHz, 255.29 W, 700.00 W, 45, 42 %, 0x0000000000000000
2026/10/07 00:13:53.574, 1710 MHz, 2619 MHz, 291.24 W, 700.00 W, 45, 98 %, 0x0000000000000000
2026/10/07 00:13:54.074, 1710 MHz, 2619 MHz, 297.59 W, 700.00 W, 46, 5 %, 0x0000000000000000
2026/10/07 00:13:54.574, 1710 MHz, 2619 MHz, 267.49 W, 700.00 W, 47, 43 %, 0x0000000000000000
2026/10/07 00:13:55.075, 1710 MHz, 2619 MHz, 264.35 W, 700.00 W, 48, 0 %, 0x0000000000000000
2026/10/07 00:13:55.575, 1710 MHz, 2619 MHz, 256.01 W, 700.00 W, 48, 43 %, 0x0000000000000000
2026/10/07 00:13:56.076, 1710 MHz, 2619 MHz, 254.08 W, 700.00 W, 47, 18 %, 0x0000000000000000
2026/10/07 00:13:56.576, 1710 MHz, 2619 MHz, 252.79 W, 700.00 W, 45, 43 %, 0x0000000000000000
2026/10/07 00:13:57.077, 1710 MHz, 2619 MHz, 252.12 W, 700.00 W, 45, 41 %, 0x0000000000000000
2026/10/07 00:13:57.577, 1710 MHz, 2619 MHz, 311.48 W, 700.00 W, 44, 21 %, 0x0000000000000004
2026/10/07 00:13:58.078, 1695 MHz, 2619 MHz, 326.44 W, 700.00 W, 46, 0 %, 0x0000000000000000
2026/10/07 00:13:58.578, 1710 MHz, 2619 MHz, 285.61 W, 700.00 W, 48, 41 %, 0x0000000000000000
2026/10/07 00:13:59.079, 1710 MHz, 2619 MHz, 272.99 W, 700.00 W, 45, 32 %, 0x0000000000000000
2026/10/07 00:13:59.580, 1710 MHz, 2619 MHz, 269.92 W, 700.00 W, 44, 26 %, 0x0000000000000000
2026/10/07 00:14:00.081, 1710 MHz, 2619 MHz, 272.47 W, 700.00 W, 43, 41 %, 0x0000000000000000
2026/10/07 00:14:00.581, 1710 MHz, 2619 MHz, 289.23 W, 700.00 W, 43, 4 %, 0x0000000000000000
2026/10/07 00:14:01.082, 1710 MHz, 2619 MHz, 313.48 W, 700.00 W, 50, 61 %, 0x0000000000000000
2026/10/07 00:14:01.582, 1710 MHz, 2619 MHz, 305.07 W, 700.00 W, 47, 42 %, 0x0000000000000000
2026/10/07 00:14:02.083, 1710 MHz, 2619 MHz, 264.16 W, 700.00 W, 48, 0 %, 0x0000000000000000
2026/10/07 00:14:02.583, 1710 MHz, 2619 MHz, 260.25 W, 700.00 W, 48, 43 %, 0x0000000000000000
2026/10/07 00:14:03.084, 1710 MHz, 2619 MHz, 261.49 W, 700.00 W, 49, 10 %, 0x0000000000000000
2026/10/07 00:14:03.584, 1710 MHz, 2619 MHz, 260.71 W, 700.00 W, 47, 43 %, 0x0000000000000000
2026/10/07 00:14:04.085, 1710 MHz, 2619 MHz, 258.97 W, 700.00 W, 45, 31 %, 0x0000000000000000
2026/10/07 00:14:04.585, 1710 MHz, 2619 MHz, 259.03 W, 700.00 W, 45, 39 %, 0x0000000000000000
2026/10/07 00:14:05.086, 1710 MHz, 2619 MHz, 307.85 W, 700.00 W, 45, 22 %, 0x0000000000000000
2026/10/07 00:14:05.586, 1710 MHz, 2619 MHz, 306.80 W, 700.00 W, 47, 41 %, 0x0000000000000000
2026/10/07 00:14:06.087, 1710 MHz, 2619 MHz, 257.21 W, 700.00 W, 49, 5 %, 0x0000000000000000
2026/10/07 00:14:06.587, 1710 MHz, 2619 MHz, 252.09 W, 700.00 W, 46, 42 %, 0x0000000000000000
2026/10/07 00:14:07.087, 1710 MHz, 2619 MHz, 249.53 W, 700.00 W, 45, 42 %, 0x0000000000000000
2026/10/07 00:14:07.588, 1710 MHz, 2619 MHz, 250.35 W, 700.00 W, 44, 11 %, 0x0000000000000000
2026/10/07 00:14:08.088, 1710 MHz, 2619 MHz, 256.66 W, 700.00 W, 44, 42 %, 0x0000000000000000
2026/10/07 00:14:08.589, 1710 MHz, 2619 MHz, 277.56 W, 700.00 W, 43, 17 %, 0x0000000000000000
2026/10/07 00:14:09.090, 1710 MHz, 2619 MHz, 314.78 W, 700.00 W, 45, 40 %, 0x0000000000000000
2026/10/07 00:14:09.591, 1710 MHz, 2619 MHz, 310.53 W, 700.00 W, 44, 23 %, 0x0000000000000000
2026/10/07 00:14:10.091, 1710 MHz, 2619 MHz, 274.62 W, 700.00 W, 44, 42 %, 0x0000000000000000
2026/10/07 00:14:10.592, 1710 MHz, 2619 MHz, 283.35 W, 700.00 W, 43, 0 %, 0x0000000000000000
2026/10/07 00:14:11.092, 1710 MHz, 2619 MHz, 289.62 W, 700.00 W, 43, 30 %, 0x0000000000000000
2026/10/07 00:14:11.593, 1695 MHz, 2619 MHz, 289.09 W, 700.00 W, 43, 29 %, 0x0000000000000004
2026/10/07 00:14:12.093, 1710 MHz, 2619 MHz, 281.49 W, 700.00 W, 46, 0 %, 0x0000000000000000
2026/10/07 00:14:12.594, 1710 MHz, 2619 MHz, 297.50 W, 700.00 W, 51, 8 %, 0x0000000000000000
2026/10/07 00:14:13.094, 1710 MHz, 2619 MHz, 290.16 W, 700.00 W, 47, 26 %, 0x0000000000000000
2026/10/07 00:14:13.595, 1710 MHz, 2619 MHz, 258.97 W, 700.00 W, 45, 41 %, 0x0000000000000000
2026/10/07 00:14:14.095, 1710 MHz, 2619 MHz, 260.77 W, 700.00 W, 45, 43 %, 0x0000000000000000
2026/10/07 00:14:14.596, 1710 MHz, 2619 MHz, 255.05 W, 700.00 W, 44, 15 %, 0x0000000000000000
2026/10/07 00:14:15.096, 1710 MHz, 2619 MHz, 260.80 W, 700.00 W, 44, 44 %, 0x0000000000000000
2026/10/07 00:14:15.596, 1710 MHz, 2619 MHz, 275.23 W, 700.00 W, 44, 0 %, 0x0000000000000000
2026/10/07 00:14:16.097, 1710 MHz, 2619 MHz, 279.77 W, 700.00 W, 44, 35 %, 0x0000000000000000
2026/10/07 00:14:16.597, 1710 MHz, 2619 MHz, 292.36 W, 700.00 W, 47, 53 %, 0x0000000000000000
2026/10/07 00:14:17.098, 1710 MHz, 2619 MHz, 287.78 W, 700.00 W, 45, 43 %, 0x0000000000000000
2026/10/07 00:14:17.598, 1710 MHz, 2619 MHz, 250.91 W, 700.00 W, 44, 16 %, 0x0000000000000000
2026/10/07 00:14:18.099, 1710 MHz, 2619 MHz, 258.44 W, 700.00 W, 44, 43 %, 0x0000000000000000
2026/10/07 00:14:18.599, 1710 MHz, 2619 MHz, 271.70 W, 700.00 W, 44, 6 %, 0x0000000000000000
2026/10/07 00:14:19.100, 1710 MHz, 2619 MHz, 269.42 W, 700.00 W, 43, 16 %, 0x0000000000000000
2026/10/07 00:14:19.600, 1710 MHz, 2619 MHz, 259.36 W, 700.00 W, 47, 43 %, 0x0000000000000000
2026/10/07 00:14:20.100, 1710 MHz, 2619 MHz, 285.21 W, 700.00 W, 47, 3 %, 0x0000000000000000
2026/10/07 00:14:20.601, 1710 MHz, 2619 MHz, 299.56 W, 700.00 W, 44, 0 %, 0x0000000000000000
2026/10/07 00:14:21.101, 1710 MHz, 2619 MHz, 296.29 W, 700.00 W, 44, 43 %, 0x0000000000000000
2026/10/07 00:14:21.602, 1710 MHz, 2619 MHz, 287.21 W, 700.00 W, 43, 5 %, 0x0000000000000000
2026/10/07 00:14:22.102, 1710 MHz, 2619 MHz, 292.84 W, 700.00 W, 43, 25 %, 0x0000000000000000
2026/10/07 00:14:22.603, 1695 MHz, 2619 MHz, 280.45 W, 700.00 W, 43, 30 %, 0x0000000000000004
2026/10/07 00:14:23.103, 1710 MHz, 2619 MHz, 282.44 W, 700.00 W, 45, 1 %, 0x0000000000000000
2026/10/07 00:14:23.603, 1710 MHz, 2619 MHz, 275.59 W, 700.00 W, 46, 43 %, 0x0000000000000000
2026/10/07 00:14:24.104, 1710 MHz, 2619 MHz, 294.77 W, 700.00 W, 49, 98 %, 0x0000000000000000
2026/10/07 00:14:24.604, 1710 MHz, 2619 MHz, 290.11 W, 700.00 W, 46, 43 %, 0x0000000000000000
2026/10/07 00:14:25.105, 1710 MHz, 2619 MHz, 263.97 W, 700.00 W, 45, 43 %, 0x0000000000000000
2026/10/07 00:14:25.605, 1710 MHz, 2619 MHz, 259.90 W, 700.00 W, 44, 10 %, 0x0000000000000000
2026/10/07 00:14:26.106, 1710 MHz, 2619 MHz, 265.26 W, 700.00 W, 44, 44 %, 0x0000000000000000
2026/10/07 00:14:26.606, 1710 MHz, 2619 MHz, 274.77 W, 700.00 W, 44, 7 %, 0x0000000000000000
2026/10/07 00:14:27.107, 1710 MHz, 2619 MHz, 272.63 W, 700.00 W, 43, 20 %, 0x0000000000000000
2026/10/07 00:14:27.607, 1710 MHz, 2619 MHz, 267.09 W, 700.00 W, 46, 41 %, 0x0000000000000000
2026/10/07 00:14:28.107, 1710 MHz, 2619 MHz, 296.39 W, 700.00 W, 46, 44 %, 0x0000000000000000
2026/10/07 00:14:28.608, 1710 MHz, 2619 MHz, 289.62 W, 700.00 W, 45, 6 %, 0x0000000000000000
2026/10/07 00:14:29.108, 1710 MHz, 2619 MHz, 264.35 W, 700.00 W, 44, 44 %, 0x0000000000000000
2026/10/07 00:14:29.609, 1710 MHz, 2619 MHz, 271.60 W, 700.00 W, 44, 5 %, 0x0000000000000000
2026/10/07 00:14:30.109, 1710 MHz, 2619 MHz, 277.75 W, 700.00 W, 43, 23 %, 0x0000000000000000
2026/10/07 00:14:30.610, 1710 MHz, 2619 MHz, 273.50 W, 700.00 W, 45, 34 %, 0x0000000000000000
2026/10/07 00:14:31.110, 1710 MHz, 2619 MHz, 259.08 W, 700.00 W, 47, 0 %, 0x0000000000000000
2026/10/07 00:14:31.610, 1710 MHz, 2619 MHz, 286.50 W, 700.00 W, 47, 45 %, 0x0000000000000000
2026/10/07 00:14:32.111, 1710 MHz, 2619 MHz, 301.13 W, 700.00 W, 44, 43 %, 0x0000000000000000
2026/10/07 00:14:32.611, 1710 MHz, 2619 MHz, 297.17 W, 700.00 W, 44, 0 %, 0x0000000000000000
2026/10/07 00:14:33.112, 1710 MHz, 2619 MHz, 287.93 W, 700.00 W, 43, 31 %, 0x0000000000000000
2026/10/07 00:14:33.612, 1710 MHz, 2619 MHz, 288.65 W, 700.00 W, 43, 24 %, 0x0000000000000000
2026/10/07 00:14:34.113, 1710 MHz, 2619 MHz, 285.23 W, 700.00 W, 45, 4 %, 0x0000000000000000
2026/10/07 00:14:34.613, 1710 MHz, 2619 MHz, 271.70 W, 700.00 W, 46, 43 %, 0x0000000000000000
2026/10/07 00:14:35.113, 1710 MHz, 2619 MHz, 269.05 W, 700.00 W, 47, 5 %, 0x0000000000000000
2026/10/07 00:14:35.614, 1710 MHz, 2619 MHz, 293.71 W, 700.00 W, 47, 39 %, 0x0000000000000000
2026/10/07 00:14:36.115, 1710 MHz, 2619 MHz, 290.27 W, 700.00 W, 45, 43 %, 0x0000000000000000
2026/10/07 00:14:36.615, 1710 MHz, 2619 MHz, 263.35 W, 700.00 W, 45, 13 %, 0x0000000000000000
2026/10/07 00:14:37.116, 1710 MHz, 2619 MHz, 266.35 W, 700.00 W, 44, 45 %, 0x0000000000000000
2026/10/07 00:14:37.616, 1710 MHz, 2619 MHz, 274.61 W, 700.00 W, 44, 0 %, 0x0000000000000000
2026/10/07 00:14:38.116, 1710 MHz, 2619 MHz, 281.03 W, 700.00 W, 44, 37 %, 0x0000000000000000
2026/10/07 00:14:38.617, 1710 MHz, 2619 MHz, 280.91 W, 700.00 W, 44, 22 %, 0x0000000000000000
2026/10/07 00:14:39.117, 1710 MHz, 2619 MHz, 276.78 W, 700.00 W, 45, 9 %, 0x0000000000000000
2026/10/07 00:14:39.618, 1710 MHz, 2619 MHz, 297.12 W, 700.00 W, 46, 27 %, 0x0000000000000000
2026/10/07 00:14:40.118, 1710 MHz, 2619 MHz, 288.00 W, 700.00 W, 45, 45 %, 0x0000000000000000
2026/10/07 00:14:40.619, 1710 MHz, 2619 MHz, 263.53 W, 700.00 W, 44, 7 %, 0x0000000000000000
2026/10/07 00:14:41.119, 1710 MHz, 2619 MHz, 264.63 W, 700.00 W, 44, 45 %, 0x0000000000000000
2026/10/07 00:14:41.619, 1710 MHz, 2619 MHz, 270.41 W, 700.00 W, 44, 0 %, 0x0000000000000000
2026/10/07 00:14:42.120, 1710 MHz, 2619 MHz, 274.55 W, 700.00 W, 44, 37 %, 0x0000000000000000
2026/10/07 00:14:42.620, 1710 MHz, 2619 MHz, 274.73 W, 700.00 W, 43, 19 %, 0x0000000000000000
2026/10/07 00:14:43.121, 1710 MHz, 2619 MHz, 276.08 W, 700.00 W, 43, 14 %, 0x0000000000000000
2026/10/07 00:14:43.621, 1710 MHz, 2619 MHz, 296.17 W, 700.00 W, 45, 32 %, 0x0000000000000000
2026/10/07 00:14:44.122, 1710 MHz, 2619 MHz, 297.96 W, 700.00 W, 44, 43 %, 0x0000000000000000
2026/10/07 00:14:44.622, 1710 MHz, 2619 MHz, 272.74 W, 700.00 W, 44, 0 %, 0x0000000000000000
2026/10/07 00:14:45.122, 1710 MHz, 2619 MHz, 283.41 W, 700.00 W, 43, 35 %, 0x0000000000000000
2026/10/07 00:14:45.623, 1710 MHz, 2619 MHz, 285.60 W, 700.00 W, 43, 27 %, 0x0000000000000000
2026/10/07 00:14:46.123, 1710 MHz, 2619 MHz, 279.46 W, 700.00 W, 46, 0 %, 0x0000000000000000
2026/10/07 00:14:46.624, 1710 MHz, 2619 MHz, 270.04 W, 700.00 W, 47, 43 %, 0x0000000000000000
2026/10/07 00:14:47.125, 1710 MHz, 2619 MHz, 307.43 W, 700.00 W, 49, 97 %, 0x0000000000000000
2026/10/07 00:14:47.626, 1710 MHz, 2619 MHz, 310.36 W, 700.00 W, 46, 34 %, 0x0000000000000000
2026/10/07 00:14:48.126, 1710 MHz, 2619 MHz, 267.87 W, 700.00 W, 45, 46 %, 0x0000000000000000
2026/10/07 00:14:48.627, 1710 MHz, 2619 MHz, 279.84 W, 700.00 W, 44, 3 %, 0x0000000000000000
2026/10/07 00:14:49.127, 1710 MHz, 2619 MHz, 290.19 W, 700.00 W, 44, 46 %, 0x0000000000000000
2026/10/07 00:14:49.627, 1710 MHz, 2619 MHz, 289.73 W, 700.00 W, 44, 14 %, 0x0000000000000000
2026/10/07 00:14:50.128, 1710 MHz, 2619 MHz, 287.86 W, 700.00 W, 44, 16 %, 0x0000000000000000
2026/10/07 00:14:50.628, 1710 MHz, 2619 MHz, 281.97 W, 700.00 W, 47, 45 %, 0x0000000000000000
2026/10/07 00:14:51.129, 1710 MHz, 2619 MHz, 298.34 W, 700.00 W, 46, 45 %, 0x0000000000000000
2026/10/07 00:14:51.629, 1710 MHz, 2619 MHz, 302.32 W, 700.00 W, 45, 1 %, 0x0000000000000000
2026/10/07 00:14:52.130, 1710 MHz, 2619 MHz, 280.21 W, 700.00 W, 44, 45 %, 0x0000000000000000
2026/10/07 00:14:52.630, 1710 MHz, 2619 MHz, 289.59 W, 700.00 W, 44, 18 %, 0x0000000000000000
2026/10/07 00:14:53.130, 1710 MHz, 2619 MHz, 279.00 W, 700.00 W, 45, 9 %, 0x0000000000000000
2026/10/07 00:14:53.631, 1710 MHz, 2619 MHz, 273.62 W, 700.00 W, 47, 0 %, 0x0000000000000000
2026/10/07 00:14:54.131, 1710 MHz, 2619 MHz, 260.76 W, 700.00 W, 48, 13 %, 0x0000000000000000
2026/10/07 00:14:54.632, 1710 MHz, 2619 MHz, 297.60 W, 700.00 W, 48, 29 %, 0x0000000000000000
2026/10/07 00:14:55.132, 1710 MHz, 2619 MHz, 301.15 W, 700.00 W, 44, 32 %, 0x0000000000000000
2026/10/07 00:14:55.633, 1710 MHz, 2619 MHz, 279.79 W, 700.00 W, 43, 15 %, 0x0000000000000000
2026/10/07 00:14:56.133, 1710 MHz, 2619 MHz, 276.89 W, 700.00 W, 46, 0 %, 0x0000000000000000
2026/10/07 00:14:56.634, 1710 MHz, 2619 MHz, 271.15 W, 700.00 W, 47, 0 %, 0x0000000000000000
2026/10/07 00:14:57.135, 1710 MHz, 2619 MHz, 271.15 W, 700.00 W, 46, 16 %, 0x0000000000000000
2026/10/07 00:14:57.635, 1710 MHz, 2619 MHz, 265.84 W, 700.00 W, 45, 34 %, 0x0000000000000000
2026/10/07 00:14:58.136, 1710 MHz, 2619 MHz, 260.79 W, 700.00 W, 44, 44 %, 0x0000000000000000
2026/10/07 00:14:58.636, 1710 MHz, 2619 MHz, 316.01 W, 700.00 W, 46, 61 %, 0x0000000000000000
2026/10/07 00:14:59.137, 1710 MHz, 2619 MHz, 337.46 W, 700.00 W, 45, 42 %, 0x0000000000000000
2026/10/07 00:14:59.637, 1710 MHz, 2619 MHz, 305.36 W, 700.00 W, 44, 21 %, 0x0000000000000000
2026/10/07 00:15:00.137, 1710 MHz, 2619 MHz, 290.96 W, 700.00 W, 47, 0 %, 0x0000000000000000
2026/10/07 00:15:00.638, 1710 MHz, 2619 MHz, 281.91 W, 700.00 W, 48, 8 %, 0x0000000000000000
2026/10/07 00:15:01.139, 1710 MHz, 2619 MHz, 278.21 W, 700.00 W, 46, 28 %, 0x0000000000000000
2026/10/07 00:15:01.639, 1710 MHz, 2619 MHz, 280.06 W, 700.00 W, 45, 48 %, 0x0000000000000000
2026/10/07 00:15:02.139, 1710 MHz, 2619 MHz, 276.16 W, 700.00 W, 45, 48 %, 0x0000000000000000
2026/10/07 00:15:02.640, 1710 MHz, 2619 MHz, 331.87 W, 700.00 W, 45, 24 %, 0x0000000000000000
2026/10/07 00:15:03.140, 1710 MHz, 2619 MHz, 335.54 W, 700.00 W, 46, 47 %, 0x0000000000000000
2026/10/07 00:15:03.641, 1710 MHz, 2619 MHz, 278.49 W, 700.00 W, 47, 0 %, 0x0000000000000000
2026/10/07 00:15:04.141, 1710 MHz, 2619 MHz, 266.63 W, 700.00 W, 48, 6 %, 0x0000000000000000
2026/10/07 00:15:04.642, 1710 MHz, 2619 MHz, 270.67 W, 700.00 W, 47, 21 %, 0x0000000000000000
2026/10/07 00:15:05.143, 1710 MHz, 2619 MHz, 271.30 W, 700.00 W, 45, 37 %, 0x0000000000000000
2026/10/07 00:15:05.643, 1710 MHz, 2619 MHz, 268.86 W, 700.00 W, 45, 47 %, 0x0000000000000000
2026/10/07 00:15:06.144, 1710 MHz, 2619 MHz, 310.48 W, 700.00 W, 48, 70 %, 0x0000000000000000
2026/10/07 00:15:06.644, 1710 MHz, 2619 MHz, 305.64 W, 700.00 W, 46, 0 %, 0x0000000000000000
2026/10/07 00:15:07.145, 1710 MHz, 2619 MHz, 264.59 W, 700.00 W, 47, 42 %, 0x0000000000000000
2026/10/07 00:15:07.646, 1710 MHz, 2619 MHz, 266.66 W, 700.00 W, 46, 18 %, 0x0000000000000000
2026/10/07 00:15:08.146, 1710 MHz, 2619 MHz, 264.16 W, 700.00 W, 45, 13 %, 0x0000000000000000
2026/10/07 00:15:08.647, 1710 MHz, 2619 MHz, 256.51 W, 700.00 W, 44, 46 %, 0x0000000000000000
2026/10/07 00:15:09.147, 1710 MHz, 2619 MHz, 257.79 W, 700.00 W, 44, 7 %, 0x0000000000000000
2026/10/07 00:15:09.648, 1710 MHz, 2619 MHz, 268.76 W, 700.00 W, 43, 46 %, 0x0000000000000000
2026/10/07 00:15:10.148, 1710 MHz, 2619 MHz, 326.46 W, 700.00 W, 45, 50 %, 0x0000000000000000
2026/10/07 00:15:10.649, 1710 MHz, 2619 MHz, 326.83 W, 700.00 W, 45, 11 %, 0x0000000000000000
2026/10/07 00:15:11.150, 1710 MHz, 2619 MHz, 278.93 W, 700.00 W, 46, 50 %, 0x0000000000000000
2026/10/07 00:15:11.651, 1710 MHz, 2619 MHz, 271.28 W, 700.00 W, 46, 8 %, 0x0000000000000000
2026/10/07 00:15:12.151, 1710 MHz, 2619 MHz, 275.90 W, 700.00 W, 46, 26 %, 0x0000000000000000
2026/10/07 00:15:12.652, 1710 MHz, 2619 MHz, 277.05 W, 700.00 W, 45, 41 %, 0x0000000000000000
2026/10/07 00:15:13.152, 1710 MHz, 2619 MHz, 270.40 W, 700.00 W, 44, 0 %, 0x0000000000000000
2026/10/07 00:15:13.652, 1710 MHz, 2619 MHz, 282.83 W, 700.00 W, 44, 51 %, 0x0000000000000000
2026/10/07 00:15:14.153, 1710 MHz, 2619 MHz, 290.21 W, 700.00 W, 44, 48 %, 0x0000000000000000
2026/10/07 00:15:14.654, 1710 MHz, 2619 MHz, 270.55 W, 700.00 W, 44, 17 %, 0x0000000000000000
2026/10/07 00:15:15.155, 1710 MHz, 2619 MHz, 257.03 W, 700.00 W, 43, 49 %, 0x0000000000000000
2026/10/07 00:15:15.656, 1710 MHz, 2619 MHz, 265.28 W, 700.00 W, 43, 50 %, 0x0000000000000000
2026/10/07 00:15:16.156, 1710 MHz, 2619 MHz, 257.70 W, 700.00 W, 43, 16 %, 0x0000000000000000
2026/10/07 00:15:16.657, 1710 MHz, 2619 MHz, 248.29 W, 700.00 W, 45, 50 %, 0x0000000000000000
2026/10/07 00:15:17.157, 1710 MHz, 2619 MHz, 246.77 W, 700.00 W, 46, 14 %, 0x0000000000000000
2026/10/07 00:15:17.658, 1710 MHz, 2619 MHz, 283.92 W, 700.00 W, 45, 6 %, 0x0000000000000000
2026/10/07 00:15:18.159, 1710 MHz, 2619 MHz, 300.30 W, 700.00 W, 44, 49 %, 0x0000000000000000
2026/10/07 00:15:18.659, 1710 MHz, 2619 MHz, 272.94 W, 700.00 W, 43, 37 %, 0x0000000000000000
2026/10/07 00:15:19.160, 1710 MHz, 2619 MHz, 268.74 W, 700.00 W, 43, 36 %, 0x0000000000000000
2026/10/07 00:15:19.660, 1710 MHz, 2619 MHz, 261.92 W, 700.00 W, 43, 50 %, 0x0000000000000000
2026/10/07 00:15:20.161, 1710 MHz, 2619 MHz, 257.98 W, 700.00 W, 45, 5 %, 0x0000000000000000
2026/10/07 00:15:20.661, 1710 MHz, 2619 MHz, 258.80 W, 700.00 W, 45, 50 %, 0x0000000000000000
2026/10/07 00:15:21.162, 1710 MHz, 2619 MHz, 252.65 W, 700.00 W, 46, 17 %, 0x0000000000000000
2026/10/07 00:15:21.662, 1710 MHz, 2619 MHz, 289.69 W, 700.00 W, 45, 0 %, 0x0000000000000000
2026/10/07 00:15:22.163, 1710 MHz, 2619 MHz, 299.28 W, 700.00 W, 43, 48 %, 0x0000000000000000
2026/10/07 00:15:22.664, 1710 MHz, 2619 MHz, 270.54 W, 700.00 W, 43, 38 %, 0x0000000000000000
2026/10/07 00:15:23.164, 1710 MHz, 2619 MHz, 268.79 W, 700.00 W, 43, 32 %, 0x0000000000000000
2026/10/07 00:15:23.665, 1710 MHz, 2619 MHz, 260.37 W, 700.00 W, 44, 50 %, 0x0000000000000000
2026/10/07 00:15:24.165, 1710 MHz, 2619 MHz, 252.58 W, 700.00 W, 45, 0 %, 0x0000000000000000
2026/10/07 00:15:24.665, 1710 MHz, 2619 MHz, 250.14 W, 700.00 W, 46, 34 %, 0x0000000000000000
2026/10/07 00:15:25.166, 1710 MHz, 2619 MHz, 290.09 W, 700.00 W, 46, 36 %, 0x0000000000000000
2026/10/07 00:15:25.667, 1710 MHz, 2619 MHz, 297.81 W, 700.00 W, 44, 27 %, 0x0000000000000000
2026/10/07 00:15:26.168, 1710 MHz, 2619 MHz, 270.70 W, 700.00 W, 43, 44 %, 0x0000000000000000
2026/10/07 00:15:26.668, 1710 MHz, 2619 MHz, 271.84 W, 700.00 W, 43, 50 %, 0x0000000000000000
2026/10/07 00:15:27.169, 1710 MHz, 2619 MHz, 261.92 W, 700.00 W, 44, 14 %, 0x0000000000000000
2026/10/07 00:15:27.669, 1710 MHz, 2619 MHz, 252.24 W, 700.00 W, 45, 50 %, 0x0000000000000000
2026/10/07 00:15:28.169, 1710 MHz, 2619 MHz, 252.77 W, 700.00 W, 46, 9 %, 0x0000000000000000
2026/10/07 00:15:28.670, 1710 MHz, 2619 MHz, 257.69 W, 700.00 W, 46, 29 %, 0x0000000000000000
2026/10/07 00:15:29.170, 1710 MHz, 2619 MHz, 303.57 W, 700.00 W, 45, 74 %, 0x0000000000000000
2026/10/07 00:15:29.671, 1710 MHz, 2619 MHz, 312.02 W, 700.00 W, 44, 19 %, 0x0000000000000000
2026/10/07 00:15:30.172, 1710 MHz, 2619 MHz, 271.36 W, 700.00 W, 44, 50 %, 0x0000000000000000
2026/10/07 00:15:30.673, 1710 MHz, 2619 MHz, 274.72 W, 700.00 W, 43, 24 %, 0x0000000000000000
2026/10/07 00:15:31.174, 1710 MHz, 2619 MHz, 293.01 W, 700.00 W, 43, 49 %, 0x0000000000000000
2026/10/07 00:15:31.674, 1710 MHz, 2619 MHz, 289.32 W, 700.00 W, 43, 51 %, 0x0000000000000000
2026/10/07 00:15:32.175, 1710 MHz, 2619 MHz, 277.63 W, 700.00 W, 44, 18 %, 0x0000000000000000
2026/10/07 00:15:32.675, 1710 MHz, 2619 MHz, 270.63 W, 700.00 W, 45, 52 %, 0x0000000000000000
2026/10/07 00:15:33.176, 1710 MHz, 2619 MHz, 307.41 W, 700.00 W, 48, 25 %, 0x0000000000000000
2026/10/07 00:15:33.676, 1710 MHz, 2619 MHz, 305.07 W, 700.00 W, 46, 10 %, 0x0000000000000000
2026/10/07 00:15:34.177, 1710 MHz, 2619 MHz, 266.08 W, 700.00 W, 45, 46 %, 0x0000000000000000
2026/10/07 00:15:34.677, 1710 MHz, 2619 MHz, 271.18 W, 700.00 W, 44, 6 %, 0x0000000000000000
2026/10/07 00:15:35.178, 1710 MHz, 2619 MHz, 283.13 W, 700.00 W, 44, 46 %, 0x0000000000000000
2026/10/07 00:15:35.678, 1710 MHz, 2619 MHz, 292.65 W, 700.00 W, 44, 38 %, 0x0000000000000000
2026/10/07 00:15:36.179, 1710 MHz, 2619 MHz, 286.68 W, 700.00 W, 43, 32 %, 0x0000000000000000
2026/10/07 00:15:36.679, 1710 MHz, 2619 MHz, 279.55 W, 700.00 W, 43, 66 %, 0x0000000000000000
2026/10/07 00:15:37.180, 1710 MHz, 2619 MHz, 287.17 W, 700.00 W, 45, 44 %, 0x0000000000000000
2026/10/07 00:15:37.681, 1710 MHz, 2619 MHz, 284.82 W, 700.00 W, 44, 3 %, 0x0000000000000000
2026/10/07 00:15:38.182, 1710 MHz, 2619 MHz, 273.83 W, 700.00 W, 44, 45 %, 0x0000000000000000
2026/10/07 00:15:38.682, 1710 MHz, 2619 MHz, 280.87 W, 700.00 W, 43, 34 %, 0x0000000000000000
2026/10/07 00:15:39.183, 1710 MHz, 2619 MHz, 276.93 W, 700.00 W, 43, 34 %, 0x0000000000000000
2026/10/07 00:15:39.683, 1710 MHz, 2619 MHz, 271.61 W, 700.00 W, 43, 46 %, 0x0000000000000000
2026/10/07 00:15:40.184, 1710 MHz, 2619 MHz, 265.00 W, 700.00 W, 45, 2 %, 0x0000000000000000
2026/10/07 00:15:40.684, 1710 MHz, 2619 MHz, 309.37 W, 700.00 W, 48, 9 %, 0x0000000000000000
2026/10/07 00:15:41.185, 1710 MHz, 2619 MHz, 316.07 W, 700.00 W, 46, 47 %, 0x0000000000000000
2026/10/07 00:15:41.685, 1710 MHz, 2619 MHz, 281.37 W, 700.00 W, 45, 9 %, 0x0000000000000000
2026/10/07 00:15:42.186, 1710 MHz, 2619 MHz, 296.43 W, 700.00 W, 44, 47 %, 0x0000000000000000
2026/10/07 00:15:42.686, 1710 MHz, 2619 MHz, 310.02 W, 700.00 W, 44, 42 %, 0x0000000000000000
2026/10/07 00:15:43.187, 1710 MHz, 2619 MHz, 306.97 W, 700.00 W, 44, 29 %, 0x0000000000000000
2026/10/07 00:15:43.687, 1710 MHz, 2619 MHz, 292.94 W, 700.00 W, 45, 49 %, 0x0000000000000000
2026/10/07 00:15:44.187, 1710 MHz, 2619 MHz, 279.23 W, 700.00 W, 47, 0 %, 0x0000000000000000
2026/10/07 00:15:44.688, 1710 MHz, 2619 MHz, 298.05 W, 700.00 W, 47, 4 %, 0x0000000000000000
2026/10/07 00:15:45.188, 1710 MHz, 2619 MHz, 300.21 W, 700.00 W, 45, 45 %, 0x0000000000000000
2026/10/07 00:15:45.689, 1710 MHz, 2619 MHz, 282.31 W, 700.00 W, 44, 18 %, 0x0000000000000000
2026/10/07 00:15:46.189, 1710 MHz, 2619 MHz, 287.77 W, 700.00 W, 44, 44 %, 0x0000000000000000
2026/10/07 00:15:46.690, 1710 MHz, 2619 MHz, 281.23 W, 700.00 W, 44, 45 %, 0x0000000000000000
2026/10/07 00:15:47.190, 1710 MHz, 2619 MHz, 262.45 W, 700.00 W, 45, 13 %, 0x0000000000000000
2026/10/07 00:15:47.690, 1710 MHz, 2619 MHz, 259.79 W, 700.00 W, 47, 45 %, 0x0000000000000000
2026/10/07 00:15:48.191, 1710 MHz, 2619 MHz, 297.52 W, 700.00 W, 47, 10 %, 0x0000000000000000
2026/10/07 00:15:48.691, 1710 MHz, 2619 MHz, 310.53 W, 700.00 W, 44, 28 %, 0x0000000000000000
2026/10/07 00:15:49.192, 1710 MHz, 2619 MHz, 280.20 W, 700.00 W, 44, 37 %, 0x0000000000000000
2026/10/07 00:15:49.692, 1710 MHz, 2619 MHz, 280.14 W, 700.00 W, 43, 44 %, 0x0000000000000000
2026/10/07 00:15:50.192, 1710 MHz, 2619 MHz, 273.14 W, 700.00 W, 45, 4 %, 0x0000000000000000
2026/10/07 00:15:50.693, 1710 MHz, 2619 MHz, 268.04 W, 700.00 W, 46, 44 %, 0x0000000000000000
2026/10/07 00:15:51.193, 1710 MHz, 2619 MHz, 263.60 W, 700.00 W, 47, 15 %, 0x0000000000000000
2026/10/07 00:15:51.694, 1710 MHz, 2619 MHz, 262.40 W, 700.00 W, 45, 15 %, 0x0000000000000000
2026/10/07 00:15:52.195, 1710 MHz, 2619 MHz, 320.04 W, 700.00 W, 46, 33 %, 0x0000000000000000
2026/10/07 00:15:52.695, 1710 MHz, 2619 MHz, 322.64 W, 700.00 W, 44, 46 %, 0x0000000000000000
2026/10/07 00:15:53.195, 1710 MHz, 2619 MHz, 279.18 W, 700.00 W, 47, 3 %, 0x0000000000000000
2026/10/07 00:15:53.696, 1710 MHz, 2619 MHz, 278.30 W, 700.00 W, 48, 46 %, 0x0000000000000000
2026/10/07 00:15:54.196, 1710 MHz, 2619 MHz, 273.89 W, 700.00 W, 49, 14 %, 0x0000000000000000
2026/10/07 00:15:54.697, 1710 MHz, 2619 MHz, 267.36 W, 700.00 W, 46, 19 %, 0x0000000000000000
2026/10/07 00:15:55.197, 1710 MHz, 2619 MHz, 273.29 W, 700.00 W, 45, 45 %, 0x0000000000000000
2026/10/07 00:15:55.698, 1710 MHz, 2619 MHz, 278.04 W, 700.00 W, 45, 0 %, 0x0000000000000000
2026/10/07 00:15:56.198, 1710 MHz, 2619 MHz, 315.35 W, 700.00 W, 45, 42 %, 0x0000000000000000
2026/10/07 00:15:56.699, 1710 MHz, 2619 MHz, 309.82 W, 700.00 W, 44, 43 %, 0x0000000000000000
2026/10/07 00:15:57.199, 1710 MHz, 2619 MHz, 264.46 W, 700.00 W, 46, 3 %, 0x0000000000000000
2026/10/07 00:15:57.700, 1710 MHz, 2619 MHz, 261.57 W, 700.00 W, 48, 43 %, 0x0000000000000000
2026/10/07 00:15:58.200, 1710 MHz, 2619 MHz, 260.33 W, 700.00 W, 47, 24 %, 0x0000000000000000
2026/10/07 00:15:58.700, 1710 MHz, 2619 MHz, 261.92 W, 700.00 W, 45, 3 %, 0x0000000000000000
2026/10/07 00:15:59.201, 1710 MHz, 2619 MHz, 266.65 W, 700.00 W, 45, 43 %, 0x0000000000000000
2026/10/07 00:15:59.701, 1710 MHz, 2619 MHz, 319.70 W, 700.00 W, 50, 58 %, 0x0000000000000000
2026/10/07 00:16:00.202, 1710 MHz, 2619 MHz, 319.86 W, 700.00 W, 48, 5 %, 0x0000000000000000
2026/10/07 00:16:00.702, 1710 MHz, 2619 MHz, 268.21 W, 700.00 W, 46, 21 %, 0x0000000000000000
2026/10/07 00:16:01.203, 1710 MHz, 2619 MHz, 266.38 W, 700.00 W, 45, 41 %, 0x0000000000000000
2026/10/07 00:16:01.704, 1710 MHz, 2619 MHz, 270.85 W, 700.00 W, 44, 0 %, 0x0000000000000000
2026/10/07 00:16:02.204, 1710 MHz, 2619 MHz, 285.03 W, 700.00 W, 44, 42 %, 0x0000000000000000
2026/10/07 00:16:02.705, 1710 MHz, 2619 MHz, 292.25 W, 700.00 W, 43, 36 %, 0x0000000000000000
2026/10/07 00:16:03.205, 1710 MHz, 2619 MHz, 290.98 W, 700.00 W, 43, 27 %, 0x0000000000000000
2026/10/07 00:16:03.706, 1710 MHz, 2619 MHz, 297.23 W, 700.00 W, 47, 6 %, 0x0000000000000000
2026/10/07 00:16:04.206, 1710 MHz, 2619 MHz, 299.07 W, 700.00 W, 45, 43 %, 0x0000000000000000
2026/10/07 00:16:04.707, 1710 MHz, 2619 MHz, 281.33 W, 700.00 W, 45, 22 %, 0x0000000000000000
2026/10/07 00:16:05.207, 1710 MHz, 2619 MHz, 285.57 W, 700.00 W, 44, 39 %, 0x0000000000000000
2026/10/07 00:16:05.707, 1710 MHz, 2619 MHz, 273.48 W, 700.00 W, 44, 44 %, 0x0000000000000000
2026/10/07 00:16:06.208, 1710 MHz, 2619 MHz, 263.69 W, 700.00 W, 47, 0 %, 0x0000000000000000
2026/10/07 00:16:06.708, 1710 MHz, 2619 MHz, 257.42 W, 700.00 W, 49, 34 %, 0x0000000000000000
2026/10/07 00:16:07.209, 1710 MHz, 2619 MHz, 287.68 W, 700.00 W, 46, 0 %, 0x0000000000000000
2026/10/07 00:16:07.709, 1710 MHz, 2619 MHz, 287.66 W, 700.00 W, 45, 1 %, 0x0000000000000000
2026/10/07 00:16:08.209, 1710 MHz, 2619 MHz, 284.32 W, 700.00 W, 45, 42 %, 0x0000000000000000
2026/10/07 00:16:08.710, 1710 MHz, 2619 MHz, 273.36 W, 700.00 W, 44, 29 %, 0x0000000000000000
2026/10/07 00:16:09.210, 1710 MHz, 2619 MHz, 274.58 W, 700.00 W, 44, 37 %, 0x0000000000000000
2026/10/07 00:16:09.711, 1710 MHz, 2619 MHz, 272.49 W, 700.00 W, 44, 44 %, 0x0000000000000000
2026/10/07 00:16:10.211, 1710 MHz, 2619 MHz, 265.02 W, 700.00 W, 45, 9 %, 0x0000000000000000
2026/10/07 00:16:10.711, 1710 MHz, 2619 MHz, 257.07 W, 700.00 W, 47, 43 %, 0x0000000000000000
2026/10/07 00:16:11.212, 1710 MHz, 2619 MHz, 306.74 W, 700.00 W, 46, 71 %, 0x0000000000000000
2026/10/07 00:16:11.712, 1710 MHz, 2619 MHz, 317.52 W, 700.00 W, 44, 21 %, 0x0000000000000000
2026/10/07 00:16:12.213, 1710 MHz, 2619 MHz, 296.08 W, 700.00 W, 44, 41 %, 0x0000000000000000
2026/10/07 00:16:12.713, 1710 MHz, 2619 MHz, 287.95 W, 700.00 W, 43, 43 %, 0x0000000000000000
2026/10/07 00:16:13.213, 1710 MHz, 2619 MHz, 279.69 W, 700.00 W, 43, 17 %, 0x0000000000000000
2026/10/07 00:16:13.714, 1710 MHz, 2619 MHz, 272.35 W, 700.00 W, 45, 43 %, 0x0000000000000000
2026/10/07 00:16:14.214, 1710 MHz, 2619 MHz, 271.01 W, 700.00 W, 46, 0 %, 0x0000000000000000
2026/10/07 00:16:14.715, 1710 MHz, 2619 MHz, 268.50 W, 700.00 W, 47, 37 %, 0x0000000000000000
2026/10/07 00:16:15.215, 1710 MHz, 2619 MHz, 311.15 W, 700.00 W, 46, 42 %, 0x0000000000000000
2026/10/07 00:16:15.716, 1710 MHz, 2619 MHz, 305.18 W, 700.00 W, 44, 43 %, 0x0000000000000000
2026/10/07 00:16:16.216, 1710 MHz, 2619 MHz, 274.19 W, 700.00 W, 44, 23 %, 0x0000000000000000
2026/10/07 00:16:16.717, 1710 MHz, 2619 MHz, 266.53 W, 700.00 W, 45, 44 %, 0x0000000000000000
2026/10/07 00:16:17.217, 1710 MHz, 2619 MHz, 260.23 W, 700.00 W, 48, 0 %, 0x0000000000000000
2026/10/07 00:16:17.717, 1710 MHz, 2619 MHz, 254.18 W, 700.00 W, 49, 37 %, 0x0000000000000000
2026/10/07 00:16:18.218, 1710 MHz, 2619 MHz, 256.30 W, 700.00 W, 47, 27 %, 0x0000000000000000
2026/10/07 00:16:18.718, 1710 MHz, 2619 MHz, 279.24 W, 700.00 W, 45, 78 %, 0x0000000000000000
2026/10/07 00:16:19.219, 1710 MHz, 2619 MHz, 292.18 W, 700.00 W, 45, 41 %, 0x0000000000000000
2026/10/07 00:16:19.719, 1710 MHz, 2619 MHz, 281.79 W, 700.00 W, 44, 22 %, 0x0000000000000000
2026/10/07 00:16:20.220, 1710 MHz, 2619 MHz, 272.07 W, 700.00 W, 44, 40 %, 0x0000000000000000
2026/10/07 00:16:20.720, 1710 MHz, 2619 MHz, 264.60 W, 700.00 W, 44, 43 %, 0x0000000000000000
2026/10/07 00:16:21.220, 1710 MHz, 2619 MHz, 262.84 W, 700.00 W, 46, 3 %, 0x0000000000000000
2026/10/07 00:16:21.721, 1710 MHz, 2619 MHz, 256.07 W, 700.00 W, 48, 43 %, 0x0000000000000000
2026/10/07 00:16:22.222, 1710 MHz, 2619 MHz, 258.88 W, 700.00 W, 47, 20 %, 0x0000000000000000
2026/10/07 00:16:22.722, 1710 MHz, 2619 MHz, 316.77 W, 700.00 W, 46, 37 %, 0x0000000000000000
2026/10/07 00:16:23.222, 1710 MHz, 2619 MHz, 322.35 W, 700.00 W, 44, 30 %, 0x0000000000000000
2026/10/07 00:16:23.723, 1710 MHz, 2619 MHz, 271.95 W, 700.00 W, 43, 43 %, 0x0000000000000000
2026/10/07 00:16:24.223, 1710 MHz, 2619 MHz, 272.65 W, 700.00 W, 44, 8 %, 0x0000000000000000
2026/10/07 00:16:24.724, 1710 MHz, 2619 MHz, 271.11 W, 700.00 W, 46, 43 %, 0x0000000000000000
2026/10/07 00:16:25.224, 1710 MHz, 2619 MHz, 268.98 W, 700.00 W, 47, 0 %, 0x0000000000000000
2026/10/07 00:16:25.725, 1710 MHz, 2619 MHz, 268.72 W, 700.00 W, 47, 34 %, 0x0000000000000000
2026/10/07 00:16:26.226, 1710 MHz, 2619 MHz, 267.21 W, 700.00 W, 46, 22 %, 0x0000000000000000
2026/10/07 00:16:26.726, 1710 MHz, 2619 MHz, 319.03 W, 700.00 W, 45, 37 %, 0x0000000000000000
2026/10/07 00:16:27.227, 1710 MHz, 2619 MHz, 310.39 W, 700.00 W, 44, 29 %, 0x0000000000000000
2026/10/07 00:16:27.727, 1710 MHz, 2619 MHz, 261.29 W, 700.00 W, 44, 43 %, 0x0000000000000000
2026/10/07 00:16:28.228, 1710 MHz, 2619 MHz, 263.52 W, 700.00 W, 46, 3 %, 0x0000000000000000
2026/10/07 00:16:28.728, 1710 MHz, 2619 MHz, 261.08 W, 700.00 W, 48, 43 %, 0x0000000000000000
2026/10/07 00:16:29.229, 1710 MHz, 2619 MHz, 260.67 W, 700.00 W, 49, 9 %, 0x0000000000000000
2026/10/07 00:16:29.729, 1710 MHz, 2619 MHz, 262.49 W, 700.00 W, 47, 24 %, 0x0000000000000000
2026/10/07 00:16:30.230, 1710 MHz, 2619 MHz, 284.90 W, 700.00 W, 43, 0 %, 0x0000000000000000
2026/10/07 00:16:30.730, 1710 MHz, 2619 MHz, 292.77 W, 700.00 W, 46, 0 %, 0x0000000000000000
2026/10/07 00:16:31.231, 1710 MHz, 2619 MHz, 281.44 W, 700.00 W, 45, 41 %, 0x0000000000000000
2026/10/07 00:16:31.731, 1710 MHz, 2619 MHz, 270.07 W, 700.00 W, 44, 32 %, 0x0000000000000000
2026/10/07 00:16:32.232, 1710 MHz, 2619 MHz, 254.13 W, 700.00 W, 44, 28 %, 0x0000000000000000
2026/10/07 00:16:32.732, 1710 MHz, 2619 MHz, 253.41 W, 700.00 W, 45, 42 %, 0x0000000000000000
2026/10/07 00:16:33.233, 1710 MHz, 2619 MHz, 254.46 W, 700.00 W, 48, 2 %, 0x0000000000000000
2026/10/07 00:16:33.733, 1710 MHz, 2619 MHz, 253.60 W, 700.00 W, 46, 21 %, 0x0000000000000000
2026/10/07 00:16:34.234, 1710 MHz, 2619 MHz, 310.12 W, 700.00 W, 45, 33 %, 0x0000000000000000
2026/10/07 00:16:34.734, 1710 MHz, 2619 MHz, 322.94 W, 700.00 W, 44, 42 %, 0x0000000000000004
2026/10/07 00:16:35.235, 1710 MHz, 2619 MHz, 272.14 W, 700.00 W, 46, 0 %, 0x0000000000000000
2026/10/07 00:16:35.736, 1710 MHz, 2619 MHz, 273.06 W, 700.00 W, 47, 42 %, 0x0000000000000000
2026/10/07 00:16:36.236, 1710 MHz, 2619 MHz, 272.72 W, 700.00 W, 47, 17 %, 0x0000000000000000
2026/10/07 00:16:36.737, 1710 MHz, 2619 MHz, 269.50 W, 700.00 W, 45, 10 %, 0x0000000000000000
2026/10/07 00:16:37.238, 1710 MHz, 2619 MHz, 276.71 W, 700.00 W, 44, 41 %, 0x0000000000000000
2026/10/07 00:16:37.738, 1710 MHz, 2619 MHz, 282.77 W, 700.00 W, 44, 6 %, 0x0000000000000000
2026/10/07 00:16:38.239, 1710 MHz, 2619 MHz, 316.16 W, 700.00 W, 48, 0 %, 0x0000000000000000
2026/10/07 00:16:38.739, 1710 MHz, 2619 MHz, 305.95 W, 700.00 W, 48, 43 %, 0x0000000000000000
2026/10/07 00:16:39.240, 1710 MHz, 2619 MHz, 262.01 W, 700.00 W, 49, 5 %, 0x0000000000000000
2026/10/07 00:16:39.740, 1710 MHz, 2619 MHz, 261.64 W, 700.00 W, 49, 30 %, 0x0000000000000000
2026/10/07 00:16:40.240, 1710 MHz, 2619 MHz, 259.24 W, 700.00 W, 47, 25 %, 0x0000000000000000
2026/10/07 00:16:40.741, 1710 MHz, 2619 MHz, 259.85 W, 700.00 W, 46, 9 %, 0x0000000000000000
2026/10/07 00:16:41.241, 1710 MHz, 2619 MHz, 265.67 W, 700.00 W, 45, 42 %, 0x0000000000000000
2026/10/07 00:16:41.742, 1710 MHz, 2619 MHz, 285.73 W, 700.00 W, 45, 76 %, 0x0000000000000000
2026/10/07 00:16:42.242, 1710 MHz, 2619 MHz, 291.26 W, 700.00 W, 45, 41 %, 0x0000000000000000
2026/10/07 00:16:42.743, 1710 MHz, 2619 MHz, 267.19 W, 700.00 W, 45, 4 %, 0x0000000000000000
2026/10/07 00:16:43.243, 1710 MHz, 2619 MHz, 265.08 W, 700.00 W, 44, 41 %, 0x0000000000000000
2026/10/07 00:16:43.744, 1710 MHz, 2619 MHz, 259.39 W, 700.00 W, 44, 27 %, 0x0000000000000000
2026/10/07 00:16:44.244, 1710 MHz, 2619 MHz, 255.45 W, 700.00 W, 44, 41 %, 0x0000000000000000
2026/10/07 00:16:44.744, 1710 MHz, 2619 MHz, 257.68 W, 700.00 W, 43, 43 %, 0x0000000000000000
2026/10/07 00:16:45.245, 1710 MHz, 2619 MHz, 253.55 W, 700.00 W, 43, 19 %, 0x0000000000000000
2026/10/07 00:16:45.745, 1710 MHz, 2619 MHz, 294.34 W, 700.00 W, 47, 6 %, 0x0000000000000000
2026/10/07 00:16:46.246, 1710 MHz, 2619 MHz, 315.15 W, 700.00 W, 45, 40 %, 0x0000000000000000
2026/10/07 00:16:46.746, 1710 MHz, 2619 MHz, 292.84 W, 700.00 W, 44, 24 %, 0x0000000000000000
2026/10/07 00:16:47.247, 1710 MHz, 2619 MHz, 287.78 W, 700.00 W, 43, 35 %, 0x0000000000000000
2026/10/07 00:16:47.747, 1710 MHz, 2619 MHz, 273.58 W, 700.00 W, 43, 41 %, 0x0000000000000000
2026/10/07 00:16:48.248, 1710 MHz, 2619 MHz, 266.92 W, 700.00 W, 47, 0 %, 0x0000000000000000
2026/10/07 00:16:48.749, 1710 MHz, 2619 MHz, 271.15 W, 700.00 W, 46, 24 %, 0x0000000000000000
2026/10/07 00:16:49.250, 1710 MHz, 2619 MHz, 276.18 W, 700.00 W, 44, 40 %, 0x0000000000000000
2026/10/07 00:16:49.750, 1710 MHz, 2619 MHz, 313.53 W, 700.00 W, 45, 43 %, 0x0000000000000000
2026/10/07 00:16:50.250, 1710 MHz, 2619 MHz, 307.99 W, 700.00 W, 44, 10 %, 0x0000000000000000
2026/10/07 00:16:50.751, 1710 MHz, 2619 MHz, 259.10 W, 700.00 W, 44, 43 %, 0x0000000000000000
2026/10/07 00:16:51.251, 1710 MHz, 2619 MHz, 258.71 W, 700.00 W, 44, 0 %, 0x0000000000000000
2026/10/07 00:16:51.752, 1710 MHz, 2619 MHz, 258.67 W, 700.00 W, 44, 43 %, 0x0000000000000000
2026/10/07 00:16:52.252, 1710 MHz, 2619 MHz, 256.27 W, 700.00 W, 44, 13 %, 0x0000000000000000
2026/10/07 00:16:52.753, 1710 MHz, 2619 MHz, 255.56 W, 700.00 W, 43, 22 %, 0x0000000000000000
2026/10/07 00:16:53.253, 1710 MHz, 2619 MHz, 272.55 W, 700.00 W, 49, 0 %, 0x0000000000000000
2026/10/07 00:16:53.754, 1710 MHz, 2619 MHz, 282.31 W, 700.00 W, 44, 19 %, 0x0000000000000000
2026/10/07 00:16:54.254, 1710 MHz, 2619 MHz, 277.67 W, 700.00 W, 44, 36 %, 0x0000000000000000
2026/10/07 00:16:54.755, 1710 MHz, 2619 MHz, 256.26 W, 700.00 W, 46, 0 %, 0x0000000000000000
2026/10/07 00:16:55.255, 1710 MHz, 2619 MHz, 263.66 W, 700.00 W, 48, 41 %, 0x0000000000000000
2026/10/07 00:16:55.756, 1710 MHz, 2619 MHz, 265.47 W, 700.00 W, 48, 5 %, 0x0000000000000000
2026/10/07 00:16:56.256, 1710 MHz, 2619 MHz, 270.72 W, 700.00 W, 48, 41 %, 0x0000000000000000
2026/10/07 00:16:56.757, 1710 MHz, 2619 MHz, 266.68 W, 700.00 W, 46, 27 %, 0x0000000000000000
2026/10/07 00:16:57.257, 1710 MHz, 2619 MHz, 295.05 W, 700.00 W, 45, 98 %, 0x0000000000000000
2026/10/07 00:16:57.757, 1710 MHz, 2619 MHz, 304.49 W, 700.00 W, 44, 20 %, 0x0000000000000000
2026/10/07 00:16:58.258, 1710 MHz, 2619 MHz, 273.78 W, 700.00 W, 45, 40 %, 0x0000000000000000
2026/10/07 00:16:58.758, 1710 MHz, 2619 MHz, 281.79 W, 700.00 W, 47, 0 %, 0x0000000000000000
2026/10/07 00:16:59.259, 1710 MHz, 2619 MHz, 293.52 W, 700.00 W, 46, 40 %, 0x0000000000000000
2026/10/07 00:16:59.759, 1710 MHz, 2619 MHz, 285.95 W, 700.00 W, 45, 34 %, 0x0000000000000000
2026/10/07 00:17:00.260, 1710 MHz, 2619 MHz, 281.53 W, 700.00 W, 44, 28 %, 0x0000000000000000
2026/10/07 00:17:00.761, 1710 MHz, 2619 MHz, 270.95 W, 700.00 W, 44, 42 %, 0x0000000000000000
2026/10/07 00:17:01.261, 1710 MHz, 2619 MHz, 300.17 W, 700.00 W, 49, 40 %, 0x0000000000000000
2026/10/07 00:17:01.762, 1710 MHz, 2619 MHz, 302.89 W, 700.00 W, 47, 22 %, 0x0000000000000000
2026/10/07 00:17:02.262, 1710 MHz, 2619 MHz, 266.41 W, 700.00 W, 45, 34 %, 0x0000000000000000
2026/10/07 00:17:02.763, 1710 MHz, 2619 MHz, 257.78 W, 700.00 W, 44, 41 %, 0x0000000000000000
2026/10/07 00:17:03.263, 1710 MHz, 2619 MHz, 252.74 W, 700.00 W, 44, 3 %, 0x0000000000000000
2026/10/07 00:17:03.764, 1710 MHz, 2619 MHz, 255.02 W, 700.00 W, 46, 15 %, 0x0000000000000000
2026/10/07 00:17:04.264, 1710 MHz, 2619 MHz, 263.29 W, 700.00 W, 48, 40 %, 0x0000000000000000
2026/10/07 00:17:04.764, 1710 MHz, 2619 MHz, 298.80 W, 700.00 W, 50, 88 %, 0x0000000000000004
2026/10/07 00:17:05.265, 1710 MHz, 2619 MHz, 309.23 W, 700.00 W, 48, 40 %, 0x0000000000000000
2026/10/07 00:17:05.765, 1695 MHz, 2619 MHz, 294.05 W, 700.00 W, 45, 27 %, 0x0000000000000000
2026/10/07 00:17:06.266, 1710 MHz, 2619 MHz, 283.53 W, 700.00 W, 44, 35 %, 0x0000000000000000
2026/10/07 00:17:06.767, 1710 MHz, 2619 MHz, 273.87 W, 700.00 W, 44, 41 %, 0x0000000000000004
2026/10/07 00:17:07.268, 1710 MHz, 2619 MHz, 269.94 W, 700.00 W, 44, 0 %, 0x0000000000000000
2026/10/07 00:17:07.769, 1710 MHz, 2619 MHz, 272.93 W, 700.00 W, 43, 41 %, 0x0000000000000000
2026/10/07 00:17:08.269, 1710 MHz, 2619 MHz, 273.05 W, 700.00 W, 43, 20 %, 0x0000000000000000
2026/10/07 00:17:08.769, 1710 MHz, 2619 MHz, 314.24 W, 700.00 W, 47, 40 %, 0x0000000000000000
2026/10/07 00:17:09.270, 1710 MHz, 2619 MHz, 304.11 W, 700.00 W, 45, 17 %, 0x0000000000000000
2026/10/07 00:17:09.770, 1710 MHz, 2619 MHz, 252.18 W, 700.00 W, 44, 41 %, 0x0000000000000000
2026/10/07 00:17:10.271, 1710 MHz, 2619 MHz, 250.31 W, 700.00 W, 44, 22 %, 0x0000000000000000
2026/10/07 00:17:10.771, 1710 MHz, 2619 MHz, 260.89 W, 700.00 W, 47, 0 %, 0x0000000000000000
2026/10/07 00:17:11.272, 1710 MHz, 2619 MHz, 272.21 W, 700.00 W, 48, 40 %, 0x0000000000000000
2026/10/07 00:17:11.772, 1710 MHz, 2619 MHz, 267.87 W, 700.00 W, 45, 40 %, 0x0000000000000000
2026/10/07 00:17:12.273, 1710 MHz, 2619 MHz, 288.08 W, 700.00 W, 51, 17 %, 0x0000000000000000
2026/10/07 00:17:12.773, 1710 MHz, 2619 MHz, 287.86 W, 700.00 W, 47, 0 %, 0x0000000000000000
2026/10/07 00:17:13.274, 1710 MHz, 2619 MHz, 275.05 W, 700.00 W, 48, 41 %, 0x0000000000000000
2026/10/07 00:17:13.774, 1710 MHz, 2619 MHz, 267.61 W, 700.00 W, 48, 5 %, 0x0000000000000000
2026/10/07 00:17:14.275, 1710 MHz, 2619 MHz, 261.83 W, 700.00 W, 48, 43 %, 0x0000000000000000
2026/10/07 00:17:14.775, 1710 MHz, 2619 MHz, 261.91 W, 700.00 W, 46, 27 %, 0x0000000000000000
2026/10/07 00:17:15.276, 1710 MHz, 2619 MHz, 251.04 W, 700.00 W, 45, 40 %, 0x0000000000000000
2026/10/07 00:17:15.776, 1710 MHz, 2619 MHz, 253.34 W, 700.00 W, 45, 43 %, 0x0000000000000000
2026/10/07 00:17:16.276, 1710 MHz, 2619 MHz, 289.94 W, 700.00 W, 46, 49 %, 0x0000000000000004
2026/10/07 00:17:16.777, 1710 MHz, 2619 MHz, 296.35 W, 700.00 W, 44, 41 %, 0x0000000000000000
2026/10/07 00:17:17.278, 1710 MHz, 2619 MHz, 266.49 W, 700.00 W, 43, 0 %, 0x0000000000000000
2026/10/07 00:17:17.778, 1710 MHz, 2619 MHz, 271.28 W, 700.00 W, 43, 21 %, 0x0000000000000000
2026/10/07 00:17:18.279, 1710 MHz, 2619 MHz, 277.77 W, 700.00 W, 46, 40 %, 0x0000000000000000
2026/10/07 00:17:18.779, 1710 MHz, 2619 MHz, 289.52 W, 700.00 W, 47, 8 %, 0x0000000000000000
2026/10/07 00:17:19.280, 1710 MHz, 2619 MHz, 289.97 W, 700.00 W, 45, 40 %, 0x0000000000000000
2026/10/07 00:17:19.781, 1710 MHz, 2619 MHz, 282.68 W, 700.00 W, 44, 41 %, 0x0000000000000000
2026/10/07 00:17:20.281, 1710 MHz, 2619 MHz, 293.38 W, 700.00 W, 46, 38 %, 0x0000000000000000
2026/10/07 00:17:20.782, 1710 MHz, 2619 MHz, 292.29 W, 700.00 W, 47, 0 %, 0x0000000000000000
2026/10/07 00:17:21.282, 1710 MHz, 2619 MHz, 265.53 W, 700.00 W, 48, 42 %, 0x0000000000000000
2026/10/07 00:17:21.783, 1710 MHz, 2619 MHz, 271.83 W, 700.00 W, 48, 4 %, 0x0000000000000000
2026/10/07 00:17:22.283, 1710 MHz, 2619 MHz, 269.15 W, 700.00 W, 48, 42 %, 0x0000000000000000
2026/10/07 00:17:22.784, 1710 MHz, 2619 MHz, 265.21 W, 700.00 W, 46, 24 %, 0x0000000000000000
2026/10/07 00:17:23.284, 1710 MHz, 2619 MHz, 269.14 W, 700.00 W, 45, 42 %, 0x0000000000000000
2026/10/07 00:17:23.785, 1710 MHz, 2619 MHz, 272.19 W, 700.00 W, 50, 43 %, 0x0000000000000000
2026/10/07 00:17:24.285, 1710 MHz, 2619 MHz, 284.76 W, 700.00 W, 44, 26 %, 0x0000000000000000
2026/10/07 00:17:24.786, 1710 MHz, 2619 MHz, 272.98 W, 700.00 W, 45, 8 %, 0x0000000000000000
2026/10/07 00:17:25.286, 1710 MHz, 2619 MHz, 261.35 W, 700.00 W, 47, 41 %, 0x0000000000000000
2026/10/07 00:17:25.786, 1710 MHz, 2619 MHz, 262.30 W, 700.00 W, 48, 0 %, 0x0000000000000000
2026/10/07 00:17:26.287, 1710 MHz, 2619 MHz, 269.04 W, 700.00 W, 48, 42 %, 0x0000000000000000
2026/10/07 00:17:26.787, 1710 MHz, 2619 MHz, 270.89 W, 700.00 W, 47, 17 %, 0x0000000000000000
2026/10/07 00:17:27.288, 1710 MHz, 2619 MHz, 266.24 W, 700.00 W, 46, 42 %, 0x0000000000000000
2026/10/07 00:17:27.788, 1710 MHz, 2619 MHz, 290.88 W, 700.00 W, 47, 98 %, 0x0000000000000004
2026/10/07 00:17:28.289, 1710 MHz, 2619 MHz, 300.84 W, 700.00 W, 44, 26 %, 0x0000000000000000
2026/10/07 00:17:28.790, 1710 MHz, 2619 MHz, 270.29 W, 700.00 W, 44, 42 %, 0x0000000000000000
2026/10/07 00:17:29.290, 1710 MHz, 2619 MHz, 269.35 W, 700.00 W, 43, 0 %, 0x0000000000000000
2026/10/07 00:17:29.791, 1710 MHz, 2619 MHz, 274.61 W, 700.00 W, 43, 34 %, 0x0000000000000000
2026/10/07 00:17:30.291, 1710 MHz, 2619 MHz, 269.67 W, 700.00 W, 44, 39 %, 0x0000000000000000
2026/10/07 00:17:30.792, 1710 MHz, 2619 MHz, 267.65 W, 700.00 W, 43, 0 %, 0x0000000000000004
2026/10/07 00:17:31.292, 1710 MHz, 2619 MHz, 269.02 W, 700.00 W, 43, 41 %, 0x0000000000000000
2026/10/07 00:17:31.793, 1710 MHz, 2619 MHz, 315.10 W, 700.00 W, 48, 43 %, 0x0000000000000000
2026/10/07 00:17:32.293, 1710 MHz, 2619 MHz, 308.97 W, 700.00 W, 46, 28 %, 0x0000000000000000
2026/10/07 00:17:32.794, 1710 MHz, 2619 MHz, 270.30 W, 700.00 W, 45, 42 %, 0x0000000000000000
2026/10/07 00:17:33.294, 1710 MHz, 2619 MHz, 271.74 W, 700.00 W, 45, 43 %, 0x0000000000000000
2026/10/07 00:17:33.794, 1710 MHz, 2619 MHz, 264.48 W, 700.00 W, 45, 16 %, 0x0000000000000000
2026/10/07 00:17:34.295, 1710 MHz, 2619 MHz, 257.68 W, 700.00 W, 44, 43 %, 0x0000000000000000
2026/10/07 00:17:34.795, 1710 MHz, 2619 MHz, 257.93 W, 700.00 W, 44, 1 %, 0x0000000000000000
2026/10/07 00:17:35.296, 1710 MHz, 2619 MHz, 299.00 W, 700.00 W, 51, 86 %, 0x0000000000000000
2026/10/07 00:17:35.796, 1710 MHz, 2619 MHz, 304.53 W, 700.00 W, 48, 40 %, 0x0000000000000000
2026/10/07 00:17:36.297, 1710 MHz, 2619 MHz, 278.56 W, 700.00 W, 45, 37 %, 0x0000000000000000
2026/10/07 00:17:36.797, 1710 MHz, 2619 MHz, 257.54 W, 700.00 W, 44, 24 %, 0x0000000000000000
2026/10/07 00:17:37.298, 1710 MHz, 2619 MHz, 253.96 W, 700.00 W, 44, 42 %, 0x0000000000000000
2026/10/07 00:17:37.798, 1710 MHz, 2619 MHz, 250.59 W, 700.00 W, 43, 4 %, 0x0000000000000000
2026/10/07 00:17:38.298, 1710 MHz, 2619 MHz, 250.75 W, 700.00 W, 43, 16 %, 0x0000000000000000
2026/10/07 00:17:38.799, 1710 MHz, 2619 MHz, 259.20 W, 700.00 W, 47, 42 %, 0x0000000000000000
2026/10/07 00:17:39.299, 1710 MHz, 2619 MHz, 310.22 W, 700.00 W, 48, 15 %, 0x0000000000000000
2026/10/07 00:17:39.800, 1695 MHz, 2619 MHz, 313.02 W, 700.00 W, 45, 43 %, 0x0000000000000000
2026/10/07 00:17:40.300, 1710 MHz, 2619 MHz, 281.97 W, 700.00 W, 44, 40 %, 0x0000000000000000
2026/10/07 00:17:40.801, 1710 MHz, 2619 MHz, 276.13 W, 700.00 W, 44, 29 %, 0x0000000000000000
2026/10/07 00:17:41.301, 1710 MHz, 2619 MHz, 270.92 W, 700.00 W, 44, 43 %, 0x0000000000000004
2026/10/07 00:17:41.802, 1710 MHz, 2619 MHz, 270.43 W, 700.00 W, 44, 5 %, 0x0000000000000000
2026/10/07 00:17:42.302, 1710 MHz, 2619 MHz, 272.13 W, 700.00 W, 43, 43 %, 0x0000000000000000
2026/10/07 00:17:42.803, 1710 MHz, 2619 MHz, 271.69 W, 700.00 W, 43, 0 %, 0x0000000000000000
2026/10/07 00:17:43.303, 1710 MHz, 2619 MHz, 313.90 W, 700.00 W, 48, 17 %, 0x0000000000000000
2026/10/07 00:17:43.803, 1710 MHz, 2619 MHz, 307.58 W, 700.00 W, 46, 43 %, 0x0000000000000000
2026/10/07 00:17:44.304, 1710 MHz, 2619 MHz, 261.10 W, 700.00 W, 45, 44 %, 0x0000000000000000
2026/10/07 00:17:44.804, 1710 MHz, 2619 MHz, 263.95 W, 700.00 W, 45, 24 %, 0x0000000000000000
2026/10/07 00:17:45.305, 1710 MHz, 2619 MHz, 260.89 W, 700.00 W, 44, 43 %, 0x0000000000000000
2026/10/07 00:17:45.805, 1710 MHz, 2619 MHz, 257.96 W, 700.00 W, 44, 0 %, 0x0000000000000000
2026/10/07 00:17:46.306, 1710 MHz, 2619 MHz, 263.13 W, 700.00 W, 44, 43 %, 0x0000000000000000
2026/10/07 00:17:46.806, 1710 MHz, 2619 MHz, 310.77 W, 700.00 W, 50, 10 %, 0x0000000000000000
2026/10/07 00:17:47.307, 1710 MHz, 2619 MHz, 306.00 W, 700.00 W, 46, 36 %, 0x0000000000000000
2026/10/07 00:17:47.807, 1710 MHz, 2619 MHz, 260.95 W, 700.00 W, 45, 26 %, 0x0000000000000000
2026/10/07 00:17:48.307, 1710 MHz, 2619 MHz, 257.37 W, 700.00 W, 44, 43 %, 0x0000000000000000
2026/10/07 00:17:48.808, 1710 MHz, 2619 MHz, 256.71 W, 700.00 W, 44, 0 %, 0x0000000000000000
2026/10/07 00:17:49.308, 1710 MHz, 2619 MHz, 260.73 W, 700.00 W, 43, 27 %, 0x0000000000000000
2026/10/07 00:17:49.809, 1710 MHz, 2619 MHz, 268.55 W, 700.00 W, 45, 36 %, 0x0000000000000000
2026/10/07 00:17:50.309, 1710 MHz, 2619 MHz, 276.63 W, 700.00 W, 47, 0 %, 0x0000000000000000
2026/10/07 00:17:50.810, 1710 MHz, 2619 MHz, 311.93 W, 700.00 W, 46, 51 %, 0x0000000000000000
2026/10/07 00:17:51.310, 1710 MHz, 2619 MHz, 303.28 W, 700.00 W, 45, 43 %, 0x0000000000000000
2026/10/07 00:17:51.811, 1710 MHz, 2619 MHz, 270.30 W, 700.00 W, 44, 23 %, 0x0000000000000000
2026/10/07 00:17:52.311, 1710 MHz, 2619 MHz, 269.32 W, 700.00 W, 44, 43 %, 0x0000000000000000
2026/10/07 00:17:52.812, 1710 MHz, 2619 MHz, 266.68 W, 700.00 W, 43, 0 %, 0x0000000000000000
2026/10/07 00:17:53.312, 1710 MHz, 2619 MHz, 270.74 W, 700.00 W, 43, 43 %, 0x0000000000000000
2026/10/07 00:17:53.813, 1710 MHz, 2619 MHz, 271.11 W, 700.00 W, 43, 13 %, 0x0000000000000000
2026/10/07 00:17:54.314, 1710 MHz, 2619 MHz, 271.84 W, 700.00 W, 43, 16 %, 0x0000000000000000
2026/10/07 00:17:54.815, 1710 MHz, 2619 MHz, 317.96 W, 700.00 W, 46, 36 %, 0x0000000000000000
2026/10/07 00:17:55.315, 1710 MHz, 2619 MHz, 310.48 W, 700.00 W, 45, 44 %, 0x0000000000000000
2026/10/07 00:17:55.816, 1710 MHz, 2619 MHz, 263.10 W, 700.00 W, 44, 0 %, 0x0000000000000000
2026/10/07 00:17:56.316, 1710 MHz, 2619 MHz, 267.26 W, 700.00 W, 44, 43 %, 0x0000000000000000
2026/10/07 00:17:56.817, 1710 MHz, 2619 MHz, 267.23 W, 700.00 W, 44, 16 %, 0x0000000000000000
2026/10/07 00:17:57.317, 1710 MHz, 2619 MHz, 271.43 W, 700.00 W, 44, 11 %, 0x0000000000000000
2026/10/07 00:17:57.818, 1710 MHz, 2619 MHz, 277.65 W, 700.00 W, 47, 44 %, 0x0000000000000000
2026/10/07 00:17:58.318, 1710 MHz, 2619 MHz, 299.89 W, 700.00 W, 47, 69 %, 0x0000000000000000
2026/10/07 00:17:58.819, 1710 MHz, 2619 MHz, 297.13 W, 700.00 W, 44, 0 %, 0x0000000000000000
2026/10/07 00:17:59.319, 1710 MHz, 2619 MHz, 257.95 W, 700.00 W, 44, 44 %, 0x0000000000000000
2026/10/07 00:17:59.820, 1710 MHz, 2619 MHz, 257.46 W, 700.00 W, 44, 12 %, 0x0000000000000000
2026/10/07 00:18:00.320, 1710 MHz, 2619 MHz, 263.42 W, 700.00 W, 43, 18 %, 0x0000000000000000
2026/10/07 00:18:00.821, 1710 MHz, 2619 MHz, 272.32 W, 700.00 W, 46, 40 %, 0x0000000000000000
2026/10/07 00:18:01.321, 1710 MHz, 2619 MHz, 276.73 W, 700.00 W, 47, 0 %, 0x0000000000000000
2026/10/07 00:18:01.822, 1710 MHz, 2619 MHz, 268.52 W, 700.00 W, 48, 44 %, 0x0000000000000000
2026/10/07 00:18:02.322, 1710 MHz, 2619 MHz, 300.42 W, 700.00 W, 45, 44 %, 0x0000000000000000
2026/10/07 00:18:02.823, 1710 MHz, 2619 MHz, 297.61 W, 700.00 W, 44, 14 %, 0x0000000000000000
2026/10/07 00:18:03.323, 1710 MHz, 2619 MHz, 262.62 W, 700.00 W, 43, 43 %, 0x0000000000000000
2026/10/07 00:18:03.824, 1710 MHz, 2619 MHz, 262.61 W, 700.00 W, 43, 8 %, 0x0000000000000000
2026/10/07 00:18:04.325, 1710 MHz, 2619 MHz, 273.33 W, 700.00 W, 43, 17 %, 0x0000000000000000
2026/10/07 00:18:04.825, 1710 MHz, 2619 MHz, 284.59 W, 700.00 W, 45, 43 %, 0x0000000000000000
2026/10/07 00:18:05.326, 1710 MHz, 2619 MHz, 287.81 W, 700.00 W, 47, 4 %, 0x0000000000000000
2026/10/07 00:18:05.826, 1710 MHz, 2619 MHz, 286.94 W, 700.00 W, 48, 43 %, 0x0000000000000000
2026/10/07 00:18:06.327, 1710 MHz, 2619 MHz, 300.67 W, 700.00 W, 45, 44 %, 0x0000000000000000
2026/10/07 00:18:06.827, 1710 MHz, 2619 MHz, 288.27 W, 700.00 W, 44, 14 %, 0x0000000000000000
2026/10/07 00:18:07.328, 1710 MHz, 2619 MHz, 273.86 W, 700.00 W, 43, 19 %, 0x0000000000000000
2026/10/07 00:18:07.829, 1710 MHz, 2619 MHz, 278.40 W, 700.00 W, 46, 39 %, 0x0000000000000000
2026/10/07 00:18:08.329, 1710 MHz, 2619 MHz, 283.06 W, 700.00 W, 47, 0 %, 0x0000000000000000
2026/10/07 00:18:08.830, 1710 MHz, 2619 MHz, 285.21 W, 700.00 W, 48, 45 %, 0x0000000000000000
2026/10/07 00:18:09.330, 1710 MHz, 2619 MHz, 284.30 W, 700.00 W, 48, 16 %, 0x0000000000000000
2026/10/07 00:18:09.831, 1710 MHz, 2619 MHz, 293.80 W, 700.00 W, 46, 89 %, 0x0000000000000000
2026/10/07 00:18:10.331, 1710 MHz, 2619 MHz, 287.62 W, 700.00 W, 44, 28 %, 0x0000000000000000
2026/10/07 00:18:10.832, 1710 MHz, 2619 MHz, 268.61 W, 700.00 W, 45, 36 %, 0x0000000000000000
2026/10/07 00:18:11.332, 1710 MHz, 2619 MHz, 280.98 W, 700.00 W, 47, 0 %, 0x0000000000000000
2026/10/07 00:18:11.832, 1710 MHz, 2619 MHz, 281.31 W, 700.00 W, 47, 44 %, 0x0000000000000000
2026/10/07 00:18:12.333, 1710 MHz, 2619 MHz, 273.66 W, 700.00 W, 45, 37 %, 0x0000000000000000
2026/10/07 00:18:12.833, 1710 MHz, 2619 MHz, 266.36 W, 700.00 W, 44, 26 %, 0x0000000000000000
2026/10/07 00:18:13.334, 1710 MHz, 2619 MHz, 267.01 W, 700.00 W, 44, 44 %, 0x0000000000000000
2026/10/07 00:18:13.834, 1710 MHz, 2619 MHz, 300.55 W, 700.00 W, 45, 33 %, 0x0000000000000000
2026/10/07 00:18:14.335, 1710 MHz, 2619 MHz, 309.12 W, 700.00 W, 46, 0 %, 0x0000000000000000
2026/10/07 00:18:14.835, 1710 MHz, 2619 MHz, 284.05 W, 700.00 W, 47, 44 %, 0x0000000000000000
2026/10/07 00:18:15.336, 1710 MHz, 2619 MHz, 279.14 W, 700.00 W, 45, 21 %, 0x0000000000000000
2026/10/07 00:18:15.836, 1710 MHz, 2619 MHz, 274.17 W, 700.00 W, 44, 44 %, 0x0000000000000000
2026/10/07 00:18:16.336, 1710 MHz, 2619 MHz, 266.80 W, 700.00 W, 44, 44 %, 0x0000000000000000
2026/10/07 00:18:16.837, 1710 MHz, 2619 MHz, 263.32 W, 700.00 W, 43, 12 %, 0x0000000000000000
2026/10/07 00:18:17.337, 1710 MHz, 2619 MHz, 309.48 W, 700.00 W, 50, 84 %, 0x0000000000000000
2026/10/07 00:18:17.838, 1710 MHz, 2619 MHz, 321.78 W, 700.00 W, 47, 44 %, 0x0000000000000000
2026/10/07 00:18:18.338, 1710 MHz, 2619 MHz, 294.27 W, 700.00 W, 48, 0 %, 0x0000000000000000
2026/10/07 00:18:18.839, 1710 MHz, 2619 MHz, 291.81 W, 700.00 W, 49, 46 %, 0x0000000000000000
2026/10/07 00:18:19.339, 1710 MHz, 2619 MHz, 280.88 W, 700.00 W, 46, 28 %, 0x0000000000000000
2026/10/07 00:18:19.840, 1710 MHz, 2619 MHz, 272.73 W, 700.00 W, 45, 40 %, 0x0000000000000000
2026/10/07 00:18:20.340, 1710 MHz, 2619 MHz, 276.30 W, 700.00 W, 45, 46 %, 0x0000000000000000
2026/10/07 00:18:20.840, 1710 MHz, 2619 MHz, 276.96 W, 700.00 W, 44, 9 %, 0x0000000000000000
2026/10/07 00:18:21.341, 1710 MHz, 2619 MHz, 319.17 W, 700.00 W, 49, 0 %, 0x0000000000000000
2026/10/07 00:18:21.841, 1710 MHz, 2619 MHz, 309.55 W, 700.00 W, 49, 45 %, 0x0000000000000000
2026/10/07 00:18:22.342, 1710 MHz, 2619 MHz, 270.10 W, 700.00 W, 46, 32 %, 0x0000000000000000
2026/10/07 00:18:22.842, 1710 MHz, 2619 MHz, 260.95 W, 700.00 W, 45, 36 %, 0x0000000000000000
2026/10/07 00:18:23.343, 1710 MHz, 2619 MHz, 261.25 W, 700.00 W, 44, 45 %, 0x0000000000000000
2026/10/07 00:18:23.843, 1710 MHz, 2619 MHz, 262.47 W, 700.00 W, 44, 0 %, 0x0000000000000000
2026/10/07 00:18:24.344, 1710 MHz, 2619 MHz, 262.11 W, 700.00 W, 44, 42 %, 0x0000000000000000
2026/10/07 00:18:24.844, 1710 MHz, 2619 MHz, 264.37 W, 700.00 W, 43, 20 %, 0x0000000000000000
2026/10/07 00:18:25.345, 1710 MHz, 2619 MHz, 315.70 W, 700.00 W, 47, 21 %, 0x0000000000000000
2026/10/07 00:18:25.846, 1710 MHz, 2619 MHz, 310.80 W, 700.00 W, 45, 46 %, 0x0000000000000000
2026/10/07 00:18:26.346, 1710 MHz, 2619 MHz, 260.99 W, 700.00 W, 44, 46 %, 0x0000000000000000
2026/10/07 00:18:26.846, 1710 MHz, 2619 MHz, 258.96 W, 700.00 W, 44, 17 %, 0x0000000000000000
2026/10/07 00:18:27.347, 1710 MHz, 2619 MHz, 261.50 W, 700.00 W, 43, 46 %, 0x0000000000000000
2026/10/07 00:18:27.848, 1710 MHz, 2619 MHz, 266.32 W, 700.00 W, 43, 0 %, 0x0000000000000000
2026/10/07 00:18:28.349, 1710 MHz, 2619 MHz, 265.86 W, 700.00 W, 43, 30 %, 0x0000000000000000
2026/10/07 00:18:28.850, 1710 MHz, 2619 MHz, 327.15 W, 700.00 W, 51, 30 %, 0x0000000000000000
2026/10/07 00:18:29.350, 1710 MHz, 2619 MHz, 340.79 W, 700.00 W, 47, 26 %, 0x0000000000000000
2026/10/07 00:18:29.850, 1710 MHz, 2619 MHz, 288.46 W, 700.00 W, 46, 44 %, 0x0000000000000000
2026/10/07 00:18:30.351, 1710 MHz, 2619 MHz, 289.97 W, 700.00 W, 45, 49 %, 0x0000000000000000
2026/10/07 00:18:30.852, 1710 MHz, 2619 MHz, 282.38 W, 700.00 W, 45, 13 %, 0x0000000000000000
2026/10/07 00:18:31.352, 1710 MHz, 2619 MHz, 278.71 W, 700.00 W, 44, 48 %, 0x0000000000000000
2026/10/07 00:18:31.853, 1710 MHz, 2619 MHz, 280.38 W, 700.00 W, 44, 6 %, 0x0000000000000000
2026/10/07 00:18:32.353, 1710 MHz, 2619 MHz, 291.38 W, 700.00 W, 44, 27 %, 0x0000000000000000
2026/10/07 00:18:32.854, 1710 MHz, 2619 MHz, 339.96 W, 700.00 W, 50, 69 %, 0x0000000000000000
2026/10/07 00:18:33.354, 1710 MHz, 2619 MHz, 331.17 W, 700.00 W, 46, 38 %, 0x0000000000000000
2026/10/07 00:18:33.855, 1710 MHz, 2619 MHz, 271.55 W, 700.00 W, 45, 29 %, 0x0000000000000000
2026/10/07 00:18:34.355, 1710 MHz, 2619 MHz, 267.85 W, 700.00 W, 44, 47 %, 0x0000000000000000
2026/10/07 00:18:34.856, 1710 MHz, 2619 MHz, 266.91 W, 700.00 W, 44, 0 %, 0x0000000000000000
2026/10/07 00:18:35.356, 1710 MHz, 2619 MHz, 274.25 W, 700.00 W, 43, 28 %, 0x0000000000000000
2026/10/07 00:18:35.857, 1710 MHz, 2619 MHz, 286.20 W, 700.00 W, 46, 40 %, 0x0000000000000000
2026/10/07 00:18:36.357, 1710 MHz, 2619 MHz, 286.36 W, 700.00 W, 45, 0 %, 0x0000000000000000
2026/10/07 00:18:36.858, 1710 MHz, 2619 MHz, 312.57 W, 700.00 W, 45, 45 %, 0x0000000000000000
2026/10/07 00:18:37.359, 1710 MHz, 2619 MHz, 302.33 W, 700.00 W, 44, 50 %, 0x0000000000000000
2026/10/07 00:18:37.859, 1710 MHz, 2619 MHz, 253.65 W, 700.00 W, 43, 14 %, 0x0000000000000000
2026/10/07 00:18:38.360, 1710 MHz, 2619 MHz, 252.47 W, 700.00 W, 43, 50 %, 0x0000000000000000
2026/10/07 00:18:38.861, 1710 MHz, 2619 MHz, 256.02 W, 700.00 W, 43, 4 %, 0x0000000000000000
2026/10/07 00:18:39.362, 1710 MHz, 2619 MHz, 260.45 W, 700.00 W, 43, 31 %, 0x0000000000000000
2026/10/07 00:18:39.862, 1710 MHz, 2619 MHz, 263.06 W, 700.00 W, 44, 36 %, 0x0000000000000000
2026/10/07 00:18:40.363, 1710 MHz, 2619 MHz, 307.66 W, 700.00 W, 48, 95 %, 0x0000000000000000
2026/10/07 00:18:40.863, 1710 MHz, 2619 MHz, 313.08 W, 700.00 W, 45, 39 %, 0x0000000000000000
2026/10/07 00:18:41.364, 1710 MHz, 2619 MHz, 266.59 W, 700.00 W, 44, 51 %, 0x0000000000000000
2026/10/07 00:18:41.865, 1710 MHz, 2619 MHz, 268.46 W, 700.00 W, 43, 4 %, 0x0000000000000000
2026/10/07 00:18:42.365, 1710 MHz, 2619 MHz, 280.08 W, 700.00 W, 44, 21 %, 0x0000000000000000
2026/10/07 00:18:42.866, 1710 MHz, 2619 MHz, 288.59 W, 700.00 W, 46, 50 %, 0x0000000000000000
2026/10/07 00:18:43.366, 1710 MHz, 2619 MHz, 290.16 W, 700.00 W, 46, 23 %, 0x0000000000000000
2026/10/07 00:18:43.867, 1710 MHz, 2619 MHz, 283.85 W, 700.00 W, 44, 46 %, 0x0000000000000000
2026/10/07 00:18:44.368, 1710 MHz, 2619 MHz, 297.77 W, 700.00 W, 44, 45 %, 0x0000000000000000
2026/10/07 00:18:44.868, 1710 MHz, 2619 MHz, 296.53 W, 700.00 W, 43, 23 %, 0x0000000000000000
2026/10/07 00:18:45.369, 1710 MHz, 2619 MHz, 273.18 W, 700.00 W, 45, 7 %, 0x0000000000000000
2026/10/07 00:18:45.869, 1710 MHz, 2619 MHz, 274.78 W, 700.00 W, 46, 50 %, 0x0000000000000000
2026/10/07 00:18:46.370, 1710 MHz, 2619 MHz, 273.32 W, 700.00 W, 46, 21 %, 0x0000000000000000
2026/10/07 00:18:46.870, 1710 MHz, 2619 MHz, 265.06 W, 700.00 W, 44, 50 %, 0x0000000000000000
2026/10/07 00:18:47.371, 1710 MHz, 2619 MHz, 257.45 W, 700.00 W, 43, 50 %, 0x0000000000000000
2026/10/07 00:18:47.872, 1710 MHz, 2619 MHz, 288.02 W, 700.00 W, 47, 11 %, 0x0000000000000000
2026/10/07 00:18:48.372, 1710 MHz, 2619 MHz, 306.00 W, 700.00 W, 45, 17 %, 0x0000000000000000
2026/10/07 00:18:48.873, 1710 MHz, 2619 MHz, 297.52 W, 700.00 W, 47, 49 %, 0x0000000000000000
2026/10/07 00:18:49.373, 1710 MHz, 2619 MHz, 283.59 W, 700.00 W, 44, 49 %, 0x0000000000000000
2026/10/07 00:18:49.874, 1710 MHz, 2619 MHz, 261.73 W, 700.00 W, 43, 17 %, 0x0000000000000000
2026/10/07 00:18:50.375, 1710 MHz, 2619 MHz, 256.79 W, 700.00 W, 43, 49 %, 0x0000000000000000
2026/10/07 00:18:50.876, 1710 MHz, 2619 MHz, 259.35 W, 700.00 W, 43, 7 %, 0x0000000000000000
2026/10/07 00:18:51.376, 1710 MHz, 2619 MHz, 274.48 W, 700.00 W, 43, 19 %, 0x0000000000000000
2026/10/07 00:18:51.877, 1710 MHz, 2619 MHz, 308.47 W, 700.00 W, 46, 57 %, 0x0000000000000000
2026/10/07 00:18:52.377, 1710 MHz, 2619 MHz, 292.56 W, 700.00 W, 44, 50 %, 0x0000000000000000
2026/10/07 00:18:52.878, 1710 MHz, 2619 MHz, 249.62 W, 700.00 W, 43, 18 %, 0x0000000000000000
2026/10/07 00:18:53.379, 1710 MHz, 2619 MHz, 250.23 W, 700.00 W, 43, 50 %, 0x0000000000000000
2026/10/07 00:18:53.879, 1710 MHz, 2619 MHz, 257.52 W, 700.00 W, 43, 10 %, 0x0000000000000000
2026/10/07 00:18:54.380, 1710 MHz, 2619 MHz, 267.08 W, 700.00 W, 43, 20 %, 0x0000000000000000
2026/10/07 00:18:54.880, 1710 MHz, 2619 MHz, 270.08 W, 700.00 W, 45, 49 %, 0x0000000000000000
2026/10/07 00:18:55.381, 1710 MHz, 2619 MHz, 274.04 W, 700.00 W, 46, 6 %, 0x0000000000000000
2026/10/07 00:18:55.882, 1710 MHz, 2619 MHz, 290.75 W, 700.00 W, 44, 27 %, 0x0000000000000000
2026/10/07 00:18:56.382, 1710 MHz, 2619 MHz, 288.25 W, 700.00 W, 43, 50 %, 0x0000000000000000
2026/10/07 00:18:56.883, 1710 MHz, 2619 MHz, 254.30 W, 700.00 W, 43, 0 %, 0x0000000000000000
2026/10/07 00:18:57.383, 1710 MHz, 2619 MHz, 256.73 W, 700.00 W, 43, 42 %, 0x0000000000000000
2026/10/07 00:18:57.884, 1710 MHz, 2619 MHz, 267.91 W, 700.00 W, 43, 25 %, 0x0000000000000000
2026/10/07 00:18:58.384, 1710 MHz, 2619 MHz, 273.73 W, 700.00 W, 44, 9 %, 0x0000000000000000
2026/10/07 00:18:58.885, 1710 MHz, 2619 MHz, 271.89 W, 700.00 W, 45, 50 %, 0x0000000000000000
2026/10/07 00:18:59.385, 1710 MHz, 2619 MHz, 302.69 W, 700.00 W, 48, 97 %, 0x0000000000000000
2026/10/07 00:18:59.886, 1710 MHz, 2619 MHz, 313.36 W, 700.00 W, 46, 39 %, 0x0000000000000000
2026/10/07 00:19:00.386, 1710 MHz, 2619 MHz, 283.50 W, 700.00 W, 45, 48 %, 0x0000000000000000
2026/10/07 00:19:00.887, 1710 MHz, 2619 MHz, 288.21 W, 700.00 W, 44, 8 %, 0x0000000000000000
2026/10/07 00:19:01.387, 1710 MHz, 2619 MHz, 284.01 W, 700.00 W, 44, 48 %, 0x0000000000000000
2026/10/07 00:19:01.888, 1710 MHz, 2619 MHz, 287.77 W, 700.00 W, 44, 13 %, 0x0000000000000000
2026/10/07 00:19:02.388, 1710 MHz, 2619 MHz, 295.25 W, 700.00 W, 44, 20 %, 0x0000000000000000
2026/10/07 00:19:02.889, 1710 MHz, 2619 MHz, 304.78 W, 700.00 W, 47, 46 %, 0x0000000000000000
2026/10/07 00:19:03.389, 1710 MHz, 2619 MHz, 331.67 W, 700.00 W, 47, 39 %, 0x0000000000000000
2026/10/07 00:19:03.890, 1710 MHz, 2619 MHz, 313.75 W, 700.00 W, 45, 32 %, 0x0000000000000000
2026/10/07 00:19:04.390, 1710 MHz, 2619 MHz, 265.36 W, 700.00 W, 44, 48 %, 0x0000000000000000
2026/10/07 00:19:04.891, 1710 MHz, 2619 MHz, 268.57 W, 700.00 W, 44, 4 %, 0x0000000000000000
2026/10/07 00:19:05.391, 1710 MHz, 2619 MHz, 272.25 W, 700.00 W, 44, 48 %, 0x0000000000000000
2026/10/07 00:19:05.892, 1710 MHz, 2619 MHz, 277.57 W, 700.00 W, 44, 14 %, 0x0000000000000000
2026/10/07 00:19:06.392, 1710 MHz, 2619 MHz, 278.79 W, 700.00 W, 43, 18 %, 0x0000000000000000
2026/10/07 00:19:06.893, 1710 MHz, 2619 MHz, 286.84 W, 700.00 W, 45, 45 %, 0x0000000000000000
2026/10/07 00:19:07.393, 1710 MHz, 2619 MHz, 305.94 W, 700.00 W, 45, 46 %, 0x0000000000000000
2026/10/07 00:19:07.894, 1710 MHz, 2619 MHz, 298.24 W, 700.00 W, 44, 5 %, 0x0000000000000000
2026/10/07 00:19:08.394, 1710 MHz, 2619 MHz, 266.06 W, 700.00 W, 43, 46 %, 0x0000000000000000
2026/10/07 00:19:08.895, 1710 MHz, 2619 MHz, 269.28 W, 700.00 W, 43, 12 %, 0x0000000000000000
2026/10/07 00:19:09.395, 1710 MHz, 2619 MHz, 275.78 W, 700.00 W, 43, 19 %, 0x0000000000000000
2026/10/07 00:19:09.896, 1710 MHz, 2619 MHz, 281.99 W, 700.00 W, 45, 44 %, 0x0000000000000000
2026/10/07 00:19:10.396, 1710 MHz, 2619 MHz, 279.78 W, 700.00 W, 46, 0 %, 0x0000000000000000
2026/10/07 00:19:10.896, 1710 MHz, 2619 MHz, 293.77 W, 700.00 W, 47, 48 %, 0x0000000000000004
2026/10/07 00:19:11.397, 1710 MHz, 2619 MHz, 293.55 W, 700.00 W, 45, 46 %, 0x0000000000000000
2026/10/07 00:19:11.897, 1710 MHz, 2619 MHz, 269.69 W, 700.00 W, 44, 0 %, 0x0000000000000000
2026/10/07 00:19:12.398, 1710 MHz, 2619 MHz, 280.23 W, 700.00 W, 44, 46 %, 0x0000000000000000
2026/10/07 00:19:12.898, 1710 MHz, 2619 MHz, 286.36 W, 700.00 W, 44, 16 %, 0x0000000000000000
2026/10/07 00:19:13.399, 1710 MHz, 2619 MHz, 290.01 W, 700.00 W, 44, 14 %, 0x0000000000000000
2026/10/07 00:19:13.899, 1710 MHz, 2619 MHz, 284.08 W, 700.00 W, 47, 46 %, 0x0000000000000000
2026/10/07 00:19:14.399, 1710 MHz, 2619 MHz, 278.89 W, 700.00 W, 48, 4 %, 0x0000000000000000
2026/10/07 00:19:14.900, 1710 MHz, 2619 MHz, 292.21 W, 700.00 W, 45, 0 %, 0x0000000000000000
2026/10/07 00:19:15.400, 1710 MHz, 2619 MHz, 290.65 W, 700.00 W, 44, 42 %, 0x0000000000000000
2026/10/07 00:19:15.900, 1710 MHz, 2619 MHz, 278.18 W, 700.00 W, 44, 22 %, 0x0000000000000000
2026/10/07 00:19:16.401, 1710 MHz, 2619 MHz, 288.97 W, 700.00 W, 46, 5 %, 0x0000000000000000
2026/10/07 00:19:16.901, 1710 MHz, 2619 MHz, 288.96 W, 700.00 W, 48, 45 %, 0x0000000000000000
2026/10/07 00:19:17.402, 1710 MHz, 2619 MHz, 274.22 W, 700.00 W, 47, 18 %, 0x0000000000000000
2026/10/07 00:19:17.902, 1710 MHz, 2619 MHz, 269.03 W, 700.00 W, 45, 45 %, 0x0000000000000000
2026/10/07 00:19:18.403, 1710 MHz, 2619 MHz, 301.80 W, 700.00 W, 49, 53 %, 0x0000000000000000
2026/10/07 00:19:18.903, 1710 MHz, 2619 MHz, 316.77 W, 700.00 W, 45, 37 %, 0x0000000000000000
2026/10/07 00:19:19.403, 1710 MHz, 2619 MHz, 286.92 W, 700.00 W, 47, 0 %, 0x0000000000000000
2026/10/07 00:19:19.904, 1710 MHz, 2619 MHz, 273.62 W, 700.00 W, 47, 44 %, 0x0000000000000000
2026/10/07 00:19:20.405, 1710 MHz, 2619 MHz, 264.00 W, 700.00 W, 45, 26 %, 0x0000000000000000
2026/10/07 00:19:20.905, 1710 MHz, 2619 MHz, 265.08 W, 700.00 W, 44, 39 %, 0x0000000000000000
2026/10/07 00:19:21.406, 1710 MHz, 2619 MHz, 264.97 W, 700.00 W, 44, 44 %, 0x0000000000000000
2026/10/07 00:19:21.907, 1710 MHz, 2619 MHz, 267.68 W, 700.00 W, 44, 5 %, 0x0000000000000000
2026/10/07 00:19:22.407, 1710 MHz, 2619 MHz, 309.02 W, 700.00 W, 45, 27 %, 0x0000000000000000
2026/10/07 00:19:22.907, 1710 MHz, 2619 MHz, 314.17 W, 700.00 W, 44, 31 %, 0x0000000000000000
2026/10/07 00:19:23.408, 1710 MHz, 2619 MHz, 281.41 W, 700.00 W, 47, 2 %, 0x0000000000000000
2026/10/07 00:19:23.909, 1710 MHz, 2619 MHz, 275.34 W, 700.00 W, 48, 45 %, 0x0000000000000000
2026/10/07 00:19:24.409, 1710 MHz, 2619 MHz, 268.54 W, 700.00 W, 48, 8 %, 0x0000000000000000
2026/10/07 00:19:24.909, 1710 MHz, 2619 MHz, 270.12 W, 700.00 W, 47, 45 %, 0x0000000000000000
2026/10/07 00:19:25.410, 1710 MHz, 2619 MHz, 268.74 W, 700.00 W, 46, 33 %, 0x0000000000000000
2026/10/07 00:19:25.910, 1710 MHz, 2619 MHz, 266.80 W, 700.00 W, 45, 36 %, 0x0000000000000000
2026/10/07 00:19:26.411, 1710 MHz, 2619 MHz, 304.47 W, 700.00 W, 45, 17 %, 0x0000000000000000
2026/10/07 00:19:26.911, 1710 MHz, 2619 MHz, 303.71 W, 700.00 W, 47, 44 %, 0x0000000000000000
2026/10/07 00:19:27.412, 1710 MHz, 2619 MHz, 273.16 W, 700.00 W, 48, 7 %, 0x0000000000000000
2026/10/07 00:19:27.912, 1710 MHz, 2619 MHz, 261.66 W, 700.00 W, 46, 44 %, 0x0000000000000000
2026/10/07 00:19:28.413, 1710 MHz, 2619 MHz, 255.67 W, 700.00 W, 45, 44 %, 0x0000000000000000
2026/10/07 00:19:28.913, 1710 MHz, 2619 MHz, 255.76 W, 700.00 W, 44, 18 %, 0x0000000000000000
2026/10/07 00:19:29.414, 1710 MHz, 2619 MHz, 259.03 W, 700.00 W, 44, 44 %, 0x0000000000000000
2026/10/07 00:19:29.914, 1710 MHz, 2619 MHz, 313.82 W, 700.00 W, 50, 6 %, 0x0000000000000000
2026/10/07 00:19:30.415, 1710 MHz, 2619 MHz, 312.96 W, 700.00 W, 46, 30 %, 0x0000000000000000
2026/10/07 00:19:30.916, 1710 MHz, 2619 MHz, 264.03 W, 700.00 W, 45, 34 %, 0x0000000000000000
2026/10/07 00:19:31.416, 1710 MHz, 2619 MHz, 262.91 W, 700.00 W, 44, 43 %, 0x0000000000000000
2026/10/07 00:19:31.917, 1710 MHz, 2619 MHz, 266.12 W, 700.00 W, 44, 0 %, 0x0000000000000000
2026/10/07 00:19:32.417, 1710 MHz, 2619 MHz, 273.50 W, 700.00 W, 43, 36 %, 0x0000000000000000
2026/10/07 00:19:32.917, 1710 MHz, 2619 MHz, 283.75 W, 700.00 W, 43, 26 %, 0x0000000000000000
2026/10/07 00:19:33.418, 1710 MHz, 2619 MHz, 281.89 W, 700.00 W, 46, 0 %, 0x0000000000000000
2026/10/07 00:19:33.919, 1710 MHz, 2619 MHz, 299.69 W, 700.00 W, 49, 63 %, 0x0000000000000000
2026/10/07 00:19:34.419, 1710 MHz, 2619 MHz, 297.87 W, 700.00 W, 46, 36 %, 0x0000000000000000
2026/10/07 00:19:34.919, 1710 MHz, 2619 MHz, 262.82 W, 700.00 W, 45, 29 %, 0x0000000000000000
2026/10/07 00:19:35.420, 1710 MHz, 2619 MHz, 258.50 W, 700.00 W, 45, 43 %, 0x0000000000000000
2026/10/07 00:19:35.920, 1710 MHz, 2619 MHz, 260.03 W, 700.00 W, 44, 0 %, 0x0000000000000000
2026/10/07 00:19:36.421, 1710 MHz, 2619 MHz, 268.27 W, 700.00 W, 44, 39 %, 0x0000000000000000
2026/10/07 00:19:36.921, 1710 MHz, 2619 MHz, 274.91 W, 700.00 W, 44, 23 %, 0x0000000000000000
2026/10/07 00:19:37.422, 1710 MHz, 2619 MHz, 284.38 W, 700.00 W, 47, 4 %, 0x0000000000000000
2026/10/07 00:19:37.922, 1710 MHz, 2619 MHz, 307.46 W, 700.00 W, 46, 23 %, 0x0000000000000000
2026/10/07 00:19:38.422, 1710 MHz, 2619 MHz, 296.63 W, 700.00 W, 45, 44 %, 0x0000000000000000
2026/10/07 00:19:38.923, 1710 MHz, 2619 MHz, 258.86 W, 700.00 W, 44, 0 %, 0x0000000000000000
2026/10/07 00:19:39.423, 1710 MHz, 2619 MHz, 262.18 W, 700.00 W, 44, 42 %, 0x0000000000000000
2026/10/07 00:19:39.924, 1710 MHz, 2619 MHz, 269.45 W, 700.00 W, 44, 18 %, 0x0000000000000000
2026/10/07 00:19:40.424, 1710 MHz, 2619 MHz, 274.59 W, 700.00 W, 44, 12 %, 0x0000000000000000
2026/10/07 00:19:40.924, 1710 MHz, 2619 MHz, 268.48 W, 700.00 W, 47, 44 %, 0x0000000000000000
2026/10/07 00:19:41.425, 1710 MHz, 2619 MHz, 304.03 W, 700.00 W, 46, 78 %, 0x0000000000000004
2026/10/07 00:19:41.925, 1710 MHz, 2619 MHz, 306.20 W, 700.00 W, 44, 3 %, 0x0000000000000000
2026/10/07 00:19:42.426, 1710 MHz, 2619 MHz, 273.77 W, 700.00 W, 44, 43 %, 0x0000000000000000
2026/10/07 00:19:42.926, 1710 MHz, 2619 MHz, 275.54 W, 700.00 W, 43, 5 %, 0x0000000000000000
2026/10/07 00:19:43.427, 1710 MHz, 2619 MHz, 280.95 W, 700.00 W, 43, 24 %, 0x0000000000000000
2026/10/07 00:19:43.927, 1710 MHz, 2619 MHz, 286.91 W, 700.00 W, 44, 34 %, 0x0000000000000000
2026/10/07 00:19:44.428, 1710 MHz, 2619 MHz, 288.17 W, 700.00 W, 46, 0 %, 0x0000000000000000
2026/10/07 00:19:44.929, 1710 MHz, 2619 MHz, 281.93 W, 700.00 W, 47, 43 %, 0x0000000000000000
2026/10/07 00:19:45.429, 1710 MHz, 2619 MHz, 297.38 W, 700.00 W, 48, 24 %, 0x0000000000000000
2026/10/07 00:19:45.930, 1710 MHz, 2619 MHz, 291.34 W, 700.00 W, 46, 43 %, 0x0000000000000000
2026/10/07 00:19:46.430, 1710 MHz, 2619 MHz, 276.85 W, 700.00 W, 45, 43 %, 0x0000000000000000
2026/10/07 00:19:46.930, 1710 MHz, 2619 MHz, 270.63 W, 700.00 W, 49, 3 %, 0x0000000000000000
2026/10/07 00:19:47.431, 1710 MHz, 2619 MHz, 265.00 W, 700.00 W, 48, 43 %, 0x0000000000000000
2026/10/07 00:19:47.931, 1710 MHz, 2619 MHz, 262.78 W, 700.00 W, 46, 31 %, 0x0000000000000000
2026/10/07 00:19:48.432, 1710 MHz, 2619 MHz, 260.46 W, 700.00 W, 45, 37 %, 0x0000000000000000
2026/10/07 00:19:48.932, 1710 MHz, 2619 MHz, 302.95 W, 700.00 W, 51, 57 %, 0x0000000000000000
2026/10/07 00:19:49.433, 1710 MHz, 2619 MHz, 301.42 W, 700.00 W, 48, 42 %, 0x0000000000000000
2026/10/07 00:19:49.933, 1710 MHz, 2619 MHz, 268.83 W, 700.00 W, 49, 4 %, 0x0000000000000000
2026/10/07 00:19:50.434, 1710 MHz, 2619 MHz, 256.46 W, 700.00 W, 47, 43 %, 0x0000000000000000
2026/10/07 00:19:50.934, 1710 MHz, 2619 MHz, 254.91 W, 700.00 W, 45, 42 %, 0x0000000000000000
2026/10/07 00:19:51.434, 1710 MHz, 2619 MHz, 256.10 W, 700.00 W, 45, 22 %, 0x0000000000000000
2026/10/07 00:19:51.935, 1710 MHz, 2619 MHz, 254.48 W, 700.00 W, 44, 43 %, 0x0000000000000000
2026/10/07 00:19:52.435, 1710 MHz, 2619 MHz, 259.60 W, 700.00 W, 44, 0 %, 0x0000000000000000
2026/10/07 00:19:52.936, 1710 MHz, 2619 MHz, 320.83 W, 700.00 W, 47, 26 %, 0x0000000000000000
2026/10/07 00:19:53.436, 1710 MHz, 2619 MHz, 325.22 W, 700.00 W, 45, 43 %, 0x0000000000000000
2026/10/07 00:19:53.937, 1710 MHz, 2619 MHz, 270.02 W, 700.00 W, 45, 42 %, 0x0000000000000000
2026/10/07 00:19:54.437, 1710 MHz, 2619 MHz, 270.49 W, 700.00 W, 44, 24 %, 0x0000000000000000
2026/10/07 00:19:54.938, 1710 MHz, 2619 MHz, 273.04 W, 700.00 W, 44, 42 %, 0x0000000000000000
2026/10/07 00:19:55.438, 1710 MHz, 2619 MHz, 268.74 W, 700.00 W, 44, 0 %, 0x0000000000000000
2026/10/07 00:19:55.939, 1710 MHz, 2619 MHz, 269.80 W, 700.00 W, 44, 43 %, 0x0000000000000000
2026/10/07 00:19:56.440, 1710 MHz, 2619 MHz, 271.85 W, 700.00 W, 43, 5 %, 0x0000000000000000
2026/10/07 00:19:56.941, 1710 MHz, 2619 MHz, 306.84 W, 700.00 W, 45, 24 %, 0x0000000000000000
2026/10/07 00:19:57.441, 1710 MHz, 2619 MHz, 309.15 W, 700.00 W, 47, 42 %, 0x0000000000000000
2026/10/07 00:19:57.941, 1710 MHz, 2619 MHz, 273.37 W, 700.00 W, 49, 10 %, 0x0000000000000000
2026/10/07 00:19:58.442, 1710 MHz, 2619 MHz, 259.11 W, 700.00 W, 46, 42 %, 0x0000000000000000
2026/10/07 00:19:58.943, 1710 MHz, 2619 MHz, 255.61 W, 700.00 W, 45, 42 %, 0x0000000000000000
2026/10/07 00:19:59.443, 1710 MHz, 2619 MHz, 258.86 W, 700.00 W, 44, 0 %, 0x0000000000000000
2026/10/07 00:19:59.944, 1710 MHz, 2619 MHz, 265.08 W, 700.00 W, 44, 33 %, 0x0000000000000000
2026/10/07 00:20:00.444, 1710 MHz, 2619 MHz, 301.92 W, 700.00 W, 48, 32 %, 0x0000000000000000
2026/10/07 00:20:00.944, 1710 MHz, 2619 MHz, 303.37 W, 700.00 W, 45, 42 %, 0x0000000000000000
2026/10/07 00:20:01.445, 1710 MHz, 2619 MHz, 257.41 W, 700.00 W, 44, 0 %, 0x0000000000000000
2026/10/07 00:20:01.945, 1710 MHz, 2619 MHz, 260.89 W, 700.00 W, 44, 37 %, 0x0000000000000000
2026/10/07 00:20:02.446, 1710 MHz, 2619 MHz, 265.89 W, 700.00 W, 44, 27 %, 0x0000000000000000
2026/10/07 00:20:02.946, 1710 MHz, 2619 MHz, 266.08 W, 700.00 W, 48, 0 %, 0x0000000000000000
2026/10/07 00:20:03.447, 1710 MHz, 2619 MHz, 256.33 W, 700.00 W, 48, 42 %, 0x0000000000000000
2026/10/07 00:20:03.947, 1710 MHz, 2619 MHz, 252.33 W, 700.00 W, 45, 34 %, 0x0000000000000000
2026/10/07 00:20:04.448, 1710 MHz, 2619 MHz, 315.13 W, 700.00 W, 44, 18 %, 0x0000000000000000
2026/10/07 00:20:04.948, 1710 MHz, 2619 MHz, 328.63 W, 700.00 W, 45, 7 %, 0x0000000000000000
2026/10/07 00:20:05.449, 1710 MHz, 2619 MHz, 274.22 W, 700.00 W, 47, 42 %, 0x0000000000000000
2026/10/07 00:20:05.949, 1710 MHz, 2619 MHz, 269.84 W, 700.00 W, 48, 10 %, 0x0000000000000000
2026/10/07 00:20:06.450, 1710 MHz, 2619 MHz, 266.62 W, 700.00 W, 45, 42 %, 0x0000000000000000
2026/10/07 00:20:06.950, 1710 MHz, 2619 MHz, 266.36 W, 700.00 W, 44, 42 %, 0x0000000000000000
2026/10/07 00:20:07.450, 1710 MHz, 2619 MHz, 269.57 W, 700.00 W, 44, 17 %, 0x0000000000000000
2026/10/07 00:20:07.951, 1710 MHz, 2619 MHz, 279.73 W, 700.00 W, 48, 7 %, 0x0000000000000000
2026/10/07 00:20:08.452, 1710 MHz, 2619 MHz, 288.54 W, 700.00 W, 45, 0 %, 0x0000000000000000
2026/10/07 00:20:08.952, 1710 MHz, 2619 MHz, 275.04 W, 700.00 W, 44, 43 %, 0x0000000000000000
2026/10/07 00:20:09.453, 1710 MHz, 2619 MHz, 266.79 W, 700.00 W, 44, 6 %, 0x0000000000000000
2026/10/07 00:20:09.953, 1710 MHz, 2619 MHz, 272.03 W, 700.00 W, 44, 27 %, 0x0000000000000000
2026/10/07 00:20:10.454, 1710 MHz, 2619 MHz, 271.29 W, 700.00 W, 44, 26 %, 0x0000000000000000
2026/10/07 00:20:10.954, 1710 MHz, 2619 MHz, 261.22 W, 700.00 W, 45, 8 %, 0x0000000000000000
2026/10/07 00:20:11.455, 1710 MHz, 2619 MHz, 263.18 W, 700.00 W, 47, 43 %, 0x0000000000000000
2026/10/07 00:20:11.955, 1710 MHz, 2619 MHz, 287.52 W, 700.00 W, 47, 83 %, 0x0000000000000000
2026/10/07 00:20:12.456, 1710 MHz, 2619 MHz, 286.12 W, 700.00 W, 45, 10 %, 0x0000000000000000
2026/10/07 00:20:12.956, 1710 MHz, 2619 MHz, 259.05 W, 700.00 W, 44, 43 %, 0x0000000000000000
2026/10/07 00:20:13.457, 1710 MHz, 2619 MHz, 261.86 W, 700.00 W, 44, 0 %, 0x0000000000000000
2026/10/07 00:20:13.957, 1710 MHz, 2619 MHz, 263.41 W, 700.00 W, 44, 40 %, 0x0000000000000000
2026/10/07 00:20:14.458, 1710 MHz, 2619 MHz, 264.19 W, 700.00 W, 44, 13 %, 0x0000000000000000
2026/10/07 00:20:14.958, 1710 MHz, 2619 MHz, 259.26 W, 700.00 W, 43, 18 %, 0x0000000000000000
2026/10/07 00:20:15.459, 1710 MHz, 2619 MHz, 267.45 W, 700.00 W, 45, 36 %, 0x0000000000000000
2026/10/07 00:20:15.959, 1710 MHz, 2619 MHz, 299.94 W, 700.00 W, 46, 40 %, 0x0000000000000000
2026/10/07 00:20:16.460, 1710 MHz, 2619 MHz, 300.83 W, 700.00 W, 44, 7 %, 0x0000000000000000
2026/10/07 00:20:16.961, 1710 MHz, 2619 MHz, 283.05 W, 700.00 W, 44, 41 %, 0x0000000000000000
2026/10/07 00:20:17.462, 1695 MHz, 2619 MHz, 292.77 W, 700.00 W, 43, 23 %, 0x0000000000000004
2026/10/07 00:20:17.962, 1710 MHz, 2619 MHz, 279.53 W, 700.00 W, 46, 0 %, 0x0000000000000000
2026/10/07 00:20:18.463, 1710 MHz, 2619 MHz, 274.17 W, 700.00 W, 47, 41 %, 0x0000000000000000
2026/10/07 00:20:18.963, 1710 MHz, 2619 MHz, 267.67 W, 700.00 W, 45, 35 %, 0x0000000000000000
2026/10/07 00:20:19.464, 1710 MHz, 2619 MHz, 273.43 W, 700.00 W, 43, 24 %, 0x0000000000000000
2026/10/07 00:20:19.964, 1710 MHz, 2619 MHz, 286.68 W, 700.00 W, 45, 41 %, 0x0000000000000000
2026/10/07 00:20:20.465, 1710 MHz, 2619 MHz, 283.15 W, 700.00 W, 44, 0 %, 0x0000000000000000
2026/10/07 00:20:20.965, 1710 MHz, 2619 MHz, 271.05 W, 700.00 W, 44, 28 %, 0x0000000000000000
2026/10/07 00:20:21.466, 1710 MHz, 2619 MHz, 272.84 W, 700.00 W, 47, 40 %, 0x0000000000000000
2026/10/07 00:20:21.966, 1710 MHz, 2619 MHz, 263.30 W, 700.00 W, 49, 8 %, 0x0000000000000000
2026/10/07 00:20:22.467, 1710 MHz, 2619 MHz, 251.75 W, 700.00 W, 45, 41 %, 0x0000000000000000
2026/10/07 00:20:22.967, 1710 MHz, 2619 MHz, 254.32 W, 700.00 W, 45, 41 %, 0x0000000000000000
2026/10/07 00:20:23.467, 1710 MHz, 2619 MHz, 303.69 W, 700.00 W, 49, 93 %, 0x0000000000000000
2026/10/07 00:20:23.968, 1710 MHz, 2619 MHz, 304.78 W, 700.00 W, 49, 0 %, 0x0000000000000000
2026/10/07 00:20:24.468, 1710 MHz, 2619 MHz, 253.43 W, 700.00 W, 49, 42 %, 0x0000000000000000
2026/10/07 00:20:24.969, 1710 MHz, 2619 MHz, 251.27 W, 700.00 W, 47, 21 %, 0x0000000000000000
2026/10/07 00:20:25.469, 1710 MHz, 2619 MHz, 254.79 W, 700.00 W, 46, 42 %, 0x0000000000000000
2026/10/07 00:20:25.970, 1710 MHz, 2619 MHz, 251.11 W, 700.00 W, 45, 42 %, 0x0000000000000000
2026/10/07 00:20:26.470, 1710 MHz, 2619 MHz, 253.92 W, 700.00 W, 45, 24 %, 0x0000000000000000
2026/10/07 00:20:26.971, 1710 MHz, 2619 MHz, 253.34 W, 700.00 W, 44, 43 %, 0x0000000000000000
2026/10/07 00:20:27.471, 1710 MHz, 2619 MHz, 315.03 W, 700.00 W, 47, 41 %, 0x0000000000000000
2026/10/07 00:20:27.972, 1710 MHz, 2619 MHz, 329.78 W, 700.00 W, 48, 1 %, 0x0000000000000000
2026/10/07 00:20:28.472, 1710 MHz, 2619 MHz, 270.97 W, 700.00 W, 46, 41 %, 0x0000000000000000
2026/10/07 00:20:28.973, 1710 MHz, 2619 MHz, 273.25 W, 700.00 W, 45, 36 %, 0x0000000000000000
2026/10/07 00:20:29.474, 1710 MHz, 2619 MHz, 274.20 W, 700.00 W, 44, 26 %, 0x0000000000000000
2026/10/07 00:20:29.975, 1710 MHz, 2619 MHz, 271.79 W, 700.00 W, 44, 41 %, 0x0000000000000000
2026/10/07 00:20:30.476, 1710 MHz, 2619 MHz, 279.01 W, 700.00 W, 43, 0 %, 0x0000000000000000
2026/10/07 00:20:30.976, 1710 MHz, 2619 MHz, 296.58 W, 700.00 W, 48, 20 %, 0x0000000000000000
2026/10/07 00:20:31.477, 1710 MHz, 2619 MHz, 295.91 W, 700.00 W, 44, 0 %, 0x0000000000000000
2026/10/07 00:20:31.977, 1710 MHz, 2619 MHz, 267.82 W, 700.00 W, 44, 32 %, 0x0000000000000000
2026/10/07 00:20:32.478, 1710 MHz, 2619 MHz, 264.79 W, 700.00 W, 44, 22 %, 0x0000000000000000
2026/10/07 00:20:32.978, 1710 MHz, 2619 MHz, 266.46 W, 700.00 W, 44, 9 %, 0x0000000000000000
2026/10/07 00:20:33.479, 1710 MHz, 2619 MHz, 255.74 W, 700.00 W, 47, 42 %, 0x0000000000000000
2026/10/07 00:20:33.979, 1710 MHz, 2619 MHz, 256.54 W, 700.00 W, 48, 0 %, 0x0000000000000000
2026/10/07 00:20:34.480, 1710 MHz, 2619 MHz, 253.70 W, 700.00 W, 48, 43 %, 0x0000000000000000
2026/10/07 00:20:34.980, 1710 MHz, 2619 MHz, 293.15 W, 700.00 W, 46, 57 %, 0x0000000000000000
2026/10/07 00:20:35.481, 1710 MHz, 2619 MHz, 312.47 W, 700.00 W, 44, 0 %, 0x0000000000000000
2026/10/07 00:20:35.981, 1710 MHz, 2619 MHz, 294.00 W, 700.00 W, 43, 26 %, 0x0000000000000000
2026/10/07 00:20:36.482, 1710 MHz, 2619 MHz, 283.74 W, 700.00 W, 44, 34 %, 0x0000000000000000
2026/10/07 00:20:36.982, 1710 MHz, 2619 MHz, 272.35 W, 700.00 W, 46, 0 %, 0x0000000000000000
2026/10/07 00:20:37.483, 1710 MHz, 2619 MHz, 270.98 W, 700.00 W, 48, 10 %, 0x0000000000000000
2026/10/07 00:20:37.983, 1710 MHz, 2619 MHz, 268.03 W, 700.00 W, 45, 28 %, 0x0000000000000000
2026/10/07 00:20:38.484, 1710 MHz, 2619 MHz, 267.06 W, 700.00 W, 44, 35 %, 0x0000000000000000
2026/10/07 00:20:38.985, 1710 MHz, 2619 MHz, 314.60 W, 700.00 W, 45, 17 %, 0x0000000000000000
2026/10/07 00:20:39.485, 1710 MHz, 2619 MHz, 307.75 W, 700.00 W, 44, 32 %, 0x0000000000000000
2026/10/07 00:20:39.986, 1710 MHz, 2619 MHz, 263.57 W, 700.00 W, 45, 4 %, 0x0000000000000000
2026/10/07 00:20:40.486, 1710 MHz, 2619 MHz, 257.30 W, 700.00 W, 46, 43 %, 0x0000000000000000
2026/10/07 00:20:40.986, 1710 MHz, 2619 MHz, 255.57 W, 700.00 W, 47, 0 %, 0x0000000000000000
2026/10/07 00:20:41.487, 1710 MHz, 2619 MHz, 258.29 W, 700.00 W, 48, 43 %, 0x0000000000000000
2026/10/07 00:20:41.987, 1710 MHz, 2619 MHz, 258.32 W, 700.00 W, 48, 3 %, 0x0000000000000000
2026/10/07 00:20:42.488, 1710 MHz, 2619 MHz, 240.30 W, 700.00 W, 43, 43 %, 0x0000000000000000
2026/10/07 00:20:42.988, 1710 MHz, 2619 MHz, 282.97 W, 700.00 W, 49, 13 %, 0x0000000000000000
2026/10/07 00:20:43.489, 1710 MHz, 2619 MHz, 294.57 W, 700.00 W, 46, 43 %, 0x0000000000000000
2026/10/07 00:20:43.989, 1710 MHz, 2619 MHz, 252.89 W, 700.00 W, 45, 36 %, 0x0000000000000000
2026/10/07 00:20:44.490, 1710 MHz, 2619 MHz, 251.95 W, 700.00 W, 45, 34 %, 0x0000000000000000
2026/10/07 00:20:44.990, 1710 MHz, 2619 MHz, 255.92 W, 700.00 W, 44, 43 %, 0x0000000000000000
2026/10/07 00:20:45.491, 1710 MHz, 2619 MHz, 255.33 W, 700.00 W, 44, 12 %, 0x0000000000000000
2026/10/07 00:20:45.991, 1710 MHz, 2619 MHz, 255.63 W, 700.00 W, 44, 43 %, 0x0000000000000000
2026/10/07 00:20:46.492, 1710 MHz, 2619 MHz, 312.99 W, 700.00 W, 50, 0 %, 0x0000000000000000
2026/10/07 00:20:46.992, 1710 MHz, 2619 MHz, 323.31 W, 700.00 W, 47, 16 %, 0x0000000000000000
2026/10/07 00:20:47.493, 1710 MHz, 2619 MHz, 271.67 W, 700.00 W, 45, 41 %, 0x0000000000000000
2026/10/07 00:20:47.994, 1710 MHz, 2619 MHz, 271.17 W, 700.00 W, 44, 41 %, 0x0000000000000000
2026/10/07 00:20:48.494, 1710 MHz, 2619 MHz, 277.89 W, 700.00 W, 44, 0 %, 0x0000000000000000
2026/10/07 00:20:48.995, 1710 MHz, 2619 MHz, 287.63 W, 700.00 W, 43, 30 %, 0x0000000000000000
2026/10/07 00:20:49.495, 1710 MHz, 2619 MHz, 291.78 W, 700.00 W, 45, 7 %, 0x0000000000000000
2026/10/07 00:20:49.996, 1710 MHz, 2619 MHz, 283.55 W, 700.00 W, 47, 41 %, 0x0000000000000000
2026/10/07 00:20:50.496, 1710 MHz, 2619 MHz, 294.38 W, 700.00 W, 45, 44 %, 0x0000000000000000
2026/10/07 00:20:50.996, 1710 MHz, 2619 MHz, 297.59 W, 700.00 W, 44, 42 %, 0x0000000000000000
2026/10/07 00:20:51.497, 1710 MHz, 2619 MHz, 273.07 W, 700.00 W, 47, 0 %, 0x0000000000000000
2026/10/07 00:20:51.997, 1710 MHz, 2619 MHz, 262.55 W, 700.00 W, 49, 31 %, 0x0000000000000000
2026/10/07 00:20:52.498, 1710 MHz, 2619 MHz, 252.73 W, 700.00 W, 45, 38 %, 0x0000000000000000
2026/10/07 00:20:52.998, 1710 MHz, 2619 MHz, 252.06 W, 700.00 W, 44, 6 %, 0x0000000000000000
2026/10/07 00:20:53.499, 1710 MHz, 2619 MHz, 261.68 W, 700.00 W, 44, 42 %, 0x0000000000000000
2026/10/07 00:20:53.999, 1710 MHz, 2619 MHz, 285.49 W, 700.00 W, 50, 49 %, 0x0000000000000000
2026/10/07 00:20:54.499, 1710 MHz, 2619 MHz, 288.64 W, 700.00 W, 46, 7 %, 0x0000000000000000
2026/10/07 00:20:55.000, 1710 MHz, 2619 MHz, 260.96 W, 700.00 W, 48, 42 %, 0x0000000000000000
2026/10/07 00:20:55.501, 1710 MHz, 2619 MHz, 256.29 W, 700.00 W, 47, 19 %, 0x0000000000000000
2026/10/07 00:20:56.001, 1710 MHz, 2619 MHz, 252.99 W, 700.00 W, 45, 2 %, 0x0000000000000000
2026/10/07 00:20:56.502, 1710 MHz, 2619 MHz, 252.31 W, 700.00 W, 44, 42 %, 0x0000000000000000
2026/10/07 00:20:57.002, 1710 MHz, 2619 MHz, 260.53 W, 700.00 W, 44, 25 %, 0x0000000000000000
2026/10/07 00:20:57.503, 1710 MHz, 2619 MHz, 270.25 W, 700.00 W, 43, 36 %, 0x0000000000000000
2026/10/07 00:20:58.003, 1710 MHz, 2619 MHz, 310.83 W, 700.00 W, 46, 11 %, 0x0000000000000000
2026/10/07 00:20:58.504, 1710 MHz, 2619 MHz, 312.69 W, 700.00 W, 45, 42 %, 0x0000000000000000
2026/10/07 00:20:59.004, 1710 MHz, 2619 MHz, 269.96 W, 700.00 W, 44, 4 %, 0x0000000000000000
2026/10/07 00:20:59.505, 1710 MHz, 2619 MHz, 272.54 W, 700.00 W, 44, 42 %, 0x0000000000000000
2026/10/07 00:21:00.005, 1710 MHz, 2619 MHz, 286.39 W, 700.00 W, 43, 41 %, 0x0000000000000000
2026/10/07 00:21:00.506, 1710 MHz, 2619 MHz, 292.28 W, 700.00 W, 43, 22 %, 0x0000000000000000
2026/10/07 00:21:01.006, 1710 MHz, 2619 MHz, 282.64 W, 700.00 W, 45, 42 %, 0x0000000000000000
2026/10/07 00:21:01.507, 1710 MHz, 2619 MHz, 291.71 W, 700.00 W, 47, 0 %, 0x0000000000000000
2026/10/07 00:21:02.007, 1710 MHz, 2619 MHz, 294.77 W, 700.00 W, 45, 8 %, 0x0000000000000000
2026/10/07 00:21:02.507, 1710 MHz, 2619 MHz, 285.02 W, 700.00 W, 44, 43 %, 0x0000000000000000
2026/10/07 00:21:03.008, 1710 MHz, 2619 MHz, 268.96 W, 700.00 W, 44, 28 %, 0x0000000000000000
2026/10/07 00:21:03.508, 1710 MHz, 2619 MHz, 270.76 W, 700.00 W, 44, 42 %, 0x0000000000000000
2026/10/07 00:21:04.009, 1710 MHz, 2619 MHz, 276.15 W, 700.00 W, 44, 43 %, 0x0000000000000000
2026/10/07 00:21:04.509, 1710 MHz, 2619 MHz, 277.34 W, 700.00 W, 44, 21 %, 0x0000000000000000
2026/10/07 00:21:05.010, 1710 MHz, 2619 MHz, 265.60 W, 700.00 W, 44, 44 %, 0x0000000000000000
2026/10/07 00:21:05.510, 1710 MHz, 2619 MHz, 286.17 W, 700.00 W, 51, 82 %, 0x0000000000000000
2026/10/07 00:21:06.010, 1710 MHz, 2619 MHz, 283.11 W, 700.00 W, 49, 34 %, 0x0000000000000000
2026/10/07 00:21:06.511, 1710 MHz, 2619 MHz, 252.21 W, 700.00 W, 46, 29 %, 0x0000000000000000
2026/10/07 00:21:07.011, 1710 MHz, 2619 MHz, 253.65 W, 700.00 W, 45, 0 %, 0x0000000000000000
2026/10/07 00:21:07.512, 1710 MHz, 2619 MHz, 251.27 W, 700.00 W, 44, 43 %, 0x0000000000000000
2026/10/07 00:21:08.012, 1710 MHz, 2619 MHz, 258.25 W, 700.00 W, 44, 26 %, 0x0000000000000000
2026/10/07 00:21:08.513, 1710 MHz, 2619 MHz, 271.48 W, 700.00 W, 44, 37 %, 0x0000000000000000
2026/10/07 00:21:09.013, 1710 MHz, 2619 MHz, 273.74 W, 700.00 W, 43, 43 %, 0x0000000000000000
2026/10/07 00:21:09.514, 1710 MHz, 2619 MHz, 298.71 W, 700.00 W, 46, 43 %, 0x0000000000000000
2026/10/07 00:21:10.014, 1710 MHz, 2619 MHz, 303.00 W, 700.00 W, 44, 0 %, 0x0000000000000000
2026/10/07 00:21:10.515, 1710 MHz, 2619 MHz, 269.06 W, 700.00 W, 44, 43 %, 0x0000000000000000
2026/10/07 00:21:11.015, 1710 MHz, 2619 MHz, 271.28 W, 700.00 W, 44, 18 %, 0x0000000000000000
2026/10/07 00:21:11.516, 1710 MHz, 2619 MHz, 281.04 W, 700.00 W, 43, 43 %, 0x0000000000000000
2026/10/07 00:21:12.016, 1710 MHz, 2619 MHz, 284.47 W, 700.00 W, 43, 42 %, 0x0000000000000000
2026/10/07 00:21:12.516, 1710 MHz, 2619 MHz, 284.83 W, 700.00 W, 43, 26 %, 0x0000000000000000
2026/10/07 00:21:13.017, 1710 MHz, 2619 MHz, 281.82 W, 700.00 W, 43, 64 %, 0x0000000000000000
2026/10/07 00:21:13.517, 1710 MHz, 2619 MHz, 294.17 W, 700.00 W, 46, 44 %, 0x0000000000000000
2026/10/07 00:21:14.018, 1710 MHz, 2619 MHz, 294.34 W, 700.00 W, 45, 0 %, 0x0000000000000000
2026/10/07 00:21:14.518, 1710 MHz, 2619 MHz, 261.91 W, 700.00 W, 44, 44 %, 0x0000000000000000
2026/10/07 00:21:15.019, 1710 MHz, 2619 MHz, 265.52 W, 700.00 W, 44, 26 %, 0x0000000000000000
2026/10/07 00:21:15.519, 1710 MHz, 2619 MHz, 274.54 W, 700.00 W, 44, 42 %, 0x0000000000000000
2026/10/07 00:21:16.020, 1710 MHz, 2619 MHz, 276.51 W, 700.00 W, 44, 43 %, 0x0000000000000000
2026/10/07 00:21:16.520, 1710 MHz, 2619 MHz, 277.72 W, 700.00 W, 43, 15 %, 0x0000000000000000
2026/10/07 00:21:17.021, 1710 MHz, 2619 MHz, 295.23 W, 700.00 W, 51, 48 %, 0x0000000000000000
2026/10/07 00:21:17.521, 1710 MHz, 2619 MHz, 285.95 W, 700.00 W, 49, 9 %, 0x0000000000000000
2026/10/07 00:21:18.022, 1710 MHz, 2619 MHz, 255.60 W, 700.00 W, 46, 19 %, 0x0000000000000000
2026/10/07 00:21:18.522, 1710 MHz, 2619 MHz, 260.59 W, 700.00 W, 45, 39 %, 0x0000000000000000
2026/10/07 00:21:19.023, 1710 MHz, 2619 MHz, 261.72 W, 700.00 W, 45, 0 %, 0x0000000000000000
2026/10/07 00:21:19.523, 1710 MHz, 2619 MHz, 255.83 W, 700.00 W, 44, 44 %, 0x0000000000000000
2026/10/07 00:21:20.024, 1710 MHz, 2619 MHz, 259.00 W, 700.00 W, 44, 20 %, 0x0000000000000000
2026/10/07 00:21:20.524, 1710 MHz, 2619 MHz, 278.61 W, 700.00 W, 44, 44 %, 0x0000000000000000
2026/10/07 00:21:21.024, 1710 MHz, 2619 MHz, 311.35 W, 700.00 W, 48, 28 %, 0x0000000000000000
2026/10/07 00:21:21.525, 1710 MHz, 2619 MHz, 300.64 W, 700.00 W, 45, 29 %, 0x0000000000000000
2026/10/07 00:21:22.026, 1710 MHz, 2619 MHz, 268.73 W, 700.00 W, 44, 0 %, 0x0000000000000000
2026/10/07 00:21:22.526, 1710 MHz, 2619 MHz, 273.44 W, 700.00 W, 44, 43 %, 0x0000000000000000
2026/10/07 00:21:23.027, 1710 MHz, 2619 MHz, 280.38 W, 700.00 W, 44, 9 %, 0x0000000000000000
2026/10/07 00:21:23.527, 1710 MHz, 2619 MHz, 285.33 W, 700.00 W, 43, 43 %, 0x0000000000000000
2026/10/07 00:21:24.028, 1710 MHz, 2619 MHz, 291.91 W, 700.00 W, 43, 37 %, 0x0000000000000000
2026/10/07 00:21:24.528, 1710 MHz, 2619 MHz, 285.39 W, 700.00 W, 43, 29 %, 0x0000000000000000
2026/10/07 00:21:25.029, 1710 MHz, 2619 MHz, 296.33 W, 700.00 W, 46, 9 %, 0x0000000000000000
2026/10/07 00:21:25.529, 1710 MHz, 2619 MHz, 291.79 W, 700.00 W, 45, 44 %, 0x0000000000000000
2026/10/07 00:21:26.029, 1710 MHz, 2619 MHz, 264.89 W, 700.00 W, 44, 7 %, 0x0000000000000000
2026/10/07 00:21:26.530, 1710 MHz, 2619 MHz, 278.54 W, 700.00 W, 44, 44 %, 0x0000000000000000
2026/10/07 00:21:27.030, 1710 MHz, 2619 MHz, 283.33 W, 700.00 W, 44, 41 %, 0x0000000000000000
2026/10/07 00:21:27.531, 1710 MHz, 2619 MHz, 281.32 W, 700.00 W, 44, 24 %, 0x0000000000000000
2026/10/07 00:21:28.031, 1710 MHz, 2619 MHz, 274.52 W, 700.00 W, 46, 44 %, 0x0000000000000000
2026/10/07 00:21:28.532, 1710 MHz, 2619 MHz, 290.22 W, 700.00 W, 50, 97 %, 0x0000000000000000
2026/10/07 00:21:29.032, 1710 MHz, 2619 MHz, 281.14 W, 700.00 W, 46, 16 %, 0x0000000000000000
2026/10/07 00:21:29.533, 1710 MHz, 2619 MHz, 259.04 W, 700.00 W, 45, 40 %, 0x0000000000000000
2026/10/07 00:21:30.033, 1710 MHz, 2619 MHz, 262.43 W, 700.00 W, 45, 0 %, 0x0000000000000000
2026/10/07 00:21:30.534, 1710 MHz, 2619 MHz, 265.31 W, 700.00 W, 44, 45 %, 0x0000000000000000
2026/10/07 00:21:31.034, 1710 MHz, 2619 MHz, 270.98 W, 700.00 W, 44, 10 %, 0x0000000000000000
2026/10/07 00:21:31.534, 1710 MHz, 2619 MHz, 272.49 W, 700.00 W, 44, 45 %, 0x0000000000000000
2026/10/07 00:21:32.035, 1710 MHz, 2619 MHz, 273.53 W, 700.00 W, 44, 32 %, 0x0000000000000000
2026/10/07 00:21:32.535, 1710 MHz, 2619 MHz, 304.02 W, 700.00 W, 48, 13 %, 0x0000000000000000
2026/10/07 00:21:33.036, 1710 MHz, 2619 MHz, 305.71 W, 700.00 W, 45, 10 %, 0x0000000000000000
2026/10/07 00:21:33.536, 1710 MHz, 2619 MHz, 261.42 W, 700.00 W, 44, 43 %, 0x0000000000000000
2026/10/07 00:21:34.037, 1710 MHz, 2619 MHz, 272.88 W, 700.00 W, 44, 9 %, 0x0000000000000000
2026/10/07 00:21:34.537, 1710 MHz, 2619 MHz, 284.02 W, 700.00 W, 43, 44 %, 0x0000000000000000
2026/10/07 00:21:35.038, 1710 MHz, 2619 MHz, 285.47 W, 700.00 W, 43, 43 %, 0x0000000000000000
2026/10/07 00:21:35.538, 1710 MHz, 2619 MHz, 278.81 W, 700.00 W, 43, 16 %, 0x0000000000000000
2026/10/07 00:21:36.038, 1710 MHz, 2619 MHz, 293.31 W, 700.00 W, 46, 83 %, 0x0000000000000000
2026/10/07 00:21:36.539, 1710 MHz, 2619 MHz, 297.69 W, 700.00 W, 45, 45 %, 0x0000000000000000
2026/10/07 00:21:37.039, 1710 MHz, 2619 MHz, 293.63 W, 700.00 W, 44, 15 %, 0x0000000000000000
2026/10/07 00:21:37.540, 1710 MHz, 2619 MHz, 284.53 W, 700.00 W, 44, 45 %, 0x0000000000000000
2026/10/07 00:21:38.040, 1710 MHz, 2619 MHz, 279.35 W, 700.00 W, 44, 42 %, 0x0000000000000000
2026/10/07 00:21:38.541, 1710 MHz, 2619 MHz, 278.73 W, 700.00 W, 44, 27 %, 0x0000000000000000
2026/10/07 00:21:39.041, 1710 MHz, 2619 MHz, 276.30 W, 700.00 W, 44, 45 %, 0x0000000000000000
2026/10/07 00:21:39.541, 1710 MHz, 2619 MHz, 266.15 W, 700.00 W, 46, 0 %, 0x0000000000000000
2026/10/07 00:21:40.042, 1710 MHz, 2619 MHz, 289.07 W, 700.00 W, 48, 11 %, 0x0000000000000000
2026/10/07 00:21:40.542, 1710 MHz, 2619 MHz, 283.35 W, 700.00 W, 45, 45 %, 0x0000000000000000
2026/10/07 00:21:41.043, 1710 MHz, 2619 MHz, 266.76 W, 700.00 W, 44, 8 %, 0x0000000000000000
2026/10/07 00:21:41.543, 1710 MHz, 2619 MHz, 279.04 W, 700.00 W, 44, 46 %, 0x0000000000000000
2026/10/07 00:21:42.043, 1710 MHz, 2619 MHz, 283.11 W, 700.00 W, 44, 45 %, 0x0000000000000000
2026/10/07 00:21:42.544, 1710 MHz, 2619 MHz, 279.32 W, 700.00 W, 43, 22 %, 0x0000000000000000
2026/10/07 00:21:43.044, 1710 MHz, 2619 MHz, 269.21 W, 700.00 W, 46, 45 %, 0x0000000000000000
2026/10/07 00:21:43.545, 1710 MHz, 2619 MHz, 268.58 W, 700.00 W, 47, 0 %, 0x0000000000000000
2026/10/07 00:21:44.046, 1710 MHz, 2619 MHz, 306.46 W, 700.00 W, 45, 19 %, 0x0000000000000000
2026/10/07 00:21:44.546, 1710 MHz, 2619 MHz, 319.33 W, 700.00 W, 44, 44 %, 0x0000000000000000
2026/10/07 00:21:45.047, 1710 MHz, 2619 MHz, 277.81 W, 700.00 W, 43, 44 %, 0x0000000000000000
2026/10/07 00:21:45.547, 1710 MHz, 2619 MHz, 265.19 W, 700.00 W, 43, 14 %, 0x0000000000000000
2026/10/07 00:21:46.048, 1710 MHz, 2619 MHz, 264.95 W, 700.00 W, 45, 44 %, 0x0000000000000000
2026/10/07 00:21:46.549, 1710 MHz, 2619 MHz, 264.55 W, 700.00 W, 46, 2 %, 0x0000000000000000
2026/10/07 00:21:47.050, 1710 MHz, 2619 MHz, 267.00 W, 700.00 W, 46, 25 %, 0x0000000000000000
2026/10/07 00:21:47.550, 1710 MHz, 2619 MHz, 320.90 W, 700.00 W, 49, 33 %, 0x0000000000000000
2026/10/07 00:21:48.051, 1710 MHz, 2619 MHz, 325.70 W, 700.00 W, 44, 46 %, 0x0000000000000000
2026/10/07 00:21:48.551, 1710 MHz, 2619 MHz, 276.38 W, 700.00 W, 45, 12 %, 0x0000000000000004
2026/10/07 00:21:49.051, 1710 MHz, 2619 MHz, 271.74 W, 700.00 W, 47, 46 %, 0x0000000000000000
2026/10/07 00:21:49.552, 1710 MHz, 2619 MHz, 272.45 W, 700.00 W, 48, 3 %, 0x0000000000000000
2026/10/07 00:21:50.053, 1710 MHz, 2619 MHz, 280.22 W, 700.00 W, 48, 27 %, 0x0000000000000000
2026/10/07 00:21:50.553, 1710 MHz, 2619 MHz, 276.25 W, 700.00 W, 46, 35 %, 0x0000000000000000
2026/10/07 00:21:51.053, 1710 MHz, 2619 MHz, 269.74 W, 700.00 W, 45, 0 %, 0x0000000000000000
2026/10/07 00:21:51.554, 1710 MHz, 2619 MHz, 322.45 W, 700.00 W, 46, 61 %, 0x0000000000000000
2026/10/07 00:21:52.054, 1710 MHz, 2619 MHz, 329.36 W, 700.00 W, 44, 46 %, 0x0000000000000000
2026/10/07 00:21:52.555, 1710 MHz, 2619 MHz, 276.03 W, 700.00 W, 44, 21 %, 0x0000000000000000
2026/10/07 00:21:53.055, 1710 MHz, 2619 MHz, 272.65 W, 700.00 W, 46, 47 %, 0x0000000000000000
2026/10/07 00:21:53.556, 1710 MHz, 2619 MHz, 265.78 W, 700.00 W, 47, 6 %, 0x0000000000000000
2026/10/07 00:21:54.056, 1710 MHz, 2619 MHz, 266.75 W, 700.00 W, 46, 20 %, 0x0000000000000000
2026/10/07 00:21:54.557, 1710 MHz, 2619 MHz, 266.55 W, 700.00 W, 45, 47 %, 0x0000000000000000
2026/10/07 00:21:55.057, 1710 MHz, 2619 MHz, 272.62 W, 700.00 W, 44, 8 %, 0x0000000000000000
2026/10/07 00:21:55.558, 1710 MHz, 2619 MHz, 307.94 W, 700.00 W, 47, 0 %, 0x0000000000000000
2026/10/07 00:21:56.059, 1710 MHz, 2619 MHz, 306.91 W, 700.00 W, 47, 41 %, 0x0000000000000000
2026/10/07 00:21:56.559, 1710 MHz, 2619 MHz, 261.90 W, 700.00 W, 46, 20 %, 0x0000000000000000
2026/10/07 00:21:57.060, 1710 MHz, 2619 MHz, 265.15 W, 700.00 W, 44, 10 %, 0x0000000000000000
2026/10/07 00:21:57.560, 1710 MHz, 2619 MHz, 260.75 W, 700.00 W, 44, 46 %, 0x0000000000000000
2026/10/07 00:21:58.061, 1710 MHz, 2619 MHz, 265.69 W, 700.00 W, 43, 6 %, 0x0000000000000000
2026/10/07 00:21:58.561, 1710 MHz, 2619 MHz, 275.44 W, 700.00 W, 43, 46 %, 0x0000000000000000
2026/10/07 00:21:59.062, 1710 MHz, 2619 MHz, 328.45 W, 700.00 W, 50, 70 %, 0x0000000000000000
2026/10/07 00:21:59.562, 1710 MHz, 2619 MHz, 333.63 W, 700.00 W, 48, 0 %, 0x0000000000000000
2026/10/07 00:22:00.063, 1710 MHz, 2619 MHz, 279.56 W, 700.00 W, 49, 32 %, 0x0000000000000000
2026/10/07 00:22:00.563, 1710 MHz, 2619 MHz, 277.50 W, 700.00 W, 46, 36 %, 0x0000000000000000
2026/10/07 00:22:01.064, 1710 MHz, 2619 MHz, 282.49 W, 700.00 W, 45, 0 %, 0x0000000000000000
2026/10/07 00:22:01.564, 1710 MHz, 2619 MHz, 292.79 W, 700.00 W, 44, 48 %, 0x0000000000000000
2026/10/07 00:22:02.065, 1710 MHz, 2619 MHz, 302.46 W, 700.00 W, 44, 37 %, 0x0000000000000000
2026/10/07 00:22:02.565, 1710 MHz, 2619 MHz, 296.93 W, 700.00 W, 44, 30 %, 0x0000000000000000
2026/10/07 00:22:03.066, 1710 MHz, 2619 MHz, 312.51 W, 700.00 W, 48, 46 %, 0x0000000000000000
2026/10/07 00:22:03.566, 1710 MHz, 2619 MHz, 290.74 W, 700.00 W, 46, 22 %, 0x0000000000000000
2026/10/07 00:22:04.067, 1710 MHz, 2619 MHz, 261.41 W, 700.00 W, 44, 8 %, 0x0000000000000000
2026/10/07 00:22:04.567, 1710 MHz, 2619 MHz, 262.84 W, 700.00 W, 44, 49 %, 0x0000000000000000
2026/10/07 00:22:05.067, 1710 MHz, 2619 MHz, 266.98 W, 700.00 W, 43, 19 %, 0x0000000000000000
2026/10/07 00:22:05.568, 1710 MHz, 2619 MHz, 271.89 W, 700.00 W, 43, 50 %, 0x0000000000000000
2026/10/07 00:22:06.068, 1710 MHz, 2619 MHz, 271.07 W, 700.00 W, 43, 50 %, 0x0000000000000000
2026/10/07 00:22:06.569, 1710 MHz, 2619 MHz, 302.22 W, 700.00 W, 47, 94 %, 0x0000000000000000
2026/10/07 00:22:07.069, 1710 MHz, 2619 MHz, 300.23 W, 700.00 W, 44, 16 %, 0x0000000000000000
2026/10/07 00:22:07.570, 1710 MHz, 2619 MHz, 248.20 W, 700.00 W, 45, 50 %, 0x0000000000000000
2026/10/07 00:22:08.070, 1710 MHz, 2619 MHz, 248.76 W, 700.00 W, 46, 10 %, 0x0000000000000000
2026/10/07 00:22:08.571, 1710 MHz, 2619 MHz, 247.90 W, 700.00 W, 44, 19 %, 0x0000000000000000
2026/10/07 00:22:09.071, 1710 MHz, 2619 MHz, 247.48 W, 700.00 W, 44, 50 %, 0x0000000000000000
2026/10/07 00:22:09.572, 1710 MHz, 2619 MHz, 257.35 W, 700.00 W, 43, 10 %, 0x0000000000000000
2026/10/07 00:22:10.073, 1710 MHz, 2619 MHz, 266.46 W, 700.00 W, 43, 49 %, 0x0000000000000000
2026/10/07 00:22:10.573, 1710 MHz, 2619 MHz, 311.17 W, 700.00 W, 46, 52 %, 0x0000000000000000
2026/10/07 00:22:11.074, 1710 MHz, 2619 MHz, 320.39 W, 700.00 W, 46, 1 %, 0x0000000000000000
2026/10/07 00:22:11.574, 1710 MHz, 2619 MHz, 274.14 W, 700.00 W, 47, 35 %, 0x0000000000000000
2026/10/07 00:22:12.075, 1710 MHz, 2619 MHz, 265.93 W, 700.00 W, 46, 22 %, 0x0000000000000000
2026/10/07 00:22:12.575, 1710 MHz, 2619 MHz, 264.96 W, 700.00 W, 46, 35 %, 0x0000000000000000
2026/10/07 00:22:13.076, 1710 MHz, 2619 MHz, 270.28 W, 700.00 W, 45, 27 %, 0x0000000000000000
2026/10/07 00:22:13.576, 1710 MHz, 2619 MHz, 273.68 W, 700.00 W, 44, 13 %, 0x0000000000000000
2026/10/07 00:22:14.076, 1710 MHz, 2619 MHz, 273.35 W, 700.00 W, 45, 28 %, 0x0000000000000000
2026/10/07 00:22:14.577, 1710 MHz, 2619 MHz, 296.08 W, 700.00 W, 44, 7 %, 0x0000000000000000
2026/10/07 00:22:15.078, 1710 MHz, 2619 MHz, 296.53 W, 700.00 W, 43, 50 %, 0x0000000000000000
2026/10/07 00:22:15.578, 1710 MHz, 2619 MHz, 273.40 W, 700.00 W, 43, 38 %, 0x0000000000000000
2026/10/07 00:22:16.078, 1710 MHz, 2619 MHz, 265.50 W, 700.00 W, 43, 36 %, 0x0000000000000000
2026/10/07 00:22:16.579, 1710 MHz, 2619 MHz, 260.03 W, 700.00 W, 43, 50 %, 0x0000000000000000
2026/10/07 00:22:17.079, 1710 MHz, 2619 MHz, 258.36 W, 700.00 W, 44, 4 %, 0x0000000000000000
2026/10/07 00:22:17.580, 1710 MHz, 2619 MHz, 258.58 W, 700.00 W, 45, 50 %, 0x0000000000000000
2026/10/07 00:22:18.080, 1710 MHz, 2619 MHz, 291.47 W, 700.00 W, 46, 15 %, 0x0000000000000000
2026/10/07 00:22:18.581, 1710 MHz, 2619 MHz, 304.53 W, 700.00 W, 44, 10 %, 0x0000000000000000
2026/10/07 00:22:19.082, 1710 MHz, 2619 MHz, 286.55 W, 700.00 W, 43, 51 %, 0x0000000000000000
2026/10/07 00:22:19.583, 1710 MHz, 2619 MHz, 286.40 W, 700.00 W, 43, 45 %, 0x0000000000000000
2026/10/07 00:22:20.083, 1710 MHz, 2619 MHz, 286.57 W, 700.00 W, 43, 31 %, 0x0000000000000000
2026/10/07 00:22:20.583, 1710 MHz, 2619 MHz, 276.08 W, 700.00 W, 44, 52 %, 0x0000000000000000
2026/10/07 00:22:21.084, 1710 MHz, 2619 MHz, 265.79 W, 700.00 W, 45, 0 %, 0x0000000000000000
2026/10/07 00:22:21.585, 1710 MHz, 2619 MHz, 264.31 W, 700.00 W, 46, 41 %, 0x0000000000000000
2026/10/07 00:22:22.085, 1710 MHz, 2619 MHz, 302.21 W, 700.00 W, 45, 82 %, 0x0000000000000000
2026/10/07 00:22:22.586, 1710 MHz, 2619 MHz, 307.03 W, 700.00 W, 44, 25 %, 0x0000000000000000
2026/10/07 00:22:23.086, 1710 MHz, 2619 MHz, 279.72 W, 700.00 W, 43, 45 %, 0x0000000000000000
2026/10/07 00:22:23.587, 1710 MHz, 2619 MHz, 275.86 W, 700.00 W, 43, 50 %, 0x0000000000000000
2026/10/07 00:22:24.087, 1710 MHz, 2619 MHz, 267.29 W, 700.00 W, 44, 7 %, 0x0000000000000000
2026/10/07 00:22:24.588, 1710 MHz, 2619 MHz, 259.49 W, 700.00 W, 45, 47 %, 0x0000000000000000
2026/10/07 00:22:25.088, 1710 MHz, 2619 MHz, 257.54 W, 700.00 W, 45, 22 %, 0x0000000000000000
2026/10/07 00:22:25.589, 1710 MHz, 2619 MHz, 259.24 W, 700.00 W, 44, 7 %, 0x0000000000000000
2026/10/07 00:22:26.089, 1710 MHz, 2619 MHz, 307.79 W, 700.00 W, 44, 42 %, 0x0000000000000000
2026/10/07 00:22:26.590, 1710 MHz, 2619 MHz, 310.78 W, 700.00 W, 43, 46 %, 0x0000000000000000
2026/10/07 00:22:27.090, 1710 MHz, 2619 MHz, 264.26 W, 700.00 W, 44, 10 %, 0x0000000000000000
2026/10/07 00:22:27.591, 1710 MHz, 2619 MHz, 258.30 W, 700.00 W, 45, 46 %, 0x0000000000000000
2026/10/07 00:22:28.091, 1710 MHz, 2619 MHz, 255.54 W, 700.00 W, 46, 6 %, 0x0000000000000000
2026/10/07 00:22:28.591, 1710 MHz, 2619 MHz, 263.42 W, 700.00 W, 45, 23 %, 0x0000000000000000
2026/10/07 00:22:29.092, 1710 MHz, 2619 MHz, 269.75 W, 700.00 W, 44, 39 %, 0x0000000000000000
2026/10/07 00:22:29.593, 1710 MHz, 2619 MHz, 326.02 W, 700.00 W, 49, 97 %, 0x0000000000000000
2026/10/07 00:22:30.093, 1710 MHz, 2619 MHz, 331.66 W, 700.00 W, 44, 38 %, 0x0000000000000000
2026/10/07 00:22:30.594, 1710 MHz, 2619 MHz, 282.03 W, 700.00 W, 44, 49 %, 0x0000000000000000
2026/10/07 00:22:31.094, 1710 MHz, 2619 MHz, 286.46 W, 700.00 W, 46, 5 %, 0x0000000000000000
2026/10/07 00:22:31.594, 1710 MHz, 2619 MHz, 288.85 W, 700.00 W, 48, 48 %, 0x0000000000000000
2026/10/07 00:22:32.095, 1710 MHz, 2619 MHz, 282.04 W, 700.00 W, 48, 15 %, 0x0000000000000000
2026/10/07 00:22:32.596, 1710 MHz, 2619 MHz, 277.79 W, 700.00 W, 46, 18 %, 0x0000000000000000
2026/10/07 00:22:33.096, 1710 MHz, 2619 MHz, 284.38 W, 700.00 W, 45, 46 %, 0x0000000000000000
2026/10/07 00:22:33.597, 1710 MHz, 2619 MHz, 338.69 W, 700.00 W, 46, 39 %, 0x0000000000000000
2026/10/07 00:22:34.097, 1710 MHz, 2619 MHz, 331.12 W, 700.00 W, 44, 33 %, 0x0000000000000000
2026/10/07 00:22:34.597, 1710 MHz, 2619 MHz, 265.08 W, 700.00 W, 44, 48 %, 0x0000000000000000
2026/10/07 00:22:35.098, 1710 MHz, 2619 MHz, 267.90 W, 700.00 W, 46, 2 %, 0x0000000000000000
2026/10/07 00:22:35.598, 1710 MHz, 2619 MHz, 271.45 W, 700.00 W, 47, 48 %, 0x0000000000000000
2026/10/07 00:22:36.099, 1710 MHz, 2619 MHz, 268.47 W, 700.00 W, 48, 14 %, 0x0000000000000000
2026/10/07 00:22:36.599, 1710 MHz, 2619 MHz, 264.88 W, 700.00 W, 45, 19 %, 0x0000000000000000
2026/10/07 00:22:37.100, 1710 MHz, 2619 MHz, 267.70 W, 700.00 W, 45, 43 %, 0x0000000000000000
2026/10/07 00:22:37.601, 1710 MHz, 2619 MHz, 313.42 W, 700.00 W, 44, 33 %, 0x0000000000000000
2026/10/07 00:22:38.101, 1710 MHz, 2619 MHz, 309.28 W, 700.00 W, 43, 33 %, 0x0000000000000000
2026/10/07 00:22:38.601, 1710 MHz, 2619 MHz, 264.49 W, 700.00 W, 43, 44 %, 0x0000000000000000
2026/10/07 00:22:39.102, 1710 MHz, 2619 MHz, 265.76 W, 700.00 W, 45, 0 %, 0x0000000000000000
2026/10/07 00:22:39.602, 1710 MHz, 2619 MHz, 267.69 W, 700.00 W, 47, 44 %, 0x0000000000000000
2026/10/07 00:22:40.103, 1710 MHz, 2619 MHz, 268.07 W, 700.00 W, 46, 18 %, 0x0000000000000000
2026/10/07 00:22:40.603, 1710 MHz, 2619 MHz, 266.30 W, 700.00 W, 45, 10 %, 0x0000000000000000
2026/10/07 00:22:41.104, 1695 MHz, 2619 MHz, 332.42 W, 700.00 W, 49, 50 %, 0x0000000000000000
2026/10/07 00:22:41.605, 1710 MHz, 2619 MHz, 337.45 W, 700.00 W, 45, 46 %, 0x0000000000000000
2026/10/07 00:22:42.105, 1710 MHz, 2619 MHz, 277.92 W, 700.00 W, 44, 22 %, 0x0000000000000000
2026/10/07 00:22:42.605, 1710 MHz, 2619 MHz, 276.78 W, 700.00 W, 46, 46 %, 0x0000000000000000
2026/10/07 00:22:43.106, 1710 MHz, 2619 MHz, 273.62 W, 700.00 W, 48, 0 %, 0x0000000000000000
2026/10/07 00:22:43.606, 1710 MHz, 2619 MHz, 270.20 W, 700.00 W, 49, 36 %, 0x0000000000000000
2026/10/07 00:22:44.107, 1710 MHz, 2619 MHz, 270.61 W, 700.00 W, 47, 26 %, 0x0000000000000000
2026/10/07 00:22:44.607, 1710 MHz, 2619 MHz, 277.63 W, 700.00 W, 45, 3 %, 0x0000000000000000
2026/10/07 00:22:45.108, 1710 MHz, 2619 MHz, 324.03 W, 700.00 W, 46, 22 %, 0x0000000000000000
2026/10/07 00:22:45.608, 1710 MHz, 2619 MHz, 316.36 W, 700.00 W, 47, 45 %, 0x0000000000000000
2026/10/07 00:22:46.109, 1710 MHz, 2619 MHz, 268.61 W, 700.00 W, 48, 0 %, 0x0000000000000000
2026/10/07 00:22:46.609, 1710 MHz, 2619 MHz, 268.04 W, 700.00 W, 47, 28 %, 0x0000000000000000
2026/10/07 00:22:47.110, 1710 MHz, 2619 MHz, 267.76 W, 700.00 W, 45, 35 %, 0x0000000000000000
2026/10/07 00:22:47.610, 1710 MHz, 2619 MHz, 267.50 W, 700.00 W, 45, 0 %, 0x0000000000000000
2026/10/07 00:22:48.111, 1710 MHz, 2619 MHz, 273.95 W, 700.00 W, 44, 46 %, 0x0000000000000000
2026/10/07 00:22:48.611, 1710 MHz, 2619 MHz, 260.27 W, 700.00 W, 46, 0 %, 0x0000000000000000
2026/10/07 00:22:49.112, 1710 MHz, 2619 MHz, 301.40 W, 700.00 W, 45, 11 %, 0x0000000000000000
2026/10/07 00:22:49.612, 1710 MHz, 2619 MHz, 316.82 W, 700.00 W, 44, 43 %, 0x0000000000000000
2026/10/07 00:22:50.113, 1710 MHz, 2619 MHz, 262.17 W, 700.00 W, 43, 10 %, 0x0000000000000000
2026/10/07 00:22:50.614, 1710 MHz, 2619 MHz, 261.83 W, 700.00 W, 43, 13 %, 0x0000000000000000
2026/10/07 00:22:51.114, 1710 MHz, 2619 MHz, 272.55 W, 700.00 W, 46, 43 %, 0x0000000000000000
2026/10/07 00:22:51.615, 1710 MHz, 2619 MHz, 284.05 W, 700.00 W, 47, 8 %, 0x0000000000000000
2026/10/07 00:22:52.115, 1710 MHz, 2619 MHz, 286.39 W, 700.00 W, 45, 43 %, 0x0000000000000000
2026/10/07 00:22:52.616, 1710 MHz, 2619 MHz, 300.85 W, 700.00 W, 46, 34 %, 0x0000000000000000
2026/10/07 00:22:53.116, 1710 MHz, 2619 MHz, 291.33 W, 700.00 W, 45, 31 %, 0x0000000000000000
2026/10/07 00:22:53.617, 1710 MHz, 2619 MHz, 266.47 W, 700.00 W, 48, 0 %, 0x0000000000000000
2026/10/07 00:22:54.117, 1710 MHz, 2619 MHz, 280.78 W, 700.00 W, 48, 45 %, 0x0000000000000000
2026/10/07 00:22:54.618, 1710 MHz, 2619 MHz, 284.48 W, 700.00 W, 46, 37 %, 0x0000000000000000
2026/10/07 00:22:55.118, 1710 MHz, 2619 MHz, 273.17 W, 700.00 W, 45, 26 %, 0x0000000000000000
2026/10/07 00:22:55.618, 1710 MHz, 2619 MHz, 271.62 W, 700.00 W, 44, 42 %, 0x0000000000000000
2026/10/07 00:22:56.119, 1710 MHz, 2619 MHz, 267.17 W, 700.00 W, 44, 2 %, 0x0000000000000000
2026/10/07 00:22:56.619, 1710 MHz, 2619 MHz, 305.08 W, 700.00 W, 47, 26 %, 0x0000000000000000
2026/10/07 00:22:57.120, 1710 MHz, 2619 MHz, 307.73 W, 700.00 W, 45, 38 %, 0x0000000000000000
2026/10/07 00:22:57.620, 1710 MHz, 2619 MHz, 260.98 W, 700.00 W, 45, 44 %, 0x0000000000000000
2026/10/07 00:22:58.121, 1710 MHz, 2619 MHz, 258.17 W, 700.00 W, 44, 0 %, 0x0000000000000000
2026/10/07 00:22:58.621, 1710 MHz, 2619 MHz, 256.82 W, 700.00 W, 44, 38 %, 0x0000000000000000
2026/10/07 00:22:59.121, 1710 MHz, 2619 MHz, 257.38 W, 700.00 W, 43, 27 %, 0x0000000000000000
2026/10/07 00:22:59.622, 1710 MHz, 2619 MHz, 265.48 W, 700.00 W, 47, 0 %, 0x0000000000000000
2026/10/07 00:23:00.122, 1695 MHz, 2619 MHz, 307.75 W, 700.00 W, 48, 18 %, 0x0000000000000004
2026/10/07 00:23:00.623, 1710 MHz, 2619 MHz, 316.27 W, 700.00 W, 45, 37 %, 0x0000000000000000
2026/10/07 00:23:01.123, 1710 MHz, 2619 MHz, 276.41 W, 700.00 W, 44, 30 %, 0x0000000000000000
2026/10/07 00:23:01.624, 1710 MHz, 2619 MHz, 269.32 W, 700.00 W, 44, 43 %, 0x0000000000000004
2026/10/07 00:23:02.124, 1710 MHz, 2619 MHz, 269.34 W, 700.00 W, 44, 1 %, 0x0000000000000000
2026/10/07 00:23:02.625, 1710 MHz, 2619 MHz, 269.29 W, 700.00 W, 43, 43 %, 0x0000000000000000
2026/10/07 00:23:03.126, 1710 MHz, 2619 MHz, 270.08 W, 700.00 W, 43, 8 %, 0x0000000000000000
2026/10/07 00:23:03.627, 1710 MHz, 2619 MHz, 269.59 W, 700.00 W, 43, 20 %, 0x0000000000000000
2026/10/07 00:23:04.128, 1710 MHz, 2619 MHz, 317.95 W, 700.00 W, 47, 41 %, 0x0000000000000000
2026/10/07 00:23:04.628, 1710 MHz, 2619 MHz, 314.30 W, 700.00 W, 45, 44 %, 0x0000000000000000
2026/10/07 00:23:05.128, 1710 MHz, 2619 MHz, 267.80 W, 700.00 W, 45, 7 %, 0x0000000000000000
2026/10/07 00:23:05.629, 1710 MHz, 2619 MHz, 264.52 W, 700.00 W, 44, 44 %, 0x0000000000000000
2026/10/07 00:23:06.129, 1710 MHz, 2619 MHz, 259.15 W, 700.00 W, 44, 10 %, 0x0000000000000000
2026/10/07 00:23:06.630, 1710 MHz, 2619 MHz, 257.71 W, 700.00 W, 44, 17 %, 0x0000000000000000
2026/10/07 00:23:07.130, 1710 MHz, 2619 MHz, 264.57 W, 700.00 W, 47, 44 %, 0x0000000000000000
2026/10/07 00:23:07.631, 1710 MHz, 2619 MHz, 273.90 W, 700.00 W, 48, 0 %, 0x0000000000000000
2026/10/07 00:23:08.131, 1710 MHz, 2619 MHz, 308.20 W, 700.00 W, 45, 1 %, 0x0000000000000000
2026/10/07 00:23:08.632, 1710 MHz, 2619 MHz, 305.25 W, 700.00 W, 44, 44 %, 0x0000000000000000
2026/10/07 00:23:09.133, 1710 MHz, 2619 MHz, 257.64 W, 700.00 W, 44, 9 %, 0x0000000000000000
2026/10/07 00:23:09.633, 1710 MHz, 2619 MHz, 257.50 W, 700.00 W, 44, 20 %, 0x0000000000000000
2026/10/07 00:23:10.133, 1710 MHz, 2619 MHz, 262.83 W, 700.00 W, 45, 38 %, 0x0000000000000000
2026/10/07 00:23:10.634, 1710 MHz, 2619 MHz, 266.45 W, 700.00 W, 47, 0 %, 0x0000000000000000
2026/10/07 00:23:11.134, 1710 MHz, 2619 MHz, 270.64 W, 700.00 W, 48, 44 %, 0x0000000000000000
2026/10/07 00:23:11.635, 1710 MHz, 2619 MHz, 307.50 W, 700.00 W, 48, 98 %, 0x0000000000000000
2026/10/07 00:23:12.135, 1710 MHz, 2619 MHz, 303.92 W, 700.00 W, 45, 40 %, 0x0000000000000000
2026/10/07 00:23:12.636, 1710 MHz, 2619 MHz, 273.64 W, 700.00 W, 44, 43 %, 0x0000000000000000
2026/10/07 00:23:13.136, 1710 MHz, 2619 MHz, 272.82 W, 700.00 W, 44, 16 %, 0x0000000000000004
2026/10/07 00:23:13.637, 1710 MHz, 2619 MHz, 272.91 W, 700.00 W, 44, 43 %, 0x0000000000000000
2026/10/07 00:23:14.138, 1710 MHz, 2619 MHz, 268.95 W, 700.00 W, 44, 0 %, 0x0000000000000000
2026/10/07 00:23:14.639, 1710 MHz, 2619 MHz, 271.32 W, 700.00 W, 43, 43 %, 0x0000000000000000
2026/10/07 00:23:15.140, 1710 MHz, 2619 MHz, 269.79 W, 700.00 W, 43, 12 %, 0x0000000000000000
2026/10/07 00:23:15.641, 1710 MHz, 2619 MHz, 314.39 W, 700.00 W, 48, 29 %, 0x0000000000000000
2026/10/07 00:23:16.141, 1710 MHz, 2619 MHz, 311.94 W, 700.00 W, 46, 39 %, 0x0000000000000000
2026/10/07 00:23:16.641, 1710 MHz, 2619 MHz, 263.88 W, 700.00 W, 45, 44 %, 0x0000000000000000
2026/10/07 00:23:17.142, 1710 MHz, 2619 MHz, 260.72 W, 700.00 W, 45, 12 %, 0x0000000000000000
2026/10/07 00:23:17.642, 1710 MHz, 2619 MHz, 254.83 W, 700.00 W, 44, 46 %, 0x0000000000000000
2026/10/07 00:23:18.143, 1710 MHz, 2619 MHz, 256.20 W, 700.00 W, 44, 0 %, 0x0000000000000000
2026/10/07 00:23:18.643, 1710 MHz, 2619 MHz, 259.42 W, 700.00 W, 44, 32 %, 0x0000000000000000
2026/10/07 00:23:19.144, 1710 MHz, 2619 MHz, 260.95 W, 700.00 W, 44, 24 %, 0x0000000000000000
2026/10/07 00:23:19.644, 1710 MHz, 2619 MHz, 302.83 W, 700.00 W, 46, 43 %, 0x0000000000000000
2026/10/07 00:23:20.145, 1710 MHz, 2619 MHz, 300.86 W, 700.00 W, 45, 16 %, 0x0000000000000000
2026/10/07 00:23:20.645, 1710 MHz, 2619 MHz, 253.71 W, 700.00 W, 44, 43 %, 0x0000000000000000
2026/10/07 00:23:21.146, 1710 MHz, 2619 MHz, 252.70 W, 700.00 W, 44, 6 %, 0x0000000000000000
2026/10/07 00:23:21.646, 1710 MHz, 2619 MHz, 252.82 W, 700.00 W, 43, 18 %, 0x0000000000000000
2026/10/07 00:23:22.147, 1710 MHz, 2619 MHz, 258.29 W, 700.00 W, 47, 43 %, 0x0000000000000000
2026/10/07 00:23:22.647, 1710 MHz, 2619 MHz, 270.65 W, 700.00 W, 48, 3 %, 0x0000000000000000
2026/10/07 00:23:23.148, 1680 MHz, 2619 MHz, 308.60 W, 700.00 W, 48, 18 %, 0x0000000000000004
2026/10/07 00:23:23.648, 1710 MHz, 2619 MHz, 304.62 W, 700.00 W, 45, 42 %, 0x0000000000000000
2026/10/07 00:23:24.149, 1710 MHz, 2619 MHz, 272.18 W, 700.00 W, 44, 22 %, 0x0000000000000000
2026/10/07 00:23:24.649, 1710 MHz, 2619 MHz, 272.12 W, 700.00 W, 44, 42 %, 0x0000000000000000
2026/10/07 00:23:25.150, 1710 MHz, 2619 MHz, 269.58 W, 700.00 W, 44, 0 %, 0x0000000000000000
2026/10/07 00:23:25.651, 1710 MHz, 2619 MHz, 269.59 W, 700.00 W, 43, 31 %, 0x0000000000000000
2026/10/07 00:23:26.152, 1710 MHz, 2619 MHz, 268.82 W, 700.00 W, 43, 28 %, 0x0000000000000000
2026/10/07 00:23:26.652, 1710 MHz, 2619 MHz, 272.72 W, 700.00 W, 46, 0 %, 0x0000000000000000
2026/10/07 00:23:27.152, 1710 MHz, 2619 MHz, 315.72 W, 700.00 W, 46, 18 %, 0x0000000000000000
2026/10/07 00:23:27.653, 1710 MHz, 2619 MHz, 308.36 W, 700.00 W, 45, 44 %, 0x0000000000000000
2026/10/07 00:23:28.153, 1710 MHz, 2619 MHz, 261.02 W, 700.00 W, 44, 0 %, 0x0000000000000000
2026/10/07 00:23:28.654, 1710 MHz, 2619 MHz, 256.24 W, 700.00 W, 44, 46 %, 0x0000000000000000
2026/10/07 00:23:29.155, 1710 MHz, 2619 MHz, 258.24 W, 700.00 W, 44, 1 %, 0x0000000000000000
2026/10/07 00:23:29.655, 1710 MHz, 2619 MHz, 259.33 W, 700.00 W, 44, 32 %, 0x0000000000000000
2026/10/07 00:23:30.156, 1710 MHz, 2619 MHz, 257.41 W, 700.00 W, 44, 22 %, 0x0000000000000000
2026/10/07 00:23:30.656, 1710 MHz, 2619 MHz, 259.06 W, 700.00 W, 44, 11 %, 0x0000000000000000
2026/10/07 00:23:31.157, 1710 MHz, 2619 MHz, 301.53 W, 700.00 W, 46, 30 %, 0x0000000000000000
2026/10/07 00:23:31.657, 1710 MHz, 2619 MHz, 301.30 W, 700.00 W, 45, 42 %, 0x0000000000000000
2026/10/07 00:23:32.158, 1710 MHz, 2619 MHz, 254.32 W, 700.00 W, 44, 0 %, 0x0000000000000000
2026/10/07 00:23:32.658, 1710 MHz, 2619 MHz, 253.86 W, 700.00 W, 44, 22 %, 0x0000000000000000
2026/10/07 00:23:33.159, 1710 MHz, 2619 MHz, 259.59 W, 700.00 W, 47, 42 %, 0x0000000000000000
2026/10/07 00:23:33.659, 1710 MHz, 2619 MHz, 269.25 W, 700.00 W, 48, 5 %, 0x0000000000000000
2026/10/07 00:23:34.160, 1710 MHz, 2619 MHz, 271.22 W, 700.00 W, 46, 42 %, 0x0000000000000000
2026/10/07 00:23:34.660, 1695 MHz, 2619 MHz, 297.39 W, 700.00 W, 47, 98 %, 0x0000000000000004
2026/10/07 00:23:35.161, 1710 MHz, 2619 MHz, 301.38 W, 700.00 W, 45, 30 %, 0x0000000000000000
2026/10/07 00:23:35.662, 1710 MHz, 2619 MHz, 272.15 W, 700.00 W, 44, 41 %, 0x0000000000000000
2026/10/07 00:23:36.163, 1710 MHz, 2619 MHz, 272.26 W, 700.00 W, 43, 0 %, 0x0000000000000000
2026/10/07 00:23:36.663, 1710 MHz, 2619 MHz, 270.79 W, 700.00 W, 43, 17 %, 0x0000000000000000
2026/10/07 00:23:37.164, 1710 MHz, 2619 MHz, 278.29 W, 700.00 W, 46, 41 %, 0x0000000000000000
2026/10/07 00:23:37.664, 1710 MHz, 2619 MHz, 287.08 W, 700.00 W, 47, 14 %, 0x0000000000000000
2026/10/07 00:23:38.164, 1710 MHz, 2619 MHz, 289.69 W, 700.00 W, 45, 41 %, 0x0000000000000000
2026/10/07 00:23:38.665, 1710 MHz, 2619 MHz, 297.12 W, 700.00 W, 45, 24 %, 0x0000000000000000
2026/10/07 00:23:39.166, 1710 MHz, 2619 MHz, 286.95 W, 700.00 W, 44, 29 %, 0x0000000000000000
2026/10/07 00:23:39.666, 1710 MHz, 2619 MHz, 260.27 W, 700.00 W, 46, 4 %, 0x0000000000000000
2026/10/07 00:23:40.167, 1710 MHz, 2619 MHz, 264.77 W, 700.00 W, 47, 43 %, 0x0000000000000000
2026/10/07 00:23:40.667, 1710 MHz, 2619 MHz, 268.13 W, 700.00 W, 48, 0 %, 0x0000000000000000
2026/10/07 00:23:41.167, 1710 MHz, 2619 MHz, 273.48 W, 700.00 W, 49, 43 %, 0x0000000000000000
2026/10/07 00:23:41.668, 1710 MHz, 2619 MHz, 268.63 W, 700.00 W, 48, 16 %, 0x0000000000000000
2026/10/07 00:23:42.168, 1710 MHz, 2619 MHz, 275.13 W, 700.00 W, 49, 43 %, 0x0000000000000000
2026/10/07 00:23:42.669, 1710 MHz, 2619 MHz, 282.42 W, 700.00 W, 45, 38 %, 0x0000000000000000
2026/10/07 00:23:43.169, 1710 MHz, 2619 MHz, 269.38 W, 700.00 W, 44, 16 %, 0x0000000000000000
2026/10/07 00:23:43.670, 1710 MHz, 2619 MHz, 258.08 W, 700.00 W, 44, 17 %, 0x0000000000000000
2026/10/07 00:23:44.170, 1710 MHz, 2619 MHz, 264.95 W, 700.00 W, 45, 38 %, 0x0000000000000000
2026/10/07 00:23:44.671, 1710 MHz, 2619 MHz, 266.28 W, 700.00 W, 47, 0 %, 0x0000000000000000
2026/10/07 00:23:45.171, 1710 MHz, 2619 MHz, 272.12 W, 700.00 W, 48, 43 %, 0x0000000000000000
2026/10/07 00:23:45.672, 1710 MHz, 2619 MHz, 267.57 W, 700.00 W, 49, 8 %, 0x0000000000000000
2026/10/07 00:23:46.172, 1650 MHz, 2619 MHz, 292.31 W, 700.00 W, 49, 0 %, 0x0000000000000004
2026/10/07 00:23:46.673, 1710 MHz, 2619 MHz, 303.04 W, 700.00 W, 47, 14 %, 0x0000000000000000
2026/10/07 00:23:47.173, 1710 MHz, 2619 MHz, 281.89 W, 700.00 W, 45, 42 %, 0x0000000000000000
2026/10/07 00:23:47.673, 1710 MHz, 2619 MHz, 270.59 W, 700.00 W, 44, 41 %, 0x0000000000000000
2026/10/07 00:23:48.175, 1710 MHz, 2619 MHz, 267.43 W, 700.00 W, 44, 12 %, 0x0000000000000004
2026/10/07 00:23:48.676, 1710 MHz, 2619 MHz, 267.44 W, 700.00 W, 44, 42 %, 0x0000000000000000
2026/10/07 00:23:49.176, 1710 MHz, 2619 MHz, 271.52 W, 700.00 W, 43, 5 %, 0x0000000000000000
2026/10/07 00:23:49.677, 1710 MHz, 2619 MHz, 276.99 W, 700.00 W, 43, 18 %, 0x0000000000000000
2026/10/07 00:23:50.177, 1710 MHz, 2619 MHz, 319.51 W, 700.00 W, 47, 38 %, 0x0000000000000000
2026/10/07 00:23:50.678, 1710 MHz, 2619 MHz, 310.77 W, 700.00 W, 46, 43 %, 0x0000000000000000
2026/10/07 00:23:51.178, 1710 MHz, 2619 MHz, 260.08 W, 700.00 W, 45, 23 %, 0x0000000000000000
2026/10/07 00:23:51.679, 1710 MHz, 2619 MHz, 259.60 W, 700.00 W, 45, 43 %, 0x0000000000000000
2026/10/07 00:23:52.179, 1710 MHz, 2619 MHz, 256.19 W, 700.00 W, 44, 10 %, 0x0000000000000000
2026/10/07 00:23:52.680, 1710 MHz, 2619 MHz, 257.14 W, 700.00 W, 44, 43 %, 0x0000000000000000
2026/10/07 00:23:53.180, 1710 MHz, 2619 MHz, 256.53 W, 700.00 W, 44, 0 %, 0x0000000000000000
2026/10/07 00:23:53.681, 1710 MHz, 2619 MHz, 255.41 W, 700.00 W, 44, 43 %, 0x0000000000000000
2026/10/07 00:23:54.181, 1710 MHz, 2619 MHz, 302.46 W, 700.00 W, 50, 45 %, 0x0000000000000000
2026/10/07 00:23:54.682, 1710 MHz, 2619 MHz, 305.08 W, 700.00 W, 48, 15 %, 0x0000000000000000
2026/10/07 00:23:55.182, 1710 MHz, 2619 MHz, 254.59 W, 700.00 W, 46, 42 %, 0x0000000000000000
2026/10/07 00:23:55.683, 1710 MHz, 2619 MHz, 253.74 W, 700.00 W, 45, 38 %, 0x0000000000000000
2026/10/07 00:23:56.183, 1710 MHz, 2619 MHz, 254.90 W, 700.00 W, 45, 30 %, 0x0000000000000000
2026/10/07 00:23:56.684, 1710 MHz, 2619 MHz, 251.40 W, 700.00 W, 44, 43 %, 0x0000000000000000
2026/10/07 00:23:57.184, 1710 MHz, 2619 MHz, 253.07 W, 700.00 W, 44, 7 %, 0x0000000000000000
2026/10/07 00:23:57.685, 1710 MHz, 2619 MHz, 242.34 W, 700.00 W, 43, 0 %, 0x0000000000000000
2026/10/07 00:23:58.185, 1710 MHz, 2619 MHz, 215.53 W, 700.00 W, 41, 0 %, 0x0000000000000000
2026/10/07 00:23:58.686, 1710 MHz, 2619 MHz, 160.12 W, 700.00 W, 40, 0 %, 0x0000000000000000
2026/10/07 00:23:59.186, 1710 MHz, 2619 MHz, 116.58 W, 700.00 W, 39, 0 %, 0x0000000000000000
2026/10/07 00:23:59.686, 1710 MHz, 2619 MHz, 115.94 W, 700.00 W, 38, 0 %, 0x0000000000000000
2026/10/07 00:24:00.187, 1710 MHz, 2619 MHz, 115.69 W, 700.00 W, 38, 0 %, 0x0000000000000000
2026/10/07 00:24:00.687, 1710 MHz, 2619 MHz, 115.95 W, 700.00 W, 38, 0 %, 0x0000000000000000
2026/10/07 00:24:01.188, 1710 MHz, 2619 MHz, 117.04 W, 700.00 W, 38, 0 %, 0x0000000000000000
